id,google_id,enable,display_name,address,latitude,longitude,notification_text,google_maps_review_url,country_id,business_branch_id
1,ChIJ1BA0A1A8,1,Daily Bread - Main Branch,C. de Humberto Salcedo 74,40.482883,-3.635793,You are near Daily Bread. Come earn points!,https://g.page/r/7b327dca,1,1
2,ChIJF439B3AA,1,Daily Bread - City Center,Camino de Gabino Múñiz 11,37.910451,-4.776231,You are near Daily Bread. Come earn points!,https://g.page/r/f8e611cb,1,2
3,ChIJEEB3497D,1,TechCorner - Main Branch,Andador Querétaro 176 Interior 064,32.502703,-116.98399,You are near TechCorner. Come earn points!,https://g.page/r/9d13a89c,2,3
4,ChIJ9175F6BE,1,TechCorner - City Center,"Avenida Sonora 589 Edif. 863 , Depto. 032",21.892505,-102.318395,You are near TechCorner. Come earn points!,https://g.page/r/716a3b7c,2,4
5,ChIJE078A671,1,Daily Market - Main Branch,Vial de Odalys Montoya 264,38.318917,-0.502818,You are near Daily Market. Come earn points!,https://g.page/r/86780d00,1,5
6,ChIJ65D474E7,1,Daily Market - South,Rambla Vilma Agustín 9 Piso 6 ,42.815169,-2.668109,You are near Daily Market. Come earn points!,https://g.page/r/03efaa81,1,6
7,ChIJ9965BB83,1,LangCorner - Main Branch,Plaza de Ruben Caparrós 46,37.127561,-3.612449,You are near LangCorner. Come earn points!,https://g.page/r/4ee701f8,1,7
8,ChIJD1EE1C5A,1,LangCorner - University,Paseo Toribio Borrego 779 Piso 1 ,41.610719,-4.71778,You are near LangCorner. Come earn points!,https://g.page/r/1157bd8d,1,8
9,ChIJB8E0D123,1,LangCorner - Market,C. Mateo Verdugo 540,37.904546,-4.7871,You are near LangCorner. Come earn points!,https://g.page/r/36b2a201,1,9
10,ChIJ1AB45386,1,LangCorner - Suburbs,Rambla Emiliana Blazquez 750 Piso 9 ,41.702274,-0.849581,You are near LangCorner. Come earn points!,https://g.page/r/91f157fe,1,10
11,ChIJ8429CD83,1,SmilePoint - Main Branch,"Pasaje Díaz 710 Edif. 142 , Depto. 218",31.728556,-106.370664,You are near SmilePoint. Come earn points!,https://g.page/r/9fc59bc6,2,11
12,ChIJ1B3B41E8,1,SmilePoint - Business District,Eje vial Báez 578 950,20.594176,-103.372171,You are near SmilePoint. Come earn points!,https://g.page/r/e2bd41eb,2,12
13,ChIJ4968D5F8,1,SmilePoint - East,Periférico Gallardo 415 Interior 727,21.915643,-102.237817,You are near SmilePoint. Come earn points!,https://g.page/r/4b137eab,2,13
14,ChIJ6EF5854F,1,SmilePoint - Suburbs,Corredor República de Corea 777 424,21.229869,-86.88125,You are near SmilePoint. Come earn points!,https://g.page/r/df3cd719,2,14
15,ChIJ2EA62D65,1,SmilePoint - Harbor,Calzada Miranda 977 Interior 393,20.660634,-103.375285,You are near SmilePoint. Come earn points!,https://g.page/r/7db8b05a,2,15
16,ChIJ370E9E01,1,SmilePoint - City Center,"Ampliación Gutiérrez 158 Edif. 949 , Depto. 412",21.157986,-101.729596,You are near SmilePoint. Come earn points!,https://g.page/r/53afcfa3,2,16
17,ChIJD4D23E4A,1,ActiveLife - Main Branch,Pasaje Cintia Torres 33 Apt. 29 ,40.470645,-3.697409,You are near ActiveLife. Come earn points!,https://g.page/r/09f97947,1,17
18,ChIJ239DD909,1,ActiveLife - South,Rambla de Toño Tomé 2 Apt. 35 ,43.226788,-2.896618,You are near ActiveLife. Come earn points!,https://g.page/r/0e4cb75b,1,18
19,ChIJA651E764,1,BrightEyes - Main Branch,Pasaje Sur Chávez 383 Interior 196,21.874184,-102.290262,You are near BrightEyes. Come earn points!,https://g.page/r/a8a6d762,2,19
20,ChIJ2E4B4BEF,1,CarePharm - Main Branch,Via Rosalinda Gutierrez 77,38.283392,-0.498783,You are near CarePharm. Come earn points!,https://g.page/r/6cad5ac2,1,20
21,ChIJ0A27E73E,1,CarePharm - South,Plaza Gonzalo Tenorio 638 Apt. 79 ,41.65305,-4.776666,You are near CarePharm. Come earn points!,https://g.page/r/396a3697,1,21
22,ChIJ9DA1BC4D,1,CarePharm - East,Via Cecilio Castañeda 99,37.909135,-4.831535,You are near CarePharm. Come earn points!,https://g.page/r/8313c0e3,1,22
23,ChIJDE83F42A,1,CarePharm - Station,Avenida de Rubén Anaya 37,43.273141,-3.00427,You are near CarePharm. Come earn points!,https://g.page/r/f4d91c3d,1,23
24,ChIJ5F20E2C9,1,Daily Bread - Main Branch,"Corredor Puga 828 Edif. 410 , Depto. 142",21.189613,-101.639246,You are near Daily Bread. Come earn points!,https://g.page/r/d5cd23a1,2,24
25,ChIJ25AEE3CC,1,Tokyo Table - Main Branch,Cuesta Toño Ponce 98,28.133184,-15.380793,You are near Tokyo Table. Come earn points!,https://g.page/r/b8316acb,1,25
26,ChIJ249A6686,1,Tokyo Table - South,Ronda Amor Canals 63 Puerta 0 ,41.675173,-4.675771,You are near Tokyo Table. Come earn points!,https://g.page/r/31da9673,1,26
27,ChIJ30EB8069,1,Tokyo Table - West,Cañada de Pepe Machado 30 Apt. 96 ,37.368047,-6.014165,You are near Tokyo Table. Come earn points!,https://g.page/r/4224b911,1,27
28,ChIJ5EEA101A,1,The Bakehouse - Main Branch,"Circunvalación Norte Ávalos 118 Edif. 552 , Depto. 534",29.146111,-110.966813,You are near The Bakehouse. Come earn points!,https://g.page/r/94b5f41a,2,28
29,ChIJ7D2373B2,1,Mocha House - Main Branch,"Privada Alemania 324 Edif. 519 , Depto. 329",25.716009,-100.313247,You are near Mocha House. Come earn points!,https://g.page/r/a21acbf8,2,29
30,ChIJ614F240D,1,Mocha House - East,Eje vial Sur de la Crúz 753 Interior 267,18.985732,-98.203697,You are near Mocha House. Come earn points!,https://g.page/r/855cd444,2,30
31,ChIJ69B9FB5F,1,Daily Flow - Main Branch,Calle de Ana Belén Fabra 50 Apt. 97 ,37.434198,-6.003423,You are near Daily Flow. Come earn points!,https://g.page/r/5f89b611,1,31
32,ChIJ2AD40FC5,1,FurEver - Main Branch,Rambla de Inmaculada Pinedo 27,41.335517,2.162597,You are near FurEver. Come earn points!,https://g.page/r/437f566a,1,32
33,ChIJ3727928F,1,FurEver - West,Vial de Luisa Portillo 12,36.661473,-4.481293,You are near FurEver. Come earn points!,https://g.page/r/e4cf4410,1,33
34,ChIJ4A3A8FCC,1,FurEver - Airport,Plaza Abigaíl Sainz 40 Piso 5 ,37.125209,-3.63893,You are near FurEver. Come earn points!,https://g.page/r/b8c9292a,1,34
35,ChIJD22E70B7,1,FurEver - Beachfront,Glorieta Ramiro Figueroa 31,41.366701,2.176676,You are near FurEver. Come earn points!,https://g.page/r/0f9da50d,1,35
36,ChIJ7E0D9AA0,1,La Piazza - Main Branch,Calle Sinaloa 275 800,20.596256,-100.349965,You are near La Piazza. Come earn points!,https://g.page/r/1c767643,2,36
37,ChIJBBD4626A,1,La Piazza - Downtown,Circunvalación Campeche 682 Interior 370,32.629917,-115.468164,You are near La Piazza. Come earn points!,https://g.page/r/d6327637,2,37
38,ChIJ9893F935,1,La Piazza - Harbor,Prolongación Núñez 076 Interior 520,31.759512,-106.397537,You are near La Piazza. Come earn points!,https://g.page/r/e79a7752,2,38
39,ChIJ74834AF3,1,La Piazza - Market,"Eje vial Sur Ávila 910 Edif. 419 , Depto. 730",20.99944,-89.634631,You are near La Piazza. Come earn points!,https://g.page/r/bd66c9fb,2,39
40,ChIJ224C1A15,1,La Piazza - Central,"Circunvalación Norte Borrego 331 Edif. 176 , Depto. 222",25.636208,-100.368203,You are near La Piazza. Come earn points!,https://g.page/r/f4410a92,2,40
41,ChIJCABE9C8F,1,La Piazza - Old Town,Pasaje Dominicana 901 838,21.87908,-102.225476,You are near La Piazza. Come earn points!,https://g.page/r/c4321ee3,2,41
42,ChIJF71AB5CD,1,La Piazza - Airport,Ampliación Sonora 141 601,21.211858,-86.904472,You are near La Piazza. Come earn points!,https://g.page/r/8b723ea1,2,42
43,ChIJFBA08441,1,AutoSpa - Main Branch,Glorieta de Celso Alcolea 42 Puerta 7 ,37.382761,-6.049435,You are near AutoSpa. Come earn points!,https://g.page/r/80412bfb,1,43
44,ChIJ32DD8B08,1,AutoSpa - Station,Via Yago Toledo 70 Apt. 62 ,39.53217,-0.394294,You are near AutoSpa. Come earn points!,https://g.page/r/4c6732a3,1,44
45,ChIJBEBC5C75,1,Book & Bean - Main Branch,Callejón de Olivia Grau 93 Piso 5 ,41.399224,2.160207,You are near Book & Bean. Come earn points!,https://g.page/r/297f771c,1,45
46,ChIJAF251358,1,The Bakehouse - Main Branch,Retorno Verdugo 925 Interior 784,20.640742,-103.378457,You are near The Bakehouse. Come earn points!,https://g.page/r/d8c8d87d,2,46
47,ChIJ9C87D567,1,The Bakehouse - Mall Branch,Boulevard Norte Zaragoza 775 Interior 910,21.112463,-86.868995,You are near The Bakehouse. Come earn points!,https://g.page/r/989e0d23,2,47
48,ChIJ1EACB82C,1,The Bakehouse - South,Circunvalación Hidalgo 066 501,21.094456,-101.68397,You are near The Bakehouse. Come earn points!,https://g.page/r/42d5c275,2,48
49,ChIJ615626A5,1,The Bakehouse - Downtown,"Andador Sur Lucio 598 Edif. 884 , Depto. 937",29.052002,-110.937269,You are near The Bakehouse. Come earn points!,https://g.page/r/9533d5d4,2,49
50,ChIJB65EEB31,1,Sunrise Cafe - Main Branch,Peatonal Sur Alcala 034 577,31.626811,-106.368805,You are near Sunrise Cafe. Come earn points!,https://g.page/r/7ca6c1ad,2,50
51,ChIJE5A07AFF,1,The Fork - Main Branch,Ampliación Benin 713 926,24.778688,-107.438369,You are near The Fork. Come earn points!,https://g.page/r/acdc55b3,2,51
52,ChIJ2263C331,1,The Fork - Midtown,Continuación Cortés 927 972,21.883431,-102.343874,You are near The Fork. Come earn points!,https://g.page/r/301d8f01,2,52
53,ChIJE7C21D4A,1,The Fork - Harbor,Prolongación Yucatán 658 445,21.061459,-101.745744,You are near The Fork. Come earn points!,https://g.page/r/d2e90a94,2,53
54,ChIJ5792E8E0,1,Wrap & Roll - Main Branch,Camino de Dorita Macias 6 Piso 7 ,37.993228,-1.120793,You are near Wrap & Roll. Come earn points!,https://g.page/r/d70b2976,1,54
55,ChIJ81815ECE,1,Wrap & Roll - Market,Pasaje de Pepita Velasco 8 Puerta 0 ,37.154295,-3.616177,You are near Wrap & Roll. Come earn points!,https://g.page/r/0c3f000d,1,55
56,ChIJ1ABDBBDD,1,PourMore - Main Branch,Cañada de Adolfo Trillo 94,42.876805,-2.657201,You are near PourMore. Come earn points!,https://g.page/r/2a377bd5,1,56
57,ChIJ27EAF8E9,1,PourMore - Station,Cañada de Samu Torrents 62,37.837393,-4.759896,You are near PourMore. Come earn points!,https://g.page/r/51a1fc23,1,57
58,ChIJ36694705,1,Street Eats - Main Branch,Avenida Norte Zúñiga 719 Interior 410,29.09499,-110.98413,You are near Street Eats. Come earn points!,https://g.page/r/a2abc50c,2,58
59,ChIJ521D2F64,1,Street Eats - Beachfront,Pasaje Japón 708 712,32.694901,-115.525496,You are near Street Eats. Come earn points!,https://g.page/r/079c48a6,2,59
60,ChIJB6491E9F,1,Street Eats - West,"Eje vial Coahuila de Zaragoza 708 Edif. 589 , Depto. 069",20.61103,-100.401652,You are near Street Eats. Come earn points!,https://g.page/r/484f3270,2,60
61,ChIJ3E4E7E0E,1,Mode & Co - Main Branch,"Periférico Sur Urbina 175 Edif. 157 , Depto. 902",19.097034,-98.22854,You are near Mode & Co. Come earn points!,https://g.page/r/aceb37ad,2,61
62,ChIJ178C85D3,1,Mode & Co - Old Town,Diagonal Norte Salazar 361 Interior 113,19.496131,-99.078394,You are near Mode & Co. Come earn points!,https://g.page/r/3bfdac4b,2,62
63,ChIJ5B68011C,1,Mode & Co - Central,"Diagonal Otero 999 Edif. 942 , Depto. 373",21.853833,-102.348606,You are near Mode & Co. Come earn points!,https://g.page/r/fdd3320f,2,63
64,ChIJ58F61975,1,Mode & Co - Harbor,"Boulevard Yucatán 702 Edif. 351 , Depto. 442",25.715009,-100.305921,You are near Mode & Co. Come earn points!,https://g.page/r/266c9bf1,2,64
65,ChIJAFD001F4,1,Mode & Co - City Center,Privada Sur Alfaro 365 Interior 234,29.140023,-111.003761,You are near Mode & Co. Come earn points!,https://g.page/r/239e4314,2,65
66,ChIJ521D2C55,1,Mode & Co - University,Pasaje Solorio 283 625,22.096329,-100.976691,You are near Mode & Co. Come earn points!,https://g.page/r/6b504fc0,2,66
67,ChIJ69A1934C,1,Mode & Co - Mall Branch,Pasaje Sur Cuellar 535 Interior 298,19.104724,-98.200143,You are near Mode & Co. Come earn points!,https://g.page/r/9e415a59,2,67
68,ChIJ003F6B54,1,Mode & Co - West,Calzada Tabasco 155 051,29.039402,-110.967166,You are near Mode & Co. Come earn points!,https://g.page/r/a87e1c5b,2,68
69,ChIJ8705983B,1,The Bakehouse - Main Branch,Glorieta Flavia Landa 23 Apt. 15 ,37.424078,-5.983631,You are near The Bakehouse. Come earn points!,https://g.page/r/ebbfde64,1,69
70,ChIJ02DFC32F,1,Snappy Meals - Main Branch,Cañada Américo Blanco 8 Apt. 70 ,40.36284,-3.641935,You are near Snappy Meals. Come earn points!,https://g.page/r/046e5c32,1,70
71,ChIJCEF47E29,1,Snappy Meals - University,Vial Flora Cortés 79 Piso 7 ,39.534733,-0.407505,You are near Snappy Meals. Come earn points!,https://g.page/r/dadcc05e,1,71
72,ChIJ4377CAC5,1,Snappy Meals - Old Town,Via Silvestre Boada 39 Piso 8 ,37.35334,-5.955214,You are near Snappy Meals. Come earn points!,https://g.page/r/2a9af363,1,72
73,ChIJ995AE96B,1,The Coffee Spot - Main Branch,Corredor Tailandia 353 Interior 002,24.820137,-107.452149,You are near The Coffee Spot. Come earn points!,https://g.page/r/40452a20,2,73
74,ChIJADF3D505,1,The Coffee Spot - Central,Ampliación San Luis Potosí 754 387,21.17596,-86.864748,You are near The Coffee Spot. Come earn points!,https://g.page/r/2c7c4562,2,74
75,ChIJF389AD15,1,The Coffee Spot - Mall Branch,Pasaje Puebla 529 Interior 032,19.430806,-99.072261,You are near The Coffee Spot. Come earn points!,https://g.page/r/c94c4306,2,75
76,ChIJ61DAA436,1,The Coffee Spot - University,Calle Sri Lanka 978 012,21.113182,-101.693909,You are near The Coffee Spot. Come earn points!,https://g.page/r/658b9799,2,76
77,ChIJEEAD633F,1,The Coffee Spot - Airport,Circuito Durango 743 191,32.666906,-115.484518,You are near The Coffee Spot. Come earn points!,https://g.page/r/548ade61,2,77
78,ChIJ8C8811EC,1,Casa Blanca - Main Branch,Plaza Fermín Posada 3 Apt. 25 ,41.33105,2.116907,You are near Casa Blanca. Come earn points!,https://g.page/r/96e10536,1,78
79,ChIJFDD1F2FA,1,FitBase - Main Branch,"Retorno Jalisco 476 Edif. 846 , Depto. 352",25.655949,-100.360426,You are near FitBase. Come earn points!,https://g.page/r/a203ea2d,2,79
80,ChIJ71263D08,1,The Dental Studio - Main Branch,Via de Hernando Pons 480,37.830548,-4.806049,You are near The Dental Studio. Come earn points!,https://g.page/r/80ddcbf8,1,80
81,ChIJF7777DD4,1,The Dental Studio - Airport,Plaza Eric Ibáñez 88 Piso 6 ,36.745005,-4.481752,You are near The Dental Studio. Come earn points!,https://g.page/r/46fadbde,1,81
82,ChIJ33FF2AC7,1,The Dental Studio - East,Plaza de Merche Araujo 82,41.603404,-0.859138,You are near The Dental Studio. Come earn points!,https://g.page/r/70d6b2de,1,82
83,ChIJC0288464,1,TailWag - Main Branch,Circunvalación Querétaro 567 Interior 650,32.498592,-117.063194,You are near TailWag. Come earn points!,https://g.page/r/28621f6e,2,83
84,ChIJ1F859E8E,1,ShineStop - Main Branch,Pasadizo de Narcisa Rosado 82,36.775022,-4.453889,You are near ShineStop. Come earn points!,https://g.page/r/1af24a18,1,84
85,ChIJ994DDBEB,1,ShineStop - Beachfront,Glorieta Bienvenida Sedano 54,42.90193,-2.734737,You are near ShineStop. Come earn points!,https://g.page/r/1fa175c4,1,85
86,ChIJ2929717B,1,ShineStop - West,Cañada de Ileana Lucena 1,37.424299,-5.971956,You are near ShineStop. Come earn points!,https://g.page/r/17572508,1,86
87,ChIJC56CE3F8,1,RollMaster - Main Branch,"Corredor Sur Valadez 413 Edif. 616 , Depto. 282",20.968207,-89.622381,You are near RollMaster. Come earn points!,https://g.page/r/c7461817,2,87
88,ChIJ6714C6C0,1,RollMaster - City Center,Privada Villareal 605 101,20.6267,-103.374433,You are near RollMaster. Come earn points!,https://g.page/r/9d70e705,2,88
89,ChIJFA344C60,1,RollMaster - Uptown,Andador Sur Tejeda 981 Interior 143,21.147991,-86.853216,You are near RollMaster. Come earn points!,https://g.page/r/1201b0e4,2,89
90,ChIJF9D1418B,1,RollMaster - Central,Andador Ulloa 492 Interior 860,31.708696,-106.366077,You are near RollMaster. Come earn points!,https://g.page/r/8dd3fbb8,2,90
91,ChIJFA1115E4,1,RollMaster - Airport,"Retorno Brasil 669 Edif. 875 , Depto. 176",19.399682,-99.068114,You are near RollMaster. Come earn points!,https://g.page/r/afd1d28e,2,91
92,ChIJ71C29E74,1,Cloth & Co - Main Branch,Ronda Eligia Cerro 55 Piso 6 ,41.596211,-4.687183,You are near Cloth & Co. Come earn points!,https://g.page/r/564d5139,1,92
93,ChIJFC778EF1,1,Sushi Corner - Main Branch,Calle Fabiola Montero 56 Apt. 80 ,41.69193,-4.751354,You are near Sushi Corner. Come earn points!,https://g.page/r/e123f4cc,1,93
94,ChIJCBE73321,1,Sushi Corner - University,Rambla Pilar Barranco 33 Piso 9 ,36.712438,-4.371521,You are near Sushi Corner. Come earn points!,https://g.page/r/e2ebf547,1,94
95,ChIJF5F958D8,1,PowerHouse - Main Branch,Peatonal Michoacán de Ocampo 294 011,21.119484,-86.785492,You are near PowerHouse. Come earn points!,https://g.page/r/e654865a,2,95
96,ChIJ79A93697,1,SmilePoint - Main Branch,Ampliación Veracruz de Ignacio de la Llave 083 Interior 974,21.127662,-101.728454,You are near SmilePoint. Come earn points!,https://g.page/r/0b117043,2,96
97,ChIJCD20FFAF,1,SmilePoint - Station,Cerrada Bolivia 289 Interior 813,19.046255,-98.216675,You are near SmilePoint. Come earn points!,https://g.page/r/3db18ede,2,97
98,ChIJCB17B90D,1,SmilePoint - Beachfront,Corredor Norte del Valle 083 Interior 481,24.816721,-107.458149,You are near SmilePoint. Come earn points!,https://g.page/r/52eff5ca,2,98
99,ChIJE02D597D,1,PharmaPoint - Main Branch,Diagonal Hidalgo 855 Interior 598,32.658051,-115.421888,You are near PharmaPoint. Come earn points!,https://g.page/r/fd55dc38,2,99
100,ChIJ1A2C7A68,1,EasyTalk - Main Branch,Calle Senegal 848 Interior 447,32.535428,-117.084567,You are near EasyTalk. Come earn points!,https://g.page/r/99d8617a,2,100
101,ChIJFAE9FCA5,1,EasyTalk - Old Town,Diagonal Zambia 927 159,19.492691,-99.135494,You are near EasyTalk. Come earn points!,https://g.page/r/9650ca70,2,101
102,ChIJ5CF18EFA,1,EasyTalk - East,"Pasaje México 070 Edif. 513 , Depto. 612",20.553124,-100.3638,You are near EasyTalk. Come earn points!,https://g.page/r/083d2121,2,102
103,ChIJ3E79C349,1,EasyTalk - Downtown,"Corredor Chiapas 533 Edif. 787 , Depto. 257",21.169941,-101.722214,You are near EasyTalk. Come earn points!,https://g.page/r/47c3ea74,2,103
104,ChIJ1BB3D722,1,EasyTalk - Market,Corredor Barraza 807 Interior 413,32.664446,-115.531632,You are near EasyTalk. Come earn points!,https://g.page/r/7c164c02,2,104
105,ChIJEBA67213,1,EasyTalk - Beachfront,Peatonal Distrito Federal 583 778,21.889773,-102.351209,You are near EasyTalk. Come earn points!,https://g.page/r/7b29da2c,2,105
106,ChIJ315B606C,1,The Dental Studio - Main Branch,"Continuación Hidalgo 758 Edif. 857 , Depto. 890",20.644343,-103.401783,You are near The Dental Studio. Come earn points!,https://g.page/r/90f71e05,2,106
107,ChIJ45C9A647,1,The Dental Studio - West,"Pasaje Romero 535 Edif. 605 , Depto. 623",25.71751,-100.246165,You are near The Dental Studio. Come earn points!,https://g.page/r/0b19d186,2,107
108,ChIJ9A61C5CE,1,Wrap & Roll - Main Branch,Circunvalación Norte Llamas 479 488,24.799475,-107.378538,You are near Wrap & Roll. Come earn points!,https://g.page/r/179db9d1,2,108
109,ChIJCE8AA024,1,Wrap & Roll - Harbor,Retorno Norte Gaitán 055 744,29.076563,-110.951506,You are near Wrap & Roll. Come earn points!,https://g.page/r/552a17db,2,109
110,ChIJ04D44C0A,1,SightLine - Main Branch,Cerrada Montaño 032 Interior 302,21.140924,-101.61485,You are near SightLine. Come earn points!,https://g.page/r/aa563bb6,2,110
111,ChIJ699A6D12,1,SightLine - Downtown,"Calzada Yucatán 589 Edif. 298 , Depto. 728",21.878381,-102.32657,You are near SightLine. Come earn points!,https://g.page/r/5dc1790c,2,111
112,ChIJC00FD45B,1,SmilePoint - Main Branch,Glorieta Paola Sáenz 91 Piso 6 ,41.625828,-0.894628,You are near SmilePoint. Come earn points!,https://g.page/r/57f425c4,1,112
113,ChIJD8EDE9F3,1,SmilePoint - Old Town,Vial de Dolores Herrera 33,28.099984,-15.378037,You are near SmilePoint. Come earn points!,https://g.page/r/adb99e25,1,113
114,ChIJF3FC9B06,1,SmilePoint - Business District,Camino Salomé Gabaldón 92 Apt. 93 ,39.490502,-0.445713,You are near SmilePoint. Come earn points!,https://g.page/r/72655680,1,114
115,ChIJ85D9D88B,1,BottleShop - Main Branch,Ronda de Aurelio Llorens 97 Piso 9 ,37.913599,-1.198659,You are near BottleShop. Come earn points!,https://g.page/r/0bf836c3,1,115
116,ChIJ7748FE27,1,BottleShop - Beachfront,Calle de Lisandro Tamarit 837,39.457843,-0.320662,You are near BottleShop. Come earn points!,https://g.page/r/1ab06b3a,1,116
117,ChIJ321DDDB2,1,Daily Market - Main Branch,Callejón de Ofelia Palmer 53 Piso 2 ,38.343457,-0.496009,You are near Daily Market. Come earn points!,https://g.page/r/01f7a16f,1,117
118,ChIJ29636FBF,1,Daily Market - West,Pasadizo de Ildefonso Valls 38 Piso 3 ,41.425223,2.193874,You are near Daily Market. Come earn points!,https://g.page/r/087b73ce,1,118
119,ChIJ4267762F,1,Daily Market - Market,Via de Elena Artigas 703 Apt. 71 ,41.390411,2.22796,You are near Daily Market. Come earn points!,https://g.page/r/965a2649,1,119
120,ChIJ7D8E37C2,1,Daily Market - University,Pasadizo de Luz Gordillo 7,42.870026,-2.647886,You are near Daily Market. Come earn points!,https://g.page/r/ed1dfa04,1,120
121,ChIJ963D695C,1,Daily Market - East,Via de Marc Godoy 755 Apt. 94 ,41.714085,-0.906307,You are near Daily Market. Come earn points!,https://g.page/r/6323fadd,1,121
122,ChIJA91085AB,1,Daily Market - Station,Glorieta de Eusebio Pérez 5,28.104115,-15.481194,You are near Daily Market. Come earn points!,https://g.page/r/d1250709,1,122
123,ChIJA30791FD,1,Daily Market - Old Town,Camino Cruz Grau 78,37.931662,-4.711269,You are near Daily Market. Come earn points!,https://g.page/r/a8b5c478,1,123
124,ChIJ46EEDDF7,1,The Fork - Main Branch,Callejón de Melania Mínguez 45 Piso 6 ,41.379777,2.234075,You are near The Fork. Come earn points!,https://g.page/r/892db21f,1,124
125,ChIJC616F69D,1,The Fork - West,Pasadizo de Joel Cáceres 92 Apt. 25 ,37.914311,-1.09596,You are near The Fork. Come earn points!,https://g.page/r/b6174be6,1,125
126,ChIJF6D860DF,1,Daily Market - Main Branch,"Calle Zacatecas 446 Edif. 028 , Depto. 399",29.071359,-110.918004,You are near Daily Market. Come earn points!,https://g.page/r/4f1bae31,2,126
127,ChIJ2EC1D7E3,1,Pure Beauty - Main Branch,"Ampliación Santa Lucía 194 Edif. 924 , Depto. 742",21.078812,-101.637721,You are near Pure Beauty. Come earn points!,https://g.page/r/ff558943,2,127
128,ChIJC5254745,1,Pure Beauty - Downtown,"Circunvalación Sur Prieto 077 Edif. 739 , Depto. 375",22.121445,-100.954507,You are near Pure Beauty. Come earn points!,https://g.page/r/03aff3d7,2,128
129,ChIJ42DA68BA,1,Pure Beauty - Midtown,"Circuito Sur Ortega 682 Edif. 730 , Depto. 682",19.108217,-98.140578,You are near Pure Beauty. Come earn points!,https://g.page/r/dcf19028,2,129
130,ChIJ45DE7996,1,AutoSpa - Main Branch,Peatonal El Salvador 196 700,19.401306,-99.076369,You are near AutoSpa. Come earn points!,https://g.page/r/a70244cd,2,130
131,ChIJ3925C037,1,Boost Gym - Main Branch,Vial Dani Conesa 898 Apt. 70 ,38.359844,-0.550001,You are near Boost Gym. Come earn points!,https://g.page/r/3f792c1e,1,131
132,ChIJEB530DE9,1,Boost Gym - University,Vial de Silvia López 1 Apt. 18 ,42.865381,-2.726467,You are near Boost Gym. Come earn points!,https://g.page/r/b5a8815e,1,132
133,ChIJB2D85456,1,Boost Gym - South,Cuesta de Ileana Diaz 76,43.272674,-2.935838,You are near Boost Gym. Come earn points!,https://g.page/r/33032fe7,1,133
134,ChIJEB5EA5C1,1,Boost Gym - Uptown,Ronda de Sandra Prats 148 Apt. 57 ,39.527128,2.683434,You are near Boost Gym. Come earn points!,https://g.page/r/807dbf29,1,134
135,ChIJF2DB176D,1,Boost Gym - North,Via Magdalena Oliveras 42,41.677534,-4.71488,You are near Boost Gym. Come earn points!,https://g.page/r/b93da5b3,1,135
136,ChIJD53F94AD,1,Bite Rush - Main Branch,Circuito Sur Páez 162 Interior 521,20.671343,-103.314564,You are near Bite Rush. Come earn points!,https://g.page/r/0b6e7771,2,136
137,ChIJ6EEF950F,1,Bite Rush - Beachfront,"Ampliación Turkmenistán 005 Edif. 750 , Depto. 824",25.652347,-100.306214,You are near Bite Rush. Come earn points!,https://g.page/r/43d1eb78,2,137
138,ChIJ3E9D5FFA,1,PetZone - Main Branch,Calzada Comoras 601 079,19.09434,-98.173954,You are near PetZone. Come earn points!,https://g.page/r/cf124416,2,138
139,ChIJCF7C9EDD,1,SmilePlus - Main Branch,Ronda de Wilfredo Llabrés 132 Apt. 52 ,43.219859,-2.910083,You are near SmilePlus. Come earn points!,https://g.page/r/f8252971,1,139
140,ChIJ833CA2C5,1,SmilePlus - Mall Branch,Pasaje Cloe Castells 412 Puerta 8 ,38.369883,-0.464976,You are near SmilePlus. Come earn points!,https://g.page/r/13d7dd37,1,140
141,ChIJDDF3A95F,1,SmilePlus - Downtown,Via Isidora Donaire 74 Piso 8 ,41.660416,-4.73045,You are near SmilePlus. Come earn points!,https://g.page/r/4e8408de,1,141
142,ChIJF95711AF,1,RollMaster - Main Branch,"Diagonal Sur Coronado 660 Edif. 148 , Depto. 362",31.709735,-106.36197,You are near RollMaster. Come earn points!,https://g.page/r/b1a5c6a2,2,142
143,ChIJE32F45FD,1,The Bakehouse - Main Branch,"Boulevard Loya 415 Edif. 645 , Depto. 743",19.48154,-99.15778,You are near The Bakehouse. Come earn points!,https://g.page/r/8f26bc73,2,143
144,ChIJC8D9A236,1,The Bakehouse - Station,Privada Eritrea 133 Interior 215,32.732315,-115.499635,You are near The Bakehouse. Come earn points!,https://g.page/r/5748c7f7,2,144
145,ChIJ6B57D0F6,1,The Bakehouse - South,Ampliación Durango 467 972,22.151561,-100.98562,You are near The Bakehouse. Come earn points!,https://g.page/r/3b80d662,2,145
146,ChIJ9091A5C9,1,The Bakehouse - Beachfront,Ampliación Maya 396 Interior 273,21.197263,-86.797268,You are near The Bakehouse. Come earn points!,https://g.page/r/2f6da440,2,146
147,ChIJ83759310,1,The Bakehouse - Midtown,"Prolongación Centeno 127 Edif. 085 , Depto. 972",18.977575,-98.147425,You are near The Bakehouse. Come earn points!,https://g.page/r/eec4e195,2,147
148,ChIJ8C23AAED,1,The Bakehouse - West,"Pasaje Bangladesh 588 Edif. 558 , Depto. 209",21.153841,-86.920278,You are near The Bakehouse. Come earn points!,https://g.page/r/4fcf7fc8,2,148
149,ChIJ0E1E7361,1,Mode & Co - Main Branch,Pasadizo Ángeles Torrens 15,37.365859,-5.930786,You are near Mode & Co. Come earn points!,https://g.page/r/11b83256,1,149
150,ChIJAEC1AAC3,1,Mode & Co - Harbor,Cañada África Andrés 29,37.821552,-4.745758,You are near Mode & Co. Come earn points!,https://g.page/r/0210a1a6,1,150
151,ChIJF56C214C,1,Inner Peace Studio - Main Branch,Urbanización Cosme Figueroa 786,38.334335,-0.540578,You are near Inner Peace Studio. Come earn points!,https://g.page/r/ea73c0d9,1,151
152,ChIJ4F5A9A9E,1,The Lens Studio - Main Branch,"Privada Barbados 030 Edif. 072 , Depto. 555",18.998563,-98.229909,You are near The Lens Studio. Come earn points!,https://g.page/r/5bdd84e4,2,152
153,ChIJ8255439B,1,The Lens Studio - Uptown,Continuación Singapur 954 446,20.676639,-103.405458,You are near The Lens Studio. Come earn points!,https://g.page/r/b2ba284b,2,153
154,ChIJ52C690A0,1,The Lens Studio - West,"Circuito Nauru 584 Edif. 735 , Depto. 421",20.957473,-89.689637,You are near The Lens Studio. Come earn points!,https://g.page/r/b4863612,2,154
155,ChIJA2B4919F,1,DevicePoint - Main Branch,Boulevard Tamaulipas 773 451,29.119682,-111.000198,You are near DevicePoint. Come earn points!,https://g.page/r/3a86303a,2,155
156,ChIJEA16A7C0,1,DevicePoint - University,"Peatonal Chiapas 839 Edif. 783 , Depto. 928",32.478601,-117.041699,You are near DevicePoint. Come earn points!,https://g.page/r/9a8e000f,2,156
157,ChIJ09C84FA8,1,Bliss Spa - Main Branch,Via de Carina Crespo 98 Puerta 9 ,41.694552,-0.843971,You are near Bliss Spa. Come earn points!,https://g.page/r/7b2113a1,1,157
158,ChIJ143606DB,1,Bliss Spa - University,Vial Soledad Molina 21,39.611176,2.712097,You are near Bliss Spa. Come earn points!,https://g.page/r/b1c10f6f,1,158
159,ChIJD019A802,1,The Dental Studio - Main Branch,Corredor Vélez 343 822,29.115995,-110.985606,You are near The Dental Studio. Come earn points!,https://g.page/r/87ca28c4,2,159
160,ChIJ65BA316B,1,SmilePlus - Main Branch,Peatonal Norte Ybarra 749 Interior 143,20.676549,-103.337949,You are near SmilePlus. Come earn points!,https://g.page/r/992ddb15,2,160
161,ChIJ3F4E90E7,1,SmilePlus - University,Periférico Norte Ávalos 539 Interior 784,20.725434,-103.29066,You are near SmilePlus. Come earn points!,https://g.page/r/c74df9ac,2,161
162,ChIJ4515B552,1,SmilePlus - Uptown,Avenida Sur Alarcón 213 336,31.663859,-106.375323,You are near SmilePlus. Come earn points!,https://g.page/r/d97e314c,2,162
163,ChIJ8E4F5AC0,1,SmilePlus - Old Town,Diagonal Norte Gurule 538 093,20.69857,-103.41032,You are near SmilePlus. Come earn points!,https://g.page/r/cd9f475e,2,163
164,ChIJB961A386,1,LangCorner - Main Branch,Circuito Vanegas 442 224,29.093869,-111.004794,You are near LangCorner. Come earn points!,https://g.page/r/c4d7d352,2,164
165,ChIJ48F4DC76,1,LangCorner - Suburbs,Boulevard Regalado 830 170,22.139457,-101.040744,You are near LangCorner. Come earn points!,https://g.page/r/d9500d45,2,165
166,ChIJFB47838C,1,LangCorner - South,Calzada Nigeria 707 731,19.440296,-99.161712,You are near LangCorner. Come earn points!,https://g.page/r/79ea1ec7,2,166
167,ChIJ13B10EF5,1,LangCorner - Airport,Privada Norte Arevalo 358 Interior 421,31.676236,-106.407578,You are near LangCorner. Come earn points!,https://g.page/r/3925c95e,2,167
168,ChIJE56166AA,1,Quick Bite - Main Branch,"Ampliación Oaxaca 486 Edif. 957 , Depto. 181",31.652636,-106.410059,You are near Quick Bite. Come earn points!,https://g.page/r/203b6def,2,168
169,ChIJ4F7F0E15,1,Quick Bite - Midtown,Continuación Norte Linares 821 614,22.166361,-100.991522,You are near Quick Bite. Come earn points!,https://g.page/r/2c6b2c48,2,169
170,ChIJCDC9199C,1,Quick Bite - Market,Circuito Granado 651 608,21.008323,-89.569809,You are near Quick Bite. Come earn points!,https://g.page/r/bd850b8c,2,170
171,ChIJ2C9044E9,1,Quick Bite - Old Town,Cerrada Sur Balderas 043 607,20.532179,-100.367871,You are near Quick Bite. Come earn points!,https://g.page/r/8a1751ff,2,171
172,ChIJ1C8F3B09,1,The Training Zone - Main Branch,Cerrada Palau 887 517,22.18861,-100.991429,You are near The Training Zone. Come earn points!,https://g.page/r/fe039966,2,172
173,ChIJ574BCA2C,1,The Training Zone - Midtown,Continuación Nuevo León 042 975,21.134294,-101.736879,You are near The Training Zone. Come earn points!,https://g.page/r/9379cd9d,2,173
174,ChIJA6565DC9,1,Zen Flow - Main Branch,"Circunvalación Sur Contreras 619 Edif. 135 , Depto. 687",19.445325,-99.193544,You are near Zen Flow. Come earn points!,https://g.page/r/e413de3f,2,174
175,ChIJE7F9D93D,1,Zen Flow - Midtown,Boulevard Micronesia 588 Interior 144,29.149709,-110.920388,You are near Zen Flow. Come earn points!,https://g.page/r/366cd42a,2,175
176,ChIJ38A937EB,1,Zen Flow - West,Ampliación Valles 616 812,25.705231,-100.35012,You are near Zen Flow. Come earn points!,https://g.page/r/6a24c8ac,2,176
177,ChIJ832E4AFB,1,Zen Flow - South,Calzada Partida 747 220,31.687396,-106.407081,You are near Zen Flow. Come earn points!,https://g.page/r/8352afbf,2,177
178,ChIJB802E1FD,1,Zen Flow - Mall Branch,Boulevard San Luis Potosí 711 Interior 475,25.650041,-100.274416,You are near Zen Flow. Come earn points!,https://g.page/r/0a1557fc,2,178
179,ChIJ4DDD7516,1,Zen Flow - Central,Continuación Norte Ochoa 724 536,19.379875,-99.121167,You are near Zen Flow. Come earn points!,https://g.page/r/1194d261,2,179
180,ChIJAD909BE3,1,Zen Flow - City Center,"Retorno Preciado 321 Edif. 124 , Depto. 289",21.225364,-86.815388,You are near Zen Flow. Come earn points!,https://g.page/r/7bca69aa,2,180
181,ChIJ2F3E9864,1,WaveRoll - Main Branch,"Calzada Norte Dueñas 476 Edif. 574 , Depto. 162",32.525713,-117.03224,You are near WaveRoll. Come earn points!,https://g.page/r/b7aa63f9,2,181
182,ChIJB149429C,1,WaveRoll - Business District,Peatonal Sur Jiménez 789 Interior 764,25.636637,-100.342786,You are near WaveRoll. Come earn points!,https://g.page/r/e71a2c80,2,182
183,ChIJ77F4D69D,1,The Mat Room - Main Branch,Peatonal Garay 101 036,21.092749,-101.616162,You are near The Mat Room. Come earn points!,https://g.page/r/3a981ac1,2,183
184,ChIJAD99281A,1,The Mat Room - South,Cerrada Sur Balderas 515 Interior 008,21.173102,-86.826038,You are near The Mat Room. Come earn points!,https://g.page/r/36d426e6,2,184
185,ChIJ677AAC9C,1,The Mat Room - Midtown,Peatonal Puebla 626 Interior 346,19.395234,-99.088314,You are near The Mat Room. Come earn points!,https://g.page/r/c831d252,2,185
186,ChIJ004CCC98,1,The Mat Room - East,"Calle Norte Espinal 681 Edif. 365 , Depto. 723",21.211218,-86.861911,You are near The Mat Room. Come earn points!,https://g.page/r/5bfb6a3b,2,186
187,ChIJ6EF5970C,1,The Dough Co - Main Branch,Calzada Sur Juárez 078 Interior 710,19.107712,-98.186322,You are near The Dough Co. Come earn points!,https://g.page/r/46bf64c2,2,187
188,ChIJ557E3771,1,MedPlus - Main Branch,"Privada Sepúlveda 965 Edif. 436 , Depto. 274",19.080937,-98.228183,You are near MedPlus. Come earn points!,https://g.page/r/1e594877,2,188
189,ChIJ3A79DD8D,1,MedPlus - City Center,"Pasaje Norte Piña 844 Edif. 589 , Depto. 243",22.145602,-100.958142,You are near MedPlus. Come earn points!,https://g.page/r/915a507b,2,189
190,ChIJ965E89BE,1,MedPlus - Station,Circunvalación Tlaxcala 699 642,20.980967,-89.64664,You are near MedPlus. Come earn points!,https://g.page/r/63db237d,2,190
191,ChIJFC47343A,1,MedPlus - Central,Pasaje España 309 529,20.597254,-100.412008,You are near MedPlus. Come earn points!,https://g.page/r/d498df2a,2,191
192,ChIJ2EE8DD78,1,MedPlus - Suburbs,"Continuación Sur Meza 657 Edif. 979 , Depto. 373",32.502617,-117.085281,You are near MedPlus. Come earn points!,https://g.page/r/f8ef6b94,2,192
193,ChIJEE89CF9C,1,Fabric House - Main Branch,Boulevard Sur Tamez 733 Interior 167,21.019655,-89.565524,You are near Fabric House. Come earn points!,https://g.page/r/748f597a,2,193
194,ChIJ0622A007,1,Fabric House - Mall Branch,"Prolongación Guerrero 536 Edif. 065 , Depto. 637",20.927717,-89.692482,You are near Fabric House. Come earn points!,https://g.page/r/bec827c1,2,194
195,ChIJ74553C0E,1,Skin & Soul - Main Branch,Pasadizo Jerónimo Montserrat 3,37.416051,-5.988685,You are near Skin & Soul. Come earn points!,https://g.page/r/cecbc526,1,195
196,ChIJE07960D4,1,Casa Blanca - Main Branch,Rambla Virgilio Lobato 76,37.352463,-5.951158,You are near Casa Blanca. Come earn points!,https://g.page/r/ddb6e724,1,196
197,ChIJE8A739A4,1,Casa Blanca - Uptown,Rambla de Moisés Fuente 25 Puerta 2 ,42.822412,-2.638389,You are near Casa Blanca. Come earn points!,https://g.page/r/a13f6469,1,197
198,ChIJCDF51FC8,1,Casa Blanca - Old Town,Paseo de Ligia Larrañaga 52 Puerta 8 ,37.375044,-5.938348,You are near Casa Blanca. Come earn points!,https://g.page/r/1f19f797,1,198
199,ChIJ221FD9B6,1,Casa Blanca - Suburbs,Alameda de Desiderio Talavera 53 Piso 5 ,40.396794,-3.762678,You are near Casa Blanca. Come earn points!,https://g.page/r/dd1670d9,1,199
200,ChIJ1AE02E00,1,Casa Blanca - North,Urbanización de Leonel Llanos 8 Apt. 00 ,40.423657,-3.753064,You are near Casa Blanca. Come earn points!,https://g.page/r/d2d8471b,1,200
201,ChIJC60CDD25,1,Casa Blanca - Business District,Pasadizo de Bibiana Estevez 61 Piso 3 ,37.940216,-1.118004,You are near Casa Blanca. Come earn points!,https://g.page/r/add4d71c,1,201
202,ChIJ2869BF4D,1,Casa Blanca - Beachfront,Alameda de Josefina Casal 39,37.868387,-4.712457,You are near Casa Blanca. Come earn points!,https://g.page/r/bf09dcca,1,202
203,ChIJ3F2A5406,1,Casa Blanca - Central,Rambla Ismael Serna 22,37.346695,-6.029619,You are near Casa Blanca. Come earn points!,https://g.page/r/233efb1c,1,203
204,ChIJ228D6F15,1,CarePharm - Main Branch,Cañada Luz Manzano 8,37.14368,-3.6446,You are near CarePharm. Come earn points!,https://g.page/r/10da716d,1,204
205,ChIJ6BB4D2D9,1,CarePharm - Market,Glorieta Marisela Julián 641,42.853631,-2.717004,You are near CarePharm. Come earn points!,https://g.page/r/3e768fe2,1,205
206,ChIJ27302D48,1,CarePharm - Beachfront,Acceso de Aníbal Atienza 998 Piso 4 ,40.370651,-3.73635,You are near CarePharm. Come earn points!,https://g.page/r/4095a735,1,206
207,ChIJ77787881,1,Mindful Yoga - Main Branch,Paseo de Irene Lorenzo 1 Apt. 46 ,41.317939,2.197843,You are near Mindful Yoga. Come earn points!,https://g.page/r/15f2d859,1,207
208,ChIJ69ADCA90,1,Mindful Yoga - Airport,Glorieta Benito Mancebo 2,36.741682,-4.366098,You are near Mindful Yoga. Come earn points!,https://g.page/r/1a3e5599,1,208
209,ChIJF5A7BA1A,1,Trend Street - Main Branch,"Periférico Sur Soliz 967 Edif. 363 , Depto. 999",21.183056,-101.70929,You are near Trend Street. Come earn points!,https://g.page/r/b1b46896,2,209
210,ChIJ09B893F4,1,Bite Rush - Main Branch,Callejón República Árabe Siria 604 437,19.02275,-98.223871,You are near Bite Rush. Come earn points!,https://g.page/r/1305185b,2,210
211,ChIJDAECE453,1,Trend Street - Main Branch,Callejón Wálter Calatayud 833,39.531763,-0.309206,You are near Trend Street. Come earn points!,https://g.page/r/d85f45f1,1,211
212,ChIJA0B5FC0F,1,Crusty Corner - Main Branch,Via Manuelita Hurtado 835 Apt. 87 ,28.177433,-15.383026,You are near Crusty Corner. Come earn points!,https://g.page/r/a12e503e,1,212
213,ChIJB3402EC4,1,Crusty Corner - Old Town,Pasadizo de Graciano Ibañez 19 Apt. 07 ,41.331589,2.226581,You are near Crusty Corner. Come earn points!,https://g.page/r/f66c443c,1,213
214,ChIJD2957775,1,Crusty Corner - Business District,Avenida de Rosenda Arregui 35 Puerta 3 ,39.511286,-0.419165,You are near Crusty Corner. Come earn points!,https://g.page/r/15c71e57,1,214
215,ChIJ8E5D771D,1,PearlDent - Main Branch,Cerrada Valles 598 261,31.71721,-106.449487,You are near PearlDent. Come earn points!,https://g.page/r/04ecf7a8,2,215
216,ChIJB1A33B54,1,Sunset Grill - Main Branch,Urbanización de Emilia Moll 35 Apt. 93 ,36.786777,-4.455763,You are near Sunset Grill. Come earn points!,https://g.page/r/843e6297,1,216
217,ChIJ728A10C1,1,Sunset Grill - Midtown,Vial Clara Heredia 326 Puerta 5 ,40.452832,-3.690774,You are near Sunset Grill. Come earn points!,https://g.page/r/53cd35b4,1,217
218,ChIJ9AEA9789,1,Sunset Grill - Central,Pasadizo de Ana Lledó 6,42.850966,-2.631458,You are near Sunset Grill. Come earn points!,https://g.page/r/52f40883,1,218
219,ChIJ84DFF7A6,1,Market One - Main Branch,"Ampliación Hungría 377 Edif. 964 , Depto. 016",21.086604,-101.663876,You are near Market One. Come earn points!,https://g.page/r/1462e7e5,2,219
220,ChIJB410291C,1,Market One - Airport,Retorno Sur Rosas 691 372,32.566199,-116.98879,You are near Market One. Come earn points!,https://g.page/r/d668253f,2,220
221,ChIJ25170AB0,1,Market One - Downtown,"Andador Jalisco 942 Edif. 774 , Depto. 243",20.642017,-100.429707,You are near Market One. Come earn points!,https://g.page/r/02abf3d7,2,221
222,ChIJD5830636,1,Market One - West,Callejón Barrios 954 535,20.698853,-103.30826,You are near Market One. Come earn points!,https://g.page/r/0e3431d3,2,222
223,ChIJ30212F2E,1,Market One - University,"Ampliación Croacia 431 Edif. 842 , Depto. 879",20.527082,-100.387794,You are near Market One. Come earn points!,https://g.page/r/269fe77e,2,223
224,ChIJA14FE77F,1,HappyPet - Main Branch,Plaza Julia Salgado 17,37.941539,-4.743841,You are near HappyPet. Come earn points!,https://g.page/r/5d2906e2,1,224
225,ChIJ1A631F00,1,HappyPet - South,C. de Araceli Vargas 575 Puerta 5 ,41.647802,-0.894003,You are near HappyPet. Come earn points!,https://g.page/r/b1c16708,1,225
226,ChIJC6E85BC6,1,WhiteSmile - Main Branch,Eje vial Loera 653 Interior 705,21.151748,-101.678433,You are near WhiteSmile. Come earn points!,https://g.page/r/4423693a,2,226
227,ChIJ655358EA,1,WhiteSmile - Beachfront,"Callejón Guevara 027 Edif. 139 , Depto. 545",20.997191,-89.623729,You are near WhiteSmile. Come earn points!,https://g.page/r/0b5991ed,2,227
228,ChIJ4FC46B80,1,WhiteSmile - Market,"Calzada Norte Escobar 463 Edif. 889 , Depto. 026",32.525366,-117.018665,You are near WhiteSmile. Come earn points!,https://g.page/r/0f81797e,2,228
229,ChIJ286CBA21,1,MedPlus - Main Branch,Diagonal Osorio 102 Interior 390,29.113758,-111.041875,You are near MedPlus. Come earn points!,https://g.page/r/e0776e37,2,229
230,ChIJ1B85148B,1,MedPlus - City Center,Periférico Tlaxcala 112 059,19.096284,-98.212709,You are near MedPlus. Come earn points!,https://g.page/r/ecd82a95,2,230
231,ChIJ693CBA58,1,Golden Loaf - Main Branch,"Retorno Sur Corona 107 Edif. 188 , Depto. 748",19.026426,-98.23316,You are near Golden Loaf. Come earn points!,https://g.page/r/6e4b6248,2,231
232,ChIJ0864DC58,1,Golden Loaf - East,"Corredor Norte Piña 041 Edif. 197 , Depto. 131",24.791792,-107.441991,You are near Golden Loaf. Come earn points!,https://g.page/r/4747732b,2,232
233,ChIJ77438A45,1,Golden Loaf - Uptown,"Privada Jalisco 570 Edif. 126 , Depto. 605",32.645375,-115.460923,You are near Golden Loaf. Come earn points!,https://g.page/r/dea1df40,2,233
234,ChIJ10781145,1,Golden Loaf - Beachfront,Prolongación Norte Verdugo 887 650,25.721227,-100.344693,You are near Golden Loaf. Come earn points!,https://g.page/r/4db319a7,2,234
235,ChIJ928A6DF9,1,PetPlus - Main Branch,Acceso Ruy Rojas 37 Piso 0 ,39.54922,2.661755,You are near PetPlus. Come earn points!,https://g.page/r/e6091972,1,235
236,ChIJB41B1069,1,PetPlus - Beachfront,Ronda de Saturnino Casado 31 Piso 0 ,37.984717,-1.152908,You are near PetPlus. Come earn points!,https://g.page/r/5925b712,1,236
237,ChIJ3368F88A,1,PetPlus - Downtown,C. de Felicia Rosa 410,37.978457,-1.142747,You are near PetPlus. Come earn points!,https://g.page/r/086e8ecc,1,237
238,ChIJCD9A07A5,1,PetPlus - Old Town,Calle Tere Chaves 941 Piso 7 ,37.887656,-4.810777,You are near PetPlus. Come earn points!,https://g.page/r/58bc8b50,1,238
239,ChIJDCBA6019,1,PetPlus - Mall Branch,Plaza de Armida Ibañez 350 Apt. 17 ,40.371139,-3.740269,You are near PetPlus. Come earn points!,https://g.page/r/62381253,1,239
240,ChIJ27CCC316,1,PetPlus - Uptown,C. Alexandra Piñeiro 20,41.592624,-4.667793,You are near PetPlus. Come earn points!,https://g.page/r/a13c13b2,1,240
241,ChIJD38FABC5,1,PetPlus - North,Plaza Clemente Bas 136,43.310964,-2.933209,You are near PetPlus. Come earn points!,https://g.page/r/688c9305,1,241
242,ChIJ0F0E8606,1,The Tech Store - Main Branch,Pasadizo Teodosio Pujol 90,41.592942,-4.755301,You are near The Tech Store. Come earn points!,https://g.page/r/c3b7a292,1,242
243,ChIJBB7D4532,1,Chapter One - Main Branch,Paseo Faustino Sacristán 264 Puerta 4 ,37.332777,-6.044011,You are near Chapter One. Come earn points!,https://g.page/r/f3d67a07,1,243
244,ChIJ6F78251E,1,Chapter One - Station,Callejón de José Campos 64 Puerta 9 ,40.422444,-3.726274,You are near Chapter One. Come earn points!,https://g.page/r/df4e4a5c,1,244
245,ChIJ68ED70DE,1,Chapter One - West,Cañada de Rubén Ramón 988 Puerta 4 ,41.628094,-4.75162,You are near Chapter One. Come earn points!,https://g.page/r/7b61c427,1,245
246,ChIJ35265463,1,The Daily Cup - Main Branch,Peatonal Jalisco 379 Interior 056,32.700588,-115.419637,You are near The Daily Cup. Come earn points!,https://g.page/r/6b6cc1a5,2,246
247,ChIJCC8896EE,1,The Daily Cup - Central,Circuito Norte Villaseñor 370 Interior 544,19.06979,-98.136281,You are near The Daily Cup. Come earn points!,https://g.page/r/cb548aae,2,247
248,ChIJFD74A8CF,1,The Daily Cup - North,Diagonal Francia 994 Interior 741,32.698334,-115.434425,You are near The Daily Cup. Come earn points!,https://g.page/r/4a30fa74,2,248
249,ChIJE0C355E1,1,LangCorner - Main Branch,Glorieta José Luis Hernando 2,37.143559,-3.561189,You are near LangCorner. Come earn points!,https://g.page/r/d01d6894,1,249
250,ChIJ3A45A8B6,1,LangCorner - University,Callejón Humberto Viñas 5,43.308123,-2.895362,You are near LangCorner. Come earn points!,https://g.page/r/237254e3,1,250
251,ChIJ1B00AD2E,1,LangCorner - Station,Urbanización Aníbal Barral 2,36.782414,-4.374939,You are near LangCorner. Come earn points!,https://g.page/r/5dec3e83,1,251
252,ChIJ0EE9DD6D,1,AutoClean - Main Branch,"Callejón Mena 399 Edif. 902 , Depto. 631",29.123743,-110.980919,You are near AutoClean. Come earn points!,https://g.page/r/462eacf7,2,252
253,ChIJ1A7B823E,1,AutoClean - North,Retorno Quintero 610 802,21.229498,-86.787792,You are near AutoClean. Come earn points!,https://g.page/r/17f48ca8,2,253
254,ChIJ394681EB,1,AutoClean - Harbor,"Viaducto Norte Carrión 396 Edif. 398 , Depto. 532",32.648651,-115.50623,You are near AutoClean. Come earn points!,https://g.page/r/7f920ec5,2,254
255,ChIJ0C627727,1,GreenCup - Main Branch,Pasaje de Claudio Matas 321,38.304383,-0.518279,You are near GreenCup. Come earn points!,https://g.page/r/f2d71de5,1,255
256,ChIJE32BB59A,1,GreenCup - Business District,Avenida Abril Galindo 9,28.164036,-15.399933,You are near GreenCup. Come earn points!,https://g.page/r/4ac6b306,1,256
257,ChIJ92F3A98B,1,GreenCup - South,Cuesta de Sebastián Soriano 496,38.389016,-0.503308,You are near GreenCup. Come earn points!,https://g.page/r/e859bc35,1,257
258,ChIJ79EF0FAC,1,CarGlow - Main Branch,Via de Chuy Infante 212,41.35883,2.129299,You are near CarGlow. Come earn points!,https://g.page/r/cec1bd0f,1,258
259,ChIJ2B5D7B80,1,ShinePoint - Main Branch,"Corredor Sur Corona 247 Edif. 836 , Depto. 212",29.16387,-110.988524,You are near ShinePoint. Come earn points!,https://g.page/r/0593e04b,2,259
260,ChIJ6C0993E4,1,ShinePoint - East,"Cerrada Navarro 327 Edif. 165 , Depto. 017",20.959996,-89.614817,You are near ShinePoint. Come earn points!,https://g.page/r/ce8373ac,2,260
261,ChIJ9C75B806,1,DevicePoint - Main Branch,Cerrada Sur Fernández 328 520,21.071453,-101.629675,You are near DevicePoint. Come earn points!,https://g.page/r/0363e8a7,2,261
262,ChIJ607B36EE,1,WhiteSmile - Main Branch,Corredor Kazajstán 884 624,32.57607,-117.106645,You are near WhiteSmile. Come earn points!,https://g.page/r/91a33333,2,262
263,ChIJ20D13557,1,WhiteSmile - Harbor,Circuito Micronesia 833 Interior 738,29.124239,-110.997347,You are near WhiteSmile. Come earn points!,https://g.page/r/e63b3b82,2,263
264,ChIJ505BFCB3,1,WhiteSmile - University,Cerrada San Luis Potosí 668 Interior 533,19.029681,-98.179993,You are near WhiteSmile. Come earn points!,https://g.page/r/38f281a7,2,264
265,ChIJ0EED8AE5,1,WhiteSmile - Old Town,"Diagonal Chiapas 825 Edif. 008 , Depto. 489",31.726798,-106.397327,You are near WhiteSmile. Come earn points!,https://g.page/r/3ec51843,2,265
266,ChIJ5C3F7EAB,1,WhiteSmile - City Center,"Eje vial Molina 489 Edif. 997 , Depto. 867",32.489651,-117.104746,You are near WhiteSmile. Come earn points!,https://g.page/r/9474568f,2,266
267,ChIJE257514E,1,WhiteSmile - Station,"Circunvalación Melgar 925 Edif. 822 , Depto. 430",29.036509,-111.027521,You are near WhiteSmile. Come earn points!,https://g.page/r/e3eee78b,2,267
268,ChIJ4F352F1D,1,The Wardrobe - Main Branch,Paseo Adelina Esteban 682 Puerta 8 ,41.657547,-0.84712,You are near The Wardrobe. Come earn points!,https://g.page/r/b1a783b1,1,268
269,ChIJ80F44BA3,1,The Wardrobe - East,Paseo Faustino Tejedor 10 Apt. 95 ,37.192097,-3.547628,You are near The Wardrobe. Come earn points!,https://g.page/r/6f1978fb,1,269
270,ChIJ4265C131,1,VitaJuice - Main Branch,Urbanización de Abilio Pablo 87,36.678589,-4.435311,You are near VitaJuice. Come earn points!,https://g.page/r/1ea6c460,1,270
271,ChIJCB0938C9,1,VitaJuice - West,Camino de Irene Amat 89,39.554101,2.646469,You are near VitaJuice. Come earn points!,https://g.page/r/8aa7987c,1,271
272,ChIJF2DF9DAF,1,VitaJuice - Downtown,Callejón Juan José Carreño 262,41.657732,-0.895785,You are near VitaJuice. Come earn points!,https://g.page/r/c53174e2,1,272
273,ChIJF791275D,1,The Bistro - Main Branch,Eje vial Sur Camacho 924 762,24.78165,-107.440001,You are near The Bistro. Come earn points!,https://g.page/r/25745c83,2,273
274,ChIJ8CCCE623,1,Crusty Corner - Main Branch,Glorieta de Corona Riera 90,41.659407,-4.789512,You are near Crusty Corner. Come earn points!,https://g.page/r/b19636d5,1,274
275,ChIJD4CF1108,1,Crusty Corner - University,Cuesta de Gregorio Hernandez 19,38.359471,-0.547243,You are near Crusty Corner. Come earn points!,https://g.page/r/d4ebe84c,1,275
276,ChIJCB0BE77D,1,Crusty Corner - Business District,Ronda de Segismundo Pellicer 711 Piso 9 ,37.328729,-5.919181,You are near Crusty Corner. Come earn points!,https://g.page/r/66075090,1,276
277,ChIJ53D7C026,1,The Fresh Store - Main Branch,Vial Ruperto Rubio 53,43.221825,-2.964245,You are near The Fresh Store. Come earn points!,https://g.page/r/06a87eaa,1,277
278,ChIJ5586ECD4,1,The Fresh Store - Harbor,Rambla Herminia Grau 4 Puerta 9 ,39.509797,2.588043,You are near The Fresh Store. Come earn points!,https://g.page/r/4716c195,1,278
279,ChIJFF27DBFD,1,The Dining Room - Main Branch,Calle de Reyna Osuna 13 Apt. 14 ,39.501547,2.625748,You are near The Dining Room. Come earn points!,https://g.page/r/57330317,1,279
280,ChIJF7586AEF,1,The Dining Room - East,C. de Victor Sanchez 63,37.164521,-3.647015,You are near The Dining Room. Come earn points!,https://g.page/r/fbe16ca4,1,280
281,ChIJ8F8C64B7,1,EyePoint - Main Branch,Calle El Salvador 129 Interior 171,20.607079,-103.360422,You are near EyePoint. Come earn points!,https://g.page/r/bab80edd,2,281
282,ChIJ70FB8D47,1,BrightEyes - Main Branch,Pasadizo de Xiomara Lasa 87 Puerta 3 ,38.284627,-0.417286,You are near BrightEyes. Come earn points!,https://g.page/r/54ce1d32,1,282
283,ChIJ170AF90A,1,HappyPet - Main Branch,"Calzada Chihuahua 401 Edif. 541 , Depto. 326",32.621907,-115.416137,You are near HappyPet. Come earn points!,https://g.page/r/923c0e52,2,283
284,ChIJ992BBC4C,1,HappyPet - Airport,Peatonal Baja California 554 886,32.504508,-117.008646,You are near HappyPet. Come earn points!,https://g.page/r/2d793a3e,2,284
285,ChIJ404CBF67,1,HappyPet - Mall Branch,"Viaducto Distrito Federal 885 Edif. 192 , Depto. 489",20.919229,-89.612487,You are near HappyPet. Come earn points!,https://g.page/r/b0494a25,2,285
286,ChIJACEA0706,1,HappyPet - Beachfront,Calle Rodarte 187 469,32.526249,-117.037653,You are near HappyPet. Come earn points!,https://g.page/r/fc9ce64d,2,286
287,ChIJ5460B048,1,HappyPet - East,Viaducto Tlaxcala 975 Interior 262,22.143254,-101.026762,You are near HappyPet. Come earn points!,https://g.page/r/0c132272,2,287
288,ChIJ41C5B566,1,HappyPet - Old Town,"Circunvalación Sur Salas 589 Edif. 725 , Depto. 724",25.678402,-100.270558,You are near HappyPet. Come earn points!,https://g.page/r/33310852,2,288
289,ChIJCC94746C,1,Daily Flow - Main Branch,Calzada Salcido 708 Interior 001,20.631059,-100.38538,You are near Daily Flow. Come earn points!,https://g.page/r/aea353e4,2,289
290,ChIJDABE8ACD,1,Daily Flow - South,Prolongación Barrientos 433 625,24.818692,-107.395266,You are near Daily Flow. Come earn points!,https://g.page/r/3ac4b994,2,290
291,ChIJ7E01AA3C,1,Daily Flow - West,Avenida Malasia 528 037,20.977659,-89.589779,You are near Daily Flow. Come earn points!,https://g.page/r/14ac9882,2,291
292,ChIJ9F6A46F9,1,Daily Flow - Mall Branch,Periférico Toledo 426 160,32.534482,-116.979355,You are near Daily Flow. Come earn points!,https://g.page/r/bbbd7d0c,2,292
293,ChIJ7E6741BF,1,Quick Bite - Main Branch,"Boulevard Sur Sauceda 843 Edif. 975 , Depto. 947",21.150044,-101.652369,You are near Quick Bite. Come earn points!,https://g.page/r/dfc576fb,2,293
294,ChIJ12CB738A,1,StyleCorner - Main Branch,Cerrada Sinaloa 174 Interior 458,32.498753,-116.99272,You are near StyleCorner. Come earn points!,https://g.page/r/4dbfacd1,2,294
295,ChIJE20803A6,1,StyleCorner - University,Viaducto Amador 595 Interior 263,32.617518,-115.503121,You are near StyleCorner. Come earn points!,https://g.page/r/e9950482,2,295
296,ChIJ031DA84C,1,StyleCorner - Old Town,Circuito Yucatán 559 524,24.825483,-107.403509,You are near StyleCorner. Come earn points!,https://g.page/r/3c5c8f2c,2,296
297,ChIJ96704DFA,1,StyleCorner - Midtown,"Avenida Sánchez 836 Edif. 535 , Depto. 239",31.747517,-106.468318,You are near StyleCorner. Come earn points!,https://g.page/r/6af8b4d6,2,297
298,ChIJCAA7874D,1,StyleCorner - West,Cerrada Iraq 149 409,20.531375,-100.36119,You are near StyleCorner. Come earn points!,https://g.page/r/656d3dc4,2,298
299,ChIJ6AAD9FD6,1,Serenity Spa - Main Branch,Acceso Valentín Guerra 45,40.379557,-3.651124,You are near Serenity Spa. Come earn points!,https://g.page/r/3cf3c7e9,1,299
300,ChIJE8AC373D,1,Serenity Spa - Business District,Plaza Flora Flores 91,43.316558,-2.929717,You are near Serenity Spa. Come earn points!,https://g.page/r/01a31336,1,300
301,ChIJAB869BB2,1,Serenity Spa - Harbor,Acceso de María Fernanda Bautista 50 Puerta 5 ,41.710281,-4.696274,You are near Serenity Spa. Come earn points!,https://g.page/r/fc969246,1,301
302,ChIJ960BA7EB,1,Serenity Spa - Central,Glorieta Luz Esteban 37,38.401313,-0.423777,You are near Serenity Spa. Come earn points!,https://g.page/r/5b3a2087,1,302
303,ChIJ49DD6043,1,VoiceBox Academy - Main Branch,Cerrada Sur Guzmán 666 067,31.758935,-106.416605,You are near VoiceBox Academy. Come earn points!,https://g.page/r/8743a22e,2,303
304,ChIJ6D2B8B51,1,VoiceBox Academy - Downtown,Boulevard Palau 843 888,21.062715,-101.737269,You are near VoiceBox Academy. Come earn points!,https://g.page/r/a95e43b8,2,304
305,ChIJDE83CCC3,1,VoiceBox Academy - West,Boulevard Ordóñez 715 809,29.141131,-110.989587,You are near VoiceBox Academy. Come earn points!,https://g.page/r/52927bb7,2,305
306,ChIJDD1BFB3B,1,Shelf Life - Main Branch,Ronda de Benjamín Sastre 64 Apt. 59 ,39.435387,-0.375151,You are near Shelf Life. Come earn points!,https://g.page/r/90e0ae97,1,306
307,ChIJBC8160E8,1,Shelf Life - West,Rambla de Marcia Baquero 84,37.916741,-1.110559,You are near Shelf Life. Come earn points!,https://g.page/r/a6859061,1,307
308,ChIJ80CA2CB8,1,VisionLab - Main Branch,Cañada José Antonio Giner 99 Piso 2 ,41.686963,-4.740638,You are near VisionLab. Come earn points!,https://g.page/r/7c3062e1,1,308
309,ChIJA603BA57,1,VisionLab - Airport,Via de Felipa Llabrés 8,38.330908,-0.523783,You are near VisionLab. Come earn points!,https://g.page/r/c5e5978b,1,309
310,ChIJ0023D160,1,AnimalHouse - Main Branch,Diagonal Coahuila de Zaragoza 650 Interior 949,19.363503,-99.186944,You are near AnimalHouse. Come earn points!,https://g.page/r/ce373552,2,310
311,ChIJE6C92391,1,AnimalHouse - West,Viaducto Baja California 082 919,24.758107,-107.370159,You are near AnimalHouse. Come earn points!,https://g.page/r/bc653343,2,311
312,ChIJF03ACC1E,1,The Reading Room - Main Branch,Acceso Belen Vallejo 74,37.980866,-1.190447,You are near The Reading Room. Come earn points!,https://g.page/r/a417410b,1,312
313,ChIJC1F57E23,1,The Reading Room - West,Alameda Clotilde Crespo 4,39.591983,2.679901,You are near The Reading Room. Come earn points!,https://g.page/r/f5637021,1,313
314,ChIJ29DD7DB0,1,The Dental Studio - Main Branch,Calle Sur Campos 108 Interior 045,20.916636,-89.57814,You are near The Dental Studio. Come earn points!,https://g.page/r/1b614e2d,2,314
315,ChIJ99C164A7,1,TheWinery - Main Branch,Vial de Bartolomé Sanmiguel 3,42.798591,-2.624611,You are near TheWinery. Come earn points!,https://g.page/r/d0da4cca,1,315
316,ChIJ64F7BBA6,1,TheWinery - East,Ronda de Iván Villar 59 Piso 0 ,28.068072,-15.46482,You are near TheWinery. Come earn points!,https://g.page/r/898cebea,1,316
317,ChIJ8F35A4D4,1,TheWinery - South,C. Conrado Duque 842 Apt. 03 ,39.603803,2.603583,You are near TheWinery. Come earn points!,https://g.page/r/09e4e621,1,317
318,ChIJA7F56C73,1,TheWinery - Downtown,Cuesta de Poncio Aguado 89 Piso 3 ,41.688902,-4.699166,You are near TheWinery. Come earn points!,https://g.page/r/0e1f23a4,1,318
319,ChIJE79C1D30,1,Align Yoga - Main Branch,Avenida Albert Atienza 50,39.461692,-0.421088,You are near Align Yoga. Come earn points!,https://g.page/r/d058e371,1,319
320,ChIJ888BF40B,1,Align Yoga - Midtown,Pasadizo Sarita Costa 51 Puerta 1 ,38.279822,-0.456494,You are near Align Yoga. Come earn points!,https://g.page/r/6fb904bd,1,320
321,ChIJF1677ADC,1,Align Yoga - North,C. de Luna Sanabria 22,37.380888,-6.047314,You are near Align Yoga. Come earn points!,https://g.page/r/4c0e003f,1,321
322,ChIJBBCC13A0,1,Align Yoga - Airport,Glorieta Heliodoro Escobar 75 Apt. 09 ,41.695612,-4.704258,You are near Align Yoga. Come earn points!,https://g.page/r/638b6206,1,322
323,ChIJ77C0AF22,1,Quick Bite - Main Branch,Circunvalación Sur Reyna 312 832,21.907406,-102.346609,You are near Quick Bite. Come earn points!,https://g.page/r/16f334c1,2,323
324,ChIJA4759C96,1,OralFirst - Main Branch,Viaducto Sur Alfaro 237 354,21.858165,-102.353662,You are near OralFirst. Come earn points!,https://g.page/r/3b08399d,2,324
325,ChIJ08F5D9E4,1,OralFirst - Business District,"Corredor Aguascalientes 749 Edif. 498 , Depto. 363",19.368813,-99.150165,You are near OralFirst. Come earn points!,https://g.page/r/60fc34f9,2,325
326,ChIJ744F8F54,1,The Tech Store - Main Branch,Callejón de Jacinto Hernández 809,37.449035,-6.00155,You are near The Tech Store. Come earn points!,https://g.page/r/9d879c36,1,326
327,ChIJ17AA0E02,1,Casa Blanca - Main Branch,"Calzada Coahuila de Zaragoza 715 Edif. 625 , Depto. 033",18.998998,-98.273755,You are near Casa Blanca. Come earn points!,https://g.page/r/a0411e39,2,327
328,ChIJ8D4E4F3C,1,Casa Blanca - East,Viaducto Norte Sierra 951 Interior 303,19.500501,-99.155804,You are near Casa Blanca. Come earn points!,https://g.page/r/96dfbb9a,2,328
329,ChIJB034C419,1,Casa Blanca - Old Town,"Corredor Senegal 161 Edif. 365 , Depto. 501",19.066194,-98.267156,You are near Casa Blanca. Come earn points!,https://g.page/r/87efd806,2,329
330,ChIJ26EA4F07,1,Casa Blanca - North,"Retorno Norte Cepeda 355 Edif. 309 , Depto. 216",24.752524,-107.347046,You are near Casa Blanca. Come earn points!,https://g.page/r/e10b05d5,2,330
331,ChIJDF72B95D,1,AutoClean - Main Branch,Retorno Camboya 543 325,22.102504,-101.031613,You are near AutoClean. Come earn points!,https://g.page/r/e279db12,2,331
332,ChIJDA0BFACF,1,The Fork - Main Branch,Pasaje de Cristian Gelabert 28 Apt. 33 ,36.72175,-4.375813,You are near The Fork. Come earn points!,https://g.page/r/f4f1ab09,1,332
333,ChIJE319E9A8,1,The Fork - Downtown,Callejón Nicolás Vall 3,41.656688,-0.932463,You are near The Fork. Come earn points!,https://g.page/r/6e67c642,1,333
334,ChIJ09116C2B,1,The Fork - West,C. de Jennifer Valenzuela 36,37.449806,-5.998691,You are near The Fork. Come earn points!,https://g.page/r/e234b4d4,1,334
335,ChIJDE972650,1,The Fork - Central,Urbanización Elvira Olmo 9 Piso 4 ,36.666913,-4.460071,You are near The Fork. Come earn points!,https://g.page/r/205972d4,1,335
336,ChIJ52AED921,1,Harvest Table - Main Branch,Boulevard Nayarit 465 Interior 382,21.097271,-101.749901,You are near Harvest Table. Come earn points!,https://g.page/r/348fc460,2,336
337,ChIJ9DA120F2,1,Cloth & Co - Main Branch,Diagonal Altamirano 895 481,22.123274,-101.000514,You are near Cloth & Co. Come earn points!,https://g.page/r/42485a10,2,337
338,ChIJ4F94ED3F,1,Cloth & Co - Central,Privada Pichardo 339 918,20.927813,-89.600885,You are near Cloth & Co. Come earn points!,https://g.page/r/f2766c38,2,338
339,ChIJF599D2AF,1,The Dining Room - Main Branch,Via Belen Neira 54,43.283992,-2.953343,You are near The Dining Room. Come earn points!,https://g.page/r/5d4a42ab,1,339
340,ChIJ15B82C22,1,The Dining Room - Downtown,Rambla de Isabel Salvador 34,41.438964,2.160554,You are near The Dining Room. Come earn points!,https://g.page/r/c0928e36,1,340
341,ChIJ9DB24FB5,1,YogaSpace - Main Branch,Urbanización Modesta Rosselló 55,37.901842,-4.711366,You are near YogaSpace. Come earn points!,https://g.page/r/51da0d08,1,341
342,ChIJF97757ED,1,Go Burger - Main Branch,C. Heraclio Vazquez 62,41.414754,2.213776,You are near Go Burger. Come earn points!,https://g.page/r/0aab48a4,1,342
343,ChIJ2FD3F18B,1,Green Table - Main Branch,Cuesta Albano Huerta 12 Apt. 63 ,37.226065,-3.644996,You are near Green Table. Come earn points!,https://g.page/r/97f5b25f,1,343
344,ChIJDCCC665B,1,Green Table - Beachfront,Vial de Imelda Vargas 6,41.398981,2.240398,You are near Green Table. Come earn points!,https://g.page/r/666a6f30,1,344
345,ChIJ6E1BFD22,1,Green Table - University,C. Juan Francisco Barba 37,38.329399,-0.421563,You are near Green Table. Come earn points!,https://g.page/r/b51712e8,1,345
346,ChIJACDFDFEF,1,WhiteSmile - Main Branch,Plaza de Eli Ibarra 13 Piso 6 ,37.915121,-4.802513,You are near WhiteSmile. Come earn points!,https://g.page/r/e4837c45,1,346
347,ChIJA5F02CBD,1,WhiteSmile - Central,Alameda de Desiderio Tormo 30 Apt. 90 ,41.68864,-4.697732,You are near WhiteSmile. Come earn points!,https://g.page/r/01ff22f2,1,347
348,ChIJCD56DB9B,1,The Reading Room - Main Branch,Camino de Marisela Borrell 67,42.869292,-2.732548,You are near The Reading Room. Come earn points!,https://g.page/r/8daf04ce,1,348
349,ChIJD7692BBD,1,The Wardrobe - Main Branch,Paseo de Ezequiel Ochoa 80,40.431195,-3.691095,You are near The Wardrobe. Come earn points!,https://g.page/r/fa2f5482,1,349
350,ChIJEBD195F5,1,The Wardrobe - Beachfront,Glorieta Fernanda Palomino 67 Piso 2 ,36.721544,-4.386146,You are near The Wardrobe. Come earn points!,https://g.page/r/1782b7cf,1,350
351,ChIJEC0BEB26,1,The Wardrobe - South,Alameda de Ildefonso Neira 892,39.582246,2.718373,You are near The Wardrobe. Come earn points!,https://g.page/r/da145090,1,351
352,ChIJ03640778,1,The Wardrobe - West,Callejón de Jennifer Oliveras 893,37.32197,-5.947748,You are near The Wardrobe. Come earn points!,https://g.page/r/0206957c,1,352
353,ChIJ9FEBBA1A,1,The Wardrobe - Downtown,Pasaje Azeneth Barroso 619,41.358239,2.206308,You are near The Wardrobe. Come earn points!,https://g.page/r/508334d3,1,353
354,ChIJB2E9C50E,1,The Wardrobe - University,Calle Gisela Rivas 623 Piso 0 ,37.852096,-4.837885,You are near The Wardrobe. Come earn points!,https://g.page/r/357bfb8b,1,354
355,ChIJ00D208B8,1,PetZone - Main Branch,Callejón de Encarnación Palau 613,39.452433,-0.404474,You are near PetZone. Come earn points!,https://g.page/r/1b784b71,1,355
356,ChIJ16B1BBE8,1,PetZone - Mall Branch,Paseo de Teófila Posada 2 Apt. 66 ,39.452605,-0.356115,You are near PetZone. Come earn points!,https://g.page/r/252ef977,1,356
357,ChIJD0AAAE54,1,Align Yoga - Main Branch,Pasadizo Mario Amaya 6,37.448277,-5.970269,You are near Align Yoga. Come earn points!,https://g.page/r/e39ce95c,1,357
358,ChIJ30276660,1,Align Yoga - Central,Cuesta de Asunción Garzón 35,38.016496,-1.153983,You are near Align Yoga. Come earn points!,https://g.page/r/7823a4d8,1,358
359,ChIJ3FA6744D,1,Align Yoga - Beachfront,Calle de Rocío Arjona 95,43.237455,-2.894824,You are near Align Yoga. Come earn points!,https://g.page/r/6c1cea20,1,359
360,ChIJ6AE35BEB,1,BottleShop - Main Branch,Periférico Palacios 635 797,19.434922,-99.066141,You are near BottleShop. Come earn points!,https://g.page/r/71137d93,2,360
361,ChIJB213A53D,1,BottleShop - East,Privada del Río 106 778,22.192779,-100.949923,You are near BottleShop. Come earn points!,https://g.page/r/da2298c5,2,361
362,ChIJ4273BAF2,1,Juice Lab - Main Branch,Calle Azeneth Mate 70,37.437571,-6.007622,You are near Juice Lab. Come earn points!,https://g.page/r/cf4f0da5,1,362
363,ChIJEF986BA0,1,Cloth & Co - Main Branch,"Pasaje Sur Cortés 132 Edif. 126 , Depto. 626",18.999814,-98.26843,You are near Cloth & Co. Come earn points!,https://g.page/r/45401a92,2,363
364,ChIJD1C634AE,1,Cloth & Co - University,Continuación Eslovaquia 736 Interior 407,24.832101,-107.429233,You are near Cloth & Co. Come earn points!,https://g.page/r/a52b54fb,2,364
365,ChIJ02AE35AF,1,TechBox - Main Branch,Corredor Santa Lucía 427 981,22.176479,-101.023858,You are near TechBox. Come earn points!,https://g.page/r/929d973b,2,365
366,ChIJ1D33037A,1,TechBox - Station,"Retorno Mejía 430 Edif. 407 , Depto. 941",32.646408,-115.492971,You are near TechBox. Come earn points!,https://g.page/r/f5720d40,2,366
367,ChIJ31A22E6D,1,CarGlow - Main Branch,"Retorno Bélgica 581 Edif. 156 , Depto. 061",20.98517,-89.683954,You are near CarGlow. Come earn points!,https://g.page/r/7d6ee6f5,2,367
368,ChIJE513FEE2,1,The Quick Plate - Main Branch,Pasaje Pastora Medina 6,37.922798,-1.173055,You are near The Quick Plate. Come earn points!,https://g.page/r/c883347b,1,368
369,ChIJ4E7FB2A3,1,Wellness Hub - Main Branch,Cuesta de León Raya 45,41.720882,-4.662642,You are near Wellness Hub. Come earn points!,https://g.page/r/7afbae60,1,369
370,ChIJ956FDC86,1,Wellness Hub - Uptown,C. de Toni Armengol 28,39.412846,-0.363032,You are near Wellness Hub. Come earn points!,https://g.page/r/c47bead2,1,370
371,ChIJC25DF9B7,1,Wellness Hub - Station,Via Encarna Amores 28 Apt. 38 ,42.887333,-2.713388,You are near Wellness Hub. Come earn points!,https://g.page/r/e41d0481,1,371
372,ChIJ7768C2E6,1,PowerTech - Main Branch,Calle Sur Cadena 028 379,21.101943,-86.819502,You are near PowerTech. Come earn points!,https://g.page/r/31899f4b,2,372
373,ChIJ884769B8,1,PowerTech - Business District,Diagonal Polonia 322 Interior 939,32.466982,-117.080345,You are near PowerTech. Come earn points!,https://g.page/r/864b39f1,2,373
374,ChIJ4E10C920,1,PowerTech - Airport,Corredor Campeche 474 Interior 338,31.644701,-106.459144,You are near PowerTech. Come earn points!,https://g.page/r/61b55c16,2,374
375,ChIJ150FA45D,1,Breathe & Bend - Main Branch,Avenida de Damián Tudela 83 Apt. 60 ,43.273699,-2.869518,You are near Breathe & Bend. Come earn points!,https://g.page/r/51d00d16,1,375
376,ChIJ25EF5677,1,Breathe & Bend - East,Callejón Azucena Haro 8,37.357061,-5.94462,You are near Breathe & Bend. Come earn points!,https://g.page/r/b4c90ead,1,376
377,ChIJ70482039,1,Breathe & Bend - University,Acceso de Blas Losa 7 Puerta 4 ,41.448142,2.153341,You are near Breathe & Bend. Come earn points!,https://g.page/r/30b3fbb3,1,377
378,ChIJDF65B460,1,Breathe & Bend - West,Glorieta de José Jiménez 247,36.673487,-4.428207,You are near Breathe & Bend. Come earn points!,https://g.page/r/145d62d8,1,378
379,ChIJDB73A370,1,Breathe & Bend - Suburbs,Avenida de Manu Morán 533 Apt. 22 ,39.585315,2.64068,You are near Breathe & Bend. Come earn points!,https://g.page/r/7322cd00,1,379
380,ChIJDBF990D6,1,Tokyo Table - Main Branch,C. Cipriano Santana 452 Apt. 46 ,39.514745,-0.334902,You are near Tokyo Table. Come earn points!,https://g.page/r/8b443cb8,1,380
381,ChIJ0B0418B8,1,StyleCorner - Main Branch,"Calle Nuevo León 469 Edif. 398 , Depto. 375",19.46867,-99.143164,You are near StyleCorner. Come earn points!,https://g.page/r/5371e365,2,381
382,ChIJED65A1DA,1,StyleCorner - Market,Circunvalación Kazajstán 844 550,20.69524,-103.289985,You are near StyleCorner. Come earn points!,https://g.page/r/436cceac,2,382
383,ChIJ4FC84192,1,Umami Place - Main Branch,Pasadizo de Rafael Castillo 18,28.129208,-15.428601,You are near Umami Place. Come earn points!,https://g.page/r/60c7ac16,1,383
384,ChIJ51266C40,1,Umami Place - Old Town,Alameda Fidel Salcedo 70 Apt. 27 ,39.436021,-0.381089,You are near Umami Place. Come earn points!,https://g.page/r/f8105517,1,384
385,ChIJFD3D8A7D,1,Umami Place - Beachfront,Cañada de Reyes Rosell 496,37.952652,-1.1213,You are near Umami Place. Come earn points!,https://g.page/r/50e513e5,1,385
386,ChIJ94194E39,1,EasyTalk - Main Branch,Camino de Anastasio Sevillano 35 Apt. 92 ,37.923072,-1.180868,You are near EasyTalk. Come earn points!,https://g.page/r/4b368110,1,386
387,ChIJ301B869C,1,EasyTalk - North,Pasadizo de Javi Arribas 880 Apt. 30 ,37.9404,-1.071742,You are near EasyTalk. Come earn points!,https://g.page/r/6267cdde,1,387
388,ChIJE34E0AC1,1,EasyTalk - East,Vial Sabas Céspedes 483 Apt. 94 ,40.347797,-3.702902,You are near EasyTalk. Come earn points!,https://g.page/r/bfd0fd11,1,388
389,ChIJF2BAA645,1,EasyTalk - Uptown,Via Andrés Felipe Olmedo 46 Puerta 8 ,38.327396,-0.494362,You are near EasyTalk. Come earn points!,https://g.page/r/7566ae3d,1,389
390,ChIJ55929778,1,EasyTalk - Beachfront,Rambla de Jenaro Fiol 1 Piso 6 ,36.78164,-4.354131,You are near EasyTalk. Come earn points!,https://g.page/r/17a11609,1,390
391,ChIJFB2CB221,1,EasyTalk - South,Acceso Lope Alcalde 70 Piso 1 ,41.631765,-0.915906,You are near EasyTalk. Come earn points!,https://g.page/r/b9e638ac,1,391
392,ChIJ9F5BDEE1,1,EasyTalk - Old Town,Avenida Fabiana Bertrán 443,28.063973,-15.3821,You are near EasyTalk. Come earn points!,https://g.page/r/606338f7,1,392
393,ChIJ29EA4CA1,1,PurePress - Main Branch,Camino de Gala Castilla 43,37.124427,-3.538502,You are near PurePress. Come earn points!,https://g.page/r/bfe253bd,1,393
394,ChIJ67797F47,1,PurePress - Station,Pasadizo de Rosalía Pedrero 9,39.427192,-0.384918,You are near PurePress. Come earn points!,https://g.page/r/3b23214c,1,394
395,ChIJD9986886,1,PurePress - Old Town,Vial de Hipólito Meléndez 93,43.300978,-2.899779,You are near PurePress. Come earn points!,https://g.page/r/0aa08d81,1,395
396,ChIJ627D9761,1,Daily Flow - Main Branch,Ampliación Acosta 879 Interior 088,21.123345,-101.683593,You are near Daily Flow. Come earn points!,https://g.page/r/c990280b,2,396
397,ChIJCA57F992,1,Daily Flow - Airport,"Periférico Escobar 951 Edif. 571 , Depto. 967",21.866545,-102.352921,You are near Daily Flow. Come earn points!,https://g.page/r/dd696411,2,397
398,ChIJC7ECE907,1,Daily Flow - Beachfront,"Circuito Túnez 009 Edif. 297 , Depto. 190",31.749713,-106.391007,You are near Daily Flow. Come earn points!,https://g.page/r/913086f9,2,398
399,ChIJE7E4B8EC,1,Daily Flow - Station,Eje vial Qatar 609 Interior 637,19.037882,-98.146994,You are near Daily Flow. Come earn points!,https://g.page/r/6b64b8c5,2,399
400,ChIJ3215B1A6,1,SmilePlus - Main Branch,C. Fabiana Jordá 36 Puerta 9 ,41.666333,-0.8643,You are near SmilePlus. Come earn points!,https://g.page/r/3a32604b,1,400
401,ChIJ66C11DA6,1,SmilePlus - Midtown,Vial Olimpia Cid 659,38.368195,-0.530296,You are near SmilePlus. Come earn points!,https://g.page/r/0a8eb943,1,401
402,ChIJ422162E0,1,SmilePlus - Mall Branch,Pasadizo María Dolores Montesinos 13,28.117766,-15.410651,You are near SmilePlus. Come earn points!,https://g.page/r/9e879137,1,402
403,ChIJ5266FECA,1,SmilePlus - South,Camino Federico Báez 25,43.227638,-2.924032,You are near SmilePlus. Come earn points!,https://g.page/r/62b62721,1,403
404,ChIJ2FB65744,1,The Tech Store - Main Branch,Circuito Perú 767 615,22.196812,-101.053273,You are near The Tech Store. Come earn points!,https://g.page/r/8338d116,2,404
405,ChIJ4E6EFF07,1,The Tech Store - Market,Viaducto Mota 101 616,29.044923,-110.947375,You are near The Tech Store. Come earn points!,https://g.page/r/8feb321a,2,405
406,ChIJ3690B23B,1,The Tech Store - University,Avenida Kazajstán 033 329,31.675673,-106.411938,You are near The Tech Store. Come earn points!,https://g.page/r/e46cfc1b,2,406
407,ChIJ22AE3581,1,The Tech Store - Central,Viaducto Norte Guevara 241 Interior 296,24.750249,-107.336607,You are near The Tech Store. Come earn points!,https://g.page/r/ec245aac,2,407
408,ChIJ72D1B289,1,The Tech Store - Downtown,Prolongación Camboya 809 Interior 206,24.798212,-107.347835,You are near The Tech Store. Come earn points!,https://g.page/r/ebee9b48,2,408
409,ChIJ935928AC,1,The Tech Store - Midtown,Pasaje Seychelles 865 518,32.540857,-117.037909,You are near The Tech Store. Come earn points!,https://g.page/r/383158f4,2,409
410,ChIJ9316703E,1,The Tech Store - Old Town,"Continuación Japón 544 Edif. 398 , Depto. 369",21.183188,-86.86741,You are near The Tech Store. Come earn points!,https://g.page/r/a9e77671,2,410
411,ChIJ4250635B,1,The Tech Store - Business District,"Calzada Yucatán 340 Edif. 595 , Depto. 820",32.546751,-117.002655,You are near The Tech Store. Come earn points!,https://g.page/r/c16299e8,2,411
412,ChIJDDC2BBEA,1,ActiveLife - Main Branch,Callejón Quintana Roo 679 Interior 885,24.840871,-107.451558,You are near ActiveLife. Come earn points!,https://g.page/r/6ed72e17,2,412
413,ChIJF65B2143,1,Fabric House - Main Branch,Plaza Micaela Martínez 2 Piso 2 ,41.662166,-4.682345,You are near Fabric House. Come earn points!,https://g.page/r/e004ffec,1,413
414,ChIJB6B8388E,1,Fabric House - Station,C. de Segismundo Correa 39 Apt. 66 ,42.79598,-2.637178,You are near Fabric House. Come earn points!,https://g.page/r/1abc4d2d,1,414
415,ChIJ39A4FBA5,1,Fabric House - Suburbs,Calle de Salomón Niño 6,37.211761,-3.571139,You are near Fabric House. Come earn points!,https://g.page/r/02069d39,1,415
416,ChIJEF958F32,1,Fabric House - South,Callejón Aura Robles 48 Apt. 87 ,40.484184,-3.658705,You are near Fabric House. Come earn points!,https://g.page/r/1f7074a0,1,416
417,ChIJE7FAB4D8,1,HealthStop - Main Branch,"Prolongación Peralta 071 Edif. 149 , Depto. 419",19.375562,-99.094676,You are near HealthStop. Come earn points!,https://g.page/r/a9a672a0,2,417
418,ChIJ459E837E,1,The Dough Co - Main Branch,Glorieta de Claudio Barranco 78 Puerta 5 ,36.723495,-4.398367,You are near The Dough Co. Come earn points!,https://g.page/r/ccfe7991,1,418
419,ChIJ6329FEC3,1,The Dough Co - Uptown,Cañada de Simón Roura 684,38.335333,-0.526304,You are near The Dough Co. Come earn points!,https://g.page/r/32cfe07e,1,419
420,ChIJ44A916CF,1,HealthStop - Main Branch,Circuito Díaz 234 528,25.714567,-100.358277,You are near HealthStop. Come earn points!,https://g.page/r/5736ab72,2,420
421,ChIJD71C3BAB,1,HealthStop - Beachfront,Cerrada Sur Casanova 008 746,25.686366,-100.370567,You are near HealthStop. Come earn points!,https://g.page/r/4fabcc77,2,421
422,ChIJB3D1EBF4,1,HealthStop - East,"Calzada Nayarit 645 Edif. 854 , Depto. 737",20.632012,-100.433011,You are near HealthStop. Come earn points!,https://g.page/r/2371abc8,2,422
423,ChIJ46EE61D1,1,HealthStop - Mall Branch,Circuito Líbano 533 Interior 933,19.466988,-99.089715,You are near HealthStop. Come earn points!,https://g.page/r/5cb76139,2,423
424,ChIJ36514377,1,WineHouse - Main Branch,"Circunvalación Abrego 831 Edif. 718 , Depto. 204",19.007309,-98.149682,You are near WineHouse. Come earn points!,https://g.page/r/65a155c4,2,424
425,ChIJCD46A8BB,1,Trend Street - Main Branch,"Continuación Michoacán de Ocampo 290 Edif. 651 , Depto. 004",31.681702,-106.366184,You are near Trend Street. Come earn points!,https://g.page/r/a391b7fc,2,425
426,ChIJ41E649F0,1,Trend Street - Mall Branch,"Periférico Briseño 917 Edif. 230 , Depto. 042",20.710571,-103.395742,You are near Trend Street. Come earn points!,https://g.page/r/f5791b86,2,426
427,ChIJF63FF6A4,1,Flour & Co - Main Branch,Pasaje Gracia 104 Interior 275,32.455999,-117.090545,You are near Flour & Co. Come earn points!,https://g.page/r/c819e9c8,2,427
428,ChIJD2F3B86D,1,Flour & Co - Mall Branch,"Diagonal Zapata 174 Edif. 249 , Depto. 407",20.636901,-103.33701,You are near Flour & Co. Come earn points!,https://g.page/r/69f32dc3,2,428
429,ChIJ5DA23540,1,Flour & Co - Midtown,Viaducto Sinaloa 651 Interior 667,20.964927,-89.586525,You are near Flour & Co. Come earn points!,https://g.page/r/6d728f03,2,429
430,ChIJ332E96CA,1,Juice Lab - Main Branch,Pasadizo de Manola Páez 90,40.354548,-3.667748,You are near Juice Lab. Come earn points!,https://g.page/r/9cb6edc3,1,430
431,ChIJF46902E1,1,Trend Street - Main Branch,Pasaje de Adelia Olivera 58 Apt. 92 ,40.439145,-3.662511,You are near Trend Street. Come earn points!,https://g.page/r/544a55c4,1,431
432,ChIJ2170D4C4,1,Trend Street - Midtown,Cañada Fidela Baró 25,40.359558,-3.699873,You are near Trend Street. Come earn points!,https://g.page/r/e49a2b72,1,432
433,ChIJ939821B7,1,GreenCup - Main Branch,Callejón Moya 997 129,19.414593,-99.13019,You are near GreenCup. Come earn points!,https://g.page/r/034e6809,2,433
434,ChIJB8A3A9C2,1,GreenCup - Market,"Ampliación Nayarit 516 Edif. 696 , Depto. 286",29.069217,-110.97897,You are near GreenCup. Come earn points!,https://g.page/r/559c0046,2,434
435,ChIJE82E98C6,1,GreenCup - City Center,Periférico Coahuila de Zaragoza 385 227,29.079184,-110.986876,You are near GreenCup. Come earn points!,https://g.page/r/2d32199a,2,435
436,ChIJ32C04396,1,GreenCup - Old Town,Circuito Mercado 450 Interior 142,21.14746,-101.703969,You are near GreenCup. Come earn points!,https://g.page/r/bd0c6267,2,436
437,ChIJ0118E02E,1,GreenCup - Station,Pasaje Costa Rica 094 Interior 203,21.166359,-101.620261,You are near GreenCup. Come earn points!,https://g.page/r/916ee9bd,2,437
438,ChIJ97E558F5,1,GreenCup - Central,Boulevard Norte Alonso 790 518,22.134786,-100.969487,You are near GreenCup. Come earn points!,https://g.page/r/73951994,2,438
439,ChIJB4AD19E8,1,GreenCup - Harbor,Corredor Reséndez 940 976,21.174231,-101.639122,You are near GreenCup. Come earn points!,https://g.page/r/b958651b,2,439
440,ChIJ49A8784F,1,LangCorner - Main Branch,Glorieta de Maximiliano Mayo 80,40.409969,-3.675237,You are near LangCorner. Come earn points!,https://g.page/r/e1462de0,1,440
441,ChIJA7124A6E,1,LangCorner - Market,Acceso Albina Beltrán 183,38.391959,-0.421495,You are near LangCorner. Come earn points!,https://g.page/r/ba8d7318,1,441
442,ChIJ6A4811AD,1,LangCorner - Suburbs,Ronda Trini Bueno 556,40.430267,-3.651339,You are near LangCorner. Come earn points!,https://g.page/r/40e00974,1,442
443,ChIJ6D8511B1,1,LangCorner - City Center,Pasaje Visitación Olivares 76,43.326149,-2.899798,You are near LangCorner. Come earn points!,https://g.page/r/b9ed3446,1,443
444,ChIJF71CA175,1,FurryFriends - Main Branch,Rambla de Bonifacio Sotelo 26 Apt. 75 ,37.37058,-5.967431,You are near FurryFriends. Come earn points!,https://g.page/r/baccc2bf,1,444
445,ChIJC587EA5A,1,FurryFriends - Station,Ronda de África Sebastián 19 Puerta 7 ,41.703779,-4.721912,You are near FurryFriends. Come earn points!,https://g.page/r/6ecbb3c8,1,445
446,ChIJ4D9F940F,1,LangCorner - Main Branch,Eje vial Mongolia 608 Interior 511,22.105311,-100.916935,You are near LangCorner. Come earn points!,https://g.page/r/8e75ef2d,2,446
447,ChIJ1FF74F94,1,FluentPath - Main Branch,Cañada Corona Batlle 96,42.821106,-2.653271,You are near FluentPath. Come earn points!,https://g.page/r/1c8c56e4,1,447
448,ChIJD40D307C,1,Sunset Grill - Main Branch,Corredor San Luis Potosí 361 071,32.599406,-115.424942,You are near Sunset Grill. Come earn points!,https://g.page/r/c93e064d,2,448
449,ChIJ5225EF6A,1,Sunset Grill - Market,"Circunvalación Chiapas 510 Edif. 255 , Depto. 705",21.14691,-101.719302,You are near Sunset Grill. Come earn points!,https://g.page/r/e4eb7e84,2,449
450,ChIJB2ADE45F,1,LangCorner - Main Branch,Cañada Iván Álvarez 94,37.969023,-1.114237,You are near LangCorner. Come earn points!,https://g.page/r/469e9e09,1,450
451,ChIJF9C5FF45,1,LangCorner - Airport,Avenida de Raúl Arregui 13 Piso 5 ,41.363767,2.234472,You are near LangCorner. Come earn points!,https://g.page/r/90bd75e2,1,451
452,ChIJ5382A546,1,LangCorner - West,Pasadizo de Haroldo Ferrández 95 Puerta 7 ,37.173657,-3.576833,You are near LangCorner. Come earn points!,https://g.page/r/a88f97cc,1,452
453,ChIJ303230D4,1,LangCorner - Downtown,Camino de Alonso Gras 1,38.401728,-0.448201,You are near LangCorner. Come earn points!,https://g.page/r/8ca1f75f,1,453
454,ChIJF475EEBA,1,LangCorner - Central,Calle de Natanael Barco 63,43.278004,-2.905328,You are near LangCorner. Come earn points!,https://g.page/r/39d7cde7,1,454
455,ChIJ09D1A914,1,The Coffee Spot - Main Branch,Avenida Irlanda 875 523,32.665808,-115.457935,You are near The Coffee Spot. Come earn points!,https://g.page/r/02321ef7,2,455
456,ChIJ879EEA18,1,The Bakehouse - Main Branch,Corredor Norte Briseño 091 394,32.693333,-115.533556,You are near The Bakehouse. Come earn points!,https://g.page/r/13fdb495,2,456
457,ChIJ2757D0BC,1,The Fork - Main Branch,Pasadizo Jenny Bertrán 93,38.024555,-1.157811,You are near The Fork. Come earn points!,https://g.page/r/e15c4997,1,457
458,ChIJ261F50A7,1,The Fork - Downtown,Vial de Martina Falcó 70 Piso 7 ,41.721483,-4.655789,You are near The Fork. Come earn points!,https://g.page/r/9f819eb4,1,458
459,ChIJB430DA3B,1,Cloth & Co - Main Branch,Calzada Salazar 419 Interior 467,20.920527,-89.63052,You are near Cloth & Co. Come earn points!,https://g.page/r/241d8879,2,459
460,ChIJ4BFEC19C,1,Cloth & Co - Uptown,"Circuito Sur Merino 893 Edif. 989 , Depto. 688",20.656504,-103.343306,You are near Cloth & Co. Come earn points!,https://g.page/r/065ac557,2,460
461,ChIJ4B8DBFBA,1,Cloth & Co - Harbor,Calle Urías 007 425,19.00063,-98.170545,You are near Cloth & Co. Come earn points!,https://g.page/r/5df5c01d,2,461
462,ChIJ82552410,1,PetPlus - Main Branch,Calle Arguello 500 Interior 325,22.176987,-101.040234,You are near PetPlus. Come earn points!,https://g.page/r/fa9f6b69,2,462
463,ChIJ91A3621E,1,PetPlus - Old Town,"Andador Sur Sánchez 834 Edif. 940 , Depto. 749",21.819091,-102.23094,You are near PetPlus. Come earn points!,https://g.page/r/d068c03f,2,463
464,ChIJ7FF18677,1,StyleBox - Main Branch,Callejón Leticia Villena 55,41.704371,-0.851717,You are near StyleBox. Come earn points!,https://g.page/r/87133c3e,1,464
465,ChIJF66977EB,1,Book & Bean - Main Branch,"Eje vial Guinea Ecuatorial 763 Edif. 045 , Depto. 703",19.071684,-98.182769,You are near Book & Bean. Come earn points!,https://g.page/r/f0d95422,2,465
466,ChIJ6A5F9EAF,1,Book & Bean - South,"Cerrada Hidalgo 138 Edif. 555 , Depto. 308",24.832884,-107.370833,You are near Book & Bean. Come earn points!,https://g.page/r/8df851cb,2,466
467,ChIJ77E2AC25,1,Book & Bean - Suburbs,Diagonal Norte Alonzo 835 Interior 096,24.813836,-107.362442,You are near Book & Bean. Come earn points!,https://g.page/r/0bf9f440,2,467
468,ChIJAB734702,1,Book & Bean - Business District,Continuación Velásquez 465 Interior 512,20.700376,-103.372408,You are near Book & Bean. Come earn points!,https://g.page/r/036c0878,2,468
469,ChIJED994673,1,Book & Bean - Market,"Periférico Yucatán 221 Edif. 181 , Depto. 970",19.101449,-98.168713,You are near Book & Bean. Come earn points!,https://g.page/r/9b8c060d,2,469
470,ChIJ83EEDFC1,1,Book & Bean - West,Periférico Tlaxcala 868 Interior 054,20.527053,-100.410948,You are near Book & Bean. Come earn points!,https://g.page/r/f831e2ce,2,470
471,ChIJF122B1EC,1,Book & Bean - Mall Branch,Circunvalación Tafoya 257 Interior 224,24.839442,-107.36096,You are near Book & Bean. Come earn points!,https://g.page/r/a3d53000,2,471
472,ChIJ01C7BAEC,1,Book & Bean - Midtown,Diagonal Castillo 097 Interior 290,31.711549,-106.384089,You are near Book & Bean. Come earn points!,https://g.page/r/8ef9d5d4,2,472
473,ChIJ89C5AE1C,1,PourMore - Main Branch,Rambla de Juan José Borrego 241 Puerta 5 ,42.837175,-2.709329,You are near PourMore. Come earn points!,https://g.page/r/c1a5038d,1,473
474,ChIJ0EDF123F,1,PourMore - Market,Urbanización Ángela Vallejo 56 Puerta 6 ,43.209197,-2.992725,You are near PourMore. Come earn points!,https://g.page/r/400aa976,1,474
475,ChIJC830B7A3,1,PourMore - Suburbs,C. María Carmen Perales 61 Piso 3 ,41.362633,2.185908,You are near PourMore. Come earn points!,https://g.page/r/544cabd8,1,475
476,ChIJ3BEA49F6,1,PourMore - City Center,Cuesta Reina Céspedes 48 Piso 4 ,37.423246,-6.037745,You are near PourMore. Come earn points!,https://g.page/r/1fad39b0,1,476
477,ChIJCD859178,1,SmartGear - Main Branch,Pasaje de Aránzazu Tomás 3,41.595838,-0.915128,You are near SmartGear. Come earn points!,https://g.page/r/05cbf77a,1,477
478,ChIJ8FCE013E,1,SmartGear - Suburbs,Callejón de Berto Ayala 95 Puerta 5 ,36.730768,-4.489765,You are near SmartGear. Come earn points!,https://g.page/r/e630c26c,1,478
479,ChIJDF21CC39,1,TheJuicery - Main Branch,"Boulevard Sur Muñiz 680 Edif. 276 , Depto. 010",19.444608,-99.17642,You are near TheJuicery. Come earn points!,https://g.page/r/e590856e,2,479
480,ChIJ2F4825F3,1,PharmaPoint - Main Branch,Peatonal Ruiz 322 162,31.757179,-106.44925,You are near PharmaPoint. Come earn points!,https://g.page/r/89fbfdca,2,480
481,ChIJ70FAF05F,1,WordSmith - Main Branch,Calle Aguascalientes 533 Interior 293,21.163653,-101.62125,You are near WordSmith. Come earn points!,https://g.page/r/e0fcd979,2,481
482,ChIJ1D9309DB,1,WordSmith - East,Pasaje Jalisco 643 Interior 638,25.688765,-100.301774,You are near WordSmith. Come earn points!,https://g.page/r/7b1e82f0,2,482
483,ChIJA6B271BD,1,WordSmith - Midtown,Boulevard Serbia 637 Interior 113,18.985922,-98.274714,You are near WordSmith. Come earn points!,https://g.page/r/7198d3fb,2,483
484,ChIJFB75BB24,1,WordSmith - Business District,Privada Sur Salcedo 305 Interior 287,32.657484,-115.517742,You are near WordSmith. Come earn points!,https://g.page/r/394f74b5,2,484
485,ChIJ1C71AFF5,1,WordSmith - University,Prolongación Norte Rangel 136 Interior 213,32.56121,-117.038023,You are near WordSmith. Come earn points!,https://g.page/r/906dfc29,2,485
486,ChIJBE798066,1,Sakura Roll - Main Branch,"Diagonal Marrero 827 Edif. 854 , Depto. 838",20.91764,-89.653325,You are near Sakura Roll. Come earn points!,https://g.page/r/298e0d4a,2,486
487,ChIJ9BAD61F2,1,Sakura Roll - Uptown,"Viaducto Villareal 244 Edif. 015 , Depto. 605",21.908149,-102.248819,You are near Sakura Roll. Come earn points!,https://g.page/r/5dd566c3,2,487
488,ChIJ10831C25,1,Sakura Roll - Market,Boulevard Sur Zepeda 377 870,21.819808,-102.31618,You are near Sakura Roll. Come earn points!,https://g.page/r/8865d723,2,488
489,ChIJ3CD608E9,1,Sakura Roll - Business District,"Continuación San Vicente y las Granadinas 088 Edif. 535 , Depto. 786",21.229647,-86.903715,You are near Sakura Roll. Come earn points!,https://g.page/r/c63a8eec,2,489
490,ChIJ18B048B1,1,Sakura Roll - North,Continuación Sur Vergara 234 Interior 752,32.691913,-115.47104,You are near Sakura Roll. Come earn points!,https://g.page/r/0880f089,2,490
491,ChIJ25A5C7E7,1,Sakura Roll - Downtown,Cerrada Sur Gil 297 421,32.623199,-115.497191,You are near Sakura Roll. Come earn points!,https://g.page/r/7f44a0cf,2,491
492,ChIJB3B408AE,1,Sakura Roll - West,Andador Sur Carmona 667 715,31.628234,-106.380571,You are near Sakura Roll. Come earn points!,https://g.page/r/3ccc7ecb,2,492
493,ChIJ4884FA74,1,Sakura Roll - University,Calle Maya 463 289,25.731904,-100.356514,You are near Sakura Roll. Come earn points!,https://g.page/r/e791c415,2,493
494,ChIJ9D5E6310,1,CarePharm - Main Branch,Ronda Xiomara Sáenz 63 Piso 6 ,38.405821,-0.51949,You are near CarePharm. Come earn points!,https://g.page/r/878de140,1,494
495,ChIJ79B29BE3,1,CarePharm - Central,Callejón Graciela Bilbao 31 Puerta 7 ,38.282359,-0.42984,You are near CarePharm. Come earn points!,https://g.page/r/9d921bcd,1,495
496,ChIJC04393A7,1,CarePharm - Business District,Acceso de Marisol Segarra 52 Piso 5 ,39.519949,-0.344165,You are near CarePharm. Come earn points!,https://g.page/r/e4cc3e24,1,496
497,ChIJ6FFE7FB0,1,The Coffee Spot - Main Branch,Privada Miramontes 359 Interior 115,32.581815,-117.015705,You are near The Coffee Spot. Come earn points!,https://g.page/r/64a09392,2,497
498,ChIJ7BD5D3EE,1,The Coffee Spot - West,"Eje vial Sur Roldán 908 Edif. 426 , Depto. 496",32.615287,-115.534981,You are near The Coffee Spot. Come earn points!,https://g.page/r/78dc6892,2,498
499,ChIJ4868A0B7,1,TechCorner - Main Branch,Glorieta de Balduino Ribes 99 Apt. 76 ,36.697237,-4.395094,You are near TechCorner. Come earn points!,https://g.page/r/ae476710,1,499
500,ChIJ9B794221,1,TechCorner - Uptown,Calle de Rosario Tolosa 23 Puerta 8 ,41.68408,-0.904251,You are near TechCorner. Come earn points!,https://g.page/r/adbe4e18,1,500
501,ChIJDE17E3D3,1,TechCorner - Business District,Callejón de Reyes Lozano 84 Piso 4 ,39.601746,2.619531,You are near TechCorner. Come earn points!,https://g.page/r/e89c09d1,1,501
502,ChIJ663DF069,1,TechCorner - East,Vial Heraclio Arnaiz 57 Piso 0 ,37.134313,-3.549125,You are near TechCorner. Come earn points!,https://g.page/r/a189ed87,1,502
503,ChIJE28327B6,1,Go Burger - Main Branch,"Circuito Togo 572 Edif. 114 , Depto. 378",31.633625,-106.448721,You are near Go Burger. Come earn points!,https://g.page/r/f8b4967d,2,503
504,ChIJ16A80BEF,1,Go Burger - Market,Pasaje Yucatán 718 Interior 381,29.113254,-110.93429,You are near Go Burger. Come earn points!,https://g.page/r/cea315c7,2,504
505,ChIJFB80D488,1,Go Burger - Beachfront,Circunvalación Guanajuato 295 Interior 502,32.723841,-115.49543,You are near Go Burger. Come earn points!,https://g.page/r/dcc10c98,2,505
506,ChIJC3B1EF63,1,Go Burger - Business District,Callejón Suárez 482 699,22.101917,-101.035741,You are near Go Burger. Come earn points!,https://g.page/r/a682c7d9,2,506
507,ChIJCE287009,1,Go Burger - Suburbs,"Privada Norte Holguín 728 Edif. 308 , Depto. 322",21.882542,-102.235389,You are near Go Burger. Come earn points!,https://g.page/r/04c2668b,2,507
508,ChIJ8EF88083,1,Go Burger - City Center,"Andador Guanajuato 717 Edif. 053 , Depto. 711",19.001539,-98.171226,You are near Go Burger. Come earn points!,https://g.page/r/03b94642,2,508
509,ChIJB59B3683,1,YogaSpace - Main Branch,Paseo Jaime Cobos 73 Apt. 15 ,38.366173,-0.500288,You are near YogaSpace. Come earn points!,https://g.page/r/49decb92,1,509
510,ChIJ61CD8F74,1,YogaSpace - Business District,Urbanización de Josep Daza 3,42.856595,-2.647036,You are near YogaSpace. Come earn points!,https://g.page/r/682c5e6b,1,510
511,ChIJF56A09B4,1,Quick Bite - Main Branch,Andador Rivero 357 Interior 802,32.613665,-115.404944,You are near Quick Bite. Come earn points!,https://g.page/r/70ac816d,2,511
512,ChIJ0458BD4D,1,Mode & Co - Main Branch,Callejón Santa Lucía 075 Interior 739,31.715122,-106.470449,You are near Mode & Co. Come earn points!,https://g.page/r/a27fa08e,2,512
513,ChIJFEE89AA5,1,Mode & Co - City Center,Boulevard Colima 725 Interior 058,19.375447,-99.066618,You are near Mode & Co. Come earn points!,https://g.page/r/801074d6,2,513
514,ChIJ708E07B2,1,Fresh Crumb - Main Branch,Acceso de Trini Olivé 49 Apt. 59 ,39.532309,-0.429571,You are near Fresh Crumb. Come earn points!,https://g.page/r/31cad80a,1,514
515,ChIJ18D91989,1,Fresh Crumb - Beachfront,Callejón Olivia Bellido 69,39.591014,2.663075,You are near Fresh Crumb. Come earn points!,https://g.page/r/9a47dcab,1,515
516,ChIJF747BE8C,1,Fresh Crumb - Uptown,Calle Sergio Borrás 8 Puerta 0 ,39.487776,-0.389441,You are near Fresh Crumb. Come earn points!,https://g.page/r/361b4b2d,1,516
517,ChIJF4B7F070,1,Fresh Crumb - University,Paseo Vidal Sureda 34 Puerta 5 ,40.362632,-3.71747,You are near Fresh Crumb. Come earn points!,https://g.page/r/d1795687,1,517
518,ChIJ14D4F744,1,Fresh Crumb - Old Town,Rambla Noelia Nuñez 39,43.289318,-2.871362,You are near Fresh Crumb. Come earn points!,https://g.page/r/192383d2,1,518
519,ChIJ5BC35E8F,1,SushiPoint - Main Branch,"Callejón Puebla 456 Edif. 153 , Depto. 523",22.183328,-100.946381,You are near SushiPoint. Come earn points!,https://g.page/r/49bfd28b,2,519
520,ChIJDF9D2FED,1,SushiPoint - North,Andador Puebla 793 Interior 641,29.125903,-111.034454,You are near SushiPoint. Come earn points!,https://g.page/r/15e972a6,2,520
521,ChIJD7431F61,1,SushiPoint - Downtown,Prolongación Santacruz 767 Interior 507,21.018085,-89.601956,You are near SushiPoint. Come earn points!,https://g.page/r/1a04adba,2,521
522,ChIJDB030AA7,1,PharmaPoint - Main Branch,Via Che Amores 125 Puerta 6 ,43.281527,-2.942683,You are near PharmaPoint. Come earn points!,https://g.page/r/a3461f2f,1,522
523,ChIJ6B51B5BA,1,The Dough Co - Main Branch,C. de Rafa Casanovas 47,40.3628,-3.761431,You are near The Dough Co. Come earn points!,https://g.page/r/b1055711,1,523
524,ChIJ9EBD6492,1,The Coffee Spot - Main Branch,Glorieta de Hortensia Ponce 3 Apt. 12 ,38.002797,-1.072813,You are near The Coffee Spot. Come earn points!,https://g.page/r/8b20ab96,1,524
525,ChIJCD1A6C7D,1,The Coffee Spot - University,Plaza de Marcela Cano 87 Apt. 97 ,37.322224,-5.973783,You are near The Coffee Spot. Come earn points!,https://g.page/r/e52c87ff,1,525
526,ChIJ4C9DF6C9,1,Cloth & Co - Main Branch,Urbanización Marcial Tapia 782 Piso 3 ,28.12113,-15.408878,You are near Cloth & Co. Come earn points!,https://g.page/r/57210e9f,1,526
527,ChIJ06D4378E,1,Mindful Yoga - Main Branch,Pasaje de Cristian Tovar 57 Puerta 0 ,41.426208,2.128354,You are near Mindful Yoga. Come earn points!,https://g.page/r/9884c57b,1,527
528,ChIJA9F71F41,1,Mindful Yoga - Uptown,Via de Coral Montenegro 82 Apt. 33 ,38.052994,-1.101617,You are near Mindful Yoga. Come earn points!,https://g.page/r/b86a7b59,1,528
529,ChIJE1F04D50,1,CarGlow - Main Branch,Cerrada Campeche 378 176,32.523999,-117.094078,You are near CarGlow. Come earn points!,https://g.page/r/7be604ff,2,529
530,ChIJ7D725811,1,CarGlow - Midtown,"Pasaje Medrano 806 Edif. 632 , Depto. 876",20.688928,-103.298291,You are near CarGlow. Come earn points!,https://g.page/r/b0e071e2,2,530
531,ChIJ2CD32A4F,1,Trend Street - Main Branch,Avenida Tlaxcala 401 Interior 555,21.116885,-86.807198,You are near Trend Street. Come earn points!,https://g.page/r/a94619b0,2,531
532,ChIJ1A003B3A,1,Trend Street - University,"Viaducto Norte Matías 669 Edif. 279 , Depto. 410",19.417132,-99.088555,You are near Trend Street. Come earn points!,https://g.page/r/fccdfd73,2,532
533,ChIJ2D68C3DF,1,Trend Street - Station,"Corredor Nieves 085 Edif. 213 , Depto. 665",29.145707,-110.978601,You are near Trend Street. Come earn points!,https://g.page/r/bf6eeb03,2,533
534,ChIJCB20D764,1,WaveRoll - Main Branch,"Viaducto Sur Mora 797 Edif. 644 , Depto. 733",21.2082,-86.845543,You are near WaveRoll. Come earn points!,https://g.page/r/8f2b5fac,2,534
535,ChIJ34288DEB,1,WaveRoll - North,Boulevard Nayarit 106 629,32.703609,-115.520627,You are near WaveRoll. Come earn points!,https://g.page/r/9161c46c,2,535
536,ChIJ8E91E328,1,WaveRoll - City Center,"Continuación Centeno 263 Edif. 475 , Depto. 749",29.061045,-110.954798,You are near WaveRoll. Come earn points!,https://g.page/r/27d7b947,2,536
537,ChIJC72AFB8B,1,CarePharm - Main Branch,Paseo Godofredo Arenas 35,41.340293,2.186874,You are near CarePharm. Come earn points!,https://g.page/r/cb831bb2,1,537
538,ChIJA86173EF,1,CarePharm - Airport,Via de Curro Morán 42 Piso 0 ,39.400745,-0.383387,You are near CarePharm. Come earn points!,https://g.page/r/870a5924,1,538
539,ChIJC8E6D9D7,1,Nori House - Main Branch,Camino Fortunata Coloma 15,41.595226,-0.940966,You are near Nori House. Come earn points!,https://g.page/r/b695aaa9,1,539
540,ChIJ67A0867E,1,Nori House - Old Town,Calle de Brígida Rosado 47 Piso 6 ,37.41037,-6.041705,You are near Nori House. Come earn points!,https://g.page/r/b08fb305,1,540
541,ChIJ646489CF,1,Nori House - South,Calle Esteban Miranda 38,43.312203,-3.000099,You are near Nori House. Come earn points!,https://g.page/r/b9b8076f,1,541
542,ChIJ48C0AC20,1,Nori House - East,Rambla Adelia Egea 913,41.385861,2.153898,You are near Nori House. Come earn points!,https://g.page/r/57b6bda8,1,542
543,ChIJCC566C74,1,Nori House - Uptown,Cuesta Sebastian Teruel 425,39.524024,2.716794,You are near Nori House. Come earn points!,https://g.page/r/53721fe8,1,543
544,ChIJ5F1F7EA6,1,Nori House - North,Calle de Rómulo Montalbán 24,41.582012,-4.751916,You are near Nori House. Come earn points!,https://g.page/r/2651d1bb,1,544
545,ChIJD074A681,1,Nori House - City Center,Glorieta de Otilia Tapia 25,39.626647,2.621076,You are near Nori House. Come earn points!,https://g.page/r/d90c4766,1,545
546,ChIJ594FFB72,1,The Dough Co - Main Branch,Via Dafne Verdú 758,39.562289,2.66079,You are near The Dough Co. Come earn points!,https://g.page/r/d549bbae,1,546
547,ChIJ05763056,1,The Mat Room - Main Branch,"Pasaje Eritrea 970 Edif. 554 , Depto. 549",21.858811,-102.23349,You are near The Mat Room. Come earn points!,https://g.page/r/95768f48,2,547
548,ChIJ72C2D286,1,Crusty Corner - Main Branch,Pasaje de Ámbar Valentín 3 Apt. 52 ,41.662864,-0.887517,You are near Crusty Corner. Come earn points!,https://g.page/r/08ca0874,1,548
549,ChIJ94E1EBF8,1,Crusty Corner - North,Glorieta Chus Iglesias 72,38.288861,-0.436233,You are near Crusty Corner. Come earn points!,https://g.page/r/b5c1b114,1,549
550,ChIJ204827A0,1,Crusty Corner - Market,Avenida Guiomar Yuste 7 Piso 4 ,37.324143,-6.034167,You are near Crusty Corner. Come earn points!,https://g.page/r/18e505ef,1,550
551,ChIJ2F5D43EB,1,The Training Zone - Main Branch,Camino de Agapito Bas 45 Puerta 4 ,42.892568,-2.607961,You are near The Training Zone. Come earn points!,https://g.page/r/e742cefe,1,551
552,ChIJ62FE4165,1,The Training Zone - Beachfront,Avenida de Susanita Delgado 85,28.13129,-15.42315,You are near The Training Zone. Come earn points!,https://g.page/r/bade7f20,1,552
553,ChIJ45826925,1,TechBox - Main Branch,Callejón Pascuala Izaguirre 338 Puerta 0 ,43.210989,-2.917876,You are near TechBox. Come earn points!,https://g.page/r/c8657bee,1,553
554,ChIJ6EDA81C5,1,TechBox - City Center,Acceso de Anacleto Arnaiz 81,41.391979,2.139494,You are near TechBox. Come earn points!,https://g.page/r/c966ad6f,1,554
555,ChIJ32BF9463,1,TechBox - Downtown,Plaza Juan Pablo Noriega 887 Puerta 2 ,41.708512,-4.737992,You are near TechBox. Come earn points!,https://g.page/r/906df1cd,1,555
556,ChIJ6043AC1C,1,TechBox - Suburbs,Glorieta de Sarita Collado 64,41.447264,2.197714,You are near TechBox. Come earn points!,https://g.page/r/875e97bb,1,556
557,ChIJC0A901CC,1,Book & Bean - Main Branch,Callejón Sur Garza 313 Interior 912,21.835054,-102.332473,You are near Book & Bean. Come earn points!,https://g.page/r/b2ab73e6,2,557
558,ChIJE2A026B1,1,EasyTalk - Main Branch,Diagonal Sur Solorio 521 087,22.181574,-100.91565,You are near EasyTalk. Come earn points!,https://g.page/r/eb795a5d,2,558
559,ChIJFFD233D8,1,EasyTalk - Uptown,Cerrada Reynoso 979 Interior 686,21.90538,-102.260978,You are near EasyTalk. Come earn points!,https://g.page/r/19ce89d1,2,559
560,ChIJ0D2B2677,1,EasyTalk - Midtown,Avenida Norte Leiva 588 Interior 738,20.610025,-100.344129,You are near EasyTalk. Come earn points!,https://g.page/r/53db55ef,2,560
561,ChIJD2639D41,1,EasyTalk - Harbor,Callejón Namibia 885 Interior 594,20.540966,-100.343981,You are near EasyTalk. Come earn points!,https://g.page/r/8cd13a98,2,561
562,ChIJ36A7F1FB,1,Core Fit - Main Branch,Alameda de Ignacia Prats 69,41.716943,-0.898292,You are near Core Fit. Come earn points!,https://g.page/r/021168f1,1,562
563,ChIJ9019661F,1,StyleBox - Main Branch,Rambla Eugenio Cañas 80 Puerta 1 ,40.480962,-3.73835,You are near StyleBox. Come earn points!,https://g.page/r/2a296ccd,1,563
564,ChIJ2FE77DF3,1,StyleBox - East,Ronda Nacio Gras 30,43.210447,-2.989601,You are near StyleBox. Come earn points!,https://g.page/r/ce497214,1,564
565,ChIJCA664E18,1,YogaSpace - Main Branch,Calle de Angelita Cantón 8 Piso 8 ,39.556949,2.62611,You are near YogaSpace. Come earn points!,https://g.page/r/f418c37d,1,565
566,ChIJ71865F51,1,YogaSpace - Mall Branch,Rambla Teodora Marco 376,41.365795,2.149692,You are near YogaSpace. Come earn points!,https://g.page/r/c09cb1e1,1,566
567,ChIJ18250EA3,1,YogaSpace - University,Plaza Gerónimo Macías 22 Puerta 1 ,43.213486,-2.893266,You are near YogaSpace. Come earn points!,https://g.page/r/51c9753a,1,567
568,ChIJ6E22A4B3,1,YogaSpace - Suburbs,Cañada de Concepción Tamarit 850,43.194381,-2.952198,You are near YogaSpace. Come earn points!,https://g.page/r/872bb3b7,1,568
569,ChIJFCFAE354,1,YogaSpace - Uptown,Callejón de Maximiliano Cañizares 2 Piso 1 ,37.372009,-6.0393,You are near YogaSpace. Come earn points!,https://g.page/r/a0eed75e,1,569
570,ChIJ2A4DC303,1,YogaSpace - South,Avenida de Emiliano Borrell 10 Puerta 6 ,37.12429,-3.595293,You are near YogaSpace. Come earn points!,https://g.page/r/0a8f1895,1,570
571,ChIJ37DF0921,1,YogaSpace - Midtown,Calle de Lorenzo Salas 249,37.149917,-3.554012,You are near YogaSpace. Come earn points!,https://g.page/r/05d5f5a3,1,571
572,ChIJEBDF110C,1,LangCorner - Main Branch,Acceso de Javier Bueno 94,37.926376,-1.151154,You are near LangCorner. Come earn points!,https://g.page/r/34ec8183,1,572
573,ChIJ29200F39,1,LangCorner - University,Paseo de Cornelio Guitart 56 Apt. 62 ,28.175156,-15.428784,You are near LangCorner. Come earn points!,https://g.page/r/ded34071,1,573
574,ChIJ9D9B4193,1,LangCorner - Station,Rambla de Américo Díez 92 Apt. 69 ,28.067869,-15.499285,You are near LangCorner. Come earn points!,https://g.page/r/648f3d87,1,574
575,ChIJ9E5F499A,1,LangPlus - Main Branch,Callejón de Angelita Ramírez 1,41.710511,-0.904461,You are near LangPlus. Come earn points!,https://g.page/r/e79f7569,1,575
576,ChIJ17D9486C,1,LangPlus - Market,Paseo Nilo Huertas 39,41.690852,-0.864106,You are near LangPlus. Come earn points!,https://g.page/r/8447d71c,1,576
577,ChIJ0E9BBD37,1,LangPlus - South,Callejón de Sara Rosselló 427,37.892435,-4.765754,You are near LangPlus. Come earn points!,https://g.page/r/1440d3dc,1,577
578,ChIJ14910E17,1,Beauty Corner - Main Branch,Alameda Benigno Cifuentes 69 Piso 8 ,42.832371,-2.659077,You are near Beauty Corner. Come earn points!,https://g.page/r/fe99c2b6,1,578
579,ChIJA770BD69,1,Beauty Corner - Old Town,Via Anita Quintanilla 498,43.19433,-2.933101,You are near Beauty Corner. Come earn points!,https://g.page/r/c6392138,1,579
580,ChIJE8920980,1,PetZone - Main Branch,Cañada Mercedes Torrent 39,39.492059,-0.426026,You are near PetZone. Come earn points!,https://g.page/r/c02e4d7a,1,580
581,ChIJA3CB666B,1,PetZone - North,Avenida Toño Larrañaga 16,28.156959,-15.498599,You are near PetZone. Come earn points!,https://g.page/r/15cbe90a,1,581
582,ChIJ38CB22E2,1,PetZone - Harbor,Callejón Mateo Romero 19,38.364487,-0.499179,You are near PetZone. Come earn points!,https://g.page/r/f97842d6,1,582
583,ChIJ80E0198C,1,Green Table - Main Branch,Glorieta de Gala Pareja 26,37.852876,-4.763782,You are near Green Table. Come earn points!,https://g.page/r/57a75721,1,583
584,ChIJB8E4C5D1,1,Green Table - Uptown,Alameda Luisa Madrid 3,38.33909,-0.489546,You are near Green Table. Come earn points!,https://g.page/r/78c46349,1,584
585,ChIJ2AA7C72D,1,Green Table - Airport,Pasaje Ricardo Armas 58 Puerta 8 ,41.689786,-0.888688,You are near Green Table. Come earn points!,https://g.page/r/02a1fea7,1,585
586,ChIJ135B4C60,1,Green Table - South,Cuesta de Manolo Somoza 93 Apt. 58 ,43.326366,-2.932117,You are near Green Table. Come earn points!,https://g.page/r/d046b203,1,586
587,ChIJADA38EBE,1,Green Table - West,Cañada Luisa Arteaga 851,38.398394,-0.437037,You are near Green Table. Come earn points!,https://g.page/r/84ff06a9,1,587
588,ChIJ6DB6C9A0,1,Green Table - Midtown,Calle de Marcia Alberdi 8 Apt. 50 ,43.281989,-2.992828,You are near Green Table. Come earn points!,https://g.page/r/f97379c6,1,588
589,ChIJF45474FC,1,VineSelect - Main Branch,Urbanización Marisol Jara 31 Puerta 2 ,43.249912,-2.961217,You are near VineSelect. Come earn points!,https://g.page/r/df9abd41,1,589
590,ChIJC3EE5BE8,1,VineSelect - City Center,Via de Salomé Olivera 23,41.403855,2.113737,You are near VineSelect. Come earn points!,https://g.page/r/1d94b9d6,1,590
591,ChIJC54DED41,1,VineSelect - South,Alameda de Sergio Costa 77,37.451281,-6.030884,You are near VineSelect. Come earn points!,https://g.page/r/4a567958,1,591
592,ChIJB4FCC73A,1,WordSmith - Main Branch,Peatonal Sur Luevano 469 Interior 012,19.373842,-99.162981,You are near WordSmith. Come earn points!,https://g.page/r/6815be46,2,592
593,ChIJD40227C8,1,WordSmith - Business District,Pasaje Sur Alarcón 898 Interior 782,24.807999,-107.341591,You are near WordSmith. Come earn points!,https://g.page/r/f95e04d6,2,593
594,ChIJEBEB2594,1,WordSmith - Market,Diagonal Orozco 656 Interior 878,31.714785,-106.363458,You are near WordSmith. Come earn points!,https://g.page/r/33d157d5,2,594
595,ChIJ31030F15,1,WordSmith - Midtown,"Corredor Estonia 764 Edif. 382 , Depto. 155",25.683152,-100.313898,You are near WordSmith. Come earn points!,https://g.page/r/94ce88bb,2,595
596,ChIJ4FC7772A,1,WordSmith - Mall Branch,"Prolongación Vanegas 114 Edif. 788 , Depto. 227",22.203331,-100.957297,You are near WordSmith. Come earn points!,https://g.page/r/70016510,2,596
597,ChIJEEC1548D,1,WordSmith - Central,"Cerrada Nayarit 196 Edif. 054 , Depto. 862",31.621946,-106.467374,You are near WordSmith. Come earn points!,https://g.page/r/2579fb65,2,597
598,ChIJ3550BED7,1,Shelf Life - Main Branch,Glorieta de Corona Aragón 2,42.880428,-2.642018,You are near Shelf Life. Come earn points!,https://g.page/r/748a3123,1,598
599,ChIJF1359DEE,1,Warm Oven - Main Branch,Glorieta Jacinto Bolaños 725,38.349805,-0.502692,You are near Warm Oven. Come earn points!,https://g.page/r/662b3e51,1,599
600,ChIJB1CC9804,1,Warm Oven - Business District,Paseo de Mireia Domínguez 42,38.367564,-0.422136,You are near Warm Oven. Come earn points!,https://g.page/r/9e061aa1,1,600
601,ChIJ3591251E,1,Go Burger - Main Branch,Cuesta Francisco Jose Serna 19,37.239292,-3.573229,You are near Go Burger. Come earn points!,https://g.page/r/754d3c9d,1,601
602,ChIJ49B1932F,1,Go Burger - Old Town,Pasadizo Tamara Beltrán 44,40.431032,-3.637949,You are near Go Burger. Come earn points!,https://g.page/r/91c87e7d,1,602
603,ChIJ199AFA42,1,Go Burger - Station,C. Brunilda Agustí 74 Puerta 5 ,41.712226,-4.687081,You are near Go Burger. Come earn points!,https://g.page/r/b88d0e79,1,603
604,ChIJC69EA08C,1,Go Burger - University,Vial de Alonso Flores 50,37.13851,-3.658483,You are near Go Burger. Come earn points!,https://g.page/r/615db894,1,604
605,ChIJ9BFFAB0B,1,Go Burger - Mall Branch,Alameda Palmira Isern 47,42.794665,-2.692539,You are near Go Burger. Come earn points!,https://g.page/r/92a1d3c2,1,605
606,ChIJB39A0D6F,1,Go Burger - Airport,Avenida de Bibiana Nebot 19,40.405181,-3.719927,You are near Go Burger. Come earn points!,https://g.page/r/2e4ed964,1,606
607,ChIJ671D2028,1,Go Burger - City Center,Camino de María Pilar Quintero 86,41.713762,-0.911686,You are near Go Burger. Come earn points!,https://g.page/r/ea745832,1,607
608,ChIJ0BF32268,1,Go Burger - West,Pasaje de Oriana Flor 98 Apt. 33 ,41.616967,-4.718523,You are near Go Burger. Come earn points!,https://g.page/r/8d9fe67d,1,608
609,ChIJ37906C2B,1,Inner Peace Studio - Main Branch,Rambla Sandalio Ramón 70,37.938093,-4.808391,You are near Inner Peace Studio. Come earn points!,https://g.page/r/1fd1b157,1,609
610,ChIJE2B459BF,1,Inner Peace Studio - Suburbs,Ronda de Gregorio Iborra 9 Apt. 73 ,37.954096,-1.170171,You are near Inner Peace Studio. Come earn points!,https://g.page/r/aba75c2d,1,610
611,ChIJE4042FF9,1,Inner Peace Studio - Central,Cuesta Modesto Mate 61,38.363365,-0.495893,You are near Inner Peace Studio. Come earn points!,https://g.page/r/1fc82528,1,611
612,ChIJ5E06F595,1,Inner Peace Studio - Downtown,Pasaje Emelina Solano 3 Piso 5 ,37.149675,-3.538364,You are near Inner Peace Studio. Come earn points!,https://g.page/r/83708f85,1,612
613,ChIJD1C436B2,1,Snappy Meals - Main Branch,"Viaducto Campeche 498 Edif. 068 , Depto. 735",22.151174,-100.929921,You are near Snappy Meals. Come earn points!,https://g.page/r/338f4dfe,2,613
614,ChIJC8C770DA,1,Cellar Door - Main Branch,Cañada Abril Medina 12,37.171828,-3.582515,You are near Cellar Door. Come earn points!,https://g.page/r/20334955,1,614
615,ChIJA537E9B4,1,Cellar Door - Mall Branch,Glorieta de América Rovira 48 Piso 7 ,37.92105,-1.199175,You are near Cellar Door. Come earn points!,https://g.page/r/867c3c5b,1,615
616,ChIJ5BE83965,1,Cellar Door - Market,Rambla de Juliana Aramburu 88,37.958997,-1.150455,You are near Cellar Door. Come earn points!,https://g.page/r/d57b4739,1,616
617,ChIJDB37666A,1,Cellar Door - Old Town,Cuesta Cirino Tomás 7,40.394961,-3.671859,You are near Cellar Door. Come earn points!,https://g.page/r/3ac8662a,1,617
618,ChIJ7D72BBB2,1,PharmaPoint - Main Branch,Ronda de Alondra Casado 458 Piso 7 ,36.699635,-4.475813,You are near PharmaPoint. Come earn points!,https://g.page/r/59adac56,1,618
619,ChIJ8A0A9FB2,1,PharmaPoint - Beachfront,Callejón de Ana Sofía Ferreras 38,37.940656,-1.125926,You are near PharmaPoint. Come earn points!,https://g.page/r/84f7571d,1,619
620,ChIJA68A90C7,1,PharmaPoint - North,Alameda Rico Sierra 4 Piso 9 ,37.128519,-3.651662,You are near PharmaPoint. Come earn points!,https://g.page/r/08f90fdc,1,620
621,ChIJFFAC3E3D,1,PharmaPoint - Suburbs,Urbanización de Julieta Raya 7,37.913967,-1.092277,You are near PharmaPoint. Come earn points!,https://g.page/r/3f67280f,1,621
622,ChIJ136EBC12,1,The Style Room - Main Branch,Pasadizo Celia Acero 584 Apt. 50 ,43.224653,-2.94965,You are near The Style Room. Come earn points!,https://g.page/r/c6ed5cda,1,622
623,ChIJ9111B791,1,The Style Room - University,Acceso Alonso Palacios 26 Apt. 15 ,43.244029,-2.880093,You are near The Style Room. Come earn points!,https://g.page/r/77f96bc9,1,623
624,ChIJC1B2E1A1,1,SmartGear - Main Branch,Cañada Fermín Cabeza 17,39.613616,2.595217,You are near SmartGear. Come earn points!,https://g.page/r/908f6727,1,624
625,ChIJAE7428A5,1,SmartGear - West,Ronda Inmaculada Peláez 137 Apt. 01 ,38.004879,-1.13849,You are near SmartGear. Come earn points!,https://g.page/r/128c8b24,1,625
626,ChIJF432608F,1,SmartGear - City Center,Calle de Vicenta Bellido 56 Apt. 37 ,39.449523,-0.385246,You are near SmartGear. Come earn points!,https://g.page/r/f646e7ea,1,626
627,ChIJ11EBBCD4,1,SmartGear - Central,Calle Joaquina Sanmiguel 543 Piso 7 ,41.701701,-0.859709,You are near SmartGear. Come earn points!,https://g.page/r/cc2db278,1,627
628,ChIJ8641411D,1,SmartGear - Uptown,C. de Marcia Abella 72 Apt. 91 ,41.341539,2.108636,You are near SmartGear. Come earn points!,https://g.page/r/64ac8037,1,628
629,ChIJF0B5E9DF,1,Core Fit - Main Branch,"Calzada Tlaxcala 874 Edif. 001 , Depto. 602",31.678948,-106.44763,You are near Core Fit. Come earn points!,https://g.page/r/b70f5d90,2,629
630,ChIJ7B936E6F,1,Core Fit - Midtown,Andador Campeche 026 Interior 220,19.384444,-99.175141,You are near Core Fit. Come earn points!,https://g.page/r/bda38cc9,2,630
631,ChIJD10F3C62,1,Core Fit - Station,Boulevard Malasia 044 Interior 991,21.031358,-89.55539,You are near Core Fit. Come earn points!,https://g.page/r/1148a8bf,2,631
632,ChIJ3ED4E587,1,Core Fit - Harbor,Boulevard Djibouti 713 426,20.647953,-103.341983,You are near Core Fit. Come earn points!,https://g.page/r/6df06992,2,632
633,ChIJDAFCE573,1,Core Fit - South,Circunvalación Sur Nazario 519 Interior 621,29.127443,-111.029159,You are near Core Fit. Come earn points!,https://g.page/r/37d82309,2,633
634,ChIJE55E6897,1,Core Fit - Uptown,"Calle Norte Palomo 315 Edif. 999 , Depto. 017",29.139015,-110.923553,You are near Core Fit. Come earn points!,https://g.page/r/ca24f220,2,634
635,ChIJ7EEDFD1C,1,Core Fit - West,"Diagonal Puebla 401 Edif. 942 , Depto. 479",21.192639,-86.817135,You are near Core Fit. Come earn points!,https://g.page/r/e25fdbe5,2,635
636,ChIJ7DBFA40C,1,Core Fit - City Center,Circunvalación Santacruz 404 975,32.647439,-115.522637,You are near Core Fit. Come earn points!,https://g.page/r/3bcdb550,2,636
637,ChIJ7030E2BB,1,NectarBar - Main Branch,Ronda de María Dolores Arribas 8 Piso 2 ,41.42598,2.120657,You are near NectarBar. Come earn points!,https://g.page/r/55b86ff6,1,637
638,ChIJ948B6E03,1,NectarBar - Old Town,Cañada Severo Rebollo 23 Piso 1 ,41.648,-0.851566,You are near NectarBar. Come earn points!,https://g.page/r/7866342a,1,638
639,ChIJEF086151,1,NectarBar - Central,Vial de Manu Gomila 66 Piso 6 ,37.326286,-5.937823,You are near NectarBar. Come earn points!,https://g.page/r/77c44d0e,1,639
640,ChIJ0A1B733C,1,OceanSushi - Main Branch,Boulevard Zaragoza 760 992,31.756701,-106.39076,You are near OceanSushi. Come earn points!,https://g.page/r/2aa5b7a3,2,640
641,ChIJB3BCE705,1,OceanSushi - Airport,Andador Sur Rojo 098 920,31.687227,-106.454489,You are near OceanSushi. Come earn points!,https://g.page/r/d1021e02,2,641
642,ChIJE09445F9,1,OceanSushi - Midtown,Viaducto Sur Treviño 568 344,20.695526,-103.384315,You are near OceanSushi. Come earn points!,https://g.page/r/1795922e,2,642
643,ChIJ7769D85F,1,GadgetHub - Main Branch,Privada Norte Noriega 409 511,25.718095,-100.35984,You are near GadgetHub. Come earn points!,https://g.page/r/4b119daa,2,643
644,ChIJ36ED6DD0,1,GadgetHub - East,"Viaducto Brasil 501 Edif. 555 , Depto. 574",32.551342,-116.987017,You are near GadgetHub. Come earn points!,https://g.page/r/f41800c0,2,644
645,ChIJD481F673,1,HappyPet - Main Branch,C. de María Fonseca 99 Puerta 2 ,38.30963,-0.436115,You are near HappyPet. Come earn points!,https://g.page/r/d5a9cb0a,1,645
646,ChIJD81E4FA4,1,HappyPet - Mall Branch,Acceso Rafaela Pozo 73 Puerta 6 ,37.385345,-5.94442,You are near HappyPet. Come earn points!,https://g.page/r/4d0134b8,1,646
647,ChIJFC1A8A13,1,The Cork Room - Main Branch,Paseo Ezequiel Cabo 288 Puerta 7 ,41.41316,2.173327,You are near The Cork Room. Come earn points!,https://g.page/r/935433cd,1,647
648,ChIJB94AE5C0,1,PurePress - Main Branch,Pasadizo Julio César Beltrán 46 Puerta 0 ,39.426414,-0.326318,You are near PurePress. Come earn points!,https://g.page/r/86fe26b6,1,648
649,ChIJ5CF9BE2F,1,PurePress - Old Town,Plaza Fanny Rincón 96 Piso 9 ,41.670827,-4.761886,You are near PurePress. Come earn points!,https://g.page/r/195340d9,1,649
650,ChIJC6815B38,1,PurePress - Market,Acceso Apolonia Seguí 421 Apt. 44 ,39.45618,-0.407659,You are near PurePress. Come earn points!,https://g.page/r/3e5b54a8,1,650
651,ChIJ729CCBB5,1,DentaCare - Main Branch,Cuesta Marcela Colom 6,37.449074,-5.994318,You are near DentaCare. Come earn points!,https://g.page/r/687545da,1,651
652,ChIJ92FD10EE,1,DentaCare - Suburbs,Camino Belen Santana 9 Piso 2 ,28.08195,-15.384991,You are near DentaCare. Come earn points!,https://g.page/r/6ad0ee47,1,652
653,ChIJ23649307,1,DentaCare - Midtown,Avenida de Poncio Batlle 97,36.707022,-4.447098,You are near DentaCare. Come earn points!,https://g.page/r/a508b2de,1,653
654,ChIJC2C22135,1,DentaCare - Station,Cuesta de Cándida Pereira 14 Apt. 01 ,41.719217,-4.762951,You are near DentaCare. Come earn points!,https://g.page/r/8fbeda7a,1,654
655,ChIJAE90AF7F,1,Sunset Grill - Main Branch,C. Cristian Mata 45 Apt. 87 ,36.717087,-4.418619,You are near Sunset Grill. Come earn points!,https://g.page/r/797f79e8,1,655
656,ChIJA3532752,1,Trend Street - Main Branch,"Pasaje Sur Arredondo 949 Edif. 329 , Depto. 157",22.086232,-101.039592,You are near Trend Street. Come earn points!,https://g.page/r/b2aacdb5,2,656
657,ChIJ6BEAA263,1,Espresso Lab - Main Branch,"Pasaje Sur Porras 960 Edif. 006 , Depto. 254",21.091278,-101.702857,You are near Espresso Lab. Come earn points!,https://g.page/r/6d1e0625,2,657
658,ChIJC87A9C71,1,PharmaPoint - Main Branch,"Corredor Sur Rosales 536 Edif. 462 , Depto. 871",31.654576,-106.368685,You are near PharmaPoint. Come earn points!,https://g.page/r/299e813e,2,658
659,ChIJ497F045A,1,PharmaPoint - West,"Avenida Norte Urbina 033 Edif. 496 , Depto. 643",25.621724,-100.378702,You are near PharmaPoint. Come earn points!,https://g.page/r/fe48a1d3,2,659
660,ChIJ3C19AA53,1,GrapePoint - Main Branch,Circunvalación Terrazas 557 851,21.86003,-102.321056,You are near GrapePoint. Come earn points!,https://g.page/r/02225d27,2,660
661,ChIJCD098377,1,HomeGrocer - Main Branch,Ronda de Manola Oliveras 3 Apt. 27 ,43.320187,-2.990893,You are near HomeGrocer. Come earn points!,https://g.page/r/67100dbd,1,661
662,ChIJ21B471B3,1,HomeGrocer - City Center,Callejón Julia Peña 4 Piso 8 ,39.435317,-0.37722,You are near HomeGrocer. Come earn points!,https://g.page/r/0bb9fa7c,1,662
663,ChIJ7147EBF5,1,HomeGrocer - Beachfront,Ronda Natanael Antón 6,41.62061,-0.945436,You are near HomeGrocer. Come earn points!,https://g.page/r/32a5ea73,1,663
664,ChIJ170748AF,1,HomeGrocer - Central,Acceso Elodia Guillén 73,40.441615,-3.665135,You are near HomeGrocer. Come earn points!,https://g.page/r/b2147fbc,1,664
665,ChIJ9EEEFB4D,1,WaveRoll - Main Branch,Rambla Pilar Cózar 540,39.44637,-0.342219,You are near WaveRoll. Come earn points!,https://g.page/r/26957160,1,665
666,ChIJ990849FE,1,Book & Bean - Main Branch,Avenida Sur Meza 910 640,21.15601,-101.669552,You are near Book & Bean. Come earn points!,https://g.page/r/f78b8ca8,2,666
667,ChIJ06CBBB2C,1,Book & Bean - Downtown,Diagonal Baja California Sur 301 117,20.570023,-100.367965,You are near Book & Bean. Come earn points!,https://g.page/r/cafbb201,2,667
668,ChIJ600DD810,1,Book & Bean - South,"Calle Guerrero 021 Edif. 639 , Depto. 557",19.052806,-98.263788,You are near Book & Bean. Come earn points!,https://g.page/r/0a9426ee,2,668
669,ChIJC49F308E,1,Book & Bean - West,"Peatonal Galarza 573 Edif. 281 , Depto. 427",20.607268,-103.315038,You are near Book & Bean. Come earn points!,https://g.page/r/aa2ae243,2,669
670,ChIJ2BAA7E82,1,The Sushi Bar - Main Branch,Acceso de Andrea Palacios 60 Puerta 4 ,41.320745,2.238566,You are near The Sushi Bar. Come earn points!,https://g.page/r/e6cb28dd,1,670
671,ChIJ006ED40B,1,The Sushi Bar - Old Town,Paseo de Adelaida Casanovas 64 Puerta 3 ,37.19861,-3.642339,You are near The Sushi Bar. Come earn points!,https://g.page/r/cd3c07ed,1,671
672,ChIJ5C846617,1,PetMarket - Main Branch,Via de Rolando Ortiz 70 Apt. 92 ,38.337408,-0.537191,You are near PetMarket. Come earn points!,https://g.page/r/45b092d6,1,672
673,ChIJ6D453E5D,1,PetMarket - South,Rambla de Marita Arce 76,39.586661,2.622207,You are near PetMarket. Come earn points!,https://g.page/r/955c355e,1,673
674,ChIJ67933A1B,1,PetMarket - Station,Paseo Florentina Reguera 31,38.05155,-1.17172,You are near PetMarket. Come earn points!,https://g.page/r/5e6e1061,1,674
675,ChIJ52E62847,1,PetMarket - Uptown,C. de Buenaventura Gimenez 32 Apt. 41 ,38.296514,-0.533104,You are near PetMarket. Come earn points!,https://g.page/r/5ffde270,1,675
676,ChIJ497664B3,1,PetMarket - East,Vial de Camila Blanco 87 Piso 5 ,36.727069,-4.454646,You are near PetMarket. Come earn points!,https://g.page/r/4cd64d41,1,676
677,ChIJCB67CEBE,1,PetMarket - City Center,Vial Xavier Coll 5,37.21331,-3.550548,You are near PetMarket. Come earn points!,https://g.page/r/abb28ccd,1,677
678,ChIJ5294F285,1,PetMarket - Beachfront,Vial de María Luisa Nevado 97,39.636518,2.705288,You are near PetMarket. Come earn points!,https://g.page/r/a25167fc,1,678
679,ChIJ4E565CF1,1,PetMarket - Business District,Ronda de Jose Luis Gallego 495,38.001181,-1.18356,You are near PetMarket. Come earn points!,https://g.page/r/ac7c8e78,1,679
680,ChIJ367952BA,1,Shelf Life - Main Branch,Plaza Leyre Alcázar 102 Piso 9 ,36.659479,-4.431339,You are near Shelf Life. Come earn points!,https://g.page/r/f7275590,1,680
681,ChIJ4F7D1CE3,1,Shelf Life - West,Plaza de Flavio Batlle 74,37.240342,-3.558276,You are near Shelf Life. Come earn points!,https://g.page/r/7a130ba5,1,681
682,ChIJ95DC540C,1,Shelf Life - City Center,Plaza de Alejandro Ibáñez 764 Piso 1 ,39.483882,-0.348461,You are near Shelf Life. Come earn points!,https://g.page/r/a24e8ed3,1,682
683,ChIJ6F8F7BF4,1,Shelf Life - East,Pasadizo Aura Lastra 4,39.440552,-0.312188,You are near Shelf Life. Come earn points!,https://g.page/r/780eaac9,1,683
684,ChIJ5FF7BAB1,1,Shelf Life - Central,Avenida de Noemí Saez 9 Apt. 84 ,40.457215,-3.675868,You are near Shelf Life. Come earn points!,https://g.page/r/3082ee5a,1,684
685,ChIJ8CB5521E,1,Shelf Life - Uptown,Camino de Rosa Planas 75,38.389035,-0.481696,You are near Shelf Life. Come earn points!,https://g.page/r/d15e93f7,1,685
686,ChIJB25F851D,1,Shelf Life - Market,Callejón de Fermín Gomila 873 Puerta 8 ,39.621836,2.716015,You are near Shelf Life. Come earn points!,https://g.page/r/55a7410f,1,686
687,ChIJ957E0109,1,Shelf Life - Station,Cañada de Leopoldo Laguna 30,39.461284,-0.374701,You are near Shelf Life. Come earn points!,https://g.page/r/76b38cda,1,687
688,ChIJD62D87EB,1,Glow Studio - Main Branch,Avenida de Feliciana Pinto 5 Puerta 2 ,39.609112,2.636119,You are near Glow Studio. Come earn points!,https://g.page/r/e12166ac,1,688
689,ChIJ23569F81,1,Glow Studio - Market,Alameda Petrona Alonso 4,43.221969,-3.004496,You are near Glow Studio. Come earn points!,https://g.page/r/c2d1adce,1,689
690,ChIJ933596E9,1,SushiPoint - Main Branch,Alameda Wálter Olivares 414 Piso 7 ,28.084493,-15.408459,You are near SushiPoint. Come earn points!,https://g.page/r/ee1b94d5,1,690
691,ChIJE00A2A95,1,PetMarket - Main Branch,Callejón de Juan Carlos Quintanilla 98,37.237008,-3.597209,You are near PetMarket. Come earn points!,https://g.page/r/a90fbfda,1,691
692,ChIJEF32B593,1,PetMarket - East,Via Lucila Mate 1,39.599086,2.65351,You are near PetMarket. Come earn points!,https://g.page/r/2b3cb3e7,1,692
693,ChIJ5557A687,1,CityGrocer - Main Branch,"Circunvalación Aguascalientes 605 Edif. 210 , Depto. 042",32.563347,-117.066509,You are near CityGrocer. Come earn points!,https://g.page/r/0a9fbdd7,2,693
694,ChIJ4C5E7315,1,CityGrocer - Harbor,"Privada Norte Ozuna 543 Edif. 574 , Depto. 307",32.521301,-117.084045,You are near CityGrocer. Come earn points!,https://g.page/r/b16067f2,2,694
695,ChIJ4BEAEB6D,1,CityGrocer - University,"Cerrada Venezuela 448 Edif. 681 , Depto. 981",19.436699,-99.162142,You are near CityGrocer. Come earn points!,https://g.page/r/4d80a0c1,2,695
696,ChIJ7BC7D407,1,CityGrocer - Station,Boulevard Indonesia 979 Interior 255,22.09974,-100.931296,You are near CityGrocer. Come earn points!,https://g.page/r/fc315943,2,696
697,ChIJ51DC851F,1,CityGrocer - Airport,"Cerrada Estrada 382 Edif. 067 , Depto. 425",24.757616,-107.341726,You are near CityGrocer. Come earn points!,https://g.page/r/68930943,2,697
698,ChIJ54CD265C,1,CityGrocer - Beachfront,Cerrada Norte Briones 418 Interior 849,19.451938,-99.168139,You are near CityGrocer. Come earn points!,https://g.page/r/f5b8cf18,2,698
699,ChIJBF627029,1,CityGrocer - Mall Branch,Continuación Quintana Roo 946 311,32.622396,-115.521734,You are near CityGrocer. Come earn points!,https://g.page/r/0d62b043,2,699
700,ChIJB2A42891,1,CityGrocer - East,Pasaje Durango 720 751,22.127645,-100.970278,You are near CityGrocer. Come earn points!,https://g.page/r/e4182dae,2,700
701,ChIJ487DA77A,1,WineHouse - Main Branch,Pasaje de Teobaldo Bernal 72,41.623439,-0.8265,You are near WineHouse. Come earn points!,https://g.page/r/29554b3e,1,701
702,ChIJC732CC59,1,WineHouse - East,Cañada de Remigio Marquez 99,37.183899,-3.567909,You are near WineHouse. Come earn points!,https://g.page/r/b6fcded9,1,702
703,ChIJ8B172495,1,AnimalHouse - Main Branch,Privada Chiapas 434 Interior 387,31.745767,-106.452715,You are near AnimalHouse. Come earn points!,https://g.page/r/2bea55cf,2,703
704,ChIJ70F7B72F,1,AnimalHouse - Mall Branch,Diagonal Armenta 489 021,19.449634,-99.201543,You are near AnimalHouse. Come earn points!,https://g.page/r/3d1ad7a1,2,704
705,ChIJ85E19FD5,1,WhiteSmile - Main Branch,Urbanización de Samuel Escribano 11 Puerta 0 ,41.608699,-0.823868,You are near WhiteSmile. Come earn points!,https://g.page/r/4ab34ae8,1,705
706,ChIJ7E0F1A1C,1,WhiteSmile - Station,C. de Jafet Puerta 4,39.435838,-0.443811,You are near WhiteSmile. Come earn points!,https://g.page/r/ded4274d,1,706
707,ChIJ9B62D440,1,WhiteSmile - Midtown,Cuesta de Juan Valverde 59 Puerta 3 ,41.719027,-4.685054,You are near WhiteSmile. Come earn points!,https://g.page/r/5a5196e6,1,707
708,ChIJ4A24EC50,1,WineCorner - Main Branch,Pasaje Adalberto Llopis 64,37.899657,-4.747836,You are near WineCorner. Come earn points!,https://g.page/r/da806f85,1,708
709,ChIJ56F2EE36,1,WineCorner - Beachfront,Pasaje de Nazaret Maldonado 571,38.328477,-0.459465,You are near WineCorner. Come earn points!,https://g.page/r/71d158bc,1,709
710,ChIJ7338A05E,1,Fabric House - Main Branch,Circunvalación Sur Villaseñor 893 365,32.680672,-115.453392,You are near Fabric House. Come earn points!,https://g.page/r/99e7765f,2,710
711,ChIJCFDAD667,1,Fabric House - Market,Circuito Ucrania 481 Interior 028,19.085359,-98.245111,You are near Fabric House. Come earn points!,https://g.page/r/922b609e,2,711
712,ChIJ3FDAD99F,1,WineHouse - Main Branch,Pasaje Sur Vargas 461 080,32.472549,-117.019828,You are near WineHouse. Come earn points!,https://g.page/r/d15c2b50,2,712
713,ChIJBC6E1B2A,1,WineHouse - East,"Calzada Hernandes 841 Edif. 195 , Depto. 240",32.698406,-115.51621,You are near WineHouse. Come earn points!,https://g.page/r/69d2cec8,2,713
714,ChIJ18CCD7F4,1,Shelf Life - Main Branch,Via de Guadalupe Barranco 51,37.421174,-5.993254,You are near Shelf Life. Come earn points!,https://g.page/r/70a1ff8f,1,714
715,ChIJB865B90A,1,Shelf Life - Suburbs,Ronda de Olivia Márquez 56 Puerta 6 ,39.526304,-0.432883,You are near Shelf Life. Come earn points!,https://g.page/r/2e7b5a8a,1,715
716,ChIJFC69D5C7,1,Shelf Life - Midtown,Pasadizo Dulce Lozano 61 Apt. 74 ,39.464315,-0.331816,You are near Shelf Life. Come earn points!,https://g.page/r/d39d876b,1,716
717,ChIJ5777E583,1,Shelf Life - Business District,Rambla de Fortunata Granados 229 Piso 6 ,39.42644,-0.377327,You are near Shelf Life. Come earn points!,https://g.page/r/de0a17b9,1,717
718,ChIJDAEC38CE,1,PowerHouse - Main Branch,Calle Saint Kitts y Nevis 671 Interior 199,21.840257,-102.321514,You are near PowerHouse. Come earn points!,https://g.page/r/f143a31c,2,718
719,ChIJ50D2E5E9,1,PowerHouse - Airport,Continuación Sur Cintrón 774 Interior 817,32.466809,-117.083117,You are near PowerHouse. Come earn points!,https://g.page/r/e0047116,2,719
720,ChIJ4D16D730,1,PowerHouse - Old Town,Circunvalación Liechtenstein 426 Interior 720,31.716231,-106.467701,You are near PowerHouse. Come earn points!,https://g.page/r/2d6b7382,2,720
721,ChIJB1E15F0B,1,PowerHouse - West,"Andador Tamaulipas 601 Edif. 823 , Depto. 317",25.626087,-100.351664,You are near PowerHouse. Come earn points!,https://g.page/r/7a8e4e14,2,721
722,ChIJ12CC72FA,1,PowerHouse - Station,"Boulevard Aguilar 253 Edif. 771 , Depto. 200",24.829317,-107.407649,You are near PowerHouse. Come earn points!,https://g.page/r/f6cffaab,2,722
723,ChIJ5416A85C,1,PowerHouse - Harbor,Continuación Sur Paredes 332 556,21.888749,-102.259253,You are near PowerHouse. Come earn points!,https://g.page/r/69fc8a7c,2,723
724,ChIJ1FF3360D,1,PowerHouse - Business District,"Corredor Cazares 362 Edif. 063 , Depto. 167",29.03365,-111.033038,You are near PowerHouse. Come earn points!,https://g.page/r/9730eb86,2,724
725,ChIJB10D254F,1,Warm Oven - Main Branch,Ronda Nidia Piñol 11 Apt. 09 ,36.6529,-4.374281,You are near Warm Oven. Come earn points!,https://g.page/r/084daf6a,1,725
726,ChIJFF937682,1,Warm Oven - Old Town,Alameda de Graciano Montserrat 19,37.934272,-4.718145,You are near Warm Oven. Come earn points!,https://g.page/r/abff1724,1,726
727,ChIJDE900205,1,The Mat Room - Main Branch,Calle Galván 136 268,25.650768,-100.374297,You are near The Mat Room. Come earn points!,https://g.page/r/0e1d44ff,2,727
728,ChIJ6821D167,1,Iron Club - Main Branch,C. de Mireia Bonilla 30 Piso 2 ,39.531404,-0.362051,You are near Iron Club. Come earn points!,https://g.page/r/8d209139,1,728
729,ChIJAE5462AD,1,The Dough Co - Main Branch,Glorieta Gustavo Vicente 25,37.953291,-4.714934,You are near The Dough Co. Come earn points!,https://g.page/r/19021493,1,729
730,ChIJ245493BF,1,The Dough Co - North,Vial de Sarita Jurado 52 Apt. 93 ,41.390932,2.217556,You are near The Dough Co. Come earn points!,https://g.page/r/d983fc2b,1,730
731,ChIJECFEC2B2,1,The Dough Co - City Center,Pasaje Apolinar Serrano 496,42.875044,-2.713675,You are near The Dough Co. Come earn points!,https://g.page/r/62a9f62b,1,731
732,ChIJ7B18C731,1,The Dough Co - Harbor,Via de Rosa Coll 88 Puerta 9 ,38.019354,-1.075065,You are near The Dough Co. Come earn points!,https://g.page/r/fe776c23,1,732
733,ChIJC00D6D6B,1,The Dough Co - Market,Callejón de Ciro Verdú 19,42.79884,-2.695554,You are near The Dough Co. Come earn points!,https://g.page/r/af11d8f1,1,733
734,ChIJ1414E3C2,1,The Dough Co - Central,Callejón de Sebastian Valderrama 37,39.434133,-0.369906,You are near The Dough Co. Come earn points!,https://g.page/r/5591a038,1,734
735,ChIJBD8FDDEC,1,The Dough Co - Station,Pasadizo de Griselda Izaguirre 367 Apt. 13 ,43.280848,-2.987769,You are near The Dough Co. Come earn points!,https://g.page/r/84b0493d,1,735
736,ChIJAA13C53C,1,The Dough Co - Suburbs,C. Mercedes Nadal 2 Puerta 0 ,42.782234,-2.66575,You are near The Dough Co. Come earn points!,https://g.page/r/e048bcab,1,736
737,ChIJ1A5DFDB3,1,The Bistro - Main Branch,Cuesta de Alma Tolosa 9 Piso 7 ,41.386616,2.220108,You are near The Bistro. Come earn points!,https://g.page/r/9d7fe397,1,737
738,ChIJ815E2874,1,The Bistro - East,Paseo Julio Montserrat 8 Piso 9 ,39.400169,-0.414596,You are near The Bistro. Come earn points!,https://g.page/r/e37120c7,1,738
739,ChIJ3FC6C143,1,The Bistro - Beachfront,Pasadizo Noemí Mariscal 3 Apt. 43 ,37.378799,-6.033367,You are near The Bistro. Come earn points!,https://g.page/r/7ceb25bc,1,739
740,ChIJ04905262,1,Crusty Corner - Main Branch,Glorieta de Augusto Barbero 27 Piso 0 ,41.622158,-4.664963,You are near Crusty Corner. Come earn points!,https://g.page/r/95f5a97d,1,740
741,ChIJ20BFA3DB,1,FreshMart - Main Branch,Boulevard Palacios 138 338,22.132864,-100.931209,You are near FreshMart. Come earn points!,https://g.page/r/6b7b0fcd,2,741
742,ChIJ60AE6C24,1,FreshMart - Uptown,Ampliación Sur Barrientos 896 505,32.719226,-115.469145,You are near FreshMart. Come earn points!,https://g.page/r/73ca8666,2,742
743,ChIJ7A923876,1,La Piazza - Main Branch,Urbanización de Nacho Barrera 13 Piso 5 ,41.346433,2.236905,You are near La Piazza. Come earn points!,https://g.page/r/8488ed01,1,743
744,ChIJB0EF5ED0,1,La Piazza - Uptown,Pasaje de Felipe Agustí 59 Apt. 14 ,43.243023,-2.918802,You are near La Piazza. Come earn points!,https://g.page/r/52bf7bc8,1,744
745,ChIJ350AB57E,1,The Bistro - Main Branch,"Boulevard Ferrer 479 Edif. 605 , Depto. 309",20.639469,-103.289542,You are near The Bistro. Come earn points!,https://g.page/r/4c379963,2,745
746,ChIJ1411341E,1,The Bistro - Old Town,Andador Jaimes 024 Interior 279,20.714382,-103.334369,You are near The Bistro. Come earn points!,https://g.page/r/6d8713bb,2,746
747,ChIJ1BC5503E,1,The Bistro - South,Continuación Querétaro 040 393,25.676008,-100.339122,You are near The Bistro. Come earn points!,https://g.page/r/b0352c2e,2,747
748,ChIJ7F1D5E35,1,The Bistro - City Center,Callejón Alvarez 498 Interior 764,25.711121,-100.364969,You are near The Bistro. Come earn points!,https://g.page/r/391bf2a9,2,748
749,ChIJ0F5304E8,1,Green Table - Main Branch,Via Zacarías Cerezo 930,41.678203,-4.706534,You are near Green Table. Come earn points!,https://g.page/r/d0462e36,1,749
750,ChIJ3F0AEECF,1,Green Table - Mall Branch,Rambla de Serafina Hernández 64,43.241774,-2.990451,You are near Green Table. Come earn points!,https://g.page/r/38b00e1f,1,750
751,ChIJD1A40261,1,Green Table - Central,Ronda de Macario Ramos 34,37.176895,-3.617324,You are near Green Table. Come earn points!,https://g.page/r/b1c65201,1,751
752,ChIJ325BC6B8,1,Green Table - Business District,Avenida de Josué Tejedor 876 Piso 0 ,43.306501,-2.905417,You are near Green Table. Come earn points!,https://g.page/r/75560c7f,1,752
753,ChIJ8EC24100,1,WaveRoll - Main Branch,Ronda de Ariadna Arregui 226,41.42544,2.22364,You are near WaveRoll. Come earn points!,https://g.page/r/dd67d5a8,1,753
754,ChIJ5407F405,1,WaveRoll - Midtown,Cuesta de Leoncio Marcos 41 Apt. 01 ,39.50889,-0.425478,You are near WaveRoll. Come earn points!,https://g.page/r/579a5d3f,1,754
755,ChIJ1EA9B13D,1,MedPlus - Main Branch,Calle Norte Montenegro 602 Interior 624,25.670684,-100.285012,You are near MedPlus. Come earn points!,https://g.page/r/59ccbd50,2,755
756,ChIJE93A4273,1,YogaCorner - Main Branch,Pasadizo Angélica Márquez 3 Apt. 18 ,37.954687,-4.734949,You are near YogaCorner. Come earn points!,https://g.page/r/30695538,1,756
757,ChIJ3F02574C,1,YogaCorner - South,Rambla de Tatiana Ojeda 75,41.395898,2.237342,You are near YogaCorner. Come earn points!,https://g.page/r/43df5600,1,757
758,ChIJF2F579F3,1,YogaCorner - Business District,Glorieta de Leyre Ibañez 8,43.213253,-2.959773,You are near YogaCorner. Come earn points!,https://g.page/r/191b9782,1,758
759,ChIJAE81F03C,1,OralFirst - Main Branch,Ronda de Isabela Gisbert 98 Puerta 6 ,39.425462,-0.392098,You are near OralFirst. Come earn points!,https://g.page/r/4085e7e8,1,759
760,ChIJ2697E2F4,1,OralFirst - Midtown,Pasadizo Chus Querol 2 Puerta 6 ,41.647189,-0.89162,You are near OralFirst. Come earn points!,https://g.page/r/39302554,1,760
761,ChIJE40D2F6B,1,OralFirst - Harbor,Via Feliciana Paz 8 Apt. 57 ,36.734244,-4.400875,You are near OralFirst. Come earn points!,https://g.page/r/76a2927f,1,761
762,ChIJ6A7BB492,1,OralFirst - Market,Rambla de Eugenia Arcos 5,39.5123,-0.354446,You are near OralFirst. Come earn points!,https://g.page/r/6367899d,1,762
763,ChIJ19383B2F,1,The Style Room - Main Branch,Circunvalación Ochoa 721 Interior 344,19.024646,-98.199093,You are near The Style Room. Come earn points!,https://g.page/r/6299b937,2,763
764,ChIJ408BD959,1,Juice Lab - Main Branch,"Peatonal Togo 074 Edif. 872 , Depto. 286",21.165728,-86.846454,You are near Juice Lab. Come earn points!,https://g.page/r/da8e4fa0,2,764
765,ChIJ5728ADCE,1,The Dining Room - Main Branch,Eje vial Pakistán 554 Interior 296,32.625216,-115.526294,You are near The Dining Room. Come earn points!,https://g.page/r/27c45845,2,765
766,ChIJF6438C97,1,The Dining Room - City Center,Circuito Israel 170 Interior 418,21.874058,-102.280097,You are near The Dining Room. Come earn points!,https://g.page/r/4d4ca829,2,766
767,ChIJ09E3D49E,1,The Dining Room - Suburbs,"Boulevard Norte Cordero 663 Edif. 363 , Depto. 274",21.928581,-102.330293,You are near The Dining Room. Come earn points!,https://g.page/r/2e1f72a6,2,767
768,ChIJFC7640E9,1,The Dining Room - South,"Andador Sur Nieto 057 Edif. 815 , Depto. 338",20.621927,-103.418599,You are near The Dining Room. Come earn points!,https://g.page/r/c7170daf,2,768
769,ChIJ68451C24,1,The Dining Room - Midtown,Prolongación Cedillo 267 784,32.595402,-115.459828,You are near The Dining Room. Come earn points!,https://g.page/r/1eca2269,2,769
770,ChIJD267282E,1,The Dining Room - Airport,Ampliación Peña 593 159,25.744927,-100.377659,You are near The Dining Room. Come earn points!,https://g.page/r/fb86a2aa,2,770
771,ChIJ12E3B50B,1,The Dining Room - Uptown,Callejón Zambia 640 Interior 706,21.10252,-101.633094,You are near The Dining Room. Come earn points!,https://g.page/r/98a88662,2,771
772,ChIJ115D13B9,1,Align Yoga - Main Branch,Andador Hidalgo 334 Interior 129,29.146661,-111.005742,You are near Align Yoga. Come earn points!,https://g.page/r/f5e1f81a,2,772
773,ChIJEF412052,1,Align Yoga - Station,"Calzada Kirguistán 778 Edif. 030 , Depto. 048",25.732935,-100.30879,You are near Align Yoga. Come earn points!,https://g.page/r/71ba4784,2,773
774,ChIJ4B47ECB8,1,VisionFirst - Main Branch,Circunvalación Leal 191 Interior 677,24.866814,-107.43005,You are near VisionFirst. Come earn points!,https://g.page/r/3ee6cba5,2,774
775,ChIJ877997E7,1,VisionFirst - Downtown,Avenida Niger 848 338,32.624442,-115.433421,You are near VisionFirst. Come earn points!,https://g.page/r/89560f9f,2,775
776,ChIJ2EB06E78,1,VisionFirst - South,Callejón Hungría 853 Interior 341,20.723687,-103.320445,You are near VisionFirst. Come earn points!,https://g.page/r/a3b8a134,2,776
777,ChIJAE9DCA46,1,VisionFirst - Airport,"Boulevard Sinaloa 451 Edif. 210 , Depto. 561",31.722631,-106.396543,You are near VisionFirst. Come earn points!,https://g.page/r/c1d814fc,2,777
778,ChIJ02A1DB82,1,VisionFirst - Suburbs,Cerrada Villalpando 770 364,31.672036,-106.395804,You are near VisionFirst. Come earn points!,https://g.page/r/d517a041,2,778
779,ChIJ24F42AE5,1,VisionFirst - Market,Andador Norte Escamilla 372 749,22.160425,-100.988244,You are near VisionFirst. Come earn points!,https://g.page/r/2577039f,2,779
780,ChIJ51093584,1,VisionFirst - Midtown,"Cerrada Griego 405 Edif. 872 , Depto. 941",20.639867,-100.454774,You are near VisionFirst. Come earn points!,https://g.page/r/ee941a35,2,780
781,ChIJ0E3C7EF6,1,Brew & Go - Main Branch,Camino Esther Ayuso 199 Piso 5 ,41.597779,-0.924694,You are near Brew & Go. Come earn points!,https://g.page/r/1db82019,1,781
782,ChIJ2FE18BBE,1,FurryFriends - Main Branch,Pasadizo Vicenta Piñol 2 Puerta 9 ,40.425686,-3.65908,You are near FurryFriends. Come earn points!,https://g.page/r/7ab67694,1,782
783,ChIJF1224CAF,1,Sunrise Bakery - Main Branch,Rambla Enrique Espejo 444 Piso 0 ,39.507158,-0.380233,You are near Sunrise Bakery. Come earn points!,https://g.page/r/c8a3f640,1,783
784,ChIJ471EB61F,1,Sunrise Bakery - Mall Branch,Ronda de Lorenza Alegria 363 Puerta 0 ,39.504735,-0.348201,You are near Sunrise Bakery. Come earn points!,https://g.page/r/d0cf6ec1,1,784
785,ChIJE410FB8E,1,SipFresh - Main Branch,Circunvalación López 854 100,32.509826,-117.006842,You are near SipFresh. Come earn points!,https://g.page/r/ca07df65,2,785
786,ChIJA8BA5745,1,SipFresh - Old Town,Pasaje Norte Malave 673 Interior 424,21.006396,-89.595665,You are near SipFresh. Come earn points!,https://g.page/r/9ec764a8,2,786
787,ChIJEEC156F6,1,SipFresh - University,"Callejón Ríos 112 Edif. 256 , Depto. 917",32.459577,-117.0996,You are near SipFresh. Come earn points!,https://g.page/r/5ba746f5,2,787
788,ChIJA98A1D0A,1,SipFresh - South,Prolongación Norte Jasso 860 058,22.083497,-100.949841,You are near SipFresh. Come earn points!,https://g.page/r/b7abd4f0,2,788
789,ChIJ849C18E0,1,SipFresh - West,"Andador Sur Escobedo 803 Edif. 344 , Depto. 070",21.113449,-86.865505,You are near SipFresh. Come earn points!,https://g.page/r/69c61e35,2,789
790,ChIJFEF6BA84,1,SipFresh - East,Privada Tamaulipas 143 416,31.715186,-106.371363,You are near SipFresh. Come earn points!,https://g.page/r/0c5d0408,2,790
791,ChIJF780BBFB,1,SipFresh - Mall Branch,Viaducto Villanueva 296 865,21.190597,-86.884872,You are near SipFresh. Come earn points!,https://g.page/r/e2a6a4ae,2,791
792,ChIJBDBB453B,1,QuickShine - Main Branch,Pasaje Sur Tamez 975 Interior 583,20.588262,-100.359691,You are near QuickShine. Come earn points!,https://g.page/r/43db7d17,2,792
793,ChIJ8174AFE4,1,QuickShine - Midtown,Viaducto México 994 Interior 242,31.750403,-106.455944,You are near QuickShine. Come earn points!,https://g.page/r/062b2564,2,793
794,ChIJ0E020D2E,1,Tokyo Table - Main Branch,Glorieta de Esteban Almagro 27,41.38801,2.23991,You are near Tokyo Table. Come earn points!,https://g.page/r/9dd77052,1,794
795,ChIJ5012A76D,1,Tokyo Table - Station,Acceso Eusebia Ferrando 11 Apt. 33 ,39.504039,-0.389944,You are near Tokyo Table. Come earn points!,https://g.page/r/0831b5ec,1,795
796,ChIJ6F7393A8,1,Book Nook - Main Branch,Pasaje Primitivo Cámara 55 Apt. 74 ,40.376647,-3.747283,You are near Book Nook. Come earn points!,https://g.page/r/9f5b70c4,1,796
797,ChIJC259922E,1,Book Nook - West,Paseo de Segismundo Carvajal 6,38.411638,-0.466288,You are near Book Nook. Come earn points!,https://g.page/r/e4d9e107,1,797
798,ChIJ55D51A44,1,Book Nook - Old Town,Alameda de Gema Rincón 8 Apt. 13 ,41.429318,2.168581,You are near Book Nook. Come earn points!,https://g.page/r/4a208efc,1,798
799,ChIJ18E22F20,1,Book Nook - Mall Branch,C. de Charo Pedrero 3,41.669378,-0.902286,You are near Book Nook. Come earn points!,https://g.page/r/abae0782,1,799
800,ChIJ1A05667A,1,PurePress - Main Branch,Corredor Cano 048 Interior 043,31.643075,-106.381533,You are near PurePress. Come earn points!,https://g.page/r/576c8ff8,2,800
801,ChIJ721611D0,1,PurePress - Old Town,"Continuación Tamaulipas 868 Edif. 727 , Depto. 954",22.138391,-101.017211,You are near PurePress. Come earn points!,https://g.page/r/2a789ed5,2,801
802,ChIJ905777D6,1,PurePress - Mall Branch,"Corredor Bhután 917 Edif. 855 , Depto. 440",20.599893,-103.334553,You are near PurePress. Come earn points!,https://g.page/r/3ba084c7,2,802
803,ChIJ7B2E35DC,1,PowerHouse - Main Branch,Viaducto Mauritania 786 129,32.639966,-115.504466,You are near PowerHouse. Come earn points!,https://g.page/r/431ae6fe,2,803
804,ChIJEC7BEBB6,1,HealthStop - Main Branch,Pasaje Fortunata Sanz 511,39.47582,-0.436855,You are near HealthStop. Come earn points!,https://g.page/r/b8819104,1,804
805,ChIJ93B9321E,1,HealthStop - University,Rambla Dora Quero 788,28.055537,-15.378644,You are near HealthStop. Come earn points!,https://g.page/r/da4208cb,1,805
806,ChIJ1D8F2206,1,HealthStop - Central,Pasaje de Prudencia Ramirez 28,37.396237,-5.964626,You are near HealthStop. Come earn points!,https://g.page/r/6a02de2c,1,806
807,ChIJ476B4532,1,HealthStop - Station,Avenida Tito Serra 77,40.379647,-3.761094,You are near HealthStop. Come earn points!,https://g.page/r/c39ff17b,1,807
808,ChIJ8F27913B,1,TheFreshBar - Main Branch,Periférico Distrito Federal 212 770,20.597072,-100.380076,You are near TheFreshBar. Come earn points!,https://g.page/r/0d5617ce,2,808
809,ChIJ66B259B2,1,TheFreshBar - Beachfront,"Periférico Sur Navarrete 619 Edif. 203 , Depto. 465",29.099733,-111.040273,You are near TheFreshBar. Come earn points!,https://g.page/r/00203c29,2,809
810,ChIJE55B118E,1,TheFreshBar - Airport,Ampliación Acevedo 868 Interior 636,20.721091,-103.417813,You are near TheFreshBar. Come earn points!,https://g.page/r/88b01917,2,810
811,ChIJD19DB9AE,1,TheFreshBar - Downtown,"Callejón Montalvo 046 Edif. 630 , Depto. 521",21.157235,-101.617777,You are near TheFreshBar. Come earn points!,https://g.page/r/7d6101c9,2,811
812,ChIJ71A7615D,1,La Piazza - Main Branch,"Viaducto Nuevo León 708 Edif. 996 , Depto. 172",21.118284,-86.815742,You are near La Piazza. Come earn points!,https://g.page/r/0f50f49c,2,812
813,ChIJA8D93EA7,1,ClearVision - Main Branch,Calzada Kiribati 473 842,21.864817,-102.342868,You are near ClearVision. Come earn points!,https://g.page/r/a23cedee,2,813
814,ChIJ9A1C3D90,1,Daily Market - Main Branch,"Cerrada Norte Fajardo 622 Edif. 227 , Depto. 059",22.092633,-100.99798,You are near Daily Market. Come earn points!,https://g.page/r/fd513c20,2,814
815,ChIJD4567A2E,1,FreshMart - Main Branch,Diagonal Tejada 675 153,21.885501,-102.290695,You are near FreshMart. Come earn points!,https://g.page/r/f9980ac9,2,815
816,ChIJBB76A539,1,FreshMart - Mall Branch,Ampliación Ghana 199 258,29.053026,-110.964795,You are near FreshMart. Come earn points!,https://g.page/r/7729355f,2,816
817,ChIJE6D6B6C3,1,Daily Bread - Main Branch,Vial Evangelina Serna 43 Piso 2 ,36.716773,-4.368366,You are near Daily Bread. Come earn points!,https://g.page/r/f58cbe91,1,817
818,ChIJ9F6F98B1,1,Daily Bread - Central,Camino de Agustina Prada 330,40.386617,-3.751785,You are near Daily Bread. Come earn points!,https://g.page/r/b904b6d3,1,818
819,ChIJBDA70EB2,1,Daily Bread - North,Acceso Emiliana Alvarez 99,37.924025,-1.112367,You are near Daily Bread. Come earn points!,https://g.page/r/f91097ff,1,819
820,ChIJB89FF579,1,QuickShine - Main Branch,Avenida Modesto Villena 964 Apt. 82 ,38.30742,-0.520809,You are near QuickShine. Come earn points!,https://g.page/r/84cbb340,1,820
821,ChIJ006A9D87,1,QuickShine - Midtown,Urbanización Anabel Cabezas 11,41.673591,-4.686364,You are near QuickShine. Come earn points!,https://g.page/r/1db33943,1,821
822,ChIJ43B3C0BB,1,YogaSpace - Main Branch,Camino de Ruperta Cabrera 58,39.539078,-0.375773,You are near YogaSpace. Come earn points!,https://g.page/r/f1eadd01,1,822
823,ChIJ2D89B647,1,YogaSpace - West,Camino Olegario Esteve 466 Puerta 2 ,38.360223,-0.47774,You are near YogaSpace. Come earn points!,https://g.page/r/3bf64ad8,1,823
824,ChIJBDB2527B,1,Sunrise Bakery - Main Branch,Calzada Chiapas 577 342,29.079798,-110.937051,You are near Sunrise Bakery. Come earn points!,https://g.page/r/dd569cb8,2,824
825,ChIJD6DB4E83,1,Sunrise Bakery - University,Prolongación Vallejo 379 684,21.092718,-101.664714,You are near Sunrise Bakery. Come earn points!,https://g.page/r/f87bb0de,2,825
826,ChIJ2AD56914,1,Iron Club - Main Branch,Ampliación Aguilar 113 532,31.625602,-106.394213,You are near Iron Club. Come earn points!,https://g.page/r/da6061d1,2,826
827,ChIJ7A9781EA,1,Iron Club - Beachfront,Peatonal Norte Otero 911 Interior 740,22.133269,-101.025765,You are near Iron Club. Come earn points!,https://g.page/r/63f33474,2,827
828,ChIJ0C7607DC,1,Iron Club - East,Ampliación Puebla 241 402,20.602963,-100.324878,You are near Iron Club. Come earn points!,https://g.page/r/41ab1f87,2,828
829,ChIJCBCEC2B1,1,The Mat Room - Main Branch,Privada Sur Cintrón 715 078,20.605891,-100.389347,You are near The Mat Room. Come earn points!,https://g.page/r/9fd947f8,2,829
830,ChIJA5782A02,1,The Tech Store - Main Branch,Via de Reyes Costa 743,37.820092,-4.741716,You are near The Tech Store. Come earn points!,https://g.page/r/674c058f,1,830
831,ChIJ861E046B,1,The Tech Store - Station,Vial Jose Francisco Jódar 44,43.269599,-2.869347,You are near The Tech Store. Come earn points!,https://g.page/r/d539704e,1,831
832,ChIJ8F9FEF67,1,Shelf Life - Main Branch,Rambla de Flora Alba 733 Piso 5 ,37.943319,-4.779152,You are near Shelf Life. Come earn points!,https://g.page/r/0b449f6d,1,832
833,ChIJ9B99CDC0,1,Shelf Life - Market,Acceso de Julieta Soriano 31 Apt. 07 ,37.956921,-1.069232,You are near Shelf Life. Come earn points!,https://g.page/r/8eab188c,1,833
834,ChIJ7ECA0850,1,Shelf Life - East,Via de Moreno Chaparro 61,39.409543,-0.365288,You are near Shelf Life. Come earn points!,https://g.page/r/8521ec2a,1,834
835,ChIJ454F8CD0,1,Shelf Life - City Center,C. Ramona Hierro 22,41.590492,-0.933914,You are near Shelf Life. Come earn points!,https://g.page/r/6f810efa,1,835
836,ChIJFE91A342,1,Shelf Life - Airport,Plaza de Ernesto Amorós 3,37.882504,-4.71094,You are near Shelf Life. Come earn points!,https://g.page/r/3c59c62c,1,836
837,ChIJ72F3FF44,1,Shelf Life - West,Avenida de Teresita Ripoll 42 Piso 7 ,43.29984,-2.943114,You are near Shelf Life. Come earn points!,https://g.page/r/3af5f0b4,1,837
838,ChIJ4382EE09,1,Shelf Life - Beachfront,Pasaje de Hortensia Valenzuela 46,37.126663,-3.651645,You are near Shelf Life. Come earn points!,https://g.page/r/c3561ebc,1,838
839,ChIJ3FD499DF,1,Shelf Life - Suburbs,Calle de Abel Bayo 36,28.122356,-15.455114,You are near Shelf Life. Come earn points!,https://g.page/r/81f02d44,1,839
840,ChIJ3EE0F85D,1,DentaLine - Main Branch,"Circunvalación Norte Navarro 704 Edif. 848 , Depto. 815",32.500131,-116.98802,You are near DentaLine. Come earn points!,https://g.page/r/36a378ef,2,840
841,ChIJ2109F3D7,1,DentaLine - Old Town,"Calzada Guanajuato 333 Edif. 105 , Depto. 422",24.834282,-107.402284,You are near DentaLine. Come earn points!,https://g.page/r/ee45a4f7,2,841
842,ChIJ07FA276F,1,DentaLine - Business District,Circunvalación Suiza 608 820,21.209277,-86.787714,You are near DentaLine. Come earn points!,https://g.page/r/c597f3d0,2,842
843,ChIJ23D971D8,1,Fast Flavors - Main Branch,Cuesta Abigaíl Uría 50 Puerta 9 ,41.589689,-0.901153,You are near Fast Flavors. Come earn points!,https://g.page/r/e2c932bd,1,843
844,ChIJ0850C993,1,Fast Flavors - West,Paseo de Angelita Espinosa 3,37.949796,-1.077425,You are near Fast Flavors. Come earn points!,https://g.page/r/88d79b4d,1,844
845,ChIJ69D97BF6,1,TalkFirst - Main Branch,Glorieta de Pelayo Serra 54 Puerta 4 ,41.587975,-4.65716,You are near TalkFirst. Come earn points!,https://g.page/r/b1d11d26,1,845
846,ChIJAC5841F6,1,TalkFirst - Mall Branch,Plaza de Jaime Criado 18,40.449746,-3.738726,You are near TalkFirst. Come earn points!,https://g.page/r/81c8afc9,1,846
847,ChIJ3486E580,1,TalkFirst - Airport,Pasaje Eliana Ruiz 15,42.854512,-2.720361,You are near TalkFirst. Come earn points!,https://g.page/r/8dbb79d7,1,847
848,ChIJ4AFE6246,1,TalkFirst - University,Via Maxi Gómez 15 Puerta 5 ,41.355692,2.125149,You are near TalkFirst. Come earn points!,https://g.page/r/edaef2c5,1,848
849,ChIJ2F8DE69C,1,WashCorner - Main Branch,Viaducto Bahena 425 Interior 218,31.739536,-106.462773,You are near WashCorner. Come earn points!,https://g.page/r/f2601ee0,2,849
850,ChIJ21DDB5EB,1,WashCorner - Midtown,"Ampliación Sur Salas 070 Edif. 510 , Depto. 730",32.657719,-115.52491,You are near WashCorner. Come earn points!,https://g.page/r/1e566fa4,2,850
851,ChIJ44FDD323,1,The Bistro - Main Branch,Urbanización de Nicolasa Tejada 33,37.978588,-1.125084,You are near The Bistro. Come earn points!,https://g.page/r/7c644c7a,1,851
852,ChIJ59F81B6B,1,The Bistro - Midtown,Callejón de Paulina Gibert 20,42.841079,-2.729985,You are near The Bistro. Come earn points!,https://g.page/r/022da993,1,852
853,ChIJBFD185F8,1,The Bistro - West,Pasadizo Primitivo Losada 193,38.290169,-0.416663,You are near The Bistro. Come earn points!,https://g.page/r/a7922241,1,853
854,ChIJ5FBA0AE8,1,DentaLine - Main Branch,"Continuación Rael 388 Edif. 178 , Depto. 896",31.72755,-106.466074,You are near DentaLine. Come earn points!,https://g.page/r/5b9b669c,2,854
855,ChIJ0912B5CA,1,AutoSpa - Main Branch,Acceso Lucas Pont 5 Piso 9 ,41.587026,-0.911061,You are near AutoSpa. Come earn points!,https://g.page/r/49e9be31,1,855
856,ChIJ8A405E04,1,AutoSpa - City Center,Cañada de Néstor Domínguez 42 Piso 6 ,28.122081,-15.407679,You are near AutoSpa. Come earn points!,https://g.page/r/a5f26894,1,856
857,ChIJ2631DFE6,1,AutoSpa - Airport,Alameda Rosalinda Sarabia 421 Puerta 9 ,37.929006,-1.136359,You are near AutoSpa. Come earn points!,https://g.page/r/0a175c0b,1,857
858,ChIJ1A5B1067,1,TalkFirst - Main Branch,Cuesta de Ezequiel Álvaro 53,39.521804,2.645795,You are near TalkFirst. Come earn points!,https://g.page/r/9686b7f1,1,858
859,ChIJ628A426B,1,TalkFirst - Station,Acceso Jesusa Alvarado 19 Apt. 13 ,41.611886,-4.714451,You are near TalkFirst. Come earn points!,https://g.page/r/ddc646e1,1,859
860,ChIJ16838F3E,1,TalkFirst - Airport,Cuesta de Amor Riquelme 7,28.162389,-15.497264,You are near TalkFirst. Come earn points!,https://g.page/r/dd65f0f5,1,860
861,ChIJC2D0AF44,1,TalkFirst - Uptown,Acceso Jose Ignacio Baeza 51 Piso 2 ,37.868609,-4.788785,You are near TalkFirst. Come earn points!,https://g.page/r/c703cdf7,1,861
862,ChIJ68B405DE,1,TalkFirst - Suburbs,Urbanización de Olivia Manzanares 30,37.942879,-1.170391,You are near TalkFirst. Come earn points!,https://g.page/r/058519c9,1,862
863,ChIJAFEE4F2E,1,TalkFirst - North,Cañada de Cristian Capdevila 87 Piso 4 ,40.47937,-3.677286,You are near TalkFirst. Come earn points!,https://g.page/r/66bff00a,1,863
864,ChIJ5913A82B,1,MedCorner - Main Branch,Pasaje México 219 420,32.47929,-117.083345,You are near MedCorner. Come earn points!,https://g.page/r/c2e4278b,2,864
865,ChIJ778295B7,1,The Book Den - Main Branch,Rambla Belen Sevillano 4 Puerta 8 ,39.409696,-0.38929,You are near The Book Den. Come earn points!,https://g.page/r/84f66921,1,865
866,ChIJA6B97AAA,1,The Book Den - West,Cuesta de Vidal Mateo 36,43.315329,-2.941801,You are near The Book Den. Come earn points!,https://g.page/r/b11c7e55,1,866
867,ChIJF770ED6D,1,The Book Den - University,Calle Lorenzo Ribes 655,36.723469,-4.39625,You are near The Book Den. Come earn points!,https://g.page/r/5b786143,1,867
868,ChIJ154907E8,1,The Book Den - Station,Via de Herminio Gabaldón 3,43.218771,-2.997476,You are near The Book Den. Come earn points!,https://g.page/r/979008ea,1,868
869,ChIJEF249F56,1,Glow Studio - Main Branch,Alameda de César Piquer 50 Puerta 4 ,37.23323,-3.621117,You are near Glow Studio. Come earn points!,https://g.page/r/0931e6e8,1,869
870,ChIJDC7F3145,1,Align Yoga - Main Branch,Retorno Garibay 675 134,29.073567,-111.019195,You are near Align Yoga. Come earn points!,https://g.page/r/c743559a,2,870
871,ChIJ1357CC91,1,Align Yoga - Uptown,"Retorno Puebla 542 Edif. 459 , Depto. 051",31.687428,-106.419029,You are near Align Yoga. Come earn points!,https://g.page/r/d9968334,2,871
872,ChIJ76DA406E,1,Align Yoga - Station,Periférico Puebla 243 928,29.054496,-110.949463,You are near Align Yoga. Come earn points!,https://g.page/r/81e7437e,2,872
873,ChIJABEBF1E9,1,Align Yoga - City Center,Circuito Tamaulipas 473 818,21.179764,-101.672156,You are near Align Yoga. Come earn points!,https://g.page/r/3be79786,2,873
874,ChIJ613987AE,1,Align Yoga - South,"Andador Tayikistán 675 Edif. 043 , Depto. 911",32.59439,-115.42837,You are near Align Yoga. Come earn points!,https://g.page/r/15a95f84,2,874
875,ChIJB8C1132D,1,Align Yoga - North,Diagonal México 412 Interior 889,20.545798,-100.357819,You are near Align Yoga. Come earn points!,https://g.page/r/9435d78d,2,875
876,ChIJA1EE1D84,1,Align Yoga - University,"Diagonal Armenta 210 Edif. 082 , Depto. 742",20.604312,-100.413677,You are near Align Yoga. Come earn points!,https://g.page/r/64c35943,2,876
877,ChIJ48C5556A,1,Sunset Grill - Main Branch,Paseo de Román Planas 28,42.907456,-2.638003,You are near Sunset Grill. Come earn points!,https://g.page/r/b934b241,1,877
878,ChIJ7BA5852D,1,LangCorner - Main Branch,Continuación Caraballo 025 032,21.917638,-102.359014,You are near LangCorner. Come earn points!,https://g.page/r/323ee1f0,2,878
879,ChIJ3A40E8CC,1,LangCorner - Harbor,"Callejón Libia 153 Edif. 158 , Depto. 717",24.803212,-107.443352,You are near LangCorner. Come earn points!,https://g.page/r/fcd52a33,2,879
880,ChIJ01D9DB55,1,ClearVision - Main Branch,Prolongación Querétaro 301 286,32.637297,-115.427118,You are near ClearVision. Come earn points!,https://g.page/r/7739abe4,2,880
881,ChIJ1765EAC1,1,ClearVision - Market,"Continuación Tabasco 307 Edif. 330 , Depto. 723",22.135894,-100.982103,You are near ClearVision. Come earn points!,https://g.page/r/7341f09d,2,881
882,ChIJB641571E,1,Tokyo Table - Main Branch,"Prolongación Puebla 140 Edif. 273 , Depto. 261",19.500353,-99.070935,You are near Tokyo Table. Come earn points!,https://g.page/r/ff2e8188,2,882
883,ChIJE4F2775D,1,Tokyo Table - North,Periférico Sur Casillas 643 Interior 940,32.6106,-115.475094,You are near Tokyo Table. Come earn points!,https://g.page/r/3dc5321c,2,883
884,ChIJD8D159A5,1,CarGlow - Main Branch,Urbanización de Edelmiro Abad 37,28.067642,-15.475393,You are near CarGlow. Come earn points!,https://g.page/r/907d83bb,1,884
885,ChIJC38D51BD,1,Harvest Table - Main Branch,"Corredor Sur Cantú 035 Edif. 071 , Depto. 159",19.029825,-98.199548,You are near Harvest Table. Come earn points!,https://g.page/r/d44efb7d,2,885
886,ChIJE6BF317F,1,Harvest Table - Business District,Calle Tabasco 832 576,25.700132,-100.355741,You are near Harvest Table. Come earn points!,https://g.page/r/5641d670,2,886
887,ChIJ81F846CC,1,Harvest Table - Uptown,Circuito Andorra 975 Interior 590,19.104333,-98.139956,You are near Harvest Table. Come earn points!,https://g.page/r/7912b8a6,2,887
888,ChIJ38157B9E,1,NectarBar - Main Branch,Calle Heriberto Acedo 79,28.187715,-15.454164,You are near NectarBar. Come earn points!,https://g.page/r/6dba4dd8,1,888
889,ChIJ8A646F23,1,NectarBar - Uptown,Glorieta de Leandro Adán 74,41.580267,-0.833468,You are near NectarBar. Come earn points!,https://g.page/r/f8550f43,1,889
890,ChIJ8A0C51DA,1,NectarBar - University,Via de Ruy Aznar 878,39.614667,2.597464,You are near NectarBar. Come earn points!,https://g.page/r/2060cf8e,1,890
891,ChIJ929F8CC2,1,StyleBox - Main Branch,Circuito Quintana Roo 203 227,20.987848,-89.62916,You are near StyleBox. Come earn points!,https://g.page/r/e702631c,2,891
892,ChIJB338E788,1,StyleBox - Suburbs,Viaducto Norte Zayas 375 364,31.669242,-106.378054,You are near StyleBox. Come earn points!,https://g.page/r/3ecaa2ca,2,892
893,ChIJE9BE32C0,1,Chapter One - Main Branch,Glorieta Lino Corbacho 23,36.723244,-4.382889,You are near Chapter One. Come earn points!,https://g.page/r/3e5dd146,1,893
894,ChIJ1AA1C3B5,1,The Wardrobe - Main Branch,Continuación Tirado 515 901,20.718689,-103.354765,You are near The Wardrobe. Come earn points!,https://g.page/r/5b5b3d39,2,894
895,ChIJ74E17E52,1,OceanSushi - Main Branch,Corredor Sur Solorzano 625 Interior 116,21.076765,-101.668715,You are near OceanSushi. Come earn points!,https://g.page/r/66c50230,2,895
896,ChIJ6C53E639,1,OceanSushi - Central,"Retorno Sur Valdivia 112 Edif. 264 , Depto. 232",21.152023,-86.881096,You are near OceanSushi. Come earn points!,https://g.page/r/92d5544b,2,896
897,ChIJ83C69C5E,1,OceanSushi - Suburbs,"Circunvalación Vásquez 548 Edif. 319 , Depto. 823",22.175397,-100.993751,You are near OceanSushi. Come earn points!,https://g.page/r/738a1954,2,897
898,ChIJ0E51711E,1,OceanSushi - Business District,Calzada Veracruz de Ignacio de la Llave 708 Interior 314,32.542293,-116.976694,You are near OceanSushi. Come earn points!,https://g.page/r/2fd2b927,2,898
899,ChIJF8B747B5,1,Olive Branch - Main Branch,Paseo Bruno Adadia 89,37.22698,-3.529649,You are near Olive Branch. Come earn points!,https://g.page/r/59db7bc2,1,899
900,ChIJE5E219DD,1,Olive Branch - Station,Cuesta Herminia Alcántara 62,37.935213,-4.836451,You are near Olive Branch. Come earn points!,https://g.page/r/2b5f7bbc,1,900
901,ChIJ1A695E9D,1,EyeCare Plus - Main Branch,Diagonal Tejeda 641 703,19.448276,-99.145421,You are near EyeCare Plus. Come earn points!,https://g.page/r/874078e5,2,901
902,ChIJ3DEFC686,1,EyeCare Plus - South,Periférico Tamaulipas 604 Interior 092,21.001992,-89.605664,You are near EyeCare Plus. Come earn points!,https://g.page/r/b0e5aafa,2,902
903,ChIJ38736716,1,The Style Room - Main Branch,Ampliación Norte Lebrón 133 160,21.104958,-86.858826,You are near The Style Room. Come earn points!,https://g.page/r/f2b22800,2,903
904,ChIJ9F52F88F,1,The Style Room - Business District,Calle Angola 854 Interior 508,20.630822,-100.365521,You are near The Style Room. Come earn points!,https://g.page/r/5b1e1bc2,2,904
905,ChIJA15904A4,1,QuickMeds - Main Branch,Eje vial Norte Meza 077 Interior 383,32.65189,-115.506797,You are near QuickMeds. Come earn points!,https://g.page/r/6a3e54fc,2,905
906,ChIJACC8C3C3,1,QuickMeds - West,Circuito Oaxaca 964 614,20.974222,-89.67697,You are near QuickMeds. Come earn points!,https://g.page/r/101be90b,2,906
907,ChIJ7E37F3AA,1,QuickMeds - Old Town,Circuito Islandia 750 829,32.65874,-115.520578,You are near QuickMeds. Come earn points!,https://g.page/r/56cc9e97,2,907
908,ChIJ6C1E7BE3,1,QuickMeds - East,Cerrada Nuevo León 854 934,29.159964,-110.989189,You are near QuickMeds. Come earn points!,https://g.page/r/50c417cd,2,908
909,ChIJEFC603E5,1,QuickMeds - Midtown,Privada Escalante 406 Interior 510,32.68328,-115.428151,You are near QuickMeds. Come earn points!,https://g.page/r/a00f949f,2,909
910,ChIJ52C6E16F,1,Cellar Door - Main Branch,Avenida Japón 984 863,31.621065,-106.44155,You are near Cellar Door. Come earn points!,https://g.page/r/30e63fcd,2,910
911,ChIJ30CAC28E,1,WhiteSmile - Main Branch,C. Jafet Vigil 8 Piso 7 ,37.390059,-6.016535,You are near WhiteSmile. Come earn points!,https://g.page/r/9020caa0,1,911
912,ChIJ33169E09,1,Snappy Meals - Main Branch,Cerrada Sur Bermúdez 194 508,22.11603,-100.937612,You are near Snappy Meals. Come earn points!,https://g.page/r/7224e60e,2,912
913,ChIJEE7F990E,1,Snappy Meals - City Center,Boulevard Tabasco 585 801,29.159307,-110.952738,You are near Snappy Meals. Come earn points!,https://g.page/r/8563f9aa,2,913
914,ChIJ97D79C26,1,Shelf Life - Main Branch,Plaza de Lucho Madrid 23 Piso 8 ,40.472026,-3.714962,You are near Shelf Life. Come earn points!,https://g.page/r/5df67914,1,914
915,ChIJ79C08034,1,Shelf Life - Midtown,C. de Tamara Saldaña 92,40.349675,-3.662329,You are near Shelf Life. Come earn points!,https://g.page/r/159ec2e3,1,915
916,ChIJ147021C4,1,CleanDrive - Main Branch,Viaducto Brunei Darussalam 183 741,32.707339,-115.423195,You are near CleanDrive. Come earn points!,https://g.page/r/da805cd5,2,916
917,ChIJ9053DEB9,1,CleanDrive - City Center,Diagonal Islas Marshall 353 650,20.562446,-100.435142,You are near CleanDrive. Come earn points!,https://g.page/r/a2ce8a0e,2,917
918,ChIJ2DE5D299,1,MedPlus - Main Branch,"Pasaje Sonora 900 Edif. 954 , Depto. 913",20.656996,-100.425144,You are near MedPlus. Come earn points!,https://g.page/r/99585d95,2,918
919,ChIJ0AD28416,1,MedPlus - Business District,Circuito Reino Unido de Gran Bretaña e Irlanda del Norte 793 639,31.646972,-106.403779,You are near MedPlus. Come earn points!,https://g.page/r/70ad0b65,2,919
920,ChIJ92B250AF,1,The Sushi Bar - Main Branch,Eje vial Tamaulipas 767 Interior 394,32.600221,-115.407528,You are near The Sushi Bar. Come earn points!,https://g.page/r/accf3075,2,920
921,ChIJ520840B4,1,The Sushi Bar - Midtown,Periférico Mónaco 135 Interior 897,31.638042,-106.404922,You are near The Sushi Bar. Come earn points!,https://g.page/r/f63a1772,2,921
922,ChIJ28D5FD70,1,The Sushi Bar - Central,Retorno Norte Matos 375 177,21.83932,-102.234416,You are near The Sushi Bar. Come earn points!,https://g.page/r/3b7303a1,2,922
923,ChIJFF38365F,1,The Sushi Bar - University,Eje vial Norte Nájera 776 214,21.113182,-86.888664,You are near The Sushi Bar. Come earn points!,https://g.page/r/d3b6f525,2,923
924,ChIJ3A434C55,1,TheFreshBar - Main Branch,Calle de Juan Carlos Pedrero 83,38.387164,-0.480404,You are near TheFreshBar. Come earn points!,https://g.page/r/affe8728,1,924
925,ChIJF3695F6D,1,TheFreshBar - West,Avenida Camila Torrens 87 Piso 6 ,41.662771,-4.739118,You are near TheFreshBar. Come earn points!,https://g.page/r/67d27a7a,1,925
926,ChIJ600E5803,1,The Dining Room - Main Branch,Calle Primitiva Luján 52,37.905825,-4.812568,You are near The Dining Room. Come earn points!,https://g.page/r/42ea0c07,1,926
927,ChIJA76ABC55,1,The Dining Room - North,Vial Eduardo Valencia 70,39.522267,2.625137,You are near The Dining Room. Come earn points!,https://g.page/r/d16c09a2,1,927
928,ChIJB764D614,1,The Dining Room - Airport,Avenida de Roxana Olivé 18 Piso 7 ,41.328057,2.164239,You are near The Dining Room. Come earn points!,https://g.page/r/bd25935f,1,928
929,ChIJC3E5F244,1,The Dining Room - Central,Callejón Gabino Izaguirre 60 Puerta 8 ,41.689805,-4.772573,You are near The Dining Room. Come earn points!,https://g.page/r/1011e0b3,1,929
930,ChIJ4A6D21F4,1,La Piazza - Main Branch,Glorieta Eva Maestre 78 Apt. 52 ,28.153061,-15.377117,You are near La Piazza. Come earn points!,https://g.page/r/bd0e3b7e,1,930
931,ChIJ4939AADB,1,TheWinery - Main Branch,Acceso de Wálter Royo 950,41.395051,2.106541,You are near TheWinery. Come earn points!,https://g.page/r/6be93a97,1,931
932,ChIJ357A3E21,1,TheWinery - Central,Pasaje Valentina Almagro 9 Piso 3 ,38.293277,-0.487481,You are near TheWinery. Come earn points!,https://g.page/r/84d592be,1,932
933,ChIJD8BFDBE6,1,TheWinery - North,Pasadizo de Rosa María Hidalgo 28,41.690863,-4.767882,You are near TheWinery. Come earn points!,https://g.page/r/de29e5f9,1,933
934,ChIJBC8287BC,1,Cafe Central - Main Branch,Calle de Charo Pascual 20,41.707707,-4.752431,You are near Cafe Central. Come earn points!,https://g.page/r/f0ce43a6,1,934
935,ChIJ537E5FC9,1,Cafe Central - City Center,Callejón de Oriana Luz 65,39.617664,2.681684,You are near Cafe Central. Come earn points!,https://g.page/r/078d4868,1,935
936,ChIJ82590936,1,CleanBite - Main Branch,Pasaje de Emiliano Carmona 9 Puerta 6 ,37.928047,-4.741145,You are near CleanBite. Come earn points!,https://g.page/r/f7f3db0c,1,936
937,ChIJB30BED7D,1,CarePharm - Main Branch,"Continuación Kirguistán 074 Edif. 245 , Depto. 337",22.086245,-101.043385,You are near CarePharm. Come earn points!,https://g.page/r/89dcf471,2,937
938,ChIJD488F37A,1,CarePharm - Midtown,"Prolongación Norte Báez 291 Edif. 536 , Depto. 361",25.703841,-100.296626,You are near CarePharm. Come earn points!,https://g.page/r/ddf7c7a7,2,938
939,ChIJ4E2E933F,1,Fabric House - Main Branch,Corredor Oaxaca 677 Interior 415,20.639371,-100.44347,You are near Fabric House. Come earn points!,https://g.page/r/4e081b45,2,939
940,ChIJFF87D90B,1,The Book Den - Main Branch,Callejón de Néstor Saldaña 66 Piso 8 ,37.190425,-3.654009,You are near The Book Den. Come earn points!,https://g.page/r/03e03312,1,940
941,ChIJ84257310,1,The Book Den - North,Ronda de Rufino Hurtado 490,43.229679,-2.979712,You are near The Book Den. Come earn points!,https://g.page/r/e40bf770,1,941
942,ChIJB951805A,1,The Book Den - Market,Pasaje Víctor Angulo 49 Piso 4 ,41.384194,2.153596,You are near The Book Den. Come earn points!,https://g.page/r/1166b881,1,942
943,ChIJ0C398EBE,1,The Book Den - Uptown,C. Marianela Macias 76 Puerta 7 ,42.805116,-2.727906,You are near The Book Den. Come earn points!,https://g.page/r/18efffbb,1,943
944,ChIJA3697E89,1,The Dough Co - Main Branch,Calle de Nereida Mancebo 21,37.821074,-4.838699,You are near The Dough Co. Come earn points!,https://g.page/r/46e4b741,1,944
945,ChIJ80949541,1,The Dough Co - Suburbs,Alameda Olegario Rosales 4,41.592684,-4.697773,You are near The Dough Co. Come earn points!,https://g.page/r/9b8b0647,1,945
946,ChIJD231DA18,1,The Dough Co - Market,Ronda de Belén Antúnez 899,36.77456,-4.401303,You are near The Dough Co. Come earn points!,https://g.page/r/d0948b89,1,946
947,ChIJ0D93A2D9,1,The Dough Co - Station,Ronda de Carina Pedrero 971,38.026197,-1.174827,You are near The Dough Co. Come earn points!,https://g.page/r/e494a9b4,1,947
948,ChIJC3A83DD6,1,The Dough Co - Beachfront,Pasadizo de Amancio Estrada 248 Apt. 02 ,40.472509,-3.680647,You are near The Dough Co. Come earn points!,https://g.page/r/81d1f9da,1,948
949,ChIJ5E6069F2,1,The Dough Co - North,Glorieta Primitivo Beltrán 26,41.666932,-4.789597,You are near The Dough Co. Come earn points!,https://g.page/r/1010c30e,1,949
950,ChIJ6BB54475,1,The Dough Co - Business District,Rambla de Hector Marti 824,41.717124,-0.891252,You are near The Dough Co. Come earn points!,https://g.page/r/c62950b7,1,950
951,ChIJCCFA501B,1,CleanDrive - Main Branch,"Peatonal Negrete 375 Edif. 683 , Depto. 574",20.601999,-100.458298,You are near CleanDrive. Come earn points!,https://g.page/r/f88c7e9f,2,951
952,ChIJA02B5DC9,1,HomeGrocer - Main Branch,"Continuación Sur de la O 145 Edif. 895 , Depto. 646",21.194838,-86.791278,You are near HomeGrocer. Come earn points!,https://g.page/r/7aadbbcc,2,952
953,ChIJ5713866C,1,Espresso Lab - Main Branch,"Pasaje Omán 203 Edif. 011 , Depto. 754",19.055856,-98.200966,You are near Espresso Lab. Come earn points!,https://g.page/r/9672d341,2,953
954,ChIJ4947AD5A,1,Espresso Lab - South,"Continuación Nayarit 246 Edif. 456 , Depto. 273",21.162644,-86.899672,You are near Espresso Lab. Come earn points!,https://g.page/r/7e5964d6,2,954
955,ChIJ7EEB2694,1,FurEver - Main Branch,Rambla de Timoteo Fortuny 63,42.827085,-2.6162,You are near FurEver. Come earn points!,https://g.page/r/77f9a475,1,955
956,ChIJ1EF178D1,1,FurEver - Old Town,Pasaje Anselma Nebot 78,40.391856,-3.742233,You are near FurEver. Come earn points!,https://g.page/r/9bb3c0aa,1,956
957,ChIJFFAE0B75,1,FurEver - Central,Glorieta de Leoncio Herranz 6,38.371824,-0.533279,You are near FurEver. Come earn points!,https://g.page/r/b9f690ff,1,957
958,ChIJ80348893,1,HappyPet - Main Branch,Cuesta Albina Roman 2,43.26042,-2.871548,You are near HappyPet. Come earn points!,https://g.page/r/8d148969,1,958
959,ChIJ07392C22,1,SushiPoint - Main Branch,Acceso Macaria Pedrero 3,41.677132,-0.867731,You are near SushiPoint. Come earn points!,https://g.page/r/a4104342,1,959
960,ChIJ3A939087,1,SushiPoint - Beachfront,Callejón Chelo Romero 94,38.017327,-1.130588,You are near SushiPoint. Come earn points!,https://g.page/r/05aaa200,1,960
961,ChIJF955C495,1,SushiPoint - Mall Branch,Plaza de Esmeralda Sarabia 3 Piso 2 ,39.632488,2.709129,You are near SushiPoint. Come earn points!,https://g.page/r/3b13ee3c,1,961
962,ChIJB48911A0,1,The Fresh Store - Main Branch,Paseo de Omar Tormo 99,43.217214,-2.908812,You are near The Fresh Store. Come earn points!,https://g.page/r/069a8e04,1,962
963,ChIJCF0C9F02,1,Mindful Yoga - Main Branch,Peatonal Herrera 129 Interior 219,24.839435,-107.329338,You are near Mindful Yoga. Come earn points!,https://g.page/r/3b781150,2,963
964,ChIJ5FF84176,1,Sunset Grill - Main Branch,Diagonal Niger 681 492,20.670711,-103.311697,You are near Sunset Grill. Come earn points!,https://g.page/r/a6858127,2,964
965,ChIJ7792F47C,1,Sunset Grill - South,"Calzada Liberia 335 Edif. 386 , Depto. 619",32.467191,-117.079184,You are near Sunset Grill. Come earn points!,https://g.page/r/5006a95f,2,965
966,ChIJ302F54EE,1,Sunset Grill - City Center,Prolongación Baja California 183 Interior 136,21.883296,-102.2374,You are near Sunset Grill. Come earn points!,https://g.page/r/593b05d5,2,966
967,ChIJD1002285,1,Sunset Grill - Suburbs,"Circunvalación Sur Tejada 055 Edif. 363 , Depto. 708",31.703486,-106.455966,You are near Sunset Grill. Come earn points!,https://g.page/r/269b0976,2,967
968,ChIJE3640761,1,Bite Rush - Main Branch,Calzada Fuentes 358 Interior 009,21.139208,-101.666979,You are near Bite Rush. Come earn points!,https://g.page/r/8edf52fc,2,968
969,ChIJ882F3A21,1,Cafe Central - Main Branch,Pasaje de Ignacia Canals 884,36.677961,-4.440592,You are near Cafe Central. Come earn points!,https://g.page/r/3f813e98,1,969
970,ChIJDD5BD93D,1,Cafe Central - Downtown,Callejón de Rolando Girona 85,37.195578,-3.660003,You are near Cafe Central. Come earn points!,https://g.page/r/8a44ca48,1,970
971,ChIJ924A3BC6,1,Cafe Central - Harbor,Pasaje de Magdalena Jove 416 Puerta 7 ,39.524523,-0.311866,You are near Cafe Central. Come earn points!,https://g.page/r/4e92ddb1,1,971
972,ChIJF43A9D84,1,BottleShop - Main Branch,Calle Julieta Gisbert 61 Apt. 03 ,43.275162,-2.963914,You are near BottleShop. Come earn points!,https://g.page/r/9ffc7055,1,972
973,ChIJ9A9F3D5A,1,BrightEyes - Main Branch,"Andador Estados Unidos de América 019 Edif. 517 , Depto. 534",32.715815,-115.404947,You are near BrightEyes. Come earn points!,https://g.page/r/dfe5bf84,2,973
974,ChIJ6EF02210,1,BrightEyes - University,"Cerrada Sur Hurtado 676 Edif. 379 , Depto. 758",21.140315,-86.916808,You are near BrightEyes. Come earn points!,https://g.page/r/b8fa4698,2,974
975,ChIJ37DE0EC6,1,BrightEyes - East,Privada Norte Orosco 175 Interior 389,25.729266,-100.325886,You are near BrightEyes. Come earn points!,https://g.page/r/d7d9b8cc,2,975
976,ChIJ5C022823,1,BrightEyes - Uptown,Circunvalación Sur Villalobos 303 521,25.666084,-100.37583,You are near BrightEyes. Come earn points!,https://g.page/r/37783633,2,976
977,ChIJ7E8A1E67,1,BrightEyes - Central,Corredor Norte Gurule 713 Interior 352,22.131032,-101.034694,You are near BrightEyes. Come earn points!,https://g.page/r/11326884,2,977
978,ChIJE90E433B,1,Grab & Go - Main Branch,Paseo Ibán Mesa 981 Apt. 85 ,41.595123,-0.914398,You are near Grab & Go. Come earn points!,https://g.page/r/235280ce,1,978
979,ChIJ3615E76B,1,The Spa Room - Main Branch,Retorno Norte Marín 802 Interior 743,19.462352,-99.173072,You are near The Spa Room. Come earn points!,https://g.page/r/50aec1dd,2,979
980,ChIJF0B05B1D,1,Quick Bite - Main Branch,Callejón Colima 409 Interior 121,20.629334,-100.333176,You are near Quick Bite. Come earn points!,https://g.page/r/73745fdd,2,980
981,ChIJB108CB18,1,Quick Bite - Market,"Pasaje Cintrón 880 Edif. 012 , Depto. 887",21.100273,-86.881294,You are near Quick Bite. Come earn points!,https://g.page/r/54ef64dc,2,981
982,ChIJ6B322F42,1,Quick Bite - Station,"Diagonal Colima 672 Edif. 972 , Depto. 002",19.044817,-98.261591,You are near Quick Bite. Come earn points!,https://g.page/r/daf672f6,2,982
983,ChIJBCB54D13,1,Quick Bite - City Center,Corredor González 770 092,32.544277,-116.975522,You are near Quick Bite. Come earn points!,https://g.page/r/58427732,2,983
984,ChIJ8B44D083,1,NectarBar - Main Branch,Calzada Querétaro 164 Interior 448,29.152388,-111.036525,You are near NectarBar. Come earn points!,https://g.page/r/da21b278,2,984
985,ChIJE1AB14F7,1,The Bakehouse - Main Branch,"Viaducto Ponce 903 Edif. 439 , Depto. 419",24.829478,-107.368502,You are near The Bakehouse. Come earn points!,https://g.page/r/869c9343,2,985
986,ChIJDDB0C01B,1,The Bakehouse - North,Andador Norte Véliz 307 Interior 909,31.66449,-106.449183,You are near The Bakehouse. Come earn points!,https://g.page/r/e85a7a43,2,986
987,ChIJ91308ADD,1,The Bakehouse - Market,"Boulevard Jalisco 051 Edif. 523 , Depto. 651",18.977952,-98.206849,You are near The Bakehouse. Come earn points!,https://g.page/r/0e71a789,2,987
988,ChIJ226A3D0E,1,Green Basket - Main Branch,"Andador México 602 Edif. 523 , Depto. 398",19.500636,-99.144027,You are near Green Basket. Come earn points!,https://g.page/r/899d27a0,2,988
989,ChIJDCBA2713,1,Green Basket - Beachfront,Retorno Yucatán 255 426,20.65239,-103.3348,You are near Green Basket. Come earn points!,https://g.page/r/dcbe5363,2,989
990,ChIJ950724D8,1,Green Basket - West,"Viaducto Ybarra 554 Edif. 749 , Depto. 952",20.5716,-100.378302,You are near Green Basket. Come earn points!,https://g.page/r/21d79840,2,990
991,ChIJF3147B1E,1,SpeakEasy - Main Branch,"Calle Maldonado 547 Edif. 528 , Depto. 341",32.446497,-116.998337,You are near SpeakEasy. Come earn points!,https://g.page/r/44576e9a,2,991
992,ChIJF7A4920D,1,PharmaCare - Main Branch,Cañada de Andrés Lloret 855 Piso 6 ,28.192314,-15.37837,You are near PharmaCare. Come earn points!,https://g.page/r/1cd7fe17,1,992
993,ChIJ7B182701,1,Cellar Door - Main Branch,Vial Rebeca Villegas 8,43.211348,-2.869641,You are near Cellar Door. Come earn points!,https://g.page/r/59212ddd,1,993
994,ChIJ1D83BC62,1,Cellar Door - Harbor,Callejón María Belén Ríos 90 Puerta 1 ,40.471416,-3.644475,You are near Cellar Door. Come earn points!,https://g.page/r/1d32ce16,1,994
995,ChIJ646100A3,1,PawsFirst - Main Branch,Retorno Huerta 466 Interior 871,19.409235,-99.200722,You are near PawsFirst. Come earn points!,https://g.page/r/5347e004,2,995
996,ChIJC35EBF55,1,HappyPet - Main Branch,"Viaducto Gutiérrez 509 Edif. 250 , Depto. 552",20.910317,-89.580648,You are near HappyPet. Come earn points!,https://g.page/r/15f3604a,2,996
997,ChIJEA54F6A1,1,The Tech Store - Main Branch,C. de Cirino Morillo 89 Puerta 3 ,38.31714,-0.506593,You are near The Tech Store. Come earn points!,https://g.page/r/851c5909,1,997
998,ChIJ1BB4E86B,1,The Tech Store - Uptown,Urbanización Manola Gabaldón 29 Apt. 22 ,41.634048,-0.881097,You are near The Tech Store. Come earn points!,https://g.page/r/295b8197,1,998
999,ChIJC4DDA77A,1,The Tech Store - South,Callejón Lina Torre 58 Apt. 07 ,41.647135,-0.95241,You are near The Tech Store. Come earn points!,https://g.page/r/81b4590a,1,999
1000,ChIJ5F7C4886,1,The Tech Store - Station,Alameda Luz Fiol 31 Piso 3 ,43.290504,-2.941359,You are near The Tech Store. Come earn points!,https://g.page/r/f933fb6e,1,1000
1001,ChIJ1B6B7EB3,1,The Tech Store - Old Town,C. Adora Guardiola 97 Puerta 2 ,42.865754,-2.614534,You are near The Tech Store. Come earn points!,https://g.page/r/1e660520,1,1001
1002,ChIJB8AAA909,1,The Tech Store - East,Alameda Liliana Ledesma 29 Apt. 59 ,42.828347,-2.655483,You are near The Tech Store. Come earn points!,https://g.page/r/dc8a408b,1,1002
1003,ChIJC9BA6779,1,TalkFirst - Main Branch,"Calzada Gil 114 Edif. 585 , Depto. 948",19.393362,-99.087436,You are near TalkFirst. Come earn points!,https://g.page/r/807ef6a2,2,1003
1004,ChIJ673760D1,1,TalkFirst - Uptown,"Privada Camboya 500 Edif. 791 , Depto. 448",25.630719,-100.3408,You are near TalkFirst. Come earn points!,https://g.page/r/48d97900,2,1004
1005,ChIJ74CEC933,1,TalkFirst - South,"Cerrada Benavides 457 Edif. 347 , Depto. 947",21.916395,-102.329312,You are near TalkFirst. Come earn points!,https://g.page/r/c957b0cf,2,1005
1006,ChIJ566C5289,1,Boost Gym - Main Branch,Andador Campeche 061 Interior 625,20.615762,-103.292681,You are near Boost Gym. Come earn points!,https://g.page/r/589e1c9b,2,1006
1007,ChIJ36204EFD,1,Wellness Hub - Main Branch,Avenida Damián Bosch 85 Apt. 77 ,41.692261,-0.883742,You are near Wellness Hub. Come earn points!,https://g.page/r/8d4e4241,1,1007
1008,ChIJA6AC2D43,1,Wellness Hub - Mall Branch,Cuesta de Luisa Blanes 93 Puerta 5 ,40.476775,-3.651478,You are near Wellness Hub. Come earn points!,https://g.page/r/f31b4876,1,1008
1009,ChIJ031A7344,1,Wellness Hub - Central,Pasaje Luisina Agullo 38,43.316665,-2.998969,You are near Wellness Hub. Come earn points!,https://g.page/r/eb2b1396,1,1009
1010,ChIJ9055645C,1,Wellness Hub - Station,Ronda de Miguela Medina 6,40.4786,-3.762494,You are near Wellness Hub. Come earn points!,https://g.page/r/3da7e5a2,1,1010
1011,ChIJ56689AA6,1,Wellness Hub - Market,Calle de Emiliana Cózar 706 Apt. 44 ,41.674309,-0.848172,You are near Wellness Hub. Come earn points!,https://g.page/r/eb775b08,1,1011
1012,ChIJE44C2ED8,1,Wellness Hub - West,Camino de Fabricio Garriga 1,36.687788,-4.466153,You are near Wellness Hub. Come earn points!,https://g.page/r/db225e91,1,1012
1013,ChIJ050654BA,1,Wellness Hub - Midtown,Cuesta Leonardo Bas 2,39.481683,-0.429214,You are near Wellness Hub. Come earn points!,https://g.page/r/5daf2eb6,1,1013
1014,ChIJ3BB5F8E4,1,Wellness Hub - Beachfront,Urbanización Leyre Reina 38 Apt. 80 ,41.698665,-0.853575,You are near Wellness Hub. Come earn points!,https://g.page/r/15b30fa5,1,1014
1015,ChIJDD93A517,1,FurryFriends - Main Branch,Callejón de Lorena Huguet 2 Puerta 2 ,37.226022,-3.543633,You are near FurryFriends. Come earn points!,https://g.page/r/02231e0d,1,1015
1016,ChIJ6D858056,1,PourMore - Main Branch,Glorieta de Cayetana Pou 53,41.644549,-4.776868,You are near PourMore. Come earn points!,https://g.page/r/288906c3,1,1016
1017,ChIJD4FE4474,1,Market One - Main Branch,Circuito Quintana Roo 062 574,21.124673,-86.85409,You are near Market One. Come earn points!,https://g.page/r/b8a2d1fc,2,1017
1018,ChIJ9A926F45,1,Market One - Market,"Ampliación México 148 Edif. 789 , Depto. 205",21.033689,-89.647932,You are near Market One. Come earn points!,https://g.page/r/4e462e65,2,1018
1019,ChIJE95C9509,1,WashPro - Main Branch,Eje vial Muro 387 Interior 359,21.882579,-102.348148,You are near WashPro. Come earn points!,https://g.page/r/9db5048f,2,1019
1020,ChIJ6EBBAB0D,1,WashPro - Old Town,Andador Puebla 328 Interior 578,29.073473,-111.035409,You are near WashPro. Come earn points!,https://g.page/r/316d146c,2,1020
1021,ChIJ3014B0C8,1,WashPro - West,Circunvalación República Unida de Tanzanía 174 Interior 198,21.207976,-86.887067,You are near WashPro. Come earn points!,https://g.page/r/b12bc19d,2,1021
1022,ChIJ383FF3A1,1,WashPro - Midtown,"Ampliación Jalisco 370 Edif. 299 , Depto. 112",22.181938,-101.026175,You are near WashPro. Come earn points!,https://g.page/r/e364615f,2,1022
1023,ChIJFB7F12AD,1,WhiteSmile - Main Branch,Ronda Anastasia Vélez 57 Piso 3 ,41.32552,2.172245,You are near WhiteSmile. Come earn points!,https://g.page/r/ed9851ce,1,1023
1024,ChIJF1DBB371,1,The Quick Plate - Main Branch,Diagonal Abrego 871 Interior 278,18.972838,-98.245741,You are near The Quick Plate. Come earn points!,https://g.page/r/74aad808,2,1024
1025,ChIJ85E36A0A,1,The Quick Plate - Business District,Eje vial Bhután 733 Interior 856,32.646908,-115.46973,You are near The Quick Plate. Come earn points!,https://g.page/r/c7f10763,2,1025
1026,ChIJ4F952023,1,Urban Thread - Main Branch,"Ampliación Côte d'Ivoire 589 Edif. 443 , Depto. 161",21.081213,-101.669327,You are near Urban Thread. Come earn points!,https://g.page/r/3871b360,2,1026
1027,ChIJ87D35DEA,1,Urban Thread - Market,"Pasaje Sur Mercado 084 Edif. 707 , Depto. 872",21.16295,-86.87713,You are near Urban Thread. Come earn points!,https://g.page/r/962bb63f,2,1027
1028,ChIJCFA95D31,1,WordBridge - Main Branch,Via de Federico Falcó 97,43.292192,-2.913259,You are near WordBridge. Come earn points!,https://g.page/r/c5a06660,1,1028
1029,ChIJ75F05C14,1,WordBridge - Uptown,Cañada Aurora Vilaplana 21 Piso 4 ,42.846632,-2.614022,You are near WordBridge. Come earn points!,https://g.page/r/ffba0580,1,1029
1030,ChIJD1AB5FA6,1,Urban Grind - Main Branch,C. Remedios Bello 7 Apt. 48 ,37.447338,-6.000019,You are near Urban Grind. Come earn points!,https://g.page/r/28533c89,1,1030
1031,ChIJ5CFFE580,1,Urban Grind - City Center,Rambla de Pastora Páez 22,38.0345,-1.128115,You are near Urban Grind. Come earn points!,https://g.page/r/1f27d0a6,1,1031
1032,ChIJD9123C1D,1,Urban Grind - Station,Alameda Mario Toro 95,37.874029,-4.83939,You are near Urban Grind. Come earn points!,https://g.page/r/0ecd96e7,1,1032
1033,ChIJ000552CE,1,Urban Grind - South,Cañada de Tania Franch 96,36.672987,-4.446999,You are near Urban Grind. Come earn points!,https://g.page/r/38e7174c,1,1033
1034,ChIJ2596D781,1,Mode & Co - Main Branch,Continuación Norte Oquendo 691 975,32.673814,-115.523711,You are near Mode & Co. Come earn points!,https://g.page/r/54cac158,2,1034
1035,ChIJ2257697E,1,Mode & Co - University,"Corredor Armenia 992 Edif. 214 , Depto. 022",21.019667,-89.588696,You are near Mode & Co. Come earn points!,https://g.page/r/d9720fc5,2,1035
1036,ChIJ551D2014,1,Serenity Spa - Main Branch,Avenida de Alexandra Aznar 32,37.321322,-5.989481,You are near Serenity Spa. Come earn points!,https://g.page/r/f2ac9868,1,1036
1037,ChIJ4A172D1D,1,The Mat Room - Main Branch,Avenida Sur Cruz 202 Interior 147,32.448002,-117.015336,You are near The Mat Room. Come earn points!,https://g.page/r/3d789d00,2,1037
1038,ChIJ85CB0AAC,1,The Mat Room - Midtown,"Avenida Egipto 775 Edif. 779 , Depto. 832",20.946274,-89.676434,You are near The Mat Room. Come earn points!,https://g.page/r/818af824,2,1038
1039,ChIJ5AFAB897,1,Wellness Hub - Main Branch,Cuesta Baltasar Vergara 49 Puerta 8 ,39.511769,2.640406,You are near Wellness Hub. Come earn points!,https://g.page/r/c58f201d,1,1039
1040,ChIJBED526D4,1,CityPharm - Main Branch,Retorno Campeche 259 816,25.67157,-100.325681,You are near CityPharm. Come earn points!,https://g.page/r/6fbbc77c,2,1040
1041,ChIJ49A73915,1,WordBridge - Main Branch,"Ampliación Norte Armendáriz 504 Edif. 841 , Depto. 188",21.059442,-101.713838,You are near WordBridge. Come earn points!,https://g.page/r/e41630a8,2,1041
1042,ChIJ67AC7656,1,WordBridge - Harbor,Eje vial Mongolia 248 Interior 673,20.595879,-103.365447,You are near WordBridge. Come earn points!,https://g.page/r/a3cd165a,2,1042
1043,ChIJ3FE14A53,1,WordBridge - Market,"Diagonal Bélgica 360 Edif. 221 , Depto. 978",24.798162,-107.422839,You are near WordBridge. Come earn points!,https://g.page/r/a31aebcd,2,1043
1044,ChIJB1CE1FB0,1,WordBridge - Airport,Circunvalación Bustos 103 164,31.64473,-106.45537,You are near WordBridge. Come earn points!,https://g.page/r/fd45c611,2,1044
1045,ChIJ83A693F4,1,WordBridge - West,Viaducto Sur Varela 542 Interior 882,20.587106,-100.398301,You are near WordBridge. Come earn points!,https://g.page/r/77b36789,2,1045
1046,ChIJBBCFE77B,1,WordBridge - Beachfront,Pasaje México 342 Interior 430,22.085982,-101.020148,You are near WordBridge. Come earn points!,https://g.page/r/88c11c9e,2,1046
1047,ChIJ2A0FFAC6,1,VitaJuice - Main Branch,Pasaje de Gloria Leon 691,41.345741,2.110439,You are near VitaJuice. Come earn points!,https://g.page/r/5142f13a,1,1047
1048,ChIJ3BA5E082,1,VitaJuice - Business District,Ronda Regina Alfonso 56,40.426532,-3.739573,You are near VitaJuice. Come earn points!,https://g.page/r/b5be8577,1,1048
1049,ChIJ70886FB1,1,YogaCorner - Main Branch,Glorieta Curro Guerrero 657,39.514144,2.611705,You are near YogaCorner. Come earn points!,https://g.page/r/508ab806,1,1049
1050,ChIJ4CAB4DFC,1,The Bistro - Main Branch,Alameda de Cristóbal Blazquez 50 Piso 2 ,28.151932,-15.449362,You are near The Bistro. Come earn points!,https://g.page/r/8009a128,1,1050
1051,ChIJ5CB955F1,1,The Bistro - Station,Rambla María Fernanda Puig 6 Apt. 07 ,36.664183,-4.387251,You are near The Bistro. Come earn points!,https://g.page/r/676264e8,1,1051
1052,ChIJF8ABEE5D,1,The Bistro - Midtown,Rambla de Ciríaco Bautista 28,37.203836,-3.599676,You are near The Bistro. Come earn points!,https://g.page/r/7cb85323,1,1052
1053,ChIJ43ABDCB9,1,CleanBite - Main Branch,Eje vial Irán 266 Interior 638,25.726002,-100.337331,You are near CleanBite. Come earn points!,https://g.page/r/e2237039,2,1053
1054,ChIJ2F762152,1,Casa Blanca - Main Branch,Urbanización Rubén Menendez 63,43.291819,-2.964683,You are near Casa Blanca. Come earn points!,https://g.page/r/1465956d,1,1054
1055,ChIJD8D8F2C4,1,Casa Blanca - Old Town,Rambla Anunciación Camps 2 Piso 3 ,40.359194,-3.702546,You are near Casa Blanca. Come earn points!,https://g.page/r/51454f9f,1,1055
1056,ChIJF29FF021,1,WhiteSmile - Main Branch,Privada Guzmán 272 Interior 305,21.902097,-102.257527,You are near WhiteSmile. Come earn points!,https://g.page/r/0430e37a,2,1056
1057,ChIJA6C42990,1,WordBridge - Main Branch,Glorieta Noa Viña 31,42.902933,-2.708593,You are near WordBridge. Come earn points!,https://g.page/r/90e91c0e,1,1057
1058,ChIJ97A92B04,1,WordBridge - Old Town,Callejón Julia Salom 502 Piso 6 ,41.673402,-0.93567,You are near WordBridge. Come earn points!,https://g.page/r/2b08e79d,1,1058
1059,ChIJ52741BB7,1,SushiPoint - Main Branch,Cuesta Severiano Múgica 78 Apt. 26 ,41.703982,-0.939143,You are near SushiPoint. Come earn points!,https://g.page/r/04ede488,1,1059
1060,ChIJ157304CB,1,FreshMart - Main Branch,Periférico Aguascalientes 101 835,19.455244,-99.143091,You are near FreshMart. Come earn points!,https://g.page/r/269e6bde,2,1060
1061,ChIJ7B0D0800,1,FreshMart - Old Town,"Circuito Olivárez 101 Edif. 049 , Depto. 797",19.386852,-99.166063,You are near FreshMart. Come earn points!,https://g.page/r/0b3bb6aa,2,1061
1062,ChIJCAA06348,1,FreshMart - North,Andador Guerrero 355 Interior 686,20.612902,-103.312563,You are near FreshMart. Come earn points!,https://g.page/r/bfc42e7a,2,1062
1063,ChIJ99DE0BEC,1,FreshMart - East,Avenida Armendáriz 214 Interior 566,19.445161,-99.067264,You are near FreshMart. Come earn points!,https://g.page/r/c9af7a8c,2,1063
1064,ChIJ210C310A,1,Pure Beauty - Main Branch,"Eje vial Alba 314 Edif. 923 , Depto. 082",20.518141,-100.336749,You are near Pure Beauty. Come earn points!,https://g.page/r/cd244a2b,2,1064
1065,ChIJ458A84C5,1,CrushBar - Main Branch,Cuesta María Manuela Pascual 488,37.928314,-1.08535,You are near CrushBar. Come earn points!,https://g.page/r/798049b2,1,1065
1066,ChIJ04490670,1,Daily Flow - Main Branch,Cerrada Seychelles 458 809,20.613206,-100.418308,You are near Daily Flow. Come earn points!,https://g.page/r/c810dd22,2,1066
1067,ChIJ0EDF9CD1,1,Daily Flow - Midtown,Viaducto Santiago 899 424,19.044538,-98.252577,You are near Daily Flow. Come earn points!,https://g.page/r/074c28c5,2,1067
1068,ChIJBB555339,1,Daily Flow - East,"Circunvalación Norte Hernandes 610 Edif. 222 , Depto. 031",25.724536,-100.372001,You are near Daily Flow. Come earn points!,https://g.page/r/97e53423,2,1068
1069,ChIJA85F4C16,1,Daily Flow - Business District,"Circunvalación Norte Lemus 576 Edif. 342 , Depto. 359",29.135066,-110.983634,You are near Daily Flow. Come earn points!,https://g.page/r/784eb8cb,2,1069
1070,ChIJ47A8E217,1,FurEver - Main Branch,"Boulevard Peres 763 Edif. 370 , Depto. 433",21.864109,-102.2846,You are near FurEver. Come earn points!,https://g.page/r/287e812d,2,1070
1071,ChIJ736CA563,1,FurEver - University,Privada Dinamarca 819 Interior 593,22.147109,-101.003999,You are near FurEver. Come earn points!,https://g.page/r/d4b791c2,2,1071
1072,ChIJ742E492D,1,FurEver - City Center,"Calzada Sur Rosado 844 Edif. 449 , Depto. 605",19.477885,-99.160841,You are near FurEver. Come earn points!,https://g.page/r/4bf354f8,2,1072
1073,ChIJC5461EF7,1,TheJuicery - Main Branch,Andador Distrito Federal 989 Interior 530,21.176792,-101.643566,You are near TheJuicery. Come earn points!,https://g.page/r/8cf1501f,2,1073
1074,ChIJ9C7876DF,1,MedCorner - Main Branch,Ampliación Yucatán 668 Interior 483,32.714118,-115.419882,You are near MedCorner. Come earn points!,https://g.page/r/d8b4c53c,2,1074
1075,ChIJF1BA80CB,1,Sushi Corner - Main Branch,"Calle Badillo 698 Edif. 937 , Depto. 342",20.912787,-89.59699,You are near Sushi Corner. Come earn points!,https://g.page/r/366a2eda,2,1075
1076,ChIJ240D065B,1,WashCorner - Main Branch,Vial de Amando Requena 16,38.364572,-0.530294,You are near WashCorner. Come earn points!,https://g.page/r/6781be1a,1,1076
1077,ChIJ60EEE4A4,1,WashCorner - Central,Callejón Dimas Corbacho 46,36.769877,-4.397689,You are near WashCorner. Come earn points!,https://g.page/r/4df4f746,1,1077
1078,ChIJF31323FB,1,Casa Blanca - Main Branch,Avenida Gaona 240 061,25.666007,-100.381673,You are near Casa Blanca. Come earn points!,https://g.page/r/7f418f0d,2,1078
1079,ChIJAFBCAE53,1,The Dough Co - Main Branch,Urbanización Consuelo Simó 13 Puerta 3 ,28.157742,-15.369739,You are near The Dough Co. Come earn points!,https://g.page/r/2c1fb6ec,1,1079
1080,ChIJ129B729A,1,The Dough Co - North,Callejón de Ana Sofía Pinedo 313,41.606883,-0.946502,You are near The Dough Co. Come earn points!,https://g.page/r/585a0928,1,1080
1081,ChIJ6D9A588C,1,The Dough Co - East,Cañada Cristina Izaguirre 405 Piso 0 ,37.240674,-3.579577,You are near The Dough Co. Come earn points!,https://g.page/r/751c08b5,1,1081
1082,ChIJ1F8C0C9A,1,The Dough Co - Market,Calle de Francisco Javier Palomares 77 Piso 4 ,43.3158,-2.909968,You are near The Dough Co. Come earn points!,https://g.page/r/134b3619,1,1082
1083,ChIJBEE96CD6,1,Sunrise Cafe - Main Branch,Avenida de Albano Vargas 15,37.234735,-3.530774,You are near Sunrise Cafe. Come earn points!,https://g.page/r/91140033,1,1083
1084,ChIJD72076B3,1,Sunrise Cafe - Old Town,Alameda Bernabé Nogueira 105 Piso 2 ,37.180767,-3.631857,You are near Sunrise Cafe. Come earn points!,https://g.page/r/9c457843,1,1084
1085,ChIJ7542D154,1,Sunrise Cafe - University,Camino de Hortensia Garmendia 36,41.630838,-4.747633,You are near Sunrise Cafe. Come earn points!,https://g.page/r/71a96fd0,1,1085
1086,ChIJED6CD58F,1,Sunrise Cafe - Business District,Rambla Matilde Garrido 34,28.112421,-15.366848,You are near Sunrise Cafe. Come earn points!,https://g.page/r/4f93caec,1,1086
1087,ChIJ4F662F96,1,Sunrise Cafe - Suburbs,Vial de Íngrid Salom 127,43.21968,-2.923868,You are near Sunrise Cafe. Come earn points!,https://g.page/r/d9a12900,1,1087
1088,ChIJ2505C2C9,1,Sunrise Cafe - Harbor,Cañada de Cloe Roldán 603,38.323058,-0.465269,You are near Sunrise Cafe. Come earn points!,https://g.page/r/045caebc,1,1088
1089,ChIJE2D314D0,1,Sunrise Cafe - Market,Rambla de Aurelio Calzada 62,36.761347,-4.410667,You are near Sunrise Cafe. Come earn points!,https://g.page/r/7c7d29db,1,1089
1090,ChIJA7406CDB,1,Espresso Lab - Main Branch,"Privada Jalisco 034 Edif. 441 , Depto. 517",29.142928,-111.006623,You are near Espresso Lab. Come earn points!,https://g.page/r/49f4ffa6,2,1090
1091,ChIJA8CE0D32,1,Espresso Lab - Harbor,"Callejón Baja California 331 Edif. 746 , Depto. 187",19.43185,-99.107026,You are near Espresso Lab. Come earn points!,https://g.page/r/e51b205e,2,1091
1092,ChIJFAB8029F,1,Espresso Lab - Central,"Ampliación Sur Roldán 888 Edif. 342 , Depto. 374",20.992329,-89.619754,You are near Espresso Lab. Come earn points!,https://g.page/r/901e65ff,2,1092
1093,ChIJ814A93EC,1,FreshSqueeze - Main Branch,Pasadizo Nilda Villena 7,43.280331,-2.911995,You are near FreshSqueeze. Come earn points!,https://g.page/r/37e272c9,1,1093
1094,ChIJA3DB730D,1,VitaJuice - Main Branch,"Boulevard Oaxaca 513 Edif. 125 , Depto. 362",32.512155,-117.098954,You are near VitaJuice. Come earn points!,https://g.page/r/2a6e0f68,2,1094
1095,ChIJE073727B,1,VitaJuice - South,Circunvalación Madagascar 431 Interior 707,32.446183,-117.102267,You are near VitaJuice. Come earn points!,https://g.page/r/b986eded,2,1095
1096,ChIJ036D881D,1,Urban Market - Main Branch,Avenida Papua Nueva Guinea 065 Interior 794,32.559566,-117.090719,You are near Urban Market. Come earn points!,https://g.page/r/e7226718,2,1096
1097,ChIJAD3E0492,1,Urban Market - City Center,Diagonal Laboy 645 683,20.939815,-89.632755,You are near Urban Market. Come earn points!,https://g.page/r/382b9b03,2,1097
1098,ChIJ9ADD8A1A,1,Urban Market - East,Circuito Norte Navarro 563 Interior 324,22.195775,-101.048014,You are near Urban Market. Come earn points!,https://g.page/r/76d58f29,2,1098
1099,ChIJ2995EFBC,1,Urban Market - Market,Circuito Barrera 763 843,25.665031,-100.346343,You are near Urban Market. Come earn points!,https://g.page/r/d388dcfc,2,1099
1100,ChIJ7C9A5F0E,1,Urban Market - Downtown,Pasaje Espinosa 560 Interior 844,32.663279,-115.403807,You are near Urban Market. Come earn points!,https://g.page/r/7de2226d,2,1100
1101,ChIJ6E552483,1,Urban Market - North,"Corredor Loya 888 Edif. 848 , Depto. 722",21.112705,-86.90896,You are near Urban Market. Come earn points!,https://g.page/r/abdd30cd,2,1101
1102,ChIJ519F82C8,1,Urban Market - Harbor,Pasaje Baja California Sur 913 Interior 712,32.46397,-117.005373,You are near Urban Market. Come earn points!,https://g.page/r/02aad15f,2,1102
1103,ChIJD19107A1,1,VisionFirst - Main Branch,Continuación Coahuila de Zaragoza 774 Interior 033,31.701931,-106.482699,You are near VisionFirst. Come earn points!,https://g.page/r/b6ce1c0c,2,1103
1104,ChIJ865CF810,1,PharmaCare - Main Branch,Circunvalación Villarreal 374 Interior 682,18.975499,-98.145389,You are near PharmaCare. Come earn points!,https://g.page/r/56fce71d,2,1104
1105,ChIJ9E4E3ABC,1,The Sushi Bar - Main Branch,Cuesta de Prudencia Ferrán 73 Piso 2 ,37.432639,-5.964814,You are near The Sushi Bar. Come earn points!,https://g.page/r/86eb27e4,1,1105
1106,ChIJ4AE18ADA,1,The Sushi Bar - Market,Ronda Baldomero Sandoval 36 Apt. 24 ,36.705876,-4.363417,You are near The Sushi Bar. Come earn points!,https://g.page/r/be15db6d,1,1106
1107,ChIJ2E3C74FE,1,FreshMart - Main Branch,Calle Cristina Quintero 37,37.143577,-3.626717,You are near FreshMart. Come earn points!,https://g.page/r/3b78e66c,1,1107
1108,ChIJDD908CE6,1,FreshMart - Uptown,Callejón de María Gelabert 44 Piso 1 ,43.217262,-2.943986,You are near FreshMart. Come earn points!,https://g.page/r/4794e833,1,1108
1109,ChIJF0157B7B,1,The Coffee Spot - Main Branch,Plaza Raúl Verdú 532,37.152147,-3.588057,You are near The Coffee Spot. Come earn points!,https://g.page/r/0e01b5f4,1,1109
1110,ChIJ84E97E23,1,The Coffee Spot - Old Town,Plaza Fortunata Andrés 15,41.689472,-4.758997,You are near The Coffee Spot. Come earn points!,https://g.page/r/01661ca8,1,1110
1111,ChIJC7DDD433,1,The Coffee Spot - Uptown,Pasadizo de Graciela Guijarro 53 Apt. 07 ,36.7276,-4.447851,You are near The Coffee Spot. Come earn points!,https://g.page/r/fb1e4c1b,1,1111
1112,ChIJE320B640,1,The Coffee Spot - Station,Pasadizo de Demetrio Chacón 36,41.356627,2.232797,You are near The Coffee Spot. Come earn points!,https://g.page/r/08919f99,1,1112
1113,ChIJ2CBDBC93,1,Zen Flow - Main Branch,Calle de Vicenta Lozano 14,37.989416,-1.147365,You are near Zen Flow. Come earn points!,https://g.page/r/6c35091e,1,1113
1114,ChIJ75D46F07,1,Zen Flow - South,C. de Fortunata Yáñez 622 Puerta 3 ,37.223739,-3.655554,You are near Zen Flow. Come earn points!,https://g.page/r/b0d02df5,1,1114
1115,ChIJBC49A03C,1,PowerHouse - Main Branch,Andador República Popular Democrática de Corea 860 957,21.152866,-86.877144,You are near PowerHouse. Come earn points!,https://g.page/r/5d3021fa,2,1115
1116,ChIJ79D2C228,1,PowerHouse - West,Corredor Aparicio 098 756,24.834923,-107.413942,You are near PowerHouse. Come earn points!,https://g.page/r/8251010f,2,1116
1117,ChIJF275F2D5,1,PowerHouse - Downtown,Continuación Norte Castellanos 038 Interior 426,21.111874,-101.693129,You are near PowerHouse. Come earn points!,https://g.page/r/750b397c,2,1117
1118,ChIJE5DDF294,1,TechBox - Main Branch,"Corredor Jáquez 672 Edif. 471 , Depto. 179",31.68458,-106.366242,You are near TechBox. Come earn points!,https://g.page/r/dba93888,2,1118
1119,ChIJ4D286D09,1,TechBox - East,"Retorno Tejeda 753 Edif. 756 , Depto. 540",19.496049,-99.144071,You are near TechBox. Come earn points!,https://g.page/r/22675619,2,1119
1120,ChIJF843AA06,1,Olive Branch - Main Branch,Prolongación Norte Ornelas 256 Interior 431,29.051682,-110.920041,You are near Olive Branch. Come earn points!,https://g.page/r/27d3cdbe,2,1120
1121,ChIJ7071DAB1,1,Fabric House - Main Branch,"Ampliación Uruguay 150 Edif. 966 , Depto. 833",29.06597,-110.975291,You are near Fabric House. Come earn points!,https://g.page/r/fba006f0,2,1121
1122,ChIJCC997182,1,Ink & Paper - Main Branch,Camino Georgina Robledo 9 Apt. 31 ,39.486925,-0.320012,You are near Ink & Paper. Come earn points!,https://g.page/r/5730bd94,1,1122
1123,ChIJ24E8DBCE,1,Warm Oven - Main Branch,Cuesta de Susana Menendez 68 Apt. 07 ,37.148068,-3.563253,You are near Warm Oven. Come earn points!,https://g.page/r/a5086dad,1,1123
1124,ChIJ557259BC,1,Warm Oven - Market,Via de Ariel Ramirez 1,36.667631,-4.396189,You are near Warm Oven. Come earn points!,https://g.page/r/848ddd04,1,1124
1125,ChIJ974BA263,1,The Reading Room - Main Branch,Glorieta Eusebio Ángel 98,38.026047,-1.077512,You are near The Reading Room. Come earn points!,https://g.page/r/b78f22ca,1,1125
1126,ChIJ91AA3A35,1,The Reading Room - Airport,Alameda de Fortunata Martorell 78,38.030488,-1.188148,You are near The Reading Room. Come earn points!,https://g.page/r/f7e6ddb6,1,1126
1127,ChIJ7EAAA881,1,HealthStop - Main Branch,Avenida Limón 069 171,32.560185,-117.017017,You are near HealthStop. Come earn points!,https://g.page/r/9badd772,2,1127
1128,ChIJ2E1A87BB,1,HealthStop - Suburbs,Eje vial Chad 421 444,21.135208,-101.636928,You are near HealthStop. Come earn points!,https://g.page/r/805fb6df,2,1128
1129,ChIJFEDB0959,1,CrushBar - Main Branch,Callejón de Jerónimo Cadenas 8 Piso 3 ,28.121406,-15.459617,You are near CrushBar. Come earn points!,https://g.page/r/317c7120,1,1129
1130,ChIJ1D533061,1,CrushBar - South,Paseo de Chema Manuel 19,40.363002,-3.691154,You are near CrushBar. Come earn points!,https://g.page/r/616d19f8,1,1130
1131,ChIJFC332FAE,1,HealthFirst - Main Branch,Callejón de Cruz Ferrández 59,39.603511,2.587423,You are near HealthFirst. Come earn points!,https://g.page/r/c488f4f9,1,1131
1132,ChIJFEA97087,1,HealthFirst - Station,Callejón Julián Dueñas 1,37.391277,-5.975313,You are near HealthFirst. Come earn points!,https://g.page/r/7f6dbb9e,1,1132
1133,ChIJ6411AD39,1,Core Fit - Main Branch,Cerrada Garrido 558 111,20.916096,-89.567693,You are near Core Fit. Come earn points!,https://g.page/r/b7d1806e,2,1133
1134,ChIJ48DFB8EC,1,Mode & Co - Main Branch,"Periférico Rubio 855 Edif. 233 , Depto. 902",22.198316,-101.012875,You are near Mode & Co. Come earn points!,https://g.page/r/e5a28968,2,1134
1135,ChIJ5E1EDEB4,1,Mode & Co - Midtown,"Callejón Malta 844 Edif. 575 , Depto. 174",32.54468,-116.976886,You are near Mode & Co. Come earn points!,https://g.page/r/ce1ff8a9,2,1135
1136,ChIJ2C497DBC,1,Mode & Co - Downtown,Boulevard Liberia 670 960,29.099894,-110.950712,You are near Mode & Co. Come earn points!,https://g.page/r/85a0f241,2,1136
1137,ChIJ3CD8799D,1,Mode & Co - West,"Viaducto Querétaro 270 Edif. 954 , Depto. 659",20.5984,-103.397577,You are near Mode & Co. Come earn points!,https://g.page/r/ff0f98a3,2,1137
1138,ChIJ98AD66AB,1,Mode & Co - Airport,Periférico Norte Anaya 293 714,24.755945,-107.450439,You are near Mode & Co. Come earn points!,https://g.page/r/c3da7aad,2,1138
1139,ChIJ6FA58276,1,WashCorner - Main Branch,Calle Sur Elizondo 785 Interior 843,18.985505,-98.272548,You are near WashCorner. Come earn points!,https://g.page/r/bbcaa77d,2,1139
1140,ChIJ2C8E6FA4,1,WashCorner - Station,Corredor Norte Maestas 058 854,21.153134,-86.913209,You are near WashCorner. Come earn points!,https://g.page/r/90fc42c1,2,1140
1141,ChIJ721439C4,1,Shelf Life - Main Branch,Diagonal Swazilandia 703 397,20.630989,-103.351279,You are near Shelf Life. Come earn points!,https://g.page/r/f9159330,2,1141
1142,ChIJ1DBA6648,1,Shelf Life - Market,Viaducto Cruz 988 171,25.730838,-100.268159,You are near Shelf Life. Come earn points!,https://g.page/r/6c5ddd3d,2,1142
1143,ChIJF77A68A6,1,Shelf Life - Downtown,"Circunvalación Gallardo 979 Edif. 004 , Depto. 548",21.127438,-86.835214,You are near Shelf Life. Come earn points!,https://g.page/r/7946897b,2,1143
1144,ChIJ25BC6745,1,Shelf Life - Business District,Andador Esquibel 256 Interior 717,21.017304,-89.606598,You are near Shelf Life. Come earn points!,https://g.page/r/420b5abd,2,1144
1145,ChIJ9E0F1559,1,SmilePlus - Main Branch,Cuesta Lorena Luís 17,36.670474,-4.486968,You are near SmilePlus. Come earn points!,https://g.page/r/eefd7b63,1,1145
1146,ChIJ09ABA1A6,1,SmilePlus - Airport,Glorieta Eusebia Sales 85,39.514597,-0.353955,You are near SmilePlus. Come earn points!,https://g.page/r/a494351e,1,1146
1147,ChIJAB376061,1,SmilePlus - Mall Branch,Glorieta Agustín Cañas 38 Puerta 8 ,39.471612,-0.348052,You are near SmilePlus. Come earn points!,https://g.page/r/2db04277,1,1147
1148,ChIJ4FDED65E,1,SmilePlus - University,Plaza Pepe Bueno 439 Apt. 94 ,37.385662,-6.013395,You are near SmilePlus. Come earn points!,https://g.page/r/28c769f5,1,1148
1149,ChIJCA933FD2,1,SmilePlus - Market,Cañada de Marisol Pardo 61,41.596003,-4.711573,You are near SmilePlus. Come earn points!,https://g.page/r/2690b0d7,1,1149
1150,ChIJ072E6CF3,1,SmilePlus - Downtown,Glorieta de Lara Chacón 51,41.671478,-0.904234,You are near SmilePlus. Come earn points!,https://g.page/r/fc4a0955,1,1150
1151,ChIJDB8F1672,1,Tokyo Table - Main Branch,"Ampliación Bulgaria 333 Edif. 886 , Depto. 095",21.92698,-102.296045,You are near Tokyo Table. Come earn points!,https://g.page/r/4682664f,2,1151
1152,ChIJ64E74BAD,1,Tokyo Table - Downtown,"Diagonal Bélgica 623 Edif. 804 , Depto. 734",32.652477,-115.534084,You are near Tokyo Table. Come earn points!,https://g.page/r/c09fbdc7,2,1152
1153,ChIJ99F68B83,1,The Reading Room - Main Branch,Pasaje Norte Matías 060 761,20.913818,-89.63848,You are near The Reading Room. Come earn points!,https://g.page/r/b9f86e50,2,1153
1154,ChIJF880EA66,1,QuickMeds - Main Branch,Circuito Sur Villalobos 667 594,20.560387,-100.368685,You are near QuickMeds. Come earn points!,https://g.page/r/f9a9615a,2,1154
1155,ChIJ593B38ED,1,QuickMeds - Midtown,"Cerrada Morelos 785 Edif. 547 , Depto. 392",24.831007,-107.401773,You are near QuickMeds. Come earn points!,https://g.page/r/d17debe1,2,1155
1156,ChIJDB4DC5F5,1,QuickMeds - Business District,"Ampliación Anguiano 264 Edif. 122 , Depto. 508",24.865988,-107.329208,You are near QuickMeds. Come earn points!,https://g.page/r/064882f0,2,1156
1157,ChIJF0708DC2,1,QuickMeds - Old Town,"Peatonal Ramírez 304 Edif. 401 , Depto. 042",21.020539,-89.628831,You are near QuickMeds. Come earn points!,https://g.page/r/b41f6145,2,1157
1158,ChIJ7FFFF969,1,RollMaster - Main Branch,Callejón Clementina Parejo 176,40.483446,-3.722915,You are near RollMaster. Come earn points!,https://g.page/r/00462215,1,1158
1159,ChIJ8958C9BE,1,SmartGear - Main Branch,Glorieta de Ángeles Tapia 266 Puerta 8 ,42.896543,-2.712491,You are near SmartGear. Come earn points!,https://g.page/r/5f1ded24,1,1159
1160,ChIJ38005070,1,SmartGear - Uptown,Paseo de José Menéndez 6,37.205871,-3.614313,You are near SmartGear. Come earn points!,https://g.page/r/43d1e815,1,1160
1161,ChIJC9E72ED7,1,SmartGear - Business District,Urbanización Rebeca Atienza 66,41.33943,2.124196,You are near SmartGear. Come earn points!,https://g.page/r/999abb2e,1,1161
1162,ChIJ90D6DD46,1,SmartGear - Beachfront,C. Sandalio Verdú 262 Puerta 7 ,41.682689,-4.746499,You are near SmartGear. Come earn points!,https://g.page/r/ea3413f3,1,1162
1163,ChIJ679E9992,1,StyleBox - Main Branch,Alameda Ana Belén Saez 37,38.395213,-0.531394,You are near StyleBox. Come earn points!,https://g.page/r/bc8007dd,1,1163
1164,ChIJC5CCA727,1,StyleBox - Airport,Pasaje de Marcio Sanmiguel 27,37.924765,-4.80659,You are near StyleBox. Come earn points!,https://g.page/r/f7de1a59,1,1164
1165,ChIJEB095854,1,Story Corner - Main Branch,C. de Edmundo Bas 900 Apt. 10 ,36.659549,-4.372494,You are near Story Corner. Come earn points!,https://g.page/r/eef9b8bd,1,1165
1166,ChIJ6AA620D2,1,ClearVision - Main Branch,C. Isaura Hernandez 79,37.965713,-1.133955,You are near ClearVision. Come earn points!,https://g.page/r/825dc8a4,1,1166
1167,ChIJBD49045F,1,Cloth & Co - Main Branch,C. Marcial Daza 7 Puerta 2 ,41.607252,-4.69481,You are near Cloth & Co. Come earn points!,https://g.page/r/b65f296d,1,1167
1168,ChIJ57CCEC46,1,Cloth & Co - Beachfront,Pasaje Fidela Solana 69,39.608556,2.653561,You are near Cloth & Co. Come earn points!,https://g.page/r/f83ad029,1,1168
1169,ChIJ687FC43B,1,The Coffee Spot - Main Branch,Ronda Inocencio Lledó 743 Apt. 60 ,39.497688,-0.363561,You are near The Coffee Spot. Come earn points!,https://g.page/r/db91abeb,1,1169
1170,ChIJ1C6377A7,1,The Coffee Spot - Suburbs,Cañada de Cosme Martí 43,28.102733,-15.419553,You are near The Coffee Spot. Come earn points!,https://g.page/r/7a7f3f64,1,1170
1171,ChIJ3E3AB157,1,The Coffee Spot - South,Plaza de Ruperta Martorell 238 Apt. 64 ,36.65946,-4.485867,You are near The Coffee Spot. Come earn points!,https://g.page/r/8b92c9b8,1,1171
1172,ChIJDE8C6D69,1,Burger Stop - Main Branch,"Peatonal Ghana 707 Edif. 640 , Depto. 011",21.837285,-102.347484,You are near Burger Stop. Come earn points!,https://g.page/r/4f265b4d,2,1172
1173,ChIJA08535E3,1,Burger Stop - Midtown,"Pasaje Norte Carmona 433 Edif. 419 , Depto. 847",20.658921,-103.323895,You are near Burger Stop. Come earn points!,https://g.page/r/5cb5742d,2,1173
1174,ChIJE220F25C,1,Burger Stop - Business District,"Callejón Guzmán 919 Edif. 133 , Depto. 513",21.158387,-101.614614,You are near Burger Stop. Come earn points!,https://g.page/r/284e1030,2,1174
1175,ChIJ7DE1F15E,1,Burger Stop - East,Andador Guerrero 296 152,29.160418,-110.935615,You are near Burger Stop. Come earn points!,https://g.page/r/e6cbcd3b,2,1175
1176,ChIJE38CCAE7,1,PowerTech - Main Branch,Pasaje Austria 308 Interior 928,20.714971,-103.39464,You are near PowerTech. Come earn points!,https://g.page/r/4e4e6765,2,1176
1177,ChIJ53827068,1,PowerTech - University,Callejón Norte Farías 492 Interior 993,24.792772,-107.327735,You are near PowerTech. Come earn points!,https://g.page/r/0877b205,2,1177
1178,ChIJ2631714E,1,PowerTech - Market,Prolongación Sur Campos 648 Interior 559,24.748012,-107.378333,You are near PowerTech. Come earn points!,https://g.page/r/d3011d0d,2,1178
1179,ChIJ362BBF09,1,PowerTech - Station,Callejón Emiratos Árabes Unidos 734 841,20.594239,-103.314009,You are near PowerTech. Come earn points!,https://g.page/r/c0e1d868,2,1179
1180,ChIJ1CD7547D,1,HealthStop - Main Branch,"Privada Naranjo 797 Edif. 456 , Depto. 614",21.003869,-89.608085,You are near HealthStop. Come earn points!,https://g.page/r/4b60aa49,2,1180
1181,ChIJD11A42B5,1,HealthStop - Central,"Retorno Norte Jiménez 641 Edif. 002 , Depto. 711",32.597124,-115.513631,You are near HealthStop. Come earn points!,https://g.page/r/f70f1c4b,2,1181
1182,ChIJ628CB747,1,BrightEyes - Main Branch,Camino Nuria Pizarro 8 Puerta 5 ,41.412822,2.155868,You are near BrightEyes. Come earn points!,https://g.page/r/efc6c5e6,1,1182
1183,ChIJ0847EE0E,1,BrightEyes - Mall Branch,Acceso de María Luisa Quiroga 83,41.662329,-4.766037,You are near BrightEyes. Come earn points!,https://g.page/r/1adcca05,1,1183
1184,ChIJ537F8C7C,1,BrightEyes - Business District,Avenida de Mireia Cervantes 83 Puerta 8 ,43.261754,-2.909961,You are near BrightEyes. Come earn points!,https://g.page/r/16fd34ea,1,1184
1185,ChIJDF17BD2C,1,BrightEyes - Uptown,Urbanización Efraín Benavides 22 Apt. 16 ,37.347167,-6.031307,You are near BrightEyes. Come earn points!,https://g.page/r/8952fa7b,1,1185
1186,ChIJ95D90E26,1,Iron Club - Main Branch,Calle Sur Cepeda 885 Interior 941,32.666994,-115.427399,You are near Iron Club. Come earn points!,https://g.page/r/2b8d529a,2,1186
1187,ChIJ53A72A4E,1,Iron Club - Airport,"Corredor Santillán 494 Edif. 427 , Depto. 697",20.670495,-103.330924,You are near Iron Club. Come earn points!,https://g.page/r/8f96efb4,2,1187
1188,ChIJE721A385,1,BottleShop - Main Branch,Cañada Rogelio Flores 86 Apt. 87 ,41.595469,-4.789347,You are near BottleShop. Come earn points!,https://g.page/r/73f61e9f,1,1188
1189,ChIJ89F4CD00,1,BottleShop - Beachfront,Cuesta de Gala Chaparro 44,39.525061,-0.395661,You are near BottleShop. Come earn points!,https://g.page/r/e68f9646,1,1189
1190,ChIJ713F0F10,1,Shelf Life - Main Branch,Boulevard Chihuahua 565 Interior 291,31.699561,-106.372971,You are near Shelf Life. Come earn points!,https://g.page/r/217243b6,2,1190
1191,ChIJ82E315BA,1,Shelf Life - Station,Calle Pakistán 903 Interior 915,21.077943,-101.649803,You are near Shelf Life. Come earn points!,https://g.page/r/979a6835,2,1191
1192,ChIJB8AF273F,1,StyleCorner - Main Branch,Acceso Melania Merino 84,37.20896,-3.595058,You are near StyleCorner. Come earn points!,https://g.page/r/0577730c,1,1192
1193,ChIJ7B5D478E,1,PharmaCare - Main Branch,Circunvalación Tonga 094 Interior 900,19.087536,-98.196148,You are near PharmaCare. Come earn points!,https://g.page/r/aad8c641,2,1193
1194,ChIJ1C424A22,1,PharmaCare - Uptown,Continuación San Luis Potosí 743 993,20.967119,-89.643092,You are near PharmaCare. Come earn points!,https://g.page/r/4284bc7b,2,1194
1195,ChIJ072F409E,1,PharmaCare - Station,Periférico Costa Rica 438 Interior 753,24.817218,-107.444698,You are near PharmaCare. Come earn points!,https://g.page/r/c2675ecf,2,1195
1196,ChIJ62AF81CC,1,PharmaCare - University,Viaducto Sur Montenegro 630 966,20.650443,-103.331434,You are near PharmaCare. Come earn points!,https://g.page/r/78d9ee3e,2,1196
1197,ChIJ4595FBB1,1,Story Corner - Main Branch,Circuito Sur Jasso 679 197,32.602921,-115.52706,You are near Story Corner. Come earn points!,https://g.page/r/a1f4a117,2,1197
1198,ChIJ33B5D9FB,1,Story Corner - Central,"Calle Islas Marshall 696 Edif. 129 , Depto. 860",29.104415,-111.032872,You are near Story Corner. Come earn points!,https://g.page/r/9851e1aa,2,1198
1199,ChIJ1D5F56B0,1,Story Corner - Airport,Corredor Rwanda 328 087,20.92928,-89.608791,You are near Story Corner. Come earn points!,https://g.page/r/5132de9c,2,1199
1200,ChIJ57EE9B68,1,Story Corner - University,"Callejón Norte Zelaya 069 Edif. 299 , Depto. 157",21.055156,-101.637014,You are near Story Corner. Come earn points!,https://g.page/r/7e171428,2,1200
1201,ChIJ0F4FBF26,1,La Piazza - Main Branch,Glorieta de Cloe Santana 91 Apt. 13 ,43.322118,-2.969807,You are near La Piazza. Come earn points!,https://g.page/r/588520ce,1,1201
1202,ChIJ346C2AD3,1,TheWinery - Main Branch,Urbanización de Angelina Sanmartín 82 Apt. 10 ,38.325107,-0.428858,You are near TheWinery. Come earn points!,https://g.page/r/86dff980,1,1202
1203,ChIJF96BD745,1,TheWinery - West,C. de Fabiana Carro 30 Piso 6 ,39.535536,-0.435531,You are near TheWinery. Come earn points!,https://g.page/r/1f13c971,1,1203
1204,ChIJ3A261F96,1,OptiCare - Main Branch,Urbanización Santiago Arribas 392 Puerta 1 ,28.087796,-15.433514,You are near OptiCare. Come earn points!,https://g.page/r/f1259065,1,1204
1205,ChIJD5C53C4A,1,AutoSpa - Main Branch,Rambla Miguel Ángel Gomez 82 Piso 5 ,28.124007,-15.450109,You are near AutoSpa. Come earn points!,https://g.page/r/bd9cb2c6,1,1205
1206,ChIJ565F7EB5,1,SparkleWash - Main Branch,Pasadizo Darío Guillen 612 Piso 2 ,40.422432,-3.648147,You are near SparkleWash. Come earn points!,https://g.page/r/4fb1123b,1,1206
1207,ChIJD9E564DF,1,SparkleWash - Market,Plaza de Gabino Bastida 21 Piso 7 ,28.119937,-15.377565,You are near SparkleWash. Come earn points!,https://g.page/r/3f477915,1,1207
1208,ChIJB7A0D62A,1,WaveRoll - Main Branch,Glorieta Ainara Trillo 81,43.284452,-3.000482,You are near WaveRoll. Come earn points!,https://g.page/r/e5df801d,1,1208
1209,ChIJAAC7FD66,1,NectarBar - Main Branch,Calzada Ortega 011 Interior 556,31.656523,-106.447164,You are near NectarBar. Come earn points!,https://g.page/r/ef370862,2,1209
1210,ChIJ118908ED,1,NectarBar - Midtown,Eje vial Norte Longoria 052 914,29.040315,-111.018407,You are near NectarBar. Come earn points!,https://g.page/r/74629e91,2,1210
1211,ChIJF6B0E2BA,1,NectarBar - Business District,Eje vial Sur Tejeda 883 266,32.695742,-115.408616,You are near NectarBar. Come earn points!,https://g.page/r/4c1b1268,2,1211
1212,ChIJ71B74DEF,1,NectarBar - Old Town,"Peatonal Chihuahua 882 Edif. 251 , Depto. 118",22.206725,-101.046274,You are near NectarBar. Come earn points!,https://g.page/r/dd29a4ba,2,1212
1213,ChIJ4303757F,1,NectarBar - Airport,Continuación Tamaulipas 720 762,20.907208,-89.56028,You are near NectarBar. Come earn points!,https://g.page/r/54a4bddb,2,1213
1214,ChIJDAE70247,1,NectarBar - East,Diagonal Granada 050 Interior 183,24.8244,-107.3471,You are near NectarBar. Come earn points!,https://g.page/r/508682b3,2,1214
1215,ChIJD13961CE,1,NectarBar - University,Periférico Santiago 696 954,29.036951,-110.909652,You are near NectarBar. Come earn points!,https://g.page/r/92837490,2,1215
1216,ChIJ3D53AF00,1,NectarBar - Downtown,"Retorno Letonia 705 Edif. 549 , Depto. 086",31.703741,-106.408259,You are near NectarBar. Come earn points!,https://g.page/r/c62ec809,2,1216
1217,ChIJFB4A90D3,1,Harvest Table - Main Branch,Urbanización de Ascensión Muñoz 83 Piso 4 ,41.439253,2.170028,You are near Harvest Table. Come earn points!,https://g.page/r/0f925030,1,1217
1218,ChIJ9656CFE9,1,Core Fit - Main Branch,"Diagonal Norte de la Crúz 276 Edif. 184 , Depto. 684",25.653871,-100.380156,You are near Core Fit. Come earn points!,https://g.page/r/39937874,2,1218
1219,ChIJB7784CCD,1,Core Fit - City Center,Ampliación Norte Soto 843 Interior 425,19.431524,-99.171466,You are near Core Fit. Come earn points!,https://g.page/r/9608e936,2,1219
1220,ChIJ35D9D8AD,1,Core Fit - Uptown,Callejón Norte Barrera 405 Interior 664,21.112412,-101.709521,You are near Core Fit. Come earn points!,https://g.page/r/5431d4ce,2,1220
1221,ChIJ34A75276,1,Core Fit - Central,Andador Yemen 154 956,32.715703,-115.506114,You are near Core Fit. Come earn points!,https://g.page/r/c9c5ad0c,2,1221
1222,ChIJ07A5BBC3,1,GadgetHub - Main Branch,Camino Gervasio Durán 86 Puerta 6 ,37.11475,-3.560694,You are near GadgetHub. Come earn points!,https://g.page/r/6835940f,1,1222
1223,ChIJDD2A14DA,1,GadgetHub - Business District,Avenida Adán Calleja 25,37.845464,-4.763861,You are near GadgetHub. Come earn points!,https://g.page/r/da85f4a4,1,1223
1224,ChIJA5EBB18B,1,Bake Street - Main Branch,Boulevard Chipre 235 718,31.715472,-106.390691,You are near Bake Street. Come earn points!,https://g.page/r/a8f050cd,2,1224
1225,ChIJ44BEF1CA,1,Bake Street - South,Corredor Tonga 577 Interior 793,21.158504,-86.866803,You are near Bake Street. Come earn points!,https://g.page/r/b2664ed0,2,1225
1226,ChIJ672C8B79,1,Green Table - Main Branch,Camino Begoña Cámara 9 Apt. 10 ,36.747362,-4.429839,You are near Green Table. Come earn points!,https://g.page/r/8cc5fb35,1,1226
1227,ChIJA73342E0,1,Green Table - Midtown,Cañada de Jimena Gálvez 92,36.726936,-4.473818,You are near Green Table. Come earn points!,https://g.page/r/beb1148d,1,1227
1228,ChIJ6F5165B6,1,The Pet Corner - Main Branch,Andador Polonia 640 591,20.714601,-103.281445,You are near The Pet Corner. Come earn points!,https://g.page/r/60eb896a,2,1228
1229,ChIJ7434443D,1,OptiCare - Main Branch,Diagonal Togo 624 Interior 315,21.10125,-101.703962,You are near OptiCare. Come earn points!,https://g.page/r/cb28b448,2,1229
1230,ChIJC452489D,1,TailWag - Main Branch,Privada Guerrero 483 Interior 649,24.747109,-107.431515,You are near TailWag. Come earn points!,https://g.page/r/5ab07c2f,2,1230
1231,ChIJDE1DCD04,1,OralFirst - Main Branch,Urbanización Jafet Pastor 99,28.055407,-15.448171,You are near OralFirst. Come earn points!,https://g.page/r/cf061226,1,1231
1232,ChIJF773BB67,1,OralFirst - Market,Callejón Emperatriz Alcántara 27 Apt. 43 ,37.942367,-4.737955,You are near OralFirst. Come earn points!,https://g.page/r/31c2ce41,1,1232
1233,ChIJE92FA07E,1,Crusty Corner - Main Branch,Urbanización de Lorena Escolano 246 Piso 7 ,28.060409,-15.393753,You are near Crusty Corner. Come earn points!,https://g.page/r/c1cc2812,1,1233
1234,ChIJ30A3B05A,1,Crusty Corner - Harbor,Urbanización de María Dolores Mulet 60,42.876776,-2.628233,You are near Crusty Corner. Come earn points!,https://g.page/r/74523ca1,1,1234
1235,ChIJ6589CBE0,1,Crusty Corner - Uptown,C. Carlota Esparza 634,41.322932,2.164398,You are near Crusty Corner. Come earn points!,https://g.page/r/a73f240c,1,1235
1236,ChIJ47BE9ED5,1,Warm Oven - Main Branch,Pasaje Tabasco 340 332,32.450121,-117.059047,You are near Warm Oven. Come earn points!,https://g.page/r/6d1285f1,2,1236
1237,ChIJ88F8FBF3,1,FluentPath - Main Branch,Callejón Porfirio Cervera 8,41.706659,-4.654268,You are near FluentPath. Come earn points!,https://g.page/r/3abb29d9,1,1237
1238,ChIJFF40212D,1,FluentPath - West,Acceso de Yésica Rico 3,39.484857,-0.378982,You are near FluentPath. Come earn points!,https://g.page/r/665b9d9f,1,1238
1239,ChIJDD4E1063,1,The Lens Studio - Main Branch,"Pasaje Sur Barela 921 Edif. 045 , Depto. 508",20.680923,-103.408307,You are near The Lens Studio. Come earn points!,https://g.page/r/3a6d658d,2,1239
1240,ChIJ3B41BCEB,1,Daily Flow - Main Branch,Glorieta de Natividad Arco 94 Puerta 7 ,39.528821,2.678736,You are near Daily Flow. Come earn points!,https://g.page/r/489e5f57,1,1240
1241,ChIJE3A9D432,1,BottleShop - Main Branch,Callejón de Jacinto Tello 92 Apt. 71 ,42.825974,-2.613886,You are near BottleShop. Come earn points!,https://g.page/r/35550748,1,1241
1242,ChIJ59343C48,1,BottleShop - Station,Via Hugo Andrés 74,37.381096,-6.011619,You are near BottleShop. Come earn points!,https://g.page/r/52499a8f,1,1242
1243,ChIJ67CAAA5B,1,BottleShop - East,Rambla Carla Conde 26,41.687229,-0.918024,You are near BottleShop. Come earn points!,https://g.page/r/de168252,1,1243
1244,ChIJ2D02A2C7,1,BottleShop - West,Plaza de Priscila Puente 58 Apt. 55 ,41.616189,-4.668983,You are near BottleShop. Come earn points!,https://g.page/r/a3751c20,1,1244
1245,ChIJ523AE714,1,Bean Scene - Main Branch,Via de Hugo Linares 5,41.675688,-0.888518,You are near Bean Scene. Come earn points!,https://g.page/r/c0a88697,1,1245
1246,ChIJ58489700,1,Bean Scene - East,C. de Concepción Escalona 859 Piso 8 ,40.394529,-3.715483,You are near Bean Scene. Come earn points!,https://g.page/r/95c77daa,1,1246
1247,ChIJ892AC4A1,1,Bean Scene - Beachfront,Plaza Alba Valbuena 267,28.122069,-15.495018,You are near Bean Scene. Come earn points!,https://g.page/r/9fe3d3fa,1,1247
1248,ChIJD3B547A1,1,Bean Scene - North,Camino de José Ángel Vallejo 20,37.126198,-3.532369,You are near Bean Scene. Come earn points!,https://g.page/r/4b9c5231,1,1248
1249,ChIJ6534222A,1,Bean Scene - Central,Calle de Eutimio Castells 1,37.361691,-5.976585,You are near Bean Scene. Come earn points!,https://g.page/r/7e1d886c,1,1249
1250,ChIJEA430FB0,1,Bean Scene - West,Rambla Áurea Vall 12 Apt. 82 ,41.367135,2.217293,You are near Bean Scene. Come earn points!,https://g.page/r/8a173ecc,1,1250
1251,ChIJD4C683A3,1,Bean Scene - Station,Callejón Borja Martinez 43 Puerta 5 ,39.405021,-0.413085,You are near Bean Scene. Come earn points!,https://g.page/r/334fa47a,1,1251
1252,ChIJA6DECF62,1,Bean Scene - South,Callejón de Tatiana Camacho 72 Puerta 3 ,38.003987,-1.136473,You are near Bean Scene. Come earn points!,https://g.page/r/d3ce7436,1,1252
1253,ChIJ20AE0627,1,Sakura Roll - Main Branch,Corredor Norte Vega 177 811,20.591981,-103.301914,You are near Sakura Roll. Come earn points!,https://g.page/r/bd970e4d,2,1253
1254,ChIJB2B3D7A8,1,The Spa Room - Main Branch,Pasadizo Florentina Amo 22,43.231915,-2.951215,You are near The Spa Room. Come earn points!,https://g.page/r/242b5e50,1,1254
1255,ChIJ2B8066AE,1,The Spa Room - Central,Cañada de Macario Atienza 7,42.911114,-2.733639,You are near The Spa Room. Come earn points!,https://g.page/r/ff6bf5c7,1,1255
1256,ChIJ26655F18,1,EasyTalk - Main Branch,Cuesta de Roque Ayuso 7,42.861365,-2.67265,You are near EasyTalk. Come earn points!,https://g.page/r/5e654287,1,1256
1257,ChIJED2A500D,1,EasyTalk - Station,Acceso Pepito Adán 50 Apt. 51 ,42.829562,-2.679837,You are near EasyTalk. Come earn points!,https://g.page/r/64f94e82,1,1257
1258,ChIJD148011B,1,VoiceBox Academy - Main Branch,C. Natalia Roselló 22 Apt. 74 ,37.347802,-6.02818,You are near VoiceBox Academy. Come earn points!,https://g.page/r/5242693c,1,1258
1259,ChIJAE550481,1,VoiceBox Academy - East,Glorieta Raúl Gálvez 882 Apt. 07 ,36.724549,-4.397544,You are near VoiceBox Academy. Come earn points!,https://g.page/r/2ac6defa,1,1259
1260,ChIJCDE13B3B,1,The Cork Room - Main Branch,"Pasaje Suárez 022 Edif. 125 , Depto. 351",19.437817,-99.154307,You are near The Cork Room. Come earn points!,https://g.page/r/55ea19ce,2,1260
1261,ChIJ2318F97B,1,The Bistro - Main Branch,Pasadizo Jose Ramón Cobo 883 Puerta 5 ,40.473408,-3.667373,You are near The Bistro. Come earn points!,https://g.page/r/0521e3a4,1,1261
1262,ChIJF745F3EF,1,The Bistro - University,Ronda María Pilar Riba 657,41.707178,-0.831957,You are near The Bistro. Come earn points!,https://g.page/r/69edf064,1,1262
1263,ChIJ0A127F0F,1,The Bistro - Harbor,Rambla Espiridión Egea 38,37.923465,-4.818684,You are near The Bistro. Come earn points!,https://g.page/r/837b66bf,1,1263
1264,ChIJD0D92663,1,The Bistro - West,C. Gala Asenjo 81 Puerta 5 ,40.393732,-3.656906,You are near The Bistro. Come earn points!,https://g.page/r/cab5896b,1,1264
1265,ChIJ38436739,1,The Bistro - East,Vial Benigna Pujadas 8 Apt. 32 ,36.771204,-4.380434,You are near The Bistro. Come earn points!,https://g.page/r/b1565f40,1,1265
1266,ChIJC03BC4C0,1,The Bistro - Suburbs,Cuesta de Catalina Lucena 80,37.209958,-3.661003,You are near The Bistro. Come earn points!,https://g.page/r/cb22c0fc,1,1266
1267,ChIJ0D40A3FD,1,The Bistro - Central,Pasadizo de Gabriela Perelló 44 Apt. 93 ,41.392461,2.236346,You are near The Bistro. Come earn points!,https://g.page/r/0178bff7,1,1267
1268,ChIJ42345E65,1,TechCorner - Main Branch,Paseo de Manola Gimeno 85 Apt. 02 ,37.201916,-3.548808,You are near TechCorner. Come earn points!,https://g.page/r/0335f935,1,1268
1269,ChIJ8B63DE02,1,TechCorner - Midtown,Camino Xiomara Cabrera 356 Piso 2 ,39.56489,2.660164,You are near TechCorner. Come earn points!,https://g.page/r/d7e06439,1,1269
1270,ChIJ97F91525,1,TechCorner - Downtown,Vial de Rico Artigas 18 Puerta 4 ,28.161662,-15.469586,You are near TechCorner. Come earn points!,https://g.page/r/35503a5c,1,1270
1271,ChIJE0A1E9E6,1,TechCorner - City Center,Pasaje de Flora Navarro 26 Piso 3 ,36.715427,-4.351034,You are near TechCorner. Come earn points!,https://g.page/r/bb446abc,1,1271
1272,ChIJC368AACA,1,TechCorner - Beachfront,Via Felicidad Amorós 88 Piso 9 ,37.337462,-6.051874,You are near TechCorner. Come earn points!,https://g.page/r/56784c28,1,1272
1273,ChIJAD1624F0,1,TheWinery - Main Branch,Acceso de Jose Luis Fábregas 76 Puerta 9 ,37.913564,-4.810585,You are near TheWinery. Come earn points!,https://g.page/r/f84a448a,1,1273
1274,ChIJC4622406,1,TheWinery - Old Town,Calle de Genoveva Ramis 32 Piso 9 ,37.426987,-6.012585,You are near TheWinery. Come earn points!,https://g.page/r/41a7456d,1,1274
1275,ChIJ494EDDCC,1,TechBox - Main Branch,"Calzada Henríquez 091 Edif. 063 , Depto. 331",20.573244,-100.372823,You are near TechBox. Come earn points!,https://g.page/r/870fb589,2,1275
1276,ChIJ8181F97B,1,Inner Peace Studio - Main Branch,"Periférico Liberia 729 Edif. 733 , Depto. 509",21.089625,-101.716928,You are near Inner Peace Studio. Come earn points!,https://g.page/r/bd7787c2,2,1276
1277,ChIJAFA024C7,1,Quick Bite - Main Branch,Pasadizo de Gerónimo Torrent 393,41.695436,-4.70888,You are near Quick Bite. Come earn points!,https://g.page/r/77e4fcb0,1,1277
1278,ChIJ685A281F,1,Quick Bite - University,Camino Dionisio Perea 39 Puerta 8 ,41.357965,2.195509,You are near Quick Bite. Come earn points!,https://g.page/r/f79187f2,1,1278
1279,ChIJBEFC9B16,1,Quick Bite - Station,Paseo Urbano Asenjo 13 Apt. 81 ,42.813032,-2.71697,You are near Quick Bite. Come earn points!,https://g.page/r/7d5bbefb,1,1279
1280,ChIJ7A3295BE,1,PurePress - Main Branch,Eje vial Hidalgo 302 555,20.899417,-89.691758,You are near PurePress. Come earn points!,https://g.page/r/74d499e0,2,1280
1281,ChIJ690D52B6,1,PurePress - Airport,Viaducto Norte Peña 538 Interior 208,19.497224,-99.135771,You are near PurePress. Come earn points!,https://g.page/r/9d06e733,2,1281
1282,ChIJ4DB2C09A,1,PurePress - West,"Pasaje Norte Galván 715 Edif. 765 , Depto. 533",32.670925,-115.480794,You are near PurePress. Come earn points!,https://g.page/r/1a4b4431,2,1282
1283,ChIJE425504F,1,Sunset Grill - Main Branch,Alameda León Manuel 6 Apt. 92 ,28.185437,-15.467298,You are near Sunset Grill. Come earn points!,https://g.page/r/4a19612c,1,1283
1284,ChIJ3D12B6AC,1,Sunset Grill - Airport,Callejón Clementina Moles 20,28.131203,-15.372539,You are near Sunset Grill. Come earn points!,https://g.page/r/33a19ce3,1,1284
1285,ChIJ4B94561E,1,Inner Peace Studio - Main Branch,Vial de Joaquín Camacho 3 Piso 4 ,37.938173,-1.092763,You are near Inner Peace Studio. Come earn points!,https://g.page/r/1736a582,1,1285
1286,ChIJ05610BFE,1,Ink & Paper - Main Branch,Avenida Lupe Gimeno 60 Apt. 65 ,43.229336,-2.93571,You are near Ink & Paper. Come earn points!,https://g.page/r/baae0143,1,1286
1287,ChIJA37144E4,1,Ink & Paper - Midtown,Acceso de Carmina Garcés 61,37.407247,-6.033434,You are near Ink & Paper. Come earn points!,https://g.page/r/d30b3aca,1,1287
1288,ChIJCC753559,1,Glow Studio - Main Branch,Rambla de Albina Clavero 9 Piso 3 ,28.145837,-15.473426,You are near Glow Studio. Come earn points!,https://g.page/r/4281aa5a,1,1288
1289,ChIJ01E1B372,1,Glow Studio - Station,C. Elías Terrón 68,41.58739,-4.698178,You are near Glow Studio. Come earn points!,https://g.page/r/00d96a83,1,1289
1290,ChIJ93B5D8CE,1,Glow Studio - Suburbs,Plaza de Kike Núñez 572,42.837643,-2.697573,You are near Glow Studio. Come earn points!,https://g.page/r/1a0cd164,1,1290
1291,ChIJ7231DF01,1,Glow Studio - University,Paseo Virgilio Carballo 6,39.60043,2.588514,You are near Glow Studio. Come earn points!,https://g.page/r/66b3a6d1,1,1291
1292,ChIJB1C90D19,1,Harvest Table - Main Branch,Pasaje de Paco Feijoo 63,38.413876,-0.41446,You are near Harvest Table. Come earn points!,https://g.page/r/ee709063,1,1292
1293,ChIJ1BB53EEF,1,GadgetHub - Main Branch,"Ampliación Quintana Roo 662 Edif. 832 , Depto. 093",19.456974,-99.082951,You are near GadgetHub. Come earn points!,https://g.page/r/d6721921,2,1293
1294,ChIJ9ED6FE48,1,GadgetHub - West,"Retorno República Democrática Popular Lao 804 Edif. 657 , Depto. 779",21.127662,-101.745737,You are near GadgetHub. Come earn points!,https://g.page/r/88eead27,2,1294
1295,ChIJ4A1411F3,1,GadgetHub - Downtown,Cerrada Querétaro 033 088,19.019962,-98.265153,You are near GadgetHub. Come earn points!,https://g.page/r/0d79618b,2,1295
1296,ChIJF37083BA,1,GadgetHub - Beachfront,Boulevard Norte Hernádez 103 Interior 473,20.912846,-89.682157,You are near GadgetHub. Come earn points!,https://g.page/r/f22bba58,2,1296
1297,ChIJ01C0B88A,1,Espresso Lab - Main Branch,Ronda José María Aragón 17,37.36461,-6.00201,You are near Espresso Lab. Come earn points!,https://g.page/r/aa90876d,1,1297
1298,ChIJE94F8BB6,1,Flavor Street - Main Branch,Calle Botello 850 Interior 094,32.688342,-115.528005,You are near Flavor Street. Come earn points!,https://g.page/r/09abde79,2,1298
1299,ChIJ1F93CDD9,1,Nori House - Main Branch,Via de Victor Manuel Lloret 1 Piso 3 ,36.772619,-4.469969,You are near Nori House. Come earn points!,https://g.page/r/2ed2b6ac,1,1299
1300,ChIJC30869D6,1,Nori House - Harbor,Camino Roberto Palomo 28,41.662975,-0.90856,You are near Nori House. Come earn points!,https://g.page/r/e8b9cb24,1,1300
1301,ChIJF3C3C971,1,Nori House - Midtown,Calle Nando Vergara 19 Piso 6 ,36.775635,-4.43754,You are near Nori House. Come earn points!,https://g.page/r/850087df,1,1301
1302,ChIJDA9405BC,1,StyleBox - Main Branch,Corredor Sur Rodrígez 119 Interior 272,32.531068,-117.085556,You are near StyleBox. Come earn points!,https://g.page/r/61ac71b6,2,1302
1303,ChIJDA6BFDA4,1,StyleBox - Midtown,"Pasaje Namibia 824 Edif. 725 , Depto. 337",19.402722,-99.181991,You are near StyleBox. Come earn points!,https://g.page/r/8c9df9e5,2,1303
1304,ChIJ552F5D50,1,VoiceBox Academy - Main Branch,"Continuación Sur Ojeda 094 Edif. 224 , Depto. 753",20.521575,-100.373735,You are near VoiceBox Academy. Come earn points!,https://g.page/r/17f94bfc,2,1304
1305,ChIJ570D3886,1,Story Corner - Main Branch,Andador Rosas 477 Interior 939,29.075835,-110.946792,You are near Story Corner. Come earn points!,https://g.page/r/6ced78e7,2,1305
1306,ChIJ3514E2D0,1,Story Corner - North,Pasaje Norte García 289 528,21.886146,-102.279592,You are near Story Corner. Come earn points!,https://g.page/r/7de7e72c,2,1306
1307,ChIJ2B3ABD7D,1,PeakFit - Main Branch,"Calzada Carrión 106 Edif. 441 , Depto. 854",21.183592,-101.698962,You are near PeakFit. Come earn points!,https://g.page/r/c4600075,2,1307
1308,ChIJ06E1B2EC,1,PeakFit - Beachfront,Circuito Baja California 925 076,20.522564,-100.357324,You are near PeakFit. Come earn points!,https://g.page/r/efebb19a,2,1308
