id,uid,name,slug,loyalty_type,stamps_in_strip,apple_background_color,apple_description,apple_foreground_color,apple_label_color,enroll_logo,apple_pass_icon,apple_pass_strips_folder,apple_back_fields,apple_header_field_label,apple_header_field_value,cardholder_label,max_transaction_amount,tier,active,header_text,max_transaction_amount_per_day,enable_new_transaction_email,apple_pass_icon_rectangle,timezone_id,country_id,require_business_branch_in_form,enable_raffles,card_qr_redirect_url,additional_form_checkbox,can_see_products_analytics,can_see_business_branches_analytics,can_do_exports
1,ac485d18,Daily Bread,daily-bread,STAMPS,6,#0F3460,Loyalty card for Daily Bread,#FFFFFF,#CCCCCC,assets/logos/daily-bread.png,assets/icons/daily-bread.png,assets/strips/daily-bread/,"[{""key"": ""web"", ""label"": ""Visit us"", ""value"": ""https://luyoa.com/daily-bread""}, {""key"": ""support"", ""label"": ""Support"", ""value"": ""hello@luyoa.com""}]",Stamps,{{balance}},Member,5000,STARTER,0,Welcome to Daily Bread,10000,0,assets/icons/daily-bread_rect.png,1,1,0,1,https://luyoa.com/enroll/daily-bread,[],0,0,0
2,5adbdc45,TechCorner,techcorner,BALANCE,,#2C3E50,Loyalty card for TechCorner,#FFFFFF,#CCCCCC,assets/logos/techcorner.png,assets/icons/techcorner.png,assets/strips/techcorner/,"[{""key"": ""web"", ""label"": ""Visit us"", ""value"": ""https://luyoa.com/techcorner""}, {""key"": ""support"", ""label"": ""Support"", ""value"": ""hello@luyoa.com""}]",Balance,{{balance}},Member,2000,STARTER,1,Welcome to TechCorner,4000,0,assets/icons/techcorner_rect.png,4,2,1,0,https://luyoa.com/enroll/techcorner,[],0,0,0
3,8ba293d8,Daily Market,daily-market,BALANCE,,#1A1A2E,Loyalty card for Daily Market,#FFFFFF,#CCCCCC,assets/logos/daily-market.png,assets/icons/daily-market.png,assets/strips/daily-market/,"[{""key"": ""web"", ""label"": ""Visit us"", ""value"": ""https://luyoa.com/daily-market""}, {""key"": ""support"", ""label"": ""Support"", ""value"": ""hello@luyoa.com""}]",Balance,{{balance}},Member,200,GROW,1,Welcome to Daily Market,1000,1,assets/icons/daily-market_rect.png,1,1,0,1,https://luyoa.com/enroll/daily-market,[],1,1,1
4,9b9aa2cd,LangCorner,langcorner,BALANCE,,#1A1A2E,Loyalty card for LangCorner,#FFFFFF,#CCCCCC,assets/logos/langcorner.png,assets/icons/langcorner.png,assets/strips/langcorner/,"[{""key"": ""web"", ""label"": ""Visit us"", ""value"": ""https://luyoa.com/langcorner""}, {""key"": ""support"", ""label"": ""Support"", ""value"": ""hello@luyoa.com""}]",Balance,{{balance}},Member,5000,GROW,1,Welcome to LangCorner,25000,0,assets/icons/langcorner_rect.png,1,1,0,1,https://luyoa.com/enroll/langcorner,[],1,1,1
5,4df486bd,SmilePoint,smilepoint,STAMPS,12,#F5F5F5,Loyalty card for SmilePoint,#FFFFFF,#CCCCCC,assets/logos/smilepoint.png,assets/icons/smilepoint.png,assets/strips/smilepoint/,"[{""key"": ""web"", ""label"": ""Visit us"", ""value"": ""https://luyoa.com/smilepoint""}, {""key"": ""support"", ""label"": ""Support"", ""value"": ""hello@luyoa.com""}]",Stamps,{{balance}},Member,1000,GROW,1,Welcome to SmilePoint,2000,1,assets/icons/smilepoint_rect.png,2,2,0,1,https://luyoa.com/enroll/smilepoint,[],1,1,1
6,60442e89,ActiveLife,activelife,BALANCE,,#F5F5F5,Loyalty card for ActiveLife,#FFFFFF,#CCCCCC,assets/logos/activelife.png,assets/icons/activelife.png,assets/strips/activelife/,"[{""key"": ""web"", ""label"": ""Visit us"", ""value"": ""https://luyoa.com/activelife""}, {""key"": ""support"", ""label"": ""Support"", ""value"": ""hello@luyoa.com""}]",Balance,{{balance}},Member,5000,STARTER,1,Welcome to ActiveLife,10000,0,assets/icons/activelife_rect.png,1,1,0,0,https://luyoa.com/enroll/activelife,[],0,0,0
7,24fcd1fb,BrightEyes,brighteyes,BALANCE,,#0F3460,Loyalty card for BrightEyes,#FFFFFF,#CCCCCC,assets/logos/brighteyes.png,assets/icons/brighteyes.png,assets/strips/brighteyes/,"[{""key"": ""web"", ""label"": ""Visit us"", ""value"": ""https://luyoa.com/brighteyes""}, {""key"": ""support"", ""label"": ""Support"", ""value"": ""hello@luyoa.com""}]",Balance,{{balance}},Member,2000,STARTER,1,Welcome to BrightEyes,10000,1,assets/icons/brighteyes_rect.png,4,2,0,0,https://luyoa.com/enroll/brighteyes,[],0,0,0
8,1daa4e5f,CarePharm,carepharm,BALANCE,,#0F3460,Loyalty card for CarePharm,#FFFFFF,#CCCCCC,assets/logos/carepharm.png,assets/icons/carepharm.png,assets/strips/carepharm/,"[{""key"": ""web"", ""label"": ""Visit us"", ""value"": ""https://luyoa.com/carepharm""}, {""key"": ""support"", ""label"": ""Support"", ""value"": ""hello@luyoa.com""}]",Balance,{{balance}},Member,5000,CORE,1,Welcome to CarePharm,10000,1,assets/icons/carepharm_rect.png,1,1,0,0,https://luyoa.com/enroll/carepharm,[],1,1,0
9,10b54ae2,Daily Bread,daily-bread-395,STAMPS,12,#0F3460,Loyalty card for Daily Bread,#FFFFFF,#CCCCCC,assets/logos/daily-bread-395.png,assets/icons/daily-bread-395.png,assets/strips/daily-bread-395/,"[{""key"": ""web"", ""label"": ""Visit us"", ""value"": ""https://luyoa.com/daily-bread-395""}, {""key"": ""support"", ""label"": ""Support"", ""value"": ""hello@luyoa.com""}]",Stamps,{{balance}},Member,5000,STARTER,1,Welcome to Daily Bread,25000,0,assets/icons/daily-bread-395_rect.png,4,2,0,1,https://luyoa.com/enroll/daily-bread-395,[],0,0,0
10,0910df98,Tokyo Table,tokyo-table,BALANCE,,#0F3460,Loyalty card for Tokyo Table,#FFFFFF,#CCCCCC,assets/logos/tokyo-table.png,assets/icons/tokyo-table.png,assets/strips/tokyo-table/,"[{""key"": ""web"", ""label"": ""Visit us"", ""value"": ""https://luyoa.com/tokyo-table""}, {""key"": ""support"", ""label"": ""Support"", ""value"": ""hello@luyoa.com""}]",Balance,{{balance}},Member,500,CORE,0,Welcome to Tokyo Table,2500,1,assets/icons/tokyo-table_rect.png,1,1,0,1,https://luyoa.com/enroll/tokyo-table,[],1,1,0
11,0dd034f5,The Bakehouse,the-bakehouse,BALANCE,,#F5F5F5,Loyalty card for The Bakehouse,#FFFFFF,#CCCCCC,assets/logos/the-bakehouse.png,assets/icons/the-bakehouse.png,assets/strips/the-bakehouse/,"[{""key"": ""web"", ""label"": ""Visit us"", ""value"": ""https://luyoa.com/the-bakehouse""}, {""key"": ""support"", ""label"": ""Support"", ""value"": ""hello@luyoa.com""}]",Balance,{{balance}},Member,1000,STARTER,1,Welcome to The Bakehouse,5000,0,assets/icons/the-bakehouse_rect.png,4,2,1,0,https://luyoa.com/enroll/the-bakehouse,[],0,0,0
12,ed2f3bfe,Mocha House,mocha-house,STAMPS,8,#FFFFFF,Loyalty card for Mocha House,#FFFFFF,#CCCCCC,assets/logos/mocha-house.png,assets/icons/mocha-house.png,assets/strips/mocha-house/,"[{""key"": ""web"", ""label"": ""Visit us"", ""value"": ""https://luyoa.com/mocha-house""}, {""key"": ""support"", ""label"": ""Support"", ""value"": ""hello@luyoa.com""}]",Stamps,{{balance}},Member,5000,STARTER,1,Welcome to Mocha House,15000,0,assets/icons/mocha-house_rect.png,3,2,0,0,https://luyoa.com/enroll/mocha-house,[],0,0,0
13,ae4ed8fe,Daily Flow,daily-flow,STATIC,,#2C3E50,Loyalty card for Daily Flow,#FFFFFF,#CCCCCC,assets/logos/daily-flow.png,assets/icons/daily-flow.png,assets/strips/daily-flow/,"[{""key"": ""web"", ""label"": ""Visit us"", ""value"": ""https://luyoa.com/daily-flow""}, {""key"": ""support"", ""label"": ""Support"", ""value"": ""hello@luyoa.com""}]",Stamps,{{balance}},Member,500,STARTER,1,Welcome to Daily Flow,2500,0,assets/icons/daily-flow_rect.png,1,1,1,0,https://luyoa.com/enroll/daily-flow,[],0,0,0
14,83133088,FurEver,furever,BALANCE,,#FFFFFF,Loyalty card for FurEver,#FFFFFF,#CCCCCC,assets/logos/furever.png,assets/icons/furever.png,assets/strips/furever/,"[{""key"": ""web"", ""label"": ""Visit us"", ""value"": ""https://luyoa.com/furever""}, {""key"": ""support"", ""label"": ""Support"", ""value"": ""hello@luyoa.com""}]",Balance,{{balance}},Member,1000,CORE,1,Welcome to FurEver,2000,0,assets/icons/furever_rect.png,1,1,0,0,https://luyoa.com/enroll/furever,[],1,1,0
15,e06fc8c6,La Piazza,la-piazza,STAMPS,10,#F5F5F5,Loyalty card for La Piazza,#FFFFFF,#CCCCCC,assets/logos/la-piazza.png,assets/icons/la-piazza.png,assets/strips/la-piazza/,"[{""key"": ""web"", ""label"": ""Visit us"", ""value"": ""https://luyoa.com/la-piazza""}, {""key"": ""support"", ""label"": ""Support"", ""value"": ""hello@luyoa.com""}]",Stamps,{{balance}},Member,2000,GROW,1,Welcome to La Piazza,10000,1,assets/icons/la-piazza_rect.png,2,2,0,0,https://luyoa.com/enroll/la-piazza,[],1,1,1
16,c7652f94,AutoSpa,autospa,STAMPS,12,#1B4F72,Loyalty card for AutoSpa,#FFFFFF,#CCCCCC,assets/logos/autospa.png,assets/icons/autospa.png,assets/strips/autospa/,"[{""key"": ""web"", ""label"": ""Visit us"", ""value"": ""https://luyoa.com/autospa""}, {""key"": ""support"", ""label"": ""Support"", ""value"": ""hello@luyoa.com""}]",Stamps,{{balance}},Member,200,STARTER,1,Welcome to AutoSpa,1000,0,assets/icons/autospa_rect.png,1,1,0,0,https://luyoa.com/enroll/autospa,[],0,0,0
17,19decf2a,Book & Bean,book-and-bean,STAMPS,8,#F5F5F5,Loyalty card for Book & Bean,#FFFFFF,#CCCCCC,assets/logos/book-and-bean.png,assets/icons/book-and-bean.png,assets/strips/book-and-bean/,"[{""key"": ""web"", ""label"": ""Visit us"", ""value"": ""https://luyoa.com/book-and-bean""}, {""key"": ""support"", ""label"": ""Support"", ""value"": ""hello@luyoa.com""}]",Stamps,{{balance}},Member,2000,STARTER,1,Welcome to Book & Bean,4000,0,assets/icons/book-and-bean_rect.png,1,1,1,1,https://luyoa.com/enroll/book-and-bean,[],0,0,0
18,6da45950,The Bakehouse,the-bakehouse-171,STAMPS,12,#0F3460,Loyalty card for The Bakehouse,#FFFFFF,#CCCCCC,assets/logos/the-bakehouse-171.png,assets/icons/the-bakehouse-171.png,assets/strips/the-bakehouse-171/,"[{""key"": ""web"", ""label"": ""Visit us"", ""value"": ""https://luyoa.com/the-bakehouse-171""}, {""key"": ""support"", ""label"": ""Support"", ""value"": ""hello@luyoa.com""}]",Stamps,{{balance}},Member,2000,GROW,1,Welcome to The Bakehouse,6000,0,assets/icons/the-bakehouse-171_rect.png,2,2,0,0,https://luyoa.com/enroll/the-bakehouse-171,[],1,1,1
19,147a314f,Sunrise Cafe,sunrise-cafe,STATIC,,#1B4F72,Loyalty card for Sunrise Cafe,#FFFFFF,#CCCCCC,assets/logos/sunrise-cafe.png,assets/icons/sunrise-cafe.png,assets/strips/sunrise-cafe/,"[{""key"": ""web"", ""label"": ""Visit us"", ""value"": ""https://luyoa.com/sunrise-cafe""}, {""key"": ""support"", ""label"": ""Support"", ""value"": ""hello@luyoa.com""}]",Stamps,{{balance}},Member,5000,STARTER,1,Welcome to Sunrise Cafe,10000,0,assets/icons/sunrise-cafe_rect.png,3,2,1,0,https://luyoa.com/enroll/sunrise-cafe,[],0,0,0
20,9fc33a78,The Fork,the-fork,BALANCE,,#2C3E50,Loyalty card for The Fork,#FFFFFF,#CCCCCC,assets/logos/the-fork.png,assets/icons/the-fork.png,assets/strips/the-fork/,"[{""key"": ""web"", ""label"": ""Visit us"", ""value"": ""https://luyoa.com/the-fork""}, {""key"": ""support"", ""label"": ""Support"", ""value"": ""hello@luyoa.com""}]",Balance,{{balance}},Member,2000,CORE,1,Welcome to The Fork,10000,0,assets/icons/the-fork_rect.png,2,2,0,1,https://luyoa.com/enroll/the-fork,[],1,1,0
21,4fcd3f40,Wrap & Roll,wrap-and-roll,BALANCE,,#2C3E50,Loyalty card for Wrap & Roll,#FFFFFF,#CCCCCC,assets/logos/wrap-and-roll.png,assets/icons/wrap-and-roll.png,assets/strips/wrap-and-roll/,"[{""key"": ""web"", ""label"": ""Visit us"", ""value"": ""https://luyoa.com/wrap-and-roll""}, {""key"": ""support"", ""label"": ""Support"", ""value"": ""hello@luyoa.com""}]",Balance,{{balance}},Member,200,STARTER,1,Welcome to Wrap & Roll,1000,0,assets/icons/wrap-and-roll_rect.png,1,1,0,0,https://luyoa.com/enroll/wrap-and-roll,[],0,0,0
22,a1b10d25,PourMore,pourmore,BALANCE,,#0F3460,Loyalty card for PourMore,#FFFFFF,#CCCCCC,assets/logos/pourmore.png,assets/icons/pourmore.png,assets/strips/pourmore/,"[{""key"": ""web"", ""label"": ""Visit us"", ""value"": ""https://luyoa.com/pourmore""}, {""key"": ""support"", ""label"": ""Support"", ""value"": ""hello@luyoa.com""}]",Balance,{{balance}},Member,1000,STARTER,1,Welcome to PourMore,5000,1,assets/icons/pourmore_rect.png,1,1,1,0,https://luyoa.com/enroll/pourmore,[],0,0,0
23,0f6e90fd,Street Eats,street-eats,STAMPS,8,#1A1A2E,Loyalty card for Street Eats,#FFFFFF,#CCCCCC,assets/logos/street-eats.png,assets/icons/street-eats.png,assets/strips/street-eats/,"[{""key"": ""web"", ""label"": ""Visit us"", ""value"": ""https://luyoa.com/street-eats""}, {""key"": ""support"", ""label"": ""Support"", ""value"": ""hello@luyoa.com""}]",Stamps,{{balance}},Member,5000,CORE,1,Welcome to Street Eats,15000,0,assets/icons/street-eats_rect.png,2,2,0,0,https://luyoa.com/enroll/street-eats,[],1,1,0
24,4c334a76,Mode & Co,mode-and-co,BALANCE,,#1A1A2E,Loyalty card for Mode & Co,#FFFFFF,#CCCCCC,assets/logos/mode-and-co.png,assets/icons/mode-and-co.png,assets/strips/mode-and-co/,"[{""key"": ""web"", ""label"": ""Visit us"", ""value"": ""https://luyoa.com/mode-and-co""}, {""key"": ""support"", ""label"": ""Support"", ""value"": ""hello@luyoa.com""}]",Balance,{{balance}},Member,5000,GROW,1,Welcome to Mode & Co,10000,0,assets/icons/mode-and-co_rect.png,4,2,1,0,https://luyoa.com/enroll/mode-and-co,[],1,1,1
25,ba54d4ca,The Bakehouse,the-bakehouse-735,BALANCE,,#F5F5F5,Loyalty card for The Bakehouse,#FFFFFF,#CCCCCC,assets/logos/the-bakehouse-735.png,assets/icons/the-bakehouse-735.png,assets/strips/the-bakehouse-735/,"[{""key"": ""web"", ""label"": ""Visit us"", ""value"": ""https://luyoa.com/the-bakehouse-735""}, {""key"": ""support"", ""label"": ""Support"", ""value"": ""hello@luyoa.com""}]",Balance,{{balance}},Member,1000,STARTER,1,Welcome to The Bakehouse,3000,1,assets/icons/the-bakehouse-735_rect.png,1,1,1,0,https://luyoa.com/enroll/the-bakehouse-735,[],0,0,0
26,a015f7f5,Snappy Meals,snappy-meals,BALANCE,,#1B4F72,Loyalty card for Snappy Meals,#FFFFFF,#CCCCCC,assets/logos/snappy-meals.png,assets/icons/snappy-meals.png,assets/strips/snappy-meals/,"[{""key"": ""web"", ""label"": ""Visit us"", ""value"": ""https://luyoa.com/snappy-meals""}, {""key"": ""support"", ""label"": ""Support"", ""value"": ""hello@luyoa.com""}]",Balance,{{balance}},Member,500,GROW,1,Welcome to Snappy Meals,1000,1,assets/icons/snappy-meals_rect.png,1,1,1,1,https://luyoa.com/enroll/snappy-meals,[],1,1,1
27,7ef9ef72,The Coffee Spot,the-coffee-spot,STAMPS,10,#2C3E50,Loyalty card for The Coffee Spot,#FFFFFF,#CCCCCC,assets/logos/the-coffee-spot.png,assets/icons/the-coffee-spot.png,assets/strips/the-coffee-spot/,"[{""key"": ""web"", ""label"": ""Visit us"", ""value"": ""https://luyoa.com/the-coffee-spot""}, {""key"": ""support"", ""label"": ""Support"", ""value"": ""hello@luyoa.com""}]",Stamps,{{balance}},Member,5000,GROW,1,Welcome to The Coffee Spot,10000,0,assets/icons/the-coffee-spot_rect.png,2,2,1,0,https://luyoa.com/enroll/the-coffee-spot,[],1,1,1
28,debde386,Casa Blanca,casa-blanca,BALANCE,,#0F3460,Loyalty card for Casa Blanca,#FFFFFF,#CCCCCC,assets/logos/casa-blanca.png,assets/icons/casa-blanca.png,assets/strips/casa-blanca/,"[{""key"": ""web"", ""label"": ""Visit us"", ""value"": ""https://luyoa.com/casa-blanca""}, {""key"": ""support"", ""label"": ""Support"", ""value"": ""hello@luyoa.com""}]",Balance,{{balance}},Member,5000,STARTER,1,Welcome to Casa Blanca,25000,0,assets/icons/casa-blanca_rect.png,1,1,0,0,https://luyoa.com/enroll/casa-blanca,[],0,0,0
29,855e0af3,FitBase,fitbase,STAMPS,8,#F5F5F5,Loyalty card for FitBase,#FFFFFF,#CCCCCC,assets/logos/fitbase.png,assets/icons/fitbase.png,assets/strips/fitbase/,"[{""key"": ""web"", ""label"": ""Visit us"", ""value"": ""https://luyoa.com/fitbase""}, {""key"": ""support"", ""label"": ""Support"", ""value"": ""hello@luyoa.com""}]",Stamps,{{balance}},Member,1000,STARTER,1,Welcome to FitBase,2000,1,assets/icons/fitbase_rect.png,3,2,0,0,https://luyoa.com/enroll/fitbase,[],0,0,0
30,a3049557,The Dental Studio,the-dental-studio,BALANCE,,#1B4F72,Loyalty card for The Dental Studio,#FFFFFF,#CCCCCC,assets/logos/the-dental-studio.png,assets/icons/the-dental-studio.png,assets/strips/the-dental-studio/,"[{""key"": ""web"", ""label"": ""Visit us"", ""value"": ""https://luyoa.com/the-dental-studio""}, {""key"": ""support"", ""label"": ""Support"", ""value"": ""hello@luyoa.com""}]",Balance,{{balance}},Member,200,GROW,1,Welcome to The Dental Studio,600,1,assets/icons/the-dental-studio_rect.png,1,1,0,0,https://luyoa.com/enroll/the-dental-studio,[],1,1,1
31,21fd273d,TailWag,tailwag,STAMPS,6,#1A1A2E,Loyalty card for TailWag,#FFFFFF,#CCCCCC,assets/logos/tailwag.png,assets/icons/tailwag.png,assets/strips/tailwag/,"[{""key"": ""web"", ""label"": ""Visit us"", ""value"": ""https://luyoa.com/tailwag""}, {""key"": ""support"", ""label"": ""Support"", ""value"": ""hello@luyoa.com""}]",Stamps,{{balance}},Member,200,STARTER,1,Welcome to TailWag,600,0,assets/icons/tailwag_rect.png,4,2,0,1,https://luyoa.com/enroll/tailwag,[],0,0,0
32,ec8bb7dc,ShineStop,shinestop,STAMPS,12,#F5F5F5,Loyalty card for ShineStop,#FFFFFF,#CCCCCC,assets/logos/shinestop.png,assets/icons/shinestop.png,assets/strips/shinestop/,"[{""key"": ""web"", ""label"": ""Visit us"", ""value"": ""https://luyoa.com/shinestop""}, {""key"": ""support"", ""label"": ""Support"", ""value"": ""hello@luyoa.com""}]",Stamps,{{balance}},Member,5000,CORE,1,Welcome to ShineStop,25000,1,assets/icons/shinestop_rect.png,1,1,0,1,https://luyoa.com/enroll/shinestop,[],1,1,0
33,a2ccf95b,RollMaster,rollmaster,BALANCE,,#1B4F72,Loyalty card for RollMaster,#FFFFFF,#CCCCCC,assets/logos/rollmaster.png,assets/icons/rollmaster.png,assets/strips/rollmaster/,"[{""key"": ""web"", ""label"": ""Visit us"", ""value"": ""https://luyoa.com/rollmaster""}, {""key"": ""support"", ""label"": ""Support"", ""value"": ""hello@luyoa.com""}]",Balance,{{balance}},Member,200,GROW,1,Welcome to RollMaster,1000,1,assets/icons/rollmaster_rect.png,2,2,0,1,https://luyoa.com/enroll/rollmaster,[],1,1,1
34,9c247901,Cloth & Co,cloth-and-co,STAMPS,8,#0F3460,Loyalty card for Cloth & Co,#FFFFFF,#CCCCCC,assets/logos/cloth-and-co.png,assets/icons/cloth-and-co.png,assets/strips/cloth-and-co/,"[{""key"": ""web"", ""label"": ""Visit us"", ""value"": ""https://luyoa.com/cloth-and-co""}, {""key"": ""support"", ""label"": ""Support"", ""value"": ""hello@luyoa.com""}]",Stamps,{{balance}},Member,500,CORE,1,Welcome to Cloth & Co,1500,0,assets/icons/cloth-and-co_rect.png,1,1,1,0,https://luyoa.com/enroll/cloth-and-co,[],1,1,0
35,4f21265e,Sushi Corner,sushi-corner,BALANCE,,#0F3460,Loyalty card for Sushi Corner,#FFFFFF,#CCCCCC,assets/logos/sushi-corner.png,assets/icons/sushi-corner.png,assets/strips/sushi-corner/,"[{""key"": ""web"", ""label"": ""Visit us"", ""value"": ""https://luyoa.com/sushi-corner""}, {""key"": ""support"", ""label"": ""Support"", ""value"": ""hello@luyoa.com""}]",Balance,{{balance}},Member,1000,STARTER,1,Welcome to Sushi Corner,5000,0,assets/icons/sushi-corner_rect.png,1,1,1,1,https://luyoa.com/enroll/sushi-corner,[],0,0,0
36,54acea8c,PowerHouse,powerhouse,BALANCE,,#1B4F72,Loyalty card for PowerHouse,#FFFFFF,#CCCCCC,assets/logos/powerhouse.png,assets/icons/powerhouse.png,assets/strips/powerhouse/,"[{""key"": ""web"", ""label"": ""Visit us"", ""value"": ""https://luyoa.com/powerhouse""}, {""key"": ""support"", ""label"": ""Support"", ""value"": ""hello@luyoa.com""}]",Balance,{{balance}},Member,500,STARTER,1,Welcome to PowerHouse,1000,0,assets/icons/powerhouse_rect.png,4,2,0,0,https://luyoa.com/enroll/powerhouse,[],0,0,0
37,247c106e,SmilePoint,smilepoint-908,STATIC,,#F5F5F5,Loyalty card for SmilePoint,#FFFFFF,#CCCCCC,assets/logos/smilepoint-908.png,assets/icons/smilepoint-908.png,assets/strips/smilepoint-908/,"[{""key"": ""web"", ""label"": ""Visit us"", ""value"": ""https://luyoa.com/smilepoint-908""}, {""key"": ""support"", ""label"": ""Support"", ""value"": ""hello@luyoa.com""}]",Stamps,{{balance}},Member,5000,CORE,1,Welcome to SmilePoint,15000,1,assets/icons/smilepoint-908_rect.png,3,2,1,0,https://luyoa.com/enroll/smilepoint-908,[],1,1,0
38,59b80016,PharmaPoint,pharmapoint,STAMPS,8,#0F3460,Loyalty card for PharmaPoint,#FFFFFF,#CCCCCC,assets/logos/pharmapoint.png,assets/icons/pharmapoint.png,assets/strips/pharmapoint/,"[{""key"": ""web"", ""label"": ""Visit us"", ""value"": ""https://luyoa.com/pharmapoint""}, {""key"": ""support"", ""label"": ""Support"", ""value"": ""hello@luyoa.com""}]",Stamps,{{balance}},Member,5000,STARTER,1,Welcome to PharmaPoint,10000,0,assets/icons/pharmapoint_rect.png,2,2,1,0,https://luyoa.com/enroll/pharmapoint,[],0,0,0
39,f78d02e1,EasyTalk,easytalk,STAMPS,12,#0F3460,Loyalty card for EasyTalk,#FFFFFF,#CCCCCC,assets/logos/easytalk.png,assets/icons/easytalk.png,assets/strips/easytalk/,"[{""key"": ""web"", ""label"": ""Visit us"", ""value"": ""https://luyoa.com/easytalk""}, {""key"": ""support"", ""label"": ""Support"", ""value"": ""hello@luyoa.com""}]",Stamps,{{balance}},Member,5000,GROW,1,Welcome to EasyTalk,25000,1,assets/icons/easytalk_rect.png,3,2,1,0,https://luyoa.com/enroll/easytalk,[],1,1,1
40,4ac4ec50,The Dental Studio,the-dental-studio-282,STAMPS,12,#1B4F72,Loyalty card for The Dental Studio,#FFFFFF,#CCCCCC,assets/logos/the-dental-studio-282.png,assets/icons/the-dental-studio-282.png,assets/strips/the-dental-studio-282/,"[{""key"": ""web"", ""label"": ""Visit us"", ""value"": ""https://luyoa.com/the-dental-studio-282""}, {""key"": ""support"", ""label"": ""Support"", ""value"": ""hello@luyoa.com""}]",Stamps,{{balance}},Member,200,STARTER,1,Welcome to The Dental Studio,600,1,assets/icons/the-dental-studio-282_rect.png,3,2,1,1,https://luyoa.com/enroll/the-dental-studio-282,[],0,0,0
41,15c455c5,Wrap & Roll,wrap-and-roll-66,STAMPS,12,#1A1A2E,Loyalty card for Wrap & Roll,#FFFFFF,#CCCCCC,assets/logos/wrap-and-roll-66.png,assets/icons/wrap-and-roll-66.png,assets/strips/wrap-and-roll-66/,"[{""key"": ""web"", ""label"": ""Visit us"", ""value"": ""https://luyoa.com/wrap-and-roll-66""}, {""key"": ""support"", ""label"": ""Support"", ""value"": ""hello@luyoa.com""}]",Stamps,{{balance}},Member,2000,STARTER,1,Welcome to Wrap & Roll,6000,0,assets/icons/wrap-and-roll-66_rect.png,4,2,0,0,https://luyoa.com/enroll/wrap-and-roll-66,[],0,0,0
42,1b9603c7,SightLine,sightline,STATIC,,#1A1A2E,Loyalty card for SightLine,#FFFFFF,#CCCCCC,assets/logos/sightline.png,assets/icons/sightline.png,assets/strips/sightline/,"[{""key"": ""web"", ""label"": ""Visit us"", ""value"": ""https://luyoa.com/sightline""}, {""key"": ""support"", ""label"": ""Support"", ""value"": ""hello@luyoa.com""}]",Stamps,{{balance}},Member,200,CORE,1,Welcome to SightLine,600,1,assets/icons/sightline_rect.png,4,2,0,0,https://luyoa.com/enroll/sightline,[],1,1,0
43,3ad06901,SmilePoint,smilepoint-742,BALANCE,,#0F3460,Loyalty card for SmilePoint,#FFFFFF,#CCCCCC,assets/logos/smilepoint-742.png,assets/icons/smilepoint-742.png,assets/strips/smilepoint-742/,"[{""key"": ""web"", ""label"": ""Visit us"", ""value"": ""https://luyoa.com/smilepoint-742""}, {""key"": ""support"", ""label"": ""Support"", ""value"": ""hello@luyoa.com""}]",Balance,{{balance}},Member,500,CORE,1,Welcome to SmilePoint,2500,0,assets/icons/smilepoint-742_rect.png,1,1,1,1,https://luyoa.com/enroll/smilepoint-742,[],1,1,0
44,6b6b3b8a,BottleShop,bottleshop,STAMPS,6,#0F3460,Loyalty card for BottleShop,#FFFFFF,#CCCCCC,assets/logos/bottleshop.png,assets/icons/bottleshop.png,assets/strips/bottleshop/,"[{""key"": ""web"", ""label"": ""Visit us"", ""value"": ""https://luyoa.com/bottleshop""}, {""key"": ""support"", ""label"": ""Support"", ""value"": ""hello@luyoa.com""}]",Stamps,{{balance}},Member,1000,STARTER,1,Welcome to BottleShop,3000,1,assets/icons/bottleshop_rect.png,1,1,1,0,https://luyoa.com/enroll/bottleshop,[],0,0,0
45,5fdb2eca,Daily Market,daily-market-482,STAMPS,6,#FFFFFF,Loyalty card for Daily Market,#FFFFFF,#CCCCCC,assets/logos/daily-market-482.png,assets/icons/daily-market-482.png,assets/strips/daily-market-482/,"[{""key"": ""web"", ""label"": ""Visit us"", ""value"": ""https://luyoa.com/daily-market-482""}, {""key"": ""support"", ""label"": ""Support"", ""value"": ""hello@luyoa.com""}]",Stamps,{{balance}},Member,5000,GROW,1,Welcome to Daily Market,15000,0,assets/icons/daily-market-482_rect.png,1,1,0,1,https://luyoa.com/enroll/daily-market-482,[],1,1,1
46,3c8c9eaf,The Fork,the-fork-637,BALANCE,,#F5F5F5,Loyalty card for The Fork,#FFFFFF,#CCCCCC,assets/logos/the-fork-637.png,assets/icons/the-fork-637.png,assets/strips/the-fork-637/,"[{""key"": ""web"", ""label"": ""Visit us"", ""value"": ""https://luyoa.com/the-fork-637""}, {""key"": ""support"", ""label"": ""Support"", ""value"": ""hello@luyoa.com""}]",Balance,{{balance}},Member,500,GROW,1,Welcome to The Fork,2500,0,assets/icons/the-fork-637_rect.png,1,1,0,0,https://luyoa.com/enroll/the-fork-637,[],1,1,1
47,fee42557,Daily Market,daily-market-797,STAMPS,8,#FFFFFF,Loyalty card for Daily Market,#FFFFFF,#CCCCCC,assets/logos/daily-market-797.png,assets/icons/daily-market-797.png,assets/strips/daily-market-797/,"[{""key"": ""web"", ""label"": ""Visit us"", ""value"": ""https://luyoa.com/daily-market-797""}, {""key"": ""support"", ""label"": ""Support"", ""value"": ""hello@luyoa.com""}]",Stamps,{{balance}},Member,1000,STARTER,1,Welcome to Daily Market,3000,1,assets/icons/daily-market-797_rect.png,4,2,1,1,https://luyoa.com/enroll/daily-market-797,[],0,0,0
48,10bcbc8f,Pure Beauty,pure-beauty,BALANCE,,#FFFFFF,Loyalty card for Pure Beauty,#FFFFFF,#CCCCCC,assets/logos/pure-beauty.png,assets/icons/pure-beauty.png,assets/strips/pure-beauty/,"[{""key"": ""web"", ""label"": ""Visit us"", ""value"": ""https://luyoa.com/pure-beauty""}, {""key"": ""support"", ""label"": ""Support"", ""value"": ""hello@luyoa.com""}]",Balance,{{balance}},Member,5000,CORE,1,Welcome to Pure Beauty,25000,0,assets/icons/pure-beauty_rect.png,2,2,1,1,https://luyoa.com/enroll/pure-beauty,[],1,1,0
49,bdf8f36c,AutoSpa,autospa-843,BALANCE,,#FFFFFF,Loyalty card for AutoSpa,#FFFFFF,#CCCCCC,assets/logos/autospa-843.png,assets/icons/autospa-843.png,assets/strips/autospa-843/,"[{""key"": ""web"", ""label"": ""Visit us"", ""value"": ""https://luyoa.com/autospa-843""}, {""key"": ""support"", ""label"": ""Support"", ""value"": ""hello@luyoa.com""}]",Balance,{{balance}},Member,2000,STARTER,1,Welcome to AutoSpa,6000,1,assets/icons/autospa-843_rect.png,2,2,0,0,https://luyoa.com/enroll/autospa-843,[],0,0,0
50,f5dbac11,Boost Gym,boost-gym,STAMPS,12,#0F3460,Loyalty card for Boost Gym,#FFFFFF,#CCCCCC,assets/logos/boost-gym.png,assets/icons/boost-gym.png,assets/strips/boost-gym/,"[{""key"": ""web"", ""label"": ""Visit us"", ""value"": ""https://luyoa.com/boost-gym""}, {""key"": ""support"", ""label"": ""Support"", ""value"": ""hello@luyoa.com""}]",Stamps,{{balance}},Member,2000,GROW,1,Welcome to Boost Gym,10000,1,assets/icons/boost-gym_rect.png,1,1,1,0,https://luyoa.com/enroll/boost-gym,[],1,1,1
51,bbece392,Bite Rush,bite-rush,STAMPS,12,#FFFFFF,Loyalty card for Bite Rush,#FFFFFF,#CCCCCC,assets/logos/bite-rush.png,assets/icons/bite-rush.png,assets/strips/bite-rush/,"[{""key"": ""web"", ""label"": ""Visit us"", ""value"": ""https://luyoa.com/bite-rush""}, {""key"": ""support"", ""label"": ""Support"", ""value"": ""hello@luyoa.com""}]",Stamps,{{balance}},Member,1000,CORE,1,Welcome to Bite Rush,3000,0,assets/icons/bite-rush_rect.png,4,2,1,0,https://luyoa.com/enroll/bite-rush,[],1,1,0
52,97fa2bdc,PetZone,petzone,STAMPS,6,#F5F5F5,Loyalty card for PetZone,#FFFFFF,#CCCCCC,assets/logos/petzone.png,assets/icons/petzone.png,assets/strips/petzone/,"[{""key"": ""web"", ""label"": ""Visit us"", ""value"": ""https://luyoa.com/petzone""}, {""key"": ""support"", ""label"": ""Support"", ""value"": ""hello@luyoa.com""}]",Stamps,{{balance}},Member,5000,STARTER,1,Welcome to PetZone,25000,1,assets/icons/petzone_rect.png,4,2,1,1,https://luyoa.com/enroll/petzone,[],0,0,0
53,dd8e306e,SmilePlus,smileplus,BALANCE,,#F5F5F5,Loyalty card for SmilePlus,#FFFFFF,#CCCCCC,assets/logos/smileplus.png,assets/icons/smileplus.png,assets/strips/smileplus/,"[{""key"": ""web"", ""label"": ""Visit us"", ""value"": ""https://luyoa.com/smileplus""}, {""key"": ""support"", ""label"": ""Support"", ""value"": ""hello@luyoa.com""}]",Balance,{{balance}},Member,1000,CORE,1,Welcome to SmilePlus,2000,1,assets/icons/smileplus_rect.png,1,1,1,0,https://luyoa.com/enroll/smileplus,[],1,1,0
54,a5a43ce3,RollMaster,rollmaster-720,BALANCE,,#1A1A2E,Loyalty card for RollMaster,#FFFFFF,#CCCCCC,assets/logos/rollmaster-720.png,assets/icons/rollmaster-720.png,assets/strips/rollmaster-720/,"[{""key"": ""web"", ""label"": ""Visit us"", ""value"": ""https://luyoa.com/rollmaster-720""}, {""key"": ""support"", ""label"": ""Support"", ""value"": ""hello@luyoa.com""}]",Balance,{{balance}},Member,2000,CORE,1,Welcome to RollMaster,4000,0,assets/icons/rollmaster-720_rect.png,3,2,0,0,https://luyoa.com/enroll/rollmaster-720,[],1,1,0
55,19a3f415,The Bakehouse,the-bakehouse-757,BALANCE,,#1A1A2E,Loyalty card for The Bakehouse,#FFFFFF,#CCCCCC,assets/logos/the-bakehouse-757.png,assets/icons/the-bakehouse-757.png,assets/strips/the-bakehouse-757/,"[{""key"": ""web"", ""label"": ""Visit us"", ""value"": ""https://luyoa.com/the-bakehouse-757""}, {""key"": ""support"", ""label"": ""Support"", ""value"": ""hello@luyoa.com""}]",Balance,{{balance}},Member,2000,GROW,1,Welcome to The Bakehouse,10000,1,assets/icons/the-bakehouse-757_rect.png,2,2,0,0,https://luyoa.com/enroll/the-bakehouse-757,[],1,1,1
56,3e1108e9,Mode & Co,mode-and-co-130,BALANCE,,#FFFFFF,Loyalty card for Mode & Co,#FFFFFF,#CCCCCC,assets/logos/mode-and-co-130.png,assets/icons/mode-and-co-130.png,assets/strips/mode-and-co-130/,"[{""key"": ""web"", ""label"": ""Visit us"", ""value"": ""https://luyoa.com/mode-and-co-130""}, {""key"": ""support"", ""label"": ""Support"", ""value"": ""hello@luyoa.com""}]",Balance,{{balance}},Member,1000,STARTER,1,Welcome to Mode & Co,5000,1,assets/icons/mode-and-co-130_rect.png,1,1,0,1,https://luyoa.com/enroll/mode-and-co-130,[],0,0,0
57,2b9aaff4,Inner Peace Studio,inner-peace-studio,BALANCE,,#F5F5F5,Loyalty card for Inner Peace Studio,#FFFFFF,#CCCCCC,assets/logos/inner-peace-studio.png,assets/icons/inner-peace-studio.png,assets/strips/inner-peace-studio/,"[{""key"": ""web"", ""label"": ""Visit us"", ""value"": ""https://luyoa.com/inner-peace-studio""}, {""key"": ""support"", ""label"": ""Support"", ""value"": ""hello@luyoa.com""}]",Balance,{{balance}},Member,1000,STARTER,1,Welcome to Inner Peace Studio,3000,1,assets/icons/inner-peace-studio_rect.png,1,1,0,0,https://luyoa.com/enroll/inner-peace-studio,[],0,0,0
58,fe458b72,The Lens Studio,the-lens-studio,BALANCE,,#1A1A2E,Loyalty card for The Lens Studio,#FFFFFF,#CCCCCC,assets/logos/the-lens-studio.png,assets/icons/the-lens-studio.png,assets/strips/the-lens-studio/,"[{""key"": ""web"", ""label"": ""Visit us"", ""value"": ""https://luyoa.com/the-lens-studio""}, {""key"": ""support"", ""label"": ""Support"", ""value"": ""hello@luyoa.com""}]",Balance,{{balance}},Member,5000,CORE,1,Welcome to The Lens Studio,10000,0,assets/icons/the-lens-studio_rect.png,2,2,1,1,https://luyoa.com/enroll/the-lens-studio,[],1,1,0
59,dd13185e,DevicePoint,devicepoint,STAMPS,12,#2C3E50,Loyalty card for DevicePoint,#FFFFFF,#CCCCCC,assets/logos/devicepoint.png,assets/icons/devicepoint.png,assets/strips/devicepoint/,"[{""key"": ""web"", ""label"": ""Visit us"", ""value"": ""https://luyoa.com/devicepoint""}, {""key"": ""support"", ""label"": ""Support"", ""value"": ""hello@luyoa.com""}]",Stamps,{{balance}},Member,1000,STARTER,1,Welcome to DevicePoint,5000,0,assets/icons/devicepoint_rect.png,3,2,0,1,https://luyoa.com/enroll/devicepoint,[],0,0,0
60,97fc9242,Bliss Spa,bliss-spa,BALANCE,,#FFFFFF,Loyalty card for Bliss Spa,#FFFFFF,#CCCCCC,assets/logos/bliss-spa.png,assets/icons/bliss-spa.png,assets/strips/bliss-spa/,"[{""key"": ""web"", ""label"": ""Visit us"", ""value"": ""https://luyoa.com/bliss-spa""}, {""key"": ""support"", ""label"": ""Support"", ""value"": ""hello@luyoa.com""}]",Balance,{{balance}},Member,500,STARTER,1,Welcome to Bliss Spa,2500,1,assets/icons/bliss-spa_rect.png,1,1,1,0,https://luyoa.com/enroll/bliss-spa,[],0,0,0
61,56fecdf5,The Dental Studio,the-dental-studio-947,BALANCE,,#1B4F72,Loyalty card for The Dental Studio,#FFFFFF,#CCCCCC,assets/logos/the-dental-studio-947.png,assets/icons/the-dental-studio-947.png,assets/strips/the-dental-studio-947/,"[{""key"": ""web"", ""label"": ""Visit us"", ""value"": ""https://luyoa.com/the-dental-studio-947""}, {""key"": ""support"", ""label"": ""Support"", ""value"": ""hello@luyoa.com""}]",Balance,{{balance}},Member,1000,STARTER,1,Welcome to The Dental Studio,2000,1,assets/icons/the-dental-studio-947_rect.png,2,2,0,1,https://luyoa.com/enroll/the-dental-studio-947,[],0,0,0
62,9cc88b2a,SmilePlus,smileplus-170,BALANCE,,#2C3E50,Loyalty card for SmilePlus,#FFFFFF,#CCCCCC,assets/logos/smileplus-170.png,assets/icons/smileplus-170.png,assets/strips/smileplus-170/,"[{""key"": ""web"", ""label"": ""Visit us"", ""value"": ""https://luyoa.com/smileplus-170""}, {""key"": ""support"", ""label"": ""Support"", ""value"": ""hello@luyoa.com""}]",Balance,{{balance}},Member,1000,GROW,1,Welcome to SmilePlus,5000,1,assets/icons/smileplus-170_rect.png,2,2,1,0,https://luyoa.com/enroll/smileplus-170,[],1,1,1
63,7f3853a3,LangCorner,langcorner-506,STAMPS,12,#2C3E50,Loyalty card for LangCorner,#FFFFFF,#CCCCCC,assets/logos/langcorner-506.png,assets/icons/langcorner-506.png,assets/strips/langcorner-506/,"[{""key"": ""web"", ""label"": ""Visit us"", ""value"": ""https://luyoa.com/langcorner-506""}, {""key"": ""support"", ""label"": ""Support"", ""value"": ""hello@luyoa.com""}]",Stamps,{{balance}},Member,200,CORE,0,Welcome to LangCorner,600,1,assets/icons/langcorner-506_rect.png,4,2,1,0,https://luyoa.com/enroll/langcorner-506,[],1,1,0
64,bdb5fb71,Quick Bite,quick-bite,STAMPS,10,#FFFFFF,Loyalty card for Quick Bite,#FFFFFF,#CCCCCC,assets/logos/quick-bite.png,assets/icons/quick-bite.png,assets/strips/quick-bite/,"[{""key"": ""web"", ""label"": ""Visit us"", ""value"": ""https://luyoa.com/quick-bite""}, {""key"": ""support"", ""label"": ""Support"", ""value"": ""hello@luyoa.com""}]",Stamps,{{balance}},Member,5000,CORE,1,Welcome to Quick Bite,10000,1,assets/icons/quick-bite_rect.png,4,2,1,0,https://luyoa.com/enroll/quick-bite,[],1,1,0
65,156b759c,The Training Zone,the-training-zone,STATIC,,#1A1A2E,Loyalty card for The Training Zone,#FFFFFF,#CCCCCC,assets/logos/the-training-zone.png,assets/icons/the-training-zone.png,assets/strips/the-training-zone/,"[{""key"": ""web"", ""label"": ""Visit us"", ""value"": ""https://luyoa.com/the-training-zone""}, {""key"": ""support"", ""label"": ""Support"", ""value"": ""hello@luyoa.com""}]",Stamps,{{balance}},Member,2000,CORE,1,Welcome to The Training Zone,4000,0,assets/icons/the-training-zone_rect.png,2,2,1,0,https://luyoa.com/enroll/the-training-zone,[],1,1,0
66,4a151b4d,Zen Flow,zen-flow,BALANCE,,#1A1A2E,Loyalty card for Zen Flow,#FFFFFF,#CCCCCC,assets/logos/zen-flow.png,assets/icons/zen-flow.png,assets/strips/zen-flow/,"[{""key"": ""web"", ""label"": ""Visit us"", ""value"": ""https://luyoa.com/zen-flow""}, {""key"": ""support"", ""label"": ""Support"", ""value"": ""hello@luyoa.com""}]",Balance,{{balance}},Member,200,GROW,1,Welcome to Zen Flow,400,1,assets/icons/zen-flow_rect.png,4,2,0,1,https://luyoa.com/enroll/zen-flow,[],1,1,1
67,8df15348,WaveRoll,waveroll,BALANCE,,#FFFFFF,Loyalty card for WaveRoll,#FFFFFF,#CCCCCC,assets/logos/waveroll.png,assets/icons/waveroll.png,assets/strips/waveroll/,"[{""key"": ""web"", ""label"": ""Visit us"", ""value"": ""https://luyoa.com/waveroll""}, {""key"": ""support"", ""label"": ""Support"", ""value"": ""hello@luyoa.com""}]",Balance,{{balance}},Member,2000,STARTER,1,Welcome to WaveRoll,10000,0,assets/icons/waveroll_rect.png,4,2,1,0,https://luyoa.com/enroll/waveroll,[],0,0,0
68,b2749c6b,The Mat Room,the-mat-room,BALANCE,,#FFFFFF,Loyalty card for The Mat Room,#FFFFFF,#CCCCCC,assets/logos/the-mat-room.png,assets/icons/the-mat-room.png,assets/strips/the-mat-room/,"[{""key"": ""web"", ""label"": ""Visit us"", ""value"": ""https://luyoa.com/the-mat-room""}, {""key"": ""support"", ""label"": ""Support"", ""value"": ""hello@luyoa.com""}]",Balance,{{balance}},Member,5000,GROW,1,Welcome to The Mat Room,10000,0,assets/icons/the-mat-room_rect.png,2,2,0,0,https://luyoa.com/enroll/the-mat-room,[],1,1,1
69,7124833c,The Dough Co,the-dough-co,BALANCE,,#0F3460,Loyalty card for The Dough Co,#FFFFFF,#CCCCCC,assets/logos/the-dough-co.png,assets/icons/the-dough-co.png,assets/strips/the-dough-co/,"[{""key"": ""web"", ""label"": ""Visit us"", ""value"": ""https://luyoa.com/the-dough-co""}, {""key"": ""support"", ""label"": ""Support"", ""value"": ""hello@luyoa.com""}]",Balance,{{balance}},Member,1000,STARTER,1,Welcome to The Dough Co,3000,0,assets/icons/the-dough-co_rect.png,3,2,1,1,https://luyoa.com/enroll/the-dough-co,[],0,0,0
70,5fa17329,MedPlus,medplus,BALANCE,,#1A1A2E,Loyalty card for MedPlus,#FFFFFF,#CCCCCC,assets/logos/medplus.png,assets/icons/medplus.png,assets/strips/medplus/,"[{""key"": ""web"", ""label"": ""Visit us"", ""value"": ""https://luyoa.com/medplus""}, {""key"": ""support"", ""label"": ""Support"", ""value"": ""hello@luyoa.com""}]",Balance,{{balance}},Member,2000,GROW,1,Welcome to MedPlus,10000,1,assets/icons/medplus_rect.png,2,2,0,0,https://luyoa.com/enroll/medplus,[],1,1,1
71,256a9c43,Fabric House,fabric-house,STAMPS,12,#1A1A2E,Loyalty card for Fabric House,#FFFFFF,#CCCCCC,assets/logos/fabric-house.png,assets/icons/fabric-house.png,assets/strips/fabric-house/,"[{""key"": ""web"", ""label"": ""Visit us"", ""value"": ""https://luyoa.com/fabric-house""}, {""key"": ""support"", ""label"": ""Support"", ""value"": ""hello@luyoa.com""}]",Stamps,{{balance}},Member,1000,CORE,1,Welcome to Fabric House,5000,1,assets/icons/fabric-house_rect.png,2,2,1,0,https://luyoa.com/enroll/fabric-house,[],1,1,0
72,75bf60ff,Skin & Soul,skin-and-soul,STATIC,,#1B4F72,Loyalty card for Skin & Soul,#FFFFFF,#CCCCCC,assets/logos/skin-and-soul.png,assets/icons/skin-and-soul.png,assets/strips/skin-and-soul/,"[{""key"": ""web"", ""label"": ""Visit us"", ""value"": ""https://luyoa.com/skin-and-soul""}, {""key"": ""support"", ""label"": ""Support"", ""value"": ""hello@luyoa.com""}]",Stamps,{{balance}},Member,1000,STARTER,1,Welcome to Skin & Soul,3000,1,assets/icons/skin-and-soul_rect.png,1,1,0,0,https://luyoa.com/enroll/skin-and-soul,[],0,0,0
73,e8928f5f,Casa Blanca,casa-blanca-896,STAMPS,12,#2C3E50,Loyalty card for Casa Blanca,#FFFFFF,#CCCCCC,assets/logos/casa-blanca-896.png,assets/icons/casa-blanca-896.png,assets/strips/casa-blanca-896/,"[{""key"": ""web"", ""label"": ""Visit us"", ""value"": ""https://luyoa.com/casa-blanca-896""}, {""key"": ""support"", ""label"": ""Support"", ""value"": ""hello@luyoa.com""}]",Stamps,{{balance}},Member,200,GROW,1,Welcome to Casa Blanca,400,0,assets/icons/casa-blanca-896_rect.png,1,1,1,1,https://luyoa.com/enroll/casa-blanca-896,[],1,1,1
74,bdf1e768,CarePharm,carepharm-710,BALANCE,,#1B4F72,Loyalty card for CarePharm,#FFFFFF,#CCCCCC,assets/logos/carepharm-710.png,assets/icons/carepharm-710.png,assets/strips/carepharm-710/,"[{""key"": ""web"", ""label"": ""Visit us"", ""value"": ""https://luyoa.com/carepharm-710""}, {""key"": ""support"", ""label"": ""Support"", ""value"": ""hello@luyoa.com""}]",Balance,{{balance}},Member,2000,CORE,1,Welcome to CarePharm,6000,1,assets/icons/carepharm-710_rect.png,1,1,1,1,https://luyoa.com/enroll/carepharm-710,[],1,1,0
75,acfc1b5e,Mindful Yoga,mindful-yoga,STAMPS,6,#FFFFFF,Loyalty card for Mindful Yoga,#FFFFFF,#CCCCCC,assets/logos/mindful-yoga.png,assets/icons/mindful-yoga.png,assets/strips/mindful-yoga/,"[{""key"": ""web"", ""label"": ""Visit us"", ""value"": ""https://luyoa.com/mindful-yoga""}, {""key"": ""support"", ""label"": ""Support"", ""value"": ""hello@luyoa.com""}]",Stamps,{{balance}},Member,2000,STARTER,1,Welcome to Mindful Yoga,10000,0,assets/icons/mindful-yoga_rect.png,1,1,1,0,https://luyoa.com/enroll/mindful-yoga,[],0,0,0
76,eb5b7ccf,Trend Street,trend-street,STATIC,,#F5F5F5,Loyalty card for Trend Street,#FFFFFF,#CCCCCC,assets/logos/trend-street.png,assets/icons/trend-street.png,assets/strips/trend-street/,"[{""key"": ""web"", ""label"": ""Visit us"", ""value"": ""https://luyoa.com/trend-street""}, {""key"": ""support"", ""label"": ""Support"", ""value"": ""hello@luyoa.com""}]",Stamps,{{balance}},Member,2000,STARTER,1,Welcome to Trend Street,6000,0,assets/icons/trend-street_rect.png,3,2,0,0,https://luyoa.com/enroll/trend-street,[],0,0,0
77,0e1fe008,Bite Rush,bite-rush-147,BALANCE,,#0F3460,Loyalty card for Bite Rush,#FFFFFF,#CCCCCC,assets/logos/bite-rush-147.png,assets/icons/bite-rush-147.png,assets/strips/bite-rush-147/,"[{""key"": ""web"", ""label"": ""Visit us"", ""value"": ""https://luyoa.com/bite-rush-147""}, {""key"": ""support"", ""label"": ""Support"", ""value"": ""hello@luyoa.com""}]",Balance,{{balance}},Member,500,STARTER,1,Welcome to Bite Rush,1500,1,assets/icons/bite-rush-147_rect.png,3,2,0,0,https://luyoa.com/enroll/bite-rush-147,[],0,0,0
78,cb1b861c,Trend Street,trend-street-602,STAMPS,10,#1B4F72,Loyalty card for Trend Street,#FFFFFF,#CCCCCC,assets/logos/trend-street-602.png,assets/icons/trend-street-602.png,assets/strips/trend-street-602/,"[{""key"": ""web"", ""label"": ""Visit us"", ""value"": ""https://luyoa.com/trend-street-602""}, {""key"": ""support"", ""label"": ""Support"", ""value"": ""hello@luyoa.com""}]",Stamps,{{balance}},Member,2000,STARTER,1,Welcome to Trend Street,6000,0,assets/icons/trend-street-602_rect.png,1,1,1,0,https://luyoa.com/enroll/trend-street-602,[],0,0,0
79,9291b98d,Crusty Corner,crusty-corner,STAMPS,12,#FFFFFF,Loyalty card for Crusty Corner,#FFFFFF,#CCCCCC,assets/logos/crusty-corner.png,assets/icons/crusty-corner.png,assets/strips/crusty-corner/,"[{""key"": ""web"", ""label"": ""Visit us"", ""value"": ""https://luyoa.com/crusty-corner""}, {""key"": ""support"", ""label"": ""Support"", ""value"": ""hello@luyoa.com""}]",Stamps,{{balance}},Member,1000,CORE,1,Welcome to Crusty Corner,5000,0,assets/icons/crusty-corner_rect.png,1,1,1,0,https://luyoa.com/enroll/crusty-corner,[],1,1,0
80,e13ba868,PearlDent,pearldent,BALANCE,,#1B4F72,Loyalty card for PearlDent,#FFFFFF,#CCCCCC,assets/logos/pearldent.png,assets/icons/pearldent.png,assets/strips/pearldent/,"[{""key"": ""web"", ""label"": ""Visit us"", ""value"": ""https://luyoa.com/pearldent""}, {""key"": ""support"", ""label"": ""Support"", ""value"": ""hello@luyoa.com""}]",Balance,{{balance}},Member,500,STARTER,1,Welcome to PearlDent,2500,0,assets/icons/pearldent_rect.png,4,2,1,0,https://luyoa.com/enroll/pearldent,[],0,0,0
81,e74200c6,Sunset Grill,sunset-grill,BALANCE,,#F5F5F5,Loyalty card for Sunset Grill,#FFFFFF,#CCCCCC,assets/logos/sunset-grill.png,assets/icons/sunset-grill.png,assets/strips/sunset-grill/,"[{""key"": ""web"", ""label"": ""Visit us"", ""value"": ""https://luyoa.com/sunset-grill""}, {""key"": ""support"", ""label"": ""Support"", ""value"": ""hello@luyoa.com""}]",Balance,{{balance}},Member,2000,CORE,1,Welcome to Sunset Grill,10000,1,assets/icons/sunset-grill_rect.png,1,1,1,0,https://luyoa.com/enroll/sunset-grill,[],1,1,0
82,56098937,Market One,market-one,STATIC,,#0F3460,Loyalty card for Market One,#FFFFFF,#CCCCCC,assets/logos/market-one.png,assets/icons/market-one.png,assets/strips/market-one/,"[{""key"": ""web"", ""label"": ""Visit us"", ""value"": ""https://luyoa.com/market-one""}, {""key"": ""support"", ""label"": ""Support"", ""value"": ""hello@luyoa.com""}]",Stamps,{{balance}},Member,200,GROW,1,Welcome to Market One,400,0,assets/icons/market-one_rect.png,3,2,1,1,https://luyoa.com/enroll/market-one,[],1,1,1
83,c2442f43,HappyPet,happypet,BALANCE,,#1B4F72,Loyalty card for HappyPet,#FFFFFF,#CCCCCC,assets/logos/happypet.png,assets/icons/happypet.png,assets/strips/happypet/,"[{""key"": ""web"", ""label"": ""Visit us"", ""value"": ""https://luyoa.com/happypet""}, {""key"": ""support"", ""label"": ""Support"", ""value"": ""hello@luyoa.com""}]",Balance,{{balance}},Member,1000,STARTER,1,Welcome to HappyPet,3000,1,assets/icons/happypet_rect.png,1,1,1,0,https://luyoa.com/enroll/happypet,[],0,0,0
84,a99460a6,WhiteSmile,whitesmile,BALANCE,,#1B4F72,Loyalty card for WhiteSmile,#FFFFFF,#CCCCCC,assets/logos/whitesmile.png,assets/icons/whitesmile.png,assets/strips/whitesmile/,"[{""key"": ""web"", ""label"": ""Visit us"", ""value"": ""https://luyoa.com/whitesmile""}, {""key"": ""support"", ""label"": ""Support"", ""value"": ""hello@luyoa.com""}]",Balance,{{balance}},Member,200,CORE,1,Welcome to WhiteSmile,1000,1,assets/icons/whitesmile_rect.png,3,2,1,0,https://luyoa.com/enroll/whitesmile,[],1,1,0
85,9550dfd4,MedPlus,medplus-241,BALANCE,,#F5F5F5,Loyalty card for MedPlus,#FFFFFF,#CCCCCC,assets/logos/medplus-241.png,assets/icons/medplus-241.png,assets/strips/medplus-241/,"[{""key"": ""web"", ""label"": ""Visit us"", ""value"": ""https://luyoa.com/medplus-241""}, {""key"": ""support"", ""label"": ""Support"", ""value"": ""hello@luyoa.com""}]",Balance,{{balance}},Member,5000,STARTER,1,Welcome to MedPlus,15000,1,assets/icons/medplus-241_rect.png,2,2,0,0,https://luyoa.com/enroll/medplus-241,[],0,0,0
86,42adca0b,Golden Loaf,golden-loaf,BALANCE,,#F5F5F5,Loyalty card for Golden Loaf,#FFFFFF,#CCCCCC,assets/logos/golden-loaf.png,assets/icons/golden-loaf.png,assets/strips/golden-loaf/,"[{""key"": ""web"", ""label"": ""Visit us"", ""value"": ""https://luyoa.com/golden-loaf""}, {""key"": ""support"", ""label"": ""Support"", ""value"": ""hello@luyoa.com""}]",Balance,{{balance}},Member,1000,CORE,1,Welcome to Golden Loaf,2000,1,assets/icons/golden-loaf_rect.png,3,2,0,1,https://luyoa.com/enroll/golden-loaf,[],1,1,0
87,d06bd596,PetPlus,petplus,BALANCE,,#FFFFFF,Loyalty card for PetPlus,#FFFFFF,#CCCCCC,assets/logos/petplus.png,assets/icons/petplus.png,assets/strips/petplus/,"[{""key"": ""web"", ""label"": ""Visit us"", ""value"": ""https://luyoa.com/petplus""}, {""key"": ""support"", ""label"": ""Support"", ""value"": ""hello@luyoa.com""}]",Balance,{{balance}},Member,500,GROW,1,Welcome to PetPlus,1500,0,assets/icons/petplus_rect.png,1,1,0,1,https://luyoa.com/enroll/petplus,[],1,1,1
88,7caebc6f,The Tech Store,the-tech-store,STATIC,,#F5F5F5,Loyalty card for The Tech Store,#FFFFFF,#CCCCCC,assets/logos/the-tech-store.png,assets/icons/the-tech-store.png,assets/strips/the-tech-store/,"[{""key"": ""web"", ""label"": ""Visit us"", ""value"": ""https://luyoa.com/the-tech-store""}, {""key"": ""support"", ""label"": ""Support"", ""value"": ""hello@luyoa.com""}]",Stamps,{{balance}},Member,5000,STARTER,1,Welcome to The Tech Store,25000,0,assets/icons/the-tech-store_rect.png,1,1,0,0,https://luyoa.com/enroll/the-tech-store,[],0,0,0
89,e77017bf,Chapter One,chapter-one,STAMPS,8,#2C3E50,Loyalty card for Chapter One,#FFFFFF,#CCCCCC,assets/logos/chapter-one.png,assets/icons/chapter-one.png,assets/strips/chapter-one/,"[{""key"": ""web"", ""label"": ""Visit us"", ""value"": ""https://luyoa.com/chapter-one""}, {""key"": ""support"", ""label"": ""Support"", ""value"": ""hello@luyoa.com""}]",Stamps,{{balance}},Member,500,CORE,1,Welcome to Chapter One,1000,0,assets/icons/chapter-one_rect.png,1,1,0,0,https://luyoa.com/enroll/chapter-one,[],1,1,0
90,16dc854b,The Daily Cup,the-daily-cup,BALANCE,,#F5F5F5,Loyalty card for The Daily Cup,#FFFFFF,#CCCCCC,assets/logos/the-daily-cup.png,assets/icons/the-daily-cup.png,assets/strips/the-daily-cup/,"[{""key"": ""web"", ""label"": ""Visit us"", ""value"": ""https://luyoa.com/the-daily-cup""}, {""key"": ""support"", ""label"": ""Support"", ""value"": ""hello@luyoa.com""}]",Balance,{{balance}},Member,200,CORE,1,Welcome to The Daily Cup,1000,0,assets/icons/the-daily-cup_rect.png,2,2,0,0,https://luyoa.com/enroll/the-daily-cup,[],1,1,0
91,64d9142c,LangCorner,langcorner-227,STAMPS,6,#1A1A2E,Loyalty card for LangCorner,#FFFFFF,#CCCCCC,assets/logos/langcorner-227.png,assets/icons/langcorner-227.png,assets/strips/langcorner-227/,"[{""key"": ""web"", ""label"": ""Visit us"", ""value"": ""https://luyoa.com/langcorner-227""}, {""key"": ""support"", ""label"": ""Support"", ""value"": ""hello@luyoa.com""}]",Stamps,{{balance}},Member,5000,CORE,1,Welcome to LangCorner,10000,0,assets/icons/langcorner-227_rect.png,1,1,1,0,https://luyoa.com/enroll/langcorner-227,[],1,1,0
92,bbf652ee,AutoClean,autoclean,BALANCE,,#F5F5F5,Loyalty card for AutoClean,#FFFFFF,#CCCCCC,assets/logos/autoclean.png,assets/icons/autoclean.png,assets/strips/autoclean/,"[{""key"": ""web"", ""label"": ""Visit us"", ""value"": ""https://luyoa.com/autoclean""}, {""key"": ""support"", ""label"": ""Support"", ""value"": ""hello@luyoa.com""}]",Balance,{{balance}},Member,5000,CORE,1,Welcome to AutoClean,15000,1,assets/icons/autoclean_rect.png,2,2,1,1,https://luyoa.com/enroll/autoclean,[],1,1,0
93,bad2dd96,GreenCup,greencup,STAMPS,8,#0F3460,Loyalty card for GreenCup,#FFFFFF,#CCCCCC,assets/logos/greencup.png,assets/icons/greencup.png,assets/strips/greencup/,"[{""key"": ""web"", ""label"": ""Visit us"", ""value"": ""https://luyoa.com/greencup""}, {""key"": ""support"", ""label"": ""Support"", ""value"": ""hello@luyoa.com""}]",Stamps,{{balance}},Member,2000,CORE,1,Welcome to GreenCup,6000,1,assets/icons/greencup_rect.png,1,1,1,0,https://luyoa.com/enroll/greencup,[],1,1,0
94,f32f4b74,CarGlow,carglow,BALANCE,,#1B4F72,Loyalty card for CarGlow,#FFFFFF,#CCCCCC,assets/logos/carglow.png,assets/icons/carglow.png,assets/strips/carglow/,"[{""key"": ""web"", ""label"": ""Visit us"", ""value"": ""https://luyoa.com/carglow""}, {""key"": ""support"", ""label"": ""Support"", ""value"": ""hello@luyoa.com""}]",Balance,{{balance}},Member,500,STARTER,1,Welcome to CarGlow,1000,0,assets/icons/carglow_rect.png,1,1,0,0,https://luyoa.com/enroll/carglow,[],0,0,0
95,cbb29b34,ShinePoint,shinepoint,STAMPS,10,#0F3460,Loyalty card for ShinePoint,#FFFFFF,#CCCCCC,assets/logos/shinepoint.png,assets/icons/shinepoint.png,assets/strips/shinepoint/,"[{""key"": ""web"", ""label"": ""Visit us"", ""value"": ""https://luyoa.com/shinepoint""}, {""key"": ""support"", ""label"": ""Support"", ""value"": ""hello@luyoa.com""}]",Stamps,{{balance}},Member,200,CORE,1,Welcome to ShinePoint,1000,1,assets/icons/shinepoint_rect.png,4,2,0,0,https://luyoa.com/enroll/shinepoint,[],1,1,0
96,e0b36313,DevicePoint,devicepoint-230,BALANCE,,#1A1A2E,Loyalty card for DevicePoint,#FFFFFF,#CCCCCC,assets/logos/devicepoint-230.png,assets/icons/devicepoint-230.png,assets/strips/devicepoint-230/,"[{""key"": ""web"", ""label"": ""Visit us"", ""value"": ""https://luyoa.com/devicepoint-230""}, {""key"": ""support"", ""label"": ""Support"", ""value"": ""hello@luyoa.com""}]",Balance,{{balance}},Member,200,STARTER,1,Welcome to DevicePoint,600,0,assets/icons/devicepoint-230_rect.png,2,2,1,1,https://luyoa.com/enroll/devicepoint-230,[],0,0,0
97,825b4c15,WhiteSmile,whitesmile-692,STAMPS,6,#1B4F72,Loyalty card for WhiteSmile,#FFFFFF,#CCCCCC,assets/logos/whitesmile-692.png,assets/icons/whitesmile-692.png,assets/strips/whitesmile-692/,"[{""key"": ""web"", ""label"": ""Visit us"", ""value"": ""https://luyoa.com/whitesmile-692""}, {""key"": ""support"", ""label"": ""Support"", ""value"": ""hello@luyoa.com""}]",Stamps,{{balance}},Member,5000,GROW,1,Welcome to WhiteSmile,15000,0,assets/icons/whitesmile-692_rect.png,4,2,0,0,https://luyoa.com/enroll/whitesmile-692,[],1,1,1
98,e54527cd,The Wardrobe,the-wardrobe,STATIC,,#FFFFFF,Loyalty card for The Wardrobe,#FFFFFF,#CCCCCC,assets/logos/the-wardrobe.png,assets/icons/the-wardrobe.png,assets/strips/the-wardrobe/,"[{""key"": ""web"", ""label"": ""Visit us"", ""value"": ""https://luyoa.com/the-wardrobe""}, {""key"": ""support"", ""label"": ""Support"", ""value"": ""hello@luyoa.com""}]",Stamps,{{balance}},Member,2000,STARTER,1,Welcome to The Wardrobe,10000,0,assets/icons/the-wardrobe_rect.png,1,1,0,1,https://luyoa.com/enroll/the-wardrobe,[],0,0,0
99,b67f3bce,VitaJuice,vitajuice,STAMPS,10,#2C3E50,Loyalty card for VitaJuice,#FFFFFF,#CCCCCC,assets/logos/vitajuice.png,assets/icons/vitajuice.png,assets/strips/vitajuice/,"[{""key"": ""web"", ""label"": ""Visit us"", ""value"": ""https://luyoa.com/vitajuice""}, {""key"": ""support"", ""label"": ""Support"", ""value"": ""hello@luyoa.com""}]",Stamps,{{balance}},Member,5000,CORE,1,Welcome to VitaJuice,10000,0,assets/icons/vitajuice_rect.png,1,1,0,1,https://luyoa.com/enroll/vitajuice,[],1,1,0
100,4a7cf2bd,The Bistro,the-bistro,BALANCE,,#1A1A2E,Loyalty card for The Bistro,#FFFFFF,#CCCCCC,assets/logos/the-bistro.png,assets/icons/the-bistro.png,assets/strips/the-bistro/,"[{""key"": ""web"", ""label"": ""Visit us"", ""value"": ""https://luyoa.com/the-bistro""}, {""key"": ""support"", ""label"": ""Support"", ""value"": ""hello@luyoa.com""}]",Balance,{{balance}},Member,2000,STARTER,1,Welcome to The Bistro,10000,0,assets/icons/the-bistro_rect.png,3,2,1,0,https://luyoa.com/enroll/the-bistro,[],0,0,0
101,b86e5d55,Crusty Corner,crusty-corner-47,STAMPS,8,#2C3E50,Loyalty card for Crusty Corner,#FFFFFF,#CCCCCC,assets/logos/crusty-corner-47.png,assets/icons/crusty-corner-47.png,assets/strips/crusty-corner-47/,"[{""key"": ""web"", ""label"": ""Visit us"", ""value"": ""https://luyoa.com/crusty-corner-47""}, {""key"": ""support"", ""label"": ""Support"", ""value"": ""hello@luyoa.com""}]",Stamps,{{balance}},Member,2000,CORE,1,Welcome to Crusty Corner,4000,1,assets/icons/crusty-corner-47_rect.png,1,1,0,0,https://luyoa.com/enroll/crusty-corner-47,[],1,1,0
102,a3dc36a1,The Fresh Store,the-fresh-store,BALANCE,,#0F3460,Loyalty card for The Fresh Store,#FFFFFF,#CCCCCC,assets/logos/the-fresh-store.png,assets/icons/the-fresh-store.png,assets/strips/the-fresh-store/,"[{""key"": ""web"", ""label"": ""Visit us"", ""value"": ""https://luyoa.com/the-fresh-store""}, {""key"": ""support"", ""label"": ""Support"", ""value"": ""hello@luyoa.com""}]",Balance,{{balance}},Member,500,STARTER,1,Welcome to The Fresh Store,1000,1,assets/icons/the-fresh-store_rect.png,1,1,0,0,https://luyoa.com/enroll/the-fresh-store,[],0,0,0
103,81a7b319,The Dining Room,the-dining-room,BALANCE,,#2C3E50,Loyalty card for The Dining Room,#FFFFFF,#CCCCCC,assets/logos/the-dining-room.png,assets/icons/the-dining-room.png,assets/strips/the-dining-room/,"[{""key"": ""web"", ""label"": ""Visit us"", ""value"": ""https://luyoa.com/the-dining-room""}, {""key"": ""support"", ""label"": ""Support"", ""value"": ""hello@luyoa.com""}]",Balance,{{balance}},Member,2000,CORE,1,Welcome to The Dining Room,10000,1,assets/icons/the-dining-room_rect.png,1,1,1,0,https://luyoa.com/enroll/the-dining-room,[],1,1,0
104,73014c55,EyePoint,eyepoint,BALANCE,,#FFFFFF,Loyalty card for EyePoint,#FFFFFF,#CCCCCC,assets/logos/eyepoint.png,assets/icons/eyepoint.png,assets/strips/eyepoint/,"[{""key"": ""web"", ""label"": ""Visit us"", ""value"": ""https://luyoa.com/eyepoint""}, {""key"": ""support"", ""label"": ""Support"", ""value"": ""hello@luyoa.com""}]",Balance,{{balance}},Member,1000,STARTER,1,Welcome to EyePoint,2000,0,assets/icons/eyepoint_rect.png,4,2,1,1,https://luyoa.com/enroll/eyepoint,[],0,0,0
105,d6eddba5,BrightEyes,brighteyes-227,BALANCE,,#F5F5F5,Loyalty card for BrightEyes,#FFFFFF,#CCCCCC,assets/logos/brighteyes-227.png,assets/icons/brighteyes-227.png,assets/strips/brighteyes-227/,"[{""key"": ""web"", ""label"": ""Visit us"", ""value"": ""https://luyoa.com/brighteyes-227""}, {""key"": ""support"", ""label"": ""Support"", ""value"": ""hello@luyoa.com""}]",Balance,{{balance}},Member,1000,STARTER,1,Welcome to BrightEyes,5000,0,assets/icons/brighteyes-227_rect.png,1,1,0,0,https://luyoa.com/enroll/brighteyes-227,[],0,0,0
106,2b4cf0cf,HappyPet,happypet-150,STAMPS,10,#F5F5F5,Loyalty card for HappyPet,#FFFFFF,#CCCCCC,assets/logos/happypet-150.png,assets/icons/happypet-150.png,assets/strips/happypet-150/,"[{""key"": ""web"", ""label"": ""Visit us"", ""value"": ""https://luyoa.com/happypet-150""}, {""key"": ""support"", ""label"": ""Support"", ""value"": ""hello@luyoa.com""}]",Stamps,{{balance}},Member,500,GROW,1,Welcome to HappyPet,2500,0,assets/icons/happypet-150_rect.png,2,2,0,1,https://luyoa.com/enroll/happypet-150,[],1,1,1
107,5909b669,Daily Flow,daily-flow-659,BALANCE,,#1A1A2E,Loyalty card for Daily Flow,#FFFFFF,#CCCCCC,assets/logos/daily-flow-659.png,assets/icons/daily-flow-659.png,assets/strips/daily-flow-659/,"[{""key"": ""web"", ""label"": ""Visit us"", ""value"": ""https://luyoa.com/daily-flow-659""}, {""key"": ""support"", ""label"": ""Support"", ""value"": ""hello@luyoa.com""}]",Balance,{{balance}},Member,5000,CORE,1,Welcome to Daily Flow,25000,1,assets/icons/daily-flow-659_rect.png,4,2,0,0,https://luyoa.com/enroll/daily-flow-659,[],1,1,0
108,c41cc4dd,Quick Bite,quick-bite-361,BALANCE,,#FFFFFF,Loyalty card for Quick Bite,#FFFFFF,#CCCCCC,assets/logos/quick-bite-361.png,assets/icons/quick-bite-361.png,assets/strips/quick-bite-361/,"[{""key"": ""web"", ""label"": ""Visit us"", ""value"": ""https://luyoa.com/quick-bite-361""}, {""key"": ""support"", ""label"": ""Support"", ""value"": ""hello@luyoa.com""}]",Balance,{{balance}},Member,5000,CORE,1,Welcome to Quick Bite,15000,0,assets/icons/quick-bite-361_rect.png,4,2,0,0,https://luyoa.com/enroll/quick-bite-361,[],1,1,0
109,dd125ea1,StyleCorner,stylecorner,BALANCE,,#0F3460,Loyalty card for StyleCorner,#FFFFFF,#CCCCCC,assets/logos/stylecorner.png,assets/icons/stylecorner.png,assets/strips/stylecorner/,"[{""key"": ""web"", ""label"": ""Visit us"", ""value"": ""https://luyoa.com/stylecorner""}, {""key"": ""support"", ""label"": ""Support"", ""value"": ""hello@luyoa.com""}]",Balance,{{balance}},Member,2000,GROW,1,Welcome to StyleCorner,10000,0,assets/icons/stylecorner_rect.png,4,2,1,1,https://luyoa.com/enroll/stylecorner,[],1,1,1
110,02e1a059,Serenity Spa,serenity-spa,BALANCE,,#1A1A2E,Loyalty card for Serenity Spa,#FFFFFF,#CCCCCC,assets/logos/serenity-spa.png,assets/icons/serenity-spa.png,assets/strips/serenity-spa/,"[{""key"": ""web"", ""label"": ""Visit us"", ""value"": ""https://luyoa.com/serenity-spa""}, {""key"": ""support"", ""label"": ""Support"", ""value"": ""hello@luyoa.com""}]",Balance,{{balance}},Member,200,CORE,1,Welcome to Serenity Spa,400,0,assets/icons/serenity-spa_rect.png,1,1,0,0,https://luyoa.com/enroll/serenity-spa,[],1,1,0
111,9b43ce44,VoiceBox Academy,voicebox-academy,STATIC,,#0F3460,Loyalty card for VoiceBox Academy,#FFFFFF,#CCCCCC,assets/logos/voicebox-academy.png,assets/icons/voicebox-academy.png,assets/strips/voicebox-academy/,"[{""key"": ""web"", ""label"": ""Visit us"", ""value"": ""https://luyoa.com/voicebox-academy""}, {""key"": ""support"", ""label"": ""Support"", ""value"": ""hello@luyoa.com""}]",Stamps,{{balance}},Member,1000,CORE,1,Welcome to VoiceBox Academy,3000,0,assets/icons/voicebox-academy_rect.png,3,2,1,0,https://luyoa.com/enroll/voicebox-academy,[],1,1,0
112,f6d62a08,Shelf Life,shelf-life,BALANCE,,#1A1A2E,Loyalty card for Shelf Life,#FFFFFF,#CCCCCC,assets/logos/shelf-life.png,assets/icons/shelf-life.png,assets/strips/shelf-life/,"[{""key"": ""web"", ""label"": ""Visit us"", ""value"": ""https://luyoa.com/shelf-life""}, {""key"": ""support"", ""label"": ""Support"", ""value"": ""hello@luyoa.com""}]",Balance,{{balance}},Member,500,CORE,1,Welcome to Shelf Life,2500,0,assets/icons/shelf-life_rect.png,1,1,1,0,https://luyoa.com/enroll/shelf-life,[],1,1,0
113,6e1a4c45,VisionLab,visionlab,BALANCE,,#F5F5F5,Loyalty card for VisionLab,#FFFFFF,#CCCCCC,assets/logos/visionlab.png,assets/icons/visionlab.png,assets/strips/visionlab/,"[{""key"": ""web"", ""label"": ""Visit us"", ""value"": ""https://luyoa.com/visionlab""}, {""key"": ""support"", ""label"": ""Support"", ""value"": ""hello@luyoa.com""}]",Balance,{{balance}},Member,1000,CORE,1,Welcome to VisionLab,5000,0,assets/icons/visionlab_rect.png,1,1,1,1,https://luyoa.com/enroll/visionlab,[],1,1,0
114,2ca02361,AnimalHouse,animalhouse,BALANCE,,#F5F5F5,Loyalty card for AnimalHouse,#FFFFFF,#CCCCCC,assets/logos/animalhouse.png,assets/icons/animalhouse.png,assets/strips/animalhouse/,"[{""key"": ""web"", ""label"": ""Visit us"", ""value"": ""https://luyoa.com/animalhouse""}, {""key"": ""support"", ""label"": ""Support"", ""value"": ""hello@luyoa.com""}]",Balance,{{balance}},Member,500,STARTER,1,Welcome to AnimalHouse,1500,0,assets/icons/animalhouse_rect.png,3,2,0,1,https://luyoa.com/enroll/animalhouse,[],0,0,0
115,43720498,The Reading Room,the-reading-room,STAMPS,8,#F5F5F5,Loyalty card for The Reading Room,#FFFFFF,#CCCCCC,assets/logos/the-reading-room.png,assets/icons/the-reading-room.png,assets/strips/the-reading-room/,"[{""key"": ""web"", ""label"": ""Visit us"", ""value"": ""https://luyoa.com/the-reading-room""}, {""key"": ""support"", ""label"": ""Support"", ""value"": ""hello@luyoa.com""}]",Stamps,{{balance}},Member,5000,CORE,1,Welcome to The Reading Room,10000,1,assets/icons/the-reading-room_rect.png,1,1,1,1,https://luyoa.com/enroll/the-reading-room,[],1,1,0
116,e450565a,The Dental Studio,the-dental-studio-547,STATIC,,#1A1A2E,Loyalty card for The Dental Studio,#FFFFFF,#CCCCCC,assets/logos/the-dental-studio-547.png,assets/icons/the-dental-studio-547.png,assets/strips/the-dental-studio-547/,"[{""key"": ""web"", ""label"": ""Visit us"", ""value"": ""https://luyoa.com/the-dental-studio-547""}, {""key"": ""support"", ""label"": ""Support"", ""value"": ""hello@luyoa.com""}]",Stamps,{{balance}},Member,500,CORE,1,Welcome to The Dental Studio,1500,0,assets/icons/the-dental-studio-547_rect.png,3,2,1,1,https://luyoa.com/enroll/the-dental-studio-547,[],1,1,0
117,c417fbdd,TheWinery,thewinery,STATIC,,#0F3460,Loyalty card for TheWinery,#FFFFFF,#CCCCCC,assets/logos/thewinery.png,assets/icons/thewinery.png,assets/strips/thewinery/,"[{""key"": ""web"", ""label"": ""Visit us"", ""value"": ""https://luyoa.com/thewinery""}, {""key"": ""support"", ""label"": ""Support"", ""value"": ""hello@luyoa.com""}]",Stamps,{{balance}},Member,5000,CORE,1,Welcome to TheWinery,10000,0,assets/icons/thewinery_rect.png,1,1,1,0,https://luyoa.com/enroll/thewinery,[],1,1,0
118,6ea94308,Align Yoga,align-yoga,STAMPS,6,#FFFFFF,Loyalty card for Align Yoga,#FFFFFF,#CCCCCC,assets/logos/align-yoga.png,assets/icons/align-yoga.png,assets/strips/align-yoga/,"[{""key"": ""web"", ""label"": ""Visit us"", ""value"": ""https://luyoa.com/align-yoga""}, {""key"": ""support"", ""label"": ""Support"", ""value"": ""hello@luyoa.com""}]",Stamps,{{balance}},Member,1000,CORE,1,Welcome to Align Yoga,3000,1,assets/icons/align-yoga_rect.png,1,1,0,0,https://luyoa.com/enroll/align-yoga,[],1,1,0
119,fbb98533,Quick Bite,quick-bite-425,STATIC,,#0F3460,Loyalty card for Quick Bite,#FFFFFF,#CCCCCC,assets/logos/quick-bite-425.png,assets/icons/quick-bite-425.png,assets/strips/quick-bite-425/,"[{""key"": ""web"", ""label"": ""Visit us"", ""value"": ""https://luyoa.com/quick-bite-425""}, {""key"": ""support"", ""label"": ""Support"", ""value"": ""hello@luyoa.com""}]",Stamps,{{balance}},Member,200,STARTER,1,Welcome to Quick Bite,400,1,assets/icons/quick-bite-425_rect.png,3,2,0,0,https://luyoa.com/enroll/quick-bite-425,[],0,0,0
120,52bfc143,OralFirst,oralfirst,BALANCE,,#F5F5F5,Loyalty card for OralFirst,#FFFFFF,#CCCCCC,assets/logos/oralfirst.png,assets/icons/oralfirst.png,assets/strips/oralfirst/,"[{""key"": ""web"", ""label"": ""Visit us"", ""value"": ""https://luyoa.com/oralfirst""}, {""key"": ""support"", ""label"": ""Support"", ""value"": ""hello@luyoa.com""}]",Balance,{{balance}},Member,500,GROW,0,Welcome to OralFirst,1500,0,assets/icons/oralfirst_rect.png,4,2,1,0,https://luyoa.com/enroll/oralfirst,[],1,1,1
121,34533fbb,The Tech Store,the-tech-store-562,BALANCE,,#2C3E50,Loyalty card for The Tech Store,#FFFFFF,#CCCCCC,assets/logos/the-tech-store-562.png,assets/icons/the-tech-store-562.png,assets/strips/the-tech-store-562/,"[{""key"": ""web"", ""label"": ""Visit us"", ""value"": ""https://luyoa.com/the-tech-store-562""}, {""key"": ""support"", ""label"": ""Support"", ""value"": ""hello@luyoa.com""}]",Balance,{{balance}},Member,5000,STARTER,1,Welcome to The Tech Store,15000,0,assets/icons/the-tech-store-562_rect.png,1,1,1,0,https://luyoa.com/enroll/the-tech-store-562,[],0,0,0
122,b1e8f83d,Casa Blanca,casa-blanca-857,STAMPS,12,#2C3E50,Loyalty card for Casa Blanca,#FFFFFF,#CCCCCC,assets/logos/casa-blanca-857.png,assets/icons/casa-blanca-857.png,assets/strips/casa-blanca-857/,"[{""key"": ""web"", ""label"": ""Visit us"", ""value"": ""https://luyoa.com/casa-blanca-857""}, {""key"": ""support"", ""label"": ""Support"", ""value"": ""hello@luyoa.com""}]",Stamps,{{balance}},Member,5000,CORE,0,Welcome to Casa Blanca,25000,0,assets/icons/casa-blanca-857_rect.png,2,2,0,0,https://luyoa.com/enroll/casa-blanca-857,[],1,1,0
123,f70c2822,AutoClean,autoclean-537,STAMPS,10,#2C3E50,Loyalty card for AutoClean,#FFFFFF,#CCCCCC,assets/logos/autoclean-537.png,assets/icons/autoclean-537.png,assets/strips/autoclean-537/,"[{""key"": ""web"", ""label"": ""Visit us"", ""value"": ""https://luyoa.com/autoclean-537""}, {""key"": ""support"", ""label"": ""Support"", ""value"": ""hello@luyoa.com""}]",Stamps,{{balance}},Member,200,STARTER,1,Welcome to AutoClean,1000,0,assets/icons/autoclean-537_rect.png,2,2,1,0,https://luyoa.com/enroll/autoclean-537,[],0,0,0
124,791d1bfd,The Fork,the-fork-366,BALANCE,,#1A1A2E,Loyalty card for The Fork,#FFFFFF,#CCCCCC,assets/logos/the-fork-366.png,assets/icons/the-fork-366.png,assets/strips/the-fork-366/,"[{""key"": ""web"", ""label"": ""Visit us"", ""value"": ""https://luyoa.com/the-fork-366""}, {""key"": ""support"", ""label"": ""Support"", ""value"": ""hello@luyoa.com""}]",Balance,{{balance}},Member,200,GROW,1,Welcome to The Fork,1000,0,assets/icons/the-fork-366_rect.png,1,1,1,0,https://luyoa.com/enroll/the-fork-366,[],1,1,1
125,85cded59,Harvest Table,harvest-table,BALANCE,,#1B4F72,Loyalty card for Harvest Table,#FFFFFF,#CCCCCC,assets/logos/harvest-table.png,assets/icons/harvest-table.png,assets/strips/harvest-table/,"[{""key"": ""web"", ""label"": ""Visit us"", ""value"": ""https://luyoa.com/harvest-table""}, {""key"": ""support"", ""label"": ""Support"", ""value"": ""hello@luyoa.com""}]",Balance,{{balance}},Member,2000,STARTER,1,Welcome to Harvest Table,4000,0,assets/icons/harvest-table_rect.png,4,2,1,0,https://luyoa.com/enroll/harvest-table,[],0,0,0
126,68204a71,Cloth & Co,cloth-and-co-528,BALANCE,,#2C3E50,Loyalty card for Cloth & Co,#FFFFFF,#CCCCCC,assets/logos/cloth-and-co-528.png,assets/icons/cloth-and-co-528.png,assets/strips/cloth-and-co-528/,"[{""key"": ""web"", ""label"": ""Visit us"", ""value"": ""https://luyoa.com/cloth-and-co-528""}, {""key"": ""support"", ""label"": ""Support"", ""value"": ""hello@luyoa.com""}]",Balance,{{balance}},Member,2000,CORE,1,Welcome to Cloth & Co,4000,0,assets/icons/cloth-and-co-528_rect.png,3,2,1,0,https://luyoa.com/enroll/cloth-and-co-528,[],1,1,0
127,86460714,The Dining Room,the-dining-room-448,BALANCE,,#1B4F72,Loyalty card for The Dining Room,#FFFFFF,#CCCCCC,assets/logos/the-dining-room-448.png,assets/icons/the-dining-room-448.png,assets/strips/the-dining-room-448/,"[{""key"": ""web"", ""label"": ""Visit us"", ""value"": ""https://luyoa.com/the-dining-room-448""}, {""key"": ""support"", ""label"": ""Support"", ""value"": ""hello@luyoa.com""}]",Balance,{{balance}},Member,2000,STARTER,1,Welcome to The Dining Room,6000,1,assets/icons/the-dining-room-448_rect.png,1,1,0,0,https://luyoa.com/enroll/the-dining-room-448,[],0,0,0
128,e6870079,YogaSpace,yogaspace,BALANCE,,#FFFFFF,Loyalty card for YogaSpace,#FFFFFF,#CCCCCC,assets/logos/yogaspace.png,assets/icons/yogaspace.png,assets/strips/yogaspace/,"[{""key"": ""web"", ""label"": ""Visit us"", ""value"": ""https://luyoa.com/yogaspace""}, {""key"": ""support"", ""label"": ""Support"", ""value"": ""hello@luyoa.com""}]",Balance,{{balance}},Member,2000,CORE,1,Welcome to YogaSpace,4000,1,assets/icons/yogaspace_rect.png,1,1,1,0,https://luyoa.com/enroll/yogaspace,[],1,1,0
129,5e961545,Go Burger,go-burger,STAMPS,12,#0F3460,Loyalty card for Go Burger,#FFFFFF,#CCCCCC,assets/logos/go-burger.png,assets/icons/go-burger.png,assets/strips/go-burger/,"[{""key"": ""web"", ""label"": ""Visit us"", ""value"": ""https://luyoa.com/go-burger""}, {""key"": ""support"", ""label"": ""Support"", ""value"": ""hello@luyoa.com""}]",Stamps,{{balance}},Member,1000,STARTER,1,Welcome to Go Burger,3000,1,assets/icons/go-burger_rect.png,1,1,1,1,https://luyoa.com/enroll/go-burger,[],0,0,0
130,086edbc5,Green Table,green-table,STAMPS,6,#2C3E50,Loyalty card for Green Table,#FFFFFF,#CCCCCC,assets/logos/green-table.png,assets/icons/green-table.png,assets/strips/green-table/,"[{""key"": ""web"", ""label"": ""Visit us"", ""value"": ""https://luyoa.com/green-table""}, {""key"": ""support"", ""label"": ""Support"", ""value"": ""hello@luyoa.com""}]",Stamps,{{balance}},Member,500,CORE,1,Welcome to Green Table,1500,0,assets/icons/green-table_rect.png,1,1,0,0,https://luyoa.com/enroll/green-table,[],1,1,0
131,2b918d32,WhiteSmile,whitesmile-34,STAMPS,8,#1A1A2E,Loyalty card for WhiteSmile,#FFFFFF,#CCCCCC,assets/logos/whitesmile-34.png,assets/icons/whitesmile-34.png,assets/strips/whitesmile-34/,"[{""key"": ""web"", ""label"": ""Visit us"", ""value"": ""https://luyoa.com/whitesmile-34""}, {""key"": ""support"", ""label"": ""Support"", ""value"": ""hello@luyoa.com""}]",Stamps,{{balance}},Member,2000,STARTER,1,Welcome to WhiteSmile,4000,0,assets/icons/whitesmile-34_rect.png,1,1,1,0,https://luyoa.com/enroll/whitesmile-34,[],0,0,0
132,45528b33,The Reading Room,the-reading-room-512,STAMPS,12,#FFFFFF,Loyalty card for The Reading Room,#FFFFFF,#CCCCCC,assets/logos/the-reading-room-512.png,assets/icons/the-reading-room-512.png,assets/strips/the-reading-room-512/,"[{""key"": ""web"", ""label"": ""Visit us"", ""value"": ""https://luyoa.com/the-reading-room-512""}, {""key"": ""support"", ""label"": ""Support"", ""value"": ""hello@luyoa.com""}]",Stamps,{{balance}},Member,5000,STARTER,1,Welcome to The Reading Room,15000,1,assets/icons/the-reading-room-512_rect.png,1,1,0,1,https://luyoa.com/enroll/the-reading-room-512,[],0,0,0
133,50647900,The Wardrobe,the-wardrobe-874,STAMPS,6,#F5F5F5,Loyalty card for The Wardrobe,#FFFFFF,#CCCCCC,assets/logos/the-wardrobe-874.png,assets/icons/the-wardrobe-874.png,assets/strips/the-wardrobe-874/,"[{""key"": ""web"", ""label"": ""Visit us"", ""value"": ""https://luyoa.com/the-wardrobe-874""}, {""key"": ""support"", ""label"": ""Support"", ""value"": ""hello@luyoa.com""}]",Stamps,{{balance}},Member,2000,GROW,1,Welcome to The Wardrobe,6000,0,assets/icons/the-wardrobe-874_rect.png,1,1,1,1,https://luyoa.com/enroll/the-wardrobe-874,[],1,1,1
134,ab07358d,PetZone,petzone-872,STAMPS,8,#1A1A2E,Loyalty card for PetZone,#FFFFFF,#CCCCCC,assets/logos/petzone-872.png,assets/icons/petzone-872.png,assets/strips/petzone-872/,"[{""key"": ""web"", ""label"": ""Visit us"", ""value"": ""https://luyoa.com/petzone-872""}, {""key"": ""support"", ""label"": ""Support"", ""value"": ""hello@luyoa.com""}]",Stamps,{{balance}},Member,500,CORE,1,Welcome to PetZone,1000,0,assets/icons/petzone-872_rect.png,1,1,0,0,https://luyoa.com/enroll/petzone-872,[],1,1,0
135,2cc0dd55,Align Yoga,align-yoga-133,BALANCE,,#FFFFFF,Loyalty card for Align Yoga,#FFFFFF,#CCCCCC,assets/logos/align-yoga-133.png,assets/icons/align-yoga-133.png,assets/strips/align-yoga-133/,"[{""key"": ""web"", ""label"": ""Visit us"", ""value"": ""https://luyoa.com/align-yoga-133""}, {""key"": ""support"", ""label"": ""Support"", ""value"": ""hello@luyoa.com""}]",Balance,{{balance}},Member,5000,CORE,1,Welcome to Align Yoga,15000,1,assets/icons/align-yoga-133_rect.png,1,1,1,0,https://luyoa.com/enroll/align-yoga-133,[],1,1,0
136,be76796e,BottleShop,bottleshop-697,BALANCE,,#1A1A2E,Loyalty card for BottleShop,#FFFFFF,#CCCCCC,assets/logos/bottleshop-697.png,assets/icons/bottleshop-697.png,assets/strips/bottleshop-697/,"[{""key"": ""web"", ""label"": ""Visit us"", ""value"": ""https://luyoa.com/bottleshop-697""}, {""key"": ""support"", ""label"": ""Support"", ""value"": ""hello@luyoa.com""}]",Balance,{{balance}},Member,5000,GROW,1,Welcome to BottleShop,25000,0,assets/icons/bottleshop-697_rect.png,3,2,0,0,https://luyoa.com/enroll/bottleshop-697,[],1,1,1
137,4e289a60,Juice Lab,juice-lab,STATIC,,#F5F5F5,Loyalty card for Juice Lab,#FFFFFF,#CCCCCC,assets/logos/juice-lab.png,assets/icons/juice-lab.png,assets/strips/juice-lab/,"[{""key"": ""web"", ""label"": ""Visit us"", ""value"": ""https://luyoa.com/juice-lab""}, {""key"": ""support"", ""label"": ""Support"", ""value"": ""hello@luyoa.com""}]",Stamps,{{balance}},Member,500,STARTER,1,Welcome to Juice Lab,2500,0,assets/icons/juice-lab_rect.png,1,1,1,1,https://luyoa.com/enroll/juice-lab,[],0,0,0
138,a28aeba3,Cloth & Co,cloth-and-co-129,STAMPS,10,#2C3E50,Loyalty card for Cloth & Co,#FFFFFF,#CCCCCC,assets/logos/cloth-and-co-129.png,assets/icons/cloth-and-co-129.png,assets/strips/cloth-and-co-129/,"[{""key"": ""web"", ""label"": ""Visit us"", ""value"": ""https://luyoa.com/cloth-and-co-129""}, {""key"": ""support"", ""label"": ""Support"", ""value"": ""hello@luyoa.com""}]",Stamps,{{balance}},Member,5000,STARTER,1,Welcome to Cloth & Co,25000,0,assets/icons/cloth-and-co-129_rect.png,4,2,0,0,https://luyoa.com/enroll/cloth-and-co-129,[],0,0,0
139,e205a29e,TechBox,techbox,STAMPS,6,#FFFFFF,Loyalty card for TechBox,#FFFFFF,#CCCCCC,assets/logos/techbox.png,assets/icons/techbox.png,assets/strips/techbox/,"[{""key"": ""web"", ""label"": ""Visit us"", ""value"": ""https://luyoa.com/techbox""}, {""key"": ""support"", ""label"": ""Support"", ""value"": ""hello@luyoa.com""}]",Stamps,{{balance}},Member,200,CORE,1,Welcome to TechBox,1000,1,assets/icons/techbox_rect.png,4,2,0,1,https://luyoa.com/enroll/techbox,[],1,1,0
140,7e684abd,CarGlow,carglow-658,BALANCE,,#0F3460,Loyalty card for CarGlow,#FFFFFF,#CCCCCC,assets/logos/carglow-658.png,assets/icons/carglow-658.png,assets/strips/carglow-658/,"[{""key"": ""web"", ""label"": ""Visit us"", ""value"": ""https://luyoa.com/carglow-658""}, {""key"": ""support"", ""label"": ""Support"", ""value"": ""hello@luyoa.com""}]",Balance,{{balance}},Member,1000,STARTER,1,Welcome to CarGlow,5000,1,assets/icons/carglow-658_rect.png,4,2,1,0,https://luyoa.com/enroll/carglow-658,[],0,0,0
141,a3210f86,The Quick Plate,the-quick-plate,BALANCE,,#2C3E50,Loyalty card for The Quick Plate,#FFFFFF,#CCCCCC,assets/logos/the-quick-plate.png,assets/icons/the-quick-plate.png,assets/strips/the-quick-plate/,"[{""key"": ""web"", ""label"": ""Visit us"", ""value"": ""https://luyoa.com/the-quick-plate""}, {""key"": ""support"", ""label"": ""Support"", ""value"": ""hello@luyoa.com""}]",Balance,{{balance}},Member,1000,STARTER,1,Welcome to The Quick Plate,5000,1,assets/icons/the-quick-plate_rect.png,1,1,1,0,https://luyoa.com/enroll/the-quick-plate,[],0,0,0
142,de19aaae,Wellness Hub,wellness-hub,STAMPS,6,#0F3460,Loyalty card for Wellness Hub,#FFFFFF,#CCCCCC,assets/logos/wellness-hub.png,assets/icons/wellness-hub.png,assets/strips/wellness-hub/,"[{""key"": ""web"", ""label"": ""Visit us"", ""value"": ""https://luyoa.com/wellness-hub""}, {""key"": ""support"", ""label"": ""Support"", ""value"": ""hello@luyoa.com""}]",Stamps,{{balance}},Member,1000,CORE,1,Welcome to Wellness Hub,2000,0,assets/icons/wellness-hub_rect.png,1,1,1,0,https://luyoa.com/enroll/wellness-hub,[],1,1,0
143,84d337c1,PowerTech,powertech,BALANCE,,#F5F5F5,Loyalty card for PowerTech,#FFFFFF,#CCCCCC,assets/logos/powertech.png,assets/icons/powertech.png,assets/strips/powertech/,"[{""key"": ""web"", ""label"": ""Visit us"", ""value"": ""https://luyoa.com/powertech""}, {""key"": ""support"", ""label"": ""Support"", ""value"": ""hello@luyoa.com""}]",Balance,{{balance}},Member,1000,GROW,1,Welcome to PowerTech,3000,1,assets/icons/powertech_rect.png,3,2,1,0,https://luyoa.com/enroll/powertech,[],1,1,1
144,9cce636d,Breathe & Bend,breathe-and-bend,BALANCE,,#1A1A2E,Loyalty card for Breathe & Bend,#FFFFFF,#CCCCCC,assets/logos/breathe-and-bend.png,assets/icons/breathe-and-bend.png,assets/strips/breathe-and-bend/,"[{""key"": ""web"", ""label"": ""Visit us"", ""value"": ""https://luyoa.com/breathe-and-bend""}, {""key"": ""support"", ""label"": ""Support"", ""value"": ""hello@luyoa.com""}]",Balance,{{balance}},Member,5000,GROW,1,Welcome to Breathe & Bend,15000,1,assets/icons/breathe-and-bend_rect.png,1,1,1,0,https://luyoa.com/enroll/breathe-and-bend,[],1,1,1
145,fe4823ca,Tokyo Table,tokyo-table-745,STAMPS,10,#1A1A2E,Loyalty card for Tokyo Table,#FFFFFF,#CCCCCC,assets/logos/tokyo-table-745.png,assets/icons/tokyo-table-745.png,assets/strips/tokyo-table-745/,"[{""key"": ""web"", ""label"": ""Visit us"", ""value"": ""https://luyoa.com/tokyo-table-745""}, {""key"": ""support"", ""label"": ""Support"", ""value"": ""hello@luyoa.com""}]",Stamps,{{balance}},Member,2000,STARTER,1,Welcome to Tokyo Table,4000,0,assets/icons/tokyo-table-745_rect.png,1,1,1,1,https://luyoa.com/enroll/tokyo-table-745,[],0,0,0
146,67852327,StyleCorner,stylecorner-697,BALANCE,,#FFFFFF,Loyalty card for StyleCorner,#FFFFFF,#CCCCCC,assets/logos/stylecorner-697.png,assets/icons/stylecorner-697.png,assets/strips/stylecorner-697/,"[{""key"": ""web"", ""label"": ""Visit us"", ""value"": ""https://luyoa.com/stylecorner-697""}, {""key"": ""support"", ""label"": ""Support"", ""value"": ""hello@luyoa.com""}]",Balance,{{balance}},Member,5000,CORE,1,Welcome to StyleCorner,10000,1,assets/icons/stylecorner-697_rect.png,3,2,1,0,https://luyoa.com/enroll/stylecorner-697,[],1,1,0
147,429b0442,Umami Place,umami-place,STATIC,,#FFFFFF,Loyalty card for Umami Place,#FFFFFF,#CCCCCC,assets/logos/umami-place.png,assets/icons/umami-place.png,assets/strips/umami-place/,"[{""key"": ""web"", ""label"": ""Visit us"", ""value"": ""https://luyoa.com/umami-place""}, {""key"": ""support"", ""label"": ""Support"", ""value"": ""hello@luyoa.com""}]",Stamps,{{balance}},Member,5000,CORE,1,Welcome to Umami Place,10000,1,assets/icons/umami-place_rect.png,1,1,1,1,https://luyoa.com/enroll/umami-place,[],1,1,0
148,a55cd880,EasyTalk,easytalk-327,BALANCE,,#0F3460,Loyalty card for EasyTalk,#FFFFFF,#CCCCCC,assets/logos/easytalk-327.png,assets/icons/easytalk-327.png,assets/strips/easytalk-327/,"[{""key"": ""web"", ""label"": ""Visit us"", ""value"": ""https://luyoa.com/easytalk-327""}, {""key"": ""support"", ""label"": ""Support"", ""value"": ""hello@luyoa.com""}]",Balance,{{balance}},Member,500,GROW,1,Welcome to EasyTalk,2500,1,assets/icons/easytalk-327_rect.png,1,1,1,1,https://luyoa.com/enroll/easytalk-327,[],1,1,1
149,bbb5782e,PurePress,purepress,BALANCE,,#1B4F72,Loyalty card for PurePress,#FFFFFF,#CCCCCC,assets/logos/purepress.png,assets/icons/purepress.png,assets/strips/purepress/,"[{""key"": ""web"", ""label"": ""Visit us"", ""value"": ""https://luyoa.com/purepress""}, {""key"": ""support"", ""label"": ""Support"", ""value"": ""hello@luyoa.com""}]",Balance,{{balance}},Member,1000,CORE,1,Welcome to PurePress,3000,1,assets/icons/purepress_rect.png,1,1,0,1,https://luyoa.com/enroll/purepress,[],1,1,0
150,0f33f6f9,Daily Flow,daily-flow-234,BALANCE,,#2C3E50,Loyalty card for Daily Flow,#FFFFFF,#CCCCCC,assets/logos/daily-flow-234.png,assets/icons/daily-flow-234.png,assets/strips/daily-flow-234/,"[{""key"": ""web"", ""label"": ""Visit us"", ""value"": ""https://luyoa.com/daily-flow-234""}, {""key"": ""support"", ""label"": ""Support"", ""value"": ""hello@luyoa.com""}]",Balance,{{balance}},Member,200,CORE,1,Welcome to Daily Flow,1000,1,assets/icons/daily-flow-234_rect.png,4,2,0,1,https://luyoa.com/enroll/daily-flow-234,[],1,1,0
151,9ac91337,SmilePlus,smileplus-452,BALANCE,,#0F3460,Loyalty card for SmilePlus,#FFFFFF,#CCCCCC,assets/logos/smileplus-452.png,assets/icons/smileplus-452.png,assets/strips/smileplus-452/,"[{""key"": ""web"", ""label"": ""Visit us"", ""value"": ""https://luyoa.com/smileplus-452""}, {""key"": ""support"", ""label"": ""Support"", ""value"": ""hello@luyoa.com""}]",Balance,{{balance}},Member,1000,GROW,1,Welcome to SmilePlus,5000,0,assets/icons/smileplus-452_rect.png,1,1,1,1,https://luyoa.com/enroll/smileplus-452,[],1,1,1
152,520ad003,The Tech Store,the-tech-store-532,STATIC,,#2C3E50,Loyalty card for The Tech Store,#FFFFFF,#CCCCCC,assets/logos/the-tech-store-532.png,assets/icons/the-tech-store-532.png,assets/strips/the-tech-store-532/,"[{""key"": ""web"", ""label"": ""Visit us"", ""value"": ""https://luyoa.com/the-tech-store-532""}, {""key"": ""support"", ""label"": ""Support"", ""value"": ""hello@luyoa.com""}]",Stamps,{{balance}},Member,500,GROW,1,Welcome to The Tech Store,2500,1,assets/icons/the-tech-store-532_rect.png,2,2,1,0,https://luyoa.com/enroll/the-tech-store-532,[],1,1,1
153,0a2c0216,ActiveLife,activelife-625,BALANCE,,#F5F5F5,Loyalty card for ActiveLife,#FFFFFF,#CCCCCC,assets/logos/activelife-625.png,assets/icons/activelife-625.png,assets/strips/activelife-625/,"[{""key"": ""web"", ""label"": ""Visit us"", ""value"": ""https://luyoa.com/activelife-625""}, {""key"": ""support"", ""label"": ""Support"", ""value"": ""hello@luyoa.com""}]",Balance,{{balance}},Member,2000,CORE,1,Welcome to ActiveLife,6000,1,assets/icons/activelife-625_rect.png,4,2,0,0,https://luyoa.com/enroll/activelife-625,[],1,1,0
154,77e46488,Fabric House,fabric-house-358,STAMPS,10,#FFFFFF,Loyalty card for Fabric House,#FFFFFF,#CCCCCC,assets/logos/fabric-house-358.png,assets/icons/fabric-house-358.png,assets/strips/fabric-house-358/,"[{""key"": ""web"", ""label"": ""Visit us"", ""value"": ""https://luyoa.com/fabric-house-358""}, {""key"": ""support"", ""label"": ""Support"", ""value"": ""hello@luyoa.com""}]",Stamps,{{balance}},Member,1000,CORE,1,Welcome to Fabric House,5000,1,assets/icons/fabric-house-358_rect.png,1,1,1,0,https://luyoa.com/enroll/fabric-house-358,[],1,1,0
155,53692508,HealthStop,healthstop,BALANCE,,#1B4F72,Loyalty card for HealthStop,#FFFFFF,#CCCCCC,assets/logos/healthstop.png,assets/icons/healthstop.png,assets/strips/healthstop/,"[{""key"": ""web"", ""label"": ""Visit us"", ""value"": ""https://luyoa.com/healthstop""}, {""key"": ""support"", ""label"": ""Support"", ""value"": ""hello@luyoa.com""}]",Balance,{{balance}},Member,1000,STARTER,1,Welcome to HealthStop,2000,1,assets/icons/healthstop_rect.png,3,2,1,0,https://luyoa.com/enroll/healthstop,[],0,0,0
156,75628b64,The Dough Co,the-dough-co-232,BALANCE,,#FFFFFF,Loyalty card for The Dough Co,#FFFFFF,#CCCCCC,assets/logos/the-dough-co-232.png,assets/icons/the-dough-co-232.png,assets/strips/the-dough-co-232/,"[{""key"": ""web"", ""label"": ""Visit us"", ""value"": ""https://luyoa.com/the-dough-co-232""}, {""key"": ""support"", ""label"": ""Support"", ""value"": ""hello@luyoa.com""}]",Balance,{{balance}},Member,500,CORE,1,Welcome to The Dough Co,1500,1,assets/icons/the-dough-co-232_rect.png,1,1,0,1,https://luyoa.com/enroll/the-dough-co-232,[],1,1,0
157,b582817c,HealthStop,healthstop-489,BALANCE,,#1A1A2E,Loyalty card for HealthStop,#FFFFFF,#CCCCCC,assets/logos/healthstop-489.png,assets/icons/healthstop-489.png,assets/strips/healthstop-489/,"[{""key"": ""web"", ""label"": ""Visit us"", ""value"": ""https://luyoa.com/healthstop-489""}, {""key"": ""support"", ""label"": ""Support"", ""value"": ""hello@luyoa.com""}]",Balance,{{balance}},Member,500,CORE,1,Welcome to HealthStop,2500,0,assets/icons/healthstop-489_rect.png,3,2,0,1,https://luyoa.com/enroll/healthstop-489,[],1,1,0
158,ab8d3228,WineHouse,winehouse,BALANCE,,#FFFFFF,Loyalty card for WineHouse,#FFFFFF,#CCCCCC,assets/logos/winehouse.png,assets/icons/winehouse.png,assets/strips/winehouse/,"[{""key"": ""web"", ""label"": ""Visit us"", ""value"": ""https://luyoa.com/winehouse""}, {""key"": ""support"", ""label"": ""Support"", ""value"": ""hello@luyoa.com""}]",Balance,{{balance}},Member,500,CORE,1,Welcome to WineHouse,1500,1,assets/icons/winehouse_rect.png,2,2,0,1,https://luyoa.com/enroll/winehouse,[],1,1,0
159,8df83e1e,Trend Street,trend-street-292,STAMPS,12,#2C3E50,Loyalty card for Trend Street,#FFFFFF,#CCCCCC,assets/logos/trend-street-292.png,assets/icons/trend-street-292.png,assets/strips/trend-street-292/,"[{""key"": ""web"", ""label"": ""Visit us"", ""value"": ""https://luyoa.com/trend-street-292""}, {""key"": ""support"", ""label"": ""Support"", ""value"": ""hello@luyoa.com""}]",Stamps,{{balance}},Member,5000,STARTER,1,Welcome to Trend Street,10000,1,assets/icons/trend-street-292_rect.png,2,2,1,0,https://luyoa.com/enroll/trend-street-292,[],0,0,0
160,0ebbd225,Flour & Co,flour-and-co,STAMPS,10,#2C3E50,Loyalty card for Flour & Co,#FFFFFF,#CCCCCC,assets/logos/flour-and-co.png,assets/icons/flour-and-co.png,assets/strips/flour-and-co/,"[{""key"": ""web"", ""label"": ""Visit us"", ""value"": ""https://luyoa.com/flour-and-co""}, {""key"": ""support"", ""label"": ""Support"", ""value"": ""hello@luyoa.com""}]",Stamps,{{balance}},Member,1000,CORE,1,Welcome to Flour & Co,2000,0,assets/icons/flour-and-co_rect.png,4,2,1,0,https://luyoa.com/enroll/flour-and-co,[],1,1,0
161,4fdef982,Juice Lab,juice-lab-489,STAMPS,10,#FFFFFF,Loyalty card for Juice Lab,#FFFFFF,#CCCCCC,assets/logos/juice-lab-489.png,assets/icons/juice-lab-489.png,assets/strips/juice-lab-489/,"[{""key"": ""web"", ""label"": ""Visit us"", ""value"": ""https://luyoa.com/juice-lab-489""}, {""key"": ""support"", ""label"": ""Support"", ""value"": ""hello@luyoa.com""}]",Stamps,{{balance}},Member,500,CORE,1,Welcome to Juice Lab,1000,1,assets/icons/juice-lab-489_rect.png,1,1,1,0,https://luyoa.com/enroll/juice-lab-489,[],1,1,0
162,e3da68b1,Trend Street,trend-street-710,STAMPS,8,#1B4F72,Loyalty card for Trend Street,#FFFFFF,#CCCCCC,assets/logos/trend-street-710.png,assets/icons/trend-street-710.png,assets/strips/trend-street-710/,"[{""key"": ""web"", ""label"": ""Visit us"", ""value"": ""https://luyoa.com/trend-street-710""}, {""key"": ""support"", ""label"": ""Support"", ""value"": ""hello@luyoa.com""}]",Stamps,{{balance}},Member,200,CORE,1,Welcome to Trend Street,600,0,assets/icons/trend-street-710_rect.png,1,1,1,1,https://luyoa.com/enroll/trend-street-710,[],1,1,0
163,cc7a1c63,GreenCup,greencup-655,STATIC,,#1A1A2E,Loyalty card for GreenCup,#FFFFFF,#CCCCCC,assets/logos/greencup-655.png,assets/icons/greencup-655.png,assets/strips/greencup-655/,"[{""key"": ""web"", ""label"": ""Visit us"", ""value"": ""https://luyoa.com/greencup-655""}, {""key"": ""support"", ""label"": ""Support"", ""value"": ""hello@luyoa.com""}]",Stamps,{{balance}},Member,1000,GROW,1,Welcome to GreenCup,2000,0,assets/icons/greencup-655_rect.png,4,2,1,0,https://luyoa.com/enroll/greencup-655,[],1,1,1
164,8b881666,LangCorner,langcorner-935,STAMPS,12,#1B4F72,Loyalty card for LangCorner,#FFFFFF,#CCCCCC,assets/logos/langcorner-935.png,assets/icons/langcorner-935.png,assets/strips/langcorner-935/,"[{""key"": ""web"", ""label"": ""Visit us"", ""value"": ""https://luyoa.com/langcorner-935""}, {""key"": ""support"", ""label"": ""Support"", ""value"": ""hello@luyoa.com""}]",Stamps,{{balance}},Member,5000,CORE,1,Welcome to LangCorner,10000,0,assets/icons/langcorner-935_rect.png,1,1,1,1,https://luyoa.com/enroll/langcorner-935,[],1,1,0
165,2573ccab,FurryFriends,furryfriends,BALANCE,,#F5F5F5,Loyalty card for FurryFriends,#FFFFFF,#CCCCCC,assets/logos/furryfriends.png,assets/icons/furryfriends.png,assets/strips/furryfriends/,"[{""key"": ""web"", ""label"": ""Visit us"", ""value"": ""https://luyoa.com/furryfriends""}, {""key"": ""support"", ""label"": ""Support"", ""value"": ""hello@luyoa.com""}]",Balance,{{balance}},Member,5000,CORE,1,Welcome to FurryFriends,10000,0,assets/icons/furryfriends_rect.png,1,1,1,1,https://luyoa.com/enroll/furryfriends,[],1,1,0
166,052b2bdf,LangCorner,langcorner-457,BALANCE,,#0F3460,Loyalty card for LangCorner,#FFFFFF,#CCCCCC,assets/logos/langcorner-457.png,assets/icons/langcorner-457.png,assets/strips/langcorner-457/,"[{""key"": ""web"", ""label"": ""Visit us"", ""value"": ""https://luyoa.com/langcorner-457""}, {""key"": ""support"", ""label"": ""Support"", ""value"": ""hello@luyoa.com""}]",Balance,{{balance}},Member,200,STARTER,1,Welcome to LangCorner,600,1,assets/icons/langcorner-457_rect.png,2,2,0,1,https://luyoa.com/enroll/langcorner-457,[],0,0,0
167,157f4d2a,FluentPath,fluentpath,STAMPS,6,#2C3E50,Loyalty card for FluentPath,#FFFFFF,#CCCCCC,assets/logos/fluentpath.png,assets/icons/fluentpath.png,assets/strips/fluentpath/,"[{""key"": ""web"", ""label"": ""Visit us"", ""value"": ""https://luyoa.com/fluentpath""}, {""key"": ""support"", ""label"": ""Support"", ""value"": ""hello@luyoa.com""}]",Stamps,{{balance}},Member,500,STARTER,1,Welcome to FluentPath,1500,1,assets/icons/fluentpath_rect.png,1,1,0,1,https://luyoa.com/enroll/fluentpath,[],0,0,0
168,d07046bb,Sunset Grill,sunset-grill-419,STATIC,,#F5F5F5,Loyalty card for Sunset Grill,#FFFFFF,#CCCCCC,assets/logos/sunset-grill-419.png,assets/icons/sunset-grill-419.png,assets/strips/sunset-grill-419/,"[{""key"": ""web"", ""label"": ""Visit us"", ""value"": ""https://luyoa.com/sunset-grill-419""}, {""key"": ""support"", ""label"": ""Support"", ""value"": ""hello@luyoa.com""}]",Stamps,{{balance}},Member,500,STARTER,1,Welcome to Sunset Grill,2500,1,assets/icons/sunset-grill-419_rect.png,2,2,1,0,https://luyoa.com/enroll/sunset-grill-419,[],0,0,0
169,3466675f,LangCorner,langcorner-137,STAMPS,10,#F5F5F5,Loyalty card for LangCorner,#FFFFFF,#CCCCCC,assets/logos/langcorner-137.png,assets/icons/langcorner-137.png,assets/strips/langcorner-137/,"[{""key"": ""web"", ""label"": ""Visit us"", ""value"": ""https://luyoa.com/langcorner-137""}, {""key"": ""support"", ""label"": ""Support"", ""value"": ""hello@luyoa.com""}]",Stamps,{{balance}},Member,200,GROW,1,Welcome to LangCorner,600,0,assets/icons/langcorner-137_rect.png,1,1,0,0,https://luyoa.com/enroll/langcorner-137,[],1,1,1
170,911d5739,The Coffee Spot,the-coffee-spot-389,STATIC,,#F5F5F5,Loyalty card for The Coffee Spot,#FFFFFF,#CCCCCC,assets/logos/the-coffee-spot-389.png,assets/icons/the-coffee-spot-389.png,assets/strips/the-coffee-spot-389/,"[{""key"": ""web"", ""label"": ""Visit us"", ""value"": ""https://luyoa.com/the-coffee-spot-389""}, {""key"": ""support"", ""label"": ""Support"", ""value"": ""hello@luyoa.com""}]",Stamps,{{balance}},Member,500,CORE,1,Welcome to The Coffee Spot,1000,1,assets/icons/the-coffee-spot-389_rect.png,3,2,0,1,https://luyoa.com/enroll/the-coffee-spot-389,[],1,1,0
171,31d00286,The Bakehouse,the-bakehouse-212,STAMPS,6,#2C3E50,Loyalty card for The Bakehouse,#FFFFFF,#CCCCCC,assets/logos/the-bakehouse-212.png,assets/icons/the-bakehouse-212.png,assets/strips/the-bakehouse-212/,"[{""key"": ""web"", ""label"": ""Visit us"", ""value"": ""https://luyoa.com/the-bakehouse-212""}, {""key"": ""support"", ""label"": ""Support"", ""value"": ""hello@luyoa.com""}]",Stamps,{{balance}},Member,200,CORE,0,Welcome to The Bakehouse,1000,0,assets/icons/the-bakehouse-212_rect.png,2,2,0,1,https://luyoa.com/enroll/the-bakehouse-212,[],1,1,0
172,ec79b962,The Fork,the-fork-144,BALANCE,,#1A1A2E,Loyalty card for The Fork,#FFFFFF,#CCCCCC,assets/logos/the-fork-144.png,assets/icons/the-fork-144.png,assets/strips/the-fork-144/,"[{""key"": ""web"", ""label"": ""Visit us"", ""value"": ""https://luyoa.com/the-fork-144""}, {""key"": ""support"", ""label"": ""Support"", ""value"": ""hello@luyoa.com""}]",Balance,{{balance}},Member,5000,STARTER,1,Welcome to The Fork,25000,1,assets/icons/the-fork-144_rect.png,1,1,1,0,https://luyoa.com/enroll/the-fork-144,[],0,0,0
173,ef2abdb4,Cloth & Co,cloth-and-co-282,STAMPS,6,#2C3E50,Loyalty card for Cloth & Co,#FFFFFF,#CCCCCC,assets/logos/cloth-and-co-282.png,assets/icons/cloth-and-co-282.png,assets/strips/cloth-and-co-282/,"[{""key"": ""web"", ""label"": ""Visit us"", ""value"": ""https://luyoa.com/cloth-and-co-282""}, {""key"": ""support"", ""label"": ""Support"", ""value"": ""hello@luyoa.com""}]",Stamps,{{balance}},Member,5000,GROW,1,Welcome to Cloth & Co,10000,1,assets/icons/cloth-and-co-282_rect.png,3,2,1,0,https://luyoa.com/enroll/cloth-and-co-282,[],1,1,1
174,a0610b54,PetPlus,petplus-419,STATIC,,#1A1A2E,Loyalty card for PetPlus,#FFFFFF,#CCCCCC,assets/logos/petplus-419.png,assets/icons/petplus-419.png,assets/strips/petplus-419/,"[{""key"": ""web"", ""label"": ""Visit us"", ""value"": ""https://luyoa.com/petplus-419""}, {""key"": ""support"", ""label"": ""Support"", ""value"": ""hello@luyoa.com""}]",Stamps,{{balance}},Member,500,CORE,1,Welcome to PetPlus,2500,1,assets/icons/petplus-419_rect.png,3,2,0,0,https://luyoa.com/enroll/petplus-419,[],1,1,0
175,9c30e72f,StyleBox,stylebox,STAMPS,12,#2C3E50,Loyalty card for StyleBox,#FFFFFF,#CCCCCC,assets/logos/stylebox.png,assets/icons/stylebox.png,assets/strips/stylebox/,"[{""key"": ""web"", ""label"": ""Visit us"", ""value"": ""https://luyoa.com/stylebox""}, {""key"": ""support"", ""label"": ""Support"", ""value"": ""hello@luyoa.com""}]",Stamps,{{balance}},Member,2000,STARTER,1,Welcome to StyleBox,6000,0,assets/icons/stylebox_rect.png,1,1,1,0,https://luyoa.com/enroll/stylebox,[],0,0,0
176,3be9acc8,Book & Bean,book-and-bean-742,STAMPS,8,#1A1A2E,Loyalty card for Book & Bean,#FFFFFF,#CCCCCC,assets/logos/book-and-bean-742.png,assets/icons/book-and-bean-742.png,assets/strips/book-and-bean-742/,"[{""key"": ""web"", ""label"": ""Visit us"", ""value"": ""https://luyoa.com/book-and-bean-742""}, {""key"": ""support"", ""label"": ""Support"", ""value"": ""hello@luyoa.com""}]",Stamps,{{balance}},Member,200,GROW,1,Welcome to Book & Bean,1000,0,assets/icons/book-and-bean-742_rect.png,2,2,0,0,https://luyoa.com/enroll/book-and-bean-742,[],1,1,1
177,ee69c76e,PourMore,pourmore-311,STAMPS,6,#F5F5F5,Loyalty card for PourMore,#FFFFFF,#CCCCCC,assets/logos/pourmore-311.png,assets/icons/pourmore-311.png,assets/strips/pourmore-311/,"[{""key"": ""web"", ""label"": ""Visit us"", ""value"": ""https://luyoa.com/pourmore-311""}, {""key"": ""support"", ""label"": ""Support"", ""value"": ""hello@luyoa.com""}]",Stamps,{{balance}},Member,500,CORE,1,Welcome to PourMore,1000,1,assets/icons/pourmore-311_rect.png,1,1,0,1,https://luyoa.com/enroll/pourmore-311,[],1,1,0
178,7a2e8a51,SmartGear,smartgear,STAMPS,10,#0F3460,Loyalty card for SmartGear,#FFFFFF,#CCCCCC,assets/logos/smartgear.png,assets/icons/smartgear.png,assets/strips/smartgear/,"[{""key"": ""web"", ""label"": ""Visit us"", ""value"": ""https://luyoa.com/smartgear""}, {""key"": ""support"", ""label"": ""Support"", ""value"": ""hello@luyoa.com""}]",Stamps,{{balance}},Member,2000,STARTER,1,Welcome to SmartGear,6000,1,assets/icons/smartgear_rect.png,1,1,1,0,https://luyoa.com/enroll/smartgear,[],0,0,0
179,6388ce93,TheJuicery,thejuicery,BALANCE,,#F5F5F5,Loyalty card for TheJuicery,#FFFFFF,#CCCCCC,assets/logos/thejuicery.png,assets/icons/thejuicery.png,assets/strips/thejuicery/,"[{""key"": ""web"", ""label"": ""Visit us"", ""value"": ""https://luyoa.com/thejuicery""}, {""key"": ""support"", ""label"": ""Support"", ""value"": ""hello@luyoa.com""}]",Balance,{{balance}},Member,1000,CORE,1,Welcome to TheJuicery,3000,0,assets/icons/thejuicery_rect.png,4,2,0,1,https://luyoa.com/enroll/thejuicery,[],1,1,0
180,06dce671,PharmaPoint,pharmapoint-303,BALANCE,,#F5F5F5,Loyalty card for PharmaPoint,#FFFFFF,#CCCCCC,assets/logos/pharmapoint-303.png,assets/icons/pharmapoint-303.png,assets/strips/pharmapoint-303/,"[{""key"": ""web"", ""label"": ""Visit us"", ""value"": ""https://luyoa.com/pharmapoint-303""}, {""key"": ""support"", ""label"": ""Support"", ""value"": ""hello@luyoa.com""}]",Balance,{{balance}},Member,500,CORE,1,Welcome to PharmaPoint,1500,0,assets/icons/pharmapoint-303_rect.png,4,2,1,1,https://luyoa.com/enroll/pharmapoint-303,[],1,1,0
181,74d30aff,WordSmith,wordsmith,BALANCE,,#1B4F72,Loyalty card for WordSmith,#FFFFFF,#CCCCCC,assets/logos/wordsmith.png,assets/icons/wordsmith.png,assets/strips/wordsmith/,"[{""key"": ""web"", ""label"": ""Visit us"", ""value"": ""https://luyoa.com/wordsmith""}, {""key"": ""support"", ""label"": ""Support"", ""value"": ""hello@luyoa.com""}]",Balance,{{balance}},Member,500,GROW,1,Welcome to WordSmith,1000,0,assets/icons/wordsmith_rect.png,4,2,1,0,https://luyoa.com/enroll/wordsmith,[],1,1,1
182,3978da4f,Sakura Roll,sakura-roll,STATIC,,#0F3460,Loyalty card for Sakura Roll,#FFFFFF,#CCCCCC,assets/logos/sakura-roll.png,assets/icons/sakura-roll.png,assets/strips/sakura-roll/,"[{""key"": ""web"", ""label"": ""Visit us"", ""value"": ""https://luyoa.com/sakura-roll""}, {""key"": ""support"", ""label"": ""Support"", ""value"": ""hello@luyoa.com""}]",Stamps,{{balance}},Member,200,GROW,1,Welcome to Sakura Roll,1000,0,assets/icons/sakura-roll_rect.png,2,2,0,1,https://luyoa.com/enroll/sakura-roll,[],1,1,1
183,0f27f1f1,CarePharm,carepharm-654,BALANCE,,#0F3460,Loyalty card for CarePharm,#FFFFFF,#CCCCCC,assets/logos/carepharm-654.png,assets/icons/carepharm-654.png,assets/strips/carepharm-654/,"[{""key"": ""web"", ""label"": ""Visit us"", ""value"": ""https://luyoa.com/carepharm-654""}, {""key"": ""support"", ""label"": ""Support"", ""value"": ""hello@luyoa.com""}]",Balance,{{balance}},Member,5000,CORE,1,Welcome to CarePharm,10000,0,assets/icons/carepharm-654_rect.png,1,1,1,0,https://luyoa.com/enroll/carepharm-654,[],1,1,0
184,13c75f9b,The Coffee Spot,the-coffee-spot-833,BALANCE,,#F5F5F5,Loyalty card for The Coffee Spot,#FFFFFF,#CCCCCC,assets/logos/the-coffee-spot-833.png,assets/icons/the-coffee-spot-833.png,assets/strips/the-coffee-spot-833/,"[{""key"": ""web"", ""label"": ""Visit us"", ""value"": ""https://luyoa.com/the-coffee-spot-833""}, {""key"": ""support"", ""label"": ""Support"", ""value"": ""hello@luyoa.com""}]",Balance,{{balance}},Member,2000,STARTER,1,Welcome to The Coffee Spot,4000,0,assets/icons/the-coffee-spot-833_rect.png,2,2,0,0,https://luyoa.com/enroll/the-coffee-spot-833,[],0,0,0
185,615ca694,TechCorner,techcorner-81,BALANCE,,#0F3460,Loyalty card for TechCorner,#FFFFFF,#CCCCCC,assets/logos/techcorner-81.png,assets/icons/techcorner-81.png,assets/strips/techcorner-81/,"[{""key"": ""web"", ""label"": ""Visit us"", ""value"": ""https://luyoa.com/techcorner-81""}, {""key"": ""support"", ""label"": ""Support"", ""value"": ""hello@luyoa.com""}]",Balance,{{balance}},Member,1000,GROW,1,Welcome to TechCorner,2000,0,assets/icons/techcorner-81_rect.png,1,1,1,1,https://luyoa.com/enroll/techcorner-81,[],1,1,1
186,821cba44,Go Burger,go-burger-389,BALANCE,,#2C3E50,Loyalty card for Go Burger,#FFFFFF,#CCCCCC,assets/logos/go-burger-389.png,assets/icons/go-burger-389.png,assets/strips/go-burger-389/,"[{""key"": ""web"", ""label"": ""Visit us"", ""value"": ""https://luyoa.com/go-burger-389""}, {""key"": ""support"", ""label"": ""Support"", ""value"": ""hello@luyoa.com""}]",Balance,{{balance}},Member,2000,GROW,1,Welcome to Go Burger,10000,0,assets/icons/go-burger-389_rect.png,2,2,0,0,https://luyoa.com/enroll/go-burger-389,[],1,1,1
187,55bda33e,YogaSpace,yogaspace-917,STAMPS,6,#F5F5F5,Loyalty card for YogaSpace,#FFFFFF,#CCCCCC,assets/logos/yogaspace-917.png,assets/icons/yogaspace-917.png,assets/strips/yogaspace-917/,"[{""key"": ""web"", ""label"": ""Visit us"", ""value"": ""https://luyoa.com/yogaspace-917""}, {""key"": ""support"", ""label"": ""Support"", ""value"": ""hello@luyoa.com""}]",Stamps,{{balance}},Member,500,CORE,1,Welcome to YogaSpace,2500,1,assets/icons/yogaspace-917_rect.png,1,1,1,0,https://luyoa.com/enroll/yogaspace-917,[],1,1,0
188,1704bce4,Quick Bite,quick-bite-184,BALANCE,,#FFFFFF,Loyalty card for Quick Bite,#FFFFFF,#CCCCCC,assets/logos/quick-bite-184.png,assets/icons/quick-bite-184.png,assets/strips/quick-bite-184/,"[{""key"": ""web"", ""label"": ""Visit us"", ""value"": ""https://luyoa.com/quick-bite-184""}, {""key"": ""support"", ""label"": ""Support"", ""value"": ""hello@luyoa.com""}]",Balance,{{balance}},Member,1000,STARTER,1,Welcome to Quick Bite,5000,0,assets/icons/quick-bite-184_rect.png,4,2,1,0,https://luyoa.com/enroll/quick-bite-184,[],0,0,0
189,02511270,Mode & Co,mode-and-co-340,BALANCE,,#1B4F72,Loyalty card for Mode & Co,#FFFFFF,#CCCCCC,assets/logos/mode-and-co-340.png,assets/icons/mode-and-co-340.png,assets/strips/mode-and-co-340/,"[{""key"": ""web"", ""label"": ""Visit us"", ""value"": ""https://luyoa.com/mode-and-co-340""}, {""key"": ""support"", ""label"": ""Support"", ""value"": ""hello@luyoa.com""}]",Balance,{{balance}},Member,2000,STARTER,1,Welcome to Mode & Co,10000,0,assets/icons/mode-and-co-340_rect.png,3,2,1,0,https://luyoa.com/enroll/mode-and-co-340,[],0,0,0
190,f2e71563,Fresh Crumb,fresh-crumb,STAMPS,12,#FFFFFF,Loyalty card for Fresh Crumb,#FFFFFF,#CCCCCC,assets/logos/fresh-crumb.png,assets/icons/fresh-crumb.png,assets/strips/fresh-crumb/,"[{""key"": ""web"", ""label"": ""Visit us"", ""value"": ""https://luyoa.com/fresh-crumb""}, {""key"": ""support"", ""label"": ""Support"", ""value"": ""hello@luyoa.com""}]",Stamps,{{balance}},Member,1000,GROW,1,Welcome to Fresh Crumb,3000,1,assets/icons/fresh-crumb_rect.png,1,1,0,0,https://luyoa.com/enroll/fresh-crumb,[],1,1,1
191,67ce9b03,SushiPoint,sushipoint,STATIC,,#1A1A2E,Loyalty card for SushiPoint,#FFFFFF,#CCCCCC,assets/logos/sushipoint.png,assets/icons/sushipoint.png,assets/strips/sushipoint/,"[{""key"": ""web"", ""label"": ""Visit us"", ""value"": ""https://luyoa.com/sushipoint""}, {""key"": ""support"", ""label"": ""Support"", ""value"": ""hello@luyoa.com""}]",Stamps,{{balance}},Member,5000,CORE,1,Welcome to SushiPoint,25000,0,assets/icons/sushipoint_rect.png,4,2,0,0,https://luyoa.com/enroll/sushipoint,[],1,1,0
192,c58fdda4,PharmaPoint,pharmapoint-325,BALANCE,,#FFFFFF,Loyalty card for PharmaPoint,#FFFFFF,#CCCCCC,assets/logos/pharmapoint-325.png,assets/icons/pharmapoint-325.png,assets/strips/pharmapoint-325/,"[{""key"": ""web"", ""label"": ""Visit us"", ""value"": ""https://luyoa.com/pharmapoint-325""}, {""key"": ""support"", ""label"": ""Support"", ""value"": ""hello@luyoa.com""}]",Balance,{{balance}},Member,1000,CORE,1,Welcome to PharmaPoint,3000,1,assets/icons/pharmapoint-325_rect.png,1,1,1,0,https://luyoa.com/enroll/pharmapoint-325,[],1,1,0
193,57e948dd,The Dough Co,the-dough-co-525,STAMPS,12,#FFFFFF,Loyalty card for The Dough Co,#FFFFFF,#CCCCCC,assets/logos/the-dough-co-525.png,assets/icons/the-dough-co-525.png,assets/strips/the-dough-co-525/,"[{""key"": ""web"", ""label"": ""Visit us"", ""value"": ""https://luyoa.com/the-dough-co-525""}, {""key"": ""support"", ""label"": ""Support"", ""value"": ""hello@luyoa.com""}]",Stamps,{{balance}},Member,200,STARTER,1,Welcome to The Dough Co,1000,0,assets/icons/the-dough-co-525_rect.png,1,1,1,0,https://luyoa.com/enroll/the-dough-co-525,[],0,0,0
194,13d599d5,The Coffee Spot,the-coffee-spot-927,STAMPS,8,#2C3E50,Loyalty card for The Coffee Spot,#FFFFFF,#CCCCCC,assets/logos/the-coffee-spot-927.png,assets/icons/the-coffee-spot-927.png,assets/strips/the-coffee-spot-927/,"[{""key"": ""web"", ""label"": ""Visit us"", ""value"": ""https://luyoa.com/the-coffee-spot-927""}, {""key"": ""support"", ""label"": ""Support"", ""value"": ""hello@luyoa.com""}]",Stamps,{{balance}},Member,5000,STARTER,1,Welcome to The Coffee Spot,15000,0,assets/icons/the-coffee-spot-927_rect.png,1,1,0,0,https://luyoa.com/enroll/the-coffee-spot-927,[],0,0,0
195,8bd8f297,Cloth & Co,cloth-and-co-432,BALANCE,,#0F3460,Loyalty card for Cloth & Co,#FFFFFF,#CCCCCC,assets/logos/cloth-and-co-432.png,assets/icons/cloth-and-co-432.png,assets/strips/cloth-and-co-432/,"[{""key"": ""web"", ""label"": ""Visit us"", ""value"": ""https://luyoa.com/cloth-and-co-432""}, {""key"": ""support"", ""label"": ""Support"", ""value"": ""hello@luyoa.com""}]",Balance,{{balance}},Member,1000,STARTER,1,Welcome to Cloth & Co,3000,1,assets/icons/cloth-and-co-432_rect.png,1,1,0,1,https://luyoa.com/enroll/cloth-and-co-432,[],0,0,0
196,1edd2e00,Mindful Yoga,mindful-yoga-7,BALANCE,,#1A1A2E,Loyalty card for Mindful Yoga,#FFFFFF,#CCCCCC,assets/logos/mindful-yoga-7.png,assets/icons/mindful-yoga-7.png,assets/strips/mindful-yoga-7/,"[{""key"": ""web"", ""label"": ""Visit us"", ""value"": ""https://luyoa.com/mindful-yoga-7""}, {""key"": ""support"", ""label"": ""Support"", ""value"": ""hello@luyoa.com""}]",Balance,{{balance}},Member,2000,STARTER,1,Welcome to Mindful Yoga,6000,1,assets/icons/mindful-yoga-7_rect.png,1,1,1,0,https://luyoa.com/enroll/mindful-yoga-7,[],0,0,0
197,a4536fc8,CarGlow,carglow-329,BALANCE,,#1B4F72,Loyalty card for CarGlow,#FFFFFF,#CCCCCC,assets/logos/carglow-329.png,assets/icons/carglow-329.png,assets/strips/carglow-329/,"[{""key"": ""web"", ""label"": ""Visit us"", ""value"": ""https://luyoa.com/carglow-329""}, {""key"": ""support"", ""label"": ""Support"", ""value"": ""hello@luyoa.com""}]",Balance,{{balance}},Member,5000,GROW,1,Welcome to CarGlow,15000,0,assets/icons/carglow-329_rect.png,2,2,1,0,https://luyoa.com/enroll/carglow-329,[],1,1,1
198,e9c29c2d,Trend Street,trend-street-386,STAMPS,10,#1A1A2E,Loyalty card for Trend Street,#FFFFFF,#CCCCCC,assets/logos/trend-street-386.png,assets/icons/trend-street-386.png,assets/strips/trend-street-386/,"[{""key"": ""web"", ""label"": ""Visit us"", ""value"": ""https://luyoa.com/trend-street-386""}, {""key"": ""support"", ""label"": ""Support"", ""value"": ""hello@luyoa.com""}]",Stamps,{{balance}},Member,2000,CORE,1,Welcome to Trend Street,10000,0,assets/icons/trend-street-386_rect.png,2,2,0,1,https://luyoa.com/enroll/trend-street-386,[],1,1,0
199,57584312,WaveRoll,waveroll-817,STAMPS,10,#0F3460,Loyalty card for WaveRoll,#FFFFFF,#CCCCCC,assets/logos/waveroll-817.png,assets/icons/waveroll-817.png,assets/strips/waveroll-817/,"[{""key"": ""web"", ""label"": ""Visit us"", ""value"": ""https://luyoa.com/waveroll-817""}, {""key"": ""support"", ""label"": ""Support"", ""value"": ""hello@luyoa.com""}]",Stamps,{{balance}},Member,200,CORE,1,Welcome to WaveRoll,400,1,assets/icons/waveroll-817_rect.png,2,2,0,0,https://luyoa.com/enroll/waveroll-817,[],1,1,0
200,8074b48c,CarePharm,carepharm-491,STAMPS,12,#2C3E50,Loyalty card for CarePharm,#FFFFFF,#CCCCCC,assets/logos/carepharm-491.png,assets/icons/carepharm-491.png,assets/strips/carepharm-491/,"[{""key"": ""web"", ""label"": ""Visit us"", ""value"": ""https://luyoa.com/carepharm-491""}, {""key"": ""support"", ""label"": ""Support"", ""value"": ""hello@luyoa.com""}]",Stamps,{{balance}},Member,5000,CORE,1,Welcome to CarePharm,25000,1,assets/icons/carepharm-491_rect.png,1,1,0,0,https://luyoa.com/enroll/carepharm-491,[],1,1,0
201,42a9b728,Nori House,nori-house,BALANCE,,#F5F5F5,Loyalty card for Nori House,#FFFFFF,#CCCCCC,assets/logos/nori-house.png,assets/icons/nori-house.png,assets/strips/nori-house/,"[{""key"": ""web"", ""label"": ""Visit us"", ""value"": ""https://luyoa.com/nori-house""}, {""key"": ""support"", ""label"": ""Support"", ""value"": ""hello@luyoa.com""}]",Balance,{{balance}},Member,1000,GROW,1,Welcome to Nori House,2000,1,assets/icons/nori-house_rect.png,1,1,1,0,https://luyoa.com/enroll/nori-house,[],1,1,1
202,7cbcdaf6,The Dough Co,the-dough-co-572,STAMPS,8,#1A1A2E,Loyalty card for The Dough Co,#FFFFFF,#CCCCCC,assets/logos/the-dough-co-572.png,assets/icons/the-dough-co-572.png,assets/strips/the-dough-co-572/,"[{""key"": ""web"", ""label"": ""Visit us"", ""value"": ""https://luyoa.com/the-dough-co-572""}, {""key"": ""support"", ""label"": ""Support"", ""value"": ""hello@luyoa.com""}]",Stamps,{{balance}},Member,2000,STARTER,1,Welcome to The Dough Co,10000,0,assets/icons/the-dough-co-572_rect.png,1,1,1,0,https://luyoa.com/enroll/the-dough-co-572,[],0,0,0
203,c4a97952,The Mat Room,the-mat-room-357,BALANCE,,#1A1A2E,Loyalty card for The Mat Room,#FFFFFF,#CCCCCC,assets/logos/the-mat-room-357.png,assets/icons/the-mat-room-357.png,assets/strips/the-mat-room-357/,"[{""key"": ""web"", ""label"": ""Visit us"", ""value"": ""https://luyoa.com/the-mat-room-357""}, {""key"": ""support"", ""label"": ""Support"", ""value"": ""hello@luyoa.com""}]",Balance,{{balance}},Member,1000,CORE,1,Welcome to The Mat Room,2000,1,assets/icons/the-mat-room-357_rect.png,2,2,1,0,https://luyoa.com/enroll/the-mat-room-357,[],1,1,0
204,606f34f8,Crusty Corner,crusty-corner-46,STAMPS,6,#1A1A2E,Loyalty card for Crusty Corner,#FFFFFF,#CCCCCC,assets/logos/crusty-corner-46.png,assets/icons/crusty-corner-46.png,assets/strips/crusty-corner-46/,"[{""key"": ""web"", ""label"": ""Visit us"", ""value"": ""https://luyoa.com/crusty-corner-46""}, {""key"": ""support"", ""label"": ""Support"", ""value"": ""hello@luyoa.com""}]",Stamps,{{balance}},Member,200,CORE,1,Welcome to Crusty Corner,1000,0,assets/icons/crusty-corner-46_rect.png,1,1,0,1,https://luyoa.com/enroll/crusty-corner-46,[],1,1,0
205,4229112c,The Training Zone,the-training-zone-238,BALANCE,,#1B4F72,Loyalty card for The Training Zone,#FFFFFF,#CCCCCC,assets/logos/the-training-zone-238.png,assets/icons/the-training-zone-238.png,assets/strips/the-training-zone-238/,"[{""key"": ""web"", ""label"": ""Visit us"", ""value"": ""https://luyoa.com/the-training-zone-238""}, {""key"": ""support"", ""label"": ""Support"", ""value"": ""hello@luyoa.com""}]",Balance,{{balance}},Member,2000,STARTER,1,Welcome to The Training Zone,10000,1,assets/icons/the-training-zone-238_rect.png,1,1,1,0,https://luyoa.com/enroll/the-training-zone-238,[],0,0,0
206,661c8b9e,TechBox,techbox-722,STAMPS,8,#1A1A2E,Loyalty card for TechBox,#FFFFFF,#CCCCCC,assets/logos/techbox-722.png,assets/icons/techbox-722.png,assets/strips/techbox-722/,"[{""key"": ""web"", ""label"": ""Visit us"", ""value"": ""https://luyoa.com/techbox-722""}, {""key"": ""support"", ""label"": ""Support"", ""value"": ""hello@luyoa.com""}]",Stamps,{{balance}},Member,500,CORE,1,Welcome to TechBox,1000,0,assets/icons/techbox-722_rect.png,1,1,0,0,https://luyoa.com/enroll/techbox-722,[],1,1,0
207,eced8da6,Book & Bean,book-and-bean-990,BALANCE,,#2C3E50,Loyalty card for Book & Bean,#FFFFFF,#CCCCCC,assets/logos/book-and-bean-990.png,assets/icons/book-and-bean-990.png,assets/strips/book-and-bean-990/,"[{""key"": ""web"", ""label"": ""Visit us"", ""value"": ""https://luyoa.com/book-and-bean-990""}, {""key"": ""support"", ""label"": ""Support"", ""value"": ""hello@luyoa.com""}]",Balance,{{balance}},Member,1000,STARTER,1,Welcome to Book & Bean,3000,0,assets/icons/book-and-bean-990_rect.png,3,2,1,0,https://luyoa.com/enroll/book-and-bean-990,[],0,0,0
208,acf613f0,EasyTalk,easytalk-605,BALANCE,,#1B4F72,Loyalty card for EasyTalk,#FFFFFF,#CCCCCC,assets/logos/easytalk-605.png,assets/icons/easytalk-605.png,assets/strips/easytalk-605/,"[{""key"": ""web"", ""label"": ""Visit us"", ""value"": ""https://luyoa.com/easytalk-605""}, {""key"": ""support"", ""label"": ""Support"", ""value"": ""hello@luyoa.com""}]",Balance,{{balance}},Member,200,GROW,1,Welcome to EasyTalk,400,0,assets/icons/easytalk-605_rect.png,3,2,1,0,https://luyoa.com/enroll/easytalk-605,[],1,1,1
209,7704bd2b,Core Fit,core-fit,BALANCE,,#0F3460,Loyalty card for Core Fit,#FFFFFF,#CCCCCC,assets/logos/core-fit.png,assets/icons/core-fit.png,assets/strips/core-fit/,"[{""key"": ""web"", ""label"": ""Visit us"", ""value"": ""https://luyoa.com/core-fit""}, {""key"": ""support"", ""label"": ""Support"", ""value"": ""hello@luyoa.com""}]",Balance,{{balance}},Member,5000,STARTER,1,Welcome to Core Fit,15000,0,assets/icons/core-fit_rect.png,1,1,0,0,https://luyoa.com/enroll/core-fit,[],0,0,0
210,df995fe5,StyleBox,stylebox-887,BALANCE,,#FFFFFF,Loyalty card for StyleBox,#FFFFFF,#CCCCCC,assets/logos/stylebox-887.png,assets/icons/stylebox-887.png,assets/strips/stylebox-887/,"[{""key"": ""web"", ""label"": ""Visit us"", ""value"": ""https://luyoa.com/stylebox-887""}, {""key"": ""support"", ""label"": ""Support"", ""value"": ""hello@luyoa.com""}]",Balance,{{balance}},Member,1000,STARTER,1,Welcome to StyleBox,2000,1,assets/icons/stylebox-887_rect.png,1,1,1,0,https://luyoa.com/enroll/stylebox-887,[],0,0,0
211,1d602d14,YogaSpace,yogaspace-579,BALANCE,,#F5F5F5,Loyalty card for YogaSpace,#FFFFFF,#CCCCCC,assets/logos/yogaspace-579.png,assets/icons/yogaspace-579.png,assets/strips/yogaspace-579/,"[{""key"": ""web"", ""label"": ""Visit us"", ""value"": ""https://luyoa.com/yogaspace-579""}, {""key"": ""support"", ""label"": ""Support"", ""value"": ""hello@luyoa.com""}]",Balance,{{balance}},Member,200,GROW,1,Welcome to YogaSpace,600,0,assets/icons/yogaspace-579_rect.png,1,1,1,0,https://luyoa.com/enroll/yogaspace-579,[],1,1,1
212,34c7bd84,LangCorner,langcorner-116,BALANCE,,#FFFFFF,Loyalty card for LangCorner,#FFFFFF,#CCCCCC,assets/logos/langcorner-116.png,assets/icons/langcorner-116.png,assets/strips/langcorner-116/,"[{""key"": ""web"", ""label"": ""Visit us"", ""value"": ""https://luyoa.com/langcorner-116""}, {""key"": ""support"", ""label"": ""Support"", ""value"": ""hello@luyoa.com""}]",Balance,{{balance}},Member,5000,CORE,1,Welcome to LangCorner,25000,1,assets/icons/langcorner-116_rect.png,1,1,0,1,https://luyoa.com/enroll/langcorner-116,[],1,1,0
213,9b19ff23,LangPlus,langplus,BALANCE,,#0F3460,Loyalty card for LangPlus,#FFFFFF,#CCCCCC,assets/logos/langplus.png,assets/icons/langplus.png,assets/strips/langplus/,"[{""key"": ""web"", ""label"": ""Visit us"", ""value"": ""https://luyoa.com/langplus""}, {""key"": ""support"", ""label"": ""Support"", ""value"": ""hello@luyoa.com""}]",Balance,{{balance}},Member,200,GROW,1,Welcome to LangPlus,400,1,assets/icons/langplus_rect.png,1,1,0,0,https://luyoa.com/enroll/langplus,[],1,1,1
214,25e537a3,Beauty Corner,beauty-corner,STAMPS,12,#2C3E50,Loyalty card for Beauty Corner,#FFFFFF,#CCCCCC,assets/logos/beauty-corner.png,assets/icons/beauty-corner.png,assets/strips/beauty-corner/,"[{""key"": ""web"", ""label"": ""Visit us"", ""value"": ""https://luyoa.com/beauty-corner""}, {""key"": ""support"", ""label"": ""Support"", ""value"": ""hello@luyoa.com""}]",Stamps,{{balance}},Member,500,CORE,1,Welcome to Beauty Corner,1000,0,assets/icons/beauty-corner_rect.png,1,1,0,1,https://luyoa.com/enroll/beauty-corner,[],1,1,0
215,d1eaa4d1,PetZone,petzone-297,BALANCE,,#1A1A2E,Loyalty card for PetZone,#FFFFFF,#CCCCCC,assets/logos/petzone-297.png,assets/icons/petzone-297.png,assets/strips/petzone-297/,"[{""key"": ""web"", ""label"": ""Visit us"", ""value"": ""https://luyoa.com/petzone-297""}, {""key"": ""support"", ""label"": ""Support"", ""value"": ""hello@luyoa.com""}]",Balance,{{balance}},Member,5000,CORE,1,Welcome to PetZone,25000,0,assets/icons/petzone-297_rect.png,1,1,0,0,https://luyoa.com/enroll/petzone-297,[],1,1,0
216,8544c0c8,Green Table,green-table-256,STATIC,,#1B4F72,Loyalty card for Green Table,#FFFFFF,#CCCCCC,assets/logos/green-table-256.png,assets/icons/green-table-256.png,assets/strips/green-table-256/,"[{""key"": ""web"", ""label"": ""Visit us"", ""value"": ""https://luyoa.com/green-table-256""}, {""key"": ""support"", ""label"": ""Support"", ""value"": ""hello@luyoa.com""}]",Stamps,{{balance}},Member,500,GROW,1,Welcome to Green Table,1000,1,assets/icons/green-table-256_rect.png,1,1,1,0,https://luyoa.com/enroll/green-table-256,[],1,1,1
217,481f4945,VineSelect,vineselect,STAMPS,6,#2C3E50,Loyalty card for VineSelect,#FFFFFF,#CCCCCC,assets/logos/vineselect.png,assets/icons/vineselect.png,assets/strips/vineselect/,"[{""key"": ""web"", ""label"": ""Visit us"", ""value"": ""https://luyoa.com/vineselect""}, {""key"": ""support"", ""label"": ""Support"", ""value"": ""hello@luyoa.com""}]",Stamps,{{balance}},Member,2000,CORE,1,Welcome to VineSelect,10000,1,assets/icons/vineselect_rect.png,1,1,1,0,https://luyoa.com/enroll/vineselect,[],1,1,0
218,3c906561,WordSmith,wordsmith-651,STAMPS,10,#2C3E50,Loyalty card for WordSmith,#FFFFFF,#CCCCCC,assets/logos/wordsmith-651.png,assets/icons/wordsmith-651.png,assets/strips/wordsmith-651/,"[{""key"": ""web"", ""label"": ""Visit us"", ""value"": ""https://luyoa.com/wordsmith-651""}, {""key"": ""support"", ""label"": ""Support"", ""value"": ""hello@luyoa.com""}]",Stamps,{{balance}},Member,200,GROW,1,Welcome to WordSmith,600,0,assets/icons/wordsmith-651_rect.png,2,2,1,0,https://luyoa.com/enroll/wordsmith-651,[],1,1,1
219,018a85e6,Shelf Life,shelf-life-873,STAMPS,12,#1B4F72,Loyalty card for Shelf Life,#FFFFFF,#CCCCCC,assets/logos/shelf-life-873.png,assets/icons/shelf-life-873.png,assets/strips/shelf-life-873/,"[{""key"": ""web"", ""label"": ""Visit us"", ""value"": ""https://luyoa.com/shelf-life-873""}, {""key"": ""support"", ""label"": ""Support"", ""value"": ""hello@luyoa.com""}]",Stamps,{{balance}},Member,1000,STARTER,1,Welcome to Shelf Life,2000,0,assets/icons/shelf-life-873_rect.png,1,1,1,0,https://luyoa.com/enroll/shelf-life-873,[],0,0,0
220,ca0e01e1,Warm Oven,warm-oven,STATIC,,#1B4F72,Loyalty card for Warm Oven,#FFFFFF,#CCCCCC,assets/logos/warm-oven.png,assets/icons/warm-oven.png,assets/strips/warm-oven/,"[{""key"": ""web"", ""label"": ""Visit us"", ""value"": ""https://luyoa.com/warm-oven""}, {""key"": ""support"", ""label"": ""Support"", ""value"": ""hello@luyoa.com""}]",Stamps,{{balance}},Member,500,STARTER,1,Welcome to Warm Oven,1500,0,assets/icons/warm-oven_rect.png,1,1,1,0,https://luyoa.com/enroll/warm-oven,[],0,0,0
221,8caed29a,Go Burger,go-burger-641,STAMPS,10,#0F3460,Loyalty card for Go Burger,#FFFFFF,#CCCCCC,assets/logos/go-burger-641.png,assets/icons/go-burger-641.png,assets/strips/go-burger-641/,"[{""key"": ""web"", ""label"": ""Visit us"", ""value"": ""https://luyoa.com/go-burger-641""}, {""key"": ""support"", ""label"": ""Support"", ""value"": ""hello@luyoa.com""}]",Stamps,{{balance}},Member,500,GROW,1,Welcome to Go Burger,2500,0,assets/icons/go-burger-641_rect.png,1,1,0,0,https://luyoa.com/enroll/go-burger-641,[],1,1,1
222,f364a139,Inner Peace Studio,inner-peace-studio-10,BALANCE,,#1B4F72,Loyalty card for Inner Peace Studio,#FFFFFF,#CCCCCC,assets/logos/inner-peace-studio-10.png,assets/icons/inner-peace-studio-10.png,assets/strips/inner-peace-studio-10/,"[{""key"": ""web"", ""label"": ""Visit us"", ""value"": ""https://luyoa.com/inner-peace-studio-10""}, {""key"": ""support"", ""label"": ""Support"", ""value"": ""hello@luyoa.com""}]",Balance,{{balance}},Member,200,CORE,1,Welcome to Inner Peace Studio,400,1,assets/icons/inner-peace-studio-10_rect.png,1,1,0,0,https://luyoa.com/enroll/inner-peace-studio-10,[],1,1,0
223,86dd118d,Snappy Meals,snappy-meals-377,STAMPS,10,#0F3460,Loyalty card for Snappy Meals,#FFFFFF,#CCCCCC,assets/logos/snappy-meals-377.png,assets/icons/snappy-meals-377.png,assets/strips/snappy-meals-377/,"[{""key"": ""web"", ""label"": ""Visit us"", ""value"": ""https://luyoa.com/snappy-meals-377""}, {""key"": ""support"", ""label"": ""Support"", ""value"": ""hello@luyoa.com""}]",Stamps,{{balance}},Member,500,STARTER,1,Welcome to Snappy Meals,1000,0,assets/icons/snappy-meals-377_rect.png,2,2,0,1,https://luyoa.com/enroll/snappy-meals-377,[],0,0,0
224,d116d373,Cellar Door,cellar-door,BALANCE,,#0F3460,Loyalty card for Cellar Door,#FFFFFF,#CCCCCC,assets/logos/cellar-door.png,assets/icons/cellar-door.png,assets/strips/cellar-door/,"[{""key"": ""web"", ""label"": ""Visit us"", ""value"": ""https://luyoa.com/cellar-door""}, {""key"": ""support"", ""label"": ""Support"", ""value"": ""hello@luyoa.com""}]",Balance,{{balance}},Member,500,CORE,1,Welcome to Cellar Door,1500,0,assets/icons/cellar-door_rect.png,1,1,0,0,https://luyoa.com/enroll/cellar-door,[],1,1,0
225,46a0d022,PharmaPoint,pharmapoint-323,STAMPS,8,#1A1A2E,Loyalty card for PharmaPoint,#FFFFFF,#CCCCCC,assets/logos/pharmapoint-323.png,assets/icons/pharmapoint-323.png,assets/strips/pharmapoint-323/,"[{""key"": ""web"", ""label"": ""Visit us"", ""value"": ""https://luyoa.com/pharmapoint-323""}, {""key"": ""support"", ""label"": ""Support"", ""value"": ""hello@luyoa.com""}]",Stamps,{{balance}},Member,500,CORE,1,Welcome to PharmaPoint,1000,1,assets/icons/pharmapoint-323_rect.png,1,1,0,1,https://luyoa.com/enroll/pharmapoint-323,[],1,1,0
226,aea182db,The Style Room,the-style-room,BALANCE,,#F5F5F5,Loyalty card for The Style Room,#FFFFFF,#CCCCCC,assets/logos/the-style-room.png,assets/icons/the-style-room.png,assets/strips/the-style-room/,"[{""key"": ""web"", ""label"": ""Visit us"", ""value"": ""https://luyoa.com/the-style-room""}, {""key"": ""support"", ""label"": ""Support"", ""value"": ""hello@luyoa.com""}]",Balance,{{balance}},Member,200,CORE,1,Welcome to The Style Room,400,0,assets/icons/the-style-room_rect.png,1,1,1,1,https://luyoa.com/enroll/the-style-room,[],1,1,0
227,559be92e,SmartGear,smartgear-957,BALANCE,,#F5F5F5,Loyalty card for SmartGear,#FFFFFF,#CCCCCC,assets/logos/smartgear-957.png,assets/icons/smartgear-957.png,assets/strips/smartgear-957/,"[{""key"": ""web"", ""label"": ""Visit us"", ""value"": ""https://luyoa.com/smartgear-957""}, {""key"": ""support"", ""label"": ""Support"", ""value"": ""hello@luyoa.com""}]",Balance,{{balance}},Member,1000,GROW,1,Welcome to SmartGear,5000,1,assets/icons/smartgear-957_rect.png,1,1,1,1,https://luyoa.com/enroll/smartgear-957,[],1,1,1
228,a5dac34f,Core Fit,core-fit-70,STAMPS,6,#F5F5F5,Loyalty card for Core Fit,#FFFFFF,#CCCCCC,assets/logos/core-fit-70.png,assets/icons/core-fit-70.png,assets/strips/core-fit-70/,"[{""key"": ""web"", ""label"": ""Visit us"", ""value"": ""https://luyoa.com/core-fit-70""}, {""key"": ""support"", ""label"": ""Support"", ""value"": ""hello@luyoa.com""}]",Stamps,{{balance}},Member,1000,GROW,0,Welcome to Core Fit,2000,1,assets/icons/core-fit-70_rect.png,2,2,1,1,https://luyoa.com/enroll/core-fit-70,[],1,1,1
229,f69e1ff9,NectarBar,nectarbar,BALANCE,,#F5F5F5,Loyalty card for NectarBar,#FFFFFF,#CCCCCC,assets/logos/nectarbar.png,assets/icons/nectarbar.png,assets/strips/nectarbar/,"[{""key"": ""web"", ""label"": ""Visit us"", ""value"": ""https://luyoa.com/nectarbar""}, {""key"": ""support"", ""label"": ""Support"", ""value"": ""hello@luyoa.com""}]",Balance,{{balance}},Member,5000,CORE,1,Welcome to NectarBar,15000,0,assets/icons/nectarbar_rect.png,1,1,0,0,https://luyoa.com/enroll/nectarbar,[],1,1,0
230,0a303081,OceanSushi,oceansushi,STAMPS,12,#FFFFFF,Loyalty card for OceanSushi,#FFFFFF,#CCCCCC,assets/logos/oceansushi.png,assets/icons/oceansushi.png,assets/strips/oceansushi/,"[{""key"": ""web"", ""label"": ""Visit us"", ""value"": ""https://luyoa.com/oceansushi""}, {""key"": ""support"", ""label"": ""Support"", ""value"": ""hello@luyoa.com""}]",Stamps,{{balance}},Member,500,CORE,1,Welcome to OceanSushi,1500,0,assets/icons/oceansushi_rect.png,4,2,1,1,https://luyoa.com/enroll/oceansushi,[],1,1,0
231,cde63b2c,GadgetHub,gadgethub,BALANCE,,#1B4F72,Loyalty card for GadgetHub,#FFFFFF,#CCCCCC,assets/logos/gadgethub.png,assets/icons/gadgethub.png,assets/strips/gadgethub/,"[{""key"": ""web"", ""label"": ""Visit us"", ""value"": ""https://luyoa.com/gadgethub""}, {""key"": ""support"", ""label"": ""Support"", ""value"": ""hello@luyoa.com""}]",Balance,{{balance}},Member,500,CORE,0,Welcome to GadgetHub,1500,1,assets/icons/gadgethub_rect.png,2,2,1,0,https://luyoa.com/enroll/gadgethub,[],1,1,0
232,6f2ab366,HappyPet,happypet-790,BALANCE,,#1A1A2E,Loyalty card for HappyPet,#FFFFFF,#CCCCCC,assets/logos/happypet-790.png,assets/icons/happypet-790.png,assets/strips/happypet-790/,"[{""key"": ""web"", ""label"": ""Visit us"", ""value"": ""https://luyoa.com/happypet-790""}, {""key"": ""support"", ""label"": ""Support"", ""value"": ""hello@luyoa.com""}]",Balance,{{balance}},Member,200,CORE,1,Welcome to HappyPet,600,0,assets/icons/happypet-790_rect.png,1,1,1,1,https://luyoa.com/enroll/happypet-790,[],1,1,0
233,59d304cd,The Cork Room,the-cork-room,STAMPS,8,#F5F5F5,Loyalty card for The Cork Room,#FFFFFF,#CCCCCC,assets/logos/the-cork-room.png,assets/icons/the-cork-room.png,assets/strips/the-cork-room/,"[{""key"": ""web"", ""label"": ""Visit us"", ""value"": ""https://luyoa.com/the-cork-room""}, {""key"": ""support"", ""label"": ""Support"", ""value"": ""hello@luyoa.com""}]",Stamps,{{balance}},Member,1000,CORE,1,Welcome to The Cork Room,2000,0,assets/icons/the-cork-room_rect.png,1,1,0,1,https://luyoa.com/enroll/the-cork-room,[],1,1,0
234,8cb8a20f,PurePress,purepress-484,STAMPS,10,#F5F5F5,Loyalty card for PurePress,#FFFFFF,#CCCCCC,assets/logos/purepress-484.png,assets/icons/purepress-484.png,assets/strips/purepress-484/,"[{""key"": ""web"", ""label"": ""Visit us"", ""value"": ""https://luyoa.com/purepress-484""}, {""key"": ""support"", ""label"": ""Support"", ""value"": ""hello@luyoa.com""}]",Stamps,{{balance}},Member,2000,GROW,1,Welcome to PurePress,4000,1,assets/icons/purepress-484_rect.png,1,1,0,0,https://luyoa.com/enroll/purepress-484,[],1,1,1
235,bb141815,DentaCare,dentacare,BALANCE,,#FFFFFF,Loyalty card for DentaCare,#FFFFFF,#CCCCCC,assets/logos/dentacare.png,assets/icons/dentacare.png,assets/strips/dentacare/,"[{""key"": ""web"", ""label"": ""Visit us"", ""value"": ""https://luyoa.com/dentacare""}, {""key"": ""support"", ""label"": ""Support"", ""value"": ""hello@luyoa.com""}]",Balance,{{balance}},Member,1000,CORE,1,Welcome to DentaCare,2000,0,assets/icons/dentacare_rect.png,1,1,0,1,https://luyoa.com/enroll/dentacare,[],1,1,0
236,7cec5b7a,Sunset Grill,sunset-grill-793,STATIC,,#1A1A2E,Loyalty card for Sunset Grill,#FFFFFF,#CCCCCC,assets/logos/sunset-grill-793.png,assets/icons/sunset-grill-793.png,assets/strips/sunset-grill-793/,"[{""key"": ""web"", ""label"": ""Visit us"", ""value"": ""https://luyoa.com/sunset-grill-793""}, {""key"": ""support"", ""label"": ""Support"", ""value"": ""hello@luyoa.com""}]",Stamps,{{balance}},Member,1000,STARTER,1,Welcome to Sunset Grill,3000,0,assets/icons/sunset-grill-793_rect.png,1,1,1,0,https://luyoa.com/enroll/sunset-grill-793,[],0,0,0
237,66a77aa1,Trend Street,trend-street-606,STAMPS,12,#1B4F72,Loyalty card for Trend Street,#FFFFFF,#CCCCCC,assets/logos/trend-street-606.png,assets/icons/trend-street-606.png,assets/strips/trend-street-606/,"[{""key"": ""web"", ""label"": ""Visit us"", ""value"": ""https://luyoa.com/trend-street-606""}, {""key"": ""support"", ""label"": ""Support"", ""value"": ""hello@luyoa.com""}]",Stamps,{{balance}},Member,500,STARTER,1,Welcome to Trend Street,1000,0,assets/icons/trend-street-606_rect.png,3,2,0,0,https://luyoa.com/enroll/trend-street-606,[],0,0,0
238,b7b1c2bf,Espresso Lab,espresso-lab,STAMPS,12,#FFFFFF,Loyalty card for Espresso Lab,#FFFFFF,#CCCCCC,assets/logos/espresso-lab.png,assets/icons/espresso-lab.png,assets/strips/espresso-lab/,"[{""key"": ""web"", ""label"": ""Visit us"", ""value"": ""https://luyoa.com/espresso-lab""}, {""key"": ""support"", ""label"": ""Support"", ""value"": ""hello@luyoa.com""}]",Stamps,{{balance}},Member,1000,STARTER,1,Welcome to Espresso Lab,2000,1,assets/icons/espresso-lab_rect.png,2,2,1,0,https://luyoa.com/enroll/espresso-lab,[],0,0,0
239,df721e0b,PharmaPoint,pharmapoint-718,STAMPS,10,#1B4F72,Loyalty card for PharmaPoint,#FFFFFF,#CCCCCC,assets/logos/pharmapoint-718.png,assets/icons/pharmapoint-718.png,assets/strips/pharmapoint-718/,"[{""key"": ""web"", ""label"": ""Visit us"", ""value"": ""https://luyoa.com/pharmapoint-718""}, {""key"": ""support"", ""label"": ""Support"", ""value"": ""hello@luyoa.com""}]",Stamps,{{balance}},Member,2000,STARTER,1,Welcome to PharmaPoint,4000,0,assets/icons/pharmapoint-718_rect.png,4,2,1,0,https://luyoa.com/enroll/pharmapoint-718,[],0,0,0
240,3dc436b5,GrapePoint,grapepoint,BALANCE,,#0F3460,Loyalty card for GrapePoint,#FFFFFF,#CCCCCC,assets/logos/grapepoint.png,assets/icons/grapepoint.png,assets/strips/grapepoint/,"[{""key"": ""web"", ""label"": ""Visit us"", ""value"": ""https://luyoa.com/grapepoint""}, {""key"": ""support"", ""label"": ""Support"", ""value"": ""hello@luyoa.com""}]",Balance,{{balance}},Member,1000,CORE,1,Welcome to GrapePoint,5000,1,assets/icons/grapepoint_rect.png,2,2,1,0,https://luyoa.com/enroll/grapepoint,[],1,1,0
241,d706e29c,HomeGrocer,homegrocer,BALANCE,,#FFFFFF,Loyalty card for HomeGrocer,#FFFFFF,#CCCCCC,assets/logos/homegrocer.png,assets/icons/homegrocer.png,assets/strips/homegrocer/,"[{""key"": ""web"", ""label"": ""Visit us"", ""value"": ""https://luyoa.com/homegrocer""}, {""key"": ""support"", ""label"": ""Support"", ""value"": ""hello@luyoa.com""}]",Balance,{{balance}},Member,500,GROW,1,Welcome to HomeGrocer,1500,1,assets/icons/homegrocer_rect.png,1,1,1,0,https://luyoa.com/enroll/homegrocer,[],1,1,1
242,207a91bf,WaveRoll,waveroll-272,BALANCE,,#FFFFFF,Loyalty card for WaveRoll,#FFFFFF,#CCCCCC,assets/logos/waveroll-272.png,assets/icons/waveroll-272.png,assets/strips/waveroll-272/,"[{""key"": ""web"", ""label"": ""Visit us"", ""value"": ""https://luyoa.com/waveroll-272""}, {""key"": ""support"", ""label"": ""Support"", ""value"": ""hello@luyoa.com""}]",Balance,{{balance}},Member,200,CORE,1,Welcome to WaveRoll,1000,1,assets/icons/waveroll-272_rect.png,1,1,0,0,https://luyoa.com/enroll/waveroll-272,[],1,1,0
243,b6533609,Book & Bean,book-and-bean-51,BALANCE,,#1A1A2E,Loyalty card for Book & Bean,#FFFFFF,#CCCCCC,assets/logos/book-and-bean-51.png,assets/icons/book-and-bean-51.png,assets/strips/book-and-bean-51/,"[{""key"": ""web"", ""label"": ""Visit us"", ""value"": ""https://luyoa.com/book-and-bean-51""}, {""key"": ""support"", ""label"": ""Support"", ""value"": ""hello@luyoa.com""}]",Balance,{{balance}},Member,1000,CORE,1,Welcome to Book & Bean,2000,0,assets/icons/book-and-bean-51_rect.png,3,2,1,0,https://luyoa.com/enroll/book-and-bean-51,[],1,1,0
244,3d0aa13b,The Sushi Bar,the-sushi-bar,BALANCE,,#FFFFFF,Loyalty card for The Sushi Bar,#FFFFFF,#CCCCCC,assets/logos/the-sushi-bar.png,assets/icons/the-sushi-bar.png,assets/strips/the-sushi-bar/,"[{""key"": ""web"", ""label"": ""Visit us"", ""value"": ""https://luyoa.com/the-sushi-bar""}, {""key"": ""support"", ""label"": ""Support"", ""value"": ""hello@luyoa.com""}]",Balance,{{balance}},Member,200,STARTER,1,Welcome to The Sushi Bar,400,0,assets/icons/the-sushi-bar_rect.png,1,1,0,0,https://luyoa.com/enroll/the-sushi-bar,[],0,0,0
245,935560ad,PetMarket,petmarket,STAMPS,6,#FFFFFF,Loyalty card for PetMarket,#FFFFFF,#CCCCCC,assets/logos/petmarket.png,assets/icons/petmarket.png,assets/strips/petmarket/,"[{""key"": ""web"", ""label"": ""Visit us"", ""value"": ""https://luyoa.com/petmarket""}, {""key"": ""support"", ""label"": ""Support"", ""value"": ""hello@luyoa.com""}]",Stamps,{{balance}},Member,200,GROW,1,Welcome to PetMarket,1000,1,assets/icons/petmarket_rect.png,1,1,0,0,https://luyoa.com/enroll/petmarket,[],1,1,1
246,d752d3bb,Shelf Life,shelf-life-444,BALANCE,,#0F3460,Loyalty card for Shelf Life,#FFFFFF,#CCCCCC,assets/logos/shelf-life-444.png,assets/icons/shelf-life-444.png,assets/strips/shelf-life-444/,"[{""key"": ""web"", ""label"": ""Visit us"", ""value"": ""https://luyoa.com/shelf-life-444""}, {""key"": ""support"", ""label"": ""Support"", ""value"": ""hello@luyoa.com""}]",Balance,{{balance}},Member,2000,GROW,0,Welcome to Shelf Life,10000,1,assets/icons/shelf-life-444_rect.png,1,1,0,0,https://luyoa.com/enroll/shelf-life-444,[],1,1,1
247,fef1b020,Glow Studio,glow-studio,STATIC,,#2C3E50,Loyalty card for Glow Studio,#FFFFFF,#CCCCCC,assets/logos/glow-studio.png,assets/icons/glow-studio.png,assets/strips/glow-studio/,"[{""key"": ""web"", ""label"": ""Visit us"", ""value"": ""https://luyoa.com/glow-studio""}, {""key"": ""support"", ""label"": ""Support"", ""value"": ""hello@luyoa.com""}]",Stamps,{{balance}},Member,5000,STARTER,1,Welcome to Glow Studio,25000,1,assets/icons/glow-studio_rect.png,1,1,1,0,https://luyoa.com/enroll/glow-studio,[],0,0,0
248,eb193a91,SushiPoint,sushipoint-205,BALANCE,,#F5F5F5,Loyalty card for SushiPoint,#FFFFFF,#CCCCCC,assets/logos/sushipoint-205.png,assets/icons/sushipoint-205.png,assets/strips/sushipoint-205/,"[{""key"": ""web"", ""label"": ""Visit us"", ""value"": ""https://luyoa.com/sushipoint-205""}, {""key"": ""support"", ""label"": ""Support"", ""value"": ""hello@luyoa.com""}]",Balance,{{balance}},Member,5000,STARTER,1,Welcome to SushiPoint,25000,0,assets/icons/sushipoint-205_rect.png,1,1,1,1,https://luyoa.com/enroll/sushipoint-205,[],0,0,0
249,6ac3bfef,PetMarket,petmarket-515,BALANCE,,#0F3460,Loyalty card for PetMarket,#FFFFFF,#CCCCCC,assets/logos/petmarket-515.png,assets/icons/petmarket-515.png,assets/strips/petmarket-515/,"[{""key"": ""web"", ""label"": ""Visit us"", ""value"": ""https://luyoa.com/petmarket-515""}, {""key"": ""support"", ""label"": ""Support"", ""value"": ""hello@luyoa.com""}]",Balance,{{balance}},Member,1000,CORE,1,Welcome to PetMarket,2000,1,assets/icons/petmarket-515_rect.png,1,1,0,0,https://luyoa.com/enroll/petmarket-515,[],1,1,0
250,922c3eac,CityGrocer,citygrocer,BALANCE,,#FFFFFF,Loyalty card for CityGrocer,#FFFFFF,#CCCCCC,assets/logos/citygrocer.png,assets/icons/citygrocer.png,assets/strips/citygrocer/,"[{""key"": ""web"", ""label"": ""Visit us"", ""value"": ""https://luyoa.com/citygrocer""}, {""key"": ""support"", ""label"": ""Support"", ""value"": ""hello@luyoa.com""}]",Balance,{{balance}},Member,500,GROW,1,Welcome to CityGrocer,1000,1,assets/icons/citygrocer_rect.png,4,2,0,0,https://luyoa.com/enroll/citygrocer,[],1,1,1
251,2b94bd5e,WineHouse,winehouse-181,STAMPS,8,#1A1A2E,Loyalty card for WineHouse,#FFFFFF,#CCCCCC,assets/logos/winehouse-181.png,assets/icons/winehouse-181.png,assets/strips/winehouse-181/,"[{""key"": ""web"", ""label"": ""Visit us"", ""value"": ""https://luyoa.com/winehouse-181""}, {""key"": ""support"", ""label"": ""Support"", ""value"": ""hello@luyoa.com""}]",Stamps,{{balance}},Member,5000,CORE,1,Welcome to WineHouse,25000,1,assets/icons/winehouse-181_rect.png,1,1,0,1,https://luyoa.com/enroll/winehouse-181,[],1,1,0
252,56b4904a,AnimalHouse,animalhouse-556,STATIC,,#F5F5F5,Loyalty card for AnimalHouse,#FFFFFF,#CCCCCC,assets/logos/animalhouse-556.png,assets/icons/animalhouse-556.png,assets/strips/animalhouse-556/,"[{""key"": ""web"", ""label"": ""Visit us"", ""value"": ""https://luyoa.com/animalhouse-556""}, {""key"": ""support"", ""label"": ""Support"", ""value"": ""hello@luyoa.com""}]",Stamps,{{balance}},Member,1000,CORE,1,Welcome to AnimalHouse,2000,0,assets/icons/animalhouse-556_rect.png,2,2,0,1,https://luyoa.com/enroll/animalhouse-556,[],1,1,0
253,8bfe6a1f,WhiteSmile,whitesmile-207,BALANCE,,#1A1A2E,Loyalty card for WhiteSmile,#FFFFFF,#CCCCCC,assets/logos/whitesmile-207.png,assets/icons/whitesmile-207.png,assets/strips/whitesmile-207/,"[{""key"": ""web"", ""label"": ""Visit us"", ""value"": ""https://luyoa.com/whitesmile-207""}, {""key"": ""support"", ""label"": ""Support"", ""value"": ""hello@luyoa.com""}]",Balance,{{balance}},Member,500,CORE,1,Welcome to WhiteSmile,1500,0,assets/icons/whitesmile-207_rect.png,1,1,0,0,https://luyoa.com/enroll/whitesmile-207,[],1,1,0
254,045b8521,WineCorner,winecorner,STAMPS,10,#1A1A2E,Loyalty card for WineCorner,#FFFFFF,#CCCCCC,assets/logos/winecorner.png,assets/icons/winecorner.png,assets/strips/winecorner/,"[{""key"": ""web"", ""label"": ""Visit us"", ""value"": ""https://luyoa.com/winecorner""}, {""key"": ""support"", ""label"": ""Support"", ""value"": ""hello@luyoa.com""}]",Stamps,{{balance}},Member,200,STARTER,1,Welcome to WineCorner,1000,1,assets/icons/winecorner_rect.png,1,1,0,0,https://luyoa.com/enroll/winecorner,[],0,0,0
255,014f4f60,Fabric House,fabric-house-665,BALANCE,,#F5F5F5,Loyalty card for Fabric House,#FFFFFF,#CCCCCC,assets/logos/fabric-house-665.png,assets/icons/fabric-house-665.png,assets/strips/fabric-house-665/,"[{""key"": ""web"", ""label"": ""Visit us"", ""value"": ""https://luyoa.com/fabric-house-665""}, {""key"": ""support"", ""label"": ""Support"", ""value"": ""hello@luyoa.com""}]",Balance,{{balance}},Member,1000,GROW,1,Welcome to Fabric House,5000,1,assets/icons/fabric-house-665_rect.png,3,2,0,1,https://luyoa.com/enroll/fabric-house-665,[],1,1,1
256,65952af9,WineHouse,winehouse-182,STAMPS,6,#0F3460,Loyalty card for WineHouse,#FFFFFF,#CCCCCC,assets/logos/winehouse-182.png,assets/icons/winehouse-182.png,assets/strips/winehouse-182/,"[{""key"": ""web"", ""label"": ""Visit us"", ""value"": ""https://luyoa.com/winehouse-182""}, {""key"": ""support"", ""label"": ""Support"", ""value"": ""hello@luyoa.com""}]",Stamps,{{balance}},Member,5000,STARTER,1,Welcome to WineHouse,25000,0,assets/icons/winehouse-182_rect.png,3,2,0,1,https://luyoa.com/enroll/winehouse-182,[],0,0,0
257,6466ba60,Shelf Life,shelf-life-107,STATIC,,#F5F5F5,Loyalty card for Shelf Life,#FFFFFF,#CCCCCC,assets/logos/shelf-life-107.png,assets/icons/shelf-life-107.png,assets/strips/shelf-life-107/,"[{""key"": ""web"", ""label"": ""Visit us"", ""value"": ""https://luyoa.com/shelf-life-107""}, {""key"": ""support"", ""label"": ""Support"", ""value"": ""hello@luyoa.com""}]",Stamps,{{balance}},Member,2000,GROW,1,Welcome to Shelf Life,4000,0,assets/icons/shelf-life-107_rect.png,1,1,1,0,https://luyoa.com/enroll/shelf-life-107,[],1,1,1
258,05ccc37a,PowerHouse,powerhouse-458,BALANCE,,#1A1A2E,Loyalty card for PowerHouse,#FFFFFF,#CCCCCC,assets/logos/powerhouse-458.png,assets/icons/powerhouse-458.png,assets/strips/powerhouse-458/,"[{""key"": ""web"", ""label"": ""Visit us"", ""value"": ""https://luyoa.com/powerhouse-458""}, {""key"": ""support"", ""label"": ""Support"", ""value"": ""hello@luyoa.com""}]",Balance,{{balance}},Member,200,GROW,1,Welcome to PowerHouse,1000,0,assets/icons/powerhouse-458_rect.png,4,2,1,0,https://luyoa.com/enroll/powerhouse-458,[],1,1,1
259,616be518,Warm Oven,warm-oven-993,BALANCE,,#0F3460,Loyalty card for Warm Oven,#FFFFFF,#CCCCCC,assets/logos/warm-oven-993.png,assets/icons/warm-oven-993.png,assets/strips/warm-oven-993/,"[{""key"": ""web"", ""label"": ""Visit us"", ""value"": ""https://luyoa.com/warm-oven-993""}, {""key"": ""support"", ""label"": ""Support"", ""value"": ""hello@luyoa.com""}]",Balance,{{balance}},Member,500,STARTER,1,Welcome to Warm Oven,1500,1,assets/icons/warm-oven-993_rect.png,1,1,1,0,https://luyoa.com/enroll/warm-oven-993,[],0,0,0
260,987b76e4,The Mat Room,the-mat-room-463,STAMPS,6,#1A1A2E,Loyalty card for The Mat Room,#FFFFFF,#CCCCCC,assets/logos/the-mat-room-463.png,assets/icons/the-mat-room-463.png,assets/strips/the-mat-room-463/,"[{""key"": ""web"", ""label"": ""Visit us"", ""value"": ""https://luyoa.com/the-mat-room-463""}, {""key"": ""support"", ""label"": ""Support"", ""value"": ""hello@luyoa.com""}]",Stamps,{{balance}},Member,200,CORE,0,Welcome to The Mat Room,600,0,assets/icons/the-mat-room-463_rect.png,2,2,0,0,https://luyoa.com/enroll/the-mat-room-463,[],1,1,0
261,2e31885f,Iron Club,iron-club,STAMPS,12,#0F3460,Loyalty card for Iron Club,#FFFFFF,#CCCCCC,assets/logos/iron-club.png,assets/icons/iron-club.png,assets/strips/iron-club/,"[{""key"": ""web"", ""label"": ""Visit us"", ""value"": ""https://luyoa.com/iron-club""}, {""key"": ""support"", ""label"": ""Support"", ""value"": ""hello@luyoa.com""}]",Stamps,{{balance}},Member,200,STARTER,1,Welcome to Iron Club,400,1,assets/icons/iron-club_rect.png,1,1,0,0,https://luyoa.com/enroll/iron-club,[],0,0,0
262,dc391564,The Dough Co,the-dough-co-740,STAMPS,10,#1A1A2E,Loyalty card for The Dough Co,#FFFFFF,#CCCCCC,assets/logos/the-dough-co-740.png,assets/icons/the-dough-co-740.png,assets/strips/the-dough-co-740/,"[{""key"": ""web"", ""label"": ""Visit us"", ""value"": ""https://luyoa.com/the-dough-co-740""}, {""key"": ""support"", ""label"": ""Support"", ""value"": ""hello@luyoa.com""}]",Stamps,{{balance}},Member,1000,GROW,1,Welcome to The Dough Co,2000,1,assets/icons/the-dough-co-740_rect.png,1,1,1,0,https://luyoa.com/enroll/the-dough-co-740,[],1,1,1
263,acc00fd2,The Bistro,the-bistro-492,BALANCE,,#FFFFFF,Loyalty card for The Bistro,#FFFFFF,#CCCCCC,assets/logos/the-bistro-492.png,assets/icons/the-bistro-492.png,assets/strips/the-bistro-492/,"[{""key"": ""web"", ""label"": ""Visit us"", ""value"": ""https://luyoa.com/the-bistro-492""}, {""key"": ""support"", ""label"": ""Support"", ""value"": ""hello@luyoa.com""}]",Balance,{{balance}},Member,500,CORE,0,Welcome to The Bistro,1000,1,assets/icons/the-bistro-492_rect.png,1,1,0,0,https://luyoa.com/enroll/the-bistro-492,[],1,1,0
264,10fb3d27,Crusty Corner,crusty-corner-94,STAMPS,12,#1A1A2E,Loyalty card for Crusty Corner,#FFFFFF,#CCCCCC,assets/logos/crusty-corner-94.png,assets/icons/crusty-corner-94.png,assets/strips/crusty-corner-94/,"[{""key"": ""web"", ""label"": ""Visit us"", ""value"": ""https://luyoa.com/crusty-corner-94""}, {""key"": ""support"", ""label"": ""Support"", ""value"": ""hello@luyoa.com""}]",Stamps,{{balance}},Member,500,STARTER,1,Welcome to Crusty Corner,1500,0,assets/icons/crusty-corner-94_rect.png,1,1,1,0,https://luyoa.com/enroll/crusty-corner-94,[],0,0,0
265,32b70657,FreshMart,freshmart,BALANCE,,#FFFFFF,Loyalty card for FreshMart,#FFFFFF,#CCCCCC,assets/logos/freshmart.png,assets/icons/freshmart.png,assets/strips/freshmart/,"[{""key"": ""web"", ""label"": ""Visit us"", ""value"": ""https://luyoa.com/freshmart""}, {""key"": ""support"", ""label"": ""Support"", ""value"": ""hello@luyoa.com""}]",Balance,{{balance}},Member,200,STARTER,1,Welcome to FreshMart,1000,1,assets/icons/freshmart_rect.png,4,2,0,1,https://luyoa.com/enroll/freshmart,[],0,0,0
266,6faf647f,La Piazza,la-piazza-704,BALANCE,,#2C3E50,Loyalty card for La Piazza,#FFFFFF,#CCCCCC,assets/logos/la-piazza-704.png,assets/icons/la-piazza-704.png,assets/strips/la-piazza-704/,"[{""key"": ""web"", ""label"": ""Visit us"", ""value"": ""https://luyoa.com/la-piazza-704""}, {""key"": ""support"", ""label"": ""Support"", ""value"": ""hello@luyoa.com""}]",Balance,{{balance}},Member,2000,GROW,1,Welcome to La Piazza,6000,1,assets/icons/la-piazza-704_rect.png,1,1,0,0,https://luyoa.com/enroll/la-piazza-704,[],1,1,1
267,eb4719ea,The Bistro,the-bistro-151,BALANCE,,#0F3460,Loyalty card for The Bistro,#FFFFFF,#CCCCCC,assets/logos/the-bistro-151.png,assets/icons/the-bistro-151.png,assets/strips/the-bistro-151/,"[{""key"": ""web"", ""label"": ""Visit us"", ""value"": ""https://luyoa.com/the-bistro-151""}, {""key"": ""support"", ""label"": ""Support"", ""value"": ""hello@luyoa.com""}]",Balance,{{balance}},Member,200,GROW,1,Welcome to The Bistro,400,0,assets/icons/the-bistro-151_rect.png,4,2,0,0,https://luyoa.com/enroll/the-bistro-151,[],1,1,1
268,7055e72e,Green Table,green-table-855,BALANCE,,#1A1A2E,Loyalty card for Green Table,#FFFFFF,#CCCCCC,assets/logos/green-table-855.png,assets/icons/green-table-855.png,assets/strips/green-table-855/,"[{""key"": ""web"", ""label"": ""Visit us"", ""value"": ""https://luyoa.com/green-table-855""}, {""key"": ""support"", ""label"": ""Support"", ""value"": ""hello@luyoa.com""}]",Balance,{{balance}},Member,5000,GROW,1,Welcome to Green Table,25000,0,assets/icons/green-table-855_rect.png,1,1,0,0,https://luyoa.com/enroll/green-table-855,[],1,1,1
269,7fd0dc2b,WaveRoll,waveroll-940,BALANCE,,#1B4F72,Loyalty card for WaveRoll,#FFFFFF,#CCCCCC,assets/logos/waveroll-940.png,assets/icons/waveroll-940.png,assets/strips/waveroll-940/,"[{""key"": ""web"", ""label"": ""Visit us"", ""value"": ""https://luyoa.com/waveroll-940""}, {""key"": ""support"", ""label"": ""Support"", ""value"": ""hello@luyoa.com""}]",Balance,{{balance}},Member,200,STARTER,1,Welcome to WaveRoll,1000,1,assets/icons/waveroll-940_rect.png,1,1,0,0,https://luyoa.com/enroll/waveroll-940,[],0,0,0
270,eafd6052,MedPlus,medplus-577,BALANCE,,#1A1A2E,Loyalty card for MedPlus,#FFFFFF,#CCCCCC,assets/logos/medplus-577.png,assets/icons/medplus-577.png,assets/strips/medplus-577/,"[{""key"": ""web"", ""label"": ""Visit us"", ""value"": ""https://luyoa.com/medplus-577""}, {""key"": ""support"", ""label"": ""Support"", ""value"": ""hello@luyoa.com""}]",Balance,{{balance}},Member,200,CORE,1,Welcome to MedPlus,600,1,assets/icons/medplus-577_rect.png,2,2,1,0,https://luyoa.com/enroll/medplus-577,[],1,1,0
271,a518f336,YogaCorner,yogacorner,BALANCE,,#2C3E50,Loyalty card for YogaCorner,#FFFFFF,#CCCCCC,assets/logos/yogacorner.png,assets/icons/yogacorner.png,assets/strips/yogacorner/,"[{""key"": ""web"", ""label"": ""Visit us"", ""value"": ""https://luyoa.com/yogacorner""}, {""key"": ""support"", ""label"": ""Support"", ""value"": ""hello@luyoa.com""}]",Balance,{{balance}},Member,5000,CORE,1,Welcome to YogaCorner,15000,0,assets/icons/yogacorner_rect.png,1,1,1,0,https://luyoa.com/enroll/yogacorner,[],1,1,0
272,5e593e09,OralFirst,oralfirst-21,BALANCE,,#1A1A2E,Loyalty card for OralFirst,#FFFFFF,#CCCCCC,assets/logos/oralfirst-21.png,assets/icons/oralfirst-21.png,assets/strips/oralfirst-21/,"[{""key"": ""web"", ""label"": ""Visit us"", ""value"": ""https://luyoa.com/oralfirst-21""}, {""key"": ""support"", ""label"": ""Support"", ""value"": ""hello@luyoa.com""}]",Balance,{{balance}},Member,1000,CORE,1,Welcome to OralFirst,3000,0,assets/icons/oralfirst-21_rect.png,1,1,0,0,https://luyoa.com/enroll/oralfirst-21,[],1,1,0
273,b140b1af,The Style Room,the-style-room-620,STATIC,,#F5F5F5,Loyalty card for The Style Room,#FFFFFF,#CCCCCC,assets/logos/the-style-room-620.png,assets/icons/the-style-room-620.png,assets/strips/the-style-room-620/,"[{""key"": ""web"", ""label"": ""Visit us"", ""value"": ""https://luyoa.com/the-style-room-620""}, {""key"": ""support"", ""label"": ""Support"", ""value"": ""hello@luyoa.com""}]",Stamps,{{balance}},Member,200,CORE,1,Welcome to The Style Room,600,1,assets/icons/the-style-room-620_rect.png,3,2,1,0,https://luyoa.com/enroll/the-style-room-620,[],1,1,0
274,e1be8017,Juice Lab,juice-lab-800,BALANCE,,#2C3E50,Loyalty card for Juice Lab,#FFFFFF,#CCCCCC,assets/logos/juice-lab-800.png,assets/icons/juice-lab-800.png,assets/strips/juice-lab-800/,"[{""key"": ""web"", ""label"": ""Visit us"", ""value"": ""https://luyoa.com/juice-lab-800""}, {""key"": ""support"", ""label"": ""Support"", ""value"": ""hello@luyoa.com""}]",Balance,{{balance}},Member,5000,STARTER,0,Welcome to Juice Lab,10000,0,assets/icons/juice-lab-800_rect.png,3,2,0,0,https://luyoa.com/enroll/juice-lab-800,[],0,0,0
275,b20be4c4,The Dining Room,the-dining-room-844,BALANCE,,#2C3E50,Loyalty card for The Dining Room,#FFFFFF,#CCCCCC,assets/logos/the-dining-room-844.png,assets/icons/the-dining-room-844.png,assets/strips/the-dining-room-844/,"[{""key"": ""web"", ""label"": ""Visit us"", ""value"": ""https://luyoa.com/the-dining-room-844""}, {""key"": ""support"", ""label"": ""Support"", ""value"": ""hello@luyoa.com""}]",Balance,{{balance}},Member,2000,GROW,1,Welcome to The Dining Room,4000,0,assets/icons/the-dining-room-844_rect.png,3,2,0,0,https://luyoa.com/enroll/the-dining-room-844,[],1,1,1
276,00b86659,Align Yoga,align-yoga-359,BALANCE,,#F5F5F5,Loyalty card for Align Yoga,#FFFFFF,#CCCCCC,assets/logos/align-yoga-359.png,assets/icons/align-yoga-359.png,assets/strips/align-yoga-359/,"[{""key"": ""web"", ""label"": ""Visit us"", ""value"": ""https://luyoa.com/align-yoga-359""}, {""key"": ""support"", ""label"": ""Support"", ""value"": ""hello@luyoa.com""}]",Balance,{{balance}},Member,1000,STARTER,1,Welcome to Align Yoga,3000,0,assets/icons/align-yoga-359_rect.png,4,2,1,0,https://luyoa.com/enroll/align-yoga-359,[],0,0,0
277,2dfdedc5,VisionFirst,visionfirst,BALANCE,,#1B4F72,Loyalty card for VisionFirst,#FFFFFF,#CCCCCC,assets/logos/visionfirst.png,assets/icons/visionfirst.png,assets/strips/visionfirst/,"[{""key"": ""web"", ""label"": ""Visit us"", ""value"": ""https://luyoa.com/visionfirst""}, {""key"": ""support"", ""label"": ""Support"", ""value"": ""hello@luyoa.com""}]",Balance,{{balance}},Member,500,GROW,1,Welcome to VisionFirst,2500,1,assets/icons/visionfirst_rect.png,2,2,0,1,https://luyoa.com/enroll/visionfirst,[],1,1,1
278,7fb21e7d,Brew & Go,brew-and-go,BALANCE,,#2C3E50,Loyalty card for Brew & Go,#FFFFFF,#CCCCCC,assets/logos/brew-and-go.png,assets/icons/brew-and-go.png,assets/strips/brew-and-go/,"[{""key"": ""web"", ""label"": ""Visit us"", ""value"": ""https://luyoa.com/brew-and-go""}, {""key"": ""support"", ""label"": ""Support"", ""value"": ""hello@luyoa.com""}]",Balance,{{balance}},Member,1000,STARTER,1,Welcome to Brew & Go,3000,1,assets/icons/brew-and-go_rect.png,1,1,1,0,https://luyoa.com/enroll/brew-and-go,[],0,0,0
279,779b59d0,FurryFriends,furryfriends-845,BALANCE,,#0F3460,Loyalty card for FurryFriends,#FFFFFF,#CCCCCC,assets/logos/furryfriends-845.png,assets/icons/furryfriends-845.png,assets/strips/furryfriends-845/,"[{""key"": ""web"", ""label"": ""Visit us"", ""value"": ""https://luyoa.com/furryfriends-845""}, {""key"": ""support"", ""label"": ""Support"", ""value"": ""hello@luyoa.com""}]",Balance,{{balance}},Member,5000,STARTER,1,Welcome to FurryFriends,10000,1,assets/icons/furryfriends-845_rect.png,1,1,1,0,https://luyoa.com/enroll/furryfriends-845,[],0,0,0
280,05247971,Sunrise Bakery,sunrise-bakery,STAMPS,10,#1B4F72,Loyalty card for Sunrise Bakery,#FFFFFF,#CCCCCC,assets/logos/sunrise-bakery.png,assets/icons/sunrise-bakery.png,assets/strips/sunrise-bakery/,"[{""key"": ""web"", ""label"": ""Visit us"", ""value"": ""https://luyoa.com/sunrise-bakery""}, {""key"": ""support"", ""label"": ""Support"", ""value"": ""hello@luyoa.com""}]",Stamps,{{balance}},Member,1000,STARTER,1,Welcome to Sunrise Bakery,5000,1,assets/icons/sunrise-bakery_rect.png,1,1,0,0,https://luyoa.com/enroll/sunrise-bakery,[],0,0,0
281,b8443c87,SipFresh,sipfresh,BALANCE,,#1B4F72,Loyalty card for SipFresh,#FFFFFF,#CCCCCC,assets/logos/sipfresh.png,assets/icons/sipfresh.png,assets/strips/sipfresh/,"[{""key"": ""web"", ""label"": ""Visit us"", ""value"": ""https://luyoa.com/sipfresh""}, {""key"": ""support"", ""label"": ""Support"", ""value"": ""hello@luyoa.com""}]",Balance,{{balance}},Member,1000,GROW,1,Welcome to SipFresh,2000,1,assets/icons/sipfresh_rect.png,4,2,1,0,https://luyoa.com/enroll/sipfresh,[],1,1,1
282,5d5ed69d,QuickShine,quickshine,STAMPS,8,#1B4F72,Loyalty card for QuickShine,#FFFFFF,#CCCCCC,assets/logos/quickshine.png,assets/icons/quickshine.png,assets/strips/quickshine/,"[{""key"": ""web"", ""label"": ""Visit us"", ""value"": ""https://luyoa.com/quickshine""}, {""key"": ""support"", ""label"": ""Support"", ""value"": ""hello@luyoa.com""}]",Stamps,{{balance}},Member,5000,CORE,1,Welcome to QuickShine,25000,1,assets/icons/quickshine_rect.png,4,2,1,0,https://luyoa.com/enroll/quickshine,[],1,1,0
283,62560082,Tokyo Table,tokyo-table-743,STAMPS,8,#1B4F72,Loyalty card for Tokyo Table,#FFFFFF,#CCCCCC,assets/logos/tokyo-table-743.png,assets/icons/tokyo-table-743.png,assets/strips/tokyo-table-743/,"[{""key"": ""web"", ""label"": ""Visit us"", ""value"": ""https://luyoa.com/tokyo-table-743""}, {""key"": ""support"", ""label"": ""Support"", ""value"": ""hello@luyoa.com""}]",Stamps,{{balance}},Member,1000,STARTER,1,Welcome to Tokyo Table,3000,0,assets/icons/tokyo-table-743_rect.png,1,1,1,0,https://luyoa.com/enroll/tokyo-table-743,[],0,0,0
284,c876a47d,Book Nook,book-nook,BALANCE,,#1B4F72,Loyalty card for Book Nook,#FFFFFF,#CCCCCC,assets/logos/book-nook.png,assets/icons/book-nook.png,assets/strips/book-nook/,"[{""key"": ""web"", ""label"": ""Visit us"", ""value"": ""https://luyoa.com/book-nook""}, {""key"": ""support"", ""label"": ""Support"", ""value"": ""hello@luyoa.com""}]",Balance,{{balance}},Member,200,CORE,1,Welcome to Book Nook,1000,0,assets/icons/book-nook_rect.png,1,1,1,0,https://luyoa.com/enroll/book-nook,[],1,1,0
285,0d63600c,PurePress,purepress-892,STAMPS,8,#F5F5F5,Loyalty card for PurePress,#FFFFFF,#CCCCCC,assets/logos/purepress-892.png,assets/icons/purepress-892.png,assets/strips/purepress-892/,"[{""key"": ""web"", ""label"": ""Visit us"", ""value"": ""https://luyoa.com/purepress-892""}, {""key"": ""support"", ""label"": ""Support"", ""value"": ""hello@luyoa.com""}]",Stamps,{{balance}},Member,500,CORE,1,Welcome to PurePress,2500,1,assets/icons/purepress-892_rect.png,3,2,0,0,https://luyoa.com/enroll/purepress-892,[],1,1,0
286,a69014b2,PowerHouse,powerhouse-650,STAMPS,6,#0F3460,Loyalty card for PowerHouse,#FFFFFF,#CCCCCC,assets/logos/powerhouse-650.png,assets/icons/powerhouse-650.png,assets/strips/powerhouse-650/,"[{""key"": ""web"", ""label"": ""Visit us"", ""value"": ""https://luyoa.com/powerhouse-650""}, {""key"": ""support"", ""label"": ""Support"", ""value"": ""hello@luyoa.com""}]",Stamps,{{balance}},Member,200,CORE,1,Welcome to PowerHouse,400,0,assets/icons/powerhouse-650_rect.png,2,2,1,0,https://luyoa.com/enroll/powerhouse-650,[],1,1,0
287,3a6b51e6,HealthStop,healthstop-393,BALANCE,,#FFFFFF,Loyalty card for HealthStop,#FFFFFF,#CCCCCC,assets/logos/healthstop-393.png,assets/icons/healthstop-393.png,assets/strips/healthstop-393/,"[{""key"": ""web"", ""label"": ""Visit us"", ""value"": ""https://luyoa.com/healthstop-393""}, {""key"": ""support"", ""label"": ""Support"", ""value"": ""hello@luyoa.com""}]",Balance,{{balance}},Member,200,CORE,1,Welcome to HealthStop,1000,1,assets/icons/healthstop-393_rect.png,1,1,0,0,https://luyoa.com/enroll/healthstop-393,[],1,1,0
288,5338ed0e,TheFreshBar,thefreshbar,STAMPS,10,#F5F5F5,Loyalty card for TheFreshBar,#FFFFFF,#CCCCCC,assets/logos/thefreshbar.png,assets/icons/thefreshbar.png,assets/strips/thefreshbar/,"[{""key"": ""web"", ""label"": ""Visit us"", ""value"": ""https://luyoa.com/thefreshbar""}, {""key"": ""support"", ""label"": ""Support"", ""value"": ""hello@luyoa.com""}]",Stamps,{{balance}},Member,1000,CORE,1,Welcome to TheFreshBar,5000,1,assets/icons/thefreshbar_rect.png,2,2,0,0,https://luyoa.com/enroll/thefreshbar,[],1,1,0
289,bc4fab76,La Piazza,la-piazza-346,STAMPS,12,#1A1A2E,Loyalty card for La Piazza,#FFFFFF,#CCCCCC,assets/logos/la-piazza-346.png,assets/icons/la-piazza-346.png,assets/strips/la-piazza-346/,"[{""key"": ""web"", ""label"": ""Visit us"", ""value"": ""https://luyoa.com/la-piazza-346""}, {""key"": ""support"", ""label"": ""Support"", ""value"": ""hello@luyoa.com""}]",Stamps,{{balance}},Member,500,STARTER,1,Welcome to La Piazza,1500,1,assets/icons/la-piazza-346_rect.png,4,2,0,0,https://luyoa.com/enroll/la-piazza-346,[],0,0,0
290,46568585,ClearVision,clearvision,BALANCE,,#F5F5F5,Loyalty card for ClearVision,#FFFFFF,#CCCCCC,assets/logos/clearvision.png,assets/icons/clearvision.png,assets/strips/clearvision/,"[{""key"": ""web"", ""label"": ""Visit us"", ""value"": ""https://luyoa.com/clearvision""}, {""key"": ""support"", ""label"": ""Support"", ""value"": ""hello@luyoa.com""}]",Balance,{{balance}},Member,5000,STARTER,1,Welcome to ClearVision,25000,0,assets/icons/clearvision_rect.png,2,2,1,1,https://luyoa.com/enroll/clearvision,[],0,0,0
291,37aa3f59,Daily Market,daily-market-670,STAMPS,6,#1B4F72,Loyalty card for Daily Market,#FFFFFF,#CCCCCC,assets/logos/daily-market-670.png,assets/icons/daily-market-670.png,assets/strips/daily-market-670/,"[{""key"": ""web"", ""label"": ""Visit us"", ""value"": ""https://luyoa.com/daily-market-670""}, {""key"": ""support"", ""label"": ""Support"", ""value"": ""hello@luyoa.com""}]",Stamps,{{balance}},Member,200,CORE,1,Welcome to Daily Market,600,1,assets/icons/daily-market-670_rect.png,2,2,0,1,https://luyoa.com/enroll/daily-market-670,[],1,1,0
292,17354c91,FreshMart,freshmart-309,BALANCE,,#1B4F72,Loyalty card for FreshMart,#FFFFFF,#CCCCCC,assets/logos/freshmart-309.png,assets/icons/freshmart-309.png,assets/strips/freshmart-309/,"[{""key"": ""web"", ""label"": ""Visit us"", ""value"": ""https://luyoa.com/freshmart-309""}, {""key"": ""support"", ""label"": ""Support"", ""value"": ""hello@luyoa.com""}]",Balance,{{balance}},Member,2000,STARTER,1,Welcome to FreshMart,10000,1,assets/icons/freshmart-309_rect.png,4,2,0,0,https://luyoa.com/enroll/freshmart-309,[],0,0,0
293,1dbc989d,Daily Bread,daily-bread-510,BALANCE,,#2C3E50,Loyalty card for Daily Bread,#FFFFFF,#CCCCCC,assets/logos/daily-bread-510.png,assets/icons/daily-bread-510.png,assets/strips/daily-bread-510/,"[{""key"": ""web"", ""label"": ""Visit us"", ""value"": ""https://luyoa.com/daily-bread-510""}, {""key"": ""support"", ""label"": ""Support"", ""value"": ""hello@luyoa.com""}]",Balance,{{balance}},Member,500,CORE,1,Welcome to Daily Bread,1500,0,assets/icons/daily-bread-510_rect.png,1,1,1,1,https://luyoa.com/enroll/daily-bread-510,[],1,1,0
294,04b24f55,QuickShine,quickshine-705,STAMPS,12,#F5F5F5,Loyalty card for QuickShine,#FFFFFF,#CCCCCC,assets/logos/quickshine-705.png,assets/icons/quickshine-705.png,assets/strips/quickshine-705/,"[{""key"": ""web"", ""label"": ""Visit us"", ""value"": ""https://luyoa.com/quickshine-705""}, {""key"": ""support"", ""label"": ""Support"", ""value"": ""hello@luyoa.com""}]",Stamps,{{balance}},Member,1000,STARTER,0,Welcome to QuickShine,5000,0,assets/icons/quickshine-705_rect.png,1,1,0,1,https://luyoa.com/enroll/quickshine-705,[],0,0,0
295,4a130486,YogaSpace,yogaspace-927,BALANCE,,#1B4F72,Loyalty card for YogaSpace,#FFFFFF,#CCCCCC,assets/logos/yogaspace-927.png,assets/icons/yogaspace-927.png,assets/strips/yogaspace-927/,"[{""key"": ""web"", ""label"": ""Visit us"", ""value"": ""https://luyoa.com/yogaspace-927""}, {""key"": ""support"", ""label"": ""Support"", ""value"": ""hello@luyoa.com""}]",Balance,{{balance}},Member,1000,STARTER,1,Welcome to YogaSpace,3000,1,assets/icons/yogaspace-927_rect.png,1,1,1,0,https://luyoa.com/enroll/yogaspace-927,[],0,0,0
296,44e2624c,Sunrise Bakery,sunrise-bakery-437,BALANCE,,#FFFFFF,Loyalty card for Sunrise Bakery,#FFFFFF,#CCCCCC,assets/logos/sunrise-bakery-437.png,assets/icons/sunrise-bakery-437.png,assets/strips/sunrise-bakery-437/,"[{""key"": ""web"", ""label"": ""Visit us"", ""value"": ""https://luyoa.com/sunrise-bakery-437""}, {""key"": ""support"", ""label"": ""Support"", ""value"": ""hello@luyoa.com""}]",Balance,{{balance}},Member,200,GROW,1,Welcome to Sunrise Bakery,400,0,assets/icons/sunrise-bakery-437_rect.png,3,2,0,1,https://luyoa.com/enroll/sunrise-bakery-437,[],1,1,1
297,7d8c0113,Iron Club,iron-club-382,BALANCE,,#F5F5F5,Loyalty card for Iron Club,#FFFFFF,#CCCCCC,assets/logos/iron-club-382.png,assets/icons/iron-club-382.png,assets/strips/iron-club-382/,"[{""key"": ""web"", ""label"": ""Visit us"", ""value"": ""https://luyoa.com/iron-club-382""}, {""key"": ""support"", ""label"": ""Support"", ""value"": ""hello@luyoa.com""}]",Balance,{{balance}},Member,1000,GROW,1,Welcome to Iron Club,3000,1,assets/icons/iron-club-382_rect.png,3,2,1,0,https://luyoa.com/enroll/iron-club-382,[],1,1,1
298,0b59ee3c,The Mat Room,the-mat-room-713,STAMPS,6,#FFFFFF,Loyalty card for The Mat Room,#FFFFFF,#CCCCCC,assets/logos/the-mat-room-713.png,assets/icons/the-mat-room-713.png,assets/strips/the-mat-room-713/,"[{""key"": ""web"", ""label"": ""Visit us"", ""value"": ""https://luyoa.com/the-mat-room-713""}, {""key"": ""support"", ""label"": ""Support"", ""value"": ""hello@luyoa.com""}]",Stamps,{{balance}},Member,500,CORE,1,Welcome to The Mat Room,2500,1,assets/icons/the-mat-room-713_rect.png,2,2,1,0,https://luyoa.com/enroll/the-mat-room-713,[],1,1,0
299,0a852438,The Tech Store,the-tech-store-495,BALANCE,,#FFFFFF,Loyalty card for The Tech Store,#FFFFFF,#CCCCCC,assets/logos/the-tech-store-495.png,assets/icons/the-tech-store-495.png,assets/strips/the-tech-store-495/,"[{""key"": ""web"", ""label"": ""Visit us"", ""value"": ""https://luyoa.com/the-tech-store-495""}, {""key"": ""support"", ""label"": ""Support"", ""value"": ""hello@luyoa.com""}]",Balance,{{balance}},Member,2000,STARTER,1,Welcome to The Tech Store,6000,0,assets/icons/the-tech-store-495_rect.png,1,1,0,0,https://luyoa.com/enroll/the-tech-store-495,[],0,0,0
300,465289cd,Shelf Life,shelf-life-742,BALANCE,,#F5F5F5,Loyalty card for Shelf Life,#FFFFFF,#CCCCCC,assets/logos/shelf-life-742.png,assets/icons/shelf-life-742.png,assets/strips/shelf-life-742/,"[{""key"": ""web"", ""label"": ""Visit us"", ""value"": ""https://luyoa.com/shelf-life-742""}, {""key"": ""support"", ""label"": ""Support"", ""value"": ""hello@luyoa.com""}]",Balance,{{balance}},Member,5000,GROW,1,Welcome to Shelf Life,25000,1,assets/icons/shelf-life-742_rect.png,1,1,0,0,https://luyoa.com/enroll/shelf-life-742,[],1,1,1
301,9ba435ec,DentaLine,dentaline,BALANCE,,#FFFFFF,Loyalty card for DentaLine,#FFFFFF,#CCCCCC,assets/logos/dentaline.png,assets/icons/dentaline.png,assets/strips/dentaline/,"[{""key"": ""web"", ""label"": ""Visit us"", ""value"": ""https://luyoa.com/dentaline""}, {""key"": ""support"", ""label"": ""Support"", ""value"": ""hello@luyoa.com""}]",Balance,{{balance}},Member,5000,CORE,0,Welcome to DentaLine,10000,1,assets/icons/dentaline_rect.png,2,2,1,0,https://luyoa.com/enroll/dentaline,[],1,1,0
302,52fd466d,Fast Flavors,fast-flavors,BALANCE,,#F5F5F5,Loyalty card for Fast Flavors,#FFFFFF,#CCCCCC,assets/logos/fast-flavors.png,assets/icons/fast-flavors.png,assets/strips/fast-flavors/,"[{""key"": ""web"", ""label"": ""Visit us"", ""value"": ""https://luyoa.com/fast-flavors""}, {""key"": ""support"", ""label"": ""Support"", ""value"": ""hello@luyoa.com""}]",Balance,{{balance}},Member,5000,STARTER,1,Welcome to Fast Flavors,15000,1,assets/icons/fast-flavors_rect.png,1,1,0,0,https://luyoa.com/enroll/fast-flavors,[],0,0,0
303,9c37fc57,TalkFirst,talkfirst,BALANCE,,#FFFFFF,Loyalty card for TalkFirst,#FFFFFF,#CCCCCC,assets/logos/talkfirst.png,assets/icons/talkfirst.png,assets/strips/talkfirst/,"[{""key"": ""web"", ""label"": ""Visit us"", ""value"": ""https://luyoa.com/talkfirst""}, {""key"": ""support"", ""label"": ""Support"", ""value"": ""hello@luyoa.com""}]",Balance,{{balance}},Member,1000,CORE,1,Welcome to TalkFirst,5000,0,assets/icons/talkfirst_rect.png,1,1,0,0,https://luyoa.com/enroll/talkfirst,[],1,1,0
304,4f1d159e,WashCorner,washcorner,STAMPS,10,#2C3E50,Loyalty card for WashCorner,#FFFFFF,#CCCCCC,assets/logos/washcorner.png,assets/icons/washcorner.png,assets/strips/washcorner/,"[{""key"": ""web"", ""label"": ""Visit us"", ""value"": ""https://luyoa.com/washcorner""}, {""key"": ""support"", ""label"": ""Support"", ""value"": ""hello@luyoa.com""}]",Stamps,{{balance}},Member,5000,CORE,1,Welcome to WashCorner,25000,1,assets/icons/washcorner_rect.png,4,2,1,0,https://luyoa.com/enroll/washcorner,[],1,1,0
305,862e3f17,The Bistro,the-bistro-615,BALANCE,,#1B4F72,Loyalty card for The Bistro,#FFFFFF,#CCCCCC,assets/logos/the-bistro-615.png,assets/icons/the-bistro-615.png,assets/strips/the-bistro-615/,"[{""key"": ""web"", ""label"": ""Visit us"", ""value"": ""https://luyoa.com/the-bistro-615""}, {""key"": ""support"", ""label"": ""Support"", ""value"": ""hello@luyoa.com""}]",Balance,{{balance}},Member,2000,GROW,1,Welcome to The Bistro,10000,1,assets/icons/the-bistro-615_rect.png,1,1,0,0,https://luyoa.com/enroll/the-bistro-615,[],1,1,1
306,b2b0a385,DentaLine,dentaline-535,BALANCE,,#1B4F72,Loyalty card for DentaLine,#FFFFFF,#CCCCCC,assets/logos/dentaline-535.png,assets/icons/dentaline-535.png,assets/strips/dentaline-535/,"[{""key"": ""web"", ""label"": ""Visit us"", ""value"": ""https://luyoa.com/dentaline-535""}, {""key"": ""support"", ""label"": ""Support"", ""value"": ""hello@luyoa.com""}]",Balance,{{balance}},Member,1000,STARTER,1,Welcome to DentaLine,2000,1,assets/icons/dentaline-535_rect.png,3,2,0,1,https://luyoa.com/enroll/dentaline-535,[],0,0,0
307,f407e94b,AutoSpa,autospa-221,STAMPS,12,#1B4F72,Loyalty card for AutoSpa,#FFFFFF,#CCCCCC,assets/logos/autospa-221.png,assets/icons/autospa-221.png,assets/strips/autospa-221/,"[{""key"": ""web"", ""label"": ""Visit us"", ""value"": ""https://luyoa.com/autospa-221""}, {""key"": ""support"", ""label"": ""Support"", ""value"": ""hello@luyoa.com""}]",Stamps,{{balance}},Member,500,CORE,1,Welcome to AutoSpa,1500,0,assets/icons/autospa-221_rect.png,1,1,0,0,https://luyoa.com/enroll/autospa-221,[],1,1,0
308,43275821,TalkFirst,talkfirst-5,STAMPS,6,#0F3460,Loyalty card for TalkFirst,#FFFFFF,#CCCCCC,assets/logos/talkfirst-5.png,assets/icons/talkfirst-5.png,assets/strips/talkfirst-5/,"[{""key"": ""web"", ""label"": ""Visit us"", ""value"": ""https://luyoa.com/talkfirst-5""}, {""key"": ""support"", ""label"": ""Support"", ""value"": ""hello@luyoa.com""}]",Stamps,{{balance}},Member,5000,GROW,1,Welcome to TalkFirst,15000,0,assets/icons/talkfirst-5_rect.png,1,1,0,1,https://luyoa.com/enroll/talkfirst-5,[],1,1,1
309,dc830a03,MedCorner,medcorner,BALANCE,,#0F3460,Loyalty card for MedCorner,#FFFFFF,#CCCCCC,assets/logos/medcorner.png,assets/icons/medcorner.png,assets/strips/medcorner/,"[{""key"": ""web"", ""label"": ""Visit us"", ""value"": ""https://luyoa.com/medcorner""}, {""key"": ""support"", ""label"": ""Support"", ""value"": ""hello@luyoa.com""}]",Balance,{{balance}},Member,2000,CORE,1,Welcome to MedCorner,10000,0,assets/icons/medcorner_rect.png,3,2,1,0,https://luyoa.com/enroll/medcorner,[],1,1,0
310,3750f717,The Book Den,the-book-den,STATIC,,#1A1A2E,Loyalty card for The Book Den,#FFFFFF,#CCCCCC,assets/logos/the-book-den.png,assets/icons/the-book-den.png,assets/strips/the-book-den/,"[{""key"": ""web"", ""label"": ""Visit us"", ""value"": ""https://luyoa.com/the-book-den""}, {""key"": ""support"", ""label"": ""Support"", ""value"": ""hello@luyoa.com""}]",Stamps,{{balance}},Member,5000,CORE,1,Welcome to The Book Den,25000,1,assets/icons/the-book-den_rect.png,1,1,0,0,https://luyoa.com/enroll/the-book-den,[],1,1,0
311,e4284e99,Glow Studio,glow-studio-728,STAMPS,8,#2C3E50,Loyalty card for Glow Studio,#FFFFFF,#CCCCCC,assets/logos/glow-studio-728.png,assets/icons/glow-studio-728.png,assets/strips/glow-studio-728/,"[{""key"": ""web"", ""label"": ""Visit us"", ""value"": ""https://luyoa.com/glow-studio-728""}, {""key"": ""support"", ""label"": ""Support"", ""value"": ""hello@luyoa.com""}]",Stamps,{{balance}},Member,5000,STARTER,1,Welcome to Glow Studio,15000,0,assets/icons/glow-studio-728_rect.png,1,1,1,1,https://luyoa.com/enroll/glow-studio-728,[],0,0,0
312,216c8874,Align Yoga,align-yoga-293,BALANCE,,#FFFFFF,Loyalty card for Align Yoga,#FFFFFF,#CCCCCC,assets/logos/align-yoga-293.png,assets/icons/align-yoga-293.png,assets/strips/align-yoga-293/,"[{""key"": ""web"", ""label"": ""Visit us"", ""value"": ""https://luyoa.com/align-yoga-293""}, {""key"": ""support"", ""label"": ""Support"", ""value"": ""hello@luyoa.com""}]",Balance,{{balance}},Member,2000,GROW,1,Welcome to Align Yoga,4000,1,assets/icons/align-yoga-293_rect.png,4,2,0,0,https://luyoa.com/enroll/align-yoga-293,[],1,1,1
313,26449090,Sunset Grill,sunset-grill-700,STAMPS,10,#FFFFFF,Loyalty card for Sunset Grill,#FFFFFF,#CCCCCC,assets/logos/sunset-grill-700.png,assets/icons/sunset-grill-700.png,assets/strips/sunset-grill-700/,"[{""key"": ""web"", ""label"": ""Visit us"", ""value"": ""https://luyoa.com/sunset-grill-700""}, {""key"": ""support"", ""label"": ""Support"", ""value"": ""hello@luyoa.com""}]",Stamps,{{balance}},Member,500,CORE,1,Welcome to Sunset Grill,1500,0,assets/icons/sunset-grill-700_rect.png,1,1,0,0,https://luyoa.com/enroll/sunset-grill-700,[],1,1,0
314,048a124a,LangCorner,langcorner-399,BALANCE,,#2C3E50,Loyalty card for LangCorner,#FFFFFF,#CCCCCC,assets/logos/langcorner-399.png,assets/icons/langcorner-399.png,assets/strips/langcorner-399/,"[{""key"": ""web"", ""label"": ""Visit us"", ""value"": ""https://luyoa.com/langcorner-399""}, {""key"": ""support"", ""label"": ""Support"", ""value"": ""hello@luyoa.com""}]",Balance,{{balance}},Member,500,GROW,1,Welcome to LangCorner,2500,1,assets/icons/langcorner-399_rect.png,2,2,0,0,https://luyoa.com/enroll/langcorner-399,[],1,1,1
315,bcc2135a,ClearVision,clearvision-14,BALANCE,,#F5F5F5,Loyalty card for ClearVision,#FFFFFF,#CCCCCC,assets/logos/clearvision-14.png,assets/icons/clearvision-14.png,assets/strips/clearvision-14/,"[{""key"": ""web"", ""label"": ""Visit us"", ""value"": ""https://luyoa.com/clearvision-14""}, {""key"": ""support"", ""label"": ""Support"", ""value"": ""hello@luyoa.com""}]",Balance,{{balance}},Member,1000,CORE,1,Welcome to ClearVision,3000,0,assets/icons/clearvision-14_rect.png,4,2,1,1,https://luyoa.com/enroll/clearvision-14,[],1,1,0
316,7f2af2bf,Tokyo Table,tokyo-table-460,BALANCE,,#1B4F72,Loyalty card for Tokyo Table,#FFFFFF,#CCCCCC,assets/logos/tokyo-table-460.png,assets/icons/tokyo-table-460.png,assets/strips/tokyo-table-460/,"[{""key"": ""web"", ""label"": ""Visit us"", ""value"": ""https://luyoa.com/tokyo-table-460""}, {""key"": ""support"", ""label"": ""Support"", ""value"": ""hello@luyoa.com""}]",Balance,{{balance}},Member,500,STARTER,1,Welcome to Tokyo Table,1000,0,assets/icons/tokyo-table-460_rect.png,2,2,1,0,https://luyoa.com/enroll/tokyo-table-460,[],0,0,0
317,99df79e8,CarGlow,carglow-6,STAMPS,10,#1B4F72,Loyalty card for CarGlow,#FFFFFF,#CCCCCC,assets/logos/carglow-6.png,assets/icons/carglow-6.png,assets/strips/carglow-6/,"[{""key"": ""web"", ""label"": ""Visit us"", ""value"": ""https://luyoa.com/carglow-6""}, {""key"": ""support"", ""label"": ""Support"", ""value"": ""hello@luyoa.com""}]",Stamps,{{balance}},Member,2000,STARTER,1,Welcome to CarGlow,4000,0,assets/icons/carglow-6_rect.png,1,1,1,1,https://luyoa.com/enroll/carglow-6,[],0,0,0
318,f5dd33c6,Harvest Table,harvest-table-809,BALANCE,,#2C3E50,Loyalty card for Harvest Table,#FFFFFF,#CCCCCC,assets/logos/harvest-table-809.png,assets/icons/harvest-table-809.png,assets/strips/harvest-table-809/,"[{""key"": ""web"", ""label"": ""Visit us"", ""value"": ""https://luyoa.com/harvest-table-809""}, {""key"": ""support"", ""label"": ""Support"", ""value"": ""hello@luyoa.com""}]",Balance,{{balance}},Member,5000,CORE,1,Welcome to Harvest Table,25000,1,assets/icons/harvest-table-809_rect.png,3,2,0,0,https://luyoa.com/enroll/harvest-table-809,[],1,1,0
319,5ebdb37a,NectarBar,nectarbar-414,STAMPS,6,#F5F5F5,Loyalty card for NectarBar,#FFFFFF,#CCCCCC,assets/logos/nectarbar-414.png,assets/icons/nectarbar-414.png,assets/strips/nectarbar-414/,"[{""key"": ""web"", ""label"": ""Visit us"", ""value"": ""https://luyoa.com/nectarbar-414""}, {""key"": ""support"", ""label"": ""Support"", ""value"": ""hello@luyoa.com""}]",Stamps,{{balance}},Member,1000,CORE,1,Welcome to NectarBar,5000,1,assets/icons/nectarbar-414_rect.png,1,1,1,0,https://luyoa.com/enroll/nectarbar-414,[],1,1,0
320,6e851c24,StyleBox,stylebox-118,BALANCE,,#0F3460,Loyalty card for StyleBox,#FFFFFF,#CCCCCC,assets/logos/stylebox-118.png,assets/icons/stylebox-118.png,assets/strips/stylebox-118/,"[{""key"": ""web"", ""label"": ""Visit us"", ""value"": ""https://luyoa.com/stylebox-118""}, {""key"": ""support"", ""label"": ""Support"", ""value"": ""hello@luyoa.com""}]",Balance,{{balance}},Member,1000,CORE,1,Welcome to StyleBox,5000,0,assets/icons/stylebox-118_rect.png,4,2,0,1,https://luyoa.com/enroll/stylebox-118,[],1,1,0
321,53d65f0a,Chapter One,chapter-one-554,BALANCE,,#FFFFFF,Loyalty card for Chapter One,#FFFFFF,#CCCCCC,assets/logos/chapter-one-554.png,assets/icons/chapter-one-554.png,assets/strips/chapter-one-554/,"[{""key"": ""web"", ""label"": ""Visit us"", ""value"": ""https://luyoa.com/chapter-one-554""}, {""key"": ""support"", ""label"": ""Support"", ""value"": ""hello@luyoa.com""}]",Balance,{{balance}},Member,1000,CORE,1,Welcome to Chapter One,3000,1,assets/icons/chapter-one-554_rect.png,1,1,1,0,https://luyoa.com/enroll/chapter-one-554,[],1,1,0
322,e361abfb,The Wardrobe,the-wardrobe-995,STAMPS,6,#F5F5F5,Loyalty card for The Wardrobe,#FFFFFF,#CCCCCC,assets/logos/the-wardrobe-995.png,assets/icons/the-wardrobe-995.png,assets/strips/the-wardrobe-995/,"[{""key"": ""web"", ""label"": ""Visit us"", ""value"": ""https://luyoa.com/the-wardrobe-995""}, {""key"": ""support"", ""label"": ""Support"", ""value"": ""hello@luyoa.com""}]",Stamps,{{balance}},Member,200,STARTER,1,Welcome to The Wardrobe,400,1,assets/icons/the-wardrobe-995_rect.png,2,2,0,0,https://luyoa.com/enroll/the-wardrobe-995,[],0,0,0
323,825b7657,OceanSushi,oceansushi-765,BALANCE,,#FFFFFF,Loyalty card for OceanSushi,#FFFFFF,#CCCCCC,assets/logos/oceansushi-765.png,assets/icons/oceansushi-765.png,assets/strips/oceansushi-765/,"[{""key"": ""web"", ""label"": ""Visit us"", ""value"": ""https://luyoa.com/oceansushi-765""}, {""key"": ""support"", ""label"": ""Support"", ""value"": ""hello@luyoa.com""}]",Balance,{{balance}},Member,500,GROW,1,Welcome to OceanSushi,1500,0,assets/icons/oceansushi-765_rect.png,3,2,0,0,https://luyoa.com/enroll/oceansushi-765,[],1,1,1
324,b3d2ca15,Olive Branch,olive-branch,STAMPS,10,#0F3460,Loyalty card for Olive Branch,#FFFFFF,#CCCCCC,assets/logos/olive-branch.png,assets/icons/olive-branch.png,assets/strips/olive-branch/,"[{""key"": ""web"", ""label"": ""Visit us"", ""value"": ""https://luyoa.com/olive-branch""}, {""key"": ""support"", ""label"": ""Support"", ""value"": ""hello@luyoa.com""}]",Stamps,{{balance}},Member,2000,STARTER,1,Welcome to Olive Branch,6000,1,assets/icons/olive-branch_rect.png,1,1,1,0,https://luyoa.com/enroll/olive-branch,[],0,0,0
325,499499af,EyeCare Plus,eyecare-plus,BALANCE,,#FFFFFF,Loyalty card for EyeCare Plus,#FFFFFF,#CCCCCC,assets/logos/eyecare-plus.png,assets/icons/eyecare-plus.png,assets/strips/eyecare-plus/,"[{""key"": ""web"", ""label"": ""Visit us"", ""value"": ""https://luyoa.com/eyecare-plus""}, {""key"": ""support"", ""label"": ""Support"", ""value"": ""hello@luyoa.com""}]",Balance,{{balance}},Member,5000,CORE,1,Welcome to EyeCare Plus,10000,1,assets/icons/eyecare-plus_rect.png,4,2,0,0,https://luyoa.com/enroll/eyecare-plus,[],1,1,0
326,e2d7420a,The Style Room,the-style-room-842,STAMPS,6,#F5F5F5,Loyalty card for The Style Room,#FFFFFF,#CCCCCC,assets/logos/the-style-room-842.png,assets/icons/the-style-room-842.png,assets/strips/the-style-room-842/,"[{""key"": ""web"", ""label"": ""Visit us"", ""value"": ""https://luyoa.com/the-style-room-842""}, {""key"": ""support"", ""label"": ""Support"", ""value"": ""hello@luyoa.com""}]",Stamps,{{balance}},Member,2000,STARTER,1,Welcome to The Style Room,4000,1,assets/icons/the-style-room-842_rect.png,3,2,1,1,https://luyoa.com/enroll/the-style-room-842,[],0,0,0
327,19a464ef,QuickMeds,quickmeds,BALANCE,,#2C3E50,Loyalty card for QuickMeds,#FFFFFF,#CCCCCC,assets/logos/quickmeds.png,assets/icons/quickmeds.png,assets/strips/quickmeds/,"[{""key"": ""web"", ""label"": ""Visit us"", ""value"": ""https://luyoa.com/quickmeds""}, {""key"": ""support"", ""label"": ""Support"", ""value"": ""hello@luyoa.com""}]",Balance,{{balance}},Member,200,GROW,1,Welcome to QuickMeds,400,0,assets/icons/quickmeds_rect.png,4,2,0,0,https://luyoa.com/enroll/quickmeds,[],1,1,1
328,3b7788db,Cellar Door,cellar-door-767,BALANCE,,#F5F5F5,Loyalty card for Cellar Door,#FFFFFF,#CCCCCC,assets/logos/cellar-door-767.png,assets/icons/cellar-door-767.png,assets/strips/cellar-door-767/,"[{""key"": ""web"", ""label"": ""Visit us"", ""value"": ""https://luyoa.com/cellar-door-767""}, {""key"": ""support"", ""label"": ""Support"", ""value"": ""hello@luyoa.com""}]",Balance,{{balance}},Member,1000,CORE,1,Welcome to Cellar Door,5000,0,assets/icons/cellar-door-767_rect.png,3,2,0,0,https://luyoa.com/enroll/cellar-door-767,[],1,1,0
329,fa258d79,WhiteSmile,whitesmile-873,BALANCE,,#2C3E50,Loyalty card for WhiteSmile,#FFFFFF,#CCCCCC,assets/logos/whitesmile-873.png,assets/icons/whitesmile-873.png,assets/strips/whitesmile-873/,"[{""key"": ""web"", ""label"": ""Visit us"", ""value"": ""https://luyoa.com/whitesmile-873""}, {""key"": ""support"", ""label"": ""Support"", ""value"": ""hello@luyoa.com""}]",Balance,{{balance}},Member,200,STARTER,1,Welcome to WhiteSmile,1000,0,assets/icons/whitesmile-873_rect.png,1,1,1,1,https://luyoa.com/enroll/whitesmile-873,[],0,0,0
330,43f036bc,Snappy Meals,snappy-meals-132,STAMPS,8,#1A1A2E,Loyalty card for Snappy Meals,#FFFFFF,#CCCCCC,assets/logos/snappy-meals-132.png,assets/icons/snappy-meals-132.png,assets/strips/snappy-meals-132/,"[{""key"": ""web"", ""label"": ""Visit us"", ""value"": ""https://luyoa.com/snappy-meals-132""}, {""key"": ""support"", ""label"": ""Support"", ""value"": ""hello@luyoa.com""}]",Stamps,{{balance}},Member,200,STARTER,1,Welcome to Snappy Meals,400,1,assets/icons/snappy-meals-132_rect.png,3,2,1,0,https://luyoa.com/enroll/snappy-meals-132,[],0,0,0
331,bb2adfe1,Shelf Life,shelf-life-581,STAMPS,10,#0F3460,Loyalty card for Shelf Life,#FFFFFF,#CCCCCC,assets/logos/shelf-life-581.png,assets/icons/shelf-life-581.png,assets/strips/shelf-life-581/,"[{""key"": ""web"", ""label"": ""Visit us"", ""value"": ""https://luyoa.com/shelf-life-581""}, {""key"": ""support"", ""label"": ""Support"", ""value"": ""hello@luyoa.com""}]",Stamps,{{balance}},Member,1000,STARTER,1,Welcome to Shelf Life,3000,0,assets/icons/shelf-life-581_rect.png,1,1,0,1,https://luyoa.com/enroll/shelf-life-581,[],0,0,0
332,ffd110ff,CleanDrive,cleandrive,STAMPS,12,#1A1A2E,Loyalty card for CleanDrive,#FFFFFF,#CCCCCC,assets/logos/cleandrive.png,assets/icons/cleandrive.png,assets/strips/cleandrive/,"[{""key"": ""web"", ""label"": ""Visit us"", ""value"": ""https://luyoa.com/cleandrive""}, {""key"": ""support"", ""label"": ""Support"", ""value"": ""hello@luyoa.com""}]",Stamps,{{balance}},Member,1000,STARTER,1,Welcome to CleanDrive,2000,0,assets/icons/cleandrive_rect.png,3,2,0,0,https://luyoa.com/enroll/cleandrive,[],0,0,0
333,9cfc1798,MedPlus,medplus-745,STAMPS,6,#2C3E50,Loyalty card for MedPlus,#FFFFFF,#CCCCCC,assets/logos/medplus-745.png,assets/icons/medplus-745.png,assets/strips/medplus-745/,"[{""key"": ""web"", ""label"": ""Visit us"", ""value"": ""https://luyoa.com/medplus-745""}, {""key"": ""support"", ""label"": ""Support"", ""value"": ""hello@luyoa.com""}]",Stamps,{{balance}},Member,200,STARTER,1,Welcome to MedPlus,1000,1,assets/icons/medplus-745_rect.png,4,2,0,0,https://luyoa.com/enroll/medplus-745,[],0,0,0
334,b581ee97,The Sushi Bar,the-sushi-bar-375,STAMPS,12,#2C3E50,Loyalty card for The Sushi Bar,#FFFFFF,#CCCCCC,assets/logos/the-sushi-bar-375.png,assets/icons/the-sushi-bar-375.png,assets/strips/the-sushi-bar-375/,"[{""key"": ""web"", ""label"": ""Visit us"", ""value"": ""https://luyoa.com/the-sushi-bar-375""}, {""key"": ""support"", ""label"": ""Support"", ""value"": ""hello@luyoa.com""}]",Stamps,{{balance}},Member,500,GROW,1,Welcome to The Sushi Bar,1500,0,assets/icons/the-sushi-bar-375_rect.png,4,2,1,1,https://luyoa.com/enroll/the-sushi-bar-375,[],1,1,1
335,940d545b,TheFreshBar,thefreshbar-869,STAMPS,8,#F5F5F5,Loyalty card for TheFreshBar,#FFFFFF,#CCCCCC,assets/logos/thefreshbar-869.png,assets/icons/thefreshbar-869.png,assets/strips/thefreshbar-869/,"[{""key"": ""web"", ""label"": ""Visit us"", ""value"": ""https://luyoa.com/thefreshbar-869""}, {""key"": ""support"", ""label"": ""Support"", ""value"": ""hello@luyoa.com""}]",Stamps,{{balance}},Member,5000,STARTER,1,Welcome to TheFreshBar,10000,0,assets/icons/thefreshbar-869_rect.png,1,1,1,0,https://luyoa.com/enroll/thefreshbar-869,[],0,0,0
336,b79d0214,The Dining Room,the-dining-room-240,STAMPS,6,#2C3E50,Loyalty card for The Dining Room,#FFFFFF,#CCCCCC,assets/logos/the-dining-room-240.png,assets/icons/the-dining-room-240.png,assets/strips/the-dining-room-240/,"[{""key"": ""web"", ""label"": ""Visit us"", ""value"": ""https://luyoa.com/the-dining-room-240""}, {""key"": ""support"", ""label"": ""Support"", ""value"": ""hello@luyoa.com""}]",Stamps,{{balance}},Member,500,CORE,1,Welcome to The Dining Room,1500,1,assets/icons/the-dining-room-240_rect.png,1,1,1,0,https://luyoa.com/enroll/the-dining-room-240,[],1,1,0
337,385189a0,La Piazza,la-piazza-649,STAMPS,10,#2C3E50,Loyalty card for La Piazza,#FFFFFF,#CCCCCC,assets/logos/la-piazza-649.png,assets/icons/la-piazza-649.png,assets/strips/la-piazza-649/,"[{""key"": ""web"", ""label"": ""Visit us"", ""value"": ""https://luyoa.com/la-piazza-649""}, {""key"": ""support"", ""label"": ""Support"", ""value"": ""hello@luyoa.com""}]",Stamps,{{balance}},Member,1000,CORE,1,Welcome to La Piazza,2000,1,assets/icons/la-piazza-649_rect.png,1,1,1,0,https://luyoa.com/enroll/la-piazza-649,[],1,1,0
338,5c4208da,TheWinery,thewinery-997,STAMPS,8,#0F3460,Loyalty card for TheWinery,#FFFFFF,#CCCCCC,assets/logos/thewinery-997.png,assets/icons/thewinery-997.png,assets/strips/thewinery-997/,"[{""key"": ""web"", ""label"": ""Visit us"", ""value"": ""https://luyoa.com/thewinery-997""}, {""key"": ""support"", ""label"": ""Support"", ""value"": ""hello@luyoa.com""}]",Stamps,{{balance}},Member,5000,GROW,1,Welcome to TheWinery,15000,1,assets/icons/thewinery-997_rect.png,1,1,1,1,https://luyoa.com/enroll/thewinery-997,[],1,1,1
339,de95f0c4,Cafe Central,cafe-central,BALANCE,,#F5F5F5,Loyalty card for Cafe Central,#FFFFFF,#CCCCCC,assets/logos/cafe-central.png,assets/icons/cafe-central.png,assets/strips/cafe-central/,"[{""key"": ""web"", ""label"": ""Visit us"", ""value"": ""https://luyoa.com/cafe-central""}, {""key"": ""support"", ""label"": ""Support"", ""value"": ""hello@luyoa.com""}]",Balance,{{balance}},Member,1000,STARTER,1,Welcome to Cafe Central,2000,1,assets/icons/cafe-central_rect.png,1,1,0,1,https://luyoa.com/enroll/cafe-central,[],0,0,0
340,3b634afb,CleanBite,cleanbite,BALANCE,,#2C3E50,Loyalty card for CleanBite,#FFFFFF,#CCCCCC,assets/logos/cleanbite.png,assets/icons/cleanbite.png,assets/strips/cleanbite/,"[{""key"": ""web"", ""label"": ""Visit us"", ""value"": ""https://luyoa.com/cleanbite""}, {""key"": ""support"", ""label"": ""Support"", ""value"": ""hello@luyoa.com""}]",Balance,{{balance}},Member,500,STARTER,1,Welcome to CleanBite,1500,0,assets/icons/cleanbite_rect.png,1,1,0,0,https://luyoa.com/enroll/cleanbite,[],0,0,0
341,1d328276,CarePharm,carepharm-151,BALANCE,,#F5F5F5,Loyalty card for CarePharm,#FFFFFF,#CCCCCC,assets/logos/carepharm-151.png,assets/icons/carepharm-151.png,assets/strips/carepharm-151/,"[{""key"": ""web"", ""label"": ""Visit us"", ""value"": ""https://luyoa.com/carepharm-151""}, {""key"": ""support"", ""label"": ""Support"", ""value"": ""hello@luyoa.com""}]",Balance,{{balance}},Member,200,STARTER,1,Welcome to CarePharm,400,1,assets/icons/carepharm-151_rect.png,2,2,0,1,https://luyoa.com/enroll/carepharm-151,[],0,0,0
342,fd5b6c51,Fabric House,fabric-house-175,STATIC,,#0F3460,Loyalty card for Fabric House,#FFFFFF,#CCCCCC,assets/logos/fabric-house-175.png,assets/icons/fabric-house-175.png,assets/strips/fabric-house-175/,"[{""key"": ""web"", ""label"": ""Visit us"", ""value"": ""https://luyoa.com/fabric-house-175""}, {""key"": ""support"", ""label"": ""Support"", ""value"": ""hello@luyoa.com""}]",Stamps,{{balance}},Member,500,STARTER,1,Welcome to Fabric House,2500,0,assets/icons/fabric-house-175_rect.png,3,2,1,0,https://luyoa.com/enroll/fabric-house-175,[],0,0,0
343,4398a8dc,The Book Den,the-book-den-395,STATIC,,#FFFFFF,Loyalty card for The Book Den,#FFFFFF,#CCCCCC,assets/logos/the-book-den-395.png,assets/icons/the-book-den-395.png,assets/strips/the-book-den-395/,"[{""key"": ""web"", ""label"": ""Visit us"", ""value"": ""https://luyoa.com/the-book-den-395""}, {""key"": ""support"", ""label"": ""Support"", ""value"": ""hello@luyoa.com""}]",Stamps,{{balance}},Member,500,CORE,0,Welcome to The Book Den,2500,1,assets/icons/the-book-den-395_rect.png,1,1,0,1,https://luyoa.com/enroll/the-book-den-395,[],1,1,0
344,784a03d5,The Dough Co,the-dough-co-516,STAMPS,6,#0F3460,Loyalty card for The Dough Co,#FFFFFF,#CCCCCC,assets/logos/the-dough-co-516.png,assets/icons/the-dough-co-516.png,assets/strips/the-dough-co-516/,"[{""key"": ""web"", ""label"": ""Visit us"", ""value"": ""https://luyoa.com/the-dough-co-516""}, {""key"": ""support"", ""label"": ""Support"", ""value"": ""hello@luyoa.com""}]",Stamps,{{balance}},Member,200,GROW,1,Welcome to The Dough Co,1000,0,assets/icons/the-dough-co-516_rect.png,1,1,1,1,https://luyoa.com/enroll/the-dough-co-516,[],1,1,1
345,cddd7241,CleanDrive,cleandrive-809,STAMPS,12,#2C3E50,Loyalty card for CleanDrive,#FFFFFF,#CCCCCC,assets/logos/cleandrive-809.png,assets/icons/cleandrive-809.png,assets/strips/cleandrive-809/,"[{""key"": ""web"", ""label"": ""Visit us"", ""value"": ""https://luyoa.com/cleandrive-809""}, {""key"": ""support"", ""label"": ""Support"", ""value"": ""hello@luyoa.com""}]",Stamps,{{balance}},Member,1000,STARTER,1,Welcome to CleanDrive,5000,0,assets/icons/cleandrive-809_rect.png,2,2,1,0,https://luyoa.com/enroll/cleandrive-809,[],0,0,0
346,4da9ed3a,HomeGrocer,homegrocer-898,BALANCE,,#0F3460,Loyalty card for HomeGrocer,#FFFFFF,#CCCCCC,assets/logos/homegrocer-898.png,assets/icons/homegrocer-898.png,assets/strips/homegrocer-898/,"[{""key"": ""web"", ""label"": ""Visit us"", ""value"": ""https://luyoa.com/homegrocer-898""}, {""key"": ""support"", ""label"": ""Support"", ""value"": ""hello@luyoa.com""}]",Balance,{{balance}},Member,5000,STARTER,1,Welcome to HomeGrocer,10000,0,assets/icons/homegrocer-898_rect.png,3,2,0,1,https://luyoa.com/enroll/homegrocer-898,[],0,0,0
347,018e5bba,Espresso Lab,espresso-lab-110,BALANCE,,#0F3460,Loyalty card for Espresso Lab,#FFFFFF,#CCCCCC,assets/logos/espresso-lab-110.png,assets/icons/espresso-lab-110.png,assets/strips/espresso-lab-110/,"[{""key"": ""web"", ""label"": ""Visit us"", ""value"": ""https://luyoa.com/espresso-lab-110""}, {""key"": ""support"", ""label"": ""Support"", ""value"": ""hello@luyoa.com""}]",Balance,{{balance}},Member,500,STARTER,1,Welcome to Espresso Lab,1500,1,assets/icons/espresso-lab-110_rect.png,3,2,1,1,https://luyoa.com/enroll/espresso-lab-110,[],0,0,0
348,a09d20eb,FurEver,furever-424,STAMPS,12,#1A1A2E,Loyalty card for FurEver,#FFFFFF,#CCCCCC,assets/logos/furever-424.png,assets/icons/furever-424.png,assets/strips/furever-424/,"[{""key"": ""web"", ""label"": ""Visit us"", ""value"": ""https://luyoa.com/furever-424""}, {""key"": ""support"", ""label"": ""Support"", ""value"": ""hello@luyoa.com""}]",Stamps,{{balance}},Member,500,GROW,1,Welcome to FurEver,1500,1,assets/icons/furever-424_rect.png,1,1,1,1,https://luyoa.com/enroll/furever-424,[],1,1,1
349,e1673e52,HappyPet,happypet-766,STAMPS,8,#1B4F72,Loyalty card for HappyPet,#FFFFFF,#CCCCCC,assets/logos/happypet-766.png,assets/icons/happypet-766.png,assets/strips/happypet-766/,"[{""key"": ""web"", ""label"": ""Visit us"", ""value"": ""https://luyoa.com/happypet-766""}, {""key"": ""support"", ""label"": ""Support"", ""value"": ""hello@luyoa.com""}]",Stamps,{{balance}},Member,2000,STARTER,1,Welcome to HappyPet,4000,0,assets/icons/happypet-766_rect.png,1,1,1,0,https://luyoa.com/enroll/happypet-766,[],0,0,0
350,6a2adcd7,SushiPoint,sushipoint-988,BALANCE,,#FFFFFF,Loyalty card for SushiPoint,#FFFFFF,#CCCCCC,assets/logos/sushipoint-988.png,assets/icons/sushipoint-988.png,assets/strips/sushipoint-988/,"[{""key"": ""web"", ""label"": ""Visit us"", ""value"": ""https://luyoa.com/sushipoint-988""}, {""key"": ""support"", ""label"": ""Support"", ""value"": ""hello@luyoa.com""}]",Balance,{{balance}},Member,200,CORE,1,Welcome to SushiPoint,600,1,assets/icons/sushipoint-988_rect.png,1,1,0,0,https://luyoa.com/enroll/sushipoint-988,[],1,1,0
351,406c0be3,The Fresh Store,the-fresh-store-954,BALANCE,,#2C3E50,Loyalty card for The Fresh Store,#FFFFFF,#CCCCCC,assets/logos/the-fresh-store-954.png,assets/icons/the-fresh-store-954.png,assets/strips/the-fresh-store-954/,"[{""key"": ""web"", ""label"": ""Visit us"", ""value"": ""https://luyoa.com/the-fresh-store-954""}, {""key"": ""support"", ""label"": ""Support"", ""value"": ""hello@luyoa.com""}]",Balance,{{balance}},Member,2000,STARTER,1,Welcome to The Fresh Store,6000,0,assets/icons/the-fresh-store-954_rect.png,1,1,0,1,https://luyoa.com/enroll/the-fresh-store-954,[],0,0,0
352,01cd61b5,Mindful Yoga,mindful-yoga-200,BALANCE,,#2C3E50,Loyalty card for Mindful Yoga,#FFFFFF,#CCCCCC,assets/logos/mindful-yoga-200.png,assets/icons/mindful-yoga-200.png,assets/strips/mindful-yoga-200/,"[{""key"": ""web"", ""label"": ""Visit us"", ""value"": ""https://luyoa.com/mindful-yoga-200""}, {""key"": ""support"", ""label"": ""Support"", ""value"": ""hello@luyoa.com""}]",Balance,{{balance}},Member,200,STARTER,1,Welcome to Mindful Yoga,1000,0,assets/icons/mindful-yoga-200_rect.png,4,2,0,1,https://luyoa.com/enroll/mindful-yoga-200,[],0,0,0
353,44614c8d,Sunset Grill,sunset-grill-799,BALANCE,,#1A1A2E,Loyalty card for Sunset Grill,#FFFFFF,#CCCCCC,assets/logos/sunset-grill-799.png,assets/icons/sunset-grill-799.png,assets/strips/sunset-grill-799/,"[{""key"": ""web"", ""label"": ""Visit us"", ""value"": ""https://luyoa.com/sunset-grill-799""}, {""key"": ""support"", ""label"": ""Support"", ""value"": ""hello@luyoa.com""}]",Balance,{{balance}},Member,2000,CORE,1,Welcome to Sunset Grill,6000,0,assets/icons/sunset-grill-799_rect.png,2,2,0,1,https://luyoa.com/enroll/sunset-grill-799,[],1,1,0
354,192fcec4,Bite Rush,bite-rush-357,STATIC,,#1A1A2E,Loyalty card for Bite Rush,#FFFFFF,#CCCCCC,assets/logos/bite-rush-357.png,assets/icons/bite-rush-357.png,assets/strips/bite-rush-357/,"[{""key"": ""web"", ""label"": ""Visit us"", ""value"": ""https://luyoa.com/bite-rush-357""}, {""key"": ""support"", ""label"": ""Support"", ""value"": ""hello@luyoa.com""}]",Stamps,{{balance}},Member,1000,CORE,1,Welcome to Bite Rush,2000,1,assets/icons/bite-rush-357_rect.png,4,2,1,1,https://luyoa.com/enroll/bite-rush-357,[],1,1,0
355,106b6b60,Cafe Central,cafe-central-516,STAMPS,10,#FFFFFF,Loyalty card for Cafe Central,#FFFFFF,#CCCCCC,assets/logos/cafe-central-516.png,assets/icons/cafe-central-516.png,assets/strips/cafe-central-516/,"[{""key"": ""web"", ""label"": ""Visit us"", ""value"": ""https://luyoa.com/cafe-central-516""}, {""key"": ""support"", ""label"": ""Support"", ""value"": ""hello@luyoa.com""}]",Stamps,{{balance}},Member,1000,CORE,1,Welcome to Cafe Central,3000,1,assets/icons/cafe-central-516_rect.png,1,1,1,0,https://luyoa.com/enroll/cafe-central-516,[],1,1,0
356,1d7c48e1,BottleShop,bottleshop-698,BALANCE,,#2C3E50,Loyalty card for BottleShop,#FFFFFF,#CCCCCC,assets/logos/bottleshop-698.png,assets/icons/bottleshop-698.png,assets/strips/bottleshop-698/,"[{""key"": ""web"", ""label"": ""Visit us"", ""value"": ""https://luyoa.com/bottleshop-698""}, {""key"": ""support"", ""label"": ""Support"", ""value"": ""hello@luyoa.com""}]",Balance,{{balance}},Member,2000,STARTER,1,Welcome to BottleShop,6000,0,assets/icons/bottleshop-698_rect.png,1,1,1,0,https://luyoa.com/enroll/bottleshop-698,[],0,0,0
357,7a730159,BrightEyes,brighteyes-423,BALANCE,,#2C3E50,Loyalty card for BrightEyes,#FFFFFF,#CCCCCC,assets/logos/brighteyes-423.png,assets/icons/brighteyes-423.png,assets/strips/brighteyes-423/,"[{""key"": ""web"", ""label"": ""Visit us"", ""value"": ""https://luyoa.com/brighteyes-423""}, {""key"": ""support"", ""label"": ""Support"", ""value"": ""hello@luyoa.com""}]",Balance,{{balance}},Member,1000,GROW,1,Welcome to BrightEyes,5000,1,assets/icons/brighteyes-423_rect.png,2,2,0,0,https://luyoa.com/enroll/brighteyes-423,[],1,1,1
358,bbfaa5e3,Grab & Go,grab-and-go,STAMPS,8,#1A1A2E,Loyalty card for Grab & Go,#FFFFFF,#CCCCCC,assets/logos/grab-and-go.png,assets/icons/grab-and-go.png,assets/strips/grab-and-go/,"[{""key"": ""web"", ""label"": ""Visit us"", ""value"": ""https://luyoa.com/grab-and-go""}, {""key"": ""support"", ""label"": ""Support"", ""value"": ""hello@luyoa.com""}]",Stamps,{{balance}},Member,2000,CORE,1,Welcome to Grab & Go,10000,1,assets/icons/grab-and-go_rect.png,1,1,0,1,https://luyoa.com/enroll/grab-and-go,[],1,1,0
359,954a1455,The Spa Room,the-spa-room,BALANCE,,#F5F5F5,Loyalty card for The Spa Room,#FFFFFF,#CCCCCC,assets/logos/the-spa-room.png,assets/icons/the-spa-room.png,assets/strips/the-spa-room/,"[{""key"": ""web"", ""label"": ""Visit us"", ""value"": ""https://luyoa.com/the-spa-room""}, {""key"": ""support"", ""label"": ""Support"", ""value"": ""hello@luyoa.com""}]",Balance,{{balance}},Member,500,STARTER,1,Welcome to The Spa Room,1500,0,assets/icons/the-spa-room_rect.png,3,2,0,0,https://luyoa.com/enroll/the-spa-room,[],0,0,0
360,3e9bdf7e,Quick Bite,quick-bite-869,BALANCE,,#1A1A2E,Loyalty card for Quick Bite,#FFFFFF,#CCCCCC,assets/logos/quick-bite-869.png,assets/icons/quick-bite-869.png,assets/strips/quick-bite-869/,"[{""key"": ""web"", ""label"": ""Visit us"", ""value"": ""https://luyoa.com/quick-bite-869""}, {""key"": ""support"", ""label"": ""Support"", ""value"": ""hello@luyoa.com""}]",Balance,{{balance}},Member,2000,CORE,1,Welcome to Quick Bite,6000,1,assets/icons/quick-bite-869_rect.png,4,2,1,0,https://luyoa.com/enroll/quick-bite-869,[],1,1,0
361,07a53417,NectarBar,nectarbar-819,STAMPS,12,#2C3E50,Loyalty card for NectarBar,#FFFFFF,#CCCCCC,assets/logos/nectarbar-819.png,assets/icons/nectarbar-819.png,assets/strips/nectarbar-819/,"[{""key"": ""web"", ""label"": ""Visit us"", ""value"": ""https://luyoa.com/nectarbar-819""}, {""key"": ""support"", ""label"": ""Support"", ""value"": ""hello@luyoa.com""}]",Stamps,{{balance}},Member,2000,STARTER,0,Welcome to NectarBar,6000,1,assets/icons/nectarbar-819_rect.png,2,2,0,0,https://luyoa.com/enroll/nectarbar-819,[],0,0,0
362,e9cd4ae3,The Bakehouse,the-bakehouse-389,BALANCE,,#FFFFFF,Loyalty card for The Bakehouse,#FFFFFF,#CCCCCC,assets/logos/the-bakehouse-389.png,assets/icons/the-bakehouse-389.png,assets/strips/the-bakehouse-389/,"[{""key"": ""web"", ""label"": ""Visit us"", ""value"": ""https://luyoa.com/the-bakehouse-389""}, {""key"": ""support"", ""label"": ""Support"", ""value"": ""hello@luyoa.com""}]",Balance,{{balance}},Member,5000,CORE,1,Welcome to The Bakehouse,25000,1,assets/icons/the-bakehouse-389_rect.png,2,2,0,1,https://luyoa.com/enroll/the-bakehouse-389,[],1,1,0
363,3a24a866,Green Basket,green-basket,BALANCE,,#F5F5F5,Loyalty card for Green Basket,#FFFFFF,#CCCCCC,assets/logos/green-basket.png,assets/icons/green-basket.png,assets/strips/green-basket/,"[{""key"": ""web"", ""label"": ""Visit us"", ""value"": ""https://luyoa.com/green-basket""}, {""key"": ""support"", ""label"": ""Support"", ""value"": ""hello@luyoa.com""}]",Balance,{{balance}},Member,2000,CORE,1,Welcome to Green Basket,6000,1,assets/icons/green-basket_rect.png,3,2,1,0,https://luyoa.com/enroll/green-basket,[],1,1,0
364,82cbbd57,SpeakEasy,speakeasy,BALANCE,,#F5F5F5,Loyalty card for SpeakEasy,#FFFFFF,#CCCCCC,assets/logos/speakeasy.png,assets/icons/speakeasy.png,assets/strips/speakeasy/,"[{""key"": ""web"", ""label"": ""Visit us"", ""value"": ""https://luyoa.com/speakeasy""}, {""key"": ""support"", ""label"": ""Support"", ""value"": ""hello@luyoa.com""}]",Balance,{{balance}},Member,1000,STARTER,1,Welcome to SpeakEasy,3000,0,assets/icons/speakeasy_rect.png,2,2,0,1,https://luyoa.com/enroll/speakeasy,[],0,0,0
365,20a7bf6d,PharmaCare,pharmacare,BALANCE,,#2C3E50,Loyalty card for PharmaCare,#FFFFFF,#CCCCCC,assets/logos/pharmacare.png,assets/icons/pharmacare.png,assets/strips/pharmacare/,"[{""key"": ""web"", ""label"": ""Visit us"", ""value"": ""https://luyoa.com/pharmacare""}, {""key"": ""support"", ""label"": ""Support"", ""value"": ""hello@luyoa.com""}]",Balance,{{balance}},Member,5000,STARTER,1,Welcome to PharmaCare,15000,1,assets/icons/pharmacare_rect.png,1,1,1,1,https://luyoa.com/enroll/pharmacare,[],0,0,0
366,3f24a3e6,Cellar Door,cellar-door-834,BALANCE,,#0F3460,Loyalty card for Cellar Door,#FFFFFF,#CCCCCC,assets/logos/cellar-door-834.png,assets/icons/cellar-door-834.png,assets/strips/cellar-door-834/,"[{""key"": ""web"", ""label"": ""Visit us"", ""value"": ""https://luyoa.com/cellar-door-834""}, {""key"": ""support"", ""label"": ""Support"", ""value"": ""hello@luyoa.com""}]",Balance,{{balance}},Member,1000,STARTER,1,Welcome to Cellar Door,2000,1,assets/icons/cellar-door-834_rect.png,1,1,1,0,https://luyoa.com/enroll/cellar-door-834,[],0,0,0
367,cb7d2495,PawsFirst,pawsfirst,BALANCE,,#1A1A2E,Loyalty card for PawsFirst,#FFFFFF,#CCCCCC,assets/logos/pawsfirst.png,assets/icons/pawsfirst.png,assets/strips/pawsfirst/,"[{""key"": ""web"", ""label"": ""Visit us"", ""value"": ""https://luyoa.com/pawsfirst""}, {""key"": ""support"", ""label"": ""Support"", ""value"": ""hello@luyoa.com""}]",Balance,{{balance}},Member,200,CORE,1,Welcome to PawsFirst,1000,0,assets/icons/pawsfirst_rect.png,3,2,0,0,https://luyoa.com/enroll/pawsfirst,[],1,1,0
368,7c9c3b1d,HappyPet,happypet-391,BALANCE,,#1A1A2E,Loyalty card for HappyPet,#FFFFFF,#CCCCCC,assets/logos/happypet-391.png,assets/icons/happypet-391.png,assets/strips/happypet-391/,"[{""key"": ""web"", ""label"": ""Visit us"", ""value"": ""https://luyoa.com/happypet-391""}, {""key"": ""support"", ""label"": ""Support"", ""value"": ""hello@luyoa.com""}]",Balance,{{balance}},Member,5000,CORE,1,Welcome to HappyPet,10000,0,assets/icons/happypet-391_rect.png,3,2,1,0,https://luyoa.com/enroll/happypet-391,[],1,1,0
369,faf24b7d,The Tech Store,the-tech-store-352,BALANCE,,#1A1A2E,Loyalty card for The Tech Store,#FFFFFF,#CCCCCC,assets/logos/the-tech-store-352.png,assets/icons/the-tech-store-352.png,assets/strips/the-tech-store-352/,"[{""key"": ""web"", ""label"": ""Visit us"", ""value"": ""https://luyoa.com/the-tech-store-352""}, {""key"": ""support"", ""label"": ""Support"", ""value"": ""hello@luyoa.com""}]",Balance,{{balance}},Member,500,GROW,1,Welcome to The Tech Store,1500,1,assets/icons/the-tech-store-352_rect.png,1,1,1,0,https://luyoa.com/enroll/the-tech-store-352,[],1,1,1
370,5df11859,TalkFirst,talkfirst-424,STAMPS,8,#FFFFFF,Loyalty card for TalkFirst,#FFFFFF,#CCCCCC,assets/logos/talkfirst-424.png,assets/icons/talkfirst-424.png,assets/strips/talkfirst-424/,"[{""key"": ""web"", ""label"": ""Visit us"", ""value"": ""https://luyoa.com/talkfirst-424""}, {""key"": ""support"", ""label"": ""Support"", ""value"": ""hello@luyoa.com""}]",Stamps,{{balance}},Member,500,GROW,1,Welcome to TalkFirst,1000,1,assets/icons/talkfirst-424_rect.png,4,2,0,0,https://luyoa.com/enroll/talkfirst-424,[],1,1,1
371,0cddbc1b,Boost Gym,boost-gym-56,BALANCE,,#0F3460,Loyalty card for Boost Gym,#FFFFFF,#CCCCCC,assets/logos/boost-gym-56.png,assets/icons/boost-gym-56.png,assets/strips/boost-gym-56/,"[{""key"": ""web"", ""label"": ""Visit us"", ""value"": ""https://luyoa.com/boost-gym-56""}, {""key"": ""support"", ""label"": ""Support"", ""value"": ""hello@luyoa.com""}]",Balance,{{balance}},Member,200,STARTER,1,Welcome to Boost Gym,400,0,assets/icons/boost-gym-56_rect.png,3,2,1,1,https://luyoa.com/enroll/boost-gym-56,[],0,0,0
372,326ddaa8,Wellness Hub,wellness-hub-254,BALANCE,,#0F3460,Loyalty card for Wellness Hub,#FFFFFF,#CCCCCC,assets/logos/wellness-hub-254.png,assets/icons/wellness-hub-254.png,assets/strips/wellness-hub-254/,"[{""key"": ""web"", ""label"": ""Visit us"", ""value"": ""https://luyoa.com/wellness-hub-254""}, {""key"": ""support"", ""label"": ""Support"", ""value"": ""hello@luyoa.com""}]",Balance,{{balance}},Member,1000,GROW,1,Welcome to Wellness Hub,2000,0,assets/icons/wellness-hub-254_rect.png,1,1,0,0,https://luyoa.com/enroll/wellness-hub-254,[],1,1,1
373,f0879e19,FurryFriends,furryfriends-958,STAMPS,10,#0F3460,Loyalty card for FurryFriends,#FFFFFF,#CCCCCC,assets/logos/furryfriends-958.png,assets/icons/furryfriends-958.png,assets/strips/furryfriends-958/,"[{""key"": ""web"", ""label"": ""Visit us"", ""value"": ""https://luyoa.com/furryfriends-958""}, {""key"": ""support"", ""label"": ""Support"", ""value"": ""hello@luyoa.com""}]",Stamps,{{balance}},Member,5000,STARTER,1,Welcome to FurryFriends,25000,0,assets/icons/furryfriends-958_rect.png,1,1,1,1,https://luyoa.com/enroll/furryfriends-958,[],0,0,0
374,6a6957aa,PourMore,pourmore-494,BALANCE,,#F5F5F5,Loyalty card for PourMore,#FFFFFF,#CCCCCC,assets/logos/pourmore-494.png,assets/icons/pourmore-494.png,assets/strips/pourmore-494/,"[{""key"": ""web"", ""label"": ""Visit us"", ""value"": ""https://luyoa.com/pourmore-494""}, {""key"": ""support"", ""label"": ""Support"", ""value"": ""hello@luyoa.com""}]",Balance,{{balance}},Member,5000,CORE,1,Welcome to PourMore,15000,1,assets/icons/pourmore-494_rect.png,1,1,1,0,https://luyoa.com/enroll/pourmore-494,[],1,1,0
375,2259a7ba,Market One,market-one-294,BALANCE,,#2C3E50,Loyalty card for Market One,#FFFFFF,#CCCCCC,assets/logos/market-one-294.png,assets/icons/market-one-294.png,assets/strips/market-one-294/,"[{""key"": ""web"", ""label"": ""Visit us"", ""value"": ""https://luyoa.com/market-one-294""}, {""key"": ""support"", ""label"": ""Support"", ""value"": ""hello@luyoa.com""}]",Balance,{{balance}},Member,2000,STARTER,0,Welcome to Market One,6000,1,assets/icons/market-one-294_rect.png,2,2,1,0,https://luyoa.com/enroll/market-one-294,[],0,0,0
376,e62a0c4a,WashPro,washpro,BALANCE,,#2C3E50,Loyalty card for WashPro,#FFFFFF,#CCCCCC,assets/logos/washpro.png,assets/icons/washpro.png,assets/strips/washpro/,"[{""key"": ""web"", ""label"": ""Visit us"", ""value"": ""https://luyoa.com/washpro""}, {""key"": ""support"", ""label"": ""Support"", ""value"": ""hello@luyoa.com""}]",Balance,{{balance}},Member,2000,CORE,1,Welcome to WashPro,4000,0,assets/icons/washpro_rect.png,4,2,1,0,https://luyoa.com/enroll/washpro,[],1,1,0
377,0b94432f,WhiteSmile,whitesmile-827,BALANCE,,#1A1A2E,Loyalty card for WhiteSmile,#FFFFFF,#CCCCCC,assets/logos/whitesmile-827.png,assets/icons/whitesmile-827.png,assets/strips/whitesmile-827/,"[{""key"": ""web"", ""label"": ""Visit us"", ""value"": ""https://luyoa.com/whitesmile-827""}, {""key"": ""support"", ""label"": ""Support"", ""value"": ""hello@luyoa.com""}]",Balance,{{balance}},Member,1000,CORE,1,Welcome to WhiteSmile,5000,1,assets/icons/whitesmile-827_rect.png,1,1,1,0,https://luyoa.com/enroll/whitesmile-827,[],1,1,0
378,04697f78,The Quick Plate,the-quick-plate-279,STAMPS,12,#1A1A2E,Loyalty card for The Quick Plate,#FFFFFF,#CCCCCC,assets/logos/the-quick-plate-279.png,assets/icons/the-quick-plate-279.png,assets/strips/the-quick-plate-279/,"[{""key"": ""web"", ""label"": ""Visit us"", ""value"": ""https://luyoa.com/the-quick-plate-279""}, {""key"": ""support"", ""label"": ""Support"", ""value"": ""hello@luyoa.com""}]",Stamps,{{balance}},Member,500,STARTER,0,Welcome to The Quick Plate,1000,0,assets/icons/the-quick-plate-279_rect.png,4,2,0,0,https://luyoa.com/enroll/the-quick-plate-279,[],0,0,0
379,96d34cc5,Urban Thread,urban-thread,BALANCE,,#0F3460,Loyalty card for Urban Thread,#FFFFFF,#CCCCCC,assets/logos/urban-thread.png,assets/icons/urban-thread.png,assets/strips/urban-thread/,"[{""key"": ""web"", ""label"": ""Visit us"", ""value"": ""https://luyoa.com/urban-thread""}, {""key"": ""support"", ""label"": ""Support"", ""value"": ""hello@luyoa.com""}]",Balance,{{balance}},Member,200,CORE,1,Welcome to Urban Thread,600,1,assets/icons/urban-thread_rect.png,2,2,1,0,https://luyoa.com/enroll/urban-thread,[],1,1,0
380,8f4d77c6,WordBridge,wordbridge,STAMPS,10,#FFFFFF,Loyalty card for WordBridge,#FFFFFF,#CCCCCC,assets/logos/wordbridge.png,assets/icons/wordbridge.png,assets/strips/wordbridge/,"[{""key"": ""web"", ""label"": ""Visit us"", ""value"": ""https://luyoa.com/wordbridge""}, {""key"": ""support"", ""label"": ""Support"", ""value"": ""hello@luyoa.com""}]",Stamps,{{balance}},Member,2000,STARTER,1,Welcome to WordBridge,4000,0,assets/icons/wordbridge_rect.png,1,1,1,0,https://luyoa.com/enroll/wordbridge,[],0,0,0
381,f7d240ee,Urban Grind,urban-grind,STAMPS,6,#0F3460,Loyalty card for Urban Grind,#FFFFFF,#CCCCCC,assets/logos/urban-grind.png,assets/icons/urban-grind.png,assets/strips/urban-grind/,"[{""key"": ""web"", ""label"": ""Visit us"", ""value"": ""https://luyoa.com/urban-grind""}, {""key"": ""support"", ""label"": ""Support"", ""value"": ""hello@luyoa.com""}]",Stamps,{{balance}},Member,500,CORE,1,Welcome to Urban Grind,1000,0,assets/icons/urban-grind_rect.png,1,1,1,0,https://luyoa.com/enroll/urban-grind,[],1,1,0
382,12abe62d,Mode & Co,mode-and-co-534,STATIC,,#1A1A2E,Loyalty card for Mode & Co,#FFFFFF,#CCCCCC,assets/logos/mode-and-co-534.png,assets/icons/mode-and-co-534.png,assets/strips/mode-and-co-534/,"[{""key"": ""web"", ""label"": ""Visit us"", ""value"": ""https://luyoa.com/mode-and-co-534""}, {""key"": ""support"", ""label"": ""Support"", ""value"": ""hello@luyoa.com""}]",Stamps,{{balance}},Member,200,STARTER,1,Welcome to Mode & Co,600,0,assets/icons/mode-and-co-534_rect.png,4,2,1,0,https://luyoa.com/enroll/mode-and-co-534,[],0,0,0
383,7dd52a79,Serenity Spa,serenity-spa-172,STATIC,,#2C3E50,Loyalty card for Serenity Spa,#FFFFFF,#CCCCCC,assets/logos/serenity-spa-172.png,assets/icons/serenity-spa-172.png,assets/strips/serenity-spa-172/,"[{""key"": ""web"", ""label"": ""Visit us"", ""value"": ""https://luyoa.com/serenity-spa-172""}, {""key"": ""support"", ""label"": ""Support"", ""value"": ""hello@luyoa.com""}]",Stamps,{{balance}},Member,1000,STARTER,1,Welcome to Serenity Spa,2000,0,assets/icons/serenity-spa-172_rect.png,1,1,0,1,https://luyoa.com/enroll/serenity-spa-172,[],0,0,0
384,a2c506b4,The Mat Room,the-mat-room-512,STAMPS,6,#1A1A2E,Loyalty card for The Mat Room,#FFFFFF,#CCCCCC,assets/logos/the-mat-room-512.png,assets/icons/the-mat-room-512.png,assets/strips/the-mat-room-512/,"[{""key"": ""web"", ""label"": ""Visit us"", ""value"": ""https://luyoa.com/the-mat-room-512""}, {""key"": ""support"", ""label"": ""Support"", ""value"": ""hello@luyoa.com""}]",Stamps,{{balance}},Member,5000,STARTER,1,Welcome to The Mat Room,25000,0,assets/icons/the-mat-room-512_rect.png,2,2,0,0,https://luyoa.com/enroll/the-mat-room-512,[],0,0,0
385,acfc81c2,Wellness Hub,wellness-hub-325,STAMPS,10,#1B4F72,Loyalty card for Wellness Hub,#FFFFFF,#CCCCCC,assets/logos/wellness-hub-325.png,assets/icons/wellness-hub-325.png,assets/strips/wellness-hub-325/,"[{""key"": ""web"", ""label"": ""Visit us"", ""value"": ""https://luyoa.com/wellness-hub-325""}, {""key"": ""support"", ""label"": ""Support"", ""value"": ""hello@luyoa.com""}]",Stamps,{{balance}},Member,2000,CORE,1,Welcome to Wellness Hub,10000,1,assets/icons/wellness-hub-325_rect.png,1,1,1,1,https://luyoa.com/enroll/wellness-hub-325,[],1,1,0
386,83b87593,CityPharm,citypharm,BALANCE,,#F5F5F5,Loyalty card for CityPharm,#FFFFFF,#CCCCCC,assets/logos/citypharm.png,assets/icons/citypharm.png,assets/strips/citypharm/,"[{""key"": ""web"", ""label"": ""Visit us"", ""value"": ""https://luyoa.com/citypharm""}, {""key"": ""support"", ""label"": ""Support"", ""value"": ""hello@luyoa.com""}]",Balance,{{balance}},Member,2000,STARTER,1,Welcome to CityPharm,10000,1,assets/icons/citypharm_rect.png,4,2,1,1,https://luyoa.com/enroll/citypharm,[],0,0,0
387,2b48a4aa,WordBridge,wordbridge-71,BALANCE,,#F5F5F5,Loyalty card for WordBridge,#FFFFFF,#CCCCCC,assets/logos/wordbridge-71.png,assets/icons/wordbridge-71.png,assets/strips/wordbridge-71/,"[{""key"": ""web"", ""label"": ""Visit us"", ""value"": ""https://luyoa.com/wordbridge-71""}, {""key"": ""support"", ""label"": ""Support"", ""value"": ""hello@luyoa.com""}]",Balance,{{balance}},Member,5000,GROW,1,Welcome to WordBridge,15000,1,assets/icons/wordbridge-71_rect.png,4,2,1,0,https://luyoa.com/enroll/wordbridge-71,[],1,1,1
388,7f0d07fa,VitaJuice,vitajuice-795,STAMPS,8,#1B4F72,Loyalty card for VitaJuice,#FFFFFF,#CCCCCC,assets/logos/vitajuice-795.png,assets/icons/vitajuice-795.png,assets/strips/vitajuice-795/,"[{""key"": ""web"", ""label"": ""Visit us"", ""value"": ""https://luyoa.com/vitajuice-795""}, {""key"": ""support"", ""label"": ""Support"", ""value"": ""hello@luyoa.com""}]",Stamps,{{balance}},Member,1000,STARTER,1,Welcome to VitaJuice,5000,1,assets/icons/vitajuice-795_rect.png,1,1,0,1,https://luyoa.com/enroll/vitajuice-795,[],0,0,0
389,06fca216,YogaCorner,yogacorner-657,STAMPS,10,#FFFFFF,Loyalty card for YogaCorner,#FFFFFF,#CCCCCC,assets/logos/yogacorner-657.png,assets/icons/yogacorner-657.png,assets/strips/yogacorner-657/,"[{""key"": ""web"", ""label"": ""Visit us"", ""value"": ""https://luyoa.com/yogacorner-657""}, {""key"": ""support"", ""label"": ""Support"", ""value"": ""hello@luyoa.com""}]",Stamps,{{balance}},Member,200,STARTER,1,Welcome to YogaCorner,400,0,assets/icons/yogacorner-657_rect.png,1,1,0,0,https://luyoa.com/enroll/yogacorner-657,[],0,0,0
390,9c3a0b93,The Bistro,the-bistro-658,STAMPS,12,#2C3E50,Loyalty card for The Bistro,#FFFFFF,#CCCCCC,assets/logos/the-bistro-658.png,assets/icons/the-bistro-658.png,assets/strips/the-bistro-658/,"[{""key"": ""web"", ""label"": ""Visit us"", ""value"": ""https://luyoa.com/the-bistro-658""}, {""key"": ""support"", ""label"": ""Support"", ""value"": ""hello@luyoa.com""}]",Stamps,{{balance}},Member,2000,CORE,1,Welcome to The Bistro,10000,1,assets/icons/the-bistro-658_rect.png,1,1,0,0,https://luyoa.com/enroll/the-bistro-658,[],1,1,0
391,9b1c875d,CleanBite,cleanbite-951,BALANCE,,#0F3460,Loyalty card for CleanBite,#FFFFFF,#CCCCCC,assets/logos/cleanbite-951.png,assets/icons/cleanbite-951.png,assets/strips/cleanbite-951/,"[{""key"": ""web"", ""label"": ""Visit us"", ""value"": ""https://luyoa.com/cleanbite-951""}, {""key"": ""support"", ""label"": ""Support"", ""value"": ""hello@luyoa.com""}]",Balance,{{balance}},Member,200,STARTER,1,Welcome to CleanBite,400,1,assets/icons/cleanbite-951_rect.png,2,2,1,0,https://luyoa.com/enroll/cleanbite-951,[],0,0,0
392,86991b6b,Casa Blanca,casa-blanca-855,BALANCE,,#FFFFFF,Loyalty card for Casa Blanca,#FFFFFF,#CCCCCC,assets/logos/casa-blanca-855.png,assets/icons/casa-blanca-855.png,assets/strips/casa-blanca-855/,"[{""key"": ""web"", ""label"": ""Visit us"", ""value"": ""https://luyoa.com/casa-blanca-855""}, {""key"": ""support"", ""label"": ""Support"", ""value"": ""hello@luyoa.com""}]",Balance,{{balance}},Member,1000,STARTER,1,Welcome to Casa Blanca,5000,0,assets/icons/casa-blanca-855_rect.png,1,1,0,1,https://luyoa.com/enroll/casa-blanca-855,[],0,0,0
393,df102d15,WhiteSmile,whitesmile-641,BALANCE,,#2C3E50,Loyalty card for WhiteSmile,#FFFFFF,#CCCCCC,assets/logos/whitesmile-641.png,assets/icons/whitesmile-641.png,assets/strips/whitesmile-641/,"[{""key"": ""web"", ""label"": ""Visit us"", ""value"": ""https://luyoa.com/whitesmile-641""}, {""key"": ""support"", ""label"": ""Support"", ""value"": ""hello@luyoa.com""}]",Balance,{{balance}},Member,500,STARTER,1,Welcome to WhiteSmile,1500,0,assets/icons/whitesmile-641_rect.png,2,2,1,1,https://luyoa.com/enroll/whitesmile-641,[],0,0,0
394,6e1eb015,WordBridge,wordbridge-564,STAMPS,12,#1A1A2E,Loyalty card for WordBridge,#FFFFFF,#CCCCCC,assets/logos/wordbridge-564.png,assets/icons/wordbridge-564.png,assets/strips/wordbridge-564/,"[{""key"": ""web"", ""label"": ""Visit us"", ""value"": ""https://luyoa.com/wordbridge-564""}, {""key"": ""support"", ""label"": ""Support"", ""value"": ""hello@luyoa.com""}]",Stamps,{{balance}},Member,5000,CORE,1,Welcome to WordBridge,25000,1,assets/icons/wordbridge-564_rect.png,1,1,1,0,https://luyoa.com/enroll/wordbridge-564,[],1,1,0
395,3ca679d2,SushiPoint,sushipoint-846,STATIC,,#2C3E50,Loyalty card for SushiPoint,#FFFFFF,#CCCCCC,assets/logos/sushipoint-846.png,assets/icons/sushipoint-846.png,assets/strips/sushipoint-846/,"[{""key"": ""web"", ""label"": ""Visit us"", ""value"": ""https://luyoa.com/sushipoint-846""}, {""key"": ""support"", ""label"": ""Support"", ""value"": ""hello@luyoa.com""}]",Stamps,{{balance}},Member,1000,STARTER,1,Welcome to SushiPoint,5000,0,assets/icons/sushipoint-846_rect.png,1,1,1,1,https://luyoa.com/enroll/sushipoint-846,[],0,0,0
396,e324795b,FreshMart,freshmart-292,BALANCE,,#FFFFFF,Loyalty card for FreshMart,#FFFFFF,#CCCCCC,assets/logos/freshmart-292.png,assets/icons/freshmart-292.png,assets/strips/freshmart-292/,"[{""key"": ""web"", ""label"": ""Visit us"", ""value"": ""https://luyoa.com/freshmart-292""}, {""key"": ""support"", ""label"": ""Support"", ""value"": ""hello@luyoa.com""}]",Balance,{{balance}},Member,5000,CORE,1,Welcome to FreshMart,15000,0,assets/icons/freshmart-292_rect.png,2,2,1,0,https://luyoa.com/enroll/freshmart-292,[],1,1,0
397,d2955308,Pure Beauty,pure-beauty-942,STAMPS,8,#FFFFFF,Loyalty card for Pure Beauty,#FFFFFF,#CCCCCC,assets/logos/pure-beauty-942.png,assets/icons/pure-beauty-942.png,assets/strips/pure-beauty-942/,"[{""key"": ""web"", ""label"": ""Visit us"", ""value"": ""https://luyoa.com/pure-beauty-942""}, {""key"": ""support"", ""label"": ""Support"", ""value"": ""hello@luyoa.com""}]",Stamps,{{balance}},Member,200,STARTER,1,Welcome to Pure Beauty,400,0,assets/icons/pure-beauty-942_rect.png,4,2,1,0,https://luyoa.com/enroll/pure-beauty-942,[],0,0,0
398,ef3d79e9,CrushBar,crushbar,BALANCE,,#F5F5F5,Loyalty card for CrushBar,#FFFFFF,#CCCCCC,assets/logos/crushbar.png,assets/icons/crushbar.png,assets/strips/crushbar/,"[{""key"": ""web"", ""label"": ""Visit us"", ""value"": ""https://luyoa.com/crushbar""}, {""key"": ""support"", ""label"": ""Support"", ""value"": ""hello@luyoa.com""}]",Balance,{{balance}},Member,5000,STARTER,1,Welcome to CrushBar,25000,1,assets/icons/crushbar_rect.png,1,1,1,0,https://luyoa.com/enroll/crushbar,[],0,0,0
399,93737981,Daily Flow,daily-flow-658,STAMPS,10,#1B4F72,Loyalty card for Daily Flow,#FFFFFF,#CCCCCC,assets/logos/daily-flow-658.png,assets/icons/daily-flow-658.png,assets/strips/daily-flow-658/,"[{""key"": ""web"", ""label"": ""Visit us"", ""value"": ""https://luyoa.com/daily-flow-658""}, {""key"": ""support"", ""label"": ""Support"", ""value"": ""hello@luyoa.com""}]",Stamps,{{balance}},Member,200,CORE,1,Welcome to Daily Flow,600,0,assets/icons/daily-flow-658_rect.png,2,2,0,0,https://luyoa.com/enroll/daily-flow-658,[],1,1,0
400,31b3195f,FurEver,furever-766,STAMPS,6,#FFFFFF,Loyalty card for FurEver,#FFFFFF,#CCCCCC,assets/logos/furever-766.png,assets/icons/furever-766.png,assets/strips/furever-766/,"[{""key"": ""web"", ""label"": ""Visit us"", ""value"": ""https://luyoa.com/furever-766""}, {""key"": ""support"", ""label"": ""Support"", ""value"": ""hello@luyoa.com""}]",Stamps,{{balance}},Member,2000,CORE,1,Welcome to FurEver,4000,1,assets/icons/furever-766_rect.png,2,2,0,0,https://luyoa.com/enroll/furever-766,[],1,1,0
401,5ab57f76,TheJuicery,thejuicery-771,BALANCE,,#2C3E50,Loyalty card for TheJuicery,#FFFFFF,#CCCCCC,assets/logos/thejuicery-771.png,assets/icons/thejuicery-771.png,assets/strips/thejuicery-771/,"[{""key"": ""web"", ""label"": ""Visit us"", ""value"": ""https://luyoa.com/thejuicery-771""}, {""key"": ""support"", ""label"": ""Support"", ""value"": ""hello@luyoa.com""}]",Balance,{{balance}},Member,5000,STARTER,1,Welcome to TheJuicery,10000,1,assets/icons/thejuicery-771_rect.png,3,2,1,0,https://luyoa.com/enroll/thejuicery-771,[],0,0,0
402,aedac2a5,MedCorner,medcorner-409,BALANCE,,#FFFFFF,Loyalty card for MedCorner,#FFFFFF,#CCCCCC,assets/logos/medcorner-409.png,assets/icons/medcorner-409.png,assets/strips/medcorner-409/,"[{""key"": ""web"", ""label"": ""Visit us"", ""value"": ""https://luyoa.com/medcorner-409""}, {""key"": ""support"", ""label"": ""Support"", ""value"": ""hello@luyoa.com""}]",Balance,{{balance}},Member,1000,STARTER,1,Welcome to MedCorner,3000,0,assets/icons/medcorner-409_rect.png,2,2,0,0,https://luyoa.com/enroll/medcorner-409,[],0,0,0
403,17c93e79,Sushi Corner,sushi-corner-754,STAMPS,8,#FFFFFF,Loyalty card for Sushi Corner,#FFFFFF,#CCCCCC,assets/logos/sushi-corner-754.png,assets/icons/sushi-corner-754.png,assets/strips/sushi-corner-754/,"[{""key"": ""web"", ""label"": ""Visit us"", ""value"": ""https://luyoa.com/sushi-corner-754""}, {""key"": ""support"", ""label"": ""Support"", ""value"": ""hello@luyoa.com""}]",Stamps,{{balance}},Member,500,STARTER,1,Welcome to Sushi Corner,1500,1,assets/icons/sushi-corner-754_rect.png,4,2,0,0,https://luyoa.com/enroll/sushi-corner-754,[],0,0,0
404,69bdf9e9,WashCorner,washcorner-672,STAMPS,6,#F5F5F5,Loyalty card for WashCorner,#FFFFFF,#CCCCCC,assets/logos/washcorner-672.png,assets/icons/washcorner-672.png,assets/strips/washcorner-672/,"[{""key"": ""web"", ""label"": ""Visit us"", ""value"": ""https://luyoa.com/washcorner-672""}, {""key"": ""support"", ""label"": ""Support"", ""value"": ""hello@luyoa.com""}]",Stamps,{{balance}},Member,1000,STARTER,1,Welcome to WashCorner,5000,1,assets/icons/washcorner-672_rect.png,1,1,0,0,https://luyoa.com/enroll/washcorner-672,[],0,0,0
405,3d7decc1,Casa Blanca,casa-blanca-116,STATIC,,#F5F5F5,Loyalty card for Casa Blanca,#FFFFFF,#CCCCCC,assets/logos/casa-blanca-116.png,assets/icons/casa-blanca-116.png,assets/strips/casa-blanca-116/,"[{""key"": ""web"", ""label"": ""Visit us"", ""value"": ""https://luyoa.com/casa-blanca-116""}, {""key"": ""support"", ""label"": ""Support"", ""value"": ""hello@luyoa.com""}]",Stamps,{{balance}},Member,200,STARTER,1,Welcome to Casa Blanca,400,1,assets/icons/casa-blanca-116_rect.png,2,2,0,0,https://luyoa.com/enroll/casa-blanca-116,[],0,0,0
406,4e04c3ca,The Dough Co,the-dough-co-217,STAMPS,8,#2C3E50,Loyalty card for The Dough Co,#FFFFFF,#CCCCCC,assets/logos/the-dough-co-217.png,assets/icons/the-dough-co-217.png,assets/strips/the-dough-co-217/,"[{""key"": ""web"", ""label"": ""Visit us"", ""value"": ""https://luyoa.com/the-dough-co-217""}, {""key"": ""support"", ""label"": ""Support"", ""value"": ""hello@luyoa.com""}]",Stamps,{{balance}},Member,5000,CORE,1,Welcome to The Dough Co,25000,1,assets/icons/the-dough-co-217_rect.png,1,1,0,1,https://luyoa.com/enroll/the-dough-co-217,[],1,1,0
407,6c1c126e,Sunrise Cafe,sunrise-cafe-175,BALANCE,,#1A1A2E,Loyalty card for Sunrise Cafe,#FFFFFF,#CCCCCC,assets/logos/sunrise-cafe-175.png,assets/icons/sunrise-cafe-175.png,assets/strips/sunrise-cafe-175/,"[{""key"": ""web"", ""label"": ""Visit us"", ""value"": ""https://luyoa.com/sunrise-cafe-175""}, {""key"": ""support"", ""label"": ""Support"", ""value"": ""hello@luyoa.com""}]",Balance,{{balance}},Member,200,GROW,1,Welcome to Sunrise Cafe,1000,1,assets/icons/sunrise-cafe-175_rect.png,1,1,0,0,https://luyoa.com/enroll/sunrise-cafe-175,[],1,1,1
408,fb0b1ddd,Espresso Lab,espresso-lab-886,STAMPS,6,#1A1A2E,Loyalty card for Espresso Lab,#FFFFFF,#CCCCCC,assets/logos/espresso-lab-886.png,assets/icons/espresso-lab-886.png,assets/strips/espresso-lab-886/,"[{""key"": ""web"", ""label"": ""Visit us"", ""value"": ""https://luyoa.com/espresso-lab-886""}, {""key"": ""support"", ""label"": ""Support"", ""value"": ""hello@luyoa.com""}]",Stamps,{{balance}},Member,200,CORE,1,Welcome to Espresso Lab,1000,1,assets/icons/espresso-lab-886_rect.png,4,2,0,0,https://luyoa.com/enroll/espresso-lab-886,[],1,1,0
409,c91ab20a,FreshSqueeze,freshsqueeze,STATIC,,#F5F5F5,Loyalty card for FreshSqueeze,#FFFFFF,#CCCCCC,assets/logos/freshsqueeze.png,assets/icons/freshsqueeze.png,assets/strips/freshsqueeze/,"[{""key"": ""web"", ""label"": ""Visit us"", ""value"": ""https://luyoa.com/freshsqueeze""}, {""key"": ""support"", ""label"": ""Support"", ""value"": ""hello@luyoa.com""}]",Stamps,{{balance}},Member,200,STARTER,1,Welcome to FreshSqueeze,600,0,assets/icons/freshsqueeze_rect.png,1,1,0,0,https://luyoa.com/enroll/freshsqueeze,[],0,0,0
410,43750769,VitaJuice,vitajuice-701,STAMPS,10,#1B4F72,Loyalty card for VitaJuice,#FFFFFF,#CCCCCC,assets/logos/vitajuice-701.png,assets/icons/vitajuice-701.png,assets/strips/vitajuice-701/,"[{""key"": ""web"", ""label"": ""Visit us"", ""value"": ""https://luyoa.com/vitajuice-701""}, {""key"": ""support"", ""label"": ""Support"", ""value"": ""hello@luyoa.com""}]",Stamps,{{balance}},Member,1000,CORE,1,Welcome to VitaJuice,5000,1,assets/icons/vitajuice-701_rect.png,2,2,0,1,https://luyoa.com/enroll/vitajuice-701,[],1,1,0
411,4aa3566b,Urban Market,urban-market,STAMPS,10,#F5F5F5,Loyalty card for Urban Market,#FFFFFF,#CCCCCC,assets/logos/urban-market.png,assets/icons/urban-market.png,assets/strips/urban-market/,"[{""key"": ""web"", ""label"": ""Visit us"", ""value"": ""https://luyoa.com/urban-market""}, {""key"": ""support"", ""label"": ""Support"", ""value"": ""hello@luyoa.com""}]",Stamps,{{balance}},Member,500,GROW,1,Welcome to Urban Market,1500,0,assets/icons/urban-market_rect.png,2,2,0,1,https://luyoa.com/enroll/urban-market,[],1,1,1
412,39b3c372,VisionFirst,visionfirst-428,BALANCE,,#2C3E50,Loyalty card for VisionFirst,#FFFFFF,#CCCCCC,assets/logos/visionfirst-428.png,assets/icons/visionfirst-428.png,assets/strips/visionfirst-428/,"[{""key"": ""web"", ""label"": ""Visit us"", ""value"": ""https://luyoa.com/visionfirst-428""}, {""key"": ""support"", ""label"": ""Support"", ""value"": ""hello@luyoa.com""}]",Balance,{{balance}},Member,500,CORE,1,Welcome to VisionFirst,1500,1,assets/icons/visionfirst-428_rect.png,4,2,1,1,https://luyoa.com/enroll/visionfirst-428,[],1,1,0
413,80ea5649,PharmaCare,pharmacare-317,BALANCE,,#F5F5F5,Loyalty card for PharmaCare,#FFFFFF,#CCCCCC,assets/logos/pharmacare-317.png,assets/icons/pharmacare-317.png,assets/strips/pharmacare-317/,"[{""key"": ""web"", ""label"": ""Visit us"", ""value"": ""https://luyoa.com/pharmacare-317""}, {""key"": ""support"", ""label"": ""Support"", ""value"": ""hello@luyoa.com""}]",Balance,{{balance}},Member,5000,STARTER,1,Welcome to PharmaCare,10000,0,assets/icons/pharmacare-317_rect.png,2,2,1,0,https://luyoa.com/enroll/pharmacare-317,[],0,0,0
414,d002b5f8,The Sushi Bar,the-sushi-bar-745,BALANCE,,#1A1A2E,Loyalty card for The Sushi Bar,#FFFFFF,#CCCCCC,assets/logos/the-sushi-bar-745.png,assets/icons/the-sushi-bar-745.png,assets/strips/the-sushi-bar-745/,"[{""key"": ""web"", ""label"": ""Visit us"", ""value"": ""https://luyoa.com/the-sushi-bar-745""}, {""key"": ""support"", ""label"": ""Support"", ""value"": ""hello@luyoa.com""}]",Balance,{{balance}},Member,200,CORE,1,Welcome to The Sushi Bar,600,1,assets/icons/the-sushi-bar-745_rect.png,1,1,1,0,https://luyoa.com/enroll/the-sushi-bar-745,[],1,1,0
415,3ca6fa18,FreshMart,freshmart-781,BALANCE,,#2C3E50,Loyalty card for FreshMart,#FFFFFF,#CCCCCC,assets/logos/freshmart-781.png,assets/icons/freshmart-781.png,assets/strips/freshmart-781/,"[{""key"": ""web"", ""label"": ""Visit us"", ""value"": ""https://luyoa.com/freshmart-781""}, {""key"": ""support"", ""label"": ""Support"", ""value"": ""hello@luyoa.com""}]",Balance,{{balance}},Member,5000,STARTER,1,Welcome to FreshMart,25000,0,assets/icons/freshmart-781_rect.png,1,1,0,0,https://luyoa.com/enroll/freshmart-781,[],0,0,0
416,be002a4f,The Coffee Spot,the-coffee-spot-867,BALANCE,,#0F3460,Loyalty card for The Coffee Spot,#FFFFFF,#CCCCCC,assets/logos/the-coffee-spot-867.png,assets/icons/the-coffee-spot-867.png,assets/strips/the-coffee-spot-867/,"[{""key"": ""web"", ""label"": ""Visit us"", ""value"": ""https://luyoa.com/the-coffee-spot-867""}, {""key"": ""support"", ""label"": ""Support"", ""value"": ""hello@luyoa.com""}]",Balance,{{balance}},Member,5000,CORE,1,Welcome to The Coffee Spot,15000,0,assets/icons/the-coffee-spot-867_rect.png,1,1,1,0,https://luyoa.com/enroll/the-coffee-spot-867,[],1,1,0
417,00313c9e,Zen Flow,zen-flow-948,BALANCE,,#0F3460,Loyalty card for Zen Flow,#FFFFFF,#CCCCCC,assets/logos/zen-flow-948.png,assets/icons/zen-flow-948.png,assets/strips/zen-flow-948/,"[{""key"": ""web"", ""label"": ""Visit us"", ""value"": ""https://luyoa.com/zen-flow-948""}, {""key"": ""support"", ""label"": ""Support"", ""value"": ""hello@luyoa.com""}]",Balance,{{balance}},Member,1000,STARTER,1,Welcome to Zen Flow,5000,0,assets/icons/zen-flow-948_rect.png,1,1,0,0,https://luyoa.com/enroll/zen-flow-948,[],0,0,0
418,d679ecc1,PowerHouse,powerhouse-888,STATIC,,#F5F5F5,Loyalty card for PowerHouse,#FFFFFF,#CCCCCC,assets/logos/powerhouse-888.png,assets/icons/powerhouse-888.png,assets/strips/powerhouse-888/,"[{""key"": ""web"", ""label"": ""Visit us"", ""value"": ""https://luyoa.com/powerhouse-888""}, {""key"": ""support"", ""label"": ""Support"", ""value"": ""hello@luyoa.com""}]",Stamps,{{balance}},Member,2000,GROW,1,Welcome to PowerHouse,4000,1,assets/icons/powerhouse-888_rect.png,3,2,1,0,https://luyoa.com/enroll/powerhouse-888,[],1,1,1
419,c8cec67c,TechBox,techbox-534,STATIC,,#0F3460,Loyalty card for TechBox,#FFFFFF,#CCCCCC,assets/logos/techbox-534.png,assets/icons/techbox-534.png,assets/strips/techbox-534/,"[{""key"": ""web"", ""label"": ""Visit us"", ""value"": ""https://luyoa.com/techbox-534""}, {""key"": ""support"", ""label"": ""Support"", ""value"": ""hello@luyoa.com""}]",Stamps,{{balance}},Member,200,CORE,1,Welcome to TechBox,400,0,assets/icons/techbox-534_rect.png,4,2,1,1,https://luyoa.com/enroll/techbox-534,[],1,1,0
420,6f73a14e,Olive Branch,olive-branch-299,BALANCE,,#0F3460,Loyalty card for Olive Branch,#FFFFFF,#CCCCCC,assets/logos/olive-branch-299.png,assets/icons/olive-branch-299.png,assets/strips/olive-branch-299/,"[{""key"": ""web"", ""label"": ""Visit us"", ""value"": ""https://luyoa.com/olive-branch-299""}, {""key"": ""support"", ""label"": ""Support"", ""value"": ""hello@luyoa.com""}]",Balance,{{balance}},Member,2000,CORE,1,Welcome to Olive Branch,6000,1,assets/icons/olive-branch-299_rect.png,2,2,0,0,https://luyoa.com/enroll/olive-branch-299,[],1,1,0
421,0b1a90ee,Fabric House,fabric-house-850,STAMPS,12,#1B4F72,Loyalty card for Fabric House,#FFFFFF,#CCCCCC,assets/logos/fabric-house-850.png,assets/icons/fabric-house-850.png,assets/strips/fabric-house-850/,"[{""key"": ""web"", ""label"": ""Visit us"", ""value"": ""https://luyoa.com/fabric-house-850""}, {""key"": ""support"", ""label"": ""Support"", ""value"": ""hello@luyoa.com""}]",Stamps,{{balance}},Member,200,STARTER,1,Welcome to Fabric House,400,0,assets/icons/fabric-house-850_rect.png,2,2,1,0,https://luyoa.com/enroll/fabric-house-850,[],0,0,0
422,2092744e,Ink & Paper,ink-and-paper,BALANCE,,#FFFFFF,Loyalty card for Ink & Paper,#FFFFFF,#CCCCCC,assets/logos/ink-and-paper.png,assets/icons/ink-and-paper.png,assets/strips/ink-and-paper/,"[{""key"": ""web"", ""label"": ""Visit us"", ""value"": ""https://luyoa.com/ink-and-paper""}, {""key"": ""support"", ""label"": ""Support"", ""value"": ""hello@luyoa.com""}]",Balance,{{balance}},Member,2000,STARTER,1,Welcome to Ink & Paper,10000,0,assets/icons/ink-and-paper_rect.png,1,1,0,0,https://luyoa.com/enroll/ink-and-paper,[],0,0,0
423,c8ee3817,Warm Oven,warm-oven-745,BALANCE,,#2C3E50,Loyalty card for Warm Oven,#FFFFFF,#CCCCCC,assets/logos/warm-oven-745.png,assets/icons/warm-oven-745.png,assets/strips/warm-oven-745/,"[{""key"": ""web"", ""label"": ""Visit us"", ""value"": ""https://luyoa.com/warm-oven-745""}, {""key"": ""support"", ""label"": ""Support"", ""value"": ""hello@luyoa.com""}]",Balance,{{balance}},Member,5000,CORE,1,Welcome to Warm Oven,15000,1,assets/icons/warm-oven-745_rect.png,1,1,0,0,https://luyoa.com/enroll/warm-oven-745,[],1,1,0
424,a830071a,The Reading Room,the-reading-room-184,STAMPS,6,#1A1A2E,Loyalty card for The Reading Room,#FFFFFF,#CCCCCC,assets/logos/the-reading-room-184.png,assets/icons/the-reading-room-184.png,assets/strips/the-reading-room-184/,"[{""key"": ""web"", ""label"": ""Visit us"", ""value"": ""https://luyoa.com/the-reading-room-184""}, {""key"": ""support"", ""label"": ""Support"", ""value"": ""hello@luyoa.com""}]",Stamps,{{balance}},Member,2000,CORE,1,Welcome to The Reading Room,6000,1,assets/icons/the-reading-room-184_rect.png,1,1,0,0,https://luyoa.com/enroll/the-reading-room-184,[],1,1,0
425,7a54b948,HealthStop,healthstop-510,STATIC,,#2C3E50,Loyalty card for HealthStop,#FFFFFF,#CCCCCC,assets/logos/healthstop-510.png,assets/icons/healthstop-510.png,assets/strips/healthstop-510/,"[{""key"": ""web"", ""label"": ""Visit us"", ""value"": ""https://luyoa.com/healthstop-510""}, {""key"": ""support"", ""label"": ""Support"", ""value"": ""hello@luyoa.com""}]",Stamps,{{balance}},Member,2000,STARTER,1,Welcome to HealthStop,10000,1,assets/icons/healthstop-510_rect.png,2,2,0,0,https://luyoa.com/enroll/healthstop-510,[],0,0,0
426,432537b2,CrushBar,crushbar-615,STAMPS,6,#2C3E50,Loyalty card for CrushBar,#FFFFFF,#CCCCCC,assets/logos/crushbar-615.png,assets/icons/crushbar-615.png,assets/strips/crushbar-615/,"[{""key"": ""web"", ""label"": ""Visit us"", ""value"": ""https://luyoa.com/crushbar-615""}, {""key"": ""support"", ""label"": ""Support"", ""value"": ""hello@luyoa.com""}]",Stamps,{{balance}},Member,500,CORE,1,Welcome to CrushBar,2500,0,assets/icons/crushbar-615_rect.png,1,1,0,0,https://luyoa.com/enroll/crushbar-615,[],1,1,0
427,48380c18,HealthFirst,healthfirst,BALANCE,,#2C3E50,Loyalty card for HealthFirst,#FFFFFF,#CCCCCC,assets/logos/healthfirst.png,assets/icons/healthfirst.png,assets/strips/healthfirst/,"[{""key"": ""web"", ""label"": ""Visit us"", ""value"": ""https://luyoa.com/healthfirst""}, {""key"": ""support"", ""label"": ""Support"", ""value"": ""hello@luyoa.com""}]",Balance,{{balance}},Member,5000,STARTER,1,Welcome to HealthFirst,10000,0,assets/icons/healthfirst_rect.png,1,1,0,0,https://luyoa.com/enroll/healthfirst,[],0,0,0
428,4bc6c040,Core Fit,core-fit-587,BALANCE,,#F5F5F5,Loyalty card for Core Fit,#FFFFFF,#CCCCCC,assets/logos/core-fit-587.png,assets/icons/core-fit-587.png,assets/strips/core-fit-587/,"[{""key"": ""web"", ""label"": ""Visit us"", ""value"": ""https://luyoa.com/core-fit-587""}, {""key"": ""support"", ""label"": ""Support"", ""value"": ""hello@luyoa.com""}]",Balance,{{balance}},Member,5000,STARTER,1,Welcome to Core Fit,25000,1,assets/icons/core-fit-587_rect.png,4,2,0,0,https://luyoa.com/enroll/core-fit-587,[],0,0,0
429,348d2275,Mode & Co,mode-and-co-67,BALANCE,,#0F3460,Loyalty card for Mode & Co,#FFFFFF,#CCCCCC,assets/logos/mode-and-co-67.png,assets/icons/mode-and-co-67.png,assets/strips/mode-and-co-67/,"[{""key"": ""web"", ""label"": ""Visit us"", ""value"": ""https://luyoa.com/mode-and-co-67""}, {""key"": ""support"", ""label"": ""Support"", ""value"": ""hello@luyoa.com""}]",Balance,{{balance}},Member,1000,GROW,1,Welcome to Mode & Co,5000,1,assets/icons/mode-and-co-67_rect.png,3,2,1,1,https://luyoa.com/enroll/mode-and-co-67,[],1,1,1
430,defa92b3,WashCorner,washcorner-748,BALANCE,,#FFFFFF,Loyalty card for WashCorner,#FFFFFF,#CCCCCC,assets/logos/washcorner-748.png,assets/icons/washcorner-748.png,assets/strips/washcorner-748/,"[{""key"": ""web"", ""label"": ""Visit us"", ""value"": ""https://luyoa.com/washcorner-748""}, {""key"": ""support"", ""label"": ""Support"", ""value"": ""hello@luyoa.com""}]",Balance,{{balance}},Member,5000,CORE,1,Welcome to WashCorner,25000,1,assets/icons/washcorner-748_rect.png,2,2,1,1,https://luyoa.com/enroll/washcorner-748,[],1,1,0
431,3e77383f,Shelf Life,shelf-life-577,BALANCE,,#2C3E50,Loyalty card for Shelf Life,#FFFFFF,#CCCCCC,assets/logos/shelf-life-577.png,assets/icons/shelf-life-577.png,assets/strips/shelf-life-577/,"[{""key"": ""web"", ""label"": ""Visit us"", ""value"": ""https://luyoa.com/shelf-life-577""}, {""key"": ""support"", ""label"": ""Support"", ""value"": ""hello@luyoa.com""}]",Balance,{{balance}},Member,2000,CORE,1,Welcome to Shelf Life,6000,1,assets/icons/shelf-life-577_rect.png,2,2,0,1,https://luyoa.com/enroll/shelf-life-577,[],1,1,0
432,f5a50366,SmilePlus,smileplus-477,STAMPS,6,#2C3E50,Loyalty card for SmilePlus,#FFFFFF,#CCCCCC,assets/logos/smileplus-477.png,assets/icons/smileplus-477.png,assets/strips/smileplus-477/,"[{""key"": ""web"", ""label"": ""Visit us"", ""value"": ""https://luyoa.com/smileplus-477""}, {""key"": ""support"", ""label"": ""Support"", ""value"": ""hello@luyoa.com""}]",Stamps,{{balance}},Member,500,GROW,1,Welcome to SmilePlus,1500,0,assets/icons/smileplus-477_rect.png,1,1,1,0,https://luyoa.com/enroll/smileplus-477,[],1,1,1
433,64130a02,Tokyo Table,tokyo-table-261,BALANCE,,#1A1A2E,Loyalty card for Tokyo Table,#FFFFFF,#CCCCCC,assets/logos/tokyo-table-261.png,assets/icons/tokyo-table-261.png,assets/strips/tokyo-table-261/,"[{""key"": ""web"", ""label"": ""Visit us"", ""value"": ""https://luyoa.com/tokyo-table-261""}, {""key"": ""support"", ""label"": ""Support"", ""value"": ""hello@luyoa.com""}]",Balance,{{balance}},Member,200,STARTER,1,Welcome to Tokyo Table,1000,1,assets/icons/tokyo-table-261_rect.png,4,2,0,0,https://luyoa.com/enroll/tokyo-table-261,[],0,0,0
434,47cc81cf,The Reading Room,the-reading-room-199,BALANCE,,#1A1A2E,Loyalty card for The Reading Room,#FFFFFF,#CCCCCC,assets/logos/the-reading-room-199.png,assets/icons/the-reading-room-199.png,assets/strips/the-reading-room-199/,"[{""key"": ""web"", ""label"": ""Visit us"", ""value"": ""https://luyoa.com/the-reading-room-199""}, {""key"": ""support"", ""label"": ""Support"", ""value"": ""hello@luyoa.com""}]",Balance,{{balance}},Member,1000,CORE,1,Welcome to The Reading Room,3000,1,assets/icons/the-reading-room-199_rect.png,2,2,0,1,https://luyoa.com/enroll/the-reading-room-199,[],1,1,0
435,bef6e60c,QuickMeds,quickmeds-474,BALANCE,,#1B4F72,Loyalty card for QuickMeds,#FFFFFF,#CCCCCC,assets/logos/quickmeds-474.png,assets/icons/quickmeds-474.png,assets/strips/quickmeds-474/,"[{""key"": ""web"", ""label"": ""Visit us"", ""value"": ""https://luyoa.com/quickmeds-474""}, {""key"": ""support"", ""label"": ""Support"", ""value"": ""hello@luyoa.com""}]",Balance,{{balance}},Member,2000,CORE,1,Welcome to QuickMeds,10000,1,assets/icons/quickmeds-474_rect.png,4,2,1,1,https://luyoa.com/enroll/quickmeds-474,[],1,1,0
436,26caab22,RollMaster,rollmaster-68,STAMPS,8,#FFFFFF,Loyalty card for RollMaster,#FFFFFF,#CCCCCC,assets/logos/rollmaster-68.png,assets/icons/rollmaster-68.png,assets/strips/rollmaster-68/,"[{""key"": ""web"", ""label"": ""Visit us"", ""value"": ""https://luyoa.com/rollmaster-68""}, {""key"": ""support"", ""label"": ""Support"", ""value"": ""hello@luyoa.com""}]",Stamps,{{balance}},Member,1000,CORE,1,Welcome to RollMaster,3000,0,assets/icons/rollmaster-68_rect.png,1,1,1,0,https://luyoa.com/enroll/rollmaster-68,[],1,1,0
437,61471eb0,SmartGear,smartgear-727,BALANCE,,#1A1A2E,Loyalty card for SmartGear,#FFFFFF,#CCCCCC,assets/logos/smartgear-727.png,assets/icons/smartgear-727.png,assets/strips/smartgear-727/,"[{""key"": ""web"", ""label"": ""Visit us"", ""value"": ""https://luyoa.com/smartgear-727""}, {""key"": ""support"", ""label"": ""Support"", ""value"": ""hello@luyoa.com""}]",Balance,{{balance}},Member,200,CORE,1,Welcome to SmartGear,600,0,assets/icons/smartgear-727_rect.png,1,1,1,0,https://luyoa.com/enroll/smartgear-727,[],1,1,0
438,b08202af,StyleBox,stylebox-797,BALANCE,,#FFFFFF,Loyalty card for StyleBox,#FFFFFF,#CCCCCC,assets/logos/stylebox-797.png,assets/icons/stylebox-797.png,assets/strips/stylebox-797/,"[{""key"": ""web"", ""label"": ""Visit us"", ""value"": ""https://luyoa.com/stylebox-797""}, {""key"": ""support"", ""label"": ""Support"", ""value"": ""hello@luyoa.com""}]",Balance,{{balance}},Member,500,STARTER,1,Welcome to StyleBox,1000,1,assets/icons/stylebox-797_rect.png,1,1,0,0,https://luyoa.com/enroll/stylebox-797,[],0,0,0
439,b9a31656,Story Corner,story-corner,STATIC,,#2C3E50,Loyalty card for Story Corner,#FFFFFF,#CCCCCC,assets/logos/story-corner.png,assets/icons/story-corner.png,assets/strips/story-corner/,"[{""key"": ""web"", ""label"": ""Visit us"", ""value"": ""https://luyoa.com/story-corner""}, {""key"": ""support"", ""label"": ""Support"", ""value"": ""hello@luyoa.com""}]",Stamps,{{balance}},Member,200,CORE,1,Welcome to Story Corner,400,0,assets/icons/story-corner_rect.png,1,1,0,0,https://luyoa.com/enroll/story-corner,[],1,1,0
440,97639241,ClearVision,clearvision-704,STAMPS,6,#0F3460,Loyalty card for ClearVision,#FFFFFF,#CCCCCC,assets/logos/clearvision-704.png,assets/icons/clearvision-704.png,assets/strips/clearvision-704/,"[{""key"": ""web"", ""label"": ""Visit us"", ""value"": ""https://luyoa.com/clearvision-704""}, {""key"": ""support"", ""label"": ""Support"", ""value"": ""hello@luyoa.com""}]",Stamps,{{balance}},Member,1000,CORE,1,Welcome to ClearVision,2000,1,assets/icons/clearvision-704_rect.png,1,1,0,1,https://luyoa.com/enroll/clearvision-704,[],1,1,0
441,a853331a,Cloth & Co,cloth-and-co-284,STAMPS,10,#1B4F72,Loyalty card for Cloth & Co,#FFFFFF,#CCCCCC,assets/logos/cloth-and-co-284.png,assets/icons/cloth-and-co-284.png,assets/strips/cloth-and-co-284/,"[{""key"": ""web"", ""label"": ""Visit us"", ""value"": ""https://luyoa.com/cloth-and-co-284""}, {""key"": ""support"", ""label"": ""Support"", ""value"": ""hello@luyoa.com""}]",Stamps,{{balance}},Member,2000,STARTER,1,Welcome to Cloth & Co,4000,0,assets/icons/cloth-and-co-284_rect.png,1,1,1,0,https://luyoa.com/enroll/cloth-and-co-284,[],0,0,0
442,615c313b,The Coffee Spot,the-coffee-spot-359,STATIC,,#1A1A2E,Loyalty card for The Coffee Spot,#FFFFFF,#CCCCCC,assets/logos/the-coffee-spot-359.png,assets/icons/the-coffee-spot-359.png,assets/strips/the-coffee-spot-359/,"[{""key"": ""web"", ""label"": ""Visit us"", ""value"": ""https://luyoa.com/the-coffee-spot-359""}, {""key"": ""support"", ""label"": ""Support"", ""value"": ""hello@luyoa.com""}]",Stamps,{{balance}},Member,5000,CORE,1,Welcome to The Coffee Spot,25000,1,assets/icons/the-coffee-spot-359_rect.png,1,1,0,0,https://luyoa.com/enroll/the-coffee-spot-359,[],1,1,0
443,688a8ea1,Burger Stop,burger-stop,STAMPS,12,#FFFFFF,Loyalty card for Burger Stop,#FFFFFF,#CCCCCC,assets/logos/burger-stop.png,assets/icons/burger-stop.png,assets/strips/burger-stop/,"[{""key"": ""web"", ""label"": ""Visit us"", ""value"": ""https://luyoa.com/burger-stop""}, {""key"": ""support"", ""label"": ""Support"", ""value"": ""hello@luyoa.com""}]",Stamps,{{balance}},Member,200,GROW,1,Welcome to Burger Stop,400,1,assets/icons/burger-stop_rect.png,2,2,1,0,https://luyoa.com/enroll/burger-stop,[],1,1,1
444,f0bd85f0,PowerTech,powertech-365,STAMPS,10,#F5F5F5,Loyalty card for PowerTech,#FFFFFF,#CCCCCC,assets/logos/powertech-365.png,assets/icons/powertech-365.png,assets/strips/powertech-365/,"[{""key"": ""web"", ""label"": ""Visit us"", ""value"": ""https://luyoa.com/powertech-365""}, {""key"": ""support"", ""label"": ""Support"", ""value"": ""hello@luyoa.com""}]",Stamps,{{balance}},Member,1000,CORE,1,Welcome to PowerTech,5000,0,assets/icons/powertech-365_rect.png,3,2,1,1,https://luyoa.com/enroll/powertech-365,[],1,1,0
445,852f059b,HealthStop,healthstop-318,BALANCE,,#0F3460,Loyalty card for HealthStop,#FFFFFF,#CCCCCC,assets/logos/healthstop-318.png,assets/icons/healthstop-318.png,assets/strips/healthstop-318/,"[{""key"": ""web"", ""label"": ""Visit us"", ""value"": ""https://luyoa.com/healthstop-318""}, {""key"": ""support"", ""label"": ""Support"", ""value"": ""hello@luyoa.com""}]",Balance,{{balance}},Member,2000,GROW,1,Welcome to HealthStop,4000,0,assets/icons/healthstop-318_rect.png,2,2,1,0,https://luyoa.com/enroll/healthstop-318,[],1,1,1
446,99b77114,BrightEyes,brighteyes-465,BALANCE,,#FFFFFF,Loyalty card for BrightEyes,#FFFFFF,#CCCCCC,assets/logos/brighteyes-465.png,assets/icons/brighteyes-465.png,assets/strips/brighteyes-465/,"[{""key"": ""web"", ""label"": ""Visit us"", ""value"": ""https://luyoa.com/brighteyes-465""}, {""key"": ""support"", ""label"": ""Support"", ""value"": ""hello@luyoa.com""}]",Balance,{{balance}},Member,2000,GROW,1,Welcome to BrightEyes,4000,1,assets/icons/brighteyes-465_rect.png,1,1,1,0,https://luyoa.com/enroll/brighteyes-465,[],1,1,1
447,0d9be686,Iron Club,iron-club-416,BALANCE,,#1A1A2E,Loyalty card for Iron Club,#FFFFFF,#CCCCCC,assets/logos/iron-club-416.png,assets/icons/iron-club-416.png,assets/strips/iron-club-416/,"[{""key"": ""web"", ""label"": ""Visit us"", ""value"": ""https://luyoa.com/iron-club-416""}, {""key"": ""support"", ""label"": ""Support"", ""value"": ""hello@luyoa.com""}]",Balance,{{balance}},Member,200,STARTER,1,Welcome to Iron Club,400,1,assets/icons/iron-club-416_rect.png,4,2,1,0,https://luyoa.com/enroll/iron-club-416,[],0,0,0
448,0f93319c,BottleShop,bottleshop-394,BALANCE,,#1A1A2E,Loyalty card for BottleShop,#FFFFFF,#CCCCCC,assets/logos/bottleshop-394.png,assets/icons/bottleshop-394.png,assets/strips/bottleshop-394/,"[{""key"": ""web"", ""label"": ""Visit us"", ""value"": ""https://luyoa.com/bottleshop-394""}, {""key"": ""support"", ""label"": ""Support"", ""value"": ""hello@luyoa.com""}]",Balance,{{balance}},Member,200,CORE,1,Welcome to BottleShop,1000,1,assets/icons/bottleshop-394_rect.png,1,1,1,1,https://luyoa.com/enroll/bottleshop-394,[],1,1,0
449,2d2669e6,Shelf Life,shelf-life-857,STAMPS,12,#2C3E50,Loyalty card for Shelf Life,#FFFFFF,#CCCCCC,assets/logos/shelf-life-857.png,assets/icons/shelf-life-857.png,assets/strips/shelf-life-857/,"[{""key"": ""web"", ""label"": ""Visit us"", ""value"": ""https://luyoa.com/shelf-life-857""}, {""key"": ""support"", ""label"": ""Support"", ""value"": ""hello@luyoa.com""}]",Stamps,{{balance}},Member,200,STARTER,1,Welcome to Shelf Life,600,0,assets/icons/shelf-life-857_rect.png,2,2,1,0,https://luyoa.com/enroll/shelf-life-857,[],0,0,0
450,0961ab60,StyleCorner,stylecorner-790,STATIC,,#1A1A2E,Loyalty card for StyleCorner,#FFFFFF,#CCCCCC,assets/logos/stylecorner-790.png,assets/icons/stylecorner-790.png,assets/strips/stylecorner-790/,"[{""key"": ""web"", ""label"": ""Visit us"", ""value"": ""https://luyoa.com/stylecorner-790""}, {""key"": ""support"", ""label"": ""Support"", ""value"": ""hello@luyoa.com""}]",Stamps,{{balance}},Member,2000,STARTER,1,Welcome to StyleCorner,10000,0,assets/icons/stylecorner-790_rect.png,1,1,0,0,https://luyoa.com/enroll/stylecorner-790,[],0,0,0
451,a4d58955,PharmaCare,pharmacare-677,STAMPS,8,#2C3E50,Loyalty card for PharmaCare,#FFFFFF,#CCCCCC,assets/logos/pharmacare-677.png,assets/icons/pharmacare-677.png,assets/strips/pharmacare-677/,"[{""key"": ""web"", ""label"": ""Visit us"", ""value"": ""https://luyoa.com/pharmacare-677""}, {""key"": ""support"", ""label"": ""Support"", ""value"": ""hello@luyoa.com""}]",Stamps,{{balance}},Member,2000,GROW,1,Welcome to PharmaCare,10000,1,assets/icons/pharmacare-677_rect.png,2,2,0,0,https://luyoa.com/enroll/pharmacare-677,[],1,1,1
452,03510423,Story Corner,story-corner-92,BALANCE,,#FFFFFF,Loyalty card for Story Corner,#FFFFFF,#CCCCCC,assets/logos/story-corner-92.png,assets/icons/story-corner-92.png,assets/strips/story-corner-92/,"[{""key"": ""web"", ""label"": ""Visit us"", ""value"": ""https://luyoa.com/story-corner-92""}, {""key"": ""support"", ""label"": ""Support"", ""value"": ""hello@luyoa.com""}]",Balance,{{balance}},Member,5000,CORE,1,Welcome to Story Corner,25000,1,assets/icons/story-corner-92_rect.png,3,2,0,0,https://luyoa.com/enroll/story-corner-92,[],1,1,0
453,f964dcbb,La Piazza,la-piazza-841,BALANCE,,#FFFFFF,Loyalty card for La Piazza,#FFFFFF,#CCCCCC,assets/logos/la-piazza-841.png,assets/icons/la-piazza-841.png,assets/strips/la-piazza-841/,"[{""key"": ""web"", ""label"": ""Visit us"", ""value"": ""https://luyoa.com/la-piazza-841""}, {""key"": ""support"", ""label"": ""Support"", ""value"": ""hello@luyoa.com""}]",Balance,{{balance}},Member,1000,CORE,1,Welcome to La Piazza,2000,0,assets/icons/la-piazza-841_rect.png,1,1,1,1,https://luyoa.com/enroll/la-piazza-841,[],1,1,0
454,0db5ae52,TheWinery,thewinery-446,BALANCE,,#F5F5F5,Loyalty card for TheWinery,#FFFFFF,#CCCCCC,assets/logos/thewinery-446.png,assets/icons/thewinery-446.png,assets/strips/thewinery-446/,"[{""key"": ""web"", ""label"": ""Visit us"", ""value"": ""https://luyoa.com/thewinery-446""}, {""key"": ""support"", ""label"": ""Support"", ""value"": ""hello@luyoa.com""}]",Balance,{{balance}},Member,5000,STARTER,1,Welcome to TheWinery,15000,0,assets/icons/thewinery-446_rect.png,1,1,0,1,https://luyoa.com/enroll/thewinery-446,[],0,0,0
455,470ced7d,OptiCare,opticare,STAMPS,8,#FFFFFF,Loyalty card for OptiCare,#FFFFFF,#CCCCCC,assets/logos/opticare.png,assets/icons/opticare.png,assets/strips/opticare/,"[{""key"": ""web"", ""label"": ""Visit us"", ""value"": ""https://luyoa.com/opticare""}, {""key"": ""support"", ""label"": ""Support"", ""value"": ""hello@luyoa.com""}]",Stamps,{{balance}},Member,500,STARTER,1,Welcome to OptiCare,1000,0,assets/icons/opticare_rect.png,1,1,1,1,https://luyoa.com/enroll/opticare,[],0,0,0
456,e0adb2ca,AutoSpa,autospa-881,STATIC,,#1B4F72,Loyalty card for AutoSpa,#FFFFFF,#CCCCCC,assets/logos/autospa-881.png,assets/icons/autospa-881.png,assets/strips/autospa-881/,"[{""key"": ""web"", ""label"": ""Visit us"", ""value"": ""https://luyoa.com/autospa-881""}, {""key"": ""support"", ""label"": ""Support"", ""value"": ""hello@luyoa.com""}]",Stamps,{{balance}},Member,2000,STARTER,1,Welcome to AutoSpa,6000,0,assets/icons/autospa-881_rect.png,1,1,1,1,https://luyoa.com/enroll/autospa-881,[],0,0,0
457,a6fdc2f2,SparkleWash,sparklewash,BALANCE,,#FFFFFF,Loyalty card for SparkleWash,#FFFFFF,#CCCCCC,assets/logos/sparklewash.png,assets/icons/sparklewash.png,assets/strips/sparklewash/,"[{""key"": ""web"", ""label"": ""Visit us"", ""value"": ""https://luyoa.com/sparklewash""}, {""key"": ""support"", ""label"": ""Support"", ""value"": ""hello@luyoa.com""}]",Balance,{{balance}},Member,5000,CORE,1,Welcome to SparkleWash,25000,0,assets/icons/sparklewash_rect.png,1,1,1,0,https://luyoa.com/enroll/sparklewash,[],1,1,0
458,017f2fa4,WaveRoll,waveroll-722,BALANCE,,#FFFFFF,Loyalty card for WaveRoll,#FFFFFF,#CCCCCC,assets/logos/waveroll-722.png,assets/icons/waveroll-722.png,assets/strips/waveroll-722/,"[{""key"": ""web"", ""label"": ""Visit us"", ""value"": ""https://luyoa.com/waveroll-722""}, {""key"": ""support"", ""label"": ""Support"", ""value"": ""hello@luyoa.com""}]",Balance,{{balance}},Member,1000,STARTER,1,Welcome to WaveRoll,5000,0,assets/icons/waveroll-722_rect.png,1,1,0,1,https://luyoa.com/enroll/waveroll-722,[],0,0,0
459,9d81df8d,NectarBar,nectarbar-81,STATIC,,#2C3E50,Loyalty card for NectarBar,#FFFFFF,#CCCCCC,assets/logos/nectarbar-81.png,assets/icons/nectarbar-81.png,assets/strips/nectarbar-81/,"[{""key"": ""web"", ""label"": ""Visit us"", ""value"": ""https://luyoa.com/nectarbar-81""}, {""key"": ""support"", ""label"": ""Support"", ""value"": ""hello@luyoa.com""}]",Stamps,{{balance}},Member,5000,GROW,1,Welcome to NectarBar,15000,0,assets/icons/nectarbar-81_rect.png,3,2,1,1,https://luyoa.com/enroll/nectarbar-81,[],1,1,1
460,dd8e465d,Harvest Table,harvest-table-525,STATIC,,#2C3E50,Loyalty card for Harvest Table,#FFFFFF,#CCCCCC,assets/logos/harvest-table-525.png,assets/icons/harvest-table-525.png,assets/strips/harvest-table-525/,"[{""key"": ""web"", ""label"": ""Visit us"", ""value"": ""https://luyoa.com/harvest-table-525""}, {""key"": ""support"", ""label"": ""Support"", ""value"": ""hello@luyoa.com""}]",Stamps,{{balance}},Member,2000,CORE,1,Welcome to Harvest Table,6000,1,assets/icons/harvest-table-525_rect.png,1,1,1,0,https://luyoa.com/enroll/harvest-table-525,[],1,1,0
461,435e3f15,Core Fit,core-fit-267,BALANCE,,#1B4F72,Loyalty card for Core Fit,#FFFFFF,#CCCCCC,assets/logos/core-fit-267.png,assets/icons/core-fit-267.png,assets/strips/core-fit-267/,"[{""key"": ""web"", ""label"": ""Visit us"", ""value"": ""https://luyoa.com/core-fit-267""}, {""key"": ""support"", ""label"": ""Support"", ""value"": ""hello@luyoa.com""}]",Balance,{{balance}},Member,200,GROW,1,Welcome to Core Fit,400,0,assets/icons/core-fit-267_rect.png,4,2,1,1,https://luyoa.com/enroll/core-fit-267,[],1,1,1
462,f248d024,GadgetHub,gadgethub-872,BALANCE,,#1A1A2E,Loyalty card for GadgetHub,#FFFFFF,#CCCCCC,assets/logos/gadgethub-872.png,assets/icons/gadgethub-872.png,assets/strips/gadgethub-872/,"[{""key"": ""web"", ""label"": ""Visit us"", ""value"": ""https://luyoa.com/gadgethub-872""}, {""key"": ""support"", ""label"": ""Support"", ""value"": ""hello@luyoa.com""}]",Balance,{{balance}},Member,1000,CORE,1,Welcome to GadgetHub,3000,1,assets/icons/gadgethub-872_rect.png,1,1,1,0,https://luyoa.com/enroll/gadgethub-872,[],1,1,0
463,4e1df9f7,Bake Street,bake-street,BALANCE,,#1A1A2E,Loyalty card for Bake Street,#FFFFFF,#CCCCCC,assets/logos/bake-street.png,assets/icons/bake-street.png,assets/strips/bake-street/,"[{""key"": ""web"", ""label"": ""Visit us"", ""value"": ""https://luyoa.com/bake-street""}, {""key"": ""support"", ""label"": ""Support"", ""value"": ""hello@luyoa.com""}]",Balance,{{balance}},Member,500,GROW,1,Welcome to Bake Street,1000,1,assets/icons/bake-street_rect.png,4,2,0,1,https://luyoa.com/enroll/bake-street,[],1,1,1
464,6668968d,Green Table,green-table-858,STAMPS,12,#0F3460,Loyalty card for Green Table,#FFFFFF,#CCCCCC,assets/logos/green-table-858.png,assets/icons/green-table-858.png,assets/strips/green-table-858/,"[{""key"": ""web"", ""label"": ""Visit us"", ""value"": ""https://luyoa.com/green-table-858""}, {""key"": ""support"", ""label"": ""Support"", ""value"": ""hello@luyoa.com""}]",Stamps,{{balance}},Member,2000,STARTER,1,Welcome to Green Table,6000,0,assets/icons/green-table-858_rect.png,1,1,0,1,https://luyoa.com/enroll/green-table-858,[],0,0,0
465,fc7026fe,The Pet Corner,the-pet-corner,BALANCE,,#0F3460,Loyalty card for The Pet Corner,#FFFFFF,#CCCCCC,assets/logos/the-pet-corner.png,assets/icons/the-pet-corner.png,assets/strips/the-pet-corner/,"[{""key"": ""web"", ""label"": ""Visit us"", ""value"": ""https://luyoa.com/the-pet-corner""}, {""key"": ""support"", ""label"": ""Support"", ""value"": ""hello@luyoa.com""}]",Balance,{{balance}},Member,2000,STARTER,1,Welcome to The Pet Corner,10000,0,assets/icons/the-pet-corner_rect.png,2,2,1,1,https://luyoa.com/enroll/the-pet-corner,[],0,0,0
466,af260976,OptiCare,opticare-950,BALANCE,,#0F3460,Loyalty card for OptiCare,#FFFFFF,#CCCCCC,assets/logos/opticare-950.png,assets/icons/opticare-950.png,assets/strips/opticare-950/,"[{""key"": ""web"", ""label"": ""Visit us"", ""value"": ""https://luyoa.com/opticare-950""}, {""key"": ""support"", ""label"": ""Support"", ""value"": ""hello@luyoa.com""}]",Balance,{{balance}},Member,2000,STARTER,1,Welcome to OptiCare,10000,0,assets/icons/opticare-950_rect.png,2,2,0,1,https://luyoa.com/enroll/opticare-950,[],0,0,0
467,039255ea,TailWag,tailwag-277,STATIC,,#FFFFFF,Loyalty card for TailWag,#FFFFFF,#CCCCCC,assets/logos/tailwag-277.png,assets/icons/tailwag-277.png,assets/strips/tailwag-277/,"[{""key"": ""web"", ""label"": ""Visit us"", ""value"": ""https://luyoa.com/tailwag-277""}, {""key"": ""support"", ""label"": ""Support"", ""value"": ""hello@luyoa.com""}]",Stamps,{{balance}},Member,1000,CORE,1,Welcome to TailWag,5000,1,assets/icons/tailwag-277_rect.png,3,2,1,1,https://luyoa.com/enroll/tailwag-277,[],1,1,0
468,762222ba,OralFirst,oralfirst-694,STAMPS,8,#2C3E50,Loyalty card for OralFirst,#FFFFFF,#CCCCCC,assets/logos/oralfirst-694.png,assets/icons/oralfirst-694.png,assets/strips/oralfirst-694/,"[{""key"": ""web"", ""label"": ""Visit us"", ""value"": ""https://luyoa.com/oralfirst-694""}, {""key"": ""support"", ""label"": ""Support"", ""value"": ""hello@luyoa.com""}]",Stamps,{{balance}},Member,1000,CORE,0,Welcome to OralFirst,2000,0,assets/icons/oralfirst-694_rect.png,1,1,0,0,https://luyoa.com/enroll/oralfirst-694,[],1,1,0
469,9442491d,Crusty Corner,crusty-corner-258,BALANCE,,#FFFFFF,Loyalty card for Crusty Corner,#FFFFFF,#CCCCCC,assets/logos/crusty-corner-258.png,assets/icons/crusty-corner-258.png,assets/strips/crusty-corner-258/,"[{""key"": ""web"", ""label"": ""Visit us"", ""value"": ""https://luyoa.com/crusty-corner-258""}, {""key"": ""support"", ""label"": ""Support"", ""value"": ""hello@luyoa.com""}]",Balance,{{balance}},Member,500,CORE,0,Welcome to Crusty Corner,1000,0,assets/icons/crusty-corner-258_rect.png,1,1,0,1,https://luyoa.com/enroll/crusty-corner-258,[],1,1,0
470,4c5a62b4,Warm Oven,warm-oven-673,BALANCE,,#F5F5F5,Loyalty card for Warm Oven,#FFFFFF,#CCCCCC,assets/logos/warm-oven-673.png,assets/icons/warm-oven-673.png,assets/strips/warm-oven-673/,"[{""key"": ""web"", ""label"": ""Visit us"", ""value"": ""https://luyoa.com/warm-oven-673""}, {""key"": ""support"", ""label"": ""Support"", ""value"": ""hello@luyoa.com""}]",Balance,{{balance}},Member,5000,STARTER,1,Welcome to Warm Oven,25000,0,assets/icons/warm-oven-673_rect.png,2,2,1,0,https://luyoa.com/enroll/warm-oven-673,[],0,0,0
471,052f41b9,FluentPath,fluentpath-788,STAMPS,12,#1A1A2E,Loyalty card for FluentPath,#FFFFFF,#CCCCCC,assets/logos/fluentpath-788.png,assets/icons/fluentpath-788.png,assets/strips/fluentpath-788/,"[{""key"": ""web"", ""label"": ""Visit us"", ""value"": ""https://luyoa.com/fluentpath-788""}, {""key"": ""support"", ""label"": ""Support"", ""value"": ""hello@luyoa.com""}]",Stamps,{{balance}},Member,1000,STARTER,1,Welcome to FluentPath,2000,1,assets/icons/fluentpath-788_rect.png,1,1,0,0,https://luyoa.com/enroll/fluentpath-788,[],0,0,0
472,d51b2431,The Lens Studio,the-lens-studio-452,BALANCE,,#0F3460,Loyalty card for The Lens Studio,#FFFFFF,#CCCCCC,assets/logos/the-lens-studio-452.png,assets/icons/the-lens-studio-452.png,assets/strips/the-lens-studio-452/,"[{""key"": ""web"", ""label"": ""Visit us"", ""value"": ""https://luyoa.com/the-lens-studio-452""}, {""key"": ""support"", ""label"": ""Support"", ""value"": ""hello@luyoa.com""}]",Balance,{{balance}},Member,200,STARTER,1,Welcome to The Lens Studio,400,1,assets/icons/the-lens-studio-452_rect.png,3,2,0,1,https://luyoa.com/enroll/the-lens-studio-452,[],0,0,0
473,dfa62cc0,Daily Flow,daily-flow-659,BALANCE,,#0F3460,Loyalty card for Daily Flow,#FFFFFF,#CCCCCC,assets/logos/daily-flow-659.png,assets/icons/daily-flow-659.png,assets/strips/daily-flow-659/,"[{""key"": ""web"", ""label"": ""Visit us"", ""value"": ""https://luyoa.com/daily-flow-659""}, {""key"": ""support"", ""label"": ""Support"", ""value"": ""hello@luyoa.com""}]",Balance,{{balance}},Member,200,CORE,1,Welcome to Daily Flow,400,0,assets/icons/daily-flow-659_rect.png,1,1,0,0,https://luyoa.com/enroll/daily-flow-659,[],1,1,0
474,e3b8cbeb,BottleShop,bottleshop-153,STAMPS,6,#1B4F72,Loyalty card for BottleShop,#FFFFFF,#CCCCCC,assets/logos/bottleshop-153.png,assets/icons/bottleshop-153.png,assets/strips/bottleshop-153/,"[{""key"": ""web"", ""label"": ""Visit us"", ""value"": ""https://luyoa.com/bottleshop-153""}, {""key"": ""support"", ""label"": ""Support"", ""value"": ""hello@luyoa.com""}]",Stamps,{{balance}},Member,200,CORE,1,Welcome to BottleShop,400,1,assets/icons/bottleshop-153_rect.png,1,1,1,1,https://luyoa.com/enroll/bottleshop-153,[],1,1,0
475,119ed1e8,Bean Scene,bean-scene,BALANCE,,#2C3E50,Loyalty card for Bean Scene,#FFFFFF,#CCCCCC,assets/logos/bean-scene.png,assets/icons/bean-scene.png,assets/strips/bean-scene/,"[{""key"": ""web"", ""label"": ""Visit us"", ""value"": ""https://luyoa.com/bean-scene""}, {""key"": ""support"", ""label"": ""Support"", ""value"": ""hello@luyoa.com""}]",Balance,{{balance}},Member,200,GROW,1,Welcome to Bean Scene,600,1,assets/icons/bean-scene_rect.png,1,1,0,1,https://luyoa.com/enroll/bean-scene,[],1,1,1
476,a200b647,Sakura Roll,sakura-roll-648,STATIC,,#1A1A2E,Loyalty card for Sakura Roll,#FFFFFF,#CCCCCC,assets/logos/sakura-roll-648.png,assets/icons/sakura-roll-648.png,assets/strips/sakura-roll-648/,"[{""key"": ""web"", ""label"": ""Visit us"", ""value"": ""https://luyoa.com/sakura-roll-648""}, {""key"": ""support"", ""label"": ""Support"", ""value"": ""hello@luyoa.com""}]",Stamps,{{balance}},Member,200,STARTER,1,Welcome to Sakura Roll,600,0,assets/icons/sakura-roll-648_rect.png,3,2,1,0,https://luyoa.com/enroll/sakura-roll-648,[],0,0,0
477,3009a1b3,The Spa Room,the-spa-room-307,BALANCE,,#FFFFFF,Loyalty card for The Spa Room,#FFFFFF,#CCCCCC,assets/logos/the-spa-room-307.png,assets/icons/the-spa-room-307.png,assets/strips/the-spa-room-307/,"[{""key"": ""web"", ""label"": ""Visit us"", ""value"": ""https://luyoa.com/the-spa-room-307""}, {""key"": ""support"", ""label"": ""Support"", ""value"": ""hello@luyoa.com""}]",Balance,{{balance}},Member,2000,STARTER,1,Welcome to The Spa Room,6000,1,assets/icons/the-spa-room-307_rect.png,1,1,0,1,https://luyoa.com/enroll/the-spa-room-307,[],0,0,0
478,5868ec31,EasyTalk,easytalk-245,STAMPS,12,#FFFFFF,Loyalty card for EasyTalk,#FFFFFF,#CCCCCC,assets/logos/easytalk-245.png,assets/icons/easytalk-245.png,assets/strips/easytalk-245/,"[{""key"": ""web"", ""label"": ""Visit us"", ""value"": ""https://luyoa.com/easytalk-245""}, {""key"": ""support"", ""label"": ""Support"", ""value"": ""hello@luyoa.com""}]",Stamps,{{balance}},Member,2000,STARTER,1,Welcome to EasyTalk,10000,1,assets/icons/easytalk-245_rect.png,1,1,1,1,https://luyoa.com/enroll/easytalk-245,[],0,0,0
479,e29da95d,VoiceBox Academy,voicebox-academy-807,STATIC,,#0F3460,Loyalty card for VoiceBox Academy,#FFFFFF,#CCCCCC,assets/logos/voicebox-academy-807.png,assets/icons/voicebox-academy-807.png,assets/strips/voicebox-academy-807/,"[{""key"": ""web"", ""label"": ""Visit us"", ""value"": ""https://luyoa.com/voicebox-academy-807""}, {""key"": ""support"", ""label"": ""Support"", ""value"": ""hello@luyoa.com""}]",Stamps,{{balance}},Member,200,STARTER,1,Welcome to VoiceBox Academy,1000,1,assets/icons/voicebox-academy-807_rect.png,1,1,0,1,https://luyoa.com/enroll/voicebox-academy-807,[],0,0,0
480,56a62226,The Cork Room,the-cork-room-483,BALANCE,,#FFFFFF,Loyalty card for The Cork Room,#FFFFFF,#CCCCCC,assets/logos/the-cork-room-483.png,assets/icons/the-cork-room-483.png,assets/strips/the-cork-room-483/,"[{""key"": ""web"", ""label"": ""Visit us"", ""value"": ""https://luyoa.com/the-cork-room-483""}, {""key"": ""support"", ""label"": ""Support"", ""value"": ""hello@luyoa.com""}]",Balance,{{balance}},Member,5000,STARTER,1,Welcome to The Cork Room,25000,0,assets/icons/the-cork-room-483_rect.png,3,2,0,0,https://luyoa.com/enroll/the-cork-room-483,[],0,0,0
481,6eff20b8,The Bistro,the-bistro-175,STATIC,,#FFFFFF,Loyalty card for The Bistro,#FFFFFF,#CCCCCC,assets/logos/the-bistro-175.png,assets/icons/the-bistro-175.png,assets/strips/the-bistro-175/,"[{""key"": ""web"", ""label"": ""Visit us"", ""value"": ""https://luyoa.com/the-bistro-175""}, {""key"": ""support"", ""label"": ""Support"", ""value"": ""hello@luyoa.com""}]",Stamps,{{balance}},Member,5000,GROW,1,Welcome to The Bistro,10000,0,assets/icons/the-bistro-175_rect.png,1,1,1,1,https://luyoa.com/enroll/the-bistro-175,[],1,1,1
482,71849a0f,TechCorner,techcorner-333,BALANCE,,#1B4F72,Loyalty card for TechCorner,#FFFFFF,#CCCCCC,assets/logos/techcorner-333.png,assets/icons/techcorner-333.png,assets/strips/techcorner-333/,"[{""key"": ""web"", ""label"": ""Visit us"", ""value"": ""https://luyoa.com/techcorner-333""}, {""key"": ""support"", ""label"": ""Support"", ""value"": ""hello@luyoa.com""}]",Balance,{{balance}},Member,200,GROW,1,Welcome to TechCorner,400,1,assets/icons/techcorner-333_rect.png,1,1,0,0,https://luyoa.com/enroll/techcorner-333,[],1,1,1
483,c50e09d3,TheWinery,thewinery-173,BALANCE,,#2C3E50,Loyalty card for TheWinery,#FFFFFF,#CCCCCC,assets/logos/thewinery-173.png,assets/icons/thewinery-173.png,assets/strips/thewinery-173/,"[{""key"": ""web"", ""label"": ""Visit us"", ""value"": ""https://luyoa.com/thewinery-173""}, {""key"": ""support"", ""label"": ""Support"", ""value"": ""hello@luyoa.com""}]",Balance,{{balance}},Member,1000,STARTER,1,Welcome to TheWinery,2000,0,assets/icons/thewinery-173_rect.png,1,1,0,0,https://luyoa.com/enroll/thewinery-173,[],0,0,0
484,dcf1f96f,TechBox,techbox-8,BALANCE,,#FFFFFF,Loyalty card for TechBox,#FFFFFF,#CCCCCC,assets/logos/techbox-8.png,assets/icons/techbox-8.png,assets/strips/techbox-8/,"[{""key"": ""web"", ""label"": ""Visit us"", ""value"": ""https://luyoa.com/techbox-8""}, {""key"": ""support"", ""label"": ""Support"", ""value"": ""hello@luyoa.com""}]",Balance,{{balance}},Member,500,STARTER,1,Welcome to TechBox,2500,1,assets/icons/techbox-8_rect.png,2,2,1,1,https://luyoa.com/enroll/techbox-8,[],0,0,0
485,3c0e4f49,Inner Peace Studio,inner-peace-studio-422,STAMPS,8,#2C3E50,Loyalty card for Inner Peace Studio,#FFFFFF,#CCCCCC,assets/logos/inner-peace-studio-422.png,assets/icons/inner-peace-studio-422.png,assets/strips/inner-peace-studio-422/,"[{""key"": ""web"", ""label"": ""Visit us"", ""value"": ""https://luyoa.com/inner-peace-studio-422""}, {""key"": ""support"", ""label"": ""Support"", ""value"": ""hello@luyoa.com""}]",Stamps,{{balance}},Member,500,STARTER,1,Welcome to Inner Peace Studio,2500,0,assets/icons/inner-peace-studio-422_rect.png,4,2,1,1,https://luyoa.com/enroll/inner-peace-studio-422,[],0,0,0
486,fe05ef9d,Quick Bite,quick-bite-572,BALANCE,,#F5F5F5,Loyalty card for Quick Bite,#FFFFFF,#CCCCCC,assets/logos/quick-bite-572.png,assets/icons/quick-bite-572.png,assets/strips/quick-bite-572/,"[{""key"": ""web"", ""label"": ""Visit us"", ""value"": ""https://luyoa.com/quick-bite-572""}, {""key"": ""support"", ""label"": ""Support"", ""value"": ""hello@luyoa.com""}]",Balance,{{balance}},Member,500,CORE,1,Welcome to Quick Bite,2500,0,assets/icons/quick-bite-572_rect.png,1,1,1,1,https://luyoa.com/enroll/quick-bite-572,[],1,1,0
487,fc105c8c,PurePress,purepress-199,STAMPS,6,#1B4F72,Loyalty card for PurePress,#FFFFFF,#CCCCCC,assets/logos/purepress-199.png,assets/icons/purepress-199.png,assets/strips/purepress-199/,"[{""key"": ""web"", ""label"": ""Visit us"", ""value"": ""https://luyoa.com/purepress-199""}, {""key"": ""support"", ""label"": ""Support"", ""value"": ""hello@luyoa.com""}]",Stamps,{{balance}},Member,500,CORE,1,Welcome to PurePress,1500,1,assets/icons/purepress-199_rect.png,3,2,0,0,https://luyoa.com/enroll/purepress-199,[],1,1,0
488,5bc0c830,Sunset Grill,sunset-grill-343,STAMPS,12,#FFFFFF,Loyalty card for Sunset Grill,#FFFFFF,#CCCCCC,assets/logos/sunset-grill-343.png,assets/icons/sunset-grill-343.png,assets/strips/sunset-grill-343/,"[{""key"": ""web"", ""label"": ""Visit us"", ""value"": ""https://luyoa.com/sunset-grill-343""}, {""key"": ""support"", ""label"": ""Support"", ""value"": ""hello@luyoa.com""}]",Stamps,{{balance}},Member,200,STARTER,1,Welcome to Sunset Grill,1000,0,assets/icons/sunset-grill-343_rect.png,1,1,0,0,https://luyoa.com/enroll/sunset-grill-343,[],0,0,0
489,9cae71c0,Inner Peace Studio,inner-peace-studio-607,BALANCE,,#1A1A2E,Loyalty card for Inner Peace Studio,#FFFFFF,#CCCCCC,assets/logos/inner-peace-studio-607.png,assets/icons/inner-peace-studio-607.png,assets/strips/inner-peace-studio-607/,"[{""key"": ""web"", ""label"": ""Visit us"", ""value"": ""https://luyoa.com/inner-peace-studio-607""}, {""key"": ""support"", ""label"": ""Support"", ""value"": ""hello@luyoa.com""}]",Balance,{{balance}},Member,5000,STARTER,1,Welcome to Inner Peace Studio,25000,1,assets/icons/inner-peace-studio-607_rect.png,1,1,0,0,https://luyoa.com/enroll/inner-peace-studio-607,[],0,0,0
490,6fccb93e,Ink & Paper,ink-and-paper-385,BALANCE,,#FFFFFF,Loyalty card for Ink & Paper,#FFFFFF,#CCCCCC,assets/logos/ink-and-paper-385.png,assets/icons/ink-and-paper-385.png,assets/strips/ink-and-paper-385/,"[{""key"": ""web"", ""label"": ""Visit us"", ""value"": ""https://luyoa.com/ink-and-paper-385""}, {""key"": ""support"", ""label"": ""Support"", ""value"": ""hello@luyoa.com""}]",Balance,{{balance}},Member,500,STARTER,1,Welcome to Ink & Paper,1500,0,assets/icons/ink-and-paper-385_rect.png,1,1,1,0,https://luyoa.com/enroll/ink-and-paper-385,[],0,0,0
491,3f885566,Glow Studio,glow-studio-469,STATIC,,#1B4F72,Loyalty card for Glow Studio,#FFFFFF,#CCCCCC,assets/logos/glow-studio-469.png,assets/icons/glow-studio-469.png,assets/strips/glow-studio-469/,"[{""key"": ""web"", ""label"": ""Visit us"", ""value"": ""https://luyoa.com/glow-studio-469""}, {""key"": ""support"", ""label"": ""Support"", ""value"": ""hello@luyoa.com""}]",Stamps,{{balance}},Member,500,CORE,1,Welcome to Glow Studio,1500,0,assets/icons/glow-studio-469_rect.png,1,1,1,0,https://luyoa.com/enroll/glow-studio-469,[],1,1,0
492,efa6dc97,Harvest Table,harvest-table-470,BALANCE,,#F5F5F5,Loyalty card for Harvest Table,#FFFFFF,#CCCCCC,assets/logos/harvest-table-470.png,assets/icons/harvest-table-470.png,assets/strips/harvest-table-470/,"[{""key"": ""web"", ""label"": ""Visit us"", ""value"": ""https://luyoa.com/harvest-table-470""}, {""key"": ""support"", ""label"": ""Support"", ""value"": ""hello@luyoa.com""}]",Balance,{{balance}},Member,2000,STARTER,1,Welcome to Harvest Table,4000,1,assets/icons/harvest-table-470_rect.png,1,1,0,1,https://luyoa.com/enroll/harvest-table-470,[],0,0,0
493,b6d6c44b,GadgetHub,gadgethub-422,STATIC,,#0F3460,Loyalty card for GadgetHub,#FFFFFF,#CCCCCC,assets/logos/gadgethub-422.png,assets/icons/gadgethub-422.png,assets/strips/gadgethub-422/,"[{""key"": ""web"", ""label"": ""Visit us"", ""value"": ""https://luyoa.com/gadgethub-422""}, {""key"": ""support"", ""label"": ""Support"", ""value"": ""hello@luyoa.com""}]",Stamps,{{balance}},Member,5000,CORE,1,Welcome to GadgetHub,10000,1,assets/icons/gadgethub-422_rect.png,2,2,1,0,https://luyoa.com/enroll/gadgethub-422,[],1,1,0
494,987aac03,Espresso Lab,espresso-lab-445,BALANCE,,#F5F5F5,Loyalty card for Espresso Lab,#FFFFFF,#CCCCCC,assets/logos/espresso-lab-445.png,assets/icons/espresso-lab-445.png,assets/strips/espresso-lab-445/,"[{""key"": ""web"", ""label"": ""Visit us"", ""value"": ""https://luyoa.com/espresso-lab-445""}, {""key"": ""support"", ""label"": ""Support"", ""value"": ""hello@luyoa.com""}]",Balance,{{balance}},Member,5000,CORE,1,Welcome to Espresso Lab,25000,0,assets/icons/espresso-lab-445_rect.png,1,1,0,0,https://luyoa.com/enroll/espresso-lab-445,[],1,1,0
495,1197f94a,Flavor Street,flavor-street,STAMPS,12,#1B4F72,Loyalty card for Flavor Street,#FFFFFF,#CCCCCC,assets/logos/flavor-street.png,assets/icons/flavor-street.png,assets/strips/flavor-street/,"[{""key"": ""web"", ""label"": ""Visit us"", ""value"": ""https://luyoa.com/flavor-street""}, {""key"": ""support"", ""label"": ""Support"", ""value"": ""hello@luyoa.com""}]",Stamps,{{balance}},Member,2000,CORE,1,Welcome to Flavor Street,6000,1,assets/icons/flavor-street_rect.png,2,2,0,0,https://luyoa.com/enroll/flavor-street,[],1,1,0
496,9051f74e,Nori House,nori-house-136,BALANCE,,#1A1A2E,Loyalty card for Nori House,#FFFFFF,#CCCCCC,assets/logos/nori-house-136.png,assets/icons/nori-house-136.png,assets/strips/nori-house-136/,"[{""key"": ""web"", ""label"": ""Visit us"", ""value"": ""https://luyoa.com/nori-house-136""}, {""key"": ""support"", ""label"": ""Support"", ""value"": ""hello@luyoa.com""}]",Balance,{{balance}},Member,1000,CORE,1,Welcome to Nori House,2000,0,assets/icons/nori-house-136_rect.png,1,1,1,1,https://luyoa.com/enroll/nori-house-136,[],1,1,0
497,5bb6fb1e,StyleBox,stylebox-466,BALANCE,,#F5F5F5,Loyalty card for StyleBox,#FFFFFF,#CCCCCC,assets/logos/stylebox-466.png,assets/icons/stylebox-466.png,assets/strips/stylebox-466/,"[{""key"": ""web"", ""label"": ""Visit us"", ""value"": ""https://luyoa.com/stylebox-466""}, {""key"": ""support"", ""label"": ""Support"", ""value"": ""hello@luyoa.com""}]",Balance,{{balance}},Member,2000,CORE,1,Welcome to StyleBox,6000,0,assets/icons/stylebox-466_rect.png,4,2,1,1,https://luyoa.com/enroll/stylebox-466,[],1,1,0
498,01b660d3,VoiceBox Academy,voicebox-academy-544,STAMPS,6,#0F3460,Loyalty card for VoiceBox Academy,#FFFFFF,#CCCCCC,assets/logos/voicebox-academy-544.png,assets/icons/voicebox-academy-544.png,assets/strips/voicebox-academy-544/,"[{""key"": ""web"", ""label"": ""Visit us"", ""value"": ""https://luyoa.com/voicebox-academy-544""}, {""key"": ""support"", ""label"": ""Support"", ""value"": ""hello@luyoa.com""}]",Stamps,{{balance}},Member,1000,STARTER,1,Welcome to VoiceBox Academy,5000,0,assets/icons/voicebox-academy-544_rect.png,3,2,0,1,https://luyoa.com/enroll/voicebox-academy-544,[],0,0,0
499,0429e357,Story Corner,story-corner-910,STAMPS,6,#0F3460,Loyalty card for Story Corner,#FFFFFF,#CCCCCC,assets/logos/story-corner-910.png,assets/icons/story-corner-910.png,assets/strips/story-corner-910/,"[{""key"": ""web"", ""label"": ""Visit us"", ""value"": ""https://luyoa.com/story-corner-910""}, {""key"": ""support"", ""label"": ""Support"", ""value"": ""hello@luyoa.com""}]",Stamps,{{balance}},Member,200,STARTER,1,Welcome to Story Corner,1000,0,assets/icons/story-corner-910_rect.png,4,2,1,0,https://luyoa.com/enroll/story-corner-910,[],0,0,0
500,2bca5854,PeakFit,peakfit,BALANCE,,#2C3E50,Loyalty card for PeakFit,#FFFFFF,#CCCCCC,assets/logos/peakfit.png,assets/icons/peakfit.png,assets/strips/peakfit/,"[{""key"": ""web"", ""label"": ""Visit us"", ""value"": ""https://luyoa.com/peakfit""}, {""key"": ""support"", ""label"": ""Support"", ""value"": ""hello@luyoa.com""}]",Balance,{{balance}},Member,500,CORE,1,Welcome to PeakFit,1500,0,assets/icons/peakfit_rect.png,2,2,0,0,https://luyoa.com/enroll/peakfit,[],1,1,0
