id,uid,name,filters,is_public,created_at,updated_at,business_id,user_id
1,d27c19e0,VIP Customers,"{""min_balance"": 1000, ""last_active_days"": 30}",0,2025-10-20 19:43:51.000,2025-11-15 19:43:51.000,1,1
2,ebf2a561,At Risk,"{""inactive_days_min"": 60, ""inactive_days_max"": 89}",0,2025-10-20 19:43:51.000,2025-11-20 19:43:51.000,1,1
3,df18d865,Birthday Month,"{""birthday_month"": ""current""}",1,2025-10-20 19:43:51.000,2025-11-13 19:43:51.000,1,1
4,bd6aa0fc,New Members,"{""created_days_max"": 30}",0,2025-10-20 19:43:51.000,2025-12-13 19:43:51.000,1,1
5,7bbf5efa,Inactive 90+,"{""inactive_days_min"": 90}",0,2025-10-20 19:43:51.000,2025-11-20 19:43:51.000,1,1
6,e9f61462,High Spenders,"{""avg_ticket_min"": 50}",1,2025-10-20 19:43:51.000,2025-11-23 19:43:51.000,1,1
7,afef4b2b,VIP Customers,"{""min_balance"": 1000, ""last_active_days"": 30}",0,2025-10-20 19:43:51.000,2025-11-16 19:43:51.000,2,5
8,d49a0dd6,At Risk,"{""inactive_days_min"": 60, ""inactive_days_max"": 89}",1,2025-10-20 19:43:51.000,2025-11-28 19:43:51.000,2,5
9,5b5b2da2,Birthday Month,"{""birthday_month"": ""current""}",1,2025-10-20 19:43:51.000,2025-12-17 19:43:51.000,2,5
10,244e9ce0,New Members,"{""created_days_max"": 30}",1,2025-10-20 19:43:51.000,2025-12-19 19:43:51.000,2,5
11,237bd9f3,Inactive 90+,"{""inactive_days_min"": 90}",1,2025-10-20 19:43:51.000,2025-11-24 19:43:51.000,2,5
12,03eb0d3a,High Spenders,"{""avg_ticket_min"": 50}",0,2025-10-20 19:43:51.000,2025-11-07 19:43:51.000,2,5
13,164a4f15,VIP Customers,"{""min_balance"": 1000, ""last_active_days"": 30}",0,2025-10-20 19:43:51.000,2025-12-14 19:43:51.000,3,8
14,d56fe5d4,At Risk,"{""inactive_days_min"": 60, ""inactive_days_max"": 89}",1,2025-10-20 19:43:51.000,2025-10-25 19:43:51.000,3,8
15,18de931c,Birthday Month,"{""birthday_month"": ""current""}",1,2025-10-20 19:43:51.000,2025-10-25 19:43:51.000,3,8
16,1dbdd555,New Members,"{""created_days_max"": 30}",1,2025-10-20 19:43:51.000,2025-10-31 19:43:51.000,3,8
17,727bf5e6,Inactive 90+,"{""inactive_days_min"": 90}",1,2025-10-20 19:43:51.000,2025-10-31 19:43:51.000,3,8
18,d737b77e,High Spenders,"{""avg_ticket_min"": 50}",0,2025-10-20 19:43:51.000,2025-12-04 19:43:51.000,3,8
19,3d9f1cf9,VIP Customers,"{""min_balance"": 1000, ""last_active_days"": 30}",1,2025-10-20 19:43:51.000,2025-12-16 19:43:51.000,4,16
20,a7cc01af,At Risk,"{""inactive_days_min"": 60, ""inactive_days_max"": 89}",0,2025-10-20 19:43:51.000,2025-11-29 19:43:51.000,4,16
21,32558ff3,Birthday Month,"{""birthday_month"": ""current""}",1,2025-10-20 19:43:51.000,2025-10-28 19:43:51.000,4,16
22,343d4034,New Members,"{""created_days_max"": 30}",0,2025-10-20 19:43:51.000,2025-11-11 19:43:51.000,4,16
23,13d1bfdc,Inactive 90+,"{""inactive_days_min"": 90}",0,2025-10-20 19:43:51.000,2025-10-30 19:43:51.000,4,16
24,02a64d66,High Spenders,"{""avg_ticket_min"": 50}",1,2025-10-20 19:43:51.000,2025-10-29 19:43:51.000,4,16
25,ae9beb09,VIP Customers,"{""min_balance"": 1000, ""last_active_days"": 30}",1,2025-10-20 19:43:51.000,2025-11-06 19:43:51.000,5,22
26,7927fa2e,At Risk,"{""inactive_days_min"": 60, ""inactive_days_max"": 89}",1,2025-10-20 19:43:51.000,2025-11-06 19:43:51.000,5,22
27,5862455b,Birthday Month,"{""birthday_month"": ""current""}",1,2025-10-20 19:43:51.000,2025-11-29 19:43:51.000,5,22
28,e5c4731f,New Members,"{""created_days_max"": 30}",1,2025-10-20 19:43:51.000,2025-11-25 19:43:51.000,5,22
29,432ea5cf,Inactive 90+,"{""inactive_days_min"": 90}",1,2025-10-20 19:43:51.000,2025-10-28 19:43:51.000,5,22
30,eb481c3f,High Spenders,"{""avg_ticket_min"": 50}",1,2025-10-20 19:43:51.000,2025-11-10 19:43:51.000,5,22
31,3c25f44f,VIP Customers,"{""min_balance"": 1000, ""last_active_days"": 30}",0,2025-10-20 19:43:51.000,2025-10-20 19:43:51.000,6,34
32,ff28be6b,At Risk,"{""inactive_days_min"": 60, ""inactive_days_max"": 89}",1,2025-10-20 19:43:51.000,2025-10-25 19:43:51.000,6,34
33,b8273299,Birthday Month,"{""birthday_month"": ""current""}",0,2025-10-20 19:43:51.000,2025-11-02 19:43:51.000,6,34
34,d8a5151e,New Members,"{""created_days_max"": 30}",0,2025-10-20 19:43:51.000,2025-11-13 19:43:51.000,6,34
35,c83baf90,Inactive 90+,"{""inactive_days_min"": 90}",1,2025-10-20 19:43:51.000,2025-11-15 19:43:51.000,6,34
36,c096a2dc,High Spenders,"{""avg_ticket_min"": 50}",0,2025-10-20 19:43:51.000,2025-12-14 19:43:51.000,6,34
37,4265c9ac,VIP Customers,"{""min_balance"": 1000, ""last_active_days"": 30}",0,2025-10-20 19:43:51.000,2025-10-31 19:43:51.000,7,38
38,f7367218,At Risk,"{""inactive_days_min"": 60, ""inactive_days_max"": 89}",0,2025-10-20 19:43:51.000,2025-11-19 19:43:51.000,7,38
39,acec6710,Birthday Month,"{""birthday_month"": ""current""}",1,2025-10-20 19:43:51.000,2025-12-13 19:43:51.000,7,38
40,dccfdaf7,New Members,"{""created_days_max"": 30}",0,2025-10-20 19:43:51.000,2025-10-27 19:43:51.000,7,38
41,b629832d,Inactive 90+,"{""inactive_days_min"": 90}",0,2025-10-20 19:43:51.000,2025-11-20 19:43:51.000,7,38
42,e945a960,High Spenders,"{""avg_ticket_min"": 50}",0,2025-10-20 19:43:51.000,2025-12-16 19:43:51.000,7,38
43,27f72cf2,VIP Customers,"{""min_balance"": 1000, ""last_active_days"": 30}",0,2025-10-20 19:43:51.000,2025-11-15 19:43:51.000,8,41
44,d2968e71,At Risk,"{""inactive_days_min"": 60, ""inactive_days_max"": 89}",0,2025-10-20 19:43:51.000,2025-11-27 19:43:51.000,8,41
45,8ea4aad3,Birthday Month,"{""birthday_month"": ""current""}",0,2025-10-20 19:43:51.000,2025-11-10 19:43:51.000,8,41
46,a5412ac6,New Members,"{""created_days_max"": 30}",0,2025-10-20 19:43:51.000,2025-10-30 19:43:51.000,8,41
47,67025a5b,Inactive 90+,"{""inactive_days_min"": 90}",1,2025-10-20 19:43:51.000,2025-10-27 19:43:51.000,8,41
48,50bf4733,High Spenders,"{""avg_ticket_min"": 50}",0,2025-10-20 19:43:51.000,2025-10-20 19:43:51.000,8,41
49,8400a527,VIP Customers,"{""min_balance"": 1000, ""last_active_days"": 30}",0,2025-10-20 19:43:51.000,2025-11-12 19:43:51.000,9,46
50,0fd10ada,At Risk,"{""inactive_days_min"": 60, ""inactive_days_max"": 89}",1,2025-10-20 19:43:51.000,2025-10-28 19:43:51.000,9,46
51,f51581a5,Birthday Month,"{""birthday_month"": ""current""}",0,2025-10-20 19:43:51.000,2025-11-29 19:43:51.000,9,46
52,939f4414,New Members,"{""created_days_max"": 30}",0,2025-10-20 19:43:51.000,2025-11-04 19:43:51.000,9,46
53,c8ad8113,Inactive 90+,"{""inactive_days_min"": 90}",1,2025-10-20 19:43:51.000,2025-12-14 19:43:51.000,9,46
54,0a209619,High Spenders,"{""avg_ticket_min"": 50}",0,2025-10-20 19:43:51.000,2025-11-03 19:43:51.000,9,46
55,b16cee21,VIP Customers,"{""min_balance"": 1000, ""last_active_days"": 30}",1,2025-10-20 19:43:51.000,2025-10-30 19:43:51.000,10,51
56,e83fcfb9,At Risk,"{""inactive_days_min"": 60, ""inactive_days_max"": 89}",1,2025-10-20 19:43:51.000,2025-11-16 19:43:51.000,10,51
57,a9a9cbe7,Birthday Month,"{""birthday_month"": ""current""}",0,2025-10-20 19:43:51.000,2025-11-06 19:43:51.000,10,51
58,0deb86cf,New Members,"{""created_days_max"": 30}",1,2025-10-20 19:43:51.000,2025-10-28 19:43:51.000,10,51
59,02a9e99e,Inactive 90+,"{""inactive_days_min"": 90}",0,2025-10-20 19:43:51.000,2025-12-02 19:43:51.000,10,51
60,f9687354,High Spenders,"{""avg_ticket_min"": 50}",0,2025-10-20 19:43:51.000,2025-11-05 19:43:51.000,10,51
61,4fdb256d,VIP Customers,"{""min_balance"": 1000, ""last_active_days"": 30}",0,2025-10-20 19:43:51.000,2025-10-26 19:43:51.000,11,55
62,5942c909,At Risk,"{""inactive_days_min"": 60, ""inactive_days_max"": 89}",1,2025-10-20 19:43:51.000,2025-11-18 19:43:51.000,11,55
63,18bbb85b,Birthday Month,"{""birthday_month"": ""current""}",0,2025-10-20 19:43:51.000,2025-10-21 19:43:51.000,11,55
64,28878bc5,New Members,"{""created_days_max"": 30}",1,2025-10-20 19:43:51.000,2025-11-20 19:43:51.000,11,55
65,96aa9170,Inactive 90+,"{""inactive_days_min"": 90}",0,2025-10-20 19:43:51.000,2025-12-04 19:43:51.000,11,55
66,836acb8b,High Spenders,"{""avg_ticket_min"": 50}",1,2025-10-20 19:43:51.000,2025-11-20 19:43:51.000,11,55
67,879fd275,VIP Customers,"{""min_balance"": 1000, ""last_active_days"": 30}",0,2025-10-20 19:43:51.000,2025-12-13 19:43:51.000,12,60
68,8b57e29e,At Risk,"{""inactive_days_min"": 60, ""inactive_days_max"": 89}",0,2025-10-20 19:43:51.000,2025-11-16 19:43:51.000,12,60
69,d46c52d5,Birthday Month,"{""birthday_month"": ""current""}",0,2025-10-20 19:43:51.000,2025-11-18 19:43:51.000,12,60
70,7a335447,New Members,"{""created_days_max"": 30}",1,2025-10-20 19:43:51.000,2025-10-20 19:43:51.000,12,60
71,ea5f61fa,Inactive 90+,"{""inactive_days_min"": 90}",1,2025-10-20 19:43:51.000,2025-12-10 19:43:51.000,12,60
72,1d545746,High Spenders,"{""avg_ticket_min"": 50}",1,2025-10-20 19:43:51.000,2025-12-17 19:43:51.000,12,60
73,2eb7ebad,VIP Customers,"{""min_balance"": 1000, ""last_active_days"": 30}",0,2025-10-20 19:43:51.000,2025-10-31 19:43:51.000,13,64
74,3a404f96,At Risk,"{""inactive_days_min"": 60, ""inactive_days_max"": 89}",0,2025-10-20 19:43:51.000,2025-10-29 19:43:51.000,13,64
75,34863d2c,Birthday Month,"{""birthday_month"": ""current""}",0,2025-10-20 19:43:51.000,2025-11-13 19:43:51.000,13,64
76,5532c5bb,New Members,"{""created_days_max"": 30}",1,2025-10-20 19:43:51.000,2025-11-08 19:43:51.000,13,64
77,8a3d0cde,Inactive 90+,"{""inactive_days_min"": 90}",0,2025-10-20 19:43:51.000,2025-11-19 19:43:51.000,13,64
78,cbcf871f,High Spenders,"{""avg_ticket_min"": 50}",0,2025-10-20 19:43:51.000,2025-11-05 19:43:51.000,13,64
79,15cda5dd,VIP Customers,"{""min_balance"": 1000, ""last_active_days"": 30}",0,2025-10-20 19:43:51.000,2025-12-16 19:43:51.000,14,69
80,bc129a9d,At Risk,"{""inactive_days_min"": 60, ""inactive_days_max"": 89}",1,2025-10-20 19:43:51.000,2025-11-05 19:43:51.000,14,69
81,15eca87b,Birthday Month,"{""birthday_month"": ""current""}",0,2025-10-20 19:43:51.000,2025-11-08 19:43:51.000,14,69
82,e82c2c7d,New Members,"{""created_days_max"": 30}",0,2025-10-20 19:43:51.000,2025-12-08 19:43:51.000,14,69
83,79a43056,Inactive 90+,"{""inactive_days_min"": 90}",0,2025-10-20 19:43:51.000,2025-12-13 19:43:51.000,14,69
84,9a2d434d,High Spenders,"{""avg_ticket_min"": 50}",1,2025-10-20 19:43:51.000,2025-11-09 19:43:51.000,14,69
85,245489b5,VIP Customers,"{""min_balance"": 1000, ""last_active_days"": 30}",1,2025-10-20 19:43:51.000,2025-10-30 19:43:51.000,15,75
86,ef6485ec,At Risk,"{""inactive_days_min"": 60, ""inactive_days_max"": 89}",1,2025-10-20 19:43:51.000,2025-11-29 19:43:51.000,15,75
87,d12b933b,Birthday Month,"{""birthday_month"": ""current""}",1,2025-10-20 19:43:51.000,2025-10-26 19:43:51.000,15,75
88,5bb58e70,New Members,"{""created_days_max"": 30}",1,2025-10-20 19:43:51.000,2025-11-10 19:43:51.000,15,75
89,17ff13a8,Inactive 90+,"{""inactive_days_min"": 90}",0,2025-10-20 19:43:51.000,2025-11-01 19:43:51.000,15,75
90,0c0765ac,High Spenders,"{""avg_ticket_min"": 50}",1,2025-10-20 19:43:51.000,2025-11-15 19:43:51.000,15,75
91,8f842956,VIP Customers,"{""min_balance"": 1000, ""last_active_days"": 30}",0,2025-10-20 19:43:51.000,2025-12-02 19:43:51.000,16,82
92,4ab0ede2,At Risk,"{""inactive_days_min"": 60, ""inactive_days_max"": 89}",0,2025-10-20 19:43:51.000,2025-11-21 19:43:51.000,16,82
93,1520117f,Birthday Month,"{""birthday_month"": ""current""}",1,2025-10-20 19:43:51.000,2025-12-12 19:43:51.000,16,82
94,e813600f,New Members,"{""created_days_max"": 30}",1,2025-10-20 19:43:51.000,2025-11-27 19:43:51.000,16,82
95,b94cca4f,Inactive 90+,"{""inactive_days_min"": 90}",1,2025-10-20 19:43:51.000,2025-11-03 19:43:51.000,16,82
96,1770faa6,High Spenders,"{""avg_ticket_min"": 50}",1,2025-10-20 19:43:51.000,2025-10-26 19:43:51.000,16,82
97,42f39937,VIP Customers,"{""min_balance"": 1000, ""last_active_days"": 30}",1,2025-10-20 19:43:51.000,2025-11-10 19:43:51.000,17,87
98,5257fb6a,At Risk,"{""inactive_days_min"": 60, ""inactive_days_max"": 89}",0,2025-10-20 19:43:51.000,2025-11-28 19:43:51.000,17,87
99,6ffdefd9,Birthday Month,"{""birthday_month"": ""current""}",1,2025-10-20 19:43:51.000,2025-11-30 19:43:51.000,17,87
100,23b1ce02,New Members,"{""created_days_max"": 30}",0,2025-10-20 19:43:51.000,2025-11-14 19:43:51.000,17,87
101,4bfa7f5f,Inactive 90+,"{""inactive_days_min"": 90}",0,2025-10-20 19:43:51.000,2025-12-18 19:43:51.000,17,87
102,577d200a,High Spenders,"{""avg_ticket_min"": 50}",1,2025-10-20 19:43:51.000,2025-11-06 19:43:51.000,17,87
103,20686591,VIP Customers,"{""min_balance"": 1000, ""last_active_days"": 30}",0,2025-10-20 19:43:51.000,2025-12-08 19:43:51.000,18,92
104,d2bea592,At Risk,"{""inactive_days_min"": 60, ""inactive_days_max"": 89}",0,2025-10-20 19:43:51.000,2025-11-26 19:43:51.000,18,92
105,c91a368a,Birthday Month,"{""birthday_month"": ""current""}",1,2025-10-20 19:43:51.000,2025-12-18 19:43:51.000,18,92
106,7d72b3d5,New Members,"{""created_days_max"": 30}",0,2025-10-20 19:43:51.000,2025-11-20 19:43:51.000,18,92
107,519e4b26,Inactive 90+,"{""inactive_days_min"": 90}",0,2025-10-20 19:43:51.000,2025-11-08 19:43:51.000,18,92
108,85edc4f3,High Spenders,"{""avg_ticket_min"": 50}",0,2025-10-20 19:43:51.000,2025-11-19 19:43:51.000,18,92
109,f85e12cf,VIP Customers,"{""min_balance"": 1000, ""last_active_days"": 30}",0,2025-10-20 19:43:51.000,2025-11-11 19:43:51.000,19,102
110,115a6a3c,At Risk,"{""inactive_days_min"": 60, ""inactive_days_max"": 89}",1,2025-10-20 19:43:51.000,2025-12-14 19:43:51.000,19,102
111,63779500,Birthday Month,"{""birthday_month"": ""current""}",0,2025-10-20 19:43:51.000,2025-10-27 19:43:51.000,19,102
112,ed1ef540,New Members,"{""created_days_max"": 30}",0,2025-10-20 19:43:51.000,2025-12-14 19:43:51.000,19,102
113,4fe89c95,Inactive 90+,"{""inactive_days_min"": 90}",1,2025-10-20 19:43:51.000,2025-10-26 19:43:51.000,19,102
114,0eb15641,High Spenders,"{""avg_ticket_min"": 50}",1,2025-10-20 19:43:51.000,2025-11-17 19:43:51.000,19,102
115,14789e18,VIP Customers,"{""min_balance"": 1000, ""last_active_days"": 30}",0,2025-10-20 19:43:51.000,2025-11-13 19:43:51.000,20,106
116,0fcd266c,At Risk,"{""inactive_days_min"": 60, ""inactive_days_max"": 89}",0,2025-10-20 19:43:51.000,2025-12-14 19:43:51.000,20,106
117,fa2ce9c2,Birthday Month,"{""birthday_month"": ""current""}",0,2025-10-20 19:43:51.000,2025-12-15 19:43:51.000,20,106
118,179c5919,New Members,"{""created_days_max"": 30}",0,2025-10-20 19:43:51.000,2025-11-12 19:43:51.000,20,106
119,5ef2cb27,Inactive 90+,"{""inactive_days_min"": 90}",1,2025-10-20 19:43:51.000,2025-12-16 19:43:51.000,20,106
120,4a20cab7,High Spenders,"{""avg_ticket_min"": 50}",0,2025-10-20 19:43:51.000,2025-11-23 19:43:51.000,20,106
121,5cb64fcd,VIP Customers,"{""min_balance"": 1000, ""last_active_days"": 30}",0,2025-10-20 19:43:51.000,2025-10-31 19:43:51.000,21,113
122,6751c0d4,At Risk,"{""inactive_days_min"": 60, ""inactive_days_max"": 89}",1,2025-10-20 19:43:51.000,2025-11-28 19:43:51.000,21,113
123,f304749a,Birthday Month,"{""birthday_month"": ""current""}",0,2025-10-20 19:43:51.000,2025-11-30 19:43:51.000,21,113
124,29b755e8,New Members,"{""created_days_max"": 30}",1,2025-10-20 19:43:51.000,2025-12-16 19:43:51.000,21,113
125,57a51430,Inactive 90+,"{""inactive_days_min"": 90}",0,2025-10-20 19:43:51.000,2025-11-24 19:43:51.000,21,113
126,e03ee31f,High Spenders,"{""avg_ticket_min"": 50}",1,2025-10-20 19:43:51.000,2025-11-23 19:43:51.000,21,113
127,f7900138,VIP Customers,"{""min_balance"": 1000, ""last_active_days"": 30}",0,2025-10-20 19:43:51.000,2025-12-06 19:43:51.000,22,117
128,f66fd997,At Risk,"{""inactive_days_min"": 60, ""inactive_days_max"": 89}",1,2025-10-20 19:43:51.000,2025-10-25 19:43:51.000,22,117
129,683eeb2b,Birthday Month,"{""birthday_month"": ""current""}",0,2025-10-20 19:43:51.000,2025-10-29 19:43:51.000,22,117
130,3983fa36,New Members,"{""created_days_max"": 30}",1,2025-10-20 19:43:51.000,2025-12-12 19:43:51.000,22,117
131,634bb611,Inactive 90+,"{""inactive_days_min"": 90}",0,2025-10-20 19:43:51.000,2025-10-31 19:43:51.000,22,117
132,287ea963,High Spenders,"{""avg_ticket_min"": 50}",0,2025-10-20 19:43:51.000,2025-11-17 19:43:51.000,22,117
133,eeac6fe1,VIP Customers,"{""min_balance"": 1000, ""last_active_days"": 30}",0,2025-10-20 19:43:51.000,2025-11-07 19:43:51.000,23,122
134,07b4881b,At Risk,"{""inactive_days_min"": 60, ""inactive_days_max"": 89}",1,2025-10-20 19:43:51.000,2025-12-15 19:43:51.000,23,122
135,4d0f3eff,Birthday Month,"{""birthday_month"": ""current""}",0,2025-10-20 19:43:51.000,2025-12-08 19:43:51.000,23,122
136,f0304efb,New Members,"{""created_days_max"": 30}",0,2025-10-20 19:43:51.000,2025-10-29 19:43:51.000,23,122
137,6f3cdc55,Inactive 90+,"{""inactive_days_min"": 90}",1,2025-10-20 19:43:51.000,2025-12-15 19:43:51.000,23,122
138,8da34c1f,High Spenders,"{""avg_ticket_min"": 50}",0,2025-10-20 19:43:51.000,2025-11-21 19:43:51.000,23,122
139,47172142,VIP Customers,"{""min_balance"": 1000, ""last_active_days"": 30}",0,2025-10-20 19:43:51.000,2025-12-08 19:43:51.000,24,128
140,8c3bf25d,At Risk,"{""inactive_days_min"": 60, ""inactive_days_max"": 89}",0,2025-10-20 19:43:51.000,2025-10-31 19:43:51.000,24,128
141,44e8dc9b,Birthday Month,"{""birthday_month"": ""current""}",1,2025-10-20 19:43:51.000,2025-10-28 19:43:51.000,24,128
142,1eb8d3c9,New Members,"{""created_days_max"": 30}",0,2025-10-20 19:43:51.000,2025-11-04 19:43:51.000,24,128
143,ba4565c9,Inactive 90+,"{""inactive_days_min"": 90}",0,2025-10-20 19:43:51.000,2025-12-05 19:43:51.000,24,128
144,22325d14,High Spenders,"{""avg_ticket_min"": 50}",1,2025-10-20 19:43:51.000,2025-11-04 19:43:51.000,24,128
145,dcec8af3,VIP Customers,"{""min_balance"": 1000, ""last_active_days"": 30}",1,2025-10-20 19:43:51.000,2025-10-29 19:43:51.000,25,138
146,aaea8019,At Risk,"{""inactive_days_min"": 60, ""inactive_days_max"": 89}",0,2025-10-20 19:43:51.000,2025-11-26 19:43:51.000,25,138
147,8f0c4fca,Birthday Month,"{""birthday_month"": ""current""}",0,2025-10-20 19:43:51.000,2025-12-07 19:43:51.000,25,138
148,d871db66,New Members,"{""created_days_max"": 30}",0,2025-10-20 19:43:51.000,2025-11-25 19:43:51.000,25,138
149,b6c0d4f5,Inactive 90+,"{""inactive_days_min"": 90}",1,2025-10-20 19:43:51.000,2025-11-19 19:43:51.000,25,138
150,df52ee62,High Spenders,"{""avg_ticket_min"": 50}",0,2025-10-20 19:43:51.000,2025-11-29 19:43:51.000,25,138
151,d346987c,VIP Customers,"{""min_balance"": 1000, ""last_active_days"": 30}",0,2025-10-20 19:43:51.000,2025-12-02 19:43:51.000,26,141
152,8987378b,At Risk,"{""inactive_days_min"": 60, ""inactive_days_max"": 89}",0,2025-10-20 19:43:51.000,2025-11-17 19:43:51.000,26,141
153,306b1c53,Birthday Month,"{""birthday_month"": ""current""}",1,2025-10-20 19:43:51.000,2025-10-31 19:43:51.000,26,141
154,2798d368,New Members,"{""created_days_max"": 30}",1,2025-10-20 19:43:51.000,2025-10-23 19:43:51.000,26,141
155,4867a7d6,Inactive 90+,"{""inactive_days_min"": 90}",0,2025-10-20 19:43:51.000,2025-11-21 19:43:51.000,26,141
156,d5194986,High Spenders,"{""avg_ticket_min"": 50}",0,2025-10-20 19:43:51.000,2025-10-30 19:43:51.000,26,141
157,19ded80f,VIP Customers,"{""min_balance"": 1000, ""last_active_days"": 30}",0,2025-10-20 19:43:51.000,2025-11-07 19:43:51.000,27,148
158,e545e31e,At Risk,"{""inactive_days_min"": 60, ""inactive_days_max"": 89}",1,2025-10-20 19:43:51.000,2025-11-30 19:43:51.000,27,148
159,4cb5baf9,Birthday Month,"{""birthday_month"": ""current""}",0,2025-10-20 19:43:51.000,2025-11-28 19:43:51.000,27,148
160,fd0add7d,New Members,"{""created_days_max"": 30}",0,2025-10-20 19:43:51.000,2025-12-03 19:43:51.000,27,148
161,0dfbc63b,Inactive 90+,"{""inactive_days_min"": 90}",0,2025-10-20 19:43:51.000,2025-11-03 19:43:51.000,27,148
162,05f99951,High Spenders,"{""avg_ticket_min"": 50}",0,2025-10-20 19:43:51.000,2025-11-24 19:43:51.000,27,148
163,59eaec0b,VIP Customers,"{""min_balance"": 1000, ""last_active_days"": 30}",1,2025-10-20 19:43:51.000,2025-12-15 19:43:51.000,28,159
164,3dec104d,At Risk,"{""inactive_days_min"": 60, ""inactive_days_max"": 89}",0,2025-10-20 19:43:51.000,2025-10-20 19:43:51.000,28,159
165,d63e78ef,Birthday Month,"{""birthday_month"": ""current""}",0,2025-10-20 19:43:51.000,2025-12-19 19:43:51.000,28,159
166,dc2d9541,New Members,"{""created_days_max"": 30}",0,2025-10-20 19:43:51.000,2025-12-02 19:43:51.000,28,159
167,2641c47f,Inactive 90+,"{""inactive_days_min"": 90}",0,2025-10-20 19:43:51.000,2025-10-21 19:43:51.000,28,159
168,b8aeffd7,High Spenders,"{""avg_ticket_min"": 50}",0,2025-10-20 19:43:51.000,2025-12-17 19:43:51.000,28,159
169,6dd87f3e,VIP Customers,"{""min_balance"": 1000, ""last_active_days"": 30}",0,2025-10-20 19:43:51.000,2025-11-04 19:43:51.000,29,164
170,8d52d96f,At Risk,"{""inactive_days_min"": 60, ""inactive_days_max"": 89}",0,2025-10-20 19:43:51.000,2025-10-28 19:43:51.000,29,164
171,d2d020c3,Birthday Month,"{""birthday_month"": ""current""}",1,2025-10-20 19:43:51.000,2025-11-15 19:43:51.000,29,164
172,c897406b,New Members,"{""created_days_max"": 30}",0,2025-10-20 19:43:51.000,2025-11-18 19:43:51.000,29,164
173,2bae1dfc,Inactive 90+,"{""inactive_days_min"": 90}",0,2025-10-20 19:43:51.000,2025-12-07 19:43:51.000,29,164
174,957842ce,High Spenders,"{""avg_ticket_min"": 50}",1,2025-10-20 19:43:51.000,2025-11-01 19:43:51.000,29,164
175,0d17ceca,VIP Customers,"{""min_balance"": 1000, ""last_active_days"": 30}",1,2025-10-20 19:43:51.000,2025-12-07 19:43:51.000,30,167
176,cff32851,At Risk,"{""inactive_days_min"": 60, ""inactive_days_max"": 89}",1,2025-10-20 19:43:51.000,2025-11-06 19:43:51.000,30,167
177,e578faa0,Birthday Month,"{""birthday_month"": ""current""}",0,2025-10-20 19:43:51.000,2025-11-11 19:43:51.000,30,167
178,0ffb17e4,New Members,"{""created_days_max"": 30}",0,2025-10-20 19:43:51.000,2025-11-09 19:43:51.000,30,167
179,a1017297,Inactive 90+,"{""inactive_days_min"": 90}",1,2025-10-20 19:43:51.000,2025-10-22 19:43:51.000,30,167
180,9d264775,High Spenders,"{""avg_ticket_min"": 50}",1,2025-10-20 19:43:51.000,2025-10-29 19:43:51.000,30,167
181,8e1687d5,VIP Customers,"{""min_balance"": 1000, ""last_active_days"": 30}",1,2025-10-20 19:43:51.000,2025-11-16 19:43:51.000,31,177
182,84fbefde,At Risk,"{""inactive_days_min"": 60, ""inactive_days_max"": 89}",0,2025-10-20 19:43:51.000,2025-10-20 19:43:51.000,31,177
183,8b4be6c2,Birthday Month,"{""birthday_month"": ""current""}",0,2025-10-20 19:43:51.000,2025-12-18 19:43:51.000,31,177
184,0e6a4e55,New Members,"{""created_days_max"": 30}",0,2025-10-20 19:43:51.000,2025-12-13 19:43:51.000,31,177
185,d3eae907,Inactive 90+,"{""inactive_days_min"": 90}",0,2025-10-20 19:43:51.000,2025-11-17 19:43:51.000,31,177
186,05387837,High Spenders,"{""avg_ticket_min"": 50}",1,2025-10-20 19:43:51.000,2025-11-23 19:43:51.000,31,177
187,44199c00,VIP Customers,"{""min_balance"": 1000, ""last_active_days"": 30}",0,2025-10-20 19:43:51.000,2025-12-18 19:43:51.000,32,180
188,80d81bea,At Risk,"{""inactive_days_min"": 60, ""inactive_days_max"": 89}",1,2025-10-20 19:43:51.000,2025-10-30 19:43:51.000,32,180
189,d021711e,Birthday Month,"{""birthday_month"": ""current""}",1,2025-10-20 19:43:51.000,2025-11-10 19:43:51.000,32,180
190,681997de,New Members,"{""created_days_max"": 30}",1,2025-10-20 19:43:51.000,2025-11-26 19:43:51.000,32,180
191,3e1be770,Inactive 90+,"{""inactive_days_min"": 90}",1,2025-10-20 19:43:51.000,2025-11-11 19:43:51.000,32,180
192,b832cf9c,High Spenders,"{""avg_ticket_min"": 50}",0,2025-10-20 19:43:51.000,2025-10-23 19:43:51.000,32,180
193,177226d8,VIP Customers,"{""min_balance"": 1000, ""last_active_days"": 30}",1,2025-10-20 19:43:51.000,2025-11-08 19:43:51.000,33,185
194,46c200ed,At Risk,"{""inactive_days_min"": 60, ""inactive_days_max"": 89}",1,2025-10-20 19:43:51.000,2025-10-25 19:43:51.000,33,185
195,0db491cc,Birthday Month,"{""birthday_month"": ""current""}",1,2025-10-20 19:43:51.000,2025-12-17 19:43:51.000,33,185
196,7494dbf4,New Members,"{""created_days_max"": 30}",1,2025-10-20 19:43:51.000,2025-12-15 19:43:51.000,33,185
197,8fdffee7,Inactive 90+,"{""inactive_days_min"": 90}",1,2025-10-20 19:43:51.000,2025-12-04 19:43:51.000,33,185
198,0e2f03df,High Spenders,"{""avg_ticket_min"": 50}",0,2025-10-20 19:43:51.000,2025-10-25 19:43:51.000,33,185
199,a76c6f74,VIP Customers,"{""min_balance"": 1000, ""last_active_days"": 30}",0,2025-10-20 19:43:51.000,2025-12-03 19:43:51.000,34,194
200,d98a72f4,At Risk,"{""inactive_days_min"": 60, ""inactive_days_max"": 89}",1,2025-10-20 19:43:51.000,2025-11-18 19:43:51.000,34,194
201,7fd10493,Birthday Month,"{""birthday_month"": ""current""}",0,2025-10-20 19:43:51.000,2025-11-21 19:43:51.000,34,194
202,f6beb124,New Members,"{""created_days_max"": 30}",0,2025-10-20 19:43:51.000,2025-12-16 19:43:51.000,34,194
203,5ee5a436,Inactive 90+,"{""inactive_days_min"": 90}",0,2025-10-20 19:43:51.000,2025-11-27 19:43:51.000,34,194
204,b6af15c1,High Spenders,"{""avg_ticket_min"": 50}",1,2025-10-20 19:43:51.000,2025-11-27 19:43:51.000,34,194
205,d0cf3fb5,VIP Customers,"{""min_balance"": 1000, ""last_active_days"": 30}",0,2025-10-20 19:43:51.000,2025-10-28 19:43:51.000,35,201
206,2bb6a7ba,At Risk,"{""inactive_days_min"": 60, ""inactive_days_max"": 89}",1,2025-10-20 19:43:51.000,2025-11-02 19:43:51.000,35,201
207,1eb5af01,Birthday Month,"{""birthday_month"": ""current""}",1,2025-10-20 19:43:51.000,2025-12-08 19:43:51.000,35,201
208,95b7988c,New Members,"{""created_days_max"": 30}",1,2025-10-20 19:43:51.000,2025-12-11 19:43:51.000,35,201
209,d12bd59e,Inactive 90+,"{""inactive_days_min"": 90}",1,2025-10-20 19:43:51.000,2025-11-16 19:43:51.000,35,201
210,b1945745,High Spenders,"{""avg_ticket_min"": 50}",0,2025-10-20 19:43:51.000,2025-11-08 19:43:51.000,35,201
211,7f7d8c9b,VIP Customers,"{""min_balance"": 1000, ""last_active_days"": 30}",0,2025-10-20 19:43:51.000,2025-11-01 19:43:51.000,36,206
212,59bf75e5,At Risk,"{""inactive_days_min"": 60, ""inactive_days_max"": 89}",0,2025-10-20 19:43:51.000,2025-11-14 19:43:51.000,36,206
213,49915745,Birthday Month,"{""birthday_month"": ""current""}",1,2025-10-20 19:43:51.000,2025-10-20 19:43:51.000,36,206
214,5c0deefe,New Members,"{""created_days_max"": 30}",0,2025-10-20 19:43:51.000,2025-11-13 19:43:51.000,36,206
215,cba4eb7d,Inactive 90+,"{""inactive_days_min"": 90}",0,2025-10-20 19:43:51.000,2025-10-27 19:43:51.000,36,206
216,f477ffbc,High Spenders,"{""avg_ticket_min"": 50}",1,2025-10-20 19:43:51.000,2025-12-10 19:43:51.000,36,206
217,1e00d95d,VIP Customers,"{""min_balance"": 1000, ""last_active_days"": 30}",0,2025-10-20 19:43:51.000,2025-12-01 19:43:51.000,37,211
218,a49e6c3d,At Risk,"{""inactive_days_min"": 60, ""inactive_days_max"": 89}",1,2025-10-20 19:43:51.000,2025-12-06 19:43:51.000,37,211
219,2bd64a0c,Birthday Month,"{""birthday_month"": ""current""}",0,2025-10-20 19:43:51.000,2025-10-29 19:43:51.000,37,211
220,57c301e4,New Members,"{""created_days_max"": 30}",1,2025-10-20 19:43:51.000,2025-10-30 19:43:51.000,37,211
221,cff595cd,Inactive 90+,"{""inactive_days_min"": 90}",1,2025-10-20 19:43:51.000,2025-12-09 19:43:51.000,37,211
222,ead1e759,High Spenders,"{""avg_ticket_min"": 50}",1,2025-10-20 19:43:51.000,2025-11-07 19:43:51.000,37,211
223,0bc91522,VIP Customers,"{""min_balance"": 1000, ""last_active_days"": 30}",0,2025-10-20 19:43:51.000,2025-11-09 19:43:51.000,38,215
224,b1749591,At Risk,"{""inactive_days_min"": 60, ""inactive_days_max"": 89}",1,2025-10-20 19:43:51.000,2025-12-10 19:43:51.000,38,215
225,2ecf1048,Birthday Month,"{""birthday_month"": ""current""}",1,2025-10-20 19:43:51.000,2025-11-30 19:43:51.000,38,215
226,c470fe10,New Members,"{""created_days_max"": 30}",1,2025-10-20 19:43:51.000,2025-11-15 19:43:51.000,38,215
227,bbcdc05b,Inactive 90+,"{""inactive_days_min"": 90}",0,2025-10-20 19:43:51.000,2025-11-05 19:43:51.000,38,215
228,57e373f3,High Spenders,"{""avg_ticket_min"": 50}",0,2025-10-20 19:43:51.000,2025-11-20 19:43:51.000,38,215
229,bd7f7ddc,VIP Customers,"{""min_balance"": 1000, ""last_active_days"": 30}",0,2025-10-20 19:43:51.000,2025-12-14 19:43:51.000,39,218
230,55dbd7f9,At Risk,"{""inactive_days_min"": 60, ""inactive_days_max"": 89}",1,2025-10-20 19:43:51.000,2025-11-06 19:43:51.000,39,218
231,a847815b,Birthday Month,"{""birthday_month"": ""current""}",0,2025-10-20 19:43:51.000,2025-12-14 19:43:51.000,39,218
232,17284c64,New Members,"{""created_days_max"": 30}",1,2025-10-20 19:43:51.000,2025-11-07 19:43:51.000,39,218
233,fdd64ddd,Inactive 90+,"{""inactive_days_min"": 90}",0,2025-10-20 19:43:51.000,2025-11-22 19:43:51.000,39,218
234,740b0159,High Spenders,"{""avg_ticket_min"": 50}",1,2025-10-20 19:43:51.000,2025-11-19 19:43:51.000,39,218
235,717485a8,VIP Customers,"{""min_balance"": 1000, ""last_active_days"": 30}",1,2025-10-20 19:43:51.000,2025-12-09 19:43:51.000,40,226
236,75ba294c,At Risk,"{""inactive_days_min"": 60, ""inactive_days_max"": 89}",1,2025-10-20 19:43:51.000,2025-11-28 19:43:51.000,40,226
237,a688e58e,Birthday Month,"{""birthday_month"": ""current""}",1,2025-10-20 19:43:51.000,2025-11-13 19:43:51.000,40,226
238,a6b621f0,New Members,"{""created_days_max"": 30}",0,2025-10-20 19:43:51.000,2025-11-05 19:43:51.000,40,226
239,fd95170c,Inactive 90+,"{""inactive_days_min"": 90}",0,2025-10-20 19:43:51.000,2025-11-10 19:43:51.000,40,226
240,a445fdfe,High Spenders,"{""avg_ticket_min"": 50}",1,2025-10-20 19:43:51.000,2025-11-21 19:43:51.000,40,226
241,0dfb5455,VIP Customers,"{""min_balance"": 1000, ""last_active_days"": 30}",0,2025-10-20 19:43:51.000,2025-11-28 19:43:51.000,41,229
242,236d06b8,At Risk,"{""inactive_days_min"": 60, ""inactive_days_max"": 89}",1,2025-10-20 19:43:51.000,2025-10-26 19:43:51.000,41,229
243,9d7f8741,Birthday Month,"{""birthday_month"": ""current""}",1,2025-10-20 19:43:51.000,2025-10-24 19:43:51.000,41,229
244,a9c0d29d,New Members,"{""created_days_max"": 30}",1,2025-10-20 19:43:51.000,2025-10-23 19:43:51.000,41,229
245,fe1d4350,Inactive 90+,"{""inactive_days_min"": 90}",1,2025-10-20 19:43:51.000,2025-11-05 19:43:51.000,41,229
246,29b3647a,High Spenders,"{""avg_ticket_min"": 50}",0,2025-10-20 19:43:51.000,2025-11-17 19:43:51.000,41,229
247,52ff73d5,VIP Customers,"{""min_balance"": 1000, ""last_active_days"": 30}",1,2025-10-20 19:43:51.000,2025-11-24 19:43:51.000,42,233
248,9d6d3dc9,At Risk,"{""inactive_days_min"": 60, ""inactive_days_max"": 89}",0,2025-10-20 19:43:51.000,2025-11-19 19:43:51.000,42,233
249,dcbcbfc9,Birthday Month,"{""birthday_month"": ""current""}",0,2025-10-20 19:43:51.000,2025-11-02 19:43:51.000,42,233
250,2c0a1c5b,New Members,"{""created_days_max"": 30}",0,2025-10-20 19:43:51.000,2025-11-23 19:43:51.000,42,233
251,ac515681,Inactive 90+,"{""inactive_days_min"": 90}",1,2025-10-20 19:43:51.000,2025-11-21 19:43:51.000,42,233
252,f821d650,High Spenders,"{""avg_ticket_min"": 50}",1,2025-10-20 19:43:51.000,2025-10-28 19:43:51.000,42,233
253,72765341,VIP Customers,"{""min_balance"": 1000, ""last_active_days"": 30}",0,2025-10-20 19:43:51.000,2025-11-29 19:43:51.000,43,240
254,0df523f9,At Risk,"{""inactive_days_min"": 60, ""inactive_days_max"": 89}",1,2025-10-20 19:43:51.000,2025-11-06 19:43:51.000,43,240
255,fbfde108,Birthday Month,"{""birthday_month"": ""current""}",0,2025-10-20 19:43:51.000,2025-12-18 19:43:51.000,43,240
256,af8345f8,New Members,"{""created_days_max"": 30}",0,2025-10-20 19:43:51.000,2025-10-28 19:43:51.000,43,240
257,d62cad86,Inactive 90+,"{""inactive_days_min"": 90}",1,2025-10-20 19:43:51.000,2025-12-18 19:43:51.000,43,240
258,b40fff21,High Spenders,"{""avg_ticket_min"": 50}",0,2025-10-20 19:43:51.000,2025-12-01 19:43:51.000,43,240
259,2129a6f5,VIP Customers,"{""min_balance"": 1000, ""last_active_days"": 30}",1,2025-10-20 19:43:51.000,2025-11-03 19:43:51.000,44,246
260,e8e8caaa,At Risk,"{""inactive_days_min"": 60, ""inactive_days_max"": 89}",1,2025-10-20 19:43:51.000,2025-11-27 19:43:51.000,44,246
261,59ca1f20,Birthday Month,"{""birthday_month"": ""current""}",1,2025-10-20 19:43:51.000,2025-11-18 19:43:51.000,44,246
262,cb56ece5,New Members,"{""created_days_max"": 30}",1,2025-10-20 19:43:51.000,2025-12-04 19:43:51.000,44,246
263,63526b59,Inactive 90+,"{""inactive_days_min"": 90}",1,2025-10-20 19:43:51.000,2025-11-15 19:43:51.000,44,246
264,74058bc6,High Spenders,"{""avg_ticket_min"": 50}",0,2025-10-20 19:43:51.000,2025-11-15 19:43:51.000,44,246
265,72739ad1,VIP Customers,"{""min_balance"": 1000, ""last_active_days"": 30}",1,2025-10-20 19:43:51.000,2025-12-01 19:43:51.000,45,249
266,91e3a371,At Risk,"{""inactive_days_min"": 60, ""inactive_days_max"": 89}",0,2025-10-20 19:43:51.000,2025-12-01 19:43:51.000,45,249
267,77cdc1d2,Birthday Month,"{""birthday_month"": ""current""}",1,2025-10-20 19:43:51.000,2025-11-26 19:43:51.000,45,249
268,7bee292e,New Members,"{""created_days_max"": 30}",1,2025-10-20 19:43:51.000,2025-11-26 19:43:51.000,45,249
269,2583bb79,Inactive 90+,"{""inactive_days_min"": 90}",1,2025-10-20 19:43:51.000,2025-10-22 19:43:51.000,45,249
270,2c4e1f1b,High Spenders,"{""avg_ticket_min"": 50}",0,2025-10-20 19:43:51.000,2025-10-21 19:43:51.000,45,249
271,ed19758a,VIP Customers,"{""min_balance"": 1000, ""last_active_days"": 30}",1,2025-10-20 19:43:51.000,2025-12-02 19:43:51.000,46,255
272,1f8bef57,At Risk,"{""inactive_days_min"": 60, ""inactive_days_max"": 89}",1,2025-10-20 19:43:51.000,2025-11-16 19:43:51.000,46,255
273,b6533620,Birthday Month,"{""birthday_month"": ""current""}",1,2025-10-20 19:43:51.000,2025-12-13 19:43:51.000,46,255
274,db17581b,New Members,"{""created_days_max"": 30}",1,2025-10-20 19:43:51.000,2025-10-21 19:43:51.000,46,255
275,6a7c2566,Inactive 90+,"{""inactive_days_min"": 90}",0,2025-10-20 19:43:51.000,2025-10-29 19:43:51.000,46,255
276,931a92cc,High Spenders,"{""avg_ticket_min"": 50}",1,2025-10-20 19:43:51.000,2025-11-25 19:43:51.000,46,255
277,46257cb4,VIP Customers,"{""min_balance"": 1000, ""last_active_days"": 30}",0,2025-10-20 19:43:51.000,2025-11-27 19:43:51.000,47,263
278,ade16498,At Risk,"{""inactive_days_min"": 60, ""inactive_days_max"": 89}",1,2025-10-20 19:43:51.000,2025-12-11 19:43:51.000,47,263
279,8901fe82,Birthday Month,"{""birthday_month"": ""current""}",0,2025-10-20 19:43:51.000,2025-11-15 19:43:51.000,47,263
280,70cc8268,New Members,"{""created_days_max"": 30}",1,2025-10-20 19:43:51.000,2025-11-21 19:43:51.000,47,263
281,6ad07182,Inactive 90+,"{""inactive_days_min"": 90}",1,2025-10-20 19:43:51.000,2025-10-23 19:43:51.000,47,263
282,5e022f5b,High Spenders,"{""avg_ticket_min"": 50}",1,2025-10-20 19:43:51.000,2025-12-13 19:43:51.000,47,263
283,b515cb93,VIP Customers,"{""min_balance"": 1000, ""last_active_days"": 30}",1,2025-10-20 19:43:51.000,2025-11-02 19:43:51.000,48,268
284,24510974,At Risk,"{""inactive_days_min"": 60, ""inactive_days_max"": 89}",0,2025-10-20 19:43:51.000,2025-11-19 19:43:51.000,48,268
285,02080873,Birthday Month,"{""birthday_month"": ""current""}",0,2025-10-20 19:43:51.000,2025-10-27 19:43:51.000,48,268
286,a3ef6de6,New Members,"{""created_days_max"": 30}",1,2025-10-20 19:43:51.000,2025-11-15 19:43:51.000,48,268
287,f61a916a,Inactive 90+,"{""inactive_days_min"": 90}",0,2025-10-20 19:43:51.000,2025-10-31 19:43:51.000,48,268
288,fcd9e661,High Spenders,"{""avg_ticket_min"": 50}",1,2025-10-20 19:43:51.000,2025-11-25 19:43:51.000,48,268
289,6835420d,VIP Customers,"{""min_balance"": 1000, ""last_active_days"": 30}",1,2025-10-20 19:43:51.000,2025-10-21 19:43:51.000,49,273
290,98b9db5c,At Risk,"{""inactive_days_min"": 60, ""inactive_days_max"": 89}",0,2025-10-20 19:43:51.000,2025-10-26 19:43:51.000,49,273
291,7296767e,Birthday Month,"{""birthday_month"": ""current""}",0,2025-10-20 19:43:51.000,2025-12-08 19:43:51.000,49,273
292,74ba524a,New Members,"{""created_days_max"": 30}",0,2025-10-20 19:43:51.000,2025-12-12 19:43:51.000,49,273
293,ed50dc8a,Inactive 90+,"{""inactive_days_min"": 90}",1,2025-10-20 19:43:51.000,2025-11-09 19:43:51.000,49,273
294,941c2c68,High Spenders,"{""avg_ticket_min"": 50}",1,2025-10-20 19:43:51.000,2025-12-16 19:43:51.000,49,273
295,889e7997,VIP Customers,"{""min_balance"": 1000, ""last_active_days"": 30}",0,2025-10-20 19:43:51.000,2025-11-09 19:43:51.000,50,276
296,2618b5e6,At Risk,"{""inactive_days_min"": 60, ""inactive_days_max"": 89}",1,2025-10-20 19:43:51.000,2025-12-13 19:43:51.000,50,276
297,70b418ce,Birthday Month,"{""birthday_month"": ""current""}",0,2025-10-20 19:43:51.000,2025-11-16 19:43:51.000,50,276
298,18dcfdc4,New Members,"{""created_days_max"": 30}",0,2025-10-20 19:43:51.000,2025-10-21 19:43:51.000,50,276
299,e7691461,Inactive 90+,"{""inactive_days_min"": 90}",0,2025-10-20 19:43:51.000,2025-10-25 19:43:51.000,50,276
300,dd80ea11,High Spenders,"{""avg_ticket_min"": 50}",1,2025-10-20 19:43:51.000,2025-12-12 19:43:51.000,50,276
301,b537baeb,VIP Customers,"{""min_balance"": 1000, ""last_active_days"": 30}",0,2025-10-20 19:43:51.000,2025-11-05 19:43:51.000,51,286
302,0386287b,At Risk,"{""inactive_days_min"": 60, ""inactive_days_max"": 89}",0,2025-10-20 19:43:51.000,2025-12-14 19:43:51.000,51,286
303,080eb8a9,Birthday Month,"{""birthday_month"": ""current""}",1,2025-10-20 19:43:51.000,2025-10-25 19:43:51.000,51,286
304,07132f8f,New Members,"{""created_days_max"": 30}",1,2025-10-20 19:43:51.000,2025-11-22 19:43:51.000,51,286
305,81b8c547,Inactive 90+,"{""inactive_days_min"": 90}",1,2025-10-20 19:43:51.000,2025-11-20 19:43:51.000,51,286
306,36ca17ee,High Spenders,"{""avg_ticket_min"": 50}",1,2025-10-20 19:43:51.000,2025-10-22 19:43:51.000,51,286
307,018f8728,VIP Customers,"{""min_balance"": 1000, ""last_active_days"": 30}",1,2025-10-20 19:43:51.000,2025-11-26 19:43:51.000,52,293
308,3686c7e5,At Risk,"{""inactive_days_min"": 60, ""inactive_days_max"": 89}",1,2025-10-20 19:43:51.000,2025-12-17 19:43:51.000,52,293
309,d825edbd,Birthday Month,"{""birthday_month"": ""current""}",0,2025-10-20 19:43:51.000,2025-11-26 19:43:51.000,52,293
310,d8770274,New Members,"{""created_days_max"": 30}",0,2025-10-20 19:43:51.000,2025-11-02 19:43:51.000,52,293
311,b0ba2345,Inactive 90+,"{""inactive_days_min"": 90}",1,2025-10-20 19:43:51.000,2025-11-29 19:43:51.000,52,293
312,524d3317,High Spenders,"{""avg_ticket_min"": 50}",0,2025-10-20 19:43:51.000,2025-10-29 19:43:51.000,52,293
313,ff915a1b,VIP Customers,"{""min_balance"": 1000, ""last_active_days"": 30}",1,2025-10-20 19:43:51.000,2025-11-30 19:43:51.000,53,296
314,665e0f47,At Risk,"{""inactive_days_min"": 60, ""inactive_days_max"": 89}",1,2025-10-20 19:43:51.000,2025-11-21 19:43:51.000,53,296
315,bd3e1355,Birthday Month,"{""birthday_month"": ""current""}",0,2025-10-20 19:43:51.000,2025-11-02 19:43:51.000,53,296
316,c4831d91,New Members,"{""created_days_max"": 30}",0,2025-10-20 19:43:51.000,2025-11-25 19:43:51.000,53,296
317,ab160347,Inactive 90+,"{""inactive_days_min"": 90}",0,2025-10-20 19:43:51.000,2025-10-21 19:43:51.000,53,296
318,bbee4401,High Spenders,"{""avg_ticket_min"": 50}",1,2025-10-20 19:43:51.000,2025-10-30 19:43:51.000,53,296
319,6313cdfd,VIP Customers,"{""min_balance"": 1000, ""last_active_days"": 30}",0,2025-10-20 19:43:51.000,2025-11-27 19:43:51.000,54,300
320,679891ad,At Risk,"{""inactive_days_min"": 60, ""inactive_days_max"": 89}",1,2025-10-20 19:43:51.000,2025-12-17 19:43:51.000,54,300
321,b61c62c6,Birthday Month,"{""birthday_month"": ""current""}",1,2025-10-20 19:43:51.000,2025-11-18 19:43:51.000,54,300
322,a4111a54,New Members,"{""created_days_max"": 30}",1,2025-10-20 19:43:51.000,2025-12-10 19:43:51.000,54,300
323,83312106,Inactive 90+,"{""inactive_days_min"": 90}",0,2025-10-20 19:43:51.000,2025-12-19 19:43:51.000,54,300
324,11247687,High Spenders,"{""avg_ticket_min"": 50}",0,2025-10-20 19:43:51.000,2025-12-08 19:43:51.000,54,300
325,ca472819,VIP Customers,"{""min_balance"": 1000, ""last_active_days"": 30}",1,2025-10-20 19:43:51.000,2025-12-13 19:43:51.000,55,305
326,b45ef1e7,At Risk,"{""inactive_days_min"": 60, ""inactive_days_max"": 89}",0,2025-10-20 19:43:51.000,2025-10-23 19:43:51.000,55,305
327,a435e1d0,Birthday Month,"{""birthday_month"": ""current""}",0,2025-10-20 19:43:51.000,2025-10-25 19:43:51.000,55,305
328,cfc7378b,New Members,"{""created_days_max"": 30}",0,2025-10-20 19:43:51.000,2025-11-10 19:43:51.000,55,305
329,12cb2a4f,Inactive 90+,"{""inactive_days_min"": 90}",1,2025-10-20 19:43:51.000,2025-11-04 19:43:51.000,55,305
330,004950c6,High Spenders,"{""avg_ticket_min"": 50}",0,2025-10-20 19:43:51.000,2025-10-31 19:43:51.000,55,305
331,d01a1ace,VIP Customers,"{""min_balance"": 1000, ""last_active_days"": 30}",0,2025-10-20 19:43:51.000,2025-12-12 19:43:51.000,56,315
332,64b641c8,At Risk,"{""inactive_days_min"": 60, ""inactive_days_max"": 89}",0,2025-10-20 19:43:51.000,2025-11-11 19:43:51.000,56,315
333,feef647a,Birthday Month,"{""birthday_month"": ""current""}",1,2025-10-20 19:43:51.000,2025-10-20 19:43:51.000,56,315
334,0b5bcb20,New Members,"{""created_days_max"": 30}",0,2025-10-20 19:43:51.000,2025-11-26 19:43:51.000,56,315
335,269a4df4,Inactive 90+,"{""inactive_days_min"": 90}",0,2025-10-20 19:43:51.000,2025-11-11 19:43:51.000,56,315
336,64deb22f,High Spenders,"{""avg_ticket_min"": 50}",0,2025-10-20 19:43:51.000,2025-10-20 19:43:51.000,56,315
337,ffc41b23,VIP Customers,"{""min_balance"": 1000, ""last_active_days"": 30}",0,2025-10-20 19:43:51.000,2025-12-07 19:43:51.000,57,319
338,76d41b1f,At Risk,"{""inactive_days_min"": 60, ""inactive_days_max"": 89}",0,2025-10-20 19:43:51.000,2025-10-28 19:43:51.000,57,319
339,22675fa7,Birthday Month,"{""birthday_month"": ""current""}",0,2025-10-20 19:43:51.000,2025-10-21 19:43:51.000,57,319
340,25be9c93,New Members,"{""created_days_max"": 30}",1,2025-10-20 19:43:51.000,2025-12-14 19:43:51.000,57,319
341,862e8759,Inactive 90+,"{""inactive_days_min"": 90}",1,2025-10-20 19:43:51.000,2025-11-18 19:43:51.000,57,319
342,d59db0b2,High Spenders,"{""avg_ticket_min"": 50}",0,2025-10-20 19:43:51.000,2025-11-08 19:43:51.000,57,319
343,76252e18,VIP Customers,"{""min_balance"": 1000, ""last_active_days"": 30}",0,2025-10-20 19:43:51.000,2025-11-15 19:43:51.000,58,323
344,e06a22b1,At Risk,"{""inactive_days_min"": 60, ""inactive_days_max"": 89}",0,2025-10-20 19:43:51.000,2025-10-31 19:43:51.000,58,323
345,bd23f053,Birthday Month,"{""birthday_month"": ""current""}",1,2025-10-20 19:43:51.000,2025-10-23 19:43:51.000,58,323
346,b4c16e62,New Members,"{""created_days_max"": 30}",0,2025-10-20 19:43:51.000,2025-11-28 19:43:51.000,58,323
347,8c84d8c8,Inactive 90+,"{""inactive_days_min"": 90}",0,2025-10-20 19:43:51.000,2025-11-29 19:43:51.000,58,323
348,d2161f43,High Spenders,"{""avg_ticket_min"": 50}",1,2025-10-20 19:43:51.000,2025-12-02 19:43:51.000,58,323
349,c11fe19d,VIP Customers,"{""min_balance"": 1000, ""last_active_days"": 30}",0,2025-10-20 19:43:51.000,2025-11-13 19:43:51.000,59,328
350,e6b3fb1a,At Risk,"{""inactive_days_min"": 60, ""inactive_days_max"": 89}",0,2025-10-20 19:43:51.000,2025-11-26 19:43:51.000,59,328
351,8ed32cd4,Birthday Month,"{""birthday_month"": ""current""}",0,2025-10-20 19:43:51.000,2025-10-30 19:43:51.000,59,328
352,647506d9,New Members,"{""created_days_max"": 30}",1,2025-10-20 19:43:51.000,2025-12-18 19:43:51.000,59,328
353,f92047f2,Inactive 90+,"{""inactive_days_min"": 90}",0,2025-10-20 19:43:51.000,2025-12-17 19:43:51.000,59,328
354,2f7812ca,High Spenders,"{""avg_ticket_min"": 50}",0,2025-10-20 19:43:51.000,2025-10-25 19:43:51.000,59,328
355,485d6a77,VIP Customers,"{""min_balance"": 1000, ""last_active_days"": 30}",1,2025-10-20 19:43:51.000,2025-11-05 19:43:51.000,60,332
356,5b592ec2,At Risk,"{""inactive_days_min"": 60, ""inactive_days_max"": 89}",0,2025-10-20 19:43:51.000,2025-12-08 19:43:51.000,60,332
357,2527dc0c,Birthday Month,"{""birthday_month"": ""current""}",0,2025-10-20 19:43:51.000,2025-12-09 19:43:51.000,60,332
358,9c31760b,New Members,"{""created_days_max"": 30}",0,2025-10-20 19:43:51.000,2025-11-06 19:43:51.000,60,332
359,7afa24b6,Inactive 90+,"{""inactive_days_min"": 90}",0,2025-10-20 19:43:51.000,2025-10-23 19:43:51.000,60,332
360,0dc07af9,High Spenders,"{""avg_ticket_min"": 50}",0,2025-10-20 19:43:51.000,2025-12-01 19:43:51.000,60,332
361,3750487a,VIP Customers,"{""min_balance"": 1000, ""last_active_days"": 30}",0,2025-10-20 19:43:51.000,2025-11-07 19:43:51.000,61,337
362,7316373e,At Risk,"{""inactive_days_min"": 60, ""inactive_days_max"": 89}",1,2025-10-20 19:43:51.000,2025-11-02 19:43:51.000,61,337
363,2ac73633,Birthday Month,"{""birthday_month"": ""current""}",1,2025-10-20 19:43:51.000,2025-11-17 19:43:51.000,61,337
364,69eaf921,New Members,"{""created_days_max"": 30}",0,2025-10-20 19:43:51.000,2025-11-15 19:43:51.000,61,337
365,06efae81,Inactive 90+,"{""inactive_days_min"": 90}",1,2025-10-20 19:43:51.000,2025-11-02 19:43:51.000,61,337
366,20a3820f,High Spenders,"{""avg_ticket_min"": 50}",1,2025-10-20 19:43:51.000,2025-11-27 19:43:51.000,61,337
367,6a26b30a,VIP Customers,"{""min_balance"": 1000, ""last_active_days"": 30}",0,2025-10-20 19:43:51.000,2025-12-02 19:43:51.000,62,342
368,d2afe081,At Risk,"{""inactive_days_min"": 60, ""inactive_days_max"": 89}",1,2025-10-20 19:43:51.000,2025-11-15 19:43:51.000,62,342
369,020572c3,Birthday Month,"{""birthday_month"": ""current""}",0,2025-10-20 19:43:51.000,2025-12-19 19:43:51.000,62,342
370,d2a6c726,New Members,"{""created_days_max"": 30}",1,2025-10-20 19:43:51.000,2025-12-11 19:43:51.000,62,342
371,1af1f0f6,Inactive 90+,"{""inactive_days_min"": 90}",1,2025-10-20 19:43:51.000,2025-11-06 19:43:51.000,62,342
372,05f8334c,High Spenders,"{""avg_ticket_min"": 50}",0,2025-10-20 19:43:51.000,2025-12-07 19:43:51.000,62,342
373,6ddd6fb0,VIP Customers,"{""min_balance"": 1000, ""last_active_days"": 30}",1,2025-10-20 19:43:51.000,2025-11-18 19:43:51.000,63,352
374,5f0c5ffc,At Risk,"{""inactive_days_min"": 60, ""inactive_days_max"": 89}",1,2025-10-20 19:43:51.000,2025-11-21 19:43:51.000,63,352
375,8bd0105f,Birthday Month,"{""birthday_month"": ""current""}",0,2025-10-20 19:43:51.000,2025-12-17 19:43:51.000,63,352
376,7adfab00,New Members,"{""created_days_max"": 30}",0,2025-10-20 19:43:51.000,2025-11-15 19:43:51.000,63,352
377,e1881b3f,Inactive 90+,"{""inactive_days_min"": 90}",0,2025-10-20 19:43:51.000,2025-12-06 19:43:51.000,63,352
378,73dd866c,High Spenders,"{""avg_ticket_min"": 50}",0,2025-10-20 19:43:51.000,2025-11-13 19:43:51.000,63,352
379,31ff1564,VIP Customers,"{""min_balance"": 1000, ""last_active_days"": 30}",0,2025-10-20 19:43:51.000,2025-12-10 19:43:51.000,64,356
380,4ab33cd2,At Risk,"{""inactive_days_min"": 60, ""inactive_days_max"": 89}",1,2025-10-20 19:43:51.000,2025-12-14 19:43:51.000,64,356
381,3c48b40b,Birthday Month,"{""birthday_month"": ""current""}",1,2025-10-20 19:43:51.000,2025-11-14 19:43:51.000,64,356
382,05135dab,New Members,"{""created_days_max"": 30}",0,2025-10-20 19:43:51.000,2025-10-26 19:43:51.000,64,356
383,d08b919b,Inactive 90+,"{""inactive_days_min"": 90}",0,2025-10-20 19:43:51.000,2025-10-21 19:43:51.000,64,356
384,15c76da7,High Spenders,"{""avg_ticket_min"": 50}",1,2025-10-20 19:43:51.000,2025-12-09 19:43:51.000,64,356
385,ac29706c,VIP Customers,"{""min_balance"": 1000, ""last_active_days"": 30}",1,2025-10-20 19:43:51.000,2025-11-03 19:43:51.000,65,362
386,1da6b277,At Risk,"{""inactive_days_min"": 60, ""inactive_days_max"": 89}",1,2025-10-20 19:43:51.000,2025-11-01 19:43:51.000,65,362
387,71ab7f15,Birthday Month,"{""birthday_month"": ""current""}",1,2025-10-20 19:43:51.000,2025-10-28 19:43:51.000,65,362
388,be84d0bf,New Members,"{""created_days_max"": 30}",1,2025-10-20 19:43:51.000,2025-12-07 19:43:51.000,65,362
389,2f8b5cb3,Inactive 90+,"{""inactive_days_min"": 90}",1,2025-10-20 19:43:51.000,2025-11-21 19:43:51.000,65,362
390,02e4e127,High Spenders,"{""avg_ticket_min"": 50}",0,2025-10-20 19:43:51.000,2025-11-09 19:43:51.000,65,362
391,7600bcd6,VIP Customers,"{""min_balance"": 1000, ""last_active_days"": 30}",0,2025-10-20 19:43:51.000,2025-11-06 19:43:51.000,66,367
392,f9038531,At Risk,"{""inactive_days_min"": 60, ""inactive_days_max"": 89}",0,2025-10-20 19:43:51.000,2025-12-02 19:43:51.000,66,367
393,cb12d140,Birthday Month,"{""birthday_month"": ""current""}",1,2025-10-20 19:43:51.000,2025-11-02 19:43:51.000,66,367
394,99705351,New Members,"{""created_days_max"": 30}",1,2025-10-20 19:43:51.000,2025-11-29 19:43:51.000,66,367
395,5dd4b0cf,Inactive 90+,"{""inactive_days_min"": 90}",0,2025-10-20 19:43:51.000,2025-11-06 19:43:51.000,66,367
396,61ae666a,High Spenders,"{""avg_ticket_min"": 50}",0,2025-10-20 19:43:51.000,2025-12-01 19:43:51.000,66,367
397,1e59ff79,VIP Customers,"{""min_balance"": 1000, ""last_active_days"": 30}",1,2025-10-20 19:43:51.000,2025-10-20 19:43:51.000,67,373
398,2ef4f25f,At Risk,"{""inactive_days_min"": 60, ""inactive_days_max"": 89}",1,2025-10-20 19:43:51.000,2025-11-18 19:43:51.000,67,373
399,d798eac5,Birthday Month,"{""birthday_month"": ""current""}",1,2025-10-20 19:43:51.000,2025-11-09 19:43:51.000,67,373
400,4b8d81ce,New Members,"{""created_days_max"": 30}",0,2025-10-20 19:43:51.000,2025-10-30 19:43:51.000,67,373
401,3bf91356,Inactive 90+,"{""inactive_days_min"": 90}",0,2025-10-20 19:43:51.000,2025-10-22 19:43:51.000,67,373
402,b9ab2842,High Spenders,"{""avg_ticket_min"": 50}",0,2025-10-20 19:43:51.000,2025-11-14 19:43:51.000,67,373
403,9302be97,VIP Customers,"{""min_balance"": 1000, ""last_active_days"": 30}",1,2025-10-20 19:43:51.000,2025-10-31 19:43:51.000,68,376
404,c0cef463,At Risk,"{""inactive_days_min"": 60, ""inactive_days_max"": 89}",0,2025-10-20 19:43:51.000,2025-10-27 19:43:51.000,68,376
405,708608f7,Birthday Month,"{""birthday_month"": ""current""}",1,2025-10-20 19:43:51.000,2025-12-06 19:43:51.000,68,376
406,2f767ea6,New Members,"{""created_days_max"": 30}",0,2025-10-20 19:43:51.000,2025-12-06 19:43:51.000,68,376
407,3715bb96,Inactive 90+,"{""inactive_days_min"": 90}",0,2025-10-20 19:43:51.000,2025-11-07 19:43:51.000,68,376
408,a3782271,High Spenders,"{""avg_ticket_min"": 50}",0,2025-10-20 19:43:51.000,2025-11-29 19:43:51.000,68,376
409,2ed3b904,VIP Customers,"{""min_balance"": 1000, ""last_active_days"": 30}",1,2025-10-20 19:43:51.000,2025-12-08 19:43:51.000,69,388
410,430c2400,At Risk,"{""inactive_days_min"": 60, ""inactive_days_max"": 89}",1,2025-10-20 19:43:51.000,2025-12-12 19:43:51.000,69,388
411,eb96772b,Birthday Month,"{""birthday_month"": ""current""}",0,2025-10-20 19:43:51.000,2025-11-28 19:43:51.000,69,388
412,c49c76bb,New Members,"{""created_days_max"": 30}",1,2025-10-20 19:43:51.000,2025-10-28 19:43:51.000,69,388
413,f9cb6845,Inactive 90+,"{""inactive_days_min"": 90}",0,2025-10-20 19:43:51.000,2025-12-09 19:43:51.000,69,388
414,a5145ed4,High Spenders,"{""avg_ticket_min"": 50}",1,2025-10-20 19:43:51.000,2025-12-12 19:43:51.000,69,388
415,4a1b52b6,VIP Customers,"{""min_balance"": 1000, ""last_active_days"": 30}",1,2025-10-20 19:43:51.000,2025-10-20 19:43:51.000,70,391
416,8ea16498,At Risk,"{""inactive_days_min"": 60, ""inactive_days_max"": 89}",0,2025-10-20 19:43:51.000,2025-12-15 19:43:51.000,70,391
417,e8cc030a,Birthday Month,"{""birthday_month"": ""current""}",1,2025-10-20 19:43:51.000,2025-11-28 19:43:51.000,70,391
418,95f09df9,New Members,"{""created_days_max"": 30}",1,2025-10-20 19:43:51.000,2025-11-12 19:43:51.000,70,391
419,402d8737,Inactive 90+,"{""inactive_days_min"": 90}",0,2025-10-20 19:43:51.000,2025-11-25 19:43:51.000,70,391
420,a1f30694,High Spenders,"{""avg_ticket_min"": 50}",0,2025-10-20 19:43:51.000,2025-10-31 19:43:51.000,70,391
421,558520bb,VIP Customers,"{""min_balance"": 1000, ""last_active_days"": 30}",1,2025-10-20 19:43:51.000,2025-10-30 19:43:51.000,71,403
422,44763de2,At Risk,"{""inactive_days_min"": 60, ""inactive_days_max"": 89}",0,2025-10-20 19:43:51.000,2025-11-10 19:43:51.000,71,403
423,f69ef897,Birthday Month,"{""birthday_month"": ""current""}",0,2025-10-20 19:43:51.000,2025-11-09 19:43:51.000,71,403
424,7fc6955a,New Members,"{""created_days_max"": 30}",1,2025-10-20 19:43:51.000,2025-11-22 19:43:51.000,71,403
425,fa3c269d,Inactive 90+,"{""inactive_days_min"": 90}",1,2025-10-20 19:43:51.000,2025-11-16 19:43:51.000,71,403
426,2b7f174e,High Spenders,"{""avg_ticket_min"": 50}",1,2025-10-20 19:43:51.000,2025-10-28 19:43:51.000,71,403
427,d5415cae,VIP Customers,"{""min_balance"": 1000, ""last_active_days"": 30}",0,2025-10-20 19:43:51.000,2025-11-11 19:43:51.000,72,407
428,ecc9537e,At Risk,"{""inactive_days_min"": 60, ""inactive_days_max"": 89}",0,2025-10-20 19:43:51.000,2025-11-06 19:43:51.000,72,407
429,e6a1e4ea,Birthday Month,"{""birthday_month"": ""current""}",1,2025-10-20 19:43:51.000,2025-11-27 19:43:51.000,72,407
430,46607a31,New Members,"{""created_days_max"": 30}",1,2025-10-20 19:43:51.000,2025-10-26 19:43:51.000,72,407
431,dedf47c8,Inactive 90+,"{""inactive_days_min"": 90}",1,2025-10-20 19:43:51.000,2025-11-24 19:43:51.000,72,407
432,696ae927,High Spenders,"{""avg_ticket_min"": 50}",0,2025-10-20 19:43:51.000,2025-10-21 19:43:51.000,72,407
433,ebcf9a57,VIP Customers,"{""min_balance"": 1000, ""last_active_days"": 30}",0,2025-10-20 19:43:51.000,2025-12-19 19:43:51.000,73,412
434,1b39f024,At Risk,"{""inactive_days_min"": 60, ""inactive_days_max"": 89}",1,2025-10-20 19:43:51.000,2025-10-27 19:43:51.000,73,412
435,f3beb160,Birthday Month,"{""birthday_month"": ""current""}",0,2025-10-20 19:43:51.000,2025-11-30 19:43:51.000,73,412
436,9b8fd18d,New Members,"{""created_days_max"": 30}",0,2025-10-20 19:43:51.000,2025-11-08 19:43:51.000,73,412
437,e52cceb5,Inactive 90+,"{""inactive_days_min"": 90}",0,2025-10-20 19:43:51.000,2025-11-19 19:43:51.000,73,412
438,70557e53,High Spenders,"{""avg_ticket_min"": 50}",1,2025-10-20 19:43:51.000,2025-12-10 19:43:51.000,73,412
439,7da04860,VIP Customers,"{""min_balance"": 1000, ""last_active_days"": 30}",0,2025-10-20 19:43:51.000,2025-10-30 19:43:51.000,74,418
440,a91835ad,At Risk,"{""inactive_days_min"": 60, ""inactive_days_max"": 89}",1,2025-10-20 19:43:51.000,2025-10-26 19:43:51.000,74,418
441,be98caa6,Birthday Month,"{""birthday_month"": ""current""}",1,2025-10-20 19:43:51.000,2025-12-19 19:43:51.000,74,418
442,f7289ad6,New Members,"{""created_days_max"": 30}",0,2025-10-20 19:43:51.000,2025-12-15 19:43:51.000,74,418
443,b4f03d76,Inactive 90+,"{""inactive_days_min"": 90}",0,2025-10-20 19:43:51.000,2025-12-15 19:43:51.000,74,418
444,33ae12f6,High Spenders,"{""avg_ticket_min"": 50}",0,2025-10-20 19:43:51.000,2025-12-17 19:43:51.000,74,418
445,fcee5936,VIP Customers,"{""min_balance"": 1000, ""last_active_days"": 30}",1,2025-10-20 19:43:51.000,2025-12-01 19:43:51.000,75,423
446,8314f8a6,At Risk,"{""inactive_days_min"": 60, ""inactive_days_max"": 89}",0,2025-10-20 19:43:51.000,2025-11-29 19:43:51.000,75,423
447,c405bed2,Birthday Month,"{""birthday_month"": ""current""}",0,2025-10-20 19:43:51.000,2025-12-15 19:43:51.000,75,423
448,d83e6124,New Members,"{""created_days_max"": 30}",1,2025-10-20 19:43:51.000,2025-11-02 19:43:51.000,75,423
449,c3a087d3,Inactive 90+,"{""inactive_days_min"": 90}",0,2025-10-20 19:43:51.000,2025-12-10 19:43:51.000,75,423
450,3cb8a1c8,High Spenders,"{""avg_ticket_min"": 50}",1,2025-10-20 19:43:51.000,2025-11-29 19:43:51.000,75,423
451,69fd21fd,VIP Customers,"{""min_balance"": 1000, ""last_active_days"": 30}",1,2025-10-20 19:43:51.000,2025-12-08 19:43:51.000,76,427
452,a121647f,At Risk,"{""inactive_days_min"": 60, ""inactive_days_max"": 89}",0,2025-10-20 19:43:51.000,2025-12-10 19:43:51.000,76,427
453,48781e0f,Birthday Month,"{""birthday_month"": ""current""}",0,2025-10-20 19:43:51.000,2025-12-18 19:43:51.000,76,427
454,ec74817a,New Members,"{""created_days_max"": 30}",0,2025-10-20 19:43:51.000,2025-12-07 19:43:51.000,76,427
455,ac0657bc,Inactive 90+,"{""inactive_days_min"": 90}",0,2025-10-20 19:43:51.000,2025-11-16 19:43:51.000,76,427
456,c1eb8f06,High Spenders,"{""avg_ticket_min"": 50}",0,2025-10-20 19:43:51.000,2025-12-10 19:43:51.000,76,427
457,31cba089,VIP Customers,"{""min_balance"": 1000, ""last_active_days"": 30}",0,2025-10-20 19:43:51.000,2025-11-18 19:43:51.000,77,430
458,e522ae32,At Risk,"{""inactive_days_min"": 60, ""inactive_days_max"": 89}",0,2025-10-20 19:43:51.000,2025-10-24 19:43:51.000,77,430
459,220dd8cb,Birthday Month,"{""birthday_month"": ""current""}",1,2025-10-20 19:43:51.000,2025-11-14 19:43:51.000,77,430
460,2c1b2a26,New Members,"{""created_days_max"": 30}",0,2025-10-20 19:43:51.000,2025-10-26 19:43:51.000,77,430
461,73c0b7c2,Inactive 90+,"{""inactive_days_min"": 90}",1,2025-10-20 19:43:51.000,2025-11-21 19:43:51.000,77,430
462,9c394401,High Spenders,"{""avg_ticket_min"": 50}",0,2025-10-20 19:43:51.000,2025-11-03 19:43:51.000,77,430
463,7b0be41c,VIP Customers,"{""min_balance"": 1000, ""last_active_days"": 30}",1,2025-10-20 19:43:51.000,2025-12-03 19:43:51.000,78,435
464,b67267a2,At Risk,"{""inactive_days_min"": 60, ""inactive_days_max"": 89}",1,2025-10-20 19:43:51.000,2025-11-03 19:43:51.000,78,435
465,c3df8ac9,Birthday Month,"{""birthday_month"": ""current""}",0,2025-10-20 19:43:51.000,2025-11-20 19:43:51.000,78,435
466,d8623d57,New Members,"{""created_days_max"": 30}",1,2025-10-20 19:43:51.000,2025-11-14 19:43:51.000,78,435
467,10448fe2,Inactive 90+,"{""inactive_days_min"": 90}",1,2025-10-20 19:43:51.000,2025-10-29 19:43:51.000,78,435
468,3bc30a4c,High Spenders,"{""avg_ticket_min"": 50}",1,2025-10-20 19:43:51.000,2025-11-12 19:43:51.000,78,435
469,7f25477a,VIP Customers,"{""min_balance"": 1000, ""last_active_days"": 30}",1,2025-10-20 19:43:51.000,2025-12-13 19:43:51.000,79,439
470,816d00a7,At Risk,"{""inactive_days_min"": 60, ""inactive_days_max"": 89}",1,2025-10-20 19:43:51.000,2025-10-21 19:43:51.000,79,439
471,cd96fe11,Birthday Month,"{""birthday_month"": ""current""}",1,2025-10-20 19:43:51.000,2025-10-25 19:43:51.000,79,439
472,3868901c,New Members,"{""created_days_max"": 30}",1,2025-10-20 19:43:51.000,2025-11-19 19:43:51.000,79,439
473,f3cff1c3,Inactive 90+,"{""inactive_days_min"": 90}",1,2025-10-20 19:43:51.000,2025-11-07 19:43:51.000,79,439
474,3ba0d2e0,High Spenders,"{""avg_ticket_min"": 50}",1,2025-10-20 19:43:51.000,2025-12-17 19:43:51.000,79,439
475,76fe642a,VIP Customers,"{""min_balance"": 1000, ""last_active_days"": 30}",0,2025-10-20 19:43:51.000,2025-11-28 19:43:51.000,80,444
476,98edd202,At Risk,"{""inactive_days_min"": 60, ""inactive_days_max"": 89}",1,2025-10-20 19:43:51.000,2025-11-08 19:43:51.000,80,444
477,df8d3316,Birthday Month,"{""birthday_month"": ""current""}",0,2025-10-20 19:43:51.000,2025-11-10 19:43:51.000,80,444
478,61369196,New Members,"{""created_days_max"": 30}",1,2025-10-20 19:43:51.000,2025-12-02 19:43:51.000,80,444
479,3d088342,Inactive 90+,"{""inactive_days_min"": 90}",0,2025-10-20 19:43:51.000,2025-12-05 19:43:51.000,80,444
480,3c97ec3c,High Spenders,"{""avg_ticket_min"": 50}",0,2025-10-20 19:43:51.000,2025-11-17 19:43:51.000,80,444
481,3d7ef566,VIP Customers,"{""min_balance"": 1000, ""last_active_days"": 30}",0,2025-10-20 19:43:51.000,2025-12-15 19:43:51.000,81,449
482,07daa4fb,At Risk,"{""inactive_days_min"": 60, ""inactive_days_max"": 89}",0,2025-10-20 19:43:51.000,2025-10-29 19:43:51.000,81,449
483,05134ebc,Birthday Month,"{""birthday_month"": ""current""}",1,2025-10-20 19:43:51.000,2025-11-06 19:43:51.000,81,449
484,ce13a587,New Members,"{""created_days_max"": 30}",1,2025-10-20 19:43:51.000,2025-12-16 19:43:51.000,81,449
485,01a5d963,Inactive 90+,"{""inactive_days_min"": 90}",0,2025-10-20 19:43:51.000,2025-10-24 19:43:51.000,81,449
486,b007f376,High Spenders,"{""avg_ticket_min"": 50}",0,2025-10-20 19:43:51.000,2025-12-12 19:43:51.000,81,449
487,b2680c9f,VIP Customers,"{""min_balance"": 1000, ""last_active_days"": 30}",1,2025-10-20 19:43:51.000,2025-10-23 19:43:51.000,82,454
488,f22d1b2f,At Risk,"{""inactive_days_min"": 60, ""inactive_days_max"": 89}",0,2025-10-20 19:43:51.000,2025-10-25 19:43:51.000,82,454
489,54da8ecc,Birthday Month,"{""birthday_month"": ""current""}",0,2025-10-20 19:43:51.000,2025-12-18 19:43:51.000,82,454
490,6af2bd93,New Members,"{""created_days_max"": 30}",0,2025-10-20 19:43:51.000,2025-11-29 19:43:51.000,82,454
491,63cc7e1e,Inactive 90+,"{""inactive_days_min"": 90}",0,2025-10-20 19:43:51.000,2025-11-20 19:43:51.000,82,454
492,5dc8dc64,High Spenders,"{""avg_ticket_min"": 50}",1,2025-10-20 19:43:51.000,2025-12-09 19:43:51.000,82,454
493,f8469e04,VIP Customers,"{""min_balance"": 1000, ""last_active_days"": 30}",1,2025-10-20 19:43:51.000,2025-10-24 19:43:51.000,83,462
494,bc4099c0,At Risk,"{""inactive_days_min"": 60, ""inactive_days_max"": 89}",0,2025-10-20 19:43:51.000,2025-11-29 19:43:51.000,83,462
495,1b4f18af,Birthday Month,"{""birthday_month"": ""current""}",0,2025-10-20 19:43:51.000,2025-12-06 19:43:51.000,83,462
496,a683fed7,New Members,"{""created_days_max"": 30}",1,2025-10-20 19:43:51.000,2025-11-14 19:43:51.000,83,462
497,2f859ce6,Inactive 90+,"{""inactive_days_min"": 90}",1,2025-10-20 19:43:51.000,2025-11-24 19:43:51.000,83,462
498,fe095bcd,High Spenders,"{""avg_ticket_min"": 50}",0,2025-10-20 19:43:51.000,2025-11-01 19:43:51.000,83,462
499,a2f3e318,VIP Customers,"{""min_balance"": 1000, ""last_active_days"": 30}",1,2025-10-20 19:43:51.000,2025-11-27 19:43:51.000,84,466
500,e66413f4,At Risk,"{""inactive_days_min"": 60, ""inactive_days_max"": 89}",1,2025-10-20 19:43:51.000,2025-12-16 19:43:51.000,84,466
501,d8185430,Birthday Month,"{""birthday_month"": ""current""}",1,2025-10-20 19:43:51.000,2025-11-15 19:43:51.000,84,466
502,a69eb56a,New Members,"{""created_days_max"": 30}",1,2025-10-20 19:43:51.000,2025-12-09 19:43:51.000,84,466
503,498dbf4d,Inactive 90+,"{""inactive_days_min"": 90}",0,2025-10-20 19:43:51.000,2025-11-18 19:43:51.000,84,466
504,fa43a565,High Spenders,"{""avg_ticket_min"": 50}",1,2025-10-20 19:43:51.000,2025-12-06 19:43:51.000,84,466
505,4b4689fd,VIP Customers,"{""min_balance"": 1000, ""last_active_days"": 30}",1,2025-10-20 19:43:51.000,2025-10-27 19:43:51.000,85,471
506,65c0f2c8,At Risk,"{""inactive_days_min"": 60, ""inactive_days_max"": 89}",0,2025-10-20 19:43:51.000,2025-10-24 19:43:51.000,85,471
507,214bb218,Birthday Month,"{""birthday_month"": ""current""}",1,2025-10-20 19:43:51.000,2025-11-26 19:43:51.000,85,471
508,04e8b6c6,New Members,"{""created_days_max"": 30}",0,2025-10-20 19:43:51.000,2025-10-28 19:43:51.000,85,471
509,237782e9,Inactive 90+,"{""inactive_days_min"": 90}",1,2025-10-20 19:43:51.000,2025-12-04 19:43:51.000,85,471
510,221ed7d7,High Spenders,"{""avg_ticket_min"": 50}",0,2025-10-20 19:43:51.000,2025-10-25 19:43:51.000,85,471
511,b7e4c9cc,VIP Customers,"{""min_balance"": 1000, ""last_active_days"": 30}",1,2025-10-20 19:43:51.000,2025-11-21 19:43:51.000,86,476
512,ddfd1a63,At Risk,"{""inactive_days_min"": 60, ""inactive_days_max"": 89}",1,2025-10-20 19:43:51.000,2025-11-03 19:43:51.000,86,476
513,eadd09db,Birthday Month,"{""birthday_month"": ""current""}",1,2025-10-20 19:43:51.000,2025-11-04 19:43:51.000,86,476
514,fdd48c25,New Members,"{""created_days_max"": 30}",0,2025-10-20 19:43:51.000,2025-11-10 19:43:51.000,86,476
515,8e5d24e0,Inactive 90+,"{""inactive_days_min"": 90}",1,2025-10-20 19:43:51.000,2025-10-24 19:43:51.000,86,476
516,296cfa66,High Spenders,"{""avg_ticket_min"": 50}",0,2025-10-20 19:43:51.000,2025-11-29 19:43:51.000,86,476
517,19c55416,VIP Customers,"{""min_balance"": 1000, ""last_active_days"": 30}",1,2025-10-20 19:43:51.000,2025-11-14 19:43:51.000,87,481
518,bf88272f,At Risk,"{""inactive_days_min"": 60, ""inactive_days_max"": 89}",0,2025-10-20 19:43:51.000,2025-11-15 19:43:51.000,87,481
519,7b9a715f,Birthday Month,"{""birthday_month"": ""current""}",0,2025-10-20 19:43:51.000,2025-12-06 19:43:51.000,87,481
520,864200b1,New Members,"{""created_days_max"": 30}",0,2025-10-20 19:43:51.000,2025-11-16 19:43:51.000,87,481
521,acd9499d,Inactive 90+,"{""inactive_days_min"": 90}",0,2025-10-20 19:43:51.000,2025-10-23 19:43:51.000,87,481
522,82a5a9c2,High Spenders,"{""avg_ticket_min"": 50}",0,2025-10-20 19:43:51.000,2025-10-22 19:43:51.000,87,481
523,b7ee0c9a,VIP Customers,"{""min_balance"": 1000, ""last_active_days"": 30}",1,2025-10-20 19:43:51.000,2025-12-04 19:43:51.000,88,493
524,ec859a24,At Risk,"{""inactive_days_min"": 60, ""inactive_days_max"": 89}",0,2025-10-20 19:43:51.000,2025-11-19 19:43:51.000,88,493
525,772e6c55,Birthday Month,"{""birthday_month"": ""current""}",0,2025-10-20 19:43:51.000,2025-12-03 19:43:51.000,88,493
526,600a7931,New Members,"{""created_days_max"": 30}",1,2025-10-20 19:43:51.000,2025-11-07 19:43:51.000,88,493
527,782beed1,Inactive 90+,"{""inactive_days_min"": 90}",0,2025-10-20 19:43:51.000,2025-12-04 19:43:51.000,88,493
528,4a0fc86e,High Spenders,"{""avg_ticket_min"": 50}",1,2025-10-20 19:43:51.000,2025-12-02 19:43:51.000,88,493
529,c3026e5b,VIP Customers,"{""min_balance"": 1000, ""last_active_days"": 30}",1,2025-10-20 19:43:51.000,2025-10-30 19:43:51.000,89,497
530,b47ca4b5,At Risk,"{""inactive_days_min"": 60, ""inactive_days_max"": 89}",0,2025-10-20 19:43:51.000,2025-12-01 19:43:51.000,89,497
531,e54942f3,Birthday Month,"{""birthday_month"": ""current""}",0,2025-10-20 19:43:51.000,2025-10-25 19:43:51.000,89,497
532,bf79219d,New Members,"{""created_days_max"": 30}",1,2025-10-20 19:43:51.000,2025-11-11 19:43:51.000,89,497
533,7e850713,Inactive 90+,"{""inactive_days_min"": 90}",1,2025-10-20 19:43:51.000,2025-12-05 19:43:51.000,89,497
534,4fc3b388,High Spenders,"{""avg_ticket_min"": 50}",0,2025-10-20 19:43:51.000,2025-11-07 19:43:51.000,89,497
535,520ff7b1,VIP Customers,"{""min_balance"": 1000, ""last_active_days"": 30}",0,2025-10-20 19:43:51.000,2025-11-05 19:43:51.000,90,502
536,746f8b79,At Risk,"{""inactive_days_min"": 60, ""inactive_days_max"": 89}",1,2025-10-20 19:43:51.000,2025-11-14 19:43:51.000,90,502
537,8396922a,Birthday Month,"{""birthday_month"": ""current""}",1,2025-10-20 19:43:51.000,2025-12-17 19:43:51.000,90,502
538,67411d4e,New Members,"{""created_days_max"": 30}",0,2025-10-20 19:43:51.000,2025-11-20 19:43:51.000,90,502
539,4fcb31a0,Inactive 90+,"{""inactive_days_min"": 90}",1,2025-10-20 19:43:51.000,2025-11-05 19:43:51.000,90,502
540,a6632295,High Spenders,"{""avg_ticket_min"": 50}",0,2025-10-20 19:43:51.000,2025-12-09 19:43:51.000,90,502
541,ae2b4d9f,VIP Customers,"{""min_balance"": 1000, ""last_active_days"": 30}",0,2025-10-20 19:43:51.000,2025-10-30 19:43:51.000,91,509
542,ba059a64,At Risk,"{""inactive_days_min"": 60, ""inactive_days_max"": 89}",1,2025-10-20 19:43:51.000,2025-11-25 19:43:51.000,91,509
543,7d722546,Birthday Month,"{""birthday_month"": ""current""}",0,2025-10-20 19:43:51.000,2025-11-17 19:43:51.000,91,509
544,87b6f898,New Members,"{""created_days_max"": 30}",1,2025-10-20 19:43:51.000,2025-12-02 19:43:51.000,91,509
545,4f142589,Inactive 90+,"{""inactive_days_min"": 90}",0,2025-10-20 19:43:51.000,2025-11-10 19:43:51.000,91,509
546,41e8ef93,High Spenders,"{""avg_ticket_min"": 50}",0,2025-10-20 19:43:51.000,2025-11-30 19:43:51.000,91,509
547,c0c66416,VIP Customers,"{""min_balance"": 1000, ""last_active_days"": 30}",1,2025-10-20 19:43:51.000,2025-11-20 19:43:51.000,92,515
548,a2c3dab4,At Risk,"{""inactive_days_min"": 60, ""inactive_days_max"": 89}",0,2025-10-20 19:43:51.000,2025-12-02 19:43:51.000,92,515
549,a88e8f53,Birthday Month,"{""birthday_month"": ""current""}",0,2025-10-20 19:43:51.000,2025-11-20 19:43:51.000,92,515
550,175abb54,New Members,"{""created_days_max"": 30}",0,2025-10-20 19:43:51.000,2025-12-02 19:43:51.000,92,515
551,e326992f,Inactive 90+,"{""inactive_days_min"": 90}",0,2025-10-20 19:43:51.000,2025-10-21 19:43:51.000,92,515
552,077de82b,High Spenders,"{""avg_ticket_min"": 50}",0,2025-10-20 19:43:51.000,2025-10-31 19:43:51.000,92,515
553,8d091642,VIP Customers,"{""min_balance"": 1000, ""last_active_days"": 30}",0,2025-10-20 19:43:51.000,2025-10-31 19:43:51.000,93,522
554,228faaf1,At Risk,"{""inactive_days_min"": 60, ""inactive_days_max"": 89}",1,2025-10-20 19:43:51.000,2025-12-14 19:43:51.000,93,522
555,933c6499,Birthday Month,"{""birthday_month"": ""current""}",1,2025-10-20 19:43:51.000,2025-11-18 19:43:51.000,93,522
556,2cd0ced6,New Members,"{""created_days_max"": 30}",1,2025-10-20 19:43:51.000,2025-11-05 19:43:51.000,93,522
557,7530dda8,Inactive 90+,"{""inactive_days_min"": 90}",1,2025-10-20 19:43:51.000,2025-10-29 19:43:51.000,93,522
558,04d1f089,High Spenders,"{""avg_ticket_min"": 50}",0,2025-10-20 19:43:51.000,2025-12-19 19:43:51.000,93,522
559,c185be57,VIP Customers,"{""min_balance"": 1000, ""last_active_days"": 30}",1,2025-10-20 19:43:51.000,2025-11-12 19:43:51.000,94,529
560,bbd14f1c,At Risk,"{""inactive_days_min"": 60, ""inactive_days_max"": 89}",0,2025-10-20 19:43:51.000,2025-11-23 19:43:51.000,94,529
561,1932c522,Birthday Month,"{""birthday_month"": ""current""}",0,2025-10-20 19:43:51.000,2025-11-15 19:43:51.000,94,529
562,a955f228,New Members,"{""created_days_max"": 30}",0,2025-10-20 19:43:51.000,2025-11-08 19:43:51.000,94,529
563,185033bd,Inactive 90+,"{""inactive_days_min"": 90}",1,2025-10-20 19:43:51.000,2025-11-01 19:43:51.000,94,529
564,74af842f,High Spenders,"{""avg_ticket_min"": 50}",1,2025-10-20 19:43:51.000,2025-12-14 19:43:51.000,94,529
565,606cf6ca,VIP Customers,"{""min_balance"": 1000, ""last_active_days"": 30}",1,2025-10-20 19:43:51.000,2025-10-27 19:43:51.000,95,532
566,b7f7ef1c,At Risk,"{""inactive_days_min"": 60, ""inactive_days_max"": 89}",1,2025-10-20 19:43:51.000,2025-11-07 19:43:51.000,95,532
567,62213d2f,Birthday Month,"{""birthday_month"": ""current""}",0,2025-10-20 19:43:51.000,2025-11-09 19:43:51.000,95,532
568,36833492,New Members,"{""created_days_max"": 30}",0,2025-10-20 19:43:51.000,2025-10-24 19:43:51.000,95,532
569,1adf53d4,Inactive 90+,"{""inactive_days_min"": 90}",1,2025-10-20 19:43:51.000,2025-10-26 19:43:51.000,95,532
570,e63ad747,High Spenders,"{""avg_ticket_min"": 50}",1,2025-10-20 19:43:51.000,2025-12-05 19:43:51.000,95,532
571,9b446b83,VIP Customers,"{""min_balance"": 1000, ""last_active_days"": 30}",1,2025-10-20 19:43:51.000,2025-11-27 19:43:51.000,96,536
572,54b4f6eb,At Risk,"{""inactive_days_min"": 60, ""inactive_days_max"": 89}",0,2025-10-20 19:43:51.000,2025-12-06 19:43:51.000,96,536
573,047bfaf8,Birthday Month,"{""birthday_month"": ""current""}",0,2025-10-20 19:43:51.000,2025-11-10 19:43:51.000,96,536
574,d81fd877,New Members,"{""created_days_max"": 30}",1,2025-10-20 19:43:51.000,2025-11-25 19:43:51.000,96,536
575,05ad8c34,Inactive 90+,"{""inactive_days_min"": 90}",0,2025-10-20 19:43:51.000,2025-11-26 19:43:51.000,96,536
576,641105ed,High Spenders,"{""avg_ticket_min"": 50}",0,2025-10-20 19:43:51.000,2025-10-21 19:43:51.000,96,536
577,4b568a4e,VIP Customers,"{""min_balance"": 1000, ""last_active_days"": 30}",0,2025-10-20 19:43:51.000,2025-12-16 19:43:51.000,97,540
578,755771e0,At Risk,"{""inactive_days_min"": 60, ""inactive_days_max"": 89}",0,2025-10-20 19:43:51.000,2025-12-10 19:43:51.000,97,540
579,1547b6d9,Birthday Month,"{""birthday_month"": ""current""}",1,2025-10-20 19:43:51.000,2025-10-23 19:43:51.000,97,540
580,9c7856e0,New Members,"{""created_days_max"": 30}",1,2025-10-20 19:43:51.000,2025-10-29 19:43:51.000,97,540
581,0b810bee,Inactive 90+,"{""inactive_days_min"": 90}",1,2025-10-20 19:43:51.000,2025-12-12 19:43:51.000,97,540
582,dd91fe53,High Spenders,"{""avg_ticket_min"": 50}",1,2025-10-20 19:43:51.000,2025-11-17 19:43:51.000,97,540
583,cc1e3d77,VIP Customers,"{""min_balance"": 1000, ""last_active_days"": 30}",1,2025-10-20 19:43:51.000,2025-12-07 19:43:51.000,98,549
584,a52bd06d,At Risk,"{""inactive_days_min"": 60, ""inactive_days_max"": 89}",0,2025-10-20 19:43:51.000,2025-11-09 19:43:51.000,98,549
585,e164bd5c,Birthday Month,"{""birthday_month"": ""current""}",0,2025-10-20 19:43:51.000,2025-11-01 19:43:51.000,98,549
586,8c2a87b9,New Members,"{""created_days_max"": 30}",0,2025-10-20 19:43:51.000,2025-12-14 19:43:51.000,98,549
587,7f5a6811,Inactive 90+,"{""inactive_days_min"": 90}",0,2025-10-20 19:43:51.000,2025-11-17 19:43:51.000,98,549
588,cb5bbd02,High Spenders,"{""avg_ticket_min"": 50}",1,2025-10-20 19:43:51.000,2025-12-18 19:43:51.000,98,549
589,4907bc8e,VIP Customers,"{""min_balance"": 1000, ""last_active_days"": 30}",1,2025-10-20 19:43:51.000,2025-11-25 19:43:51.000,99,552
590,8db00373,At Risk,"{""inactive_days_min"": 60, ""inactive_days_max"": 89}",1,2025-10-20 19:43:51.000,2025-11-23 19:43:51.000,99,552
591,49ee09b1,Birthday Month,"{""birthday_month"": ""current""}",1,2025-10-20 19:43:51.000,2025-10-27 19:43:51.000,99,552
592,5183ab91,New Members,"{""created_days_max"": 30}",1,2025-10-20 19:43:51.000,2025-12-12 19:43:51.000,99,552
593,e340ffd2,Inactive 90+,"{""inactive_days_min"": 90}",0,2025-10-20 19:43:51.000,2025-12-19 19:43:51.000,99,552
594,bbcaafe8,High Spenders,"{""avg_ticket_min"": 50}",0,2025-10-20 19:43:51.000,2025-11-16 19:43:51.000,99,552
595,f7e1013b,VIP Customers,"{""min_balance"": 1000, ""last_active_days"": 30}",1,2025-10-20 19:43:51.000,2025-11-01 19:43:51.000,100,557
596,0b676751,At Risk,"{""inactive_days_min"": 60, ""inactive_days_max"": 89}",1,2025-10-20 19:43:51.000,2025-11-09 19:43:51.000,100,557
597,fdc5b173,Birthday Month,"{""birthday_month"": ""current""}",0,2025-10-20 19:43:51.000,2025-11-27 19:43:51.000,100,557
598,1c34c31d,New Members,"{""created_days_max"": 30}",1,2025-10-20 19:43:51.000,2025-11-04 19:43:51.000,100,557
599,25386306,Inactive 90+,"{""inactive_days_min"": 90}",1,2025-10-20 19:43:51.000,2025-12-12 19:43:51.000,100,557
600,4e418627,High Spenders,"{""avg_ticket_min"": 50}",0,2025-10-20 19:43:51.000,2025-11-19 19:43:51.000,100,557
601,150b4478,VIP Customers,"{""min_balance"": 1000, ""last_active_days"": 30}",0,2025-10-20 19:43:51.000,2025-11-13 19:43:51.000,101,561
602,b43e7ef4,At Risk,"{""inactive_days_min"": 60, ""inactive_days_max"": 89}",0,2025-10-20 19:43:51.000,2025-11-09 19:43:51.000,101,561
603,d24ab996,Birthday Month,"{""birthday_month"": ""current""}",1,2025-10-20 19:43:51.000,2025-11-02 19:43:51.000,101,561
604,2fe07599,New Members,"{""created_days_max"": 30}",1,2025-10-20 19:43:51.000,2025-10-25 19:43:51.000,101,561
605,b6bf8b3f,Inactive 90+,"{""inactive_days_min"": 90}",1,2025-10-20 19:43:51.000,2025-10-21 19:43:51.000,101,561
606,c38a942c,High Spenders,"{""avg_ticket_min"": 50}",0,2025-10-20 19:43:51.000,2025-11-02 19:43:51.000,101,561
607,56679aeb,VIP Customers,"{""min_balance"": 1000, ""last_active_days"": 30}",1,2025-10-20 19:43:51.000,2025-12-18 19:43:51.000,102,568
608,516a7973,At Risk,"{""inactive_days_min"": 60, ""inactive_days_max"": 89}",0,2025-10-20 19:43:51.000,2025-10-23 19:43:51.000,102,568
609,15524046,Birthday Month,"{""birthday_month"": ""current""}",1,2025-10-20 19:43:51.000,2025-12-17 19:43:51.000,102,568
610,2eb96c09,New Members,"{""created_days_max"": 30}",1,2025-10-20 19:43:51.000,2025-12-17 19:43:51.000,102,568
611,d18d2852,Inactive 90+,"{""inactive_days_min"": 90}",1,2025-10-20 19:43:51.000,2025-11-18 19:43:51.000,102,568
612,77d6e38d,High Spenders,"{""avg_ticket_min"": 50}",1,2025-10-20 19:43:51.000,2025-12-16 19:43:51.000,102,568
613,94693745,VIP Customers,"{""min_balance"": 1000, ""last_active_days"": 30}",1,2025-10-20 19:43:51.000,2025-10-23 19:43:51.000,103,572
614,cb0c8c08,At Risk,"{""inactive_days_min"": 60, ""inactive_days_max"": 89}",0,2025-10-20 19:43:51.000,2025-11-24 19:43:51.000,103,572
615,dab5d117,Birthday Month,"{""birthday_month"": ""current""}",0,2025-10-20 19:43:51.000,2025-12-17 19:43:51.000,103,572
616,8f790b0c,New Members,"{""created_days_max"": 30}",1,2025-10-20 19:43:51.000,2025-12-17 19:43:51.000,103,572
617,6487b074,Inactive 90+,"{""inactive_days_min"": 90}",0,2025-10-20 19:43:51.000,2025-12-01 19:43:51.000,103,572
618,b688ef3d,High Spenders,"{""avg_ticket_min"": 50}",0,2025-10-20 19:43:51.000,2025-12-09 19:43:51.000,103,572
619,c8f65f56,VIP Customers,"{""min_balance"": 1000, ""last_active_days"": 30}",0,2025-10-20 19:43:51.000,2025-11-22 19:43:51.000,104,576
620,96e58b2a,At Risk,"{""inactive_days_min"": 60, ""inactive_days_max"": 89}",0,2025-10-20 19:43:51.000,2025-12-16 19:43:51.000,104,576
621,79d690b7,Birthday Month,"{""birthday_month"": ""current""}",0,2025-10-20 19:43:51.000,2025-10-23 19:43:51.000,104,576
622,40b8201c,New Members,"{""created_days_max"": 30}",1,2025-10-20 19:43:51.000,2025-12-16 19:43:51.000,104,576
623,74b6839d,Inactive 90+,"{""inactive_days_min"": 90}",1,2025-10-20 19:43:51.000,2025-11-02 19:43:51.000,104,576
624,9b5ca7d7,High Spenders,"{""avg_ticket_min"": 50}",1,2025-10-20 19:43:51.000,2025-10-24 19:43:51.000,104,576
625,c42a03b6,VIP Customers,"{""min_balance"": 1000, ""last_active_days"": 30}",1,2025-10-20 19:43:51.000,2025-11-10 19:43:51.000,105,580
626,7f9f1fb5,At Risk,"{""inactive_days_min"": 60, ""inactive_days_max"": 89}",1,2025-10-20 19:43:51.000,2025-10-22 19:43:51.000,105,580
627,198c12fc,Birthday Month,"{""birthday_month"": ""current""}",1,2025-10-20 19:43:51.000,2025-12-02 19:43:51.000,105,580
628,11990406,New Members,"{""created_days_max"": 30}",1,2025-10-20 19:43:51.000,2025-11-28 19:43:51.000,105,580
629,74777428,Inactive 90+,"{""inactive_days_min"": 90}",1,2025-10-20 19:43:51.000,2025-12-19 19:43:51.000,105,580
630,3b4e49f7,High Spenders,"{""avg_ticket_min"": 50}",0,2025-10-20 19:43:51.000,2025-11-04 19:43:51.000,105,580
631,d51469cc,VIP Customers,"{""min_balance"": 1000, ""last_active_days"": 30}",1,2025-10-20 19:43:51.000,2025-12-10 19:43:51.000,106,583
632,4b839564,At Risk,"{""inactive_days_min"": 60, ""inactive_days_max"": 89}",1,2025-10-20 19:43:51.000,2025-12-02 19:43:51.000,106,583
633,276dfa09,Birthday Month,"{""birthday_month"": ""current""}",1,2025-10-20 19:43:51.000,2025-11-01 19:43:51.000,106,583
634,e18eae0c,New Members,"{""created_days_max"": 30}",0,2025-10-20 19:43:51.000,2025-11-03 19:43:51.000,106,583
635,31e0d230,Inactive 90+,"{""inactive_days_min"": 90}",1,2025-10-20 19:43:51.000,2025-11-02 19:43:51.000,106,583
636,53326c36,High Spenders,"{""avg_ticket_min"": 50}",1,2025-10-20 19:43:51.000,2025-10-27 19:43:51.000,106,583
637,4bcdf6dc,VIP Customers,"{""min_balance"": 1000, ""last_active_days"": 30}",0,2025-10-20 19:43:51.000,2025-10-28 19:43:51.000,107,589
638,ce2fcdae,At Risk,"{""inactive_days_min"": 60, ""inactive_days_max"": 89}",1,2025-10-20 19:43:51.000,2025-12-11 19:43:51.000,107,589
639,d0ecfe56,Birthday Month,"{""birthday_month"": ""current""}",1,2025-10-20 19:43:51.000,2025-11-22 19:43:51.000,107,589
640,7ba28987,New Members,"{""created_days_max"": 30}",1,2025-10-20 19:43:51.000,2025-11-19 19:43:51.000,107,589
641,5aa3e8e5,Inactive 90+,"{""inactive_days_min"": 90}",0,2025-10-20 19:43:51.000,2025-12-04 19:43:51.000,107,589
642,31270df0,High Spenders,"{""avg_ticket_min"": 50}",1,2025-10-20 19:43:51.000,2025-11-24 19:43:51.000,107,589
643,19caff86,VIP Customers,"{""min_balance"": 1000, ""last_active_days"": 30}",0,2025-10-20 19:43:51.000,2025-11-12 19:43:51.000,108,595
644,3be53ce3,At Risk,"{""inactive_days_min"": 60, ""inactive_days_max"": 89}",0,2025-10-20 19:43:51.000,2025-10-23 19:43:51.000,108,595
645,fdd22ed0,Birthday Month,"{""birthday_month"": ""current""}",1,2025-10-20 19:43:51.000,2025-12-09 19:43:51.000,108,595
646,7188151c,New Members,"{""created_days_max"": 30}",1,2025-10-20 19:43:51.000,2025-12-11 19:43:51.000,108,595
647,d8ec43c1,Inactive 90+,"{""inactive_days_min"": 90}",0,2025-10-20 19:43:51.000,2025-11-26 19:43:51.000,108,595
648,011f1e05,High Spenders,"{""avg_ticket_min"": 50}",1,2025-10-20 19:43:51.000,2025-12-14 19:43:51.000,108,595
649,3cc94dd5,VIP Customers,"{""min_balance"": 1000, ""last_active_days"": 30}",0,2025-10-20 19:43:51.000,2025-11-22 19:43:51.000,109,601
650,a7df4e6a,At Risk,"{""inactive_days_min"": 60, ""inactive_days_max"": 89}",1,2025-10-20 19:43:51.000,2025-11-20 19:43:51.000,109,601
651,0cde62b0,Birthday Month,"{""birthday_month"": ""current""}",1,2025-10-20 19:43:51.000,2025-11-25 19:43:51.000,109,601
652,83a473f7,New Members,"{""created_days_max"": 30}",0,2025-10-20 19:43:51.000,2025-10-21 19:43:51.000,109,601
653,738f7e34,Inactive 90+,"{""inactive_days_min"": 90}",1,2025-10-20 19:43:51.000,2025-12-04 19:43:51.000,109,601
654,4a0bdbee,High Spenders,"{""avg_ticket_min"": 50}",1,2025-10-20 19:43:51.000,2025-10-28 19:43:51.000,109,601
655,251bad81,VIP Customers,"{""min_balance"": 1000, ""last_active_days"": 30}",1,2025-10-20 19:43:51.000,2025-12-19 19:43:51.000,110,612
656,d3314256,At Risk,"{""inactive_days_min"": 60, ""inactive_days_max"": 89}",0,2025-10-20 19:43:51.000,2025-12-15 19:43:51.000,110,612
657,5bd590b4,Birthday Month,"{""birthday_month"": ""current""}",1,2025-10-20 19:43:51.000,2025-10-30 19:43:51.000,110,612
658,20c410a5,New Members,"{""created_days_max"": 30}",0,2025-10-20 19:43:51.000,2025-10-30 19:43:51.000,110,612
659,ce9be7de,Inactive 90+,"{""inactive_days_min"": 90}",0,2025-10-20 19:43:51.000,2025-11-23 19:43:51.000,110,612
660,6edd4290,High Spenders,"{""avg_ticket_min"": 50}",1,2025-10-20 19:43:51.000,2025-11-24 19:43:51.000,110,612
661,acae6943,VIP Customers,"{""min_balance"": 1000, ""last_active_days"": 30}",0,2025-10-20 19:43:51.000,2025-12-05 19:43:51.000,111,616
662,d1653e03,At Risk,"{""inactive_days_min"": 60, ""inactive_days_max"": 89}",1,2025-10-20 19:43:51.000,2025-11-19 19:43:51.000,111,616
663,61f83306,Birthday Month,"{""birthday_month"": ""current""}",0,2025-10-20 19:43:51.000,2025-11-07 19:43:51.000,111,616
664,5be0149f,New Members,"{""created_days_max"": 30}",1,2025-10-20 19:43:51.000,2025-11-09 19:43:51.000,111,616
665,6d8b982b,Inactive 90+,"{""inactive_days_min"": 90}",0,2025-10-20 19:43:51.000,2025-11-14 19:43:51.000,111,616
666,54039aac,High Spenders,"{""avg_ticket_min"": 50}",1,2025-10-20 19:43:51.000,2025-11-02 19:43:51.000,111,616
667,ec052d08,VIP Customers,"{""min_balance"": 1000, ""last_active_days"": 30}",1,2025-10-20 19:43:51.000,2025-11-21 19:43:51.000,112,621
668,4f0957bc,At Risk,"{""inactive_days_min"": 60, ""inactive_days_max"": 89}",1,2025-10-20 19:43:51.000,2025-12-03 19:43:51.000,112,621
669,027e89c1,Birthday Month,"{""birthday_month"": ""current""}",1,2025-10-20 19:43:51.000,2025-11-03 19:43:51.000,112,621
670,561c4f63,New Members,"{""created_days_max"": 30}",0,2025-10-20 19:43:51.000,2025-10-21 19:43:51.000,112,621
671,db254a14,Inactive 90+,"{""inactive_days_min"": 90}",0,2025-10-20 19:43:51.000,2025-10-25 19:43:51.000,112,621
672,414b9feb,High Spenders,"{""avg_ticket_min"": 50}",0,2025-10-20 19:43:51.000,2025-11-28 19:43:51.000,112,621
673,cf2b80d5,VIP Customers,"{""min_balance"": 1000, ""last_active_days"": 30}",1,2025-10-20 19:43:51.000,2025-11-24 19:43:51.000,113,628
674,8cd4c162,At Risk,"{""inactive_days_min"": 60, ""inactive_days_max"": 89}",1,2025-10-20 19:43:51.000,2025-11-08 19:43:51.000,113,628
675,ecc2fdb0,Birthday Month,"{""birthday_month"": ""current""}",0,2025-10-20 19:43:51.000,2025-11-16 19:43:51.000,113,628
676,56a87023,New Members,"{""created_days_max"": 30}",1,2025-10-20 19:43:51.000,2025-12-01 19:43:51.000,113,628
677,b54a59e0,Inactive 90+,"{""inactive_days_min"": 90}",1,2025-10-20 19:43:51.000,2025-12-03 19:43:51.000,113,628
678,2ae64f4b,High Spenders,"{""avg_ticket_min"": 50}",0,2025-10-20 19:43:51.000,2025-11-06 19:43:51.000,113,628
679,10b35e4d,VIP Customers,"{""min_balance"": 1000, ""last_active_days"": 30}",1,2025-10-20 19:43:51.000,2025-10-26 19:43:51.000,114,633
680,f3dc36cd,At Risk,"{""inactive_days_min"": 60, ""inactive_days_max"": 89}",1,2025-10-20 19:43:51.000,2025-12-10 19:43:51.000,114,633
681,1f02b427,Birthday Month,"{""birthday_month"": ""current""}",1,2025-10-20 19:43:51.000,2025-11-30 19:43:51.000,114,633
682,f7296943,New Members,"{""created_days_max"": 30}",1,2025-10-20 19:43:51.000,2025-11-17 19:43:51.000,114,633
683,70e34b9f,Inactive 90+,"{""inactive_days_min"": 90}",1,2025-10-20 19:43:51.000,2025-11-16 19:43:51.000,114,633
684,f93a2ff3,High Spenders,"{""avg_ticket_min"": 50}",1,2025-10-20 19:43:51.000,2025-12-01 19:43:51.000,114,633
685,23b593c7,VIP Customers,"{""min_balance"": 1000, ""last_active_days"": 30}",1,2025-10-20 19:43:51.000,2025-10-24 19:43:51.000,115,636
686,c4f2ab48,At Risk,"{""inactive_days_min"": 60, ""inactive_days_max"": 89}",0,2025-10-20 19:43:51.000,2025-11-05 19:43:51.000,115,636
687,e914b035,Birthday Month,"{""birthday_month"": ""current""}",0,2025-10-20 19:43:51.000,2025-11-01 19:43:51.000,115,636
688,a8c28942,New Members,"{""created_days_max"": 30}",0,2025-10-20 19:43:51.000,2025-11-29 19:43:51.000,115,636
689,3325ed92,Inactive 90+,"{""inactive_days_min"": 90}",0,2025-10-20 19:43:51.000,2025-12-16 19:43:51.000,115,636
690,cff32d78,High Spenders,"{""avg_ticket_min"": 50}",1,2025-10-20 19:43:51.000,2025-12-03 19:43:51.000,115,636
691,abf51779,VIP Customers,"{""min_balance"": 1000, ""last_active_days"": 30}",1,2025-10-20 19:43:51.000,2025-12-11 19:43:51.000,116,643
692,468b2af7,At Risk,"{""inactive_days_min"": 60, ""inactive_days_max"": 89}",0,2025-10-20 19:43:51.000,2025-11-15 19:43:51.000,116,643
693,69c311ed,Birthday Month,"{""birthday_month"": ""current""}",1,2025-10-20 19:43:51.000,2025-11-07 19:43:51.000,116,643
694,2ee01aa2,New Members,"{""created_days_max"": 30}",0,2025-10-20 19:43:51.000,2025-11-08 19:43:51.000,116,643
695,dc770c04,Inactive 90+,"{""inactive_days_min"": 90}",1,2025-10-20 19:43:51.000,2025-10-24 19:43:51.000,116,643
696,ee6bbf7f,High Spenders,"{""avg_ticket_min"": 50}",1,2025-10-20 19:43:51.000,2025-11-29 19:43:51.000,116,643
697,3a216ee6,VIP Customers,"{""min_balance"": 1000, ""last_active_days"": 30}",0,2025-10-20 19:43:51.000,2025-11-07 19:43:51.000,117,647
698,eec2ca9c,At Risk,"{""inactive_days_min"": 60, ""inactive_days_max"": 89}",0,2025-10-20 19:43:51.000,2025-12-13 19:43:51.000,117,647
699,e1c37236,Birthday Month,"{""birthday_month"": ""current""}",0,2025-10-20 19:43:51.000,2025-10-25 19:43:51.000,117,647
700,24f8bf28,New Members,"{""created_days_max"": 30}",0,2025-10-20 19:43:51.000,2025-12-18 19:43:51.000,117,647
701,6cba1e2a,Inactive 90+,"{""inactive_days_min"": 90}",0,2025-10-20 19:43:51.000,2025-12-02 19:43:51.000,117,647
702,d93c4000,High Spenders,"{""avg_ticket_min"": 50}",1,2025-10-20 19:43:51.000,2025-12-12 19:43:51.000,117,647
703,126c239b,VIP Customers,"{""min_balance"": 1000, ""last_active_days"": 30}",0,2025-10-20 19:43:51.000,2025-11-04 19:43:51.000,118,651
704,d014e7a5,At Risk,"{""inactive_days_min"": 60, ""inactive_days_max"": 89}",1,2025-10-20 19:43:51.000,2025-11-12 19:43:51.000,118,651
705,d8898ee5,Birthday Month,"{""birthday_month"": ""current""}",1,2025-10-20 19:43:51.000,2025-10-29 19:43:51.000,118,651
706,7f3b2a17,New Members,"{""created_days_max"": 30}",1,2025-10-20 19:43:51.000,2025-11-14 19:43:51.000,118,651
707,96d999aa,Inactive 90+,"{""inactive_days_min"": 90}",1,2025-10-20 19:43:51.000,2025-12-17 19:43:51.000,118,651
708,153f91f9,High Spenders,"{""avg_ticket_min"": 50}",1,2025-10-20 19:43:51.000,2025-11-09 19:43:51.000,118,651
709,d0378d98,VIP Customers,"{""min_balance"": 1000, ""last_active_days"": 30}",0,2025-10-20 19:43:51.000,2025-11-27 19:43:51.000,119,655
710,5cb16725,At Risk,"{""inactive_days_min"": 60, ""inactive_days_max"": 89}",0,2025-10-20 19:43:51.000,2025-12-08 19:43:51.000,119,655
711,93667288,Birthday Month,"{""birthday_month"": ""current""}",1,2025-10-20 19:43:51.000,2025-10-24 19:43:51.000,119,655
712,a5636e1f,New Members,"{""created_days_max"": 30}",0,2025-10-20 19:43:51.000,2025-10-25 19:43:51.000,119,655
713,1c559592,Inactive 90+,"{""inactive_days_min"": 90}",0,2025-10-20 19:43:51.000,2025-11-20 19:43:51.000,119,655
714,abc65323,High Spenders,"{""avg_ticket_min"": 50}",1,2025-10-20 19:43:51.000,2025-11-09 19:43:51.000,119,655
715,b6cd3455,VIP Customers,"{""min_balance"": 1000, ""last_active_days"": 30}",1,2025-10-20 19:43:51.000,2025-11-20 19:43:51.000,120,660
716,61d67b5e,At Risk,"{""inactive_days_min"": 60, ""inactive_days_max"": 89}",0,2025-10-20 19:43:51.000,2025-12-03 19:43:51.000,120,660
717,8b41db3f,Birthday Month,"{""birthday_month"": ""current""}",0,2025-10-20 19:43:51.000,2025-10-24 19:43:51.000,120,660
718,f786a4ad,New Members,"{""created_days_max"": 30}",0,2025-10-20 19:43:51.000,2025-11-12 19:43:51.000,120,660
719,71baeaf7,Inactive 90+,"{""inactive_days_min"": 90}",1,2025-10-20 19:43:51.000,2025-12-18 19:43:51.000,120,660
720,cc70cd17,High Spenders,"{""avg_ticket_min"": 50}",0,2025-10-20 19:43:51.000,2025-11-02 19:43:51.000,120,660
721,ec182cb9,VIP Customers,"{""min_balance"": 1000, ""last_active_days"": 30}",1,2025-10-20 19:43:51.000,2025-11-15 19:43:51.000,121,669
722,7e4a3b5c,At Risk,"{""inactive_days_min"": 60, ""inactive_days_max"": 89}",1,2025-10-20 19:43:51.000,2025-10-22 19:43:51.000,121,669
723,3ec940db,Birthday Month,"{""birthday_month"": ""current""}",0,2025-10-20 19:43:51.000,2025-12-14 19:43:51.000,121,669
724,1d5148e6,New Members,"{""created_days_max"": 30}",1,2025-10-20 19:43:51.000,2025-10-25 19:43:51.000,121,669
725,f35353ac,Inactive 90+,"{""inactive_days_min"": 90}",0,2025-10-20 19:43:51.000,2025-12-19 19:43:51.000,121,669
726,48e4c3c0,High Spenders,"{""avg_ticket_min"": 50}",1,2025-10-20 19:43:51.000,2025-12-08 19:43:51.000,121,669
727,f182ad96,VIP Customers,"{""min_balance"": 1000, ""last_active_days"": 30}",0,2025-10-20 19:43:51.000,2025-12-09 19:43:51.000,122,673
728,ee23b6d5,At Risk,"{""inactive_days_min"": 60, ""inactive_days_max"": 89}",0,2025-10-20 19:43:51.000,2025-11-01 19:43:51.000,122,673
729,540f01f7,Birthday Month,"{""birthday_month"": ""current""}",1,2025-10-20 19:43:51.000,2025-11-02 19:43:51.000,122,673
730,a0f15c65,New Members,"{""created_days_max"": 30}",1,2025-10-20 19:43:51.000,2025-11-10 19:43:51.000,122,673
731,caa01331,Inactive 90+,"{""inactive_days_min"": 90}",1,2025-10-20 19:43:51.000,2025-11-22 19:43:51.000,122,673
732,bc46969a,High Spenders,"{""avg_ticket_min"": 50}",0,2025-10-20 19:43:51.000,2025-11-29 19:43:51.000,122,673
733,f1dbf14a,VIP Customers,"{""min_balance"": 1000, ""last_active_days"": 30}",0,2025-10-20 19:43:51.000,2025-12-11 19:43:51.000,123,680
734,3b9f33cf,At Risk,"{""inactive_days_min"": 60, ""inactive_days_max"": 89}",1,2025-10-20 19:43:51.000,2025-11-13 19:43:51.000,123,680
735,805ff494,Birthday Month,"{""birthday_month"": ""current""}",0,2025-10-20 19:43:51.000,2025-11-14 19:43:51.000,123,680
736,46c1c3a3,New Members,"{""created_days_max"": 30}",0,2025-10-20 19:43:51.000,2025-12-01 19:43:51.000,123,680
737,3361e2f0,Inactive 90+,"{""inactive_days_min"": 90}",1,2025-10-20 19:43:51.000,2025-10-30 19:43:51.000,123,680
738,82634d84,High Spenders,"{""avg_ticket_min"": 50}",1,2025-10-20 19:43:51.000,2025-11-08 19:43:51.000,123,680
739,e971c2ff,VIP Customers,"{""min_balance"": 1000, ""last_active_days"": 30}",1,2025-10-20 19:43:51.000,2025-11-13 19:43:51.000,124,685
740,e392600c,At Risk,"{""inactive_days_min"": 60, ""inactive_days_max"": 89}",0,2025-10-20 19:43:51.000,2025-12-18 19:43:51.000,124,685
741,a3e640cb,Birthday Month,"{""birthday_month"": ""current""}",0,2025-10-20 19:43:51.000,2025-12-19 19:43:51.000,124,685
742,b9a99132,New Members,"{""created_days_max"": 30}",1,2025-10-20 19:43:51.000,2025-11-07 19:43:51.000,124,685
743,95edd87f,Inactive 90+,"{""inactive_days_min"": 90}",1,2025-10-20 19:43:51.000,2025-11-01 19:43:51.000,124,685
744,d15c6d5e,High Spenders,"{""avg_ticket_min"": 50}",0,2025-10-20 19:43:51.000,2025-10-21 19:43:51.000,124,685
745,d3576b28,VIP Customers,"{""min_balance"": 1000, ""last_active_days"": 30}",0,2025-10-20 19:43:51.000,2025-11-25 19:43:51.000,125,693
746,06e7378f,At Risk,"{""inactive_days_min"": 60, ""inactive_days_max"": 89}",0,2025-10-20 19:43:51.000,2025-11-12 19:43:51.000,125,693
747,aa1782f0,Birthday Month,"{""birthday_month"": ""current""}",1,2025-10-20 19:43:51.000,2025-11-25 19:43:51.000,125,693
748,a46acaf7,New Members,"{""created_days_max"": 30}",0,2025-10-20 19:43:51.000,2025-11-16 19:43:51.000,125,693
749,1f29e219,Inactive 90+,"{""inactive_days_min"": 90}",1,2025-10-20 19:43:51.000,2025-11-26 19:43:51.000,125,693
750,adef66ad,High Spenders,"{""avg_ticket_min"": 50}",0,2025-10-20 19:43:51.000,2025-12-18 19:43:51.000,125,693
751,24342fb6,VIP Customers,"{""min_balance"": 1000, ""last_active_days"": 30}",0,2025-10-20 19:43:51.000,2025-12-17 19:43:51.000,126,697
752,ee722c54,At Risk,"{""inactive_days_min"": 60, ""inactive_days_max"": 89}",1,2025-10-20 19:43:51.000,2025-11-24 19:43:51.000,126,697
753,de6e0827,Birthday Month,"{""birthday_month"": ""current""}",1,2025-10-20 19:43:51.000,2025-12-05 19:43:51.000,126,697
754,a03fa741,New Members,"{""created_days_max"": 30}",1,2025-10-20 19:43:51.000,2025-12-05 19:43:51.000,126,697
755,26252d45,Inactive 90+,"{""inactive_days_min"": 90}",1,2025-10-20 19:43:51.000,2025-11-26 19:43:51.000,126,697
756,8b80b5b4,High Spenders,"{""avg_ticket_min"": 50}",0,2025-10-20 19:43:51.000,2025-11-12 19:43:51.000,126,697
757,a80d8695,VIP Customers,"{""min_balance"": 1000, ""last_active_days"": 30}",0,2025-10-20 19:43:51.000,2025-11-23 19:43:51.000,127,703
758,f7787155,At Risk,"{""inactive_days_min"": 60, ""inactive_days_max"": 89}",0,2025-10-20 19:43:51.000,2025-12-11 19:43:51.000,127,703
759,0bd1ba4b,Birthday Month,"{""birthday_month"": ""current""}",0,2025-10-20 19:43:51.000,2025-12-14 19:43:51.000,127,703
760,aac95947,New Members,"{""created_days_max"": 30}",1,2025-10-20 19:43:51.000,2025-10-26 19:43:51.000,127,703
761,cd06c2e4,Inactive 90+,"{""inactive_days_min"": 90}",1,2025-10-20 19:43:51.000,2025-10-22 19:43:51.000,127,703
762,3ad5349b,High Spenders,"{""avg_ticket_min"": 50}",1,2025-10-20 19:43:51.000,2025-11-27 19:43:51.000,127,703
763,2c7de399,VIP Customers,"{""min_balance"": 1000, ""last_active_days"": 30}",1,2025-10-20 19:43:51.000,2025-12-16 19:43:51.000,128,706
764,d0cbcc5a,At Risk,"{""inactive_days_min"": 60, ""inactive_days_max"": 89}",0,2025-10-20 19:43:51.000,2025-10-31 19:43:51.000,128,706
765,1797adb7,Birthday Month,"{""birthday_month"": ""current""}",1,2025-10-20 19:43:51.000,2025-12-08 19:43:51.000,128,706
766,6a88783e,New Members,"{""created_days_max"": 30}",1,2025-10-20 19:43:51.000,2025-10-20 19:43:51.000,128,706
767,60e6f0b7,Inactive 90+,"{""inactive_days_min"": 90}",1,2025-10-20 19:43:51.000,2025-12-12 19:43:51.000,128,706
768,cc33e3b4,High Spenders,"{""avg_ticket_min"": 50}",0,2025-10-20 19:43:51.000,2025-11-19 19:43:51.000,128,706
769,2629551c,VIP Customers,"{""min_balance"": 1000, ""last_active_days"": 30}",1,2025-10-20 19:43:51.000,2025-10-30 19:43:51.000,129,710
770,092a9c5f,At Risk,"{""inactive_days_min"": 60, ""inactive_days_max"": 89}",1,2025-10-20 19:43:51.000,2025-10-24 19:43:51.000,129,710
771,b9b73e7a,Birthday Month,"{""birthday_month"": ""current""}",0,2025-10-20 19:43:51.000,2025-11-25 19:43:51.000,129,710
772,c19b42a0,New Members,"{""created_days_max"": 30}",1,2025-10-20 19:43:51.000,2025-11-17 19:43:51.000,129,710
773,2b20c1e3,Inactive 90+,"{""inactive_days_min"": 90}",1,2025-10-20 19:43:51.000,2025-11-29 19:43:51.000,129,710
774,f3c663d3,High Spenders,"{""avg_ticket_min"": 50}",0,2025-10-20 19:43:51.000,2025-12-04 19:43:51.000,129,710
775,4ce8566f,VIP Customers,"{""min_balance"": 1000, ""last_active_days"": 30}",0,2025-10-20 19:43:51.000,2025-10-22 19:43:51.000,130,713
776,ee860bc9,At Risk,"{""inactive_days_min"": 60, ""inactive_days_max"": 89}",1,2025-10-20 19:43:51.000,2025-11-13 19:43:51.000,130,713
777,00e2756c,Birthday Month,"{""birthday_month"": ""current""}",0,2025-10-20 19:43:51.000,2025-11-07 19:43:51.000,130,713
778,141f6880,New Members,"{""created_days_max"": 30}",0,2025-10-20 19:43:51.000,2025-12-05 19:43:51.000,130,713
779,5eaa2ad3,Inactive 90+,"{""inactive_days_min"": 90}",0,2025-10-20 19:43:51.000,2025-12-17 19:43:51.000,130,713
780,c1ff0523,High Spenders,"{""avg_ticket_min"": 50}",1,2025-10-20 19:43:51.000,2025-12-03 19:43:51.000,130,713
781,b675987d,VIP Customers,"{""min_balance"": 1000, ""last_active_days"": 30}",0,2025-10-20 19:43:51.000,2025-12-12 19:43:51.000,131,719
782,3db4ae1a,At Risk,"{""inactive_days_min"": 60, ""inactive_days_max"": 89}",1,2025-10-20 19:43:51.000,2025-12-14 19:43:51.000,131,719
783,a20b9da2,Birthday Month,"{""birthday_month"": ""current""}",1,2025-10-20 19:43:51.000,2025-12-02 19:43:51.000,131,719
784,4b51c5e1,New Members,"{""created_days_max"": 30}",1,2025-10-20 19:43:51.000,2025-11-24 19:43:51.000,131,719
785,6a0a64f5,Inactive 90+,"{""inactive_days_min"": 90}",0,2025-10-20 19:43:51.000,2025-12-04 19:43:51.000,131,719
786,54576bde,High Spenders,"{""avg_ticket_min"": 50}",0,2025-10-20 19:43:51.000,2025-11-07 19:43:51.000,131,719
787,a81ee5eb,VIP Customers,"{""min_balance"": 1000, ""last_active_days"": 30}",0,2025-10-20 19:43:51.000,2025-11-20 19:43:51.000,132,722
788,9f499cd2,At Risk,"{""inactive_days_min"": 60, ""inactive_days_max"": 89}",1,2025-10-20 19:43:51.000,2025-11-30 19:43:51.000,132,722
789,27ba86be,Birthday Month,"{""birthday_month"": ""current""}",0,2025-10-20 19:43:51.000,2025-12-16 19:43:51.000,132,722
790,ee57557b,New Members,"{""created_days_max"": 30}",1,2025-10-20 19:43:51.000,2025-12-08 19:43:51.000,132,722
791,31e6284d,Inactive 90+,"{""inactive_days_min"": 90}",1,2025-10-20 19:43:51.000,2025-12-05 19:43:51.000,132,722
792,5610e697,High Spenders,"{""avg_ticket_min"": 50}",0,2025-10-20 19:43:51.000,2025-12-08 19:43:51.000,132,722
793,d0642d89,VIP Customers,"{""min_balance"": 1000, ""last_active_days"": 30}",0,2025-10-20 19:43:51.000,2025-10-28 19:43:51.000,133,727
794,c75ca5ba,At Risk,"{""inactive_days_min"": 60, ""inactive_days_max"": 89}",0,2025-10-20 19:43:51.000,2025-11-14 19:43:51.000,133,727
795,a40e378c,Birthday Month,"{""birthday_month"": ""current""}",0,2025-10-20 19:43:51.000,2025-10-23 19:43:51.000,133,727
796,71abaf8e,New Members,"{""created_days_max"": 30}",0,2025-10-20 19:43:51.000,2025-11-04 19:43:51.000,133,727
797,17ea4dac,Inactive 90+,"{""inactive_days_min"": 90}",1,2025-10-20 19:43:51.000,2025-11-28 19:43:51.000,133,727
798,af88d911,High Spenders,"{""avg_ticket_min"": 50}",1,2025-10-20 19:43:51.000,2025-10-31 19:43:51.000,133,727
799,d601eade,VIP Customers,"{""min_balance"": 1000, ""last_active_days"": 30}",0,2025-10-20 19:43:51.000,2025-11-14 19:43:51.000,134,737
800,b5a6ac95,At Risk,"{""inactive_days_min"": 60, ""inactive_days_max"": 89}",0,2025-10-20 19:43:51.000,2025-10-27 19:43:51.000,134,737
801,d0f95897,Birthday Month,"{""birthday_month"": ""current""}",1,2025-10-20 19:43:51.000,2025-10-25 19:43:51.000,134,737
802,0e30590b,New Members,"{""created_days_max"": 30}",0,2025-10-20 19:43:51.000,2025-12-07 19:43:51.000,134,737
803,3047d14e,Inactive 90+,"{""inactive_days_min"": 90}",0,2025-10-20 19:43:51.000,2025-11-21 19:43:51.000,134,737
804,526ae139,High Spenders,"{""avg_ticket_min"": 50}",1,2025-10-20 19:43:51.000,2025-11-10 19:43:51.000,134,737
805,69dceb5a,VIP Customers,"{""min_balance"": 1000, ""last_active_days"": 30}",0,2025-10-20 19:43:51.000,2025-10-22 19:43:51.000,135,742
806,2905ef91,At Risk,"{""inactive_days_min"": 60, ""inactive_days_max"": 89}",0,2025-10-20 19:43:51.000,2025-12-11 19:43:51.000,135,742
807,32d2a6cf,Birthday Month,"{""birthday_month"": ""current""}",0,2025-10-20 19:43:51.000,2025-12-05 19:43:51.000,135,742
808,7497ce41,New Members,"{""created_days_max"": 30}",0,2025-10-20 19:43:51.000,2025-11-04 19:43:51.000,135,742
809,eff4fbdb,Inactive 90+,"{""inactive_days_min"": 90}",0,2025-10-20 19:43:51.000,2025-10-31 19:43:51.000,135,742
810,f1dcae13,High Spenders,"{""avg_ticket_min"": 50}",1,2025-10-20 19:43:51.000,2025-12-18 19:43:51.000,135,742
811,6a89c176,VIP Customers,"{""min_balance"": 1000, ""last_active_days"": 30}",0,2025-10-20 19:43:51.000,2025-11-05 19:43:51.000,136,746
812,9cefb069,At Risk,"{""inactive_days_min"": 60, ""inactive_days_max"": 89}",0,2025-10-20 19:43:51.000,2025-11-26 19:43:51.000,136,746
813,88f023c7,Birthday Month,"{""birthday_month"": ""current""}",1,2025-10-20 19:43:51.000,2025-11-25 19:43:51.000,136,746
814,048addfe,New Members,"{""created_days_max"": 30}",0,2025-10-20 19:43:51.000,2025-11-08 19:43:51.000,136,746
815,0e141c06,Inactive 90+,"{""inactive_days_min"": 90}",0,2025-10-20 19:43:51.000,2025-12-19 19:43:51.000,136,746
816,a75c3c0f,High Spenders,"{""avg_ticket_min"": 50}",1,2025-10-20 19:43:51.000,2025-11-30 19:43:51.000,136,746
817,69ba2b61,VIP Customers,"{""min_balance"": 1000, ""last_active_days"": 30}",0,2025-10-20 19:43:51.000,2025-12-17 19:43:51.000,137,752
818,7d455c57,At Risk,"{""inactive_days_min"": 60, ""inactive_days_max"": 89}",1,2025-10-20 19:43:51.000,2025-10-29 19:43:51.000,137,752
819,6108b6d5,Birthday Month,"{""birthday_month"": ""current""}",0,2025-10-20 19:43:51.000,2025-10-31 19:43:51.000,137,752
820,b3554530,New Members,"{""created_days_max"": 30}",1,2025-10-20 19:43:51.000,2025-11-01 19:43:51.000,137,752
821,2c783029,Inactive 90+,"{""inactive_days_min"": 90}",0,2025-10-20 19:43:51.000,2025-11-11 19:43:51.000,137,752
822,f2e5692e,High Spenders,"{""avg_ticket_min"": 50}",0,2025-10-20 19:43:51.000,2025-10-23 19:43:51.000,137,752
823,b0202f4b,VIP Customers,"{""min_balance"": 1000, ""last_active_days"": 30}",0,2025-10-20 19:43:51.000,2025-12-17 19:43:51.000,138,756
824,f7bf75a9,At Risk,"{""inactive_days_min"": 60, ""inactive_days_max"": 89}",1,2025-10-20 19:43:51.000,2025-11-21 19:43:51.000,138,756
825,9fc597f4,Birthday Month,"{""birthday_month"": ""current""}",1,2025-10-20 19:43:51.000,2025-11-27 19:43:51.000,138,756
826,23a9739c,New Members,"{""created_days_max"": 30}",0,2025-10-20 19:43:51.000,2025-11-04 19:43:51.000,138,756
827,0605302f,Inactive 90+,"{""inactive_days_min"": 90}",1,2025-10-20 19:43:51.000,2025-10-31 19:43:51.000,138,756
828,aacc9ef6,High Spenders,"{""avg_ticket_min"": 50}",1,2025-10-20 19:43:51.000,2025-12-05 19:43:51.000,138,756
829,6cb994e0,VIP Customers,"{""min_balance"": 1000, ""last_active_days"": 30}",0,2025-10-20 19:43:51.000,2025-12-03 19:43:51.000,139,760
830,b99dc5a1,At Risk,"{""inactive_days_min"": 60, ""inactive_days_max"": 89}",0,2025-10-20 19:43:51.000,2025-11-19 19:43:51.000,139,760
831,d67496cb,Birthday Month,"{""birthday_month"": ""current""}",0,2025-10-20 19:43:51.000,2025-12-16 19:43:51.000,139,760
832,35450a95,New Members,"{""created_days_max"": 30}",0,2025-10-20 19:43:51.000,2025-12-07 19:43:51.000,139,760
833,f2e6f106,Inactive 90+,"{""inactive_days_min"": 90}",1,2025-10-20 19:43:51.000,2025-10-27 19:43:51.000,139,760
834,23c39c33,High Spenders,"{""avg_ticket_min"": 50}",0,2025-10-20 19:43:51.000,2025-11-26 19:43:51.000,139,760
835,86c7abc7,VIP Customers,"{""min_balance"": 1000, ""last_active_days"": 30}",1,2025-10-20 19:43:51.000,2025-12-02 19:43:51.000,140,764
836,c28de5a6,At Risk,"{""inactive_days_min"": 60, ""inactive_days_max"": 89}",1,2025-10-20 19:43:51.000,2025-11-14 19:43:51.000,140,764
837,cd715d9a,Birthday Month,"{""birthday_month"": ""current""}",1,2025-10-20 19:43:51.000,2025-10-27 19:43:51.000,140,764
838,298dc92b,New Members,"{""created_days_max"": 30}",0,2025-10-20 19:43:51.000,2025-11-22 19:43:51.000,140,764
839,458e2f30,Inactive 90+,"{""inactive_days_min"": 90}",1,2025-10-20 19:43:51.000,2025-12-19 19:43:51.000,140,764
840,67a17c89,High Spenders,"{""avg_ticket_min"": 50}",0,2025-10-20 19:43:51.000,2025-12-12 19:43:51.000,140,764
841,b6eb0226,VIP Customers,"{""min_balance"": 1000, ""last_active_days"": 30}",0,2025-10-20 19:43:51.000,2025-11-05 19:43:51.000,141,769
842,7009cf9c,At Risk,"{""inactive_days_min"": 60, ""inactive_days_max"": 89}",1,2025-10-20 19:43:51.000,2025-11-14 19:43:51.000,141,769
843,84502883,Birthday Month,"{""birthday_month"": ""current""}",0,2025-10-20 19:43:51.000,2025-12-10 19:43:51.000,141,769
844,ec5de97d,New Members,"{""created_days_max"": 30}",1,2025-10-20 19:43:51.000,2025-11-09 19:43:51.000,141,769
845,87662cb8,Inactive 90+,"{""inactive_days_min"": 90}",0,2025-10-20 19:43:51.000,2025-12-19 19:43:51.000,141,769
846,218c6d42,High Spenders,"{""avg_ticket_min"": 50}",0,2025-10-20 19:43:51.000,2025-11-21 19:43:51.000,141,769
847,6a70a0d1,VIP Customers,"{""min_balance"": 1000, ""last_active_days"": 30}",0,2025-10-20 19:43:51.000,2025-11-10 19:43:51.000,142,773
848,9ea73d9f,At Risk,"{""inactive_days_min"": 60, ""inactive_days_max"": 89}",0,2025-10-20 19:43:51.000,2025-11-09 19:43:51.000,142,773
849,8d8c957e,Birthday Month,"{""birthday_month"": ""current""}",0,2025-10-20 19:43:51.000,2025-10-26 19:43:51.000,142,773
850,ea7a4028,New Members,"{""created_days_max"": 30}",1,2025-10-20 19:43:51.000,2025-11-13 19:43:51.000,142,773
851,b9d46321,Inactive 90+,"{""inactive_days_min"": 90}",1,2025-10-20 19:43:51.000,2025-10-30 19:43:51.000,142,773
852,3f85597e,High Spenders,"{""avg_ticket_min"": 50}",1,2025-10-20 19:43:51.000,2025-11-30 19:43:51.000,142,773
853,569d1503,VIP Customers,"{""min_balance"": 1000, ""last_active_days"": 30}",0,2025-10-20 19:43:51.000,2025-11-30 19:43:51.000,143,780
854,d4072b9e,At Risk,"{""inactive_days_min"": 60, ""inactive_days_max"": 89}",0,2025-10-20 19:43:51.000,2025-11-06 19:43:51.000,143,780
855,d34d7244,Birthday Month,"{""birthday_month"": ""current""}",1,2025-10-20 19:43:51.000,2025-12-16 19:43:51.000,143,780
856,80d8b686,New Members,"{""created_days_max"": 30}",0,2025-10-20 19:43:51.000,2025-12-10 19:43:51.000,143,780
857,87b218d6,Inactive 90+,"{""inactive_days_min"": 90}",1,2025-10-20 19:43:51.000,2025-11-06 19:43:51.000,143,780
858,d05d1c64,High Spenders,"{""avg_ticket_min"": 50}",1,2025-10-20 19:43:51.000,2025-11-22 19:43:51.000,143,780
859,04b1de82,VIP Customers,"{""min_balance"": 1000, ""last_active_days"": 30}",1,2025-10-20 19:43:51.000,2025-10-21 19:43:51.000,144,790
860,6a3d6161,At Risk,"{""inactive_days_min"": 60, ""inactive_days_max"": 89}",0,2025-10-20 19:43:51.000,2025-11-24 19:43:51.000,144,790
861,41a240d2,Birthday Month,"{""birthday_month"": ""current""}",0,2025-10-20 19:43:51.000,2025-11-29 19:43:51.000,144,790
862,5eaded89,New Members,"{""created_days_max"": 30}",1,2025-10-20 19:43:51.000,2025-11-15 19:43:51.000,144,790
863,8317d03d,Inactive 90+,"{""inactive_days_min"": 90}",1,2025-10-20 19:43:51.000,2025-10-21 19:43:51.000,144,790
864,a044b04f,High Spenders,"{""avg_ticket_min"": 50}",1,2025-10-20 19:43:51.000,2025-11-02 19:43:51.000,144,790
865,6f335d30,VIP Customers,"{""min_balance"": 1000, ""last_active_days"": 30}",1,2025-10-20 19:43:51.000,2025-10-24 19:43:51.000,145,802
866,3ec0cc77,At Risk,"{""inactive_days_min"": 60, ""inactive_days_max"": 89}",0,2025-10-20 19:43:51.000,2025-11-11 19:43:51.000,145,802
867,ba3ca54d,Birthday Month,"{""birthday_month"": ""current""}",0,2025-10-20 19:43:51.000,2025-12-13 19:43:51.000,145,802
868,ece088ea,New Members,"{""created_days_max"": 30}",1,2025-10-20 19:43:51.000,2025-12-17 19:43:51.000,145,802
869,58054e7d,Inactive 90+,"{""inactive_days_min"": 90}",1,2025-10-20 19:43:51.000,2025-11-23 19:43:51.000,145,802
870,eb0327bc,High Spenders,"{""avg_ticket_min"": 50}",0,2025-10-20 19:43:51.000,2025-11-25 19:43:51.000,145,802
871,82778256,VIP Customers,"{""min_balance"": 1000, ""last_active_days"": 30}",0,2025-10-20 19:43:51.000,2025-11-02 19:43:51.000,146,805
872,95023b50,At Risk,"{""inactive_days_min"": 60, ""inactive_days_max"": 89}",1,2025-10-20 19:43:51.000,2025-11-10 19:43:51.000,146,805
873,97ceb71f,Birthday Month,"{""birthday_month"": ""current""}",0,2025-10-20 19:43:51.000,2025-10-22 19:43:51.000,146,805
874,d62ac843,New Members,"{""created_days_max"": 30}",0,2025-10-20 19:43:51.000,2025-11-29 19:43:51.000,146,805
875,6770ccae,Inactive 90+,"{""inactive_days_min"": 90}",0,2025-10-20 19:43:51.000,2025-12-17 19:43:51.000,146,805
876,8231f8b7,High Spenders,"{""avg_ticket_min"": 50}",0,2025-10-20 19:43:51.000,2025-12-13 19:43:51.000,146,805
877,5c87774c,VIP Customers,"{""min_balance"": 1000, ""last_active_days"": 30}",0,2025-10-20 19:43:51.000,2025-10-29 19:43:51.000,147,809
878,38d7c25b,At Risk,"{""inactive_days_min"": 60, ""inactive_days_max"": 89}",0,2025-10-20 19:43:51.000,2025-11-25 19:43:51.000,147,809
879,053493fa,Birthday Month,"{""birthday_month"": ""current""}",1,2025-10-20 19:43:51.000,2025-10-24 19:43:51.000,147,809
880,3822363c,New Members,"{""created_days_max"": 30}",0,2025-10-20 19:43:51.000,2025-11-06 19:43:51.000,147,809
881,c0df627d,Inactive 90+,"{""inactive_days_min"": 90}",1,2025-10-20 19:43:51.000,2025-10-22 19:43:51.000,147,809
882,63e2e1fd,High Spenders,"{""avg_ticket_min"": 50}",0,2025-10-20 19:43:51.000,2025-10-20 19:43:51.000,147,809
883,c6cc5e96,VIP Customers,"{""min_balance"": 1000, ""last_active_days"": 30}",0,2025-10-20 19:43:51.000,2025-12-10 19:43:51.000,148,814
884,9935d2d9,At Risk,"{""inactive_days_min"": 60, ""inactive_days_max"": 89}",1,2025-10-20 19:43:51.000,2025-11-22 19:43:51.000,148,814
885,c3ed55ab,Birthday Month,"{""birthday_month"": ""current""}",0,2025-10-20 19:43:51.000,2025-11-03 19:43:51.000,148,814
886,e655837e,New Members,"{""created_days_max"": 30}",0,2025-10-20 19:43:51.000,2025-12-19 19:43:51.000,148,814
887,1eda083c,Inactive 90+,"{""inactive_days_min"": 90}",0,2025-10-20 19:43:51.000,2025-12-09 19:43:51.000,148,814
888,cead5912,High Spenders,"{""avg_ticket_min"": 50}",0,2025-10-20 19:43:51.000,2025-11-14 19:43:51.000,148,814
889,a44cdcf1,VIP Customers,"{""min_balance"": 1000, ""last_active_days"": 30}",0,2025-10-20 19:43:51.000,2025-12-11 19:43:51.000,149,824
890,972c2151,At Risk,"{""inactive_days_min"": 60, ""inactive_days_max"": 89}",0,2025-10-20 19:43:51.000,2025-11-02 19:43:51.000,149,824
891,5a529bce,Birthday Month,"{""birthday_month"": ""current""}",0,2025-10-20 19:43:51.000,2025-12-05 19:43:51.000,149,824
892,9754442e,New Members,"{""created_days_max"": 30}",0,2025-10-20 19:43:51.000,2025-10-30 19:43:51.000,149,824
893,4546f7f0,Inactive 90+,"{""inactive_days_min"": 90}",1,2025-10-20 19:43:51.000,2025-10-28 19:43:51.000,149,824
894,e862e5ba,High Spenders,"{""avg_ticket_min"": 50}",0,2025-10-20 19:43:51.000,2025-10-24 19:43:51.000,149,824
895,2499eb7f,VIP Customers,"{""min_balance"": 1000, ""last_active_days"": 30}",1,2025-10-20 19:43:51.000,2025-11-22 19:43:51.000,150,830
896,4394df6e,At Risk,"{""inactive_days_min"": 60, ""inactive_days_max"": 89}",1,2025-10-20 19:43:51.000,2025-11-16 19:43:51.000,150,830
897,a73ec3f9,Birthday Month,"{""birthday_month"": ""current""}",0,2025-10-20 19:43:51.000,2025-11-06 19:43:51.000,150,830
898,68d30b36,New Members,"{""created_days_max"": 30}",0,2025-10-20 19:43:51.000,2025-10-31 19:43:51.000,150,830
899,92fa66f4,Inactive 90+,"{""inactive_days_min"": 90}",0,2025-10-20 19:43:51.000,2025-11-27 19:43:51.000,150,830
900,72dedf4b,High Spenders,"{""avg_ticket_min"": 50}",0,2025-10-20 19:43:51.000,2025-12-14 19:43:51.000,150,830
901,f2283d79,VIP Customers,"{""min_balance"": 1000, ""last_active_days"": 30}",0,2025-10-20 19:43:51.000,2025-11-21 19:43:51.000,151,836
902,c72cc74f,At Risk,"{""inactive_days_min"": 60, ""inactive_days_max"": 89}",1,2025-10-20 19:43:51.000,2025-11-29 19:43:51.000,151,836
903,8f01f55f,Birthday Month,"{""birthday_month"": ""current""}",0,2025-10-20 19:43:51.000,2025-11-17 19:43:51.000,151,836
904,cd7f1a86,New Members,"{""created_days_max"": 30}",0,2025-10-20 19:43:51.000,2025-12-01 19:43:51.000,151,836
905,add51be4,Inactive 90+,"{""inactive_days_min"": 90}",1,2025-10-20 19:43:51.000,2025-11-01 19:43:51.000,151,836
906,01fb931b,High Spenders,"{""avg_ticket_min"": 50}",0,2025-10-20 19:43:51.000,2025-11-03 19:43:51.000,151,836
907,bede46d2,VIP Customers,"{""min_balance"": 1000, ""last_active_days"": 30}",0,2025-10-20 19:43:51.000,2025-11-27 19:43:51.000,152,847
908,b3a6b41c,At Risk,"{""inactive_days_min"": 60, ""inactive_days_max"": 89}",0,2025-10-20 19:43:51.000,2025-11-18 19:43:51.000,152,847
909,e4ab3bac,Birthday Month,"{""birthday_month"": ""current""}",0,2025-10-20 19:43:51.000,2025-10-25 19:43:51.000,152,847
910,1237ec6c,New Members,"{""created_days_max"": 30}",0,2025-10-20 19:43:51.000,2025-12-17 19:43:51.000,152,847
911,0a6ee2ec,Inactive 90+,"{""inactive_days_min"": 90}",0,2025-10-20 19:43:51.000,2025-12-12 19:43:51.000,152,847
912,9f58bfe6,High Spenders,"{""avg_ticket_min"": 50}",0,2025-10-20 19:43:51.000,2025-12-07 19:43:51.000,152,847
913,46a59a78,VIP Customers,"{""min_balance"": 1000, ""last_active_days"": 30}",0,2025-10-20 19:43:51.000,2025-11-30 19:43:51.000,153,854
914,d376727a,At Risk,"{""inactive_days_min"": 60, ""inactive_days_max"": 89}",0,2025-10-20 19:43:51.000,2025-12-11 19:43:51.000,153,854
915,f4333e83,Birthday Month,"{""birthday_month"": ""current""}",1,2025-10-20 19:43:51.000,2025-10-28 19:43:51.000,153,854
916,079dda0f,New Members,"{""created_days_max"": 30}",1,2025-10-20 19:43:51.000,2025-11-24 19:43:51.000,153,854
917,f06a7617,Inactive 90+,"{""inactive_days_min"": 90}",1,2025-10-20 19:43:51.000,2025-10-29 19:43:51.000,153,854
918,8032862a,High Spenders,"{""avg_ticket_min"": 50}",0,2025-10-20 19:43:51.000,2025-11-15 19:43:51.000,153,854
919,a633795e,VIP Customers,"{""min_balance"": 1000, ""last_active_days"": 30}",0,2025-10-20 19:43:51.000,2025-11-29 19:43:51.000,154,858
920,23a80bfe,At Risk,"{""inactive_days_min"": 60, ""inactive_days_max"": 89}",1,2025-10-20 19:43:51.000,2025-10-31 19:43:51.000,154,858
921,c66b3926,Birthday Month,"{""birthday_month"": ""current""}",1,2025-10-20 19:43:51.000,2025-11-21 19:43:51.000,154,858
922,d63a6777,New Members,"{""created_days_max"": 30}",1,2025-10-20 19:43:51.000,2025-10-29 19:43:51.000,154,858
923,52c1b4a8,Inactive 90+,"{""inactive_days_min"": 90}",1,2025-10-20 19:43:51.000,2025-11-26 19:43:51.000,154,858
924,60861535,High Spenders,"{""avg_ticket_min"": 50}",0,2025-10-20 19:43:51.000,2025-12-16 19:43:51.000,154,858
925,0acef617,VIP Customers,"{""min_balance"": 1000, ""last_active_days"": 30}",1,2025-10-20 19:43:51.000,2025-12-16 19:43:51.000,155,864
926,75426d18,At Risk,"{""inactive_days_min"": 60, ""inactive_days_max"": 89}",1,2025-10-20 19:43:51.000,2025-10-25 19:43:51.000,155,864
927,4a551e49,Birthday Month,"{""birthday_month"": ""current""}",0,2025-10-20 19:43:51.000,2025-11-10 19:43:51.000,155,864
928,791ba9d2,New Members,"{""created_days_max"": 30}",0,2025-10-20 19:43:51.000,2025-11-07 19:43:51.000,155,864
929,95078546,Inactive 90+,"{""inactive_days_min"": 90}",1,2025-10-20 19:43:51.000,2025-12-12 19:43:51.000,155,864
930,1df3dabe,High Spenders,"{""avg_ticket_min"": 50}",0,2025-10-20 19:43:51.000,2025-11-26 19:43:51.000,155,864
931,7f381e78,VIP Customers,"{""min_balance"": 1000, ""last_active_days"": 30}",1,2025-10-20 19:43:51.000,2025-11-09 19:43:51.000,156,868
932,96b82f79,At Risk,"{""inactive_days_min"": 60, ""inactive_days_max"": 89}",1,2025-10-20 19:43:51.000,2025-10-23 19:43:51.000,156,868
933,c55a7429,Birthday Month,"{""birthday_month"": ""current""}",0,2025-10-20 19:43:51.000,2025-10-29 19:43:51.000,156,868
934,316e6cfe,New Members,"{""created_days_max"": 30}",1,2025-10-20 19:43:51.000,2025-11-26 19:43:51.000,156,868
935,6eafb466,Inactive 90+,"{""inactive_days_min"": 90}",0,2025-10-20 19:43:51.000,2025-12-06 19:43:51.000,156,868
936,476d4474,High Spenders,"{""avg_ticket_min"": 50}",0,2025-10-20 19:43:51.000,2025-11-11 19:43:51.000,156,868
937,2a361518,VIP Customers,"{""min_balance"": 1000, ""last_active_days"": 30}",0,2025-10-20 19:43:51.000,2025-11-22 19:43:51.000,157,875
938,eb42368e,At Risk,"{""inactive_days_min"": 60, ""inactive_days_max"": 89}",0,2025-10-20 19:43:51.000,2025-10-20 19:43:51.000,157,875
939,87636ea3,Birthday Month,"{""birthday_month"": ""current""}",1,2025-10-20 19:43:51.000,2025-12-10 19:43:51.000,157,875
940,0a816a1b,New Members,"{""created_days_max"": 30}",1,2025-10-20 19:43:51.000,2025-12-02 19:43:51.000,157,875
941,b7f7b16d,Inactive 90+,"{""inactive_days_min"": 90}",1,2025-10-20 19:43:51.000,2025-10-20 19:43:51.000,157,875
942,2241c168,High Spenders,"{""avg_ticket_min"": 50}",0,2025-10-20 19:43:51.000,2025-11-13 19:43:51.000,157,875
943,54bb7f41,VIP Customers,"{""min_balance"": 1000, ""last_active_days"": 30}",1,2025-10-20 19:43:51.000,2025-11-15 19:43:51.000,158,879
944,4ec7ed9a,At Risk,"{""inactive_days_min"": 60, ""inactive_days_max"": 89}",1,2025-10-20 19:43:51.000,2025-11-21 19:43:51.000,158,879
945,9b53d364,Birthday Month,"{""birthday_month"": ""current""}",1,2025-10-20 19:43:51.000,2025-11-27 19:43:51.000,158,879
946,691393fb,New Members,"{""created_days_max"": 30}",0,2025-10-20 19:43:51.000,2025-10-29 19:43:51.000,158,879
947,50eeee8c,Inactive 90+,"{""inactive_days_min"": 90}",1,2025-10-20 19:43:51.000,2025-10-23 19:43:51.000,158,879
948,57f2ed79,High Spenders,"{""avg_ticket_min"": 50}",0,2025-10-20 19:43:51.000,2025-11-17 19:43:51.000,158,879
949,375cde04,VIP Customers,"{""min_balance"": 1000, ""last_active_days"": 30}",1,2025-10-20 19:43:51.000,2025-11-20 19:43:51.000,159,883
950,970b61dd,At Risk,"{""inactive_days_min"": 60, ""inactive_days_max"": 89}",0,2025-10-20 19:43:51.000,2025-11-22 19:43:51.000,159,883
951,f1665418,Birthday Month,"{""birthday_month"": ""current""}",0,2025-10-20 19:43:51.000,2025-12-18 19:43:51.000,159,883
952,4301153b,New Members,"{""created_days_max"": 30}",1,2025-10-20 19:43:51.000,2025-12-02 19:43:51.000,159,883
953,e00d94d1,Inactive 90+,"{""inactive_days_min"": 90}",1,2025-10-20 19:43:51.000,2025-12-03 19:43:51.000,159,883
954,51833cdb,High Spenders,"{""avg_ticket_min"": 50}",1,2025-10-20 19:43:51.000,2025-10-26 19:43:51.000,159,883
955,c23b0005,VIP Customers,"{""min_balance"": 1000, ""last_active_days"": 30}",1,2025-10-20 19:43:51.000,2025-11-09 19:43:51.000,160,886
956,27dab4e2,At Risk,"{""inactive_days_min"": 60, ""inactive_days_max"": 89}",0,2025-10-20 19:43:51.000,2025-11-17 19:43:51.000,160,886
957,93f7a46e,Birthday Month,"{""birthday_month"": ""current""}",1,2025-10-20 19:43:51.000,2025-10-31 19:43:51.000,160,886
958,09cd30c8,New Members,"{""created_days_max"": 30}",0,2025-10-20 19:43:51.000,2025-11-20 19:43:51.000,160,886
959,52d66162,Inactive 90+,"{""inactive_days_min"": 90}",1,2025-10-20 19:43:51.000,2025-10-30 19:43:51.000,160,886
960,2fdc0c34,High Spenders,"{""avg_ticket_min"": 50}",0,2025-10-20 19:43:51.000,2025-11-04 19:43:51.000,160,886
961,473ad6cc,VIP Customers,"{""min_balance"": 1000, ""last_active_days"": 30}",0,2025-10-20 19:43:51.000,2025-11-10 19:43:51.000,161,892
962,5d17ae13,At Risk,"{""inactive_days_min"": 60, ""inactive_days_max"": 89}",0,2025-10-20 19:43:51.000,2025-11-22 19:43:51.000,161,892
963,23f6ba4e,Birthday Month,"{""birthday_month"": ""current""}",0,2025-10-20 19:43:51.000,2025-11-28 19:43:51.000,161,892
964,e7aa0138,New Members,"{""created_days_max"": 30}",0,2025-10-20 19:43:51.000,2025-12-09 19:43:51.000,161,892
965,9a0cfd25,Inactive 90+,"{""inactive_days_min"": 90}",0,2025-10-20 19:43:51.000,2025-11-21 19:43:51.000,161,892
966,5b5ead79,High Spenders,"{""avg_ticket_min"": 50}",1,2025-10-20 19:43:51.000,2025-10-24 19:43:51.000,161,892
967,b072c5e8,VIP Customers,"{""min_balance"": 1000, ""last_active_days"": 30}",0,2025-10-20 19:43:51.000,2025-12-04 19:43:51.000,162,896
968,1874de9f,At Risk,"{""inactive_days_min"": 60, ""inactive_days_max"": 89}",1,2025-10-20 19:43:51.000,2025-12-08 19:43:51.000,162,896
969,ed77870b,Birthday Month,"{""birthday_month"": ""current""}",0,2025-10-20 19:43:51.000,2025-10-21 19:43:51.000,162,896
970,57aede6f,New Members,"{""created_days_max"": 30}",1,2025-10-20 19:43:51.000,2025-12-05 19:43:51.000,162,896
971,5203ce57,Inactive 90+,"{""inactive_days_min"": 90}",0,2025-10-20 19:43:51.000,2025-11-16 19:43:51.000,162,896
972,6cd5f5f7,High Spenders,"{""avg_ticket_min"": 50}",1,2025-10-20 19:43:51.000,2025-10-20 19:43:51.000,162,896
973,eda297f6,VIP Customers,"{""min_balance"": 1000, ""last_active_days"": 30}",0,2025-10-20 19:43:51.000,2025-11-25 19:43:51.000,163,903
974,4b7c6a9b,At Risk,"{""inactive_days_min"": 60, ""inactive_days_max"": 89}",0,2025-10-20 19:43:51.000,2025-10-30 19:43:51.000,163,903
975,610ac405,Birthday Month,"{""birthday_month"": ""current""}",1,2025-10-20 19:43:51.000,2025-10-22 19:43:51.000,163,903
976,ac4089fc,New Members,"{""created_days_max"": 30}",1,2025-10-20 19:43:51.000,2025-12-14 19:43:51.000,163,903
977,3dd50fc9,Inactive 90+,"{""inactive_days_min"": 90}",1,2025-10-20 19:43:51.000,2025-11-11 19:43:51.000,163,903
978,6f5461db,High Spenders,"{""avg_ticket_min"": 50}",1,2025-10-20 19:43:51.000,2025-10-29 19:43:51.000,163,903
979,fc9ce5bf,VIP Customers,"{""min_balance"": 1000, ""last_active_days"": 30}",0,2025-10-20 19:43:51.000,2025-12-03 19:43:51.000,164,915
980,6b02cb96,At Risk,"{""inactive_days_min"": 60, ""inactive_days_max"": 89}",0,2025-10-20 19:43:51.000,2025-11-11 19:43:51.000,164,915
981,59d4c967,Birthday Month,"{""birthday_month"": ""current""}",1,2025-10-20 19:43:51.000,2025-11-17 19:43:51.000,164,915
982,b04113cb,New Members,"{""created_days_max"": 30}",0,2025-10-20 19:43:51.000,2025-12-10 19:43:51.000,164,915
983,195b09e9,Inactive 90+,"{""inactive_days_min"": 90}",0,2025-10-20 19:43:51.000,2025-11-08 19:43:51.000,164,915
984,e52de33f,High Spenders,"{""avg_ticket_min"": 50}",1,2025-10-20 19:43:51.000,2025-10-30 19:43:51.000,164,915
985,c0594bb4,VIP Customers,"{""min_balance"": 1000, ""last_active_days"": 30}",0,2025-10-20 19:43:51.000,2025-12-11 19:43:51.000,165,920
986,c10998ae,At Risk,"{""inactive_days_min"": 60, ""inactive_days_max"": 89}",0,2025-10-20 19:43:51.000,2025-11-26 19:43:51.000,165,920
987,4da24dc9,Birthday Month,"{""birthday_month"": ""current""}",0,2025-10-20 19:43:51.000,2025-10-22 19:43:51.000,165,920
988,19ce76a0,New Members,"{""created_days_max"": 30}",1,2025-10-20 19:43:51.000,2025-11-08 19:43:51.000,165,920
989,52477491,Inactive 90+,"{""inactive_days_min"": 90}",1,2025-10-20 19:43:51.000,2025-11-23 19:43:51.000,165,920
990,29cecaa1,High Spenders,"{""avg_ticket_min"": 50}",0,2025-10-20 19:43:51.000,2025-12-03 19:43:51.000,165,920
991,5cb73fe8,VIP Customers,"{""min_balance"": 1000, ""last_active_days"": 30}",1,2025-10-20 19:43:51.000,2025-11-21 19:43:51.000,166,924
992,0eb155e6,At Risk,"{""inactive_days_min"": 60, ""inactive_days_max"": 89}",1,2025-10-20 19:43:51.000,2025-11-29 19:43:51.000,166,924
993,7d82e067,Birthday Month,"{""birthday_month"": ""current""}",0,2025-10-20 19:43:51.000,2025-11-20 19:43:51.000,166,924
994,fcb37e05,New Members,"{""created_days_max"": 30}",1,2025-10-20 19:43:51.000,2025-11-03 19:43:51.000,166,924
995,eab1b66d,Inactive 90+,"{""inactive_days_min"": 90}",0,2025-10-20 19:43:51.000,2025-11-02 19:43:51.000,166,924
996,b285e2d8,High Spenders,"{""avg_ticket_min"": 50}",0,2025-10-20 19:43:51.000,2025-11-01 19:43:51.000,166,924
997,cab591f4,VIP Customers,"{""min_balance"": 1000, ""last_active_days"": 30}",0,2025-10-20 19:43:51.000,2025-10-27 19:43:51.000,167,927
998,d34f7094,At Risk,"{""inactive_days_min"": 60, ""inactive_days_max"": 89}",0,2025-10-20 19:43:51.000,2025-11-15 19:43:51.000,167,927
999,c35dca88,Birthday Month,"{""birthday_month"": ""current""}",0,2025-10-20 19:43:51.000,2025-12-15 19:43:51.000,167,927
1000,c4fcec8d,New Members,"{""created_days_max"": 30}",1,2025-10-20 19:43:51.000,2025-11-28 19:43:51.000,167,927
1001,756d2d58,Inactive 90+,"{""inactive_days_min"": 90}",1,2025-10-20 19:43:51.000,2025-11-03 19:43:51.000,167,927
1002,61178f48,High Spenders,"{""avg_ticket_min"": 50}",1,2025-10-20 19:43:51.000,2025-11-28 19:43:51.000,167,927
1003,6b3c31b4,VIP Customers,"{""min_balance"": 1000, ""last_active_days"": 30}",0,2025-10-20 19:43:51.000,2025-12-14 19:43:51.000,168,932
1004,0e0cf7e6,At Risk,"{""inactive_days_min"": 60, ""inactive_days_max"": 89}",0,2025-10-20 19:43:51.000,2025-12-08 19:43:51.000,168,932
1005,1809ce9f,Birthday Month,"{""birthday_month"": ""current""}",1,2025-10-20 19:43:51.000,2025-10-29 19:43:51.000,168,932
1006,4a6ceab9,New Members,"{""created_days_max"": 30}",0,2025-10-20 19:43:51.000,2025-12-10 19:43:51.000,168,932
1007,180b5812,Inactive 90+,"{""inactive_days_min"": 90}",1,2025-10-20 19:43:51.000,2025-12-12 19:43:51.000,168,932
1008,b6761665,High Spenders,"{""avg_ticket_min"": 50}",0,2025-10-20 19:43:51.000,2025-11-29 19:43:51.000,168,932
1009,86a52ffc,VIP Customers,"{""min_balance"": 1000, ""last_active_days"": 30}",0,2025-10-20 19:43:51.000,2025-10-23 19:43:51.000,169,937
1010,4f48fef2,At Risk,"{""inactive_days_min"": 60, ""inactive_days_max"": 89}",0,2025-10-20 19:43:51.000,2025-12-11 19:43:51.000,169,937
1011,dae1bfb9,Birthday Month,"{""birthday_month"": ""current""}",0,2025-10-20 19:43:51.000,2025-11-11 19:43:51.000,169,937
1012,229e35ad,New Members,"{""created_days_max"": 30}",0,2025-10-20 19:43:51.000,2025-12-19 19:43:51.000,169,937
1013,134efad6,Inactive 90+,"{""inactive_days_min"": 90}",0,2025-10-20 19:43:51.000,2025-12-02 19:43:51.000,169,937
1014,6465f934,High Spenders,"{""avg_ticket_min"": 50}",0,2025-10-20 19:43:51.000,2025-12-05 19:43:51.000,169,937
1015,c177aa0e,VIP Customers,"{""min_balance"": 1000, ""last_active_days"": 30}",0,2025-10-20 19:43:51.000,2025-11-15 19:43:51.000,170,945
1016,f5dc6599,At Risk,"{""inactive_days_min"": 60, ""inactive_days_max"": 89}",0,2025-10-20 19:43:51.000,2025-11-28 19:43:51.000,170,945
1017,15fbc334,Birthday Month,"{""birthday_month"": ""current""}",1,2025-10-20 19:43:51.000,2025-10-31 19:43:51.000,170,945
1018,92939c89,New Members,"{""created_days_max"": 30}",0,2025-10-20 19:43:51.000,2025-12-09 19:43:51.000,170,945
1019,6bcad97c,Inactive 90+,"{""inactive_days_min"": 90}",1,2025-10-20 19:43:51.000,2025-12-09 19:43:51.000,170,945
1020,53c5525d,High Spenders,"{""avg_ticket_min"": 50}",0,2025-10-20 19:43:51.000,2025-11-03 19:43:51.000,170,945
1021,fc1181d6,VIP Customers,"{""min_balance"": 1000, ""last_active_days"": 30}",1,2025-10-20 19:43:51.000,2025-11-13 19:43:51.000,171,951
1022,ca138ce9,At Risk,"{""inactive_days_min"": 60, ""inactive_days_max"": 89}",1,2025-10-20 19:43:51.000,2025-10-29 19:43:51.000,171,951
1023,9a22e8d2,Birthday Month,"{""birthday_month"": ""current""}",0,2025-10-20 19:43:51.000,2025-11-11 19:43:51.000,171,951
1024,d9f49cea,New Members,"{""created_days_max"": 30}",0,2025-10-20 19:43:51.000,2025-10-27 19:43:51.000,171,951
1025,9c4abca4,Inactive 90+,"{""inactive_days_min"": 90}",0,2025-10-20 19:43:51.000,2025-10-29 19:43:51.000,171,951
1026,f0c8ffce,High Spenders,"{""avg_ticket_min"": 50}",0,2025-10-20 19:43:51.000,2025-11-08 19:43:51.000,171,951
1027,50a72c37,VIP Customers,"{""min_balance"": 1000, ""last_active_days"": 30}",1,2025-10-20 19:43:51.000,2025-11-27 19:43:51.000,172,958
1028,bb7b4270,At Risk,"{""inactive_days_min"": 60, ""inactive_days_max"": 89}",1,2025-10-20 19:43:51.000,2025-12-11 19:43:51.000,172,958
1029,ec2d8b6a,Birthday Month,"{""birthday_month"": ""current""}",1,2025-10-20 19:43:51.000,2025-11-11 19:43:51.000,172,958
1030,c56cd8e9,New Members,"{""created_days_max"": 30}",0,2025-10-20 19:43:51.000,2025-11-18 19:43:51.000,172,958
1031,c89ef15a,Inactive 90+,"{""inactive_days_min"": 90}",1,2025-10-20 19:43:51.000,2025-11-15 19:43:51.000,172,958
1032,0cfd07b0,High Spenders,"{""avg_ticket_min"": 50}",1,2025-10-20 19:43:51.000,2025-12-18 19:43:51.000,172,958
1033,cd63fb27,VIP Customers,"{""min_balance"": 1000, ""last_active_days"": 30}",1,2025-10-20 19:43:51.000,2025-12-07 19:43:51.000,173,961
1034,3feba223,At Risk,"{""inactive_days_min"": 60, ""inactive_days_max"": 89}",1,2025-10-20 19:43:51.000,2025-10-29 19:43:51.000,173,961
1035,ec3c60d7,Birthday Month,"{""birthday_month"": ""current""}",0,2025-10-20 19:43:51.000,2025-11-07 19:43:51.000,173,961
1036,defbb9f8,New Members,"{""created_days_max"": 30}",1,2025-10-20 19:43:51.000,2025-11-16 19:43:51.000,173,961
1037,d5e643a4,Inactive 90+,"{""inactive_days_min"": 90}",0,2025-10-20 19:43:51.000,2025-12-11 19:43:51.000,173,961
1038,6a46ca2c,High Spenders,"{""avg_ticket_min"": 50}",1,2025-10-20 19:43:51.000,2025-11-11 19:43:51.000,173,961
1039,db58b7db,VIP Customers,"{""min_balance"": 1000, ""last_active_days"": 30}",0,2025-10-20 19:43:51.000,2025-12-11 19:43:51.000,174,972
1040,03cd0625,At Risk,"{""inactive_days_min"": 60, ""inactive_days_max"": 89}",0,2025-10-20 19:43:51.000,2025-12-07 19:43:51.000,174,972
1041,9b7e3864,Birthday Month,"{""birthday_month"": ""current""}",0,2025-10-20 19:43:51.000,2025-11-28 19:43:51.000,174,972
1042,251d4e4e,New Members,"{""created_days_max"": 30}",0,2025-10-20 19:43:51.000,2025-12-15 19:43:51.000,174,972
1043,8a72444d,Inactive 90+,"{""inactive_days_min"": 90}",1,2025-10-20 19:43:51.000,2025-12-08 19:43:51.000,174,972
1044,31b4b7d0,High Spenders,"{""avg_ticket_min"": 50}",1,2025-10-20 19:43:51.000,2025-11-03 19:43:51.000,174,972
1045,85fe03f5,VIP Customers,"{""min_balance"": 1000, ""last_active_days"": 30}",0,2025-10-20 19:43:51.000,2025-12-12 19:43:51.000,175,976
1046,1a5aabee,At Risk,"{""inactive_days_min"": 60, ""inactive_days_max"": 89}",1,2025-10-20 19:43:51.000,2025-11-03 19:43:51.000,175,976
1047,c666f628,Birthday Month,"{""birthday_month"": ""current""}",0,2025-10-20 19:43:51.000,2025-11-03 19:43:51.000,175,976
1048,94737497,New Members,"{""created_days_max"": 30}",0,2025-10-20 19:43:51.000,2025-11-14 19:43:51.000,175,976
1049,85d8261a,Inactive 90+,"{""inactive_days_min"": 90}",0,2025-10-20 19:43:51.000,2025-12-02 19:43:51.000,175,976
1050,33350f73,High Spenders,"{""avg_ticket_min"": 50}",1,2025-10-20 19:43:51.000,2025-11-21 19:43:51.000,175,976
1051,3e25b1de,VIP Customers,"{""min_balance"": 1000, ""last_active_days"": 30}",1,2025-10-20 19:43:51.000,2025-10-20 19:43:51.000,176,980
1052,925f811f,At Risk,"{""inactive_days_min"": 60, ""inactive_days_max"": 89}",1,2025-10-20 19:43:51.000,2025-11-26 19:43:51.000,176,980
1053,08e7d734,Birthday Month,"{""birthday_month"": ""current""}",1,2025-10-20 19:43:51.000,2025-12-10 19:43:51.000,176,980
1054,8e52ca01,New Members,"{""created_days_max"": 30}",1,2025-10-20 19:43:51.000,2025-10-23 19:43:51.000,176,980
1055,aeb199c7,Inactive 90+,"{""inactive_days_min"": 90}",1,2025-10-20 19:43:51.000,2025-12-08 19:43:51.000,176,980
1056,f0499eb3,High Spenders,"{""avg_ticket_min"": 50}",0,2025-10-20 19:43:51.000,2025-11-19 19:43:51.000,176,980
1057,92c1c5f8,VIP Customers,"{""min_balance"": 1000, ""last_active_days"": 30}",0,2025-10-20 19:43:51.000,2025-11-25 19:43:51.000,177,987
1058,080b1fb8,At Risk,"{""inactive_days_min"": 60, ""inactive_days_max"": 89}",0,2025-10-20 19:43:51.000,2025-10-22 19:43:51.000,177,987
1059,c0ab5cc7,Birthday Month,"{""birthday_month"": ""current""}",0,2025-10-20 19:43:51.000,2025-11-11 19:43:51.000,177,987
1060,ffcd28ef,New Members,"{""created_days_max"": 30}",0,2025-10-20 19:43:51.000,2025-12-11 19:43:51.000,177,987
1061,450b2732,Inactive 90+,"{""inactive_days_min"": 90}",0,2025-10-20 19:43:51.000,2025-12-03 19:43:51.000,177,987
1062,435d91c3,High Spenders,"{""avg_ticket_min"": 50}",0,2025-10-20 19:43:51.000,2025-11-16 19:43:51.000,177,987
1063,5821f57b,VIP Customers,"{""min_balance"": 1000, ""last_active_days"": 30}",0,2025-10-20 19:43:51.000,2025-10-22 19:43:51.000,178,991
1064,72cbe94e,At Risk,"{""inactive_days_min"": 60, ""inactive_days_max"": 89}",1,2025-10-20 19:43:51.000,2025-12-11 19:43:51.000,178,991
1065,da06ba75,Birthday Month,"{""birthday_month"": ""current""}",1,2025-10-20 19:43:51.000,2025-11-25 19:43:51.000,178,991
1066,0e55eb87,New Members,"{""created_days_max"": 30}",1,2025-10-20 19:43:51.000,2025-12-13 19:43:51.000,178,991
1067,5c0ecc3a,Inactive 90+,"{""inactive_days_min"": 90}",0,2025-10-20 19:43:51.000,2025-10-31 19:43:51.000,178,991
1068,09b5d9ab,High Spenders,"{""avg_ticket_min"": 50}",1,2025-10-20 19:43:51.000,2025-12-16 19:43:51.000,178,991
1069,7f1b3626,VIP Customers,"{""min_balance"": 1000, ""last_active_days"": 30}",0,2025-10-20 19:43:51.000,2025-11-22 19:43:51.000,179,994
1070,80eeec8d,At Risk,"{""inactive_days_min"": 60, ""inactive_days_max"": 89}",1,2025-10-20 19:43:51.000,2025-11-03 19:43:51.000,179,994
1071,eb808d96,Birthday Month,"{""birthday_month"": ""current""}",0,2025-10-20 19:43:51.000,2025-12-10 19:43:51.000,179,994
1072,0eb1593b,New Members,"{""created_days_max"": 30}",0,2025-10-20 19:43:51.000,2025-11-01 19:43:51.000,179,994
1073,c3dc12e9,Inactive 90+,"{""inactive_days_min"": 90}",1,2025-10-20 19:43:51.000,2025-10-31 19:43:51.000,179,994
1074,a3507a1e,High Spenders,"{""avg_ticket_min"": 50}",1,2025-10-20 19:43:51.000,2025-11-04 19:43:51.000,179,994
1075,506b0a89,VIP Customers,"{""min_balance"": 1000, ""last_active_days"": 30}",0,2025-10-20 19:43:51.000,2025-12-10 19:43:51.000,180,998
1076,f182b13f,At Risk,"{""inactive_days_min"": 60, ""inactive_days_max"": 89}",0,2025-10-20 19:43:51.000,2025-11-01 19:43:51.000,180,998
1077,0daa4ba4,Birthday Month,"{""birthday_month"": ""current""}",1,2025-10-20 19:43:51.000,2025-12-08 19:43:51.000,180,998
1078,b6071ca1,New Members,"{""created_days_max"": 30}",1,2025-10-20 19:43:51.000,2025-12-15 19:43:51.000,180,998
1079,aaf66b90,Inactive 90+,"{""inactive_days_min"": 90}",0,2025-10-20 19:43:51.000,2025-11-28 19:43:51.000,180,998
1080,dfd9d73d,High Spenders,"{""avg_ticket_min"": 50}",0,2025-10-20 19:43:51.000,2025-11-24 19:43:51.000,180,998
1081,66d30318,VIP Customers,"{""min_balance"": 1000, ""last_active_days"": 30}",1,2025-10-20 19:43:51.000,2025-11-11 19:43:51.000,181,1003
1082,1b9b83ec,At Risk,"{""inactive_days_min"": 60, ""inactive_days_max"": 89}",0,2025-10-20 19:43:51.000,2025-12-03 19:43:51.000,181,1003
1083,1f1d26d0,Birthday Month,"{""birthday_month"": ""current""}",0,2025-10-20 19:43:51.000,2025-10-27 19:43:51.000,181,1003
1084,a3f0628b,New Members,"{""created_days_max"": 30}",0,2025-10-20 19:43:51.000,2025-11-05 19:43:51.000,181,1003
1085,0a1f1bbd,Inactive 90+,"{""inactive_days_min"": 90}",0,2025-10-20 19:43:51.000,2025-12-02 19:43:51.000,181,1003
1086,7dcaaaa4,High Spenders,"{""avg_ticket_min"": 50}",0,2025-10-20 19:43:51.000,2025-11-09 19:43:51.000,181,1003
1087,c5a55ff7,VIP Customers,"{""min_balance"": 1000, ""last_active_days"": 30}",0,2025-10-20 19:43:51.000,2025-12-14 19:43:51.000,182,1013
1088,f4c514c2,At Risk,"{""inactive_days_min"": 60, ""inactive_days_max"": 89}",1,2025-10-20 19:43:51.000,2025-11-07 19:43:51.000,182,1013
1089,c4253a0e,Birthday Month,"{""birthday_month"": ""current""}",0,2025-10-20 19:43:51.000,2025-10-31 19:43:51.000,182,1013
1090,baea4a7c,New Members,"{""created_days_max"": 30}",1,2025-10-20 19:43:51.000,2025-10-24 19:43:51.000,182,1013
1091,52ca7509,Inactive 90+,"{""inactive_days_min"": 90}",0,2025-10-20 19:43:51.000,2025-11-17 19:43:51.000,182,1013
1092,a29790a5,High Spenders,"{""avg_ticket_min"": 50}",1,2025-10-20 19:43:51.000,2025-11-06 19:43:51.000,182,1013
1093,11c788bb,VIP Customers,"{""min_balance"": 1000, ""last_active_days"": 30}",1,2025-10-20 19:43:51.000,2025-11-03 19:43:51.000,183,1019
1094,c5987a05,At Risk,"{""inactive_days_min"": 60, ""inactive_days_max"": 89}",0,2025-10-20 19:43:51.000,2025-12-05 19:43:51.000,183,1019
1095,17f7db5b,Birthday Month,"{""birthday_month"": ""current""}",0,2025-10-20 19:43:51.000,2025-12-10 19:43:51.000,183,1019
1096,18033ef9,New Members,"{""created_days_max"": 30}",1,2025-10-20 19:43:51.000,2025-11-06 19:43:51.000,183,1019
1097,f918b7df,Inactive 90+,"{""inactive_days_min"": 90}",1,2025-10-20 19:43:51.000,2025-12-09 19:43:51.000,183,1019
1098,bf5ca1c9,High Spenders,"{""avg_ticket_min"": 50}",1,2025-10-20 19:43:51.000,2025-10-29 19:43:51.000,183,1019
1099,f98c220b,VIP Customers,"{""min_balance"": 1000, ""last_active_days"": 30}",1,2025-10-20 19:43:51.000,2025-12-14 19:43:51.000,184,1026
1100,f99cb70f,At Risk,"{""inactive_days_min"": 60, ""inactive_days_max"": 89}",1,2025-10-20 19:43:51.000,2025-12-01 19:43:51.000,184,1026
1101,bc9845a4,Birthday Month,"{""birthday_month"": ""current""}",0,2025-10-20 19:43:51.000,2025-11-07 19:43:51.000,184,1026
1102,f776b8b2,New Members,"{""created_days_max"": 30}",1,2025-10-20 19:43:51.000,2025-11-07 19:43:51.000,184,1026
1103,3e3f769d,Inactive 90+,"{""inactive_days_min"": 90}",1,2025-10-20 19:43:51.000,2025-12-11 19:43:51.000,184,1026
1104,95500e08,High Spenders,"{""avg_ticket_min"": 50}",1,2025-10-20 19:43:51.000,2025-11-26 19:43:51.000,184,1026
1105,28772223,VIP Customers,"{""min_balance"": 1000, ""last_active_days"": 30}",1,2025-10-20 19:43:51.000,2025-10-28 19:43:51.000,185,1030
1106,a26e379b,At Risk,"{""inactive_days_min"": 60, ""inactive_days_max"": 89}",0,2025-10-20 19:43:51.000,2025-12-16 19:43:51.000,185,1030
1107,38486c7e,Birthday Month,"{""birthday_month"": ""current""}",0,2025-10-20 19:43:51.000,2025-11-19 19:43:51.000,185,1030
1108,c1ca5c15,New Members,"{""created_days_max"": 30}",0,2025-10-20 19:43:51.000,2025-11-03 19:43:51.000,185,1030
1109,df9da608,Inactive 90+,"{""inactive_days_min"": 90}",0,2025-10-20 19:43:51.000,2025-11-17 19:43:51.000,185,1030
1110,636518da,High Spenders,"{""avg_ticket_min"": 50}",0,2025-10-20 19:43:51.000,2025-11-25 19:43:51.000,185,1030
1111,26d89764,VIP Customers,"{""min_balance"": 1000, ""last_active_days"": 30}",0,2025-10-20 19:43:51.000,2025-11-04 19:43:51.000,186,1037
1112,79f96008,At Risk,"{""inactive_days_min"": 60, ""inactive_days_max"": 89}",1,2025-10-20 19:43:51.000,2025-12-13 19:43:51.000,186,1037
1113,98957ca1,Birthday Month,"{""birthday_month"": ""current""}",0,2025-10-20 19:43:51.000,2025-10-28 19:43:51.000,186,1037
1114,79a675b0,New Members,"{""created_days_max"": 30}",1,2025-10-20 19:43:51.000,2025-11-21 19:43:51.000,186,1037
1115,4f041314,Inactive 90+,"{""inactive_days_min"": 90}",1,2025-10-20 19:43:51.000,2025-11-27 19:43:51.000,186,1037
1116,30035b06,High Spenders,"{""avg_ticket_min"": 50}",1,2025-10-20 19:43:51.000,2025-10-30 19:43:51.000,186,1037
1117,22513024,VIP Customers,"{""min_balance"": 1000, ""last_active_days"": 30}",1,2025-10-20 19:43:51.000,2025-11-26 19:43:51.000,187,1043
1118,2d4066f5,At Risk,"{""inactive_days_min"": 60, ""inactive_days_max"": 89}",1,2025-10-20 19:43:51.000,2025-11-16 19:43:51.000,187,1043
1119,93ecb382,Birthday Month,"{""birthday_month"": ""current""}",1,2025-10-20 19:43:51.000,2025-10-26 19:43:51.000,187,1043
1120,85ad5d77,New Members,"{""created_days_max"": 30}",1,2025-10-20 19:43:51.000,2025-10-22 19:43:51.000,187,1043
1121,b3f9bfd6,Inactive 90+,"{""inactive_days_min"": 90}",1,2025-10-20 19:43:51.000,2025-11-23 19:43:51.000,187,1043
1122,808f40b8,High Spenders,"{""avg_ticket_min"": 50}",0,2025-10-20 19:43:51.000,2025-11-02 19:43:51.000,187,1043
1123,1d16ac0c,VIP Customers,"{""min_balance"": 1000, ""last_active_days"": 30}",1,2025-10-20 19:43:51.000,2025-11-29 19:43:51.000,188,1050
1124,874e774a,At Risk,"{""inactive_days_min"": 60, ""inactive_days_max"": 89}",1,2025-10-20 19:43:51.000,2025-11-29 19:43:51.000,188,1050
1125,aefecd26,Birthday Month,"{""birthday_month"": ""current""}",0,2025-10-20 19:43:51.000,2025-11-06 19:43:51.000,188,1050
1126,1ab3ad11,New Members,"{""created_days_max"": 30}",0,2025-10-20 19:43:51.000,2025-12-02 19:43:51.000,188,1050
1127,69bb30d3,Inactive 90+,"{""inactive_days_min"": 90}",0,2025-10-20 19:43:51.000,2025-11-11 19:43:51.000,188,1050
1128,7cf6fa2d,High Spenders,"{""avg_ticket_min"": 50}",1,2025-10-20 19:43:51.000,2025-11-14 19:43:51.000,188,1050
1129,1bad79d1,VIP Customers,"{""min_balance"": 1000, ""last_active_days"": 30}",0,2025-10-20 19:43:51.000,2025-11-04 19:43:51.000,189,1054
1130,ae7eed8f,At Risk,"{""inactive_days_min"": 60, ""inactive_days_max"": 89}",0,2025-10-20 19:43:51.000,2025-12-09 19:43:51.000,189,1054
1131,d2502ab7,Birthday Month,"{""birthday_month"": ""current""}",0,2025-10-20 19:43:51.000,2025-11-10 19:43:51.000,189,1054
1132,ce9fdc96,New Members,"{""created_days_max"": 30}",0,2025-10-20 19:43:51.000,2025-11-03 19:43:51.000,189,1054
1133,6e13d5cd,Inactive 90+,"{""inactive_days_min"": 90}",0,2025-10-20 19:43:51.000,2025-11-30 19:43:51.000,189,1054
1134,57605750,High Spenders,"{""avg_ticket_min"": 50}",1,2025-10-20 19:43:51.000,2025-10-22 19:43:51.000,189,1054
1135,f3e83a7d,VIP Customers,"{""min_balance"": 1000, ""last_active_days"": 30}",1,2025-10-20 19:43:51.000,2025-11-02 19:43:51.000,190,1059
1136,083983f8,At Risk,"{""inactive_days_min"": 60, ""inactive_days_max"": 89}",1,2025-10-20 19:43:51.000,2025-11-27 19:43:51.000,190,1059
1137,36a7af63,Birthday Month,"{""birthday_month"": ""current""}",0,2025-10-20 19:43:51.000,2025-12-15 19:43:51.000,190,1059
1138,e20d8c73,New Members,"{""created_days_max"": 30}",1,2025-10-20 19:43:51.000,2025-11-04 19:43:51.000,190,1059
1139,d15220a8,Inactive 90+,"{""inactive_days_min"": 90}",1,2025-10-20 19:43:51.000,2025-11-20 19:43:51.000,190,1059
1140,486e729a,High Spenders,"{""avg_ticket_min"": 50}",0,2025-10-20 19:43:51.000,2025-12-12 19:43:51.000,190,1059
1141,27513218,VIP Customers,"{""min_balance"": 1000, ""last_active_days"": 30}",0,2025-10-20 19:43:51.000,2025-12-13 19:43:51.000,191,1066
1142,f6e6e43a,At Risk,"{""inactive_days_min"": 60, ""inactive_days_max"": 89}",1,2025-10-20 19:43:51.000,2025-10-24 19:43:51.000,191,1066
1143,b2b9566c,Birthday Month,"{""birthday_month"": ""current""}",0,2025-10-20 19:43:51.000,2025-12-12 19:43:51.000,191,1066
1144,b8b0fea6,New Members,"{""created_days_max"": 30}",0,2025-10-20 19:43:51.000,2025-12-06 19:43:51.000,191,1066
1145,a3cc42c4,Inactive 90+,"{""inactive_days_min"": 90}",1,2025-10-20 19:43:51.000,2025-11-08 19:43:51.000,191,1066
1146,9a2c626f,High Spenders,"{""avg_ticket_min"": 50}",0,2025-10-20 19:43:51.000,2025-12-03 19:43:51.000,191,1066
1147,3bd211e9,VIP Customers,"{""min_balance"": 1000, ""last_active_days"": 30}",0,2025-10-20 19:43:51.000,2025-12-11 19:43:51.000,192,1072
1148,2e0c9477,At Risk,"{""inactive_days_min"": 60, ""inactive_days_max"": 89}",0,2025-10-20 19:43:51.000,2025-10-25 19:43:51.000,192,1072
1149,c7907258,Birthday Month,"{""birthday_month"": ""current""}",1,2025-10-20 19:43:51.000,2025-11-16 19:43:51.000,192,1072
1150,39059cb3,New Members,"{""created_days_max"": 30}",0,2025-10-20 19:43:51.000,2025-12-17 19:43:51.000,192,1072
1151,b607fa34,Inactive 90+,"{""inactive_days_min"": 90}",1,2025-10-20 19:43:51.000,2025-10-22 19:43:51.000,192,1072
1152,780e5758,High Spenders,"{""avg_ticket_min"": 50}",1,2025-10-20 19:43:51.000,2025-11-29 19:43:51.000,192,1072
1153,f670b613,VIP Customers,"{""min_balance"": 1000, ""last_active_days"": 30}",0,2025-10-20 19:43:51.000,2025-10-31 19:43:51.000,193,1078
1154,edb6f5d3,At Risk,"{""inactive_days_min"": 60, ""inactive_days_max"": 89}",0,2025-10-20 19:43:51.000,2025-10-24 19:43:51.000,193,1078
1155,4ffce61a,Birthday Month,"{""birthday_month"": ""current""}",1,2025-10-20 19:43:51.000,2025-10-27 19:43:51.000,193,1078
1156,c357b3e9,New Members,"{""created_days_max"": 30}",1,2025-10-20 19:43:51.000,2025-11-14 19:43:51.000,193,1078
1157,abc6da7b,Inactive 90+,"{""inactive_days_min"": 90}",1,2025-10-20 19:43:51.000,2025-11-30 19:43:51.000,193,1078
1158,579d68f4,High Spenders,"{""avg_ticket_min"": 50}",0,2025-10-20 19:43:51.000,2025-11-04 19:43:51.000,193,1078
1159,13cbf4d2,VIP Customers,"{""min_balance"": 1000, ""last_active_days"": 30}",0,2025-10-20 19:43:51.000,2025-12-17 19:43:51.000,194,1082
1160,c370584d,At Risk,"{""inactive_days_min"": 60, ""inactive_days_max"": 89}",0,2025-10-20 19:43:51.000,2025-12-17 19:43:51.000,194,1082
1161,59546802,Birthday Month,"{""birthday_month"": ""current""}",1,2025-10-20 19:43:51.000,2025-11-13 19:43:51.000,194,1082
1162,01baabcb,New Members,"{""created_days_max"": 30}",1,2025-10-20 19:43:51.000,2025-12-14 19:43:51.000,194,1082
1163,db02fead,Inactive 90+,"{""inactive_days_min"": 90}",1,2025-10-20 19:43:51.000,2025-10-29 19:43:51.000,194,1082
1164,63081c75,High Spenders,"{""avg_ticket_min"": 50}",1,2025-10-20 19:43:51.000,2025-11-26 19:43:51.000,194,1082
1165,ab30df39,VIP Customers,"{""min_balance"": 1000, ""last_active_days"": 30}",1,2025-10-20 19:43:51.000,2025-12-01 19:43:51.000,195,1086
1166,fa832a93,At Risk,"{""inactive_days_min"": 60, ""inactive_days_max"": 89}",1,2025-10-20 19:43:51.000,2025-12-19 19:43:51.000,195,1086
1167,f451a271,Birthday Month,"{""birthday_month"": ""current""}",0,2025-10-20 19:43:51.000,2025-11-30 19:43:51.000,195,1086
1168,3ec8d257,New Members,"{""created_days_max"": 30}",1,2025-10-20 19:43:51.000,2025-11-19 19:43:51.000,195,1086
1169,14455ddc,Inactive 90+,"{""inactive_days_min"": 90}",0,2025-10-20 19:43:51.000,2025-11-25 19:43:51.000,195,1086
1170,86beb10d,High Spenders,"{""avg_ticket_min"": 50}",0,2025-10-20 19:43:51.000,2025-11-16 19:43:51.000,195,1086
1171,f0d9d0f8,VIP Customers,"{""min_balance"": 1000, ""last_active_days"": 30}",1,2025-10-20 19:43:51.000,2025-11-05 19:43:51.000,196,1091
1172,8c8d8cce,At Risk,"{""inactive_days_min"": 60, ""inactive_days_max"": 89}",1,2025-10-20 19:43:51.000,2025-10-28 19:43:51.000,196,1091
1173,5418e6aa,Birthday Month,"{""birthday_month"": ""current""}",1,2025-10-20 19:43:51.000,2025-10-20 19:43:51.000,196,1091
1174,c82c08f8,New Members,"{""created_days_max"": 30}",0,2025-10-20 19:43:51.000,2025-10-24 19:43:51.000,196,1091
1175,bb830212,Inactive 90+,"{""inactive_days_min"": 90}",1,2025-10-20 19:43:51.000,2025-11-10 19:43:51.000,196,1091
1176,d60e135e,High Spenders,"{""avg_ticket_min"": 50}",1,2025-10-20 19:43:51.000,2025-12-05 19:43:51.000,196,1091
1177,ac75560e,VIP Customers,"{""min_balance"": 1000, ""last_active_days"": 30}",1,2025-10-20 19:43:51.000,2025-10-24 19:43:51.000,197,1096
1178,e64c44cb,At Risk,"{""inactive_days_min"": 60, ""inactive_days_max"": 89}",0,2025-10-20 19:43:51.000,2025-10-26 19:43:51.000,197,1096
1179,e1231fbd,Birthday Month,"{""birthday_month"": ""current""}",0,2025-10-20 19:43:51.000,2025-12-18 19:43:51.000,197,1096
1180,c7ff6699,New Members,"{""created_days_max"": 30}",1,2025-10-20 19:43:51.000,2025-10-22 19:43:51.000,197,1096
1181,7809f9b1,Inactive 90+,"{""inactive_days_min"": 90}",1,2025-10-20 19:43:51.000,2025-10-21 19:43:51.000,197,1096
1182,8abab7dd,High Spenders,"{""avg_ticket_min"": 50}",0,2025-10-20 19:43:51.000,2025-12-17 19:43:51.000,197,1096
1183,21ed20d3,VIP Customers,"{""min_balance"": 1000, ""last_active_days"": 30}",0,2025-10-20 19:43:51.000,2025-11-04 19:43:51.000,198,1103
1184,14b9cb7c,At Risk,"{""inactive_days_min"": 60, ""inactive_days_max"": 89}",1,2025-10-20 19:43:51.000,2025-11-15 19:43:51.000,198,1103
1185,f631c594,Birthday Month,"{""birthday_month"": ""current""}",1,2025-10-20 19:43:51.000,2025-11-29 19:43:51.000,198,1103
1186,75503b87,New Members,"{""created_days_max"": 30}",1,2025-10-20 19:43:51.000,2025-11-04 19:43:51.000,198,1103
1187,0c07d780,Inactive 90+,"{""inactive_days_min"": 90}",0,2025-10-20 19:43:51.000,2025-12-06 19:43:51.000,198,1103
1188,3344074c,High Spenders,"{""avg_ticket_min"": 50}",0,2025-10-20 19:43:51.000,2025-10-30 19:43:51.000,198,1103
1189,bbae0c6a,VIP Customers,"{""min_balance"": 1000, ""last_active_days"": 30}",0,2025-10-20 19:43:51.000,2025-11-05 19:43:51.000,199,1110
1190,4c0e370e,At Risk,"{""inactive_days_min"": 60, ""inactive_days_max"": 89}",1,2025-10-20 19:43:51.000,2025-12-12 19:43:51.000,199,1110
1191,54440426,Birthday Month,"{""birthday_month"": ""current""}",0,2025-10-20 19:43:51.000,2025-12-16 19:43:51.000,199,1110
1192,020e5001,New Members,"{""created_days_max"": 30}",1,2025-10-20 19:43:51.000,2025-12-19 19:43:51.000,199,1110
1193,90c57e9a,Inactive 90+,"{""inactive_days_min"": 90}",1,2025-10-20 19:43:51.000,2025-12-05 19:43:51.000,199,1110
1194,3926f19a,High Spenders,"{""avg_ticket_min"": 50}",1,2025-10-20 19:43:51.000,2025-12-11 19:43:51.000,199,1110
1195,e44e3aec,VIP Customers,"{""min_balance"": 1000, ""last_active_days"": 30}",0,2025-10-20 19:43:51.000,2025-11-11 19:43:51.000,200,1115
1196,54481f7d,At Risk,"{""inactive_days_min"": 60, ""inactive_days_max"": 89}",1,2025-10-20 19:43:51.000,2025-11-03 19:43:51.000,200,1115
1197,0cd2004d,Birthday Month,"{""birthday_month"": ""current""}",0,2025-10-20 19:43:51.000,2025-11-17 19:43:51.000,200,1115
1198,e1f94dee,New Members,"{""created_days_max"": 30}",0,2025-10-20 19:43:51.000,2025-10-31 19:43:51.000,200,1115
1199,02bd66ee,Inactive 90+,"{""inactive_days_min"": 90}",0,2025-10-20 19:43:51.000,2025-12-19 19:43:51.000,200,1115
1200,c4a73af0,High Spenders,"{""avg_ticket_min"": 50}",1,2025-10-20 19:43:51.000,2025-11-18 19:43:51.000,200,1115
1201,c63b0d23,VIP Customers,"{""min_balance"": 1000, ""last_active_days"": 30}",0,2025-10-20 19:43:51.000,2025-12-16 19:43:51.000,201,1119
1202,e2ae18c6,At Risk,"{""inactive_days_min"": 60, ""inactive_days_max"": 89}",0,2025-10-20 19:43:51.000,2025-10-25 19:43:51.000,201,1119
1203,4584f682,Birthday Month,"{""birthday_month"": ""current""}",0,2025-10-20 19:43:51.000,2025-12-15 19:43:51.000,201,1119
1204,0291e0da,New Members,"{""created_days_max"": 30}",0,2025-10-20 19:43:51.000,2025-12-01 19:43:51.000,201,1119
1205,c0d826ba,Inactive 90+,"{""inactive_days_min"": 90}",1,2025-10-20 19:43:51.000,2025-11-04 19:43:51.000,201,1119
1206,65455c07,High Spenders,"{""avg_ticket_min"": 50}",0,2025-10-20 19:43:51.000,2025-11-13 19:43:51.000,201,1119
1207,b377d626,VIP Customers,"{""min_balance"": 1000, ""last_active_days"": 30}",1,2025-10-20 19:43:51.000,2025-11-01 19:43:51.000,202,1127
1208,33fdc944,At Risk,"{""inactive_days_min"": 60, ""inactive_days_max"": 89}",0,2025-10-20 19:43:51.000,2025-11-02 19:43:51.000,202,1127
1209,bc338086,Birthday Month,"{""birthday_month"": ""current""}",1,2025-10-20 19:43:51.000,2025-11-25 19:43:51.000,202,1127
1210,514845dd,New Members,"{""created_days_max"": 30}",0,2025-10-20 19:43:51.000,2025-12-06 19:43:51.000,202,1127
1211,ac3c9535,Inactive 90+,"{""inactive_days_min"": 90}",0,2025-10-20 19:43:51.000,2025-11-25 19:43:51.000,202,1127
1212,db952be9,High Spenders,"{""avg_ticket_min"": 50}",0,2025-10-20 19:43:51.000,2025-11-09 19:43:51.000,202,1127
1213,7351a70d,VIP Customers,"{""min_balance"": 1000, ""last_active_days"": 30}",0,2025-10-20 19:43:51.000,2025-12-13 19:43:51.000,203,1130
1214,7366dcbd,At Risk,"{""inactive_days_min"": 60, ""inactive_days_max"": 89}",1,2025-10-20 19:43:51.000,2025-12-03 19:43:51.000,203,1130
1215,0be588a9,Birthday Month,"{""birthday_month"": ""current""}",0,2025-10-20 19:43:51.000,2025-11-30 19:43:51.000,203,1130
1216,9aaa3c6e,New Members,"{""created_days_max"": 30}",0,2025-10-20 19:43:51.000,2025-11-23 19:43:51.000,203,1130
1217,055d9152,Inactive 90+,"{""inactive_days_min"": 90}",1,2025-10-20 19:43:51.000,2025-11-13 19:43:51.000,203,1130
1218,6880db31,High Spenders,"{""avg_ticket_min"": 50}",0,2025-10-20 19:43:51.000,2025-10-23 19:43:51.000,203,1130
1219,f9b7bc80,VIP Customers,"{""min_balance"": 1000, ""last_active_days"": 30}",1,2025-10-20 19:43:51.000,2025-12-13 19:43:51.000,204,1136
1220,98920b4f,At Risk,"{""inactive_days_min"": 60, ""inactive_days_max"": 89}",0,2025-10-20 19:43:51.000,2025-12-09 19:43:51.000,204,1136
1221,fe782858,Birthday Month,"{""birthday_month"": ""current""}",0,2025-10-20 19:43:51.000,2025-11-14 19:43:51.000,204,1136
1222,5eb2a93c,New Members,"{""created_days_max"": 30}",1,2025-10-20 19:43:51.000,2025-11-28 19:43:51.000,204,1136
1223,ab4419fa,Inactive 90+,"{""inactive_days_min"": 90}",1,2025-10-20 19:43:51.000,2025-12-05 19:43:51.000,204,1136
1224,83dd6524,High Spenders,"{""avg_ticket_min"": 50}",0,2025-10-20 19:43:51.000,2025-10-30 19:43:51.000,204,1136
1225,668fc111,VIP Customers,"{""min_balance"": 1000, ""last_active_days"": 30}",0,2025-10-20 19:43:51.000,2025-11-15 19:43:51.000,205,1140
1226,3fe5e905,At Risk,"{""inactive_days_min"": 60, ""inactive_days_max"": 89}",1,2025-10-20 19:43:51.000,2025-12-14 19:43:51.000,205,1140
1227,3b3d4926,Birthday Month,"{""birthday_month"": ""current""}",0,2025-10-20 19:43:51.000,2025-12-06 19:43:51.000,205,1140
1228,047cadc3,New Members,"{""created_days_max"": 30}",1,2025-10-20 19:43:51.000,2025-12-12 19:43:51.000,205,1140
1229,8cab047a,Inactive 90+,"{""inactive_days_min"": 90}",1,2025-10-20 19:43:51.000,2025-11-13 19:43:51.000,205,1140
1230,61fadee6,High Spenders,"{""avg_ticket_min"": 50}",1,2025-10-20 19:43:51.000,2025-11-01 19:43:51.000,205,1140
1231,292e4774,VIP Customers,"{""min_balance"": 1000, ""last_active_days"": 30}",1,2025-10-20 19:43:51.000,2025-11-02 19:43:51.000,206,1145
1232,b0d1bda1,At Risk,"{""inactive_days_min"": 60, ""inactive_days_max"": 89}",0,2025-10-20 19:43:51.000,2025-11-10 19:43:51.000,206,1145
1233,1b1809d6,Birthday Month,"{""birthday_month"": ""current""}",1,2025-10-20 19:43:51.000,2025-10-22 19:43:51.000,206,1145
1234,a2024dda,New Members,"{""created_days_max"": 30}",1,2025-10-20 19:43:51.000,2025-10-20 19:43:51.000,206,1145
1235,74c1b83c,Inactive 90+,"{""inactive_days_min"": 90}",1,2025-10-20 19:43:51.000,2025-11-02 19:43:51.000,206,1145
1236,80e25d24,High Spenders,"{""avg_ticket_min"": 50}",1,2025-10-20 19:43:51.000,2025-11-24 19:43:51.000,206,1145
1237,e4ad9b19,VIP Customers,"{""min_balance"": 1000, ""last_active_days"": 30}",1,2025-10-20 19:43:51.000,2025-10-27 19:43:51.000,207,1150
1238,a2afd4ba,At Risk,"{""inactive_days_min"": 60, ""inactive_days_max"": 89}",0,2025-10-20 19:43:51.000,2025-12-05 19:43:51.000,207,1150
1239,25b54d2b,Birthday Month,"{""birthday_month"": ""current""}",1,2025-10-20 19:43:51.000,2025-10-26 19:43:51.000,207,1150
1240,7114b2d3,New Members,"{""created_days_max"": 30}",0,2025-10-20 19:43:51.000,2025-11-19 19:43:51.000,207,1150
1241,71163e39,Inactive 90+,"{""inactive_days_min"": 90}",0,2025-10-20 19:43:51.000,2025-10-26 19:43:51.000,207,1150
1242,8509d13f,High Spenders,"{""avg_ticket_min"": 50}",0,2025-10-20 19:43:51.000,2025-10-23 19:43:51.000,207,1150
1243,b0774f65,VIP Customers,"{""min_balance"": 1000, ""last_active_days"": 30}",0,2025-10-20 19:43:51.000,2025-11-06 19:43:51.000,208,1155
1244,629bab7e,At Risk,"{""inactive_days_min"": 60, ""inactive_days_max"": 89}",0,2025-10-20 19:43:51.000,2025-10-20 19:43:51.000,208,1155
1245,499263fe,Birthday Month,"{""birthday_month"": ""current""}",0,2025-10-20 19:43:51.000,2025-11-19 19:43:51.000,208,1155
1246,83f1cbb7,New Members,"{""created_days_max"": 30}",1,2025-10-20 19:43:51.000,2025-12-02 19:43:51.000,208,1155
1247,61b927e5,Inactive 90+,"{""inactive_days_min"": 90}",1,2025-10-20 19:43:51.000,2025-12-04 19:43:51.000,208,1155
1248,ac567c4c,High Spenders,"{""avg_ticket_min"": 50}",0,2025-10-20 19:43:51.000,2025-11-16 19:43:51.000,208,1155
1249,7bd28afb,VIP Customers,"{""min_balance"": 1000, ""last_active_days"": 30}",0,2025-10-20 19:43:51.000,2025-12-10 19:43:51.000,209,1164
1250,6d5067f5,At Risk,"{""inactive_days_min"": 60, ""inactive_days_max"": 89}",1,2025-10-20 19:43:51.000,2025-10-23 19:43:51.000,209,1164
1251,fd283263,Birthday Month,"{""birthday_month"": ""current""}",0,2025-10-20 19:43:51.000,2025-11-18 19:43:51.000,209,1164
1252,8d4d2a36,New Members,"{""created_days_max"": 30}",0,2025-10-20 19:43:51.000,2025-11-16 19:43:51.000,209,1164
1253,71f75fcf,Inactive 90+,"{""inactive_days_min"": 90}",1,2025-10-20 19:43:51.000,2025-12-04 19:43:51.000,209,1164
1254,b93e52c9,High Spenders,"{""avg_ticket_min"": 50}",0,2025-10-20 19:43:51.000,2025-12-08 19:43:51.000,209,1164
1255,d5db5806,VIP Customers,"{""min_balance"": 1000, ""last_active_days"": 30}",0,2025-10-20 19:43:51.000,2025-10-28 19:43:51.000,210,1168
1256,962c5f09,At Risk,"{""inactive_days_min"": 60, ""inactive_days_max"": 89}",0,2025-10-20 19:43:51.000,2025-11-23 19:43:51.000,210,1168
1257,3db52eb7,Birthday Month,"{""birthday_month"": ""current""}",0,2025-10-20 19:43:51.000,2025-12-08 19:43:51.000,210,1168
1258,45b8cac2,New Members,"{""created_days_max"": 30}",1,2025-10-20 19:43:51.000,2025-12-03 19:43:51.000,210,1168
1259,2833abec,Inactive 90+,"{""inactive_days_min"": 90}",0,2025-10-20 19:43:51.000,2025-12-13 19:43:51.000,210,1168
1260,7b25213e,High Spenders,"{""avg_ticket_min"": 50}",1,2025-10-20 19:43:51.000,2025-12-13 19:43:51.000,210,1168
1261,5a39427e,VIP Customers,"{""min_balance"": 1000, ""last_active_days"": 30}",1,2025-10-20 19:43:51.000,2025-12-12 19:43:51.000,211,1173
1262,29dbca18,At Risk,"{""inactive_days_min"": 60, ""inactive_days_max"": 89}",1,2025-10-20 19:43:51.000,2025-10-22 19:43:51.000,211,1173
1263,2c2a39cc,Birthday Month,"{""birthday_month"": ""current""}",1,2025-10-20 19:43:51.000,2025-12-01 19:43:51.000,211,1173
1264,5b7071ba,New Members,"{""created_days_max"": 30}",0,2025-10-20 19:43:51.000,2025-10-21 19:43:51.000,211,1173
1265,2cab0bbc,Inactive 90+,"{""inactive_days_min"": 90}",1,2025-10-20 19:43:51.000,2025-12-14 19:43:51.000,211,1173
1266,32602874,High Spenders,"{""avg_ticket_min"": 50}",1,2025-10-20 19:43:51.000,2025-11-28 19:43:51.000,211,1173
1267,70272f98,VIP Customers,"{""min_balance"": 1000, ""last_active_days"": 30}",1,2025-10-20 19:43:51.000,2025-10-30 19:43:51.000,212,1179
1268,6db6dc3a,At Risk,"{""inactive_days_min"": 60, ""inactive_days_max"": 89}",1,2025-10-20 19:43:51.000,2025-12-06 19:43:51.000,212,1179
1269,39dc2902,Birthday Month,"{""birthday_month"": ""current""}",1,2025-10-20 19:43:51.000,2025-10-25 19:43:51.000,212,1179
1270,7dee2ee6,New Members,"{""created_days_max"": 30}",0,2025-10-20 19:43:51.000,2025-12-10 19:43:51.000,212,1179
1271,f1f44959,Inactive 90+,"{""inactive_days_min"": 90}",0,2025-10-20 19:43:51.000,2025-11-29 19:43:51.000,212,1179
1272,0d88ed3b,High Spenders,"{""avg_ticket_min"": 50}",1,2025-10-20 19:43:51.000,2025-11-15 19:43:51.000,212,1179
1273,90d889ca,VIP Customers,"{""min_balance"": 1000, ""last_active_days"": 30}",1,2025-10-20 19:43:51.000,2025-12-04 19:43:51.000,213,1184
1274,9e124601,At Risk,"{""inactive_days_min"": 60, ""inactive_days_max"": 89}",1,2025-10-20 19:43:51.000,2025-12-10 19:43:51.000,213,1184
1275,76fdf442,Birthday Month,"{""birthday_month"": ""current""}",1,2025-10-20 19:43:51.000,2025-11-08 19:43:51.000,213,1184
1276,409731dd,New Members,"{""created_days_max"": 30}",0,2025-10-20 19:43:51.000,2025-12-02 19:43:51.000,213,1184
1277,161992b7,Inactive 90+,"{""inactive_days_min"": 90}",1,2025-10-20 19:43:51.000,2025-11-13 19:43:51.000,213,1184
1278,7ac2a239,High Spenders,"{""avg_ticket_min"": 50}",0,2025-10-20 19:43:51.000,2025-11-28 19:43:51.000,213,1184
1279,6f5df9bb,VIP Customers,"{""min_balance"": 1000, ""last_active_days"": 30}",0,2025-10-20 19:43:51.000,2025-11-19 19:43:51.000,214,1193
1280,31f1b3dc,At Risk,"{""inactive_days_min"": 60, ""inactive_days_max"": 89}",1,2025-10-20 19:43:51.000,2025-12-07 19:43:51.000,214,1193
1281,af1726af,Birthday Month,"{""birthday_month"": ""current""}",0,2025-10-20 19:43:51.000,2025-12-03 19:43:51.000,214,1193
1282,de839bd6,New Members,"{""created_days_max"": 30}",0,2025-10-20 19:43:51.000,2025-11-10 19:43:51.000,214,1193
1283,a4b5091d,Inactive 90+,"{""inactive_days_min"": 90}",1,2025-10-20 19:43:51.000,2025-11-30 19:43:51.000,214,1193
1284,65cc4d0b,High Spenders,"{""avg_ticket_min"": 50}",0,2025-10-20 19:43:51.000,2025-12-14 19:43:51.000,214,1193
1285,e0583123,VIP Customers,"{""min_balance"": 1000, ""last_active_days"": 30}",0,2025-10-20 19:43:51.000,2025-12-16 19:43:51.000,215,1197
1286,ea875388,At Risk,"{""inactive_days_min"": 60, ""inactive_days_max"": 89}",1,2025-10-20 19:43:51.000,2025-11-21 19:43:51.000,215,1197
1287,c94f219a,Birthday Month,"{""birthday_month"": ""current""}",1,2025-10-20 19:43:51.000,2025-11-21 19:43:51.000,215,1197
1288,c96befc5,New Members,"{""created_days_max"": 30}",0,2025-10-20 19:43:51.000,2025-11-16 19:43:51.000,215,1197
1289,1a059561,Inactive 90+,"{""inactive_days_min"": 90}",1,2025-10-20 19:43:51.000,2025-11-29 19:43:51.000,215,1197
1290,2aa47e41,High Spenders,"{""avg_ticket_min"": 50}",1,2025-10-20 19:43:51.000,2025-11-30 19:43:51.000,215,1197
1291,83b4f1b3,VIP Customers,"{""min_balance"": 1000, ""last_active_days"": 30}",0,2025-10-20 19:43:51.000,2025-10-31 19:43:51.000,216,1201
1292,19a36d42,At Risk,"{""inactive_days_min"": 60, ""inactive_days_max"": 89}",0,2025-10-20 19:43:51.000,2025-12-03 19:43:51.000,216,1201
1293,4ac83d1d,Birthday Month,"{""birthday_month"": ""current""}",1,2025-10-20 19:43:51.000,2025-12-10 19:43:51.000,216,1201
1294,e6e19a34,New Members,"{""created_days_max"": 30}",1,2025-10-20 19:43:51.000,2025-10-20 19:43:51.000,216,1201
1295,e8be3ebf,Inactive 90+,"{""inactive_days_min"": 90}",0,2025-10-20 19:43:51.000,2025-11-11 19:43:51.000,216,1201
1296,27ff7687,High Spenders,"{""avg_ticket_min"": 50}",0,2025-10-20 19:43:51.000,2025-10-23 19:43:51.000,216,1201
1297,70d6fe2e,VIP Customers,"{""min_balance"": 1000, ""last_active_days"": 30}",1,2025-10-20 19:43:51.000,2025-10-25 19:43:51.000,217,1209
1298,3a936c2a,At Risk,"{""inactive_days_min"": 60, ""inactive_days_max"": 89}",0,2025-10-20 19:43:51.000,2025-12-10 19:43:51.000,217,1209
1299,58b78aa2,Birthday Month,"{""birthday_month"": ""current""}",1,2025-10-20 19:43:51.000,2025-10-29 19:43:51.000,217,1209
1300,7b004aa7,New Members,"{""created_days_max"": 30}",1,2025-10-20 19:43:51.000,2025-11-10 19:43:51.000,217,1209
1301,6c637fb1,Inactive 90+,"{""inactive_days_min"": 90}",0,2025-10-20 19:43:51.000,2025-11-10 19:43:51.000,217,1209
1302,64a5bc88,High Spenders,"{""avg_ticket_min"": 50}",0,2025-10-20 19:43:51.000,2025-10-20 19:43:51.000,217,1209
1303,8f93c473,VIP Customers,"{""min_balance"": 1000, ""last_active_days"": 30}",0,2025-10-20 19:43:51.000,2025-12-08 19:43:51.000,218,1216
1304,c0527427,At Risk,"{""inactive_days_min"": 60, ""inactive_days_max"": 89}",0,2025-10-20 19:43:51.000,2025-12-10 19:43:51.000,218,1216
1305,7b30d680,Birthday Month,"{""birthday_month"": ""current""}",1,2025-10-20 19:43:51.000,2025-10-28 19:43:51.000,218,1216
1306,15b65714,New Members,"{""created_days_max"": 30}",0,2025-10-20 19:43:51.000,2025-12-19 19:43:51.000,218,1216
1307,aec141f5,Inactive 90+,"{""inactive_days_min"": 90}",1,2025-10-20 19:43:51.000,2025-11-11 19:43:51.000,218,1216
1308,488983c0,High Spenders,"{""avg_ticket_min"": 50}",1,2025-10-20 19:43:51.000,2025-12-12 19:43:51.000,218,1216
1309,625d5d53,VIP Customers,"{""min_balance"": 1000, ""last_active_days"": 30}",0,2025-10-20 19:43:51.000,2025-12-10 19:43:51.000,219,1224
1310,8671493c,At Risk,"{""inactive_days_min"": 60, ""inactive_days_max"": 89}",1,2025-10-20 19:43:51.000,2025-11-06 19:43:51.000,219,1224
1311,ddd6e3bc,Birthday Month,"{""birthday_month"": ""current""}",0,2025-10-20 19:43:51.000,2025-10-27 19:43:51.000,219,1224
1312,1444a44a,New Members,"{""created_days_max"": 30}",0,2025-10-20 19:43:51.000,2025-11-20 19:43:51.000,219,1224
1313,0075e456,Inactive 90+,"{""inactive_days_min"": 90}",1,2025-10-20 19:43:51.000,2025-11-12 19:43:51.000,219,1224
1314,c1c0430b,High Spenders,"{""avg_ticket_min"": 50}",0,2025-10-20 19:43:51.000,2025-11-07 19:43:51.000,219,1224
1315,89ecfcf0,VIP Customers,"{""min_balance"": 1000, ""last_active_days"": 30}",1,2025-10-20 19:43:51.000,2025-11-04 19:43:51.000,220,1228
1316,7cffb3d3,At Risk,"{""inactive_days_min"": 60, ""inactive_days_max"": 89}",0,2025-10-20 19:43:51.000,2025-11-15 19:43:51.000,220,1228
1317,1b4a72dd,Birthday Month,"{""birthday_month"": ""current""}",1,2025-10-20 19:43:51.000,2025-11-18 19:43:51.000,220,1228
1318,539fcbe6,New Members,"{""created_days_max"": 30}",1,2025-10-20 19:43:51.000,2025-11-09 19:43:51.000,220,1228
1319,6a200b94,Inactive 90+,"{""inactive_days_min"": 90}",0,2025-10-20 19:43:51.000,2025-12-14 19:43:51.000,220,1228
1320,9af1589f,High Spenders,"{""avg_ticket_min"": 50}",1,2025-10-20 19:43:51.000,2025-11-21 19:43:51.000,220,1228
1321,468f8bcd,VIP Customers,"{""min_balance"": 1000, ""last_active_days"": 30}",1,2025-10-20 19:43:51.000,2025-11-23 19:43:51.000,221,1232
1322,798cb8e8,At Risk,"{""inactive_days_min"": 60, ""inactive_days_max"": 89}",1,2025-10-20 19:43:51.000,2025-11-30 19:43:51.000,221,1232
1323,f31fa4c9,Birthday Month,"{""birthday_month"": ""current""}",0,2025-10-20 19:43:51.000,2025-10-26 19:43:51.000,221,1232
1324,be67d874,New Members,"{""created_days_max"": 30}",0,2025-10-20 19:43:51.000,2025-12-10 19:43:51.000,221,1232
1325,015065db,Inactive 90+,"{""inactive_days_min"": 90}",0,2025-10-20 19:43:51.000,2025-10-24 19:43:51.000,221,1232
1326,107b7b49,High Spenders,"{""avg_ticket_min"": 50}",1,2025-10-20 19:43:51.000,2025-11-23 19:43:51.000,221,1232
1327,f1d64f3d,VIP Customers,"{""min_balance"": 1000, ""last_active_days"": 30}",0,2025-10-20 19:43:51.000,2025-11-25 19:43:51.000,222,1243
1328,345c0a59,At Risk,"{""inactive_days_min"": 60, ""inactive_days_max"": 89}",0,2025-10-20 19:43:51.000,2025-12-06 19:43:51.000,222,1243
1329,37795e50,Birthday Month,"{""birthday_month"": ""current""}",0,2025-10-20 19:43:51.000,2025-10-22 19:43:51.000,222,1243
1330,b39ceafa,New Members,"{""created_days_max"": 30}",1,2025-10-20 19:43:51.000,2025-11-06 19:43:51.000,222,1243
1331,f0f4e82c,Inactive 90+,"{""inactive_days_min"": 90}",0,2025-10-20 19:43:51.000,2025-11-16 19:43:51.000,222,1243
1332,4fa7fd0f,High Spenders,"{""avg_ticket_min"": 50}",1,2025-10-20 19:43:51.000,2025-11-01 19:43:51.000,222,1243
1333,54728488,VIP Customers,"{""min_balance"": 1000, ""last_active_days"": 30}",0,2025-10-20 19:43:51.000,2025-12-03 19:43:51.000,223,1250
1334,32aa2e3f,At Risk,"{""inactive_days_min"": 60, ""inactive_days_max"": 89}",1,2025-10-20 19:43:51.000,2025-12-05 19:43:51.000,223,1250
1335,bb6b9b01,Birthday Month,"{""birthday_month"": ""current""}",0,2025-10-20 19:43:51.000,2025-11-07 19:43:51.000,223,1250
1336,7ff4342d,New Members,"{""created_days_max"": 30}",0,2025-10-20 19:43:51.000,2025-11-24 19:43:51.000,223,1250
1337,733be2af,Inactive 90+,"{""inactive_days_min"": 90}",1,2025-10-20 19:43:51.000,2025-11-10 19:43:51.000,223,1250
1338,9f22ce15,High Spenders,"{""avg_ticket_min"": 50}",1,2025-10-20 19:43:51.000,2025-12-07 19:43:51.000,223,1250
1339,5f8762ba,VIP Customers,"{""min_balance"": 1000, ""last_active_days"": 30}",0,2025-10-20 19:43:51.000,2025-11-25 19:43:51.000,224,1255
1340,8abbbd53,At Risk,"{""inactive_days_min"": 60, ""inactive_days_max"": 89}",0,2025-10-20 19:43:51.000,2025-11-07 19:43:51.000,224,1255
1341,d5c07bb8,Birthday Month,"{""birthday_month"": ""current""}",0,2025-10-20 19:43:51.000,2025-12-16 19:43:51.000,224,1255
1342,d9318ff1,New Members,"{""created_days_max"": 30}",0,2025-10-20 19:43:51.000,2025-10-22 19:43:51.000,224,1255
1343,0c6baf3e,Inactive 90+,"{""inactive_days_min"": 90}",1,2025-10-20 19:43:51.000,2025-12-07 19:43:51.000,224,1255
1344,4038e239,High Spenders,"{""avg_ticket_min"": 50}",1,2025-10-20 19:43:51.000,2025-11-21 19:43:51.000,224,1255
1345,aa3f2bc3,VIP Customers,"{""min_balance"": 1000, ""last_active_days"": 30}",1,2025-10-20 19:43:51.000,2025-11-23 19:43:51.000,225,1262
1346,ff9480da,At Risk,"{""inactive_days_min"": 60, ""inactive_days_max"": 89}",1,2025-10-20 19:43:51.000,2025-12-18 19:43:51.000,225,1262
1347,62d3a2c5,Birthday Month,"{""birthday_month"": ""current""}",0,2025-10-20 19:43:51.000,2025-12-05 19:43:51.000,225,1262
1348,e4cb0875,New Members,"{""created_days_max"": 30}",0,2025-10-20 19:43:51.000,2025-11-28 19:43:51.000,225,1262
1349,bbffbcab,Inactive 90+,"{""inactive_days_min"": 90}",1,2025-10-20 19:43:51.000,2025-11-09 19:43:51.000,225,1262
1350,f5c93ad3,High Spenders,"{""avg_ticket_min"": 50}",0,2025-10-20 19:43:51.000,2025-11-20 19:43:51.000,225,1262
1351,60f5f5f2,VIP Customers,"{""min_balance"": 1000, ""last_active_days"": 30}",0,2025-10-20 19:43:51.000,2025-12-12 19:43:51.000,226,1269
1352,fc2d8f85,At Risk,"{""inactive_days_min"": 60, ""inactive_days_max"": 89}",1,2025-10-20 19:43:51.000,2025-11-16 19:43:51.000,226,1269
1353,33de4109,Birthday Month,"{""birthday_month"": ""current""}",0,2025-10-20 19:43:51.000,2025-11-20 19:43:51.000,226,1269
1354,6773e192,New Members,"{""created_days_max"": 30}",1,2025-10-20 19:43:51.000,2025-12-05 19:43:51.000,226,1269
1355,1d6fabba,Inactive 90+,"{""inactive_days_min"": 90}",1,2025-10-20 19:43:51.000,2025-12-12 19:43:51.000,226,1269
1356,04075c02,High Spenders,"{""avg_ticket_min"": 50}",1,2025-10-20 19:43:51.000,2025-11-18 19:43:51.000,226,1269
1357,dd89b5fc,VIP Customers,"{""min_balance"": 1000, ""last_active_days"": 30}",1,2025-10-20 19:43:51.000,2025-11-13 19:43:51.000,227,1273
1358,647ba7d7,At Risk,"{""inactive_days_min"": 60, ""inactive_days_max"": 89}",0,2025-10-20 19:43:51.000,2025-11-28 19:43:51.000,227,1273
1359,d8a329c6,Birthday Month,"{""birthday_month"": ""current""}",1,2025-10-20 19:43:51.000,2025-11-10 19:43:51.000,227,1273
1360,def877c1,New Members,"{""created_days_max"": 30}",1,2025-10-20 19:43:51.000,2025-12-07 19:43:51.000,227,1273
1361,b817e81e,Inactive 90+,"{""inactive_days_min"": 90}",0,2025-10-20 19:43:51.000,2025-11-05 19:43:51.000,227,1273
1362,83492ef5,High Spenders,"{""avg_ticket_min"": 50}",0,2025-10-20 19:43:51.000,2025-11-20 19:43:51.000,227,1273
1363,3a62f3f0,VIP Customers,"{""min_balance"": 1000, ""last_active_days"": 30}",0,2025-10-20 19:43:51.000,2025-12-03 19:43:51.000,228,1283
1364,77b9db5f,At Risk,"{""inactive_days_min"": 60, ""inactive_days_max"": 89}",0,2025-10-20 19:43:51.000,2025-11-17 19:43:51.000,228,1283
1365,968bb41c,Birthday Month,"{""birthday_month"": ""current""}",1,2025-10-20 19:43:51.000,2025-12-10 19:43:51.000,228,1283
1366,c0007f15,New Members,"{""created_days_max"": 30}",0,2025-10-20 19:43:51.000,2025-12-08 19:43:51.000,228,1283
1367,58761585,Inactive 90+,"{""inactive_days_min"": 90}",0,2025-10-20 19:43:51.000,2025-12-01 19:43:51.000,228,1283
1368,ba25a8c4,High Spenders,"{""avg_ticket_min"": 50}",0,2025-10-20 19:43:51.000,2025-10-28 19:43:51.000,228,1283
1369,5449c115,VIP Customers,"{""min_balance"": 1000, ""last_active_days"": 30}",0,2025-10-20 19:43:51.000,2025-10-20 19:43:51.000,229,1295
1370,21e7ee99,At Risk,"{""inactive_days_min"": 60, ""inactive_days_max"": 89}",1,2025-10-20 19:43:51.000,2025-12-17 19:43:51.000,229,1295
1371,b4ea0429,Birthday Month,"{""birthday_month"": ""current""}",1,2025-10-20 19:43:51.000,2025-11-02 19:43:51.000,229,1295
1372,36330d14,New Members,"{""created_days_max"": 30}",0,2025-10-20 19:43:51.000,2025-11-10 19:43:51.000,229,1295
1373,97fe5841,Inactive 90+,"{""inactive_days_min"": 90}",0,2025-10-20 19:43:51.000,2025-12-10 19:43:51.000,229,1295
1374,395e2e2e,High Spenders,"{""avg_ticket_min"": 50}",0,2025-10-20 19:43:51.000,2025-12-06 19:43:51.000,229,1295
1375,08073235,VIP Customers,"{""min_balance"": 1000, ""last_active_days"": 30}",0,2025-10-20 19:43:51.000,2025-12-12 19:43:51.000,230,1300
1376,2e14e1b2,At Risk,"{""inactive_days_min"": 60, ""inactive_days_max"": 89}",0,2025-10-20 19:43:51.000,2025-12-17 19:43:51.000,230,1300
1377,4e982880,Birthday Month,"{""birthday_month"": ""current""}",1,2025-10-20 19:43:51.000,2025-11-12 19:43:51.000,230,1300
1378,162d46e4,New Members,"{""created_days_max"": 30}",1,2025-10-20 19:43:51.000,2025-12-17 19:43:51.000,230,1300
1379,14ae5b60,Inactive 90+,"{""inactive_days_min"": 90}",1,2025-10-20 19:43:51.000,2025-12-08 19:43:51.000,230,1300
1380,5427ee8e,High Spenders,"{""avg_ticket_min"": 50}",1,2025-10-20 19:43:51.000,2025-11-03 19:43:51.000,230,1300
1381,2fda1098,VIP Customers,"{""min_balance"": 1000, ""last_active_days"": 30}",1,2025-10-20 19:43:51.000,2025-11-28 19:43:51.000,231,1307
1382,c8f5b335,At Risk,"{""inactive_days_min"": 60, ""inactive_days_max"": 89}",1,2025-10-20 19:43:51.000,2025-12-03 19:43:51.000,231,1307
1383,a28c4b73,Birthday Month,"{""birthday_month"": ""current""}",0,2025-10-20 19:43:51.000,2025-10-24 19:43:51.000,231,1307
1384,ed37477a,New Members,"{""created_days_max"": 30}",0,2025-10-20 19:43:51.000,2025-12-12 19:43:51.000,231,1307
1385,171895f9,Inactive 90+,"{""inactive_days_min"": 90}",1,2025-10-20 19:43:51.000,2025-10-29 19:43:51.000,231,1307
1386,1ad1e905,High Spenders,"{""avg_ticket_min"": 50}",1,2025-10-20 19:43:51.000,2025-12-02 19:43:51.000,231,1307
1387,2f8a70d6,VIP Customers,"{""min_balance"": 1000, ""last_active_days"": 30}",0,2025-10-20 19:43:51.000,2025-10-26 19:43:51.000,232,1312
1388,23969f7a,At Risk,"{""inactive_days_min"": 60, ""inactive_days_max"": 89}",1,2025-10-20 19:43:51.000,2025-11-19 19:43:51.000,232,1312
1389,f1547078,Birthday Month,"{""birthday_month"": ""current""}",0,2025-10-20 19:43:51.000,2025-11-08 19:43:51.000,232,1312
1390,a3f2eec0,New Members,"{""created_days_max"": 30}",0,2025-10-20 19:43:51.000,2025-11-01 19:43:51.000,232,1312
1391,7cfcd0fc,Inactive 90+,"{""inactive_days_min"": 90}",1,2025-10-20 19:43:51.000,2025-11-17 19:43:51.000,232,1312
1392,e660a206,High Spenders,"{""avg_ticket_min"": 50}",1,2025-10-20 19:43:51.000,2025-10-20 19:43:51.000,232,1312
1393,377217c5,VIP Customers,"{""min_balance"": 1000, ""last_active_days"": 30}",0,2025-10-20 19:43:51.000,2025-10-25 19:43:51.000,233,1317
1394,1f624247,At Risk,"{""inactive_days_min"": 60, ""inactive_days_max"": 89}",0,2025-10-20 19:43:51.000,2025-12-15 19:43:51.000,233,1317
1395,cf297f7e,Birthday Month,"{""birthday_month"": ""current""}",1,2025-10-20 19:43:51.000,2025-10-24 19:43:51.000,233,1317
1396,fb10194b,New Members,"{""created_days_max"": 30}",0,2025-10-20 19:43:51.000,2025-12-18 19:43:51.000,233,1317
1397,797b97e6,Inactive 90+,"{""inactive_days_min"": 90}",0,2025-10-20 19:43:51.000,2025-12-01 19:43:51.000,233,1317
1398,81380477,High Spenders,"{""avg_ticket_min"": 50}",0,2025-10-20 19:43:51.000,2025-12-15 19:43:51.000,233,1317
1399,d4dc9d51,VIP Customers,"{""min_balance"": 1000, ""last_active_days"": 30}",1,2025-10-20 19:43:51.000,2025-11-21 19:43:51.000,234,1321
1400,7adfa57e,At Risk,"{""inactive_days_min"": 60, ""inactive_days_max"": 89}",0,2025-10-20 19:43:51.000,2025-11-13 19:43:51.000,234,1321
1401,aa01ec4c,Birthday Month,"{""birthday_month"": ""current""}",0,2025-10-20 19:43:51.000,2025-12-17 19:43:51.000,234,1321
1402,4d9d721b,New Members,"{""created_days_max"": 30}",1,2025-10-20 19:43:51.000,2025-11-26 19:43:51.000,234,1321
1403,68bd69d4,Inactive 90+,"{""inactive_days_min"": 90}",1,2025-10-20 19:43:51.000,2025-11-23 19:43:51.000,234,1321
1404,c41c84e7,High Spenders,"{""avg_ticket_min"": 50}",0,2025-10-20 19:43:51.000,2025-10-27 19:43:51.000,234,1321
1405,6cd2c929,VIP Customers,"{""min_balance"": 1000, ""last_active_days"": 30}",0,2025-10-20 19:43:51.000,2025-11-23 19:43:51.000,235,1333
1406,23a0c7ab,At Risk,"{""inactive_days_min"": 60, ""inactive_days_max"": 89}",1,2025-10-20 19:43:51.000,2025-10-22 19:43:51.000,235,1333
1407,b843e2fc,Birthday Month,"{""birthday_month"": ""current""}",0,2025-10-20 19:43:51.000,2025-11-21 19:43:51.000,235,1333
1408,2e91f9a5,New Members,"{""created_days_max"": 30}",1,2025-10-20 19:43:51.000,2025-11-22 19:43:51.000,235,1333
1409,65aec3f5,Inactive 90+,"{""inactive_days_min"": 90}",1,2025-10-20 19:43:51.000,2025-12-10 19:43:51.000,235,1333
1410,ca352205,High Spenders,"{""avg_ticket_min"": 50}",1,2025-10-20 19:43:51.000,2025-12-06 19:43:51.000,235,1333
1411,18c32a51,VIP Customers,"{""min_balance"": 1000, ""last_active_days"": 30}",1,2025-10-20 19:43:51.000,2025-12-19 19:43:51.000,236,1340
1412,5646942e,At Risk,"{""inactive_days_min"": 60, ""inactive_days_max"": 89}",0,2025-10-20 19:43:51.000,2025-10-29 19:43:51.000,236,1340
1413,4003e2db,Birthday Month,"{""birthday_month"": ""current""}",1,2025-10-20 19:43:51.000,2025-10-27 19:43:51.000,236,1340
1414,df982dc0,New Members,"{""created_days_max"": 30}",0,2025-10-20 19:43:51.000,2025-12-12 19:43:51.000,236,1340
1415,faddddd4,Inactive 90+,"{""inactive_days_min"": 90}",0,2025-10-20 19:43:51.000,2025-11-01 19:43:51.000,236,1340
1416,ac37d9bd,High Spenders,"{""avg_ticket_min"": 50}",0,2025-10-20 19:43:51.000,2025-12-14 19:43:51.000,236,1340
1417,f971fb0b,VIP Customers,"{""min_balance"": 1000, ""last_active_days"": 30}",0,2025-10-20 19:43:51.000,2025-11-02 19:43:51.000,237,1344
1418,e66ffe5a,At Risk,"{""inactive_days_min"": 60, ""inactive_days_max"": 89}",0,2025-10-20 19:43:51.000,2025-10-27 19:43:51.000,237,1344
1419,26fa6b60,Birthday Month,"{""birthday_month"": ""current""}",1,2025-10-20 19:43:51.000,2025-10-24 19:43:51.000,237,1344
1420,2763fe5b,New Members,"{""created_days_max"": 30}",0,2025-10-20 19:43:51.000,2025-12-09 19:43:51.000,237,1344
1421,0c48968b,Inactive 90+,"{""inactive_days_min"": 90}",0,2025-10-20 19:43:51.000,2025-12-19 19:43:51.000,237,1344
1422,136939c4,High Spenders,"{""avg_ticket_min"": 50}",0,2025-10-20 19:43:51.000,2025-10-30 19:43:51.000,237,1344
1423,219b6c2b,VIP Customers,"{""min_balance"": 1000, ""last_active_days"": 30}",1,2025-10-20 19:43:51.000,2025-11-10 19:43:51.000,238,1348
1424,329205c5,At Risk,"{""inactive_days_min"": 60, ""inactive_days_max"": 89}",1,2025-10-20 19:43:51.000,2025-11-27 19:43:51.000,238,1348
1425,d69e4152,Birthday Month,"{""birthday_month"": ""current""}",0,2025-10-20 19:43:51.000,2025-10-28 19:43:51.000,238,1348
1426,268b4243,New Members,"{""created_days_max"": 30}",0,2025-10-20 19:43:51.000,2025-12-01 19:43:51.000,238,1348
1427,b2db6d0f,Inactive 90+,"{""inactive_days_min"": 90}",1,2025-10-20 19:43:51.000,2025-11-28 19:43:51.000,238,1348
1428,fee3a606,High Spenders,"{""avg_ticket_min"": 50}",0,2025-10-20 19:43:51.000,2025-12-15 19:43:51.000,238,1348
1429,3257f671,VIP Customers,"{""min_balance"": 1000, ""last_active_days"": 30}",0,2025-10-20 19:43:51.000,2025-11-18 19:43:51.000,239,1351
1430,c4198480,At Risk,"{""inactive_days_min"": 60, ""inactive_days_max"": 89}",0,2025-10-20 19:43:51.000,2025-12-13 19:43:51.000,239,1351
1431,9fc6f275,Birthday Month,"{""birthday_month"": ""current""}",0,2025-10-20 19:43:51.000,2025-12-02 19:43:51.000,239,1351
1432,a3b8db4f,New Members,"{""created_days_max"": 30}",0,2025-10-20 19:43:51.000,2025-12-09 19:43:51.000,239,1351
1433,3845139b,Inactive 90+,"{""inactive_days_min"": 90}",0,2025-10-20 19:43:51.000,2025-11-11 19:43:51.000,239,1351
1434,589f461c,High Spenders,"{""avg_ticket_min"": 50}",0,2025-10-20 19:43:51.000,2025-11-20 19:43:51.000,239,1351
1435,4132d11a,VIP Customers,"{""min_balance"": 1000, ""last_active_days"": 30}",1,2025-10-20 19:43:51.000,2025-11-09 19:43:51.000,240,1354
1436,44f0237d,At Risk,"{""inactive_days_min"": 60, ""inactive_days_max"": 89}",1,2025-10-20 19:43:51.000,2025-12-19 19:43:51.000,240,1354
1437,9b0f2aaf,Birthday Month,"{""birthday_month"": ""current""}",1,2025-10-20 19:43:51.000,2025-12-03 19:43:51.000,240,1354
1438,3542307c,New Members,"{""created_days_max"": 30}",0,2025-10-20 19:43:51.000,2025-12-18 19:43:51.000,240,1354
1439,8885c972,Inactive 90+,"{""inactive_days_min"": 90}",0,2025-10-20 19:43:51.000,2025-10-21 19:43:51.000,240,1354
1440,ca532941,High Spenders,"{""avg_ticket_min"": 50}",1,2025-10-20 19:43:51.000,2025-10-20 19:43:51.000,240,1354
1441,d4a1f85b,VIP Customers,"{""min_balance"": 1000, ""last_active_days"": 30}",0,2025-10-20 19:43:51.000,2025-10-24 19:43:51.000,241,1359
1442,391cb549,At Risk,"{""inactive_days_min"": 60, ""inactive_days_max"": 89}",1,2025-10-20 19:43:51.000,2025-11-13 19:43:51.000,241,1359
1443,6f0bc348,Birthday Month,"{""birthday_month"": ""current""}",0,2025-10-20 19:43:51.000,2025-12-11 19:43:51.000,241,1359
1444,9d06a72b,New Members,"{""created_days_max"": 30}",0,2025-10-20 19:43:51.000,2025-11-18 19:43:51.000,241,1359
1445,bb3f33c9,Inactive 90+,"{""inactive_days_min"": 90}",1,2025-10-20 19:43:51.000,2025-10-29 19:43:51.000,241,1359
1446,aa9745f2,High Spenders,"{""avg_ticket_min"": 50}",1,2025-10-20 19:43:51.000,2025-11-10 19:43:51.000,241,1359
1447,fdcb9938,VIP Customers,"{""min_balance"": 1000, ""last_active_days"": 30}",0,2025-10-20 19:43:51.000,2025-12-12 19:43:51.000,242,1368
1448,b8708023,At Risk,"{""inactive_days_min"": 60, ""inactive_days_max"": 89}",0,2025-10-20 19:43:51.000,2025-12-12 19:43:51.000,242,1368
1449,bd878b95,Birthday Month,"{""birthday_month"": ""current""}",0,2025-10-20 19:43:51.000,2025-11-26 19:43:51.000,242,1368
1450,a153c285,New Members,"{""created_days_max"": 30}",0,2025-10-20 19:43:51.000,2025-11-19 19:43:51.000,242,1368
1451,35b4a8fb,Inactive 90+,"{""inactive_days_min"": 90}",0,2025-10-20 19:43:51.000,2025-11-20 19:43:51.000,242,1368
1452,3ca51408,High Spenders,"{""avg_ticket_min"": 50}",0,2025-10-20 19:43:51.000,2025-11-14 19:43:51.000,242,1368
1453,a642ca6f,VIP Customers,"{""min_balance"": 1000, ""last_active_days"": 30}",0,2025-10-20 19:43:51.000,2025-11-23 19:43:51.000,243,1374
1454,47aa9e86,At Risk,"{""inactive_days_min"": 60, ""inactive_days_max"": 89}",1,2025-10-20 19:43:51.000,2025-11-09 19:43:51.000,243,1374
1455,e09723db,Birthday Month,"{""birthday_month"": ""current""}",1,2025-10-20 19:43:51.000,2025-10-29 19:43:51.000,243,1374
1456,cfc5dbe2,New Members,"{""created_days_max"": 30}",0,2025-10-20 19:43:51.000,2025-11-24 19:43:51.000,243,1374
1457,19981bf8,Inactive 90+,"{""inactive_days_min"": 90}",1,2025-10-20 19:43:51.000,2025-11-04 19:43:51.000,243,1374
1458,8b7fdaef,High Spenders,"{""avg_ticket_min"": 50}",0,2025-10-20 19:43:51.000,2025-11-24 19:43:51.000,243,1374
1459,892a621c,VIP Customers,"{""min_balance"": 1000, ""last_active_days"": 30}",1,2025-10-20 19:43:51.000,2025-12-17 19:43:51.000,244,1381
1460,07f2fc79,At Risk,"{""inactive_days_min"": 60, ""inactive_days_max"": 89}",1,2025-10-20 19:43:51.000,2025-10-21 19:43:51.000,244,1381
1461,05726344,Birthday Month,"{""birthday_month"": ""current""}",1,2025-10-20 19:43:51.000,2025-10-21 19:43:51.000,244,1381
1462,8c212dd2,New Members,"{""created_days_max"": 30}",1,2025-10-20 19:43:51.000,2025-11-20 19:43:51.000,244,1381
1463,2e4d5b9e,Inactive 90+,"{""inactive_days_min"": 90}",0,2025-10-20 19:43:51.000,2025-10-25 19:43:51.000,244,1381
1464,2e115d21,High Spenders,"{""avg_ticket_min"": 50}",0,2025-10-20 19:43:51.000,2025-12-18 19:43:51.000,244,1381
1465,614f92a6,VIP Customers,"{""min_balance"": 1000, ""last_active_days"": 30}",0,2025-10-20 19:43:51.000,2025-11-15 19:43:51.000,245,1385
1466,036610e5,At Risk,"{""inactive_days_min"": 60, ""inactive_days_max"": 89}",0,2025-10-20 19:43:51.000,2025-11-02 19:43:51.000,245,1385
1467,a4fbd20f,Birthday Month,"{""birthday_month"": ""current""}",0,2025-10-20 19:43:51.000,2025-10-22 19:43:51.000,245,1385
1468,1dad2bc7,New Members,"{""created_days_max"": 30}",1,2025-10-20 19:43:51.000,2025-12-11 19:43:51.000,245,1385
1469,8cf5815c,Inactive 90+,"{""inactive_days_min"": 90}",1,2025-10-20 19:43:51.000,2025-10-29 19:43:51.000,245,1385
1470,2a90bf25,High Spenders,"{""avg_ticket_min"": 50}",1,2025-10-20 19:43:51.000,2025-11-20 19:43:51.000,245,1385
1471,612f3196,VIP Customers,"{""min_balance"": 1000, ""last_active_days"": 30}",0,2025-10-20 19:43:51.000,2025-11-18 19:43:51.000,246,1397
1472,d0f3e162,At Risk,"{""inactive_days_min"": 60, ""inactive_days_max"": 89}",1,2025-10-20 19:43:51.000,2025-11-29 19:43:51.000,246,1397
1473,8322fa51,Birthday Month,"{""birthday_month"": ""current""}",0,2025-10-20 19:43:51.000,2025-10-24 19:43:51.000,246,1397
1474,9c629a69,New Members,"{""created_days_max"": 30}",0,2025-10-20 19:43:51.000,2025-11-20 19:43:51.000,246,1397
1475,c9483b27,Inactive 90+,"{""inactive_days_min"": 90}",1,2025-10-20 19:43:51.000,2025-12-02 19:43:51.000,246,1397
1476,40cda9b2,High Spenders,"{""avg_ticket_min"": 50}",1,2025-10-20 19:43:51.000,2025-11-18 19:43:51.000,246,1397
1477,30a46aaf,VIP Customers,"{""min_balance"": 1000, ""last_active_days"": 30}",0,2025-10-20 19:43:51.000,2025-11-16 19:43:51.000,247,1408
1478,de84b31a,At Risk,"{""inactive_days_min"": 60, ""inactive_days_max"": 89}",1,2025-10-20 19:43:51.000,2025-10-27 19:43:51.000,247,1408
1479,c9aa8169,Birthday Month,"{""birthday_month"": ""current""}",0,2025-10-20 19:43:51.000,2025-12-05 19:43:51.000,247,1408
1480,d3d99912,New Members,"{""created_days_max"": 30}",0,2025-10-20 19:43:51.000,2025-10-31 19:43:51.000,247,1408
1481,5e4a7b14,Inactive 90+,"{""inactive_days_min"": 90}",0,2025-10-20 19:43:51.000,2025-11-20 19:43:51.000,247,1408
1482,69a97ffc,High Spenders,"{""avg_ticket_min"": 50}",0,2025-10-20 19:43:51.000,2025-11-14 19:43:51.000,247,1408
1483,884b7365,VIP Customers,"{""min_balance"": 1000, ""last_active_days"": 30}",0,2025-10-20 19:43:51.000,2025-11-12 19:43:51.000,248,1413
1484,83f8ea80,At Risk,"{""inactive_days_min"": 60, ""inactive_days_max"": 89}",1,2025-10-20 19:43:51.000,2025-11-11 19:43:51.000,248,1413
1485,93aca38a,Birthday Month,"{""birthday_month"": ""current""}",1,2025-10-20 19:43:51.000,2025-12-09 19:43:51.000,248,1413
1486,bc526ded,New Members,"{""created_days_max"": 30}",0,2025-10-20 19:43:51.000,2025-12-10 19:43:51.000,248,1413
1487,315a7cfe,Inactive 90+,"{""inactive_days_min"": 90}",1,2025-10-20 19:43:51.000,2025-11-06 19:43:51.000,248,1413
1488,77ee43b0,High Spenders,"{""avg_ticket_min"": 50}",0,2025-10-20 19:43:51.000,2025-12-14 19:43:51.000,248,1413
1489,83213731,VIP Customers,"{""min_balance"": 1000, ""last_active_days"": 30}",1,2025-10-20 19:43:51.000,2025-11-21 19:43:51.000,249,1417
1490,8a213070,At Risk,"{""inactive_days_min"": 60, ""inactive_days_max"": 89}",1,2025-10-20 19:43:51.000,2025-11-08 19:43:51.000,249,1417
1491,d0ae5db0,Birthday Month,"{""birthday_month"": ""current""}",1,2025-10-20 19:43:51.000,2025-10-22 19:43:51.000,249,1417
1492,b3b072bb,New Members,"{""created_days_max"": 30}",0,2025-10-20 19:43:51.000,2025-10-20 19:43:51.000,249,1417
1493,3351e2a2,Inactive 90+,"{""inactive_days_min"": 90}",0,2025-10-20 19:43:51.000,2025-11-23 19:43:51.000,249,1417
1494,f73bff10,High Spenders,"{""avg_ticket_min"": 50}",1,2025-10-20 19:43:51.000,2025-11-07 19:43:51.000,249,1417
1495,41217d6d,VIP Customers,"{""min_balance"": 1000, ""last_active_days"": 30}",1,2025-10-20 19:43:51.000,2025-11-14 19:43:51.000,250,1421
1496,9c28205c,At Risk,"{""inactive_days_min"": 60, ""inactive_days_max"": 89}",1,2025-10-20 19:43:51.000,2025-11-11 19:43:51.000,250,1421
1497,20afeeb9,Birthday Month,"{""birthday_month"": ""current""}",1,2025-10-20 19:43:51.000,2025-11-06 19:43:51.000,250,1421
1498,947d5bc6,New Members,"{""created_days_max"": 30}",1,2025-10-20 19:43:51.000,2025-11-28 19:43:51.000,250,1421
1499,576d8966,Inactive 90+,"{""inactive_days_min"": 90}",1,2025-10-20 19:43:51.000,2025-11-27 19:43:51.000,250,1421
1500,50ee8a53,High Spenders,"{""avg_ticket_min"": 50}",1,2025-10-20 19:43:51.000,2025-11-05 19:43:51.000,250,1421
1501,56820a77,VIP Customers,"{""min_balance"": 1000, ""last_active_days"": 30}",1,2025-10-20 19:43:51.000,2025-11-25 19:43:51.000,251,1433
1502,501b1836,At Risk,"{""inactive_days_min"": 60, ""inactive_days_max"": 89}",0,2025-10-20 19:43:51.000,2025-11-25 19:43:51.000,251,1433
1503,23cd6096,Birthday Month,"{""birthday_month"": ""current""}",1,2025-10-20 19:43:51.000,2025-12-12 19:43:51.000,251,1433
1504,8633cf66,New Members,"{""created_days_max"": 30}",0,2025-10-20 19:43:51.000,2025-11-09 19:43:51.000,251,1433
1505,84dfaa39,Inactive 90+,"{""inactive_days_min"": 90}",0,2025-10-20 19:43:51.000,2025-11-10 19:43:51.000,251,1433
1506,1152447d,High Spenders,"{""avg_ticket_min"": 50}",1,2025-10-20 19:43:51.000,2025-12-10 19:43:51.000,251,1433
1507,efa38011,VIP Customers,"{""min_balance"": 1000, ""last_active_days"": 30}",1,2025-10-20 19:43:51.000,2025-11-04 19:43:51.000,252,1438
1508,de562e67,At Risk,"{""inactive_days_min"": 60, ""inactive_days_max"": 89}",0,2025-10-20 19:43:51.000,2025-12-07 19:43:51.000,252,1438
1509,d5fc1850,Birthday Month,"{""birthday_month"": ""current""}",1,2025-10-20 19:43:51.000,2025-11-29 19:43:51.000,252,1438
1510,99b5e11c,New Members,"{""created_days_max"": 30}",0,2025-10-20 19:43:51.000,2025-11-04 19:43:51.000,252,1438
1511,68a5eca1,Inactive 90+,"{""inactive_days_min"": 90}",1,2025-10-20 19:43:51.000,2025-11-02 19:43:51.000,252,1438
1512,9e887898,High Spenders,"{""avg_ticket_min"": 50}",1,2025-10-20 19:43:51.000,2025-11-04 19:43:51.000,252,1438
1513,33879b4b,VIP Customers,"{""min_balance"": 1000, ""last_active_days"": 30}",0,2025-10-20 19:43:51.000,2025-12-11 19:43:51.000,253,1444
1514,076f8156,At Risk,"{""inactive_days_min"": 60, ""inactive_days_max"": 89}",0,2025-10-20 19:43:51.000,2025-10-27 19:43:51.000,253,1444
1515,2a47af6e,Birthday Month,"{""birthday_month"": ""current""}",0,2025-10-20 19:43:51.000,2025-11-17 19:43:51.000,253,1444
1516,8f7c5ba0,New Members,"{""created_days_max"": 30}",0,2025-10-20 19:43:51.000,2025-12-01 19:43:51.000,253,1444
1517,67768927,Inactive 90+,"{""inactive_days_min"": 90}",0,2025-10-20 19:43:51.000,2025-10-25 19:43:51.000,253,1444
1518,707dd72d,High Spenders,"{""avg_ticket_min"": 50}",1,2025-10-20 19:43:51.000,2025-11-16 19:43:51.000,253,1444
1519,839e5fd3,VIP Customers,"{""min_balance"": 1000, ""last_active_days"": 30}",1,2025-10-20 19:43:51.000,2025-11-29 19:43:51.000,254,1448
1520,f92d7153,At Risk,"{""inactive_days_min"": 60, ""inactive_days_max"": 89}",1,2025-10-20 19:43:51.000,2025-12-14 19:43:51.000,254,1448
1521,671ebf54,Birthday Month,"{""birthday_month"": ""current""}",1,2025-10-20 19:43:51.000,2025-12-06 19:43:51.000,254,1448
1522,f381b49a,New Members,"{""created_days_max"": 30}",0,2025-10-20 19:43:51.000,2025-12-11 19:43:51.000,254,1448
1523,31e405e0,Inactive 90+,"{""inactive_days_min"": 90}",1,2025-10-20 19:43:51.000,2025-11-04 19:43:51.000,254,1448
1524,9cd89a3d,High Spenders,"{""avg_ticket_min"": 50}",0,2025-10-20 19:43:51.000,2025-12-17 19:43:51.000,254,1448
1525,db4fb0e3,VIP Customers,"{""min_balance"": 1000, ""last_active_days"": 30}",1,2025-10-20 19:43:51.000,2025-11-28 19:43:51.000,255,1451
1526,e56f6781,At Risk,"{""inactive_days_min"": 60, ""inactive_days_max"": 89}",0,2025-10-20 19:43:51.000,2025-11-26 19:43:51.000,255,1451
1527,ab3925b9,Birthday Month,"{""birthday_month"": ""current""}",1,2025-10-20 19:43:51.000,2025-11-27 19:43:51.000,255,1451
1528,31f9f18d,New Members,"{""created_days_max"": 30}",1,2025-10-20 19:43:51.000,2025-11-19 19:43:51.000,255,1451
1529,3fdce067,Inactive 90+,"{""inactive_days_min"": 90}",1,2025-10-20 19:43:51.000,2025-11-15 19:43:51.000,255,1451
1530,df360fd6,High Spenders,"{""avg_ticket_min"": 50}",0,2025-10-20 19:43:51.000,2025-11-21 19:43:51.000,255,1451
1531,06bebfb5,VIP Customers,"{""min_balance"": 1000, ""last_active_days"": 30}",0,2025-10-20 19:43:51.000,2025-11-22 19:43:51.000,256,1459
1532,a3c9e3fa,At Risk,"{""inactive_days_min"": 60, ""inactive_days_max"": 89}",0,2025-10-20 19:43:51.000,2025-11-24 19:43:51.000,256,1459
1533,7c7b2169,Birthday Month,"{""birthday_month"": ""current""}",1,2025-10-20 19:43:51.000,2025-12-19 19:43:51.000,256,1459
1534,7e83513b,New Members,"{""created_days_max"": 30}",0,2025-10-20 19:43:51.000,2025-10-24 19:43:51.000,256,1459
1535,1e025de4,Inactive 90+,"{""inactive_days_min"": 90}",1,2025-10-20 19:43:51.000,2025-11-23 19:43:51.000,256,1459
1536,20047e7f,High Spenders,"{""avg_ticket_min"": 50}",0,2025-10-20 19:43:51.000,2025-12-03 19:43:51.000,256,1459
1537,67dbbd75,VIP Customers,"{""min_balance"": 1000, ""last_active_days"": 30}",1,2025-10-20 19:43:51.000,2025-11-23 19:43:51.000,257,1462
1538,b46895e0,At Risk,"{""inactive_days_min"": 60, ""inactive_days_max"": 89}",0,2025-10-20 19:43:51.000,2025-12-06 19:43:51.000,257,1462
1539,d392866c,Birthday Month,"{""birthday_month"": ""current""}",1,2025-10-20 19:43:51.000,2025-11-21 19:43:51.000,257,1462
1540,0a5fda6d,New Members,"{""created_days_max"": 30}",0,2025-10-20 19:43:51.000,2025-12-02 19:43:51.000,257,1462
1541,f8f11e8e,Inactive 90+,"{""inactive_days_min"": 90}",0,2025-10-20 19:43:51.000,2025-11-25 19:43:51.000,257,1462
1542,29506ec2,High Spenders,"{""avg_ticket_min"": 50}",1,2025-10-20 19:43:51.000,2025-10-25 19:43:51.000,257,1462
1543,957de419,VIP Customers,"{""min_balance"": 1000, ""last_active_days"": 30}",0,2025-10-20 19:43:51.000,2025-11-17 19:43:51.000,258,1472
1544,b95f7413,At Risk,"{""inactive_days_min"": 60, ""inactive_days_max"": 89}",0,2025-10-20 19:43:51.000,2025-11-29 19:43:51.000,258,1472
1545,0b3e5571,Birthday Month,"{""birthday_month"": ""current""}",1,2025-10-20 19:43:51.000,2025-12-01 19:43:51.000,258,1472
1546,bb5a75fb,New Members,"{""created_days_max"": 30}",0,2025-10-20 19:43:51.000,2025-10-22 19:43:51.000,258,1472
1547,a146f918,Inactive 90+,"{""inactive_days_min"": 90}",0,2025-10-20 19:43:51.000,2025-12-11 19:43:51.000,258,1472
1548,39934770,High Spenders,"{""avg_ticket_min"": 50}",1,2025-10-20 19:43:51.000,2025-10-26 19:43:51.000,258,1472
1549,dec43cc9,VIP Customers,"{""min_balance"": 1000, ""last_active_days"": 30}",1,2025-10-20 19:43:51.000,2025-12-17 19:43:51.000,259,1483
1550,1aa094df,At Risk,"{""inactive_days_min"": 60, ""inactive_days_max"": 89}",0,2025-10-20 19:43:51.000,2025-10-26 19:43:51.000,259,1483
1551,4da98087,Birthday Month,"{""birthday_month"": ""current""}",0,2025-10-20 19:43:51.000,2025-11-30 19:43:51.000,259,1483
1552,29bac140,New Members,"{""created_days_max"": 30}",1,2025-10-20 19:43:51.000,2025-12-17 19:43:51.000,259,1483
1553,2402ebe8,Inactive 90+,"{""inactive_days_min"": 90}",0,2025-10-20 19:43:51.000,2025-11-12 19:43:51.000,259,1483
1554,3aeb436c,High Spenders,"{""avg_ticket_min"": 50}",0,2025-10-20 19:43:51.000,2025-10-23 19:43:51.000,259,1483
1555,22f38b73,VIP Customers,"{""min_balance"": 1000, ""last_active_days"": 30}",0,2025-10-20 19:43:51.000,2025-11-14 19:43:51.000,260,1488
1556,ff69d53b,At Risk,"{""inactive_days_min"": 60, ""inactive_days_max"": 89}",1,2025-10-20 19:43:51.000,2025-10-29 19:43:51.000,260,1488
1557,ef75d494,Birthday Month,"{""birthday_month"": ""current""}",0,2025-10-20 19:43:51.000,2025-12-05 19:43:51.000,260,1488
1558,874a1428,New Members,"{""created_days_max"": 30}",1,2025-10-20 19:43:51.000,2025-12-08 19:43:51.000,260,1488
1559,208cb0cc,Inactive 90+,"{""inactive_days_min"": 90}",0,2025-10-20 19:43:51.000,2025-11-17 19:43:51.000,260,1488
1560,c1fca424,High Spenders,"{""avg_ticket_min"": 50}",1,2025-10-20 19:43:51.000,2025-12-19 19:43:51.000,260,1488
1561,84d07639,VIP Customers,"{""min_balance"": 1000, ""last_active_days"": 30}",0,2025-10-20 19:43:51.000,2025-10-20 19:43:51.000,261,1495
1562,ec2c68c9,At Risk,"{""inactive_days_min"": 60, ""inactive_days_max"": 89}",0,2025-10-20 19:43:51.000,2025-12-10 19:43:51.000,261,1495
1563,d6032b2b,Birthday Month,"{""birthday_month"": ""current""}",1,2025-10-20 19:43:51.000,2025-11-04 19:43:51.000,261,1495
1564,a4596729,New Members,"{""created_days_max"": 30}",0,2025-10-20 19:43:51.000,2025-12-19 19:43:51.000,261,1495
1565,81caada2,Inactive 90+,"{""inactive_days_min"": 90}",0,2025-10-20 19:43:51.000,2025-11-26 19:43:51.000,261,1495
1566,9a79cdf4,High Spenders,"{""avg_ticket_min"": 50}",0,2025-10-20 19:43:51.000,2025-11-16 19:43:51.000,261,1495
1567,cd603844,VIP Customers,"{""min_balance"": 1000, ""last_active_days"": 30}",0,2025-10-20 19:43:51.000,2025-11-07 19:43:51.000,262,1500
1568,4f22a121,At Risk,"{""inactive_days_min"": 60, ""inactive_days_max"": 89}",0,2025-10-20 19:43:51.000,2025-10-27 19:43:51.000,262,1500
1569,67dd844f,Birthday Month,"{""birthday_month"": ""current""}",1,2025-10-20 19:43:51.000,2025-11-06 19:43:51.000,262,1500
1570,850a8e23,New Members,"{""created_days_max"": 30}",1,2025-10-20 19:43:51.000,2025-12-19 19:43:51.000,262,1500
1571,d227d5d2,Inactive 90+,"{""inactive_days_min"": 90}",0,2025-10-20 19:43:51.000,2025-10-31 19:43:51.000,262,1500
1572,b4b439f0,High Spenders,"{""avg_ticket_min"": 50}",1,2025-10-20 19:43:51.000,2025-11-15 19:43:51.000,262,1500
1573,b3c91be4,VIP Customers,"{""min_balance"": 1000, ""last_active_days"": 30}",0,2025-10-20 19:43:51.000,2025-11-15 19:43:51.000,263,1506
1574,2536c987,At Risk,"{""inactive_days_min"": 60, ""inactive_days_max"": 89}",1,2025-10-20 19:43:51.000,2025-12-01 19:43:51.000,263,1506
1575,84093958,Birthday Month,"{""birthday_month"": ""current""}",1,2025-10-20 19:43:51.000,2025-11-09 19:43:51.000,263,1506
1576,75368288,New Members,"{""created_days_max"": 30}",0,2025-10-20 19:43:51.000,2025-12-08 19:43:51.000,263,1506
1577,4bbde0df,Inactive 90+,"{""inactive_days_min"": 90}",1,2025-10-20 19:43:51.000,2025-11-20 19:43:51.000,263,1506
1578,4099fd97,High Spenders,"{""avg_ticket_min"": 50}",1,2025-10-20 19:43:51.000,2025-12-01 19:43:51.000,263,1506
1579,c3130825,VIP Customers,"{""min_balance"": 1000, ""last_active_days"": 30}",1,2025-10-20 19:43:51.000,2025-11-11 19:43:51.000,264,1513
1580,2b8d55aa,At Risk,"{""inactive_days_min"": 60, ""inactive_days_max"": 89}",0,2025-10-20 19:43:51.000,2025-11-22 19:43:51.000,264,1513
1581,7f1ad574,Birthday Month,"{""birthday_month"": ""current""}",0,2025-10-20 19:43:51.000,2025-11-10 19:43:51.000,264,1513
1582,94a62727,New Members,"{""created_days_max"": 30}",1,2025-10-20 19:43:51.000,2025-11-04 19:43:51.000,264,1513
1583,2fa91bd3,Inactive 90+,"{""inactive_days_min"": 90}",1,2025-10-20 19:43:51.000,2025-10-26 19:43:51.000,264,1513
1584,5fd2874a,High Spenders,"{""avg_ticket_min"": 50}",0,2025-10-20 19:43:51.000,2025-11-25 19:43:51.000,264,1513
1585,584bc6c1,VIP Customers,"{""min_balance"": 1000, ""last_active_days"": 30}",0,2025-10-20 19:43:51.000,2025-12-10 19:43:51.000,265,1518
1586,9c4cb542,At Risk,"{""inactive_days_min"": 60, ""inactive_days_max"": 89}",0,2025-10-20 19:43:51.000,2025-11-11 19:43:51.000,265,1518
1587,fcafe4fa,Birthday Month,"{""birthday_month"": ""current""}",0,2025-10-20 19:43:51.000,2025-10-24 19:43:51.000,265,1518
1588,2a2bafae,New Members,"{""created_days_max"": 30}",1,2025-10-20 19:43:51.000,2025-12-02 19:43:51.000,265,1518
1589,d75f81e8,Inactive 90+,"{""inactive_days_min"": 90}",1,2025-10-20 19:43:51.000,2025-10-23 19:43:51.000,265,1518
1590,7d4b5d10,High Spenders,"{""avg_ticket_min"": 50}",0,2025-10-20 19:43:51.000,2025-11-01 19:43:51.000,265,1518
1591,1bd26c68,VIP Customers,"{""min_balance"": 1000, ""last_active_days"": 30}",0,2025-10-20 19:43:51.000,2025-12-11 19:43:51.000,266,1523
1592,e5a514af,At Risk,"{""inactive_days_min"": 60, ""inactive_days_max"": 89}",0,2025-10-20 19:43:51.000,2025-10-29 19:43:51.000,266,1523
1593,ca1dd3ac,Birthday Month,"{""birthday_month"": ""current""}",0,2025-10-20 19:43:51.000,2025-11-23 19:43:51.000,266,1523
1594,97be902e,New Members,"{""created_days_max"": 30}",0,2025-10-20 19:43:51.000,2025-11-30 19:43:51.000,266,1523
1595,d3753c37,Inactive 90+,"{""inactive_days_min"": 90}",1,2025-10-20 19:43:51.000,2025-11-25 19:43:51.000,266,1523
1596,f9bb069e,High Spenders,"{""avg_ticket_min"": 50}",0,2025-10-20 19:43:51.000,2025-10-25 19:43:51.000,266,1523
1597,2502ecab,VIP Customers,"{""min_balance"": 1000, ""last_active_days"": 30}",1,2025-10-20 19:43:51.000,2025-11-16 19:43:51.000,267,1535
1598,1cf49a9f,At Risk,"{""inactive_days_min"": 60, ""inactive_days_max"": 89}",0,2025-10-20 19:43:51.000,2025-11-23 19:43:51.000,267,1535
1599,59d7ee2c,Birthday Month,"{""birthday_month"": ""current""}",0,2025-10-20 19:43:51.000,2025-12-04 19:43:51.000,267,1535
1600,4c22ff17,New Members,"{""created_days_max"": 30}",1,2025-10-20 19:43:51.000,2025-11-16 19:43:51.000,267,1535
1601,489c6791,Inactive 90+,"{""inactive_days_min"": 90}",0,2025-10-20 19:43:51.000,2025-11-18 19:43:51.000,267,1535
1602,673803ea,High Spenders,"{""avg_ticket_min"": 50}",0,2025-10-20 19:43:51.000,2025-11-14 19:43:51.000,267,1535
1603,12ee434f,VIP Customers,"{""min_balance"": 1000, ""last_active_days"": 30}",1,2025-10-20 19:43:51.000,2025-10-23 19:43:51.000,268,1541
1604,378398c4,At Risk,"{""inactive_days_min"": 60, ""inactive_days_max"": 89}",0,2025-10-20 19:43:51.000,2025-10-31 19:43:51.000,268,1541
1605,04bc96de,Birthday Month,"{""birthday_month"": ""current""}",1,2025-10-20 19:43:51.000,2025-11-21 19:43:51.000,268,1541
1606,668531d0,New Members,"{""created_days_max"": 30}",1,2025-10-20 19:43:51.000,2025-12-14 19:43:51.000,268,1541
1607,58f8f043,Inactive 90+,"{""inactive_days_min"": 90}",0,2025-10-20 19:43:51.000,2025-11-05 19:43:51.000,268,1541
1608,37533e0c,High Spenders,"{""avg_ticket_min"": 50}",1,2025-10-20 19:43:51.000,2025-12-01 19:43:51.000,268,1541
1609,835bed91,VIP Customers,"{""min_balance"": 1000, ""last_active_days"": 30}",0,2025-10-20 19:43:51.000,2025-11-27 19:43:51.000,269,1548
1610,217461a2,At Risk,"{""inactive_days_min"": 60, ""inactive_days_max"": 89}",1,2025-10-20 19:43:51.000,2025-11-30 19:43:51.000,269,1548
1611,1928a608,Birthday Month,"{""birthday_month"": ""current""}",1,2025-10-20 19:43:51.000,2025-10-25 19:43:51.000,269,1548
1612,0b357233,New Members,"{""created_days_max"": 30}",0,2025-10-20 19:43:51.000,2025-11-13 19:43:51.000,269,1548
1613,79f99066,Inactive 90+,"{""inactive_days_min"": 90}",1,2025-10-20 19:43:51.000,2025-11-07 19:43:51.000,269,1548
1614,9af55b33,High Spenders,"{""avg_ticket_min"": 50}",0,2025-10-20 19:43:51.000,2025-11-22 19:43:51.000,269,1548
1615,53e0010e,VIP Customers,"{""min_balance"": 1000, ""last_active_days"": 30}",0,2025-10-20 19:43:51.000,2025-11-21 19:43:51.000,270,1552
1616,3febe51f,At Risk,"{""inactive_days_min"": 60, ""inactive_days_max"": 89}",0,2025-10-20 19:43:51.000,2025-12-18 19:43:51.000,270,1552
1617,4094dd1d,Birthday Month,"{""birthday_month"": ""current""}",0,2025-10-20 19:43:51.000,2025-12-12 19:43:51.000,270,1552
1618,69817293,New Members,"{""created_days_max"": 30}",0,2025-10-20 19:43:51.000,2025-12-05 19:43:51.000,270,1552
1619,736290bb,Inactive 90+,"{""inactive_days_min"": 90}",0,2025-10-20 19:43:51.000,2025-12-03 19:43:51.000,270,1552
1620,35ebbda8,High Spenders,"{""avg_ticket_min"": 50}",1,2025-10-20 19:43:51.000,2025-12-16 19:43:51.000,270,1552
1621,40e3b977,VIP Customers,"{""min_balance"": 1000, ""last_active_days"": 30}",0,2025-10-20 19:43:51.000,2025-11-24 19:43:51.000,271,1556
1622,ca1b0d36,At Risk,"{""inactive_days_min"": 60, ""inactive_days_max"": 89}",1,2025-10-20 19:43:51.000,2025-11-17 19:43:51.000,271,1556
1623,96d75e1b,Birthday Month,"{""birthday_month"": ""current""}",1,2025-10-20 19:43:51.000,2025-11-05 19:43:51.000,271,1556
1624,bee8a4d1,New Members,"{""created_days_max"": 30}",0,2025-10-20 19:43:51.000,2025-12-09 19:43:51.000,271,1556
1625,2041eadb,Inactive 90+,"{""inactive_days_min"": 90}",1,2025-10-20 19:43:51.000,2025-12-18 19:43:51.000,271,1556
1626,0e7a3d00,High Spenders,"{""avg_ticket_min"": 50}",1,2025-10-20 19:43:51.000,2025-12-09 19:43:51.000,271,1556
1627,03de0ccb,VIP Customers,"{""min_balance"": 1000, ""last_active_days"": 30}",0,2025-10-20 19:43:51.000,2025-11-21 19:43:51.000,272,1560
1628,a2b62bc3,At Risk,"{""inactive_days_min"": 60, ""inactive_days_max"": 89}",1,2025-10-20 19:43:51.000,2025-11-24 19:43:51.000,272,1560
1629,a4c54bcd,Birthday Month,"{""birthday_month"": ""current""}",1,2025-10-20 19:43:51.000,2025-11-13 19:43:51.000,272,1560
1630,26b72760,New Members,"{""created_days_max"": 30}",0,2025-10-20 19:43:51.000,2025-10-25 19:43:51.000,272,1560
1631,336c7c08,Inactive 90+,"{""inactive_days_min"": 90}",1,2025-10-20 19:43:51.000,2025-10-30 19:43:51.000,272,1560
1632,1b78ccc4,High Spenders,"{""avg_ticket_min"": 50}",0,2025-10-20 19:43:51.000,2025-11-22 19:43:51.000,272,1560
1633,35a640a1,VIP Customers,"{""min_balance"": 1000, ""last_active_days"": 30}",0,2025-10-20 19:43:51.000,2025-12-14 19:43:51.000,273,1567
1634,dfa11999,At Risk,"{""inactive_days_min"": 60, ""inactive_days_max"": 89}",0,2025-10-20 19:43:51.000,2025-12-17 19:43:51.000,273,1567
1635,76e9cb9a,Birthday Month,"{""birthday_month"": ""current""}",0,2025-10-20 19:43:51.000,2025-11-03 19:43:51.000,273,1567
1636,4648c4f6,New Members,"{""created_days_max"": 30}",1,2025-10-20 19:43:51.000,2025-10-22 19:43:51.000,273,1567
1637,0e8e28ca,Inactive 90+,"{""inactive_days_min"": 90}",1,2025-10-20 19:43:51.000,2025-11-21 19:43:51.000,273,1567
1638,a2380339,High Spenders,"{""avg_ticket_min"": 50}",1,2025-10-20 19:43:51.000,2025-12-07 19:43:51.000,273,1567
1639,34257c33,VIP Customers,"{""min_balance"": 1000, ""last_active_days"": 30}",1,2025-10-20 19:43:51.000,2025-12-16 19:43:51.000,274,1571
1640,93213ec3,At Risk,"{""inactive_days_min"": 60, ""inactive_days_max"": 89}",0,2025-10-20 19:43:51.000,2025-11-14 19:43:51.000,274,1571
1641,0b789a7a,Birthday Month,"{""birthday_month"": ""current""}",0,2025-10-20 19:43:51.000,2025-10-24 19:43:51.000,274,1571
1642,ebb5a9bc,New Members,"{""created_days_max"": 30}",1,2025-10-20 19:43:51.000,2025-10-28 19:43:51.000,274,1571
1643,655686c3,Inactive 90+,"{""inactive_days_min"": 90}",1,2025-10-20 19:43:51.000,2025-12-01 19:43:51.000,274,1571
1644,961abf9c,High Spenders,"{""avg_ticket_min"": 50}",1,2025-10-20 19:43:51.000,2025-11-19 19:43:51.000,274,1571
1645,a20cf7cc,VIP Customers,"{""min_balance"": 1000, ""last_active_days"": 30}",0,2025-10-20 19:43:51.000,2025-11-03 19:43:51.000,275,1576
1646,c224c91f,At Risk,"{""inactive_days_min"": 60, ""inactive_days_max"": 89}",1,2025-10-20 19:43:51.000,2025-11-20 19:43:51.000,275,1576
1647,a30569ce,Birthday Month,"{""birthday_month"": ""current""}",1,2025-10-20 19:43:51.000,2025-11-25 19:43:51.000,275,1576
1648,c2213d1d,New Members,"{""created_days_max"": 30}",1,2025-10-20 19:43:51.000,2025-11-30 19:43:51.000,275,1576
1649,f690eb40,Inactive 90+,"{""inactive_days_min"": 90}",1,2025-10-20 19:43:51.000,2025-12-14 19:43:51.000,275,1576
1650,49af5993,High Spenders,"{""avg_ticket_min"": 50}",0,2025-10-20 19:43:51.000,2025-11-06 19:43:51.000,275,1576
1651,402a5d5e,VIP Customers,"{""min_balance"": 1000, ""last_active_days"": 30}",1,2025-10-20 19:43:51.000,2025-12-13 19:43:51.000,276,1585
1652,0a9289dd,At Risk,"{""inactive_days_min"": 60, ""inactive_days_max"": 89}",0,2025-10-20 19:43:51.000,2025-11-26 19:43:51.000,276,1585
1653,12f8e650,Birthday Month,"{""birthday_month"": ""current""}",1,2025-10-20 19:43:51.000,2025-11-30 19:43:51.000,276,1585
1654,97b95f8d,New Members,"{""created_days_max"": 30}",1,2025-10-20 19:43:51.000,2025-12-17 19:43:51.000,276,1585
1655,b1c93d60,Inactive 90+,"{""inactive_days_min"": 90}",0,2025-10-20 19:43:51.000,2025-12-03 19:43:51.000,276,1585
1656,30ba0a59,High Spenders,"{""avg_ticket_min"": 50}",0,2025-10-20 19:43:51.000,2025-12-09 19:43:51.000,276,1585
1657,83b25251,VIP Customers,"{""min_balance"": 1000, ""last_active_days"": 30}",0,2025-10-20 19:43:51.000,2025-10-27 19:43:51.000,277,1588
1658,4794b024,At Risk,"{""inactive_days_min"": 60, ""inactive_days_max"": 89}",0,2025-10-20 19:43:51.000,2025-10-27 19:43:51.000,277,1588
1659,14166046,Birthday Month,"{""birthday_month"": ""current""}",1,2025-10-20 19:43:51.000,2025-11-12 19:43:51.000,277,1588
1660,728c9865,New Members,"{""created_days_max"": 30}",0,2025-10-20 19:43:51.000,2025-11-10 19:43:51.000,277,1588
1661,cd4b7b57,Inactive 90+,"{""inactive_days_min"": 90}",0,2025-10-20 19:43:51.000,2025-11-10 19:43:51.000,277,1588
1662,96076096,High Spenders,"{""avg_ticket_min"": 50}",0,2025-10-20 19:43:51.000,2025-11-05 19:43:51.000,277,1588
1663,ffd1ccc1,VIP Customers,"{""min_balance"": 1000, ""last_active_days"": 30}",0,2025-10-20 19:43:51.000,2025-12-16 19:43:51.000,278,1595
1664,638f3f3f,At Risk,"{""inactive_days_min"": 60, ""inactive_days_max"": 89}",1,2025-10-20 19:43:51.000,2025-12-06 19:43:51.000,278,1595
1665,a3f0954d,Birthday Month,"{""birthday_month"": ""current""}",1,2025-10-20 19:43:51.000,2025-11-18 19:43:51.000,278,1595
1666,367ab295,New Members,"{""created_days_max"": 30}",1,2025-10-20 19:43:51.000,2025-11-26 19:43:51.000,278,1595
1667,72120591,Inactive 90+,"{""inactive_days_min"": 90}",0,2025-10-20 19:43:51.000,2025-11-18 19:43:51.000,278,1595
1668,9d0d1c22,High Spenders,"{""avg_ticket_min"": 50}",0,2025-10-20 19:43:51.000,2025-11-30 19:43:51.000,278,1595
1669,22e52455,VIP Customers,"{""min_balance"": 1000, ""last_active_days"": 30}",0,2025-10-20 19:43:51.000,2025-12-15 19:43:51.000,279,1598
1670,424732e0,At Risk,"{""inactive_days_min"": 60, ""inactive_days_max"": 89}",1,2025-10-20 19:43:51.000,2025-11-02 19:43:51.000,279,1598
1671,ddb21c98,Birthday Month,"{""birthday_month"": ""current""}",1,2025-10-20 19:43:51.000,2025-12-07 19:43:51.000,279,1598
1672,d1e063ce,New Members,"{""created_days_max"": 30}",1,2025-10-20 19:43:51.000,2025-10-20 19:43:51.000,279,1598
1673,238290e4,Inactive 90+,"{""inactive_days_min"": 90}",1,2025-10-20 19:43:51.000,2025-11-04 19:43:51.000,279,1598
1674,f4e22f34,High Spenders,"{""avg_ticket_min"": 50}",0,2025-10-20 19:43:51.000,2025-10-27 19:43:51.000,279,1598
1675,c834c8df,VIP Customers,"{""min_balance"": 1000, ""last_active_days"": 30}",1,2025-10-20 19:43:51.000,2025-11-14 19:43:51.000,280,1601
1676,cf94633c,At Risk,"{""inactive_days_min"": 60, ""inactive_days_max"": 89}",1,2025-10-20 19:43:51.000,2025-10-23 19:43:51.000,280,1601
1677,96c364cc,Birthday Month,"{""birthday_month"": ""current""}",1,2025-10-20 19:43:51.000,2025-11-26 19:43:51.000,280,1601
1678,60f65af3,New Members,"{""created_days_max"": 30}",0,2025-10-20 19:43:51.000,2025-12-02 19:43:51.000,280,1601
1679,7cf06ff0,Inactive 90+,"{""inactive_days_min"": 90}",0,2025-10-20 19:43:51.000,2025-11-29 19:43:51.000,280,1601
1680,1293b3b1,High Spenders,"{""avg_ticket_min"": 50}",0,2025-10-20 19:43:51.000,2025-11-18 19:43:51.000,280,1601
1681,0c3a55e0,VIP Customers,"{""min_balance"": 1000, ""last_active_days"": 30}",0,2025-10-20 19:43:51.000,2025-11-19 19:43:51.000,281,1604
1682,3ad35ff4,At Risk,"{""inactive_days_min"": 60, ""inactive_days_max"": 89}",0,2025-10-20 19:43:51.000,2025-11-25 19:43:51.000,281,1604
1683,af239ce6,Birthday Month,"{""birthday_month"": ""current""}",0,2025-10-20 19:43:51.000,2025-10-28 19:43:51.000,281,1604
1684,b61803f6,New Members,"{""created_days_max"": 30}",0,2025-10-20 19:43:51.000,2025-11-29 19:43:51.000,281,1604
1685,c502ecf8,Inactive 90+,"{""inactive_days_min"": 90}",0,2025-10-20 19:43:51.000,2025-12-19 19:43:51.000,281,1604
1686,e58712b5,High Spenders,"{""avg_ticket_min"": 50}",0,2025-10-20 19:43:51.000,2025-12-18 19:43:51.000,281,1604
1687,38909c43,VIP Customers,"{""min_balance"": 1000, ""last_active_days"": 30}",1,2025-10-20 19:43:51.000,2025-12-06 19:43:51.000,282,1611
1688,ee542caa,At Risk,"{""inactive_days_min"": 60, ""inactive_days_max"": 89}",1,2025-10-20 19:43:51.000,2025-11-04 19:43:51.000,282,1611
1689,31d5e301,Birthday Month,"{""birthday_month"": ""current""}",1,2025-10-20 19:43:51.000,2025-11-17 19:43:51.000,282,1611
1690,310b79cd,New Members,"{""created_days_max"": 30}",0,2025-10-20 19:43:51.000,2025-12-17 19:43:51.000,282,1611
1691,ee54cdc8,Inactive 90+,"{""inactive_days_min"": 90}",1,2025-10-20 19:43:51.000,2025-11-06 19:43:51.000,282,1611
1692,374796d7,High Spenders,"{""avg_ticket_min"": 50}",1,2025-10-20 19:43:51.000,2025-11-16 19:43:51.000,282,1611
1693,ae7e3441,VIP Customers,"{""min_balance"": 1000, ""last_active_days"": 30}",0,2025-10-20 19:43:51.000,2025-11-12 19:43:51.000,283,1615
1694,5599f75e,At Risk,"{""inactive_days_min"": 60, ""inactive_days_max"": 89}",0,2025-10-20 19:43:51.000,2025-12-05 19:43:51.000,283,1615
1695,c454e5a4,Birthday Month,"{""birthday_month"": ""current""}",0,2025-10-20 19:43:51.000,2025-10-21 19:43:51.000,283,1615
1696,d67984c5,New Members,"{""created_days_max"": 30}",0,2025-10-20 19:43:51.000,2025-12-12 19:43:51.000,283,1615
1697,798c595a,Inactive 90+,"{""inactive_days_min"": 90}",1,2025-10-20 19:43:51.000,2025-11-14 19:43:51.000,283,1615
1698,c7687ff6,High Spenders,"{""avg_ticket_min"": 50}",0,2025-10-20 19:43:51.000,2025-12-10 19:43:51.000,283,1615
1699,d6bd797b,VIP Customers,"{""min_balance"": 1000, ""last_active_days"": 30}",0,2025-10-20 19:43:51.000,2025-10-21 19:43:51.000,284,1618
1700,cafcb594,At Risk,"{""inactive_days_min"": 60, ""inactive_days_max"": 89}",0,2025-10-20 19:43:51.000,2025-10-30 19:43:51.000,284,1618
1701,bf640a99,Birthday Month,"{""birthday_month"": ""current""}",0,2025-10-20 19:43:51.000,2025-11-19 19:43:51.000,284,1618
1702,b584194e,New Members,"{""created_days_max"": 30}",1,2025-10-20 19:43:51.000,2025-10-27 19:43:51.000,284,1618
1703,c0cf67a3,Inactive 90+,"{""inactive_days_min"": 90}",1,2025-10-20 19:43:51.000,2025-11-18 19:43:51.000,284,1618
1704,4d8c11fc,High Spenders,"{""avg_ticket_min"": 50}",0,2025-10-20 19:43:51.000,2025-12-06 19:43:51.000,284,1618
1705,92a52ed6,VIP Customers,"{""min_balance"": 1000, ""last_active_days"": 30}",0,2025-10-20 19:43:51.000,2025-11-18 19:43:51.000,285,1623
1706,24105ae1,At Risk,"{""inactive_days_min"": 60, ""inactive_days_max"": 89}",1,2025-10-20 19:43:51.000,2025-12-16 19:43:51.000,285,1623
1707,c836ea3e,Birthday Month,"{""birthday_month"": ""current""}",1,2025-10-20 19:43:51.000,2025-11-11 19:43:51.000,285,1623
1708,0851c59c,New Members,"{""created_days_max"": 30}",1,2025-10-20 19:43:51.000,2025-10-22 19:43:51.000,285,1623
1709,e4887c5c,Inactive 90+,"{""inactive_days_min"": 90}",1,2025-10-20 19:43:51.000,2025-12-11 19:43:51.000,285,1623
1710,fba988c0,High Spenders,"{""avg_ticket_min"": 50}",1,2025-10-20 19:43:51.000,2025-11-26 19:43:51.000,285,1623
1711,dbfc0e32,VIP Customers,"{""min_balance"": 1000, ""last_active_days"": 30}",1,2025-10-20 19:43:51.000,2025-12-17 19:43:51.000,286,1630
1712,e8dfa061,At Risk,"{""inactive_days_min"": 60, ""inactive_days_max"": 89}",0,2025-10-20 19:43:51.000,2025-11-27 19:43:51.000,286,1630
1713,cea2e2e3,Birthday Month,"{""birthday_month"": ""current""}",1,2025-10-20 19:43:51.000,2025-12-01 19:43:51.000,286,1630
1714,f00f5fc2,New Members,"{""created_days_max"": 30}",1,2025-10-20 19:43:51.000,2025-11-08 19:43:51.000,286,1630
1715,97330ddd,Inactive 90+,"{""inactive_days_min"": 90}",1,2025-10-20 19:43:51.000,2025-11-09 19:43:51.000,286,1630
1716,26e99f72,High Spenders,"{""avg_ticket_min"": 50}",0,2025-10-20 19:43:51.000,2025-12-17 19:43:51.000,286,1630
1717,4a766df6,VIP Customers,"{""min_balance"": 1000, ""last_active_days"": 30}",0,2025-10-20 19:43:51.000,2025-11-15 19:43:51.000,287,1636
1718,f6fa4c0b,At Risk,"{""inactive_days_min"": 60, ""inactive_days_max"": 89}",0,2025-10-20 19:43:51.000,2025-10-23 19:43:51.000,287,1636
1719,21801d3a,Birthday Month,"{""birthday_month"": ""current""}",1,2025-10-20 19:43:51.000,2025-11-25 19:43:51.000,287,1636
1720,ee3ce641,New Members,"{""created_days_max"": 30}",1,2025-10-20 19:43:51.000,2025-11-22 19:43:51.000,287,1636
1721,e8f9b361,Inactive 90+,"{""inactive_days_min"": 90}",1,2025-10-20 19:43:51.000,2025-11-11 19:43:51.000,287,1636
1722,2dbd6ee8,High Spenders,"{""avg_ticket_min"": 50}",0,2025-10-20 19:43:51.000,2025-11-28 19:43:51.000,287,1636
1723,a8163a3c,VIP Customers,"{""min_balance"": 1000, ""last_active_days"": 30}",1,2025-10-20 19:43:51.000,2025-12-07 19:43:51.000,288,1641
1724,f88146a3,At Risk,"{""inactive_days_min"": 60, ""inactive_days_max"": 89}",0,2025-10-20 19:43:51.000,2025-11-30 19:43:51.000,288,1641
1725,07730bdc,Birthday Month,"{""birthday_month"": ""current""}",0,2025-10-20 19:43:51.000,2025-10-21 19:43:51.000,288,1641
1726,f73d3ec1,New Members,"{""created_days_max"": 30}",1,2025-10-20 19:43:51.000,2025-11-27 19:43:51.000,288,1641
1727,11e2eef3,Inactive 90+,"{""inactive_days_min"": 90}",0,2025-10-20 19:43:51.000,2025-10-22 19:43:51.000,288,1641
1728,8cba9cee,High Spenders,"{""avg_ticket_min"": 50}",1,2025-10-20 19:43:51.000,2025-12-09 19:43:51.000,288,1641
1729,def61059,VIP Customers,"{""min_balance"": 1000, ""last_active_days"": 30}",0,2025-10-20 19:43:51.000,2025-10-21 19:43:51.000,289,1648
1730,8e41b02d,At Risk,"{""inactive_days_min"": 60, ""inactive_days_max"": 89}",1,2025-10-20 19:43:51.000,2025-10-22 19:43:51.000,289,1648
1731,1f081148,Birthday Month,"{""birthday_month"": ""current""}",0,2025-10-20 19:43:51.000,2025-11-23 19:43:51.000,289,1648
1732,de137768,New Members,"{""created_days_max"": 30}",0,2025-10-20 19:43:51.000,2025-11-04 19:43:51.000,289,1648
1733,ebb7742b,Inactive 90+,"{""inactive_days_min"": 90}",0,2025-10-20 19:43:51.000,2025-11-18 19:43:51.000,289,1648
1734,7c37a2f8,High Spenders,"{""avg_ticket_min"": 50}",0,2025-10-20 19:43:51.000,2025-11-30 19:43:51.000,289,1648
1735,77470e67,VIP Customers,"{""min_balance"": 1000, ""last_active_days"": 30}",1,2025-10-20 19:43:51.000,2025-12-16 19:43:51.000,290,1652
1736,370fa678,At Risk,"{""inactive_days_min"": 60, ""inactive_days_max"": 89}",0,2025-10-20 19:43:51.000,2025-12-14 19:43:51.000,290,1652
1737,939e7535,Birthday Month,"{""birthday_month"": ""current""}",0,2025-10-20 19:43:51.000,2025-11-25 19:43:51.000,290,1652
1738,bce0ab07,New Members,"{""created_days_max"": 30}",1,2025-10-20 19:43:51.000,2025-11-03 19:43:51.000,290,1652
1739,d15b9193,Inactive 90+,"{""inactive_days_min"": 90}",1,2025-10-20 19:43:51.000,2025-11-12 19:43:51.000,290,1652
1740,9d20c03f,High Spenders,"{""avg_ticket_min"": 50}",0,2025-10-20 19:43:51.000,2025-11-27 19:43:51.000,290,1652
1741,3d3092f7,VIP Customers,"{""min_balance"": 1000, ""last_active_days"": 30}",0,2025-10-20 19:43:51.000,2025-11-19 19:43:51.000,291,1656
1742,2a36c487,At Risk,"{""inactive_days_min"": 60, ""inactive_days_max"": 89}",1,2025-10-20 19:43:51.000,2025-12-08 19:43:51.000,291,1656
1743,f5ba065c,Birthday Month,"{""birthday_month"": ""current""}",0,2025-10-20 19:43:51.000,2025-10-20 19:43:51.000,291,1656
1744,d6d228c9,New Members,"{""created_days_max"": 30}",1,2025-10-20 19:43:51.000,2025-11-19 19:43:51.000,291,1656
1745,ab10306e,Inactive 90+,"{""inactive_days_min"": 90}",0,2025-10-20 19:43:51.000,2025-12-02 19:43:51.000,291,1656
1746,92513b50,High Spenders,"{""avg_ticket_min"": 50}",1,2025-10-20 19:43:51.000,2025-12-05 19:43:51.000,291,1656
1747,a31c97e9,VIP Customers,"{""min_balance"": 1000, ""last_active_days"": 30}",1,2025-10-20 19:43:51.000,2025-10-26 19:43:51.000,292,1661
1748,6a968ede,At Risk,"{""inactive_days_min"": 60, ""inactive_days_max"": 89}",1,2025-10-20 19:43:51.000,2025-10-21 19:43:51.000,292,1661
1749,2071c019,Birthday Month,"{""birthday_month"": ""current""}",0,2025-10-20 19:43:51.000,2025-12-14 19:43:51.000,292,1661
1750,66b22f69,New Members,"{""created_days_max"": 30}",0,2025-10-20 19:43:51.000,2025-11-23 19:43:51.000,292,1661
1751,95facb17,Inactive 90+,"{""inactive_days_min"": 90}",0,2025-10-20 19:43:51.000,2025-12-14 19:43:51.000,292,1661
1752,8a08b7d0,High Spenders,"{""avg_ticket_min"": 50}",0,2025-10-20 19:43:51.000,2025-10-24 19:43:51.000,292,1661
1753,19623cce,VIP Customers,"{""min_balance"": 1000, ""last_active_days"": 30}",1,2025-10-20 19:43:51.000,2025-12-03 19:43:51.000,293,1664
1754,370234db,At Risk,"{""inactive_days_min"": 60, ""inactive_days_max"": 89}",0,2025-10-20 19:43:51.000,2025-11-13 19:43:51.000,293,1664
1755,84691fe0,Birthday Month,"{""birthday_month"": ""current""}",1,2025-10-20 19:43:51.000,2025-10-24 19:43:51.000,293,1664
1756,01e677fb,New Members,"{""created_days_max"": 30}",1,2025-10-20 19:43:51.000,2025-11-05 19:43:51.000,293,1664
1757,19017f40,Inactive 90+,"{""inactive_days_min"": 90}",0,2025-10-20 19:43:51.000,2025-11-03 19:43:51.000,293,1664
1758,f5296c8c,High Spenders,"{""avg_ticket_min"": 50}",1,2025-10-20 19:43:51.000,2025-12-13 19:43:51.000,293,1664
1759,bff0a137,VIP Customers,"{""min_balance"": 1000, ""last_active_days"": 30}",0,2025-10-20 19:43:51.000,2025-11-21 19:43:51.000,294,1669
1760,019bd8b0,At Risk,"{""inactive_days_min"": 60, ""inactive_days_max"": 89}",0,2025-10-20 19:43:51.000,2025-12-09 19:43:51.000,294,1669
1761,056a3f19,Birthday Month,"{""birthday_month"": ""current""}",1,2025-10-20 19:43:51.000,2025-12-05 19:43:51.000,294,1669
1762,9b1d8d6c,New Members,"{""created_days_max"": 30}",1,2025-10-20 19:43:51.000,2025-10-26 19:43:51.000,294,1669
1763,2c1f9a86,Inactive 90+,"{""inactive_days_min"": 90}",1,2025-10-20 19:43:51.000,2025-11-27 19:43:51.000,294,1669
1764,26bfa41e,High Spenders,"{""avg_ticket_min"": 50}",0,2025-10-20 19:43:51.000,2025-10-27 19:43:51.000,294,1669
1765,d708a744,VIP Customers,"{""min_balance"": 1000, ""last_active_days"": 30}",1,2025-10-20 19:43:51.000,2025-12-18 19:43:51.000,295,1673
1766,60b16639,At Risk,"{""inactive_days_min"": 60, ""inactive_days_max"": 89}",1,2025-10-20 19:43:51.000,2025-12-04 19:43:51.000,295,1673
1767,00acd94b,Birthday Month,"{""birthday_month"": ""current""}",0,2025-10-20 19:43:51.000,2025-11-09 19:43:51.000,295,1673
1768,8fb95154,New Members,"{""created_days_max"": 30}",1,2025-10-20 19:43:51.000,2025-10-27 19:43:51.000,295,1673
1769,830fb683,Inactive 90+,"{""inactive_days_min"": 90}",0,2025-10-20 19:43:51.000,2025-12-17 19:43:51.000,295,1673
1770,c7350871,High Spenders,"{""avg_ticket_min"": 50}",0,2025-10-20 19:43:51.000,2025-11-25 19:43:51.000,295,1673
1771,8ade3d32,VIP Customers,"{""min_balance"": 1000, ""last_active_days"": 30}",0,2025-10-20 19:43:51.000,2025-11-28 19:43:51.000,296,1678
1772,711690f8,At Risk,"{""inactive_days_min"": 60, ""inactive_days_max"": 89}",0,2025-10-20 19:43:51.000,2025-12-07 19:43:51.000,296,1678
1773,0c9bbafa,Birthday Month,"{""birthday_month"": ""current""}",0,2025-10-20 19:43:51.000,2025-11-24 19:43:51.000,296,1678
1774,d9cbd3fa,New Members,"{""created_days_max"": 30}",1,2025-10-20 19:43:51.000,2025-12-02 19:43:51.000,296,1678
1775,8ea94efd,Inactive 90+,"{""inactive_days_min"": 90}",1,2025-10-20 19:43:51.000,2025-12-06 19:43:51.000,296,1678
1776,3aacd9d5,High Spenders,"{""avg_ticket_min"": 50}",0,2025-10-20 19:43:51.000,2025-11-17 19:43:51.000,296,1678
1777,a6fbdc1c,VIP Customers,"{""min_balance"": 1000, ""last_active_days"": 30}",1,2025-10-20 19:43:51.000,2025-11-17 19:43:51.000,297,1687
1778,79c54169,At Risk,"{""inactive_days_min"": 60, ""inactive_days_max"": 89}",1,2025-10-20 19:43:51.000,2025-12-03 19:43:51.000,297,1687
1779,5b17455e,Birthday Month,"{""birthday_month"": ""current""}",0,2025-10-20 19:43:51.000,2025-10-21 19:43:51.000,297,1687
1780,f57232ac,New Members,"{""created_days_max"": 30}",0,2025-10-20 19:43:51.000,2025-11-13 19:43:51.000,297,1687
1781,2d0a3582,Inactive 90+,"{""inactive_days_min"": 90}",0,2025-10-20 19:43:51.000,2025-11-04 19:43:51.000,297,1687
1782,520fa149,High Spenders,"{""avg_ticket_min"": 50}",0,2025-10-20 19:43:51.000,2025-10-21 19:43:51.000,297,1687
1783,ef1527fe,VIP Customers,"{""min_balance"": 1000, ""last_active_days"": 30}",1,2025-10-20 19:43:51.000,2025-11-03 19:43:51.000,298,1695
1784,3a9546b6,At Risk,"{""inactive_days_min"": 60, ""inactive_days_max"": 89}",1,2025-10-20 19:43:51.000,2025-12-09 19:43:51.000,298,1695
1785,32753c98,Birthday Month,"{""birthday_month"": ""current""}",1,2025-10-20 19:43:51.000,2025-11-28 19:43:51.000,298,1695
1786,f8fb2443,New Members,"{""created_days_max"": 30}",1,2025-10-20 19:43:51.000,2025-11-04 19:43:51.000,298,1695
1787,0c6bd679,Inactive 90+,"{""inactive_days_min"": 90}",1,2025-10-20 19:43:51.000,2025-11-20 19:43:51.000,298,1695
1788,f39acddd,High Spenders,"{""avg_ticket_min"": 50}",0,2025-10-20 19:43:51.000,2025-12-15 19:43:51.000,298,1695
1789,9980ebec,VIP Customers,"{""min_balance"": 1000, ""last_active_days"": 30}",1,2025-10-20 19:43:51.000,2025-11-04 19:43:51.000,299,1700
1790,40669e4d,At Risk,"{""inactive_days_min"": 60, ""inactive_days_max"": 89}",1,2025-10-20 19:43:51.000,2025-12-19 19:43:51.000,299,1700
1791,49a9249f,Birthday Month,"{""birthday_month"": ""current""}",0,2025-10-20 19:43:51.000,2025-11-16 19:43:51.000,299,1700
1792,b1be55a5,New Members,"{""created_days_max"": 30}",1,2025-10-20 19:43:51.000,2025-11-06 19:43:51.000,299,1700
1793,1dab750f,Inactive 90+,"{""inactive_days_min"": 90}",0,2025-10-20 19:43:51.000,2025-10-23 19:43:51.000,299,1700
1794,c1c1eb1e,High Spenders,"{""avg_ticket_min"": 50}",0,2025-10-20 19:43:51.000,2025-12-12 19:43:51.000,299,1700
1795,c26f3d2e,VIP Customers,"{""min_balance"": 1000, ""last_active_days"": 30}",1,2025-10-20 19:43:51.000,2025-11-23 19:43:51.000,300,1704
1796,776fe88d,At Risk,"{""inactive_days_min"": 60, ""inactive_days_max"": 89}",1,2025-10-20 19:43:51.000,2025-11-04 19:43:51.000,300,1704
1797,e5290a43,Birthday Month,"{""birthday_month"": ""current""}",0,2025-10-20 19:43:51.000,2025-10-20 19:43:51.000,300,1704
1798,8642a9e6,New Members,"{""created_days_max"": 30}",0,2025-10-20 19:43:51.000,2025-11-01 19:43:51.000,300,1704
1799,89549583,Inactive 90+,"{""inactive_days_min"": 90}",1,2025-10-20 19:43:51.000,2025-10-21 19:43:51.000,300,1704
1800,c0deb81b,High Spenders,"{""avg_ticket_min"": 50}",1,2025-10-20 19:43:51.000,2025-11-09 19:43:51.000,300,1704
1801,fed51dfd,VIP Customers,"{""min_balance"": 1000, ""last_active_days"": 30}",1,2025-10-20 19:43:51.000,2025-12-14 19:43:51.000,301,1716
1802,2093ef20,At Risk,"{""inactive_days_min"": 60, ""inactive_days_max"": 89}",0,2025-10-20 19:43:51.000,2025-12-14 19:43:51.000,301,1716
1803,e9aa24df,Birthday Month,"{""birthday_month"": ""current""}",0,2025-10-20 19:43:51.000,2025-12-01 19:43:51.000,301,1716
1804,125eb0c1,New Members,"{""created_days_max"": 30}",1,2025-10-20 19:43:51.000,2025-12-05 19:43:51.000,301,1716
1805,7d2659a7,Inactive 90+,"{""inactive_days_min"": 90}",0,2025-10-20 19:43:51.000,2025-11-26 19:43:51.000,301,1716
1806,c0c7d7ea,High Spenders,"{""avg_ticket_min"": 50}",1,2025-10-20 19:43:51.000,2025-12-13 19:43:51.000,301,1716
1807,a9a3e65d,VIP Customers,"{""min_balance"": 1000, ""last_active_days"": 30}",0,2025-10-20 19:43:51.000,2025-12-02 19:43:51.000,302,1720
1808,c151e5ce,At Risk,"{""inactive_days_min"": 60, ""inactive_days_max"": 89}",1,2025-10-20 19:43:51.000,2025-12-19 19:43:51.000,302,1720
1809,5bb70614,Birthday Month,"{""birthday_month"": ""current""}",1,2025-10-20 19:43:51.000,2025-10-22 19:43:51.000,302,1720
1810,c9c194f0,New Members,"{""created_days_max"": 30}",0,2025-10-20 19:43:51.000,2025-11-03 19:43:51.000,302,1720
1811,55ad47a4,Inactive 90+,"{""inactive_days_min"": 90}",1,2025-10-20 19:43:51.000,2025-11-09 19:43:51.000,302,1720
1812,2106f302,High Spenders,"{""avg_ticket_min"": 50}",1,2025-10-20 19:43:51.000,2025-10-30 19:43:51.000,302,1720
1813,12af718e,VIP Customers,"{""min_balance"": 1000, ""last_active_days"": 30}",1,2025-10-20 19:43:51.000,2025-11-16 19:43:51.000,303,1725
1814,3cef5991,At Risk,"{""inactive_days_min"": 60, ""inactive_days_max"": 89}",1,2025-10-20 19:43:51.000,2025-11-09 19:43:51.000,303,1725
1815,fc65296c,Birthday Month,"{""birthday_month"": ""current""}",1,2025-10-20 19:43:51.000,2025-11-04 19:43:51.000,303,1725
1816,0902d58e,New Members,"{""created_days_max"": 30}",0,2025-10-20 19:43:51.000,2025-11-06 19:43:51.000,303,1725
1817,a5f1c288,Inactive 90+,"{""inactive_days_min"": 90}",1,2025-10-20 19:43:51.000,2025-12-13 19:43:51.000,303,1725
1818,f6128cc2,High Spenders,"{""avg_ticket_min"": 50}",0,2025-10-20 19:43:51.000,2025-10-21 19:43:51.000,303,1725
1819,1764ff99,VIP Customers,"{""min_balance"": 1000, ""last_active_days"": 30}",0,2025-10-20 19:43:51.000,2025-12-02 19:43:51.000,304,1729
1820,e751ee4b,At Risk,"{""inactive_days_min"": 60, ""inactive_days_max"": 89}",1,2025-10-20 19:43:51.000,2025-10-21 19:43:51.000,304,1729
1821,c8ffbbce,Birthday Month,"{""birthday_month"": ""current""}",1,2025-10-20 19:43:51.000,2025-11-08 19:43:51.000,304,1729
1822,4b2e0ead,New Members,"{""created_days_max"": 30}",1,2025-10-20 19:43:51.000,2025-12-01 19:43:51.000,304,1729
1823,912bd416,Inactive 90+,"{""inactive_days_min"": 90}",1,2025-10-20 19:43:51.000,2025-11-02 19:43:51.000,304,1729
1824,97563393,High Spenders,"{""avg_ticket_min"": 50}",1,2025-10-20 19:43:51.000,2025-12-11 19:43:51.000,304,1729
1825,d9a2c76c,VIP Customers,"{""min_balance"": 1000, ""last_active_days"": 30}",0,2025-10-20 19:43:51.000,2025-11-23 19:43:51.000,305,1733
1826,c9564854,At Risk,"{""inactive_days_min"": 60, ""inactive_days_max"": 89}",1,2025-10-20 19:43:51.000,2025-12-10 19:43:51.000,305,1733
1827,839089eb,Birthday Month,"{""birthday_month"": ""current""}",1,2025-10-20 19:43:51.000,2025-12-07 19:43:51.000,305,1733
1828,8c65d255,New Members,"{""created_days_max"": 30}",0,2025-10-20 19:43:51.000,2025-12-05 19:43:51.000,305,1733
1829,340a55f3,Inactive 90+,"{""inactive_days_min"": 90}",0,2025-10-20 19:43:51.000,2025-11-28 19:43:51.000,305,1733
1830,ba11ae93,High Spenders,"{""avg_ticket_min"": 50}",0,2025-10-20 19:43:51.000,2025-11-05 19:43:51.000,305,1733
1831,95f5893e,VIP Customers,"{""min_balance"": 1000, ""last_active_days"": 30}",1,2025-10-20 19:43:51.000,2025-11-29 19:43:51.000,306,1744
1832,d9d91917,At Risk,"{""inactive_days_min"": 60, ""inactive_days_max"": 89}",1,2025-10-20 19:43:51.000,2025-10-27 19:43:51.000,306,1744
1833,76574a18,Birthday Month,"{""birthday_month"": ""current""}",1,2025-10-20 19:43:51.000,2025-11-17 19:43:51.000,306,1744
1834,f62b1353,New Members,"{""created_days_max"": 30}",1,2025-10-20 19:43:51.000,2025-11-12 19:43:51.000,306,1744
1835,6807e520,Inactive 90+,"{""inactive_days_min"": 90}",1,2025-10-20 19:43:51.000,2025-11-26 19:43:51.000,306,1744
1836,8931de0a,High Spenders,"{""avg_ticket_min"": 50}",0,2025-10-20 19:43:51.000,2025-11-10 19:43:51.000,306,1744
1837,1af37b2b,VIP Customers,"{""min_balance"": 1000, ""last_active_days"": 30}",1,2025-10-20 19:43:51.000,2025-11-18 19:43:51.000,307,1748
1838,0f0548d3,At Risk,"{""inactive_days_min"": 60, ""inactive_days_max"": 89}",0,2025-10-20 19:43:51.000,2025-11-30 19:43:51.000,307,1748
1839,2d1ab4ff,Birthday Month,"{""birthday_month"": ""current""}",1,2025-10-20 19:43:51.000,2025-10-24 19:43:51.000,307,1748
1840,e73feec1,New Members,"{""created_days_max"": 30}",1,2025-10-20 19:43:51.000,2025-11-27 19:43:51.000,307,1748
1841,39a121ac,Inactive 90+,"{""inactive_days_min"": 90}",0,2025-10-20 19:43:51.000,2025-11-26 19:43:51.000,307,1748
1842,50a6a669,High Spenders,"{""avg_ticket_min"": 50}",1,2025-10-20 19:43:51.000,2025-12-09 19:43:51.000,307,1748
1843,c6d13a4c,VIP Customers,"{""min_balance"": 1000, ""last_active_days"": 30}",0,2025-10-20 19:43:51.000,2025-10-23 19:43:51.000,308,1755
1844,be5b939f,At Risk,"{""inactive_days_min"": 60, ""inactive_days_max"": 89}",0,2025-10-20 19:43:51.000,2025-12-07 19:43:51.000,308,1755
1845,abea08dc,Birthday Month,"{""birthday_month"": ""current""}",0,2025-10-20 19:43:51.000,2025-11-08 19:43:51.000,308,1755
1846,155b1901,New Members,"{""created_days_max"": 30}",1,2025-10-20 19:43:51.000,2025-11-09 19:43:51.000,308,1755
1847,928fcd3b,Inactive 90+,"{""inactive_days_min"": 90}",0,2025-10-20 19:43:51.000,2025-12-02 19:43:51.000,308,1755
1848,1e5f5fb8,High Spenders,"{""avg_ticket_min"": 50}",1,2025-10-20 19:43:51.000,2025-11-23 19:43:51.000,308,1755
1849,e2f544c5,VIP Customers,"{""min_balance"": 1000, ""last_active_days"": 30}",0,2025-10-20 19:43:51.000,2025-10-31 19:43:51.000,309,1763
1850,2e7882cc,At Risk,"{""inactive_days_min"": 60, ""inactive_days_max"": 89}",1,2025-10-20 19:43:51.000,2025-11-21 19:43:51.000,309,1763
1851,3b7196db,Birthday Month,"{""birthday_month"": ""current""}",1,2025-10-20 19:43:51.000,2025-12-11 19:43:51.000,309,1763
1852,4e9f20be,New Members,"{""created_days_max"": 30}",1,2025-10-20 19:43:51.000,2025-11-25 19:43:51.000,309,1763
1853,27d11ef4,Inactive 90+,"{""inactive_days_min"": 90}",1,2025-10-20 19:43:51.000,2025-11-19 19:43:51.000,309,1763
1854,047ef100,High Spenders,"{""avg_ticket_min"": 50}",0,2025-10-20 19:43:51.000,2025-11-06 19:43:51.000,309,1763
1855,dd14270d,VIP Customers,"{""min_balance"": 1000, ""last_active_days"": 30}",1,2025-10-20 19:43:51.000,2025-12-07 19:43:51.000,310,1768
1856,47316317,At Risk,"{""inactive_days_min"": 60, ""inactive_days_max"": 89}",0,2025-10-20 19:43:51.000,2025-11-11 19:43:51.000,310,1768
1857,d67d291d,Birthday Month,"{""birthday_month"": ""current""}",0,2025-10-20 19:43:51.000,2025-11-27 19:43:51.000,310,1768
1858,b5297391,New Members,"{""created_days_max"": 30}",1,2025-10-20 19:43:51.000,2025-10-31 19:43:51.000,310,1768
1859,9b4fc686,Inactive 90+,"{""inactive_days_min"": 90}",0,2025-10-20 19:43:51.000,2025-11-12 19:43:51.000,310,1768
1860,19f4713a,High Spenders,"{""avg_ticket_min"": 50}",1,2025-10-20 19:43:51.000,2025-12-18 19:43:51.000,310,1768
1861,a7607fc2,VIP Customers,"{""min_balance"": 1000, ""last_active_days"": 30}",0,2025-10-20 19:43:51.000,2025-11-15 19:43:51.000,311,1774
1862,f613e2dc,At Risk,"{""inactive_days_min"": 60, ""inactive_days_max"": 89}",1,2025-10-20 19:43:51.000,2025-12-09 19:43:51.000,311,1774
1863,061ffa0b,Birthday Month,"{""birthday_month"": ""current""}",1,2025-10-20 19:43:51.000,2025-11-29 19:43:51.000,311,1774
1864,b423a350,New Members,"{""created_days_max"": 30}",0,2025-10-20 19:43:51.000,2025-11-20 19:43:51.000,311,1774
1865,62d9cbe5,Inactive 90+,"{""inactive_days_min"": 90}",1,2025-10-20 19:43:51.000,2025-10-29 19:43:51.000,311,1774
1866,4971e7d5,High Spenders,"{""avg_ticket_min"": 50}",1,2025-10-20 19:43:51.000,2025-10-21 19:43:51.000,311,1774
1867,e68b57c6,VIP Customers,"{""min_balance"": 1000, ""last_active_days"": 30}",0,2025-10-20 19:43:51.000,2025-12-10 19:43:51.000,312,1779
1868,19b8c2db,At Risk,"{""inactive_days_min"": 60, ""inactive_days_max"": 89}",1,2025-10-20 19:43:51.000,2025-11-21 19:43:51.000,312,1779
1869,7d1979df,Birthday Month,"{""birthday_month"": ""current""}",1,2025-10-20 19:43:51.000,2025-11-17 19:43:51.000,312,1779
1870,41fe368d,New Members,"{""created_days_max"": 30}",0,2025-10-20 19:43:51.000,2025-12-09 19:43:51.000,312,1779
1871,808d3387,Inactive 90+,"{""inactive_days_min"": 90}",0,2025-10-20 19:43:51.000,2025-12-13 19:43:51.000,312,1779
1872,8f1775ac,High Spenders,"{""avg_ticket_min"": 50}",0,2025-10-20 19:43:51.000,2025-11-06 19:43:51.000,312,1779
1873,3d9e40c8,VIP Customers,"{""min_balance"": 1000, ""last_active_days"": 30}",0,2025-10-20 19:43:51.000,2025-11-19 19:43:51.000,313,1786
1874,f8036d75,At Risk,"{""inactive_days_min"": 60, ""inactive_days_max"": 89}",0,2025-10-20 19:43:51.000,2025-11-29 19:43:51.000,313,1786
1875,82bb4278,Birthday Month,"{""birthday_month"": ""current""}",1,2025-10-20 19:43:51.000,2025-12-19 19:43:51.000,313,1786
1876,d4055747,New Members,"{""created_days_max"": 30}",0,2025-10-20 19:43:51.000,2025-12-16 19:43:51.000,313,1786
1877,a82d73e9,Inactive 90+,"{""inactive_days_min"": 90}",0,2025-10-20 19:43:51.000,2025-10-25 19:43:51.000,313,1786
1878,87766475,High Spenders,"{""avg_ticket_min"": 50}",1,2025-10-20 19:43:51.000,2025-11-28 19:43:51.000,313,1786
1879,daa14f02,VIP Customers,"{""min_balance"": 1000, ""last_active_days"": 30}",1,2025-10-20 19:43:51.000,2025-11-07 19:43:51.000,314,1793
1880,39916961,At Risk,"{""inactive_days_min"": 60, ""inactive_days_max"": 89}",0,2025-10-20 19:43:51.000,2025-11-11 19:43:51.000,314,1793
1881,db583aa2,Birthday Month,"{""birthday_month"": ""current""}",0,2025-10-20 19:43:51.000,2025-11-25 19:43:51.000,314,1793
1882,6883f33c,New Members,"{""created_days_max"": 30}",0,2025-10-20 19:43:51.000,2025-12-07 19:43:51.000,314,1793
1883,5c7db10b,Inactive 90+,"{""inactive_days_min"": 90}",0,2025-10-20 19:43:51.000,2025-12-11 19:43:51.000,314,1793
1884,69bac1bf,High Spenders,"{""avg_ticket_min"": 50}",1,2025-10-20 19:43:51.000,2025-12-03 19:43:51.000,314,1793
1885,d47ca7f2,VIP Customers,"{""min_balance"": 1000, ""last_active_days"": 30}",0,2025-10-20 19:43:51.000,2025-12-07 19:43:51.000,315,1800
1886,324bd7e0,At Risk,"{""inactive_days_min"": 60, ""inactive_days_max"": 89}",1,2025-10-20 19:43:51.000,2025-11-26 19:43:51.000,315,1800
1887,f94a2712,Birthday Month,"{""birthday_month"": ""current""}",1,2025-10-20 19:43:51.000,2025-11-18 19:43:51.000,315,1800
1888,845a8000,New Members,"{""created_days_max"": 30}",0,2025-10-20 19:43:51.000,2025-11-24 19:43:51.000,315,1800
1889,20bdb27e,Inactive 90+,"{""inactive_days_min"": 90}",0,2025-10-20 19:43:51.000,2025-11-04 19:43:51.000,315,1800
1890,7d638c1c,High Spenders,"{""avg_ticket_min"": 50}",1,2025-10-20 19:43:51.000,2025-12-19 19:43:51.000,315,1800
1891,df558e3c,VIP Customers,"{""min_balance"": 1000, ""last_active_days"": 30}",0,2025-10-20 19:43:51.000,2025-11-26 19:43:51.000,316,1806
1892,a541eeb9,At Risk,"{""inactive_days_min"": 60, ""inactive_days_max"": 89}",1,2025-10-20 19:43:51.000,2025-10-30 19:43:51.000,316,1806
1893,94abee38,Birthday Month,"{""birthday_month"": ""current""}",1,2025-10-20 19:43:51.000,2025-11-24 19:43:51.000,316,1806
1894,b2cdbcb2,New Members,"{""created_days_max"": 30}",1,2025-10-20 19:43:51.000,2025-11-17 19:43:51.000,316,1806
1895,a7507444,Inactive 90+,"{""inactive_days_min"": 90}",1,2025-10-20 19:43:51.000,2025-12-08 19:43:51.000,316,1806
1896,52e996c5,High Spenders,"{""avg_ticket_min"": 50}",0,2025-10-20 19:43:51.000,2025-11-19 19:43:51.000,316,1806
1897,729621b4,VIP Customers,"{""min_balance"": 1000, ""last_active_days"": 30}",0,2025-10-20 19:43:51.000,2025-11-21 19:43:51.000,317,1811
1898,5db41ce5,At Risk,"{""inactive_days_min"": 60, ""inactive_days_max"": 89}",1,2025-10-20 19:43:51.000,2025-10-20 19:43:51.000,317,1811
1899,4db7c767,Birthday Month,"{""birthday_month"": ""current""}",0,2025-10-20 19:43:51.000,2025-11-22 19:43:51.000,317,1811
1900,ce76572a,New Members,"{""created_days_max"": 30}",1,2025-10-20 19:43:51.000,2025-12-10 19:43:51.000,317,1811
1901,b40b7460,Inactive 90+,"{""inactive_days_min"": 90}",1,2025-10-20 19:43:51.000,2025-11-01 19:43:51.000,317,1811
1902,9429afc6,High Spenders,"{""avg_ticket_min"": 50}",1,2025-10-20 19:43:51.000,2025-10-29 19:43:51.000,317,1811
1903,503c14ab,VIP Customers,"{""min_balance"": 1000, ""last_active_days"": 30}",1,2025-10-20 19:43:51.000,2025-10-30 19:43:51.000,318,1815
1904,d66bf530,At Risk,"{""inactive_days_min"": 60, ""inactive_days_max"": 89}",1,2025-10-20 19:43:51.000,2025-10-20 19:43:51.000,318,1815
1905,b1cec427,Birthday Month,"{""birthday_month"": ""current""}",0,2025-10-20 19:43:51.000,2025-11-14 19:43:51.000,318,1815
1906,6cdece58,New Members,"{""created_days_max"": 30}",1,2025-10-20 19:43:51.000,2025-11-12 19:43:51.000,318,1815
1907,fccb239e,Inactive 90+,"{""inactive_days_min"": 90}",1,2025-10-20 19:43:51.000,2025-12-05 19:43:51.000,318,1815
1908,25f74dd0,High Spenders,"{""avg_ticket_min"": 50}",0,2025-10-20 19:43:51.000,2025-10-30 19:43:51.000,318,1815
1909,ba33fe46,VIP Customers,"{""min_balance"": 1000, ""last_active_days"": 30}",0,2025-10-20 19:43:51.000,2025-12-06 19:43:51.000,319,1822
1910,9ad4df84,At Risk,"{""inactive_days_min"": 60, ""inactive_days_max"": 89}",1,2025-10-20 19:43:51.000,2025-10-22 19:43:51.000,319,1822
1911,59c5deb4,Birthday Month,"{""birthday_month"": ""current""}",0,2025-10-20 19:43:51.000,2025-11-25 19:43:51.000,319,1822
1912,97e66eaf,New Members,"{""created_days_max"": 30}",0,2025-10-20 19:43:51.000,2025-11-16 19:43:51.000,319,1822
1913,e5196644,Inactive 90+,"{""inactive_days_min"": 90}",0,2025-10-20 19:43:51.000,2025-12-05 19:43:51.000,319,1822
1914,39b9de62,High Spenders,"{""avg_ticket_min"": 50}",1,2025-10-20 19:43:51.000,2025-12-04 19:43:51.000,319,1822
1915,8eeddcac,VIP Customers,"{""min_balance"": 1000, ""last_active_days"": 30}",0,2025-10-20 19:43:51.000,2025-11-30 19:43:51.000,320,1826
1916,7b4854e5,At Risk,"{""inactive_days_min"": 60, ""inactive_days_max"": 89}",0,2025-10-20 19:43:51.000,2025-11-23 19:43:51.000,320,1826
1917,afa9e7e6,Birthday Month,"{""birthday_month"": ""current""}",0,2025-10-20 19:43:51.000,2025-11-15 19:43:51.000,320,1826
1918,392f1f33,New Members,"{""created_days_max"": 30}",1,2025-10-20 19:43:51.000,2025-12-08 19:43:51.000,320,1826
1919,180562d9,Inactive 90+,"{""inactive_days_min"": 90}",1,2025-10-20 19:43:51.000,2025-12-02 19:43:51.000,320,1826
1920,8ce0386d,High Spenders,"{""avg_ticket_min"": 50}",0,2025-10-20 19:43:51.000,2025-11-02 19:43:51.000,320,1826
1921,59607a45,VIP Customers,"{""min_balance"": 1000, ""last_active_days"": 30}",1,2025-10-20 19:43:51.000,2025-11-08 19:43:51.000,321,1833
1922,cdf1fa3a,At Risk,"{""inactive_days_min"": 60, ""inactive_days_max"": 89}",1,2025-10-20 19:43:51.000,2025-12-02 19:43:51.000,321,1833
1923,646c5700,Birthday Month,"{""birthday_month"": ""current""}",1,2025-10-20 19:43:51.000,2025-12-14 19:43:51.000,321,1833
1924,62f4aba3,New Members,"{""created_days_max"": 30}",1,2025-10-20 19:43:51.000,2025-11-17 19:43:51.000,321,1833
1925,3d6c1ef8,Inactive 90+,"{""inactive_days_min"": 90}",0,2025-10-20 19:43:51.000,2025-12-09 19:43:51.000,321,1833
1926,717ac0c7,High Spenders,"{""avg_ticket_min"": 50}",0,2025-10-20 19:43:51.000,2025-11-24 19:43:51.000,321,1833
1927,d4589618,VIP Customers,"{""min_balance"": 1000, ""last_active_days"": 30}",1,2025-10-20 19:43:51.000,2025-12-04 19:43:51.000,322,1837
1928,d3705302,At Risk,"{""inactive_days_min"": 60, ""inactive_days_max"": 89}",0,2025-10-20 19:43:51.000,2025-12-01 19:43:51.000,322,1837
1929,53e7cb76,Birthday Month,"{""birthday_month"": ""current""}",0,2025-10-20 19:43:51.000,2025-12-06 19:43:51.000,322,1837
1930,6b489e06,New Members,"{""created_days_max"": 30}",0,2025-10-20 19:43:51.000,2025-10-28 19:43:51.000,322,1837
1931,38910325,Inactive 90+,"{""inactive_days_min"": 90}",0,2025-10-20 19:43:51.000,2025-10-25 19:43:51.000,322,1837
1932,288ab197,High Spenders,"{""avg_ticket_min"": 50}",0,2025-10-20 19:43:51.000,2025-10-21 19:43:51.000,322,1837
1933,65819295,VIP Customers,"{""min_balance"": 1000, ""last_active_days"": 30}",1,2025-10-20 19:43:51.000,2025-11-07 19:43:51.000,323,1841
1934,ebab3f19,At Risk,"{""inactive_days_min"": 60, ""inactive_days_max"": 89}",0,2025-10-20 19:43:51.000,2025-11-23 19:43:51.000,323,1841
1935,c0641daf,Birthday Month,"{""birthday_month"": ""current""}",1,2025-10-20 19:43:51.000,2025-10-22 19:43:51.000,323,1841
1936,7c8419d3,New Members,"{""created_days_max"": 30}",0,2025-10-20 19:43:51.000,2025-10-28 19:43:51.000,323,1841
1937,cb677551,Inactive 90+,"{""inactive_days_min"": 90}",1,2025-10-20 19:43:51.000,2025-10-26 19:43:51.000,323,1841
1938,b5d7115a,High Spenders,"{""avg_ticket_min"": 50}",1,2025-10-20 19:43:51.000,2025-11-09 19:43:51.000,323,1841
1939,73adc879,VIP Customers,"{""min_balance"": 1000, ""last_active_days"": 30}",0,2025-10-20 19:43:51.000,2025-11-25 19:43:51.000,324,1848
1940,2d902837,At Risk,"{""inactive_days_min"": 60, ""inactive_days_max"": 89}",1,2025-10-20 19:43:51.000,2025-11-06 19:43:51.000,324,1848
1941,760e5e04,Birthday Month,"{""birthday_month"": ""current""}",1,2025-10-20 19:43:51.000,2025-11-18 19:43:51.000,324,1848
1942,0eac1b3f,New Members,"{""created_days_max"": 30}",0,2025-10-20 19:43:51.000,2025-11-18 19:43:51.000,324,1848
1943,4642f6e0,Inactive 90+,"{""inactive_days_min"": 90}",1,2025-10-20 19:43:51.000,2025-11-08 19:43:51.000,324,1848
1944,8d0fde85,High Spenders,"{""avg_ticket_min"": 50}",1,2025-10-20 19:43:51.000,2025-11-13 19:43:51.000,324,1848
1945,5e18fedc,VIP Customers,"{""min_balance"": 1000, ""last_active_days"": 30}",0,2025-10-20 19:43:51.000,2025-11-29 19:43:51.000,325,1853
1946,5e998386,At Risk,"{""inactive_days_min"": 60, ""inactive_days_max"": 89}",0,2025-10-20 19:43:51.000,2025-10-25 19:43:51.000,325,1853
1947,fbe881ac,Birthday Month,"{""birthday_month"": ""current""}",0,2025-10-20 19:43:51.000,2025-12-10 19:43:51.000,325,1853
1948,41c5b510,New Members,"{""created_days_max"": 30}",1,2025-10-20 19:43:51.000,2025-12-19 19:43:51.000,325,1853
1949,4b502746,Inactive 90+,"{""inactive_days_min"": 90}",0,2025-10-20 19:43:51.000,2025-12-12 19:43:51.000,325,1853
1950,ad4f5d8c,High Spenders,"{""avg_ticket_min"": 50}",0,2025-10-20 19:43:51.000,2025-10-20 19:43:51.000,325,1853
1951,4a138bed,VIP Customers,"{""min_balance"": 1000, ""last_active_days"": 30}",1,2025-10-20 19:43:51.000,2025-11-16 19:43:51.000,326,1858
1952,5146707f,At Risk,"{""inactive_days_min"": 60, ""inactive_days_max"": 89}",0,2025-10-20 19:43:51.000,2025-11-05 19:43:51.000,326,1858
1953,0da2bcc1,Birthday Month,"{""birthday_month"": ""current""}",1,2025-10-20 19:43:51.000,2025-11-26 19:43:51.000,326,1858
1954,5f9550c9,New Members,"{""created_days_max"": 30}",1,2025-10-20 19:43:51.000,2025-12-10 19:43:51.000,326,1858
1955,b7ffd3bf,Inactive 90+,"{""inactive_days_min"": 90}",0,2025-10-20 19:43:51.000,2025-11-01 19:43:51.000,326,1858
1956,32ad9f0f,High Spenders,"{""avg_ticket_min"": 50}",1,2025-10-20 19:43:51.000,2025-12-19 19:43:51.000,326,1858
1957,e9e01360,VIP Customers,"{""min_balance"": 1000, ""last_active_days"": 30}",1,2025-10-20 19:43:51.000,2025-12-02 19:43:51.000,327,1863
1958,73ef3b36,At Risk,"{""inactive_days_min"": 60, ""inactive_days_max"": 89}",0,2025-10-20 19:43:51.000,2025-11-21 19:43:51.000,327,1863
1959,73d42f44,Birthday Month,"{""birthday_month"": ""current""}",1,2025-10-20 19:43:51.000,2025-10-22 19:43:51.000,327,1863
1960,ce718230,New Members,"{""created_days_max"": 30}",0,2025-10-20 19:43:51.000,2025-12-07 19:43:51.000,327,1863
1961,8a10067b,Inactive 90+,"{""inactive_days_min"": 90}",1,2025-10-20 19:43:51.000,2025-11-22 19:43:51.000,327,1863
1962,c238aea9,High Spenders,"{""avg_ticket_min"": 50}",0,2025-10-20 19:43:51.000,2025-10-24 19:43:51.000,327,1863
1963,0ca34e59,VIP Customers,"{""min_balance"": 1000, ""last_active_days"": 30}",0,2025-10-20 19:43:51.000,2025-10-26 19:43:51.000,328,1870
1964,137c192c,At Risk,"{""inactive_days_min"": 60, ""inactive_days_max"": 89}",0,2025-10-20 19:43:51.000,2025-11-04 19:43:51.000,328,1870
1965,4b3ff78d,Birthday Month,"{""birthday_month"": ""current""}",0,2025-10-20 19:43:51.000,2025-11-04 19:43:51.000,328,1870
1966,8cc577b6,New Members,"{""created_days_max"": 30}",0,2025-10-20 19:43:51.000,2025-12-01 19:43:51.000,328,1870
1967,f52659be,Inactive 90+,"{""inactive_days_min"": 90}",1,2025-10-20 19:43:51.000,2025-11-03 19:43:51.000,328,1870
1968,0d005fb6,High Spenders,"{""avg_ticket_min"": 50}",1,2025-10-20 19:43:51.000,2025-11-27 19:43:51.000,328,1870
1969,4f5b13dc,VIP Customers,"{""min_balance"": 1000, ""last_active_days"": 30}",0,2025-10-20 19:43:51.000,2025-11-27 19:43:51.000,329,1876
1970,201d5294,At Risk,"{""inactive_days_min"": 60, ""inactive_days_max"": 89}",1,2025-10-20 19:43:51.000,2025-12-18 19:43:51.000,329,1876
1971,8e9f4323,Birthday Month,"{""birthday_month"": ""current""}",1,2025-10-20 19:43:51.000,2025-11-11 19:43:51.000,329,1876
1972,038273a5,New Members,"{""created_days_max"": 30}",0,2025-10-20 19:43:51.000,2025-11-23 19:43:51.000,329,1876
1973,409a77bf,Inactive 90+,"{""inactive_days_min"": 90}",0,2025-10-20 19:43:51.000,2025-11-19 19:43:51.000,329,1876
1974,4b439619,High Spenders,"{""avg_ticket_min"": 50}",1,2025-10-20 19:43:51.000,2025-12-18 19:43:51.000,329,1876
1975,e67dfefa,VIP Customers,"{""min_balance"": 1000, ""last_active_days"": 30}",1,2025-10-20 19:43:51.000,2025-11-18 19:43:51.000,330,1879
1976,0c6c4e59,At Risk,"{""inactive_days_min"": 60, ""inactive_days_max"": 89}",1,2025-10-20 19:43:51.000,2025-12-17 19:43:51.000,330,1879
1977,4d035de3,Birthday Month,"{""birthday_month"": ""current""}",1,2025-10-20 19:43:51.000,2025-12-07 19:43:51.000,330,1879
1978,16e350ed,New Members,"{""created_days_max"": 30}",0,2025-10-20 19:43:51.000,2025-11-19 19:43:51.000,330,1879
1979,749a223e,Inactive 90+,"{""inactive_days_min"": 90}",1,2025-10-20 19:43:51.000,2025-11-26 19:43:51.000,330,1879
1980,94c16f68,High Spenders,"{""avg_ticket_min"": 50}",0,2025-10-20 19:43:51.000,2025-11-10 19:43:51.000,330,1879
1981,851657ab,VIP Customers,"{""min_balance"": 1000, ""last_active_days"": 30}",1,2025-10-20 19:43:51.000,2025-11-24 19:43:51.000,331,1883
1982,94088745,At Risk,"{""inactive_days_min"": 60, ""inactive_days_max"": 89}",1,2025-10-20 19:43:51.000,2025-12-06 19:43:51.000,331,1883
1983,e14b4bb0,Birthday Month,"{""birthday_month"": ""current""}",0,2025-10-20 19:43:51.000,2025-10-26 19:43:51.000,331,1883
1984,dab0224b,New Members,"{""created_days_max"": 30}",1,2025-10-20 19:43:51.000,2025-11-04 19:43:51.000,331,1883
1985,c75325b4,Inactive 90+,"{""inactive_days_min"": 90}",1,2025-10-20 19:43:51.000,2025-10-24 19:43:51.000,331,1883
1986,a65f0fa5,High Spenders,"{""avg_ticket_min"": 50}",0,2025-10-20 19:43:51.000,2025-11-11 19:43:51.000,331,1883
1987,db7e0a1a,VIP Customers,"{""min_balance"": 1000, ""last_active_days"": 30}",0,2025-10-20 19:43:51.000,2025-11-12 19:43:51.000,332,1887
1988,c8ebea40,At Risk,"{""inactive_days_min"": 60, ""inactive_days_max"": 89}",0,2025-10-20 19:43:51.000,2025-11-15 19:43:51.000,332,1887
1989,96d7bb34,Birthday Month,"{""birthday_month"": ""current""}",0,2025-10-20 19:43:51.000,2025-11-15 19:43:51.000,332,1887
1990,6b01f2f8,New Members,"{""created_days_max"": 30}",0,2025-10-20 19:43:51.000,2025-10-30 19:43:51.000,332,1887
1991,c777f0a5,Inactive 90+,"{""inactive_days_min"": 90}",1,2025-10-20 19:43:51.000,2025-11-21 19:43:51.000,332,1887
1992,d2ed7c8b,High Spenders,"{""avg_ticket_min"": 50}",1,2025-10-20 19:43:51.000,2025-10-22 19:43:51.000,332,1887
1993,a6a3faad,VIP Customers,"{""min_balance"": 1000, ""last_active_days"": 30}",0,2025-10-20 19:43:51.000,2025-10-24 19:43:51.000,333,1891
1994,8ab1117a,At Risk,"{""inactive_days_min"": 60, ""inactive_days_max"": 89}",1,2025-10-20 19:43:51.000,2025-11-23 19:43:51.000,333,1891
1995,8183b09e,Birthday Month,"{""birthday_month"": ""current""}",0,2025-10-20 19:43:51.000,2025-11-16 19:43:51.000,333,1891
1996,dbd9df03,New Members,"{""created_days_max"": 30}",1,2025-10-20 19:43:51.000,2025-12-04 19:43:51.000,333,1891
1997,38eddc57,Inactive 90+,"{""inactive_days_min"": 90}",1,2025-10-20 19:43:51.000,2025-10-31 19:43:51.000,333,1891
1998,e665ceec,High Spenders,"{""avg_ticket_min"": 50}",0,2025-10-20 19:43:51.000,2025-12-06 19:43:51.000,333,1891
1999,ea46cf21,VIP Customers,"{""min_balance"": 1000, ""last_active_days"": 30}",0,2025-10-20 19:43:51.000,2025-10-29 19:43:51.000,334,1895
2000,7ad06c4d,At Risk,"{""inactive_days_min"": 60, ""inactive_days_max"": 89}",1,2025-10-20 19:43:51.000,2025-12-08 19:43:51.000,334,1895
2001,2dc79f65,Birthday Month,"{""birthday_month"": ""current""}",1,2025-10-20 19:43:51.000,2025-12-19 19:43:51.000,334,1895
2002,79a26b5a,New Members,"{""created_days_max"": 30}",1,2025-10-20 19:43:51.000,2025-12-13 19:43:51.000,334,1895
2003,cab0813f,Inactive 90+,"{""inactive_days_min"": 90}",1,2025-10-20 19:43:51.000,2025-10-26 19:43:51.000,334,1895
2004,84bc8edd,High Spenders,"{""avg_ticket_min"": 50}",0,2025-10-20 19:43:51.000,2025-12-10 19:43:51.000,334,1895
2005,353f03ad,VIP Customers,"{""min_balance"": 1000, ""last_active_days"": 30}",1,2025-10-20 19:43:51.000,2025-11-08 19:43:51.000,335,1901
2006,43ef8ba7,At Risk,"{""inactive_days_min"": 60, ""inactive_days_max"": 89}",0,2025-10-20 19:43:51.000,2025-11-17 19:43:51.000,335,1901
2007,8d1828d8,Birthday Month,"{""birthday_month"": ""current""}",0,2025-10-20 19:43:51.000,2025-11-19 19:43:51.000,335,1901
2008,23d8424d,New Members,"{""created_days_max"": 30}",1,2025-10-20 19:43:51.000,2025-12-17 19:43:51.000,335,1901
2009,9115b5ea,Inactive 90+,"{""inactive_days_min"": 90}",0,2025-10-20 19:43:51.000,2025-12-14 19:43:51.000,335,1901
2010,09991621,High Spenders,"{""avg_ticket_min"": 50}",1,2025-10-20 19:43:51.000,2025-12-14 19:43:51.000,335,1901
2011,743a8092,VIP Customers,"{""min_balance"": 1000, ""last_active_days"": 30}",0,2025-10-20 19:43:51.000,2025-11-14 19:43:51.000,336,1905
2012,d8dcbee7,At Risk,"{""inactive_days_min"": 60, ""inactive_days_max"": 89}",1,2025-10-20 19:43:51.000,2025-10-31 19:43:51.000,336,1905
2013,4bcc5ddf,Birthday Month,"{""birthday_month"": ""current""}",1,2025-10-20 19:43:51.000,2025-12-01 19:43:51.000,336,1905
2014,26665d74,New Members,"{""created_days_max"": 30}",1,2025-10-20 19:43:51.000,2025-11-12 19:43:51.000,336,1905
2015,7dfa62ba,Inactive 90+,"{""inactive_days_min"": 90}",1,2025-10-20 19:43:51.000,2025-12-07 19:43:51.000,336,1905
2016,08c86d77,High Spenders,"{""avg_ticket_min"": 50}",0,2025-10-20 19:43:51.000,2025-12-11 19:43:51.000,336,1905
2017,0a0df41f,VIP Customers,"{""min_balance"": 1000, ""last_active_days"": 30}",0,2025-10-20 19:43:51.000,2025-10-23 19:43:51.000,337,1912
2018,c8173839,At Risk,"{""inactive_days_min"": 60, ""inactive_days_max"": 89}",0,2025-10-20 19:43:51.000,2025-11-27 19:43:51.000,337,1912
2019,da54f1b1,Birthday Month,"{""birthday_month"": ""current""}",1,2025-10-20 19:43:51.000,2025-11-04 19:43:51.000,337,1912
2020,a1ec440a,New Members,"{""created_days_max"": 30}",1,2025-10-20 19:43:51.000,2025-10-20 19:43:51.000,337,1912
2021,e610edb5,Inactive 90+,"{""inactive_days_min"": 90}",1,2025-10-20 19:43:51.000,2025-11-10 19:43:51.000,337,1912
2022,032a70e3,High Spenders,"{""avg_ticket_min"": 50}",1,2025-10-20 19:43:51.000,2025-10-28 19:43:51.000,337,1912
2023,e754f1a9,VIP Customers,"{""min_balance"": 1000, ""last_active_days"": 30}",1,2025-10-20 19:43:51.000,2025-10-25 19:43:51.000,338,1917
2024,378b0521,At Risk,"{""inactive_days_min"": 60, ""inactive_days_max"": 89}",0,2025-10-20 19:43:51.000,2025-12-14 19:43:51.000,338,1917
2025,26827b39,Birthday Month,"{""birthday_month"": ""current""}",0,2025-10-20 19:43:51.000,2025-10-24 19:43:51.000,338,1917
2026,263016f8,New Members,"{""created_days_max"": 30}",1,2025-10-20 19:43:51.000,2025-11-26 19:43:51.000,338,1917
2027,a9d1ac94,Inactive 90+,"{""inactive_days_min"": 90}",1,2025-10-20 19:43:51.000,2025-11-09 19:43:51.000,338,1917
2028,ce991c04,High Spenders,"{""avg_ticket_min"": 50}",1,2025-10-20 19:43:51.000,2025-11-25 19:43:51.000,338,1917
2029,18beb1f8,VIP Customers,"{""min_balance"": 1000, ""last_active_days"": 30}",0,2025-10-20 19:43:51.000,2025-12-09 19:43:51.000,339,1927
2030,94d2885f,At Risk,"{""inactive_days_min"": 60, ""inactive_days_max"": 89}",0,2025-10-20 19:43:51.000,2025-11-29 19:43:51.000,339,1927
2031,67bcad81,Birthday Month,"{""birthday_month"": ""current""}",0,2025-10-20 19:43:51.000,2025-11-27 19:43:51.000,339,1927
2032,788edde9,New Members,"{""created_days_max"": 30}",0,2025-10-20 19:43:51.000,2025-12-06 19:43:51.000,339,1927
2033,b221747e,Inactive 90+,"{""inactive_days_min"": 90}",0,2025-10-20 19:43:51.000,2025-12-01 19:43:51.000,339,1927
2034,0757a748,High Spenders,"{""avg_ticket_min"": 50}",0,2025-10-20 19:43:51.000,2025-10-23 19:43:51.000,339,1927
2035,f1d81615,VIP Customers,"{""min_balance"": 1000, ""last_active_days"": 30}",0,2025-10-20 19:43:51.000,2025-10-27 19:43:51.000,340,1932
2036,b0c881df,At Risk,"{""inactive_days_min"": 60, ""inactive_days_max"": 89}",0,2025-10-20 19:43:51.000,2025-11-11 19:43:51.000,340,1932
2037,c1cb5e70,Birthday Month,"{""birthday_month"": ""current""}",0,2025-10-20 19:43:51.000,2025-10-27 19:43:51.000,340,1932
2038,3e167a48,New Members,"{""created_days_max"": 30}",0,2025-10-20 19:43:51.000,2025-11-26 19:43:51.000,340,1932
2039,a021fac7,Inactive 90+,"{""inactive_days_min"": 90}",1,2025-10-20 19:43:51.000,2025-11-13 19:43:51.000,340,1932
2040,787b2195,High Spenders,"{""avg_ticket_min"": 50}",1,2025-10-20 19:43:51.000,2025-11-18 19:43:51.000,340,1932
2041,29a093a5,VIP Customers,"{""min_balance"": 1000, ""last_active_days"": 30}",1,2025-10-20 19:43:51.000,2025-11-07 19:43:51.000,341,1936
2042,614c866e,At Risk,"{""inactive_days_min"": 60, ""inactive_days_max"": 89}",0,2025-10-20 19:43:51.000,2025-11-28 19:43:51.000,341,1936
2043,5342ce64,Birthday Month,"{""birthday_month"": ""current""}",0,2025-10-20 19:43:51.000,2025-11-07 19:43:51.000,341,1936
2044,230c5b7f,New Members,"{""created_days_max"": 30}",0,2025-10-20 19:43:51.000,2025-12-16 19:43:51.000,341,1936
2045,460de3e9,Inactive 90+,"{""inactive_days_min"": 90}",1,2025-10-20 19:43:51.000,2025-11-15 19:43:51.000,341,1936
2046,ef69908d,High Spenders,"{""avg_ticket_min"": 50}",1,2025-10-20 19:43:51.000,2025-12-17 19:43:51.000,341,1936
2047,9956f326,VIP Customers,"{""min_balance"": 1000, ""last_active_days"": 30}",1,2025-10-20 19:43:51.000,2025-11-30 19:43:51.000,342,1940
2048,3cdb5dc5,At Risk,"{""inactive_days_min"": 60, ""inactive_days_max"": 89}",0,2025-10-20 19:43:51.000,2025-11-10 19:43:51.000,342,1940
2049,acde6a19,Birthday Month,"{""birthday_month"": ""current""}",0,2025-10-20 19:43:51.000,2025-12-17 19:43:51.000,342,1940
2050,cc43d72c,New Members,"{""created_days_max"": 30}",0,2025-10-20 19:43:51.000,2025-12-01 19:43:51.000,342,1940
2051,65dc7ace,Inactive 90+,"{""inactive_days_min"": 90}",0,2025-10-20 19:43:51.000,2025-10-21 19:43:51.000,342,1940
2052,aa58ca72,High Spenders,"{""avg_ticket_min"": 50}",0,2025-10-20 19:43:51.000,2025-11-13 19:43:51.000,342,1940
2053,fd43630a,VIP Customers,"{""min_balance"": 1000, ""last_active_days"": 30}",1,2025-10-20 19:43:51.000,2025-11-09 19:43:51.000,343,1945
2054,f07a42b7,At Risk,"{""inactive_days_min"": 60, ""inactive_days_max"": 89}",1,2025-10-20 19:43:51.000,2025-10-30 19:43:51.000,343,1945
2055,88197492,Birthday Month,"{""birthday_month"": ""current""}",0,2025-10-20 19:43:51.000,2025-12-07 19:43:51.000,343,1945
2056,39b8ced9,New Members,"{""created_days_max"": 30}",1,2025-10-20 19:43:51.000,2025-11-25 19:43:51.000,343,1945
2057,e424e67c,Inactive 90+,"{""inactive_days_min"": 90}",0,2025-10-20 19:43:51.000,2025-11-23 19:43:51.000,343,1945
2058,55378a32,High Spenders,"{""avg_ticket_min"": 50}",0,2025-10-20 19:43:51.000,2025-11-02 19:43:51.000,343,1945
2059,73785634,VIP Customers,"{""min_balance"": 1000, ""last_active_days"": 30}",1,2025-10-20 19:43:51.000,2025-12-19 19:43:51.000,344,1951
2060,8b6426a6,At Risk,"{""inactive_days_min"": 60, ""inactive_days_max"": 89}",0,2025-10-20 19:43:51.000,2025-10-25 19:43:51.000,344,1951
2061,3279575d,Birthday Month,"{""birthday_month"": ""current""}",1,2025-10-20 19:43:51.000,2025-11-30 19:43:51.000,344,1951
2062,e503d0a2,New Members,"{""created_days_max"": 30}",1,2025-10-20 19:43:51.000,2025-11-20 19:43:51.000,344,1951
2063,27402c87,Inactive 90+,"{""inactive_days_min"": 90}",1,2025-10-20 19:43:51.000,2025-11-28 19:43:51.000,344,1951
2064,03168104,High Spenders,"{""avg_ticket_min"": 50}",1,2025-10-20 19:43:51.000,2025-11-27 19:43:51.000,344,1951
2065,323f166d,VIP Customers,"{""min_balance"": 1000, ""last_active_days"": 30}",0,2025-10-20 19:43:51.000,2025-11-30 19:43:51.000,345,1958
2066,33e41a29,At Risk,"{""inactive_days_min"": 60, ""inactive_days_max"": 89}",0,2025-10-20 19:43:51.000,2025-11-05 19:43:51.000,345,1958
2067,855f2f2b,Birthday Month,"{""birthday_month"": ""current""}",1,2025-10-20 19:43:51.000,2025-10-31 19:43:51.000,345,1958
2068,d52b32e3,New Members,"{""created_days_max"": 30}",0,2025-10-20 19:43:51.000,2025-11-12 19:43:51.000,345,1958
2069,5d6eb592,Inactive 90+,"{""inactive_days_min"": 90}",1,2025-10-20 19:43:51.000,2025-11-28 19:43:51.000,345,1958
2070,f9da84b7,High Spenders,"{""avg_ticket_min"": 50}",0,2025-10-20 19:43:51.000,2025-10-23 19:43:51.000,345,1958
2071,05ba3816,VIP Customers,"{""min_balance"": 1000, ""last_active_days"": 30}",1,2025-10-20 19:43:51.000,2025-11-26 19:43:51.000,346,1963
2072,7382a20f,At Risk,"{""inactive_days_min"": 60, ""inactive_days_max"": 89}",0,2025-10-20 19:43:51.000,2025-10-28 19:43:51.000,346,1963
2073,035f33d0,Birthday Month,"{""birthday_month"": ""current""}",1,2025-10-20 19:43:51.000,2025-12-01 19:43:51.000,346,1963
2074,24027533,New Members,"{""created_days_max"": 30}",1,2025-10-20 19:43:51.000,2025-12-12 19:43:51.000,346,1963
2075,422f6442,Inactive 90+,"{""inactive_days_min"": 90}",0,2025-10-20 19:43:51.000,2025-11-09 19:43:51.000,346,1963
2076,bada09b4,High Spenders,"{""avg_ticket_min"": 50}",0,2025-10-20 19:43:51.000,2025-11-23 19:43:51.000,346,1963
2077,02b5b27f,VIP Customers,"{""min_balance"": 1000, ""last_active_days"": 30}",1,2025-10-20 19:43:51.000,2025-11-01 19:43:51.000,347,1966
2078,d63d1c06,At Risk,"{""inactive_days_min"": 60, ""inactive_days_max"": 89}",0,2025-10-20 19:43:51.000,2025-12-16 19:43:51.000,347,1966
2079,f0e21d2d,Birthday Month,"{""birthday_month"": ""current""}",0,2025-10-20 19:43:51.000,2025-11-08 19:43:51.000,347,1966
2080,08fcda0e,New Members,"{""created_days_max"": 30}",0,2025-10-20 19:43:51.000,2025-11-22 19:43:51.000,347,1966
2081,5899941c,Inactive 90+,"{""inactive_days_min"": 90}",0,2025-10-20 19:43:51.000,2025-12-09 19:43:51.000,347,1966
2082,dc469720,High Spenders,"{""avg_ticket_min"": 50}",0,2025-10-20 19:43:51.000,2025-12-10 19:43:51.000,347,1966
2083,188adc9c,VIP Customers,"{""min_balance"": 1000, ""last_active_days"": 30}",0,2025-10-20 19:43:51.000,2025-12-01 19:43:51.000,348,1969
2084,da4992f8,At Risk,"{""inactive_days_min"": 60, ""inactive_days_max"": 89}",1,2025-10-20 19:43:51.000,2025-11-23 19:43:51.000,348,1969
2085,d670b732,Birthday Month,"{""birthday_month"": ""current""}",1,2025-10-20 19:43:51.000,2025-12-07 19:43:51.000,348,1969
2086,8df8883c,New Members,"{""created_days_max"": 30}",0,2025-10-20 19:43:51.000,2025-12-12 19:43:51.000,348,1969
2087,b4e3d0f7,Inactive 90+,"{""inactive_days_min"": 90}",0,2025-10-20 19:43:51.000,2025-11-16 19:43:51.000,348,1969
2088,ea7f80a4,High Spenders,"{""avg_ticket_min"": 50}",0,2025-10-20 19:43:51.000,2025-12-07 19:43:51.000,348,1969
2089,a1dea4d6,VIP Customers,"{""min_balance"": 1000, ""last_active_days"": 30}",0,2025-10-20 19:43:51.000,2025-11-07 19:43:51.000,349,1981
2090,45946de8,At Risk,"{""inactive_days_min"": 60, ""inactive_days_max"": 89}",0,2025-10-20 19:43:51.000,2025-10-29 19:43:51.000,349,1981
2091,45335353,Birthday Month,"{""birthday_month"": ""current""}",1,2025-10-20 19:43:51.000,2025-10-28 19:43:51.000,349,1981
2092,4930ae6b,New Members,"{""created_days_max"": 30}",1,2025-10-20 19:43:51.000,2025-12-11 19:43:51.000,349,1981
2093,5f95cd21,Inactive 90+,"{""inactive_days_min"": 90}",1,2025-10-20 19:43:51.000,2025-12-08 19:43:51.000,349,1981
2094,ab4a7456,High Spenders,"{""avg_ticket_min"": 50}",0,2025-10-20 19:43:51.000,2025-11-29 19:43:51.000,349,1981
2095,32fddef1,VIP Customers,"{""min_balance"": 1000, ""last_active_days"": 30}",1,2025-10-20 19:43:51.000,2025-12-16 19:43:51.000,350,1986
2096,4b4e2fb8,At Risk,"{""inactive_days_min"": 60, ""inactive_days_max"": 89}",1,2025-10-20 19:43:51.000,2025-11-19 19:43:51.000,350,1986
2097,b39b40ef,Birthday Month,"{""birthday_month"": ""current""}",0,2025-10-20 19:43:51.000,2025-11-13 19:43:51.000,350,1986
2098,ac685877,New Members,"{""created_days_max"": 30}",0,2025-10-20 19:43:51.000,2025-11-24 19:43:51.000,350,1986
2099,cfdf5cd6,Inactive 90+,"{""inactive_days_min"": 90}",0,2025-10-20 19:43:51.000,2025-11-12 19:43:51.000,350,1986
2100,490c67ae,High Spenders,"{""avg_ticket_min"": 50}",0,2025-10-20 19:43:51.000,2025-11-22 19:43:51.000,350,1986
2101,3b98fef8,VIP Customers,"{""min_balance"": 1000, ""last_active_days"": 30}",0,2025-10-20 19:43:51.000,2025-11-21 19:43:51.000,351,1991
2102,58016976,At Risk,"{""inactive_days_min"": 60, ""inactive_days_max"": 89}",0,2025-10-20 19:43:51.000,2025-11-20 19:43:51.000,351,1991
2103,a5e8e6ff,Birthday Month,"{""birthday_month"": ""current""}",0,2025-10-20 19:43:51.000,2025-11-24 19:43:51.000,351,1991
2104,2d93fd27,New Members,"{""created_days_max"": 30}",0,2025-10-20 19:43:51.000,2025-10-28 19:43:51.000,351,1991
2105,c623550a,Inactive 90+,"{""inactive_days_min"": 90}",1,2025-10-20 19:43:51.000,2025-12-08 19:43:51.000,351,1991
2106,69c0ce88,High Spenders,"{""avg_ticket_min"": 50}",0,2025-10-20 19:43:51.000,2025-12-18 19:43:51.000,351,1991
2107,599844ff,VIP Customers,"{""min_balance"": 1000, ""last_active_days"": 30}",0,2025-10-20 19:43:51.000,2025-12-18 19:43:51.000,352,1995
2108,ceb8d81f,At Risk,"{""inactive_days_min"": 60, ""inactive_days_max"": 89}",0,2025-10-20 19:43:51.000,2025-11-14 19:43:51.000,352,1995
2109,944efe11,Birthday Month,"{""birthday_month"": ""current""}",1,2025-10-20 19:43:51.000,2025-12-16 19:43:51.000,352,1995
2110,bd05b916,New Members,"{""created_days_max"": 30}",1,2025-10-20 19:43:51.000,2025-11-29 19:43:51.000,352,1995
2111,f97ca1ec,Inactive 90+,"{""inactive_days_min"": 90}",0,2025-10-20 19:43:51.000,2025-12-03 19:43:51.000,352,1995
2112,3569779b,High Spenders,"{""avg_ticket_min"": 50}",0,2025-10-20 19:43:51.000,2025-12-14 19:43:51.000,352,1995
2113,6e435038,VIP Customers,"{""min_balance"": 1000, ""last_active_days"": 30}",1,2025-10-20 19:43:51.000,2025-11-07 19:43:51.000,353,2000
2114,e8cabd12,At Risk,"{""inactive_days_min"": 60, ""inactive_days_max"": 89}",1,2025-10-20 19:43:51.000,2025-11-24 19:43:51.000,353,2000
2115,6c68cefc,Birthday Month,"{""birthday_month"": ""current""}",0,2025-10-20 19:43:51.000,2025-10-27 19:43:51.000,353,2000
2116,87cd1dae,New Members,"{""created_days_max"": 30}",1,2025-10-20 19:43:51.000,2025-11-13 19:43:51.000,353,2000
2117,1d6f43bf,Inactive 90+,"{""inactive_days_min"": 90}",0,2025-10-20 19:43:51.000,2025-11-15 19:43:51.000,353,2000
2118,a1a1ff03,High Spenders,"{""avg_ticket_min"": 50}",0,2025-10-20 19:43:51.000,2025-11-26 19:43:51.000,353,2000
2119,12420859,VIP Customers,"{""min_balance"": 1000, ""last_active_days"": 30}",1,2025-10-20 19:43:51.000,2025-11-09 19:43:51.000,354,2006
2120,c7539d57,At Risk,"{""inactive_days_min"": 60, ""inactive_days_max"": 89}",0,2025-10-20 19:43:51.000,2025-10-26 19:43:51.000,354,2006
2121,51e38afb,Birthday Month,"{""birthday_month"": ""current""}",1,2025-10-20 19:43:51.000,2025-12-07 19:43:51.000,354,2006
2122,35a9280b,New Members,"{""created_days_max"": 30}",0,2025-10-20 19:43:51.000,2025-12-12 19:43:51.000,354,2006
2123,0f65ec92,Inactive 90+,"{""inactive_days_min"": 90}",0,2025-10-20 19:43:51.000,2025-11-08 19:43:51.000,354,2006
2124,eaf1d918,High Spenders,"{""avg_ticket_min"": 50}",1,2025-10-20 19:43:51.000,2025-11-16 19:43:51.000,354,2006
2125,be758f40,VIP Customers,"{""min_balance"": 1000, ""last_active_days"": 30}",0,2025-10-20 19:43:51.000,2025-12-10 19:43:51.000,355,2010
2126,6822eee7,At Risk,"{""inactive_days_min"": 60, ""inactive_days_max"": 89}",0,2025-10-20 19:43:51.000,2025-12-13 19:43:51.000,355,2010
2127,2900a83c,Birthday Month,"{""birthday_month"": ""current""}",1,2025-10-20 19:43:51.000,2025-12-06 19:43:51.000,355,2010
2128,82530eb8,New Members,"{""created_days_max"": 30}",1,2025-10-20 19:43:51.000,2025-11-29 19:43:51.000,355,2010
2129,ab721026,Inactive 90+,"{""inactive_days_min"": 90}",1,2025-10-20 19:43:51.000,2025-11-26 19:43:51.000,355,2010
2130,b92ba0d2,High Spenders,"{""avg_ticket_min"": 50}",1,2025-10-20 19:43:51.000,2025-11-05 19:43:51.000,355,2010
2131,94492a1f,VIP Customers,"{""min_balance"": 1000, ""last_active_days"": 30}",1,2025-10-20 19:43:51.000,2025-11-01 19:43:51.000,356,2014
2132,c6e4ea7d,At Risk,"{""inactive_days_min"": 60, ""inactive_days_max"": 89}",0,2025-10-20 19:43:51.000,2025-10-25 19:43:51.000,356,2014
2133,d77ac6e4,Birthday Month,"{""birthday_month"": ""current""}",1,2025-10-20 19:43:51.000,2025-11-28 19:43:51.000,356,2014
2134,cc88c89f,New Members,"{""created_days_max"": 30}",1,2025-10-20 19:43:51.000,2025-11-03 19:43:51.000,356,2014
2135,ba469467,Inactive 90+,"{""inactive_days_min"": 90}",1,2025-10-20 19:43:51.000,2025-11-24 19:43:51.000,356,2014
2136,462c7e4f,High Spenders,"{""avg_ticket_min"": 50}",1,2025-10-20 19:43:51.000,2025-10-28 19:43:51.000,356,2014
2137,bb02faa4,VIP Customers,"{""min_balance"": 1000, ""last_active_days"": 30}",1,2025-10-20 19:43:51.000,2025-10-29 19:43:51.000,357,2018
2138,8519c423,At Risk,"{""inactive_days_min"": 60, ""inactive_days_max"": 89}",0,2025-10-20 19:43:51.000,2025-11-11 19:43:51.000,357,2018
2139,7309c2c6,Birthday Month,"{""birthday_month"": ""current""}",0,2025-10-20 19:43:51.000,2025-11-25 19:43:51.000,357,2018
2140,e9f723e9,New Members,"{""created_days_max"": 30}",1,2025-10-20 19:43:51.000,2025-12-13 19:43:51.000,357,2018
2141,d0a54c3e,Inactive 90+,"{""inactive_days_min"": 90}",0,2025-10-20 19:43:51.000,2025-11-16 19:43:51.000,357,2018
2142,00c808e0,High Spenders,"{""avg_ticket_min"": 50}",0,2025-10-20 19:43:51.000,2025-11-14 19:43:51.000,357,2018
2143,f18e8235,VIP Customers,"{""min_balance"": 1000, ""last_active_days"": 30}",0,2025-10-20 19:43:51.000,2025-12-06 19:43:51.000,358,2026
2144,ea3f123d,At Risk,"{""inactive_days_min"": 60, ""inactive_days_max"": 89}",1,2025-10-20 19:43:51.000,2025-11-06 19:43:51.000,358,2026
2145,fb6cec32,Birthday Month,"{""birthday_month"": ""current""}",0,2025-10-20 19:43:51.000,2025-12-14 19:43:51.000,358,2026
2146,98c6b7c7,New Members,"{""created_days_max"": 30}",0,2025-10-20 19:43:51.000,2025-10-23 19:43:51.000,358,2026
2147,590b6088,Inactive 90+,"{""inactive_days_min"": 90}",1,2025-10-20 19:43:51.000,2025-12-05 19:43:51.000,358,2026
2148,a4bdf2b9,High Spenders,"{""avg_ticket_min"": 50}",1,2025-10-20 19:43:51.000,2025-10-25 19:43:51.000,358,2026
2149,8b6771c4,VIP Customers,"{""min_balance"": 1000, ""last_active_days"": 30}",0,2025-10-20 19:43:51.000,2025-11-03 19:43:51.000,359,2033
2150,2ea549b8,At Risk,"{""inactive_days_min"": 60, ""inactive_days_max"": 89}",1,2025-10-20 19:43:51.000,2025-11-05 19:43:51.000,359,2033
2151,22099921,Birthday Month,"{""birthday_month"": ""current""}",1,2025-10-20 19:43:51.000,2025-12-08 19:43:51.000,359,2033
2152,9d0b0c33,New Members,"{""created_days_max"": 30}",1,2025-10-20 19:43:51.000,2025-11-15 19:43:51.000,359,2033
2153,530ef95b,Inactive 90+,"{""inactive_days_min"": 90}",0,2025-10-20 19:43:51.000,2025-12-19 19:43:51.000,359,2033
2154,89f096e1,High Spenders,"{""avg_ticket_min"": 50}",1,2025-10-20 19:43:51.000,2025-11-19 19:43:51.000,359,2033
2155,118f8311,VIP Customers,"{""min_balance"": 1000, ""last_active_days"": 30}",0,2025-10-20 19:43:51.000,2025-11-19 19:43:51.000,360,2037
2156,7d202bec,At Risk,"{""inactive_days_min"": 60, ""inactive_days_max"": 89}",1,2025-10-20 19:43:51.000,2025-12-13 19:43:51.000,360,2037
2157,26c9dfdc,Birthday Month,"{""birthday_month"": ""current""}",1,2025-10-20 19:43:51.000,2025-11-17 19:43:51.000,360,2037
2158,839bdd5b,New Members,"{""created_days_max"": 30}",1,2025-10-20 19:43:51.000,2025-11-10 19:43:51.000,360,2037
2159,4db91d81,Inactive 90+,"{""inactive_days_min"": 90}",0,2025-10-20 19:43:51.000,2025-10-28 19:43:51.000,360,2037
2160,6f9b6ff9,High Spenders,"{""avg_ticket_min"": 50}",0,2025-10-20 19:43:51.000,2025-11-14 19:43:51.000,360,2037
2161,027e82d0,VIP Customers,"{""min_balance"": 1000, ""last_active_days"": 30}",0,2025-10-20 19:43:51.000,2025-12-06 19:43:51.000,361,2044
2162,7c8bcce1,At Risk,"{""inactive_days_min"": 60, ""inactive_days_max"": 89}",1,2025-10-20 19:43:51.000,2025-12-19 19:43:51.000,361,2044
2163,130d1a72,Birthday Month,"{""birthday_month"": ""current""}",0,2025-10-20 19:43:51.000,2025-11-19 19:43:51.000,361,2044
2164,5c3b3e7b,New Members,"{""created_days_max"": 30}",0,2025-10-20 19:43:51.000,2025-11-18 19:43:51.000,361,2044
2165,aee0cbd5,Inactive 90+,"{""inactive_days_min"": 90}",0,2025-10-20 19:43:51.000,2025-12-10 19:43:51.000,361,2044
2166,ee651b81,High Spenders,"{""avg_ticket_min"": 50}",0,2025-10-20 19:43:51.000,2025-11-13 19:43:51.000,361,2044
2167,24dd3c94,VIP Customers,"{""min_balance"": 1000, ""last_active_days"": 30}",1,2025-10-20 19:43:51.000,2025-12-09 19:43:51.000,362,2049
2168,9d6a6d29,At Risk,"{""inactive_days_min"": 60, ""inactive_days_max"": 89}",0,2025-10-20 19:43:51.000,2025-11-30 19:43:51.000,362,2049
2169,0997f09f,Birthday Month,"{""birthday_month"": ""current""}",1,2025-10-20 19:43:51.000,2025-11-08 19:43:51.000,362,2049
2170,8b92586d,New Members,"{""created_days_max"": 30}",0,2025-10-20 19:43:51.000,2025-10-21 19:43:51.000,362,2049
2171,50d3a39a,Inactive 90+,"{""inactive_days_min"": 90}",1,2025-10-20 19:43:51.000,2025-12-16 19:43:51.000,362,2049
2172,45742316,High Spenders,"{""avg_ticket_min"": 50}",1,2025-10-20 19:43:51.000,2025-10-30 19:43:51.000,362,2049
2173,09e7ca28,VIP Customers,"{""min_balance"": 1000, ""last_active_days"": 30}",0,2025-10-20 19:43:51.000,2025-11-24 19:43:51.000,363,2053
2174,eb02e72c,At Risk,"{""inactive_days_min"": 60, ""inactive_days_max"": 89}",0,2025-10-20 19:43:51.000,2025-11-16 19:43:51.000,363,2053
2175,dbbec3bb,Birthday Month,"{""birthday_month"": ""current""}",1,2025-10-20 19:43:51.000,2025-12-07 19:43:51.000,363,2053
2176,ca9fadd0,New Members,"{""created_days_max"": 30}",0,2025-10-20 19:43:51.000,2025-10-31 19:43:51.000,363,2053
2177,32ae1804,Inactive 90+,"{""inactive_days_min"": 90}",0,2025-10-20 19:43:51.000,2025-10-26 19:43:51.000,363,2053
2178,c52c3753,High Spenders,"{""avg_ticket_min"": 50}",1,2025-10-20 19:43:51.000,2025-10-20 19:43:51.000,363,2053
2179,88c0c2b8,VIP Customers,"{""min_balance"": 1000, ""last_active_days"": 30}",0,2025-10-20 19:43:51.000,2025-11-05 19:43:51.000,364,2058
2180,b245843b,At Risk,"{""inactive_days_min"": 60, ""inactive_days_max"": 89}",0,2025-10-20 19:43:51.000,2025-12-09 19:43:51.000,364,2058
2181,399a2505,Birthday Month,"{""birthday_month"": ""current""}",0,2025-10-20 19:43:51.000,2025-12-04 19:43:51.000,364,2058
2182,df11b067,New Members,"{""created_days_max"": 30}",1,2025-10-20 19:43:51.000,2025-12-11 19:43:51.000,364,2058
2183,8b8ab8bd,Inactive 90+,"{""inactive_days_min"": 90}",0,2025-10-20 19:43:51.000,2025-12-19 19:43:51.000,364,2058
2184,259a8e10,High Spenders,"{""avg_ticket_min"": 50}",1,2025-10-20 19:43:51.000,2025-12-17 19:43:51.000,364,2058
2185,c8500c2c,VIP Customers,"{""min_balance"": 1000, ""last_active_days"": 30}",1,2025-10-20 19:43:51.000,2025-10-24 19:43:51.000,365,2062
2186,d971bab8,At Risk,"{""inactive_days_min"": 60, ""inactive_days_max"": 89}",1,2025-10-20 19:43:51.000,2025-11-19 19:43:51.000,365,2062
2187,8c1d9e7d,Birthday Month,"{""birthday_month"": ""current""}",0,2025-10-20 19:43:51.000,2025-11-28 19:43:51.000,365,2062
2188,61577d91,New Members,"{""created_days_max"": 30}",0,2025-10-20 19:43:51.000,2025-11-28 19:43:51.000,365,2062
2189,6bd4dfb3,Inactive 90+,"{""inactive_days_min"": 90}",1,2025-10-20 19:43:51.000,2025-10-20 19:43:51.000,365,2062
2190,d345ed19,High Spenders,"{""avg_ticket_min"": 50}",1,2025-10-20 19:43:51.000,2025-12-07 19:43:51.000,365,2062
2191,7ee75bf8,VIP Customers,"{""min_balance"": 1000, ""last_active_days"": 30}",1,2025-10-20 19:43:51.000,2025-11-13 19:43:51.000,366,2065
2192,07c034e0,At Risk,"{""inactive_days_min"": 60, ""inactive_days_max"": 89}",1,2025-10-20 19:43:51.000,2025-11-25 19:43:51.000,366,2065
2193,342c43bd,Birthday Month,"{""birthday_month"": ""current""}",1,2025-10-20 19:43:51.000,2025-12-14 19:43:51.000,366,2065
2194,4ca704fc,New Members,"{""created_days_max"": 30}",0,2025-10-20 19:43:51.000,2025-10-29 19:43:51.000,366,2065
2195,f46176fb,Inactive 90+,"{""inactive_days_min"": 90}",0,2025-10-20 19:43:51.000,2025-12-17 19:43:51.000,366,2065
2196,46c076ff,High Spenders,"{""avg_ticket_min"": 50}",1,2025-10-20 19:43:51.000,2025-11-12 19:43:51.000,366,2065
2197,b1f40414,VIP Customers,"{""min_balance"": 1000, ""last_active_days"": 30}",1,2025-10-20 19:43:51.000,2025-10-29 19:43:51.000,367,2069
2198,ec9889c9,At Risk,"{""inactive_days_min"": 60, ""inactive_days_max"": 89}",1,2025-10-20 19:43:51.000,2025-11-30 19:43:51.000,367,2069
2199,053962a8,Birthday Month,"{""birthday_month"": ""current""}",0,2025-10-20 19:43:51.000,2025-11-10 19:43:51.000,367,2069
2200,314fb909,New Members,"{""created_days_max"": 30}",1,2025-10-20 19:43:51.000,2025-12-03 19:43:51.000,367,2069
2201,ba4c3339,Inactive 90+,"{""inactive_days_min"": 90}",0,2025-10-20 19:43:51.000,2025-11-01 19:43:51.000,367,2069
2202,edc4a258,High Spenders,"{""avg_ticket_min"": 50}",0,2025-10-20 19:43:51.000,2025-12-12 19:43:51.000,367,2069
2203,39e40498,VIP Customers,"{""min_balance"": 1000, ""last_active_days"": 30}",0,2025-10-20 19:43:51.000,2025-11-13 19:43:51.000,368,2075
2204,dc0fe2f1,At Risk,"{""inactive_days_min"": 60, ""inactive_days_max"": 89}",1,2025-10-20 19:43:51.000,2025-12-05 19:43:51.000,368,2075
2205,75b1f90c,Birthday Month,"{""birthday_month"": ""current""}",1,2025-10-20 19:43:51.000,2025-11-14 19:43:51.000,368,2075
2206,866614cc,New Members,"{""created_days_max"": 30}",0,2025-10-20 19:43:51.000,2025-12-07 19:43:51.000,368,2075
2207,6e2968f7,Inactive 90+,"{""inactive_days_min"": 90}",0,2025-10-20 19:43:51.000,2025-12-10 19:43:51.000,368,2075
2208,95c3a5ca,High Spenders,"{""avg_ticket_min"": 50}",0,2025-10-20 19:43:51.000,2025-12-17 19:43:51.000,368,2075
2209,e108be63,VIP Customers,"{""min_balance"": 1000, ""last_active_days"": 30}",0,2025-10-20 19:43:51.000,2025-12-17 19:43:51.000,369,2081
2210,ed57fb37,At Risk,"{""inactive_days_min"": 60, ""inactive_days_max"": 89}",1,2025-10-20 19:43:51.000,2025-12-13 19:43:51.000,369,2081
2211,ec8fb8c0,Birthday Month,"{""birthday_month"": ""current""}",1,2025-10-20 19:43:51.000,2025-11-23 19:43:51.000,369,2081
2212,864c2bd8,New Members,"{""created_days_max"": 30}",0,2025-10-20 19:43:51.000,2025-10-20 19:43:51.000,369,2081
2213,52d7c7c5,Inactive 90+,"{""inactive_days_min"": 90}",1,2025-10-20 19:43:51.000,2025-11-27 19:43:51.000,369,2081
2214,f9704d2d,High Spenders,"{""avg_ticket_min"": 50}",0,2025-10-20 19:43:51.000,2025-10-26 19:43:51.000,369,2081
2215,e07f22b0,VIP Customers,"{""min_balance"": 1000, ""last_active_days"": 30}",0,2025-10-20 19:43:51.000,2025-11-07 19:43:51.000,370,2089
2216,51015680,At Risk,"{""inactive_days_min"": 60, ""inactive_days_max"": 89}",1,2025-10-20 19:43:51.000,2025-12-18 19:43:51.000,370,2089
2217,c1495d6f,Birthday Month,"{""birthday_month"": ""current""}",0,2025-10-20 19:43:51.000,2025-11-26 19:43:51.000,370,2089
2218,3dcb5e99,New Members,"{""created_days_max"": 30}",1,2025-10-20 19:43:51.000,2025-11-17 19:43:51.000,370,2089
2219,318098a8,Inactive 90+,"{""inactive_days_min"": 90}",1,2025-10-20 19:43:51.000,2025-11-10 19:43:51.000,370,2089
2220,f7f5f2b4,High Spenders,"{""avg_ticket_min"": 50}",0,2025-10-20 19:43:51.000,2025-11-29 19:43:51.000,370,2089
2221,e90e31a5,VIP Customers,"{""min_balance"": 1000, ""last_active_days"": 30}",0,2025-10-20 19:43:51.000,2025-11-04 19:43:51.000,371,2097
2222,f1665a32,At Risk,"{""inactive_days_min"": 60, ""inactive_days_max"": 89}",0,2025-10-20 19:43:51.000,2025-11-29 19:43:51.000,371,2097
2223,4342aac5,Birthday Month,"{""birthday_month"": ""current""}",1,2025-10-20 19:43:51.000,2025-11-30 19:43:51.000,371,2097
2224,02da4d3a,New Members,"{""created_days_max"": 30}",0,2025-10-20 19:43:51.000,2025-11-03 19:43:51.000,371,2097
2225,1be4bae0,Inactive 90+,"{""inactive_days_min"": 90}",1,2025-10-20 19:43:51.000,2025-12-19 19:43:51.000,371,2097
2226,390b2320,High Spenders,"{""avg_ticket_min"": 50}",1,2025-10-20 19:43:51.000,2025-11-04 19:43:51.000,371,2097
2227,3385d2be,VIP Customers,"{""min_balance"": 1000, ""last_active_days"": 30}",0,2025-10-20 19:43:51.000,2025-12-12 19:43:51.000,372,2100
2228,60c714dd,At Risk,"{""inactive_days_min"": 60, ""inactive_days_max"": 89}",1,2025-10-20 19:43:51.000,2025-11-11 19:43:51.000,372,2100
2229,ba25dcda,Birthday Month,"{""birthday_month"": ""current""}",1,2025-10-20 19:43:51.000,2025-11-28 19:43:51.000,372,2100
2230,e5a91b38,New Members,"{""created_days_max"": 30}",0,2025-10-20 19:43:51.000,2025-11-10 19:43:51.000,372,2100
2231,5061cd42,Inactive 90+,"{""inactive_days_min"": 90}",1,2025-10-20 19:43:51.000,2025-10-28 19:43:51.000,372,2100
2232,3e78fb26,High Spenders,"{""avg_ticket_min"": 50}",0,2025-10-20 19:43:51.000,2025-10-21 19:43:51.000,372,2100
2233,838d2264,VIP Customers,"{""min_balance"": 1000, ""last_active_days"": 30}",0,2025-10-20 19:43:51.000,2025-11-22 19:43:51.000,373,2112
2234,924404f0,At Risk,"{""inactive_days_min"": 60, ""inactive_days_max"": 89}",1,2025-10-20 19:43:51.000,2025-11-10 19:43:51.000,373,2112
2235,5407cbdb,Birthday Month,"{""birthday_month"": ""current""}",1,2025-10-20 19:43:51.000,2025-11-28 19:43:51.000,373,2112
2236,b77eead6,New Members,"{""created_days_max"": 30}",1,2025-10-20 19:43:51.000,2025-12-17 19:43:51.000,373,2112
2237,4315dd36,Inactive 90+,"{""inactive_days_min"": 90}",1,2025-10-20 19:43:51.000,2025-10-27 19:43:51.000,373,2112
2238,f23be0e7,High Spenders,"{""avg_ticket_min"": 50}",1,2025-10-20 19:43:51.000,2025-11-19 19:43:51.000,373,2112
2239,ce8b2f2c,VIP Customers,"{""min_balance"": 1000, ""last_active_days"": 30}",1,2025-10-20 19:43:51.000,2025-12-10 19:43:51.000,374,2116
2240,edc9f852,At Risk,"{""inactive_days_min"": 60, ""inactive_days_max"": 89}",0,2025-10-20 19:43:51.000,2025-12-05 19:43:51.000,374,2116
2241,ac005e67,Birthday Month,"{""birthday_month"": ""current""}",1,2025-10-20 19:43:51.000,2025-11-25 19:43:51.000,374,2116
2242,8ab97810,New Members,"{""created_days_max"": 30}",0,2025-10-20 19:43:51.000,2025-12-10 19:43:51.000,374,2116
2243,f163821a,Inactive 90+,"{""inactive_days_min"": 90}",1,2025-10-20 19:43:51.000,2025-11-21 19:43:51.000,374,2116
2244,934a37ac,High Spenders,"{""avg_ticket_min"": 50}",1,2025-10-20 19:43:51.000,2025-10-28 19:43:51.000,374,2116
2245,a0c10535,VIP Customers,"{""min_balance"": 1000, ""last_active_days"": 30}",1,2025-10-20 19:43:51.000,2025-11-11 19:43:51.000,375,2121
2246,a1fd3f99,At Risk,"{""inactive_days_min"": 60, ""inactive_days_max"": 89}",0,2025-10-20 19:43:51.000,2025-11-10 19:43:51.000,375,2121
2247,7dbd9026,Birthday Month,"{""birthday_month"": ""current""}",1,2025-10-20 19:43:51.000,2025-12-09 19:43:51.000,375,2121
2248,321bb2e0,New Members,"{""created_days_max"": 30}",0,2025-10-20 19:43:51.000,2025-12-14 19:43:51.000,375,2121
2249,31fdf15c,Inactive 90+,"{""inactive_days_min"": 90}",1,2025-10-20 19:43:51.000,2025-11-09 19:43:51.000,375,2121
2250,e345ab4d,High Spenders,"{""avg_ticket_min"": 50}",1,2025-10-20 19:43:51.000,2025-11-11 19:43:51.000,375,2121
2251,b67dc197,VIP Customers,"{""min_balance"": 1000, ""last_active_days"": 30}",0,2025-10-20 19:43:51.000,2025-12-13 19:43:51.000,376,2124
2252,fd7506e7,At Risk,"{""inactive_days_min"": 60, ""inactive_days_max"": 89}",0,2025-10-20 19:43:51.000,2025-11-27 19:43:51.000,376,2124
2253,11314627,Birthday Month,"{""birthday_month"": ""current""}",1,2025-10-20 19:43:51.000,2025-11-14 19:43:51.000,376,2124
2254,5527b9e2,New Members,"{""created_days_max"": 30}",1,2025-10-20 19:43:51.000,2025-10-24 19:43:51.000,376,2124
2255,8de796ac,Inactive 90+,"{""inactive_days_min"": 90}",1,2025-10-20 19:43:51.000,2025-11-07 19:43:51.000,376,2124
2256,56ed5d97,High Spenders,"{""avg_ticket_min"": 50}",1,2025-10-20 19:43:51.000,2025-11-25 19:43:51.000,376,2124
2257,c556d939,VIP Customers,"{""min_balance"": 1000, ""last_active_days"": 30}",1,2025-10-20 19:43:51.000,2025-10-27 19:43:51.000,377,2131
2258,a40309b3,At Risk,"{""inactive_days_min"": 60, ""inactive_days_max"": 89}",0,2025-10-20 19:43:51.000,2025-11-25 19:43:51.000,377,2131
2259,f5756027,Birthday Month,"{""birthday_month"": ""current""}",1,2025-10-20 19:43:51.000,2025-10-22 19:43:51.000,377,2131
2260,c99999f8,New Members,"{""created_days_max"": 30}",0,2025-10-20 19:43:51.000,2025-10-25 19:43:51.000,377,2131
2261,1d757565,Inactive 90+,"{""inactive_days_min"": 90}",0,2025-10-20 19:43:51.000,2025-10-30 19:43:51.000,377,2131
2262,0f3bd8f9,High Spenders,"{""avg_ticket_min"": 50}",0,2025-10-20 19:43:51.000,2025-10-21 19:43:51.000,377,2131
2263,1a234ba8,VIP Customers,"{""min_balance"": 1000, ""last_active_days"": 30}",1,2025-10-20 19:43:51.000,2025-11-06 19:43:51.000,378,2135
2264,4f3d648a,At Risk,"{""inactive_days_min"": 60, ""inactive_days_max"": 89}",1,2025-10-20 19:43:51.000,2025-10-26 19:43:51.000,378,2135
2265,1aa3d5f0,Birthday Month,"{""birthday_month"": ""current""}",0,2025-10-20 19:43:51.000,2025-11-08 19:43:51.000,378,2135
2266,d043e08b,New Members,"{""created_days_max"": 30}",0,2025-10-20 19:43:51.000,2025-11-23 19:43:51.000,378,2135
2267,950defec,Inactive 90+,"{""inactive_days_min"": 90}",0,2025-10-20 19:43:51.000,2025-11-05 19:43:51.000,378,2135
2268,f5d6b613,High Spenders,"{""avg_ticket_min"": 50}",1,2025-10-20 19:43:51.000,2025-11-09 19:43:51.000,378,2135
2269,1dfefca1,VIP Customers,"{""min_balance"": 1000, ""last_active_days"": 30}",0,2025-10-20 19:43:51.000,2025-10-30 19:43:51.000,379,2140
2270,b67f0ced,At Risk,"{""inactive_days_min"": 60, ""inactive_days_max"": 89}",1,2025-10-20 19:43:51.000,2025-11-02 19:43:51.000,379,2140
2271,14142284,Birthday Month,"{""birthday_month"": ""current""}",0,2025-10-20 19:43:51.000,2025-10-20 19:43:51.000,379,2140
2272,6b24a40a,New Members,"{""created_days_max"": 30}",1,2025-10-20 19:43:51.000,2025-12-04 19:43:51.000,379,2140
2273,56d6a7fe,Inactive 90+,"{""inactive_days_min"": 90}",0,2025-10-20 19:43:51.000,2025-12-05 19:43:51.000,379,2140
2274,c097affc,High Spenders,"{""avg_ticket_min"": 50}",0,2025-10-20 19:43:51.000,2025-12-02 19:43:51.000,379,2140
2275,8c4a8285,VIP Customers,"{""min_balance"": 1000, ""last_active_days"": 30}",0,2025-10-20 19:43:51.000,2025-11-04 19:43:51.000,380,2147
2276,5689f995,At Risk,"{""inactive_days_min"": 60, ""inactive_days_max"": 89}",0,2025-10-20 19:43:51.000,2025-12-03 19:43:51.000,380,2147
2277,c6414d0d,Birthday Month,"{""birthday_month"": ""current""}",1,2025-10-20 19:43:51.000,2025-11-19 19:43:51.000,380,2147
2278,d27eb563,New Members,"{""created_days_max"": 30}",1,2025-10-20 19:43:51.000,2025-10-21 19:43:51.000,380,2147
2279,c1678ebd,Inactive 90+,"{""inactive_days_min"": 90}",1,2025-10-20 19:43:51.000,2025-12-08 19:43:51.000,380,2147
2280,27e7ab84,High Spenders,"{""avg_ticket_min"": 50}",0,2025-10-20 19:43:51.000,2025-11-29 19:43:51.000,380,2147
2281,268719c4,VIP Customers,"{""min_balance"": 1000, ""last_active_days"": 30}",1,2025-10-20 19:43:51.000,2025-11-03 19:43:51.000,381,2151
2282,3167ecd6,At Risk,"{""inactive_days_min"": 60, ""inactive_days_max"": 89}",1,2025-10-20 19:43:51.000,2025-11-10 19:43:51.000,381,2151
2283,1ea9d5e3,Birthday Month,"{""birthday_month"": ""current""}",1,2025-10-20 19:43:51.000,2025-11-14 19:43:51.000,381,2151
2284,2a1fad17,New Members,"{""created_days_max"": 30}",0,2025-10-20 19:43:51.000,2025-11-29 19:43:51.000,381,2151
2285,ecc9dddc,Inactive 90+,"{""inactive_days_min"": 90}",0,2025-10-20 19:43:51.000,2025-12-12 19:43:51.000,381,2151
2286,7c0087cd,High Spenders,"{""avg_ticket_min"": 50}",0,2025-10-20 19:43:51.000,2025-10-31 19:43:51.000,381,2151
2287,9b2642a4,VIP Customers,"{""min_balance"": 1000, ""last_active_days"": 30}",0,2025-10-20 19:43:51.000,2025-11-06 19:43:51.000,382,2156
2288,cdf7b676,At Risk,"{""inactive_days_min"": 60, ""inactive_days_max"": 89}",1,2025-10-20 19:43:51.000,2025-12-09 19:43:51.000,382,2156
2289,dd7025e4,Birthday Month,"{""birthday_month"": ""current""}",1,2025-10-20 19:43:51.000,2025-12-07 19:43:51.000,382,2156
2290,4531536e,New Members,"{""created_days_max"": 30}",0,2025-10-20 19:43:51.000,2025-11-19 19:43:51.000,382,2156
2291,b4455b7d,Inactive 90+,"{""inactive_days_min"": 90}",1,2025-10-20 19:43:51.000,2025-10-22 19:43:51.000,382,2156
2292,76eb6e9e,High Spenders,"{""avg_ticket_min"": 50}",0,2025-10-20 19:43:51.000,2025-11-17 19:43:51.000,382,2156
2293,19ab24dd,VIP Customers,"{""min_balance"": 1000, ""last_active_days"": 30}",0,2025-10-20 19:43:51.000,2025-10-29 19:43:51.000,383,2161
2294,9d4949e7,At Risk,"{""inactive_days_min"": 60, ""inactive_days_max"": 89}",0,2025-10-20 19:43:51.000,2025-10-20 19:43:51.000,383,2161
2295,b11b6359,Birthday Month,"{""birthday_month"": ""current""}",0,2025-10-20 19:43:51.000,2025-10-26 19:43:51.000,383,2161
2296,16c1e283,New Members,"{""created_days_max"": 30}",0,2025-10-20 19:43:51.000,2025-12-14 19:43:51.000,383,2161
2297,d4a17aeb,Inactive 90+,"{""inactive_days_min"": 90}",1,2025-10-20 19:43:51.000,2025-11-29 19:43:51.000,383,2161
2298,c3acc87b,High Spenders,"{""avg_ticket_min"": 50}",1,2025-10-20 19:43:51.000,2025-10-25 19:43:51.000,383,2161
2299,6920a6cc,VIP Customers,"{""min_balance"": 1000, ""last_active_days"": 30}",0,2025-10-20 19:43:51.000,2025-11-17 19:43:51.000,384,2164
2300,d79d99ba,At Risk,"{""inactive_days_min"": 60, ""inactive_days_max"": 89}",0,2025-10-20 19:43:51.000,2025-12-12 19:43:51.000,384,2164
2301,f5c856b1,Birthday Month,"{""birthday_month"": ""current""}",1,2025-10-20 19:43:51.000,2025-11-28 19:43:51.000,384,2164
2302,488ec2cf,New Members,"{""created_days_max"": 30}",1,2025-10-20 19:43:51.000,2025-11-09 19:43:51.000,384,2164
2303,79abfbfa,Inactive 90+,"{""inactive_days_min"": 90}",1,2025-10-20 19:43:51.000,2025-11-28 19:43:51.000,384,2164
2304,c144f9b1,High Spenders,"{""avg_ticket_min"": 50}",0,2025-10-20 19:43:51.000,2025-11-01 19:43:51.000,384,2164
2305,4a3e0935,VIP Customers,"{""min_balance"": 1000, ""last_active_days"": 30}",0,2025-10-20 19:43:51.000,2025-12-06 19:43:51.000,385,2167
2306,fe92d5df,At Risk,"{""inactive_days_min"": 60, ""inactive_days_max"": 89}",1,2025-10-20 19:43:51.000,2025-11-25 19:43:51.000,385,2167
2307,37e47204,Birthday Month,"{""birthday_month"": ""current""}",1,2025-10-20 19:43:51.000,2025-11-30 19:43:51.000,385,2167
2308,5be8d901,New Members,"{""created_days_max"": 30}",0,2025-10-20 19:43:51.000,2025-10-21 19:43:51.000,385,2167
2309,0d391093,Inactive 90+,"{""inactive_days_min"": 90}",1,2025-10-20 19:43:51.000,2025-11-03 19:43:51.000,385,2167
2310,fab048c3,High Spenders,"{""avg_ticket_min"": 50}",1,2025-10-20 19:43:51.000,2025-10-23 19:43:51.000,385,2167
2311,8a14750c,VIP Customers,"{""min_balance"": 1000, ""last_active_days"": 30}",1,2025-10-20 19:43:51.000,2025-11-07 19:43:51.000,386,2171
2312,a9ab34c0,At Risk,"{""inactive_days_min"": 60, ""inactive_days_max"": 89}",0,2025-10-20 19:43:51.000,2025-11-20 19:43:51.000,386,2171
2313,23475036,Birthday Month,"{""birthday_month"": ""current""}",1,2025-10-20 19:43:51.000,2025-12-12 19:43:51.000,386,2171
2314,c24bf660,New Members,"{""created_days_max"": 30}",0,2025-10-20 19:43:51.000,2025-12-14 19:43:51.000,386,2171
2315,256320ac,Inactive 90+,"{""inactive_days_min"": 90}",1,2025-10-20 19:43:51.000,2025-12-14 19:43:51.000,386,2171
2316,7a47a90c,High Spenders,"{""avg_ticket_min"": 50}",1,2025-10-20 19:43:51.000,2025-11-20 19:43:51.000,386,2171
2317,d135bf49,VIP Customers,"{""min_balance"": 1000, ""last_active_days"": 30}",0,2025-10-20 19:43:51.000,2025-10-22 19:43:51.000,387,2174
2318,cb82238a,At Risk,"{""inactive_days_min"": 60, ""inactive_days_max"": 89}",0,2025-10-20 19:43:51.000,2025-12-13 19:43:51.000,387,2174
2319,3fd173e1,Birthday Month,"{""birthday_month"": ""current""}",0,2025-10-20 19:43:51.000,2025-12-12 19:43:51.000,387,2174
2320,4f77d62b,New Members,"{""created_days_max"": 30}",1,2025-10-20 19:43:51.000,2025-10-31 19:43:51.000,387,2174
2321,b39fd2e3,Inactive 90+,"{""inactive_days_min"": 90}",1,2025-10-20 19:43:51.000,2025-10-25 19:43:51.000,387,2174
2322,74ec78ba,High Spenders,"{""avg_ticket_min"": 50}",0,2025-10-20 19:43:51.000,2025-12-13 19:43:51.000,387,2174
2323,1c589ac4,VIP Customers,"{""min_balance"": 1000, ""last_active_days"": 30}",1,2025-10-20 19:43:51.000,2025-10-24 19:43:51.000,388,2185
2324,8a7130d0,At Risk,"{""inactive_days_min"": 60, ""inactive_days_max"": 89}",0,2025-10-20 19:43:51.000,2025-12-01 19:43:51.000,388,2185
2325,82ee7696,Birthday Month,"{""birthday_month"": ""current""}",1,2025-10-20 19:43:51.000,2025-12-15 19:43:51.000,388,2185
2326,983f11d4,New Members,"{""created_days_max"": 30}",0,2025-10-20 19:43:51.000,2025-11-26 19:43:51.000,388,2185
2327,46c05922,Inactive 90+,"{""inactive_days_min"": 90}",0,2025-10-20 19:43:51.000,2025-12-01 19:43:51.000,388,2185
2328,53127645,High Spenders,"{""avg_ticket_min"": 50}",0,2025-10-20 19:43:51.000,2025-12-10 19:43:51.000,388,2185
2329,f43ae5df,VIP Customers,"{""min_balance"": 1000, ""last_active_days"": 30}",0,2025-10-20 19:43:51.000,2025-11-03 19:43:51.000,389,2189
2330,32322a8c,At Risk,"{""inactive_days_min"": 60, ""inactive_days_max"": 89}",1,2025-10-20 19:43:51.000,2025-11-16 19:43:51.000,389,2189
2331,9211e8e8,Birthday Month,"{""birthday_month"": ""current""}",1,2025-10-20 19:43:51.000,2025-11-19 19:43:51.000,389,2189
2332,03f5626c,New Members,"{""created_days_max"": 30}",0,2025-10-20 19:43:51.000,2025-11-16 19:43:51.000,389,2189
2333,92ad3261,Inactive 90+,"{""inactive_days_min"": 90}",1,2025-10-20 19:43:51.000,2025-10-28 19:43:51.000,389,2189
2334,252c1cff,High Spenders,"{""avg_ticket_min"": 50}",1,2025-10-20 19:43:51.000,2025-11-06 19:43:51.000,389,2189
2335,26179bbd,VIP Customers,"{""min_balance"": 1000, ""last_active_days"": 30}",1,2025-10-20 19:43:51.000,2025-12-06 19:43:51.000,390,2194
2336,ea8abf3d,At Risk,"{""inactive_days_min"": 60, ""inactive_days_max"": 89}",1,2025-10-20 19:43:51.000,2025-12-16 19:43:51.000,390,2194
2337,427bf98e,Birthday Month,"{""birthday_month"": ""current""}",0,2025-10-20 19:43:51.000,2025-11-15 19:43:51.000,390,2194
2338,c66fd771,New Members,"{""created_days_max"": 30}",1,2025-10-20 19:43:51.000,2025-11-19 19:43:51.000,390,2194
2339,fd815730,Inactive 90+,"{""inactive_days_min"": 90}",1,2025-10-20 19:43:51.000,2025-11-17 19:43:51.000,390,2194
2340,4c9995a3,High Spenders,"{""avg_ticket_min"": 50}",1,2025-10-20 19:43:51.000,2025-10-26 19:43:51.000,390,2194
2341,d5296474,VIP Customers,"{""min_balance"": 1000, ""last_active_days"": 30}",0,2025-10-20 19:43:51.000,2025-12-07 19:43:51.000,391,2200
2342,b3ca0e8e,At Risk,"{""inactive_days_min"": 60, ""inactive_days_max"": 89}",1,2025-10-20 19:43:51.000,2025-11-10 19:43:51.000,391,2200
2343,0534ba7f,Birthday Month,"{""birthday_month"": ""current""}",1,2025-10-20 19:43:51.000,2025-11-21 19:43:51.000,391,2200
2344,b1bc9b5e,New Members,"{""created_days_max"": 30}",0,2025-10-20 19:43:51.000,2025-10-30 19:43:51.000,391,2200
2345,88a10395,Inactive 90+,"{""inactive_days_min"": 90}",1,2025-10-20 19:43:51.000,2025-10-28 19:43:51.000,391,2200
2346,41328e25,High Spenders,"{""avg_ticket_min"": 50}",1,2025-10-20 19:43:51.000,2025-12-12 19:43:51.000,391,2200
2347,4d244ad7,VIP Customers,"{""min_balance"": 1000, ""last_active_days"": 30}",1,2025-10-20 19:43:51.000,2025-11-29 19:43:51.000,392,2203
2348,ce6c4ab6,At Risk,"{""inactive_days_min"": 60, ""inactive_days_max"": 89}",1,2025-10-20 19:43:51.000,2025-12-02 19:43:51.000,392,2203
2349,9857cddc,Birthday Month,"{""birthday_month"": ""current""}",0,2025-10-20 19:43:51.000,2025-12-18 19:43:51.000,392,2203
2350,3a2dca46,New Members,"{""created_days_max"": 30}",1,2025-10-20 19:43:51.000,2025-10-27 19:43:51.000,392,2203
2351,697712b9,Inactive 90+,"{""inactive_days_min"": 90}",1,2025-10-20 19:43:51.000,2025-10-30 19:43:51.000,392,2203
2352,161dd352,High Spenders,"{""avg_ticket_min"": 50}",0,2025-10-20 19:43:51.000,2025-12-16 19:43:51.000,392,2203
2353,47cafc86,VIP Customers,"{""min_balance"": 1000, ""last_active_days"": 30}",1,2025-10-20 19:43:51.000,2025-11-16 19:43:51.000,393,2207
2354,87707e1d,At Risk,"{""inactive_days_min"": 60, ""inactive_days_max"": 89}",0,2025-10-20 19:43:51.000,2025-11-18 19:43:51.000,393,2207
2355,9d20e383,Birthday Month,"{""birthday_month"": ""current""}",1,2025-10-20 19:43:51.000,2025-12-06 19:43:51.000,393,2207
2356,0887e93c,New Members,"{""created_days_max"": 30}",1,2025-10-20 19:43:51.000,2025-12-17 19:43:51.000,393,2207
2357,31721d4b,Inactive 90+,"{""inactive_days_min"": 90}",0,2025-10-20 19:43:51.000,2025-12-02 19:43:51.000,393,2207
2358,5c47eb7a,High Spenders,"{""avg_ticket_min"": 50}",0,2025-10-20 19:43:51.000,2025-10-27 19:43:51.000,393,2207
2359,705d2fac,VIP Customers,"{""min_balance"": 1000, ""last_active_days"": 30}",1,2025-10-20 19:43:51.000,2025-11-30 19:43:51.000,394,2211
2360,147af80c,At Risk,"{""inactive_days_min"": 60, ""inactive_days_max"": 89}",1,2025-10-20 19:43:51.000,2025-11-08 19:43:51.000,394,2211
2361,c2e7f073,Birthday Month,"{""birthday_month"": ""current""}",1,2025-10-20 19:43:51.000,2025-11-16 19:43:51.000,394,2211
2362,5d0374a1,New Members,"{""created_days_max"": 30}",1,2025-10-20 19:43:51.000,2025-11-03 19:43:51.000,394,2211
2363,b4dd9de3,Inactive 90+,"{""inactive_days_min"": 90}",0,2025-10-20 19:43:51.000,2025-11-13 19:43:51.000,394,2211
2364,37ea0dae,High Spenders,"{""avg_ticket_min"": 50}",1,2025-10-20 19:43:51.000,2025-11-07 19:43:51.000,394,2211
2365,0809f442,VIP Customers,"{""min_balance"": 1000, ""last_active_days"": 30}",0,2025-10-20 19:43:51.000,2025-11-06 19:43:51.000,395,2218
2366,35e3a420,At Risk,"{""inactive_days_min"": 60, ""inactive_days_max"": 89}",1,2025-10-20 19:43:51.000,2025-12-04 19:43:51.000,395,2218
2367,02a26484,Birthday Month,"{""birthday_month"": ""current""}",0,2025-10-20 19:43:51.000,2025-11-13 19:43:51.000,395,2218
2368,aa9b919b,New Members,"{""created_days_max"": 30}",1,2025-10-20 19:43:51.000,2025-10-22 19:43:51.000,395,2218
2369,315a27a3,Inactive 90+,"{""inactive_days_min"": 90}",0,2025-10-20 19:43:51.000,2025-11-04 19:43:51.000,395,2218
2370,6b01e863,High Spenders,"{""avg_ticket_min"": 50}",1,2025-10-20 19:43:51.000,2025-12-05 19:43:51.000,395,2218
2371,01c4ff8f,VIP Customers,"{""min_balance"": 1000, ""last_active_days"": 30}",1,2025-10-20 19:43:51.000,2025-12-11 19:43:51.000,396,2222
2372,4a06ca49,At Risk,"{""inactive_days_min"": 60, ""inactive_days_max"": 89}",1,2025-10-20 19:43:51.000,2025-11-06 19:43:51.000,396,2222
2373,82edc871,Birthday Month,"{""birthday_month"": ""current""}",1,2025-10-20 19:43:51.000,2025-12-10 19:43:51.000,396,2222
2374,78681fc7,New Members,"{""created_days_max"": 30}",0,2025-10-20 19:43:51.000,2025-12-19 19:43:51.000,396,2222
2375,d4ed4bce,Inactive 90+,"{""inactive_days_min"": 90}",0,2025-10-20 19:43:51.000,2025-11-27 19:43:51.000,396,2222
2376,99d4e9c3,High Spenders,"{""avg_ticket_min"": 50}",0,2025-10-20 19:43:51.000,2025-11-08 19:43:51.000,396,2222
2377,59342185,VIP Customers,"{""min_balance"": 1000, ""last_active_days"": 30}",0,2025-10-20 19:43:51.000,2025-11-19 19:43:51.000,397,2227
2378,bbbf7576,At Risk,"{""inactive_days_min"": 60, ""inactive_days_max"": 89}",0,2025-10-20 19:43:51.000,2025-12-15 19:43:51.000,397,2227
2379,7b507b6f,Birthday Month,"{""birthday_month"": ""current""}",0,2025-10-20 19:43:51.000,2025-10-22 19:43:51.000,397,2227
2380,d5e1910c,New Members,"{""created_days_max"": 30}",0,2025-10-20 19:43:51.000,2025-11-06 19:43:51.000,397,2227
2381,ba3ae3a5,Inactive 90+,"{""inactive_days_min"": 90}",1,2025-10-20 19:43:51.000,2025-11-27 19:43:51.000,397,2227
2382,65f6af50,High Spenders,"{""avg_ticket_min"": 50}",1,2025-10-20 19:43:51.000,2025-12-08 19:43:51.000,397,2227
2383,ead6f1a7,VIP Customers,"{""min_balance"": 1000, ""last_active_days"": 30}",0,2025-10-20 19:43:51.000,2025-10-31 19:43:51.000,398,2231
2384,8dfa4e57,At Risk,"{""inactive_days_min"": 60, ""inactive_days_max"": 89}",0,2025-10-20 19:43:51.000,2025-10-29 19:43:51.000,398,2231
2385,a1f2376a,Birthday Month,"{""birthday_month"": ""current""}",1,2025-10-20 19:43:51.000,2025-10-23 19:43:51.000,398,2231
2386,56a8910b,New Members,"{""created_days_max"": 30}",0,2025-10-20 19:43:51.000,2025-10-28 19:43:51.000,398,2231
2387,4c1c0b16,Inactive 90+,"{""inactive_days_min"": 90}",1,2025-10-20 19:43:51.000,2025-11-27 19:43:51.000,398,2231
2388,b5dad0cb,High Spenders,"{""avg_ticket_min"": 50}",0,2025-10-20 19:43:51.000,2025-11-26 19:43:51.000,398,2231
2389,ea89ccde,VIP Customers,"{""min_balance"": 1000, ""last_active_days"": 30}",0,2025-10-20 19:43:51.000,2025-11-04 19:43:51.000,399,2234
2390,08bad3c7,At Risk,"{""inactive_days_min"": 60, ""inactive_days_max"": 89}",0,2025-10-20 19:43:51.000,2025-11-21 19:43:51.000,399,2234
2391,a979e88e,Birthday Month,"{""birthday_month"": ""current""}",1,2025-10-20 19:43:51.000,2025-11-20 19:43:51.000,399,2234
2392,df4b5eee,New Members,"{""created_days_max"": 30}",0,2025-10-20 19:43:51.000,2025-12-06 19:43:51.000,399,2234
2393,b30b521b,Inactive 90+,"{""inactive_days_min"": 90}",1,2025-10-20 19:43:51.000,2025-11-13 19:43:51.000,399,2234
2394,8e487952,High Spenders,"{""avg_ticket_min"": 50}",0,2025-10-20 19:43:51.000,2025-12-10 19:43:51.000,399,2234
2395,a45d2c77,VIP Customers,"{""min_balance"": 1000, ""last_active_days"": 30}",1,2025-10-20 19:43:51.000,2025-12-01 19:43:51.000,400,2240
2396,7a739e5f,At Risk,"{""inactive_days_min"": 60, ""inactive_days_max"": 89}",0,2025-10-20 19:43:51.000,2025-11-29 19:43:51.000,400,2240
2397,0fe2b1bb,Birthday Month,"{""birthday_month"": ""current""}",0,2025-10-20 19:43:51.000,2025-10-28 19:43:51.000,400,2240
2398,a17eeea0,New Members,"{""created_days_max"": 30}",0,2025-10-20 19:43:51.000,2025-10-31 19:43:51.000,400,2240
2399,d8a8ce46,Inactive 90+,"{""inactive_days_min"": 90}",1,2025-10-20 19:43:51.000,2025-12-01 19:43:51.000,400,2240
2400,fe667fc4,High Spenders,"{""avg_ticket_min"": 50}",0,2025-10-20 19:43:51.000,2025-12-19 19:43:51.000,400,2240
2401,723885e0,VIP Customers,"{""min_balance"": 1000, ""last_active_days"": 30}",1,2025-10-20 19:43:51.000,2025-10-21 19:43:51.000,401,2245
2402,b84d2592,At Risk,"{""inactive_days_min"": 60, ""inactive_days_max"": 89}",0,2025-10-20 19:43:51.000,2025-12-02 19:43:51.000,401,2245
2403,784c4c33,Birthday Month,"{""birthday_month"": ""current""}",0,2025-10-20 19:43:51.000,2025-12-12 19:43:51.000,401,2245
2404,ecbcb3a1,New Members,"{""created_days_max"": 30}",0,2025-10-20 19:43:51.000,2025-11-04 19:43:51.000,401,2245
2405,a9daf04b,Inactive 90+,"{""inactive_days_min"": 90}",0,2025-10-20 19:43:51.000,2025-11-08 19:43:51.000,401,2245
2406,20f4e41e,High Spenders,"{""avg_ticket_min"": 50}",0,2025-10-20 19:43:51.000,2025-12-05 19:43:51.000,401,2245
2407,ba3bc5a2,VIP Customers,"{""min_balance"": 1000, ""last_active_days"": 30}",0,2025-10-20 19:43:51.000,2025-12-06 19:43:51.000,402,2248
2408,966bf0f1,At Risk,"{""inactive_days_min"": 60, ""inactive_days_max"": 89}",0,2025-10-20 19:43:51.000,2025-11-08 19:43:51.000,402,2248
2409,d564b19c,Birthday Month,"{""birthday_month"": ""current""}",0,2025-10-20 19:43:51.000,2025-11-12 19:43:51.000,402,2248
2410,a4ed99f4,New Members,"{""created_days_max"": 30}",1,2025-10-20 19:43:51.000,2025-12-11 19:43:51.000,402,2248
2411,4f0890ab,Inactive 90+,"{""inactive_days_min"": 90}",1,2025-10-20 19:43:51.000,2025-12-07 19:43:51.000,402,2248
2412,59cfaec8,High Spenders,"{""avg_ticket_min"": 50}",1,2025-10-20 19:43:51.000,2025-11-16 19:43:51.000,402,2248
2413,9699b016,VIP Customers,"{""min_balance"": 1000, ""last_active_days"": 30}",0,2025-10-20 19:43:51.000,2025-11-12 19:43:51.000,403,2253
2414,b5714f76,At Risk,"{""inactive_days_min"": 60, ""inactive_days_max"": 89}",0,2025-10-20 19:43:51.000,2025-12-19 19:43:51.000,403,2253
2415,1ff0940c,Birthday Month,"{""birthday_month"": ""current""}",0,2025-10-20 19:43:51.000,2025-12-19 19:43:51.000,403,2253
2416,97e46367,New Members,"{""created_days_max"": 30}",1,2025-10-20 19:43:51.000,2025-12-16 19:43:51.000,403,2253
2417,449890f0,Inactive 90+,"{""inactive_days_min"": 90}",0,2025-10-20 19:43:51.000,2025-11-16 19:43:51.000,403,2253
2418,a055d400,High Spenders,"{""avg_ticket_min"": 50}",0,2025-10-20 19:43:51.000,2025-12-13 19:43:51.000,403,2253
2419,c8780468,VIP Customers,"{""min_balance"": 1000, ""last_active_days"": 30}",1,2025-10-20 19:43:51.000,2025-12-18 19:43:51.000,404,2256
2420,d6d74501,At Risk,"{""inactive_days_min"": 60, ""inactive_days_max"": 89}",1,2025-10-20 19:43:51.000,2025-10-29 19:43:51.000,404,2256
2421,eb44a96b,Birthday Month,"{""birthday_month"": ""current""}",1,2025-10-20 19:43:51.000,2025-10-29 19:43:51.000,404,2256
2422,75dbc32b,New Members,"{""created_days_max"": 30}",1,2025-10-20 19:43:51.000,2025-11-14 19:43:51.000,404,2256
2423,f0ae3531,Inactive 90+,"{""inactive_days_min"": 90}",1,2025-10-20 19:43:51.000,2025-11-27 19:43:51.000,404,2256
2424,f67dd6f5,High Spenders,"{""avg_ticket_min"": 50}",1,2025-10-20 19:43:51.000,2025-11-24 19:43:51.000,404,2256
2425,80d11583,VIP Customers,"{""min_balance"": 1000, ""last_active_days"": 30}",1,2025-10-20 19:43:51.000,2025-10-25 19:43:51.000,405,2261
2426,d04ad5cd,At Risk,"{""inactive_days_min"": 60, ""inactive_days_max"": 89}",1,2025-10-20 19:43:51.000,2025-11-03 19:43:51.000,405,2261
2427,de63e7d2,Birthday Month,"{""birthday_month"": ""current""}",1,2025-10-20 19:43:51.000,2025-10-27 19:43:51.000,405,2261
2428,aa7d9314,New Members,"{""created_days_max"": 30}",0,2025-10-20 19:43:51.000,2025-12-04 19:43:51.000,405,2261
2429,b41f41a3,Inactive 90+,"{""inactive_days_min"": 90}",0,2025-10-20 19:43:51.000,2025-11-09 19:43:51.000,405,2261
2430,4880f17d,High Spenders,"{""avg_ticket_min"": 50}",1,2025-10-20 19:43:51.000,2025-10-28 19:43:51.000,405,2261
2431,f41cc638,VIP Customers,"{""min_balance"": 1000, ""last_active_days"": 30}",0,2025-10-20 19:43:51.000,2025-11-11 19:43:51.000,406,2265
2432,4edd093f,At Risk,"{""inactive_days_min"": 60, ""inactive_days_max"": 89}",1,2025-10-20 19:43:51.000,2025-10-20 19:43:51.000,406,2265
2433,6f723988,Birthday Month,"{""birthday_month"": ""current""}",1,2025-10-20 19:43:51.000,2025-11-10 19:43:51.000,406,2265
2434,69f691bc,New Members,"{""created_days_max"": 30}",1,2025-10-20 19:43:51.000,2025-11-18 19:43:51.000,406,2265
2435,d3b1d068,Inactive 90+,"{""inactive_days_min"": 90}",1,2025-10-20 19:43:51.000,2025-12-08 19:43:51.000,406,2265
2436,df3fc33a,High Spenders,"{""avg_ticket_min"": 50}",1,2025-10-20 19:43:51.000,2025-12-03 19:43:51.000,406,2265
2437,cd35ebc5,VIP Customers,"{""min_balance"": 1000, ""last_active_days"": 30}",1,2025-10-20 19:43:51.000,2025-10-23 19:43:51.000,407,2270
2438,3cb5a3cb,At Risk,"{""inactive_days_min"": 60, ""inactive_days_max"": 89}",1,2025-10-20 19:43:51.000,2025-10-24 19:43:51.000,407,2270
2439,64c0ea6d,Birthday Month,"{""birthday_month"": ""current""}",0,2025-10-20 19:43:51.000,2025-12-05 19:43:51.000,407,2270
2440,29973d4a,New Members,"{""created_days_max"": 30}",1,2025-10-20 19:43:51.000,2025-10-30 19:43:51.000,407,2270
2441,caad401c,Inactive 90+,"{""inactive_days_min"": 90}",1,2025-10-20 19:43:51.000,2025-11-03 19:43:51.000,407,2270
2442,fa058e27,High Spenders,"{""avg_ticket_min"": 50}",1,2025-10-20 19:43:51.000,2025-11-23 19:43:51.000,407,2270
2443,9f151367,VIP Customers,"{""min_balance"": 1000, ""last_active_days"": 30}",0,2025-10-20 19:43:51.000,2025-12-14 19:43:51.000,408,2281
2444,ef14235f,At Risk,"{""inactive_days_min"": 60, ""inactive_days_max"": 89}",0,2025-10-20 19:43:51.000,2025-11-05 19:43:51.000,408,2281
2445,b9012cf0,Birthday Month,"{""birthday_month"": ""current""}",0,2025-10-20 19:43:51.000,2025-12-16 19:43:51.000,408,2281
2446,d5f4d2d1,New Members,"{""created_days_max"": 30}",1,2025-10-20 19:43:51.000,2025-11-09 19:43:51.000,408,2281
2447,54f2889a,Inactive 90+,"{""inactive_days_min"": 90}",1,2025-10-20 19:43:51.000,2025-11-28 19:43:51.000,408,2281
2448,d4d154f2,High Spenders,"{""avg_ticket_min"": 50}",0,2025-10-20 19:43:51.000,2025-12-14 19:43:51.000,408,2281
2449,3b6e09a6,VIP Customers,"{""min_balance"": 1000, ""last_active_days"": 30}",1,2025-10-20 19:43:51.000,2025-12-12 19:43:51.000,409,2285
2450,5a1fd54f,At Risk,"{""inactive_days_min"": 60, ""inactive_days_max"": 89}",0,2025-10-20 19:43:51.000,2025-12-02 19:43:51.000,409,2285
2451,b92d9733,Birthday Month,"{""birthday_month"": ""current""}",0,2025-10-20 19:43:51.000,2025-11-07 19:43:51.000,409,2285
2452,32277737,New Members,"{""created_days_max"": 30}",0,2025-10-20 19:43:51.000,2025-12-15 19:43:51.000,409,2285
2453,95f93940,Inactive 90+,"{""inactive_days_min"": 90}",0,2025-10-20 19:43:51.000,2025-12-06 19:43:51.000,409,2285
2454,aa6bfd28,High Spenders,"{""avg_ticket_min"": 50}",0,2025-10-20 19:43:51.000,2025-10-23 19:43:51.000,409,2285
2455,81e2d476,VIP Customers,"{""min_balance"": 1000, ""last_active_days"": 30}",1,2025-10-20 19:43:51.000,2025-11-09 19:43:51.000,410,2290
2456,dae71af5,At Risk,"{""inactive_days_min"": 60, ""inactive_days_max"": 89}",1,2025-10-20 19:43:51.000,2025-12-03 19:43:51.000,410,2290
2457,5eaeb291,Birthday Month,"{""birthday_month"": ""current""}",1,2025-10-20 19:43:51.000,2025-12-18 19:43:51.000,410,2290
2458,118e02c9,New Members,"{""created_days_max"": 30}",0,2025-10-20 19:43:51.000,2025-12-12 19:43:51.000,410,2290
2459,a265631a,Inactive 90+,"{""inactive_days_min"": 90}",0,2025-10-20 19:43:51.000,2025-10-24 19:43:51.000,410,2290
2460,46c7156a,High Spenders,"{""avg_ticket_min"": 50}",0,2025-10-20 19:43:51.000,2025-12-16 19:43:51.000,410,2290
2461,8035e216,VIP Customers,"{""min_balance"": 1000, ""last_active_days"": 30}",1,2025-10-20 19:43:51.000,2025-10-24 19:43:51.000,411,2297
2462,90beabbd,At Risk,"{""inactive_days_min"": 60, ""inactive_days_max"": 89}",0,2025-10-20 19:43:51.000,2025-11-07 19:43:51.000,411,2297
2463,71c16802,Birthday Month,"{""birthday_month"": ""current""}",0,2025-10-20 19:43:51.000,2025-11-03 19:43:51.000,411,2297
2464,0ea7c46f,New Members,"{""created_days_max"": 30}",1,2025-10-20 19:43:51.000,2025-11-30 19:43:51.000,411,2297
2465,1979b715,Inactive 90+,"{""inactive_days_min"": 90}",1,2025-10-20 19:43:51.000,2025-12-07 19:43:51.000,411,2297
2466,9f1c5507,High Spenders,"{""avg_ticket_min"": 50}",1,2025-10-20 19:43:51.000,2025-11-11 19:43:51.000,411,2297
2467,4f155b30,VIP Customers,"{""min_balance"": 1000, ""last_active_days"": 30}",0,2025-10-20 19:43:51.000,2025-11-09 19:43:51.000,412,2304
2468,4cbd08c2,At Risk,"{""inactive_days_min"": 60, ""inactive_days_max"": 89}",0,2025-10-20 19:43:51.000,2025-12-11 19:43:51.000,412,2304
2469,e5f6b306,Birthday Month,"{""birthday_month"": ""current""}",1,2025-10-20 19:43:51.000,2025-12-09 19:43:51.000,412,2304
2470,84ebeb2b,New Members,"{""created_days_max"": 30}",1,2025-10-20 19:43:51.000,2025-12-01 19:43:51.000,412,2304
2471,901c2350,Inactive 90+,"{""inactive_days_min"": 90}",1,2025-10-20 19:43:51.000,2025-10-26 19:43:51.000,412,2304
2472,8cb982be,High Spenders,"{""avg_ticket_min"": 50}",0,2025-10-20 19:43:51.000,2025-12-07 19:43:51.000,412,2304
2473,825dd301,VIP Customers,"{""min_balance"": 1000, ""last_active_days"": 30}",0,2025-10-20 19:43:51.000,2025-11-04 19:43:51.000,413,2309
2474,5860890a,At Risk,"{""inactive_days_min"": 60, ""inactive_days_max"": 89}",0,2025-10-20 19:43:51.000,2025-11-06 19:43:51.000,413,2309
2475,4dfe943c,Birthday Month,"{""birthday_month"": ""current""}",1,2025-10-20 19:43:51.000,2025-11-18 19:43:51.000,413,2309
2476,8a3a46fa,New Members,"{""created_days_max"": 30}",0,2025-10-20 19:43:51.000,2025-11-04 19:43:51.000,413,2309
2477,3ae6febb,Inactive 90+,"{""inactive_days_min"": 90}",0,2025-10-20 19:43:51.000,2025-12-05 19:43:51.000,413,2309
2478,e62660ce,High Spenders,"{""avg_ticket_min"": 50}",1,2025-10-20 19:43:51.000,2025-10-29 19:43:51.000,413,2309
2479,da7ba42d,VIP Customers,"{""min_balance"": 1000, ""last_active_days"": 30}",0,2025-10-20 19:43:51.000,2025-12-04 19:43:51.000,414,2312
2480,76503b61,At Risk,"{""inactive_days_min"": 60, ""inactive_days_max"": 89}",1,2025-10-20 19:43:51.000,2025-12-13 19:43:51.000,414,2312
2481,ce16b21e,Birthday Month,"{""birthday_month"": ""current""}",1,2025-10-20 19:43:51.000,2025-12-15 19:43:51.000,414,2312
2482,c7aacee2,New Members,"{""created_days_max"": 30}",1,2025-10-20 19:43:51.000,2025-11-13 19:43:51.000,414,2312
2483,1ec11355,Inactive 90+,"{""inactive_days_min"": 90}",0,2025-10-20 19:43:51.000,2025-11-21 19:43:51.000,414,2312
2484,e226dcc7,High Spenders,"{""avg_ticket_min"": 50}",0,2025-10-20 19:43:51.000,2025-11-05 19:43:51.000,414,2312
2485,c77fffc0,VIP Customers,"{""min_balance"": 1000, ""last_active_days"": 30}",0,2025-10-20 19:43:51.000,2025-11-16 19:43:51.000,415,2318
2486,370e1332,At Risk,"{""inactive_days_min"": 60, ""inactive_days_max"": 89}",1,2025-10-20 19:43:51.000,2025-10-25 19:43:51.000,415,2318
2487,8c4949e5,Birthday Month,"{""birthday_month"": ""current""}",1,2025-10-20 19:43:51.000,2025-11-30 19:43:51.000,415,2318
2488,5ef9f932,New Members,"{""created_days_max"": 30}",1,2025-10-20 19:43:51.000,2025-10-26 19:43:51.000,415,2318
2489,77100446,Inactive 90+,"{""inactive_days_min"": 90}",1,2025-10-20 19:43:51.000,2025-12-17 19:43:51.000,415,2318
2490,9eb0bca2,High Spenders,"{""avg_ticket_min"": 50}",0,2025-10-20 19:43:51.000,2025-12-11 19:43:51.000,415,2318
2491,39cd675c,VIP Customers,"{""min_balance"": 1000, ""last_active_days"": 30}",1,2025-10-20 19:43:51.000,2025-10-26 19:43:51.000,416,2321
2492,69d30cd6,At Risk,"{""inactive_days_min"": 60, ""inactive_days_max"": 89}",0,2025-10-20 19:43:51.000,2025-10-28 19:43:51.000,416,2321
2493,42a62ca3,Birthday Month,"{""birthday_month"": ""current""}",1,2025-10-20 19:43:51.000,2025-11-26 19:43:51.000,416,2321
2494,413d801a,New Members,"{""created_days_max"": 30}",0,2025-10-20 19:43:51.000,2025-11-15 19:43:51.000,416,2321
2495,15f829c5,Inactive 90+,"{""inactive_days_min"": 90}",1,2025-10-20 19:43:51.000,2025-11-25 19:43:51.000,416,2321
2496,3d2c9cb5,High Spenders,"{""avg_ticket_min"": 50}",1,2025-10-20 19:43:51.000,2025-11-04 19:43:51.000,416,2321
2497,e0a017f0,VIP Customers,"{""min_balance"": 1000, ""last_active_days"": 30}",1,2025-10-20 19:43:51.000,2025-11-01 19:43:51.000,417,2328
2498,9d2589a3,At Risk,"{""inactive_days_min"": 60, ""inactive_days_max"": 89}",1,2025-10-20 19:43:51.000,2025-11-21 19:43:51.000,417,2328
2499,9ee6a47b,Birthday Month,"{""birthday_month"": ""current""}",0,2025-10-20 19:43:51.000,2025-11-16 19:43:51.000,417,2328
2500,48bfa37d,New Members,"{""created_days_max"": 30}",0,2025-10-20 19:43:51.000,2025-11-18 19:43:51.000,417,2328
2501,295a8988,Inactive 90+,"{""inactive_days_min"": 90}",1,2025-10-20 19:43:51.000,2025-12-07 19:43:51.000,417,2328
2502,cf96ef7f,High Spenders,"{""avg_ticket_min"": 50}",0,2025-10-20 19:43:51.000,2025-12-04 19:43:51.000,417,2328
2503,344007e7,VIP Customers,"{""min_balance"": 1000, ""last_active_days"": 30}",0,2025-10-20 19:43:51.000,2025-12-17 19:43:51.000,418,2332
2504,ef296c04,At Risk,"{""inactive_days_min"": 60, ""inactive_days_max"": 89}",1,2025-10-20 19:43:51.000,2025-11-05 19:43:51.000,418,2332
2505,87aea100,Birthday Month,"{""birthday_month"": ""current""}",0,2025-10-20 19:43:51.000,2025-11-15 19:43:51.000,418,2332
2506,7ac7652d,New Members,"{""created_days_max"": 30}",1,2025-10-20 19:43:51.000,2025-11-15 19:43:51.000,418,2332
2507,e5add03e,Inactive 90+,"{""inactive_days_min"": 90}",1,2025-10-20 19:43:51.000,2025-11-24 19:43:51.000,418,2332
2508,08c58550,High Spenders,"{""avg_ticket_min"": 50}",1,2025-10-20 19:43:51.000,2025-11-15 19:43:51.000,418,2332
2509,8b4e3bc5,VIP Customers,"{""min_balance"": 1000, ""last_active_days"": 30}",0,2025-10-20 19:43:51.000,2025-12-03 19:43:51.000,419,2339
2510,2d68279a,At Risk,"{""inactive_days_min"": 60, ""inactive_days_max"": 89}",0,2025-10-20 19:43:51.000,2025-11-22 19:43:51.000,419,2339
2511,a57586a4,Birthday Month,"{""birthday_month"": ""current""}",0,2025-10-20 19:43:51.000,2025-11-07 19:43:51.000,419,2339
2512,769a22b0,New Members,"{""created_days_max"": 30}",0,2025-10-20 19:43:51.000,2025-12-07 19:43:51.000,419,2339
2513,c95451c4,Inactive 90+,"{""inactive_days_min"": 90}",1,2025-10-20 19:43:51.000,2025-10-24 19:43:51.000,419,2339
2514,49fbee9f,High Spenders,"{""avg_ticket_min"": 50}",1,2025-10-20 19:43:51.000,2025-12-01 19:43:51.000,419,2339
2515,22e7ae2a,VIP Customers,"{""min_balance"": 1000, ""last_active_days"": 30}",1,2025-10-20 19:43:51.000,2025-11-26 19:43:51.000,420,2343
2516,a490c40f,At Risk,"{""inactive_days_min"": 60, ""inactive_days_max"": 89}",0,2025-10-20 19:43:51.000,2025-11-12 19:43:51.000,420,2343
2517,f4f59a76,Birthday Month,"{""birthday_month"": ""current""}",1,2025-10-20 19:43:51.000,2025-11-28 19:43:51.000,420,2343
2518,1e065ba8,New Members,"{""created_days_max"": 30}",0,2025-10-20 19:43:51.000,2025-11-01 19:43:51.000,420,2343
2519,1aec94dd,Inactive 90+,"{""inactive_days_min"": 90}",0,2025-10-20 19:43:51.000,2025-11-26 19:43:51.000,420,2343
2520,bf482e71,High Spenders,"{""avg_ticket_min"": 50}",0,2025-10-20 19:43:51.000,2025-11-08 19:43:51.000,420,2343
2521,60ab372f,VIP Customers,"{""min_balance"": 1000, ""last_active_days"": 30}",1,2025-10-20 19:43:51.000,2025-11-24 19:43:51.000,421,2347
2522,ae3dfc53,At Risk,"{""inactive_days_min"": 60, ""inactive_days_max"": 89}",0,2025-10-20 19:43:51.000,2025-10-27 19:43:51.000,421,2347
2523,15e7153d,Birthday Month,"{""birthday_month"": ""current""}",0,2025-10-20 19:43:51.000,2025-11-22 19:43:51.000,421,2347
2524,05c1ccef,New Members,"{""created_days_max"": 30}",1,2025-10-20 19:43:51.000,2025-11-24 19:43:51.000,421,2347
2525,03ef4011,Inactive 90+,"{""inactive_days_min"": 90}",0,2025-10-20 19:43:51.000,2025-11-01 19:43:51.000,421,2347
2526,b292e2ad,High Spenders,"{""avg_ticket_min"": 50}",0,2025-10-20 19:43:51.000,2025-12-12 19:43:51.000,421,2347
2527,9b204fa6,VIP Customers,"{""min_balance"": 1000, ""last_active_days"": 30}",1,2025-10-20 19:43:51.000,2025-12-05 19:43:51.000,422,2351
2528,d1b97b02,At Risk,"{""inactive_days_min"": 60, ""inactive_days_max"": 89}",0,2025-10-20 19:43:51.000,2025-12-19 19:43:51.000,422,2351
2529,52b382aa,Birthday Month,"{""birthday_month"": ""current""}",1,2025-10-20 19:43:51.000,2025-11-23 19:43:51.000,422,2351
2530,329ba12b,New Members,"{""created_days_max"": 30}",0,2025-10-20 19:43:51.000,2025-11-14 19:43:51.000,422,2351
2531,a38d89d1,Inactive 90+,"{""inactive_days_min"": 90}",0,2025-10-20 19:43:51.000,2025-11-08 19:43:51.000,422,2351
2532,f1442408,High Spenders,"{""avg_ticket_min"": 50}",0,2025-10-20 19:43:51.000,2025-12-07 19:43:51.000,422,2351
2533,01c3dd67,VIP Customers,"{""min_balance"": 1000, ""last_active_days"": 30}",1,2025-10-20 19:43:51.000,2025-12-05 19:43:51.000,423,2356
2534,27019c90,At Risk,"{""inactive_days_min"": 60, ""inactive_days_max"": 89}",1,2025-10-20 19:43:51.000,2025-10-25 19:43:51.000,423,2356
2535,ac62558e,Birthday Month,"{""birthday_month"": ""current""}",0,2025-10-20 19:43:51.000,2025-11-20 19:43:51.000,423,2356
2536,bda0b757,New Members,"{""created_days_max"": 30}",0,2025-10-20 19:43:51.000,2025-12-17 19:43:51.000,423,2356
2537,6b8bd625,Inactive 90+,"{""inactive_days_min"": 90}",0,2025-10-20 19:43:51.000,2025-10-23 19:43:51.000,423,2356
2538,33b1316e,High Spenders,"{""avg_ticket_min"": 50}",0,2025-10-20 19:43:51.000,2025-11-06 19:43:51.000,423,2356
2539,5e6255ff,VIP Customers,"{""min_balance"": 1000, ""last_active_days"": 30}",0,2025-10-20 19:43:51.000,2025-10-25 19:43:51.000,424,2360
2540,6fb9fe67,At Risk,"{""inactive_days_min"": 60, ""inactive_days_max"": 89}",0,2025-10-20 19:43:51.000,2025-11-24 19:43:51.000,424,2360
2541,2ea44255,Birthday Month,"{""birthday_month"": ""current""}",0,2025-10-20 19:43:51.000,2025-11-01 19:43:51.000,424,2360
2542,4cbf0ac1,New Members,"{""created_days_max"": 30}",1,2025-10-20 19:43:51.000,2025-10-29 19:43:51.000,424,2360
2543,c5e7564a,Inactive 90+,"{""inactive_days_min"": 90}",1,2025-10-20 19:43:51.000,2025-11-16 19:43:51.000,424,2360
2544,652dd9a5,High Spenders,"{""avg_ticket_min"": 50}",1,2025-10-20 19:43:51.000,2025-11-11 19:43:51.000,424,2360
2545,84495169,VIP Customers,"{""min_balance"": 1000, ""last_active_days"": 30}",1,2025-10-20 19:43:51.000,2025-12-16 19:43:51.000,425,2367
2546,08ef52ca,At Risk,"{""inactive_days_min"": 60, ""inactive_days_max"": 89}",0,2025-10-20 19:43:51.000,2025-12-08 19:43:51.000,425,2367
2547,dde7663e,Birthday Month,"{""birthday_month"": ""current""}",0,2025-10-20 19:43:51.000,2025-12-18 19:43:51.000,425,2367
2548,91d89ef7,New Members,"{""created_days_max"": 30}",0,2025-10-20 19:43:51.000,2025-12-04 19:43:51.000,425,2367
2549,ed439f22,Inactive 90+,"{""inactive_days_min"": 90}",1,2025-10-20 19:43:51.000,2025-11-16 19:43:51.000,425,2367
2550,5a127066,High Spenders,"{""avg_ticket_min"": 50}",1,2025-10-20 19:43:51.000,2025-12-15 19:43:51.000,425,2367
2551,95ccf901,VIP Customers,"{""min_balance"": 1000, ""last_active_days"": 30}",0,2025-10-20 19:43:51.000,2025-11-28 19:43:51.000,426,2370
2552,bedaf487,At Risk,"{""inactive_days_min"": 60, ""inactive_days_max"": 89}",1,2025-10-20 19:43:51.000,2025-10-23 19:43:51.000,426,2370
2553,f4c7cc73,Birthday Month,"{""birthday_month"": ""current""}",0,2025-10-20 19:43:51.000,2025-12-15 19:43:51.000,426,2370
2554,381c229b,New Members,"{""created_days_max"": 30}",1,2025-10-20 19:43:51.000,2025-11-05 19:43:51.000,426,2370
2555,83d83351,Inactive 90+,"{""inactive_days_min"": 90}",0,2025-10-20 19:43:51.000,2025-10-25 19:43:51.000,426,2370
2556,a6ebd1af,High Spenders,"{""avg_ticket_min"": 50}",0,2025-10-20 19:43:51.000,2025-11-14 19:43:51.000,426,2370
2557,9e55080b,VIP Customers,"{""min_balance"": 1000, ""last_active_days"": 30}",0,2025-10-20 19:43:51.000,2025-12-12 19:43:51.000,427,2375
2558,5fd8a5dc,At Risk,"{""inactive_days_min"": 60, ""inactive_days_max"": 89}",1,2025-10-20 19:43:51.000,2025-11-10 19:43:51.000,427,2375
2559,dcf1fb32,Birthday Month,"{""birthday_month"": ""current""}",1,2025-10-20 19:43:51.000,2025-10-20 19:43:51.000,427,2375
2560,6bb00aa2,New Members,"{""created_days_max"": 30}",1,2025-10-20 19:43:51.000,2025-12-11 19:43:51.000,427,2375
2561,4a83169d,Inactive 90+,"{""inactive_days_min"": 90}",1,2025-10-20 19:43:51.000,2025-12-08 19:43:51.000,427,2375
2562,1ec1b4f2,High Spenders,"{""avg_ticket_min"": 50}",0,2025-10-20 19:43:51.000,2025-11-12 19:43:51.000,427,2375
2563,c84d6e32,VIP Customers,"{""min_balance"": 1000, ""last_active_days"": 30}",0,2025-10-20 19:43:51.000,2025-11-14 19:43:51.000,428,2380
2564,d5276bdf,At Risk,"{""inactive_days_min"": 60, ""inactive_days_max"": 89}",1,2025-10-20 19:43:51.000,2025-12-17 19:43:51.000,428,2380
2565,50bd9e97,Birthday Month,"{""birthday_month"": ""current""}",1,2025-10-20 19:43:51.000,2025-11-30 19:43:51.000,428,2380
2566,b60de6fc,New Members,"{""created_days_max"": 30}",0,2025-10-20 19:43:51.000,2025-12-08 19:43:51.000,428,2380
2567,8c23da4a,Inactive 90+,"{""inactive_days_min"": 90}",0,2025-10-20 19:43:51.000,2025-11-12 19:43:51.000,428,2380
2568,8b7ad01f,High Spenders,"{""avg_ticket_min"": 50}",0,2025-10-20 19:43:51.000,2025-12-16 19:43:51.000,428,2380
2569,248649b8,VIP Customers,"{""min_balance"": 1000, ""last_active_days"": 30}",0,2025-10-20 19:43:51.000,2025-12-11 19:43:51.000,429,2383
2570,09aecdf7,At Risk,"{""inactive_days_min"": 60, ""inactive_days_max"": 89}",1,2025-10-20 19:43:51.000,2025-11-04 19:43:51.000,429,2383
2571,9af82db6,Birthday Month,"{""birthday_month"": ""current""}",0,2025-10-20 19:43:51.000,2025-12-08 19:43:51.000,429,2383
2572,f24e9ed1,New Members,"{""created_days_max"": 30}",1,2025-10-20 19:43:51.000,2025-11-10 19:43:51.000,429,2383
2573,03287f26,Inactive 90+,"{""inactive_days_min"": 90}",1,2025-10-20 19:43:51.000,2025-11-24 19:43:51.000,429,2383
2574,c1dd5638,High Spenders,"{""avg_ticket_min"": 50}",1,2025-10-20 19:43:51.000,2025-12-14 19:43:51.000,429,2383
2575,5f731d35,VIP Customers,"{""min_balance"": 1000, ""last_active_days"": 30}",0,2025-10-20 19:43:51.000,2025-12-14 19:43:51.000,430,2392
2576,ad54a2fa,At Risk,"{""inactive_days_min"": 60, ""inactive_days_max"": 89}",1,2025-10-20 19:43:51.000,2025-12-17 19:43:51.000,430,2392
2577,cdd18af1,Birthday Month,"{""birthday_month"": ""current""}",1,2025-10-20 19:43:51.000,2025-11-07 19:43:51.000,430,2392
2578,6bb2a55b,New Members,"{""created_days_max"": 30}",1,2025-10-20 19:43:51.000,2025-11-05 19:43:51.000,430,2392
2579,4971e6d9,Inactive 90+,"{""inactive_days_min"": 90}",0,2025-10-20 19:43:51.000,2025-11-05 19:43:51.000,430,2392
2580,c9418acb,High Spenders,"{""avg_ticket_min"": 50}",0,2025-10-20 19:43:51.000,2025-11-24 19:43:51.000,430,2392
2581,67046b80,VIP Customers,"{""min_balance"": 1000, ""last_active_days"": 30}",0,2025-10-20 19:43:51.000,2025-10-27 19:43:51.000,431,2396
2582,1de1e7bd,At Risk,"{""inactive_days_min"": 60, ""inactive_days_max"": 89}",0,2025-10-20 19:43:51.000,2025-11-03 19:43:51.000,431,2396
2583,7c648fde,Birthday Month,"{""birthday_month"": ""current""}",0,2025-10-20 19:43:51.000,2025-10-21 19:43:51.000,431,2396
2584,6f305ceb,New Members,"{""created_days_max"": 30}",1,2025-10-20 19:43:51.000,2025-11-22 19:43:51.000,431,2396
2585,0f4a55a4,Inactive 90+,"{""inactive_days_min"": 90}",1,2025-10-20 19:43:51.000,2025-12-02 19:43:51.000,431,2396
2586,8aadee53,High Spenders,"{""avg_ticket_min"": 50}",1,2025-10-20 19:43:51.000,2025-11-14 19:43:51.000,431,2396
2587,81c0b45c,VIP Customers,"{""min_balance"": 1000, ""last_active_days"": 30}",1,2025-10-20 19:43:51.000,2025-11-25 19:43:51.000,432,2403
2588,b55b8835,At Risk,"{""inactive_days_min"": 60, ""inactive_days_max"": 89}",0,2025-10-20 19:43:51.000,2025-11-06 19:43:51.000,432,2403
2589,344c5e43,Birthday Month,"{""birthday_month"": ""current""}",1,2025-10-20 19:43:51.000,2025-11-09 19:43:51.000,432,2403
2590,a2ec2b9b,New Members,"{""created_days_max"": 30}",1,2025-10-20 19:43:51.000,2025-10-21 19:43:51.000,432,2403
2591,9603d021,Inactive 90+,"{""inactive_days_min"": 90}",0,2025-10-20 19:43:51.000,2025-11-17 19:43:51.000,432,2403
2592,c90b0608,High Spenders,"{""avg_ticket_min"": 50}",0,2025-10-20 19:43:51.000,2025-12-12 19:43:51.000,432,2403
2593,0a86f320,VIP Customers,"{""min_balance"": 1000, ""last_active_days"": 30}",0,2025-10-20 19:43:51.000,2025-12-09 19:43:51.000,433,2410
2594,98a815ea,At Risk,"{""inactive_days_min"": 60, ""inactive_days_max"": 89}",0,2025-10-20 19:43:51.000,2025-11-20 19:43:51.000,433,2410
2595,c84454e7,Birthday Month,"{""birthday_month"": ""current""}",0,2025-10-20 19:43:51.000,2025-12-13 19:43:51.000,433,2410
2596,927a6e82,New Members,"{""created_days_max"": 30}",0,2025-10-20 19:43:51.000,2025-11-20 19:43:51.000,433,2410
2597,895e21ba,Inactive 90+,"{""inactive_days_min"": 90}",1,2025-10-20 19:43:51.000,2025-10-30 19:43:51.000,433,2410
2598,2396acdd,High Spenders,"{""avg_ticket_min"": 50}",0,2025-10-20 19:43:51.000,2025-11-30 19:43:51.000,433,2410
2599,6243189a,VIP Customers,"{""min_balance"": 1000, ""last_active_days"": 30}",1,2025-10-20 19:43:51.000,2025-10-30 19:43:51.000,434,2413
2600,cbe4f5aa,At Risk,"{""inactive_days_min"": 60, ""inactive_days_max"": 89}",1,2025-10-20 19:43:51.000,2025-10-28 19:43:51.000,434,2413
2601,233f3cf9,Birthday Month,"{""birthday_month"": ""current""}",1,2025-10-20 19:43:51.000,2025-11-07 19:43:51.000,434,2413
2602,ae2cc96c,New Members,"{""created_days_max"": 30}",1,2025-10-20 19:43:51.000,2025-12-04 19:43:51.000,434,2413
2603,89e267eb,Inactive 90+,"{""inactive_days_min"": 90}",0,2025-10-20 19:43:51.000,2025-12-13 19:43:51.000,434,2413
2604,6c49e7b3,High Spenders,"{""avg_ticket_min"": 50}",1,2025-10-20 19:43:51.000,2025-11-23 19:43:51.000,434,2413
2605,a69c58a5,VIP Customers,"{""min_balance"": 1000, ""last_active_days"": 30}",1,2025-10-20 19:43:51.000,2025-11-13 19:43:51.000,435,2419
2606,35fcac70,At Risk,"{""inactive_days_min"": 60, ""inactive_days_max"": 89}",0,2025-10-20 19:43:51.000,2025-12-07 19:43:51.000,435,2419
2607,e5ce40d3,Birthday Month,"{""birthday_month"": ""current""}",1,2025-10-20 19:43:51.000,2025-12-18 19:43:51.000,435,2419
2608,e1eea3b9,New Members,"{""created_days_max"": 30}",1,2025-10-20 19:43:51.000,2025-12-13 19:43:51.000,435,2419
2609,06dec75d,Inactive 90+,"{""inactive_days_min"": 90}",1,2025-10-20 19:43:51.000,2025-11-14 19:43:51.000,435,2419
2610,47801446,High Spenders,"{""avg_ticket_min"": 50}",1,2025-10-20 19:43:51.000,2025-12-15 19:43:51.000,435,2419
2611,505a8dbd,VIP Customers,"{""min_balance"": 1000, ""last_active_days"": 30}",0,2025-10-20 19:43:51.000,2025-12-12 19:43:51.000,436,2425
2612,4604a129,At Risk,"{""inactive_days_min"": 60, ""inactive_days_max"": 89}",1,2025-10-20 19:43:51.000,2025-11-04 19:43:51.000,436,2425
2613,ccceb569,Birthday Month,"{""birthday_month"": ""current""}",1,2025-10-20 19:43:51.000,2025-12-13 19:43:51.000,436,2425
2614,189b7729,New Members,"{""created_days_max"": 30}",0,2025-10-20 19:43:51.000,2025-11-18 19:43:51.000,436,2425
2615,05606ab7,Inactive 90+,"{""inactive_days_min"": 90}",0,2025-10-20 19:43:51.000,2025-10-29 19:43:51.000,436,2425
2616,f57ee776,High Spenders,"{""avg_ticket_min"": 50}",1,2025-10-20 19:43:51.000,2025-10-26 19:43:51.000,436,2425
2617,dcdfc74d,VIP Customers,"{""min_balance"": 1000, ""last_active_days"": 30}",0,2025-10-20 19:43:51.000,2025-11-10 19:43:51.000,437,2431
2618,1e744fcf,At Risk,"{""inactive_days_min"": 60, ""inactive_days_max"": 89}",1,2025-10-20 19:43:51.000,2025-11-07 19:43:51.000,437,2431
2619,b718e438,Birthday Month,"{""birthday_month"": ""current""}",0,2025-10-20 19:43:51.000,2025-10-23 19:43:51.000,437,2431
2620,91b2d42b,New Members,"{""created_days_max"": 30}",1,2025-10-20 19:43:51.000,2025-11-24 19:43:51.000,437,2431
2621,6e9b1af2,Inactive 90+,"{""inactive_days_min"": 90}",1,2025-10-20 19:43:51.000,2025-10-29 19:43:51.000,437,2431
2622,6c014f07,High Spenders,"{""avg_ticket_min"": 50}",1,2025-10-20 19:43:51.000,2025-12-15 19:43:51.000,437,2431
2623,4deff363,VIP Customers,"{""min_balance"": 1000, ""last_active_days"": 30}",1,2025-10-20 19:43:51.000,2025-12-10 19:43:51.000,438,2437
2624,8f96f7ad,At Risk,"{""inactive_days_min"": 60, ""inactive_days_max"": 89}",1,2025-10-20 19:43:51.000,2025-12-01 19:43:51.000,438,2437
2625,be10caa8,Birthday Month,"{""birthday_month"": ""current""}",1,2025-10-20 19:43:51.000,2025-10-29 19:43:51.000,438,2437
2626,208ab373,New Members,"{""created_days_max"": 30}",0,2025-10-20 19:43:51.000,2025-10-23 19:43:51.000,438,2437
2627,3214bdbb,Inactive 90+,"{""inactive_days_min"": 90}",0,2025-10-20 19:43:51.000,2025-11-23 19:43:51.000,438,2437
2628,09ba88d4,High Spenders,"{""avg_ticket_min"": 50}",0,2025-10-20 19:43:51.000,2025-11-03 19:43:51.000,438,2437
2629,73c96baa,VIP Customers,"{""min_balance"": 1000, ""last_active_days"": 30}",1,2025-10-20 19:43:51.000,2025-12-19 19:43:51.000,439,2441
2630,21e4e428,At Risk,"{""inactive_days_min"": 60, ""inactive_days_max"": 89}",1,2025-10-20 19:43:51.000,2025-10-24 19:43:51.000,439,2441
2631,e3bff3ba,Birthday Month,"{""birthday_month"": ""current""}",0,2025-10-20 19:43:51.000,2025-10-31 19:43:51.000,439,2441
2632,c265accb,New Members,"{""created_days_max"": 30}",0,2025-10-20 19:43:51.000,2025-12-19 19:43:51.000,439,2441
2633,2c2f624d,Inactive 90+,"{""inactive_days_min"": 90}",0,2025-10-20 19:43:51.000,2025-11-11 19:43:51.000,439,2441
2634,1f9bc4d1,High Spenders,"{""avg_ticket_min"": 50}",1,2025-10-20 19:43:51.000,2025-12-05 19:43:51.000,439,2441
2635,12e0b5fe,VIP Customers,"{""min_balance"": 1000, ""last_active_days"": 30}",1,2025-10-20 19:43:51.000,2025-12-10 19:43:51.000,440,2448
2636,49455fc4,At Risk,"{""inactive_days_min"": 60, ""inactive_days_max"": 89}",1,2025-10-20 19:43:51.000,2025-12-07 19:43:51.000,440,2448
2637,2251e5d4,Birthday Month,"{""birthday_month"": ""current""}",1,2025-10-20 19:43:51.000,2025-11-13 19:43:51.000,440,2448
2638,8a1f6af5,New Members,"{""created_days_max"": 30}",1,2025-10-20 19:43:51.000,2025-11-29 19:43:51.000,440,2448
2639,bd6f5d53,Inactive 90+,"{""inactive_days_min"": 90}",1,2025-10-20 19:43:51.000,2025-12-17 19:43:51.000,440,2448
2640,3c6379c0,High Spenders,"{""avg_ticket_min"": 50}",0,2025-10-20 19:43:51.000,2025-11-02 19:43:51.000,440,2448
2641,4370fcfc,VIP Customers,"{""min_balance"": 1000, ""last_active_days"": 30}",1,2025-10-20 19:43:51.000,2025-11-06 19:43:51.000,441,2452
2642,7c094baf,At Risk,"{""inactive_days_min"": 60, ""inactive_days_max"": 89}",1,2025-10-20 19:43:51.000,2025-10-28 19:43:51.000,441,2452
2643,ddf3dea3,Birthday Month,"{""birthday_month"": ""current""}",0,2025-10-20 19:43:51.000,2025-12-11 19:43:51.000,441,2452
2644,b5a732ea,New Members,"{""created_days_max"": 30}",1,2025-10-20 19:43:51.000,2025-11-06 19:43:51.000,441,2452
2645,eecd09a8,Inactive 90+,"{""inactive_days_min"": 90}",1,2025-10-20 19:43:51.000,2025-11-26 19:43:51.000,441,2452
2646,51cc0753,High Spenders,"{""avg_ticket_min"": 50}",0,2025-10-20 19:43:51.000,2025-12-16 19:43:51.000,441,2452
2647,70ddc707,VIP Customers,"{""min_balance"": 1000, ""last_active_days"": 30}",1,2025-10-20 19:43:51.000,2025-12-14 19:43:51.000,442,2457
2648,35aafc4f,At Risk,"{""inactive_days_min"": 60, ""inactive_days_max"": 89}",1,2025-10-20 19:43:51.000,2025-12-10 19:43:51.000,442,2457
2649,9979d272,Birthday Month,"{""birthday_month"": ""current""}",0,2025-10-20 19:43:51.000,2025-11-07 19:43:51.000,442,2457
2650,72aeb44f,New Members,"{""created_days_max"": 30}",0,2025-10-20 19:43:51.000,2025-12-02 19:43:51.000,442,2457
2651,17fdf86d,Inactive 90+,"{""inactive_days_min"": 90}",1,2025-10-20 19:43:51.000,2025-11-26 19:43:51.000,442,2457
2652,307737fd,High Spenders,"{""avg_ticket_min"": 50}",0,2025-10-20 19:43:51.000,2025-11-05 19:43:51.000,442,2457
2653,5177391d,VIP Customers,"{""min_balance"": 1000, ""last_active_days"": 30}",1,2025-10-20 19:43:51.000,2025-12-19 19:43:51.000,443,2464
2654,346eb408,At Risk,"{""inactive_days_min"": 60, ""inactive_days_max"": 89}",1,2025-10-20 19:43:51.000,2025-12-12 19:43:51.000,443,2464
2655,fb321828,Birthday Month,"{""birthday_month"": ""current""}",1,2025-10-20 19:43:51.000,2025-11-07 19:43:51.000,443,2464
2656,06800835,New Members,"{""created_days_max"": 30}",0,2025-10-20 19:43:51.000,2025-12-18 19:43:51.000,443,2464
2657,62bef379,Inactive 90+,"{""inactive_days_min"": 90}",0,2025-10-20 19:43:51.000,2025-10-30 19:43:51.000,443,2464
2658,13d386d0,High Spenders,"{""avg_ticket_min"": 50}",1,2025-10-20 19:43:51.000,2025-10-25 19:43:51.000,443,2464
2659,614262ef,VIP Customers,"{""min_balance"": 1000, ""last_active_days"": 30}",0,2025-10-20 19:43:51.000,2025-11-12 19:43:51.000,444,2473
2660,85da30b7,At Risk,"{""inactive_days_min"": 60, ""inactive_days_max"": 89}",1,2025-10-20 19:43:51.000,2025-12-14 19:43:51.000,444,2473
2661,a393ea92,Birthday Month,"{""birthday_month"": ""current""}",1,2025-10-20 19:43:51.000,2025-11-03 19:43:51.000,444,2473
2662,9915f74d,New Members,"{""created_days_max"": 30}",1,2025-10-20 19:43:51.000,2025-12-06 19:43:51.000,444,2473
2663,66f8a8df,Inactive 90+,"{""inactive_days_min"": 90}",1,2025-10-20 19:43:51.000,2025-12-03 19:43:51.000,444,2473
2664,ccb54194,High Spenders,"{""avg_ticket_min"": 50}",0,2025-10-20 19:43:51.000,2025-12-03 19:43:51.000,444,2473
2665,f218e9f2,VIP Customers,"{""min_balance"": 1000, ""last_active_days"": 30}",1,2025-10-20 19:43:51.000,2025-11-18 19:43:51.000,445,2479
2666,553f89d1,At Risk,"{""inactive_days_min"": 60, ""inactive_days_max"": 89}",0,2025-10-20 19:43:51.000,2025-11-17 19:43:51.000,445,2479
2667,812b5e63,Birthday Month,"{""birthday_month"": ""current""}",1,2025-10-20 19:43:51.000,2025-11-10 19:43:51.000,445,2479
2668,ad1062f9,New Members,"{""created_days_max"": 30}",1,2025-10-20 19:43:51.000,2025-12-07 19:43:51.000,445,2479
2669,c22fc4bf,Inactive 90+,"{""inactive_days_min"": 90}",0,2025-10-20 19:43:51.000,2025-11-06 19:43:51.000,445,2479
2670,e715060d,High Spenders,"{""avg_ticket_min"": 50}",1,2025-10-20 19:43:51.000,2025-10-29 19:43:51.000,445,2479
2671,c8b4b5da,VIP Customers,"{""min_balance"": 1000, ""last_active_days"": 30}",1,2025-10-20 19:43:51.000,2025-12-14 19:43:51.000,446,2491
2672,a2f3bea2,At Risk,"{""inactive_days_min"": 60, ""inactive_days_max"": 89}",1,2025-10-20 19:43:51.000,2025-11-29 19:43:51.000,446,2491
2673,6dad6806,Birthday Month,"{""birthday_month"": ""current""}",1,2025-10-20 19:43:51.000,2025-11-12 19:43:51.000,446,2491
2674,edc4e0c3,New Members,"{""created_days_max"": 30}",0,2025-10-20 19:43:51.000,2025-12-01 19:43:51.000,446,2491
2675,15ed0eed,Inactive 90+,"{""inactive_days_min"": 90}",0,2025-10-20 19:43:51.000,2025-11-18 19:43:51.000,446,2491
2676,b2184183,High Spenders,"{""avg_ticket_min"": 50}",1,2025-10-20 19:43:51.000,2025-11-05 19:43:51.000,446,2491
2677,6c8edc0c,VIP Customers,"{""min_balance"": 1000, ""last_active_days"": 30}",1,2025-10-20 19:43:51.000,2025-11-25 19:43:51.000,447,2499
2678,cb83eb12,At Risk,"{""inactive_days_min"": 60, ""inactive_days_max"": 89}",0,2025-10-20 19:43:51.000,2025-11-24 19:43:51.000,447,2499
2679,f099bc3e,Birthday Month,"{""birthday_month"": ""current""}",0,2025-10-20 19:43:51.000,2025-11-24 19:43:51.000,447,2499
2680,c9dba115,New Members,"{""created_days_max"": 30}",1,2025-10-20 19:43:51.000,2025-11-03 19:43:51.000,447,2499
2681,01da8509,Inactive 90+,"{""inactive_days_min"": 90}",1,2025-10-20 19:43:51.000,2025-12-12 19:43:51.000,447,2499
2682,16ea6c3c,High Spenders,"{""avg_ticket_min"": 50}",1,2025-10-20 19:43:51.000,2025-10-21 19:43:51.000,447,2499
2683,b4fb2ec9,VIP Customers,"{""min_balance"": 1000, ""last_active_days"": 30}",1,2025-10-20 19:43:51.000,2025-11-02 19:43:51.000,448,2504
2684,e62bada8,At Risk,"{""inactive_days_min"": 60, ""inactive_days_max"": 89}",1,2025-10-20 19:43:51.000,2025-11-10 19:43:51.000,448,2504
2685,7c7a9136,Birthday Month,"{""birthday_month"": ""current""}",1,2025-10-20 19:43:51.000,2025-11-17 19:43:51.000,448,2504
2686,bf5d64b6,New Members,"{""created_days_max"": 30}",1,2025-10-20 19:43:51.000,2025-11-22 19:43:51.000,448,2504
2687,966f4f75,Inactive 90+,"{""inactive_days_min"": 90}",1,2025-10-20 19:43:51.000,2025-11-27 19:43:51.000,448,2504
2688,a2aecacf,High Spenders,"{""avg_ticket_min"": 50}",1,2025-10-20 19:43:51.000,2025-11-07 19:43:51.000,448,2504
2689,f835a4be,VIP Customers,"{""min_balance"": 1000, ""last_active_days"": 30}",0,2025-10-20 19:43:51.000,2025-11-16 19:43:51.000,449,2510
2690,f48a565d,At Risk,"{""inactive_days_min"": 60, ""inactive_days_max"": 89}",1,2025-10-20 19:43:51.000,2025-12-13 19:43:51.000,449,2510
2691,241a3a19,Birthday Month,"{""birthday_month"": ""current""}",0,2025-10-20 19:43:51.000,2025-12-07 19:43:51.000,449,2510
2692,501e6a7b,New Members,"{""created_days_max"": 30}",1,2025-10-20 19:43:51.000,2025-12-08 19:43:51.000,449,2510
2693,04344352,Inactive 90+,"{""inactive_days_min"": 90}",1,2025-10-20 19:43:51.000,2025-11-24 19:43:51.000,449,2510
2694,4523fdfe,High Spenders,"{""avg_ticket_min"": 50}",1,2025-10-20 19:43:51.000,2025-11-14 19:43:51.000,449,2510
2695,a19bf63e,VIP Customers,"{""min_balance"": 1000, ""last_active_days"": 30}",1,2025-10-20 19:43:51.000,2025-12-06 19:43:51.000,450,2513
2696,70db44c4,At Risk,"{""inactive_days_min"": 60, ""inactive_days_max"": 89}",0,2025-10-20 19:43:51.000,2025-11-08 19:43:51.000,450,2513
2697,aa633781,Birthday Month,"{""birthday_month"": ""current""}",1,2025-10-20 19:43:51.000,2025-12-18 19:43:51.000,450,2513
2698,ee8325eb,New Members,"{""created_days_max"": 30}",0,2025-10-20 19:43:51.000,2025-10-22 19:43:51.000,450,2513
2699,6e239a1b,Inactive 90+,"{""inactive_days_min"": 90}",0,2025-10-20 19:43:51.000,2025-10-26 19:43:51.000,450,2513
2700,db241d70,High Spenders,"{""avg_ticket_min"": 50}",1,2025-10-20 19:43:51.000,2025-12-18 19:43:51.000,450,2513
2701,7e202e42,VIP Customers,"{""min_balance"": 1000, ""last_active_days"": 30}",1,2025-10-20 19:43:51.000,2025-11-27 19:43:51.000,451,2517
2702,30585d2e,At Risk,"{""inactive_days_min"": 60, ""inactive_days_max"": 89}",0,2025-10-20 19:43:51.000,2025-11-07 19:43:51.000,451,2517
2703,1db2f32a,Birthday Month,"{""birthday_month"": ""current""}",1,2025-10-20 19:43:51.000,2025-11-12 19:43:51.000,451,2517
2704,d1cfcd47,New Members,"{""created_days_max"": 30}",1,2025-10-20 19:43:51.000,2025-11-02 19:43:51.000,451,2517
2705,767d155c,Inactive 90+,"{""inactive_days_min"": 90}",0,2025-10-20 19:43:51.000,2025-11-29 19:43:51.000,451,2517
2706,d32e09b1,High Spenders,"{""avg_ticket_min"": 50}",0,2025-10-20 19:43:51.000,2025-11-20 19:43:51.000,451,2517
2707,9ab08c34,VIP Customers,"{""min_balance"": 1000, ""last_active_days"": 30}",0,2025-10-20 19:43:51.000,2025-11-20 19:43:51.000,452,2529
2708,bd34f27c,At Risk,"{""inactive_days_min"": 60, ""inactive_days_max"": 89}",0,2025-10-20 19:43:51.000,2025-12-16 19:43:51.000,452,2529
2709,27375821,Birthday Month,"{""birthday_month"": ""current""}",0,2025-10-20 19:43:51.000,2025-12-09 19:43:51.000,452,2529
2710,86949858,New Members,"{""created_days_max"": 30}",1,2025-10-20 19:43:51.000,2025-10-23 19:43:51.000,452,2529
2711,781925d4,Inactive 90+,"{""inactive_days_min"": 90}",0,2025-10-20 19:43:51.000,2025-11-06 19:43:51.000,452,2529
2712,769459f4,High Spenders,"{""avg_ticket_min"": 50}",0,2025-10-20 19:43:51.000,2025-10-23 19:43:51.000,452,2529
2713,c1dc38b7,VIP Customers,"{""min_balance"": 1000, ""last_active_days"": 30}",0,2025-10-20 19:43:51.000,2025-12-19 19:43:51.000,453,2534
2714,0df35897,At Risk,"{""inactive_days_min"": 60, ""inactive_days_max"": 89}",1,2025-10-20 19:43:51.000,2025-12-01 19:43:51.000,453,2534
2715,94fa550d,Birthday Month,"{""birthday_month"": ""current""}",0,2025-10-20 19:43:51.000,2025-12-07 19:43:51.000,453,2534
2716,7cd473ed,New Members,"{""created_days_max"": 30}",1,2025-10-20 19:43:51.000,2025-12-13 19:43:51.000,453,2534
2717,db029e15,Inactive 90+,"{""inactive_days_min"": 90}",0,2025-10-20 19:43:51.000,2025-12-16 19:43:51.000,453,2534
2718,ae3a9aa8,High Spenders,"{""avg_ticket_min"": 50}",0,2025-10-20 19:43:51.000,2025-12-08 19:43:51.000,453,2534
2719,9471281b,VIP Customers,"{""min_balance"": 1000, ""last_active_days"": 30}",1,2025-10-20 19:43:51.000,2025-10-30 19:43:51.000,454,2538
2720,db80c2df,At Risk,"{""inactive_days_min"": 60, ""inactive_days_max"": 89}",1,2025-10-20 19:43:51.000,2025-11-11 19:43:51.000,454,2538
2721,1ecc522e,Birthday Month,"{""birthday_month"": ""current""}",0,2025-10-20 19:43:51.000,2025-11-19 19:43:51.000,454,2538
2722,9c0e1f4a,New Members,"{""created_days_max"": 30}",0,2025-10-20 19:43:51.000,2025-11-25 19:43:51.000,454,2538
2723,7d3c534d,Inactive 90+,"{""inactive_days_min"": 90}",1,2025-10-20 19:43:51.000,2025-10-26 19:43:51.000,454,2538
2724,bae1647c,High Spenders,"{""avg_ticket_min"": 50}",0,2025-10-20 19:43:51.000,2025-11-19 19:43:51.000,454,2538
2725,870587d5,VIP Customers,"{""min_balance"": 1000, ""last_active_days"": 30}",1,2025-10-20 19:43:51.000,2025-11-19 19:43:51.000,455,2541
2726,3a087df7,At Risk,"{""inactive_days_min"": 60, ""inactive_days_max"": 89}",0,2025-10-20 19:43:51.000,2025-12-17 19:43:51.000,455,2541
2727,8561a70e,Birthday Month,"{""birthday_month"": ""current""}",1,2025-10-20 19:43:51.000,2025-11-27 19:43:51.000,455,2541
2728,9b4492b0,New Members,"{""created_days_max"": 30}",1,2025-10-20 19:43:51.000,2025-12-18 19:43:51.000,455,2541
2729,7ac586c4,Inactive 90+,"{""inactive_days_min"": 90}",0,2025-10-20 19:43:51.000,2025-11-02 19:43:51.000,455,2541
2730,bcb9870f,High Spenders,"{""avg_ticket_min"": 50}",0,2025-10-20 19:43:51.000,2025-11-01 19:43:51.000,455,2541
2731,de84ccfa,VIP Customers,"{""min_balance"": 1000, ""last_active_days"": 30}",1,2025-10-20 19:43:51.000,2025-11-29 19:43:51.000,456,2546
2732,2a19b8b8,At Risk,"{""inactive_days_min"": 60, ""inactive_days_max"": 89}",0,2025-10-20 19:43:51.000,2025-12-16 19:43:51.000,456,2546
2733,502693b2,Birthday Month,"{""birthday_month"": ""current""}",0,2025-10-20 19:43:51.000,2025-12-10 19:43:51.000,456,2546
2734,995aa22b,New Members,"{""created_days_max"": 30}",1,2025-10-20 19:43:51.000,2025-11-02 19:43:51.000,456,2546
2735,170e55c8,Inactive 90+,"{""inactive_days_min"": 90}",1,2025-10-20 19:43:51.000,2025-12-12 19:43:51.000,456,2546
2736,3bdf477d,High Spenders,"{""avg_ticket_min"": 50}",1,2025-10-20 19:43:51.000,2025-11-25 19:43:51.000,456,2546
2737,94e1c5d5,VIP Customers,"{""min_balance"": 1000, ""last_active_days"": 30}",0,2025-10-20 19:43:51.000,2025-11-25 19:43:51.000,457,2551
2738,9622ee8e,At Risk,"{""inactive_days_min"": 60, ""inactive_days_max"": 89}",0,2025-10-20 19:43:51.000,2025-11-26 19:43:51.000,457,2551
2739,8bef80af,Birthday Month,"{""birthday_month"": ""current""}",1,2025-10-20 19:43:51.000,2025-11-23 19:43:51.000,457,2551
2740,7ac87445,New Members,"{""created_days_max"": 30}",0,2025-10-20 19:43:51.000,2025-12-11 19:43:51.000,457,2551
2741,a03395b4,Inactive 90+,"{""inactive_days_min"": 90}",1,2025-10-20 19:43:51.000,2025-12-06 19:43:51.000,457,2551
2742,139641d6,High Spenders,"{""avg_ticket_min"": 50}",1,2025-10-20 19:43:51.000,2025-11-24 19:43:51.000,457,2551
2743,4ce7e9b4,VIP Customers,"{""min_balance"": 1000, ""last_active_days"": 30}",0,2025-10-20 19:43:51.000,2025-10-27 19:43:51.000,458,2558
2744,5376c073,At Risk,"{""inactive_days_min"": 60, ""inactive_days_max"": 89}",0,2025-10-20 19:43:51.000,2025-11-11 19:43:51.000,458,2558
2745,90631c59,Birthday Month,"{""birthday_month"": ""current""}",0,2025-10-20 19:43:51.000,2025-11-09 19:43:51.000,458,2558
2746,148de1de,New Members,"{""created_days_max"": 30}",1,2025-10-20 19:43:51.000,2025-10-26 19:43:51.000,458,2558
2747,12d73d83,Inactive 90+,"{""inactive_days_min"": 90}",1,2025-10-20 19:43:51.000,2025-11-07 19:43:51.000,458,2558
2748,680a4cad,High Spenders,"{""avg_ticket_min"": 50}",0,2025-10-20 19:43:51.000,2025-10-26 19:43:51.000,458,2558
2749,31787be6,VIP Customers,"{""min_balance"": 1000, ""last_active_days"": 30}",0,2025-10-20 19:43:51.000,2025-10-28 19:43:51.000,459,2562
2750,a1fa5511,At Risk,"{""inactive_days_min"": 60, ""inactive_days_max"": 89}",1,2025-10-20 19:43:51.000,2025-10-20 19:43:51.000,459,2562
2751,5b53461f,Birthday Month,"{""birthday_month"": ""current""}",0,2025-10-20 19:43:51.000,2025-11-03 19:43:51.000,459,2562
2752,0dc4a58c,New Members,"{""created_days_max"": 30}",0,2025-10-20 19:43:51.000,2025-11-26 19:43:51.000,459,2562
2753,3f1b4ecb,Inactive 90+,"{""inactive_days_min"": 90}",0,2025-10-20 19:43:51.000,2025-11-18 19:43:51.000,459,2562
2754,695e66d9,High Spenders,"{""avg_ticket_min"": 50}",0,2025-10-20 19:43:51.000,2025-11-20 19:43:51.000,459,2562
2755,022fd34f,VIP Customers,"{""min_balance"": 1000, ""last_active_days"": 30}",1,2025-10-20 19:43:51.000,2025-11-21 19:43:51.000,460,2574
2756,103cf73d,At Risk,"{""inactive_days_min"": 60, ""inactive_days_max"": 89}",0,2025-10-20 19:43:51.000,2025-11-16 19:43:51.000,460,2574
2757,33269971,Birthday Month,"{""birthday_month"": ""current""}",0,2025-10-20 19:43:51.000,2025-10-24 19:43:51.000,460,2574
2758,2c943786,New Members,"{""created_days_max"": 30}",1,2025-10-20 19:43:51.000,2025-12-14 19:43:51.000,460,2574
2759,a5daefb5,Inactive 90+,"{""inactive_days_min"": 90}",0,2025-10-20 19:43:51.000,2025-11-29 19:43:51.000,460,2574
2760,eaae8c3d,High Spenders,"{""avg_ticket_min"": 50}",1,2025-10-20 19:43:51.000,2025-11-14 19:43:51.000,460,2574
2761,83fb08b0,VIP Customers,"{""min_balance"": 1000, ""last_active_days"": 30}",1,2025-10-20 19:43:51.000,2025-11-19 19:43:51.000,461,2578
2762,61b35682,At Risk,"{""inactive_days_min"": 60, ""inactive_days_max"": 89}",0,2025-10-20 19:43:51.000,2025-11-09 19:43:51.000,461,2578
2763,ac5ecebc,Birthday Month,"{""birthday_month"": ""current""}",0,2025-10-20 19:43:51.000,2025-11-10 19:43:51.000,461,2578
2764,0f7d488e,New Members,"{""created_days_max"": 30}",0,2025-10-20 19:43:51.000,2025-12-09 19:43:51.000,461,2578
2765,9ec2a70c,Inactive 90+,"{""inactive_days_min"": 90}",0,2025-10-20 19:43:51.000,2025-12-08 19:43:51.000,461,2578
2766,309458e2,High Spenders,"{""avg_ticket_min"": 50}",1,2025-10-20 19:43:51.000,2025-12-07 19:43:51.000,461,2578
2767,5985e5fc,VIP Customers,"{""min_balance"": 1000, ""last_active_days"": 30}",1,2025-10-20 19:43:51.000,2025-11-12 19:43:51.000,462,2588
2768,12bb9242,At Risk,"{""inactive_days_min"": 60, ""inactive_days_max"": 89}",0,2025-10-20 19:43:51.000,2025-11-27 19:43:51.000,462,2588
2769,09183fa7,Birthday Month,"{""birthday_month"": ""current""}",0,2025-10-20 19:43:51.000,2025-11-19 19:43:51.000,462,2588
2770,dee7b5d6,New Members,"{""created_days_max"": 30}",1,2025-10-20 19:43:51.000,2025-11-19 19:43:51.000,462,2588
2771,2b08dde5,Inactive 90+,"{""inactive_days_min"": 90}",0,2025-10-20 19:43:51.000,2025-11-17 19:43:51.000,462,2588
2772,019248c5,High Spenders,"{""avg_ticket_min"": 50}",0,2025-10-20 19:43:51.000,2025-11-04 19:43:51.000,462,2588
2773,84cc23a8,VIP Customers,"{""min_balance"": 1000, ""last_active_days"": 30}",0,2025-10-20 19:43:51.000,2025-10-26 19:43:51.000,463,2595
2774,e53b884e,At Risk,"{""inactive_days_min"": 60, ""inactive_days_max"": 89}",1,2025-10-20 19:43:51.000,2025-12-04 19:43:51.000,463,2595
2775,0e96b0cb,Birthday Month,"{""birthday_month"": ""current""}",1,2025-10-20 19:43:51.000,2025-11-19 19:43:51.000,463,2595
2776,e63b3f13,New Members,"{""created_days_max"": 30}",1,2025-10-20 19:43:51.000,2025-11-05 19:43:51.000,463,2595
2777,d97033af,Inactive 90+,"{""inactive_days_min"": 90}",0,2025-10-20 19:43:51.000,2025-11-12 19:43:51.000,463,2595
2778,b8177644,High Spenders,"{""avg_ticket_min"": 50}",0,2025-10-20 19:43:51.000,2025-11-10 19:43:51.000,463,2595
2779,3b00e0a6,VIP Customers,"{""min_balance"": 1000, ""last_active_days"": 30}",0,2025-10-20 19:43:51.000,2025-12-14 19:43:51.000,464,2605
2780,38a107ae,At Risk,"{""inactive_days_min"": 60, ""inactive_days_max"": 89}",0,2025-10-20 19:43:51.000,2025-11-15 19:43:51.000,464,2605
2781,25aa1a8b,Birthday Month,"{""birthday_month"": ""current""}",1,2025-10-20 19:43:51.000,2025-12-15 19:43:51.000,464,2605
2782,fc21d4c9,New Members,"{""created_days_max"": 30}",0,2025-10-20 19:43:51.000,2025-11-03 19:43:51.000,464,2605
2783,06ba1136,Inactive 90+,"{""inactive_days_min"": 90}",1,2025-10-20 19:43:51.000,2025-12-18 19:43:51.000,464,2605
2784,d2f0ca08,High Spenders,"{""avg_ticket_min"": 50}",0,2025-10-20 19:43:51.000,2025-10-23 19:43:51.000,464,2605
2785,e22306ac,VIP Customers,"{""min_balance"": 1000, ""last_active_days"": 30}",0,2025-10-20 19:43:51.000,2025-11-09 19:43:51.000,465,2609
2786,6a018572,At Risk,"{""inactive_days_min"": 60, ""inactive_days_max"": 89}",1,2025-10-20 19:43:51.000,2025-12-19 19:43:51.000,465,2609
2787,fa13cce3,Birthday Month,"{""birthday_month"": ""current""}",1,2025-10-20 19:43:51.000,2025-10-21 19:43:51.000,465,2609
2788,8cd71093,New Members,"{""created_days_max"": 30}",0,2025-10-20 19:43:51.000,2025-11-11 19:43:51.000,465,2609
2789,8dac2f57,Inactive 90+,"{""inactive_days_min"": 90}",0,2025-10-20 19:43:51.000,2025-12-12 19:43:51.000,465,2609
2790,8bef60f4,High Spenders,"{""avg_ticket_min"": 50}",1,2025-10-20 19:43:51.000,2025-11-08 19:43:51.000,465,2609
2791,a0aa3b9d,VIP Customers,"{""min_balance"": 1000, ""last_active_days"": 30}",0,2025-10-20 19:43:51.000,2025-11-18 19:43:51.000,466,2614
2792,d6550a18,At Risk,"{""inactive_days_min"": 60, ""inactive_days_max"": 89}",0,2025-10-20 19:43:51.000,2025-11-07 19:43:51.000,466,2614
2793,bb10fd9a,Birthday Month,"{""birthday_month"": ""current""}",1,2025-10-20 19:43:51.000,2025-12-03 19:43:51.000,466,2614
2794,115a8ab9,New Members,"{""created_days_max"": 30}",1,2025-10-20 19:43:51.000,2025-12-19 19:43:51.000,466,2614
2795,387b4ff9,Inactive 90+,"{""inactive_days_min"": 90}",0,2025-10-20 19:43:51.000,2025-11-16 19:43:51.000,466,2614
2796,167618be,High Spenders,"{""avg_ticket_min"": 50}",1,2025-10-20 19:43:51.000,2025-11-04 19:43:51.000,466,2614
2797,1b48395e,VIP Customers,"{""min_balance"": 1000, ""last_active_days"": 30}",0,2025-10-20 19:43:51.000,2025-10-22 19:43:51.000,467,2619
2798,59a14d82,At Risk,"{""inactive_days_min"": 60, ""inactive_days_max"": 89}",0,2025-10-20 19:43:51.000,2025-11-21 19:43:51.000,467,2619
2799,5ebd3d83,Birthday Month,"{""birthday_month"": ""current""}",0,2025-10-20 19:43:51.000,2025-12-01 19:43:51.000,467,2619
2800,a1d1c00e,New Members,"{""created_days_max"": 30}",0,2025-10-20 19:43:51.000,2025-12-03 19:43:51.000,467,2619
2801,e50c0244,Inactive 90+,"{""inactive_days_min"": 90}",0,2025-10-20 19:43:51.000,2025-11-16 19:43:51.000,467,2619
2802,43ba1c06,High Spenders,"{""avg_ticket_min"": 50}",0,2025-10-20 19:43:51.000,2025-12-16 19:43:51.000,467,2619
2803,271a3673,VIP Customers,"{""min_balance"": 1000, ""last_active_days"": 30}",0,2025-10-20 19:43:51.000,2025-12-07 19:43:51.000,468,2626
2804,5596299e,At Risk,"{""inactive_days_min"": 60, ""inactive_days_max"": 89}",1,2025-10-20 19:43:51.000,2025-10-26 19:43:51.000,468,2626
2805,68a265cc,Birthday Month,"{""birthday_month"": ""current""}",0,2025-10-20 19:43:51.000,2025-11-25 19:43:51.000,468,2626
2806,5676a564,New Members,"{""created_days_max"": 30}",1,2025-10-20 19:43:51.000,2025-11-03 19:43:51.000,468,2626
2807,9610478f,Inactive 90+,"{""inactive_days_min"": 90}",0,2025-10-20 19:43:51.000,2025-11-25 19:43:51.000,468,2626
2808,250095c5,High Spenders,"{""avg_ticket_min"": 50}",1,2025-10-20 19:43:51.000,2025-12-19 19:43:51.000,468,2626
2809,595c5618,VIP Customers,"{""min_balance"": 1000, ""last_active_days"": 30}",0,2025-10-20 19:43:51.000,2025-12-12 19:43:51.000,469,2631
2810,a772be9e,At Risk,"{""inactive_days_min"": 60, ""inactive_days_max"": 89}",1,2025-10-20 19:43:51.000,2025-11-30 19:43:51.000,469,2631
2811,e1cb552d,Birthday Month,"{""birthday_month"": ""current""}",0,2025-10-20 19:43:51.000,2025-11-29 19:43:51.000,469,2631
2812,3b5e43f3,New Members,"{""created_days_max"": 30}",1,2025-10-20 19:43:51.000,2025-12-15 19:43:51.000,469,2631
2813,23e1c4fa,Inactive 90+,"{""inactive_days_min"": 90}",1,2025-10-20 19:43:51.000,2025-12-19 19:43:51.000,469,2631
2814,c9807625,High Spenders,"{""avg_ticket_min"": 50}",0,2025-10-20 19:43:51.000,2025-12-08 19:43:51.000,469,2631
2815,6ea505de,VIP Customers,"{""min_balance"": 1000, ""last_active_days"": 30}",1,2025-10-20 19:43:51.000,2025-11-17 19:43:51.000,470,2637
2816,8ea291c2,At Risk,"{""inactive_days_min"": 60, ""inactive_days_max"": 89}",1,2025-10-20 19:43:51.000,2025-11-08 19:43:51.000,470,2637
2817,13d33c13,Birthday Month,"{""birthday_month"": ""current""}",1,2025-10-20 19:43:51.000,2025-12-06 19:43:51.000,470,2637
2818,8583af91,New Members,"{""created_days_max"": 30}",0,2025-10-20 19:43:51.000,2025-10-28 19:43:51.000,470,2637
2819,d3fa6324,Inactive 90+,"{""inactive_days_min"": 90}",0,2025-10-20 19:43:51.000,2025-12-18 19:43:51.000,470,2637
2820,9a1389a2,High Spenders,"{""avg_ticket_min"": 50}",1,2025-10-20 19:43:51.000,2025-11-16 19:43:51.000,470,2637
2821,842b1de5,VIP Customers,"{""min_balance"": 1000, ""last_active_days"": 30}",1,2025-10-20 19:43:51.000,2025-12-17 19:43:51.000,471,2641
2822,b565b66f,At Risk,"{""inactive_days_min"": 60, ""inactive_days_max"": 89}",1,2025-10-20 19:43:51.000,2025-11-19 19:43:51.000,471,2641
2823,0cb43a2a,Birthday Month,"{""birthday_month"": ""current""}",0,2025-10-20 19:43:51.000,2025-11-18 19:43:51.000,471,2641
2824,0fe3b927,New Members,"{""created_days_max"": 30}",0,2025-10-20 19:43:51.000,2025-11-18 19:43:51.000,471,2641
2825,fcf0bc44,Inactive 90+,"{""inactive_days_min"": 90}",1,2025-10-20 19:43:51.000,2025-10-29 19:43:51.000,471,2641
2826,cd542eea,High Spenders,"{""avg_ticket_min"": 50}",1,2025-10-20 19:43:51.000,2025-11-14 19:43:51.000,471,2641
2827,48af97cd,VIP Customers,"{""min_balance"": 1000, ""last_active_days"": 30}",1,2025-10-20 19:43:51.000,2025-11-25 19:43:51.000,472,2644
2828,57071bdd,At Risk,"{""inactive_days_min"": 60, ""inactive_days_max"": 89}",0,2025-10-20 19:43:51.000,2025-11-25 19:43:51.000,472,2644
2829,0bafbb0d,Birthday Month,"{""birthday_month"": ""current""}",1,2025-10-20 19:43:51.000,2025-11-18 19:43:51.000,472,2644
2830,6d69c4df,New Members,"{""created_days_max"": 30}",1,2025-10-20 19:43:51.000,2025-11-08 19:43:51.000,472,2644
2831,e326a297,Inactive 90+,"{""inactive_days_min"": 90}",0,2025-10-20 19:43:51.000,2025-12-06 19:43:51.000,472,2644
2832,05afe4a3,High Spenders,"{""avg_ticket_min"": 50}",1,2025-10-20 19:43:51.000,2025-10-21 19:43:51.000,472,2644
2833,af8db682,VIP Customers,"{""min_balance"": 1000, ""last_active_days"": 30}",0,2025-10-20 19:43:51.000,2025-11-02 19:43:51.000,473,2648
2834,42868379,At Risk,"{""inactive_days_min"": 60, ""inactive_days_max"": 89}",1,2025-10-20 19:43:51.000,2025-12-08 19:43:51.000,473,2648
2835,dee9fca0,Birthday Month,"{""birthday_month"": ""current""}",1,2025-10-20 19:43:51.000,2025-11-27 19:43:51.000,473,2648
2836,78e8b349,New Members,"{""created_days_max"": 30}",0,2025-10-20 19:43:51.000,2025-10-24 19:43:51.000,473,2648
2837,692f95a2,Inactive 90+,"{""inactive_days_min"": 90}",0,2025-10-20 19:43:51.000,2025-12-13 19:43:51.000,473,2648
2838,80d3aa25,High Spenders,"{""avg_ticket_min"": 50}",1,2025-10-20 19:43:51.000,2025-11-22 19:43:51.000,473,2648
2839,4a40bcf9,VIP Customers,"{""min_balance"": 1000, ""last_active_days"": 30}",0,2025-10-20 19:43:51.000,2025-10-26 19:43:51.000,474,2654
2840,9e8a1f48,At Risk,"{""inactive_days_min"": 60, ""inactive_days_max"": 89}",1,2025-10-20 19:43:51.000,2025-10-21 19:43:51.000,474,2654
2841,c962d9ac,Birthday Month,"{""birthday_month"": ""current""}",0,2025-10-20 19:43:51.000,2025-12-15 19:43:51.000,474,2654
2842,72be828d,New Members,"{""created_days_max"": 30}",0,2025-10-20 19:43:51.000,2025-10-31 19:43:51.000,474,2654
2843,42174c0f,Inactive 90+,"{""inactive_days_min"": 90}",0,2025-10-20 19:43:51.000,2025-12-01 19:43:51.000,474,2654
2844,f4767aae,High Spenders,"{""avg_ticket_min"": 50}",0,2025-10-20 19:43:51.000,2025-11-25 19:43:51.000,474,2654
2845,f9fcd98c,VIP Customers,"{""min_balance"": 1000, ""last_active_days"": 30}",0,2025-10-20 19:43:51.000,2025-11-08 19:43:51.000,475,2660
2846,5e36d762,At Risk,"{""inactive_days_min"": 60, ""inactive_days_max"": 89}",0,2025-10-20 19:43:51.000,2025-10-20 19:43:51.000,475,2660
2847,35a83584,Birthday Month,"{""birthday_month"": ""current""}",1,2025-10-20 19:43:51.000,2025-12-10 19:43:51.000,475,2660
2848,1b186ceb,New Members,"{""created_days_max"": 30}",1,2025-10-20 19:43:51.000,2025-11-18 19:43:51.000,475,2660
2849,3172d5e0,Inactive 90+,"{""inactive_days_min"": 90}",0,2025-10-20 19:43:51.000,2025-11-22 19:43:51.000,475,2660
2850,acfaf818,High Spenders,"{""avg_ticket_min"": 50}",0,2025-10-20 19:43:51.000,2025-12-11 19:43:51.000,475,2660
2851,ee3b8fe5,VIP Customers,"{""min_balance"": 1000, ""last_active_days"": 30}",1,2025-10-20 19:43:51.000,2025-10-31 19:43:51.000,476,2669
2852,1cca8545,At Risk,"{""inactive_days_min"": 60, ""inactive_days_max"": 89}",0,2025-10-20 19:43:51.000,2025-11-06 19:43:51.000,476,2669
2853,8fa36080,Birthday Month,"{""birthday_month"": ""current""}",0,2025-10-20 19:43:51.000,2025-12-07 19:43:51.000,476,2669
2854,bcf9ed78,New Members,"{""created_days_max"": 30}",1,2025-10-20 19:43:51.000,2025-10-30 19:43:51.000,476,2669
2855,8f9dd689,Inactive 90+,"{""inactive_days_min"": 90}",1,2025-10-20 19:43:51.000,2025-10-21 19:43:51.000,476,2669
2856,31f605a0,High Spenders,"{""avg_ticket_min"": 50}",0,2025-10-20 19:43:51.000,2025-11-27 19:43:51.000,476,2669
2857,3c799dbb,VIP Customers,"{""min_balance"": 1000, ""last_active_days"": 30}",1,2025-10-20 19:43:51.000,2025-11-14 19:43:51.000,477,2674
2858,bfde6f88,At Risk,"{""inactive_days_min"": 60, ""inactive_days_max"": 89}",0,2025-10-20 19:43:51.000,2025-12-09 19:43:51.000,477,2674
2859,cca17e2d,Birthday Month,"{""birthday_month"": ""current""}",0,2025-10-20 19:43:51.000,2025-12-05 19:43:51.000,477,2674
2860,cbd12777,New Members,"{""created_days_max"": 30}",1,2025-10-20 19:43:51.000,2025-10-31 19:43:51.000,477,2674
2861,b2798377,Inactive 90+,"{""inactive_days_min"": 90}",0,2025-10-20 19:43:51.000,2025-11-03 19:43:51.000,477,2674
2862,36f1f1b6,High Spenders,"{""avg_ticket_min"": 50}",0,2025-10-20 19:43:51.000,2025-10-25 19:43:51.000,477,2674
2863,07b22314,VIP Customers,"{""min_balance"": 1000, ""last_active_days"": 30}",0,2025-10-20 19:43:51.000,2025-11-11 19:43:51.000,478,2679
2864,7c34f918,At Risk,"{""inactive_days_min"": 60, ""inactive_days_max"": 89}",0,2025-10-20 19:43:51.000,2025-12-12 19:43:51.000,478,2679
2865,c42e25d2,Birthday Month,"{""birthday_month"": ""current""}",1,2025-10-20 19:43:51.000,2025-11-25 19:43:51.000,478,2679
2866,90e8ece4,New Members,"{""created_days_max"": 30}",1,2025-10-20 19:43:51.000,2025-10-23 19:43:51.000,478,2679
2867,f4135802,Inactive 90+,"{""inactive_days_min"": 90}",0,2025-10-20 19:43:51.000,2025-11-12 19:43:51.000,478,2679
2868,182d7ad5,High Spenders,"{""avg_ticket_min"": 50}",0,2025-10-20 19:43:51.000,2025-10-27 19:43:51.000,478,2679
2869,b2a7b393,VIP Customers,"{""min_balance"": 1000, ""last_active_days"": 30}",1,2025-10-20 19:43:51.000,2025-11-22 19:43:51.000,479,2683
2870,03f271f7,At Risk,"{""inactive_days_min"": 60, ""inactive_days_max"": 89}",0,2025-10-20 19:43:51.000,2025-12-02 19:43:51.000,479,2683
2871,915b8fcd,Birthday Month,"{""birthday_month"": ""current""}",0,2025-10-20 19:43:51.000,2025-11-15 19:43:51.000,479,2683
2872,cfdaaed2,New Members,"{""created_days_max"": 30}",0,2025-10-20 19:43:51.000,2025-12-05 19:43:51.000,479,2683
2873,6a4c8a55,Inactive 90+,"{""inactive_days_min"": 90}",1,2025-10-20 19:43:51.000,2025-11-25 19:43:51.000,479,2683
2874,f5d36ce3,High Spenders,"{""avg_ticket_min"": 50}",0,2025-10-20 19:43:51.000,2025-11-07 19:43:51.000,479,2683
2875,6dd8d8db,VIP Customers,"{""min_balance"": 1000, ""last_active_days"": 30}",1,2025-10-20 19:43:51.000,2025-12-10 19:43:51.000,480,2688
2876,9f58d668,At Risk,"{""inactive_days_min"": 60, ""inactive_days_max"": 89}",1,2025-10-20 19:43:51.000,2025-11-02 19:43:51.000,480,2688
2877,5d254c38,Birthday Month,"{""birthday_month"": ""current""}",1,2025-10-20 19:43:51.000,2025-11-21 19:43:51.000,480,2688
2878,a7de1b57,New Members,"{""created_days_max"": 30}",1,2025-10-20 19:43:51.000,2025-10-30 19:43:51.000,480,2688
2879,a0b7a169,Inactive 90+,"{""inactive_days_min"": 90}",0,2025-10-20 19:43:51.000,2025-10-22 19:43:51.000,480,2688
2880,73ac341a,High Spenders,"{""avg_ticket_min"": 50}",1,2025-10-20 19:43:51.000,2025-12-03 19:43:51.000,480,2688
2881,3ad0d532,VIP Customers,"{""min_balance"": 1000, ""last_active_days"": 30}",0,2025-10-20 19:43:51.000,2025-10-26 19:43:51.000,481,2693
2882,6488df82,At Risk,"{""inactive_days_min"": 60, ""inactive_days_max"": 89}",0,2025-10-20 19:43:51.000,2025-12-18 19:43:51.000,481,2693
2883,98f76a13,Birthday Month,"{""birthday_month"": ""current""}",0,2025-10-20 19:43:51.000,2025-12-15 19:43:51.000,481,2693
2884,a071554d,New Members,"{""created_days_max"": 30}",1,2025-10-20 19:43:51.000,2025-11-13 19:43:51.000,481,2693
2885,41ed4837,Inactive 90+,"{""inactive_days_min"": 90}",1,2025-10-20 19:43:51.000,2025-11-17 19:43:51.000,481,2693
2886,731dbb30,High Spenders,"{""avg_ticket_min"": 50}",1,2025-10-20 19:43:51.000,2025-11-11 19:43:51.000,481,2693
2887,e5fddf92,VIP Customers,"{""min_balance"": 1000, ""last_active_days"": 30}",0,2025-10-20 19:43:51.000,2025-10-31 19:43:51.000,482,2699
2888,df7adca8,At Risk,"{""inactive_days_min"": 60, ""inactive_days_max"": 89}",1,2025-10-20 19:43:51.000,2025-11-20 19:43:51.000,482,2699
2889,ab8ec391,Birthday Month,"{""birthday_month"": ""current""}",0,2025-10-20 19:43:51.000,2025-11-17 19:43:51.000,482,2699
2890,51c1b496,New Members,"{""created_days_max"": 30}",1,2025-10-20 19:43:51.000,2025-12-11 19:43:51.000,482,2699
2891,2958530c,Inactive 90+,"{""inactive_days_min"": 90}",0,2025-10-20 19:43:51.000,2025-12-18 19:43:51.000,482,2699
2892,5a37daac,High Spenders,"{""avg_ticket_min"": 50}",1,2025-10-20 19:43:51.000,2025-12-17 19:43:51.000,482,2699
2893,b6316fa0,VIP Customers,"{""min_balance"": 1000, ""last_active_days"": 30}",0,2025-10-20 19:43:51.000,2025-12-06 19:43:51.000,483,2705
2894,62967c36,At Risk,"{""inactive_days_min"": 60, ""inactive_days_max"": 89}",1,2025-10-20 19:43:51.000,2025-10-21 19:43:51.000,483,2705
2895,af2e39bb,Birthday Month,"{""birthday_month"": ""current""}",0,2025-10-20 19:43:51.000,2025-12-08 19:43:51.000,483,2705
2896,c6739ca1,New Members,"{""created_days_max"": 30}",1,2025-10-20 19:43:51.000,2025-11-02 19:43:51.000,483,2705
2897,97188311,Inactive 90+,"{""inactive_days_min"": 90}",0,2025-10-20 19:43:51.000,2025-11-22 19:43:51.000,483,2705
2898,dd36aeb0,High Spenders,"{""avg_ticket_min"": 50}",1,2025-10-20 19:43:51.000,2025-11-19 19:43:51.000,483,2705
2899,b65a2d6f,VIP Customers,"{""min_balance"": 1000, ""last_active_days"": 30}",1,2025-10-20 19:43:51.000,2025-12-08 19:43:51.000,484,2709
2900,43388656,At Risk,"{""inactive_days_min"": 60, ""inactive_days_max"": 89}",0,2025-10-20 19:43:51.000,2025-11-16 19:43:51.000,484,2709
2901,d9e29050,Birthday Month,"{""birthday_month"": ""current""}",0,2025-10-20 19:43:51.000,2025-11-13 19:43:51.000,484,2709
2902,c8ac65e3,New Members,"{""created_days_max"": 30}",0,2025-10-20 19:43:51.000,2025-12-13 19:43:51.000,484,2709
2903,a176ae0b,Inactive 90+,"{""inactive_days_min"": 90}",0,2025-10-20 19:43:51.000,2025-11-03 19:43:51.000,484,2709
2904,f61dcdf6,High Spenders,"{""avg_ticket_min"": 50}",0,2025-10-20 19:43:51.000,2025-12-10 19:43:51.000,484,2709
2905,884089c0,VIP Customers,"{""min_balance"": 1000, ""last_active_days"": 30}",1,2025-10-20 19:43:51.000,2025-12-02 19:43:51.000,485,2714
2906,5c8a9b77,At Risk,"{""inactive_days_min"": 60, ""inactive_days_max"": 89}",1,2025-10-20 19:43:51.000,2025-11-14 19:43:51.000,485,2714
2907,2d2dd318,Birthday Month,"{""birthday_month"": ""current""}",0,2025-10-20 19:43:51.000,2025-10-24 19:43:51.000,485,2714
2908,5b7e72a2,New Members,"{""created_days_max"": 30}",1,2025-10-20 19:43:51.000,2025-10-25 19:43:51.000,485,2714
2909,ea6580e6,Inactive 90+,"{""inactive_days_min"": 90}",1,2025-10-20 19:43:51.000,2025-11-03 19:43:51.000,485,2714
2910,01717058,High Spenders,"{""avg_ticket_min"": 50}",1,2025-10-20 19:43:51.000,2025-12-16 19:43:51.000,485,2714
2911,b84c90b6,VIP Customers,"{""min_balance"": 1000, ""last_active_days"": 30}",1,2025-10-20 19:43:51.000,2025-12-12 19:43:51.000,486,2719
2912,0b5ff774,At Risk,"{""inactive_days_min"": 60, ""inactive_days_max"": 89}",1,2025-10-20 19:43:51.000,2025-11-01 19:43:51.000,486,2719
2913,1a3adf15,Birthday Month,"{""birthday_month"": ""current""}",0,2025-10-20 19:43:51.000,2025-10-28 19:43:51.000,486,2719
2914,05e62664,New Members,"{""created_days_max"": 30}",0,2025-10-20 19:43:51.000,2025-12-05 19:43:51.000,486,2719
2915,9f89df1e,Inactive 90+,"{""inactive_days_min"": 90}",0,2025-10-20 19:43:51.000,2025-12-14 19:43:51.000,486,2719
2916,226ae0f7,High Spenders,"{""avg_ticket_min"": 50}",0,2025-10-20 19:43:51.000,2025-11-29 19:43:51.000,486,2719
2917,652b9530,VIP Customers,"{""min_balance"": 1000, ""last_active_days"": 30}",1,2025-10-20 19:43:51.000,2025-11-27 19:43:51.000,487,2726
2918,2e1709f2,At Risk,"{""inactive_days_min"": 60, ""inactive_days_max"": 89}",0,2025-10-20 19:43:51.000,2025-11-09 19:43:51.000,487,2726
2919,5d7cae3e,Birthday Month,"{""birthday_month"": ""current""}",0,2025-10-20 19:43:51.000,2025-12-13 19:43:51.000,487,2726
2920,82d5afe8,New Members,"{""created_days_max"": 30}",0,2025-10-20 19:43:51.000,2025-11-11 19:43:51.000,487,2726
2921,882967e3,Inactive 90+,"{""inactive_days_min"": 90}",0,2025-10-20 19:43:51.000,2025-11-08 19:43:51.000,487,2726
2922,dc3eed45,High Spenders,"{""avg_ticket_min"": 50}",1,2025-10-20 19:43:51.000,2025-12-18 19:43:51.000,487,2726
2923,7cf6c3c1,VIP Customers,"{""min_balance"": 1000, ""last_active_days"": 30}",0,2025-10-20 19:43:51.000,2025-11-17 19:43:51.000,488,2731
2924,e181775a,At Risk,"{""inactive_days_min"": 60, ""inactive_days_max"": 89}",0,2025-10-20 19:43:51.000,2025-11-11 19:43:51.000,488,2731
2925,2bfa97b5,Birthday Month,"{""birthday_month"": ""current""}",1,2025-10-20 19:43:51.000,2025-11-24 19:43:51.000,488,2731
2926,cbbe0d22,New Members,"{""created_days_max"": 30}",1,2025-10-20 19:43:51.000,2025-11-27 19:43:51.000,488,2731
2927,41284169,Inactive 90+,"{""inactive_days_min"": 90}",0,2025-10-20 19:43:51.000,2025-12-09 19:43:51.000,488,2731
2928,70542e8c,High Spenders,"{""avg_ticket_min"": 50}",0,2025-10-20 19:43:51.000,2025-11-18 19:43:51.000,488,2731
2929,1b344757,VIP Customers,"{""min_balance"": 1000, ""last_active_days"": 30}",1,2025-10-20 19:43:51.000,2025-11-09 19:43:51.000,489,2734
2930,f00280db,At Risk,"{""inactive_days_min"": 60, ""inactive_days_max"": 89}",1,2025-10-20 19:43:51.000,2025-11-30 19:43:51.000,489,2734
2931,bb8fa7a1,Birthday Month,"{""birthday_month"": ""current""}",0,2025-10-20 19:43:51.000,2025-11-11 19:43:51.000,489,2734
2932,98cd0ece,New Members,"{""created_days_max"": 30}",1,2025-10-20 19:43:51.000,2025-10-27 19:43:51.000,489,2734
2933,a4b7ce84,Inactive 90+,"{""inactive_days_min"": 90}",0,2025-10-20 19:43:51.000,2025-12-18 19:43:51.000,489,2734
2934,d012d5db,High Spenders,"{""avg_ticket_min"": 50}",0,2025-10-20 19:43:51.000,2025-11-06 19:43:51.000,489,2734
2935,91a49144,VIP Customers,"{""min_balance"": 1000, ""last_active_days"": 30}",1,2025-10-20 19:43:51.000,2025-11-12 19:43:51.000,490,2739
2936,c0d4a07c,At Risk,"{""inactive_days_min"": 60, ""inactive_days_max"": 89}",0,2025-10-20 19:43:51.000,2025-11-01 19:43:51.000,490,2739
2937,a06af7dc,Birthday Month,"{""birthday_month"": ""current""}",1,2025-10-20 19:43:51.000,2025-11-23 19:43:51.000,490,2739
2938,16e0d8fa,New Members,"{""created_days_max"": 30}",1,2025-10-20 19:43:51.000,2025-10-22 19:43:51.000,490,2739
2939,549054ff,Inactive 90+,"{""inactive_days_min"": 90}",0,2025-10-20 19:43:51.000,2025-11-23 19:43:51.000,490,2739
2940,b574a85a,High Spenders,"{""avg_ticket_min"": 50}",0,2025-10-20 19:43:51.000,2025-11-03 19:43:51.000,490,2739
2941,e2295a03,VIP Customers,"{""min_balance"": 1000, ""last_active_days"": 30}",1,2025-10-20 19:43:51.000,2025-11-09 19:43:51.000,491,2743
2942,41666964,At Risk,"{""inactive_days_min"": 60, ""inactive_days_max"": 89}",0,2025-10-20 19:43:51.000,2025-12-06 19:43:51.000,491,2743
2943,987c66b9,Birthday Month,"{""birthday_month"": ""current""}",1,2025-10-20 19:43:51.000,2025-12-12 19:43:51.000,491,2743
2944,7103f72a,New Members,"{""created_days_max"": 30}",1,2025-10-20 19:43:51.000,2025-12-15 19:43:51.000,491,2743
2945,2422a418,Inactive 90+,"{""inactive_days_min"": 90}",0,2025-10-20 19:43:51.000,2025-10-27 19:43:51.000,491,2743
2946,886cc83a,High Spenders,"{""avg_ticket_min"": 50}",1,2025-10-20 19:43:51.000,2025-11-19 19:43:51.000,491,2743
2947,1f5dab31,VIP Customers,"{""min_balance"": 1000, ""last_active_days"": 30}",0,2025-10-20 19:43:51.000,2025-10-30 19:43:51.000,492,2748
2948,11a8aad7,At Risk,"{""inactive_days_min"": 60, ""inactive_days_max"": 89}",1,2025-10-20 19:43:51.000,2025-11-19 19:43:51.000,492,2748
2949,a0eb7942,Birthday Month,"{""birthday_month"": ""current""}",1,2025-10-20 19:43:51.000,2025-11-25 19:43:51.000,492,2748
2950,8f3f73df,New Members,"{""created_days_max"": 30}",1,2025-10-20 19:43:51.000,2025-10-28 19:43:51.000,492,2748
2951,42cb9241,Inactive 90+,"{""inactive_days_min"": 90}",1,2025-10-20 19:43:51.000,2025-12-16 19:43:51.000,492,2748
2952,069f063e,High Spenders,"{""avg_ticket_min"": 50}",1,2025-10-20 19:43:51.000,2025-12-05 19:43:51.000,492,2748
2953,857e3c92,VIP Customers,"{""min_balance"": 1000, ""last_active_days"": 30}",1,2025-10-20 19:43:51.000,2025-11-17 19:43:51.000,493,2751
2954,5ef0b08e,At Risk,"{""inactive_days_min"": 60, ""inactive_days_max"": 89}",0,2025-10-20 19:43:51.000,2025-10-23 19:43:51.000,493,2751
2955,6cbc5ab5,Birthday Month,"{""birthday_month"": ""current""}",1,2025-10-20 19:43:51.000,2025-11-26 19:43:51.000,493,2751
2956,89981ebe,New Members,"{""created_days_max"": 30}",1,2025-10-20 19:43:51.000,2025-10-23 19:43:51.000,493,2751
2957,3da50bfb,Inactive 90+,"{""inactive_days_min"": 90}",1,2025-10-20 19:43:51.000,2025-11-16 19:43:51.000,493,2751
2958,49315bd3,High Spenders,"{""avg_ticket_min"": 50}",1,2025-10-20 19:43:51.000,2025-11-18 19:43:51.000,493,2751
2959,aaf8d3a9,VIP Customers,"{""min_balance"": 1000, ""last_active_days"": 30}",1,2025-10-20 19:43:51.000,2025-12-13 19:43:51.000,494,2756
2960,68ba5766,At Risk,"{""inactive_days_min"": 60, ""inactive_days_max"": 89}",0,2025-10-20 19:43:51.000,2025-10-30 19:43:51.000,494,2756
2961,6a22bb44,Birthday Month,"{""birthday_month"": ""current""}",1,2025-10-20 19:43:51.000,2025-12-08 19:43:51.000,494,2756
2962,de1886be,New Members,"{""created_days_max"": 30}",1,2025-10-20 19:43:51.000,2025-11-17 19:43:51.000,494,2756
2963,81ab35df,Inactive 90+,"{""inactive_days_min"": 90}",1,2025-10-20 19:43:51.000,2025-10-23 19:43:51.000,494,2756
2964,8224ef7d,High Spenders,"{""avg_ticket_min"": 50}",1,2025-10-20 19:43:51.000,2025-12-04 19:43:51.000,494,2756
2965,635f56e2,VIP Customers,"{""min_balance"": 1000, ""last_active_days"": 30}",0,2025-10-20 19:43:51.000,2025-11-21 19:43:51.000,495,2762
2966,fa6b49c7,At Risk,"{""inactive_days_min"": 60, ""inactive_days_max"": 89}",1,2025-10-20 19:43:51.000,2025-11-25 19:43:51.000,495,2762
2967,f4742360,Birthday Month,"{""birthday_month"": ""current""}",1,2025-10-20 19:43:51.000,2025-11-19 19:43:51.000,495,2762
2968,60ff878d,New Members,"{""created_days_max"": 30}",0,2025-10-20 19:43:51.000,2025-11-29 19:43:51.000,495,2762
2969,d97d696e,Inactive 90+,"{""inactive_days_min"": 90}",0,2025-10-20 19:43:51.000,2025-10-27 19:43:51.000,495,2762
2970,9204fe8f,High Spenders,"{""avg_ticket_min"": 50}",1,2025-10-20 19:43:51.000,2025-12-11 19:43:51.000,495,2762
2971,9468c2f5,VIP Customers,"{""min_balance"": 1000, ""last_active_days"": 30}",1,2025-10-20 19:43:51.000,2025-12-17 19:43:51.000,496,2766
2972,2cf74390,At Risk,"{""inactive_days_min"": 60, ""inactive_days_max"": 89}",0,2025-10-20 19:43:51.000,2025-11-18 19:43:51.000,496,2766
2973,73e2d1c8,Birthday Month,"{""birthday_month"": ""current""}",0,2025-10-20 19:43:51.000,2025-11-26 19:43:51.000,496,2766
2974,fe945f3c,New Members,"{""created_days_max"": 30}",0,2025-10-20 19:43:51.000,2025-11-08 19:43:51.000,496,2766
2975,5cfec0f6,Inactive 90+,"{""inactive_days_min"": 90}",1,2025-10-20 19:43:51.000,2025-11-28 19:43:51.000,496,2766
2976,e97275f0,High Spenders,"{""avg_ticket_min"": 50}",0,2025-10-20 19:43:51.000,2025-11-21 19:43:51.000,496,2766
2977,0fa2069d,VIP Customers,"{""min_balance"": 1000, ""last_active_days"": 30}",0,2025-10-20 19:43:51.000,2025-11-18 19:43:51.000,497,2771
2978,38de7ee6,At Risk,"{""inactive_days_min"": 60, ""inactive_days_max"": 89}",0,2025-10-20 19:43:51.000,2025-12-06 19:43:51.000,497,2771
2979,84fb6116,Birthday Month,"{""birthday_month"": ""current""}",1,2025-10-20 19:43:51.000,2025-11-24 19:43:51.000,497,2771
2980,a8ac572b,New Members,"{""created_days_max"": 30}",0,2025-10-20 19:43:51.000,2025-11-01 19:43:51.000,497,2771
2981,93172ab9,Inactive 90+,"{""inactive_days_min"": 90}",1,2025-10-20 19:43:51.000,2025-10-26 19:43:51.000,497,2771
2982,ca1c49a5,High Spenders,"{""avg_ticket_min"": 50}",1,2025-10-20 19:43:51.000,2025-11-25 19:43:51.000,497,2771
2983,0b04ef8e,VIP Customers,"{""min_balance"": 1000, ""last_active_days"": 30}",0,2025-10-20 19:43:51.000,2025-11-14 19:43:51.000,498,2775
2984,a801d84c,At Risk,"{""inactive_days_min"": 60, ""inactive_days_max"": 89}",1,2025-10-20 19:43:51.000,2025-10-21 19:43:51.000,498,2775
2985,bac5512e,Birthday Month,"{""birthday_month"": ""current""}",0,2025-10-20 19:43:51.000,2025-11-01 19:43:51.000,498,2775
2986,685d57c8,New Members,"{""created_days_max"": 30}",0,2025-10-20 19:43:51.000,2025-11-29 19:43:51.000,498,2775
2987,3acbd752,Inactive 90+,"{""inactive_days_min"": 90}",0,2025-10-20 19:43:51.000,2025-10-29 19:43:51.000,498,2775
2988,b59036b8,High Spenders,"{""avg_ticket_min"": 50}",1,2025-10-20 19:43:51.000,2025-12-01 19:43:51.000,498,2775
2989,c9cf512b,VIP Customers,"{""min_balance"": 1000, ""last_active_days"": 30}",1,2025-10-20 19:43:51.000,2025-11-07 19:43:51.000,499,2779
2990,932d53cb,At Risk,"{""inactive_days_min"": 60, ""inactive_days_max"": 89}",0,2025-10-20 19:43:51.000,2025-10-28 19:43:51.000,499,2779
2991,2c39f163,Birthday Month,"{""birthday_month"": ""current""}",1,2025-10-20 19:43:51.000,2025-11-02 19:43:51.000,499,2779
2992,9fe7bb55,New Members,"{""created_days_max"": 30}",1,2025-10-20 19:43:51.000,2025-11-05 19:43:51.000,499,2779
2993,23c0e262,Inactive 90+,"{""inactive_days_min"": 90}",0,2025-10-20 19:43:51.000,2025-11-08 19:43:51.000,499,2779
2994,c45f2eb7,High Spenders,"{""avg_ticket_min"": 50}",1,2025-10-20 19:43:51.000,2025-10-30 19:43:51.000,499,2779
2995,2013ad29,VIP Customers,"{""min_balance"": 1000, ""last_active_days"": 30}",1,2025-10-20 19:43:51.000,2025-10-26 19:43:51.000,500,2783
2996,e3970dce,At Risk,"{""inactive_days_min"": 60, ""inactive_days_max"": 89}",0,2025-10-20 19:43:51.000,2025-12-05 19:43:51.000,500,2783
2997,41bb7d81,Birthday Month,"{""birthday_month"": ""current""}",0,2025-10-20 19:43:51.000,2025-11-19 19:43:51.000,500,2783
2998,04aa0927,New Members,"{""created_days_max"": 30}",1,2025-10-20 19:43:51.000,2025-12-17 19:43:51.000,500,2783
2999,bd391623,Inactive 90+,"{""inactive_days_min"": 90}",1,2025-10-20 19:43:51.000,2025-11-11 19:43:51.000,500,2783
3000,4588042a,High Spenders,"{""avg_ticket_min"": 50}",0,2025-10-20 19:43:51.000,2025-11-05 19:43:51.000,500,2783
