id,quantity,price_each,external_ticket_id,external_product_id
1,5,68.03,1,2
2,3,74.95,1,1
3,5,4.2,2,3
4,3,75.91,2,3
5,2,45.92,2,1
6,4,4.96,3,1
7,2,48.93,3,1
8,2,28.58,4,1
9,3,6.65,4,1
10,1,31.14,5,3
11,4,47.71,5,2
12,3,27.16,5,1
13,2,57.16,6,3
14,5,63.39,6,1
15,5,65.53,6,2
16,5,32.54,7,3
17,5,10.12,8,2
18,2,27.83,8,1
19,3,36.84,9,2
20,1,58.19,10,1
21,4,36.18,10,2
22,2,71.0,10,2
23,5,52.78,11,3
24,2,14.69,11,1
25,1,25.0,11,2
26,3,76.23,11,1
27,3,48.33,12,3
28,5,71.4,13,1
29,1,9.9,13,1
30,3,25.2,14,1
31,1,32.65,14,3
32,4,13.98,14,2
33,2,9.56,15,1
34,2,51.78,15,1
35,4,67.81,15,2
36,4,38.73,15,3
37,3,71.07,16,2
38,2,36.77,16,2
39,2,60.67,17,3
40,5,19.75,18,1
41,4,65.84,18,2
42,5,55.59,18,2
43,5,70.77,18,2
44,5,46.56,19,3
45,2,76.03,20,1
46,2,65.06,20,1
47,1,35.02,20,3
48,4,17.75,20,3
49,1,32.27,21,2
50,5,47.83,22,2
51,1,45.89,23,1
52,3,31.88,24,2
53,5,49.5,24,1
54,2,23.48,24,1
55,5,49.48,24,3
56,4,73.83,25,2
57,1,77.85,26,1
58,2,25.44,26,3
59,4,62.37,26,2
60,3,58.85,26,3
61,4,61.24,27,2
62,1,42.19,27,1
63,1,26.27,27,3
64,4,12.58,27,3
65,1,21.46,28,2
66,1,73.61,28,3
67,1,55.13,29,1
68,3,40.13,29,2
69,2,76.92,29,2
70,5,45.0,29,2
71,3,4.14,30,1
72,2,52.5,31,3
73,2,22.99,31,2
74,2,48.89,32,1
75,2,21.69,32,2
76,3,37.8,33,1
77,4,25.57,33,3
78,5,32.98,33,1
79,1,41.9,33,3
80,3,55.38,34,2
81,1,28.23,34,2
82,3,69.2,34,2
83,1,64.82,35,3
84,4,53.52,35,3
85,3,72.74,36,2
86,4,59.47,36,3
87,5,65.65,36,2
88,3,41.57,37,1
89,5,16.13,37,1
90,4,11.98,37,2
91,5,61.51,37,1
92,2,60.05,38,2
93,4,63.47,38,2
94,3,22.32,38,2
95,4,71.38,39,3
96,4,6.22,40,1
97,2,79.4,40,2
98,4,79.0,40,2
99,4,27.95,41,1
100,2,46.95,42,1
101,4,63.25,42,1
102,4,77.3,43,2
103,1,4.94,43,1
104,3,76.11,43,2
105,5,16.86,43,3
106,3,12.06,44,2
107,5,47.92,44,1
108,1,66.26,44,2
109,4,71.26,45,1
110,3,79.7,45,2
111,3,60.51,45,1
112,2,18.47,46,1
113,5,41.36,46,1
114,5,50.6,47,3
115,1,53.63,47,3
116,1,5.76,47,1
117,2,18.03,48,3
118,1,25.49,48,3
119,1,53.67,48,2
120,5,49.24,48,1
121,3,10.89,49,1
122,3,56.87,50,2
123,2,5.07,50,2
124,1,54.39,51,1
125,5,7.85,52,3
126,3,22.6,53,1
127,1,65.43,53,1
128,3,30.1,53,3
129,3,35.23,53,1
130,2,27.64,54,2
131,5,22.93,54,3
132,4,77.06,55,2
133,4,55.81,55,2
134,4,52.61,55,1
135,1,12.34,55,3
136,5,54.91,56,1
137,5,31.62,56,2
138,5,4.25,56,3
139,2,39.68,56,2
140,3,53.09,57,1
141,3,42.49,58,3
142,5,9.43,58,3
143,1,52.19,59,6
144,4,27.01,60,9
145,4,65.73,61,5
146,4,36.65,61,11
147,1,68.81,61,11
148,3,11.26,61,11
149,5,44.83,62,5
150,3,30.34,63,4
151,2,67.86,63,9
152,5,61.86,63,11
153,3,57.84,63,5
154,3,44.72,64,9
155,1,5.57,64,6
156,4,12.96,64,10
157,2,37.65,65,7
158,3,10.41,65,10
159,1,74.28,65,5
160,4,37.68,65,6
161,5,39.67,66,6
162,5,15.54,66,6
163,1,32.22,66,9
164,5,70.75,66,10
165,3,37.32,67,6
166,2,34.19,67,8
167,5,69.14,67,7
168,2,41.3,68,9
169,1,61.34,68,11
170,1,42.77,69,4
171,4,13.34,69,4
172,2,22.82,69,6
173,3,55.3,69,6
174,3,65.49,70,5
175,1,74.27,71,10
176,4,76.62,71,9
177,5,6.2,71,8
178,5,44.64,72,7
179,2,24.95,72,6
180,1,16.58,72,6
181,5,22.61,73,6
182,5,67.99,73,4
183,3,38.37,73,6
184,4,63.61,74,9
185,1,63.15,74,9
186,5,19.16,74,6
187,1,29.25,75,7
188,3,27.82,75,8
189,2,76.12,75,11
190,5,66.25,75,4
191,1,55.24,76,9
192,4,73.44,76,5
193,5,64.62,77,11
194,4,5.42,77,7
195,3,42.08,77,5
196,4,67.18,78,13
197,5,66.64,78,15
198,1,8.83,79,12
199,2,63.95,79,16
200,1,46.85,79,13
201,4,26.68,80,15
202,1,43.72,80,16
203,1,60.96,80,16
204,1,56.67,80,12
205,5,8.75,81,15
206,4,32.82,81,12
207,4,14.19,81,13
208,2,25.25,82,14
209,1,45.17,82,16
210,2,11.61,82,12
211,2,34.19,83,16
212,2,14.55,83,13
213,5,67.11,83,13
214,5,7.71,84,12
215,3,9.66,84,16
216,4,76.22,84,14
217,2,54.36,84,13
218,4,37.15,85,16
219,3,56.09,85,13
220,5,46.22,85,14
221,4,23.58,86,14
222,2,55.01,86,14
223,4,45.03,87,13
224,5,8.39,87,14
225,2,71.52,87,13
226,5,51.27,88,16
227,2,30.53,89,13
228,5,59.19,89,14
229,2,38.25,89,16
230,1,32.95,89,16
231,5,12.95,90,13
232,2,46.18,90,16
233,2,61.39,91,13
234,5,72.8,92,14
235,4,38.63,92,15
236,3,47.13,93,16
237,2,31.38,93,15
238,3,47.84,93,12
239,3,39.98,94,15
240,5,2.51,94,13
241,4,14.92,94,12
242,3,48.96,95,12
243,2,34.34,95,14
244,4,3.75,96,12
245,2,46.73,96,13
246,1,14.97,97,13
247,5,76.74,97,16
248,4,49.31,98,15
249,4,15.3,98,15
250,4,48.53,99,12
251,2,31.5,99,13
252,1,3.29,99,16
253,2,39.12,100,16
254,4,42.72,101,22
255,4,29.34,102,18
256,4,12.44,102,24
257,2,72.99,102,18
258,3,48.67,102,25
259,5,42.76,103,25
260,4,30.26,104,19
261,4,52.82,104,21
262,3,68.69,104,23
263,4,45.06,105,25
264,4,15.94,105,25
265,2,68.69,106,18
266,2,36.83,106,19
267,1,18.73,106,23
268,3,64.47,106,17
269,2,38.79,107,23
270,5,4.94,108,23
271,5,6.48,109,19
272,4,36.24,109,20
273,5,24.31,109,17
274,1,30.06,110,17
275,2,8.77,110,21
276,5,3.2,111,18
277,1,44.87,111,25
278,2,49.3,112,20
279,4,74.52,112,17
280,3,15.65,112,25
281,1,64.63,113,21
282,5,65.43,113,21
283,4,77.35,113,24
284,5,69.24,114,24
285,1,22.11,114,23
286,2,54.8,114,20
287,3,34.17,114,22
288,3,9.25,115,22
289,1,45.26,115,19
290,2,75.88,116,20
291,4,59.49,116,20
292,2,70.07,116,20
293,2,62.76,117,18
294,1,54.71,117,24
295,5,2.52,117,25
296,5,69.76,118,24
297,2,78.78,118,25
298,3,33.03,118,19
299,1,43.01,118,23
300,2,37.66,119,18
301,5,37.89,119,17
302,1,54.58,119,23
303,5,9.86,119,22
304,3,38.76,120,22
305,3,16.35,120,23
306,4,23.81,121,19
307,5,12.23,121,20
308,1,58.22,121,20
309,4,64.84,122,19
310,4,40.97,122,25
311,5,68.96,123,17
312,4,9.72,123,19
313,1,18.81,123,21
314,3,30.1,124,25
315,3,28.84,124,23
316,1,29.39,124,20
317,3,27.36,125,25
318,4,62.43,125,24
319,1,31.72,125,21
320,4,51.24,126,23
321,1,8.17,126,22
322,2,26.45,126,21
323,3,60.34,127,25
324,4,34.29,127,19
325,1,11.75,127,20
326,3,75.35,127,18
327,4,44.78,128,17
328,3,50.21,129,18
329,4,50.87,130,19
330,5,67.4,130,17
331,1,53.76,130,22
332,5,36.7,131,25
333,2,48.08,131,24
334,5,35.93,131,25
335,4,26.01,132,23
336,3,24.37,133,25
337,1,55.65,133,24
338,3,48.57,134,17
339,5,31.14,134,23
340,5,36.09,134,20
341,2,57.77,134,23
342,5,61.63,135,21
343,3,52.58,135,25
344,2,24.59,136,24
345,5,37.32,136,24
346,2,77.84,137,21
347,2,9.04,138,17
348,3,38.17,139,17
349,3,8.26,139,19
350,1,22.79,139,23
351,1,44.37,139,19
352,1,11.51,140,20
353,4,62.16,140,24
354,2,59.53,140,17
355,2,37.95,140,18
356,2,51.07,141,26
357,5,42.63,141,28
358,4,51.8,141,27
359,4,27.31,142,27
360,3,47.61,142,29
361,5,14.09,143,26
362,2,14.3,143,26
363,5,28.4,143,26
364,1,29.73,143,27
365,5,63.51,144,28
366,4,59.19,144,26
367,4,29.94,144,27
368,5,24.99,145,29
369,2,46.2,145,30
370,3,27.25,145,29
371,3,69.68,145,30
372,3,65.91,146,30
373,3,37.42,146,30
374,4,59.23,146,26
375,5,68.83,146,30
376,2,42.88,147,29
377,5,14.02,147,28
378,3,33.96,147,28
379,1,9.51,147,26
380,2,10.35,148,27
381,1,30.58,149,30
382,1,3.02,149,27
383,4,74.42,149,26
384,3,63.95,150,26
385,5,22.73,150,26
386,1,67.09,150,26
387,2,76.93,150,26
388,2,43.04,151,27
389,5,50.78,151,27
390,4,56.8,152,29
391,1,15.01,152,27
392,5,33.32,152,28
393,3,34.16,153,29
394,3,49.46,153,30
395,5,18.69,153,30
396,4,2.02,154,26
397,3,48.47,154,30
398,2,79.49,154,28
399,1,25.43,154,27
400,5,41.88,155,30
401,5,14.07,155,26
402,4,29.74,155,27
403,1,46.5,156,30
404,2,59.27,156,28
405,4,15.49,156,30
406,1,62.85,157,28
407,3,70.62,157,29
408,4,74.56,157,26
409,2,60.32,157,30
410,3,44.11,158,27
411,4,60.72,159,30
412,5,9.03,159,29
413,3,63.34,159,27
414,2,28.22,159,29
415,5,35.89,160,27
416,2,39.51,160,27
417,4,32.83,160,30
418,2,45.77,160,30
419,3,55.41,161,30
420,1,10.78,161,29
421,4,30.49,161,27
422,3,28.87,161,26
423,5,13.37,162,26
424,2,17.58,162,28
425,2,61.1,162,26
426,1,59.69,162,27
427,3,37.1,163,26
428,5,39.68,164,27
429,1,31.38,164,30
430,1,21.93,164,26
431,1,32.31,165,28
432,2,78.42,166,30
433,1,72.5,166,29
434,5,43.46,166,27
435,2,41.05,166,29
436,3,40.21,167,27
437,1,29.05,167,28
438,3,50.77,167,27
439,4,71.45,168,26
440,5,76.03,168,27
441,2,28.66,168,29
442,4,20.75,169,27
443,4,77.7,169,30
444,2,26.1,170,30
445,2,35.55,170,27
446,2,26.77,171,27
447,4,60.16,172,28
448,2,62.77,172,26
449,2,16.41,172,30
450,3,8.2,173,29
451,2,68.47,174,29
452,4,12.73,174,27
453,2,4.51,174,26
454,2,7.16,175,29
455,5,40.22,175,28
456,5,59.36,176,29
457,4,66.51,177,26
458,2,42.46,177,29
459,1,45.5,177,30
460,1,16.81,177,29
461,3,49.82,178,26
462,5,72.49,178,29
463,4,9.05,178,30
464,1,16.02,178,30
465,1,15.95,179,30
466,2,70.84,179,26
467,3,27.28,179,27
468,1,9.11,179,29
469,4,44.93,180,26
470,2,73.16,180,30
471,1,34.73,181,28
472,4,24.52,181,27
473,5,61.7,182,26
474,2,18.92,183,29
475,4,33.99,183,26
476,5,48.81,183,27
477,5,23.69,183,30
478,3,4.86,184,26
479,1,34.52,185,27
480,4,60.45,186,28
481,1,9.26,186,28
482,3,38.72,187,26
483,2,49.74,188,26
484,5,58.92,188,30
485,3,42.98,189,30
486,3,74.31,189,30
487,5,40.72,189,29
488,1,11.22,190,29
489,1,59.52,190,27
490,5,64.87,191,27
491,1,51.97,191,28
492,3,63.64,191,28
493,3,32.89,192,30
494,5,76.89,192,27
495,2,27.78,192,28
496,4,14.12,193,29
497,5,71.88,193,29
498,5,43.8,194,34
499,5,55.47,194,36
500,1,77.63,194,35
501,5,49.24,195,33
502,5,11.11,195,35
503,4,70.41,196,36
504,1,31.19,197,31
505,2,73.24,197,38
506,5,26.21,198,36
507,2,62.02,198,32
508,5,54.78,198,33
509,2,58.52,198,38
510,5,70.01,199,36
511,1,47.05,200,35
512,2,27.03,200,34
513,3,23.58,200,36
514,3,10.93,201,40
515,5,42.1,201,34
516,5,21.1,202,32
517,3,49.83,202,36
518,5,36.6,202,33
519,1,35.26,203,33
520,3,65.76,204,41
521,5,8.13,204,38
522,5,12.28,204,38
523,4,20.07,205,34
524,2,69.17,205,40
525,3,73.2,205,37
526,2,56.57,205,41
527,4,10.81,206,38
528,5,10.03,207,32
529,3,45.38,207,32
530,2,50.43,208,39
531,2,77.96,208,37
532,1,28.58,208,40
533,4,63.18,208,37
534,5,67.27,209,32
535,2,26.03,210,37
536,1,48.66,210,41
537,5,62.16,210,37
538,3,40.56,210,41
539,2,53.55,211,38
540,3,46.48,212,41
541,3,73.64,212,37
542,3,79.24,212,40
543,1,30.8,213,39
544,1,2.07,213,39
545,3,10.56,213,35
546,3,57.52,214,37
547,4,35.94,214,34
548,2,39.04,214,34
549,5,32.0,214,36
550,2,2.91,215,41
551,1,13.23,215,38
552,4,71.7,216,40
553,4,50.61,216,38
554,5,35.08,216,38
555,4,29.71,216,33
556,5,23.0,217,39
557,5,30.62,217,31
558,2,58.95,218,39
559,2,38.85,219,41
560,5,62.73,220,38
561,4,41.99,220,38
562,5,59.24,220,37
563,5,22.31,221,41
564,4,47.1,221,40
565,1,53.19,221,35
566,2,41.44,222,35
567,5,15.62,223,46
568,2,39.82,224,46
569,1,28.74,224,42
570,2,48.45,224,43
571,2,18.45,225,47
572,3,6.24,225,44
573,1,6.1,225,45
574,4,39.15,225,45
575,4,22.48,226,46
576,4,2.93,226,45
577,4,54.92,226,46
578,1,9.59,226,46
579,1,21.92,227,46
580,4,37.97,227,47
581,2,59.28,227,46
582,3,44.71,228,47
583,1,66.87,228,42
584,2,58.57,229,44
585,2,4.66,229,46
586,1,6.44,229,46
587,1,68.8,230,43
588,3,24.98,231,47
589,1,51.82,231,44
590,3,62.61,232,45
591,2,36.36,233,45
592,2,49.6,233,43
593,4,10.46,233,46
594,1,4.72,234,42
595,5,58.75,234,45
596,1,71.93,234,43
597,2,56.6,235,45
598,5,2.29,235,47
599,4,39.29,235,45
600,1,46.25,236,44
601,3,55.18,236,45
602,1,51.32,236,47
603,1,30.5,236,44
604,2,15.78,237,42
605,4,53.54,237,44
606,4,71.92,237,47
607,2,12.92,238,43
608,1,58.14,238,46
609,2,40.16,238,42
610,5,52.19,238,45
611,3,63.45,239,42
612,5,20.17,240,42
613,1,59.37,240,45
614,1,15.44,241,42
615,3,66.02,241,42
616,1,40.78,242,46
617,3,11.42,243,47
618,5,44.58,243,44
619,2,61.61,243,46
620,2,28.17,243,42
621,5,14.87,244,43
622,5,5.17,244,42
623,5,31.34,244,43
624,2,74.24,245,47
625,2,18.08,246,47
626,3,42.8,246,45
627,2,75.17,246,46
628,1,48.51,246,47
629,5,20.38,247,42
630,4,62.09,248,47
631,2,23.56,248,43
632,1,52.3,249,52
633,1,10.14,250,48
634,5,15.72,250,48
635,4,42.16,250,49
636,2,58.27,250,53
637,3,19.77,251,51
638,1,38.74,252,55
639,1,71.46,252,50
640,3,12.64,253,51
641,3,78.09,253,51
642,3,11.92,253,48
643,3,12.65,253,55
644,5,14.23,254,50
645,5,77.67,254,51
646,1,34.11,254,56
647,3,3.13,255,54
648,2,21.33,255,54
649,5,19.35,255,50
650,5,72.06,255,54
651,4,43.43,256,55
652,1,45.56,257,48
653,4,76.09,257,50
654,2,56.86,258,48
655,4,38.17,258,50
656,4,16.43,258,53
657,4,71.69,259,53
658,1,50.4,260,53
659,1,42.15,260,53
660,3,30.58,261,56
661,2,44.09,262,55
662,5,69.95,262,51
663,2,27.0,262,52
664,3,37.29,263,56
665,5,66.71,263,55
666,5,54.91,263,56
667,2,71.57,264,55
668,1,10.53,265,52
669,1,56.37,265,55
670,2,70.25,265,56
671,4,29.04,266,55
672,1,24.74,266,49
673,4,47.14,267,53
674,4,48.28,267,56
675,5,36.73,267,52
676,2,39.77,268,52
677,1,13.57,268,52
678,4,76.58,268,50
679,2,20.56,269,48
680,3,46.81,269,55
681,3,78.29,270,50
682,1,33.56,271,55
683,1,77.67,272,56
684,5,27.84,272,52
685,3,55.75,273,55
686,1,12.88,273,56
687,1,26.03,273,54
688,5,67.59,273,55
689,5,43.06,274,52
690,2,3.76,274,56
691,2,40.26,275,56
692,1,72.86,275,53
693,4,13.54,275,54
694,3,32.12,275,48
695,5,8.83,276,55
696,4,64.69,276,52
697,2,64.84,276,54
698,4,12.89,276,49
699,1,74.79,277,54
700,1,2.52,277,52
701,4,15.64,277,55
702,3,45.2,278,48
703,3,67.1,278,52
704,4,45.62,278,55
705,2,4.09,278,48
706,1,53.0,279,52
707,4,15.99,279,51
708,1,11.31,279,52
709,4,79.56,279,49
710,3,50.98,280,55
711,1,31.11,280,48
712,3,14.7,280,48
713,2,26.94,280,50
714,1,24.61,281,56
715,1,42.08,281,50
716,1,48.7,281,50
717,3,55.46,282,53
718,1,43.68,282,53
719,2,3.01,282,56
720,1,18.99,283,56
721,2,66.86,283,56
722,4,37.92,284,49
723,3,26.3,285,53
724,2,65.73,285,56
725,3,15.43,285,52
726,1,60.07,285,49
727,2,18.37,286,49
728,4,55.88,286,49
729,1,3.47,286,55
730,4,11.28,287,52
731,1,73.77,288,51
732,1,13.35,289,52
733,5,46.48,290,57
734,5,61.53,290,58
735,1,74.09,291,60
736,2,67.11,292,60
737,1,38.34,293,58
738,4,61.46,293,59
739,5,58.33,293,57
740,4,19.62,294,60
741,3,78.83,294,60
742,2,68.83,294,60
743,1,32.92,295,57
744,1,13.18,295,60
745,5,78.25,295,58
746,1,30.37,295,58
747,4,23.72,296,59
748,4,29.78,296,60
749,4,41.89,296,58
750,4,10.43,296,59
751,1,59.55,297,57
752,2,25.61,298,57
753,1,53.56,298,60
754,4,17.75,298,60
755,1,79.28,299,57
756,1,15.8,300,59
757,4,40.02,301,57
758,5,54.65,301,60
759,4,45.86,301,58
760,5,54.77,302,59
761,3,6.79,302,57
762,2,67.28,302,59
763,5,4.1,302,59
764,3,6.4,303,58
765,2,20.3,303,59
766,5,8.63,303,57
767,3,10.93,303,58
768,5,42.15,304,60
769,3,3.59,304,60
770,5,3.73,304,59
771,4,46.49,304,59
772,3,40.75,305,59
773,2,49.96,305,59
774,5,18.7,306,59
775,5,59.95,307,57
776,5,9.39,307,59
777,4,18.36,308,57
778,3,41.36,308,59
779,4,53.75,308,59
780,2,34.32,308,59
781,1,50.97,309,58
782,5,40.94,309,60
783,5,58.68,310,57
784,5,17.65,310,60
785,2,20.75,310,59
786,4,34.0,310,57
787,2,22.0,311,58
788,4,20.6,311,58
789,2,4.16,311,59
790,2,14.43,312,58
791,1,77.18,313,60
792,1,6.32,313,57
793,3,54.39,314,57
794,4,75.57,314,58
795,2,10.73,314,57
796,5,53.81,314,59
797,3,66.92,315,60
798,2,74.97,315,58
799,2,10.33,315,58
800,4,43.61,316,57
801,2,30.31,317,59
802,3,3.64,317,57
803,1,55.87,317,58
804,1,43.72,318,58
805,4,32.3,318,60
806,3,25.47,318,58
807,4,63.57,319,59
808,1,66.21,319,60
809,4,59.48,319,59
810,5,7.18,320,60
811,5,58.88,320,59
812,4,56.23,320,57
813,1,33.25,321,59
814,3,46.91,321,57
815,5,55.49,322,59
816,4,39.31,322,58
817,3,17.5,323,60
818,3,16.19,323,60
819,5,19.51,323,57
820,4,17.46,324,58
821,2,8.95,325,59
822,2,75.88,325,57
823,1,58.05,325,60
824,1,19.51,326,58
825,2,75.79,326,59
826,3,60.22,326,60
827,2,35.64,326,58
828,4,16.07,327,58
829,1,24.64,327,59
830,5,55.37,328,60
831,1,2.8,328,58
832,3,78.0,328,60
833,1,9.43,329,57
834,1,27.96,329,58
835,4,72.84,329,57
836,4,54.36,330,58
837,5,5.21,330,58
838,3,15.25,330,60
839,5,35.77,331,59
840,1,26.44,331,58
841,4,69.99,331,59
842,5,26.41,332,63
843,3,59.48,332,68
844,2,45.34,332,68
845,1,38.68,333,63
846,4,36.04,333,68
847,4,40.45,334,63
848,1,29.27,334,64
849,3,16.09,334,63
850,5,66.16,334,64
851,2,61.92,335,62
852,4,31.14,336,62
853,4,51.01,337,65
854,5,53.32,337,66
855,1,53.18,337,68
856,3,75.9,337,63
857,3,64.26,338,62
858,5,76.25,338,67
859,1,33.11,338,63
860,2,32.3,339,67
861,3,52.48,339,63
862,5,12.24,340,62
863,3,41.99,340,68
864,4,71.06,340,68
865,3,49.88,341,67
866,4,9.25,341,69
867,3,77.92,341,64
868,2,74.59,341,69
869,1,72.76,342,68
870,3,13.59,342,63
871,3,67.64,342,69
872,4,25.05,342,61
873,1,38.24,343,65
874,3,21.88,343,62
875,5,3.27,343,68
876,2,63.32,343,67
877,3,47.8,344,68
878,4,50.66,344,65
879,3,77.4,344,63
880,1,35.84,345,61
881,1,32.8,345,61
882,2,53.15,345,68
883,4,64.76,346,62
884,2,12.54,346,64
885,1,65.65,346,64
886,4,67.68,347,69
887,2,8.72,347,68
888,2,59.62,348,68
889,4,38.78,348,68
890,1,28.04,349,62
891,4,78.4,349,68
892,5,48.48,349,69
893,3,4.89,349,67
894,5,3.48,350,66
895,4,50.57,351,66
896,4,28.82,352,64
897,5,19.14,352,66
898,4,76.86,353,66
899,4,64.38,353,63
900,5,18.16,353,62
901,1,63.89,354,68
902,3,20.31,354,69
903,1,79.94,354,66
904,3,29.85,354,63
905,4,10.89,355,64
906,1,45.83,355,68
907,3,79.51,355,66
908,1,74.28,356,68
909,5,5.27,357,62
910,4,61.43,358,77
911,1,14.04,358,75
912,3,65.89,358,71
913,2,67.12,359,77
914,4,30.13,360,80
915,2,13.83,360,78
916,4,63.4,360,72
917,1,36.52,361,70
918,5,75.6,361,71
919,3,26.55,361,72
920,5,6.51,362,80
921,5,77.87,362,76
922,3,2.62,363,74
923,5,49.61,363,72
924,4,36.8,363,73
925,4,62.48,364,74
926,1,4.88,364,75
927,4,58.56,364,72
928,5,28.58,365,80
929,2,3.83,365,78
930,5,22.18,365,74
931,3,50.91,366,75
932,1,5.72,366,80
933,1,37.0,366,79
934,3,25.34,367,80
935,5,54.45,367,76
936,3,37.44,368,72
937,4,66.62,368,71
938,2,36.8,369,75
939,5,33.41,369,78
940,5,62.75,369,74
941,5,40.91,369,76
942,2,13.26,370,72
943,4,57.47,370,72
944,5,69.34,370,71
945,2,37.52,370,70
946,5,68.48,371,71
947,1,30.97,372,75
948,3,24.93,372,70
949,3,18.82,373,77
950,1,11.54,373,75
951,1,69.89,373,76
952,4,39.07,374,79
953,2,61.43,374,78
954,4,61.41,374,80
955,4,20.16,375,76
956,3,44.2,375,80
957,4,59.4,375,80
958,1,69.54,375,70
959,5,8.64,376,79
960,4,41.21,377,70
961,1,53.34,377,78
962,2,66.72,378,79
963,4,8.6,378,78
964,3,36.09,379,76
965,1,10.94,380,71
966,5,15.12,380,72
967,2,21.93,380,71
968,5,76.97,381,72
969,3,13.11,382,75
970,5,47.71,383,77
971,5,60.69,383,76
972,1,39.77,384,76
973,2,73.27,384,70
974,3,45.22,384,79
975,1,21.21,384,78
976,1,68.01,385,78
977,2,63.06,385,72
978,3,44.15,385,72
979,2,43.93,385,76
980,5,24.56,386,72
981,1,6.69,386,77
982,3,48.63,386,80
983,4,79.94,386,80
984,5,45.92,387,74
985,1,32.83,387,71
986,2,49.61,388,75
987,3,51.54,388,77
988,3,21.18,388,75
989,3,18.43,388,79
990,5,39.17,389,70
991,4,43.97,390,80
992,1,44.01,390,80
993,4,54.44,390,75
994,4,66.54,390,75
995,4,2.73,391,83
996,1,61.16,391,83
997,2,20.27,392,82
998,3,4.87,392,82
999,5,18.31,392,81
1000,5,41.03,393,81
1001,5,17.11,393,83
1002,5,54.43,393,83
1003,3,74.82,394,81
1004,5,58.85,394,82
1005,5,70.88,395,81
1006,4,52.0,395,83
1007,1,68.6,395,82
1008,4,30.19,396,81
1009,2,5.66,396,82
1010,5,37.01,396,81
1011,4,17.18,396,81
1012,1,73.53,397,81
1013,2,27.68,397,81
1014,1,4.17,397,82
1015,1,48.22,397,83
1016,3,66.94,398,82
1017,5,63.94,398,81
1018,5,11.74,399,81
1019,1,31.44,399,83
1020,1,63.05,399,81
1021,4,6.27,399,83
1022,3,68.29,400,82
1023,4,31.95,401,82
1024,4,42.34,402,83
1025,5,63.57,403,81
1026,5,36.68,404,81
1027,2,64.17,404,81
1028,2,26.31,404,82
1029,5,76.86,404,82
1030,5,28.75,405,82
1031,1,42.38,405,83
1032,2,6.47,405,83
1033,2,51.96,406,81
1034,1,28.64,406,83
1035,5,25.37,407,82
1036,2,10.18,407,81
1037,4,19.11,407,81
1038,4,59.3,408,82
1039,4,18.01,408,81
1040,1,45.27,409,81
1041,3,36.35,409,83
1042,5,73.19,409,82
1043,2,19.08,410,82
1044,2,28.51,410,83
1045,2,15.93,410,81
1046,2,31.56,411,81
1047,3,53.55,412,83
1048,5,70.77,412,83
1049,1,11.24,412,81
1050,5,35.5,413,83
1051,2,73.84,413,83
1052,5,16.75,413,83
1053,3,70.08,414,83
1054,5,7.06,415,83
1055,4,60.6,415,83
1056,5,31.19,415,83
1057,4,15.96,415,83
1058,5,52.68,416,81
1059,2,71.8,416,82
1060,2,32.88,416,82
1061,4,71.32,416,83
1062,2,60.63,417,82
1063,5,50.45,418,82
1064,4,38.47,418,82
1065,3,64.75,418,82
1066,3,31.82,418,81
1067,3,67.72,419,83
1068,1,7.57,420,81
1069,3,60.13,421,83
1070,3,16.87,421,83
1071,2,79.88,421,83
1072,3,63.08,422,82
1073,4,66.11,422,83
1074,1,38.82,422,83
1075,4,20.23,423,83
1076,5,61.09,423,83
1077,4,62.07,424,83
1078,4,18.35,424,82
1079,3,75.58,425,81
1080,4,65.21,425,82
1081,5,25.37,426,83
1082,1,46.27,426,81
1083,2,13.99,426,82
1084,5,51.13,426,83
1085,4,6.97,427,82
1086,2,39.03,427,82
1087,5,15.86,428,83
1088,3,18.06,429,82
1089,5,7.46,429,81
1090,3,42.45,429,81
1091,3,69.06,429,82
1092,4,76.5,430,85
1093,2,49.09,431,86
1094,5,17.83,431,87
1095,3,17.73,431,85
1096,4,6.99,431,87
1097,4,38.09,432,84
1098,1,24.46,432,87
1099,3,56.62,432,86
1100,4,49.82,432,85
1101,5,9.45,433,84
1102,2,71.07,433,85
1103,2,72.88,434,87
1104,5,61.79,435,86
1105,4,4.08,436,87
1106,3,10.95,437,85
1107,5,53.25,438,87
1108,1,49.35,439,85
1109,3,11.68,439,87
1110,4,29.93,440,85
1111,1,71.63,440,88
1112,4,55.85,441,87
1113,2,74.45,442,86
1114,2,17.6,442,84
1115,4,4.18,442,84
1116,3,66.0,442,84
1117,2,5.43,443,88
1118,1,65.62,443,86
1119,4,11.42,444,85
1120,1,29.81,444,85
1121,1,33.37,444,86
1122,1,32.36,444,87
1123,1,7.25,445,85
1124,4,25.52,445,88
1125,4,78.68,445,84
1126,4,54.88,446,85
1127,3,15.68,446,86
1128,4,7.27,446,84
1129,5,47.82,447,84
1130,2,3.65,447,84
1131,2,31.21,448,86
1132,2,74.03,449,88
1133,1,42.63,450,87
1134,3,60.54,450,85
1135,3,28.73,450,85
1136,5,27.09,451,87
1137,1,7.04,451,87
1138,1,76.39,451,84
1139,2,75.19,451,85
1140,4,58.55,452,86
1141,5,21.42,453,86
1142,5,36.97,453,85
1143,4,31.46,454,87
1144,4,34.97,454,88
1145,4,61.31,454,87
1146,3,48.42,455,85
1147,4,24.09,456,88
1148,5,39.51,456,86
1149,2,57.76,456,85
1150,4,33.56,457,87
1151,4,77.7,457,86
1152,4,40.18,457,88
1153,4,74.71,458,85
1154,5,57.31,459,86
1155,1,52.77,459,87
1156,2,20.9,459,84
1157,3,49.22,460,85
1158,3,21.3,460,88
1159,4,33.02,461,88
1160,4,21.72,462,86
1161,5,77.48,462,87
1162,2,22.98,463,85
1163,4,56.52,463,84
1164,2,65.68,463,84
1165,4,15.31,464,86
1166,2,56.92,464,85
1167,4,16.19,464,84
1168,2,22.23,465,87
1169,4,50.89,465,88
1170,3,7.01,466,89
1171,1,6.76,467,89
1172,4,49.03,468,93
1173,3,55.19,469,94
1174,3,65.71,469,94
1175,4,31.52,469,89
1176,4,69.9,470,95
1177,5,23.8,471,92
1178,1,78.92,472,94
1179,1,51.43,472,89
1180,5,39.79,473,98
1181,1,29.17,473,96
1182,5,17.22,474,91
1183,5,70.35,474,97
1184,1,11.97,474,90
1185,2,71.92,475,90
1186,4,53.69,475,92
1187,2,18.51,475,99
1188,1,10.23,475,89
1189,2,58.1,476,99
1190,4,76.22,476,99
1191,1,53.91,476,97
1192,2,74.68,477,98
1193,1,52.23,477,95
1194,4,53.01,477,97
1195,3,8.84,478,90
1196,5,30.68,479,94
1197,4,78.43,480,94
1198,3,64.21,480,91
1199,1,43.99,481,96
1200,3,13.29,481,93
1201,2,40.99,481,96
1202,2,48.91,481,91
1203,5,79.25,482,90
1204,3,79.75,482,98
1205,4,51.22,482,92
1206,2,66.58,483,92
1207,2,56.63,483,89
1208,2,68.83,483,95
1209,3,34.95,484,96
1210,3,61.1,484,95
1211,1,43.17,484,93
1212,3,56.32,484,92
1213,5,69.54,485,89
1214,3,37.69,485,91
1215,5,12.73,485,96
1216,1,30.25,486,98
1217,1,54.91,486,91
1218,3,77.98,487,91
1219,2,50.9,488,95
1220,2,4.65,488,92
1221,4,40.11,488,98
1222,2,52.92,488,95
1223,3,51.32,489,96
1224,3,2.9,489,90
1225,1,11.52,489,99
1226,5,19.54,489,98
1227,5,16.13,490,96
1228,1,27.37,491,97
1229,2,33.62,491,89
1230,1,42.47,492,98
1231,5,57.67,492,99
1232,1,60.77,492,92
1233,1,16.09,492,98
1234,1,5.05,493,98
1235,2,52.91,493,90
1236,5,22.03,493,89
1237,4,78.21,494,110
1238,1,21.37,494,100
1239,3,42.77,495,105
1240,5,43.98,495,103
1241,1,53.68,495,100
1242,2,4.87,495,102
1243,5,30.01,496,102
1244,5,34.92,496,108
1245,4,37.57,497,104
1246,4,75.34,497,102
1247,3,45.96,498,110
1248,5,49.19,498,106
1249,1,23.07,499,108
1250,1,55.35,499,106
1251,3,13.41,500,103
1252,3,2.77,500,106
1253,2,31.53,500,101
1254,5,66.06,501,107
1255,1,43.26,501,111
1256,5,69.5,501,108
1257,3,75.83,502,106
1258,2,28.92,502,111
1259,1,55.56,503,111
1260,2,53.29,503,102
1261,4,46.27,503,104
1262,5,34.62,504,107
1263,2,36.24,504,105
1264,5,75.45,505,103
1265,3,51.58,505,101
1266,3,33.71,505,105
1267,1,51.5,505,101
1268,3,45.22,506,107
1269,4,40.83,507,110
1270,5,56.43,507,106
1271,4,56.8,508,111
1272,2,7.86,509,102
1273,5,29.56,509,100
1274,3,73.3,510,103
1275,3,18.62,511,111
1276,5,32.7,511,104
1277,5,66.41,511,100
1278,3,25.27,512,101
1279,1,29.28,512,111
1280,2,33.36,512,100
1281,1,35.6,512,103
1282,1,14.14,513,110
1283,3,19.64,513,106
1284,3,25.34,513,106
1285,2,43.84,513,104
1286,2,12.91,514,111
1287,4,2.45,514,111
1288,2,10.63,514,104
1289,1,12.43,514,106
1290,3,11.27,515,107
1291,5,40.65,515,110
1292,2,27.34,515,106
1293,5,58.63,515,111
1294,1,11.84,516,105
1295,4,78.16,517,111
1296,1,35.88,517,104
1297,3,39.9,517,106
1298,2,23.93,518,101
1299,3,79.55,518,103
1300,5,49.67,519,103
1301,1,23.36,520,103
1302,2,35.25,520,109
1303,2,9.09,520,100
1304,4,33.77,520,104
1305,1,41.77,521,110
1306,1,25.73,521,104
1307,3,23.88,521,105
1308,4,21.26,521,100
1309,2,24.25,522,104
1310,5,9.86,522,102
1311,3,75.97,522,105
1312,3,30.12,523,114
1313,5,43.25,523,114
1314,1,71.2,524,113
1315,5,11.39,524,116
1316,2,17.05,524,115
1317,1,7.84,524,116
1318,5,58.22,525,112
1319,2,16.95,525,116
1320,4,7.28,526,115
1321,2,24.59,527,116
1322,1,63.96,527,113
1323,4,40.61,527,116
1324,5,62.79,528,115
1325,5,23.18,528,113
1326,1,14.48,528,113
1327,5,56.34,528,116
1328,3,57.24,529,116
1329,1,15.35,529,112
1330,2,23.09,530,112
1331,2,79.18,530,113
1332,5,11.06,530,114
1333,2,33.85,531,116
1334,3,27.32,531,112
1335,1,66.27,531,113
1336,5,53.27,532,116
1337,5,44.97,533,115
1338,2,27.29,533,113
1339,5,51.12,533,115
1340,3,13.57,534,115
1341,1,40.68,534,115
1342,2,65.62,534,113
1343,2,46.43,534,113
1344,4,55.61,535,113
1345,1,13.19,535,115
1346,5,12.71,536,112
1347,1,12.31,537,112
1348,1,44.3,538,114
1349,2,25.98,539,115
1350,2,21.02,539,116
1351,3,50.94,539,112
1352,1,66.34,539,112
1353,2,2.09,540,113
1354,1,19.68,540,115
1355,2,29.56,540,114
1356,2,73.89,540,115
1357,2,9.94,541,114
1358,1,49.15,542,113
1359,2,71.66,543,114
1360,5,65.77,543,114
1361,1,23.15,543,115
1362,3,74.76,543,112
1363,2,32.47,544,115
1364,1,10.83,544,115
1365,3,13.28,544,114
1366,4,35.06,545,115
1367,5,63.89,545,114
1368,2,64.57,545,113
1369,4,8.52,546,115
1370,5,47.07,546,113
1371,3,45.55,547,113
1372,3,37.91,548,116
1373,4,20.91,548,113
1374,4,59.18,549,115
1375,3,6.22,549,112
1376,1,13.46,550,113
1377,1,21.11,550,112
1378,2,60.35,551,114
1379,4,34.1,551,114
1380,4,62.95,551,112
1381,3,10.68,551,112
1382,1,32.92,552,115
1383,4,45.22,552,114
1384,2,23.2,553,112
1385,5,31.45,553,113
1386,2,33.23,553,112
1387,2,32.6,553,116
1388,3,52.91,554,115
1389,4,14.86,554,114
1390,4,17.19,554,112
1391,1,8.07,554,116
1392,5,10.3,555,113
1393,5,2.86,555,114
1394,2,23.0,556,116
1395,3,2.66,557,114
1396,3,77.96,558,112
1397,3,33.77,558,116
1398,1,41.17,558,113
1399,1,47.8,558,115
1400,1,71.05,559,112
1401,2,70.98,559,113
1402,2,79.49,559,116
1403,5,79.4,559,116
1404,3,30.1,560,115
1405,1,71.47,560,115
1406,2,18.29,560,116
1407,1,64.77,561,113
1408,3,44.68,561,112
1409,4,9.34,561,114
1410,2,74.86,561,113
1411,1,15.98,562,115
1412,2,75.31,563,116
1413,4,5.09,563,114
1414,4,33.9,563,116
1415,2,36.38,563,116
1416,5,37.11,564,112
1417,5,78.24,564,112
1418,2,56.58,564,116
1419,1,14.06,564,112
1420,2,32.28,565,115
1421,1,8.69,566,112
1422,4,61.92,566,113
1423,4,27.64,566,114
1424,3,79.72,566,115
1425,4,4.99,567,113
1426,4,13.35,567,113
1427,3,46.32,567,116
1428,4,18.65,568,113
1429,1,76.31,568,115
1430,3,21.66,568,113
1431,1,13.06,568,114
1432,5,18.7,569,114
1433,2,66.78,569,112
1434,4,28.68,569,114
1435,2,17.49,569,115
1436,3,73.18,570,116
1437,4,66.2,570,116
1438,5,17.49,570,116
1439,5,13.28,570,114
1440,3,10.86,571,115
1441,3,42.61,571,112
1442,4,75.58,571,113
1443,4,51.84,571,116
1444,4,56.32,572,113
1445,5,31.45,572,114
1446,3,65.47,573,112
1447,4,52.62,574,115
1448,5,77.98,575,114
1449,1,74.26,575,115
1450,4,31.1,575,116
1451,5,14.69,575,115
1452,1,64.86,576,118
1453,1,40.72,577,126
1454,5,9.78,577,124
1455,5,47.34,577,117
1456,3,68.43,577,120
1457,2,68.79,578,118
1458,1,75.29,579,120
1459,5,24.12,579,127
1460,3,25.98,579,123
1461,2,2.32,579,123
1462,5,65.96,580,126
1463,3,28.14,580,126
1464,4,20.86,580,123
1465,2,75.27,581,123
1466,2,33.44,581,122
1467,5,14.36,581,120
1468,1,57.38,581,119
1469,5,14.41,582,122
1470,2,9.27,582,117
1471,4,2.9,582,126
1472,2,78.71,583,127
1473,3,17.12,584,120
1474,4,62.09,584,127
1475,5,69.62,585,118
1476,3,71.78,586,118
1477,1,40.55,586,122
1478,2,32.48,586,124
1479,2,55.61,587,123
1480,3,2.79,588,119
1481,5,51.23,588,117
1482,5,48.8,589,117
1483,2,42.7,589,121
1484,1,17.04,589,117
1485,5,3.8,589,125
1486,1,27.55,590,120
1487,1,58.76,590,119
1488,3,57.23,591,127
1489,2,21.51,592,120
1490,3,77.03,592,118
1491,5,63.87,592,126
1492,3,14.92,592,120
1493,5,60.27,593,122
1494,5,10.39,593,123
1495,4,17.58,593,122
1496,3,72.04,593,118
1497,5,66.48,594,127
1498,5,29.48,594,117
1499,1,16.03,594,122
1500,3,31.01,595,122
1501,1,2.75,595,128
1502,2,45.81,596,123
1503,3,48.94,596,125
1504,2,10.03,596,121
1505,3,65.44,597,120
1506,2,5.87,597,124
1507,4,5.65,597,121
1508,4,11.3,597,124
1509,5,3.66,598,117
1510,5,79.06,598,124
1511,3,52.29,599,118
1512,4,8.22,600,122
1513,4,49.76,600,123
1514,3,56.32,600,124
1515,1,19.47,601,117
1516,2,15.27,602,120
1517,3,65.66,602,125
1518,1,74.86,602,117
1519,3,70.9,602,117
1520,5,63.75,603,123
1521,3,56.5,603,119
1522,5,37.93,603,119
1523,5,43.15,604,126
1524,2,9.16,605,121
1525,1,29.53,605,120
1526,2,56.21,605,118
1527,4,6.7,605,117
1528,3,18.28,606,126
1529,4,53.11,607,125
1530,1,73.3,607,120
1531,3,32.07,607,124
1532,1,23.67,608,119
1533,3,76.22,608,126
1534,2,3.29,609,124
1535,3,22.72,610,125
1536,1,29.65,610,120
1537,2,32.96,610,123
1538,5,28.03,610,124
1539,4,17.13,611,120
1540,4,15.78,611,121
1541,5,49.38,611,125
1542,4,10.52,611,117
1543,5,22.76,612,118
1544,4,32.65,613,120
1545,3,40.62,613,119
1546,2,29.12,613,121
1547,5,24.46,613,117
1548,2,26.58,614,118
1549,2,16.61,614,124
1550,3,3.62,615,121
1551,1,15.32,615,117
1552,5,29.47,615,124
1553,5,2.08,615,120
1554,2,42.97,616,119
1555,2,62.47,616,118
1556,3,64.7,616,122
1557,3,37.78,617,122
1558,3,57.39,617,125
1559,5,39.78,617,121
1560,2,53.43,618,119
1561,3,40.83,618,120
1562,5,59.8,618,123
1563,3,18.09,618,118
1564,5,72.14,619,124
1565,5,15.65,619,127
1566,3,71.26,619,123
1567,5,11.59,620,124
1568,5,77.52,620,122
1569,3,10.59,620,117
1570,5,45.53,621,119
1571,3,39.97,621,118
1572,3,3.22,621,117
1573,1,35.57,622,127
1574,1,5.89,622,119
1575,3,70.54,622,125
1576,2,79.68,623,120
1577,4,47.65,623,118
1578,3,19.07,623,124
1579,3,73.78,624,126
1580,5,12.86,625,120
1581,3,12.58,625,125
1582,2,25.48,625,118
1583,4,9.49,626,125
1584,4,56.14,626,125
1585,3,38.53,626,123
1586,4,34.8,626,123
1587,1,60.96,627,126
1588,3,63.36,627,126
1589,5,31.1,627,126
1590,5,72.19,627,121
1591,4,64.98,628,125
1592,3,48.36,629,121
1593,2,42.27,630,133
1594,3,51.0,631,134
1595,1,64.84,631,133
1596,5,9.56,632,130
1597,4,6.34,633,129
1598,3,33.56,633,130
1599,2,67.65,633,133
1600,3,66.09,633,134
1601,2,13.05,634,134
1602,3,54.07,635,133
1603,4,30.65,635,131
1604,4,32.09,635,135
1605,1,24.11,636,129
1606,5,32.38,636,133
1607,2,38.5,637,134
1608,4,23.6,637,130
1609,3,41.05,637,135
1610,2,29.45,638,134
1611,5,28.46,638,134
1612,4,7.32,639,135
1613,4,31.37,639,132
1614,5,53.4,639,133
1615,5,76.51,640,131
1616,5,50.16,640,132
1617,1,5.5,640,135
1618,4,27.25,641,130
1619,2,10.22,641,130
1620,4,60.95,641,132
1621,1,6.83,641,131
1622,5,51.24,642,129
1623,2,27.05,642,134
1624,4,31.46,642,134
1625,3,19.59,643,134
1626,2,35.86,643,133
1627,2,8.71,643,129
1628,1,17.88,643,135
1629,5,44.63,644,129
1630,3,16.45,644,134
1631,5,40.7,644,135
1632,2,46.49,644,132
1633,4,50.79,645,135
1634,1,46.39,645,130
1635,5,25.26,645,129
1636,4,19.98,645,133
1637,3,32.45,646,131
1638,1,70.05,646,130
1639,3,7.83,646,133
1640,5,56.41,647,129
1641,3,17.64,648,135
1642,1,12.86,648,133
1643,3,74.09,648,134
1644,1,20.38,648,129
1645,4,48.66,649,133
1646,1,10.12,650,132
1647,5,19.57,650,131
1648,4,39.25,650,135
1649,2,43.67,651,135
1650,2,35.52,652,132
1651,5,12.75,652,132
1652,1,71.98,652,131
1653,3,17.1,652,132
1654,2,34.22,653,135
1655,2,65.38,654,129
1656,3,29.27,655,134
1657,1,53.21,656,129
1658,3,75.19,656,130
1659,4,57.01,656,135
1660,3,72.02,656,135
1661,2,43.09,657,131
1662,3,56.43,657,133
1663,1,6.21,657,132
1664,2,67.63,658,133
1665,2,25.79,658,133
1666,1,78.28,659,134
1667,4,52.69,659,132
1668,3,47.88,660,131
1669,1,6.66,660,135
1670,5,31.95,660,129
1671,4,16.39,661,132
1672,5,6.08,661,131
1673,3,65.2,662,133
1674,2,61.07,662,131
1675,5,35.86,662,132
1676,5,38.15,663,133
1677,5,61.98,663,131
1678,2,76.9,663,132
1679,3,8.67,664,130
1680,5,25.07,664,133
1681,4,5.01,664,131
1682,3,68.11,665,132
1683,4,3.35,665,129
1684,4,4.89,665,131
1685,3,71.97,666,133
1686,3,69.79,667,130
1687,2,51.17,667,130
1688,5,53.17,667,130
1689,5,26.75,668,133
1690,2,6.74,668,134
1691,3,78.07,668,129
1692,3,44.15,668,129
1693,1,41.86,669,130
1694,2,27.41,669,131
1695,4,7.57,669,132
1696,3,13.16,669,131
1697,4,75.51,670,131
1698,5,4.43,670,131
1699,1,24.69,670,130
1700,5,57.83,671,134
1701,5,63.11,671,134
1702,3,75.32,671,132
1703,1,76.77,672,130
1704,5,64.26,673,133
1705,5,24.86,674,130
1706,3,20.96,674,135
1707,2,36.71,675,132
1708,5,19.97,676,135
1709,4,19.92,676,135
1710,2,74.21,676,130
1711,4,54.58,676,134
1712,3,11.2,677,132
1713,4,41.39,677,130
1714,5,40.55,677,135
1715,2,11.42,678,131
1716,4,3.87,679,130
1717,2,33.38,680,133
1718,2,57.53,680,129
1719,3,72.0,680,131
1720,1,59.62,681,131
1721,3,61.1,682,134
1722,2,59.21,682,134
1723,5,73.47,682,133
1724,1,13.88,682,129
1725,2,41.68,683,133
1726,3,75.69,683,129
1727,2,25.19,683,131
1728,1,46.0,683,133
1729,2,76.37,684,129
1730,2,35.58,684,131
1731,5,70.61,684,131
1732,3,39.96,685,130
1733,2,24.5,685,131
1734,5,60.77,685,130
1735,1,48.67,686,129
1736,5,43.96,686,130
1737,4,42.63,687,142
1738,4,25.01,687,136
1739,1,36.66,687,139
1740,4,22.52,687,142
1741,3,64.68,688,141
1742,3,37.37,689,141
1743,5,54.42,689,136
1744,3,71.6,689,136
1745,1,21.18,690,140
1746,4,13.81,691,142
1747,2,59.22,691,138
1748,2,17.49,691,136
1749,4,45.5,692,137
1750,5,20.31,693,138
1751,4,43.38,693,137
1752,3,67.57,693,138
1753,4,40.24,693,141
1754,1,77.11,694,142
1755,3,34.73,694,139
1756,3,53.53,695,138
1757,4,56.98,695,142
1758,4,67.53,695,142
1759,4,48.88,695,141
1760,4,6.74,696,142
1761,3,22.41,696,138
1762,1,22.93,697,141
1763,2,28.51,697,142
1764,1,26.06,697,139
1765,5,49.64,698,137
1766,3,73.15,699,142
1767,5,17.48,700,137
1768,5,32.85,700,141
1769,2,24.63,700,137
1770,1,4.81,701,136
1771,5,10.0,701,139
1772,2,51.26,702,141
1773,4,12.23,703,141
1774,3,69.23,703,136
1775,1,41.35,703,141
1776,4,3.57,703,141
1777,2,66.85,704,142
1778,3,63.21,704,139
1779,5,59.99,704,138
1780,3,37.79,704,136
1781,1,19.34,705,139
1782,5,23.73,705,138
1783,5,41.51,705,139
1784,1,79.47,705,141
1785,4,62.15,706,139
1786,2,65.16,707,136
1787,1,45.75,707,137
1788,4,48.29,707,136
1789,1,61.86,708,138
1790,4,26.29,708,138
1791,1,22.92,709,137
1792,5,63.99,709,140
1793,4,26.42,709,141
1794,2,27.1,709,141
1795,2,61.04,710,145
1796,5,60.36,710,145
1797,2,36.13,710,144
1798,1,71.07,710,150
1799,4,2.72,711,144
1800,4,79.67,711,153
1801,3,42.75,711,152
1802,3,45.98,711,145
1803,5,49.15,712,150
1804,4,18.43,712,148
1805,2,14.81,712,150
1806,1,79.48,713,143
1807,3,56.71,713,146
1808,1,43.94,713,148
1809,1,6.77,713,150
1810,3,51.05,714,146
1811,3,24.17,714,149
1812,3,45.77,715,153
1813,2,8.04,715,145
1814,1,58.99,715,147
1815,2,22.51,715,144
1816,3,46.9,716,152
1817,5,23.62,716,152
1818,4,18.33,716,143
1819,2,79.15,716,144
1820,1,27.22,717,143
1821,2,41.91,717,150
1822,4,53.86,717,148
1823,3,41.03,717,144
1824,4,29.69,718,151
1825,3,43.39,718,152
1826,2,76.52,718,153
1827,3,57.49,718,149
1828,5,72.18,719,153
1829,4,18.67,720,151
1830,2,31.83,720,145
1831,1,17.28,720,148
1832,3,73.43,721,151
1833,4,33.07,722,147
1834,3,50.77,722,152
1835,1,69.33,722,150
1836,1,30.82,723,152
1837,1,34.73,724,144
1838,1,36.58,724,143
1839,5,59.52,725,148
1840,3,72.02,725,145
1841,4,34.48,726,153
1842,3,8.55,727,150
1843,1,23.49,727,146
1844,3,23.35,728,148
1845,5,74.56,729,144
1846,2,26.77,730,153
1847,4,8.34,731,146
1848,3,67.31,731,153
1849,2,60.3,731,145
1850,2,46.07,732,149
1851,2,67.15,732,147
1852,2,15.81,732,147
1853,3,47.14,733,148
1854,5,37.07,733,153
1855,2,4.87,733,152
1856,4,14.14,733,152
1857,2,28.69,734,151
1858,5,66.73,734,147
1859,1,42.04,734,146
1860,5,53.35,735,145
1861,5,72.3,736,148
1862,1,51.1,736,143
1863,2,34.87,736,148
1864,3,52.53,736,144
1865,5,16.52,737,143
1866,4,65.12,737,150
1867,5,46.93,737,149
1868,4,38.94,737,146
1869,4,25.41,738,146
1870,5,10.41,738,149
1871,3,76.41,738,149
1872,5,4.23,738,151
1873,5,60.64,739,145
1874,3,63.51,739,143
1875,4,14.9,740,143
1876,2,17.63,740,145
1877,3,25.99,740,145
1878,2,68.91,740,149
1879,1,39.23,741,148
1880,1,38.72,741,153
1881,4,56.5,741,150
1882,4,12.02,742,145
1883,5,32.72,743,144
1884,3,40.09,743,152
1885,1,19.29,743,152
1886,2,61.89,743,148
1887,1,52.36,744,145
1888,4,16.66,744,146
1889,3,35.96,744,148
1890,4,53.02,744,149
1891,1,22.36,745,149
1892,2,14.76,745,153
1893,5,67.07,745,150
1894,1,29.01,745,144
1895,5,41.54,746,153
1896,4,2.9,746,153
1897,5,64.96,747,161
1898,1,63.27,748,160
1899,5,61.25,748,155
1900,2,2.54,748,158
1901,4,5.79,749,158
1902,1,11.48,749,161
1903,4,30.63,749,159
1904,3,35.2,749,158
1905,3,34.53,750,161
1906,3,25.22,750,154
1907,5,10.71,750,154
1908,2,58.69,751,161
1909,5,46.39,752,154
1910,1,27.47,752,154
1911,4,41.99,753,155
1912,1,16.35,754,158
1913,1,67.27,754,160
1914,1,63.9,754,158
1915,3,50.02,754,162
1916,5,38.89,755,160
1917,3,60.26,755,156
1918,3,41.12,755,154
1919,4,18.16,756,160
1920,1,19.26,757,154
1921,3,19.24,757,158
1922,5,66.5,757,160
1923,3,28.57,758,159
1924,2,43.51,759,156
1925,4,21.94,759,154
1926,5,77.48,759,161
1927,5,78.83,759,155
1928,3,37.22,760,161
1929,1,14.16,760,156
1930,5,29.43,760,160
1931,2,31.27,761,162
1932,2,31.52,761,155
1933,1,32.87,761,157
1934,1,46.52,761,156
1935,4,72.24,762,158
1936,3,62.1,762,155
1937,2,69.01,763,161
1938,4,24.33,763,161
1939,2,74.07,763,156
1940,4,24.5,763,162
1941,4,47.25,764,160
1942,2,49.56,765,162
1943,1,48.77,765,160
1944,1,76.24,766,154
1945,5,70.91,766,160
1946,5,41.88,766,157
1947,2,37.71,766,157
1948,2,24.85,767,154
1949,2,47.05,767,161
1950,2,55.33,767,161
1951,5,67.35,768,156
1952,1,55.2,769,160
1953,3,70.9,770,162
1954,1,57.83,770,162
1955,1,36.2,770,154
1956,3,65.31,770,154
1957,1,10.08,771,158
1958,5,60.78,771,155
1959,2,30.58,771,159
1960,2,73.21,771,161
1961,4,72.14,772,161
1962,3,63.42,773,158
1963,5,23.47,773,154
1964,2,13.55,773,158
1965,1,19.24,773,159
1966,5,51.44,774,161
1967,4,54.52,774,156
1968,3,51.67,775,154
1969,2,47.49,775,156
1970,5,2.94,775,159
1971,5,60.15,775,162
1972,5,31.2,776,170
1973,2,69.92,776,170
1974,2,39.75,776,169
1975,2,19.5,777,167
1976,5,62.69,777,164
1977,2,29.81,777,170
1978,2,30.36,778,163
1979,4,50.86,778,168
1980,1,36.84,779,171
1981,2,19.81,780,170
1982,2,5.14,780,172
1983,1,72.68,781,165
1984,5,25.62,781,166
1985,4,9.67,782,163
1986,3,63.62,782,164
1987,2,39.31,782,170
1988,1,39.13,782,164
1989,5,35.52,783,164
1990,1,21.64,784,169
1991,5,23.12,784,173
1992,2,27.63,784,170
1993,5,24.13,784,173
1994,5,41.24,785,173
1995,4,10.69,785,165
1996,4,2.51,785,171
1997,3,9.38,786,170
1998,3,51.75,786,171
1999,2,17.1,786,164
2000,2,18.63,786,171
2001,5,18.4,787,173
2002,2,27.25,787,166
2003,4,63.29,787,165
2004,5,63.52,788,167
2005,2,74.76,788,170
2006,3,30.92,788,167
2007,3,58.68,788,168
2008,1,61.45,789,169
2009,1,77.56,789,168
2010,2,78.05,789,167
2011,1,65.85,789,166
2012,1,27.1,790,169
2013,3,45.53,790,166
2014,2,50.17,790,170
2015,4,75.44,791,172
2016,4,76.26,791,163
2017,4,55.65,791,170
2018,1,6.38,792,168
2019,1,38.8,793,164
2020,3,78.22,793,169
2021,2,70.17,793,172
2022,2,27.57,794,171
2023,3,45.42,794,167
2024,1,12.96,794,164
2025,3,76.66,794,168
2026,3,38.53,795,170
2027,3,27.97,795,173
2028,2,11.3,796,169
2029,5,31.13,797,172
2030,5,40.38,798,172
2031,3,51.48,798,164
2032,5,9.19,798,171
2033,5,73.95,799,172
2034,3,38.33,800,165
2035,3,7.7,800,173
2036,5,28.51,800,171
2037,4,71.37,800,169
2038,1,19.57,801,169
2039,5,37.7,802,173
2040,2,62.05,802,172
2041,3,71.67,802,172
2042,1,4.05,803,172
2043,1,62.8,803,171
2044,2,17.73,804,165
2045,4,79.3,804,166
2046,1,67.06,805,169
2047,1,36.63,805,166
2048,4,5.84,805,170
2049,4,17.49,805,169
2050,2,61.02,806,164
2051,4,16.9,807,164
2052,5,30.07,807,167
2053,5,10.74,807,170
2054,1,29.67,808,167
2055,1,35.86,808,173
2056,3,19.89,808,164
2057,4,70.32,808,163
2058,1,12.98,809,166
2059,2,46.04,809,165
2060,5,14.15,809,170
2061,3,50.17,810,165
2062,4,15.45,810,171
2063,2,59.87,810,173
2064,4,17.92,811,169
2065,3,4.22,812,170
2066,5,31.41,813,172
2067,2,9.19,814,164
2068,1,77.56,814,170
2069,4,68.78,814,171
2070,4,72.16,815,167
2071,2,27.18,815,171
2072,3,76.64,815,173
2073,1,39.27,815,172
2074,2,53.42,816,164
2075,4,24.02,816,172
2076,3,57.42,817,170
2077,5,42.55,817,172
2078,3,61.27,817,165
2079,4,51.29,818,166
2080,2,32.95,819,163
2081,5,39.5,819,168
2082,4,50.46,820,171
2083,4,11.19,820,167
2084,3,28.6,821,170
2085,5,37.59,821,164
2086,4,52.1,822,171
2087,2,9.38,822,170
2088,1,11.38,822,167
2089,5,78.78,823,164
2090,5,16.24,823,171
2091,2,13.05,823,173
2092,2,62.52,823,166
2093,5,69.07,824,171
2094,1,64.42,824,168
2095,1,55.07,825,173
2096,5,19.65,825,165
2097,1,76.81,826,169
2098,3,32.4,826,171
2099,4,71.71,826,170
2100,2,74.0,827,178
2101,5,76.82,827,174
2102,4,12.94,827,177
2103,4,48.13,828,175
2104,3,7.5,828,176
2105,2,71.63,828,174
2106,5,75.66,828,175
2107,1,51.67,829,178
2108,3,42.89,829,179
2109,5,38.75,829,179
2110,2,7.49,830,179
2111,3,70.27,830,174
2112,4,67.36,830,176
2113,1,50.9,830,177
2114,1,79.81,831,178
2115,4,34.89,832,179
2116,1,69.48,832,176
2117,3,72.57,832,179
2118,5,27.65,832,179
2119,2,47.69,833,175
2120,5,35.83,833,176
2121,1,79.79,833,179
2122,4,45.73,833,178
2123,5,67.38,834,179
2124,3,47.25,835,179
2125,5,34.9,835,177
2126,4,46.72,836,178
2127,1,75.34,836,179
2128,4,54.19,836,174
2129,2,46.22,836,174
2130,1,58.87,837,176
2131,3,65.83,837,176
2132,3,77.94,837,175
2133,3,36.79,837,174
2134,4,60.76,838,175
2135,4,68.82,838,176
2136,3,50.08,838,179
2137,1,51.88,839,176
2138,3,28.29,840,177
2139,3,60.87,840,175
2140,3,3.24,840,175
2141,5,26.22,840,178
2142,2,9.28,841,189
2143,3,43.56,842,186
2144,2,73.86,842,181
2145,3,79.96,843,187
2146,1,40.57,844,183
2147,2,70.26,844,187
2148,2,13.34,844,184
2149,4,34.33,845,188
2150,5,16.99,845,182
2151,5,47.31,845,190
2152,5,71.31,845,186
2153,4,30.88,846,183
2154,3,44.15,846,181
2155,2,27.09,846,183
2156,5,26.45,847,189
2157,2,58.17,847,190
2158,5,66.04,847,183
2159,4,22.99,847,180
2160,2,3.72,848,187
2161,1,55.2,849,181
2162,3,46.44,849,180
2163,4,18.79,850,187
2164,3,43.99,850,190
2165,1,77.73,851,180
2166,3,47.82,851,181
2167,5,6.96,851,186
2168,2,4.3,852,187
2169,1,27.88,852,181
2170,4,12.8,853,185
2171,2,9.48,853,185
2172,2,57.17,853,184
2173,4,9.08,853,184
2174,3,37.23,854,181
2175,3,9.45,855,180
2176,3,4.16,856,189
2177,5,31.24,856,181
2178,2,16.7,856,189
2179,4,16.18,856,183
2180,4,57.1,857,182
2181,5,13.61,857,187
2182,3,74.93,858,181
2183,2,49.07,859,189
2184,3,75.15,859,190
2185,5,66.88,859,187
2186,1,54.16,859,181
2187,2,63.94,860,180
2188,3,6.57,860,187
2189,5,9.7,860,188
2190,1,53.75,860,185
2191,3,26.98,861,187
2192,2,24.85,861,190
2193,4,10.14,862,188
2194,1,43.15,863,180
2195,2,75.85,863,184
2196,5,60.33,863,189
2197,1,77.41,864,186
2198,5,42.87,865,182
2199,5,30.92,865,180
2200,2,9.69,865,182
2201,2,57.57,865,181
2202,1,73.92,866,183
2203,3,78.78,867,186
2204,2,31.0,867,186
2205,4,55.07,868,190
2206,3,17.98,868,190
2207,3,33.92,868,180
2208,4,21.77,869,180
2209,4,5.26,869,187
2210,1,14.4,870,187
2211,4,24.21,871,184
2212,3,68.73,871,184
2213,1,61.36,871,186
2214,2,11.91,872,180
2215,4,39.35,872,181
2216,2,4.97,872,186
2217,2,8.52,872,181
2218,4,48.57,873,180
2219,5,61.81,873,183
2220,2,28.63,874,184
2221,4,31.64,875,184
2222,4,3.97,876,187
2223,1,67.79,876,189
2224,5,24.45,876,182
2225,4,42.41,877,180
2226,1,55.38,878,180
2227,4,2.27,878,180
2228,5,44.56,879,180
2229,4,73.0,880,183
2230,4,49.78,880,185
2231,4,39.37,880,182
2232,4,43.84,880,185
2233,4,79.93,881,182
2234,3,59.72,881,186
2235,4,11.75,882,190
2236,3,18.23,882,186
2237,4,38.15,883,185
2238,3,53.9,883,182
2239,5,18.06,883,183
2240,2,46.33,883,190
2241,3,52.23,884,183
2242,4,13.02,884,181
2243,5,52.87,884,184
2244,5,34.15,884,183
2245,1,56.13,885,197
2246,5,54.03,885,195
2247,5,62.0,885,197
2248,5,62.98,885,194
2249,4,26.66,886,199
2250,1,54.74,886,192
2251,3,68.5,887,196
2252,3,67.57,888,196
2253,5,72.92,888,198
2254,5,14.47,889,193
2255,2,45.81,890,198
2256,3,55.82,890,194
2257,1,53.78,890,193
2258,4,9.57,890,191
2259,2,61.84,891,196
2260,4,47.62,891,193
2261,4,71.73,891,198
2262,5,28.82,891,196
2263,4,73.51,892,192
2264,2,77.0,892,196
2265,3,57.49,892,192
2266,2,30.49,893,195
2267,2,42.05,893,199
2268,1,40.19,893,193
2269,1,52.65,893,195
2270,4,53.43,894,196
2271,5,4.45,894,191
2272,5,3.5,894,197
2273,3,56.35,895,196
2274,2,75.55,896,195
2275,5,17.05,896,195
2276,3,8.5,896,198
2277,1,65.24,897,192
2278,5,64.51,898,192
2279,1,2.75,898,191
2280,3,63.32,899,192
2281,5,11.51,899,193
2282,2,73.6,899,192
2283,2,9.15,899,192
2284,1,32.18,900,199
2285,5,57.09,901,198
2286,3,59.06,901,191
2287,4,16.42,901,191
2288,1,15.72,901,194
2289,1,56.82,902,192
2290,2,16.59,902,196
2291,5,34.16,903,195
2292,2,35.27,903,196
2293,2,43.38,903,195
2294,4,28.85,904,191
2295,1,78.22,905,192
2296,3,47.87,905,196
2297,5,54.9,905,192
2298,5,22.47,905,196
2299,4,26.45,906,194
2300,2,47.8,906,191
2301,3,33.96,906,198
2302,4,13.91,907,197
2303,4,76.07,907,193
2304,3,31.75,907,193
2305,4,30.53,907,197
2306,2,9.4,908,197
2307,4,13.69,908,196
2308,5,23.66,909,194
2309,4,49.33,909,198
2310,4,35.94,909,193
2311,1,76.33,910,198
2312,2,34.47,911,191
2313,3,51.26,911,196
2314,3,55.36,911,197
2315,5,11.5,911,193
2316,3,46.1,912,198
2317,1,3.38,912,196
2318,4,63.37,913,199
2319,3,47.02,913,196
2320,2,72.34,913,196
2321,2,40.11,914,198
2322,1,26.45,914,192
2323,4,49.0,915,195
2324,1,37.06,915,194
2325,3,57.53,915,196
2326,1,38.95,915,194
2327,5,13.4,916,195
2328,3,39.81,916,196
2329,5,70.89,916,194
2330,2,76.7,916,192
2331,5,64.31,917,195
2332,2,63.68,917,197
2333,3,3.97,918,197
2334,1,30.75,918,193
2335,3,10.4,919,195
2336,4,23.52,919,198
2337,3,14.71,919,193
2338,3,76.58,919,192
2339,2,26.59,920,197
2340,5,3.99,920,197
2341,3,32.85,920,196
2342,5,61.01,921,191
2343,5,6.36,921,193
2344,4,6.98,921,192
2345,1,60.86,922,196
2346,3,8.33,922,196
2347,4,56.18,923,199
2348,1,65.52,923,198
2349,2,10.99,923,195
2350,2,20.66,923,199
2351,4,5.31,924,194
2352,2,76.1,924,193
2353,1,41.8,925,195
2354,4,3.83,925,197
2355,5,7.3,925,194
2356,5,4.81,925,194
2357,5,72.09,926,193
2358,4,18.6,926,199
2359,1,73.39,926,195
2360,2,60.83,927,195
2361,3,17.27,927,195
2362,2,16.42,928,200
2363,4,64.76,928,205
2364,2,17.61,928,204
2365,3,66.97,928,205
2366,2,46.21,929,202
2367,2,69.11,930,201
2368,4,75.85,930,203
2369,4,39.45,931,204
2370,3,64.01,931,205
2371,1,50.3,932,200
2372,1,6.18,933,201
2373,2,77.73,933,205
2374,3,62.09,934,200
2375,1,73.71,935,205
2376,1,70.66,935,203
2377,4,69.84,936,204
2378,5,23.3,936,200
2379,2,7.08,937,205
2380,4,4.33,937,203
2381,5,72.0,938,205
2382,1,54.36,939,206
2383,2,55.79,939,206
2384,1,70.13,939,207
2385,3,30.39,940,208
2386,5,44.18,941,207
2387,3,33.75,941,208
2388,4,31.02,941,207
2389,3,76.99,942,206
2390,5,21.75,942,206
2391,3,74.13,942,208
2392,4,37.16,942,208
2393,5,28.65,943,208
2394,2,68.39,943,208
2395,1,66.23,944,206
2396,5,44.43,944,208
2397,1,46.89,944,207
2398,5,53.84,944,206
2399,5,75.08,945,208
2400,4,19.09,945,207
2401,4,55.65,945,206
2402,1,71.67,946,208
2403,1,40.63,946,206
2404,2,44.27,947,206
2405,2,3.83,947,206
2406,3,11.44,947,206
2407,4,75.7,948,208
2408,2,25.7,949,208
2409,5,73.73,949,208
2410,5,48.28,949,208
2411,3,56.65,950,207
2412,4,79.58,951,207
2413,1,77.1,951,206
2414,4,21.67,951,206
2415,2,49.08,952,207
2416,1,27.18,952,208
2417,4,18.89,952,207
2418,5,36.67,953,208
2419,5,52.99,954,206
2420,3,47.68,954,208
2421,5,40.31,954,207
2422,3,68.58,954,206
2423,1,17.53,955,207
2424,2,2.44,955,208
2425,2,28.53,956,208
2426,5,67.95,956,206
2427,5,45.9,957,207
2428,4,30.6,957,208
2429,4,38.95,958,207
2430,3,39.02,959,208
2431,2,72.72,959,206
2432,1,3.88,959,206
2433,5,22.51,960,206
2434,2,47.41,960,206
2435,5,5.1,960,206
2436,1,31.0,961,208
2437,1,10.79,961,208
2438,3,47.67,961,206
2439,3,70.67,961,206
2440,4,39.31,962,206
2441,1,15.45,962,208
2442,5,13.34,963,206
2443,4,42.04,963,206
2444,2,66.58,964,207
2445,1,60.68,964,206
2446,3,62.89,964,206
2447,2,39.39,965,208
2448,4,52.39,965,208
2449,4,48.79,966,207
2450,1,30.82,967,207
2451,3,38.23,967,207
2452,5,40.05,968,208
2453,5,56.23,968,208
2454,5,48.75,968,208
2455,2,38.61,968,206
2456,3,70.23,969,208
2457,5,19.77,969,207
2458,2,46.15,969,207
2459,3,22.58,970,207
2460,2,61.93,970,206
2461,3,16.82,970,208
2462,3,57.58,970,208
2463,2,18.05,971,208
2464,3,16.28,971,208
2465,4,31.25,971,207
2466,3,49.27,972,207
2467,1,77.39,972,208
2468,4,37.47,973,208
2469,5,66.05,973,208
2470,5,34.8,973,207
2471,5,10.43,974,207
2472,4,26.43,974,206
2473,2,11.59,974,206
2474,1,68.08,974,207
2475,4,17.98,975,208
2476,3,35.52,976,206
2477,2,50.23,976,208
2478,3,74.37,976,207
2479,2,15.4,977,207
2480,2,44.25,977,206
2481,2,9.11,977,208
2482,4,19.24,978,207
2483,5,14.92,978,206
2484,4,47.21,979,208
2485,4,36.8,979,206
2486,1,68.09,979,207
2487,5,60.55,980,206
2488,5,61.67,980,206
2489,4,36.06,980,208
2490,3,27.12,980,207
2491,2,56.87,981,208
2492,4,15.13,981,207
2493,2,19.0,981,207
2494,5,70.46,982,206
2495,5,21.04,982,208
2496,1,37.28,982,206
2497,4,46.59,982,207
2498,1,36.11,983,207
2499,2,22.99,983,207
2500,4,14.33,983,206
2501,5,52.31,983,208
2502,1,61.34,984,206
2503,2,9.21,984,208
2504,5,5.91,984,206
2505,4,23.72,985,206
2506,2,33.94,985,206
2507,3,44.74,986,207
2508,2,20.43,986,206
2509,2,43.65,987,207
2510,5,61.35,987,208
2511,2,13.91,987,206
2512,3,42.03,988,206
2513,5,41.35,988,206
2514,2,69.21,989,207
2515,5,63.09,989,207
2516,2,51.93,990,206
2517,1,78.66,990,206
2518,4,44.92,991,208
2519,4,71.33,991,207
2520,5,29.61,991,208
2521,5,58.03,991,208
2522,2,64.78,992,206
2523,1,48.78,992,207
2524,3,11.01,992,207
2525,4,31.32,992,207
2526,2,35.97,993,208
2527,4,21.07,994,206
2528,2,72.49,994,207
2529,4,33.14,994,208
2530,2,71.97,995,210
2531,3,31.17,995,214
2532,5,24.93,996,216
2533,2,26.21,997,211
2534,1,79.38,997,211
2535,5,23.03,997,209
2536,4,28.06,998,216
2537,3,50.5,998,213
2538,3,5.97,998,210
2539,4,61.16,998,215
2540,2,74.77,999,215
2541,2,13.09,1000,212
2542,1,50.12,1000,213
2543,4,19.18,1000,209
2544,4,64.36,1001,211
2545,4,44.67,1001,213
2546,1,22.71,1002,216
2547,1,19.09,1002,211
2548,3,50.11,1003,214
2549,4,76.54,1003,213
2550,5,45.57,1003,214
2551,3,43.08,1003,213
2552,4,39.7,1004,214
2553,1,76.26,1005,213
2554,3,10.31,1005,211
2555,5,19.44,1005,212
2556,2,38.22,1005,211
2557,4,34.7,1006,214
2558,3,8.33,1006,211
2559,5,39.53,1006,210
2560,3,74.24,1006,209
2561,3,75.13,1007,210
2562,5,18.69,1008,215
2563,2,24.34,1008,211
2564,3,14.42,1008,214
2565,5,31.39,1008,210
2566,2,44.15,1009,216
2567,1,38.75,1010,209
2568,5,8.83,1011,211
2569,3,27.75,1011,209
2570,5,8.42,1011,209
2571,1,22.85,1012,213
2572,5,67.27,1012,210
2573,5,24.19,1012,210
2574,4,49.28,1012,213
2575,5,19.46,1013,213
2576,1,32.68,1013,214
2577,2,56.2,1013,216
2578,3,76.23,1013,213
2579,2,63.95,1014,213
2580,3,18.42,1014,216
2581,2,56.85,1014,209
2582,1,6.58,1014,210
2583,3,62.09,1015,214
2584,5,58.89,1016,213
2585,2,32.48,1017,214
2586,1,5.82,1017,213
2587,4,16.55,1017,216
2588,2,65.63,1018,215
2589,3,76.73,1018,211
2590,1,69.8,1018,211
2591,3,34.43,1018,216
2592,2,42.0,1019,216
2593,3,72.77,1019,211
2594,5,31.1,1020,209
2595,1,39.66,1020,212
2596,2,13.53,1020,213
2597,4,62.04,1021,209
2598,4,77.2,1021,213
2599,1,33.77,1022,210
2600,4,66.71,1022,215
2601,4,73.3,1022,212
2602,1,65.71,1023,213
2603,4,22.7,1023,212
2604,1,19.3,1023,216
2605,3,43.75,1024,215
2606,5,53.74,1025,216
2607,5,18.65,1025,213
2608,1,68.71,1025,215
2609,1,55.44,1026,210
2610,3,52.45,1026,216
2611,2,53.28,1027,213
2612,4,14.63,1027,215
2613,2,58.87,1027,214
2614,1,78.66,1028,210
2615,2,10.84,1029,216
2616,3,11.47,1029,216
2617,5,11.52,1029,213
2618,2,44.53,1030,213
2619,1,73.05,1030,210
2620,1,14.66,1030,214
2621,2,42.72,1030,212
2622,4,10.08,1031,225
2623,4,18.56,1031,220
2624,5,51.72,1031,226
2625,1,78.14,1031,228
2626,5,62.13,1032,223
2627,3,52.12,1032,220
2628,1,4.84,1032,220
2629,1,46.53,1032,217
2630,3,69.24,1033,218
2631,5,12.59,1034,224
2632,5,65.24,1035,227
2633,1,68.98,1036,217
2634,3,53.86,1036,219
2635,3,65.62,1036,219
2636,1,40.87,1037,228
2637,3,33.74,1037,217
2638,3,27.56,1037,228
2639,3,10.84,1038,221
2640,5,64.43,1039,220
2641,1,23.57,1039,225
2642,5,53.32,1040,218
2643,4,60.68,1040,217
2644,3,73.67,1040,223
2645,2,7.36,1041,226
2646,5,10.34,1042,230
2647,5,75.29,1042,230
2648,1,28.06,1042,230
2649,5,56.65,1042,229
2650,2,59.55,1043,230
2651,4,2.41,1043,231
2652,4,18.46,1044,232
2653,4,77.95,1045,232
2654,5,24.44,1045,230
2655,1,78.27,1046,232
2656,5,16.91,1046,231
2657,2,46.98,1046,229
2658,2,12.33,1046,229
2659,4,12.37,1047,230
2660,1,66.74,1048,229
2661,4,10.34,1048,230
2662,3,27.36,1049,232
2663,2,18.13,1050,231
2664,2,69.86,1050,230
2665,4,38.16,1051,229
2666,2,34.25,1052,231
2667,2,24.11,1052,230
2668,4,61.99,1052,232
2669,3,52.25,1053,232
2670,2,55.7,1053,231
2671,4,77.15,1053,231
2672,1,62.92,1054,232
2673,4,19.07,1054,230
2674,1,23.2,1055,231
2675,4,3.58,1055,229
2676,2,72.1,1055,231
2677,4,78.24,1056,229
2678,2,76.77,1056,231
2679,4,17.09,1057,229
2680,5,17.56,1058,232
2681,5,46.09,1058,231
2682,1,31.63,1058,230
2683,4,61.2,1059,231
2684,4,19.75,1059,229
2685,1,10.05,1059,230
2686,5,79.68,1060,229
2687,1,55.11,1060,232
2688,2,19.22,1060,230
2689,2,30.93,1060,229
2690,5,71.4,1061,230
2691,1,28.58,1061,230
2692,5,11.26,1061,231
2693,1,39.13,1062,231
2694,5,15.03,1062,229
2695,1,8.92,1063,230
2696,5,23.66,1063,232
2697,3,74.9,1063,232
2698,3,17.02,1064,230
2699,2,17.42,1065,231
2700,4,6.78,1065,232
2701,3,50.92,1066,231
2702,4,14.01,1066,229
2703,3,4.74,1067,230
2704,4,10.46,1067,230
2705,2,56.58,1068,230
2706,3,57.67,1068,231
2707,4,14.28,1068,230
2708,4,35.14,1068,232
2709,2,33.65,1069,232
2710,2,72.26,1070,230
2711,5,57.57,1071,230
2712,1,42.4,1071,230
2713,2,20.76,1071,229
2714,5,68.95,1071,229
2715,3,22.37,1072,230
2716,2,64.62,1073,230
2717,1,42.4,1073,232
2718,3,37.95,1074,231
2719,1,62.47,1075,229
2720,1,55.66,1076,232
2721,1,63.42,1077,229
2722,2,79.1,1077,231
2723,4,54.43,1077,231
2724,5,54.12,1078,232
2725,3,40.31,1078,229
2726,3,31.6,1079,229
2727,1,53.64,1080,230
2728,5,13.7,1081,232
2729,5,11.59,1081,232
2730,2,64.22,1081,230
2731,5,31.28,1082,233
2732,5,57.71,1082,240
2733,5,29.7,1083,233
2734,5,62.73,1083,241
2735,2,11.81,1083,233
2736,3,64.56,1083,234
2737,3,50.8,1084,237
2738,5,17.12,1085,236
2739,5,52.52,1085,239
2740,4,50.29,1086,237
2741,2,42.69,1086,237
2742,2,30.72,1087,241
2743,4,18.68,1087,237
2744,3,8.41,1087,233
2745,4,24.75,1087,239
2746,2,33.46,1088,236
2747,3,16.95,1089,233
2748,1,38.65,1089,237
2749,2,59.0,1090,238
2750,3,58.59,1091,235
2751,4,49.59,1091,233
2752,3,4.93,1091,233
2753,2,77.64,1092,238
2754,2,66.62,1092,237
2755,1,9.02,1093,242
2756,4,43.04,1093,234
2757,4,18.91,1094,239
2758,3,79.96,1094,233
2759,3,79.33,1095,234
2760,4,76.94,1095,239
2761,5,58.18,1095,241
2762,1,2.83,1095,235
2763,5,10.33,1096,239
2764,2,55.69,1097,238
2765,4,73.5,1098,242
2766,2,71.1,1099,234
2767,3,49.09,1099,234
2768,5,51.86,1099,242
2769,5,39.23,1100,233
2770,5,12.86,1100,239
2771,2,15.31,1100,235
2772,2,49.31,1100,241
2773,3,34.62,1101,234
2774,3,74.83,1101,237
2775,2,42.54,1101,239
2776,2,40.41,1102,239
2777,4,35.96,1102,233
2778,5,56.11,1102,234
2779,1,42.58,1103,236
2780,3,32.47,1103,242
2781,1,26.99,1104,236
2782,1,76.32,1104,236
2783,3,72.0,1104,238
2784,1,65.76,1104,241
2785,4,61.52,1105,235
2786,5,18.45,1105,241
2787,3,24.65,1105,233
2788,1,20.88,1105,241
2789,3,20.52,1106,241
2790,5,12.65,1106,233
2791,2,20.23,1106,238
2792,4,55.91,1107,233
2793,5,66.14,1107,241
2794,3,79.47,1107,242
2795,4,79.37,1108,242
2796,3,66.76,1109,242
2797,5,60.19,1109,240
2798,1,71.35,1109,237
2799,2,43.75,1109,238
2800,3,3.66,1110,241
2801,2,67.46,1111,236
2802,4,45.99,1112,233
2803,4,50.53,1112,233
2804,5,38.89,1112,239
2805,1,37.66,1112,239
2806,3,45.81,1113,236
2807,5,49.33,1113,238
2808,5,61.05,1114,237
2809,1,71.99,1114,239
2810,5,64.76,1115,245
2811,4,53.55,1116,244
2812,5,31.83,1116,249
2813,1,45.82,1117,249
2814,1,54.42,1117,245
2815,3,67.78,1118,247
2816,5,23.21,1119,243
2817,1,66.94,1119,245
2818,4,60.68,1119,243
2819,1,79.88,1120,244
2820,4,41.3,1120,244
2821,1,54.13,1120,248
2822,1,5.74,1120,244
2823,3,6.24,1121,249
2824,4,50.9,1122,243
2825,3,19.2,1122,247
2826,3,3.31,1122,250
2827,4,36.53,1122,247
2828,4,54.37,1123,245
2829,3,3.52,1123,244
2830,4,58.55,1123,250
2831,4,74.0,1123,245
2832,1,32.99,1124,251
2833,5,22.5,1124,246
2834,2,17.81,1124,246
2835,3,57.76,1125,245
2836,2,28.89,1125,249
2837,1,38.44,1125,244
2838,5,14.74,1126,249
2839,2,38.48,1127,251
2840,5,78.16,1127,249
2841,1,16.85,1127,250
2842,2,69.44,1128,248
2843,1,35.63,1129,247
2844,1,33.07,1130,251
2845,1,74.36,1130,250
2846,4,54.05,1130,245
2847,4,71.75,1131,251
2848,2,46.66,1132,248
2849,4,63.18,1132,250
2850,2,61.11,1132,246
2851,5,20.96,1132,244
2852,2,46.65,1133,250
2853,1,40.44,1133,251
2854,4,33.42,1133,244
2855,2,72.22,1134,251
2856,2,69.09,1134,243
2857,3,61.63,1134,249
2858,5,13.2,1134,245
2859,1,79.39,1135,248
2860,1,62.63,1135,251
2861,1,42.78,1136,245
2862,1,78.57,1136,245
2863,5,48.07,1137,247
2864,2,11.9,1138,243
2865,5,35.79,1139,247
2866,5,77.59,1139,245
2867,1,24.12,1140,250
2868,4,9.15,1141,245
2869,2,44.06,1142,245
2870,1,74.84,1142,250
2871,3,31.67,1142,244
2872,5,6.95,1142,250
2873,5,46.82,1143,249
2874,5,40.78,1143,245
2875,4,79.55,1144,243
2876,5,26.82,1144,251
2877,3,6.05,1145,247
2878,1,53.76,1145,248
2879,4,46.4,1146,243
2880,1,15.1,1146,251
2881,2,62.71,1146,248
2882,4,48.3,1147,246
2883,2,29.54,1147,247
2884,2,51.79,1147,245
2885,5,59.67,1147,247
2886,5,76.92,1148,244
2887,3,33.58,1148,247
2888,4,15.88,1149,248
2889,4,15.08,1149,245
2890,4,75.79,1149,246
2891,1,19.44,1150,251
2892,1,45.67,1150,249
2893,3,30.53,1150,250
2894,4,62.29,1151,247
2895,3,19.49,1151,246
2896,3,50.99,1151,244
2897,4,48.72,1152,245
2898,1,8.71,1153,248
2899,2,32.77,1153,244
2900,3,24.9,1153,244
2901,3,50.31,1154,246
2902,4,39.12,1154,251
2903,1,3.25,1155,247
2904,2,56.38,1155,244
2905,3,76.13,1155,244
2906,5,43.28,1156,244
2907,5,42.85,1156,251
2908,1,49.2,1156,245
2909,4,2.52,1156,248
2910,3,45.48,1157,249
2911,4,6.55,1157,248
2912,5,36.49,1158,247
2913,2,12.78,1158,248
2914,5,28.31,1158,247
2915,5,51.31,1158,249
2916,2,41.16,1159,247
2917,5,73.02,1159,244
2918,4,78.86,1159,243
2919,2,64.53,1160,248
2920,2,52.13,1161,244
2921,3,69.74,1161,244
2922,5,17.92,1162,249
2923,5,42.93,1163,249
2924,4,47.74,1163,250
2925,2,40.97,1163,246
2926,2,30.57,1164,254
2927,5,19.04,1165,252
2928,2,17.61,1166,252
2929,4,59.59,1167,252
2930,5,38.13,1168,252
2931,5,14.87,1168,253
2932,3,39.45,1169,253
2933,3,60.25,1169,253
2934,5,75.49,1170,253
2935,2,50.25,1170,254
2936,1,32.61,1171,254
2937,2,58.03,1171,252
2938,2,36.55,1172,254
2939,2,74.21,1172,254
2940,2,46.98,1173,254
2941,5,18.7,1173,253
2942,3,20.43,1174,254
2943,2,63.57,1175,254
2944,2,26.98,1175,253
2945,3,34.59,1175,253
2946,3,21.28,1176,252
2947,5,27.94,1176,253
2948,5,65.24,1176,253
2949,5,57.81,1176,252
2950,1,16.57,1177,252
2951,4,7.45,1177,252
2952,3,21.23,1177,254
2953,4,61.26,1177,253
2954,2,47.21,1178,254
2955,5,20.96,1178,252
2956,1,65.36,1178,252
2957,5,16.7,1179,252
2958,5,41.27,1180,254
2959,4,29.25,1180,252
2960,3,54.05,1180,253
2961,2,20.47,1180,254
2962,3,20.43,1181,253
2963,1,65.54,1181,254
2964,3,10.54,1181,252
2965,1,62.76,1182,254
2966,4,23.62,1183,254
2967,5,17.04,1183,254
2968,2,55.57,1184,253
2969,2,59.08,1185,252
2970,4,38.39,1186,254
2971,2,6.17,1186,254
2972,1,11.04,1186,253
2973,4,10.15,1186,252
2974,5,61.28,1187,252
2975,2,74.19,1187,254
2976,2,4.89,1187,254
2977,2,37.52,1188,254
2978,2,9.84,1189,253
2979,1,63.61,1189,254
2980,4,50.78,1189,252
2981,5,24.36,1190,252
2982,1,67.52,1190,254
2983,4,67.49,1191,252
2984,1,64.82,1191,252
2985,5,48.5,1191,252
2986,4,11.25,1192,253
2987,2,35.06,1192,253
2988,2,68.01,1193,253
2989,1,71.27,1193,252
2990,1,30.22,1194,252
2991,4,20.0,1194,253
2992,3,6.7,1194,254
2993,5,6.8,1194,254
2994,4,19.8,1195,252
2995,2,66.57,1196,254
2996,1,19.3,1196,254
2997,3,4.53,1196,252
2998,4,46.03,1197,254
2999,4,30.75,1197,253
3000,5,7.06,1197,253
3001,5,54.81,1197,253
3002,4,67.64,1198,252
3003,3,38.02,1198,252
3004,1,5.44,1198,252
3005,4,45.2,1199,252
3006,5,5.32,1200,252
3007,5,9.6,1200,254
3008,3,36.93,1200,252
3009,5,4.38,1200,254
3010,1,17.25,1201,252
3011,4,37.33,1201,252
3012,1,38.03,1201,252
3013,3,8.22,1201,252
3014,4,25.42,1202,253
3015,2,10.91,1202,252
3016,1,3.36,1202,253
3017,5,21.79,1203,252
3018,2,11.4,1203,252
3019,3,17.52,1203,254
3020,2,49.34,1203,252
3021,4,66.21,1204,252
3022,3,47.64,1204,254
3023,2,66.79,1204,254
3024,4,3.48,1204,252
3025,3,50.89,1205,252
3026,1,64.02,1205,252
3027,4,47.9,1205,254
3028,5,20.4,1206,254
3029,1,66.0,1206,254
3030,3,46.79,1206,253
3031,1,21.93,1207,254
3032,5,4.96,1207,254
3033,5,43.28,1208,253
3034,2,52.55,1208,252
3035,4,48.04,1208,254
3036,1,65.47,1208,253
3037,1,13.58,1209,253
3038,3,76.3,1209,253
3039,4,46.54,1209,252
3040,2,66.81,1209,253
3041,5,36.79,1210,252
3042,2,4.05,1211,253
3043,1,42.21,1211,254
3044,2,10.24,1211,253
3045,1,67.6,1211,254
3046,2,30.81,1212,254
3047,1,78.13,1213,252
3048,1,77.7,1214,253
3049,5,42.03,1215,258
3050,5,78.66,1215,260
3051,4,74.74,1215,257
3052,4,39.0,1216,262
3053,3,48.46,1217,256
3054,5,23.09,1218,257
3055,5,54.29,1218,257
3056,4,58.64,1218,261
3057,5,75.58,1218,262
3058,2,57.64,1219,259
3059,1,63.63,1219,261
3060,1,29.66,1219,255
3061,5,45.54,1220,260
3062,4,29.62,1220,262
3063,5,64.23,1220,261
3064,3,67.14,1221,261
3065,4,44.65,1221,259
3066,5,35.49,1221,259
3067,4,41.91,1221,257
3068,1,32.1,1222,257
3069,3,47.24,1222,258
3070,4,23.47,1222,257
3071,5,56.34,1223,258
3072,5,5.2,1223,261
3073,2,78.83,1223,261
3074,4,13.8,1223,262
3075,1,25.39,1224,258
3076,2,57.75,1225,256
3077,2,18.64,1225,261
3078,3,27.05,1226,256
3079,3,40.66,1227,259
3080,1,50.07,1227,261
3081,3,52.72,1227,258
3082,4,67.92,1228,262
3083,4,71.93,1228,256
3084,5,11.89,1228,259
3085,5,43.98,1228,255
3086,1,23.18,1229,262
3087,3,34.27,1229,256
3088,3,44.58,1230,258
3089,5,32.87,1230,262
3090,3,74.56,1230,261
3091,5,26.36,1230,256
3092,1,11.68,1231,257
3093,3,21.22,1232,261
3094,1,29.4,1232,256
3095,4,8.13,1232,255
3096,2,66.94,1232,261
3097,1,42.14,1233,259
3098,3,31.05,1233,255
3099,2,25.3,1234,259
3100,2,5.66,1234,261
3101,4,55.23,1234,259
3102,1,27.5,1235,261
3103,3,14.62,1235,259
3104,3,35.04,1235,260
3105,4,60.99,1235,260
3106,3,77.25,1236,258
3107,5,64.81,1236,255
3108,4,12.21,1236,260
3109,2,62.09,1237,260
3110,3,6.23,1237,261
3111,1,56.19,1238,261
3112,3,16.12,1239,262
3113,4,77.22,1239,262
3114,5,7.25,1240,255
3115,1,8.17,1240,259
3116,1,9.2,1240,259
3117,5,3.17,1241,262
3118,2,70.22,1242,257
3119,5,48.45,1242,260
3120,3,68.51,1243,261
3121,1,13.49,1243,256
3122,2,6.17,1243,259
3123,2,59.36,1243,262
3124,5,5.75,1244,260
3125,2,30.74,1244,259
3126,5,15.64,1244,257
3127,1,54.4,1244,258
3128,1,4.45,1245,261
3129,3,25.83,1245,260
3130,3,52.87,1245,260
3131,2,74.9,1246,262
3132,3,62.04,1246,262
3133,2,20.95,1247,259
3134,2,40.16,1247,255
3135,2,69.67,1247,261
3136,2,65.93,1247,262
3137,5,63.15,1248,258
3138,1,32.16,1249,258
3139,3,58.1,1249,257
3140,3,2.92,1250,256
3141,5,7.39,1250,261
3142,4,28.94,1251,257
3143,3,22.43,1252,255
3144,5,18.4,1252,260
3145,1,39.06,1252,258
3146,2,52.2,1253,256
3147,2,43.86,1253,259
3148,5,59.36,1253,261
3149,3,79.47,1254,260
3150,2,21.8,1255,258
3151,1,65.2,1255,261
3152,3,15.65,1255,257
3153,2,66.87,1255,258
3154,2,78.11,1256,262
3155,2,42.33,1257,255
3156,5,45.45,1257,258
3157,1,16.44,1258,257
3158,4,35.85,1259,256
3159,1,72.98,1259,262
3160,4,11.49,1259,256
3161,3,16.77,1259,261
3162,5,24.57,1260,260
3163,2,52.01,1260,256
3164,2,26.56,1261,261
3165,5,26.68,1261,256
3166,4,67.15,1262,261
3167,3,76.29,1263,261
3168,4,67.06,1263,260
3169,1,72.43,1263,255
3170,1,72.59,1264,261
3171,3,2.12,1265,262
3172,5,27.27,1265,261
3173,1,42.78,1266,255
3174,3,62.29,1266,258
3175,4,34.74,1266,258
3176,3,45.21,1266,261
3177,1,43.18,1267,261
3178,5,45.32,1267,256
3179,4,43.27,1267,262
3180,5,7.67,1267,255
3181,1,46.41,1268,261
3182,1,56.07,1268,258
3183,2,3.74,1268,256
3184,2,35.67,1268,260
3185,1,45.16,1269,255
3186,5,30.75,1269,257
3187,1,63.15,1269,260
3188,3,57.07,1270,257
3189,4,25.15,1270,257
3190,1,9.53,1270,257
3191,3,9.17,1270,261
3192,5,75.56,1271,260
3193,5,47.84,1271,262
3194,3,73.47,1272,256
3195,5,29.04,1272,259
3196,3,39.92,1272,255
3197,4,66.78,1273,268
3198,5,3.41,1273,268
3199,1,6.94,1273,266
3200,4,15.39,1274,269
3201,5,49.66,1275,268
3202,3,2.39,1275,263
3203,4,20.75,1276,264
3204,4,7.65,1276,267
3205,3,2.49,1276,263
3206,1,11.06,1277,265
3207,1,26.57,1278,266
3208,4,6.15,1279,267
3209,2,17.57,1279,263
3210,4,22.0,1280,268
3211,5,57.49,1281,268
3212,3,19.71,1281,268
3213,2,64.2,1281,267
3214,3,12.26,1282,265
3215,3,76.61,1282,269
3216,1,34.25,1282,268
3217,1,76.83,1282,269
3218,5,8.45,1283,269
3219,1,4.77,1283,265
3220,1,13.99,1283,269
3221,1,38.53,1284,265
3222,2,77.72,1284,269
3223,3,69.97,1285,264
3224,4,43.34,1285,266
3225,4,17.11,1286,267
3226,2,79.2,1286,265
3227,3,74.61,1286,267
3228,2,44.68,1286,264
3229,4,73.37,1287,267
3230,1,27.81,1287,263
3231,4,65.67,1287,265
3232,3,8.24,1288,266
3233,2,18.07,1288,264
3234,1,48.34,1288,267
3235,1,53.95,1289,267
3236,1,71.38,1289,263
3237,1,79.75,1289,266
3238,2,27.63,1290,265
3239,2,51.44,1291,266
3240,5,30.93,1291,264
3241,1,54.02,1292,264
3242,1,14.32,1293,266
3243,3,18.74,1294,268
3244,1,36.17,1295,263
3245,4,9.79,1295,266
3246,2,67.87,1295,266
3247,1,73.25,1296,268
3248,1,5.76,1296,266
3249,3,76.68,1296,267
3250,2,55.82,1297,267
3251,2,35.42,1298,267
3252,5,72.97,1299,264
3253,3,70.68,1299,267
3254,2,76.87,1299,265
3255,2,5.56,1300,266
3256,1,4.59,1300,266
3257,4,46.41,1300,267
3258,5,6.59,1301,267
3259,4,57.94,1301,266
3260,3,5.44,1301,268
3261,2,79.7,1301,267
3262,2,46.48,1302,265
3263,3,47.32,1302,265
3264,4,61.18,1303,269
3265,2,28.07,1303,263
3266,2,14.53,1303,265
3267,1,7.68,1303,264
3268,2,24.3,1304,266
3269,5,21.87,1304,267
3270,1,50.96,1304,268
3271,5,56.79,1304,264
3272,1,3.19,1305,269
3273,1,29.78,1306,263
3274,5,45.35,1306,266
3275,5,21.76,1306,263
3276,2,71.14,1306,263
3277,5,74.35,1307,265
3278,3,76.7,1307,266
3279,1,15.34,1308,268
3280,5,62.14,1308,265
3281,4,54.34,1309,264
3282,1,71.01,1309,264
3283,4,71.41,1310,268
3284,5,11.83,1310,266
3285,1,9.09,1310,265
3286,2,19.6,1310,269
3287,1,52.47,1311,267
3288,2,7.27,1311,267
3289,5,9.37,1312,263
3290,1,41.24,1312,264
3291,5,30.97,1312,267
3292,4,15.06,1313,268
3293,1,31.77,1313,267
3294,1,57.29,1313,269
3295,3,73.54,1313,266
3296,5,75.52,1314,267
3297,5,39.41,1314,264
3298,5,23.54,1314,265
3299,1,53.27,1314,267
3300,2,44.99,1315,267
3301,2,53.67,1316,264
3302,1,21.65,1316,265
3303,5,60.33,1317,263
3304,4,77.97,1317,265
3305,1,11.95,1318,268
3306,2,78.34,1318,265
3307,4,30.02,1319,272
3308,1,21.01,1319,273
3309,1,72.08,1319,272
3310,5,9.3,1319,275
3311,1,28.87,1320,279
3312,4,72.44,1321,271
3313,5,43.91,1321,272
3314,1,55.34,1321,272
3315,4,25.29,1322,279
3316,1,75.64,1323,270
3317,3,21.34,1323,278
3318,2,46.26,1324,273
3319,1,34.74,1324,270
3320,4,67.63,1325,276
3321,4,76.42,1325,270
3322,4,20.24,1325,276
3323,3,30.21,1326,274
3324,5,24.38,1326,274
3325,3,53.17,1326,277
3326,4,32.54,1326,273
3327,3,2.67,1327,279
3328,4,15.05,1327,273
3329,2,68.03,1327,276
3330,2,35.84,1327,271
3331,2,73.73,1328,275
3332,5,56.24,1328,274
3333,2,9.91,1328,278
3334,5,51.63,1328,270
3335,5,74.56,1329,272
3336,3,19.21,1330,278
3337,3,64.79,1330,272
3338,3,75.88,1330,272
3339,3,54.0,1330,275
3340,1,65.1,1331,273
3341,1,8.14,1331,275
3342,3,30.84,1332,277
3343,4,73.46,1332,279
3344,3,40.95,1332,277
3345,2,30.12,1333,273
3346,4,30.92,1333,277
3347,3,32.66,1333,279
3348,2,8.17,1334,275
3349,3,30.86,1334,278
3350,1,46.67,1334,279
3351,2,61.31,1335,279
3352,2,27.2,1335,275
3353,5,31.74,1335,274
3354,1,37.35,1336,274
3355,2,20.69,1336,279
3356,1,79.82,1337,282
3357,5,47.51,1337,281
3358,2,75.39,1337,286
3359,1,37.32,1338,283
3360,2,53.31,1338,283
3361,4,75.33,1339,286
3362,3,58.93,1340,283
3363,3,65.62,1341,285
3364,3,59.65,1341,281
3365,1,10.77,1342,281
3366,2,69.84,1342,286
3367,1,55.94,1342,283
3368,3,70.27,1342,286
3369,5,35.54,1343,285
3370,3,33.73,1343,281
3371,3,65.59,1344,286
3372,3,52.63,1345,285
3373,1,4.84,1345,281
3374,4,68.79,1345,281
3375,2,11.35,1346,280
3376,5,25.49,1346,284
3377,1,62.0,1346,281
3378,4,43.27,1346,285
3379,1,17.45,1347,284
3380,3,29.38,1347,281
3381,5,52.3,1348,284
3382,5,29.48,1349,286
3383,2,72.94,1349,281
3384,2,13.76,1349,285
3385,5,49.06,1350,281
3386,1,24.41,1350,286
3387,4,35.29,1351,284
3388,3,77.82,1351,283
3389,4,49.36,1352,286
3390,1,61.63,1352,286
3391,1,40.33,1353,281
3392,1,77.17,1354,294
3393,4,74.0,1354,291
3394,4,60.79,1355,289
3395,2,18.37,1355,290
3396,2,13.05,1355,289
3397,3,79.78,1356,292
3398,5,79.25,1356,296
3399,2,57.95,1356,289
3400,2,66.04,1357,296
3401,3,18.46,1357,287
3402,4,20.89,1357,294
3403,2,7.2,1357,288
3404,3,10.15,1358,290
3405,1,39.87,1358,292
3406,2,68.83,1358,291
3407,1,52.95,1358,292
3408,2,33.3,1359,287
3409,5,63.19,1359,293
3410,2,46.53,1359,294
3411,3,32.12,1359,292
3412,5,7.67,1360,289
3413,1,30.73,1360,293
3414,3,7.62,1360,296
3415,1,46.43,1361,288
3416,5,58.23,1361,296
3417,2,48.09,1361,294
3418,2,3.42,1362,289
3419,1,12.6,1363,288
3420,2,25.98,1363,290
3421,5,21.0,1363,293
3422,5,33.48,1363,295
3423,2,7.79,1364,293
3424,4,71.67,1364,290
3425,1,64.24,1364,289
3426,2,36.15,1364,293
3427,5,34.79,1365,290
3428,2,75.37,1365,296
3429,3,17.84,1365,296
3430,1,51.14,1365,293
3431,2,20.19,1366,289
3432,1,14.37,1366,296
3433,1,29.45,1366,287
3434,5,51.93,1367,291
3435,4,2.54,1367,287
3436,1,12.94,1367,295
3437,4,33.27,1368,296
3438,4,48.26,1368,291
3439,1,34.74,1368,290
3440,4,71.46,1368,293
3441,1,33.72,1369,292
3442,3,46.07,1370,296
3443,2,77.11,1370,294
3444,1,10.57,1370,296
3445,3,12.71,1370,293
3446,5,38.34,1371,287
3447,2,30.7,1371,288
3448,2,43.26,1371,294
3449,3,49.9,1372,295
3450,3,34.29,1373,293
3451,2,25.29,1373,292
3452,3,70.22,1373,291
3453,5,11.46,1374,296
3454,5,47.95,1374,296
3455,2,67.04,1374,291
3456,4,22.58,1375,295
3457,5,15.36,1375,290
3458,1,48.28,1375,295
3459,5,54.18,1376,295
3460,5,47.45,1376,291
3461,5,36.75,1377,287
3462,3,25.51,1378,295
3463,3,17.03,1378,293
3464,3,28.26,1378,296
3465,2,69.01,1378,289
3466,5,35.76,1379,291
3467,4,74.45,1379,289
3468,5,19.43,1379,287
3469,2,59.24,1380,294
3470,2,27.8,1381,292
3471,4,77.18,1381,295
3472,4,77.73,1381,288
3473,5,49.54,1381,288
3474,3,56.27,1382,293
3475,4,19.26,1382,288
3476,3,71.44,1383,290
3477,4,14.29,1383,289
3478,3,16.28,1384,293
3479,2,53.17,1384,287
3480,3,20.1,1384,294
3481,5,34.42,1384,293
3482,2,46.39,1385,291
3483,4,60.75,1385,287
3484,2,71.12,1385,288
3485,4,22.55,1386,287
3486,1,14.74,1387,295
3487,5,75.66,1387,293
3488,4,28.39,1387,294
3489,5,79.53,1388,296
3490,2,2.73,1388,287
3491,2,17.94,1389,287
3492,4,36.4,1390,288
3493,4,63.1,1390,292
3494,1,36.13,1390,293
3495,2,62.52,1390,296
3496,2,23.68,1391,292
3497,2,59.31,1392,295
3498,3,65.65,1392,289
3499,1,11.91,1393,291
3500,4,7.31,1393,296
3501,2,53.63,1394,289
3502,3,6.07,1394,292
3503,5,38.08,1395,288
3504,4,52.09,1395,294
3505,3,66.34,1395,293
3506,4,30.06,1396,295
3507,2,28.48,1397,288
3508,2,14.13,1397,296
3509,1,64.61,1397,296
3510,3,32.05,1397,295
3511,2,39.87,1398,290
3512,4,46.73,1398,288
3513,1,43.41,1399,295
3514,5,5.9,1400,288
3515,4,68.69,1400,294
3516,3,56.1,1400,290
3517,5,13.78,1400,288
3518,5,26.83,1401,288
3519,4,9.96,1401,289
3520,2,19.18,1402,294
3521,2,14.76,1402,292
3522,3,13.67,1402,288
3523,5,70.57,1403,293
3524,2,72.88,1403,287
3525,5,65.68,1403,290
3526,3,41.17,1404,295
3527,1,64.75,1405,287
3528,3,49.88,1405,293
3529,5,55.38,1405,288
3530,5,61.75,1405,292
3531,4,35.32,1406,290
3532,2,75.92,1406,296
3533,4,26.87,1407,298
3534,2,73.14,1407,301
3535,2,3.37,1407,297
3536,4,29.24,1407,297
3537,5,58.56,1408,298
3538,2,48.22,1408,297
3539,1,27.16,1408,303
3540,5,26.78,1409,303
3541,5,33.37,1409,300
3542,5,58.37,1410,302
3543,2,5.33,1410,300
3544,5,28.49,1411,298
3545,1,23.26,1412,301
3546,2,68.34,1413,297
3547,5,53.69,1414,297
3548,3,43.99,1414,303
3549,4,44.39,1414,301
3550,5,10.56,1415,299
3551,2,67.3,1416,302
3552,1,5.32,1416,300
3553,2,46.46,1416,301
3554,2,66.89,1417,301
3555,3,62.52,1417,300
3556,4,23.98,1417,303
3557,4,60.42,1417,303
3558,3,53.36,1418,297
3559,5,12.99,1418,300
3560,3,55.83,1419,297
3561,3,59.15,1420,301
3562,2,66.38,1421,300
3563,5,49.53,1421,301
3564,3,46.88,1421,301
3565,1,52.83,1421,301
3566,4,33.97,1422,302
3567,2,57.09,1422,297
3568,1,29.13,1422,298
3569,2,44.06,1422,298
3570,3,65.15,1423,299
3571,3,45.15,1424,298
3572,1,37.19,1425,301
3573,2,15.83,1426,301
3574,2,70.8,1426,301
3575,4,72.21,1427,297
3576,5,28.23,1427,297
3577,5,73.22,1427,303
3578,4,15.81,1427,300
3579,1,77.91,1428,305
3580,2,57.92,1429,305
3581,1,54.5,1429,310
3582,5,58.81,1430,304
3583,5,39.2,1430,309
3584,1,33.67,1430,307
3585,4,32.08,1430,309
3586,1,51.51,1431,308
3587,5,9.84,1431,309
3588,5,36.68,1432,307
3589,1,37.93,1432,308
3590,1,29.48,1432,308
3591,4,47.21,1432,308
3592,2,59.29,1433,304
3593,2,56.72,1433,307
3594,3,56.28,1433,310
3595,4,43.64,1433,310
3596,2,27.25,1434,305
3597,3,27.44,1435,308
3598,3,54.35,1435,309
3599,5,69.21,1436,304
3600,4,22.91,1436,307
3601,1,61.63,1437,308
3602,5,32.92,1437,304
3603,5,2.3,1437,310
3604,5,29.45,1438,308
3605,5,24.17,1438,306
3606,1,76.38,1438,305
3607,4,38.04,1439,306
3608,5,43.84,1440,308
3609,1,79.78,1440,306
3610,5,43.63,1440,306
3611,3,26.65,1440,310
3612,1,27.48,1441,305
3613,1,67.18,1441,304
3614,2,33.08,1441,307
3615,1,32.94,1441,306
3616,3,43.7,1442,306
3617,3,42.57,1442,310
3618,1,27.73,1443,306
3619,5,44.98,1443,308
3620,5,29.12,1444,310
3621,3,73.39,1445,304
3622,1,18.6,1445,309
3623,3,58.18,1445,310
3624,4,9.94,1445,310
3625,4,24.84,1446,308
3626,3,61.85,1446,305
3627,4,78.34,1446,309
3628,5,61.37,1447,309
3629,4,70.5,1448,310
3630,1,4.44,1448,309
3631,1,20.01,1449,306
3632,4,39.75,1450,309
3633,3,14.86,1451,304
3634,4,13.06,1451,310
3635,2,11.11,1451,306
3636,5,48.59,1451,310
3637,2,11.74,1452,304
3638,3,20.4,1452,309
3639,4,25.97,1453,307
3640,3,44.21,1453,309
3641,3,31.04,1453,305
3642,5,19.57,1454,304
3643,4,66.77,1454,305
3644,2,56.72,1455,310
3645,2,53.36,1456,304
3646,1,74.49,1456,310
3647,4,20.47,1456,310
3648,2,51.4,1456,307
3649,5,29.03,1457,316
3650,3,45.22,1457,313
3651,2,57.6,1458,316
3652,1,33.67,1458,319
3653,3,40.16,1458,312
3654,3,26.06,1459,312
3655,2,61.65,1460,314
3656,3,62.25,1460,315
3657,4,70.16,1460,315
3658,1,66.99,1460,318
3659,2,22.28,1461,314
3660,1,28.0,1461,318
3661,5,43.68,1461,314
3662,2,11.74,1461,314
3663,5,73.64,1462,313
3664,4,75.03,1462,319
3665,3,63.96,1463,318
3666,2,26.65,1464,312
3667,3,16.16,1464,318
3668,3,33.87,1464,314
3669,3,58.86,1464,318
3670,3,35.14,1465,318
3671,1,59.35,1466,318
3672,4,74.81,1466,317
3673,5,74.71,1466,315
3674,2,18.37,1466,317
3675,3,77.79,1467,316
3676,1,49.55,1467,311
3677,1,10.75,1467,319
3678,5,45.22,1467,318
3679,3,14.77,1468,312
3680,5,48.37,1468,319
3681,4,23.6,1469,319
3682,5,25.21,1469,318
3683,5,30.92,1469,313
3684,5,11.86,1470,319
3685,1,67.72,1470,311
3686,2,13.19,1470,318
3687,5,44.15,1471,318
3688,1,38.05,1471,316
3689,5,43.27,1471,315
3690,4,40.71,1472,313
3691,5,79.6,1472,319
3692,2,43.2,1473,316
3693,5,78.91,1474,318
3694,5,8.22,1474,316
3695,1,36.73,1475,311
3696,3,26.62,1475,319
3697,1,50.98,1476,316
3698,5,44.0,1476,311
3699,4,76.97,1476,311
3700,1,60.2,1477,312
3701,1,46.9,1477,312
3702,1,21.39,1477,319
3703,2,68.52,1477,318
3704,4,5.3,1478,311
3705,5,27.59,1478,319
3706,1,70.59,1479,315
3707,2,57.74,1479,314
3708,4,7.43,1479,316
3709,2,73.37,1480,312
3710,2,55.84,1480,319
3711,5,33.27,1480,314
3712,2,29.55,1480,311
3713,1,30.6,1481,315
3714,4,53.92,1481,312
3715,3,69.14,1481,317
3716,2,47.61,1481,313
3717,2,32.65,1482,311
3718,2,67.39,1482,314
3719,4,39.92,1482,318
3720,4,33.97,1483,316
3721,2,25.01,1483,319
3722,1,31.46,1483,315
3723,3,7.36,1483,317
3724,3,51.5,1484,314
3725,3,43.76,1484,315
3726,4,66.6,1484,311
3727,3,77.14,1484,311
3728,1,22.6,1485,318
3729,4,18.27,1485,313
3730,3,37.36,1486,319
3731,5,19.93,1486,316
3732,2,74.27,1486,317
3733,5,50.88,1487,311
3734,5,15.55,1487,319
3735,5,61.56,1487,315
3736,3,10.73,1488,314
3737,3,43.94,1488,318
3738,2,67.98,1488,312
3739,5,76.87,1489,312
3740,1,61.09,1489,315
3741,1,17.84,1489,314
3742,5,41.3,1489,319
3743,4,52.85,1490,316
3744,5,19.35,1490,314
3745,2,33.57,1490,318
3746,4,3.09,1490,315
3747,3,17.05,1491,317
3748,3,63.43,1492,311
3749,3,7.29,1492,313
3750,2,71.77,1492,311
3751,3,61.12,1493,312
3752,1,46.07,1494,313
3753,3,30.96,1494,314
3754,5,52.17,1494,311
3755,2,60.55,1495,319
3756,4,4.2,1495,319
3757,2,16.3,1496,316
3758,1,79.36,1496,315
3759,2,16.47,1496,311
3760,3,66.93,1496,314
3761,1,17.01,1497,317
3762,1,13.65,1498,317
3763,4,56.17,1498,313
3764,1,74.87,1498,313
3765,1,4.48,1498,316
3766,2,7.47,1499,316
3767,2,33.92,1499,319
3768,5,4.43,1499,316
3769,4,39.11,1499,316
3770,3,76.51,1500,311
3771,1,64.29,1500,314
3772,4,15.39,1501,312
3773,1,53.1,1502,318
3774,2,16.48,1502,311
3775,3,26.66,1502,315
3776,4,63.8,1502,318
3777,4,67.07,1503,318
3778,2,61.25,1504,315
3779,2,16.33,1504,313
3780,2,18.74,1505,315
3781,1,13.07,1505,311
3782,5,23.18,1505,318
3783,2,54.6,1506,317
3784,4,33.9,1507,318
3785,5,65.83,1507,319
3786,5,44.12,1508,320
3787,4,4.89,1508,320
3788,1,46.85,1508,320
3789,2,64.82,1509,322
3790,3,39.36,1510,321
3791,5,54.61,1510,320
3792,2,38.16,1510,320
3793,1,41.02,1510,321
3794,4,66.03,1511,322
3795,1,78.18,1511,320
3796,1,36.1,1512,320
3797,1,33.49,1512,322
3798,2,63.26,1513,320
3799,3,44.15,1513,322
3800,2,46.78,1514,322
3801,2,7.14,1515,320
3802,1,30.02,1516,321
3803,1,70.53,1516,320
3804,2,63.88,1517,322
3805,4,37.37,1517,322
3806,1,49.75,1517,320
3807,5,42.65,1517,322
3808,1,47.21,1518,320
3809,2,55.47,1519,320
3810,4,59.89,1519,322
3811,4,2.69,1520,322
3812,4,80.0,1521,321
3813,2,5.17,1521,320
3814,5,65.64,1521,322
3815,5,23.63,1521,320
3816,4,8.43,1522,320
3817,5,70.83,1522,321
3818,3,27.72,1523,320
3819,5,77.1,1523,321
3820,2,77.88,1523,320
3821,2,27.27,1524,320
3822,3,34.2,1524,320
3823,4,27.09,1524,322
3824,4,35.69,1525,320
3825,1,9.45,1525,322
3826,2,22.83,1525,322
3827,5,13.87,1526,320
3828,1,13.64,1527,321
3829,2,4.63,1527,321
3830,5,71.2,1527,321
3831,2,63.59,1528,321
3832,2,34.1,1528,320
3833,2,28.87,1528,321
3834,1,2.66,1528,320
3835,5,56.7,1529,320
3836,5,11.06,1529,321
3837,3,46.03,1530,321
3838,4,10.92,1530,320
3839,1,38.24,1530,320
3840,1,8.65,1531,322
3841,1,58.43,1532,322
3842,1,29.37,1533,320
3843,1,53.08,1533,321
3844,5,57.8,1533,320
3845,4,59.36,1533,321
3846,3,31.78,1534,320
3847,3,53.1,1534,320
3848,4,34.68,1534,320
3849,1,50.52,1535,321
3850,3,40.36,1536,320
3851,3,20.32,1536,322
3852,2,75.34,1537,320
3853,2,66.43,1537,322
3854,4,56.88,1538,321
3855,3,74.69,1538,321
3856,2,68.76,1538,321
3857,1,76.6,1538,322
3858,5,68.79,1539,321
3859,5,24.89,1539,321
3860,1,53.67,1539,322
3861,1,51.85,1539,321
3862,3,77.94,1540,324
3863,2,26.43,1540,325
3864,2,25.99,1540,325
3865,4,70.54,1540,326
3866,3,49.16,1541,325
3867,2,29.84,1541,327
3868,2,3.34,1541,326
3869,3,64.48,1541,328
3870,2,44.64,1542,323
3871,5,13.45,1542,324
3872,1,68.86,1542,326
3873,2,25.92,1542,325
3874,5,64.51,1543,327
3875,1,79.46,1543,326
3876,3,69.56,1543,323
3877,1,14.56,1544,325
3878,3,17.29,1544,328
3879,1,57.24,1545,323
3880,4,13.1,1546,328
3881,5,32.03,1546,323
3882,1,48.38,1547,327
3883,5,50.59,1547,323
3884,2,25.23,1548,326
3885,1,48.0,1549,326
3886,5,34.37,1549,328
3887,1,71.0,1549,326
3888,2,61.32,1549,325
3889,4,66.08,1550,325
3890,3,73.86,1550,328
3891,1,8.01,1550,326
3892,4,73.96,1551,327
3893,5,61.32,1552,328
3894,2,38.5,1552,326
3895,1,35.29,1552,327
3896,5,10.66,1552,327
3897,3,39.53,1553,323
3898,5,17.44,1553,325
3899,2,5.14,1553,326
3900,5,69.34,1553,323
3901,3,38.31,1554,327
3902,1,3.15,1554,328
3903,3,54.19,1554,325
3904,2,14.66,1555,323
3905,4,47.64,1555,326
3906,5,54.17,1555,326
3907,5,29.49,1555,326
3908,3,7.17,1556,327
3909,1,21.18,1556,325
3910,2,8.98,1556,323
3911,1,67.42,1556,325
3912,2,17.41,1557,323
3913,1,50.36,1558,324
3914,5,12.68,1558,327
3915,3,73.2,1559,328
3916,1,13.49,1560,325
3917,1,31.41,1560,328
3918,2,54.08,1561,327
3919,3,20.15,1561,327
3920,3,73.14,1562,326
3921,1,26.96,1563,324
3922,5,28.28,1563,328
3923,1,12.67,1563,323
3924,4,72.79,1563,325
3925,5,9.68,1564,325
3926,3,14.07,1564,328
3927,1,61.47,1564,327
3928,4,14.54,1564,328
3929,3,62.19,1565,326
3930,4,38.55,1565,323
3931,3,7.04,1565,323
3932,1,37.93,1565,323
3933,4,43.46,1566,328
3934,2,39.53,1566,328
3935,1,18.89,1566,326
3936,3,66.06,1567,325
3937,5,68.04,1567,328
3938,4,54.39,1567,326
3939,1,14.64,1567,324
3940,2,45.29,1568,325
3941,1,37.0,1568,326
3942,3,12.62,1568,326
3943,4,55.29,1568,324
3944,5,77.42,1569,326
3945,4,34.57,1569,324
3946,5,67.2,1570,327
3947,1,33.7,1570,328
3948,1,64.19,1570,327
3949,5,79.5,1570,327
3950,2,22.26,1571,325
3951,1,55.61,1571,327
3952,2,38.99,1571,327
3953,4,76.22,1572,323
3954,3,16.96,1572,328
3955,3,34.1,1572,323
3956,4,41.01,1572,326
3957,1,47.76,1573,323
3958,2,66.83,1573,327
3959,3,13.48,1573,324
3960,4,18.38,1573,326
3961,1,57.08,1574,324
3962,2,39.61,1574,323
3963,4,49.33,1575,326
3964,1,34.99,1575,323
3965,3,14.29,1575,327
3966,3,10.89,1575,325
3967,1,67.17,1576,327
3968,1,18.17,1576,324
3969,1,79.76,1577,325
3970,1,34.94,1578,323
3971,2,64.89,1579,323
3972,3,55.45,1580,323
3973,4,16.32,1581,325
3974,4,47.05,1581,323
3975,4,14.47,1581,325
3976,4,35.79,1581,324
3977,3,6.75,1582,334
3978,5,58.83,1582,337
3979,3,10.48,1582,338
3980,4,16.05,1583,330
3981,2,71.79,1583,330
3982,5,65.73,1584,329
3983,2,66.77,1584,335
3984,4,32.82,1584,334
3985,3,78.22,1585,338
3986,4,22.65,1585,338
3987,3,3.82,1585,329
3988,4,79.51,1586,335
3989,1,15.23,1586,337
3990,1,53.88,1586,330
3991,5,76.87,1586,331
3992,3,70.81,1587,332
3993,5,4.54,1587,333
3994,5,46.65,1587,329
3995,2,18.09,1588,329
3996,2,21.08,1588,330
3997,3,68.57,1589,329
3998,1,50.22,1589,332
3999,3,24.13,1589,329
4000,2,50.65,1590,332
4001,2,70.26,1590,333
4002,2,32.74,1590,331
4003,3,46.02,1591,337
4004,3,9.06,1592,338
4005,1,36.66,1592,334
4006,5,32.64,1592,338
4007,4,33.32,1593,330
4008,4,37.86,1593,338
4009,1,46.18,1594,346
4010,3,50.53,1594,340
4011,5,12.33,1594,345
4012,2,58.36,1595,341
4013,4,68.69,1595,343
4014,4,26.84,1595,345
4015,1,71.45,1596,345
4016,1,36.99,1596,342
4017,3,70.22,1597,343
4018,1,16.9,1597,340
4019,1,29.6,1597,342
4020,2,58.14,1598,341
4021,1,47.39,1598,340
4022,3,20.55,1598,339
4023,2,22.35,1599,341
4024,3,56.01,1599,343
4025,2,13.96,1599,340
4026,5,44.53,1599,343
4027,5,16.07,1600,339
4028,4,51.46,1601,342
4029,2,70.69,1601,341
4030,5,47.99,1601,345
4031,3,9.43,1601,339
4032,4,23.45,1602,344
4033,5,63.28,1602,344
4034,5,43.37,1602,341
4035,2,33.55,1603,341
4036,1,59.69,1603,343
4037,4,39.62,1603,341
4038,3,25.8,1603,342
4039,5,32.56,1604,341
4040,5,16.3,1605,345
4041,2,47.94,1606,343
4042,2,52.4,1606,340
4043,2,63.85,1606,342
4044,3,8.8,1606,341
4045,4,15.28,1607,346
4046,1,12.48,1607,345
4047,1,22.46,1607,344
4048,1,77.1,1607,344
4049,1,3.46,1608,342
4050,5,7.84,1608,340
4051,5,19.13,1608,344
4052,4,9.3,1609,342
4053,4,68.47,1609,339
4054,4,77.28,1609,341
4055,4,10.65,1610,345
4056,1,38.97,1610,345
4057,2,32.49,1610,342
4058,2,38.12,1611,342
4059,3,35.05,1611,346
4060,4,53.4,1611,342
4061,1,52.15,1612,343
4062,2,75.22,1613,340
4063,4,29.22,1613,343
4064,1,73.4,1613,342
4065,5,30.24,1614,345
4066,1,34.92,1614,342
4067,3,49.14,1614,341
4068,5,78.02,1614,343
4069,1,41.9,1615,346
4070,1,79.84,1615,346
4071,5,50.01,1615,342
4072,3,45.71,1616,346
4073,3,22.8,1616,343
4074,3,35.42,1617,344
4075,2,41.08,1617,345
4076,5,21.93,1617,339
4077,2,31.52,1618,341
4078,4,45.63,1618,339
4079,3,55.68,1618,341
4080,1,52.92,1619,339
4081,5,28.43,1619,344
4082,3,39.57,1619,343
4083,3,62.86,1620,339
4084,1,47.36,1620,342
4085,3,40.12,1621,345
4086,3,18.56,1622,339
4087,4,58.76,1622,340
4088,5,60.69,1622,344
4089,4,60.89,1623,345
4090,5,74.12,1623,340
4091,1,13.63,1624,346
4092,3,5.2,1625,346
4093,5,32.03,1625,343
4094,2,30.34,1625,345
4095,4,22.83,1626,345
4096,5,41.72,1626,342
4097,1,65.76,1627,346
4098,1,44.74,1627,341
4099,5,52.11,1628,347
4100,5,3.26,1628,351
4101,4,41.63,1628,351
4102,4,27.67,1628,351
4103,5,34.35,1629,349
4104,2,56.32,1629,351
4105,3,64.31,1630,349
4106,1,56.17,1631,347
4107,3,52.54,1631,351
4108,4,4.32,1632,350
4109,2,16.57,1632,347
4110,1,33.37,1632,348
4111,5,74.61,1632,347
4112,5,65.68,1633,348
4113,2,62.26,1634,348
4114,4,9.05,1634,347
4115,5,34.99,1634,349
4116,1,18.09,1635,351
4117,5,55.58,1635,348
4118,5,56.0,1636,347
4119,3,29.99,1636,351
4120,5,78.31,1636,350
4121,5,28.52,1637,351
4122,3,20.1,1638,351
4123,3,53.38,1638,348
4124,4,58.52,1639,347
4125,3,53.74,1640,347
4126,3,70.88,1640,351
4127,5,69.37,1640,347
4128,1,31.61,1640,349
4129,3,2.11,1641,350
4130,4,51.2,1642,347
4131,4,70.63,1642,348
4132,4,14.43,1643,348
4133,3,67.71,1644,349
4134,1,53.52,1644,347
4135,4,13.49,1644,351
4136,3,8.93,1645,350
4137,5,2.17,1645,351
4138,1,58.1,1645,350
4139,1,15.38,1645,350
4140,1,20.73,1646,347
4141,4,6.43,1646,348
4142,3,23.01,1647,349
4143,5,31.76,1647,348
4144,3,28.05,1647,351
4145,3,65.22,1648,348
4146,5,9.02,1649,348
4147,5,72.94,1650,351
4148,4,33.6,1650,347
4149,1,12.29,1651,349
4150,2,31.28,1651,348
4151,3,5.28,1651,349
4152,2,56.48,1651,350
4153,3,62.75,1652,349
4154,1,77.73,1652,350
4155,3,67.55,1652,351
4156,5,13.46,1652,349
4157,5,30.82,1653,350
4158,4,13.88,1653,348
4159,4,49.14,1654,351
4160,5,33.8,1654,351
4161,1,12.09,1654,351
4162,3,46.22,1654,350
4163,3,16.51,1655,351
4164,1,31.94,1656,350
4165,1,77.39,1656,351
4166,5,78.85,1657,351
4167,2,47.86,1657,351
4168,5,21.34,1657,349
4169,5,59.31,1657,350
4170,3,73.48,1658,350
4171,1,25.49,1658,348
4172,5,65.42,1659,347
4173,3,17.61,1659,351
4174,2,78.13,1659,351
4175,1,71.95,1660,349
4176,5,58.5,1661,347
4177,3,59.81,1661,348
4178,1,17.92,1662,351
4179,3,66.96,1663,350
4180,3,14.46,1663,348
4181,3,72.87,1663,349
4182,5,77.63,1663,348
4183,5,74.73,1664,355
4184,2,73.4,1665,356
4185,5,73.85,1665,358
4186,1,52.62,1665,358
4187,3,33.38,1665,353
4188,1,36.99,1666,355
4189,4,9.84,1666,356
4190,1,26.15,1667,358
4191,3,40.28,1667,352
4192,2,26.8,1667,352
4193,1,2.99,1668,355
4194,4,40.68,1668,357
4195,2,7.72,1668,354
4196,1,19.61,1668,352
4197,5,60.05,1669,356
4198,5,58.33,1669,356
4199,2,42.22,1669,353
4200,3,68.44,1670,354
4201,3,68.04,1670,354
4202,1,36.63,1671,356
4203,4,69.55,1671,358
4204,2,26.59,1671,352
4205,1,55.96,1671,355
4206,4,51.13,1672,357
4207,2,69.38,1673,356
4208,3,8.12,1673,354
4209,5,63.99,1674,356
4210,1,27.03,1675,358
4211,3,21.41,1676,357
4212,1,73.9,1676,352
4213,4,66.06,1676,352
4214,1,24.23,1676,356
4215,3,71.64,1677,352
4216,5,23.55,1677,352
4217,2,49.13,1677,358
4218,2,47.91,1678,355
4219,3,51.01,1679,357
4220,1,53.49,1679,356
4221,5,2.97,1679,355
4222,3,14.28,1679,357
4223,2,58.35,1680,354
4224,4,12.31,1680,352
4225,5,72.81,1681,352
4226,1,48.53,1682,352
4227,1,48.76,1682,356
4228,1,44.19,1682,357
4229,3,69.52,1682,352
4230,4,31.53,1683,352
4231,3,43.89,1683,356
4232,2,16.54,1684,352
4233,1,48.33,1684,355
4234,1,25.03,1684,355
4235,2,13.45,1684,354
4236,4,76.25,1685,354
4237,3,25.11,1685,357
4238,1,69.36,1685,357
4239,2,73.65,1685,353
4240,1,66.18,1686,356
4241,3,58.88,1686,356
4242,3,34.86,1686,358
4243,4,64.7,1686,355
4244,5,31.32,1687,352
4245,3,20.1,1687,352
4246,2,60.43,1687,352
4247,5,72.76,1688,352
4248,2,72.73,1688,356
4249,4,5.78,1688,358
4250,1,32.68,1688,352
4251,1,12.08,1689,356
4252,1,52.46,1689,355
4253,3,67.32,1689,356
4254,5,11.22,1690,353
4255,2,30.46,1691,352
4256,3,46.34,1692,357
4257,5,30.6,1692,358
4258,1,46.81,1692,358
4259,2,77.6,1692,352
4260,2,69.32,1693,355
4261,3,78.56,1694,356
4262,2,5.42,1694,354
4263,5,77.09,1694,354
4264,5,11.42,1695,363
4265,3,61.44,1696,362
4266,4,14.24,1696,360
4267,5,63.95,1696,361
4268,3,56.55,1697,362
4269,2,26.15,1698,362
4270,1,36.92,1698,361
4271,4,69.37,1698,360
4272,4,72.34,1698,362
4273,3,41.31,1699,359
4274,4,19.97,1700,364
4275,3,35.01,1701,361
4276,3,7.85,1702,360
4277,5,27.46,1702,362
4278,5,22.7,1702,364
4279,4,47.51,1703,361
4280,4,11.6,1703,364
4281,1,61.16,1703,363
4282,4,47.3,1704,362
4283,3,32.29,1704,359
4284,5,20.33,1704,361
4285,4,44.66,1705,359
4286,3,55.56,1705,359
4287,2,77.7,1705,364
4288,4,68.11,1705,364
4289,1,45.97,1706,360
4290,2,16.79,1707,360
4291,5,56.49,1707,360
4292,3,22.21,1708,360
4293,5,73.88,1708,361
4294,2,61.52,1708,362
4295,4,31.33,1708,363
4296,5,74.78,1709,360
4297,2,58.23,1709,361
4298,3,55.72,1710,365
4299,5,23.75,1711,367
4300,2,77.0,1711,372
4301,4,27.85,1712,370
4302,4,6.49,1713,372
4303,3,36.04,1713,374
4304,4,63.51,1714,368
4305,2,73.26,1715,372
4306,4,38.46,1715,368
4307,2,75.26,1715,371
4308,5,56.59,1715,365
4309,4,2.27,1716,373
4310,5,26.43,1717,374
4311,5,64.1,1717,367
4312,3,8.62,1717,365
4313,3,3.44,1718,375
4314,4,38.91,1718,370
4315,5,15.03,1718,372
4316,4,12.74,1718,374
4317,2,57.11,1719,368
4318,4,58.86,1720,369
4319,5,36.93,1720,370
4320,5,39.88,1720,374
4321,5,67.41,1721,369
4322,5,63.59,1721,369
4323,5,73.28,1721,373
4324,4,4.68,1721,374
4325,2,66.24,1722,371
4326,3,18.89,1722,367
4327,2,58.05,1723,374
4328,3,50.04,1724,373
4329,2,55.43,1725,371
4330,4,25.41,1726,375
4331,2,28.6,1726,372
4332,5,56.29,1726,366
4333,2,37.12,1727,375
4334,5,52.62,1727,365
4335,4,56.41,1728,368
4336,5,48.76,1729,369
4337,4,3.91,1729,375
4338,3,42.19,1729,375
4339,4,50.64,1729,374
4340,1,68.79,1730,372
4341,2,17.7,1730,366
4342,4,8.53,1731,371
4343,2,2.58,1731,371
4344,3,27.78,1732,375
4345,5,75.87,1732,370
4346,3,60.63,1732,370
4347,4,29.46,1732,367
4348,1,32.14,1733,372
4349,3,7.56,1734,371
4350,3,22.28,1735,373
4351,5,49.71,1735,369
4352,1,13.21,1735,368
4353,1,41.98,1736,368
4354,3,66.01,1736,365
4355,1,37.31,1736,368
4356,4,17.13,1736,374
4357,5,52.15,1737,365
4358,2,5.53,1737,370
4359,1,18.58,1738,375
4360,5,2.95,1738,371
4361,1,66.25,1738,372
4362,2,45.31,1739,366
4363,2,30.28,1739,374
4364,3,43.08,1739,369
4365,4,25.33,1740,373
4366,1,46.7,1740,372
4367,2,46.7,1740,375
4368,1,71.29,1740,374
4369,1,15.15,1741,374
4370,3,23.08,1741,375
4371,1,64.51,1741,366
4372,3,73.09,1741,374
4373,4,16.91,1742,369
4374,4,38.75,1743,373
4375,4,37.9,1743,374
4376,3,76.54,1743,366
4377,3,7.2,1743,371
4378,5,26.96,1744,375
4379,5,70.16,1744,373
4380,2,52.44,1745,368
4381,2,77.74,1745,371
4382,5,61.03,1746,367
4383,4,34.76,1746,372
4384,3,74.39,1746,368
4385,1,68.25,1746,372
4386,5,18.66,1747,375
4387,1,30.98,1747,373
4388,3,62.76,1748,371
4389,3,66.09,1748,374
4390,2,12.41,1749,367
4391,2,52.99,1749,366
4392,2,38.78,1750,374
4393,1,4.8,1750,371
4394,4,78.79,1751,374
4395,3,56.85,1751,366
4396,4,34.82,1751,370
4397,4,60.42,1752,372
4398,5,47.32,1753,370
4399,5,22.56,1754,373
4400,4,34.06,1754,373
4401,4,8.18,1755,368
4402,5,33.13,1755,366
4403,2,10.93,1755,375
4404,5,4.17,1755,370
4405,1,41.84,1756,367
4406,1,52.61,1756,372
4407,1,73.4,1756,371
4408,5,4.86,1756,366
4409,5,45.28,1757,371
4410,5,49.32,1757,368
4411,1,20.92,1758,370
4412,1,34.82,1758,370
4413,4,41.86,1758,371
4414,5,63.07,1758,368
4415,1,64.43,1759,372
4416,2,59.7,1759,367
4417,2,9.81,1759,370
4418,3,51.31,1759,375
4419,3,11.9,1760,366
4420,3,5.49,1761,370
4421,5,43.92,1761,366
4422,1,26.29,1761,369
4423,3,68.36,1762,368
4424,4,43.79,1762,372
4425,5,51.83,1763,382
4426,2,51.83,1764,378
4427,3,29.86,1764,380
4428,1,73.37,1765,377
4429,4,58.6,1765,379
4430,3,65.52,1765,376
4431,2,61.15,1766,380
4432,2,69.75,1766,378
4433,5,75.7,1766,378
4434,4,57.1,1766,377
4435,1,41.71,1767,380
4436,2,57.43,1767,377
4437,2,79.68,1768,377
4438,2,15.65,1768,376
4439,4,68.65,1768,381
4440,5,21.3,1769,379
4441,4,3.87,1769,379
4442,2,25.39,1769,382
4443,3,59.95,1770,380
4444,3,59.78,1771,380
4445,1,35.13,1771,379
4446,1,28.26,1771,377
4447,2,8.0,1771,381
4448,1,19.78,1772,382
4449,3,67.35,1772,381
4450,4,32.16,1772,376
4451,3,4.01,1773,377
4452,5,65.21,1773,382
4453,2,43.81,1773,378
4454,2,77.75,1773,382
4455,1,46.86,1774,381
4456,5,31.99,1774,382
4457,2,11.09,1774,377
4458,4,34.28,1775,376
4459,1,12.88,1775,378
4460,4,73.39,1775,378
4461,2,65.28,1775,376
4462,3,49.87,1776,380
4463,1,7.64,1776,377
4464,3,50.14,1777,376
4465,1,39.0,1777,379
4466,5,7.63,1777,377
4467,3,23.53,1777,379
4468,2,21.13,1778,382
4469,3,6.89,1778,378
4470,2,69.75,1779,379
4471,1,10.58,1779,379
4472,2,40.19,1779,377
4473,5,51.43,1780,378
4474,5,61.12,1780,381
4475,2,39.91,1780,379
4476,4,68.36,1780,378
4477,1,77.88,1781,381
4478,3,28.78,1781,381
4479,2,66.88,1781,382
4480,5,33.15,1782,377
4481,2,43.61,1782,380
4482,2,46.67,1782,378
4483,3,31.48,1783,381
4484,1,31.16,1783,379
4485,3,47.26,1783,377
4486,5,42.33,1784,380
4487,3,18.67,1784,377
4488,1,24.58,1784,380
4489,3,24.26,1784,379
4490,1,56.47,1785,382
4491,3,41.16,1785,376
4492,3,18.08,1786,376
4493,4,43.72,1787,377
4494,1,75.73,1787,376
4495,4,64.28,1787,376
4496,5,37.58,1787,376
4497,3,61.36,1788,382
4498,1,33.71,1788,380
4499,2,74.11,1789,381
4500,1,31.04,1789,378
4501,1,16.41,1790,376
4502,1,54.67,1791,382
4503,2,15.12,1791,381
4504,1,9.48,1791,382
4505,1,26.57,1792,378
4506,4,71.64,1793,377
4507,5,12.97,1793,377
4508,2,23.67,1793,376
4509,3,20.1,1793,380
4510,2,53.09,1794,376
4511,5,61.09,1794,382
4512,1,10.88,1794,377
4513,3,43.67,1794,377
4514,3,16.16,1795,379
4515,1,64.14,1795,377
4516,3,27.99,1796,377
4517,3,16.48,1796,379
4518,3,62.26,1796,378
4519,5,36.53,1796,382
4520,4,17.08,1797,377
4521,1,58.92,1797,380
4522,3,21.31,1797,382
4523,4,51.66,1797,379
4524,2,50.5,1798,382
4525,2,29.78,1798,382
4526,1,28.1,1798,377
4527,3,40.06,1799,379
4528,5,73.46,1800,379
4529,2,21.44,1801,382
4530,5,56.44,1801,377
4531,3,70.5,1801,382
4532,2,28.37,1802,380
4533,5,56.5,1802,381
4534,4,11.93,1802,381
4535,3,17.8,1803,381
4536,4,40.52,1803,380
4537,2,51.99,1804,382
4538,3,23.17,1805,381
4539,3,34.04,1805,378
4540,4,63.21,1806,379
4541,5,49.46,1807,382
4542,5,63.41,1807,376
4543,1,32.7,1808,382
4544,1,40.77,1809,377
4545,4,12.2,1809,376
4546,5,49.86,1810,382
4547,4,76.8,1810,381
4548,1,45.36,1810,377
4549,4,63.13,1811,392
4550,3,63.07,1811,390
4551,4,16.35,1811,387
4552,4,67.71,1812,387
4553,3,60.55,1812,386
4554,5,69.12,1813,392
4555,3,2.89,1813,389
4556,1,16.16,1814,389
4557,1,50.39,1815,390
4558,1,34.11,1815,391
4559,2,19.04,1815,386
4560,5,10.65,1815,384
4561,1,33.31,1816,386
4562,2,19.66,1817,387
4563,4,53.23,1818,386
4564,3,43.61,1818,384
4565,3,5.56,1818,392
4566,5,64.18,1818,387
4567,4,48.84,1819,383
4568,1,79.53,1819,391
4569,1,10.09,1819,383
4570,3,47.11,1819,392
4571,2,71.7,1820,383
4572,2,43.31,1820,389
4573,4,74.21,1820,389
4574,2,24.77,1821,384
4575,3,45.17,1822,385
4576,1,18.34,1822,386
4577,1,35.19,1822,390
4578,2,73.82,1823,389
4579,1,63.68,1824,384
4580,5,55.18,1825,383
4581,2,77.71,1826,391
4582,2,67.55,1827,390
4583,1,62.26,1828,392
4584,2,77.64,1828,390
4585,5,30.74,1828,389
4586,3,69.09,1828,386
4587,3,49.94,1829,394
4588,4,11.52,1829,397
4589,2,21.46,1829,395
4590,1,29.17,1829,393
4591,2,27.86,1830,399
4592,5,53.75,1830,395
4593,4,7.18,1830,401
4594,2,61.1,1831,400
4595,3,71.69,1831,393
4596,2,51.37,1831,397
4597,5,44.34,1832,397
4598,5,43.01,1832,398
4599,4,32.45,1832,397
4600,5,46.48,1832,396
4601,4,37.21,1833,399
4602,2,30.52,1833,401
4603,3,71.15,1833,395
4604,4,12.39,1834,398
4605,4,30.62,1834,397
4606,4,70.17,1834,400
4607,1,53.74,1834,394
4608,1,78.97,1835,399
4609,5,52.57,1835,399
4610,1,70.4,1836,393
4611,4,33.92,1836,393
4612,3,79.09,1836,394
4613,4,12.57,1836,395
4614,1,29.39,1837,395
4615,2,45.37,1838,397
4616,1,43.81,1838,400
4617,1,2.1,1839,394
4618,1,58.65,1839,401
4619,3,37.28,1839,394
4620,3,54.03,1840,398
4621,2,26.86,1840,400
4622,1,51.89,1841,407
4623,4,45.41,1841,402
4624,5,61.22,1841,405
4625,1,71.81,1842,403
4626,2,63.36,1843,403
4627,3,24.46,1843,408
4628,4,24.45,1843,404
4629,1,32.07,1844,407
4630,4,78.54,1844,402
4631,2,9.59,1845,409
4632,5,46.91,1846,407
4633,3,45.1,1846,407
4634,4,63.17,1846,406
4635,1,44.49,1846,406
4636,5,77.25,1847,402
4637,3,30.02,1847,404
4638,5,49.4,1847,408
4639,1,31.43,1847,402
4640,3,30.96,1848,402
4641,1,33.13,1848,404
4642,4,34.32,1848,405
4643,4,53.78,1848,403
4644,2,51.53,1849,406
4645,2,39.36,1849,408
4646,5,49.87,1849,408
4647,2,27.2,1850,402
4648,5,23.99,1850,404
4649,2,60.03,1850,406
4650,2,18.58,1850,402
4651,3,10.63,1851,407
4652,3,21.23,1851,408
4653,3,67.98,1852,402
4654,4,15.58,1852,409
4655,5,65.1,1852,402
4656,2,23.65,1852,407
4657,5,64.0,1853,406
4658,3,16.14,1853,405
4659,5,32.18,1854,402
4660,3,3.58,1854,404
4661,4,14.32,1855,409
4662,1,25.56,1856,408
4663,4,44.24,1856,404
4664,4,31.83,1857,405
4665,4,68.96,1857,402
4666,1,67.44,1858,404
4667,5,5.52,1858,407
4668,5,5.8,1859,405
4669,5,40.0,1860,402
4670,1,6.53,1860,402
4671,2,57.28,1860,407
4672,4,9.76,1860,404
4673,4,6.99,1861,407
4674,3,77.65,1861,406
4675,1,58.71,1861,404
4676,2,12.66,1862,405
4677,1,77.07,1862,409
4678,4,73.45,1862,403
4679,2,36.63,1863,403
4680,5,25.07,1863,407
4681,2,54.86,1863,403
4682,4,57.5,1864,407
4683,1,28.88,1864,409
4684,4,7.22,1864,402
4685,5,14.49,1864,403
4686,4,53.65,1865,402
4687,4,39.32,1866,409
4688,2,28.15,1867,404
4689,2,17.48,1867,409
4690,1,44.05,1867,404
4691,1,69.78,1867,408
4692,4,19.21,1868,409
4693,1,8.48,1868,404
4694,5,26.3,1868,402
4695,2,46.44,1869,404
4696,2,56.84,1869,403
4697,2,13.17,1869,408
4698,4,49.78,1870,404
4699,4,60.89,1870,406
4700,1,40.29,1870,405
4701,4,34.19,1870,403
4702,1,9.35,1871,406
4703,1,65.53,1871,407
4704,4,36.72,1872,405
4705,3,6.96,1872,404
4706,2,40.14,1873,407
4707,4,26.49,1873,408
4708,5,35.22,1874,404
4709,3,65.5,1874,406
4710,3,66.78,1874,402
4711,5,12.11,1875,408
4712,3,31.88,1875,407
4713,1,13.15,1875,402
4714,4,61.74,1875,409
4715,3,56.77,1876,409
4716,5,62.65,1876,406
4717,3,36.09,1877,407
4718,4,37.99,1878,402
4719,3,73.04,1878,409
4720,5,38.16,1878,404
4721,4,3.89,1879,405
4722,5,55.09,1880,404
4723,2,17.06,1880,404
4724,1,74.26,1880,406
4725,3,6.99,1880,408
4726,2,54.33,1881,408
4727,2,2.34,1881,403
4728,2,70.9,1881,404
4729,1,66.09,1881,402
4730,2,32.24,1882,406
4731,5,17.88,1882,405
4732,4,68.23,1882,408
4733,4,58.45,1883,403
4734,2,31.73,1883,407
4735,3,49.31,1883,406
4736,4,70.38,1883,404
4737,5,57.78,1884,402
4738,1,69.63,1884,404
4739,3,50.49,1884,403
4740,1,10.45,1885,407
4741,5,70.47,1886,405
4742,3,21.91,1887,403
4743,3,33.64,1888,407
4744,5,51.48,1889,403
4745,3,42.17,1889,405
4746,2,5.28,1890,402
4747,4,23.98,1891,403
4748,4,67.58,1891,409
4749,5,22.46,1891,403
4750,1,33.57,1892,405
4751,4,56.73,1892,408
4752,1,10.32,1892,408
4753,4,78.51,1892,408
4754,4,29.79,1893,405
4755,2,14.47,1893,403
4756,4,69.84,1893,407
4757,1,27.96,1893,405
4758,5,29.13,1894,407
4759,2,79.02,1895,404
4760,3,14.42,1895,408
4761,2,9.35,1895,409
4762,4,35.37,1896,409
4763,5,69.78,1896,402
4764,2,2.5,1896,407
4765,4,48.22,1897,405
4766,3,26.7,1897,407
4767,1,14.84,1897,404
4768,5,30.91,1897,406
4769,2,75.43,1898,402
4770,5,73.46,1898,409
4771,2,71.11,1898,402
4772,4,61.71,1898,405
4773,4,73.75,1899,403
4774,1,70.55,1899,406
4775,2,26.89,1899,409
4776,5,73.88,1899,405
4777,1,13.42,1900,402
4778,2,57.87,1900,406
4779,2,17.09,1900,406
4780,4,18.9,1900,402
4781,1,54.87,1901,419
4782,4,10.45,1901,415
4783,5,35.89,1901,416
4784,4,62.03,1901,416
4785,5,68.67,1902,413
4786,3,62.76,1902,410
4787,1,49.97,1902,415
4788,2,14.6,1902,414
4789,2,62.87,1903,419
4790,2,76.66,1903,412
4791,2,67.35,1903,419
4792,4,3.66,1904,414
4793,3,40.44,1905,419
4794,1,7.4,1906,412
4795,3,45.72,1907,413
4796,3,67.89,1907,415
4797,5,37.55,1907,418
4798,2,19.21,1907,414
4799,5,16.58,1908,414
4800,4,20.91,1909,418
4801,4,78.83,1909,416
4802,3,54.94,1909,413
4803,2,65.75,1910,416
4804,4,30.46,1910,418
4805,2,26.21,1910,418
4806,3,22.58,1910,419
4807,1,5.07,1911,410
4808,2,3.62,1911,416
4809,1,8.74,1911,416
4810,3,18.26,1912,412
4811,4,70.44,1912,416
4812,2,58.91,1912,413
4813,4,48.67,1913,413
4814,1,8.97,1913,410
4815,1,45.14,1914,418
4816,1,58.72,1914,414
4817,3,56.52,1915,414
4818,1,28.14,1915,419
4819,1,74.03,1916,413
4820,4,34.54,1916,411
4821,5,63.53,1917,411
4822,5,7.21,1918,419
4823,3,62.83,1918,414
4824,4,68.05,1918,415
4825,2,7.74,1918,411
4826,2,2.65,1919,419
4827,4,40.78,1919,413
4828,1,45.5,1920,411
4829,3,12.91,1920,416
4830,1,61.08,1921,411
4831,4,65.36,1921,416
4832,4,55.83,1921,411
4833,5,44.33,1922,413
4834,4,74.29,1922,416
4835,1,58.84,1923,416
4836,2,48.19,1924,412
4837,4,35.72,1924,417
4838,5,66.8,1924,418
4839,1,46.45,1924,413
4840,2,16.61,1925,419
4841,5,77.46,1925,410
4842,4,24.73,1925,419
4843,2,27.23,1926,419
4844,4,25.12,1927,418
4845,2,73.15,1927,415
4846,5,3.92,1927,410
4847,1,73.64,1927,414
4848,3,39.66,1928,419
4849,2,46.59,1928,412
4850,5,76.67,1928,415
4851,4,29.37,1928,411
4852,5,35.43,1929,410
4853,3,62.36,1929,410
4854,5,16.32,1929,414
4855,5,67.15,1930,417
4856,3,51.88,1930,410
4857,2,52.12,1930,412
4858,5,17.3,1930,411
4859,1,52.21,1931,416
4860,4,53.6,1932,419
4861,4,49.17,1933,411
4862,5,3.22,1933,412
4863,2,65.37,1934,412
4864,5,37.2,1935,413
4865,4,75.72,1935,414
4866,1,56.39,1935,415
4867,3,32.5,1936,419
4868,3,72.3,1936,417
4869,3,5.88,1936,416
4870,3,75.3,1937,413
4871,3,27.76,1937,411
4872,3,31.7,1937,416
4873,5,17.49,1938,414
4874,5,17.47,1938,414
4875,5,59.83,1938,413
4876,2,68.66,1939,417
4877,2,35.87,1939,416
4878,3,42.37,1939,413
4879,2,4.29,1939,417
4880,2,14.41,1940,416
4881,5,45.75,1940,414
4882,3,21.02,1940,416
4883,3,64.38,1941,425
4884,1,48.48,1941,424
4885,4,38.15,1941,420
4886,5,5.56,1942,427
4887,4,19.73,1942,427
4888,1,20.85,1943,420
4889,1,34.89,1943,425
4890,5,79.44,1943,421
4891,3,79.41,1944,420
4892,2,71.01,1945,422
4893,4,48.54,1945,423
4894,2,60.55,1945,425
4895,3,46.94,1946,424
4896,2,33.29,1946,422
4897,2,64.88,1947,425
4898,1,55.97,1947,425
4899,4,19.43,1947,423
4900,5,57.76,1947,425
4901,1,64.26,1948,421
4902,5,20.11,1948,421
4903,1,39.18,1948,424
4904,3,66.65,1948,425
4905,2,38.96,1949,421
4906,4,37.54,1949,423
4907,4,21.51,1949,421
4908,2,67.98,1949,425
4909,4,22.07,1950,421
4910,2,60.75,1950,420
4911,4,14.46,1951,420
4912,4,46.54,1951,421
4913,5,66.92,1951,423
4914,1,63.63,1951,423
4915,4,75.4,1952,424
4916,3,4.53,1952,425
4917,5,66.08,1952,422
4918,2,73.32,1952,426
4919,5,73.74,1953,432
4920,1,26.07,1953,430
4921,1,13.33,1954,432
4922,2,33.26,1954,430
4923,2,10.35,1955,430
4924,2,38.77,1955,430
4925,1,58.03,1956,430
4926,5,68.37,1957,429
4927,2,73.4,1958,428
4928,1,55.48,1958,429
4929,5,39.74,1958,428
4930,5,10.95,1959,433
4931,4,49.19,1959,431
4932,2,41.72,1960,431
4933,2,55.45,1960,428
4934,2,9.64,1961,432
4935,2,32.97,1961,428
4936,4,10.88,1962,428
4937,3,12.68,1962,432
4938,4,40.01,1962,431
4939,3,29.01,1962,432
4940,3,23.38,1963,428
4941,5,21.03,1964,431
4942,5,49.81,1964,429
4943,3,51.76,1964,428
4944,2,48.37,1964,432
4945,3,2.66,1965,433
4946,3,25.21,1966,428
4947,5,57.46,1966,429
4948,2,63.53,1966,432
4949,5,9.51,1966,428
4950,1,5.78,1967,430
4951,1,21.01,1967,430
4952,1,9.69,1968,432
4953,5,15.19,1968,429
4954,4,42.79,1969,433
4955,2,43.92,1970,433
4956,2,59.59,1971,432
4957,1,38.34,1971,432
4958,5,57.1,1971,433
4959,4,35.42,1971,429
4960,3,56.5,1972,428
4961,2,22.98,1973,430
4962,1,63.97,1973,433
4963,5,67.36,1973,430
4964,1,16.06,1973,431
4965,5,60.77,1974,432
4966,3,34.78,1975,431
4967,2,50.11,1975,430
4968,3,32.38,1975,428
4969,4,36.8,1976,433
4970,1,55.67,1976,433
4971,5,29.64,1977,428
4972,2,59.89,1977,431
4973,3,30.35,1978,429
4974,3,66.21,1979,428
4975,2,58.9,1979,429
4976,3,54.04,1979,428
4977,3,25.18,1979,431
4978,1,25.15,1980,433
4979,1,7.59,1980,431
4980,3,16.47,1981,432
4981,2,71.2,1982,431
4982,3,39.38,1982,430
4983,4,26.43,1982,432
4984,5,32.22,1982,432
4985,1,4.21,1983,432
4986,2,39.94,1983,432
4987,3,46.98,1984,429
4988,2,39.64,1985,428
4989,3,5.89,1986,433
4990,2,12.01,1987,429
4991,3,39.43,1987,432
4992,2,3.59,1987,432
4993,1,36.82,1987,432
4994,3,54.82,1988,432
4995,5,58.87,1988,433
4996,5,53.18,1988,432
4997,4,71.76,1988,432
4998,2,10.3,1989,428
4999,1,23.77,1989,431
5000,5,50.35,1990,433
5001,2,51.28,1991,433
5002,3,33.7,1991,429
5003,1,79.47,1991,429
5004,1,15.12,1991,431
5005,4,10.06,1992,432
5006,3,49.49,1992,429
5007,5,68.53,1993,433
5008,5,52.57,1993,432
5009,1,10.88,1994,429
5010,1,40.97,1994,431
5011,1,32.34,1995,433
5012,2,34.88,1995,428
5013,3,47.11,1996,428
5014,3,55.76,1996,428
5015,2,39.15,1996,429
5016,5,19.54,1997,433
5017,4,72.5,1997,429
5018,5,73.53,1997,432
5019,2,49.09,1998,429
5020,2,73.04,1998,430
5021,1,36.16,1998,430
5022,3,45.5,1999,428
5023,3,66.9,1999,431
5024,4,65.27,2000,428
5025,5,32.82,2000,432
5026,5,21.63,2001,429
5027,1,26.49,2001,429
5028,5,33.2,2002,433
5029,3,62.46,2002,432
5030,1,52.75,2002,431
5031,3,30.26,2002,432
5032,5,78.85,2003,432
5033,2,27.63,2004,428
5034,4,33.24,2004,428
5035,1,70.43,2004,429
5036,5,38.7,2004,431
5037,2,57.12,2005,428
5038,2,25.84,2005,433
5039,2,52.41,2005,433
5040,3,9.34,2005,432
5041,2,59.21,2006,431
5042,3,26.07,2006,428
5043,3,22.94,2007,430
5044,5,70.06,2007,430
5045,2,54.21,2007,433
5046,1,56.42,2008,430
5047,4,34.09,2008,433
5048,1,11.21,2008,433
5049,3,2.63,2009,432
5050,3,10.04,2009,431
5051,3,17.01,2009,432
5052,5,57.12,2009,429
5053,3,67.42,2010,428
5054,5,6.35,2010,429
5055,4,26.92,2011,438
5056,2,60.45,2011,443
5057,2,4.75,2011,436
5058,5,53.79,2012,440
5059,5,15.51,2012,436
5060,5,29.06,2012,437
5061,5,31.93,2012,443
5062,5,54.79,2013,443
5063,2,63.11,2013,438
5064,4,54.52,2014,442
5065,2,23.07,2014,437
5066,2,64.86,2014,444
5067,5,44.03,2014,437
5068,5,31.74,2015,443
5069,3,15.71,2016,437
5070,5,15.77,2016,443
5071,2,45.25,2016,439
5072,5,69.23,2017,436
5073,1,21.4,2018,440
5074,5,70.14,2018,440
5075,3,27.49,2018,439
5076,5,9.5,2018,441
5077,1,4.94,2019,443
5078,5,28.54,2019,436
5079,5,52.31,2020,444
5080,4,42.27,2020,440
5081,4,37.1,2020,442
5082,4,56.62,2021,444
5083,5,36.34,2022,445
5084,1,4.05,2022,451
5085,2,64.28,2022,447
5086,3,34.67,2023,450
5087,3,2.0,2023,447
5088,1,44.34,2023,449
5089,4,75.61,2023,450
5090,5,71.17,2024,450
5091,2,17.94,2024,450
5092,2,77.63,2024,447
5093,3,27.29,2025,445
5094,4,28.77,2026,445
5095,2,66.34,2026,450
5096,5,47.85,2027,447
5097,4,11.7,2027,445
5098,2,27.77,2027,451
5099,2,44.04,2027,451
5100,3,42.1,2028,451
5101,1,51.08,2028,451
5102,2,42.35,2028,447
5103,5,21.07,2028,450
5104,3,41.95,2029,446
5105,1,58.17,2029,445
5106,4,44.84,2030,448
5107,5,28.01,2030,451
5108,2,72.71,2031,450
5109,4,37.85,2031,449
5110,4,61.2,2031,445
5111,2,60.29,2032,446
5112,4,41.68,2033,449
5113,4,60.28,2033,450
5114,2,20.15,2033,449
5115,4,55.01,2034,445
5116,4,57.7,2034,450
5117,1,36.98,2034,446
5118,2,54.67,2035,454
5119,4,21.11,2035,458
5120,4,43.98,2035,452
5121,5,49.91,2035,460
5122,4,77.36,2036,457
5123,5,23.26,2036,456
5124,2,75.39,2036,460
5125,4,60.49,2037,456
5126,1,77.06,2037,455
5127,1,22.68,2038,454
5128,1,76.75,2038,459
5129,4,38.45,2038,453
5130,1,26.73,2039,459
5131,1,52.18,2040,452
5132,3,33.08,2041,460
5133,2,20.89,2041,456
5134,3,28.79,2041,460
5135,3,53.07,2041,458
5136,4,35.53,2042,452
5137,1,69.21,2042,452
5138,1,6.67,2043,455
5139,1,8.14,2044,460
5140,5,48.14,2044,458
5141,3,79.5,2044,453
5142,5,9.94,2044,457
5143,4,35.26,2045,456
5144,3,38.69,2045,458
5145,1,41.84,2045,458
5146,5,34.11,2046,458
5147,5,71.06,2046,452
5148,3,57.54,2046,457
5149,4,28.76,2046,457
5150,2,56.71,2047,455
5151,1,58.94,2047,454
5152,4,34.98,2047,456
5153,5,43.73,2048,454
5154,2,7.23,2048,452
5155,1,26.05,2049,456
5156,4,69.67,2049,455
5157,5,48.08,2049,453
5158,3,37.4,2049,460
5159,2,2.21,2050,457
5160,5,22.47,2050,453
5161,1,74.54,2050,454
5162,3,79.38,2051,460
5163,4,34.26,2051,459
5164,3,7.96,2052,455
5165,1,13.03,2052,460
5166,3,18.38,2053,460
5167,4,44.93,2054,457
5168,1,73.5,2055,460
5169,4,27.76,2055,460
5170,1,31.39,2055,457
5171,5,19.19,2056,460
5172,1,79.43,2057,460
5173,3,11.92,2058,454
5174,3,73.35,2058,453
5175,1,67.55,2059,453
5176,2,6.94,2059,457
5177,3,58.45,2060,453
5178,3,17.27,2061,452
5179,1,27.02,2061,452
5180,2,6.59,2061,456
5181,1,71.71,2062,458
5182,3,37.62,2063,458
5183,2,60.45,2063,456
5184,3,79.06,2063,456
5185,5,48.1,2064,454
5186,4,75.22,2064,456
5187,5,73.55,2065,453
5188,4,55.82,2066,453
5189,1,6.59,2066,460
5190,2,14.48,2066,456
5191,2,64.4,2066,453
5192,4,29.76,2067,467
5193,2,4.38,2068,464
5194,3,40.73,2068,462
5195,1,2.87,2068,464
5196,2,53.64,2068,466
5197,2,13.37,2069,461
5198,4,73.2,2069,465
5199,5,38.12,2070,462
5200,2,49.58,2070,462
5201,3,54.8,2071,461
5202,1,24.47,2072,461
5203,2,63.72,2072,463
5204,3,3.0,2072,466
5205,3,71.14,2072,465
5206,3,69.91,2073,466
5207,3,50.91,2074,466
5208,4,64.81,2074,464
5209,5,45.59,2074,468
5210,4,29.11,2074,464
5211,4,52.48,2075,463
5212,5,31.81,2076,465
5213,4,66.8,2076,465
5214,2,41.7,2077,464
5215,5,24.61,2078,462
5216,5,57.48,2078,462
5217,3,36.36,2079,464
5218,5,29.96,2079,462
5219,5,27.85,2080,464
5220,5,61.21,2081,467
5221,5,60.36,2081,467
5222,3,31.64,2081,463
5223,2,42.99,2082,463
5224,5,72.28,2082,462
5225,4,72.07,2083,466
5226,4,41.19,2084,467
5227,3,27.27,2084,464
5228,4,77.94,2084,465
5229,5,27.39,2084,468
5230,3,71.98,2085,474
5231,3,48.78,2085,470
5232,5,56.6,2085,472
5233,3,43.92,2085,472
5234,5,32.09,2086,470
5235,4,36.61,2086,475
5236,1,67.44,2086,474
5237,3,28.1,2087,471
5238,5,33.69,2087,475
5239,3,7.61,2087,471
5240,4,26.23,2087,469
5241,1,73.25,2088,469
5242,5,76.52,2088,471
5243,2,67.3,2089,469
5244,3,46.9,2089,474
5245,2,15.46,2089,471
5246,2,11.85,2089,471
5247,4,31.76,2090,473
5248,1,46.28,2090,473
5249,5,77.72,2091,471
5250,5,2.39,2092,475
5251,3,69.9,2092,472
5252,2,31.23,2092,473
5253,3,23.26,2093,469
5254,3,21.11,2093,470
5255,4,5.19,2093,472
5256,2,40.67,2094,469
5257,3,60.45,2094,472
5258,3,50.68,2094,469
5259,1,48.75,2094,470
5260,5,30.43,2095,469
5261,2,78.53,2095,471
5262,1,54.54,2096,472
5263,3,70.23,2096,473
5264,3,18.97,2097,473
5265,3,33.02,2097,474
5266,5,22.83,2097,474
5267,4,2.2,2097,473
5268,5,56.36,2098,469
5269,1,13.95,2099,474
5270,3,25.32,2099,475
5271,3,49.11,2099,470
5272,5,44.24,2100,473
5273,2,42.35,2100,474
5274,3,53.71,2100,472
5275,3,47.42,2101,469
5276,4,3.46,2101,471
5277,3,58.57,2101,471
5278,2,51.81,2101,471
5279,1,28.23,2102,472
5280,5,15.63,2102,470
5281,1,66.75,2102,471
5282,5,68.97,2102,469
5283,2,30.08,2103,472
5284,4,11.75,2103,469
5285,1,10.56,2103,471
5286,5,76.95,2104,470
5287,1,65.85,2104,474
5288,3,56.15,2104,472
5289,5,28.27,2105,471
5290,1,19.41,2105,471
5291,4,26.1,2105,472
5292,5,27.65,2105,474
5293,2,69.13,2106,473
5294,3,77.41,2106,471
5295,4,60.25,2107,471
5296,4,30.25,2107,473
5297,1,52.98,2107,472
5298,1,62.58,2108,472
5299,2,20.59,2108,474
5300,3,36.64,2108,471
5301,1,21.85,2109,472
5302,5,40.15,2109,475
5303,2,77.99,2109,469
5304,5,29.25,2109,471
5305,3,31.08,2110,475
5306,4,4.89,2110,472
5307,1,16.9,2110,475
5308,4,9.86,2110,469
5309,1,36.19,2111,469
5310,5,4.61,2112,473
5311,4,56.66,2112,470
5312,5,26.38,2112,474
5313,5,65.21,2113,470
5314,5,62.11,2113,473
5315,4,36.72,2113,474
5316,2,30.71,2114,474
5317,3,56.85,2114,473
5318,4,5.55,2114,469
5319,4,11.99,2114,473
5320,3,65.98,2115,475
5321,2,49.74,2115,469
5322,2,40.41,2116,471
5323,5,19.68,2116,472
5324,2,26.46,2116,474
5325,3,42.57,2117,469
5326,4,54.54,2118,470
5327,4,66.3,2119,473
5328,2,78.0,2119,471
5329,5,75.79,2120,474
5330,1,13.04,2120,473
5331,5,32.45,2120,473
5332,1,8.9,2120,470
5333,3,69.61,2121,475
5334,4,8.44,2121,469
5335,3,65.18,2122,475
5336,3,32.76,2122,475
5337,4,73.35,2123,474
5338,2,16.11,2123,474
5339,3,23.85,2123,469
5340,1,18.68,2124,472
5341,2,41.87,2124,469
5342,3,13.26,2124,470
5343,4,67.33,2125,474
5344,4,42.01,2125,475
5345,3,31.8,2126,470
5346,2,20.95,2127,471
5347,1,72.15,2127,469
5348,1,17.26,2128,473
5349,4,70.52,2128,472
5350,3,38.56,2128,472
5351,1,59.12,2128,469
5352,5,20.5,2129,472
5353,4,55.75,2130,469
5354,4,16.47,2130,469
5355,4,13.49,2130,471
5356,5,42.84,2130,473
5357,5,19.34,2131,470
5358,2,32.2,2131,471
5359,3,64.08,2131,471
5360,5,35.49,2131,471
5361,3,58.0,2132,474
5362,5,4.59,2133,473
5363,4,52.32,2133,470
5364,3,12.19,2133,475
5365,1,11.62,2134,469
5366,3,45.57,2134,469
5367,2,32.97,2134,473
5368,2,47.21,2134,472
5369,1,48.67,2135,486
5370,4,58.83,2135,481
5371,4,46.57,2136,476
5372,5,2.82,2137,485
5373,2,17.52,2137,481
5374,5,20.0,2137,484
5375,4,20.67,2138,481
5376,1,39.44,2138,481
5377,3,31.44,2138,479
5378,1,25.73,2139,477
5379,2,73.05,2139,479
5380,5,47.1,2140,479
5381,3,65.03,2140,485
5382,4,9.8,2140,483
5383,1,68.85,2140,487
5384,1,71.67,2141,480
5385,1,12.11,2141,487
5386,4,2.38,2141,477
5387,4,21.76,2141,479
5388,4,45.57,2142,477
5389,5,37.38,2142,482
5390,4,38.25,2142,486
5391,4,68.9,2142,476
5392,2,67.74,2143,486
5393,4,61.3,2143,476
5394,2,19.61,2143,480
5395,5,63.72,2143,487
5396,3,79.57,2144,481
5397,1,62.8,2144,480
5398,5,23.91,2144,484
5399,1,47.76,2144,487
5400,3,32.19,2145,481
5401,5,58.01,2146,480
5402,4,34.26,2146,477
5403,1,10.39,2146,483
5404,3,24.61,2147,487
5405,3,34.63,2147,483
5406,2,41.92,2147,483
5407,2,14.98,2147,486
5408,2,47.24,2148,485
5409,4,31.56,2149,485
5410,4,62.98,2150,483
5411,1,50.73,2150,483
5412,1,61.04,2151,479
5413,5,46.07,2151,482
5414,2,31.35,2151,483
5415,4,47.96,2151,487
5416,3,11.61,2152,490
5417,5,34.72,2152,488
5418,3,17.73,2153,488
5419,2,55.38,2153,488
5420,3,23.83,2154,488
5421,4,65.52,2154,488
5422,4,49.73,2155,490
5423,3,62.73,2156,490
5424,3,9.05,2156,490
5425,3,20.91,2156,490
5426,1,4.57,2156,489
5427,3,43.47,2157,489
5428,2,10.32,2157,490
5429,5,63.1,2157,489
5430,5,64.57,2158,489
5431,2,78.01,2158,489
5432,4,45.46,2159,489
5433,1,19.84,2160,490
5434,2,15.17,2160,488
5435,5,77.57,2161,489
5436,5,65.27,2162,490
5437,5,62.59,2162,488
5438,3,64.51,2163,489
5439,4,73.43,2164,490
5440,5,45.42,2165,491
5441,4,2.35,2165,496
5442,3,28.4,2166,492
5443,2,75.24,2166,493
5444,2,58.99,2166,491
5445,1,58.41,2166,498
5446,5,40.87,2167,493
5447,1,6.33,2167,495
5448,4,34.37,2167,498
5449,5,36.89,2168,495
5450,2,66.37,2168,494
5451,4,6.32,2168,499
5452,3,24.8,2168,499
5453,5,76.28,2169,493
5454,2,55.73,2169,494
5455,4,43.72,2169,491
5456,2,12.5,2170,498
5457,1,22.9,2170,499
5458,1,30.47,2171,492
5459,2,4.16,2172,493
5460,3,7.74,2172,493
5461,1,11.29,2172,499
5462,2,44.88,2172,496
5463,1,66.84,2173,500
5464,2,60.81,2173,500
5465,3,41.43,2173,500
5466,1,28.81,2173,496
5467,5,52.38,2174,492
5468,3,48.92,2174,491
5469,3,73.35,2175,505
5470,4,12.16,2176,502
5471,5,74.2,2176,504
5472,4,20.38,2177,507
5473,4,39.44,2177,505
5474,3,16.92,2177,505
5475,2,51.11,2177,506
5476,5,78.01,2178,507
5477,3,39.17,2178,506
5478,5,69.59,2179,501
5479,2,49.84,2179,501
5480,3,11.78,2180,508
5481,5,24.39,2181,502
5482,2,24.46,2182,503
5483,4,31.79,2182,503
5484,2,30.55,2182,503
5485,1,19.22,2182,504
5486,1,73.16,2183,506
5487,2,38.41,2183,502
5488,1,60.67,2183,503
5489,4,76.88,2184,506
5490,4,46.58,2184,501
5491,1,51.46,2184,509
5492,3,49.64,2185,505
5493,4,64.49,2185,503
5494,5,34.55,2186,507
5495,4,63.43,2186,502
5496,3,21.44,2186,501
5497,3,38.27,2187,504
5498,4,27.31,2187,501
5499,1,35.72,2188,508
5500,4,41.25,2189,504
5501,3,26.81,2189,501
5502,4,50.3,2190,503
5503,3,65.29,2191,505
5504,5,19.52,2191,504
5505,3,76.56,2191,507
5506,5,3.5,2191,506
5507,3,15.61,2192,508
5508,5,56.13,2192,506
5509,2,3.54,2193,508
5510,2,23.62,2193,504
5511,2,35.0,2194,502
5512,2,13.9,2194,508
5513,2,57.74,2195,508
5514,2,6.29,2195,504
5515,3,5.5,2195,502
5516,1,65.87,2196,508
5517,1,30.52,2196,506
5518,3,43.68,2196,508
5519,1,23.32,2197,503
5520,3,75.81,2197,507
5521,3,7.55,2197,503
5522,5,64.46,2198,501
5523,4,62.11,2198,502
5524,1,29.25,2199,504
5525,3,49.68,2199,505
5526,1,50.08,2199,508
5527,3,40.7,2200,502
5528,4,35.71,2200,504
5529,2,76.79,2200,503
5530,1,60.11,2201,503
5531,1,54.37,2201,509
5532,3,71.56,2201,507
5533,2,26.64,2201,501
5534,3,5.24,2202,503
5535,5,65.08,2203,507
5536,5,36.74,2203,502
5537,3,16.81,2203,504
5538,4,3.87,2203,509
5539,4,59.15,2204,510
5540,2,48.79,2204,517
5541,5,42.91,2204,518
5542,1,32.1,2205,513
5543,5,42.79,2205,516
5544,5,38.9,2205,518
5545,3,8.91,2205,515
5546,3,79.47,2206,518
5547,5,61.18,2206,516
5548,4,15.74,2206,510
5549,1,39.38,2206,512
5550,3,36.9,2207,513
5551,5,19.42,2208,510
5552,5,19.31,2208,516
5553,5,36.59,2208,518
5554,5,47.55,2208,519
5555,4,37.99,2209,511
5556,3,32.23,2209,514
5557,4,31.06,2210,518
5558,3,61.5,2210,511
5559,1,35.15,2210,515
5560,4,5.54,2210,519
5561,1,41.29,2211,517
5562,2,47.91,2211,512
5563,4,27.84,2212,513
5564,2,62.1,2212,517
5565,4,63.98,2212,510
5566,1,48.17,2213,512
5567,4,10.4,2213,514
5568,5,39.48,2213,512
5569,1,68.46,2213,512
5570,3,28.29,2214,510
5571,1,79.75,2214,514
5572,5,79.42,2214,518
5573,4,51.23,2215,513
5574,5,41.78,2215,512
5575,3,31.45,2215,516
5576,2,3.03,2215,514
5577,1,4.33,2216,511
5578,5,75.07,2217,510
5579,4,55.95,2217,514
5580,1,36.14,2217,519
5581,4,13.9,2218,519
5582,4,56.07,2218,515
5583,1,42.71,2218,516
5584,2,13.33,2218,512
5585,2,21.49,2219,512
5586,2,71.94,2219,514
5587,2,30.04,2220,522
5588,5,70.84,2221,520
5589,3,7.42,2221,523
5590,5,11.91,2222,524
5591,5,24.93,2222,522
5592,2,34.47,2223,522
5593,2,38.94,2223,524
5594,3,66.67,2223,522
5595,3,25.63,2223,520
5596,3,43.86,2224,523
5597,2,58.49,2224,521
5598,1,19.66,2225,520
5599,1,73.25,2225,520
5600,2,31.66,2225,523
5601,5,33.88,2226,523
5602,1,3.91,2226,523
5603,3,68.07,2227,523
5604,5,13.16,2227,522
5605,2,22.42,2228,522
5606,5,51.41,2229,522
5607,2,26.56,2230,520
5608,4,70.16,2230,520
5609,1,46.66,2231,522
5610,1,64.92,2231,523
5611,4,9.81,2231,524
5612,4,43.07,2231,520
5613,4,23.2,2232,523
5614,2,75.82,2232,521
5615,4,27.59,2232,523
5616,2,18.75,2233,523
5617,2,49.46,2234,521
5618,4,60.33,2234,524
5619,3,7.52,2235,523
5620,1,19.48,2235,523
5621,4,29.35,2235,520
5622,5,5.55,2235,523
5623,1,4.09,2236,524
5624,2,27.13,2237,523
5625,4,24.67,2238,524
5626,4,38.18,2238,522
5627,5,31.53,2238,524
5628,4,2.95,2239,521
5629,4,2.31,2240,520
5630,4,39.93,2240,521
5631,4,26.43,2240,522
5632,5,17.39,2240,521
5633,1,36.5,2241,524
5634,5,3.84,2242,520
5635,3,24.36,2242,520
5636,3,28.07,2242,524
5637,5,58.97,2243,522
5638,3,75.33,2243,521
5639,5,78.88,2243,523
5640,2,72.74,2244,520
5641,3,50.14,2244,524
5642,5,16.05,2244,523
5643,4,20.36,2245,523
5644,2,77.0,2245,522
5645,4,56.17,2245,521
5646,3,41.51,2245,521
5647,3,77.64,2246,521
5648,5,13.97,2246,523
5649,4,45.17,2246,520
5650,3,56.7,2246,521
5651,5,32.46,2247,520
5652,4,2.46,2247,522
5653,5,52.0,2247,523
5654,2,66.33,2247,523
5655,1,32.67,2248,524
5656,5,49.76,2248,522
5657,3,32.67,2248,523
5658,3,30.13,2249,520
5659,2,48.75,2249,521
5660,3,53.59,2249,523
5661,3,27.13,2250,524
5662,1,27.68,2250,524
5663,1,54.04,2251,520
5664,1,67.99,2252,523
5665,2,45.82,2252,522
5666,5,50.89,2252,520
5667,2,75.91,2252,521
5668,5,68.59,2253,523
5669,5,50.71,2253,524
5670,1,6.79,2254,522
5671,5,11.74,2254,523
5672,3,58.52,2255,520
5673,5,12.8,2255,520
5674,5,44.66,2255,521
5675,3,11.48,2256,523
5676,1,51.77,2256,521
5677,1,14.13,2256,523
5678,3,61.64,2256,523
5679,4,68.11,2257,523
5680,5,59.27,2258,535
5681,4,64.79,2259,526
5682,2,31.68,2259,534
5683,2,75.03,2260,530
5684,2,72.75,2260,531
5685,3,22.13,2260,535
5686,5,10.81,2261,526
5687,1,26.11,2261,528
5688,2,5.61,2261,529
5689,1,49.19,2261,533
5690,3,56.79,2262,534
5691,1,62.13,2262,531
5692,2,62.84,2262,533
5693,5,9.64,2263,527
5694,1,57.63,2263,529
5695,4,76.39,2263,532
5696,4,58.54,2264,528
5697,2,16.84,2264,533
5698,3,7.65,2264,525
5699,2,50.55,2264,530
5700,4,77.67,2265,534
5701,2,48.93,2265,530
5702,5,77.01,2266,527
5703,1,7.02,2267,535
5704,1,19.04,2268,533
5705,4,13.58,2268,530
5706,4,76.71,2268,532
5707,4,10.12,2268,527
5708,2,18.22,2269,525
5709,5,5.35,2269,531
5710,3,79.55,2270,533
5711,2,41.88,2270,528
5712,5,42.93,2271,526
5713,2,51.66,2271,528
5714,4,78.56,2271,529
5715,5,29.22,2271,527
5716,1,44.93,2272,527
5717,5,38.66,2272,535
5718,1,36.07,2272,536
5719,2,40.22,2272,536
5720,5,59.05,2273,530
5721,3,27.9,2273,535
5722,5,10.96,2274,529
5723,2,55.83,2275,525
5724,2,34.63,2275,532
5725,5,20.01,2276,536
5726,2,54.23,2276,535
5727,3,64.94,2277,534
5728,1,78.49,2277,534
5729,2,68.25,2277,533
5730,1,69.43,2277,526
5731,4,49.75,2278,533
5732,4,58.7,2278,529
5733,1,21.4,2278,525
5734,3,31.16,2278,529
5735,4,22.58,2279,532
5736,1,4.39,2279,533
5737,3,24.63,2279,536
5738,3,45.08,2279,526
5739,2,47.25,2280,531
5740,2,42.23,2280,534
5741,2,25.07,2280,526
5742,5,46.71,2281,536
5743,4,9.7,2281,536
5744,2,11.53,2281,527
5745,3,31.05,2281,536
5746,3,41.25,2282,540
5747,1,76.46,2283,541
5748,4,79.61,2283,539
5749,3,60.2,2283,540
5750,2,65.73,2284,542
5751,5,55.49,2284,539
5752,4,36.74,2284,539
5753,5,47.83,2285,540
5754,1,21.87,2285,542
5755,5,71.49,2285,537
5756,1,64.34,2286,541
5757,2,15.89,2286,540
5758,3,76.67,2286,542
5759,3,53.54,2286,542
5760,5,33.73,2287,542
5761,4,40.68,2287,538
5762,1,55.09,2287,544
5763,3,38.48,2288,539
5764,4,70.18,2288,542
5765,1,8.85,2288,543
5766,1,64.24,2289,538
5767,3,53.43,2289,539
5768,2,11.07,2289,540
5769,2,31.56,2289,543
5770,1,12.13,2290,540
5771,1,55.58,2290,544
5772,3,32.45,2290,538
5773,1,60.32,2290,544
5774,4,74.93,2291,540
5775,2,42.63,2291,544
5776,5,70.79,2291,542
5777,5,52.85,2292,541
5778,2,77.59,2292,544
5779,4,56.34,2292,537
5780,5,2.67,2292,537
5781,3,26.39,2293,541
5782,3,23.61,2293,537
5783,4,33.43,2293,539
5784,3,53.03,2294,541
5785,4,66.77,2294,538
5786,4,4.42,2294,541
5787,5,59.78,2295,544
5788,5,56.92,2295,543
5789,3,41.49,2295,542
5790,4,39.2,2296,541
5791,2,6.43,2297,544
5792,1,64.9,2297,544
5793,4,76.67,2297,538
5794,2,26.67,2297,537
5795,4,47.54,2298,539
5796,2,17.39,2298,542
5797,5,47.85,2299,542
5798,2,76.41,2299,542
5799,1,58.79,2299,540
5800,1,61.67,2299,539
5801,2,26.46,2300,542
5802,1,24.21,2300,544
5803,2,22.47,2300,537
5804,2,12.89,2300,539
5805,4,63.79,2301,542
5806,1,47.64,2301,542
5807,3,30.72,2301,544
5808,1,38.68,2302,538
5809,2,34.61,2302,541
5810,3,75.09,2302,542
5811,5,23.38,2302,544
5812,5,9.27,2303,539
5813,4,54.81,2303,537
5814,1,72.68,2304,539
5815,2,72.7,2304,540
5816,1,30.44,2304,541
5817,3,34.7,2304,542
5818,3,27.26,2305,542
5819,5,27.97,2305,539
5820,4,18.56,2305,542
5821,2,20.1,2306,539
5822,4,33.98,2306,540
5823,5,58.41,2306,537
5824,2,33.22,2307,543
5825,2,75.95,2307,543
5826,2,6.84,2308,544
5827,3,76.01,2308,537
5828,1,73.58,2309,538
5829,3,54.9,2309,539
5830,1,6.35,2309,540
5831,3,26.13,2309,537
5832,2,58.79,2310,540
5833,2,60.88,2310,540
5834,5,59.31,2310,538
5835,5,14.29,2310,543
5836,2,3.94,2311,538
5837,2,15.52,2311,543
5838,1,69.54,2311,539
5839,3,16.18,2312,537
5840,3,24.31,2312,542
5841,4,59.36,2312,544
5842,2,71.47,2312,539
5843,1,78.51,2313,539
5844,4,56.89,2314,542
5845,5,47.21,2314,539
5846,3,40.3,2314,537
5847,4,14.14,2315,541
5848,3,15.8,2315,544
5849,2,37.34,2315,544
5850,1,36.44,2316,541
5851,4,26.81,2316,544
5852,4,62.48,2316,537
5853,2,44.57,2317,539
5854,4,42.75,2317,539
5855,5,64.14,2317,539
5856,4,55.59,2317,538
5857,1,28.64,2318,544
5858,4,44.33,2319,537
5859,2,7.79,2319,543
5860,4,25.84,2319,544
5861,5,67.37,2319,538
5862,3,12.42,2320,542
5863,2,78.67,2320,541
5864,5,49.11,2321,541
5865,4,2.09,2322,543
5866,4,52.61,2323,537
5867,4,66.51,2323,537
5868,3,19.63,2323,543
5869,5,47.16,2323,544
5870,4,8.49,2324,537
5871,3,78.01,2324,538
5872,1,74.26,2324,537
5873,4,45.31,2325,542
5874,2,29.15,2326,541
5875,1,8.39,2327,539
5876,5,72.3,2327,544
5877,2,69.72,2328,543
5878,3,48.41,2328,544
5879,3,21.84,2328,539
5880,1,23.94,2329,543
5881,3,10.81,2329,540
5882,2,37.77,2330,540
5883,4,63.57,2330,543
5884,1,67.32,2331,542
5885,3,40.72,2331,538
5886,4,25.49,2331,537
5887,3,42.64,2331,543
5888,5,6.55,2332,542
5889,4,21.93,2333,542
5890,1,46.07,2333,543
5891,2,16.25,2333,542
5892,1,9.06,2334,545
5893,5,21.52,2335,551
5894,1,20.94,2336,551
5895,1,41.01,2336,548
5896,3,56.07,2337,545
5897,1,71.01,2337,547
5898,2,2.67,2338,550
5899,3,44.64,2338,547
5900,5,42.33,2338,552
5901,5,69.43,2338,547
5902,5,58.85,2339,549
5903,4,25.79,2339,545
5904,3,15.61,2339,548
5905,4,78.96,2340,547
5906,1,22.46,2340,546
5907,4,16.29,2340,550
5908,4,36.79,2341,551
5909,5,73.72,2341,552
5910,3,41.99,2342,552
5911,3,77.39,2342,548
5912,3,2.33,2342,547
5913,3,77.08,2343,551
5914,5,18.29,2344,551
5915,3,67.64,2345,549
5916,3,39.32,2345,548
5917,3,33.95,2346,551
5918,1,77.35,2347,552
5919,1,53.26,2347,550
5920,1,31.54,2348,547
5921,2,37.06,2348,549
5922,2,65.06,2349,552
5923,1,43.88,2349,547
5924,3,25.26,2349,550
5925,4,16.67,2349,546
5926,5,56.49,2350,552
5927,5,68.1,2350,552
5928,3,29.04,2351,550
5929,5,33.3,2351,548
5930,3,35.77,2351,549
5931,3,12.88,2352,547
5932,5,56.98,2352,551
5933,4,47.97,2353,549
5934,2,43.87,2353,547
5935,5,79.23,2353,552
5936,2,67.5,2354,547
5937,2,60.17,2355,545
5938,2,69.66,2355,551
5939,5,32.36,2356,551
5940,5,56.79,2356,550
5941,2,38.75,2356,552
5942,4,78.56,2356,548
5943,4,45.76,2357,549
5944,4,77.66,2357,545
5945,4,16.2,2357,548
5946,2,22.74,2357,550
5947,2,17.04,2358,547
5948,4,40.98,2358,545
5949,1,21.87,2358,548
5950,3,43.4,2358,552
5951,2,15.28,2359,550
5952,4,73.98,2359,545
5953,3,28.69,2360,549
5954,4,42.65,2360,548
5955,1,10.11,2361,552
5956,5,43.92,2361,546
5957,3,63.52,2361,551
5958,2,43.16,2362,550
5959,4,49.48,2362,549
5960,3,42.16,2362,549
5961,4,40.96,2362,548
5962,2,24.11,2363,550
5963,4,71.51,2364,548
5964,2,34.9,2365,545
5965,4,34.18,2365,550
5966,2,6.61,2365,547
5967,5,41.91,2366,546
5968,2,58.26,2366,552
5969,2,29.76,2367,545
5970,3,71.51,2367,546
5971,3,65.85,2368,548
5972,2,51.6,2369,552
5973,4,30.53,2370,551
5974,5,30.71,2370,549
5975,3,76.94,2370,550
5976,3,71.93,2371,548
5977,4,12.45,2371,546
5978,4,10.95,2371,550
5979,2,55.79,2372,547
5980,3,13.19,2372,545
5981,4,71.75,2372,547
5982,1,49.6,2373,547
5983,3,13.62,2374,548
5984,1,63.58,2374,547
5985,4,51.19,2374,549
5986,3,76.18,2375,548
5987,3,55.29,2375,548
5988,3,2.75,2376,547
5989,5,17.62,2376,551
5990,2,24.59,2376,545
5991,5,72.29,2377,550
5992,5,46.32,2378,545
5993,3,74.16,2378,552
5994,5,73.22,2378,546
5995,3,25.59,2379,545
5996,1,45.19,2379,546
5997,3,64.48,2380,550
5998,4,7.36,2380,548
5999,4,44.66,2381,546
6000,2,40.5,2381,549
6001,2,11.05,2381,546
6002,2,4.02,2381,547
6003,1,9.2,2382,549
6004,5,4.68,2382,545
6005,3,65.15,2383,547
6006,2,11.13,2383,546
6007,5,69.77,2383,545
6008,5,14.02,2383,548
6009,1,36.5,2384,547
6010,2,61.31,2384,551
6011,4,8.64,2385,548
6012,3,4.79,2386,545
6013,1,20.66,2386,548
6014,2,3.79,2386,548
6015,3,76.31,2386,549
6016,3,71.76,2387,552
6017,4,29.05,2388,547
6018,3,57.18,2388,552
6019,2,19.64,2388,551
6020,2,11.18,2388,545
6021,1,52.88,2389,545
6022,2,6.71,2390,551
6023,4,3.77,2390,550
6024,5,49.39,2390,551
6025,5,69.29,2390,551
6026,1,4.28,2391,553
6027,3,42.79,2391,553
6028,1,47.24,2391,553
6029,3,53.17,2391,557
6030,1,64.33,2392,556
6031,3,71.39,2392,556
6032,5,70.27,2393,554
6033,2,38.51,2393,557
6034,5,67.4,2394,554
6035,3,44.93,2394,555
6036,3,29.77,2394,553
6037,1,77.18,2395,555
6038,5,69.23,2395,554
6039,4,40.66,2395,557
6040,2,44.73,2395,556
6041,2,76.32,2396,557
6042,1,4.54,2396,554
6043,4,72.09,2397,555
6044,5,35.6,2397,556
6045,3,9.66,2397,554
6046,4,61.8,2397,554
6047,3,71.44,2398,557
6048,4,39.5,2398,553
6049,1,22.29,2398,557
6050,3,64.34,2399,555
6051,4,15.9,2399,553
6052,3,57.48,2399,556
6053,1,25.94,2400,553
6054,4,60.38,2401,553
6055,3,28.65,2401,555
6056,5,77.64,2402,556
6057,5,60.74,2402,554
6058,4,37.26,2402,555
6059,1,17.48,2402,555
6060,4,63.46,2403,553
6061,1,20.01,2403,553
6062,1,9.23,2403,556
6063,2,77.56,2404,556
6064,5,38.78,2404,555
6065,2,32.47,2405,557
6066,2,43.74,2405,553
6067,5,27.34,2405,556
6068,1,78.43,2405,557
6069,4,55.27,2406,555
6070,3,68.78,2407,553
6071,2,23.46,2407,557
6072,3,45.83,2407,554
6073,4,65.41,2407,553
6074,5,27.8,2408,557
6075,3,70.35,2408,553
6076,3,65.28,2408,557
6077,3,21.9,2408,557
6078,1,78.52,2409,556
6079,3,67.89,2409,554
6080,1,34.36,2410,553
6081,5,53.66,2411,555
6082,3,47.64,2411,554
6083,3,54.58,2411,556
6084,2,44.96,2411,554
6085,1,6.14,2412,556
6086,2,55.28,2413,557
6087,1,59.54,2414,554
6088,1,68.8,2414,557
6089,3,45.64,2414,553
6090,3,15.55,2414,554
6091,2,39.7,2415,557
6092,4,57.61,2415,556
6093,4,71.05,2416,556
6094,3,51.7,2416,556
6095,1,67.19,2417,556
6096,1,54.66,2417,557
6097,4,58.76,2418,553
6098,4,22.11,2419,556
6099,1,77.49,2419,557
6100,5,20.81,2419,557
6101,4,18.61,2420,557
6102,5,68.92,2420,555
6103,2,20.81,2420,556
6104,5,45.72,2421,553
6105,2,28.57,2421,554
6106,3,74.65,2421,554
6107,1,60.58,2421,557
6108,4,46.6,2422,557
6109,1,49.93,2422,556
6110,4,58.79,2422,554
6111,5,35.57,2422,554
6112,4,6.93,2423,555
6113,4,61.12,2423,557
6114,2,78.06,2423,553
6115,1,66.89,2424,557
6116,1,36.87,2424,554
6117,4,42.57,2424,553
6118,5,51.26,2424,556
6119,4,64.44,2425,553
6120,5,14.05,2426,556
6121,4,58.36,2426,557
6122,4,69.49,2426,554
6123,3,65.34,2427,556
6124,3,36.45,2427,556
6125,4,32.82,2427,555
6126,4,79.84,2428,555
6127,2,25.97,2429,554
6128,4,49.69,2430,554
6129,1,18.9,2430,556
6130,4,19.37,2431,553
6131,5,73.02,2431,553
6132,4,60.77,2431,555
6133,1,35.75,2432,555
6134,2,52.49,2432,555
6135,4,33.18,2432,556
6136,4,61.28,2433,557
6137,5,78.71,2433,553
6138,5,74.59,2434,554
6139,2,40.42,2434,554
6140,2,79.45,2434,554
6141,2,43.56,2434,555
6142,2,40.79,2435,554
6143,2,28.29,2435,557
6144,4,66.32,2436,553
6145,1,44.37,2436,557
6146,2,59.96,2437,553
6147,1,51.32,2438,557
6148,5,18.42,2438,555
6149,5,50.82,2439,553
6150,3,38.25,2439,556
6151,1,48.21,2439,555
6152,1,39.25,2439,556
6153,3,30.82,2440,555
6154,3,25.59,2440,554
6155,1,30.68,2440,557
6156,2,38.16,2440,554
6157,4,17.46,2441,557
6158,4,42.75,2441,555
6159,5,4.97,2442,557
6160,4,49.86,2442,557
6161,3,3.78,2443,554
6162,3,64.23,2444,553
6163,1,11.97,2444,553
6164,4,36.0,2444,557
6165,4,51.76,2444,553
6166,4,38.74,2445,555
6167,5,47.01,2445,557
6168,4,21.24,2445,557
6169,5,29.95,2445,557
6170,2,26.21,2446,556
6171,4,15.17,2446,553
6172,3,29.49,2446,556
6173,5,54.78,2447,556
6174,2,48.53,2447,555
6175,3,63.45,2448,555
6176,4,30.26,2448,555
6177,2,7.81,2448,553
6178,1,53.65,2449,556
6179,3,59.39,2450,565
6180,2,58.15,2450,560
6181,3,46.01,2451,559
6182,4,54.07,2451,558
6183,1,47.26,2451,558
6184,5,2.81,2451,566
6185,4,18.21,2452,560
6186,4,42.1,2453,563
6187,3,9.13,2453,564
6188,4,9.54,2454,564
6189,3,73.39,2454,563
6190,4,65.54,2455,562
6191,4,35.96,2455,562
6192,3,73.3,2455,561
6193,3,12.2,2456,558
6194,5,16.93,2457,566
6195,5,43.24,2458,566
6196,3,5.38,2459,564
6197,5,26.88,2459,561
6198,5,5.16,2459,560
6199,3,32.68,2460,560
6200,3,74.57,2460,562
6201,2,29.95,2460,566
6202,4,48.4,2460,560
6203,1,66.16,2461,566
6204,4,6.95,2461,566
6205,5,5.51,2461,563
6206,3,34.73,2461,562
6207,2,39.2,2462,562
6208,1,35.23,2463,560
6209,5,65.66,2464,564
6210,3,78.36,2464,566
6211,5,72.43,2465,558
6212,2,18.9,2466,560
6213,5,34.45,2466,564
6214,1,61.78,2467,558
6215,2,47.72,2467,565
6216,2,63.61,2467,558
6217,3,68.78,2468,559
6218,5,9.23,2468,563
6219,5,6.27,2468,559
6220,2,73.24,2469,563
6221,5,19.36,2470,564
6222,1,39.68,2471,566
6223,1,52.08,2471,560
6224,5,68.35,2471,560
6225,5,72.76,2471,563
6226,1,13.99,2472,561
6227,2,65.4,2472,559
6228,2,23.8,2472,563
6229,2,77.01,2472,558
6230,2,39.28,2473,559
6231,2,57.88,2474,569
6232,5,2.54,2474,570
6233,1,7.33,2474,568
6234,4,63.54,2474,568
6235,5,79.74,2475,569
6236,1,35.49,2475,570
6237,1,15.11,2475,567
6238,5,35.67,2475,567
6239,2,70.23,2476,571
6240,5,74.24,2476,568
6241,5,58.21,2477,568
6242,1,35.48,2477,568
6243,2,10.97,2477,569
6244,3,48.8,2477,571
6245,1,46.52,2478,570
6246,5,5.78,2478,569
6247,3,4.41,2478,568
6248,1,7.08,2478,567
6249,4,63.31,2479,567
6250,1,70.36,2480,567
6251,5,40.97,2480,567
6252,3,4.98,2480,571
6253,2,23.31,2480,571
6254,1,48.07,2481,569
6255,5,4.71,2481,568
6256,4,22.46,2481,570
6257,4,48.34,2481,568
6258,4,22.12,2482,571
6259,3,50.38,2483,570
6260,3,68.14,2484,571
6261,3,37.42,2484,570
6262,4,75.18,2485,569
6263,4,71.43,2486,569
6264,5,72.72,2486,568
6265,4,12.1,2486,570
6266,2,61.96,2487,571
6267,4,35.96,2487,568
6268,3,48.55,2487,568
6269,3,65.02,2487,570
6270,1,32.88,2488,570
6271,1,14.33,2489,569
6272,4,76.24,2489,568
6273,1,57.91,2489,568
6274,2,28.64,2490,570
6275,1,2.05,2490,569
6276,5,67.34,2490,569
6277,3,76.55,2491,567
6278,3,17.54,2492,567
6279,2,58.08,2492,571
6280,3,53.78,2493,568
6281,2,11.9,2493,567
6282,3,71.35,2494,568
6283,1,63.84,2494,569
6284,1,23.92,2494,567
6285,2,55.11,2495,570
6286,4,48.16,2495,571
6287,2,55.76,2495,569
6288,4,74.58,2496,568
6289,5,10.51,2497,567
6290,2,77.93,2498,569
6291,4,42.51,2498,571
6292,4,65.24,2498,569
6293,2,34.53,2499,569
6294,5,42.77,2499,571
6295,2,17.24,2499,570
6296,2,51.87,2500,568
6297,3,11.11,2500,570
6298,1,78.82,2501,569
6299,3,30.51,2501,571
6300,5,16.56,2501,570
6301,4,31.62,2502,570
6302,1,43.52,2502,571
6303,5,77.65,2502,569
6304,3,57.13,2502,571
6305,3,18.19,2503,568
6306,4,45.32,2503,571
6307,2,10.01,2503,568
6308,4,12.01,2503,567
6309,2,2.3,2504,567
6310,1,64.81,2504,567
6311,3,73.91,2504,569
6312,4,26.33,2505,568
6313,2,7.39,2505,571
6314,4,9.54,2505,567
6315,3,63.27,2506,570
6316,2,50.53,2506,571
6317,3,19.65,2507,569
6318,5,48.77,2507,569
6319,1,59.23,2508,571
6320,5,9.2,2508,570
6321,5,33.47,2508,568
6322,1,30.58,2508,571
6323,2,42.17,2509,570
6324,3,47.5,2509,567
6325,2,18.72,2509,568
6326,2,16.52,2509,571
6327,1,24.61,2510,568
6328,1,78.48,2510,571
6329,2,64.21,2510,571
6330,4,26.15,2510,570
6331,2,33.41,2511,570
6332,4,31.45,2512,568
6333,5,11.91,2513,571
6334,2,68.98,2513,571
6335,4,12.43,2514,569
6336,2,48.7,2514,568
6337,1,72.69,2514,569
6338,4,33.27,2515,570
6339,1,16.17,2516,569
6340,3,18.04,2516,569
6341,4,29.42,2517,573
6342,3,16.14,2517,572
6343,4,60.45,2517,575
6344,3,45.61,2518,577
6345,1,55.77,2519,577
6346,5,74.7,2520,573
6347,1,50.57,2520,575
6348,5,60.87,2520,572
6349,3,46.94,2521,573
6350,4,33.18,2521,575
6351,5,40.4,2521,575
6352,3,46.3,2521,574
6353,1,39.87,2522,576
6354,1,47.62,2522,573
6355,5,3.83,2522,576
6356,2,16.98,2523,576
6357,5,3.01,2523,575
6358,4,10.97,2523,572
6359,1,9.33,2523,572
6360,3,24.08,2524,577
6361,1,22.4,2525,576
6362,5,3.0,2525,572
6363,3,66.39,2526,577
6364,5,3.45,2526,577
6365,5,46.51,2526,572
6366,3,78.54,2526,575
6367,4,53.97,2527,575
6368,4,16.16,2527,572
6369,5,54.7,2527,572
6370,1,64.48,2527,573
6371,1,30.38,2528,575
6372,5,46.14,2528,573
6373,3,73.37,2529,575
6374,5,17.25,2529,575
6375,4,2.55,2529,572
6376,4,18.04,2530,573
6377,4,2.36,2530,576
6378,4,41.62,2530,575
6379,5,45.04,2530,576
6380,5,38.99,2531,574
6381,5,31.52,2531,575
6382,5,24.88,2531,573
6383,1,15.12,2532,573
6384,2,40.22,2532,575
6385,4,71.03,2532,574
6386,5,32.71,2532,574
6387,4,50.28,2533,576
6388,3,77.85,2533,577
6389,1,29.21,2533,577
6390,2,23.46,2533,575
6391,3,3.83,2534,574
6392,2,36.53,2534,573
6393,3,70.52,2535,577
6394,5,22.18,2535,572
6395,2,36.39,2535,574
6396,3,45.21,2535,572
6397,2,58.89,2536,574
6398,4,47.27,2536,573
6399,3,78.13,2537,576
6400,1,56.34,2537,574
6401,1,39.03,2537,575
6402,2,6.32,2537,574
6403,2,15.78,2538,577
6404,3,67.4,2538,574
6405,1,5.58,2538,577
6406,2,33.79,2538,576
6407,2,17.76,2539,574
6408,4,38.45,2539,577
6409,4,22.79,2539,575
6410,4,60.15,2539,573
6411,5,50.31,2540,574
6412,1,28.18,2540,573
6413,1,15.97,2541,575
6414,1,32.56,2542,576
6415,3,48.17,2542,575
6416,4,46.13,2542,575
6417,4,8.8,2543,574
6418,3,57.05,2544,575
6419,5,48.02,2544,574
6420,1,75.78,2544,574
6421,1,58.64,2545,576
6422,4,28.06,2545,575
6423,1,39.51,2545,577
6424,5,55.06,2545,572
6425,1,69.29,2546,576
6426,1,11.94,2546,575
6427,4,21.78,2546,576
6428,5,42.63,2546,574
6429,4,34.08,2547,576
6430,4,2.7,2547,577
6431,4,67.91,2548,574
6432,1,40.68,2549,575
6433,5,17.99,2549,576
6434,3,36.43,2549,577
6435,3,42.37,2550,574
6436,4,18.62,2550,574
6437,4,16.41,2551,572
6438,5,2.77,2551,572
6439,3,21.16,2552,572
6440,4,40.41,2552,576
6441,3,60.2,2552,576
6442,3,75.96,2552,574
6443,1,37.97,2553,574
6444,4,2.4,2553,577
6445,1,59.97,2554,573
6446,4,17.28,2555,572
6447,5,66.16,2555,573
6448,2,29.94,2555,575
6449,3,22.65,2555,572
6450,3,23.46,2556,572
6451,1,13.39,2557,577
6452,1,3.72,2558,573
6453,2,8.11,2558,576
6454,2,56.58,2558,577
6455,3,43.21,2559,572
6456,3,25.19,2560,574
6457,5,36.87,2561,573
6458,5,65.29,2561,577
6459,2,23.13,2561,577
6460,3,51.77,2561,574
6461,2,69.05,2562,581
6462,5,69.89,2562,584
6463,3,68.45,2562,587
6464,3,69.71,2562,579
6465,4,62.37,2563,586
6466,1,28.25,2563,583
6467,5,5.2,2563,578
6468,5,11.67,2563,584
6469,5,37.37,2564,579
6470,3,3.16,2564,589
6471,3,41.97,2564,582
6472,5,46.62,2565,588
6473,2,73.56,2566,578
6474,3,48.9,2567,581
6475,3,69.15,2567,586
6476,5,8.07,2567,578
6477,4,62.53,2568,582
6478,4,61.88,2568,585
6479,4,74.83,2568,582
6480,3,46.81,2568,580
6481,2,68.42,2569,589
6482,5,65.35,2569,581
6483,4,48.5,2569,587
6484,1,3.33,2569,578
6485,5,66.91,2570,587
6486,4,38.02,2570,582
6487,1,36.04,2570,580
6488,4,11.16,2571,583
6489,3,47.72,2571,583
6490,1,74.55,2571,585
6491,4,36.85,2571,587
6492,2,40.28,2572,588
6493,4,32.99,2572,581
6494,3,10.05,2573,588
6495,1,6.36,2573,582
6496,3,29.74,2574,583
6497,3,74.04,2574,580
6498,1,35.07,2574,586
6499,4,34.35,2575,578
6500,5,65.99,2575,587
6501,3,61.17,2575,582
6502,5,9.15,2575,586
6503,4,8.93,2576,583
6504,5,20.06,2577,596
6505,5,31.93,2577,590
6506,5,55.17,2577,593
6507,1,54.12,2577,596
6508,1,78.4,2578,590
6509,3,31.0,2578,593
6510,5,8.11,2578,591
6511,3,5.78,2579,593
6512,2,57.19,2579,596
6513,2,40.98,2579,590
6514,2,72.95,2579,593
6515,5,43.52,2580,593
6516,4,35.72,2581,593
6517,3,70.69,2581,592
6518,1,44.41,2581,594
6519,5,56.55,2581,592
6520,3,39.5,2582,592
6521,4,25.94,2582,590
6522,3,38.12,2582,593
6523,2,61.41,2582,596
6524,5,9.25,2583,597
6525,4,66.33,2583,594
6526,3,49.53,2583,592
6527,3,31.95,2584,593
6528,5,50.1,2584,595
6529,2,9.16,2584,595
6530,2,49.97,2585,590
6531,2,50.88,2585,590
6532,4,34.63,2586,591
6533,1,53.58,2586,592
6534,2,46.97,2586,592
6535,2,53.87,2586,592
6536,1,19.67,2587,593
6537,2,39.91,2587,594
6538,2,42.15,2588,597
6539,5,21.08,2589,594
6540,3,27.57,2589,596
6541,3,54.71,2589,597
6542,4,52.83,2589,595
6543,1,71.16,2590,595
6544,4,52.83,2591,594
6545,3,75.37,2591,594
6546,2,77.51,2591,593
6547,2,38.42,2591,595
6548,2,5.3,2592,600
6549,2,8.85,2592,603
6550,5,35.64,2592,600
6551,3,8.46,2593,602
6552,1,46.59,2593,602
6553,3,50.93,2594,599
6554,2,26.69,2594,602
6555,3,5.87,2594,598
6556,3,79.13,2594,599
6557,2,16.52,2595,601
6558,5,55.96,2595,598
6559,3,12.05,2595,599
6560,5,9.47,2595,601
6561,1,4.98,2596,599
6562,2,49.04,2596,602
6563,3,29.27,2596,603
6564,3,47.27,2596,601
6565,4,3.48,2597,599
6566,3,50.08,2597,601
6567,3,72.48,2598,602
6568,2,5.49,2598,598
6569,4,7.99,2599,602
6570,3,28.45,2600,599
6571,4,10.6,2600,601
6572,2,77.38,2600,599
6573,1,24.11,2600,598
6574,2,34.27,2601,601
6575,1,72.54,2602,600
6576,3,41.8,2602,601
6577,2,21.54,2602,600
6578,3,28.39,2602,601
6579,4,60.3,2603,599
6580,4,58.47,2603,598
6581,1,2.6,2603,600
6582,4,44.89,2603,598
6583,1,77.77,2604,598
6584,2,77.8,2605,600
6585,2,46.8,2605,599
6586,3,43.32,2606,603
6587,5,56.67,2606,598
6588,4,27.81,2606,598
6589,5,19.72,2607,599
6590,5,63.16,2608,603
6591,3,59.66,2608,602
6592,1,13.13,2608,598
6593,3,7.37,2608,603
6594,3,9.69,2609,602
6595,2,19.49,2610,601
6596,2,61.59,2610,598
6597,3,39.6,2610,600
6598,1,47.06,2611,602
6599,2,37.17,2612,601
6600,1,51.9,2612,599
6601,1,63.33,2612,598
6602,3,56.89,2613,602
6603,2,45.04,2613,603
6604,5,31.18,2614,606
6605,1,37.41,2614,606
6606,4,31.25,2614,605
6607,5,9.36,2614,606
6608,1,61.55,2615,604
6609,1,55.48,2615,606
6610,2,57.96,2616,604
6611,4,47.93,2616,605
6612,3,5.37,2617,605
6613,3,74.39,2617,605
6614,2,78.37,2617,605
6615,4,69.47,2618,604
6616,5,22.35,2618,604
6617,1,38.58,2618,606
6618,3,35.18,2618,606
6619,4,4.03,2619,604
6620,4,63.44,2619,604
6621,1,4.06,2620,606
6622,5,23.71,2621,606
6623,1,5.82,2622,604
6624,2,40.97,2622,605
6625,2,43.14,2622,605
6626,5,38.02,2622,605
6627,2,56.42,2623,606
6628,2,70.71,2623,604
6629,1,45.93,2623,605
6630,5,72.88,2623,605
6631,5,30.24,2624,606
6632,5,55.5,2624,606
6633,2,13.65,2624,605
6634,5,74.83,2625,606
6635,4,64.17,2625,606
6636,3,10.26,2626,605
6637,3,70.58,2626,606
6638,5,34.45,2626,605
6639,2,30.32,2626,604
6640,5,37.04,2627,605
6641,4,37.19,2627,604
6642,3,69.34,2627,606
6643,5,20.35,2628,605
6644,5,47.14,2628,605
6645,1,49.71,2629,604
6646,2,31.76,2630,605
6647,2,30.83,2631,606
6648,1,18.61,2631,604
6649,1,27.03,2632,605
6650,5,12.34,2632,606
6651,3,15.88,2633,606
6652,2,6.15,2633,606
6653,3,62.49,2633,605
6654,5,14.3,2634,606
6655,5,17.36,2634,606
6656,2,12.72,2635,604
6657,1,36.36,2635,605
6658,4,31.13,2636,606
6659,1,26.67,2636,605
6660,4,58.53,2636,606
6661,3,18.51,2637,606
6662,3,18.1,2637,604
6663,3,4.47,2638,606
6664,2,72.19,2638,605
6665,2,5.91,2638,605
6666,5,4.7,2638,604
6667,2,70.8,2639,605
6668,2,17.56,2639,604
6669,4,43.8,2639,605
6670,1,64.91,2639,606
6671,2,62.37,2640,606
6672,3,22.75,2640,604
6673,1,63.3,2640,604
6674,3,50.53,2641,605
6675,3,67.64,2641,604
6676,1,73.82,2641,604
6677,1,68.36,2641,604
6678,2,76.83,2642,606
6679,2,43.24,2643,606
6680,1,9.86,2643,605
6681,4,4.93,2643,604
6682,4,24.33,2644,606
6683,3,24.14,2645,604
6684,1,73.14,2645,604
6685,2,28.65,2645,605
6686,1,40.23,2646,604
6687,4,21.2,2646,605
6688,2,23.54,2646,605
6689,1,34.54,2647,604
6690,1,32.51,2648,605
6691,2,7.82,2648,606
6692,1,59.74,2648,604
6693,3,33.15,2649,605
6694,5,5.25,2649,606
6695,3,36.02,2649,606
6696,1,43.24,2649,605
6697,4,32.58,2650,606
6698,1,12.96,2650,605
6699,5,11.09,2651,606
6700,5,9.71,2651,605
6701,4,44.81,2651,606
6702,5,15.91,2652,604
6703,5,69.3,2652,606
6704,1,52.73,2652,604
6705,3,2.53,2653,604
6706,5,47.32,2654,606
6707,1,24.19,2654,604
6708,4,27.07,2654,604
6709,1,66.65,2654,606
6710,2,6.03,2655,606
6711,4,30.39,2656,605
6712,5,7.78,2656,606
6713,2,38.14,2656,606
6714,1,21.29,2656,605
6715,3,76.61,2657,606
6716,5,11.65,2657,605
6717,2,64.08,2657,606
6718,1,45.66,2657,604
6719,2,18.98,2658,605
6720,4,66.65,2658,606
6721,2,71.2,2658,604
6722,2,13.51,2659,606
6723,4,67.02,2660,606
6724,2,79.93,2660,604
6725,1,79.61,2660,605
6726,2,75.11,2660,605
6727,4,38.98,2661,604
6728,5,60.6,2662,605
6729,4,57.25,2662,605
6730,4,69.33,2663,604
6731,1,37.01,2663,605
6732,2,63.89,2663,606
6733,1,3.6,2663,604
6734,2,24.13,2664,605
6735,2,28.88,2664,604
6736,4,29.02,2664,604
6737,4,60.11,2664,606
6738,2,47.31,2665,605
6739,2,19.12,2665,606
6740,1,64.79,2665,604
6741,5,46.97,2665,605
6742,5,3.66,2666,606
6743,1,23.39,2666,606
6744,2,29.48,2666,605
6745,2,8.17,2666,606
6746,5,48.27,2667,606
6747,1,52.76,2667,605
6748,2,26.37,2667,605
6749,1,29.0,2667,605
6750,5,45.02,2668,605
6751,4,41.36,2669,606
6752,4,11.77,2669,604
6753,2,44.65,2669,604
6754,3,73.13,2669,605
6755,3,60.36,2670,604
6756,3,47.45,2670,605
6757,1,17.3,2670,604
6758,2,53.44,2671,612
6759,1,73.82,2671,608
6760,1,48.54,2671,614
6761,3,28.72,2671,617
6762,5,2.77,2672,612
6763,1,21.64,2672,614
6764,2,40.74,2672,609
6765,5,63.37,2673,614
6766,1,79.46,2673,610
6767,2,18.89,2673,615
6768,1,12.91,2673,608
6769,4,59.85,2674,612
6770,2,76.43,2674,608
6771,1,72.45,2674,614
6772,2,7.49,2675,611
6773,5,67.62,2675,610
6774,2,79.26,2675,608
6775,1,79.71,2675,615
6776,5,71.31,2676,617
6777,1,4.09,2676,615
6778,1,41.74,2676,607
6779,1,54.85,2677,607
6780,2,7.28,2677,609
6781,3,7.91,2677,611
6782,5,22.42,2678,613
6783,1,35.12,2678,615
6784,3,46.29,2679,616
6785,3,16.64,2680,611
6786,3,12.12,2681,607
6787,4,30.18,2681,607
6788,1,24.95,2681,613
6789,2,11.51,2682,612
6790,1,58.22,2683,609
6791,2,54.96,2683,616
6792,4,31.47,2684,608
6793,4,35.03,2685,614
6794,3,69.45,2685,610
6795,5,39.47,2685,617
6796,1,12.05,2685,610
6797,1,23.66,2686,614
6798,2,5.03,2686,612
6799,5,65.06,2687,608
6800,4,66.61,2687,610
6801,3,10.85,2687,615
6802,1,40.89,2687,616
6803,3,70.36,2688,612
6804,5,51.73,2689,610
6805,3,48.87,2690,610
6806,5,16.25,2690,608
6807,5,26.66,2690,607
6808,1,12.94,2691,607
6809,4,77.16,2691,608
6810,3,17.38,2691,615
6811,3,16.5,2691,617
6812,3,22.82,2692,607
6813,4,61.19,2692,615
6814,2,78.05,2693,608
6815,1,59.74,2693,614
6816,5,26.21,2694,608
6817,3,54.16,2695,615
6818,1,71.62,2695,611
6819,1,75.52,2695,607
6820,3,45.05,2695,613
6821,2,76.87,2696,609
6822,3,25.45,2696,614
6823,1,56.26,2696,616
6824,1,41.16,2697,614
6825,1,56.05,2698,617
6826,3,19.48,2698,607
6827,4,21.05,2698,611
6828,4,53.43,2698,615
6829,5,65.28,2699,617
6830,1,60.87,2699,617
6831,1,22.34,2699,610
6832,3,33.51,2700,616
6833,2,24.12,2700,607
6834,1,9.27,2701,613
6835,3,21.11,2701,610
6836,3,9.56,2702,608
6837,2,38.17,2702,616
6838,1,72.01,2702,614
6839,1,3.68,2702,611
6840,3,71.29,2703,621
6841,3,4.21,2703,620
6842,2,11.63,2704,620
6843,3,10.52,2704,618
6844,4,2.9,2705,618
6845,1,63.16,2706,620
6846,2,15.77,2706,620
6847,2,60.36,2707,620
6848,2,45.72,2707,619
6849,3,62.45,2707,618
6850,1,66.94,2707,618
6851,3,59.3,2708,621
6852,1,43.65,2708,620
6853,3,18.35,2708,620
6854,1,43.64,2709,620
6855,5,47.28,2709,620
6856,1,16.27,2709,619
6857,3,41.87,2710,619
6858,3,70.32,2710,619
6859,3,5.55,2711,621
6860,5,8.87,2711,621
6861,2,30.14,2711,620
6862,2,29.93,2711,620
6863,3,62.73,2712,620
6864,5,32.46,2712,622
6865,2,4.65,2712,621
6866,4,46.33,2713,622
6867,4,30.4,2714,620
6868,2,40.75,2714,622
6869,4,3.61,2715,618
6870,2,11.46,2715,620
6871,1,38.49,2715,620
6872,1,9.22,2716,621
6873,1,46.73,2716,622
6874,2,13.02,2716,620
6875,4,4.42,2716,622
6876,4,25.14,2717,618
6877,2,60.46,2718,622
6878,3,75.15,2719,621
6879,5,46.71,2719,619
6880,2,35.34,2719,621
6881,3,74.26,2720,620
6882,5,56.49,2720,620
6883,5,29.62,2720,621
6884,1,40.45,2721,620
6885,2,36.28,2721,618
6886,1,14.59,2722,622
6887,2,32.74,2722,619
6888,4,32.22,2722,621
6889,1,23.7,2723,621
6890,3,53.77,2723,618
6891,1,14.74,2723,621
6892,3,2.51,2724,619
6893,3,47.84,2725,624
6894,5,78.23,2725,624
6895,4,62.83,2725,626
6896,3,56.54,2726,624
6897,2,65.95,2726,626
6898,5,34.62,2727,628
6899,5,16.59,2727,629
6900,1,40.2,2728,629
6901,2,7.28,2728,624
6902,3,76.39,2728,628
6903,5,32.06,2728,627
6904,1,30.17,2729,625
6905,4,21.39,2729,623
6906,3,16.16,2729,627
6907,5,45.64,2729,623
6908,1,39.15,2730,624
6909,2,38.43,2730,629
6910,2,10.23,2730,624
6911,5,28.51,2731,629
6912,2,55.38,2731,626
6913,3,49.31,2731,629
6914,1,49.38,2732,626
6915,1,69.97,2733,629
6916,1,42.75,2733,629
6917,3,29.08,2733,624
6918,5,79.69,2733,628
6919,1,65.4,2734,629
6920,5,72.74,2734,627
6921,4,63.59,2735,623
6922,2,15.05,2735,623
6923,5,43.01,2735,623
6924,1,38.26,2736,623
6925,2,76.47,2736,628
6926,3,11.5,2736,624
6927,4,52.67,2737,627
6928,4,27.31,2737,628
6929,5,28.37,2737,623
6930,5,28.42,2737,629
6931,2,72.3,2738,626
6932,4,50.52,2738,628
6933,4,11.98,2738,624
6934,5,35.48,2738,625
6935,1,26.06,2739,624
6936,5,23.09,2739,628
6937,1,39.99,2740,626
6938,3,53.67,2740,625
6939,4,63.16,2741,628
6940,4,45.36,2742,628
6941,5,26.54,2743,625
6942,5,7.88,2743,629
6943,1,6.26,2743,628
6944,3,76.07,2744,627
6945,4,50.74,2744,628
6946,5,37.1,2744,627
6947,3,18.9,2744,626
6948,4,59.76,2745,635
6949,2,78.95,2746,637
6950,5,3.14,2746,637
6951,1,24.83,2746,637
6952,3,32.73,2747,632
6953,4,72.19,2747,632
6954,1,67.03,2747,633
6955,2,38.63,2747,633
6956,4,79.24,2748,631
6957,2,68.51,2748,630
6958,1,45.1,2748,635
6959,4,53.46,2748,635
6960,2,28.55,2749,636
6961,4,3.54,2749,630
6962,3,73.52,2749,633
6963,1,17.77,2750,634
6964,1,66.05,2750,633
6965,5,42.22,2751,636
6966,5,22.82,2751,637
6967,4,5.43,2752,637
6968,2,21.31,2753,637
6969,1,79.44,2753,634
6970,5,8.19,2753,637
6971,1,53.5,2754,636
6972,2,41.29,2754,637
6973,4,16.54,2754,631
6974,3,71.58,2754,637
6975,5,36.1,2755,631
6976,5,13.64,2755,637
6977,3,7.23,2755,632
6978,1,58.61,2756,637
6979,2,34.62,2756,634
6980,5,15.42,2756,632
6981,1,26.5,2757,630
6982,1,37.96,2757,631
6983,3,58.03,2758,634
6984,1,30.34,2759,634
6985,1,59.26,2759,637
6986,4,32.47,2759,634
6987,3,34.58,2759,633
6988,3,36.33,2760,636
6989,4,73.81,2760,637
6990,4,74.71,2760,637
6991,4,5.66,2761,635
6992,2,2.66,2761,635
6993,2,47.72,2761,634
6994,3,70.68,2761,632
6995,5,12.48,2762,637
6996,2,38.51,2762,634
6997,3,13.06,2762,630
6998,4,8.01,2762,635
6999,2,52.34,2763,636
7000,3,4.71,2763,636
7001,4,12.9,2763,636
7002,4,17.77,2763,630
7003,2,8.94,2764,633
7004,1,73.9,2765,634
7005,3,42.8,2766,635
7006,3,12.41,2766,634
7007,3,13.97,2766,636
7008,5,37.68,2767,634
7009,3,37.48,2767,633
7010,3,7.68,2767,637
7011,5,70.62,2767,633
7012,3,77.57,2768,636
7013,5,35.7,2768,633
7014,2,65.02,2768,635
7015,4,52.96,2769,632
7016,4,12.05,2770,636
7017,5,17.28,2771,634
7018,2,35.67,2771,635
7019,5,58.7,2772,630
7020,1,65.39,2772,630
7021,2,53.09,2772,637
7022,1,49.32,2772,630
7023,1,16.65,2773,637
7024,2,9.87,2773,632
7025,3,72.12,2774,636
7026,4,55.71,2775,632
7027,1,9.32,2775,635
7028,4,33.83,2775,633
7029,2,59.08,2776,636
7030,2,27.2,2776,631
7031,3,3.13,2776,630
7032,1,54.46,2777,632
7033,1,13.01,2777,634
7034,5,25.21,2777,635
7035,2,75.45,2778,630
7036,5,51.89,2778,637
7037,2,8.71,2779,630
7038,4,39.77,2779,632
7039,2,54.86,2779,633
7040,4,36.02,2780,635
7041,3,36.39,2780,631
7042,3,27.0,2781,631
7043,3,38.52,2781,631
7044,3,71.52,2782,633
7045,4,57.21,2783,632
7046,1,28.97,2783,631
7047,2,46.41,2784,636
7048,2,38.86,2784,635
7049,5,7.45,2785,632
7050,5,69.46,2785,630
7051,2,78.94,2786,635
7052,3,64.56,2787,631
7053,2,4.62,2788,636
7054,3,48.65,2788,630
7055,4,21.59,2789,633
7056,4,22.83,2789,634
7057,5,9.25,2790,632
7058,2,55.82,2790,630
7059,1,38.14,2790,632
7060,2,73.75,2790,637
7061,5,72.39,2791,645
7062,2,44.15,2792,643
7063,2,5.08,2792,638
7064,3,42.13,2793,644
7065,4,74.68,2793,643
7066,4,14.92,2794,648
7067,4,51.74,2795,641
7068,2,57.52,2795,644
7069,3,52.58,2795,648
7070,3,25.14,2796,644
7071,2,26.46,2797,639
7072,5,30.58,2797,649
7073,4,32.88,2797,648
7074,4,30.0,2797,647
7075,1,5.26,2798,648
7076,2,57.02,2798,645
7077,3,13.97,2798,647
7078,4,59.47,2798,646
7079,2,77.72,2799,640
7080,3,9.22,2799,642
7081,4,52.01,2800,641
7082,4,32.93,2800,638
7083,3,18.69,2801,640
7084,5,68.01,2801,638
7085,5,8.04,2801,645
7086,2,15.96,2801,646
7087,3,51.79,2802,640
7088,3,71.61,2802,648
7089,1,8.78,2803,648
7090,3,46.29,2803,640
7091,5,22.3,2803,645
7092,5,38.49,2804,641
7093,4,55.59,2805,638
7094,1,76.17,2805,645
7095,5,14.15,2805,642
7096,4,35.61,2805,644
7097,5,51.44,2806,641
7098,1,43.29,2807,643
7099,5,16.1,2807,648
7100,4,14.88,2807,645
7101,2,64.96,2808,640
7102,3,36.94,2808,640
7103,5,65.96,2809,647
7104,2,38.94,2809,638
7105,3,38.47,2809,641
7106,2,21.76,2809,642
7107,3,9.81,2810,642
7108,5,32.88,2811,658
7109,5,32.12,2811,658
7110,5,76.55,2811,659
7111,2,23.2,2811,654
7112,1,42.57,2812,656
7113,5,57.17,2812,656
7114,1,19.9,2812,654
7115,1,44.47,2813,658
7116,1,11.46,2813,659
7117,2,52.34,2814,653
7118,1,62.52,2815,652
7119,1,41.09,2816,655
7120,2,4.42,2816,660
7121,1,74.4,2817,653
7122,4,51.7,2817,660
7123,5,45.16,2818,651
7124,5,48.39,2819,656
7125,5,3.42,2820,653
7126,1,53.72,2820,657
7127,4,51.58,2820,656
7128,5,51.83,2821,651
7129,2,75.24,2822,654
7130,5,20.6,2822,653
7131,3,24.2,2823,657
7132,5,37.27,2824,652
7133,1,5.63,2825,653
7134,5,2.75,2825,658
7135,2,24.08,2825,659
7136,1,3.95,2826,659
7137,2,15.88,2826,651
7138,5,20.21,2826,660
7139,3,16.58,2826,657
7140,2,8.88,2827,651
7141,2,43.27,2828,653
7142,2,71.46,2828,657
7143,1,9.92,2828,651
7144,4,63.98,2829,658
7145,4,59.47,2829,659
7146,1,16.0,2829,651
7147,3,16.73,2829,656
7148,2,15.35,2830,659
7149,2,51.98,2831,650
7150,3,75.74,2831,650
7151,3,63.77,2831,651
7152,1,36.89,2832,655
7153,1,43.15,2832,658
7154,3,14.78,2832,654
7155,5,21.54,2833,657
7156,5,40.39,2833,650
7157,5,53.09,2833,653
7158,1,52.73,2833,656
7159,5,20.12,2834,655
7160,1,8.57,2834,652
7161,4,15.03,2834,660
7162,5,16.62,2835,650
7163,1,68.05,2835,658
7164,2,6.93,2836,653
7165,5,4.42,2837,659
7166,5,5.08,2837,650
7167,2,25.62,2837,656
7168,3,7.01,2837,660
7169,4,5.82,2838,656
7170,5,35.98,2839,658
7171,5,33.63,2839,653
7172,1,14.76,2839,654
7173,1,36.93,2839,660
7174,2,44.31,2840,660
7175,3,66.03,2841,655
7176,1,47.59,2842,655
7177,2,22.9,2842,656
7178,1,9.52,2842,650
7179,5,13.96,2842,651
7180,4,61.15,2843,650
7181,2,70.98,2843,660
7182,2,45.3,2843,654
7183,3,76.67,2843,654
7184,3,69.24,2844,652
7185,1,50.15,2844,655
7186,2,30.14,2845,658
7187,4,15.62,2845,657
7188,2,50.31,2845,653
7189,2,51.03,2845,655
7190,1,71.75,2846,659
7191,2,46.88,2846,656
7192,4,17.24,2846,659
7193,3,12.55,2847,657
7194,2,47.67,2847,653
7195,3,58.38,2847,656
7196,5,59.18,2848,656
7197,4,21.42,2849,653
7198,2,68.84,2849,650
7199,4,35.08,2850,653
7200,1,31.2,2851,653
7201,3,70.81,2851,655
7202,5,45.42,2852,652
7203,2,17.21,2852,657
7204,1,59.74,2853,660
7205,3,17.86,2853,654
7206,2,8.56,2853,651
7207,4,52.04,2854,652
7208,1,51.28,2854,658
7209,3,16.01,2854,660
7210,2,50.68,2855,661
7211,3,53.53,2856,663
7212,2,47.76,2856,664
7213,2,52.84,2857,664
7214,3,61.64,2857,661
7215,3,20.71,2857,661
7216,3,78.56,2858,661
7217,5,19.18,2858,663
7218,4,70.91,2858,662
7219,5,15.38,2859,663
7220,2,79.82,2859,661
7221,5,9.16,2859,663
7222,4,78.42,2859,662
7223,1,73.83,2860,664
7224,1,58.58,2861,664
7225,5,50.88,2861,662
7226,4,73.22,2861,661
7227,2,64.32,2861,661
7228,4,8.05,2862,663
7229,3,2.17,2863,662
7230,1,34.39,2863,661
7231,2,45.52,2864,664
7232,5,77.03,2864,662
7233,1,74.19,2864,661
7234,5,32.51,2864,661
7235,4,50.24,2865,664
7236,1,24.3,2866,663
7237,2,67.69,2867,662
7238,2,57.03,2867,664
7239,1,58.04,2867,663
7240,5,30.72,2867,663
7241,4,18.64,2868,664
7242,5,41.3,2868,662
7243,1,28.52,2868,664
7244,4,46.83,2868,662
7245,1,30.78,2869,662
7246,2,46.44,2870,662
7247,3,77.9,2870,664
7248,1,70.22,2870,663
7249,5,34.69,2871,663
7250,2,8.79,2872,665
7251,4,26.24,2873,670
7252,3,73.36,2873,669
7253,5,24.88,2874,669
7254,3,78.65,2874,669
7255,2,27.09,2874,667
7256,4,62.28,2875,670
7257,5,27.81,2875,668
7258,4,71.89,2876,668
7259,3,45.69,2876,670
7260,3,58.74,2876,670
7261,5,66.7,2877,668
7262,4,63.86,2877,670
7263,1,8.42,2877,668
7264,5,23.35,2878,670
7265,4,27.56,2878,666
7266,2,6.7,2879,666
7267,1,45.7,2880,665
7268,5,59.7,2881,668
7269,3,19.27,2881,670
7270,5,28.58,2881,670
7271,2,54.71,2881,669
7272,4,7.49,2882,666
7273,4,60.33,2882,665
7274,3,6.64,2882,667
7275,3,71.04,2883,665
7276,1,43.12,2883,668
7277,4,72.35,2884,669
7278,2,53.4,2884,670
7279,4,8.63,2885,668
7280,1,41.36,2886,667
7281,3,23.95,2886,669
7282,1,53.87,2887,670
7283,1,51.18,2887,666
7284,1,19.36,2887,669
7285,5,5.77,2887,666
7286,4,58.54,2888,670
7287,4,40.9,2888,668
7288,4,37.48,2888,668
7289,3,61.69,2888,668
7290,2,21.52,2889,669
7291,2,29.94,2890,670
7292,1,10.41,2890,665
7293,2,31.78,2890,666
7294,5,50.22,2891,666
7295,2,30.49,2892,670
7296,4,3.78,2893,668
7297,1,32.07,2894,667
7298,1,26.95,2894,665
7299,3,25.85,2894,669
7300,4,36.08,2894,665
7301,3,53.55,2895,668
7302,5,37.38,2895,665
7303,4,73.62,2896,667
7304,2,54.0,2896,666
7305,2,59.76,2896,667
7306,2,31.19,2897,666
7307,5,29.94,2898,665
7308,4,54.94,2898,667
7309,5,47.43,2898,670
7310,3,79.88,2899,668
7311,3,61.86,2899,666
7312,2,66.32,2899,665
7313,1,22.11,2899,667
7314,4,43.99,2900,667
7315,3,40.51,2900,665
7316,1,41.16,2900,668
7317,4,48.73,2900,667
7318,5,54.97,2901,666
7319,5,56.42,2902,665
7320,3,53.95,2902,668
7321,1,54.49,2903,665
7322,4,9.62,2903,670
7323,3,2.98,2903,668
7324,5,50.21,2903,670
7325,2,40.05,2904,667
7326,2,57.97,2904,670
7327,2,69.8,2904,669
7328,1,34.99,2905,668
7329,5,74.97,2905,665
7330,3,29.97,2905,668
7331,4,8.31,2906,668
7332,4,45.65,2906,669
7333,3,78.47,2906,669
7334,2,34.81,2906,670
7335,3,46.36,2907,667
7336,2,18.15,2908,667
7337,1,41.84,2909,667
7338,4,49.35,2909,665
7339,5,12.04,2909,666
7340,5,67.48,2910,670
7341,4,47.22,2910,669
7342,3,43.0,2910,669
7343,5,35.14,2911,666
7344,3,57.27,2912,668
7345,3,12.39,2913,671
7346,1,12.46,2913,675
7347,4,47.74,2913,671
7348,1,40.05,2913,674
7349,2,38.4,2914,681
7350,1,67.27,2914,676
7351,3,19.65,2914,677
7352,1,34.76,2914,673
7353,4,38.7,2915,681
7354,3,40.25,2915,676
7355,4,50.39,2915,675
7356,3,70.63,2916,671
7357,2,60.69,2917,675
7358,2,60.36,2918,676
7359,2,55.31,2918,674
7360,3,67.45,2918,672
7361,1,45.43,2918,673
7362,4,68.84,2919,681
7363,2,53.58,2920,679
7364,3,17.59,2920,681
7365,1,57.39,2920,672
7366,2,41.2,2920,672
7367,4,35.06,2921,677
7368,2,32.6,2921,680
7369,4,76.23,2922,676
7370,5,42.2,2922,676
7371,5,5.84,2923,673
7372,5,23.69,2923,671
7373,2,40.26,2923,674
7374,3,51.37,2923,674
7375,3,11.84,2924,678
7376,3,34.33,2924,672
7377,5,51.25,2924,671
7378,5,6.8,2925,672
7379,2,56.68,2925,677
7380,3,13.84,2925,680
7381,3,64.05,2925,680
7382,5,41.22,2926,673
7383,1,72.74,2926,672
7384,3,46.8,2927,674
7385,4,58.62,2927,677
7386,3,36.36,2927,676
7387,2,41.64,2927,673
7388,3,57.26,2928,680
7389,1,71.37,2928,673
7390,5,25.78,2928,675
7391,3,37.73,2929,677
7392,4,7.99,2929,674
7393,5,43.81,2929,677
7394,5,68.36,2930,676
7395,2,46.02,2931,681
7396,3,76.82,2931,680
7397,1,14.03,2932,678
7398,1,34.38,2932,672
7399,5,62.45,2932,681
7400,5,5.24,2933,678
7401,2,2.06,2933,673
7402,1,72.39,2933,674
7403,2,44.95,2933,679
7404,4,68.49,2934,677
7405,2,36.54,2934,671
7406,2,52.46,2934,674
7407,3,62.4,2934,679
7408,1,37.88,2935,672
7409,5,51.06,2935,671
7410,3,33.64,2935,676
7411,4,64.83,2935,674
7412,4,65.86,2936,674
7413,5,21.03,2936,677
7414,3,58.61,2936,671
7415,2,58.06,2937,671
7416,3,42.36,2937,679
7417,4,43.64,2937,671
7418,2,27.78,2937,672
7419,2,26.67,2938,678
7420,5,71.78,2938,681
7421,1,45.96,2938,679
7422,1,25.86,2938,672
7423,1,5.19,2939,672
7424,5,54.38,2939,671
7425,4,18.35,2939,679
7426,3,22.1,2939,678
7427,2,67.87,2940,680
7428,2,65.98,2940,681
7429,1,45.25,2940,675
7430,5,31.48,2941,672
7431,5,19.08,2941,672
7432,2,76.81,2941,676
7433,3,51.16,2942,672
7434,1,77.39,2942,680
7435,5,24.92,2943,681
7436,5,50.74,2944,680
7437,1,58.84,2944,674
7438,2,21.26,2944,679
7439,4,54.99,2944,678
7440,2,67.64,2945,679
7441,5,75.16,2945,672
7442,2,62.93,2945,675
7443,1,52.52,2945,680
7444,3,54.19,2946,681
7445,2,3.67,2946,672
7446,5,17.33,2946,674
7447,1,16.07,2947,677
7448,2,41.76,2947,671
7449,4,11.55,2947,675
7450,5,8.23,2947,676
7451,1,65.39,2948,679
7452,4,40.48,2949,680
7453,2,79.03,2949,681
7454,5,45.11,2949,673
7455,1,70.22,2949,671
7456,3,4.61,2950,679
7457,5,60.69,2950,673
7458,2,55.01,2950,671
7459,2,34.58,2950,677
7460,3,61.25,2951,678
7461,2,31.48,2951,676
7462,3,46.94,2952,677
7463,4,75.95,2952,676
7464,1,56.16,2952,675
7465,3,19.85,2952,676
7466,5,43.48,2953,676
7467,2,58.18,2953,681
7468,5,46.73,2953,671
7469,1,26.54,2954,677
7470,1,26.94,2955,677
7471,3,59.41,2955,678
7472,1,52.62,2955,671
7473,5,59.35,2956,672
7474,5,19.42,2956,677
7475,5,76.34,2957,671
7476,2,73.9,2957,675
7477,3,31.39,2957,674
7478,2,23.75,2958,676
7479,4,6.18,2958,672
7480,3,69.36,2958,676
7481,2,64.72,2959,684
7482,5,60.3,2960,685
7483,3,39.55,2961,683
7484,2,51.34,2961,682
7485,2,55.39,2961,684
7486,3,38.63,2961,685
7487,5,79.29,2962,683
7488,1,62.21,2963,683
7489,2,12.88,2963,682
7490,4,16.46,2963,683
7491,3,28.65,2964,684
7492,1,67.78,2964,683
7493,3,44.02,2964,683
7494,3,33.38,2965,682
7495,2,72.56,2965,683
7496,5,2.71,2966,685
7497,5,65.44,2966,685
7498,3,36.56,2966,685
7499,2,13.53,2967,684
7500,5,26.47,2968,684
7501,2,25.25,2968,685
7502,1,55.45,2968,683
7503,2,3.58,2968,683
7504,4,38.41,2969,683
7505,4,18.33,2969,685
7506,2,21.04,2969,684
7507,2,42.1,2970,682
7508,2,75.69,2970,685
7509,3,49.48,2970,684
7510,4,23.94,2970,682
7511,1,19.84,2971,682
7512,1,57.64,2971,682
7513,5,23.38,2972,684
7514,3,7.64,2972,682
7515,2,14.7,2973,684
7516,1,61.58,2973,682
7517,1,41.89,2973,685
7518,1,4.84,2973,685
7519,1,25.1,2974,682
7520,1,36.49,2974,684
7521,2,41.87,2974,682
7522,4,71.51,2974,683
7523,4,50.87,2975,684
7524,3,78.97,2975,683
7525,2,72.92,2975,685
7526,3,6.37,2975,683
7527,3,22.75,2976,684
7528,1,37.95,2976,682
7529,1,15.18,2977,682
7530,3,51.82,2977,682
7531,4,35.83,2977,682
7532,2,62.54,2978,685
7533,1,21.87,2978,684
7534,3,60.79,2979,683
7535,2,2.45,2979,683
7536,1,41.7,2980,684
7537,2,10.63,2980,685
7538,2,28.06,2981,686
7539,3,61.22,2981,689
7540,2,78.97,2981,687
7541,3,60.49,2981,690
7542,2,30.5,2982,687
7543,4,21.55,2982,689
7544,3,5.69,2983,687
7545,4,52.1,2983,688
7546,3,18.42,2983,690
7547,2,19.53,2984,686
7548,5,34.09,2985,687
7549,2,48.08,2985,686
7550,5,26.91,2985,686
7551,1,28.1,2986,686
7552,3,11.2,2986,687
7553,2,38.4,2986,687
7554,1,6.63,2986,686
7555,5,10.36,2987,686
7556,4,11.74,2987,688
7557,3,32.77,2988,690
7558,3,73.4,2988,690
7559,4,27.71,2988,689
7560,4,31.41,2989,686
7561,4,12.54,2989,689
7562,4,58.91,2989,688
7563,4,22.54,2989,687
7564,4,42.31,2990,687
7565,5,51.87,2990,688
7566,5,21.27,2991,688
7567,1,33.37,2991,687
7568,3,12.33,2992,689
7569,4,45.73,2992,690
7570,1,18.93,2992,686
7571,4,17.31,2992,689
7572,2,28.39,2993,689
7573,5,19.18,2994,687
7574,5,61.5,2994,688
7575,1,42.71,2995,690
7576,3,16.68,2995,690
7577,5,67.26,2995,687
7578,3,56.98,2995,686
7579,3,37.51,2996,688
7580,3,58.75,2996,687
7581,4,68.78,2996,686
7582,3,61.35,2996,690
7583,5,26.18,2997,689
7584,5,32.03,2998,686
7585,2,62.32,2998,688
7586,5,72.51,2999,690
7587,1,73.96,2999,690
7588,1,24.88,2999,686
7589,4,77.38,2999,688
7590,4,68.73,3000,687
7591,5,47.88,3001,697
7592,3,41.49,3001,693
7593,2,33.99,3001,695
7594,1,11.26,3001,695
7595,4,74.78,3002,692
7596,2,32.03,3002,698
7597,2,44.84,3002,692
7598,5,77.57,3002,700
7599,2,22.14,3003,701
7600,5,6.99,3003,697
7601,1,51.78,3003,695
7602,3,17.08,3004,702
7603,2,6.81,3004,695
7604,2,37.55,3004,697
7605,4,3.7,3005,692
7606,4,60.61,3005,695
7607,3,44.7,3005,692
7608,3,60.48,3005,691
7609,4,30.83,3006,691
7610,1,58.67,3007,695
7611,2,47.58,3008,699
7612,2,15.76,3008,699
7613,5,53.61,3008,696
7614,3,14.0,3008,694
7615,3,10.96,3009,701
7616,5,39.47,3009,694
7617,3,36.74,3010,696
7618,5,72.3,3010,698
7619,5,56.78,3010,701
7620,1,67.48,3011,696
7621,3,52.51,3012,700
7622,1,64.1,3012,702
7623,4,2.16,3013,701
7624,1,39.09,3013,694
7625,3,31.41,3014,691
7626,1,24.89,3014,694
7627,4,62.56,3015,703
7628,4,10.62,3015,704
7629,2,59.82,3016,705
7630,1,34.01,3016,705
7631,2,79.97,3016,706
7632,2,46.42,3016,703
7633,4,33.02,3017,704
7634,4,4.7,3017,705
7635,3,21.23,3017,703
7636,4,51.95,3017,704
7637,4,11.84,3018,706
7638,1,66.44,3018,706
7639,4,79.13,3018,704
7640,4,56.11,3019,703
7641,4,73.0,3020,704
7642,3,4.3,3020,706
7643,4,31.94,3021,706
7644,2,59.4,3022,704
7645,3,14.23,3022,703
7646,4,78.27,3022,705
7647,1,38.38,3023,703
7648,3,45.21,3023,703
7649,2,78.13,3023,703
7650,3,37.34,3023,704
7651,5,61.06,3024,706
7652,3,29.84,3024,705
7653,2,33.88,3024,705
7654,1,4.35,3024,703
7655,3,77.19,3025,704
7656,3,24.56,3026,704
7657,2,28.81,3026,706
7658,2,74.76,3026,705
7659,5,32.98,3026,704
7660,4,52.56,3027,705
7661,3,7.89,3028,704
7662,4,70.44,3028,705
7663,5,28.1,3028,703
7664,2,37.44,3028,704
7665,5,52.42,3029,703
7666,5,79.5,3029,706
7667,2,10.74,3029,705
7668,1,26.95,3030,706
7669,3,21.36,3030,704
7670,2,68.05,3030,705
7671,4,5.05,3030,703
7672,2,47.46,3031,706
7673,2,36.9,3032,705
7674,5,53.95,3032,703
7675,2,71.75,3032,703
7676,5,68.43,3033,705
7677,5,11.42,3034,703
7678,3,79.53,3035,703
7679,3,76.66,3036,706
7680,5,48.04,3036,704
7681,5,25.67,3037,703
7682,2,76.94,3037,703
7683,2,73.18,3037,705
7684,4,77.1,3037,706
7685,5,42.85,3038,704
7686,4,62.63,3038,703
7687,4,65.82,3038,705
7688,5,7.84,3039,704
7689,4,2.35,3039,704
7690,1,21.09,3039,703
7691,4,57.8,3040,703
7692,4,32.48,3040,706
7693,5,51.27,3040,704
7694,2,74.32,3041,706
7695,3,52.64,3041,706
7696,3,29.43,3041,706
7697,2,68.07,3042,703
7698,4,79.7,3042,705
7699,2,34.23,3043,704
7700,4,21.6,3044,706
7701,1,41.31,3044,703
7702,3,68.71,3044,704
7703,3,51.41,3045,705
7704,2,54.68,3045,706
7705,5,43.37,3045,703
7706,4,49.83,3046,704
7707,3,53.82,3046,706
7708,2,76.25,3046,706
7709,1,64.88,3047,706
7710,3,19.99,3047,705
7711,3,51.51,3048,706
7712,5,66.05,3048,703
7713,2,72.6,3048,704
7714,1,54.88,3049,703
7715,4,12.14,3049,705
7716,3,69.67,3049,703
7717,2,60.41,3049,705
7718,3,9.45,3050,705
7719,2,50.46,3050,703
7720,5,35.63,3051,706
7721,4,76.86,3052,705
7722,4,39.6,3052,704
7723,1,57.57,3052,703
7724,1,53.63,3052,703
7725,4,68.0,3053,704
7726,4,3.39,3053,703
7727,2,16.69,3054,705
7728,2,12.39,3054,704
7729,5,19.63,3054,704
7730,4,37.18,3055,704
7731,4,37.58,3055,705
7732,4,54.61,3055,703
7733,2,79.62,3055,705
7734,2,57.46,3056,710
7735,5,66.91,3057,711
7736,2,65.28,3057,707
7737,3,38.05,3057,718
7738,5,62.2,3057,710
7739,1,70.68,3058,716
7740,2,55.23,3058,709
7741,5,28.55,3058,709
7742,1,13.72,3058,712
7743,5,76.12,3059,713
7744,4,52.3,3059,715
7745,1,42.55,3059,716
7746,5,63.42,3059,710
7747,5,58.05,3060,717
7748,3,78.3,3060,716
7749,2,56.93,3060,708
7750,2,19.91,3061,717
7751,3,76.98,3061,707
7752,1,50.26,3061,714
7753,2,40.56,3061,716
7754,3,24.78,3062,716
7755,5,70.47,3062,717
7756,4,46.48,3062,718
7757,4,45.21,3062,717
7758,1,63.54,3063,708
7759,5,6.5,3064,709
7760,3,8.69,3064,714
7761,3,47.72,3064,708
7762,3,69.63,3064,707
7763,5,2.62,3065,718
7764,2,23.29,3066,717
7765,2,39.73,3066,717
7766,3,70.37,3066,718
7767,5,76.77,3066,713
7768,1,76.09,3067,712
7769,1,37.62,3067,716
7770,3,18.04,3068,710
7771,3,20.1,3068,713
7772,2,21.55,3069,718
7773,2,32.26,3069,712
7774,5,68.63,3069,712
7775,1,18.13,3069,708
7776,5,9.19,3070,707
7777,4,73.17,3070,708
7778,2,69.66,3070,707
7779,4,8.66,3070,717
7780,4,71.22,3071,713
7781,5,61.51,3071,717
7782,3,39.02,3071,718
7783,1,37.84,3071,709
7784,5,53.2,3072,710
7785,1,19.01,3072,712
7786,2,32.17,3072,716
7787,3,57.78,3072,712
7788,4,18.14,3073,718
7789,1,39.01,3073,715
7790,1,60.2,3073,717
7791,4,15.72,3073,718
7792,4,22.91,3074,718
7793,4,60.43,3074,708
7794,2,55.03,3074,708
7795,3,49.53,3074,717
7796,1,62.13,3075,713
7797,2,69.13,3075,714
7798,5,26.83,3076,717
7799,2,79.91,3077,707
7800,4,17.67,3077,709
7801,1,63.82,3077,707
7802,3,54.95,3077,713
7803,3,67.46,3078,715
7804,2,70.14,3079,718
7805,4,60.39,3079,717
7806,2,49.14,3079,712
7807,5,60.45,3080,713
7808,4,37.94,3080,718
7809,1,28.1,3080,711
7810,5,73.75,3081,713
7811,5,61.72,3081,708
7812,5,21.29,3082,718
7813,1,18.55,3082,709
7814,1,14.22,3083,710
7815,4,61.11,3083,715
7816,3,7.91,3083,714
7817,4,8.52,3083,709
7818,1,58.35,3084,712
7819,4,60.73,3084,714
7820,4,53.98,3084,712
7821,3,70.87,3085,718
7822,5,27.21,3085,714
7823,1,69.83,3085,713
7824,5,62.7,3086,718
7825,2,49.45,3086,710
7826,5,49.77,3087,708
7827,3,58.64,3087,710
7828,3,64.62,3087,716
7829,4,25.43,3087,709
7830,3,54.72,3088,712
7831,1,37.48,3088,709
7832,5,21.14,3088,707
7833,1,79.9,3088,712
7834,3,33.44,3089,711
7835,3,60.51,3089,718
7836,3,44.35,3089,717
7837,1,26.96,3089,707
7838,4,48.37,3090,711
7839,3,40.96,3090,708
7840,5,18.55,3090,715
7841,5,76.47,3090,713
7842,4,61.5,3091,710
7843,2,20.25,3091,714
7844,4,23.57,3091,716
7845,2,63.87,3092,718
7846,4,73.75,3092,709
7847,4,24.63,3093,715
7848,4,21.1,3093,712
7849,1,26.92,3094,717
7850,1,21.69,3094,709
7851,4,4.06,3094,714
7852,3,76.06,3095,714
7853,4,20.43,3095,713
7854,4,3.25,3095,715
7855,4,60.61,3096,714
7856,5,36.42,3097,715
7857,5,29.31,3097,714
7858,3,37.31,3098,710
7859,1,64.38,3098,716
7860,5,21.75,3098,711
7861,2,67.85,3099,724
7862,2,28.44,3099,723
7863,4,39.18,3099,723
7864,2,36.21,3099,721
7865,4,30.8,3100,720
7866,5,8.35,3100,727
7867,5,66.94,3100,726
7868,3,31.12,3100,728
7869,5,5.16,3101,719
7870,1,27.25,3101,719
7871,3,44.94,3102,723
7872,1,27.16,3102,728
7873,1,46.59,3102,723
7874,3,74.19,3102,723
7875,5,20.27,3103,719
7876,4,28.23,3103,722
7877,3,74.75,3104,728
7878,5,3.57,3104,725
7879,2,41.29,3104,720
7880,5,33.46,3104,719
7881,4,41.33,3105,727
7882,2,62.7,3105,726
7883,2,38.28,3105,725
7884,4,67.95,3106,725
7885,1,46.4,3106,729
7886,1,55.52,3107,723
7887,2,48.85,3108,721
7888,5,71.79,3108,719
7889,1,3.34,3108,726
7890,5,20.04,3108,721
7891,5,14.35,3109,723
7892,4,20.53,3109,724
7893,5,25.73,3109,720
7894,3,35.18,3109,720
7895,2,23.68,3110,729
7896,3,45.18,3110,728
7897,5,37.91,3110,719
7898,5,54.36,3110,723
7899,5,64.9,3111,724
7900,2,59.85,3111,724
7901,5,75.75,3112,719
7902,4,59.78,3112,719
7903,4,16.17,3113,721
7904,5,10.33,3113,725
7905,5,20.9,3113,726
7906,1,66.58,3113,721
7907,1,24.53,3114,728
7908,2,26.19,3114,722
7909,2,46.18,3115,727
7910,3,43.39,3115,719
7911,4,45.62,3115,729
7912,5,17.93,3115,725
7913,2,43.79,3116,725
7914,3,54.0,3116,719
7915,5,29.75,3117,722
7916,3,24.67,3117,719
7917,3,75.59,3117,729
7918,3,78.22,3118,723
7919,1,15.95,3118,727
7920,3,43.23,3119,721
7921,2,28.72,3119,727
7922,3,60.97,3119,726
7923,1,63.85,3120,720
7924,4,31.56,3121,727
7925,4,77.6,3122,720
7926,2,52.54,3122,719
7927,3,36.36,3122,729
7928,3,45.06,3123,719
7929,5,47.8,3123,721
7930,4,3.8,3123,728
7931,5,20.88,3124,725
7932,3,59.65,3124,729
7933,5,75.74,3124,729
7934,4,24.84,3125,721
7935,2,25.74,3125,724
7936,2,29.26,3126,723
7937,2,22.33,3126,729
7938,5,4.75,3127,719
7939,1,22.27,3127,722
7940,4,51.29,3128,724
7941,1,25.52,3128,729
7942,5,31.37,3128,726
7943,1,46.04,3128,727
7944,5,41.08,3129,720
7945,2,68.92,3130,727
7946,3,6.26,3131,725
7947,2,30.84,3132,722
7948,1,14.07,3132,724
7949,2,34.89,3132,721
7950,4,33.39,3132,727
7951,4,23.85,3133,730
7952,5,6.67,3133,739
7953,5,50.12,3133,737
7954,3,62.37,3134,731
7955,3,67.07,3135,734
7956,3,61.75,3136,735
7957,2,35.55,3136,734
7958,3,55.21,3136,738
7959,3,22.04,3137,740
7960,5,64.26,3137,731
7961,2,74.7,3137,737
7962,1,49.03,3138,738
7963,2,36.65,3138,739
7964,4,54.27,3139,730
7965,4,23.94,3139,740
7966,1,64.15,3140,736
7967,1,16.85,3140,733
7968,3,14.08,3140,735
7969,2,66.83,3141,733
7970,5,21.95,3141,731
7971,3,28.88,3141,730
7972,5,54.03,3141,734
7973,1,30.69,3142,738
7974,5,51.81,3142,738
7975,3,52.48,3142,738
7976,2,32.52,3143,733
7977,2,13.81,3144,737
7978,2,37.01,3145,736
7979,4,24.73,3145,739
7980,3,73.1,3145,738
7981,1,47.29,3145,734
7982,5,24.58,3146,739
7983,5,17.12,3146,731
7984,2,79.08,3147,736
7985,4,41.36,3147,739
7986,1,72.97,3147,735
7987,2,33.54,3147,736
7988,2,7.9,3148,731
7989,3,20.98,3149,730
7990,1,41.94,3150,731
7991,4,33.42,3150,738
7992,1,14.29,3150,736
7993,5,43.22,3151,739
7994,3,76.49,3151,731
7995,5,39.75,3152,731
7996,3,39.81,3152,734
7997,4,2.96,3153,736
7998,2,20.38,3153,736
7999,3,6.65,3153,736
8000,1,76.14,3153,736
8001,5,51.85,3154,732
8002,2,74.78,3154,735
8003,1,51.79,3154,738
8004,2,69.77,3154,736
8005,2,7.07,3155,738
8006,3,4.59,3155,735
8007,4,67.86,3155,739
8008,4,74.01,3155,730
8009,3,16.35,3156,736
8010,5,32.86,3156,735
8011,1,78.49,3156,733
8012,4,45.08,3156,736
8013,2,38.74,3157,733
8014,1,42.99,3157,737
8015,1,74.04,3157,733
8016,5,3.4,3157,739
8017,3,67.95,3158,740
8018,3,40.41,3159,738
8019,3,71.64,3159,737
8020,2,43.57,3160,735
8021,2,13.91,3160,733
8022,2,12.54,3160,737
8023,2,77.2,3160,735
8024,5,55.35,3161,734
8025,4,62.13,3161,735
8026,3,30.16,3162,734
8027,4,44.59,3162,730
8028,4,65.49,3162,739
8029,2,59.44,3162,734
8030,4,67.7,3163,735
8031,3,52.57,3163,734
8032,1,3.06,3164,737
8033,4,77.61,3164,739
8034,5,6.23,3164,733
8035,3,79.33,3165,752
8036,5,2.18,3165,744
8037,4,47.29,3166,745
8038,1,11.01,3166,742
8039,3,33.65,3166,742
8040,3,16.48,3167,747
8041,2,78.92,3167,747
8042,3,12.18,3168,747
8043,4,67.35,3168,744
8044,2,11.12,3168,742
8045,3,6.09,3168,749
8046,1,55.91,3169,742
8047,5,63.93,3169,745
8048,3,38.28,3169,752
8049,3,5.6,3169,742
8050,5,71.89,3170,741
8051,2,51.74,3171,743
8052,4,79.82,3171,746
8053,5,30.79,3171,748
8054,4,20.61,3171,743
8055,2,56.95,3172,749
8056,4,34.31,3173,752
8057,3,70.92,3174,748
8058,4,24.43,3174,751
8059,3,16.95,3175,743
8060,4,69.37,3175,750
8061,5,68.07,3175,748
8062,3,14.73,3175,742
8063,1,39.23,3176,742
8064,3,69.53,3176,742
8065,1,14.26,3177,752
8066,5,26.32,3177,746
8067,3,77.36,3177,748
8068,3,9.21,3178,741
8069,4,33.38,3178,746
8070,3,72.57,3178,746
8071,1,44.33,3178,748
8072,1,74.78,3179,747
8073,2,52.72,3180,741
8074,1,53.84,3181,749
8075,1,37.5,3181,741
8076,4,22.24,3182,741
8077,1,46.44,3182,751
8078,3,24.68,3182,743
8079,5,65.95,3183,743
8080,3,7.86,3183,747
8081,3,18.05,3183,752
8082,2,25.63,3183,751
8083,3,70.46,3184,751
8084,4,75.53,3184,743
8085,3,72.95,3184,749
8086,2,11.9,3184,741
8087,4,73.8,3185,745
8088,5,13.61,3186,745
8089,4,32.49,3186,743
8090,1,67.95,3186,748
8091,1,75.83,3187,745
8092,5,63.82,3187,741
8093,1,9.5,3188,744
8094,4,78.47,3188,751
8095,1,74.65,3188,751
8096,1,61.04,3189,741
8097,4,44.38,3189,751
8098,4,60.32,3190,741
8099,1,45.48,3190,749
8100,2,78.75,3190,745
8101,3,40.1,3191,748
8102,2,20.57,3191,752
8103,2,30.95,3191,751
8104,1,9.31,3192,747
8105,5,62.2,3192,743
8106,3,67.26,3192,742
8107,4,64.17,3192,746
8108,4,3.45,3193,752
8109,1,42.43,3193,750
8110,5,29.96,3194,750
8111,4,73.89,3195,743
8112,5,7.26,3195,745
8113,4,58.93,3195,747
8114,3,8.0,3196,751
8115,1,9.05,3196,746
8116,5,52.39,3197,750
8117,1,41.82,3197,749
8118,1,32.71,3197,744
8119,1,61.45,3197,743
8120,5,12.88,3198,749
8121,2,62.72,3198,743
8122,2,20.83,3198,742
8123,3,2.18,3199,752
8124,2,42.49,3199,746
8125,1,76.72,3200,745
8126,1,16.78,3200,743
8127,4,52.91,3200,748
8128,2,13.23,3200,746
8129,1,54.75,3201,745
8130,2,2.93,3201,745
8131,3,10.73,3202,751
8132,5,37.52,3202,750
8133,5,24.42,3202,746
8134,1,78.25,3202,751
8135,2,76.28,3203,751
8136,1,69.35,3203,750
8137,3,29.99,3203,752
8138,4,25.04,3204,743
8139,4,18.45,3204,750
8140,4,76.95,3205,742
8141,1,9.95,3206,751
8142,1,20.67,3206,744
8143,1,10.34,3206,748
8144,4,78.0,3207,745
8145,5,66.92,3207,745
8146,1,15.3,3207,743
8147,1,45.5,3208,744
8148,5,60.7,3208,752
8149,2,47.61,3209,742
8150,2,39.44,3209,749
8151,3,45.82,3209,748
8152,2,76.09,3210,742
8153,5,2.51,3211,750
8154,1,74.18,3212,749
8155,3,23.06,3212,750
8156,4,51.76,3213,751
8157,4,71.26,3213,744
8158,1,54.35,3214,750
8159,3,32.86,3214,745
8160,3,26.43,3214,741
8161,4,68.79,3214,741
8162,2,73.54,3215,761
8163,1,54.04,3215,761
8164,5,79.41,3216,753
8165,2,58.87,3216,761
8166,3,42.2,3217,758
8167,2,38.23,3217,758
8168,2,59.99,3218,760
8169,1,31.74,3218,759
8170,2,61.71,3219,756
8171,1,9.79,3219,754
8172,4,56.36,3219,754
8173,5,27.93,3219,756
8174,2,21.94,3220,753
8175,1,62.37,3221,756
8176,4,46.63,3221,763
8177,2,4.14,3221,754
8178,5,47.3,3221,753
8179,4,13.22,3222,754
8180,2,25.29,3223,761
8181,3,74.67,3223,756
8182,2,30.09,3223,758
8183,5,53.52,3224,753
8184,3,57.89,3224,756
8185,1,65.53,3225,755
8186,1,50.47,3225,760
8187,3,2.87,3226,761
8188,1,46.33,3226,759
8189,5,69.06,3226,757
8190,5,62.82,3227,760
8191,3,24.97,3227,755
8192,1,77.64,3227,757
8193,1,74.27,3227,763
8194,4,39.78,3228,757
8195,1,45.99,3228,755
8196,1,11.13,3228,759
8197,1,74.13,3229,753
8198,1,19.48,3229,757
8199,5,6.07,3230,763
8200,4,3.49,3230,754
8201,3,63.11,3230,757
8202,1,3.06,3231,757
8203,3,21.65,3232,760
8204,4,43.22,3232,756
8205,3,59.08,3232,761
8206,3,79.49,3233,761
8207,3,36.59,3234,753
8208,1,77.36,3234,761
8209,1,79.04,3235,754
8210,3,15.8,3236,763
8211,3,6.67,3236,763
8212,1,30.71,3236,758
8213,5,3.75,3236,756
8214,4,22.02,3237,763
8215,4,70.49,3238,754
8216,1,55.88,3238,756
8217,2,56.65,3238,754
8218,5,37.77,3238,760
8219,1,34.24,3239,757
8220,3,23.69,3239,762
8221,4,24.06,3239,763
8222,5,49.34,3239,755
8223,2,41.66,3240,754
8224,1,68.78,3240,756
8225,4,74.82,3241,762
8226,2,62.93,3241,760
8227,3,78.37,3241,754
8228,1,71.35,3242,762
8229,3,31.99,3242,761
8230,3,71.97,3242,756
8231,5,59.83,3243,761
8232,4,45.69,3243,763
8233,4,60.65,3243,760
8234,2,37.32,3244,753
8235,3,21.36,3244,755
8236,3,10.7,3244,754
8237,5,37.46,3244,759
8238,4,35.74,3245,770
8239,1,55.98,3245,765
8240,5,11.4,3245,767
8241,3,14.77,3245,768
8242,1,36.97,3246,773
8243,4,67.95,3246,764
8244,3,46.86,3247,764
8245,3,67.97,3247,770
8246,2,64.13,3247,773
8247,4,39.83,3247,774
8248,1,23.19,3248,769
8249,4,67.98,3248,771
8250,1,12.51,3248,769
8251,1,56.38,3248,769
8252,5,55.97,3249,772
8253,4,22.15,3250,768
8254,5,22.99,3250,769
8255,4,18.42,3251,769
8256,3,77.78,3251,764
8257,3,4.06,3251,773
8258,3,76.26,3251,764
8259,2,43.18,3252,766
8260,4,32.35,3252,769
8261,5,70.7,3252,771
8262,1,75.85,3252,772
8263,4,65.72,3253,764
8264,2,33.96,3253,770
8265,4,35.94,3254,768
8266,3,44.19,3254,774
8267,2,55.97,3255,764
8268,1,76.92,3255,773
8269,4,64.55,3255,770
8270,5,21.97,3256,768
8271,4,10.28,3256,768
8272,5,79.61,3256,773
8273,1,32.39,3256,774
8274,2,28.76,3257,766
8275,3,4.81,3257,770
8276,5,7.77,3257,770
8277,5,39.16,3257,764
8278,1,3.65,3258,765
8279,2,18.83,3258,768
8280,5,3.43,3258,767
8281,4,25.37,3258,766
8282,3,50.63,3259,765
8283,5,2.29,3259,770
8284,1,52.3,3260,766
8285,2,7.32,3261,765
8286,3,35.9,3262,769
8287,2,66.46,3263,773
8288,4,55.04,3264,774
8289,5,21.8,3264,767
8290,5,75.9,3264,768
8291,2,45.49,3264,767
8292,2,43.33,3265,768
8293,4,20.9,3265,771
8294,2,25.91,3265,772
8295,2,70.19,3266,771
8296,5,17.94,3267,765
8297,4,14.35,3267,764
8298,3,29.5,3267,766
8299,4,36.59,3267,773
8300,5,21.19,3268,771
8301,2,32.78,3268,772
8302,4,61.46,3268,771
8303,5,8.18,3269,766
8304,5,77.47,3269,771
8305,2,41.5,3269,771
8306,1,24.98,3270,771
8307,3,16.25,3271,768
8308,1,60.01,3271,771
8309,2,7.8,3271,772
8310,1,12.98,3271,768
8311,4,64.84,3272,773
8312,2,63.36,3273,767
8313,4,6.39,3273,766
8314,4,30.42,3273,772
8315,3,4.34,3274,773
8316,2,30.86,3274,765
8317,1,4.37,3274,765
8318,2,76.44,3275,765
8319,2,39.22,3275,764
8320,1,78.99,3275,771
8321,3,46.24,3275,765
8322,4,79.92,3276,764
8323,2,37.35,3277,767
8324,5,39.52,3277,774
8325,1,8.51,3277,764
8326,1,53.52,3277,768
8327,2,76.05,3278,774
8328,3,3.21,3278,764
8329,5,35.26,3279,770
8330,1,15.34,3279,774
8331,3,68.7,3279,768
8332,4,8.51,3280,772
8333,1,79.52,3280,764
8334,3,28.44,3280,765
8335,5,75.61,3281,773
8336,4,33.69,3282,767
8337,3,64.14,3282,771
8338,5,67.73,3283,780
8339,4,13.67,3283,782
8340,3,2.64,3283,779
8341,1,32.17,3284,779
8342,5,34.37,3284,776
8343,4,28.33,3284,779
8344,1,63.88,3285,779
8345,5,45.53,3285,776
8346,4,6.33,3285,783
8347,1,75.89,3285,782
8348,5,15.29,3286,782
8349,3,59.26,3287,776
8350,3,72.68,3287,779
8351,2,50.68,3287,779
8352,5,44.03,3288,780
8353,4,54.19,3289,781
8354,2,34.04,3289,779
8355,1,34.06,3290,783
8356,1,25.0,3290,775
8357,4,78.12,3290,783
8358,5,8.07,3291,779
8359,2,35.22,3291,782
8360,2,54.39,3291,778
8361,5,60.36,3291,782
8362,1,69.51,3292,776
8363,3,4.95,3292,782
8364,4,3.08,3292,782
8365,1,72.13,3293,782
8366,3,37.61,3294,776
8367,5,50.76,3294,782
8368,4,64.33,3294,781
8369,2,45.15,3295,778
8370,3,47.72,3295,776
8371,2,37.29,3296,785
8372,3,50.53,3296,788
8373,2,17.31,3296,787
8374,2,55.58,3297,784
8375,4,48.09,3298,788
8376,5,4.28,3298,785
8377,2,28.69,3298,787
8378,2,6.74,3298,785
8379,2,29.9,3299,784
8380,4,58.03,3300,787
8381,5,10.24,3301,784
8382,4,36.17,3301,787
8383,1,35.98,3301,787
8384,5,69.05,3302,785
8385,4,68.76,3302,784
8386,2,62.88,3302,785
8387,1,50.27,3303,785
8388,3,70.1,3303,786
8389,4,49.93,3304,784
8390,1,65.74,3305,788
8391,2,51.61,3305,786
8392,1,60.86,3305,784
8393,1,36.09,3305,786
8394,5,20.05,3306,784
8395,1,23.58,3306,784
8396,1,57.3,3307,788
8397,4,71.23,3307,787
8398,3,46.09,3307,785
8399,4,31.09,3307,784
8400,3,60.31,3308,785
8401,5,47.0,3309,785
8402,4,35.19,3309,786
8403,1,79.83,3309,784
8404,1,27.01,3309,784
8405,4,27.62,3310,787
8406,2,72.43,3310,788
8407,1,44.27,3310,785
8408,5,27.39,3311,784
8409,4,14.78,3311,786
8410,5,30.14,3312,786
8411,3,72.07,3312,784
8412,1,64.48,3313,788
8413,1,18.24,3314,788
8414,1,70.42,3314,786
8415,1,42.0,3314,786
8416,4,22.15,3315,784
8417,5,49.09,3316,785
8418,2,64.57,3316,785
8419,4,33.76,3316,788
8420,2,63.2,3316,787
8421,5,17.84,3317,788
8422,2,54.6,3317,785
8423,2,49.01,3317,787
8424,1,30.62,3317,785
8425,1,17.88,3318,785
8426,5,67.93,3318,788
8427,1,12.68,3318,786
8428,4,47.13,3319,785
8429,4,25.2,3319,787
8430,3,54.88,3319,785
8431,1,53.31,3319,786
8432,5,61.33,3320,786
8433,1,60.82,3320,788
8434,3,79.39,3320,786
8435,4,56.7,3320,784
8436,2,20.71,3321,784
8437,2,17.48,3321,786
8438,2,65.22,3321,785
8439,2,65.41,3321,788
8440,1,61.94,3322,786
8441,1,49.63,3322,785
8442,4,3.26,3322,784
8443,1,62.7,3322,785
8444,5,25.65,3323,784
8445,4,52.88,3323,787
8446,1,59.58,3323,787
8447,3,39.18,3323,788
8448,3,18.0,3324,787
8449,2,16.81,3325,784
8450,5,37.91,3325,784
8451,4,5.93,3326,787
8452,3,9.74,3326,787
8453,2,10.14,3326,788
8454,5,53.5,3326,787
8455,5,52.62,3327,784
8456,4,44.47,3327,788
8457,5,55.11,3328,788
8458,1,70.27,3328,785
8459,4,47.86,3328,786
8460,2,30.82,3328,788
8461,4,44.58,3329,784
8462,1,53.93,3330,788
8463,4,79.49,3330,787
8464,1,18.92,3330,784
8465,5,44.59,3331,786
8466,5,46.73,3332,786
8467,5,21.24,3332,786
8468,4,72.21,3332,786
8469,5,31.42,3332,787
8470,1,18.89,3333,788
8471,1,34.94,3333,787
8472,3,19.36,3334,784
8473,5,40.9,3334,788
8474,1,67.67,3334,785
8475,4,42.87,3334,786
8476,5,43.15,3335,784
8477,3,79.45,3335,784
8478,3,63.35,3335,786
8479,4,44.16,3335,784
8480,3,65.85,3336,784
8481,3,39.48,3337,788
8482,3,77.31,3337,786
8483,4,19.63,3338,784
8484,3,52.64,3338,788
8485,1,73.88,3339,787
8486,5,23.39,3339,787
8487,3,71.96,3339,784
8488,2,11.11,3340,788
8489,4,41.86,3340,786
8490,4,28.75,3340,785
8491,3,72.43,3340,786
8492,4,37.44,3341,788
8493,2,46.66,3341,784
8494,4,14.64,3341,787
8495,4,50.04,3341,784
8496,1,19.76,3342,785
8497,4,57.95,3342,785
8498,5,33.76,3342,788
8499,5,53.98,3343,788
8500,5,32.44,3343,785
8501,2,45.91,3344,787
8502,1,6.71,3344,786
8503,4,31.09,3344,786
8504,5,6.04,3344,786
8505,5,14.55,3345,785
8506,4,20.08,3345,786
8507,1,52.51,3345,784
8508,4,69.22,3346,787
8509,1,47.67,3346,787
8510,1,24.21,3346,784
8511,5,72.75,3346,784
8512,3,67.09,3347,788
8513,3,26.09,3347,786
8514,2,5.02,3347,784
8515,4,71.04,3347,786
8516,3,69.25,3348,785
8517,1,73.08,3348,786
8518,2,66.06,3348,785
8519,3,53.89,3348,788
8520,1,40.93,3349,785
8521,2,10.5,3349,787
8522,1,60.46,3350,784
8523,1,65.47,3351,784
8524,3,4.61,3352,784
8525,4,23.04,3352,785
8526,4,28.4,3353,787
8527,3,6.75,3353,786
8528,2,24.19,3353,787
8529,1,14.24,3354,786
8530,5,70.42,3354,785
8531,5,43.92,3354,787
8532,3,30.01,3354,788
8533,1,22.31,3355,784
8534,3,70.77,3355,785
8535,4,74.04,3356,793
8536,5,76.84,3357,796
8537,3,25.0,3357,793
8538,3,54.97,3358,797
8539,4,76.0,3358,796
8540,3,70.5,3358,789
8541,3,51.63,3359,795
8542,3,73.25,3359,796
8543,3,10.02,3360,789
8544,4,37.15,3360,799
8545,5,24.74,3361,791
8546,5,41.61,3361,798
8547,5,21.32,3361,795
8548,3,12.23,3361,791
8549,1,77.47,3362,791
8550,3,42.23,3362,790
8551,1,28.71,3362,794
8552,4,45.97,3362,798
8553,3,54.93,3363,794
8554,4,29.32,3363,790
8555,3,6.36,3364,796
8556,1,42.1,3364,789
8557,4,68.56,3364,792
8558,5,52.58,3365,792
8559,3,74.77,3365,797
8560,3,68.84,3365,798
8561,2,42.8,3366,790
8562,1,77.83,3367,797
8563,1,26.91,3367,793
8564,4,6.04,3368,789
8565,3,68.75,3368,796
8566,1,50.49,3368,799
8567,1,51.8,3368,791
8568,3,57.68,3369,792
8569,2,35.34,3369,796
8570,3,59.62,3370,789
8571,4,49.13,3371,797
8572,4,40.58,3371,794
8573,2,32.33,3372,790
8574,5,25.44,3372,793
8575,3,10.4,3372,799
8576,5,44.54,3372,792
8577,5,14.92,3373,791
8578,5,3.39,3373,795
8579,2,39.57,3374,793
8580,4,68.48,3374,797
8581,4,76.7,3374,794
8582,1,78.13,3375,796
8583,5,75.38,3375,792
8584,4,27.7,3376,795
8585,1,50.07,3376,795
8586,1,69.03,3376,795
8587,1,63.3,3377,791
8588,5,54.29,3378,796
8589,1,61.94,3378,794
8590,1,51.65,3378,794
8591,2,9.45,3379,800
8592,1,27.81,3379,792
8593,4,67.11,3379,795
8594,5,18.24,3379,800
8595,4,24.38,3380,795
8596,2,15.96,3380,797
8597,3,14.75,3381,793
8598,4,27.36,3382,798
8599,3,53.02,3383,793
8600,1,48.31,3383,798
8601,4,53.46,3383,794
8602,2,45.12,3384,789
8603,5,75.93,3384,800
8604,2,61.82,3384,796
8605,4,43.18,3385,789
8606,4,6.59,3385,799
8607,1,63.64,3386,792
8608,1,39.2,3387,798
8609,1,23.36,3387,800
8610,4,55.53,3388,789
8611,1,58.15,3388,789
8612,3,20.3,3388,789
8613,1,2.08,3388,791
8614,4,30.87,3389,799
8615,4,30.29,3389,796
8616,2,58.56,3389,798
8617,3,2.21,3390,797
8618,1,49.73,3391,793
8619,4,61.34,3391,791
8620,4,67.35,3392,795
8621,2,67.24,3393,789
8622,3,17.9,3393,793
8623,2,44.37,3393,789
8624,4,57.33,3393,790
8625,5,64.64,3394,795
8626,4,33.05,3395,795
8627,1,27.87,3396,789
8628,3,11.24,3396,796
8629,5,51.9,3396,799
8630,4,36.56,3396,795
8631,4,36.57,3397,798
8632,5,32.2,3397,789
8633,5,37.97,3397,798
8634,1,42.02,3398,796
8635,5,42.33,3398,800
8636,3,62.66,3399,796
8637,3,50.49,3399,797
8638,4,78.95,3400,797
8639,2,75.23,3400,792
8640,1,72.15,3401,793
8641,4,65.52,3401,798
8642,3,3.24,3401,792
8643,2,32.0,3401,791
8644,4,61.65,3402,797
8645,1,23.61,3402,797
8646,2,72.69,3402,791
8647,3,60.68,3402,795
8648,2,37.05,3403,795
8649,2,53.53,3404,794
8650,5,33.85,3404,792
8651,5,6.89,3405,790
8652,1,23.51,3406,796
8653,5,22.41,3407,794
8654,5,7.06,3407,790
8655,5,61.33,3407,798
8656,1,50.54,3408,799
8657,5,41.04,3409,795
8658,3,26.05,3410,790
8659,1,10.02,3411,796
8660,2,67.15,3411,793
8661,2,77.69,3411,795
8662,4,5.91,3411,789
8663,3,79.92,3412,789
8664,3,50.6,3412,796
8665,4,15.78,3413,789
8666,1,19.98,3413,792
8667,1,30.51,3413,800
8668,2,62.31,3414,803
8669,5,25.69,3414,804
8670,4,22.59,3414,801
8671,5,23.1,3414,803
8672,1,48.73,3415,801
8673,1,2.78,3415,804
8674,2,18.56,3415,805
8675,4,6.28,3416,803
8676,5,25.86,3416,802
8677,4,41.48,3416,802
8678,5,53.38,3416,803
8679,5,63.45,3417,801
8680,2,42.76,3417,801
8681,1,11.42,3417,803
8682,1,18.44,3418,805
8683,3,78.65,3418,802
8684,2,72.64,3418,802
8685,1,38.1,3419,802
8686,3,13.67,3419,802
8687,1,59.62,3420,805
8688,3,64.22,3420,804
8689,2,45.03,3421,804
8690,2,71.15,3421,803
8691,1,2.96,3421,803
8692,3,62.16,3421,805
8693,5,71.6,3422,801
8694,4,68.92,3422,805
8695,5,36.37,3423,802
8696,5,16.76,3423,804
8697,1,61.76,3423,802
8698,1,42.84,3424,803
8699,3,44.0,3424,802
8700,4,13.2,3424,802
8701,1,77.81,3424,804
8702,2,51.6,3425,804
8703,1,79.08,3425,802
8704,4,39.19,3426,803
8705,4,68.39,3426,805
8706,5,56.33,3426,804
8707,5,47.85,3427,804
8708,1,42.95,3427,803
8709,2,41.46,3427,805
8710,5,44.96,3427,801
8711,5,32.45,3428,803
8712,4,55.66,3428,803
8713,3,64.9,3429,803
8714,1,14.37,3429,803
8715,4,14.07,3429,802
8716,2,2.94,3429,802
8717,2,47.87,3430,804
8718,1,18.36,3430,801
8719,4,7.86,3430,804
8720,5,48.71,3431,803
8721,1,4.88,3431,804
8722,5,12.99,3432,804
8723,2,78.0,3432,805
8724,4,41.53,3433,804
8725,1,60.52,3433,802
8726,4,73.21,3434,803
8727,1,55.55,3434,804
8728,5,25.41,3434,802
8729,5,71.39,3435,805
8730,1,37.91,3436,803
8731,2,62.84,3437,804
8732,3,63.0,3438,803
8733,2,64.57,3438,804
8734,2,62.81,3438,802
8735,2,69.39,3439,802
8736,1,57.78,3439,801
8737,5,6.28,3439,803
8738,2,41.97,3439,803
8739,3,76.77,3440,804
8740,5,57.85,3440,803
8741,2,11.15,3440,801
8742,5,61.22,3440,801
8743,5,9.14,3441,802
8744,1,11.6,3441,804
8745,2,6.47,3442,802
8746,4,63.35,3443,801
8747,3,43.02,3444,805
8748,1,70.09,3444,805
8749,3,49.66,3444,802
8750,1,34.33,3444,801
8751,2,70.39,3445,801
8752,5,71.28,3445,801
8753,1,46.83,3445,802
8754,1,74.87,3445,801
8755,3,7.03,3446,812
8756,2,14.18,3446,806
8757,1,68.34,3447,807
8758,5,26.32,3447,807
8759,2,65.64,3448,806
8760,1,51.36,3449,810
8761,3,5.79,3449,806
8762,3,4.12,3450,812
8763,2,34.85,3450,811
8764,4,75.19,3451,813
8765,2,4.77,3451,811
8766,1,65.19,3451,811
8767,5,32.87,3452,809
8768,4,26.13,3453,809
8769,5,5.89,3454,812
8770,2,53.55,3454,811
8771,5,3.52,3455,806
8772,1,64.04,3455,810
8773,1,32.56,3455,812
8774,5,20.81,3456,807
8775,3,32.52,3456,806
8776,1,19.56,3456,810
8777,3,69.65,3456,811
8778,2,6.58,3457,807
8779,5,3.66,3457,809
8780,2,2.17,3457,812
8781,5,10.74,3458,813
8782,5,74.15,3459,812
8783,3,33.3,3460,812
8784,3,35.15,3461,813
8785,2,2.79,3461,806
8786,3,67.93,3461,813
8787,1,71.4,3461,809
8788,3,8.89,3462,810
8789,2,58.36,3462,813
8790,1,55.53,3462,813
8791,3,28.3,3462,807
8792,1,13.32,3463,806
8793,4,73.08,3464,810
8794,2,65.29,3464,808
8795,5,21.83,3464,812
8796,3,27.23,3465,807
8797,3,57.36,3465,810
8798,3,10.76,3466,806
8799,4,2.99,3466,808
8800,3,15.24,3466,811
8801,2,53.54,3466,807
8802,2,44.59,3467,811
8803,3,74.24,3467,813
8804,5,4.82,3468,810
8805,5,14.85,3468,807
8806,4,16.66,3468,809
8807,2,60.9,3468,812
8808,5,35.02,3469,811
8809,4,76.27,3469,808
8810,4,31.33,3470,813
8811,5,65.69,3470,812
8812,2,27.81,3470,806
8813,5,22.4,3470,811
8814,2,63.95,3471,808
8815,3,38.54,3471,806
8816,5,47.16,3471,808
8817,3,61.65,3472,807
8818,3,20.6,3472,808
8819,3,55.31,3472,808
8820,3,66.96,3473,807
8821,5,61.48,3473,807
8822,5,63.75,3473,806
8823,3,16.48,3473,809
8824,4,19.11,3474,806
8825,5,19.55,3474,806
8826,2,45.84,3474,810
8827,1,10.16,3474,812
8828,5,69.48,3475,807
8829,5,37.74,3476,811
8830,1,68.27,3477,807
8831,3,21.28,3477,813
8832,4,38.72,3477,810
8833,4,40.64,3478,811
8834,5,73.35,3478,808
8835,5,31.42,3478,812
8836,2,40.14,3479,806
8837,2,54.76,3479,807
8838,5,54.01,3479,806
8839,3,6.91,3480,809
8840,2,76.05,3481,813
8841,4,65.23,3481,807
8842,5,10.06,3482,806
8843,4,60.45,3483,813
8844,3,58.85,3483,809
8845,5,79.63,3484,809
8846,1,64.77,3485,808
8847,4,11.7,3485,807
8848,3,37.98,3485,808
8849,1,36.73,3485,810
8850,1,23.88,3486,811
8851,3,63.89,3486,812
8852,3,37.26,3486,809
8853,5,15.74,3487,812
8854,2,38.93,3487,806
8855,1,44.54,3487,810
8856,5,54.1,3488,813
8857,5,59.39,3488,807
8858,4,31.13,3488,812
8859,1,41.64,3489,806
8860,2,23.94,3489,812
8861,2,45.35,3489,808
8862,1,74.35,3490,813
8863,2,61.6,3490,812
8864,2,8.1,3490,809
8865,1,42.27,3490,809
8866,5,60.07,3491,806
8867,3,28.47,3491,809
8868,1,33.34,3492,813
8869,5,65.17,3493,809
8870,2,74.22,3493,813
8871,2,71.27,3493,808
8872,4,65.17,3493,807
8873,5,43.72,3494,814
8874,2,8.89,3494,820
8875,4,6.95,3494,814
8876,5,37.5,3495,814
8877,2,41.85,3495,818
8878,5,79.54,3495,821
8879,2,34.26,3495,824
8880,2,47.84,3496,820
8881,4,49.55,3497,817
8882,5,52.55,3497,819
8883,5,71.64,3498,816
8884,2,48.3,3499,817
8885,4,48.02,3499,816
8886,2,75.82,3499,816
8887,1,69.07,3500,815
8888,3,35.68,3500,824
8889,2,20.03,3500,814
8890,4,40.87,3500,814
8891,1,23.6,3501,815
8892,1,79.37,3502,816
8893,1,79.0,3502,817
8894,4,12.0,3502,822
8895,4,25.99,3502,819
8896,1,39.41,3503,817
8897,2,64.23,3503,821
8898,4,3.98,3503,820
8899,2,49.68,3503,824
8900,5,46.38,3504,823
8901,1,35.28,3504,821
8902,3,7.81,3504,820
8903,5,44.8,3504,824
8904,2,39.1,3505,819
8905,4,62.92,3505,822
8906,4,57.73,3506,822
8907,3,45.9,3506,823
8908,3,77.23,3506,822
8909,2,34.29,3506,822
8910,5,70.34,3507,816
8911,2,61.17,3507,820
8912,1,24.0,3507,818
8913,4,51.95,3508,816
8914,1,78.92,3508,822
8915,2,50.19,3508,823
8916,5,44.63,3508,815
8917,4,58.22,3509,817
8918,2,47.95,3509,814
8919,3,9.02,3510,816
8920,4,49.65,3510,822
8921,1,41.98,3510,820
8922,3,26.88,3510,815
8923,5,66.39,3511,821
8924,5,63.67,3512,824
8925,1,20.32,3512,823
8926,2,30.0,3513,814
8927,1,71.21,3513,820
8928,3,36.97,3513,819
8929,5,7.56,3514,814
8930,4,54.23,3514,814
8931,3,39.35,3515,822
8932,3,11.03,3515,823
8933,4,2.52,3515,814
8934,3,17.11,3516,815
8935,3,24.77,3517,819
8936,4,48.86,3517,823
8937,4,69.61,3518,821
8938,3,37.74,3518,819
8939,3,62.44,3519,816
8940,4,3.67,3519,817
8941,5,56.95,3520,820
8942,5,33.22,3520,814
8943,5,56.93,3520,824
8944,3,10.42,3521,824
8945,5,36.7,3522,819
8946,1,12.77,3522,820
8947,1,72.81,3522,817
8948,5,18.25,3523,814
8949,5,52.43,3523,818
8950,2,23.42,3524,819
8951,2,28.73,3525,820
8952,5,39.84,3525,817
8953,1,31.76,3525,817
8954,4,29.18,3525,822
8955,1,77.26,3526,814
8956,3,9.73,3526,820
8957,4,37.52,3526,820
8958,2,58.12,3527,816
8959,3,69.88,3527,820
8960,3,27.62,3528,821
8961,5,78.58,3528,816
8962,1,67.32,3528,818
8963,3,22.59,3528,814
8964,5,74.21,3529,822
8965,2,31.41,3529,823
8966,4,32.18,3530,818
8967,5,42.63,3530,822
8968,5,61.75,3531,822
8969,1,44.06,3532,817
8970,3,47.56,3532,823
8971,3,49.57,3532,824
8972,2,37.73,3533,821
8973,2,30.26,3533,818
8974,3,58.65,3533,821
8975,4,66.52,3534,816
8976,5,39.07,3534,814
8977,4,26.77,3534,815
8978,1,20.66,3535,822
8979,2,78.56,3535,814
8980,2,26.5,3535,822
8981,5,49.53,3535,815
8982,4,2.03,3536,821
8983,3,4.29,3536,817
8984,5,53.02,3536,823
8985,2,67.37,3536,823
8986,5,74.57,3537,821
8987,3,62.31,3537,820
8988,2,9.18,3537,821
8989,4,7.23,3537,820
8990,1,33.49,3538,817
8991,2,61.72,3538,820
8992,2,63.71,3538,815
8993,2,2.81,3538,817
8994,3,4.12,3539,818
8995,4,32.93,3539,818
8996,5,39.95,3539,814
8997,3,19.55,3539,818
8998,3,10.05,3540,815
8999,4,31.66,3540,814
9000,5,52.87,3540,815
9001,5,2.71,3541,814
9002,5,14.71,3541,814
9003,3,33.15,3542,820
9004,5,34.66,3542,814
9005,1,74.34,3542,823
9006,2,64.88,3543,814
9007,3,71.6,3543,815
9008,3,51.71,3543,819
9009,1,52.83,3544,816
9010,4,37.03,3544,823
9011,2,64.74,3544,817
9012,2,66.66,3544,820
9013,1,45.01,3545,818
9014,5,67.62,3546,827
9015,1,59.05,3546,827
9016,1,51.63,3547,828
9017,2,54.13,3547,828
9018,3,66.46,3547,826
9019,3,35.5,3548,825
9020,2,65.82,3548,825
9021,2,61.35,3548,827
9022,3,25.61,3549,825
9023,1,70.07,3549,826
9024,5,72.06,3549,825
9025,3,55.01,3549,827
9026,3,51.11,3550,828
9027,2,66.69,3550,828
9028,2,63.01,3551,827
9029,3,62.42,3552,828
9030,3,50.24,3552,827
9031,3,6.04,3553,827
9032,3,61.97,3553,828
9033,4,10.47,3554,827
9034,3,20.6,3555,825
9035,2,11.27,3555,827
9036,2,44.67,3556,827
9037,3,54.48,3556,825
9038,5,79.21,3556,826
9039,4,45.7,3557,826
9040,1,20.71,3558,827
9041,4,13.09,3559,827
9042,3,61.98,3559,827
9043,5,40.83,3560,828
9044,3,59.19,3560,828
9045,5,55.93,3560,826
9046,1,77.75,3561,831
9047,5,29.57,3561,830
9048,5,36.31,3561,829
9049,4,16.05,3562,831
9050,2,49.11,3562,831
9051,2,2.95,3562,829
9052,4,60.96,3563,831
9053,1,66.94,3563,830
9054,3,69.79,3563,829
9055,2,36.91,3564,831
9056,5,36.89,3564,831
9057,2,4.7,3565,830
9058,4,78.51,3566,829
9059,4,79.66,3567,829
9060,5,15.08,3567,829
9061,3,51.07,3567,830
9062,1,46.78,3568,829
9063,5,52.91,3568,831
9064,4,40.09,3569,829
9065,5,55.13,3569,831
9066,2,71.67,3570,829
9067,4,34.38,3570,830
9068,3,39.71,3570,829
9069,4,30.6,3571,831
9070,1,44.41,3571,829
9071,2,2.89,3571,829
9072,2,9.07,3572,829
9073,5,74.92,3572,829
9074,4,57.48,3573,830
9075,2,76.05,3573,831
9076,4,3.89,3573,830
9077,2,45.39,3573,831
9078,2,68.4,3574,830
9079,4,67.27,3574,830
9080,4,6.78,3575,830
9081,1,21.94,3576,831
9082,1,5.07,3576,830
9083,4,50.41,3577,831
9084,1,58.66,3577,831
9085,1,37.58,3577,831
9086,3,44.07,3578,830
9087,4,60.99,3578,830
9088,5,3.66,3578,829
9089,2,33.08,3578,830
9090,1,65.83,3579,831
9091,3,14.65,3580,829
9092,5,2.35,3580,830
9093,2,17.1,3580,829
9094,1,22.57,3580,831
9095,1,14.01,3581,830
9096,3,63.61,3582,829
9097,4,18.44,3582,829
9098,3,8.29,3582,830
9099,2,65.98,3582,831
9100,5,14.78,3583,830
9101,2,78.58,3583,829
9102,2,69.51,3583,831
9103,5,71.34,3584,840
9104,5,3.61,3585,836
9105,2,6.69,3585,837
9106,4,73.96,3585,834
9107,5,10.24,3586,841
9108,5,72.2,3586,842
9109,4,79.94,3586,838
9110,2,73.2,3586,834
9111,2,66.59,3587,839
9112,1,7.67,3587,839
9113,1,75.01,3587,840
9114,4,43.03,3587,838
9115,2,29.29,3588,841
9116,3,35.36,3588,841
9117,3,16.93,3588,839
9118,3,78.21,3588,837
9119,5,47.47,3589,841
9120,4,57.96,3589,835
9121,5,31.17,3589,838
9122,4,4.65,3589,834
9123,1,22.67,3590,832
9124,3,52.24,3591,833
9125,3,40.04,3592,839
9126,3,51.81,3593,842
9127,1,32.7,3594,842
9128,5,55.31,3594,832
9129,4,16.44,3594,840
9130,1,77.69,3595,841
9131,5,6.52,3595,833
9132,5,17.98,3596,835
9133,3,35.94,3596,832
9134,5,40.9,3596,841
9135,3,9.34,3597,838
9136,4,32.24,3597,833
9137,5,40.28,3597,836
9138,2,49.01,3598,835
9139,2,32.49,3598,835
9140,3,42.75,3598,832
9141,5,57.35,3599,832
9142,5,26.35,3599,836
9143,2,19.41,3600,834
9144,3,42.65,3600,834
9145,5,73.1,3600,838
9146,4,19.39,3600,832
9147,3,73.76,3601,839
9148,4,28.6,3601,834
9149,2,25.66,3601,841
9150,1,39.18,3602,833
9151,4,10.14,3602,837
9152,1,57.51,3603,837
9153,1,50.8,3603,837
9154,4,22.27,3603,837
9155,5,76.49,3603,839
9156,2,44.56,3604,835
9157,5,62.3,3605,835
9158,3,49.32,3605,840
9159,2,51.7,3605,834
9160,3,30.26,3605,836
9161,3,64.94,3606,836
9162,1,40.0,3606,837
9163,1,53.02,3607,836
9164,2,66.61,3608,840
9165,5,78.69,3609,832
9166,1,12.5,3609,839
9167,1,12.57,3609,839
9168,2,66.55,3610,841
9169,1,66.98,3610,833
9170,4,23.98,3610,839
9171,2,4.25,3611,840
9172,4,22.39,3612,833
9173,1,14.06,3613,841
9174,2,38.24,3613,836
9175,3,11.89,3613,838
9176,2,44.91,3614,838
9177,3,34.74,3614,838
9178,5,44.41,3615,842
9179,1,69.31,3615,840
9180,5,3.05,3615,835
9181,5,13.99,3616,838
9182,5,59.42,3616,842
9183,2,63.31,3616,842
9184,2,5.99,3616,835
9185,4,46.55,3617,834
9186,2,10.8,3618,836
9187,1,29.17,3618,833
9188,5,79.39,3618,832
9189,4,2.2,3618,842
9190,5,26.04,3619,834
9191,5,33.89,3619,837
9192,2,45.64,3620,842
9193,5,40.01,3620,842
9194,3,50.03,3620,837
9195,5,8.9,3620,841
9196,3,68.24,3621,840
9197,3,37.53,3621,834
9198,5,52.66,3621,836
9199,5,4.09,3622,837
9200,5,33.93,3623,836
9201,5,48.91,3623,832
9202,2,52.86,3624,834
9203,4,48.47,3624,840
9204,5,55.21,3624,833
9205,1,45.87,3625,841
9206,5,25.47,3626,839
9207,3,47.78,3626,832
9208,1,46.95,3626,834
9209,4,53.23,3627,832
9210,1,46.45,3628,839
9211,4,27.08,3629,834
9212,5,12.05,3629,837
9213,3,70.11,3629,838
9214,1,10.11,3630,842
9215,3,56.89,3631,836
9216,5,52.35,3631,842
9217,2,77.9,3632,837
9218,2,26.04,3633,836
9219,4,5.95,3633,837
9220,4,55.75,3633,834
9221,3,43.55,3633,839
9222,3,36.28,3634,848
9223,5,49.05,3634,847
9224,2,22.83,3635,846
9225,3,50.95,3635,848
9226,1,41.38,3635,845
9227,2,5.55,3635,844
9228,3,37.62,3636,844
9229,4,79.43,3636,848
9230,2,74.6,3636,846
9231,4,28.85,3636,846
9232,5,27.25,3637,846
9233,5,30.09,3637,848
9234,4,61.45,3637,845
9235,5,39.2,3637,844
9236,1,6.19,3638,845
9237,2,24.29,3639,847
9238,5,29.23,3639,847
9239,3,65.82,3640,848
9240,2,61.68,3641,846
9241,1,35.34,3641,845
9242,1,68.51,3641,847
9243,1,48.06,3641,848
9244,5,29.16,3642,847
9245,3,14.76,3642,847
9246,5,75.26,3642,848
9247,4,58.07,3643,843
9248,5,2.45,3643,843
9249,4,36.44,3643,846
9250,3,75.39,3643,844
9251,5,14.11,3644,843
9252,3,19.42,3644,846
9253,5,62.03,3644,846
9254,4,32.45,3645,847
9255,5,47.42,3645,848
9256,5,34.6,3645,846
9257,3,77.47,3646,845
9258,5,54.56,3646,847
9259,3,16.75,3646,847
9260,4,51.49,3646,844
9261,2,79.44,3647,849
9262,5,60.69,3648,850
9263,3,50.45,3648,851
9264,5,69.94,3649,849
9265,2,34.43,3649,849
9266,2,4.71,3649,851
9267,3,47.36,3650,850
9268,1,15.34,3650,849
9269,2,15.76,3651,850
9270,5,6.35,3651,851
9271,1,73.53,3652,850
9272,2,65.25,3652,850
9273,3,62.17,3652,850
9274,1,73.01,3652,850
9275,1,14.0,3653,849
9276,4,22.0,3653,849
9277,2,42.92,3653,849
9278,1,77.06,3653,849
9279,3,18.21,3654,850
9280,4,2.16,3654,851
9281,4,77.7,3654,849
9282,4,51.79,3655,851
9283,3,13.76,3656,850
9284,1,22.98,3656,851
9285,4,12.2,3657,849
9286,5,30.37,3658,850
9287,1,51.41,3658,849
9288,2,28.04,3658,851
9289,3,64.62,3659,849
9290,1,61.58,3659,849
9291,1,79.49,3659,851
9292,4,30.38,3660,851
9293,2,17.31,3660,849
9294,2,28.09,3661,850
9295,4,20.71,3661,850
9296,5,45.98,3662,850
9297,3,43.33,3662,850
9298,4,57.49,3663,849
9299,2,72.78,3663,849
9300,4,50.65,3663,851
9301,1,25.71,3664,850
9302,3,4.05,3664,850
9303,3,3.21,3664,850
9304,4,27.2,3665,850
9305,3,16.17,3666,850
9306,2,3.42,3666,850
9307,4,68.5,3667,850
9308,3,48.16,3668,851
9309,1,67.92,3668,851
9310,5,33.04,3669,849
9311,2,18.87,3669,851
9312,3,74.53,3670,850
9313,2,13.36,3670,851
9314,2,55.93,3671,851
9315,1,3.18,3671,849
9316,5,53.42,3672,849
9317,3,53.66,3672,850
9318,3,19.96,3673,849
9319,5,27.17,3673,850
9320,5,23.89,3674,851
9321,5,23.43,3674,851
9322,4,47.24,3675,850
9323,2,31.33,3675,850
9324,1,45.04,3675,849
9325,4,5.1,3675,849
9326,2,72.97,3676,851
9327,3,35.0,3676,851
9328,2,34.87,3676,850
9329,2,35.49,3676,851
9330,4,69.47,3677,852
9331,5,58.65,3677,852
9332,3,17.15,3677,854
9333,2,6.99,3677,853
9334,5,68.62,3678,852
9335,5,58.22,3678,852
9336,2,28.35,3679,852
9337,4,13.27,3679,854
9338,1,79.9,3680,853
9339,2,48.04,3681,852
9340,3,65.26,3681,853
9341,3,4.7,3682,853
9342,2,56.14,3682,854
9343,2,69.01,3683,854
9344,2,18.16,3683,854
9345,4,41.66,3683,854
9346,3,20.9,3684,852
9347,3,46.49,3685,852
9348,5,56.55,3685,852
9349,3,65.07,3685,853
9350,2,19.55,3685,854
9351,5,34.87,3686,852
9352,4,55.14,3687,853
9353,4,58.09,3687,853
9354,2,59.97,3687,852
9355,3,5.22,3688,854
9356,4,46.57,3688,854
9357,2,37.73,3688,854
9358,1,60.21,3688,853
9359,1,64.09,3689,854
9360,1,71.59,3689,853
9361,3,59.63,3689,852
9362,4,34.83,3690,854
9363,5,4.04,3690,854
9364,5,66.54,3690,852
9365,3,46.34,3690,853
9366,2,67.63,3691,853
9367,2,78.32,3691,852
9368,1,35.55,3691,853
9369,1,25.0,3692,852
9370,3,69.74,3692,854
9371,2,39.32,3692,853
9372,2,71.39,3692,854
9373,3,54.71,3693,853
9374,2,58.68,3694,852
9375,2,14.76,3694,853
9376,2,59.53,3694,853
9377,1,35.92,3695,854
9378,4,24.66,3695,852
9379,5,34.26,3695,852
9380,1,38.4,3695,854
9381,1,10.51,3696,853
9382,2,10.17,3697,854
9383,5,39.62,3697,854
9384,5,52.93,3697,852
9385,4,15.22,3698,852
9386,1,24.09,3699,854
9387,2,3.27,3699,853
9388,1,37.76,3700,854
9389,3,63.3,3701,852
9390,1,30.43,3701,854
9391,5,37.55,3701,853
9392,4,77.4,3702,853
9393,1,22.85,3702,853
9394,5,19.78,3702,852
9395,3,33.44,3702,854
9396,1,55.45,3703,852
9397,3,62.72,3703,854
9398,4,10.96,3703,853
9399,1,11.16,3703,854
9400,2,60.61,3704,854
9401,2,22.53,3704,852
9402,4,10.19,3704,853
9403,2,75.87,3705,853
9404,2,11.48,3705,854
9405,1,40.75,3705,853
9406,1,16.58,3705,852
9407,3,65.47,3706,854
9408,2,25.45,3706,852
9409,5,42.37,3706,854
9410,3,61.73,3707,852
9411,2,33.79,3707,852
9412,3,62.26,3708,852
9413,1,79.53,3709,854
9414,2,53.62,3709,854
9415,2,42.28,3709,853
9416,3,59.17,3709,853
9417,2,25.23,3710,853
9418,1,13.59,3710,853
9419,3,52.29,3710,853
9420,4,71.75,3711,854
9421,1,70.54,3711,852
9422,3,7.47,3711,852
9423,5,51.96,3711,852
9424,1,59.4,3712,853
9425,4,40.82,3712,854
9426,1,40.47,3713,854
9427,3,8.49,3714,854
9428,2,16.9,3714,852
9429,2,63.73,3715,853
9430,1,66.63,3715,853
9431,5,65.3,3716,853
9432,1,54.98,3716,853
9433,5,35.02,3717,852
9434,1,68.37,3717,852
9435,5,23.13,3717,854
9436,2,50.73,3717,854
9437,2,61.08,3718,852
9438,5,34.56,3718,852
9439,2,65.67,3718,854
9440,3,5.44,3718,853
9441,3,3.54,3719,854
9442,1,52.59,3719,853
9443,1,54.94,3719,852
9444,3,5.74,3720,854
9445,5,61.41,3720,852
9446,1,47.63,3721,854
9447,3,62.44,3721,852
9448,3,18.47,3721,852
9449,4,33.12,3722,854
9450,5,70.43,3723,852
9451,4,40.48,3723,853
9452,5,3.12,3723,852
9453,1,61.81,3724,853
9454,3,16.69,3725,853
9455,3,52.28,3726,854
9456,2,71.66,3726,854
9457,3,6.09,3726,854
9458,2,66.21,3726,853
9459,2,35.11,3727,853
9460,3,68.57,3728,853
9461,1,71.31,3728,852
9462,3,53.59,3728,853
9463,3,17.75,3728,852
9464,1,18.18,3729,859
9465,2,64.57,3730,855
9466,5,13.87,3730,856
9467,1,48.59,3731,859
9468,1,46.99,3731,857
9469,4,56.93,3731,859
9470,3,10.87,3731,858
9471,3,26.37,3732,859
9472,1,23.89,3732,859
9473,3,60.1,3732,860
9474,4,57.97,3732,858
9475,4,12.31,3733,855
9476,1,28.56,3733,860
9477,1,15.21,3733,858
9478,1,60.16,3733,856
9479,5,13.08,3734,855
9480,5,47.84,3734,858
9481,5,41.56,3734,858
9482,3,29.48,3735,859
9483,1,43.51,3735,856
9484,2,44.21,3735,859
9485,4,34.03,3735,860
9486,4,72.51,3736,858
9487,1,50.4,3736,855
9488,5,25.86,3737,858
9489,2,10.17,3737,860
9490,2,53.01,3737,856
9491,5,3.25,3737,856
9492,2,68.06,3738,857
9493,4,58.51,3738,860
9494,1,26.75,3738,856
9495,5,74.65,3739,858
9496,3,41.44,3740,859
9497,4,41.16,3740,856
9498,3,12.1,3740,857
9499,4,30.12,3740,856
9500,3,58.31,3741,860
9501,3,31.41,3742,864
9502,5,60.93,3742,865
9503,1,12.72,3743,866
9504,4,63.91,3743,862
9505,2,55.61,3743,866
9506,2,69.53,3743,863
9507,5,64.24,3744,861
9508,5,5.31,3744,863
9509,5,56.29,3744,865
9510,4,75.62,3744,861
9511,3,65.13,3745,861
9512,2,49.28,3745,862
9513,5,18.28,3746,864
9514,2,70.92,3747,861
9515,4,64.62,3747,863
9516,2,43.06,3747,862
9517,1,36.58,3748,864
9518,2,77.8,3749,863
9519,4,64.04,3749,866
9520,4,57.61,3749,866
9521,1,22.99,3750,863
9522,4,23.91,3750,863
9523,1,66.82,3750,866
9524,2,13.69,3750,863
9525,3,52.9,3751,864
9526,3,44.56,3751,861
9527,4,17.83,3752,864
9528,1,22.31,3752,864
9529,1,8.24,3752,866
9530,3,61.74,3752,865
9531,3,34.16,3753,865
9532,2,72.58,3753,866
9533,5,21.45,3754,865
9534,4,39.25,3754,864
9535,3,22.34,3754,862
9536,2,25.22,3754,864
9537,4,23.26,3755,861
9538,2,43.47,3755,862
9539,5,19.37,3756,866
9540,4,39.34,3756,864
9541,3,3.08,3757,863
9542,5,51.44,3757,865
9543,5,21.25,3757,864
9544,2,16.13,3758,861
9545,5,22.44,3758,861
9546,3,22.05,3758,863
9547,5,53.6,3759,866
9548,1,7.31,3759,865
9549,4,6.87,3760,862
9550,5,44.13,3760,866
9551,5,20.2,3761,866
9552,3,19.53,3761,862
9553,5,50.35,3761,866
9554,3,70.08,3762,862
9555,3,6.73,3762,865
9556,3,65.97,3762,865
9557,5,57.48,3763,865
9558,5,5.65,3763,866
9559,4,33.24,3763,863
9560,2,40.04,3763,863
9561,5,37.58,3764,864
9562,5,8.64,3764,864
9563,1,67.43,3764,864
9564,2,7.07,3764,864
9565,5,58.35,3765,862
9566,1,24.76,3765,866
9567,4,35.16,3766,866
9568,5,58.5,3767,865
9569,5,52.16,3767,864
9570,4,70.63,3767,864
9571,2,74.99,3767,861
9572,2,22.1,3768,864
9573,5,35.04,3768,861
9574,1,51.75,3769,865
9575,5,30.03,3769,865
9576,2,28.05,3769,865
9577,3,55.96,3769,862
9578,5,16.75,3770,861
9579,3,12.03,3771,863
9580,4,66.92,3771,861
9581,1,28.98,3771,863
9582,5,27.99,3772,864
9583,4,37.58,3773,866
9584,2,9.58,3774,864
9585,2,33.22,3775,863
9586,2,29.2,3775,861
9587,1,4.58,3776,862
9588,3,75.94,3776,866
9589,5,61.51,3777,864
9590,4,5.3,3777,861
9591,4,2.15,3777,864
9592,2,5.21,3778,863
9593,2,27.72,3778,863
9594,4,41.04,3779,862
9595,4,51.35,3779,863
9596,1,53.61,3780,862
9597,1,31.41,3781,866
9598,1,23.43,3781,865
9599,5,66.7,3782,863
9600,5,72.17,3783,861
9601,5,47.16,3783,862
9602,5,39.45,3783,861
9603,1,12.8,3783,861
9604,5,61.02,3784,865
9605,1,10.18,3784,861
9606,4,8.13,3785,875
9607,1,58.4,3785,873
9608,5,4.69,3785,870
9609,1,26.21,3785,867
9610,4,42.62,3786,868
9611,2,11.24,3786,871
9612,2,73.58,3786,873
9613,2,9.98,3787,868
9614,1,72.98,3787,872
9615,5,8.4,3788,874
9616,5,59.36,3788,868
9617,5,69.41,3789,870
9618,5,12.05,3790,872
9619,5,25.61,3790,870
9620,4,3.95,3790,867
9621,1,60.99,3791,872
9622,1,50.68,3792,871
9623,2,49.46,3792,872
9624,2,53.11,3792,874
9625,2,11.84,3792,867
9626,2,28.11,3793,867
9627,3,19.19,3793,872
9628,4,60.11,3793,871
9629,3,79.56,3794,874
9630,3,29.79,3795,868
9631,4,46.47,3795,870
9632,2,57.96,3795,867
9633,1,8.28,3796,870
9634,3,17.52,3796,868
9635,1,20.29,3796,868
9636,5,69.66,3797,872
9637,5,68.34,3798,873
9638,5,70.28,3798,867
9639,3,56.21,3798,870
9640,3,62.35,3799,875
9641,3,39.76,3799,870
9642,1,18.72,3800,874
9643,2,60.62,3800,869
9644,1,30.72,3800,875
9645,5,33.94,3800,871
9646,5,8.06,3801,870
9647,3,78.05,3801,872
9648,1,74.09,3801,867
9649,3,6.47,3801,868
9650,1,4.9,3802,871
9651,2,55.2,3803,871
9652,3,14.9,3804,872
9653,2,56.58,3804,873
9654,2,27.21,3804,872
9655,5,44.28,3805,867
9656,1,73.09,3805,867
9657,5,21.95,3806,874
9658,4,10.55,3806,868
9659,3,60.51,3807,867
9660,5,33.69,3807,872
9661,1,32.26,3808,873
9662,5,25.29,3808,868
9663,2,57.35,3809,870
9664,3,78.58,3810,873
9665,4,72.64,3810,869
9666,2,44.77,3810,870
9667,4,41.39,3810,868
9668,2,64.55,3811,867
9669,4,22.58,3811,867
9670,3,58.95,3812,872
9671,4,44.39,3813,873
9672,1,56.61,3814,874
9673,1,66.95,3815,872
9674,3,28.49,3816,868
9675,2,50.9,3817,877
9676,2,9.49,3817,877
9677,2,45.03,3817,877
9678,5,43.71,3818,877
9679,1,71.51,3818,876
9680,2,58.08,3819,877
9681,5,60.77,3820,877
9682,1,24.7,3820,879
9683,2,58.29,3820,877
9684,1,19.06,3820,877
9685,1,10.82,3821,876
9686,1,24.0,3822,879
9687,4,41.17,3822,876
9688,2,71.54,3823,879
9689,1,75.51,3823,877
9690,5,47.53,3824,879
9691,2,29.42,3824,879
9692,3,8.07,3824,877
9693,3,3.2,3824,879
9694,2,56.65,3825,879
9695,2,18.99,3825,879
9696,5,4.05,3825,876
9697,4,10.83,3825,876
9698,2,11.99,3826,876
9699,1,13.23,3826,879
9700,1,59.11,3826,877
9701,2,52.62,3827,877
9702,2,61.59,3827,876
9703,4,78.82,3828,879
9704,4,10.93,3829,878
9705,2,20.71,3830,876
9706,2,40.59,3830,878
9707,3,74.99,3830,879
9708,1,16.18,3830,878
9709,3,64.17,3831,878
9710,4,59.78,3831,877
9711,4,7.4,3831,878
9712,5,54.26,3832,878
9713,5,22.14,3833,878
9714,3,5.83,3833,877
9715,4,66.37,3833,878
9716,2,23.54,3833,877
9717,3,26.15,3834,879
9718,4,7.29,3835,877
9719,4,24.48,3836,879
9720,4,77.85,3836,878
9721,3,56.62,3836,879
9722,2,55.95,3836,877
9723,4,27.51,3837,884
9724,1,65.92,3837,885
9725,3,50.97,3837,890
9726,3,28.79,3837,887
9727,4,71.69,3838,890
9728,3,77.56,3839,880
9729,1,7.56,3839,883
9730,1,62.55,3839,884
9731,5,15.68,3840,890
9732,2,46.83,3840,888
9733,3,31.79,3840,882
9734,3,68.4,3841,881
9735,4,38.59,3841,890
9736,3,73.18,3842,884
9737,2,36.15,3842,882
9738,5,60.06,3842,882
9739,1,16.42,3842,880
9740,1,37.69,3843,886
9741,3,14.2,3843,880
9742,1,58.49,3843,888
9743,4,34.71,3843,889
9744,1,46.74,3844,882
9745,2,6.62,3845,880
9746,4,58.81,3845,880
9747,3,73.39,3846,888
9748,3,47.27,3847,884
9749,1,10.07,3847,880
9750,1,63.99,3847,890
9751,2,4.59,3847,889
9752,2,21.11,3848,882
9753,1,67.25,3848,881
9754,4,26.57,3848,889
9755,4,38.88,3848,882
9756,3,20.28,3849,884
9757,2,23.1,3849,882
9758,2,4.56,3849,880
9759,3,18.93,3849,890
9760,2,45.79,3850,884
9761,5,74.63,3850,889
9762,3,14.82,3851,886
9763,1,8.4,3851,886
9764,4,54.08,3851,888
9765,4,76.52,3851,888
9766,2,4.58,3852,885
9767,3,74.06,3853,882
9768,2,18.41,3853,887
9769,4,52.93,3854,890
9770,5,21.53,3855,880
9771,3,67.85,3855,882
9772,4,10.18,3855,885
9773,3,51.22,3855,882
9774,1,12.32,3856,884
9775,4,8.04,3856,886
9776,5,66.68,3856,880
9777,3,38.94,3856,886
9778,3,22.56,3857,881
9779,5,60.36,3857,884
9780,2,40.16,3857,880
9781,2,50.2,3857,886
9782,4,62.72,3858,882
9783,2,76.05,3858,882
9784,3,32.97,3858,884
9785,1,8.63,3859,889
9786,1,73.09,3859,885
9787,4,59.1,3859,882
9788,1,8.0,3860,887
9789,4,15.93,3861,889
9790,1,33.62,3861,884
9791,3,21.25,3862,884
9792,1,45.05,3862,885
9793,3,55.01,3863,882
9794,2,54.25,3863,885
9795,5,72.05,3863,888
9796,2,36.01,3863,880
9797,1,42.07,3864,883
9798,4,41.88,3864,886
9799,1,29.43,3864,890
9800,5,3.84,3865,880
9801,4,47.93,3865,886
9802,3,20.61,3865,880
9803,1,16.54,3865,882
9804,1,23.91,3866,880
9805,5,14.12,3866,880
9806,2,71.79,3866,887
9807,1,22.66,3866,890
9808,4,66.57,3867,883
9809,5,15.68,3867,882
9810,3,14.31,3868,886
9811,2,49.64,3868,883
9812,4,59.02,3868,888
9813,2,64.26,3869,888
9814,1,62.99,3869,889
9815,3,49.71,3869,881
9816,4,73.77,3869,890
9817,3,3.51,3870,883
9818,3,27.69,3871,882
9819,2,39.74,3871,889
9820,3,12.61,3871,887
9821,2,16.46,3872,882
9822,1,64.44,3872,885
9823,2,13.39,3872,880
9824,1,32.6,3872,889
9825,3,30.2,3873,881
9826,4,28.38,3873,881
9827,4,2.33,3873,886
9828,2,62.44,3873,884
9829,4,65.44,3874,880
9830,3,66.58,3874,885
9831,2,52.03,3874,886
9832,4,60.02,3874,887
9833,2,53.35,3875,887
9834,2,17.08,3875,889
9835,3,74.26,3876,880
9836,4,75.11,3876,886
9837,5,56.21,3876,888
9838,3,79.76,3876,881
9839,3,50.36,3877,889
9840,1,75.44,3877,889
9841,4,79.86,3877,886
9842,2,31.5,3878,884
9843,5,57.32,3878,885
9844,3,17.37,3879,890
9845,2,35.53,3880,891
9846,4,38.5,3880,893
9847,3,13.54,3880,892
9848,1,68.91,3880,896
9849,2,77.92,3881,891
9850,5,4.2,3881,892
9851,3,36.61,3881,891
9852,4,27.48,3881,891
9853,1,41.48,3882,892
9854,2,15.13,3882,891
9855,1,25.28,3882,892
9856,4,59.09,3883,896
9857,3,79.71,3883,891
9858,4,77.12,3883,895
9859,2,74.52,3884,892
9860,3,22.37,3884,896
9861,1,56.72,3884,893
9862,2,20.96,3884,896
9863,4,44.47,3885,892
9864,2,4.54,3885,895
9865,2,46.43,3885,896
9866,5,72.38,3885,893
9867,3,37.95,3886,896
9868,5,34.57,3886,896
9869,1,61.01,3886,896
9870,3,48.56,3887,892
9871,1,73.78,3887,893
9872,2,58.91,3887,893
9873,1,63.36,3888,894
9874,4,56.0,3888,894
9875,1,35.62,3888,894
9876,1,26.86,3888,892
9877,4,38.63,3889,892
9878,4,56.66,3889,894
9879,2,64.76,3890,892
9880,1,37.37,3890,895
9881,5,25.6,3890,891
9882,5,35.24,3891,892
9883,1,23.28,3891,895
9884,4,71.33,3892,895
9885,3,40.33,3893,893
9886,1,71.31,3893,891
9887,5,66.01,3893,896
9888,3,28.87,3893,891
9889,4,67.36,3894,894
9890,1,25.01,3894,892
9891,5,67.96,3894,893
9892,4,39.19,3895,893
9893,3,36.32,3895,895
9894,3,74.83,3896,891
9895,5,29.51,3896,892
9896,3,14.52,3897,895
9897,2,16.81,3897,892
9898,2,50.18,3897,894
9899,3,43.79,3898,896
9900,3,50.17,3898,891
9901,5,30.23,3899,894
9902,5,13.55,3899,893
9903,2,34.83,3900,892
9904,5,40.79,3900,891
9905,4,65.37,3900,894
9906,3,69.17,3900,896
9907,5,23.01,3901,893
9908,1,35.15,3901,895
9909,5,22.57,3902,894
9910,2,62.98,3902,891
9911,3,56.17,3903,893
9912,1,36.84,3903,892
9913,5,25.34,3903,892
9914,2,73.03,3904,893
9915,3,26.18,3904,891
9916,5,33.31,3904,894
9917,4,22.41,3905,893
9918,1,75.98,3905,893
9919,2,60.08,3905,896
9920,2,30.72,3906,894
9921,4,63.57,3907,896
9922,1,54.03,3908,891
9923,5,4.2,3908,896
9924,3,61.79,3908,891
9925,3,76.15,3909,894
9926,1,30.28,3909,891
9927,1,42.04,3910,895
9928,2,12.85,3910,895
9929,2,66.19,3910,891
9930,2,50.22,3910,891
9931,1,25.7,3911,893
9932,3,79.94,3912,893
9933,3,49.83,3913,894
9934,5,24.09,3914,892
9935,4,20.09,3914,892
9936,2,62.59,3914,896
9937,5,44.43,3914,893
9938,2,57.61,3915,895
9939,1,18.26,3916,891
9940,4,63.98,3916,894
9941,3,53.6,3916,896
9942,5,20.96,3917,893
9943,1,77.28,3917,896
9944,4,59.66,3917,896
9945,1,76.66,3918,896
9946,4,10.66,3918,896
9947,1,64.47,3919,896
9948,1,71.0,3919,896
9949,5,74.43,3920,894
9950,1,44.43,3921,891
9951,4,79.78,3922,896
9952,4,72.97,3922,896
9953,4,49.44,3923,893
9954,2,63.02,3923,894
9955,3,23.09,3923,891
9956,3,72.97,3924,894
9957,2,42.82,3924,892
9958,5,78.42,3924,896
9959,2,41.17,3925,893
9960,5,13.22,3925,892
9961,3,27.02,3926,895
9962,5,54.64,3927,894
9963,2,42.65,3927,894
9964,1,31.87,3928,904
9965,4,31.95,3929,902
9966,2,75.95,3929,901
9967,4,42.65,3930,906
9968,2,20.37,3930,905
9969,3,44.73,3930,902
9970,2,4.12,3930,897
9971,3,44.94,3931,901
9972,4,48.38,3931,897
9973,4,23.14,3931,902
9974,2,15.26,3932,904
9975,4,27.6,3932,906
9976,5,7.81,3933,900
9977,2,2.49,3933,901
9978,2,41.64,3934,898
9979,1,79.01,3934,906
9980,4,15.44,3934,902
9981,4,27.49,3934,902
9982,1,52.2,3935,904
9983,5,35.26,3935,900
9984,2,56.75,3935,899
9985,2,29.22,3935,904
9986,4,24.28,3936,899
9987,1,68.56,3936,900
9988,4,75.07,3937,903
9989,2,6.99,3937,899
9990,5,74.93,3937,902
9991,3,40.88,3938,900
9992,3,76.98,3939,901
9993,5,29.6,3939,903
9994,3,54.8,3940,904
9995,1,27.08,3940,905
9996,4,69.2,3940,897
9997,1,9.76,3941,906
9998,1,26.42,3941,899
9999,3,34.2,3941,904
10000,5,40.96,3942,902
10001,1,68.15,3942,905
10002,1,63.24,3942,901
10003,4,33.76,3942,897
10004,5,30.96,3943,901
10005,1,34.57,3943,904
10006,2,28.1,3944,898
10007,2,61.74,3944,900
10008,2,72.05,3945,903
10009,2,27.29,3945,898
10010,3,41.9,3945,901
10011,5,68.53,3945,898
10012,3,30.84,3946,905
10013,5,20.75,3946,905
10014,3,19.44,3946,900
10015,4,48.05,3947,900
10016,3,8.18,3948,897
10017,5,56.05,3948,898
10018,5,9.01,3948,901
10019,5,37.69,3948,898
10020,2,18.38,3949,897
10021,5,44.34,3949,898
10022,1,26.53,3949,897
10023,3,54.46,3949,902
10024,3,6.8,3950,902
10025,5,40.28,3950,905
10026,2,22.41,3950,901
10027,3,48.83,3950,901
10028,1,54.72,3951,901
10029,1,70.36,3951,899
10030,4,44.68,3952,899
10031,1,49.28,3953,906
10032,2,37.72,3953,904
10033,4,78.55,3953,904
10034,4,9.23,3954,903
10035,2,65.74,3955,901
10036,3,47.86,3956,902
10037,5,77.61,3956,904
10038,4,59.49,3956,903
10039,3,32.32,3957,901
10040,4,35.13,3958,897
10041,1,15.24,3958,900
10042,3,79.43,3959,903
10043,5,10.55,3959,904
10044,2,56.9,3959,906
10045,2,17.95,3960,902
10046,5,69.59,3960,901
10047,5,56.03,3960,900
10048,5,59.37,3960,905
10049,1,11.36,3961,900
10050,2,17.76,3962,901
10051,2,14.98,3962,898
10052,2,40.19,3963,904
10053,5,52.38,3964,905
10054,1,16.97,3964,899
10055,2,59.44,3964,905
10056,2,16.12,3964,897
10057,3,10.75,3965,904
10058,5,62.55,3965,905
10059,1,64.64,3966,897
10060,3,77.85,3966,902
10061,5,48.11,3966,897
10062,2,41.87,3966,899
10063,5,64.46,3967,900
10064,2,22.08,3968,900
10065,1,67.49,3968,904
10066,5,15.3,3968,898
10067,2,33.86,3969,899
10068,2,49.83,3970,904
10069,5,34.64,3970,902
10070,3,33.52,3970,898
10071,4,14.8,3971,905
10072,1,37.65,3972,903
10073,4,24.19,3972,902
10074,2,32.33,3972,906
10075,1,51.37,3973,898
10076,1,20.71,3973,901
10077,5,31.4,3973,906
10078,5,75.36,3974,911
10079,3,23.18,3974,911
10080,5,36.26,3974,912
10081,3,40.18,3975,911
10082,4,20.01,3976,911
10083,5,2.15,3976,911
10084,4,27.39,3976,911
10085,4,26.14,3977,908
10086,3,59.66,3977,909
10087,3,12.5,3977,915
10088,1,71.01,3978,910
10089,1,21.5,3978,908
10090,4,74.42,3978,911
10091,2,62.6,3979,914
10092,4,39.73,3980,909
10093,4,59.55,3980,912
10094,3,67.2,3980,909
10095,3,11.02,3980,912
10096,3,61.07,3981,909
10097,3,39.03,3981,909
10098,4,25.21,3982,908
10099,1,68.76,3983,910
10100,2,76.57,3984,909
10101,1,79.39,3984,915
10102,3,29.8,3985,915
10103,2,77.61,3985,910
10104,2,75.9,3985,915
10105,5,23.93,3985,912
10106,5,45.99,3986,915
10107,1,43.17,3986,908
10108,5,50.39,3986,909
10109,4,21.91,3987,910
10110,2,16.63,3988,914
10111,1,61.95,3988,914
10112,2,50.78,3988,911
10113,1,69.54,3989,917
10114,4,19.55,3989,922
10115,1,53.3,3990,923
10116,2,25.85,3990,923
10117,2,8.52,3991,918
10118,1,13.43,3992,917
10119,3,24.69,3993,921
10120,2,79.97,3993,923
10121,1,9.02,3994,923
10122,4,41.53,3994,921
10123,1,70.58,3995,916
10124,2,38.41,3996,922
10125,2,28.48,3997,923
10126,3,9.18,3997,916
10127,1,18.82,3997,922
10128,5,29.21,3997,920
10129,5,23.07,3998,923
10130,1,60.12,3998,924
10131,2,69.16,3999,918
10132,1,15.57,3999,917
10133,5,14.4,3999,922
10134,2,78.62,3999,923
10135,2,76.49,4000,917
10136,1,30.31,4001,922
10137,4,54.52,4001,924
10138,2,54.77,4001,918
10139,2,46.91,4001,921
10140,4,31.33,4002,917
10141,4,48.95,4002,920
10142,3,29.6,4002,916
10143,2,66.97,4003,919
10144,4,14.42,4003,920
10145,4,35.08,4003,922
10146,4,7.76,4004,920
10147,4,47.87,4004,920
10148,3,79.61,4004,921
10149,2,60.98,4004,920
10150,3,77.67,4005,918
10151,3,24.54,4005,923
10152,5,6.1,4005,920
10153,2,39.62,4005,922
10154,2,7.39,4006,922
10155,1,11.58,4006,922
10156,3,20.3,4006,921
10157,2,74.3,4006,917
10158,3,2.38,4007,921
10159,1,54.77,4007,920
10160,5,34.44,4008,924
10161,3,78.91,4009,919
10162,4,22.35,4009,920
10163,5,36.97,4009,923
10164,3,73.91,4010,916
10165,3,18.61,4010,924
10166,2,64.19,4010,921
10167,1,64.93,4011,923
10168,5,69.22,4011,922
10169,4,74.26,4011,921
10170,5,68.97,4012,923
10171,5,72.43,4013,918
10172,4,28.22,4014,919
10173,4,72.18,4014,916
10174,5,51.97,4015,919
10175,3,7.75,4015,924
10176,4,29.37,4015,916
10177,4,7.95,4016,916
10178,1,24.5,4016,922
10179,1,53.31,4017,926
10180,4,40.46,4017,925
10181,4,46.33,4017,926
10182,4,8.05,4018,926
10183,1,50.29,4019,925
10184,5,22.63,4019,928
10185,5,6.45,4019,928
10186,4,64.38,4019,926
10187,4,28.91,4020,926
10188,4,26.14,4020,925
10189,4,24.78,4021,925
10190,5,55.75,4021,925
10191,1,42.06,4021,926
10192,3,51.12,4021,928
10193,1,2.25,4022,927
10194,2,65.24,4022,925
10195,1,40.97,4022,925
10196,1,2.48,4022,926
10197,5,66.64,4023,925
10198,3,9.47,4023,925
10199,1,73.97,4023,925
10200,5,72.88,4023,928
10201,1,63.07,4024,928
10202,1,23.97,4025,927
10203,5,13.69,4026,926
10204,3,10.74,4026,928
10205,5,51.23,4027,925
10206,4,36.79,4027,925
10207,1,72.06,4027,928
10208,3,63.36,4028,928
10209,3,27.49,4028,926
10210,3,74.04,4028,926
10211,5,5.93,4029,928
10212,3,50.18,4029,927
10213,1,78.66,4029,926
10214,4,18.79,4030,927
10215,2,19.72,4030,928
10216,2,13.98,4031,926
10217,1,20.34,4032,928
10218,4,35.17,4032,928
10219,5,2.85,4033,926
10220,5,6.82,4033,927
10221,5,35.73,4033,925
10222,5,73.33,4033,928
10223,1,51.36,4034,928
10224,3,67.86,4034,925
10225,1,22.05,4034,928
10226,1,78.75,4034,927
10227,5,68.2,4035,927
10228,4,28.85,4035,928
10229,1,21.12,4035,928
10230,5,60.22,4036,926
10231,2,42.65,4036,928
10232,2,13.39,4036,926
10233,4,61.87,4036,928
10234,5,62.09,4037,927
10235,4,55.71,4037,927
10236,3,52.52,4037,926
10237,3,20.23,4038,928
10238,5,79.23,4039,926
10239,2,12.64,4039,926
10240,4,42.15,4040,926
10241,2,62.39,4040,928
10242,3,62.09,4040,927
10243,3,49.17,4040,926
10244,1,17.74,4041,928
10245,4,77.72,4042,925
10246,3,70.38,4042,925
10247,1,29.78,4042,925
10248,4,67.34,4042,926
10249,5,7.72,4043,927
10250,5,38.09,4043,928
10251,3,3.77,4044,928
10252,5,60.75,4044,926
10253,1,70.0,4044,927
10254,1,5.0,4044,925
10255,1,12.85,4045,928
10256,4,46.14,4046,926
10257,4,52.17,4046,926
10258,5,2.66,4046,926
10259,4,59.45,4047,925
10260,1,26.13,4047,925
10261,1,37.79,4047,926
10262,5,41.23,4047,928
10263,4,58.25,4048,927
10264,2,48.17,4048,925
10265,3,75.36,4049,926
10266,2,55.86,4050,927
10267,3,70.02,4050,927
10268,5,24.18,4050,928
10269,2,64.12,4051,928
10270,2,52.83,4051,927
10271,5,37.74,4051,926
10272,1,58.79,4052,927
10273,2,11.53,4052,925
10274,1,25.42,4052,928
10275,3,31.0,4053,925
10276,3,36.33,4053,928
10277,4,74.81,4053,928
10278,2,74.26,4054,925
10279,1,60.19,4054,926
10280,3,59.58,4054,926
10281,4,56.07,4055,928
10282,4,54.12,4055,926
10283,1,15.71,4055,927
10284,1,11.6,4056,925
10285,1,6.88,4056,927
10286,1,40.26,4056,926
10287,3,45.46,4056,928
10288,1,28.5,4057,938
10289,3,26.29,4057,937
10290,4,71.1,4057,936
10291,3,71.89,4058,939
10292,5,55.11,4058,930
10293,5,71.94,4059,931
10294,3,35.79,4059,940
10295,4,18.61,4059,935
10296,1,61.85,4060,929
10297,5,50.08,4060,937
10298,4,53.55,4060,939
10299,4,45.55,4060,931
10300,2,32.97,4061,936
10301,2,5.68,4061,938
10302,4,69.18,4061,940
10303,2,79.75,4062,937
10304,3,8.14,4063,933
10305,5,20.45,4063,930
10306,1,8.8,4063,935
10307,2,32.17,4064,931
10308,2,60.52,4065,935
10309,5,27.38,4066,931
10310,4,9.28,4067,940
10311,1,67.25,4067,940
10312,2,64.36,4067,937
10313,3,26.02,4068,932
10314,1,2.31,4068,939
10315,3,63.04,4068,939
10316,1,52.56,4069,933
10317,4,66.1,4069,940
10318,3,69.69,4069,937
10319,3,19.29,4070,932
10320,4,17.35,4070,934
10321,4,70.23,4071,936
10322,1,16.57,4071,934
10323,1,37.61,4071,935
10324,4,35.29,4071,935
10325,2,35.27,4072,929
10326,4,42.01,4072,935
10327,3,29.0,4072,940
10328,4,23.15,4073,930
10329,3,7.0,4073,939
10330,3,3.09,4073,933
10331,3,47.48,4074,935
10332,1,2.56,4074,930
10333,1,32.22,4075,932
10334,5,71.22,4075,930
10335,5,18.81,4075,939
10336,5,51.25,4075,931
10337,5,67.6,4076,930
10338,5,43.67,4076,938
10339,5,76.5,4077,936
10340,5,4.49,4078,937
10341,4,12.23,4079,938
10342,1,28.04,4079,939
10343,4,28.29,4080,940
10344,1,40.02,4080,936
10345,2,8.06,4080,930
10346,5,61.88,4080,936
10347,2,57.63,4081,940
10348,4,54.76,4081,935
10349,2,63.11,4081,934
10350,1,9.24,4082,937
10351,2,27.0,4082,935
10352,3,10.6,4082,932
10353,3,43.71,4083,932
10354,4,15.43,4083,930
10355,2,24.41,4083,932
10356,1,57.66,4084,933
10357,5,34.43,4084,939
10358,5,36.4,4084,936
10359,3,52.37,4084,933
10360,1,42.19,4085,936
10361,2,49.95,4085,937
10362,5,44.38,4086,936
10363,4,23.8,4086,929
10364,3,6.53,4086,930
10365,3,6.2,4087,940
10366,4,27.21,4087,935
10367,5,45.89,4087,935
10368,2,44.55,4087,933
10369,1,14.9,4088,940
10370,2,52.01,4088,937
10371,2,22.56,4088,930
10372,5,58.97,4089,938
10373,4,34.88,4089,935
10374,4,65.8,4090,939
10375,2,78.36,4091,936
10376,4,37.42,4091,933
10377,1,60.45,4092,930
10378,5,16.51,4092,940
10379,1,72.36,4092,932
10380,3,4.74,4092,940
10381,4,17.45,4093,940
10382,4,33.0,4094,933
10383,4,41.68,4095,937
10384,4,57.86,4095,939
10385,5,38.43,4095,937
10386,5,59.13,4096,934
10387,4,56.64,4096,936
10388,1,9.72,4096,938
10389,1,37.73,4096,938
10390,4,47.93,4097,931
10391,2,61.43,4098,939
10392,5,77.05,4098,935
10393,2,16.61,4099,935
10394,3,73.44,4100,933
10395,4,79.82,4101,934
10396,5,24.01,4102,934
10397,4,36.1,4102,932
10398,1,44.12,4103,939
10399,2,42.68,4104,935
10400,5,36.65,4104,930
10401,2,56.19,4104,938
10402,3,25.4,4105,934
10403,4,60.55,4105,933
10404,5,50.9,4106,939
10405,3,45.56,4106,939
10406,1,42.54,4107,946
10407,2,23.81,4108,948
10408,2,64.26,4109,944
10409,2,8.05,4109,945
10410,1,64.55,4110,948
10411,4,14.67,4110,942
10412,4,63.13,4110,948
10413,5,68.58,4110,945
10414,4,12.59,4111,945
10415,4,61.8,4112,941
10416,2,23.36,4113,941
10417,3,47.77,4113,942
10418,4,15.39,4114,942
10419,3,29.37,4114,941
10420,4,26.68,4114,947
10421,5,36.0,4114,944
10422,1,15.88,4115,944
10423,5,63.44,4115,948
10424,4,58.26,4115,948
10425,1,53.94,4115,948
10426,5,69.22,4116,943
10427,3,25.87,4116,943
10428,4,41.45,4116,945
10429,2,2.01,4116,941
10430,4,79.03,4117,945
10431,5,8.84,4118,947
10432,5,52.35,4118,945
10433,5,52.79,4118,948
10434,2,58.29,4119,943
10435,2,38.69,4120,946
10436,3,39.76,4121,954
10437,4,71.17,4121,950
10438,1,47.24,4121,951
10439,2,12.06,4122,950
10440,2,14.76,4123,952
10441,5,23.94,4124,951
10442,5,13.75,4125,952
10443,4,15.83,4125,954
10444,3,40.32,4125,952
10445,4,77.02,4126,949
10446,3,10.83,4127,952
10447,5,20.66,4127,953
10448,4,49.78,4127,953
10449,2,53.33,4127,954
10450,2,43.1,4128,952
10451,5,41.96,4128,953
10452,4,18.41,4129,954
10453,3,16.08,4130,950
10454,2,27.94,4130,952
10455,5,67.04,4130,954
10456,5,20.38,4130,953
10457,4,75.48,4131,951
10458,2,74.47,4132,950
10459,5,72.88,4132,953
10460,4,53.69,4133,952
10461,2,43.7,4133,949
10462,5,68.56,4134,952
10463,2,56.7,4134,952
10464,1,43.56,4134,949
10465,5,5.54,4134,954
10466,2,4.57,4135,950
10467,4,23.89,4135,954
10468,2,20.85,4136,951
10469,1,43.2,4137,951
10470,5,10.66,4137,953
10471,4,60.83,4137,949
10472,3,77.8,4138,950
10473,3,38.43,4138,950
10474,5,27.18,4139,949
10475,4,12.91,4139,954
10476,3,67.79,4139,953
10477,3,42.92,4139,949
10478,3,52.3,4140,951
10479,1,74.52,4140,949
10480,2,28.89,4141,953
10481,4,31.23,4141,950
10482,3,76.2,4141,951
10483,2,79.33,4141,951
10484,4,58.28,4142,953
10485,5,51.61,4142,952
10486,2,13.66,4142,950
10487,4,25.98,4142,952
10488,1,2.82,4143,952
10489,1,12.59,4143,951
10490,4,56.12,4144,950
10491,5,55.97,4144,951
10492,1,21.67,4144,950
10493,5,31.43,4144,953
10494,2,61.41,4145,949
10495,3,30.54,4146,951
10496,3,26.87,4147,952
10497,3,16.25,4147,950
10498,2,9.48,4147,954
10499,2,50.51,4148,953
10500,5,48.78,4149,950
10501,1,20.6,4149,949
10502,3,35.85,4149,951
10503,5,73.15,4149,952
10504,1,67.48,4150,950
10505,3,5.2,4151,953
10506,1,6.98,4151,950
10507,1,55.57,4151,953
10508,5,19.88,4151,953
10509,5,47.47,4152,953
10510,5,32.93,4152,953
10511,5,77.02,4152,950
10512,1,62.9,4152,950
10513,1,26.99,4153,949
10514,5,74.98,4153,954
10515,1,46.53,4153,950
10516,3,22.55,4154,963
10517,1,44.74,4154,959
10518,3,76.98,4154,958
10519,5,75.61,4154,961
10520,4,52.03,4155,955
10521,3,21.77,4155,962
10522,2,19.55,4156,955
10523,3,32.61,4156,955
10524,5,52.6,4156,959
10525,3,50.84,4156,956
10526,3,6.11,4157,961
10527,3,69.06,4157,961
10528,5,68.5,4158,960
10529,4,46.69,4159,958
10530,5,9.51,4159,959
10531,2,27.4,4160,957
10532,5,11.73,4161,957
10533,2,21.59,4162,958
10534,2,8.29,4162,956
10535,5,5.84,4162,961
10536,5,10.51,4163,958
10537,2,2.58,4163,963
10538,2,40.28,4164,955
10539,2,26.08,4164,958
10540,3,34.51,4165,961
10541,5,32.63,4165,963
10542,1,5.87,4166,960
10543,4,66.91,4167,955
10544,1,68.55,4167,959
10545,2,55.4,4167,960
10546,5,77.4,4168,959
10547,5,74.26,4168,956
10548,3,70.63,4168,963
10549,1,29.11,4168,956
10550,3,10.62,4169,956
10551,1,2.29,4169,961
10552,3,34.37,4169,957
10553,3,68.82,4170,960
10554,3,20.33,4170,961
10555,2,40.81,4170,962
10556,2,53.69,4171,959
10557,4,16.12,4172,961
10558,5,52.55,4173,956
10559,5,75.36,4174,960
10560,2,17.66,4174,960
10561,1,51.14,4174,956
10562,4,71.94,4175,957
10563,4,78.29,4176,958
10564,4,15.32,4176,957
10565,2,62.05,4176,956
10566,5,14.52,4177,957
10567,3,42.73,4177,960
10568,5,79.15,4177,959
10569,2,11.37,4177,960
10570,3,36.86,4178,955
10571,4,17.23,4178,962
10572,2,46.83,4178,961
10573,1,60.18,4178,960
10574,4,11.73,4179,958
10575,5,4.93,4180,960
10576,3,10.15,4181,957
10577,5,76.74,4181,958
10578,1,54.33,4182,955
10579,4,21.65,4182,956
10580,3,25.86,4182,958
10581,2,40.4,4182,960
10582,5,9.46,4183,961
10583,1,31.61,4183,959
10584,1,29.35,4183,962
10585,2,16.65,4183,961
10586,2,22.84,4184,962
10587,4,52.1,4185,959
10588,3,9.93,4185,960
10589,1,23.82,4185,960
10590,2,48.39,4186,967
10591,1,67.9,4186,964
10592,5,22.06,4186,964
10593,4,66.57,4186,966
10594,1,66.21,4187,964
10595,4,74.39,4187,966
10596,2,3.71,4188,964
10597,5,49.94,4189,964
10598,2,40.45,4190,967
10599,2,14.97,4191,967
10600,2,66.95,4191,966
10601,1,22.41,4191,965
10602,2,73.51,4191,967
10603,2,29.82,4192,966
10604,2,14.82,4192,966
10605,3,48.0,4192,964
10606,3,69.17,4192,967
10607,2,54.81,4193,966
10608,1,51.41,4194,964
10609,1,49.58,4194,967
10610,2,38.43,4194,964
10611,3,9.0,4194,965
10612,5,49.96,4195,964
10613,2,56.45,4196,966
10614,2,44.12,4197,965
10615,2,16.77,4197,966
10616,2,30.08,4197,967
10617,5,73.23,4197,965
10618,3,70.33,4198,965
10619,2,27.43,4198,967
10620,3,69.64,4198,966
10621,3,33.06,4199,966
10622,1,14.67,4199,966
10623,4,17.74,4199,965
10624,4,40.26,4199,967
10625,1,15.08,4200,964
10626,3,63.31,4201,966
10627,2,7.75,4201,966
10628,5,18.73,4201,966
10629,3,54.72,4201,966
10630,5,35.15,4202,965
10631,5,56.06,4202,966
10632,3,55.76,4203,966
10633,2,77.23,4203,966
10634,4,34.76,4204,964
10635,4,76.32,4204,965
10636,3,38.68,4204,966
10637,5,5.62,4205,964
10638,2,71.43,4206,965
10639,2,47.41,4206,966
10640,5,41.94,4207,965
10641,2,13.96,4207,966
10642,3,9.7,4207,965
10643,2,33.92,4207,965
10644,1,25.01,4208,966
10645,2,72.86,4208,964
10646,4,44.4,4209,967
10647,4,44.94,4209,964
10648,1,54.96,4209,966
10649,5,9.83,4209,965
10650,4,16.83,4210,966
10651,3,34.33,4210,964
10652,1,4.74,4211,966
10653,4,8.46,4211,967
10654,3,24.88,4212,966
10655,2,51.14,4213,964
10656,2,70.55,4213,966
10657,4,24.17,4213,965
10658,1,50.56,4213,967
10659,4,56.28,4214,967
10660,5,76.15,4215,964
10661,5,24.65,4215,967
10662,5,56.28,4216,964
10663,1,40.57,4217,966
10664,5,61.32,4217,965
10665,4,18.44,4217,965
10666,4,77.1,4218,967
10667,5,30.78,4218,966
10668,2,7.43,4218,967
10669,2,73.27,4218,964
10670,3,56.66,4219,966
10671,2,8.1,4220,970
10672,3,36.24,4220,968
10673,1,74.72,4220,968
10674,1,45.46,4221,972
10675,5,61.54,4221,972
10676,4,49.57,4221,972
10677,2,79.12,4221,972
10678,1,22.42,4222,970
10679,3,15.03,4222,968
10680,1,61.01,4223,972
10681,1,45.02,4223,970
10682,1,24.76,4224,970
10683,1,45.55,4224,968
10684,1,56.91,4224,970
10685,2,63.12,4225,970
10686,1,71.34,4225,969
10687,4,25.65,4225,969
10688,3,55.98,4225,969
10689,1,68.09,4226,969
10690,3,4.04,4226,968
10691,4,24.09,4226,970
10692,2,30.66,4226,969
10693,4,63.89,4227,971
10694,5,68.78,4227,968
10695,4,32.4,4228,970
10696,2,62.79,4228,972
10697,1,49.22,4228,971
10698,5,57.06,4229,972
10699,4,54.58,4229,970
10700,1,66.82,4229,970
10701,5,8.04,4229,971
10702,2,54.32,4230,970
10703,5,32.36,4231,970
10704,5,37.94,4232,970
10705,2,38.44,4232,971
10706,2,4.77,4232,968
10707,2,28.26,4233,971
10708,5,73.19,4233,971
10709,2,74.07,4234,969
10710,5,19.69,4235,970
10711,5,60.54,4235,970
10712,2,13.0,4235,971
10713,2,8.78,4235,970
10714,5,11.16,4236,968
10715,3,66.03,4236,970
10716,2,68.99,4236,971
10717,2,27.64,4237,970
10718,3,15.16,4237,972
10719,2,18.58,4237,970
10720,2,66.8,4237,972
10721,3,48.49,4238,971
10722,3,77.93,4238,971
10723,5,40.7,4239,971
10724,2,74.51,4240,968
10725,3,23.91,4240,969
10726,3,3.13,4241,971
10727,2,13.06,4241,968
10728,2,52.76,4241,972
10729,1,21.71,4241,968
10730,2,66.05,4242,971
10731,3,15.04,4242,969
10732,1,16.62,4242,971
10733,3,55.37,4242,970
10734,5,76.59,4243,971
10735,3,32.41,4243,969
10736,4,48.48,4243,971
10737,2,2.37,4243,968
10738,1,66.73,4244,968
10739,2,52.0,4244,971
10740,1,25.14,4245,972
10741,3,50.6,4245,972
10742,3,11.33,4245,971
10743,3,34.95,4245,968
10744,2,33.07,4246,971
10745,5,70.69,4246,969
10746,5,37.76,4246,970
10747,5,73.26,4247,971
10748,2,59.07,4248,971
10749,5,48.73,4248,972
10750,1,65.49,4249,969
10751,3,59.4,4249,971
10752,4,18.58,4250,969
10753,2,70.11,4250,970
10754,5,50.84,4251,968
10755,4,13.89,4251,969
10756,2,19.5,4252,972
10757,5,54.71,4252,968
10758,4,73.71,4253,969
10759,5,66.25,4253,971
10760,5,14.27,4253,972
10761,4,32.42,4253,971
10762,2,12.16,4254,971
10763,4,27.66,4254,970
10764,3,55.53,4254,972
10765,2,65.97,4255,971
10766,5,7.04,4255,972
10767,3,65.14,4255,972
10768,1,47.83,4255,971
10769,1,18.26,4256,968
10770,1,47.18,4257,972
10771,1,60.87,4257,968
10772,4,48.09,4257,969
10773,3,46.57,4258,970
10774,1,69.7,4258,970
10775,2,68.06,4258,969
10776,4,9.55,4258,972
10777,3,61.45,4259,968
10778,4,8.74,4259,971
10779,5,18.62,4259,971
10780,1,75.67,4260,971
10781,2,12.35,4260,972
10782,1,17.27,4260,968
10783,1,4.94,4261,971
10784,4,74.32,4261,969
10785,4,68.54,4261,970
10786,5,29.29,4262,971
10787,2,26.56,4262,972
10788,4,34.02,4263,972
10789,3,64.86,4263,968
10790,2,15.31,4263,972
10791,5,52.61,4264,970
10792,5,62.24,4264,970
10793,1,9.31,4265,971
10794,2,71.42,4266,972
10795,4,41.73,4266,972
10796,5,3.15,4266,970
10797,3,35.45,4267,968
10798,4,40.62,4267,971
10799,4,43.24,4268,972
10800,5,23.42,4268,971
10801,5,19.9,4269,971
10802,4,60.28,4269,970
10803,5,4.39,4270,972
10804,3,67.41,4271,969
10805,3,61.3,4272,970
10806,5,34.19,4273,970
10807,5,74.7,4273,968
10808,1,74.52,4273,972
10809,1,6.77,4274,968
10810,5,30.39,4274,968
10811,2,51.11,4274,969
10812,4,2.32,4275,968
10813,1,74.63,4276,975
10814,4,11.87,4276,974
10815,5,32.67,4277,973
10816,2,62.9,4277,974
10817,3,6.35,4277,974
10818,4,13.09,4277,974
10819,5,33.97,4278,973
10820,4,13.91,4278,975
10821,5,54.81,4279,974
10822,1,39.21,4279,975
10823,2,69.41,4279,973
10824,4,79.12,4280,975
10825,4,20.94,4280,974
10826,2,9.79,4280,975
10827,3,63.36,4280,975
10828,1,64.92,4281,974
10829,4,5.07,4281,974
10830,4,8.89,4281,973
10831,3,9.87,4282,974
10832,3,32.81,4282,974
10833,4,9.42,4282,974
10834,1,77.75,4282,973
10835,3,50.83,4283,975
10836,5,65.05,4284,974
10837,2,30.2,4284,974
10838,2,28.93,4284,974
10839,1,29.26,4284,975
10840,5,5.68,4285,975
10841,4,7.12,4285,974
10842,5,59.75,4285,973
10843,2,48.23,4286,975
10844,4,44.13,4286,973
10845,1,57.53,4287,973
10846,5,3.07,4288,973
10847,3,45.22,4289,975
10848,5,53.59,4289,973
10849,1,71.55,4289,973
10850,3,35.75,4289,975
10851,1,54.46,4290,975
10852,1,49.63,4290,975
10853,1,13.16,4290,974
10854,5,45.96,4290,974
10855,5,61.67,4291,975
10856,4,12.38,4292,975
10857,4,8.2,4292,975
10858,1,37.52,4293,975
10859,4,26.83,4293,975
10860,4,57.84,4293,975
10861,5,57.12,4293,975
10862,3,57.17,4294,975
10863,5,38.05,4294,975
10864,5,58.85,4294,975
10865,2,64.0,4295,974
10866,1,30.21,4295,975
10867,4,28.35,4295,974
10868,5,8.27,4296,975
10869,5,43.56,4296,974
10870,4,42.29,4296,975
10871,5,17.67,4297,974
10872,3,70.3,4298,973
10873,2,45.06,4299,975
10874,2,44.57,4299,973
10875,3,3.3,4299,974
10876,3,67.57,4300,973
10877,2,34.02,4300,973
10878,2,25.85,4301,974
10879,2,67.14,4302,975
10880,1,69.49,4302,975
10881,4,37.92,4303,975
10882,5,50.39,4304,975
10883,1,38.3,4305,980
10884,5,31.03,4305,976
10885,1,18.8,4305,978
10886,4,58.87,4305,977
10887,5,4.63,4306,980
10888,3,3.82,4307,976
10889,3,25.23,4307,976
10890,3,35.26,4307,979
10891,4,31.09,4308,977
10892,2,3.7,4308,976
10893,5,56.64,4309,978
10894,2,37.84,4309,976
10895,4,16.41,4310,977
10896,2,19.74,4311,979
10897,4,73.49,4311,979
10898,5,27.36,4312,977
10899,3,11.11,4312,978
10900,5,24.07,4312,979
10901,5,49.14,4312,980
10902,4,63.87,4313,980
10903,3,54.79,4313,979
10904,5,30.99,4313,978
10905,5,20.88,4314,979
10906,5,55.15,4314,980
10907,5,76.31,4314,976
10908,4,28.98,4314,977
10909,5,38.42,4315,980
10910,4,36.42,4316,979
10911,4,62.65,4316,980
10912,4,53.4,4316,976
10913,1,17.07,4316,980
10914,1,70.24,4317,980
10915,5,63.98,4317,979
10916,4,54.07,4317,978
10917,2,76.23,4317,978
10918,4,15.68,4318,976
10919,4,18.32,4318,979
10920,3,9.23,4318,979
10921,1,24.86,4319,976
10922,2,57.56,4319,977
10923,5,35.32,4320,976
10924,3,36.06,4320,979
10925,1,63.1,4320,976
10926,4,3.1,4320,978
10927,3,30.83,4321,977
10928,3,79.6,4322,978
10929,3,14.03,4322,980
10930,3,10.95,4323,980
10931,2,12.89,4323,977
10932,2,52.9,4324,980
10933,5,42.47,4325,976
10934,5,21.81,4325,978
10935,3,30.07,4325,979
10936,2,70.91,4326,976
10937,2,11.94,4326,976
10938,5,42.37,4327,978
10939,5,42.01,4327,976
10940,5,23.18,4327,980
10941,3,41.82,4328,978
10942,4,13.05,4328,976
10943,2,38.37,4328,977
10944,3,73.35,4328,979
10945,5,6.78,4329,979
10946,1,65.68,4330,977
10947,4,24.7,4330,978
10948,3,61.21,4331,979
10949,2,8.4,4331,980
10950,3,64.14,4331,976
10951,5,42.22,4332,982
10952,3,53.15,4333,983
10953,5,23.75,4334,986
10954,3,67.54,4334,987
10955,3,14.88,4334,984
10956,4,2.61,4334,989
10957,5,6.21,4335,981
10958,1,39.11,4336,985
10959,4,41.74,4336,985
10960,2,14.54,4336,988
10961,3,70.69,4336,985
10962,2,12.95,4337,984
10963,4,57.79,4338,988
10964,2,6.3,4338,986
10965,3,61.44,4339,987
10966,5,13.58,4339,985
10967,2,9.27,4339,983
10968,1,13.64,4339,986
10969,2,3.63,4340,989
10970,1,22.84,4340,983
10971,4,72.43,4341,988
10972,4,66.87,4341,983
10973,3,21.79,4341,986
10974,3,59.42,4341,988
10975,1,31.16,4342,987
10976,5,67.04,4342,984
10977,4,64.74,4343,986
10978,5,58.57,4343,987
10979,3,42.06,4344,982
10980,1,64.42,4344,981
10981,2,68.84,4344,989
10982,2,56.21,4345,988
10983,3,4.69,4345,983
10984,1,60.18,4346,983
10985,2,44.88,4346,988
10986,4,74.83,4347,985
10987,5,77.22,4347,981
10988,4,52.6,4347,986
10989,5,57.41,4347,981
10990,3,19.21,4348,984
10991,3,34.3,4348,984
10992,5,28.0,4348,981
10993,2,7.71,4348,982
10994,1,5.13,4349,983
10995,2,5.32,4350,984
10996,5,58.04,4350,987
10997,1,68.24,4351,982
10998,1,69.43,4351,985
10999,4,69.34,4351,983
11000,3,65.09,4351,986
11001,2,46.28,4352,987
11002,4,27.29,4352,987
11003,5,43.41,4352,989
11004,3,38.04,4352,987
11005,1,35.13,4353,984
11006,3,6.15,4353,985
11007,2,59.88,4354,981
11008,3,14.05,4354,985
11009,3,35.64,4355,985
11010,4,43.88,4355,987
11011,4,32.93,4355,985
11012,1,3.35,4356,981
11013,1,18.51,4356,988
11014,3,16.93,4356,989
11015,2,41.6,4357,983
11016,2,76.79,4357,983
11017,3,68.07,4357,989
11018,2,19.41,4357,987
11019,2,22.95,4358,981
11020,1,28.7,4358,982
11021,4,8.12,4359,981
11022,1,3.48,4359,986
11023,5,8.73,4359,982
11024,5,71.98,4359,983
11025,5,18.79,4360,984
11026,3,41.64,4360,982
11027,2,8.72,4361,986
11028,3,51.4,4361,989
11029,1,52.58,4361,989
11030,4,30.9,4361,986
11031,5,12.59,4362,984
11032,4,6.23,4362,989
11033,1,10.22,4363,984
11034,5,8.84,4363,989
11035,3,57.76,4363,985
11036,2,76.19,4364,985
11037,3,37.38,4364,982
11038,1,7.21,4365,987
11039,3,17.02,4365,981
11040,3,24.97,4365,988
11041,1,16.34,4365,984
11042,2,52.49,4366,988
11043,4,26.46,4366,981
11044,4,56.22,4366,985
11045,1,41.42,4366,987
11046,1,65.95,4367,989
11047,4,26.43,4368,987
11048,3,19.41,4369,984
11049,4,17.46,4369,985
11050,5,69.46,4369,983
11051,5,51.1,4369,987
11052,3,52.45,4370,989
11053,4,19.0,4370,986
11054,3,64.29,4370,987
11055,3,54.07,4370,983
11056,3,62.35,4371,989
11057,2,6.25,4371,984
11058,3,33.65,4372,984
11059,3,60.07,4372,982
11060,1,41.54,4372,986
11061,2,24.64,4372,989
11062,4,58.53,4373,983
11063,4,67.96,4373,988
11064,2,75.3,4374,989
11065,1,75.23,4374,982
11066,4,53.91,4375,982
11067,1,19.62,4375,981
11068,2,6.16,4375,988
11069,2,36.07,4375,988
11070,5,23.22,4376,989
11071,1,19.76,4377,981
11072,5,47.92,4378,985
11073,1,8.22,4378,984
11074,5,14.61,4378,986
11075,2,22.79,4379,991
11076,4,57.43,4379,992
11077,3,31.44,4379,994
11078,3,35.25,4379,994
11079,2,73.14,4380,992
11080,5,61.29,4380,992
11081,3,42.2,4381,995
11082,5,63.49,4382,991
11083,1,46.19,4383,994
11084,5,31.53,4383,990
11085,2,31.41,4383,993
11086,5,47.26,4383,993
11087,4,54.58,4384,995
11088,5,65.32,4384,993
11089,4,29.7,4384,992
11090,5,59.2,4384,992
11091,5,72.87,4385,993
11092,4,35.83,4385,991
11093,5,3.22,4385,993
11094,4,20.33,4386,991
11095,5,20.63,4386,993
11096,4,45.87,4387,993
11097,3,37.01,4387,993
11098,2,52.29,4387,994
11099,3,22.4,4387,993
11100,1,77.9,4388,991
11101,2,7.2,4388,991
11102,5,47.54,4389,995
11103,5,42.97,4389,990
11104,2,78.69,4389,995
11105,2,47.9,4389,992
11106,1,41.94,4390,994
11107,2,40.86,4390,995
11108,5,63.13,4391,990
11109,3,59.79,4392,991
11110,3,71.65,4393,993
11111,1,51.78,4393,992
11112,5,59.92,4393,993
11113,1,10.72,4393,993
11114,5,31.42,4394,992
11115,2,34.95,4394,995
11116,1,77.65,4394,992
11117,4,15.92,4395,990
11118,5,49.33,4395,991
11119,5,53.85,4395,990
11120,1,71.45,4395,991
11121,4,37.01,4396,990
11122,5,7.98,4396,993
11123,1,38.25,4396,990
11124,3,63.31,4396,995
11125,1,72.98,4397,994
11126,5,74.83,4397,990
11127,2,15.45,4397,991
11128,1,79.41,4397,994
11129,1,69.71,4398,1006
11130,1,38.95,4398,1000
11131,1,75.19,4398,1003
11132,3,73.08,4398,1000
11133,2,76.75,4399,999
11134,3,60.19,4400,997
11135,3,53.16,4400,1002
11136,2,3.83,4400,999
11137,4,17.59,4400,1004
11138,1,36.82,4401,1000
11139,1,7.02,4402,1005
11140,1,34.23,4402,999
11141,4,22.25,4402,996
11142,4,41.57,4403,997
11143,2,22.65,4403,1000
11144,3,13.68,4403,1000
11145,5,75.05,4403,1000
11146,3,73.56,4404,1005
11147,1,54.15,4404,999
11148,2,48.69,4405,1005
11149,3,51.68,4405,1002
11150,3,9.67,4405,999
11151,2,73.57,4405,997
11152,2,35.48,4406,1000
11153,1,59.16,4407,1004
11154,1,46.92,4407,998
11155,1,30.27,4407,1005
11156,1,79.52,4407,999
11157,2,65.82,4408,1002
11158,2,26.79,4408,999
11159,1,10.67,4409,1005
11160,2,57.25,4409,1005
11161,1,12.92,4409,999
11162,1,70.94,4409,1002
11163,5,18.52,4410,1006
11164,5,8.96,4411,1003
11165,4,11.54,4411,1005
11166,4,2.61,4411,1005
11167,1,9.4,4411,998
11168,5,11.58,4412,999
11169,3,18.09,4412,1001
11170,2,29.47,4412,998
11171,3,56.45,4413,1006
11172,1,62.17,4413,996
11173,5,21.79,4413,1000
11174,5,14.93,4414,1006
11175,5,43.98,4414,997
11176,5,52.74,4414,1000
11177,3,32.12,4414,998
11178,5,40.08,4415,999
11179,5,35.64,4415,1006
11180,2,13.04,4416,998
11181,2,72.68,4416,998
11182,3,14.38,4416,1002
11183,2,37.33,4416,1004
11184,3,21.61,4417,1000
11185,3,79.94,4417,1004
11186,3,22.14,4418,1000
11187,3,8.08,4419,1001
11188,4,47.73,4419,1006
11189,1,32.16,4419,1001
11190,3,25.31,4420,1009
11191,5,60.87,4420,1009
11192,5,52.86,4421,1011
11193,3,54.17,4422,1007
11194,1,57.06,4423,1008
11195,4,79.13,4424,1009
11196,5,69.54,4424,1011
11197,4,14.87,4424,1011
11198,3,47.59,4424,1008
11199,1,27.17,4425,1010
11200,5,12.41,4425,1007
11201,5,68.59,4426,1011
11202,5,42.12,4426,1008
11203,2,79.86,4426,1011
11204,2,29.8,4426,1007
11205,3,54.94,4427,1010
11206,5,8.4,4427,1007
11207,2,26.58,4428,1007
11208,3,67.33,4429,1011
11209,5,66.6,4429,1011
11210,4,63.61,4430,1008
11211,2,67.58,4430,1009
11212,4,52.06,4431,1007
11213,2,39.53,4431,1011
11214,1,40.28,4431,1009
11215,1,71.91,4431,1011
11216,5,14.61,4432,1007
11217,5,27.47,4432,1009
11218,1,62.9,4432,1008
11219,1,77.17,4433,1011
11220,1,62.78,4434,1007
11221,2,38.76,4435,1009
11222,5,54.51,4435,1007
11223,1,13.39,4435,1011
11224,5,35.23,4435,1009
11225,5,74.64,4436,1010
11226,5,73.85,4436,1010
11227,5,55.81,4437,1009
11228,5,74.0,4437,1011
11229,4,54.38,4438,1010
11230,1,5.47,4438,1007
11231,5,65.36,4438,1007
11232,3,50.68,4439,1007
11233,4,16.0,4439,1009
11234,3,27.0,4440,1011
11235,2,44.27,4441,1012
11236,4,10.57,4441,1017
11237,3,13.37,4441,1013
11238,5,22.03,4442,1013
11239,5,13.54,4442,1018
11240,3,54.37,4442,1017
11241,4,25.83,4443,1013
11242,3,19.4,4443,1015
11243,4,72.3,4443,1012
11244,1,56.6,4443,1012
11245,2,45.31,4444,1014
11246,3,67.34,4444,1015
11247,2,31.99,4444,1016
11248,5,66.2,4444,1017
11249,5,40.0,4445,1017
11250,3,70.06,4446,1018
11251,5,45.53,4446,1012
11252,2,23.04,4446,1016
11253,5,23.28,4447,1012
11254,5,70.52,4447,1012
11255,1,34.48,4447,1017
11256,2,74.89,4448,1015
11257,1,33.01,4448,1014
11258,1,36.86,4449,1012
11259,3,45.99,4449,1012
11260,1,31.29,4450,1013
11261,3,9.64,4451,1017
11262,5,14.65,4451,1012
11263,5,31.83,4451,1015
11264,4,24.57,4451,1016
11265,1,42.97,4452,1018
11266,4,59.17,4452,1017
11267,4,76.53,4453,1013
11268,2,61.98,4453,1018
11269,5,44.77,4453,1013
11270,2,15.72,4454,1013
11271,5,38.22,4454,1015
11272,1,40.26,4454,1013
11273,4,59.61,4454,1014
11274,5,44.45,4455,1013
11275,5,52.72,4455,1014
11276,4,38.14,4455,1013
11277,3,11.89,4456,1018
11278,4,35.91,4456,1012
11279,1,21.81,4456,1014
11280,3,40.76,4457,1014
11281,3,22.02,4457,1017
11282,5,25.5,4457,1019
11283,5,53.84,4457,1017
11284,1,78.94,4458,1024
11285,3,68.77,4459,1026
11286,2,52.63,4459,1025
11287,2,66.6,4459,1026
11288,5,78.14,4460,1020
11289,4,72.25,4460,1026
11290,3,16.18,4461,1023
11291,1,67.35,4461,1025
11292,4,47.96,4461,1027
11293,1,79.84,4462,1024
11294,4,19.45,4463,1020
11295,5,34.88,4463,1028
11296,4,11.34,4464,1026
11297,4,15.36,4464,1023
11298,2,69.01,4465,1025
11299,3,41.38,4465,1023
11300,2,63.85,4465,1026
11301,1,16.81,4465,1024
11302,2,17.78,4466,1022
11303,1,6.02,4466,1025
11304,4,59.27,4467,1020
11305,4,9.32,4467,1025
11306,2,20.13,4467,1021
11307,3,33.48,4467,1028
11308,3,17.08,4468,1021
11309,5,22.17,4468,1023
11310,2,31.54,4468,1022
11311,1,28.88,4468,1026
11312,4,17.14,4469,1023
11313,1,18.18,4469,1022
11314,2,9.49,4469,1028
11315,5,5.61,4469,1020
11316,3,28.22,4470,1024
11317,1,15.91,4471,1028
11318,5,16.85,4471,1023
11319,3,3.19,4471,1021
11320,3,79.52,4472,1025
11321,3,70.86,4472,1026
11322,4,74.38,4472,1026
11323,1,39.87,4473,1022
11324,3,11.53,4474,1027
11325,3,31.69,4474,1022
11326,2,79.57,4474,1020
11327,2,16.42,4474,1022
11328,3,19.78,4475,1023
11329,2,59.41,4475,1025
11330,1,65.27,4475,1027
11331,2,73.59,4475,1021
11332,4,60.65,4476,1020
11333,5,74.63,4476,1023
11334,2,5.7,4477,1021
11335,1,40.9,4477,1023
11336,1,5.13,4477,1020
11337,4,4.8,4478,1025
11338,2,52.57,4478,1020
11339,3,47.66,4478,1026
11340,1,17.62,4479,1025
11341,5,72.66,4480,1020
11342,2,28.56,4480,1023
11343,4,62.29,4481,1026
11344,4,26.53,4482,1023
11345,5,29.5,4482,1022
11346,5,46.21,4482,1024
11347,4,20.41,4482,1021
11348,3,37.38,4483,1021
11349,1,33.68,4483,1028
11350,2,14.74,4484,1034
11351,3,54.96,4484,1034
11352,5,25.69,4485,1031
11353,4,62.71,4485,1035
11354,3,25.49,4485,1031
11355,4,12.95,4486,1034
11356,5,9.26,4486,1030
11357,4,58.0,4486,1032
11358,3,20.28,4487,1033
11359,1,75.46,4488,1030
11360,2,59.2,4488,1031
11361,3,22.59,4488,1034
11362,2,71.91,4488,1034
11363,4,63.93,4489,1032
11364,5,4.06,4490,1035
11365,5,49.73,4490,1030
11366,3,33.23,4490,1032
11367,2,5.97,4490,1032
11368,5,76.24,4491,1033
11369,3,3.03,4492,1030
11370,5,41.03,4492,1033
11371,4,41.74,4493,1031
11372,4,77.6,4494,1031
11373,4,62.03,4494,1034
11374,2,54.64,4495,1034
11375,2,26.16,4495,1035
11376,5,66.6,4495,1031
11377,3,70.0,4495,1032
11378,5,49.0,4496,1031
11379,2,52.72,4496,1029
11380,3,22.25,4496,1034
11381,3,64.38,4497,1029
11382,2,53.12,4497,1030
11383,1,72.79,4497,1034
11384,1,12.0,4498,1029
11385,3,70.33,4498,1030
11386,2,13.82,4499,1029
11387,2,57.96,4499,1031
11388,1,65.97,4500,1035
11389,4,69.92,4500,1030
11390,5,14.39,4500,1030
11391,4,57.18,4500,1032
11392,4,19.27,4501,1034
11393,3,47.27,4501,1032
11394,2,30.5,4501,1035
11395,5,29.3,4501,1029
11396,2,6.04,4502,1030
11397,3,19.3,4502,1034
11398,2,35.67,4502,1031
11399,4,51.51,4503,1032
11400,3,24.66,4503,1030
11401,1,22.89,4503,1030
11402,2,11.32,4503,1033
11403,2,3.47,4504,1035
11404,3,31.25,4504,1030
11405,2,9.86,4504,1035
11406,5,67.51,4504,1035
11407,3,3.07,4505,1033
11408,2,58.73,4505,1029
11409,4,14.4,4505,1033
11410,5,51.47,4506,1033
11411,4,70.37,4506,1033
11412,2,43.36,4507,1031
11413,3,59.27,4507,1029
11414,3,15.63,4507,1030
11415,4,66.66,4508,1030
11416,3,57.03,4509,1029
11417,1,70.25,4509,1034
11418,3,6.13,4509,1034
11419,5,24.92,4509,1035
11420,5,72.96,4510,1032
11421,5,41.98,4510,1029
11422,3,62.24,4511,1029
11423,5,61.06,4512,1033
11424,3,51.37,4512,1031
11425,1,61.88,4512,1032
11426,4,65.55,4513,1035
11427,3,68.07,4513,1029
11428,3,56.45,4513,1032
11429,5,47.93,4513,1030
11430,4,51.29,4514,1033
11431,1,51.03,4514,1032
11432,4,55.79,4515,1030
11433,1,62.89,4515,1034
11434,5,26.17,4515,1035
11435,5,9.8,4515,1029
11436,2,38.45,4516,1032
11437,4,66.07,4516,1032
11438,3,9.99,4516,1031
11439,4,61.54,4517,1032
11440,5,28.8,4517,1032
11441,2,55.34,4517,1029
11442,4,25.13,4517,1032
11443,5,30.79,4518,1035
11444,3,79.26,4518,1030
11445,3,7.53,4518,1032
11446,1,35.56,4518,1032
11447,3,59.1,4519,1030
11448,2,27.32,4519,1029
11449,1,63.23,4520,1033
11450,1,23.05,4520,1029
11451,4,65.36,4521,1032
11452,5,36.02,4522,1033
11453,3,71.12,4522,1030
11454,5,6.41,4522,1034
11455,1,15.48,4522,1031
11456,1,41.7,4523,1029
11457,4,5.37,4523,1030
11458,4,42.36,4523,1035
11459,3,36.99,4523,1034
11460,2,54.79,4524,1034
11461,4,6.74,4524,1030
11462,4,50.71,4524,1029
11463,5,50.82,4525,1035
11464,1,39.74,4525,1034
11465,2,46.59,4525,1030
11466,2,63.13,4525,1035
11467,1,41.68,4526,1032
11468,2,18.23,4526,1031
11469,3,29.33,4526,1033
11470,4,75.79,4526,1035
11471,2,76.44,4527,1034
11472,3,2.15,4528,1030
11473,4,42.37,4528,1032
11474,2,53.4,4528,1033
11475,1,55.4,4529,1034
11476,3,64.99,4529,1032
11477,5,6.31,4529,1031
11478,5,15.01,4530,1034
11479,1,67.25,4530,1032
11480,1,71.88,4530,1035
11481,2,21.43,4530,1033
11482,5,38.86,4531,1029
11483,4,51.75,4531,1034
11484,2,2.37,4532,1030
11485,2,16.12,4532,1030
11486,1,11.97,4532,1033
11487,5,65.9,4533,1035
11488,2,57.92,4533,1030
11489,2,14.98,4533,1030
11490,4,68.27,4534,1033
11491,5,75.13,4535,1030
11492,2,18.74,4535,1030
11493,2,15.76,4535,1034
11494,1,5.54,4536,1034
11495,1,61.75,4536,1032
11496,2,13.44,4536,1029
11497,2,52.17,4536,1032
11498,3,66.38,4537,1040
11499,4,12.24,4537,1043
11500,1,57.72,4537,1040
11501,3,62.24,4538,1038
11502,2,53.29,4538,1043
11503,2,4.48,4538,1043
11504,3,42.18,4538,1041
11505,3,68.04,4539,1038
11506,1,60.64,4539,1036
11507,4,53.38,4539,1039
11508,1,51.85,4539,1043
11509,3,76.44,4540,1041
11510,5,42.47,4540,1043
11511,1,58.72,4540,1041
11512,4,67.56,4540,1039
11513,5,77.39,4541,1038
11514,2,43.66,4541,1040
11515,1,27.47,4541,1040
11516,4,31.63,4541,1037
11517,2,59.96,4542,1036
11518,5,64.21,4543,1041
11519,3,35.28,4544,1043
11520,2,72.04,4544,1043
11521,2,6.24,4544,1043
11522,1,6.96,4544,1043
11523,4,70.05,4545,1043
11524,2,30.73,4545,1036
11525,4,37.36,4545,1040
11526,3,22.31,4545,1036
11527,4,42.51,4546,1036
11528,2,3.42,4546,1038
11529,3,78.76,4546,1038
11530,2,54.61,4546,1036
11531,1,72.07,4547,1043
11532,1,62.79,4547,1041
11533,1,79.42,4547,1039
11534,5,75.57,4548,1036
11535,2,60.62,4548,1040
11536,2,10.53,4549,1041
11537,1,63.99,4549,1040
11538,5,72.14,4549,1037
11539,5,44.21,4549,1041
11540,5,12.39,4550,1043
11541,5,5.04,4550,1038
11542,2,70.19,4551,1037
11543,1,34.72,4551,1036
11544,3,76.2,4551,1043
11545,5,34.35,4551,1039
11546,5,32.65,4552,1044
11547,4,52.62,4552,1055
11548,5,76.02,4552,1055
11549,1,44.57,4553,1045
11550,4,62.7,4554,1046
11551,3,28.07,4554,1051
11552,5,40.56,4555,1049
11553,4,74.34,4556,1046
11554,4,55.92,4556,1049
11555,4,62.73,4557,1055
11556,2,20.83,4557,1045
11557,4,76.74,4558,1047
11558,5,14.38,4558,1051
11559,4,61.05,4558,1053
11560,4,12.28,4558,1051
11561,2,56.79,4559,1048
11562,4,73.65,4559,1049
11563,4,24.34,4559,1044
11564,5,41.31,4560,1045
11565,4,56.21,4560,1050
11566,2,49.91,4560,1053
11567,1,61.54,4560,1051
11568,5,72.98,4561,1045
11569,5,20.44,4562,1045
11570,5,66.88,4562,1046
11571,4,17.86,4562,1054
11572,3,7.51,4562,1052
11573,3,6.41,4563,1052
11574,1,50.71,4563,1047
11575,3,70.14,4564,1048
11576,3,58.66,4564,1048
11577,3,73.15,4564,1046
11578,4,73.93,4565,1045
11579,4,26.32,4565,1050
11580,4,45.53,4565,1051
11581,5,62.12,4565,1055
11582,1,19.06,4566,1050
11583,5,77.95,4566,1046
11584,2,37.31,4566,1045
11585,5,12.21,4566,1055
11586,5,4.27,4567,1045
11587,2,41.02,4567,1045
11588,2,75.82,4567,1046
11589,4,18.95,4567,1055
11590,1,15.49,4568,1050
11591,5,17.58,4569,1049
11592,2,64.21,4570,1046
11593,5,21.82,4570,1055
11594,1,69.62,4570,1049
11595,2,6.55,4570,1048
11596,5,14.22,4571,1054
11597,4,35.62,4572,1054
11598,4,42.02,4572,1044
11599,2,77.78,4572,1051
11600,2,48.55,4572,1048
11601,3,8.27,4573,1051
11602,4,71.15,4573,1054
11603,5,75.77,4573,1048
11604,5,10.76,4573,1055
11605,5,24.66,4574,1049
11606,5,60.45,4575,1049
11607,2,63.57,4575,1049
11608,1,72.72,4575,1048
11609,5,68.1,4576,1055
11610,3,6.25,4576,1045
11611,1,67.18,4576,1049
11612,2,12.86,4577,1049
11613,4,63.26,4577,1054
11614,3,5.69,4577,1046
11615,3,50.13,4577,1055
11616,3,22.99,4578,1048
11617,5,65.11,4578,1049
11618,5,12.34,4579,1048
11619,4,38.61,4579,1051
11620,2,20.54,4579,1050
11621,3,71.73,4580,1050
11622,2,44.39,4580,1050
11623,4,16.12,4580,1051
11624,5,73.92,4580,1044
11625,2,15.25,4581,1055
11626,1,40.96,4581,1048
11627,5,3.17,4581,1050
11628,1,24.29,4581,1054
11629,5,8.23,4582,1053
11630,3,31.82,4582,1044
11631,3,46.51,4583,1046
11632,2,67.32,4584,1047
11633,3,72.41,4584,1045
11634,5,59.35,4585,1049
11635,5,21.75,4585,1044
11636,3,49.29,4586,1057
11637,4,14.52,4586,1057
11638,1,44.21,4586,1060
11639,3,32.97,4586,1066
11640,1,61.78,4587,1062
11641,3,5.91,4587,1064
11642,5,49.22,4587,1061
11643,3,41.44,4587,1061
11644,5,74.78,4588,1057
11645,4,57.48,4588,1064
11646,1,50.66,4588,1061
11647,1,10.18,4588,1064
11648,4,17.14,4589,1058
11649,1,39.03,4589,1063
11650,5,61.65,4589,1060
11651,1,32.95,4590,1064
11652,3,59.54,4590,1064
11653,5,54.25,4590,1060
11654,5,63.73,4590,1062
11655,4,57.07,4591,1060
11656,1,77.98,4591,1057
11657,4,6.0,4592,1057
11658,3,65.7,4592,1062
11659,2,32.4,4592,1065
11660,5,43.95,4592,1064
11661,1,5.52,4593,1061
11662,3,33.05,4593,1057
11663,4,78.09,4594,1062
11664,4,28.11,4595,1064
11665,2,42.19,4595,1059
11666,5,21.42,4596,1058
11667,3,68.37,4596,1064
11668,3,74.62,4596,1066
11669,4,35.51,4597,1061
11670,1,46.26,4598,1056
11671,1,3.53,4599,1058
11672,5,3.02,4600,1064
11673,4,64.1,4600,1060
11674,5,73.68,4600,1065
11675,1,32.54,4600,1058
11676,1,13.52,4601,1065
11677,3,74.84,4601,1058
11678,3,6.87,4601,1057
11679,3,17.82,4602,1061
11680,5,78.46,4602,1058
11681,4,72.83,4603,1062
11682,2,24.51,4603,1065
11683,2,18.58,4603,1056
11684,1,65.97,4603,1056
11685,4,60.85,4604,1060
11686,3,32.91,4604,1064
11687,2,25.09,4604,1064
11688,4,22.7,4604,1057
11689,1,74.43,4605,1059
11690,2,10.99,4605,1061
11691,2,10.04,4606,1063
11692,3,7.58,4606,1056
11693,2,37.3,4606,1057
11694,3,10.3,4606,1060
11695,2,49.54,4607,1063
11696,2,76.36,4607,1058
11697,5,75.23,4608,1062
11698,2,71.19,4608,1061
11699,3,53.13,4608,1056
11700,3,74.1,4609,1065
11701,5,30.5,4610,1056
11702,1,62.35,4610,1062
11703,3,23.18,4610,1063
11704,3,54.88,4611,1065
11705,5,9.82,4611,1061
11706,2,62.11,4611,1057
11707,5,44.53,4612,1063
11708,1,51.26,4612,1057
11709,3,75.51,4613,1057
11710,1,24.33,4614,1064
11711,1,43.05,4615,1064
11712,4,75.4,4616,1064
11713,4,65.4,4616,1058
11714,2,50.15,4616,1066
11715,1,3.38,4617,1062
11716,4,18.76,4617,1058
11717,5,18.89,4617,1066
11718,4,60.82,4617,1056
11719,2,57.76,4618,1061
11720,5,77.13,4618,1059
11721,5,51.35,4618,1065
11722,3,8.44,4618,1061
11723,1,25.88,4619,1059
11724,2,70.46,4620,1061
11725,3,18.64,4620,1058
11726,4,67.72,4620,1060
11727,2,45.56,4620,1058
11728,1,35.2,4621,1059
11729,3,43.3,4621,1063
11730,2,72.31,4621,1066
11731,3,35.08,4622,1061
11732,1,21.42,4622,1056
11733,5,78.27,4622,1060
11734,1,44.23,4622,1058
11735,1,55.99,4623,1056
11736,3,61.55,4624,1065
11737,3,5.2,4625,1065
11738,4,56.36,4625,1056
11739,3,27.53,4626,1066
11740,3,14.13,4626,1061
11741,2,68.26,4626,1063
11742,4,42.76,4626,1063
11743,3,77.57,4627,1065
11744,2,40.55,4627,1061
11745,1,8.74,4627,1059
11746,4,26.35,4628,1060
11747,2,68.93,4628,1058
11748,1,35.1,4628,1056
11749,5,76.95,4628,1061
11750,5,44.71,4629,1057
11751,3,16.17,4629,1056
11752,2,53.83,4629,1063
11753,3,5.96,4630,1065
11754,2,42.35,4630,1059
11755,3,17.92,4631,1063
11756,2,51.27,4631,1063
11757,4,52.71,4631,1059
11758,5,29.77,4632,1058
11759,4,70.83,4632,1062
11760,3,25.4,4632,1066
11761,5,46.46,4633,1059
11762,1,51.94,4633,1063
11763,5,74.29,4633,1064
11764,2,75.67,4634,1064
11765,2,33.84,4634,1063
11766,4,10.93,4634,1056
11767,3,75.92,4635,1061
11768,5,50.8,4636,1057
11769,5,42.65,4636,1065
11770,4,71.07,4636,1057
11771,1,59.25,4637,1063
11772,2,48.23,4637,1056
11773,1,58.88,4637,1062
11774,5,18.68,4637,1057
11775,3,51.84,4638,1067
11776,3,22.72,4639,1069
11777,5,65.94,4640,1069
11778,2,40.73,4641,1067
11779,1,75.38,4641,1070
11780,5,66.88,4642,1067
11781,2,20.73,4642,1067
11782,2,69.13,4642,1071
11783,2,79.53,4643,1067
11784,4,12.74,4643,1067
11785,1,52.39,4643,1069
11786,1,42.95,4644,1070
11787,5,43.91,4645,1071
11788,3,73.92,4646,1069
11789,5,16.79,4646,1071
11790,1,19.34,4646,1067
11791,5,47.25,4647,1068
11792,3,23.71,4648,1067
11793,1,52.68,4649,1070
11794,2,51.14,4649,1069
11795,2,33.9,4649,1067
11796,2,8.88,4649,1069
11797,4,66.79,4650,1067
11798,5,23.61,4651,1071
11799,3,6.23,4651,1068
11800,2,36.59,4651,1070
11801,4,61.09,4652,1070
11802,3,21.85,4653,1069
11803,3,71.33,4653,1067
11804,3,51.97,4654,1067
11805,1,68.36,4654,1071
11806,2,3.16,4654,1068
11807,3,25.03,4654,1070
11808,3,79.81,4655,1068
11809,2,37.9,4655,1068
11810,3,18.44,4655,1069
11811,5,68.55,4655,1068
11812,2,14.58,4656,1069
11813,2,28.26,4656,1068
11814,4,51.9,4657,1067
11815,2,19.94,4657,1069
11816,4,70.2,4657,1068
11817,4,58.81,4658,1068
11818,2,16.23,4658,1067
11819,2,78.35,4658,1067
11820,1,59.25,4658,1067
11821,2,45.14,4659,1074
11822,2,30.0,4659,1072
11823,1,11.77,4659,1074
11824,4,20.71,4659,1073
11825,4,69.97,4660,1076
11826,4,59.0,4660,1074
11827,1,67.49,4661,1077
11828,3,24.91,4661,1074
11829,3,21.32,4661,1073
11830,5,26.31,4662,1073
11831,5,18.3,4662,1076
11832,5,42.98,4662,1075
11833,3,16.41,4663,1076
11834,1,49.05,4663,1072
11835,5,63.9,4664,1075
11836,1,60.98,4664,1077
11837,3,54.02,4664,1072
11838,1,75.6,4665,1075
11839,3,52.15,4665,1075
11840,4,29.56,4665,1073
11841,5,71.52,4666,1075
11842,3,64.67,4666,1074
11843,1,17.62,4666,1073
11844,2,25.55,4667,1076
11845,3,34.91,4667,1074
11846,2,67.98,4668,1076
11847,3,39.98,4668,1072
11848,4,8.53,4669,1074
11849,5,73.4,4669,1077
11850,2,19.95,4669,1074
11851,5,59.09,4670,1078
11852,2,41.72,4670,1073
11853,3,54.44,4670,1078
11854,5,9.87,4670,1074
11855,2,49.82,4671,1076
11856,2,8.56,4671,1077
11857,1,56.74,4671,1077
11858,5,78.98,4672,1087
11859,4,17.55,4672,1079
11860,4,6.94,4672,1080
11861,1,33.51,4672,1083
11862,4,60.73,4673,1086
11863,1,41.34,4673,1086
11864,3,76.28,4674,1079
11865,3,60.62,4674,1080
11866,5,7.04,4674,1088
11867,5,25.34,4674,1088
11868,3,15.16,4675,1080
11869,3,12.22,4675,1086
11870,3,4.22,4675,1084
11871,1,78.86,4675,1081
11872,5,10.99,4676,1082
11873,5,46.19,4677,1080
11874,3,33.36,4678,1080
11875,2,44.28,4678,1084
11876,2,9.82,4679,1084
11877,1,41.94,4679,1079
11878,5,35.92,4679,1086
11879,1,22.95,4679,1081
11880,3,23.74,4680,1079
11881,4,23.13,4680,1087
11882,5,41.21,4681,1086
11883,4,75.94,4681,1080
11884,5,58.01,4681,1085
11885,1,13.59,4682,1083
11886,5,31.61,4682,1084
11887,4,13.4,4683,1081
11888,4,8.95,4684,1082
11889,5,64.04,4684,1087
11890,2,67.32,4685,1087
11891,3,40.8,4685,1084
11892,3,41.29,4685,1079
11893,1,46.36,4685,1083
11894,5,21.1,4686,1087
11895,3,33.58,4686,1079
11896,1,35.9,4686,1085
11897,5,49.06,4687,1082
11898,2,25.94,4687,1086
11899,3,64.31,4687,1088
11900,2,5.21,4687,1085
11901,2,63.2,4688,1085
11902,2,69.66,4689,1082
11903,4,43.73,4689,1086
11904,5,2.67,4689,1082
11905,5,70.66,4690,1079
11906,4,24.22,4690,1085
11907,1,55.84,4690,1079
11908,4,26.77,4691,1085
11909,2,55.85,4691,1082
11910,4,17.21,4691,1087
11911,2,70.99,4692,1082
11912,1,72.61,4692,1081
11913,1,25.57,4693,1087
11914,4,45.9,4693,1082
11915,3,62.22,4694,1088
11916,2,59.73,4694,1086
11917,5,66.97,4695,1088
11918,2,50.29,4695,1079
11919,3,70.9,4696,1083
11920,1,53.64,4696,1084
11921,1,74.07,4696,1086
11922,2,49.11,4697,1087
11923,5,67.53,4698,1095
11924,5,19.49,4698,1092
11925,2,73.59,4699,1096
11926,2,75.66,4699,1095
11927,1,49.25,4700,1094
11928,4,8.8,4700,1094
11929,5,10.4,4700,1090
11930,1,2.91,4700,1093
11931,1,59.91,4701,1096
11932,5,47.19,4701,1094
11933,1,7.01,4702,1089
11934,5,48.74,4702,1097
11935,2,53.0,4703,1096
11936,3,79.73,4703,1096
11937,3,11.64,4704,1097
11938,5,17.87,4704,1093
11939,3,13.81,4704,1092
11940,1,64.98,4705,1097
11941,3,44.82,4705,1096
11942,4,5.38,4705,1092
11943,3,36.26,4706,1090
11944,5,36.68,4707,1091
11945,2,77.61,4707,1090
11946,2,29.16,4708,1094
11947,5,55.58,4708,1092
11948,1,6.37,4708,1095
11949,5,38.55,4709,1096
11950,4,51.43,4710,1096
11951,2,45.91,4710,1095
11952,2,58.46,4710,1089
11953,3,15.27,4710,1096
11954,3,6.94,4711,1089
11955,2,5.69,4712,1094
11956,1,11.03,4712,1095
11957,5,42.08,4713,1089
11958,3,49.49,4713,1095
11959,3,67.76,4714,1097
11960,4,60.36,4715,1089
11961,2,67.5,4716,1097
11962,4,45.59,4716,1096
11963,3,74.43,4716,1095
11964,2,14.56,4716,1097
11965,3,45.06,4717,1089
11966,2,55.3,4717,1090
11967,1,13.07,4718,1092
11968,4,15.57,4719,1093
11969,2,41.59,4720,1095
11970,1,22.58,4720,1095
11971,2,65.07,4721,1093
11972,5,72.98,4721,1097
11973,5,13.8,4721,1093
11974,4,50.84,4722,1092
11975,2,79.18,4722,1089
11976,3,65.7,4722,1092
11977,5,11.23,4723,1097
11978,2,48.98,4724,1094
11979,5,53.76,4724,1093
11980,5,6.91,4724,1093
11981,2,36.57,4724,1092
11982,5,31.72,4725,1094
11983,3,33.43,4725,1097
11984,1,51.8,4726,1089
11985,3,16.82,4726,1093
11986,1,18.56,4727,1091
11987,3,32.9,4727,1090
11988,5,16.73,4727,1094
11989,2,5.48,4728,1093
11990,3,3.42,4729,1096
11991,4,63.48,4729,1095
11992,1,68.65,4730,1096
11993,2,26.1,4730,1095
11994,2,68.28,4731,1096
11995,3,17.76,4731,1096
11996,2,21.92,4732,1089
11997,1,4.57,4732,1094
11998,5,19.78,4733,1089
11999,1,78.14,4734,1097
12000,5,40.3,4734,1096
12001,5,58.36,4734,1091
12002,4,26.24,4735,1098
12003,3,47.66,4735,1102
12004,3,70.28,4736,1101
12005,4,52.7,4736,1099
12006,1,28.98,4737,1098
12007,3,59.78,4737,1101
12008,2,2.87,4738,1099
12009,3,50.63,4738,1102
12010,3,24.71,4739,1099
12011,4,72.71,4739,1099
12012,1,78.02,4739,1103
12013,1,13.14,4739,1098
12014,1,19.32,4740,1098
12015,3,78.0,4741,1101
12016,5,63.83,4741,1099
12017,1,68.45,4741,1099
12018,2,75.25,4742,1100
12019,2,25.49,4742,1100
12020,4,77.85,4742,1100
12021,5,51.55,4743,1102
12022,1,74.09,4743,1098
12023,5,43.76,4744,1098
12024,4,19.61,4744,1099
12025,4,11.52,4744,1101
12026,4,65.55,4745,1101
12027,2,61.35,4745,1103
12028,5,36.62,4745,1098
12029,2,60.66,4746,1101
12030,1,26.35,4746,1100
12031,1,14.48,4747,1100
12032,3,44.87,4747,1102
12033,2,22.46,4747,1102
12034,1,4.27,4748,1098
12035,5,29.63,4748,1100
12036,3,20.38,4749,1102
12037,5,5.6,4750,1102
12038,3,53.22,4750,1101
12039,1,43.66,4750,1103
12040,3,61.25,4751,1101
12041,2,70.92,4751,1103
12042,3,22.33,4752,1099
12043,2,38.82,4752,1099
12044,2,24.68,4753,1102
12045,1,72.31,4753,1098
12046,3,38.14,4753,1101
12047,1,79.58,4753,1098
12048,5,67.63,4754,1101
12049,3,12.66,4754,1103
12050,5,61.08,4755,1099
12051,3,31.1,4756,1100
12052,5,52.73,4756,1102
12053,2,79.67,4756,1098
12054,4,35.5,4756,1099
12055,3,60.95,4757,1099
12056,4,10.75,4757,1098
12057,1,49.41,4758,1100
12058,2,13.64,4759,1098
12059,1,15.82,4759,1100
12060,3,75.52,4759,1101
12061,3,39.21,4759,1103
12062,2,27.41,4760,1099
12063,1,33.2,4760,1102
12064,2,25.24,4760,1099
12065,5,48.19,4760,1100
12066,3,39.09,4761,1102
12067,2,30.38,4761,1102
12068,3,69.69,4761,1099
12069,1,59.87,4761,1100
12070,4,67.93,4762,1102
12071,5,49.04,4762,1103
12072,2,74.52,4762,1103
12073,4,6.8,4762,1099
12074,2,16.54,4763,1099
12075,1,56.75,4763,1103
12076,4,52.64,4763,1101
12077,3,48.0,4763,1098
12078,1,61.91,4764,1100
12079,2,71.56,4764,1101
12080,2,37.9,4765,1099
12081,3,21.09,4765,1101
12082,1,60.76,4765,1099
12083,1,5.01,4765,1101
12084,4,41.01,4766,1099
12085,1,10.46,4767,1101
12086,5,72.03,4767,1098
12087,4,19.15,4768,1103
12088,1,74.44,4768,1100
12089,5,38.06,4768,1100
12090,3,62.9,4768,1101
12091,5,54.76,4769,1101
12092,5,14.77,4769,1099
12093,4,62.5,4769,1103
12094,1,32.26,4769,1101
12095,5,32.71,4770,1101
12096,2,52.5,4770,1101
12097,5,31.26,4771,1099
12098,3,11.99,4771,1099
12099,3,2.71,4772,1102
12100,5,46.75,4773,1098
12101,1,37.84,4773,1099
12102,5,2.94,4774,1101
12103,4,68.5,4774,1102
12104,5,58.65,4774,1102
12105,4,11.64,4774,1102
12106,4,22.36,4775,1099
12107,5,51.98,4775,1099
12108,5,4.04,4775,1099
12109,2,55.0,4775,1100
12110,3,9.21,4776,1103
12111,3,45.8,4776,1101
12112,4,79.44,4776,1101
12113,3,77.93,4776,1098
12114,2,60.82,4777,1099
12115,2,78.88,4777,1103
12116,2,62.4,4778,1102
12117,4,36.66,4779,1100
12118,2,36.65,4779,1100
12119,5,45.12,4779,1100
12120,3,38.54,4780,1098
12121,5,12.41,4780,1100
12122,4,55.65,4780,1099
12123,4,10.64,4781,1102
12124,1,56.73,4781,1101
12125,5,5.39,4781,1099
12126,4,46.39,4782,1101
12127,1,52.57,4783,1099
12128,5,15.01,4784,1099
12129,3,26.93,4784,1099
12130,3,53.06,4785,1101
12131,2,51.4,4785,1098
12132,2,59.78,4785,1098
12133,5,21.7,4786,1098
12134,2,27.69,4787,1100
12135,1,36.68,4787,1101
12136,3,34.43,4787,1102
12137,4,13.51,4788,1108
12138,4,30.92,4788,1107
12139,3,56.01,4789,1104
12140,5,47.05,4790,1106
12141,4,5.05,4790,1109
12142,5,65.44,4790,1104
12143,2,63.48,4791,1107
12144,1,6.67,4791,1106
12145,4,21.8,4792,1108
12146,5,6.21,4792,1107
12147,2,48.71,4793,1105
12148,3,16.91,4794,1109
12149,2,58.95,4795,1106
12150,2,79.21,4795,1108
12151,4,52.03,4795,1104
12152,2,20.1,4796,1108
12153,1,69.64,4796,1106
12154,1,21.98,4796,1105
12155,2,52.93,4796,1109
12156,1,66.15,4797,1105
12157,3,44.62,4798,1105
12158,2,75.22,4798,1106
12159,5,39.9,4798,1104
12160,5,19.86,4798,1105
12161,4,38.56,4799,1107
12162,2,15.18,4799,1106
12163,1,57.25,4799,1106
12164,1,15.85,4800,1105
12165,2,11.03,4800,1108
12166,1,38.07,4801,1104
12167,2,27.55,4801,1109
12168,2,57.21,4801,1104
12169,3,72.97,4801,1108
12170,3,6.35,4802,1108
12171,4,65.18,4802,1106
12172,1,64.71,4803,1106
12173,1,48.06,4804,1105
12174,1,61.65,4804,1105
12175,2,52.57,4805,1108
12176,2,4.72,4806,1105
12177,5,37.68,4806,1106
12178,3,11.63,4806,1108
12179,5,59.06,4807,1106
12180,5,31.92,4807,1108
12181,2,38.88,4808,1107
12182,4,62.7,4809,1106
12183,4,78.19,4809,1109
12184,1,12.4,4809,1104
12185,4,49.28,4809,1106
12186,2,8.17,4810,1104
12187,3,31.82,4810,1107
12188,4,57.93,4810,1109
12189,1,79.8,4811,1105
12190,2,44.97,4812,1109
12191,3,50.88,4812,1106
12192,3,77.27,4813,1104
12193,5,27.24,4813,1106
12194,5,42.38,4813,1106
12195,2,47.2,4814,1108
12196,4,42.17,4814,1108
12197,5,47.12,4814,1106
12198,4,5.02,4815,1107
12199,3,55.01,4816,1105
12200,4,38.27,4817,1105
12201,2,17.82,4818,1116
12202,4,37.01,4818,1115
12203,2,44.18,4819,1111
12204,2,75.06,4819,1117
12205,5,51.3,4819,1113
12206,3,42.56,4820,1118
12207,5,62.96,4820,1110
12208,2,12.7,4821,1112
12209,1,8.89,4821,1115
12210,3,52.81,4821,1114
12211,4,56.45,4822,1110
12212,1,32.33,4822,1118
12213,1,70.65,4822,1117
12214,2,3.15,4823,1119
12215,3,75.33,4823,1114
12216,4,2.81,4823,1113
12217,4,15.41,4823,1114
12218,1,24.14,4824,1110
12219,1,14.34,4824,1117
12220,5,28.71,4824,1116
12221,2,33.19,4825,1114
12222,3,30.44,4825,1110
12223,1,14.2,4825,1110
12224,5,70.0,4826,1116
12225,4,36.21,4826,1116
12226,3,33.15,4826,1119
12227,5,62.18,4826,1113
12228,5,60.04,4827,1116
12229,5,67.45,4827,1113
12230,1,70.95,4827,1119
12231,1,60.98,4828,1116
12232,2,39.16,4829,1113
12233,5,62.87,4830,1111
12234,3,77.58,4830,1116
12235,3,14.3,4830,1110
12236,5,65.15,4830,1112
12237,5,35.68,4831,1114
12238,4,54.87,4831,1117
12239,2,76.03,4831,1113
12240,4,14.24,4831,1119
12241,2,19.98,4832,1114
12242,4,3.57,4833,1116
12243,5,65.42,4833,1112
12244,4,21.68,4833,1115
12245,5,29.96,4834,1118
12246,2,31.82,4834,1116
12247,5,9.39,4834,1114
12248,2,51.03,4834,1118
12249,2,26.96,4835,1116
12250,4,5.71,4836,1114
12251,1,25.19,4836,1114
12252,1,24.51,4836,1116
12253,3,31.27,4836,1116
12254,3,21.21,4837,1110
12255,4,14.5,4837,1117
12256,4,71.67,4837,1110
12257,3,62.48,4837,1113
12258,5,18.36,4838,1114
12259,4,31.35,4838,1119
12260,2,40.45,4838,1117
12261,2,25.8,4838,1112
12262,2,68.03,4839,1117
12263,4,78.06,4840,1112
12264,3,67.09,4840,1119
12265,5,7.71,4841,1114
12266,1,33.75,4841,1118
12267,1,15.85,4841,1117
12268,4,66.99,4842,1121
12269,2,27.24,4842,1124
12270,4,41.26,4842,1122
12271,5,7.59,4842,1123
12272,3,73.45,4843,1124
12273,2,51.06,4843,1125
12274,5,59.65,4843,1122
12275,1,74.53,4843,1120
12276,4,41.09,4844,1122
12277,2,73.71,4845,1125
12278,2,53.75,4845,1121
12279,4,11.79,4845,1120
12280,4,30.95,4845,1121
12281,4,55.79,4846,1121
12282,3,24.98,4846,1121
12283,3,52.68,4846,1120
12284,2,57.22,4847,1122
12285,5,74.4,4847,1121
12286,3,65.73,4847,1120
12287,3,68.28,4847,1120
12288,4,52.13,4848,1123
12289,5,14.2,4849,1122
12290,2,47.18,4849,1125
12291,5,8.65,4849,1124
12292,4,6.37,4850,1120
12293,1,34.11,4850,1125
12294,4,33.39,4850,1125
12295,5,70.53,4851,1120
12296,3,49.94,4851,1124
12297,4,45.05,4852,1122
12298,1,59.75,4853,1120
12299,3,20.82,4853,1121
12300,2,75.99,4853,1123
12301,3,24.22,4853,1121
12302,3,52.15,4854,1123
12303,4,44.69,4854,1122
12304,1,61.86,4855,1122
12305,5,78.45,4856,1122
12306,4,4.14,4857,1125
12307,1,38.74,4857,1124
12308,2,54.73,4857,1124
12309,4,68.55,4857,1122
12310,5,58.11,4858,1121
12311,4,48.69,4858,1125
12312,2,75.7,4858,1123
12313,5,63.62,4859,1124
12314,3,32.83,4859,1122
12315,2,10.24,4859,1122
12316,3,52.89,4859,1122
12317,5,35.05,4860,1122
12318,3,67.72,4860,1125
12319,1,66.37,4861,1122
12320,4,71.49,4861,1122
12321,3,75.89,4861,1125
12322,3,51.39,4862,1125
12323,3,74.52,4863,1120
12324,2,63.09,4864,1123
12325,2,48.4,4864,1120
12326,2,77.82,4865,1124
12327,4,32.67,4865,1123
12328,4,30.59,4865,1123
12329,3,78.84,4865,1123
12330,3,77.71,4866,1122
12331,1,47.31,4866,1120
12332,5,72.58,4866,1124
12333,4,62.23,4866,1122
12334,3,66.04,4867,1120
12335,4,5.89,4867,1120
12336,4,49.96,4868,1124
12337,4,74.03,4868,1121
12338,2,15.66,4869,1121
12339,4,73.95,4869,1123
12340,2,34.79,4870,1128
12341,1,60.84,4870,1126
12342,1,35.58,4870,1128
12343,3,77.28,4871,1128
12344,1,7.69,4872,1128
12345,5,18.49,4872,1128
12346,5,60.36,4872,1127
12347,3,24.83,4872,1127
12348,3,5.29,4873,1127
12349,5,27.87,4874,1126
12350,1,4.46,4874,1127
12351,5,16.22,4875,1126
12352,2,69.53,4875,1126
12353,1,62.0,4875,1127
12354,1,25.16,4876,1126
12355,1,8.47,4876,1128
12356,1,18.45,4876,1127
12357,2,7.28,4877,1127
12358,1,23.89,4877,1128
12359,4,34.59,4877,1127
12360,1,76.81,4877,1128
12361,2,11.7,4878,1127
12362,4,10.48,4878,1126
12363,1,22.69,4878,1128
12364,3,41.58,4878,1127
12365,4,54.27,4879,1127
12366,4,56.79,4880,1126
12367,2,76.83,4880,1126
12368,5,31.34,4880,1126
12369,1,12.87,4880,1126
12370,2,48.98,4881,1127
12371,4,44.95,4881,1127
12372,5,44.67,4881,1128
12373,3,32.93,4881,1128
12374,3,3.21,4882,1128
12375,4,46.18,4882,1127
12376,2,26.24,4882,1127
12377,1,54.31,4882,1127
12378,5,33.08,4883,1126
12379,5,31.13,4884,1126
12380,5,39.7,4884,1127
12381,4,28.49,4885,1128
12382,1,70.07,4886,1127
12383,1,58.89,4886,1128
12384,2,67.91,4886,1128
12385,2,74.54,4886,1126
12386,4,53.9,4887,1127
12387,1,23.14,4888,1126
12388,1,76.79,4888,1127
12389,1,61.67,4889,1127
12390,2,23.42,4890,1126
12391,5,32.39,4890,1127
12392,1,6.26,4891,1128
12393,5,29.61,4891,1128
12394,5,51.02,4891,1126
12395,3,63.74,4892,1127
12396,1,57.93,4892,1127
12397,4,74.25,4892,1126
12398,1,70.3,4893,1127
12399,4,56.68,4893,1127
12400,3,64.68,4894,1127
12401,5,11.27,4894,1126
12402,2,23.79,4895,1127
12403,1,62.83,4895,1126
12404,5,15.64,4895,1128
12405,1,45.09,4895,1126
12406,2,28.53,4896,1128
12407,2,72.68,4897,1128
12408,3,38.21,4897,1128
12409,2,35.6,4897,1128
12410,4,58.76,4898,1127
12411,4,60.18,4899,1128
12412,5,43.97,4899,1126
12413,1,58.82,4899,1126
12414,4,58.47,4900,1127
12415,4,9.2,4900,1128
12416,1,4.95,4901,1126
12417,4,14.64,4901,1126
12418,5,18.11,4901,1128
12419,3,57.34,4902,1128
12420,1,63.0,4903,1126
12421,1,54.83,4903,1128
12422,5,48.34,4903,1126
12423,2,46.29,4904,1128
12424,4,65.68,4904,1128
12425,4,74.52,4904,1126
12426,2,73.33,4904,1128
12427,4,41.34,4905,1126
12428,5,2.54,4905,1128
12429,4,65.44,4905,1128
12430,4,50.1,4905,1127
12431,5,70.97,4906,1128
12432,2,73.4,4907,1127
12433,3,21.52,4908,1128
12434,3,65.07,4908,1126
12435,5,29.97,4908,1127
12436,2,54.35,4908,1126
12437,3,73.32,4909,1126
12438,5,42.95,4909,1126
12439,1,36.61,4909,1126
12440,2,8.26,4910,1128
12441,5,35.8,4910,1128
12442,4,56.45,4910,1128
12443,3,40.95,4911,1127
12444,4,27.79,4911,1128
12445,5,11.23,4911,1127
12446,3,38.78,4912,1126
12447,1,2.9,4912,1128
12448,3,62.91,4913,1127
12449,4,47.29,4913,1126
12450,1,34.68,4913,1128
12451,1,64.91,4913,1128
12452,5,3.47,4914,1126
12453,3,66.88,4915,1126
12454,2,60.47,4915,1127
12455,4,7.09,4915,1128
12456,1,10.94,4915,1128
12457,2,22.96,4916,1127
12458,4,11.31,4916,1126
12459,1,31.85,4916,1128
12460,5,39.39,4917,1126
12461,2,27.69,4918,1128
12462,3,73.43,4918,1126
12463,2,16.88,4918,1126
12464,2,21.09,4919,1127
12465,4,46.22,4919,1127
12466,4,65.36,4920,1127
12467,4,64.14,4920,1126
12468,2,38.3,4921,1126
12469,4,58.5,4921,1127
12470,3,34.47,4921,1127
12471,2,75.66,4922,1127
12472,3,74.56,4923,1127
12473,1,34.59,4923,1128
12474,5,48.15,4923,1127
12475,4,47.39,4924,1126
12476,5,4.35,4924,1126
12477,5,44.4,4925,1126
12478,1,73.78,4925,1126
12479,4,71.12,4926,1126
12480,2,43.88,4926,1128
12481,1,33.82,4926,1126
12482,2,75.51,4927,1128
12483,5,27.94,4928,1128
12484,1,62.99,4928,1127
12485,1,41.94,4928,1127
12486,1,25.11,4928,1127
12487,5,63.24,4929,1127
12488,3,33.7,4930,1130
12489,2,34.95,4930,1134
12490,1,76.42,4930,1130
12491,4,51.19,4931,1134
12492,5,46.77,4932,1130
12493,1,65.39,4932,1131
12494,3,72.23,4933,1133
12495,1,57.24,4934,1132
12496,2,20.97,4934,1130
12497,1,48.08,4934,1132
12498,5,59.79,4934,1134
12499,3,63.71,4935,1132
12500,3,27.34,4935,1130
12501,2,21.37,4936,1129
12502,1,19.37,4936,1129
12503,3,37.59,4936,1132
12504,4,65.35,4936,1130
12505,1,72.89,4937,1134
12506,1,10.47,4938,1130
12507,5,40.61,4939,1134
12508,4,52.8,4940,1132
12509,1,40.5,4940,1134
12510,3,61.84,4940,1130
12511,4,17.22,4940,1132
12512,3,29.42,4941,1131
12513,4,59.76,4941,1130
12514,4,4.78,4942,1133
12515,4,25.94,4942,1133
12516,1,46.89,4942,1129
12517,2,31.69,4942,1133
12518,1,44.44,4943,1131
12519,5,66.35,4943,1131
12520,1,6.5,4943,1133
12521,4,45.93,4944,1131
12522,3,48.61,4944,1131
12523,4,60.06,4944,1133
12524,2,21.18,4945,1129
12525,2,15.94,4946,1129
12526,3,3.98,4946,1129
12527,3,4.0,4946,1132
12528,2,60.15,4947,1132
12529,2,21.95,4948,1130
12530,1,42.39,4948,1130
12531,3,77.27,4948,1129
12532,2,24.53,4949,1134
12533,2,76.9,4949,1130
12534,2,5.08,4949,1134
12535,4,19.62,4949,1132
12536,5,36.68,4950,1131
12537,2,27.03,4951,1131
12538,2,65.08,4951,1131
12539,5,46.5,4951,1129
12540,3,20.71,4952,1132
12541,5,61.03,4953,1134
12542,1,35.24,4953,1131
12543,1,74.42,4953,1131
12544,5,16.98,4954,1138
12545,3,56.56,4954,1135
12546,1,27.46,4954,1137
12547,1,43.28,4954,1135
12548,3,29.08,4955,1137
12549,2,77.58,4955,1138
12550,3,20.64,4955,1135
12551,5,45.12,4956,1138
12552,3,26.02,4957,1135
12553,2,37.71,4957,1137
12554,3,15.84,4958,1137
12555,4,44.43,4959,1137
12556,1,14.06,4959,1135
12557,3,32.34,4960,1138
12558,4,69.62,4961,1136
12559,3,49.07,4961,1138
12560,4,69.55,4961,1137
12561,3,40.45,4961,1136
12562,3,16.98,4962,1136
12563,2,17.05,4962,1136
12564,1,56.45,4962,1135
12565,2,44.33,4963,1138
12566,4,63.04,4964,1135
12567,5,55.92,4964,1138
12568,1,56.1,4964,1138
12569,4,75.43,4964,1137
12570,5,44.35,4965,1136
12571,5,60.2,4966,1135
12572,3,6.25,4966,1137
12573,2,79.67,4966,1136
12574,5,70.3,4967,1136
12575,5,26.69,4967,1136
12576,1,65.89,4968,1137
12577,2,69.5,4969,1135
12578,2,16.23,4969,1136
12579,1,14.67,4969,1135
12580,5,12.58,4969,1138
12581,3,55.79,4970,1137
12582,3,5.85,4970,1135
12583,5,9.17,4970,1138
12584,4,12.81,4971,1137
12585,2,34.13,4971,1138
12586,1,66.52,4971,1135
12587,1,3.24,4971,1135
12588,3,50.2,4972,1136
12589,3,53.2,4972,1138
12590,3,67.89,4972,1137
12591,4,22.74,4972,1137
12592,4,40.09,4973,1135
12593,4,28.84,4974,1136
12594,2,40.74,4974,1137
12595,2,68.15,4974,1135
12596,3,15.8,4975,1135
12597,2,37.04,4975,1138
12598,3,54.24,4976,1137
12599,4,44.44,4976,1137
12600,5,24.39,4977,1135
12601,4,77.88,4977,1136
12602,4,21.77,4977,1136
12603,4,45.45,4978,1135
12604,2,35.74,4978,1135
12605,4,7.47,4978,1138
12606,2,55.82,4979,1136
12607,4,70.63,4979,1137
12608,1,25.91,4979,1137
12609,1,48.06,4979,1136
12610,1,19.3,4980,1136
12611,3,67.61,4980,1137
12612,2,40.7,4980,1137
12613,5,36.77,4980,1136
12614,2,64.86,4981,1137
12615,4,22.35,4981,1137
12616,5,35.82,4981,1137
12617,5,11.46,4981,1135
12618,2,67.32,4982,1135
12619,5,9.28,4982,1137
12620,5,43.54,4982,1136
12621,2,13.56,4983,1137
12622,1,7.58,4983,1137
12623,3,37.07,4984,1136
12624,1,38.63,4984,1135
12625,1,65.85,4984,1135
12626,4,6.2,4985,1138
12627,2,6.42,4985,1135
12628,3,8.14,4985,1136
12629,3,55.09,4986,1137
12630,1,79.91,4986,1138
12631,2,61.1,4986,1136
12632,5,37.53,4987,1137
12633,4,43.39,4987,1137
12634,5,7.74,4987,1138
12635,4,13.31,4988,1138
12636,1,71.47,4989,1138
12637,1,25.71,4989,1138
12638,2,70.64,4989,1136
12639,2,49.37,4989,1137
12640,1,31.99,4990,1137
12641,1,44.68,4990,1135
12642,3,22.91,4990,1135
12643,5,23.31,4991,1136
12644,1,56.29,4992,1135
12645,5,38.12,4992,1138
12646,3,59.6,4992,1135
12647,2,9.85,4992,1138
12648,3,36.92,4993,1137
12649,1,35.04,4994,1137
12650,4,38.83,4994,1138
12651,4,40.4,4994,1137
12652,1,59.05,4994,1136
12653,4,49.73,4995,1135
12654,1,69.85,4995,1137
12655,3,74.82,4995,1135
12656,1,10.24,4996,1135
12657,1,31.68,4996,1138
12658,5,40.21,4996,1137
12659,5,71.84,4997,1138
12660,4,31.21,4997,1135
12661,4,46.57,4997,1137
12662,3,77.21,4998,1138
12663,5,17.32,4998,1138
12664,5,65.89,4999,1138
12665,1,5.54,4999,1138
12666,1,15.58,5000,1147
12667,4,65.07,5000,1147
12668,5,54.8,5000,1142
12669,4,32.61,5001,1139
12670,3,2.2,5001,1145
12671,2,59.52,5001,1145
12672,3,62.89,5002,1144
12673,2,36.49,5002,1141
12674,2,16.14,5003,1146
12675,2,36.27,5003,1141
12676,1,35.73,5003,1146
12677,5,40.83,5004,1139
12678,2,37.63,5004,1142
12679,4,62.47,5004,1144
12680,1,58.01,5005,1147
12681,2,45.97,5005,1147
12682,3,75.57,5006,1145
12683,5,75.08,5007,1145
12684,1,23.01,5008,1146
12685,2,47.11,5009,1146
12686,1,61.83,5009,1146
12687,2,78.8,5010,1143
12688,2,8.81,5010,1141
12689,5,46.73,5010,1141
12690,3,65.71,5011,1139
12691,5,16.38,5011,1144
12692,3,13.47,5011,1139
12693,5,42.16,5011,1140
12694,2,62.56,5012,1142
12695,1,74.73,5013,1143
12696,3,3.94,5013,1147
12697,5,30.76,5014,1147
12698,1,48.4,5014,1146
12699,3,41.49,5014,1143
12700,4,53.13,5014,1143
12701,3,14.88,5015,1144
12702,1,25.62,5015,1143
12703,4,9.3,5015,1146
12704,3,12.82,5015,1144
12705,1,77.48,5016,1145
12706,4,63.9,5016,1141
12707,3,28.91,5016,1140
12708,3,56.9,5017,1140
12709,5,10.2,5017,1145
12710,1,47.59,5018,1145
12711,1,31.38,5019,1143
12712,4,16.09,5019,1139
12713,1,64.81,5020,1141
12714,3,22.04,5020,1141
12715,5,29.87,5020,1143
12716,3,13.55,5021,1145
12717,1,57.22,5021,1146
12718,2,61.82,5021,1146
12719,2,64.69,5021,1142
12720,4,73.33,5022,1143
12721,3,74.63,5023,1144
12722,4,7.72,5023,1140
12723,4,55.02,5023,1142
12724,3,56.47,5023,1140
12725,4,53.18,5024,1140
12726,5,2.78,5025,1139
12727,2,42.37,5025,1142
12728,3,13.15,5026,1146
12729,1,34.45,5026,1143
12730,3,56.23,5027,1140
12731,4,58.5,5027,1143
12732,2,22.56,5028,1143
12733,2,51.7,5028,1144
12734,4,26.0,5028,1145
12735,1,12.88,5029,1139
12736,3,51.66,5030,1146
12737,5,23.31,5030,1146
12738,3,71.78,5030,1146
12739,3,34.65,5030,1145
12740,3,77.21,5031,1140
12741,2,25.61,5031,1147
12742,1,32.65,5031,1143
12743,1,18.58,5031,1143
12744,3,17.57,5032,1141
12745,3,58.27,5032,1143
12746,2,11.36,5032,1145
12747,3,75.66,5033,1139
12748,1,28.08,5033,1147
12749,4,30.53,5034,1143
12750,4,47.34,5034,1144
12751,4,29.57,5035,1146
12752,5,60.64,5035,1139
12753,3,37.79,5035,1147
12754,2,61.72,5035,1140
12755,5,27.89,5036,1142
12756,3,4.91,5037,1143
12757,2,77.56,5037,1141
12758,1,53.89,5037,1147
12759,3,47.68,5037,1139
12760,3,28.28,5038,1144
12761,1,49.39,5039,1146
12762,1,35.8,5039,1144
12763,3,72.92,5039,1142
12764,4,61.84,5040,1142
12765,3,17.69,5041,1142
12766,4,7.52,5041,1143
12767,1,53.04,5042,1144
12768,1,26.3,5042,1147
12769,4,45.14,5043,1141
12770,4,11.01,5043,1146
12771,2,39.3,5043,1141
12772,3,5.24,5044,1142
12773,3,27.41,5044,1145
12774,4,19.45,5044,1142
12775,2,26.2,5045,1143
12776,5,10.68,5046,1142
12777,4,77.89,5046,1140
12778,1,61.52,5047,1139
12779,1,67.49,5047,1143
12780,4,58.77,5047,1141
12781,3,74.85,5048,1144
12782,2,50.29,5048,1145
12783,1,4.17,5048,1143
12784,2,76.27,5049,1143
12785,1,69.94,5049,1144
12786,3,43.75,5050,1150
12787,3,22.35,5050,1149
12788,5,35.21,5050,1151
12789,1,12.99,5050,1150
12790,1,39.38,5051,1149
12791,1,56.79,5051,1148
12792,4,69.53,5051,1150
12793,4,35.23,5052,1151
12794,2,9.63,5052,1149
12795,2,17.93,5053,1151
12796,3,26.0,5053,1148
12797,1,54.15,5053,1149
12798,1,24.41,5053,1150
12799,5,22.25,5054,1151
12800,2,41.92,5054,1149
12801,4,30.7,5055,1151
12802,1,24.92,5055,1149
12803,5,53.3,5055,1150
12804,2,20.7,5056,1151
12805,3,69.47,5057,1150
12806,2,20.08,5057,1150
12807,5,21.33,5058,1149
12808,5,32.37,5058,1151
12809,2,50.37,5059,1149
12810,5,25.06,5059,1151
12811,1,69.08,5060,1148
12812,5,34.09,5060,1151
12813,3,47.43,5060,1151
12814,5,66.45,5060,1150
12815,3,27.13,5061,1150
12816,5,67.07,5061,1149
12817,4,40.65,5061,1150
12818,5,8.29,5061,1148
12819,4,25.2,5062,1151
12820,4,14.54,5062,1148
12821,1,59.24,5063,1148
12822,3,36.88,5063,1148
12823,5,15.79,5063,1149
12824,4,52.64,5064,1150
12825,3,73.38,5065,1149
12826,4,77.88,5065,1148
12827,3,30.16,5065,1148
12828,2,10.52,5066,1151
12829,3,76.72,5067,1149
12830,4,28.67,5067,1149
12831,4,3.84,5067,1151
12832,1,57.31,5067,1149
12833,3,3.76,5068,1149
12834,1,59.15,5068,1149
12835,5,11.35,5069,1149
12836,5,51.11,5069,1151
12837,5,53.53,5069,1148
12838,3,31.2,5070,1150
12839,1,30.55,5070,1151
12840,3,14.21,5071,1149
12841,5,14.16,5071,1151
12842,4,63.36,5071,1149
12843,3,67.68,5072,1149
12844,2,67.64,5072,1150
12845,3,58.84,5072,1151
12846,4,20.59,5073,1150
12847,2,37.56,5073,1151
12848,2,13.4,5073,1148
12849,1,50.86,5073,1151
12850,4,64.0,5074,1149
12851,2,48.44,5074,1150
12852,1,32.65,5074,1151
12853,3,64.08,5075,1151
12854,2,40.75,5075,1151
12855,1,20.47,5075,1148
12856,2,34.28,5075,1149
12857,2,32.11,5076,1151
12858,1,28.03,5077,1148
12859,5,50.89,5077,1151
12860,3,44.6,5077,1149
12861,1,36.8,5078,1151
12862,3,71.16,5078,1148
12863,1,21.18,5078,1150
12864,1,2.0,5078,1150
12865,1,67.55,5079,1150
12866,1,39.19,5079,1150
12867,5,36.7,5079,1150
12868,1,67.91,5079,1148
12869,1,64.54,5080,1151
12870,1,51.93,5080,1150
12871,2,64.39,5080,1151
12872,3,16.23,5081,1150
12873,1,63.7,5081,1151
12874,5,65.0,5081,1149
12875,2,74.12,5082,1149
12876,5,27.22,5083,1148
12877,3,64.7,5083,1149
12878,2,22.51,5083,1148
12879,5,46.05,5083,1148
12880,4,68.91,5084,1151
12881,4,65.01,5084,1148
12882,4,6.13,5085,1150
12883,3,9.45,5086,1149
12884,3,58.56,5087,1148
12885,3,19.56,5088,1153
12886,2,59.62,5088,1153
12887,1,7.2,5089,1153
12888,1,24.9,5089,1154
12889,1,12.79,5089,1154
12890,3,75.8,5090,1152
12891,4,20.71,5090,1152
12892,4,4.1,5091,1153
12893,5,22.93,5091,1153
12894,5,51.09,5091,1153
12895,4,46.27,5092,1154
12896,4,27.77,5092,1152
12897,2,77.33,5092,1152
12898,5,18.98,5093,1153
12899,5,26.1,5093,1153
12900,5,22.45,5093,1154
12901,1,39.46,5094,1153
12902,1,70.52,5094,1153
12903,5,34.91,5095,1152
12904,1,41.6,5095,1153
12905,5,57.52,5096,1154
12906,1,10.64,5097,1153
12907,3,26.64,5098,1152
12908,2,29.23,5098,1153
12909,2,8.97,5098,1154
12910,1,46.32,5099,1153
12911,1,33.71,5100,1153
12912,1,25.4,5100,1153
12913,5,79.99,5101,1154
12914,3,20.72,5102,1153
12915,4,63.55,5103,1154
12916,2,8.1,5103,1153
12917,5,20.07,5103,1153
12918,2,13.16,5104,1153
12919,1,48.09,5104,1154
12920,1,20.47,5104,1153
12921,4,21.27,5104,1152
12922,2,63.04,5105,1154
12923,3,68.93,5105,1154
12924,2,18.26,5105,1154
12925,1,53.82,5106,1153
12926,3,73.98,5106,1153
12927,4,12.48,5106,1154
12928,1,61.01,5107,1154
12929,1,36.26,5107,1154
12930,1,21.64,5108,1153
12931,2,56.0,5108,1153
12932,4,48.27,5108,1153
12933,4,57.79,5108,1152
12934,1,15.73,5109,1154
12935,4,18.75,5109,1153
12936,2,18.32,5109,1152
12937,3,37.55,5109,1152
12938,4,42.75,5110,1154
12939,2,39.25,5110,1153
12940,2,42.84,5110,1152
12941,3,15.27,5110,1154
12942,4,79.79,5111,1154
12943,5,8.02,5112,1154
12944,2,9.41,5113,1154
12945,3,79.66,5113,1153
12946,5,62.76,5113,1153
12947,3,34.35,5114,1153
12948,1,68.81,5114,1153
12949,3,79.76,5114,1152
12950,3,67.78,5115,1153
12951,1,6.15,5115,1152
12952,2,36.37,5115,1152
12953,3,78.16,5115,1153
12954,4,64.68,5116,1154
12955,4,48.29,5117,1152
12956,2,58.5,5117,1154
12957,5,9.55,5117,1153
12958,3,13.73,5118,1152
12959,4,27.7,5118,1152
12960,2,31.58,5119,1154
12961,4,62.44,5119,1153
12962,1,8.97,5120,1153
12963,1,5.49,5120,1153
12964,5,27.16,5120,1153
12965,5,7.26,5120,1153
12966,5,15.15,5121,1152
12967,2,36.41,5121,1154
12968,5,76.49,5121,1153
12969,2,33.65,5121,1153
12970,5,20.74,5122,1154
12971,4,12.94,5122,1152
12972,1,62.2,5122,1153
12973,5,52.88,5122,1153
12974,3,45.21,5123,1154
12975,5,56.96,5123,1152
12976,3,55.06,5124,1152
12977,5,10.98,5125,1153
12978,2,76.31,5125,1154
12979,5,69.34,5125,1152
12980,1,28.8,5125,1152
12981,1,23.9,5126,1153
12982,4,9.2,5126,1152
12983,1,35.91,5126,1154
12984,4,9.14,5127,1154
12985,3,17.05,5128,1153
12986,4,62.34,5128,1153
12987,3,3.35,5128,1152
12988,5,7.59,5128,1153
12989,2,32.01,5129,1152
12990,2,28.47,5129,1153
12991,2,61.12,5129,1154
12992,2,26.3,5130,1153
12993,2,44.61,5131,1156
12994,1,5.52,5131,1158
12995,5,63.03,5132,1160
12996,3,75.88,5132,1156
12997,4,59.92,5132,1158
12998,3,35.98,5132,1160
12999,5,48.04,5133,1157
13000,5,79.25,5134,1160
13001,1,17.06,5134,1158
13002,3,47.58,5134,1160
13003,3,30.16,5135,1160
13004,2,66.18,5135,1157
13005,3,76.76,5135,1159
13006,3,9.11,5136,1156
13007,5,62.39,5137,1161
13008,1,20.35,5137,1160
13009,2,74.36,5137,1156
13010,1,8.08,5138,1160
13011,2,40.43,5138,1156
13012,5,16.07,5139,1155
13013,1,65.46,5140,1155
13014,1,42.29,5140,1155
13015,5,39.6,5141,1159
13016,2,42.27,5142,1160
13017,1,14.61,5143,1161
13018,5,13.95,5143,1159
13019,4,53.26,5143,1160
13020,5,51.6,5143,1159
13021,5,34.89,5144,1159
13022,2,70.88,5144,1157
13023,5,57.99,5144,1155
13024,4,53.4,5145,1161
13025,5,35.98,5145,1155
13026,4,33.81,5145,1158
13027,5,6.02,5145,1157
13028,5,43.31,5146,1165
13029,3,42.11,5146,1162
13030,5,16.49,5146,1165
13031,3,21.94,5147,1163
13032,2,74.27,5147,1164
13033,5,47.46,5147,1162
13034,1,25.49,5147,1165
13035,5,60.84,5148,1164
13036,5,32.55,5148,1165
13037,3,44.02,5149,1164
13038,3,77.13,5149,1164
13039,2,72.75,5150,1163
13040,2,22.33,5150,1165
13041,3,78.48,5151,1165
13042,4,64.81,5151,1164
13043,3,53.48,5151,1165
13044,3,42.52,5151,1164
13045,4,5.37,5152,1162
13046,2,66.45,5153,1164
13047,5,34.59,5153,1165
13048,2,71.28,5154,1164
13049,1,48.45,5154,1164
13050,5,42.1,5155,1164
13051,5,53.31,5155,1165
13052,1,43.58,5155,1165
13053,4,42.81,5156,1163
13054,4,52.81,5156,1165
13055,5,56.45,5156,1162
13056,1,73.08,5156,1165
13057,5,56.59,5157,1162
13058,4,38.53,5157,1165
13059,4,65.14,5157,1164
13060,1,27.0,5158,1164
13061,1,10.6,5158,1163
13062,2,17.19,5158,1164
13063,2,60.21,5158,1165
13064,2,9.53,5159,1164
13065,2,60.11,5159,1162
13066,2,32.52,5159,1162
13067,1,11.54,5159,1164
13068,2,73.75,5160,1162
13069,4,56.81,5160,1164
13070,3,67.45,5161,1163
13071,4,70.24,5162,1163
13072,4,14.85,5162,1163
13073,3,5.6,5162,1162
13074,3,46.09,5162,1165
13075,4,8.21,5163,1164
13076,1,62.42,5163,1162
13077,4,34.37,5164,1163
13078,3,18.37,5164,1164
13079,5,61.21,5165,1164
13080,3,38.86,5165,1163
13081,4,24.27,5165,1165
13082,1,26.28,5165,1165
13083,5,44.11,5166,1173
13084,5,10.04,5167,1168
13085,1,27.86,5167,1170
13086,2,66.8,5167,1173
13087,2,47.95,5167,1173
13088,3,73.55,5168,1174
13089,5,72.48,5168,1167
13090,2,32.79,5168,1169
13091,4,20.9,5169,1174
13092,1,67.75,5170,1170
13093,2,7.29,5170,1166
13094,5,46.99,5170,1174
13095,5,33.67,5171,1172
13096,4,74.04,5172,1169
13097,4,51.79,5172,1166
13098,5,75.88,5173,1168
13099,1,40.99,5173,1174
13100,2,75.83,5173,1169
13101,5,7.49,5173,1166
13102,3,2.43,5174,1169
13103,1,49.54,5174,1168
13104,3,70.24,5175,1171
13105,4,55.91,5175,1169
13106,2,13.27,5175,1171
13107,1,30.51,5175,1172
13108,3,47.09,5176,1170
13109,2,25.69,5177,1169
13110,4,69.52,5177,1167
13111,1,21.18,5178,1173
13112,1,63.03,5179,1172
13113,5,62.06,5179,1171
13114,4,19.39,5179,1171
13115,2,74.96,5180,1166
13116,3,31.97,5181,1168
13117,2,15.16,5182,1167
13118,1,32.29,5183,1170
13119,5,66.04,5184,1174
13120,3,27.48,5184,1166
13121,1,55.73,5185,1174
13122,3,55.15,5186,1167
13123,2,5.08,5186,1172
13124,1,2.01,5186,1171
13125,4,21.86,5187,1172
13126,3,78.2,5187,1171
13127,1,19.5,5188,1168
13128,5,31.07,5188,1167
13129,1,11.92,5188,1168
13130,2,46.39,5189,1168
13131,3,78.52,5190,1173
13132,3,62.96,5191,1167
13133,5,66.19,5192,1171
13134,3,49.63,5193,1174
13135,3,67.57,5194,1170
13136,1,50.74,5194,1173
13137,1,53.84,5195,1167
13138,1,29.13,5195,1169
13139,3,10.56,5196,1166
13140,3,53.83,5197,1172
13141,2,52.52,5197,1166
13142,1,50.06,5197,1169
13143,2,57.03,5197,1169
13144,5,37.54,5198,1171
13145,2,6.01,5198,1171
13146,4,36.68,5199,1167
13147,3,57.0,5200,1167
13148,2,3.7,5200,1173
13149,2,27.05,5200,1169
13150,1,37.74,5201,1169
13151,1,32.89,5201,1172
13152,5,41.75,5201,1174
13153,4,66.54,5201,1168
13154,5,56.73,5202,1170
13155,1,22.91,5202,1168
13156,3,55.51,5203,1167
13157,3,64.14,5203,1168
13158,2,28.71,5203,1174
13159,4,3.03,5204,1171
13160,3,72.22,5205,1166
13161,1,67.79,5206,1168
13162,5,11.66,5206,1172
13163,5,42.03,5206,1171
13164,2,19.38,5206,1171
13165,5,51.67,5207,1172
13166,2,72.95,5208,1166
13167,3,28.37,5209,1174
13168,1,78.61,5209,1170
13169,3,6.04,5209,1174
13170,3,36.09,5209,1171
13171,5,62.1,5210,1166
13172,3,79.1,5210,1170
13173,5,31.02,5211,1171
13174,1,67.11,5212,1173
13175,5,68.57,5212,1170
13176,2,50.68,5213,1171
13177,5,71.43,5213,1170
13178,3,3.81,5214,1181
13179,3,77.85,5214,1179
13180,4,57.39,5214,1175
13181,5,54.29,5215,1175
13182,1,79.81,5215,1177
13183,1,11.38,5216,1179
13184,5,58.77,5216,1177
13185,4,30.8,5217,1181
13186,3,32.44,5217,1180
13187,4,69.69,5217,1175
13188,1,74.92,5217,1177
13189,1,29.18,5218,1181
13190,3,58.02,5219,1179
13191,3,68.25,5219,1177
13192,4,78.11,5219,1178
13193,5,17.22,5220,1180
13194,5,31.88,5220,1176
13195,4,11.56,5221,1181
13196,4,33.36,5222,1175
13197,4,18.58,5222,1178
13198,3,28.54,5222,1178
13199,5,66.24,5223,1178
13200,5,32.43,5223,1176
13201,5,71.06,5223,1176
13202,3,71.54,5223,1180
13203,5,72.87,5224,1183
13204,3,34.41,5224,1190
13205,4,36.89,5225,1186
13206,1,40.98,5225,1185
13207,2,56.56,5225,1188
13208,5,75.56,5226,1189
13209,4,62.26,5226,1182
13210,3,18.75,5226,1187
13211,1,17.98,5226,1190
13212,3,49.66,5227,1190
13213,1,50.96,5227,1188
13214,1,41.88,5227,1186
13215,4,72.33,5228,1186
13216,4,64.33,5228,1182
13217,2,68.45,5228,1185
13218,4,15.93,5229,1189
13219,1,73.42,5229,1184
13220,1,37.63,5229,1188
13221,4,60.33,5229,1187
13222,4,73.21,5230,1182
13223,2,34.25,5231,1189
13224,4,7.86,5231,1186
13225,1,34.5,5232,1182
13226,2,14.31,5232,1183
13227,2,65.78,5232,1186
13228,5,57.03,5232,1187
13229,4,35.58,5233,1190
13230,1,47.11,5234,1187
13231,2,42.51,5235,1182
13232,4,79.6,5235,1185
13233,4,2.74,5236,1185
13234,2,52.5,5236,1182
13235,5,62.92,5236,1183
13236,5,43.77,5236,1190
13237,3,79.56,5237,1190
13238,5,30.4,5237,1183
13239,3,43.18,5238,1185
13240,5,56.03,5238,1182
13241,3,6.29,5238,1186
13242,3,9.62,5238,1188
13243,2,64.37,5239,1188
13244,5,74.98,5240,1183
13245,1,24.68,5240,1190
13246,4,71.79,5241,1190
13247,4,30.1,5241,1186
13248,1,15.2,5241,1185
13249,4,46.31,5242,1185
13250,3,54.21,5242,1186
13251,3,69.04,5243,1189
13252,5,60.24,5244,1187
13253,4,51.93,5245,1184
13254,3,30.69,5245,1188
13255,4,19.81,5245,1185
13256,4,17.24,5246,1189
13257,2,17.35,5247,1185
13258,5,67.09,5247,1188
13259,5,51.08,5247,1188
13260,5,61.6,5247,1187
13261,1,67.64,5248,1185
13262,3,17.93,5248,1188
13263,2,49.53,5248,1185
13264,3,65.56,5249,1185
13265,3,76.77,5249,1183
13266,4,26.19,5250,1184
13267,1,19.1,5250,1190
13268,4,2.2,5250,1190
13269,5,37.03,5251,1184
13270,3,30.86,5251,1186
13271,4,51.86,5252,1191
13272,4,4.32,5252,1197
13273,1,44.83,5252,1197
13274,4,25.87,5252,1194
13275,3,76.34,5253,1198
13276,1,33.71,5253,1192
13277,3,70.54,5253,1197
13278,1,60.53,5254,1192
13279,1,19.78,5255,1197
13280,4,14.44,5255,1199
13281,5,8.74,5256,1191
13282,2,5.42,5257,1193
13283,5,58.09,5257,1196
13284,5,60.17,5257,1195
13285,1,53.42,5258,1199
13286,3,63.59,5259,1197
13287,3,32.16,5260,1198
13288,4,74.71,5260,1197
13289,2,38.8,5261,1194
13290,5,76.67,5261,1198
13291,3,68.08,5261,1195
13292,2,41.59,5261,1196
13293,4,4.39,5262,1195
13294,3,62.9,5262,1195
13295,2,45.52,5262,1196
13296,1,5.67,5263,1195
13297,2,68.88,5263,1191
13298,5,48.03,5264,1194
13299,1,70.42,5264,1199
13300,4,66.15,5264,1199
13301,5,19.89,5265,1199
13302,3,61.78,5265,1198
13303,2,39.37,5266,1199
13304,2,48.98,5266,1197
13305,3,24.75,5266,1199
13306,5,52.34,5267,1191
13307,3,18.93,5267,1197
13308,4,40.64,5268,1191
13309,3,51.15,5269,1195
13310,5,16.54,5270,1195
13311,5,10.39,5270,1199
13312,1,45.56,5270,1195
13313,1,62.43,5271,1191
13314,3,42.66,5271,1198
13315,4,7.11,5272,1195
13316,1,31.97,5272,1198
13317,1,22.29,5272,1198
13318,1,27.5,5273,1197
13319,3,34.98,5274,1191
13320,2,75.23,5274,1196
13321,2,28.15,5275,1199
13322,4,34.69,5275,1198
13323,2,35.27,5275,1191
13324,2,23.63,5276,1199
13325,3,55.77,5277,1192
13326,5,54.91,5277,1192
13327,5,48.36,5277,1199
13328,2,63.59,5278,1199
13329,5,51.24,5278,1199
13330,2,73.44,5278,1198
13331,1,4.16,5278,1197
13332,3,36.76,5279,1194
13333,2,23.27,5280,1198
13334,3,76.88,5280,1192
13335,5,67.48,5281,1198
13336,1,41.28,5281,1192
13337,1,22.94,5281,1198
13338,4,38.33,5281,1192
13339,5,5.94,5282,1197
13340,2,52.75,5282,1198
13341,5,14.85,5283,1194
13342,2,35.83,5284,1191
13343,3,51.47,5285,1194
13344,3,52.35,5285,1191
13345,5,63.95,5285,1199
13346,3,14.41,5285,1191
13347,5,40.64,5286,1198
13348,3,35.81,5286,1196
13349,3,77.62,5287,1194
13350,2,59.94,5288,1194
13351,1,42.6,5289,1195
13352,3,24.35,5289,1191
13353,2,3.86,5289,1195
13354,5,76.45,5290,1192
13355,3,57.5,5291,1193
13356,5,75.72,5291,1192
13357,2,2.98,5291,1196
13358,1,46.84,5292,1197
13359,2,72.54,5293,1192
13360,2,69.98,5293,1196
13361,4,13.98,5293,1195
13362,1,35.06,5294,1196
13363,3,30.63,5294,1197
13364,4,77.76,5295,1198
13365,1,7.23,5295,1191
13366,3,20.22,5296,1199
13367,5,76.27,5296,1193
13368,3,62.47,5296,1198
13369,5,21.88,5296,1194
13370,5,29.33,5297,1197
13371,5,45.7,5298,1196
13372,5,51.18,5299,1197
13373,1,41.27,5300,1198
13374,1,46.86,5300,1198
13375,1,28.89,5300,1197
13376,1,22.15,5301,1198
13377,4,53.14,5302,1197
13378,4,73.87,5303,1199
13379,4,79.54,5303,1192
13380,1,13.05,5304,1198
13381,4,78.86,5305,1203
13382,2,72.3,5305,1200
13383,2,32.71,5306,1200
13384,4,32.24,5307,1201
13385,2,32.24,5307,1200
13386,3,57.8,5308,1203
13387,2,79.58,5309,1200
13388,1,44.98,5309,1201
13389,1,47.87,5309,1202
13390,2,30.45,5309,1200
13391,4,21.47,5310,1202
13392,4,42.95,5310,1201
13393,5,10.8,5311,1201
13394,2,46.31,5311,1203
13395,2,17.42,5311,1201
13396,5,42.47,5311,1201
13397,5,38.84,5312,1202
13398,3,24.28,5312,1202
13399,3,29.45,5313,1201
13400,3,78.45,5313,1201
13401,4,78.95,5313,1200
13402,4,4.67,5313,1201
13403,1,55.82,5314,1200
13404,4,60.57,5315,1201
13405,4,73.39,5315,1200
13406,3,67.02,5315,1202
13407,3,28.66,5315,1202
13408,4,18.2,5316,1203
13409,5,70.16,5316,1201
13410,1,14.75,5317,1201
13411,4,72.81,5317,1202
13412,1,24.63,5317,1201
13413,4,48.6,5317,1200
13414,5,31.15,5318,1202
13415,1,12.48,5318,1203
13416,1,41.62,5318,1202
13417,3,4.74,5319,1201
13418,4,23.02,5319,1203
13419,4,45.42,5319,1201
13420,4,67.26,5319,1203
13421,3,58.17,5320,1201
13422,4,49.51,5321,1200
13423,3,4.97,5321,1202
13424,1,28.01,5321,1202
13425,4,51.42,5322,1201
13426,4,78.27,5322,1203
13427,1,3.38,5322,1202
13428,5,51.04,5323,1201
13429,1,45.52,5324,1202
13430,4,47.04,5324,1202
13431,2,7.84,5324,1200
13432,4,25.32,5325,1201
13433,4,67.85,5326,1203
13434,1,5.16,5326,1203
13435,5,63.23,5327,1203
13436,3,40.18,5327,1200
13437,5,54.58,5327,1203
13438,2,51.44,5327,1201
13439,4,66.65,5328,1203
13440,1,31.6,5328,1202
13441,1,59.98,5328,1201
13442,1,33.81,5329,1203
13443,2,3.68,5329,1203
13444,5,50.9,5330,1200
13445,5,33.46,5331,1200
13446,2,35.98,5331,1201
13447,1,51.0,5332,1201
13448,2,59.99,5332,1202
13449,5,8.64,5332,1203
13450,4,20.26,5333,1203
13451,5,10.35,5333,1201
13452,2,35.2,5334,1200
13453,1,51.54,5334,1200
13454,2,73.59,5334,1201
13455,1,51.11,5335,1201
13456,3,75.65,5336,1200
13457,1,8.04,5336,1203
13458,3,27.94,5336,1200
13459,3,56.9,5336,1200
13460,1,27.08,5337,1200
13461,5,64.67,5337,1200
13462,1,77.79,5337,1200
13463,3,3.81,5337,1202
13464,1,67.45,5338,1200
13465,2,72.62,5338,1203
13466,3,6.68,5338,1201
13467,2,45.5,5339,1203
13468,5,47.97,5339,1202
13469,5,76.44,5339,1203
13470,1,48.82,5339,1200
13471,4,56.93,5340,1200
13472,4,26.81,5340,1203
13473,1,5.29,5340,1202
13474,2,38.47,5341,1201
13475,5,78.48,5342,1200
13476,3,16.29,5342,1201
13477,2,75.42,5342,1202
13478,4,28.33,5342,1200
13479,2,73.66,5343,1203
13480,3,67.8,5343,1202
13481,5,75.29,5343,1200
13482,1,44.54,5343,1202
13483,4,30.15,5344,1203
13484,4,72.93,5344,1203
13485,1,6.55,5344,1203
13486,1,75.75,5344,1202
13487,2,73.84,5345,1202
13488,2,45.82,5345,1201
13489,5,7.11,5345,1203
13490,5,3.65,5345,1203
13491,5,2.05,5346,1202
13492,2,22.33,5346,1203
13493,3,26.54,5346,1203
13494,3,77.26,5346,1200
13495,3,34.04,5347,1201
13496,4,33.11,5347,1203
13497,2,48.56,5347,1202
13498,5,70.65,5348,1201
13499,2,23.79,5348,1202
13500,4,37.97,5349,1203
13501,1,16.84,5349,1203
13502,2,10.14,5350,1201
13503,5,38.78,5351,1203
13504,1,46.79,5352,1203
13505,4,12.98,5352,1202
13506,4,75.65,5353,1202
13507,4,2.29,5354,1200
13508,4,42.32,5354,1200
13509,2,65.53,5354,1202
13510,2,69.21,5354,1203
13511,3,70.92,5355,1200
13512,1,40.67,5356,1201
13513,2,75.72,5356,1203
13514,2,4.51,5356,1200
13515,3,72.25,5356,1201
13516,3,36.95,5357,1202
13517,5,31.07,5357,1202
13518,1,15.3,5357,1200
13519,2,62.86,5357,1202
13520,3,6.04,5358,1203
13521,1,27.23,5358,1200
13522,1,39.77,5358,1201
13523,5,13.62,5358,1201
13524,3,64.95,5359,1203
13525,4,46.66,5360,1203
13526,3,54.98,5360,1200
13527,5,35.8,5360,1203
13528,2,30.66,5360,1200
13529,5,36.97,5361,1202
13530,5,56.31,5361,1201
13531,1,51.34,5361,1200
13532,1,79.68,5362,1202
13533,4,7.53,5362,1200
13534,4,78.82,5363,1202
13535,4,67.06,5364,1200
13536,4,7.28,5364,1203
13537,3,44.19,5365,1208
13538,2,49.54,5365,1209
13539,4,76.62,5365,1205
13540,4,22.75,5365,1204
13541,3,18.16,5366,1204
13542,2,71.14,5366,1208
13543,3,55.65,5366,1206
13544,4,10.44,5367,1206
13545,4,31.48,5367,1209
13546,2,26.45,5367,1208
13547,1,67.73,5367,1209
13548,2,6.76,5368,1207
13549,2,45.18,5368,1209
13550,1,11.56,5369,1207
13551,2,12.41,5370,1208
13552,4,33.78,5370,1208
13553,2,26.2,5370,1208
13554,4,38.99,5370,1209
13555,2,22.36,5371,1205
13556,1,73.62,5371,1206
13557,4,10.29,5371,1205
13558,4,28.18,5371,1205
13559,4,35.01,5372,1207
13560,3,69.0,5372,1206
13561,5,21.51,5372,1206
13562,4,22.83,5373,1207
13563,2,35.1,5373,1206
13564,2,25.35,5374,1208
13565,1,27.08,5375,1207
13566,2,11.45,5375,1205
13567,1,56.25,5375,1208
13568,5,69.95,5376,1204
13569,2,63.42,5376,1208
13570,2,62.39,5377,1207
13571,1,62.07,5377,1209
13572,2,33.73,5378,1208
13573,5,24.42,5378,1208
13574,4,39.1,5379,1206
13575,3,40.25,5379,1205
13576,3,23.16,5380,1207
13577,5,21.74,5380,1205
13578,4,55.58,5380,1204
13579,4,40.99,5381,1207
13580,5,16.68,5382,1207
13581,2,75.33,5382,1205
13582,2,47.62,5383,1209
13583,3,77.55,5383,1209
13584,3,79.32,5383,1207
13585,1,31.86,5384,1204
13586,5,5.41,5384,1208
13587,4,32.56,5385,1207
13588,3,17.45,5385,1208
13589,5,46.19,5385,1205
13590,5,9.89,5385,1207
13591,1,47.53,5386,1209
13592,3,41.99,5386,1206
13593,4,66.43,5386,1209
13594,2,58.58,5387,1207
13595,5,18.75,5388,1206
13596,4,20.61,5388,1204
13597,1,61.33,5388,1207
13598,2,40.86,5388,1204
13599,1,45.76,5389,1205
13600,4,7.06,5389,1205
13601,3,5.59,5389,1206
13602,1,39.13,5390,1205
13603,3,3.92,5391,1208
13604,2,27.39,5391,1208
13605,1,24.5,5391,1205
13606,2,17.1,5392,1208
13607,4,48.6,5392,1205
13608,5,20.62,5392,1208
13609,5,54.42,5393,1209
13610,1,53.16,5393,1207
13611,3,19.43,5394,1205
13612,4,14.83,5394,1209
13613,3,18.53,5394,1205
13614,4,31.99,5394,1209
13615,5,23.78,5395,1205
13616,3,65.88,5395,1205
13617,2,41.12,5396,1205
13618,2,19.1,5396,1209
13619,2,14.37,5396,1207
13620,1,62.31,5396,1209
13621,3,31.29,5397,1207
13622,3,43.16,5397,1206
13623,3,54.37,5397,1204
13624,4,19.08,5397,1208
13625,5,57.35,5398,1205
13626,5,36.11,5399,1205
13627,3,65.22,5399,1207
13628,5,40.23,5400,1206
13629,5,44.68,5400,1204
13630,4,36.23,5401,1206
13631,1,23.5,5401,1206
13632,3,23.03,5401,1209
13633,5,26.31,5401,1206
13634,2,35.41,5402,1205
13635,2,63.79,5402,1205
13636,3,43.57,5402,1205
13637,4,54.53,5402,1206
13638,1,20.09,5403,1208
13639,2,78.31,5403,1204
13640,1,69.47,5403,1207
13641,3,29.01,5404,1207
13642,5,31.5,5404,1206
13643,4,4.72,5404,1207
13644,1,66.04,5404,1207
13645,2,63.56,5405,1205
13646,2,30.55,5405,1205
13647,2,28.15,5406,1208
13648,3,8.49,5407,1205
13649,4,17.02,5407,1209
13650,4,19.82,5408,1208
13651,4,44.04,5409,1209
13652,4,3.29,5410,1208
13653,2,73.94,5411,1209
13654,5,41.75,5411,1207
13655,3,76.42,5411,1208
13656,1,46.94,5411,1208
13657,2,50.23,5412,1208
13658,3,3.11,5413,1208
13659,2,13.42,5413,1207
13660,2,70.06,5414,1209
13661,2,6.3,5414,1204
13662,2,58.61,5414,1204
13663,4,67.28,5414,1205
13664,5,7.52,5415,1204
13665,5,31.43,5415,1206
13666,1,78.5,5415,1206
13667,1,79.58,5415,1207
13668,5,70.25,5416,1205
13669,5,34.4,5416,1206
13670,5,38.85,5416,1205
13671,3,37.52,5417,1205
13672,5,41.31,5418,1208
13673,5,37.84,5419,1211
13674,1,77.42,5419,1213
13675,5,42.38,5419,1213
13676,3,70.12,5420,1214
13677,1,35.65,5421,1211
13678,1,53.78,5421,1217
13679,2,60.2,5421,1218
13680,5,51.23,5421,1213
13681,1,9.59,5422,1215
13682,5,25.59,5423,1217
13683,1,23.96,5423,1212
13684,1,47.37,5423,1217
13685,4,67.82,5423,1216
13686,5,76.49,5424,1215
13687,4,27.51,5425,1213
13688,2,38.88,5425,1214
13689,1,39.58,5426,1216
13690,2,17.29,5426,1212
13691,4,72.99,5426,1215
13692,5,19.33,5427,1217
13693,3,60.27,5427,1213
13694,4,2.71,5427,1211
13695,2,59.4,5428,1217
13696,2,38.28,5428,1212
13697,3,39.52,5428,1218
13698,3,43.39,5428,1216
13699,1,66.15,5429,1218
13700,4,45.3,5430,1212
13701,2,79.16,5430,1213
13702,2,54.85,5430,1215
13703,2,19.76,5431,1214
13704,2,13.25,5431,1214
13705,2,17.0,5432,1210
13706,3,31.72,5432,1216
13707,3,60.88,5432,1217
13708,3,78.71,5433,1217
13709,3,20.57,5433,1212
13710,5,4.08,5434,1230
13711,1,35.95,5434,1225
13712,2,66.42,5435,1225
13713,1,51.13,5436,1220
13714,4,66.5,5436,1225
13715,4,10.93,5436,1223
13716,5,37.58,5437,1225
13717,3,63.21,5437,1228
13718,2,73.73,5437,1224
13719,4,67.65,5438,1226
13720,3,34.03,5438,1223
13721,3,38.49,5439,1222
13722,3,25.0,5439,1226
13723,5,79.79,5439,1219
13724,5,21.28,5440,1221
13725,5,8.03,5440,1226
13726,2,54.67,5440,1221
13727,1,75.98,5440,1225
13728,1,78.48,5441,1226
13729,2,31.48,5441,1226
13730,4,46.64,5441,1222
13731,1,64.95,5441,1219
13732,3,16.89,5442,1219
13733,1,51.67,5443,1221
13734,2,41.2,5444,1223
13735,1,68.75,5444,1228
13736,2,39.87,5445,1227
13737,1,5.96,5445,1222
13738,1,48.47,5445,1224
13739,3,23.5,5445,1227
13740,3,57.07,5446,1225
13741,2,51.64,5446,1229
13742,1,53.89,5446,1230
13743,4,27.16,5446,1225
13744,4,67.62,5447,1226
13745,1,23.26,5447,1229
13746,1,63.31,5447,1220
13747,1,61.84,5448,1219
13748,5,43.32,5448,1223
13749,3,6.37,5448,1229
13750,5,18.0,5448,1224
13751,2,17.14,5449,1224
13752,4,5.64,5450,1225
13753,2,2.45,5450,1226
13754,4,4.5,5451,1222
13755,2,9.06,5452,1228
13756,3,71.93,5453,1229
13757,1,47.55,5454,1223
13758,5,78.47,5454,1223
13759,1,30.39,5455,1219
13760,2,63.65,5455,1226
13761,5,56.5,5455,1221
13762,4,53.17,5455,1221
13763,1,50.36,5456,1223
13764,3,79.78,5456,1219
13765,5,51.42,5456,1228
13766,2,22.72,5457,1228
13767,1,57.34,5457,1225
13768,1,73.04,5457,1228
13769,2,11.62,5457,1222
13770,5,4.42,5458,1229
13771,2,16.73,5458,1230
13772,5,9.44,5459,1223
13773,5,77.94,5459,1225
13774,1,63.67,5459,1221
13775,3,34.19,5460,1223
13776,5,9.45,5461,1229
13777,5,78.29,5461,1219
13778,4,3.28,5461,1230
13779,4,4.39,5462,1230
13780,5,47.59,5463,1230
13781,4,7.22,5463,1226
13782,1,79.33,5463,1226
13783,1,16.24,5464,1220
13784,3,64.11,5465,1226
13785,1,52.81,5465,1230
13786,5,33.95,5465,1219
13787,1,33.47,5465,1225
13788,3,34.15,5466,1228
13789,3,7.01,5466,1224
13790,2,31.8,5467,1220
13791,5,73.85,5468,1229
13792,3,40.93,5468,1225
13793,4,76.92,5469,1220
13794,5,23.38,5469,1227
13795,2,72.84,5470,1229
13796,5,76.97,5470,1219
13797,2,74.73,5470,1226
13798,2,49.61,5470,1226
13799,2,49.59,5471,1224
13800,4,51.39,5472,1230
13801,2,31.26,5472,1230
13802,5,21.91,5473,1219
13803,4,41.95,5473,1230
13804,5,14.49,5473,1224
13805,5,76.49,5474,1221
13806,2,14.96,5474,1228
13807,2,8.19,5475,1224
13808,3,39.68,5475,1228
13809,3,69.96,5476,1230
13810,1,63.66,5477,1230
13811,2,3.35,5477,1229
13812,2,61.08,5478,1221
13813,5,23.6,5478,1229
13814,1,74.49,5478,1228
13815,2,7.98,5479,1226
13816,3,46.61,5479,1220
13817,3,77.11,5479,1227
13818,1,70.41,5480,1228
13819,2,6.07,5480,1220
13820,5,60.17,5481,1227
13821,2,13.53,5481,1228
13822,2,65.47,5481,1219
13823,1,10.98,5481,1221
13824,4,20.87,5482,1221
13825,4,40.28,5483,1231
13826,1,53.79,5484,1234
13827,3,70.95,5484,1232
13828,3,78.08,5484,1231
13829,1,34.14,5485,1234
13830,2,64.46,5485,1234
13831,3,20.25,5485,1235
13832,5,74.48,5485,1233
13833,5,33.76,5486,1235
13834,1,41.55,5487,1235
13835,2,46.19,5487,1232
13836,5,13.29,5488,1235
13837,3,34.19,5488,1237
13838,5,50.75,5488,1234
13839,5,31.03,5489,1231
13840,1,74.58,5490,1237
13841,4,20.01,5490,1235
13842,1,49.46,5491,1233
13843,4,14.88,5491,1231
13844,2,22.7,5491,1236
13845,2,44.62,5491,1237
13846,4,13.59,5492,1234
13847,2,28.87,5492,1235
13848,5,56.14,5493,1231
13849,2,62.2,5493,1236
13850,3,7.79,5493,1231
13851,3,42.78,5494,1234
13852,1,19.0,5494,1231
13853,4,38.29,5495,1236
13854,3,67.63,5496,1235
13855,2,41.89,5496,1235
13856,3,49.53,5496,1234
13857,3,69.22,5497,1235
13858,1,50.35,5497,1234
13859,2,66.52,5497,1237
13860,2,32.49,5498,1234
13861,3,39.32,5498,1237
13862,1,42.41,5498,1233
13863,1,56.2,5498,1237
13864,2,62.13,5499,1235
13865,2,34.02,5499,1233
13866,3,36.96,5500,1232
13867,1,6.81,5500,1231
13868,2,79.33,5500,1237
13869,4,26.89,5501,1231
13870,3,42.82,5501,1231
13871,4,28.92,5502,1237
13872,1,7.13,5503,1236
13873,3,45.0,5503,1234
13874,4,43.06,5503,1237
13875,3,21.98,5504,1237
13876,2,70.01,5504,1232
13877,2,4.52,5505,1235
13878,5,72.54,5505,1236
13879,2,49.99,5506,1231
13880,3,78.66,5506,1231
13881,1,13.59,5506,1236
13882,5,6.38,5507,1235
13883,3,5.16,5507,1234
13884,2,25.07,5508,1233
13885,1,10.72,5508,1235
13886,3,50.59,5509,1231
13887,4,47.06,5509,1235
13888,4,34.31,5510,1235
13889,4,23.29,5510,1234
13890,4,49.33,5510,1231
13891,4,13.46,5510,1237
13892,4,49.09,5511,1231
13893,1,33.54,5511,1235
13894,2,25.48,5512,1236
13895,4,74.76,5512,1232
13896,3,42.01,5512,1236
13897,4,17.05,5512,1231
13898,3,45.81,5513,1234
13899,3,26.94,5513,1237
13900,2,14.79,5514,1235
13901,2,34.76,5515,1232
13902,4,2.3,5516,1242
13903,4,55.26,5516,1245
13904,3,4.62,5516,1240
13905,1,42.07,5517,1245
13906,5,64.29,5518,1239
13907,1,30.0,5519,1240
13908,4,8.46,5520,1241
13909,2,4.77,5520,1238
13910,2,32.21,5521,1239
13911,5,64.91,5521,1245
13912,1,39.04,5522,1244
13913,4,9.02,5522,1244
13914,5,36.19,5523,1239
13915,4,15.51,5523,1244
13916,4,9.38,5523,1242
13917,1,35.82,5523,1240
13918,1,36.72,5524,1240
13919,1,65.3,5525,1239
13920,5,64.43,5525,1238
13921,4,39.04,5526,1242
13922,2,35.64,5527,1244
13923,1,66.32,5527,1242
13924,1,27.28,5527,1243
13925,1,11.88,5528,1244
13926,5,65.71,5528,1241
13927,4,2.99,5528,1242
13928,3,50.25,5528,1245
13929,4,45.27,5529,1239
13930,2,55.62,5529,1241
13931,5,40.34,5530,1241
13932,1,8.29,5531,1240
13933,4,7.19,5531,1238
13934,5,59.11,5531,1240
13935,3,16.91,5532,1241
13936,4,35.37,5532,1245
13937,2,75.15,5532,1240
13938,4,60.84,5532,1242
13939,4,18.51,5533,1239
13940,3,74.1,5533,1241
13941,3,53.37,5533,1245
13942,5,54.57,5533,1241
13943,2,61.86,5534,1245
13944,4,36.01,5534,1245
13945,5,57.67,5534,1242
13946,5,35.87,5534,1243
13947,4,33.34,5535,1238
13948,3,11.18,5536,1243
13949,4,2.5,5536,1238
13950,1,53.26,5536,1238
13951,5,66.96,5537,1243
13952,1,76.97,5537,1244
13953,2,55.21,5537,1240
13954,3,18.35,5538,1240
13955,4,2.79,5538,1240
13956,4,45.69,5538,1244
13957,5,17.96,5539,1245
13958,3,48.41,5539,1242
13959,3,42.98,5539,1238
13960,2,18.66,5539,1238
13961,3,5.24,5540,1238
13962,4,37.11,5540,1242
13963,1,31.07,5540,1244
13964,4,49.61,5540,1240
13965,3,67.24,5541,1243
13966,3,79.14,5541,1238
13967,4,27.89,5541,1244
13968,3,25.88,5541,1244
13969,5,32.75,5542,1240
13970,4,30.54,5543,1243
13971,1,48.08,5543,1239
13972,2,13.84,5544,1243
13973,4,40.45,5544,1240
13974,1,71.42,5545,1239
13975,3,42.79,5545,1238
13976,5,49.61,5545,1244
13977,4,49.81,5546,1239
13978,1,68.12,5546,1241
13979,4,43.99,5546,1243
13980,4,39.88,5547,1242
13981,3,26.05,5547,1245
13982,1,44.03,5547,1242
13983,1,19.74,5547,1238
13984,2,57.62,5548,1241
13985,3,58.78,5548,1243
13986,4,9.88,5548,1240
13987,4,4.46,5548,1241
13988,2,28.17,5549,1243
13989,3,11.3,5550,1244
13990,4,33.45,5550,1240
13991,4,34.17,5551,1238
13992,5,2.28,5551,1240
13993,5,44.75,5551,1242
13994,1,9.01,5552,1238
13995,2,62.97,5552,1239
13996,2,38.17,5553,1245
13997,1,52.36,5553,1239
13998,1,26.3,5553,1243
13999,3,59.03,5554,1238
14000,5,3.97,5554,1242
14001,5,56.09,5554,1240
14002,4,4.16,5554,1239
14003,3,79.46,5555,1241
14004,4,13.33,5555,1239
14005,1,11.95,5555,1241
14006,1,25.63,5555,1244
14007,5,26.77,5556,1242
14008,5,28.79,5556,1245
14009,1,66.21,5557,1243
14010,4,12.88,5557,1242
14011,3,69.25,5557,1241
14012,2,50.49,5557,1238
14013,1,57.62,5558,1244
14014,2,49.96,5558,1241
14015,5,58.47,5558,1244
14016,1,17.19,5558,1239
14017,2,40.66,5559,1240
14018,5,74.17,5560,1244
14019,1,5.84,5560,1245
14020,4,67.83,5560,1243
14021,4,74.2,5560,1243
14022,5,55.34,5561,1245
14023,4,26.08,5561,1244
14024,3,37.61,5562,1243
14025,5,66.71,5562,1238
14026,5,28.23,5562,1238
14027,3,31.34,5563,1241
14028,3,59.19,5564,1238
14029,2,9.57,5564,1241
