id,reference,created_at,total,transaction_id,integration_id,business_id,business_branch_id
1,TKT-7F9D1AA0,2025-07-13 21:46:04.000,565.0,,1,408,1092
2,TKT-CFD01045,2026-02-02 10:09:33.000,340.57,870366,1,408,1091
3,TKT-D4014076,2025-11-27 04:29:37.000,117.7,867049,1,408,1091
4,TKT-D8022E8C,2025-08-06 10:56:17.000,77.11,867627,1,408,1090
5,TKT-006BE482,2025-08-27 21:07:42.000,303.46,868836,1,408,1092
6,TKT-8A649169,2025-07-24 15:01:25.000,758.92,869867,1,408,1091
7,TKT-AC4A77DC,2026-03-31 14:52:57.000,162.7,,1,408,1092
8,TKT-243B8C9E,2026-02-02 08:37:44.000,106.26,,1,408,1091
9,TKT-829C48EE,2026-03-19 11:00:04.000,110.52,,1,408,1092
10,TKT-EB50F357,2026-04-18 11:40:06.000,344.91,868485,1,408,1092
11,TKT-6FFD03F0,2026-01-16 05:17:17.000,546.97,868584,1,408,1090
12,TKT-3191EE0C,2025-10-01 05:29:53.000,144.99,869932,1,408,1090
13,TKT-59C0C91E,2025-12-30 10:15:46.000,366.9,868723,1,408,1092
14,TKT-7D040917,2025-11-23 14:10:52.000,164.17,,1,408,1090
15,TKT-F769BC56,2026-02-09 11:02:05.000,548.84,,1,408,1092
16,TKT-B335F4E4,2025-11-26 14:05:00.000,286.75,868125,1,408,1090
17,TKT-AD7E85CE,2025-08-30 16:49:25.000,121.34,,1,408,1092
18,TKT-E80BB330,2026-01-25 16:29:34.000,993.91,,1,408,1091
19,TKT-3E1A5516,2025-08-10 23:47:41.000,232.8,869822,1,408,1092
20,TKT-F828BAE1,2026-03-25 14:10:03.000,388.2,,1,408,1092
21,TKT-6FE1EC9D,2026-02-20 11:00:32.000,32.27,870555,1,408,1091
22,TKT-6FC21DA6,2025-12-03 22:02:09.000,239.15,,1,408,1090
23,TKT-BF711585,2026-03-25 08:45:09.000,45.89,870600,1,408,1092
24,TKT-5FB4B547,2025-08-17 18:48:47.000,637.5,868668,1,408,1091
25,TKT-F740EB80,2025-10-13 16:05:30.000,295.32,,1,408,1091
26,TKT-85FD5EC1,2026-02-04 12:57:21.000,554.76,867816,1,408,1091
27,TKT-DCE6911E,2026-03-06 09:46:45.000,363.74,867165,1,408,1090
28,TKT-974AE551,2026-03-11 23:53:38.000,95.07,,1,408,1091
29,TKT-F9FBEB49,2025-09-03 18:32:43.000,554.36,,1,408,1091
30,TKT-CDB4DC85,2025-09-26 03:16:14.000,12.42,,1,408,1092
31,TKT-D6C7C46E,2025-09-16 21:00:49.000,150.98,870588,1,408,1092
32,TKT-D2A91460,2026-05-06 03:43:31.000,141.16,869952,1,408,1092
33,TKT-72926251,2026-02-15 05:03:54.000,422.48,870485,1,408,1091
34,TKT-B8ABBF7C,2025-11-21 09:17:58.000,401.97,869715,1,408,1091
35,TKT-ABC9BDEB,2026-03-13 07:35:53.000,278.9,,1,408,1090
36,TKT-C8A5DD6A,2025-10-24 04:54:24.000,784.35,867957,1,408,1092
37,TKT-DE536FED,2025-11-29 10:25:04.000,560.83,868421,1,408,1092
38,TKT-FAFE7011,2026-04-12 00:49:55.000,440.94,867529,1,408,1091
39,TKT-A5926D92,2026-04-22 17:19:00.000,285.52,,1,408,1092
40,TKT-0C03C242,2026-01-14 07:46:20.000,499.68,,1,408,1092
41,TKT-2AACAE86,2026-03-15 17:13:19.000,111.8,867284,1,408,1090
42,TKT-E60599CF,2025-12-24 05:00:27.000,346.9,,1,408,1091
43,TKT-4BA56CB2,2025-10-30 18:40:49.000,626.77,,1,408,1092
44,TKT-26455381,2026-02-23 04:15:51.000,342.04,868914,1,408,1092
45,TKT-0D8EE63B,2025-12-03 17:42:51.000,705.67,870372,1,408,1091
46,TKT-909C4A3F,2026-05-03 02:05:33.000,243.74,869711,1,408,1090
47,TKT-5E2D841C,2026-01-16 06:24:18.000,312.39,868604,1,408,1090
48,TKT-3EEF5A6A,2025-11-25 15:21:27.000,361.42,867476,1,408,1092
49,TKT-A7066C5C,2025-10-05 04:40:26.000,32.67,869541,1,408,1090
50,TKT-8AA78542,2025-09-17 10:29:11.000,180.75,869865,1,408,1091
51,TKT-FB7DE57B,2026-01-29 15:26:41.000,54.39,869787,1,408,1091
52,TKT-D3671BEA,2026-03-25 01:57:01.000,39.25,,1,408,1091
53,TKT-7CD2B717,2025-10-27 12:33:57.000,329.22,,1,408,1090
54,TKT-D85B0AD3,2026-05-05 22:09:00.000,169.93,,1,408,1091
55,TKT-2AFA492A,2026-03-14 23:07:51.000,754.26,,1,408,1090
56,TKT-3293DDEC,2026-04-07 17:03:23.000,533.26,,1,408,1091
57,TKT-8D415A8F,2025-12-27 14:50:16.000,159.27,869823,1,408,1092
58,TKT-6E236043,2025-09-20 13:35:02.000,174.62,869020,1,408,1091
59,TKT-2BDDA767,2025-08-30 02:45:10.000,52.19,1040793,4,491,1291
60,TKT-5FD37C0A,2025-08-20 23:59:53.000,108.04,1039077,4,491,1289
61,TKT-76EDA4C9,2025-11-24 16:13:21.000,512.11,1038943,4,491,1288
62,TKT-6C956058,2026-01-07 19:01:30.000,224.15,1040118,4,491,1289
63,TKT-6274983C,2025-10-24 10:41:58.000,709.56,,4,491,1289
64,TKT-27D9E534,2026-05-08 03:58:21.000,191.57,,4,491,1289
65,TKT-534681FE,2026-03-13 13:28:41.000,331.53,1038888,4,491,1288
66,TKT-8942F512,2025-11-23 20:33:40.000,662.02,1039887,4,491,1290
67,TKT-EB581150,2026-01-09 11:07:36.000,526.04,,4,491,1290
68,TKT-7546A84D,2025-10-14 20:11:22.000,143.94,1040580,4,491,1290
69,TKT-822BB783,2025-08-18 13:57:16.000,307.67,1040079,4,491,1289
70,TKT-49D23E5F,2025-09-24 17:54:51.000,196.47,1039789,4,491,1291
71,TKT-E20E9325,2026-02-26 13:06:12.000,411.75,,4,491,1291
72,TKT-E832DC67,2025-09-01 19:54:34.000,289.68,1039359,4,491,1291
73,TKT-D0F59C60,2026-04-26 15:13:27.000,568.11,,4,491,1290
74,TKT-9BA1A7A1,2025-11-10 18:15:08.000,413.39,1040940,4,491,1289
75,TKT-DE7B46F6,2026-01-04 01:05:08.000,596.2,,4,491,1290
76,TKT-F0464125,2025-12-26 02:59:11.000,349.0,1040029,4,491,1288
77,TKT-79C87893,2025-08-08 10:10:19.000,471.02,,4,491,1288
78,TKT-FB6532F5,2025-10-19 17:22:40.000,601.92,820408,1,377,1023
79,TKT-692C96CD,2026-05-01 16:46:10.000,183.58,821782,1,377,1023
80,TKT-4E6FE094,2025-12-24 11:41:09.000,268.07,822172,1,377,1023
81,TKT-3BD6C9E4,2026-02-10 20:58:02.000,231.79,,1,377,1023
82,TKT-0509CC29,2025-09-11 19:02:37.000,118.89,821727,1,377,1023
83,TKT-83BA32E9,2026-02-06 10:00:52.000,433.03,,1,377,1023
84,TKT-93E11791,2025-08-26 09:47:57.000,481.13,,1,377,1023
85,TKT-C84890AF,2025-08-11 18:56:12.000,547.97,820803,1,377,1023
86,TKT-2764B137,2026-02-03 20:38:39.000,204.34,822008,1,377,1023
87,TKT-4D697675,2026-01-21 04:51:04.000,365.11,,1,377,1023
88,TKT-09C3B54D,2025-10-02 14:19:41.000,256.35,820984,1,377,1023
89,TKT-2C95D64C,2025-11-24 08:18:50.000,466.46,,1,377,1023
90,TKT-4FCBF4CB,2025-08-27 10:19:17.000,157.11,820711,1,377,1023
91,TKT-B0984911,2025-07-31 01:43:44.000,122.78,,1,377,1023
92,TKT-183EDE91,2026-02-27 14:51:22.000,518.52,820276,1,377,1023
93,TKT-025C4864,2026-04-07 20:34:14.000,347.67,821654,1,377,1023
94,TKT-98DFB606,2025-12-04 21:54:50.000,192.17,821263,1,377,1023
95,TKT-5B4D5106,2026-03-24 18:03:35.000,215.56,822085,1,377,1023
96,TKT-C477A1A5,2025-12-16 02:50:18.000,108.46,,1,377,1023
97,TKT-4ABC4B2B,2025-08-14 14:02:51.000,398.67,820189,1,377,1023
98,TKT-3DCC3B3A,2025-07-28 15:33:46.000,258.44,820857,1,377,1023
99,TKT-B8D601B9,2026-03-19 12:11:40.000,260.41,822178,1,377,1023
100,TKT-69F67D2B,2025-09-02 20:53:19.000,78.24,822289,1,377,1023
101,TKT-634CEC93,2025-10-23 00:09:50.000,170.88,630048,1,281,788
102,TKT-4CC05E1E,2026-02-28 23:29:23.000,459.11,628652,1,281,785
103,TKT-7A0F208A,2025-10-08 01:55:08.000,213.8,,1,281,790
104,TKT-B8F44C7E,2026-03-08 04:46:34.000,538.39,629006,1,281,790
105,TKT-2DB5B79B,2026-01-09 14:07:15.000,244.0,628917,1,281,787
106,TKT-6589735E,2025-11-16 12:42:08.000,423.18,,1,281,790
107,TKT-CA6F72FE,2026-05-07 05:41:53.000,77.58,,1,281,787
108,TKT-8212CEC1,2026-03-03 07:02:42.000,24.7,629519,1,281,789
109,TKT-A968046F,2025-10-23 23:19:44.000,298.91,629969,1,281,789
110,TKT-1B327F5E,2025-10-11 06:57:09.000,47.6,629324,1,281,790
111,TKT-3B6E0FF2,2026-01-10 06:45:37.000,60.87,629303,1,281,787
112,TKT-08E0BB5B,2025-07-23 20:07:10.000,443.63,,1,281,785
113,TKT-25A8323C,2025-12-08 20:58:22.000,701.18,629269,1,281,791
114,TKT-AF82F375,2025-12-22 04:04:55.000,580.42,627917,1,281,790
115,TKT-D7F8FA63,2025-09-01 04:06:57.000,73.01,629326,1,281,786
116,TKT-46E65BFE,2025-08-13 12:42:49.000,529.86,,1,281,791
117,TKT-F26CB6D8,2026-02-22 21:59:01.000,192.83,629853,1,281,787
118,TKT-F62769DF,2025-11-03 14:59:05.000,648.46,630092,1,281,785
119,TKT-5F93DA33,2025-12-09 01:58:09.000,368.65,628941,1,281,786
120,TKT-D3B4F818,2025-11-25 06:08:03.000,165.33,,1,281,790
121,TKT-7BF62DC5,2025-09-25 03:58:52.000,214.61,629438,1,281,786
122,TKT-4F68892D,2026-03-26 01:42:57.000,423.24,629171,1,281,791
123,TKT-9FDB0E1A,2025-12-13 20:07:31.000,402.49,628272,1,281,788
124,TKT-CB687EE2,2025-09-27 10:43:10.000,206.21,630083,1,281,786
125,TKT-64539793,2025-07-19 00:18:15.000,363.52,628471,1,281,791
126,TKT-305D632F,2026-03-19 13:14:48.000,266.03,630357,1,281,790
127,TKT-796C8E3B,2026-01-10 04:30:44.000,555.98,,1,281,788
128,TKT-6015C171,2026-04-07 22:07:25.000,179.12,630024,1,281,791
129,TKT-157DAB01,2025-07-14 00:29:30.000,150.63,629474,1,281,787
130,TKT-C6E3DDE7,2026-03-01 00:25:40.000,594.24,629791,1,281,791
131,TKT-7EFFDA0B,2025-11-27 15:35:05.000,459.31,629300,1,281,788
132,TKT-D609AAFF,2025-11-27 22:10:49.000,104.04,,1,281,787
133,TKT-8A6B9EA4,2026-05-05 15:47:20.000,128.76,629832,1,281,787
134,TKT-27D10A74,2026-05-06 02:02:09.000,597.4,628781,1,281,787
135,TKT-0062B93D,2026-04-15 01:28:50.000,465.89,629569,1,281,786
136,TKT-D5727A05,2025-08-25 18:43:12.000,235.78,,1,281,785
137,TKT-D302D347,2026-03-24 04:18:56.000,155.68,,1,281,790
138,TKT-3917FA80,2025-12-28 07:11:27.000,18.08,629278,1,281,788
139,TKT-34E46C9E,2026-02-04 08:26:19.000,206.45,,1,281,791
140,TKT-5E4707B2,2026-02-22 19:13:07.000,455.11,628731,1,281,788
141,TKT-54E006EE,2025-07-24 11:03:02.000,522.49,381899,4,180,480
142,TKT-F66B61FB,2025-07-20 20:13:03.000,252.07,381722,4,180,480
143,TKT-0A09DED9,2025-11-15 12:02:10.000,270.78,382125,4,180,480
144,TKT-A86C841B,2025-12-13 11:19:19.000,674.07,,4,180,480
145,TKT-9A119D54,2025-12-14 05:36:55.000,508.14,382342,4,180,480
146,TKT-36C72B3F,2025-11-30 11:36:04.000,891.06,,4,180,480
147,TKT-833790D4,2025-10-23 08:06:25.000,267.25,,4,180,480
148,TKT-15EFCC8C,2026-03-16 05:35:29.000,20.7,,4,180,480
149,TKT-04CB0416,2025-10-23 10:45:27.000,331.28,381934,4,180,480
150,TKT-6A020681,2025-11-22 10:02:51.000,526.45,,4,180,480
151,TKT-A0D08A99,2025-11-30 07:49:52.000,339.98,383386,4,180,480
152,TKT-55AF84A3,2025-09-20 22:33:00.000,408.81,383500,4,180,480
153,TKT-C0EF0B41,2025-08-11 01:53:56.000,344.31,382726,4,180,480
154,TKT-ACCC9728,2025-07-24 07:53:52.000,337.9,,4,180,480
155,TKT-FFACC8FE,2026-05-02 07:32:27.000,398.71,,4,180,480
156,TKT-7DE37C34,2026-02-27 22:13:58.000,227.0,382076,4,180,480
157,TKT-47FCBE17,2026-04-27 14:42:55.000,693.59,383252,4,180,480
158,TKT-FCBB944D,2026-02-06 09:21:01.000,132.33,382590,4,180,480
159,TKT-E23E7258,2026-04-23 16:02:53.000,534.49,381887,4,180,480
160,TKT-D80B3880,2026-02-19 01:22:24.000,481.33,,4,180,480
161,TKT-B9F3EEAB,2026-02-17 22:44:23.000,385.58,382379,4,180,480
162,TKT-58D318C5,2025-11-04 22:59:58.000,283.9,382290,4,180,480
163,TKT-979C6DBD,2026-05-04 16:54:39.000,111.3,382553,4,180,480
164,TKT-CFE91E20,2025-11-25 21:32:11.000,251.71,,4,180,480
165,TKT-B8C4CB8F,2026-04-22 21:34:37.000,32.31,383161,4,180,480
166,TKT-083AE2AD,2026-05-03 02:25:36.000,528.74,381774,4,180,480
167,TKT-BCAEC35F,2026-02-23 14:34:02.000,301.99,383739,4,180,480
168,TKT-07894B7D,2025-09-07 06:09:43.000,723.27,382045,4,180,480
169,TKT-612788D7,2025-12-03 14:37:20.000,393.8,382225,4,180,480
170,TKT-C4E4BD23,2025-10-25 01:59:15.000,123.3,382333,4,180,480
171,TKT-962B2F0E,2026-04-18 11:31:46.000,53.54,382991,4,180,480
172,TKT-22E01411,2025-07-24 11:10:41.000,399.0,382631,4,180,480
173,TKT-D4C6F027,2026-02-28 13:13:18.000,24.6,,4,180,480
174,TKT-9D8D66AF,2025-10-07 05:15:11.000,196.88,383377,4,180,480
175,TKT-83F934E1,2025-09-28 02:45:02.000,215.42,382696,4,180,480
176,TKT-1AEC97ED,2026-01-07 08:45:00.000,296.8,383300,4,180,480
177,TKT-D5840D98,2025-12-03 15:07:02.000,413.27,382933,4,180,480
178,TKT-BCA565F7,2025-12-21 10:05:28.000,564.13,382240,4,180,480
179,TKT-603ED7D3,2026-01-04 18:09:49.000,248.58,382035,4,180,480
180,TKT-526CDF99,2025-10-02 18:17:57.000,326.04,382300,4,180,480
181,TKT-13ECBB39,2025-08-21 04:17:50.000,132.81,,4,180,480
182,TKT-0F384245,2025-07-24 16:40:00.000,308.5,383728,4,180,480
183,TKT-60DD39B1,2025-11-07 10:18:23.000,536.3,382536,4,180,480
184,TKT-D0EED8A4,2026-03-14 08:56:34.000,14.58,382908,4,180,480
185,TKT-584009B4,2025-08-05 17:01:15.000,34.52,,4,180,480
186,TKT-CD2E0E4C,2025-11-06 11:56:40.000,251.06,383238,4,180,480
187,TKT-906950C2,2025-09-23 07:00:30.000,116.16,382810,4,180,480
188,TKT-80CE1C4D,2025-12-01 17:00:39.000,394.08,383667,4,180,480
189,TKT-0AC80C08,2025-12-31 17:00:17.000,555.47,382422,4,180,480
190,TKT-BA04BD62,2025-10-08 05:57:50.000,70.74,383384,4,180,480
191,TKT-86272CD3,2026-04-25 04:14:49.000,567.24,383012,4,180,480
192,TKT-C10D2938,2026-04-04 16:09:57.000,538.68,383648,4,180,480
193,TKT-9D2D1CAF,2025-09-11 15:33:33.000,415.88,383381,4,180,480
194,TKT-8748EE8B,2025-11-20 08:12:13.000,573.98,603747,5,267,748
195,TKT-6D1B7FDE,2025-11-01 20:54:45.000,301.75,603646,5,267,745
196,TKT-A0C1A7EC,2026-02-16 09:00:33.000,281.64,603597,5,267,746
197,TKT-97F22EF4,2025-12-02 07:04:03.000,177.67,604334,5,267,746
198,TKT-64436E38,2026-03-12 18:16:00.000,646.03,604497,5,267,745
199,TKT-95268D76,2026-05-07 14:11:59.000,350.05,602546,5,267,745
200,TKT-05A1A665,2025-12-03 15:37:52.000,171.85,605106,5,267,745
201,TKT-8AA00C55,2026-02-16 00:40:49.000,243.29,604608,5,267,747
202,TKT-B1CFE999,2026-02-16 12:12:56.000,437.99,,5,267,745
203,TKT-DA6F43CF,2026-04-07 01:07:01.000,35.26,604785,5,267,748
204,TKT-05905575,2025-11-04 22:19:13.000,299.33,,5,267,747
205,TKT-C1DEA60A,2025-10-15 11:32:57.000,551.36,603688,5,267,748
206,TKT-FAEC11EC,2025-12-13 13:44:32.000,43.24,603057,5,267,747
207,TKT-49AF40CD,2025-09-20 10:36:42.000,186.29,604540,5,267,748
208,TKT-AF15D71B,2026-01-08 13:54:43.000,538.08,603759,5,267,746
209,TKT-03AB3DC8,2026-03-17 21:34:31.000,336.35,604254,5,267,747
210,TKT-EC644CC7,2025-11-23 07:09:33.000,533.2,,5,267,746
211,TKT-AD6AD088,2025-09-05 17:08:56.000,107.1,603955,5,267,748
212,TKT-D5A51BBB,2026-03-11 02:59:28.000,598.08,,5,267,748
213,TKT-30269CA8,2025-08-27 12:48:22.000,64.55,603321,5,267,748
214,TKT-7A1326B0,2025-10-10 03:47:35.000,554.4,602989,5,267,747
215,TKT-8575D6D4,2025-07-13 14:06:26.000,19.05,602914,5,267,745
216,TKT-9EDC2EDD,2026-03-28 15:48:17.000,783.48,602388,5,267,748
217,TKT-C916409C,2025-08-27 18:48:10.000,268.1,603867,5,267,745
218,TKT-2817A472,2025-11-15 17:51:20.000,117.9,603502,5,267,748
219,TKT-FEDB1FE7,2025-12-04 17:45:14.000,77.7,602677,5,267,747
220,TKT-3082EE27,2025-11-05 21:54:32.000,777.81,603564,5,267,747
221,TKT-36CC61C6,2026-03-19 13:43:55.000,353.14,604915,5,267,745
222,TKT-C956FC89,2026-02-11 18:43:05.000,82.88,,5,267,747
223,TKT-6D0A4C68,2026-05-04 13:31:44.000,78.1,240039,3,112,307
224,TKT-60EE344B,2025-09-08 11:20:16.000,205.28,239901,3,112,307
225,TKT-2952A8F9,2026-02-26 10:34:09.000,218.32,240391,3,112,306
226,TKT-5BE603D9,2026-01-14 21:13:30.000,330.91,239978,3,112,307
227,TKT-7D71DFFA,2026-01-28 08:01:31.000,292.36,240339,3,112,307
228,TKT-0C9D6F16,2025-10-17 12:13:12.000,201.0,240361,3,112,306
229,TKT-743F4621,2025-10-15 04:11:38.000,132.9,239098,3,112,306
230,TKT-89E490A5,2025-10-08 09:39:00.000,68.8,240528,3,112,306
231,TKT-BC111D61,2025-08-13 00:34:44.000,126.76,239534,3,112,307
232,TKT-7D9965A0,2026-03-21 05:38:07.000,187.83,238456,3,112,307
233,TKT-27964788,2025-07-26 03:25:47.000,213.76,239104,3,112,306
234,TKT-2BE16902,2025-08-08 01:00:15.000,370.4,238213,3,112,306
235,TKT-2706D469,2025-10-21 10:37:43.000,281.81,238497,3,112,306
236,TKT-1775B5EB,2026-05-07 19:58:40.000,293.61,,3,112,307
237,TKT-1785A9E9,2025-09-22 16:31:42.000,533.4,240202,3,112,306
238,TKT-D504E99E,2025-08-16 06:14:55.000,425.25,240050,3,112,306
239,TKT-ECDB2E7C,2026-04-27 17:05:00.000,190.35,239077,3,112,307
240,TKT-771A937F,2025-07-30 19:08:39.000,160.22,240140,3,112,306
241,TKT-F9DDF784,2026-02-25 00:28:35.000,213.5,238909,3,112,306
242,TKT-89AA88D8,2025-09-05 11:37:46.000,40.78,,3,112,306
243,TKT-6FAEE4B0,2025-12-31 23:04:05.000,436.72,,3,112,307
244,TKT-8B8D47E9,2026-03-19 09:49:28.000,256.9,,3,112,307
245,TKT-62A066E5,2026-04-14 14:35:16.000,148.48,239372,3,112,307
246,TKT-2AF3241F,2025-10-12 18:33:55.000,363.41,238570,3,112,307
247,TKT-3E563C10,2026-01-24 11:14:42.000,101.9,238601,3,112,307
248,TKT-CAC96F6A,2025-08-23 00:07:37.000,295.48,,3,112,306
249,TKT-35E445D1,2026-03-16 22:15:33.000,52.3,,4,169,452
250,TKT-E1B3C26E,2026-01-28 12:52:10.000,373.92,356700,4,169,452
251,TKT-9B9D2EE9,2026-02-28 19:20:07.000,59.31,357203,4,169,451
252,TKT-075BA2A4,2026-01-16 03:57:27.000,110.2,,4,169,454
253,TKT-E46A8209,2025-12-23 07:51:23.000,345.9,354341,4,169,452
254,TKT-B44466E5,2026-03-03 20:50:42.000,493.61,357718,4,169,451
255,TKT-552356B0,2025-11-12 08:24:30.000,509.1,353804,4,169,453
256,TKT-834F74C4,2025-09-30 18:45:41.000,173.72,356493,4,169,450
257,TKT-027F68F1,2025-12-24 02:12:46.000,349.92,354619,4,169,450
258,TKT-5C4970BE,2026-05-04 01:05:36.000,332.12,356523,4,169,450
259,TKT-6EF4E365,2025-08-23 17:02:08.000,286.76,354854,4,169,453
260,TKT-E57E433C,2025-09-24 22:59:49.000,92.55,354094,4,169,453
261,TKT-844AB20D,2026-01-19 03:32:11.000,91.74,355936,4,169,451
262,TKT-EC78F965,2026-03-28 07:16:08.000,491.93,355372,4,169,452
263,TKT-BAE11B67,2026-04-22 11:40:43.000,719.97,355491,4,169,454
264,TKT-9F5FA0E6,2026-01-18 09:08:26.000,143.14,,4,169,453
265,TKT-AEE5C76F,2025-08-12 10:34:50.000,207.4,353732,4,169,452
266,TKT-448D53D7,2026-01-03 20:43:36.000,140.9,,4,169,451
267,TKT-2DD9C917,2025-08-31 08:10:07.000,565.33,357319,4,169,452
268,TKT-CAF6F38B,2026-03-18 07:17:00.000,399.43,354808,4,169,451
269,TKT-EC0D381F,2025-07-20 20:42:24.000,181.55,,4,169,451
270,TKT-058D35A0,2026-03-08 06:40:19.000,234.87,355851,4,169,451
271,TKT-7713FA69,2025-11-29 17:33:41.000,33.56,357522,4,169,453
272,TKT-0B145B24,2025-08-03 11:32:58.000,216.87,354827,4,169,454
273,TKT-AED780B7,2025-10-20 18:11:56.000,544.11,354976,4,169,450
274,TKT-79806EF7,2025-11-07 09:06:07.000,222.82,356413,4,169,450
275,TKT-DA5CBD1D,2025-07-20 01:44:46.000,303.9,,4,169,452
276,TKT-F7858E21,2026-02-05 09:34:34.000,484.15,,4,169,452
277,TKT-B721A774,2025-12-17 10:34:34.000,139.87,356733,4,169,451
278,TKT-A3BAEC76,2026-03-10 01:08:10.000,527.56,,4,169,452
279,TKT-DD0C0F52,2025-07-26 00:23:57.000,446.51,355121,4,169,454
280,TKT-EC7C416D,2025-12-15 16:17:32.000,282.03,353856,4,169,452
281,TKT-2916C743,2026-01-20 11:24:50.000,115.39,357213,4,169,452
282,TKT-8CE435CB,2025-09-02 18:40:20.000,216.08,,4,169,453
283,TKT-FEC75F3D,2026-01-05 05:25:49.000,152.71,357045,4,169,454
284,TKT-28D881A4,2025-08-28 00:05:18.000,151.68,,4,169,451
285,TKT-F1CD0B9D,2025-08-04 19:14:26.000,316.72,,4,169,451
286,TKT-05098DD9,2025-10-14 09:51:04.000,263.73,353814,4,169,451
287,TKT-0025A828,2026-04-06 11:30:20.000,45.12,,4,169,452
288,TKT-03685E93,2025-10-20 13:10:06.000,73.77,354459,4,169,451
289,TKT-AA27F33B,2025-10-19 15:27:58.000,13.35,355064,4,169,452
290,TKT-518CAB2F,2025-09-16 14:00:55.000,540.05,666052,2,297,827
291,TKT-04ADACB9,2026-03-18 07:01:18.000,74.09,662981,2,297,826
292,TKT-D678185C,2025-12-27 22:11:48.000,134.22,662365,2,297,826
293,TKT-A81D969B,2026-01-06 13:13:45.000,575.83,659100,2,297,827
294,TKT-A00598E6,2026-02-12 17:47:18.000,452.63,661163,2,297,826
295,TKT-5FF82A85,2026-05-04 23:43:57.000,467.72,663026,2,297,827
296,TKT-F17789E8,2026-04-01 23:54:11.000,423.28,660043,2,297,828
297,TKT-1D7A0B97,2025-07-30 02:29:20.000,59.55,658372,2,297,826
298,TKT-8634087E,2026-01-14 00:49:59.000,175.78,660296,2,297,828
299,TKT-A1EF517F,2026-01-25 17:45:29.000,79.28,660729,2,297,827
300,TKT-96AADB4A,2025-12-27 01:23:11.000,15.8,659497,2,297,827
301,TKT-786379FC,2025-12-30 14:53:12.000,616.77,661359,2,297,827
302,TKT-C2FDA01D,2025-12-11 10:00:52.000,449.28,661660,2,297,827
303,TKT-906D0D25,2025-07-15 05:46:58.000,135.74,,2,297,827
304,TKT-2388485E,2026-04-27 14:40:18.000,426.13,664774,2,297,827
305,TKT-C9307D27,2026-04-08 19:22:57.000,222.17,659805,2,297,827
306,TKT-FE67B814,2025-10-30 04:35:33.000,93.5,,2,297,828
307,TKT-69A726B2,2026-01-08 05:11:37.000,346.7,,2,297,828
308,TKT-21FC9910,2025-09-10 11:15:14.000,481.16,661865,2,297,828
309,TKT-9103B052,2025-09-21 19:00:24.000,255.67,,2,297,828
310,TKT-0C1DDD57,2025-11-30 00:12:41.000,559.15,665083,2,297,827
311,TKT-17EFAF1A,2026-02-17 17:51:37.000,134.72,662739,2,297,827
312,TKT-06E939A7,2026-01-02 05:15:11.000,28.86,,2,297,827
313,TKT-4EEA1B62,2025-10-23 05:21:41.000,83.5,660594,2,297,826
314,TKT-65C0D588,2025-08-11 15:39:05.000,755.96,658892,2,297,826
315,TKT-27B00E15,2025-11-09 21:04:38.000,371.36,661753,2,297,827
316,TKT-13A3ADC0,2026-02-21 12:47:17.000,174.44,661624,2,297,827
317,TKT-F3BBD802,2025-10-16 00:04:26.000,127.41,,2,297,827
318,TKT-D4675B93,2026-02-05 01:03:27.000,249.33,,2,297,826
319,TKT-FD208E4E,2025-08-07 01:22:37.000,558.41,665335,2,297,826
320,TKT-96D8AFDA,2025-09-03 12:06:16.000,555.22,659658,2,297,828
321,TKT-7D02C764,2025-12-26 19:16:29.000,173.98,,2,297,828
322,TKT-665BBBEB,2025-10-06 18:07:49.000,434.69,,2,297,828
323,TKT-A86F138D,2025-11-11 22:02:37.000,198.62,663454,2,297,828
324,TKT-D20B97C8,2025-11-01 20:04:25.000,69.84,,2,297,828
325,TKT-55FC5DF2,2025-12-31 03:41:11.000,227.71,665757,2,297,827
326,TKT-66BFC5D4,2025-09-02 15:32:13.000,423.03,664903,2,297,827
327,TKT-C8648C8A,2025-10-02 19:29:33.000,88.92,,2,297,827
328,TKT-67CE4AFC,2025-08-09 15:01:38.000,513.65,663996,2,297,827
329,TKT-9D0F38E5,2025-10-08 06:55:40.000,328.75,,2,297,828
330,TKT-3B815ADA,2025-11-03 22:15:14.000,289.24,665344,2,297,827
331,TKT-32BF1867,2026-03-30 05:58:12.000,485.25,665740,2,297,827
332,TKT-935D48A9,2025-11-05 22:41:00.000,401.17,,3,116,314
333,TKT-5D43B3D3,2026-04-22 10:54:25.000,182.84,,3,116,314
334,TKT-0FA5311C,2025-07-16 04:17:49.000,570.14,245768,3,116,314
335,TKT-DF24AB02,2026-01-03 21:34:26.000,123.84,245790,3,116,314
336,TKT-929A7CB5,2025-10-16 10:20:30.000,124.56,245921,3,116,314
337,TKT-6EF19452,2026-04-14 12:08:07.000,751.52,,3,116,314
338,TKT-438C9A14,2025-09-10 08:34:24.000,607.14,,3,116,314
339,TKT-2F68D13B,2026-04-12 01:38:05.000,222.04,,3,116,314
340,TKT-AEB5E59A,2025-09-10 11:52:03.000,471.41,,3,116,314
341,TKT-D2A25238,2026-04-11 18:11:23.000,569.58,246301,3,116,314
342,TKT-43CA7BE8,2026-02-10 14:43:44.000,416.65,245810,3,116,314
343,TKT-79879F30,2025-12-06 15:05:57.000,246.87,,3,116,314
344,TKT-20CD79B5,2025-08-18 19:09:08.000,578.24,,3,116,314
345,TKT-2F38DB83,2025-09-26 17:10:46.000,174.94,246437,3,116,314
346,TKT-5492457D,2026-02-06 23:37:51.000,349.77,245978,3,116,314
347,TKT-89624465,2025-10-26 05:42:12.000,288.16,,3,116,314
348,TKT-D903F17A,2026-05-02 06:42:34.000,274.36,245970,3,116,314
349,TKT-C5A3C3E4,2025-11-18 23:53:29.000,598.71,246369,3,116,314
350,TKT-33F03422,2026-02-28 06:04:08.000,17.4,246038,3,116,314
351,TKT-86961AE1,2025-08-15 01:58:42.000,202.28,246210,3,116,314
352,TKT-28F5E4C7,2026-03-21 10:11:24.000,210.98,246496,3,116,314
353,TKT-385DCB7A,2026-03-30 11:26:56.000,655.76,245896,3,116,314
354,TKT-FAED635A,2026-03-09 23:30:15.000,294.31,,3,116,314
355,TKT-E104DFA3,2025-09-08 18:43:07.000,327.92,246552,3,116,314
356,TKT-A3F84857,2025-08-12 22:18:12.000,74.28,246537,3,116,314
357,TKT-42C34F97,2025-07-20 10:14:25.000,26.35,,3,116,314
358,TKT-7BEAFA47,2026-03-22 17:09:23.000,457.43,55129,2,27,76
359,TKT-29313CC0,2025-09-20 01:24:42.000,134.24,55669,2,27,74
360,TKT-A91C10B5,2026-04-13 06:06:25.000,401.78,54918,2,27,76
361,TKT-0EB42976,2025-08-12 09:43:15.000,494.17,54753,2,27,73
362,TKT-58DAB53B,2025-10-22 18:31:20.000,421.9,57109,2,27,77
363,TKT-47C7DCDB,2025-08-19 18:15:25.000,403.11,56646,2,27,77
364,TKT-32DCBCE1,2025-10-25 05:07:25.000,489.04,55962,2,27,75
365,TKT-3A185714,2026-03-05 16:54:08.000,261.46,55671,2,27,73
366,TKT-0168988C,2025-10-01 05:29:25.000,195.45,55244,2,27,75
367,TKT-8963A92D,2025-07-17 22:32:48.000,348.27,53560,2,27,73
368,TKT-84867F9A,2026-01-30 11:17:33.000,378.8,,2,27,76
369,TKT-AAAEAF11,2025-08-15 06:31:25.000,758.95,57176,2,27,76
370,TKT-0D8E001E,2025-10-01 07:25:43.000,678.14,56111,2,27,75
371,TKT-86D8CC65,2025-08-05 07:34:11.000,342.4,,2,27,77
372,TKT-3F07F635,2026-02-10 22:44:19.000,105.76,52696,2,27,77
373,TKT-A91F5C94,2026-01-02 07:08:26.000,137.89,54069,2,27,77
374,TKT-272391C1,2025-12-24 02:41:41.000,524.78,57494,2,27,75
375,TKT-04EC7439,2026-04-12 00:43:22.000,520.38,58054,2,27,75
376,TKT-12F1894B,2025-11-21 12:16:17.000,43.2,57738,2,27,73
377,TKT-AB5FF40B,2025-07-25 15:16:57.000,218.18,,2,27,73
378,TKT-04FE9742,2026-02-15 08:03:38.000,167.84,54823,2,27,77
379,TKT-1F7876D5,2026-04-25 07:54:30.000,108.27,,2,27,77
380,TKT-526CE7C9,2026-02-02 14:38:14.000,130.4,,2,27,76
381,TKT-111D4744,2025-10-17 05:48:32.000,384.85,,2,27,73
382,TKT-088EC5BE,2026-02-08 10:00:56.000,39.33,,2,27,73
383,TKT-0FBFB33E,2026-04-23 06:16:05.000,542.0,53738,2,27,73
384,TKT-8997D024,2026-02-02 07:46:06.000,343.18,52560,2,27,75
385,TKT-4A1F13DB,2025-11-19 08:25:19.000,414.44,56079,2,27,76
386,TKT-E830EBBA,2026-04-26 06:53:16.000,595.14,,2,27,77
387,TKT-1177AF24,2026-02-13 10:20:58.000,262.43,57471,2,27,77
388,TKT-24E7A906,2025-07-13 04:16:39.000,372.67,57199,2,27,74
389,TKT-154676B3,2025-10-26 21:23:56.000,195.85,54916,2,27,77
390,TKT-3D59453E,2025-08-13 05:51:35.000,703.81,57823,2,27,73
391,TKT-8E411265,2026-01-17 16:19:48.000,72.08,45236,1,24,64
392,TKT-602B8B1B,2026-04-11 20:01:54.000,146.7,47535,1,24,67
393,TKT-9EA544BA,2026-04-05 12:58:32.000,562.85,42840,1,24,63
394,TKT-012C2BCD,2025-09-27 00:46:55.000,518.71,,1,24,61
395,TKT-F9E8DCE2,2025-07-15 05:44:27.000,631.0,45638,1,24,65
396,TKT-B4FAA7DC,2026-04-02 07:25:24.000,385.85,42512,1,24,64
397,TKT-A235FB25,2025-07-19 09:30:08.000,181.28,44356,1,24,64
398,TKT-0D8A2541,2026-04-06 11:20:17.000,520.52,47380,1,24,68
399,TKT-95878D10,2025-09-21 14:16:51.000,178.27,42843,1,24,62
400,TKT-F5D071F7,2025-10-17 13:19:36.000,204.87,,1,24,67
401,TKT-1575051B,2026-02-27 21:23:04.000,127.8,47377,1,24,62
402,TKT-5995E2E1,2026-01-26 22:33:07.000,169.36,,1,24,62
403,TKT-9317067C,2026-05-05 03:18:46.000,317.85,43337,1,24,65
404,TKT-8608EC13,2026-01-22 04:58:26.000,748.66,46738,1,24,63
405,TKT-7BD56326,2026-03-25 14:26:43.000,199.07,46888,1,24,61
406,TKT-F02E12A6,2026-01-02 04:57:02.000,132.56,46133,1,24,66
407,TKT-638D2A73,2025-08-26 05:19:41.000,223.65,44191,1,24,68
408,TKT-7E8010E5,2025-11-02 15:33:59.000,309.24,42360,1,24,66
409,TKT-3A2FFF31,2026-05-05 20:34:03.000,520.27,,1,24,61
410,TKT-DC8CC971,2026-03-10 02:06:22.000,127.04,,1,24,65
411,TKT-8A6BC74F,2025-08-08 15:07:06.000,63.12,44027,1,24,65
412,TKT-5D18A5B0,2025-12-22 23:07:27.000,525.74,43875,1,24,67
413,TKT-3FCF8F25,2025-10-12 12:26:33.000,408.93,,1,24,63
414,TKT-38FFD2FF,2026-01-30 12:29:25.000,210.24,46310,1,24,64
415,TKT-269C9A96,2025-10-02 15:14:28.000,497.49,46264,1,24,68
416,TKT-1ADF00F3,2025-12-17 16:43:55.000,758.04,,1,24,66
417,TKT-16EE5C71,2026-02-21 11:10:48.000,121.26,45185,1,24,64
418,TKT-C0876A07,2025-11-14 15:15:45.000,695.84,44480,1,24,62
419,TKT-DB1E83CC,2026-01-21 02:19:17.000,203.16,42945,1,24,65
420,TKT-BCB86B01,2025-08-03 20:13:41.000,7.57,45039,1,24,64
421,TKT-0542AA10,2025-10-18 07:01:04.000,390.76,44444,1,24,61
422,TKT-14B2023F,2025-09-19 19:14:34.000,492.5,43527,1,24,67
423,TKT-643C70D5,2026-03-01 13:13:32.000,386.37,45095,1,24,62
424,TKT-D093D827,2026-02-03 21:39:07.000,321.68,42551,1,24,66
425,TKT-475F2D11,2026-03-28 03:20:56.000,487.58,45738,1,24,67
426,TKT-68939F0B,2025-10-15 02:17:54.000,456.75,47006,1,24,67
427,TKT-FC0561D7,2025-07-18 18:33:05.000,105.94,46003,1,24,65
428,TKT-7611D5E1,2026-04-10 20:27:06.000,79.3,42524,1,24,63
429,TKT-A7E6276C,2026-03-10 02:59:59.000,426.01,43212,1,24,63
430,TKT-6706225A,2025-12-16 08:22:57.000,306.0,,5,150,397
431,TKT-C738EBEA,2026-02-04 21:32:20.000,268.48,314349,5,150,398
432,TKT-0DA86FA9,2025-08-08 17:36:45.000,545.96,314211,5,150,399
433,TKT-39B84211,2025-12-22 11:25:41.000,189.39,,5,150,398
434,TKT-F1F913F8,2025-10-20 19:51:38.000,145.76,314092,5,150,398
435,TKT-D1F67ACE,2026-04-15 20:44:54.000,308.95,314181,5,150,398
436,TKT-688A25C8,2026-03-07 14:42:42.000,16.32,314661,5,150,397
437,TKT-8A51DFC5,2026-01-09 19:44:08.000,32.85,314794,5,150,399
438,TKT-87DEFC59,2025-12-21 10:01:13.000,266.25,,5,150,398
439,TKT-3D981EB5,2025-08-29 08:32:25.000,84.39,,5,150,396
440,TKT-C8096440,2025-10-17 14:37:55.000,191.35,,5,150,396
441,TKT-F7C31D9E,2025-08-30 20:58:57.000,223.4,,5,150,396
442,TKT-7CB9DADE,2026-04-24 05:24:17.000,398.82,,5,150,396
443,TKT-E7C33197,2025-09-11 17:56:12.000,76.48,314232,5,150,397
444,TKT-95018395,2025-08-01 12:38:01.000,141.22,,5,150,398
445,TKT-870AB08E,2025-10-25 20:11:12.000,424.05,314195,5,150,398
446,TKT-3E1A199D,2025-07-25 02:44:27.000,295.64,314763,5,150,399
447,TKT-16BCD276,2025-12-06 12:24:09.000,246.4,314721,5,150,397
448,TKT-15399942,2025-11-03 21:28:26.000,62.42,,5,150,399
449,TKT-E6A6A60F,2026-03-08 12:12:59.000,148.06,314752,5,150,398
450,TKT-7BED7E78,2026-03-29 13:04:05.000,310.44,314352,5,150,397
451,TKT-24A5B12E,2025-11-07 09:44:08.000,369.26,,5,150,397
452,TKT-A14CC828,2026-02-26 22:21:28.000,234.2,,5,150,397
453,TKT-75F18026,2026-02-24 08:19:51.000,291.95,,5,150,399
454,TKT-9EAE62A1,2026-04-14 19:40:32.000,510.96,,5,150,399
455,TKT-467C4F4D,2025-12-31 14:31:49.000,145.26,314203,5,150,398
456,TKT-0B87B66F,2026-01-14 16:32:56.000,409.43,,5,150,397
457,TKT-E37E91D4,2026-05-07 13:41:26.000,605.76,,5,150,396
458,TKT-79937907,2025-07-15 01:59:20.000,298.84,,5,150,399
459,TKT-6A6AFD6C,2025-07-25 16:41:35.000,381.12,314584,5,150,396
460,TKT-F8CF0767,2025-10-11 13:59:47.000,211.56,314174,5,150,396
461,TKT-FF4E128C,2026-04-03 19:19:48.000,132.08,314008,5,150,397
462,TKT-57AEC0DA,2025-08-19 00:32:46.000,474.28,314686,5,150,396
463,TKT-177AFF0F,2026-04-06 01:01:02.000,403.4,,5,150,399
464,TKT-06E85CD8,2025-12-02 08:03:52.000,239.84,314279,5,150,397
465,TKT-2C006A1C,2026-03-09 13:01:00.000,248.02,,5,150,397
466,TKT-F15FA74E,2026-04-13 02:41:59.000,21.03,233971,1,109,297
467,TKT-B393D2D1,2025-10-18 23:35:51.000,6.76,235246,1,109,294
468,TKT-A940F93B,2026-04-09 18:31:46.000,196.12,233952,1,109,296
469,TKT-76F931F4,2025-11-08 12:18:56.000,488.78,235590,1,109,296
470,TKT-9B0A23CA,2025-09-08 22:38:43.000,279.6,235651,1,109,295
471,TKT-A50C5E4C,2026-05-01 02:53:30.000,119.0,234546,1,109,297
472,TKT-A8DF43F5,2025-12-05 08:24:35.000,130.35,235027,1,109,296
473,TKT-756457A5,2025-10-17 10:41:56.000,228.12,235524,1,109,294
474,TKT-F68E7957,2025-09-30 12:59:27.000,449.82,234770,1,109,298
475,TKT-965226FA,2025-07-16 15:48:34.000,405.85,,1,109,296
476,TKT-7567F71A,2025-08-11 00:43:17.000,474.99,234029,1,109,294
477,TKT-52E23289,2025-09-12 03:53:57.000,413.63,233803,1,109,295
478,TKT-CC300A98,2026-03-02 18:13:29.000,26.52,234439,1,109,295
479,TKT-955C3F53,2025-09-27 10:32:34.000,153.4,234377,1,109,294
480,TKT-7DE56589,2026-02-04 14:02:18.000,506.35,234478,1,109,298
481,TKT-C51113F9,2026-03-03 04:22:17.000,263.66,235492,1,109,294
482,TKT-06EE6F01,2025-11-10 03:51:09.000,840.38,234898,1,109,297
483,TKT-5C197D57,2026-04-21 04:20:24.000,384.08,,1,109,295
484,TKT-1E7754A8,2025-07-15 12:08:08.000,500.28,234258,1,109,297
485,TKT-611D1011,2026-04-09 15:05:23.000,524.42,,1,109,295
486,TKT-59B8A276,2026-03-06 21:28:23.000,85.16,233763,1,109,295
487,TKT-148F59A8,2025-08-04 00:41:46.000,233.94,232494,1,109,298
488,TKT-56E7C149,2025-10-25 19:05:11.000,377.38,235271,1,109,294
489,TKT-10CFA286,2025-09-17 12:07:44.000,271.88,234359,1,109,297
490,TKT-F30412B2,2026-02-15 16:58:19.000,80.65,234892,1,109,297
491,TKT-EB187D88,2026-02-08 07:34:28.000,94.61,235362,1,109,298
492,TKT-C3863076,2025-09-15 18:46:26.000,407.68,232035,1,109,298
493,TKT-4EC35505,2025-12-25 15:42:50.000,221.02,,1,109,294
494,TKT-A81E0E0E,2026-01-19 18:09:40.000,334.21,902088,5,424,1126
495,TKT-2112AA6D,2026-03-27 20:50:04.000,411.63,,5,424,1125
496,TKT-CD41C3FB,2025-07-25 14:20:44.000,324.65,,5,424,1126
497,TKT-54D8840D,2025-10-25 21:27:15.000,451.64,901176,5,424,1126
498,TKT-9AE29EE9,2025-07-14 05:12:14.000,383.83,902182,5,424,1126
499,TKT-C6CC0ED1,2026-01-15 03:24:32.000,78.42,,5,424,1125
500,TKT-310318E6,2026-01-19 23:29:25.000,111.6,901392,5,424,1125
501,TKT-E585DCE9,2025-12-01 21:09:57.000,721.06,,5,424,1125
502,TKT-FC5CFA08,2025-08-12 20:29:06.000,285.33,902536,5,424,1126
503,TKT-67C0315B,2025-11-12 03:09:28.000,347.22,,5,424,1126
504,TKT-0083A9ED,2025-10-08 13:46:24.000,245.58,902944,5,424,1126
505,TKT-9C9F8790,2026-02-15 01:51:55.000,684.62,901270,5,424,1125
506,TKT-0F07F07B,2025-11-17 05:30:38.000,135.66,900930,5,424,1126
507,TKT-8A071192,2025-10-17 17:09:09.000,445.47,,5,424,1125
508,TKT-A1B6F066,2025-08-08 13:24:31.000,227.2,901060,5,424,1126
509,TKT-B5A7BD58,2025-07-23 10:19:46.000,163.52,902439,5,424,1125
510,TKT-491D38AA,2026-01-16 20:08:53.000,219.9,901369,5,424,1126
511,TKT-8A826D74,2026-02-08 01:42:33.000,551.41,902886,5,424,1125
512,TKT-29E78DEF,2026-01-22 02:26:00.000,207.41,,5,424,1125
513,TKT-BA3F5017,2026-01-05 14:36:48.000,236.76,,5,424,1126
514,TKT-9A2C2D38,2025-10-23 22:34:38.000,69.31,901016,5,424,1125
515,TKT-43E583CC,2025-10-20 23:06:57.000,584.89,902479,5,424,1125
516,TKT-0985B6D0,2026-04-05 21:42:53.000,11.84,901855,5,424,1125
517,TKT-40D09E49,2025-10-17 07:57:23.000,468.22,,5,424,1125
518,TKT-20A0BD84,2025-10-02 01:12:03.000,286.51,902644,5,424,1125
519,TKT-0C9956BD,2025-12-17 15:45:44.000,248.35,901496,5,424,1125
520,TKT-5D364D7E,2026-04-02 16:28:12.000,247.12,901834,5,424,1125
521,TKT-F7542CDC,2026-01-27 23:18:36.000,224.18,,5,424,1125
522,TKT-9380073D,2026-04-23 04:27:00.000,325.71,901343,5,424,1125
523,TKT-2AF39F6A,2025-11-24 07:03:34.000,306.61,,1,481,1263
524,TKT-D5469874,2026-03-06 19:33:03.000,170.09,1025315,1,481,1266
525,TKT-16F557E1,2025-12-17 13:33:41.000,325.0,1025503,1,481,1263
526,TKT-CA3D192F,2025-12-25 06:43:07.000,29.12,1026144,1,481,1267
527,TKT-194A70AB,2026-05-02 06:17:29.000,275.58,1024388,1,481,1262
528,TKT-5D13678D,2025-12-28 12:01:37.000,726.03,1026231,1,481,1263
529,TKT-32DCCEFF,2026-02-06 19:14:15.000,187.07,1025276,1,481,1261
530,TKT-B0487DA0,2025-10-28 22:33:37.000,259.84,1025592,1,481,1263
531,TKT-54B73EE9,2026-04-13 20:25:06.000,215.93,1025226,1,481,1262
532,TKT-4D28A823,2026-02-21 00:40:58.000,266.35,,1,481,1266
533,TKT-73416A3E,2025-10-14 09:21:35.000,535.03,,1,481,1262
534,TKT-F36BBE6D,2025-10-01 21:08:42.000,305.49,1024167,1,481,1263
535,TKT-A90945C6,2026-03-20 22:46:35.000,235.63,,1,481,1266
536,TKT-D8A0F617,2025-07-21 17:00:55.000,63.55,1025628,1,481,1264
537,TKT-B49E46C3,2026-05-02 14:38:10.000,12.31,,1,481,1266
538,TKT-9264B231,2025-11-09 22:24:11.000,44.3,1024429,1,481,1262
539,TKT-21EFE1BD,2026-03-28 01:20:02.000,313.16,1024501,1,481,1265
540,TKT-F4AB11FD,2025-08-15 21:18:04.000,230.76,1024541,1,481,1264
541,TKT-5A210BAF,2026-03-18 22:57:55.000,19.88,1025447,1,481,1261
542,TKT-2985F28D,2026-01-20 16:14:15.000,49.15,1025452,1,481,1265
543,TKT-45546A45,2026-03-15 09:57:33.000,719.6,1024689,1,481,1267
544,TKT-B91357A8,2025-10-24 01:38:27.000,115.61,1024825,1,481,1267
545,TKT-E41C1DB1,2026-01-13 07:39:55.000,588.83,1026117,1,481,1265
546,TKT-921469B9,2025-11-29 16:38:31.000,269.43,1025044,1,481,1263
547,TKT-92ED17E1,2026-05-07 23:09:17.000,136.65,1024325,1,481,1263
548,TKT-A41A6BA4,2026-01-20 13:36:33.000,197.37,,1,481,1262
549,TKT-7818ECF0,2026-04-03 15:41:34.000,255.38,1024383,1,481,1264
550,TKT-EF13AF07,2025-08-30 14:14:34.000,34.57,1025786,1,481,1262
551,TKT-721B1E1A,2025-09-21 04:46:59.000,540.94,1024212,1,481,1265
552,TKT-FF69435C,2025-09-25 11:38:01.000,213.8,1026136,1,481,1263
553,TKT-48478209,2025-10-08 00:27:01.000,335.31,1024397,1,481,1267
554,TKT-77B798A1,2025-10-13 02:19:09.000,295.0,1025455,1,481,1261
555,TKT-9007425F,2026-02-25 23:10:31.000,65.8,,1,481,1262
556,TKT-826F607A,2025-10-29 07:23:24.000,46.0,1026062,1,481,1261
557,TKT-E07D42D7,2026-04-24 09:50:19.000,7.98,1025711,1,481,1265
558,TKT-EAF86D1B,2026-03-11 08:37:41.000,424.16,1024234,1,481,1263
559,TKT-9F59AE94,2026-03-21 10:59:06.000,768.99,1025479,1,481,1264
560,TKT-1F46A835,2025-09-15 05:15:26.000,198.35,1024705,1,481,1265
561,TKT-55D79C5F,2025-11-01 11:42:19.000,385.89,,1,481,1265
562,TKT-4E16BB2D,2026-01-19 19:49:38.000,15.98,,1,481,1264
563,TKT-782C5EC2,2025-07-19 06:42:27.000,379.34,1025365,1,481,1263
564,TKT-B5E18950,2026-04-13 18:39:31.000,703.97,,1,481,1262
565,TKT-14E47510,2025-11-18 18:49:40.000,64.56,1025510,1,481,1264
566,TKT-1E76398C,2025-12-19 06:40:19.000,606.09,,1,481,1266
567,TKT-1A24C60F,2025-12-16 23:00:38.000,212.32,1024336,1,481,1267
568,TKT-E840C552,2026-01-20 09:02:34.000,228.95,1025302,1,481,1267
569,TKT-242623BE,2025-10-07 03:54:09.000,376.76,1026274,1,481,1266
570,TKT-573875DA,2025-09-15 16:01:03.000,638.19,,1,481,1264
571,TKT-2BD06F78,2025-08-01 16:17:27.000,670.09,,1,481,1262
572,TKT-FD4075FD,2025-09-27 02:41:47.000,382.53,,1,481,1262
573,TKT-5C7FEBE1,2025-07-21 07:13:49.000,196.41,1025338,1,481,1265
574,TKT-427DC339,2025-09-05 02:37:11.000,210.48,1025521,1,481,1263
575,TKT-2FBA06C0,2025-09-02 08:51:09.000,662.01,1025872,1,481,1266
576,TKT-2F988F2B,2025-11-03 17:04:48.000,64.86,,3,298,829
577,TKT-B4A96653,2025-11-04 22:42:57.000,531.61,,3,298,829
578,TKT-3F013D7F,2025-11-24 08:21:28.000,137.58,666629,3,298,829
579,TKT-BBB75A1A,2025-08-09 10:14:13.000,278.47,,3,298,829
580,TKT-6B44355F,2026-03-23 19:29:17.000,497.66,,3,298,829
581,TKT-ABBE43BF,2025-09-02 06:13:53.000,346.6,666800,3,298,829
582,TKT-CAB2DA3C,2025-08-28 21:58:10.000,102.19,,3,298,829
583,TKT-66118459,2025-11-18 06:52:30.000,157.42,666520,3,298,829
584,TKT-31416B91,2026-02-25 21:47:35.000,299.72,,3,298,829
585,TKT-72A7791A,2025-08-01 07:57:51.000,348.1,666764,3,298,829
586,TKT-A972892B,2026-04-06 16:50:19.000,320.85,666577,3,298,829
587,TKT-A85CC0F3,2025-12-13 20:51:58.000,111.22,666802,3,298,829
588,TKT-C2E89CF2,2025-09-08 06:14:15.000,264.52,,3,298,829
589,TKT-A6EEF23A,2025-07-14 16:51:56.000,365.44,666375,3,298,829
590,TKT-827FF92A,2026-04-04 09:18:50.000,86.31,,3,298,829
591,TKT-5EF92B7D,2026-03-10 01:16:49.000,171.69,,3,298,829
592,TKT-E9310873,2025-12-29 00:08:40.000,638.22,666653,3,298,829
593,TKT-7353AFF0,2025-08-16 23:13:04.000,639.74,666188,3,298,829
594,TKT-19042A2F,2025-11-13 18:19:56.000,495.83,666344,3,298,829
595,TKT-C709BB30,2026-02-24 05:30:00.000,95.78,,3,298,829
596,TKT-0FC29A20,2026-03-05 16:37:45.000,258.5,666230,3,298,829
597,TKT-891CAD83,2025-10-16 04:26:27.000,275.86,,3,298,829
598,TKT-C2ACA437,2025-11-12 11:21:32.000,413.6,,3,298,829
599,TKT-D7C72C49,2026-04-27 17:19:54.000,156.87,666579,3,298,829
600,TKT-213C5169,2026-02-15 10:08:28.000,400.88,666810,3,298,829
601,TKT-68E69333,2025-08-28 21:38:46.000,19.47,,3,298,829
602,TKT-3C956191,2025-08-23 09:47:29.000,515.08,,3,298,829
603,TKT-A5CCEE00,2026-04-16 07:29:13.000,677.9,666305,3,298,829
604,TKT-FD4397DC,2025-10-29 18:05:04.000,215.75,666655,3,298,829
605,TKT-83B1DE6F,2026-02-01 06:01:44.000,187.07,666633,3,298,829
606,TKT-8697E71F,2026-03-13 10:47:07.000,54.84,666680,3,298,829
607,TKT-8F171878,2025-09-22 16:16:38.000,381.95,666679,3,298,829
608,TKT-455BDB1C,2025-09-16 19:38:20.000,252.33,666304,3,298,829
609,TKT-057B064C,2025-08-18 23:10:40.000,6.58,,3,298,829
610,TKT-0656D369,2025-12-16 22:51:35.000,303.88,,3,298,829
611,TKT-C4FDA6C7,2026-04-24 02:01:23.000,420.62,666267,3,298,829
612,TKT-444B1A80,2026-04-04 06:26:16.000,113.8,666436,3,298,829
613,TKT-7ED0BBBB,2025-08-17 01:04:07.000,433.0,,3,298,829
614,TKT-45E6D1D5,2025-09-29 02:20:14.000,86.38,,3,298,829
615,TKT-6061D458,2025-10-21 00:21:53.000,183.93,666200,3,298,829
616,TKT-D45B4765,2025-11-19 15:28:13.000,404.98,666513,3,298,829
617,TKT-4031CF5F,2025-10-21 19:14:57.000,484.41,666809,3,298,829
618,TKT-365F5AF7,2026-03-25 10:54:28.000,582.62,,3,298,829
619,TKT-DA3ABAA2,2025-10-29 04:54:27.000,652.73,666436,3,298,829
620,TKT-469438AA,2026-03-12 15:40:03.000,477.32,666304,3,298,829
621,TKT-A4D514AD,2025-10-16 13:08:40.000,357.22,,3,298,829
622,TKT-D868B111,2026-04-22 20:47:56.000,253.08,666728,3,298,829
623,TKT-2A811EF0,2025-07-26 17:15:25.000,407.17,666408,3,298,829
624,TKT-0FD1A50F,2026-01-02 01:20:06.000,221.34,666731,3,298,829
625,TKT-1A19715F,2025-10-17 03:32:37.000,153.0,,3,298,829
626,TKT-6AECB953,2025-11-26 01:48:35.000,517.31,666726,3,298,829
627,TKT-7D3E52D9,2025-07-25 13:51:00.000,767.49,,3,298,829
628,TKT-7431F8A8,2026-04-01 01:03:09.000,259.92,666209,3,298,829
629,TKT-38F3729E,2026-04-22 10:00:10.000,145.08,666493,3,298,829
630,TKT-097AE608,2025-11-14 10:32:41.000,84.54,745273,1,336,927
631,TKT-7ED8A5CA,2026-03-02 18:16:37.000,217.84,743714,1,336,926
632,TKT-B3FABA7F,2026-05-08 19:32:01.000,47.8,,1,336,926
633,TKT-D90779A8,2025-09-01 00:09:37.000,459.61,745772,1,336,926
634,TKT-AEF35454,2025-12-30 02:50:38.000,26.1,743944,1,336,927
635,TKT-B77EEE84,2025-12-16 23:27:01.000,413.17,,1,336,929
636,TKT-015AB68C,2025-09-06 18:38:12.000,186.01,745784,1,336,929
637,TKT-CBA7CF2A,2026-04-26 00:50:30.000,294.55,744673,1,336,929
638,TKT-CCCC9FFF,2025-12-05 21:51:56.000,201.2,743818,1,336,928
639,TKT-A9765F0C,2025-09-15 08:04:19.000,421.76,745321,1,336,928
640,TKT-41725201,2026-03-30 23:57:09.000,638.85,744194,1,336,926
641,TKT-60332BC0,2025-10-21 05:54:42.000,380.07,,1,336,926
642,TKT-CCAB2928,2025-12-27 08:47:09.000,436.14,744063,1,336,927
643,TKT-0C52103F,2026-02-22 01:49:37.000,165.79,,1,336,926
644,TKT-8A047919,2026-01-20 22:57:05.000,568.98,744705,1,336,927
645,TKT-0788FCC2,2025-09-10 08:18:01.000,455.77,743337,1,336,927
646,TKT-E804022E,2025-09-04 10:13:50.000,190.89,,1,336,928
647,TKT-FEB21E34,2026-01-09 01:24:33.000,282.05,744322,1,336,926
648,TKT-BB71C99B,2026-04-29 03:24:45.000,308.43,745554,1,336,926
649,TKT-AB1F5EB1,2026-01-25 01:42:09.000,194.64,745503,1,336,929
650,TKT-099BA965,2025-07-28 20:15:57.000,264.97,744177,1,336,926
651,TKT-9E447410,2025-08-02 10:48:56.000,87.34,743319,1,336,929
652,TKT-9E01CD71,2026-04-23 04:22:47.000,258.07,744220,1,336,927
653,TKT-83955D18,2026-04-11 05:27:25.000,68.44,745441,1,336,926
654,TKT-9DFAD43D,2025-07-15 13:01:54.000,130.76,,1,336,929
655,TKT-4B38783D,2026-03-15 15:31:03.000,87.81,744442,1,336,927
656,TKT-BA01A360,2025-11-07 23:41:56.000,722.88,,1,336,928
657,TKT-B135B18B,2025-07-30 09:30:59.000,261.68,745792,1,336,929
658,TKT-7CC83F84,2026-02-13 21:20:49.000,186.84,,1,336,928
659,TKT-02DDE062,2025-10-03 08:26:00.000,289.04,743332,1,336,929
660,TKT-4D48FD31,2025-08-30 22:14:57.000,310.05,744820,1,336,929
661,TKT-633D0870,2026-04-25 11:59:55.000,95.96,,1,336,928
662,TKT-83DF652F,2025-07-31 15:46:43.000,497.04,743478,1,336,926
663,TKT-D3541EB6,2025-11-23 20:04:22.000,654.45,744220,1,336,927
664,TKT-B8ACFE40,2025-08-09 12:15:36.000,171.4,744271,1,336,926
665,TKT-6CD607D5,2026-04-01 12:47:04.000,237.29,745524,1,336,927
666,TKT-FA3BBB44,2026-01-06 05:47:32.000,215.91,743507,1,336,929
667,TKT-7857DC75,2026-03-15 21:12:09.000,577.56,,1,336,926
668,TKT-FCDDBBFD,2026-03-14 13:09:04.000,513.89,744677,1,336,926
669,TKT-678144A3,2026-04-15 13:56:27.000,166.44,744720,1,336,928
670,TKT-61882F5F,2025-07-20 07:04:45.000,348.88,743349,1,336,926
671,TKT-1EA5B489,2025-11-07 02:42:58.000,830.66,743378,1,336,927
672,TKT-06F72929,2026-01-14 11:56:42.000,76.77,745597,1,336,929
673,TKT-DFDE6C63,2025-11-28 03:13:32.000,321.3,745393,1,336,929
674,TKT-C954FFAC,2026-02-02 17:49:38.000,187.18,744190,1,336,929
675,TKT-73BFADD3,2026-02-03 09:06:46.000,73.42,744686,1,336,926
676,TKT-760306AA,2025-08-07 10:24:54.000,546.27,,1,336,928
677,TKT-6073E0E2,2025-09-12 01:37:40.000,401.91,,1,336,927
678,TKT-D2B08360,2025-08-18 21:40:11.000,22.84,745169,1,336,926
679,TKT-7C26B55C,2026-03-31 21:43:31.000,15.48,743787,1,336,929
680,TKT-AF4B4D69,2025-08-10 13:06:57.000,397.82,745770,1,336,926
681,TKT-12063519,2025-07-14 14:01:30.000,59.62,744919,1,336,929
682,TKT-F5D18D51,2025-09-28 14:46:08.000,682.95,744760,1,336,929
683,TKT-D0DD745B,2026-01-15 00:17:37.000,406.81,744992,1,336,928
684,TKT-EE1EA267,2026-01-31 23:37:48.000,576.95,,1,336,928
685,TKT-28CDF869,2026-03-20 03:31:28.000,472.73,743822,1,336,926
686,TKT-A9093C6D,2026-03-07 18:31:13.000,268.47,,1,336,926
687,TKT-5CED01AA,2026-02-13 06:33:38.000,397.3,,3,161,430
688,TKT-97A67DC7,2025-10-01 08:01:40.000,194.04,343210,3,161,430
689,TKT-36631724,2026-01-30 16:33:27.000,599.01,343630,3,161,430
690,TKT-12F58C83,2026-03-12 16:55:13.000,21.18,343652,3,161,430
691,TKT-96C5305F,2025-10-18 19:41:16.000,208.66,343476,3,161,430
692,TKT-FBB20480,2026-05-07 20:46:02.000,182.0,341800,3,161,430
693,TKT-58490364,2025-10-14 10:19:22.000,638.74,342452,3,161,430
694,TKT-A90054D6,2026-02-09 04:47:12.000,181.3,343077,3,161,430
695,TKT-84D7B2F6,2026-04-04 01:53:33.000,854.15,,3,161,430
696,TKT-979A0258,2026-02-17 10:44:20.000,94.19,343377,3,161,430
697,TKT-0D98D927,2026-01-01 06:21:21.000,106.01,,3,161,430
698,TKT-BC9BCA6B,2025-11-29 00:29:47.000,248.2,341761,3,161,430
699,TKT-8AD31C77,2025-09-10 02:25:05.000,219.45,341850,3,161,430
700,TKT-93EE3E00,2025-12-04 05:31:04.000,300.91,342399,3,161,430
701,TKT-37AF2DBE,2026-03-05 03:21:43.000,54.81,341807,3,161,430
702,TKT-C5E3CC3D,2026-02-12 21:32:41.000,102.52,,3,161,430
703,TKT-663BB271,2025-09-25 20:23:59.000,312.24,342959,3,161,430
704,TKT-015C65C3,2026-04-10 03:46:57.000,736.65,,3,161,430
705,TKT-E47BB9E4,2026-01-15 20:24:34.000,425.01,342484,3,161,430
706,TKT-53A10BF5,2025-12-24 03:26:39.000,248.6,342874,3,161,430
707,TKT-BC9D4729,2025-10-27 23:29:49.000,369.23,,3,161,430
708,TKT-E2E72E15,2025-12-02 19:16:11.000,167.02,341795,3,161,430
709,TKT-03B36B8B,2025-10-14 03:00:29.000,502.75,342857,3,161,430
710,TKT-1E72F812,2025-10-11 01:09:02.000,567.21,,1,230,642
711,TKT-97D5B63D,2025-12-13 15:59:54.000,595.75,,1,230,642
712,TKT-057165DA,2025-10-15 07:37:07.000,349.09,,1,230,641
713,TKT-C5EC7C6D,2026-03-16 01:21:54.000,300.32,512006,1,230,641
714,TKT-26213213,2025-10-29 22:07:02.000,225.66,512985,1,230,641
715,TKT-2C750814,2025-11-02 11:23:02.000,257.4,,1,230,642
716,TKT-62224A2A,2025-11-13 15:06:28.000,490.42,514251,1,230,640
717,TKT-19276CF3,2026-03-26 19:47:26.000,449.57,,1,230,641
718,TKT-1391C4FB,2026-01-15 15:09:43.000,574.44,513740,1,230,642
719,TKT-CB7EA2B8,2025-09-14 03:14:32.000,360.9,511836,1,230,641
720,TKT-4C1AF243,2025-08-25 05:06:36.000,155.62,511755,1,230,642
721,TKT-0C4090A6,2026-02-04 16:58:39.000,220.29,514218,1,230,641
722,TKT-7635DB74,2026-04-28 18:23:16.000,353.92,513594,1,230,641
723,TKT-C9D83207,2026-03-17 16:38:23.000,30.82,512360,1,230,642
724,TKT-49D019DC,2025-09-29 23:10:42.000,71.31,513961,1,230,641
725,TKT-8E274610,2025-07-17 19:17:09.000,513.66,514136,1,230,642
726,TKT-4F3D3422,2025-07-29 12:49:25.000,137.92,511999,1,230,640
727,TKT-D1E51514,2025-09-03 07:26:54.000,49.14,513409,1,230,640
728,TKT-754C7458,2025-10-30 05:37:58.000,70.05,,1,230,641
729,TKT-ECBA9C99,2025-11-19 08:56:35.000,372.8,,1,230,640
730,TKT-E10935B9,2026-03-15 01:47:01.000,53.54,512426,1,230,640
731,TKT-39FD7944,2026-03-04 13:36:16.000,355.89,513286,1,230,642
732,TKT-50C3F02A,2026-02-11 16:50:22.000,258.06,,1,230,641
733,TKT-96A457BE,2026-02-18 11:03:56.000,393.07,,1,230,642
734,TKT-437A0C9E,2025-12-29 16:02:46.000,433.07,,1,230,641
735,TKT-F23F3829,2026-02-19 13:42:00.000,266.75,513646,1,230,642
736,TKT-A1AE2494,2026-01-31 22:15:21.000,639.93,,1,230,641
737,TKT-27996C3C,2026-02-05 22:36:22.000,733.49,,1,230,641
738,TKT-3D661A23,2025-11-09 13:00:32.000,404.07,,1,230,641
739,TKT-8A0097DF,2025-08-15 20:18:18.000,493.73,512999,1,230,640
740,TKT-B34C6E40,2025-09-10 09:03:55.000,310.65,,1,230,640
741,TKT-96F8EF53,2026-03-23 13:59:51.000,303.95,513631,1,230,642
742,TKT-F764108F,2026-02-25 00:02:53.000,48.08,513072,1,230,641
743,TKT-92913A74,2025-09-04 21:17:42.000,426.94,513786,1,230,640
744,TKT-0F6B0BFE,2025-11-06 15:42:42.000,438.96,,1,230,641
745,TKT-130D0D82,2026-01-12 18:43:08.000,416.24,513389,1,230,640
746,TKT-3817C51C,2026-03-21 13:25:39.000,219.3,513378,1,230,641
747,TKT-B81B83E8,2026-01-01 07:55:34.000,324.8,843401,1,390,1052
748,TKT-AE071E11,2026-01-28 07:20:00.000,374.6,,1,390,1052
749,TKT-E6B74BCC,2025-10-02 12:51:49.000,262.76,841558,1,390,1052
750,TKT-7BCCE052,2026-02-17 15:41:42.000,232.8,843084,1,390,1050
751,TKT-45B5335A,2026-03-17 06:06:30.000,117.38,842587,1,390,1051
752,TKT-638BAAE0,2025-07-21 06:27:02.000,259.42,,1,390,1052
753,TKT-931FFEAB,2025-10-29 11:31:35.000,167.96,844070,1,390,1052
754,TKT-5F096E67,2026-02-07 05:29:30.000,297.58,842460,1,390,1052
755,TKT-D171A0FD,2025-09-11 03:19:16.000,498.59,842204,1,390,1052
756,TKT-9A1C57E3,2026-02-12 08:25:14.000,72.64,842587,1,390,1051
757,TKT-0AA9BDFC,2025-12-21 02:12:50.000,409.48,842808,1,390,1052
758,TKT-60272395,2026-01-12 02:42:22.000,85.71,842083,1,390,1051
759,TKT-277AF812,2025-08-25 12:25:39.000,956.33,,1,390,1052
760,TKT-61C1FD84,2026-01-18 01:36:44.000,272.97,841557,1,390,1051
761,TKT-FE0CD0D1,2025-11-22 21:25:35.000,204.97,843104,1,390,1052
762,TKT-68F50928,2026-01-06 06:28:27.000,475.26,844055,1,390,1052
763,TKT-2813BB32,2026-02-02 11:48:36.000,481.48,843362,1,390,1052
764,TKT-4424A20E,2026-03-18 03:26:31.000,189.0,843142,1,390,1050
765,TKT-1B0BACAD,2025-10-29 21:35:21.000,147.89,842793,1,390,1052
766,TKT-D508C5AC,2026-02-22 20:13:02.000,715.61,,1,390,1052
767,TKT-56A45650,2025-08-05 09:48:49.000,254.46,842186,1,390,1051
768,TKT-998A74A6,2025-12-09 18:14:35.000,336.75,,1,390,1052
769,TKT-7BF2374E,2025-07-24 01:58:40.000,55.2,843387,1,390,1051
770,TKT-904F66EE,2026-04-17 17:09:30.000,502.66,843557,1,390,1052
771,TKT-6A83D9CE,2025-10-25 22:27:22.000,521.56,,1,390,1050
772,TKT-6147B2B6,2026-01-29 19:36:21.000,288.56,842526,1,390,1051
773,TKT-7C4EB452,2026-02-09 05:41:16.000,353.95,842654,1,390,1051
774,TKT-9147404D,2025-07-29 09:17:20.000,475.28,841988,1,390,1050
775,TKT-E12E7FBD,2025-11-07 14:09:17.000,565.44,843995,1,390,1050
776,TKT-5F2670C9,2026-03-23 01:28:38.000,375.34,,3,93,255
777,TKT-D37E93D6,2026-01-26 02:44:54.000,412.07,204672,3,93,255
778,TKT-42A9E349,2025-08-29 19:57:19.000,264.16,203168,3,93,257
779,TKT-5FA21263,2025-07-24 07:51:58.000,36.84,,3,93,256
780,TKT-71BAB763,2025-09-11 15:26:51.000,49.9,,3,93,256
781,TKT-A68209C0,2026-04-11 10:00:16.000,200.78,,3,93,257
782,TKT-D9557AA6,2025-09-22 07:41:28.000,347.29,202937,3,93,257
783,TKT-542E54BE,2025-12-13 15:43:47.000,177.6,203870,3,93,257
784,TKT-6126078D,2026-03-11 09:14:22.000,313.15,,3,93,257
785,TKT-A0F59B1B,2026-02-23 02:49:56.000,259.0,202725,3,93,255
786,TKT-76145FFD,2026-04-19 03:45:45.000,254.85,204229,3,93,256
787,TKT-42E6A3F9,2026-04-07 22:47:15.000,399.66,202700,3,93,256
788,TKT-7F42FD89,2025-07-25 19:30:01.000,735.92,203799,3,93,257
789,TKT-FDF4FC0D,2026-01-10 18:17:12.000,360.96,,3,93,257
790,TKT-16F9ACFE,2026-02-21 01:05:58.000,264.03,202494,3,93,255
791,TKT-99D90796,2026-02-24 21:11:54.000,829.4,,3,93,257
792,TKT-ABEFCB36,2025-11-13 23:46:02.000,6.38,,3,93,256
793,TKT-4925672C,2025-12-28 09:17:43.000,413.8,,3,93,255
794,TKT-50B1CD06,2025-11-21 06:34:07.000,434.34,203883,3,93,257
795,TKT-2EC886C9,2025-08-16 10:46:37.000,199.5,203117,3,93,256
796,TKT-3D5D8BA8,2025-11-08 17:44:57.000,22.6,204049,3,93,255
797,TKT-CDF7AF61,2025-09-01 07:44:05.000,155.65,202188,3,93,257
798,TKT-47A902FA,2025-08-19 21:36:30.000,402.29,204235,3,93,255
799,TKT-7BFB9C1F,2025-09-11 05:56:08.000,369.75,202838,3,93,255
800,TKT-72A04535,2025-09-20 16:33:38.000,566.12,202083,3,93,257
801,TKT-8CD6FA5A,2025-09-02 08:35:15.000,19.57,,3,93,255
802,TKT-8A02FE4B,2025-11-14 12:16:48.000,527.61,,3,93,255
803,TKT-15CCE751,2026-03-07 23:33:09.000,66.85,202340,3,93,256
804,TKT-725427B7,2025-08-20 15:47:13.000,352.66,202946,3,93,256
805,TKT-4C79D91B,2026-04-30 15:15:23.000,197.01,202567,3,93,255
806,TKT-8F2A77D6,2025-07-22 01:14:08.000,122.04,205090,3,93,257
807,TKT-164EB5DE,2026-01-21 07:22:48.000,271.65,,3,93,256
808,TKT-06636060,2025-09-09 19:13:36.000,406.48,203182,3,93,257
809,TKT-89E472AA,2025-10-26 14:48:05.000,175.81,202307,3,93,257
810,TKT-94E8487A,2025-09-10 02:39:10.000,332.05,,3,93,255
811,TKT-3075C0ED,2025-09-14 20:34:55.000,71.68,203143,3,93,257
812,TKT-77054FF7,2026-02-01 12:04:01.000,12.66,,3,93,255
813,TKT-5049C873,2025-08-07 18:02:12.000,157.05,202752,3,93,255
814,TKT-C08D105B,2026-04-08 18:57:39.000,371.06,204527,3,93,257
815,TKT-AAD8CC46,2026-05-08 14:35:42.000,612.19,,3,93,255
816,TKT-31388B26,2025-12-05 09:42:20.000,202.92,,3,93,255
817,TKT-232E222D,2026-02-22 14:57:42.000,568.82,203592,3,93,257
818,TKT-A987C5EA,2026-03-26 06:11:58.000,205.16,202115,3,93,255
819,TKT-1631BF31,2025-10-30 10:27:00.000,263.4,,3,93,257
820,TKT-DA5A79C7,2026-01-07 03:03:41.000,246.6,204164,3,93,256
821,TKT-B69D3D03,2026-01-27 15:33:27.000,273.75,203459,3,93,257
822,TKT-FA4AB1D7,2026-02-18 23:10:28.000,238.54,,3,93,256
823,TKT-6C602FED,2026-02-05 17:10:18.000,626.24,203506,3,93,257
824,TKT-C4E85E49,2025-11-09 13:02:57.000,409.77,204898,3,93,257
825,TKT-4FCE095F,2026-03-19 19:09:56.000,153.32,204554,3,93,256
826,TKT-A2DC265F,2025-08-24 08:03:55.000,460.85,205012,3,93,256
827,TKT-C267D466,2026-02-22 10:13:12.000,583.86,689856,1,308,861
828,TKT-68CCEBA4,2025-09-14 22:20:17.000,736.58,,1,308,859
829,TKT-2CB2705F,2025-10-19 03:40:36.000,374.09,688892,1,308,862
830,TKT-1A829513,2025-09-27 22:49:34.000,546.13,691861,1,308,860
831,TKT-7AFAA6AE,2026-03-02 10:25:48.000,79.81,690840,1,308,859
832,TKT-735248C5,2025-08-21 00:23:22.000,565.0,690791,1,308,858
833,TKT-2D4368F1,2026-05-04 22:43:22.000,537.24,692121,1,308,863
834,TKT-F5CB505B,2026-01-14 01:09:45.000,336.9,688647,1,308,858
835,TKT-3756DCDE,2025-07-22 19:20:15.000,316.25,688196,1,308,860
836,TKT-86994BAF,2025-10-26 16:45:13.000,571.42,690564,1,308,858
837,TKT-D94C63D7,2026-02-10 03:23:51.000,600.55,690025,1,308,859
838,TKT-389E3240,2026-03-07 00:14:50.000,668.56,689734,1,308,860
839,TKT-7A02AC30,2025-09-02 05:16:20.000,51.88,689395,1,308,861
840,TKT-34FB6EDB,2026-03-09 04:19:01.000,408.3,692461,1,308,860
841,TKT-933A0441,2026-03-16 10:51:08.000,18.56,113477,5,51,137
842,TKT-15D0CEED,2025-08-26 03:53:14.000,278.4,113776,5,51,137
843,TKT-0F68059B,2025-11-05 19:09:59.000,239.88,111768,5,51,136
844,TKT-E8DB5A9A,2025-10-20 13:38:14.000,207.77,,5,51,136
845,TKT-E2DCA7C3,2025-08-24 13:33:54.000,815.37,113655,5,51,137
846,TKT-8B2476A5,2025-09-09 19:07:22.000,310.15,113132,5,51,136
847,TKT-484C5C17,2026-04-09 20:06:59.000,670.75,112554,5,51,137
848,TKT-95C225A8,2025-11-12 12:08:15.000,7.44,110996,5,51,137
849,TKT-0EC61963,2025-12-16 20:04:49.000,194.52,112771,5,51,137
850,TKT-91234863,2025-10-09 13:25:20.000,207.13,111713,5,51,137
851,TKT-718A5F00,2026-03-26 13:18:45.000,255.99,113761,5,51,136
852,TKT-6EB0B6E1,2026-02-23 04:26:02.000,36.48,113112,5,51,137
853,TKT-392588D4,2025-09-09 08:24:37.000,220.82,111689,5,51,137
854,TKT-803A3E45,2025-07-17 03:12:41.000,111.69,110844,5,51,136
855,TKT-80657E81,2025-07-18 05:19:04.000,28.35,112928,5,51,136
856,TKT-F73FD411,2026-05-07 10:13:53.000,266.8,111158,5,51,136
857,TKT-8D173AED,2025-11-09 21:49:08.000,296.45,,5,51,136
858,TKT-773E5493,2025-08-01 05:40:51.000,224.79,111499,5,51,136
859,TKT-8164F6AE,2025-08-11 18:07:49.000,712.15,112258,5,51,136
860,TKT-7A34EE9C,2026-02-25 23:44:27.000,249.84,113067,5,51,137
861,TKT-200B6D62,2025-09-23 17:56:30.000,130.64,112543,5,51,137
862,TKT-1D0F01C6,2026-04-14 02:35:26.000,40.56,112353,5,51,137
863,TKT-5C70D9FA,2025-12-10 12:57:56.000,496.5,113386,5,51,137
864,TKT-A9BFFFF0,2025-09-29 01:08:24.000,77.41,,5,51,136
865,TKT-AB54A71D,2025-09-03 16:49:07.000,503.47,112789,5,51,136
866,TKT-6F7F9D25,2025-11-18 11:32:39.000,73.92,111237,5,51,137
867,TKT-E1CE2443,2026-05-07 09:40:17.000,298.34,,5,51,136
868,TKT-7D1938D1,2025-11-10 04:46:44.000,375.98,112455,5,51,137
869,TKT-09AC2922,2026-02-14 09:33:59.000,108.12,,5,51,136
870,TKT-7AE60729,2026-04-17 16:00:55.000,14.4,,5,51,137
871,TKT-B3E52962,2026-03-19 14:45:01.000,364.39,111588,5,51,136
872,TKT-7BA04CAD,2025-11-23 09:35:27.000,208.2,,5,51,137
873,TKT-04971711,2025-12-28 09:24:32.000,503.33,113730,5,51,137
874,TKT-A1E10CBC,2026-04-25 16:44:02.000,57.26,112195,5,51,137
875,TKT-03F7DF8C,2026-03-09 15:06:57.000,126.56,111683,5,51,136
876,TKT-80F834A1,2025-11-01 15:51:09.000,205.92,,5,51,137
877,TKT-21B24D9F,2026-04-21 19:27:22.000,169.64,111456,5,51,137
878,TKT-FE11177C,2026-01-17 17:06:40.000,64.46,113083,5,51,136
879,TKT-4534C5F3,2025-08-24 17:22:08.000,222.8,112712,5,51,137
880,TKT-B1A1E25E,2026-02-13 02:01:04.000,823.96,,5,51,137
881,TKT-E5F0FAD5,2025-10-29 16:43:10.000,498.88,111350,5,51,136
882,TKT-A37127DE,2025-12-21 20:16:47.000,101.69,112472,5,51,137
883,TKT-B7FA67C2,2025-09-30 18:57:21.000,497.26,112249,5,51,137
884,TKT-189118FF,2025-11-25 08:42:39.000,643.87,,5,51,136
885,TKT-059658A4,2025-12-30 06:56:50.000,951.18,,4,204,549
886,TKT-33951DB3,2025-12-19 06:00:59.000,161.38,,4,204,548
887,TKT-4791CEDC,2025-08-05 18:33:14.000,205.5,438928,4,204,548
888,TKT-B5CD6CE4,2025-09-27 17:59:01.000,567.31,439283,4,204,548
889,TKT-2542D3B0,2026-02-10 21:39:18.000,72.35,,4,204,548
890,TKT-FBB22666,2025-11-30 03:11:36.000,351.14,,4,204,549
891,TKT-992E0D46,2025-12-17 23:32:11.000,745.18,438941,4,204,548
892,TKT-BF6E25BA,2026-03-16 15:41:43.000,620.51,439069,4,204,548
893,TKT-77FB2C98,2025-11-03 06:22:58.000,237.92,,4,204,549
894,TKT-3CE9E536,2026-01-27 13:39:44.000,253.47,,4,204,549
895,TKT-A9817D4E,2026-01-14 19:40:07.000,169.05,439087,4,204,549
896,TKT-A61B13CD,2026-01-06 15:59:11.000,261.85,438649,4,204,550
897,TKT-74C65BF5,2025-08-07 19:43:50.000,65.24,,4,204,548
898,TKT-2370AB1B,2026-01-16 19:23:42.000,325.3,438912,4,204,550
899,TKT-E8F6A06A,2026-04-17 17:02:05.000,413.01,,4,204,550
900,TKT-4D34B863,2026-02-27 21:38:43.000,32.18,,4,204,548
901,TKT-322D259F,2025-10-08 08:28:47.000,544.03,,4,204,550
902,TKT-90004D81,2025-11-17 04:39:55.000,90.0,438796,4,204,548
903,TKT-3612A604,2026-01-10 10:10:52.000,328.1,,4,204,548
904,TKT-7E5051B0,2026-04-19 10:17:12.000,115.4,439003,4,204,548
905,TKT-3A97B5EB,2025-10-18 14:44:18.000,608.68,439323,4,204,549
906,TKT-B838C387,2026-01-17 16:35:54.000,303.28,438975,4,204,549
907,TKT-2979F21B,2025-08-21 05:16:40.000,577.29,439240,4,204,548
908,TKT-A3FD4F77,2026-03-24 12:18:44.000,73.56,,4,204,549
909,TKT-01792089,2026-01-11 03:43:16.000,459.38,439244,4,204,548
910,TKT-2361A78E,2026-01-22 19:31:51.000,76.33,438707,4,204,548
911,TKT-AE92B190,2025-12-04 04:41:57.000,446.3,438912,4,204,550
912,TKT-DC2813AD,2026-01-16 19:38:13.000,141.68,438777,4,204,549
913,TKT-03D1D506,2025-10-14 08:09:43.000,539.22,439149,4,204,548
914,TKT-C8E434B8,2025-10-08 09:26:08.000,106.67,438714,4,204,550
915,TKT-38BC3DD2,2026-02-01 07:52:31.000,444.6,438898,4,204,549
916,TKT-569C4BED,2025-09-03 08:57:57.000,694.28,,4,204,548
917,TKT-D4E5A2E3,2025-09-30 04:13:39.000,448.91,438574,4,204,549
918,TKT-3A8DD627,2026-02-19 12:40:40.000,42.66,438954,4,204,550
919,TKT-2C7132B0,2026-03-22 17:32:46.000,399.15,,4,204,549
920,TKT-665F28F1,2025-11-24 01:14:59.000,171.68,439341,4,204,548
921,TKT-0609ED6F,2025-10-27 17:43:11.000,364.77,,4,204,548
922,TKT-28A3AAAC,2025-12-02 23:46:14.000,85.85,439067,4,204,549
923,TKT-828C65A6,2025-11-26 06:59:19.000,353.54,,4,204,550
924,TKT-D2704A32,2025-08-28 22:57:35.000,173.44,438893,4,204,549
925,TKT-18B5D0BD,2025-09-24 00:51:23.000,117.67,438570,4,204,549
926,TKT-549255A5,2025-10-10 06:39:23.000,508.24,,4,204,549
927,TKT-918877A8,2025-12-06 13:27:26.000,173.47,439229,4,204,549
928,TKT-3509B38C,2025-12-26 03:52:40.000,528.01,,4,208,560
929,TKT-C022D43A,2026-01-20 13:02:05.000,92.42,,4,208,558
930,TKT-5AB7579A,2026-02-04 20:29:58.000,441.62,444093,4,208,561
931,TKT-E1CBECD7,2025-11-09 06:44:14.000,349.83,443235,4,208,558
932,TKT-47E5344A,2025-11-04 21:55:28.000,50.3,442218,4,208,560
933,TKT-F2A550AE,2025-12-26 07:21:15.000,161.64,442529,4,208,560
934,TKT-A521109C,2026-01-03 13:53:03.000,186.27,443294,4,208,561
935,TKT-3C1ABD2A,2025-08-02 18:53:07.000,144.37,,4,208,558
936,TKT-086D21F0,2026-04-12 23:54:17.000,395.86,444182,4,208,558
937,TKT-C71F69B6,2025-10-01 09:27:56.000,31.48,444125,4,208,561
938,TKT-60EBC808,2026-03-17 07:37:33.000,360.0,,4,208,560
939,TKT-2D347307,2025-12-16 01:45:29.000,236.07,35932,3,18,47
940,TKT-1F49EEBB,2025-10-06 03:41:29.000,91.17,35800,3,18,47
941,TKT-3B89C5B4,2026-01-16 20:15:54.000,446.23,33139,3,18,49
942,TKT-21E7B505,2025-10-18 02:40:25.000,710.75,33275,3,18,46
943,TKT-3E5D317F,2026-01-25 18:55:25.000,280.03,,3,18,47
944,TKT-FE949917,2025-09-03 10:03:18.000,604.47,34673,3,18,49
945,TKT-E7C90077,2026-04-03 17:57:25.000,674.36,,3,18,49
946,TKT-7AE6F919,2026-03-23 02:44:32.000,112.3,34441,3,18,47
947,TKT-ECBEA61C,2025-09-24 02:01:36.000,130.52,32514,3,18,46
948,TKT-A22D0C10,2026-02-21 19:04:00.000,302.8,36825,3,18,48
949,TKT-37B0D68B,2026-01-25 20:58:11.000,661.45,32188,3,18,49
950,TKT-FF114A34,2026-02-01 22:26:29.000,169.95,32732,3,18,49
951,TKT-10BC455C,2025-10-14 05:56:04.000,482.1,,3,18,46
952,TKT-700EFEAF,2025-12-23 10:03:00.000,200.9,,3,18,47
953,TKT-C7ABC289,2025-11-11 19:06:05.000,183.35,,3,18,48
954,TKT-0C56A749,2025-10-11 16:26:50.000,815.28,,3,18,48
955,TKT-7F5EC827,2025-12-31 19:19:23.000,22.41,33376,3,18,49
956,TKT-2B141E48,2026-04-25 15:53:35.000,396.81,32881,3,18,46
957,TKT-DA7475BF,2026-03-20 11:52:16.000,351.9,36232,3,18,48
958,TKT-B9500139,2025-10-30 09:00:01.000,155.8,35389,3,18,46
959,TKT-7A070BA4,2026-04-19 06:31:42.000,266.38,33539,3,18,49
960,TKT-408DA02E,2025-10-22 20:47:04.000,232.87,,3,18,47
961,TKT-52F30F3F,2025-09-26 19:58:02.000,396.81,33926,3,18,49
962,TKT-5551F1C0,2025-09-10 10:58:07.000,172.69,36365,3,18,46
963,TKT-2D1E5328,2026-03-25 23:46:53.000,234.86,33953,3,18,49
964,TKT-8F1C1B75,2025-08-29 21:26:23.000,382.51,,3,18,48
965,TKT-DDC12DA6,2026-01-11 14:12:07.000,288.34,,3,18,48
966,TKT-63A05D21,2025-12-10 16:25:46.000,195.16,,3,18,46
967,TKT-85C30201,2025-10-09 11:34:31.000,145.51,36315,3,18,48
968,TKT-3A8653BD,2025-08-06 00:38:16.000,802.37,34735,3,18,46
969,TKT-9AEE6AD8,2026-02-22 08:19:17.000,401.84,33501,3,18,48
970,TKT-5942068E,2025-12-04 12:33:14.000,414.8,35720,3,18,47
971,TKT-E6909B09,2026-04-03 15:52:23.000,209.94,34147,3,18,49
972,TKT-841D7D79,2025-11-28 14:26:55.000,225.2,31956,3,18,46
973,TKT-171FDF5B,2026-03-13 03:30:30.000,654.13,,3,18,49
974,TKT-5B1A3B69,2025-11-01 09:22:44.000,249.13,,3,18,48
975,TKT-DE8BFEB6,2026-03-31 14:21:05.000,71.92,32010,3,18,46
976,TKT-197709FA,2026-01-27 13:01:42.000,430.13,33172,3,18,46
977,TKT-CF474522,2025-11-23 17:04:37.000,137.52,34139,3,18,49
978,TKT-5ECD31A2,2026-04-01 10:56:06.000,151.56,34219,3,18,46
979,TKT-F685D514,2026-05-07 20:58:42.000,404.13,35555,3,18,47
980,TKT-ACB30DEE,2025-09-29 01:48:25.000,836.7,35107,3,18,49
981,TKT-790D3CE8,2025-11-07 20:36:08.000,212.26,33967,3,18,48
982,TKT-348CA761,2025-08-12 06:55:55.000,681.14,35951,3,18,49
983,TKT-FC75F1F0,2025-10-03 13:42:20.000,400.96,33533,3,18,46
984,TKT-38326173,2025-07-19 01:49:40.000,109.31,34020,3,18,49
985,TKT-26F24650,2026-03-25 02:46:46.000,162.76,33829,3,18,46
986,TKT-9AD363D2,2025-11-03 12:59:21.000,175.08,32561,3,18,46
987,TKT-6FF917CE,2025-09-18 23:22:09.000,421.87,,3,18,46
988,TKT-BB9EF485,2026-01-31 04:21:00.000,332.84,33298,3,18,46
989,TKT-7EA20E74,2025-12-19 02:30:33.000,453.87,,3,18,47
990,TKT-A699B9EC,2025-10-07 18:17:04.000,182.52,,3,18,49
991,TKT-69C301BF,2025-12-01 03:45:38.000,903.2,33989,3,18,49
992,TKT-B7A80DF3,2026-03-19 18:08:34.000,336.65,,3,18,49
993,TKT-F957B08A,2026-03-10 05:07:49.000,71.94,35615,3,18,47
994,TKT-4E6EB7A2,2025-10-26 02:28:38.000,361.82,33606,3,18,49
995,TKT-177A9040,2025-07-24 22:32:18.000,237.45,413114,2,191,521
996,TKT-BF0512A9,2025-08-20 04:34:40.000,124.65,,2,191,520
997,TKT-EE94A0BA,2026-04-18 11:57:00.000,246.95,414114,2,191,521
998,TKT-A960DE5C,2026-01-17 10:40:20.000,526.29,411679,2,191,521
999,TKT-61DF439D,2025-09-17 00:46:26.000,149.54,414456,2,191,520
1000,TKT-2CDDCD1A,2025-10-01 09:21:07.000,153.02,412075,2,191,519
1001,TKT-D267D177,2026-01-03 07:29:04.000,436.12,412393,2,191,519
1002,TKT-609DB788,2025-07-15 12:23:59.000,41.8,413552,2,191,519
1003,TKT-3FD81FD0,2026-04-14 20:00:36.000,813.58,414718,2,191,519
1004,TKT-5DC96384,2026-03-01 23:09:31.000,158.8,412762,2,191,520
1005,TKT-5A1A26B3,2025-07-20 23:54:37.000,280.83,414387,2,191,521
1006,TKT-42ABE614,2025-12-08 01:42:59.000,584.16,413301,2,191,519
1007,TKT-5C7198BC,2026-01-04 13:23:09.000,225.39,413523,2,191,520
1008,TKT-5A66D9BE,2025-08-03 11:22:30.000,342.34,,2,191,519
1009,TKT-382A79B6,2025-09-11 23:11:30.000,88.3,414781,2,191,521
1010,TKT-4431AEF2,2025-10-26 10:24:30.000,38.75,,2,191,520
1011,TKT-7A5EF5EC,2025-10-17 04:51:53.000,169.5,412318,2,191,519
1012,TKT-B491AC79,2025-08-12 16:59:11.000,677.27,,2,191,521
1013,TKT-7E99DDD4,2025-12-05 08:34:20.000,471.07,,2,191,521
1014,TKT-86531AED,2025-09-06 10:23:49.000,303.44,,2,191,520
1015,TKT-72BFB3E6,2026-03-31 23:48:02.000,186.27,414474,2,191,520
1016,TKT-E856EB90,2025-12-29 05:22:47.000,294.45,412390,2,191,520
1017,TKT-A7288FBD,2025-10-23 23:16:58.000,136.98,413159,2,191,521
1018,TKT-4C196F63,2025-08-23 01:15:18.000,534.54,412901,2,191,519
1019,TKT-36088F98,2026-04-26 05:12:26.000,302.31,414688,2,191,519
1020,TKT-39273879,2025-10-31 08:43:02.000,222.22,413696,2,191,521
1021,TKT-AE0254B0,2025-11-06 02:03:05.000,556.96,414626,2,191,520
1022,TKT-E110E612,2026-04-25 11:17:32.000,593.81,413951,2,191,519
1023,TKT-0D82E4E2,2025-12-25 01:02:13.000,175.81,,2,191,519
1024,TKT-2EE7EE65,2025-12-30 19:42:47.000,131.25,,2,191,521
1025,TKT-D7F79377,2025-09-12 10:27:24.000,430.66,412876,2,191,519
1026,TKT-B3ACDA81,2025-11-26 07:20:07.000,212.79,,2,191,519
1027,TKT-A577506B,2025-08-02 12:00:01.000,282.82,,2,191,520
1028,TKT-B8EF2F48,2026-02-04 23:26:43.000,78.66,411544,2,191,519
1029,TKT-A61165AA,2026-04-19 00:43:06.000,113.69,412990,2,191,519
1030,TKT-0D649406,2026-01-22 20:27:41.000,262.21,414632,2,191,521
1031,TKT-E263DF1B,2026-01-26 18:29:21.000,451.3,,3,363,990
1032,TKT-FFABAE3C,2025-08-01 16:27:28.000,518.38,798991,3,363,990
1033,TKT-B30D5631,2026-01-27 04:57:58.000,207.72,,3,363,988
1034,TKT-1474D649,2025-11-11 10:19:17.000,62.95,799358,3,363,990
1035,TKT-130C7A6A,2025-09-22 08:23:09.000,326.2,798868,3,363,990
1036,TKT-26FA9CA5,2025-09-04 04:12:21.000,427.42,,3,363,989
1037,TKT-F7121C8A,2025-07-18 10:21:24.000,224.77,,3,363,988
1038,TKT-C9E3F00D,2025-08-02 09:38:11.000,32.52,798880,3,363,988
1039,TKT-2DC292FF,2026-03-15 00:56:03.000,345.72,798392,3,363,990
1040,TKT-547FF540,2025-11-25 03:26:52.000,730.33,,3,363,989
1041,TKT-21E93C54,2026-02-17 02:38:37.000,14.72,,3,363,989
1042,TKT-9FAE4233,2025-09-07 23:23:11.000,739.46,303046,1,147,384
1043,TKT-40CB4E06,2026-03-04 07:10:55.000,128.74,303746,1,147,384
1044,TKT-9CEAB708,2025-11-25 13:19:53.000,73.84,,1,147,385
1045,TKT-0D5F8206,2026-02-10 00:18:19.000,434.0,303488,1,147,385
1046,TKT-FA00B3F4,2026-01-02 18:10:35.000,281.44,,1,147,383
1047,TKT-7DD28905,2025-09-27 08:39:13.000,49.48,,1,147,383
1048,TKT-0E65C474,2025-11-17 10:51:09.000,108.1,303580,1,147,385
1049,TKT-96264775,2025-10-26 10:27:16.000,82.08,305103,1,147,385
1050,TKT-3A0064BD,2026-02-15 07:19:32.000,175.98,304099,1,147,384
1051,TKT-2A1C219F,2026-04-24 03:28:12.000,152.64,303222,1,147,385
1052,TKT-7AAFA735,2025-12-22 04:48:28.000,364.68,305147,1,147,383
1053,TKT-14100E63,2025-11-13 21:06:09.000,576.75,,1,147,383
1054,TKT-8244445D,2025-12-28 09:15:35.000,139.2,,1,147,385
1055,TKT-A87A8D0E,2026-01-17 13:47:07.000,181.72,305255,1,147,385
1056,TKT-9C7F0493,2025-11-17 12:00:44.000,466.5,305246,1,147,384
1057,TKT-1ED91DF1,2025-11-19 10:32:35.000,68.36,304718,1,147,384
1058,TKT-D7878E71,2025-10-12 00:23:48.000,349.88,304308,1,147,383
1059,TKT-82F7C5C5,2025-08-24 11:39:23.000,333.85,,1,147,383
1060,TKT-3AC82160,2026-03-08 08:05:00.000,553.81,,1,147,385
1061,TKT-779ED7EC,2026-01-06 01:59:45.000,441.88,305177,1,147,385
1062,TKT-47530919,2025-11-01 02:13:13.000,114.28,304983,1,147,383
1063,TKT-8C6256FB,2025-09-12 02:35:25.000,351.92,303650,1,147,383
1064,TKT-F2DDD99E,2025-09-29 03:42:20.000,51.06,,1,147,383
1065,TKT-3480F602,2025-10-01 02:13:16.000,61.96,,1,147,383
1066,TKT-EC8AD3AA,2026-04-29 09:03:22.000,208.8,303629,1,147,384
1067,TKT-4D74E054,2026-01-15 09:34:14.000,56.06,,1,147,383
1068,TKT-F91352BF,2026-01-04 07:24:37.000,483.85,,1,147,384
1069,TKT-44BE921B,2025-11-07 22:33:55.000,67.3,304882,1,147,383
1070,TKT-3425923B,2025-08-19 09:46:21.000,144.52,305163,1,147,383
1071,TKT-6B3AD643,2025-11-21 19:19:25.000,716.52,,1,147,385
1072,TKT-8E0850D2,2026-04-13 18:06:07.000,67.11,303158,1,147,384
1073,TKT-06DF876B,2025-12-12 16:07:50.000,171.64,,1,147,385
1074,TKT-B31D367D,2025-10-30 16:02:18.000,113.85,304361,1,147,383
1075,TKT-DB1E01C1,2026-04-28 21:25:36.000,62.47,303102,1,147,383
1076,TKT-E8DC5430,2026-02-01 01:48:54.000,55.66,303380,1,147,384
1077,TKT-6620B1B6,2025-09-15 17:30:47.000,439.34,304046,1,147,383
1078,TKT-75D8594F,2026-04-13 07:29:58.000,391.53,,1,147,384
1079,TKT-DEF14FED,2025-12-09 09:35:59.000,94.8,304892,1,147,383
1080,TKT-6637C5B4,2026-04-25 13:56:11.000,53.64,304376,1,147,383
1081,TKT-06608992,2026-01-20 09:13:48.000,254.89,304491,1,147,385
1082,TKT-62CF902E,2026-02-04 18:52:51.000,444.95,,1,42,110
1083,TKT-D623ECEB,2026-02-25 16:59:01.000,679.45,92047,1,42,110
1084,TKT-274A3A24,2025-08-14 18:18:53.000,152.4,91893,1,42,111
1085,TKT-D25A01FD,2025-12-10 06:58:14.000,348.2,,1,42,110
1086,TKT-C86B8A3F,2025-10-18 22:11:32.000,286.54,91854,1,42,110
1087,TKT-DA44B322,2026-02-25 00:14:02.000,260.39,,1,42,111
1088,TKT-889B8A2D,2025-09-23 12:39:11.000,66.92,92285,1,42,111
1089,TKT-BB7E3BCA,2025-11-26 18:48:44.000,89.5,92103,1,42,111
1090,TKT-DFAB13C8,2025-12-05 22:20:01.000,118.0,,1,42,110
1091,TKT-9A9DC3C0,2025-09-01 16:47:53.000,388.92,92126,1,42,110
1092,TKT-D8620105,2026-03-08 10:23:01.000,288.52,91780,1,42,111
1093,TKT-A7386FC8,2025-10-02 06:56:36.000,181.18,91936,1,42,110
1094,TKT-93702BDE,2025-11-11 19:54:11.000,315.52,91601,1,42,110
1095,TKT-8FBF1E5E,2025-07-25 23:04:28.000,839.48,,1,42,110
1096,TKT-E7A06BDD,2025-07-13 15:29:47.000,51.65,,1,42,110
1097,TKT-7E75A540,2025-08-30 13:05:38.000,111.38,92548,1,42,111
1098,TKT-A8AB571B,2025-10-02 01:06:37.000,294.0,92332,1,42,111
1099,TKT-FAE8F8A8,2025-11-06 21:38:37.000,548.77,,1,42,111
1100,TKT-342266FF,2026-03-02 01:42:48.000,389.69,,1,42,110
1101,TKT-7535F60E,2025-12-24 10:29:19.000,413.43,91617,1,42,111
1102,TKT-BAD599A8,2025-10-31 16:20:58.000,505.21,92403,1,42,110
1103,TKT-C610F432,2025-07-31 04:06:18.000,139.99,,1,42,110
1104,TKT-B74A4075,2026-01-12 22:32:42.000,385.07,92423,1,42,110
1105,TKT-E02DA0C5,2025-12-14 05:00:38.000,433.16,,1,42,111
1106,TKT-DFAB5A3E,2025-09-16 18:02:21.000,165.27,91784,1,42,110
1107,TKT-073C8033,2026-04-08 01:58:21.000,792.75,92122,1,42,111
1108,TKT-2252B5AC,2025-11-17 14:21:38.000,317.48,92355,1,42,111
1109,TKT-C6587649,2025-09-20 20:03:56.000,660.08,92038,1,42,110
1110,TKT-3C183BA5,2026-01-29 17:14:36.000,10.98,91928,1,42,110
1111,TKT-C978E1BC,2025-08-14 15:54:18.000,134.92,,1,42,110
1112,TKT-47815DF4,2025-09-17 22:39:20.000,618.19,91592,1,42,111
1113,TKT-0F09FF62,2026-03-17 15:36:19.000,384.08,92270,1,42,110
1114,TKT-91FE4CAC,2025-08-12 06:25:59.000,377.24,91771,1,42,110
1115,TKT-77E7D175,2025-12-29 13:55:25.000,323.8,825354,5,379,1027
1116,TKT-F8D6AE57,2025-11-26 11:23:15.000,373.35,825082,5,379,1026
1117,TKT-163EE7B3,2025-08-04 18:52:06.000,100.24,825445,5,379,1027
1118,TKT-3044B69D,2025-11-18 08:56:24.000,203.34,824097,5,379,1026
1119,TKT-734F9A83,2025-11-13 12:59:24.000,425.71,,5,379,1027
1120,TKT-99EBBB08,2025-11-09 16:57:54.000,304.95,823906,5,379,1027
1121,TKT-A29D8CEC,2026-04-14 19:02:19.000,18.72,825559,5,379,1026
1122,TKT-13B30EF7,2025-08-20 06:32:17.000,417.25,823911,5,379,1027
1123,TKT-E1A44627,2025-08-16 04:39:18.000,758.24,825024,5,379,1026
1124,TKT-8FA9CB92,2025-09-20 02:10:34.000,181.11,,5,379,1026
1125,TKT-F5A3E9BE,2025-07-26 13:35:57.000,269.5,824211,5,379,1026
1126,TKT-42790F94,2025-10-17 09:57:19.000,73.7,,5,379,1027
1127,TKT-9F5FCA62,2026-02-26 10:23:07.000,484.61,,5,379,1027
1128,TKT-59532C43,2026-02-05 16:41:00.000,138.88,,5,379,1027
1129,TKT-7C75589B,2026-02-09 14:52:18.000,35.63,824276,5,379,1027
1130,TKT-FB62151D,2026-03-08 08:34:49.000,323.63,823945,5,379,1026
1131,TKT-E541C9B7,2025-08-31 15:17:39.000,287.0,824001,5,379,1026
1132,TKT-31B8A4E5,2026-02-19 11:52:57.000,573.06,824154,5,379,1027
1133,TKT-8D674ED0,2026-01-06 07:07:46.000,267.42,825225,5,379,1026
1134,TKT-E5A61370,2026-01-08 00:38:36.000,533.51,,5,379,1027
1135,TKT-B6085C32,2026-01-30 10:58:42.000,142.02,824006,5,379,1027
1136,TKT-8AE549B5,2026-01-07 08:15:39.000,121.35,824606,5,379,1027
1137,TKT-92370561,2025-09-24 08:03:25.000,240.35,,5,379,1027
1138,TKT-21731D56,2025-09-15 19:40:32.000,23.8,825427,5,379,1026
1139,TKT-3470D3ED,2025-07-27 09:42:39.000,566.9,,5,379,1027
1140,TKT-3574D878,2025-08-27 23:36:53.000,24.12,824831,5,379,1027
1141,TKT-FD46BA50,2025-07-24 02:17:41.000,36.6,,5,379,1027
1142,TKT-B655EBF8,2025-12-25 13:13:14.000,292.72,824881,5,379,1027
1143,TKT-3D10526C,2026-01-13 11:34:30.000,438.0,824057,5,379,1027
1144,TKT-46BEE05D,2025-12-04 23:44:57.000,452.3,,5,379,1026
1145,TKT-B313D25C,2025-10-16 02:57:07.000,71.91,824591,5,379,1027
1146,TKT-FAA04AB6,2025-10-02 12:25:58.000,326.12,824341,5,379,1027
1147,TKT-81CD8D9A,2026-03-15 01:23:14.000,654.21,825492,5,379,1026
1148,TKT-18C49521,2025-08-21 22:29:14.000,485.34,,5,379,1027
1149,TKT-AED07FD0,2026-03-13 20:15:28.000,427.0,824247,5,379,1027
1150,TKT-B3DAE78D,2025-11-30 21:39:22.000,156.7,824583,5,379,1027
1151,TKT-76E8A19B,2026-05-04 03:14:14.000,460.6,824841,5,379,1026
1152,TKT-3F87C594,2025-08-03 22:17:48.000,194.88,,5,379,1027
1153,TKT-0A637A85,2025-11-15 05:33:24.000,148.95,824463,5,379,1026
1154,TKT-AD85C6F5,2026-04-06 15:47:26.000,307.41,,5,379,1027
1155,TKT-327E48AD,2025-12-25 15:02:14.000,344.4,,5,379,1027
1156,TKT-0CDBF899,2026-03-16 15:03:09.000,489.93,,5,379,1027
1157,TKT-F90B65C1,2026-01-08 03:59:48.000,162.64,824987,5,379,1027
1158,TKT-AB858831,2025-09-13 03:15:44.000,606.11,825423,5,379,1027
1159,TKT-32832B14,2025-09-14 13:00:52.000,762.86,,5,379,1026
1160,TKT-16A82A50,2025-08-17 01:51:46.000,129.06,824992,5,379,1026
1161,TKT-24E83AAD,2026-04-17 00:00:14.000,313.48,,5,379,1027
1162,TKT-861998F3,2026-01-26 20:17:47.000,89.6,824165,5,379,1026
1163,TKT-C9CEE8EC,2026-02-12 15:38:33.000,487.55,825097,5,379,1027
1164,TKT-92D89734,2026-01-04 20:10:43.000,61.14,262366,3,126,338
1165,TKT-4C5EF86A,2026-02-11 10:48:55.000,95.2,262239,3,126,337
1166,TKT-F73AC108,2026-03-12 16:44:24.000,35.22,262037,3,126,338
1167,TKT-6FA6A89B,2025-11-02 14:30:07.000,238.36,262873,3,126,338
1168,TKT-1E30E30A,2025-12-12 23:07:05.000,265.0,262201,3,126,338
1169,TKT-11834466,2026-03-16 17:48:51.000,299.1,262567,3,126,338
1170,TKT-A53354B5,2026-03-29 02:59:27.000,477.95,262951,3,126,338
1171,TKT-01B62F13,2025-08-11 22:18:01.000,148.67,262382,3,126,337
1172,TKT-BF8BD97F,2025-12-22 16:11:25.000,221.52,262404,3,126,337
1173,TKT-33395D82,2026-01-31 01:52:04.000,187.46,262229,3,126,338
1174,TKT-095D934C,2025-09-11 00:05:22.000,61.29,,3,126,337
1175,TKT-66B96D6E,2026-01-31 07:03:09.000,284.87,262971,3,126,338
1176,TKT-19A240BA,2026-03-04 03:57:19.000,818.79,,3,126,338
1177,TKT-2FDD6545,2025-11-08 17:49:02.000,355.1,262461,3,126,338
1178,TKT-A18E043C,2025-10-08 10:46:35.000,264.58,,3,126,338
1179,TKT-8D0BEDDD,2026-01-09 16:26:33.000,83.5,262566,3,126,338
1180,TKT-2730251B,2025-11-07 20:24:54.000,526.44,262147,3,126,337
1181,TKT-3AD34859,2026-03-09 05:25:31.000,158.45,262356,3,126,337
1182,TKT-2C26C3B5,2025-08-20 05:20:35.000,62.76,262736,3,126,337
1183,TKT-DB68CD1D,2026-04-11 01:58:13.000,179.68,262033,3,126,338
1184,TKT-C6CF1752,2025-07-15 04:06:21.000,111.14,,3,126,337
1185,TKT-B3CED82C,2026-03-26 06:27:56.000,118.16,,3,126,337
1186,TKT-1E5BE82C,2025-08-21 19:19:42.000,217.54,,3,126,337
1187,TKT-E87447D8,2025-12-25 21:03:20.000,464.56,,3,126,338
1188,TKT-C6479F22,2026-01-27 15:08:09.000,75.04,263089,3,126,337
1189,TKT-C0BE2B0B,2026-03-24 22:26:31.000,286.41,262040,3,126,338
1190,TKT-E807EC34,2025-07-18 05:30:25.000,189.32,,3,126,338
1191,TKT-BA3F4E5D,2025-07-14 10:54:27.000,577.28,263039,3,126,337
1192,TKT-A55E9590,2025-09-17 21:58:38.000,115.12,263128,3,126,338
1193,TKT-F0AA3480,2026-01-12 14:44:08.000,207.29,,3,126,338
1194,TKT-BBAB93EF,2025-08-02 18:27:25.000,164.32,262197,3,126,338
1195,TKT-20929F6D,2025-12-31 23:09:31.000,79.2,263110,3,126,337
1196,TKT-09B904A9,2026-01-26 02:34:49.000,166.03,,3,126,338
1197,TKT-2930A83B,2025-08-09 10:19:52.000,616.47,262893,3,126,337
1198,TKT-162E617C,2025-07-29 02:14:44.000,390.06,263076,3,126,337
1199,TKT-0E77BD59,2026-04-27 04:55:55.000,180.8,262588,3,126,337
1200,TKT-84D4515E,2025-12-13 03:06:16.000,207.29,,3,126,338
1201,TKT-D12FCD74,2025-10-09 12:48:13.000,229.26,262612,3,126,338
1202,TKT-29129D95,2025-07-21 20:00:43.000,126.86,,3,126,338
1203,TKT-0ECA8B96,2025-12-25 18:41:16.000,282.99,262923,3,126,338
1204,TKT-DF5D10A3,2025-08-30 07:48:34.000,555.26,262848,3,126,338
1205,TKT-1D567536,2026-01-01 03:43:59.000,408.29,262539,3,126,337
1206,TKT-D2B4506E,2026-05-02 22:19:34.000,308.37,,3,126,337
1207,TKT-A487F3B6,2026-02-02 19:47:46.000,46.73,,3,126,338
1208,TKT-3818B7E7,2025-08-03 01:06:40.000,579.13,262622,3,126,337
1209,TKT-784797CF,2026-01-05 13:24:10.000,562.26,262454,3,126,338
1210,TKT-A5FA3185,2025-11-14 23:10:13.000,183.95,,3,126,338
1211,TKT-6A1274F5,2026-03-20 06:45:47.000,138.39,262079,3,126,338
1212,TKT-27234562,2026-04-10 07:13:43.000,61.62,263073,3,126,338
1213,TKT-A14E4839,2025-08-11 13:47:49.000,78.13,263123,3,126,338
1214,TKT-7EBF7962,2025-08-03 11:36:23.000,77.7,262645,3,126,337
1215,TKT-7F35B9CB,2026-04-02 18:02:31.000,902.41,,2,231,643
1216,TKT-E00248EC,2026-02-19 23:23:09.000,156.0,514996,2,231,643
1217,TKT-845004F9,2026-01-14 17:59:29.000,145.38,514604,2,231,643
1218,TKT-6BDDC085,2025-12-06 13:19:23.000,999.36,514464,2,231,644
1219,TKT-7828398F,2026-04-25 21:13:15.000,208.57,516520,2,231,643
1220,TKT-CC64C1B5,2026-03-16 17:10:47.000,667.33,,2,231,643
1221,TKT-C1DC4417,2025-08-16 09:27:54.000,725.11,,2,231,643
1222,TKT-D2EDE82C,2026-03-23 22:33:22.000,267.7,,2,231,643
1223,TKT-ACD5E7B7,2026-02-18 01:10:46.000,520.56,514539,2,231,644
1224,TKT-3BCF961C,2026-05-02 04:59:45.000,25.39,514722,2,231,643
1225,TKT-B0B49591,2026-01-21 12:00:41.000,152.78,515659,2,231,643
1226,TKT-E112B817,2025-07-18 12:29:59.000,81.15,514349,2,231,643
1227,TKT-BA4B16D1,2026-01-20 17:30:51.000,330.21,515380,2,231,643
1228,TKT-9516C574,2025-09-14 12:21:55.000,838.75,514271,2,231,644
1229,TKT-67F573A3,2025-12-21 07:22:13.000,125.99,515597,2,231,643
1230,TKT-48C71154,2025-08-06 02:09:01.000,653.57,516669,2,231,644
1231,TKT-C65D2506,2025-07-19 03:44:17.000,11.68,514999,2,231,643
1232,TKT-2B31444D,2025-08-28 09:05:51.000,259.46,,2,231,644
1233,TKT-E4BC89E5,2026-02-23 06:12:36.000,135.29,514291,2,231,643
1234,TKT-084839BB,2026-05-01 09:25:25.000,282.84,516540,2,231,644
1235,TKT-27AC8671,2025-12-30 10:08:33.000,420.44,514379,2,231,644
1236,TKT-F9186B93,2025-09-16 01:40:10.000,604.64,,2,231,644
1237,TKT-1A5C09D9,2025-08-19 01:24:50.000,142.87,516732,2,231,644
1238,TKT-AC0C29DB,2026-03-01 03:41:43.000,56.19,,2,231,643
1239,TKT-2C1CC5A3,2026-04-03 07:12:28.000,357.24,516201,2,231,644
1240,TKT-61000930,2026-01-08 10:53:27.000,53.62,516377,2,231,644
1241,TKT-C7CB2D2A,2025-07-14 19:30:05.000,15.85,515882,2,231,644
1242,TKT-AED9EB06,2025-10-07 12:49:40.000,382.69,514315,2,231,644
1243,TKT-62E7A812,2025-12-25 23:45:36.000,350.08,516021,2,231,644
1244,TKT-6BF2132F,2025-10-11 21:27:49.000,222.83,515297,2,231,644
1245,TKT-3E01DE29,2025-09-11 17:59:46.000,240.55,515066,2,231,643
1246,TKT-7C1BF07C,2026-04-05 09:41:03.000,335.92,514607,2,231,644
1247,TKT-98D7BC22,2025-12-28 07:23:40.000,393.42,514311,2,231,643
1248,TKT-C3C6051F,2025-09-10 11:10:43.000,315.75,515304,2,231,644
1249,TKT-D54860E4,2025-10-06 09:31:54.000,206.46,,2,231,643
1250,TKT-04957E3A,2026-01-29 12:25:02.000,45.71,516329,2,231,644
1251,TKT-BAA2DA4E,2025-12-05 13:37:58.000,115.76,,2,231,644
1252,TKT-BE283425,2025-08-06 18:54:16.000,198.35,516522,2,231,643
1253,TKT-015B5567,2026-05-04 03:41:22.000,488.92,516421,2,231,643
1254,TKT-0B6E645A,2025-08-16 09:14:11.000,238.41,514804,2,231,644
1255,TKT-C4F610DD,2026-04-07 10:16:51.000,289.49,514926,2,231,643
1256,TKT-63361C4B,2026-02-26 08:16:01.000,156.22,,2,231,643
1257,TKT-ACDE9E0F,2025-07-29 17:08:24.000,311.91,,2,231,643
1258,TKT-0BA5D40E,2026-04-25 09:21:34.000,16.44,514326,2,231,643
1259,TKT-2AC296D1,2025-10-13 07:48:10.000,312.65,515442,2,231,643
1260,TKT-D25B274D,2025-08-06 15:27:09.000,226.87,514454,2,231,644
1261,TKT-B27FF4D7,2026-02-14 21:58:22.000,186.52,,2,231,643
1262,TKT-442E333D,2025-09-30 19:46:37.000,268.6,514274,2,231,644
1263,TKT-DC9B7EF4,2025-09-05 14:43:43.000,569.54,515857,2,231,644
1264,TKT-297129CB,2026-02-17 05:20:54.000,72.59,515485,2,231,643
1265,TKT-553C4CC3,2025-10-08 03:17:15.000,142.71,516682,2,231,644
1266,TKT-B6D89A3E,2025-09-19 02:19:26.000,504.24,516584,2,231,644
1267,TKT-AFEC78EA,2026-03-22 00:47:25.000,481.21,516682,2,231,644
1268,TKT-F78161DB,2026-03-15 15:23:53.000,181.3,516398,2,231,643
1269,TKT-EFD623BD,2026-01-14 18:46:47.000,262.06,515547,2,231,643
1270,TKT-41F15A8A,2025-12-21 15:40:55.000,308.85,516044,2,231,644
1271,TKT-98E8F6EC,2026-03-16 17:12:08.000,617.0,,2,231,644
1272,TKT-F0F3D4F8,2025-10-04 12:32:48.000,485.37,516331,2,231,643
1273,TKT-2C6DF708,2026-03-27 08:43:55.000,291.11,,1,500,1308
1274,TKT-6788FD5C,2026-01-05 19:43:40.000,61.56,,1,500,1308
1275,TKT-DB5CA4E1,2025-07-15 06:15:30.000,255.47,1054874,1,500,1307
1276,TKT-5C6F829B,2026-03-21 13:10:58.000,121.07,,1,500,1308
1277,TKT-33FCE195,2025-07-29 22:23:54.000,11.06,1054789,1,500,1307
1278,TKT-F06D9827,2025-08-28 16:08:20.000,26.57,,1,500,1307
1279,TKT-A197A702,2025-09-27 15:56:23.000,59.74,1054420,1,500,1308
1280,TKT-91F70210,2025-10-16 16:17:44.000,88.0,1054877,1,500,1307
1281,TKT-8E4374A0,2025-08-18 15:32:36.000,474.98,1054753,1,500,1307
1282,TKT-E86B2EBC,2025-08-22 06:19:05.000,377.69,1053828,1,500,1308
1283,TKT-C22A9E20,2026-03-09 04:03:42.000,61.01,1054789,1,500,1308
1284,TKT-24CE1411,2026-03-03 06:58:54.000,193.97,1054276,1,500,1308
1285,TKT-A0562174,2026-02-21 00:20:56.000,383.27,1054656,1,500,1308
1286,TKT-6486FDF5,2026-04-27 03:34:57.000,540.03,1054005,1,500,1308
1287,TKT-A77E9F9C,2025-08-05 11:36:06.000,583.97,1054344,1,500,1308
1288,TKT-E0F4B5EC,2025-12-25 03:05:39.000,109.2,1054203,1,500,1307
1289,TKT-61351677,2026-04-26 01:45:12.000,205.08,1054333,1,500,1307
1290,TKT-1D617521,2025-11-09 12:23:46.000,55.26,1054450,1,500,1308
1291,TKT-C770A15C,2026-04-22 15:06:36.000,257.53,1054087,1,500,1307
1292,TKT-5F683D42,2025-10-16 01:09:27.000,54.02,1054181,1,500,1308
1293,TKT-12BA53D9,2025-08-20 05:56:44.000,14.32,1054971,1,500,1307
1294,TKT-90AFCC8C,2026-04-15 03:25:24.000,56.22,1054249,1,500,1308
1295,TKT-5E943780,2025-12-27 18:40:40.000,211.07,1053640,1,500,1308
1296,TKT-E731828A,2025-10-08 08:03:08.000,309.05,,1,500,1308
1297,TKT-27F06AE0,2025-09-18 23:11:20.000,111.64,,1,500,1308
1298,TKT-3D25BEC4,2026-01-24 08:40:48.000,70.84,1054121,1,500,1307
1299,TKT-0DDF3CFB,2026-04-17 05:19:42.000,730.63,1054037,1,500,1308
1300,TKT-8FAAB81D,2025-10-15 00:24:46.000,201.35,,1,500,1307
1301,TKT-C0E719C3,2026-01-09 11:44:59.000,440.43,,1,500,1307
1302,TKT-DA82E1F7,2025-10-05 19:51:51.000,234.92,1053581,1,500,1307
1303,TKT-8C6490CD,2026-01-11 00:51:04.000,337.6,1054180,1,500,1308
1304,TKT-A78E79CE,2026-03-30 19:44:02.000,492.86,,1,500,1307
1305,TKT-30417F5B,2026-02-05 12:14:27.000,3.19,,1,500,1307
1306,TKT-4A990ED2,2025-10-27 21:06:11.000,507.61,,1,500,1308
1307,TKT-0A4A1635,2025-12-26 14:28:25.000,601.85,1054691,1,500,1308
1308,TKT-C7A59DE6,2026-01-31 20:11:30.000,326.04,,1,500,1307
1309,TKT-B9ECF5B9,2026-02-28 12:59:08.000,288.37,1054263,1,500,1307
1310,TKT-B01721E6,2026-04-15 12:04:46.000,393.08,1053909,1,500,1307
1311,TKT-31F9C5A6,2025-12-30 09:21:26.000,67.01,1054608,1,500,1308
1312,TKT-327772CA,2025-10-03 23:42:25.000,242.94,1055034,1,500,1308
1313,TKT-E7D8172F,2025-11-19 03:10:13.000,369.92,1054971,1,500,1307
1314,TKT-FF2040DF,2026-04-18 16:10:33.000,745.62,,1,500,1308
1315,TKT-AD0A3AD9,2026-03-21 01:41:34.000,89.98,,1,500,1307
1316,TKT-DC4DC73F,2025-11-02 05:49:55.000,128.99,,1,500,1308
1317,TKT-1BAF02A3,2025-10-24 08:59:17.000,613.53,1054994,1,500,1307
1318,TKT-112114C3,2025-10-10 11:51:54.000,168.63,1054964,1,500,1307
1319,TKT-57AA7216,2026-03-30 15:34:56.000,259.67,195530,2,89,244
1320,TKT-B842D4E0,2026-01-10 01:30:21.000,28.87,,2,89,244
1321,TKT-01FEB788,2025-12-22 17:58:50.000,564.65,194880,2,89,244
1322,TKT-3592ECEF,2025-10-16 00:48:35.000,101.16,,2,89,243
1323,TKT-9964216C,2025-11-15 05:06:02.000,139.66,194833,2,89,245
1324,TKT-C59635DC,2026-01-12 16:40:31.000,127.26,195448,2,89,244
1325,TKT-0A6B6050,2025-11-22 16:05:40.000,657.16,194869,2,89,245
1326,TKT-96F2A570,2025-12-06 04:20:48.000,502.2,195083,2,89,245
1327,TKT-649048E3,2026-03-02 09:48:31.000,275.95,,2,89,243
1328,TKT-91CA6CA6,2026-02-21 02:33:37.000,706.63,195706,2,89,245
1329,TKT-E5BC2BBB,2025-07-27 17:07:10.000,372.8,195334,2,89,245
1330,TKT-51BC848A,2026-04-13 10:24:57.000,641.64,195157,2,89,243
1331,TKT-E1D6F204,2026-02-19 14:26:53.000,73.24,195780,2,89,244
1332,TKT-ECF1B5EB,2026-01-07 02:58:57.000,509.21,195246,2,89,245
1333,TKT-DC3F7918,2025-09-19 04:45:08.000,281.9,195479,2,89,243
1334,TKT-423ECB3C,2025-12-30 13:15:10.000,155.59,195324,2,89,245
1335,TKT-341C8346,2026-04-12 13:30:52.000,335.72,195069,2,89,243
1336,TKT-D4C633CD,2025-08-25 18:57:40.000,78.73,195241,2,89,243
1337,TKT-C70BF3DB,2025-08-01 21:17:22.000,468.15,,4,282,793
1338,TKT-84A0D2FA,2025-08-15 23:38:54.000,143.94,,4,282,792
1339,TKT-23BFB1D9,2026-04-29 19:52:46.000,301.32,631055,4,282,792
1340,TKT-09C7A7D8,2025-08-02 05:57:29.000,176.79,,4,282,793
1341,TKT-0605B062,2026-02-02 07:46:26.000,375.81,632441,4,282,793
1342,TKT-688E23D3,2026-02-19 21:30:26.000,417.2,,4,282,793
1343,TKT-BD63E54D,2025-12-20 23:38:14.000,278.89,630827,4,282,793
1344,TKT-12ACB3A3,2025-08-08 12:23:53.000,196.77,632570,4,282,792
1345,TKT-327D6BC7,2026-05-01 10:46:01.000,437.89,630640,4,282,793
1346,TKT-19CF34CA,2026-03-13 22:22:08.000,385.23,632395,4,282,792
1347,TKT-1C979705,2025-08-09 07:04:20.000,105.59,631971,4,282,792
1348,TKT-772CE6EB,2025-08-09 21:06:16.000,261.5,632356,4,282,792
1349,TKT-49B52F14,2026-01-25 15:12:40.000,320.8,632184,4,282,792
1350,TKT-4BE35FA8,2025-10-11 00:45:18.000,269.71,631280,4,282,793
1351,TKT-3ADAF7B0,2026-03-02 04:10:39.000,374.62,630571,4,282,793
1352,TKT-04EBB0B7,2026-04-25 03:44:48.000,259.07,,4,282,792
1353,TKT-57AF4218,2026-01-14 11:37:59.000,40.33,631821,4,282,792
1354,TKT-0342F332,2025-11-21 18:12:07.000,373.17,404758,5,187,510
1355,TKT-40CF4038,2025-12-16 06:45:39.000,306.0,405271,5,187,509
1356,TKT-8C24DAC0,2025-10-30 09:39:34.000,751.49,,5,187,510
1357,TKT-32D4D9A1,2026-01-07 07:35:37.000,285.42,404786,5,187,510
1358,TKT-C4F216EA,2025-10-15 17:20:11.000,260.93,,5,187,509
1359,TKT-DB5E15EB,2026-03-03 21:34:46.000,571.97,405205,5,187,509
1360,TKT-268EDE88,2026-01-20 08:45:34.000,91.94,405608,5,187,510
1361,TKT-502A7164,2026-01-29 20:09:46.000,433.76,404962,5,187,509
1362,TKT-AE39C5F4,2026-04-20 18:21:51.000,6.84,404554,5,187,509
1363,TKT-7904A088,2026-04-17 11:43:19.000,336.96,405159,5,187,510
1364,TKT-B7444B9E,2026-04-27 22:10:25.000,438.8,404287,5,187,510
1365,TKT-21AB26A0,2025-07-25 01:57:18.000,429.35,404615,5,187,509
1366,TKT-910C46F9,2025-07-26 16:20:15.000,84.2,405225,5,187,510
1367,TKT-E789B779,2026-02-16 03:19:16.000,282.75,404857,5,187,510
1368,TKT-C3B12A8B,2025-11-26 09:33:03.000,646.7,404299,5,187,510
1369,TKT-D3EA40DB,2025-08-24 10:54:14.000,33.72,404681,5,187,510
1370,TKT-28566E5B,2026-03-10 01:41:45.000,341.13,,5,187,509
1371,TKT-13BC6273,2026-04-23 23:03:50.000,339.62,404652,5,187,510
1372,TKT-9B2DDAB4,2026-02-07 21:52:52.000,149.7,405376,5,187,510
1373,TKT-B04C1C4B,2025-11-06 07:22:39.000,364.11,404859,5,187,510
1374,TKT-98BEDEDA,2025-09-15 03:43:32.000,431.13,,5,187,510
1375,TKT-C61B1A1C,2026-02-12 07:09:02.000,215.4,405469,5,187,510
1376,TKT-5CCA8E92,2025-10-03 18:15:33.000,508.15,,5,187,509
1377,TKT-6C5CF3F2,2026-04-07 17:47:20.000,183.75,404465,5,187,510
1378,TKT-8F78C213,2025-09-22 07:40:04.000,350.42,,5,187,509
1379,TKT-4963D55E,2026-04-25 22:50:00.000,573.75,404519,5,187,510
1380,TKT-59B5E6E4,2026-04-06 20:00:39.000,118.48,405035,5,187,510
1381,TKT-F6F32C30,2025-12-01 04:40:57.000,922.94,,5,187,510
1382,TKT-D66399E3,2025-11-24 01:25:38.000,245.85,,5,187,510
1383,TKT-AA353F77,2026-04-24 09:46:25.000,271.48,,5,187,509
1384,TKT-67A44EDF,2026-03-11 08:29:26.000,387.58,405336,5,187,509
1385,TKT-3B7DAB10,2026-04-29 00:34:12.000,478.02,405227,5,187,510
1386,TKT-754D0BD8,2025-08-15 01:03:25.000,90.2,404882,5,187,509
1387,TKT-2EC9C1E1,2026-03-23 06:35:50.000,506.6,405724,5,187,509
1388,TKT-38B33C3B,2026-03-10 03:12:15.000,403.11,,5,187,510
1389,TKT-7065A9DD,2025-11-17 17:44:56.000,35.88,,5,187,509
1390,TKT-63264A57,2026-03-10 15:27:25.000,559.17,405767,5,187,510
1391,TKT-34ACE0D5,2026-02-23 02:06:06.000,47.36,,5,187,509
1392,TKT-BDD3C3B7,2025-07-30 08:32:36.000,315.57,,5,187,509
1393,TKT-3CA22640,2026-02-16 13:38:51.000,41.15,404263,5,187,509
1394,TKT-83D8B161,2025-12-23 13:24:53.000,125.47,,5,187,510
1395,TKT-A6058E8D,2025-08-06 22:29:22.000,597.78,,5,187,509
1396,TKT-7BFCAFF4,2025-08-04 03:02:37.000,120.24,,5,187,510
1397,TKT-08A27014,2026-03-23 14:22:13.000,245.98,,5,187,510
1398,TKT-2AC9ACEA,2025-08-07 08:48:44.000,266.66,404434,5,187,509
1399,TKT-9FDEA12F,2026-04-13 11:07:45.000,43.41,,5,187,510
1400,TKT-B3788B2F,2025-07-18 01:38:42.000,541.46,405498,5,187,510
1401,TKT-16C6F231,2025-10-12 11:47:14.000,173.99,,5,187,510
1402,TKT-4FBC1949,2025-07-29 05:17:46.000,108.89,405001,5,187,510
1403,TKT-D53F7DE5,2025-10-15 07:04:35.000,827.01,404832,5,187,510
1404,TKT-5F953E94,2025-12-26 23:29:48.000,123.51,405457,5,187,510
1405,TKT-5569FCCA,2026-05-05 07:14:13.000,800.04,,5,187,510
1406,TKT-B72A8D11,2025-12-10 18:34:38.000,293.12,405078,5,187,509
1407,TKT-515394EA,2025-12-24 02:52:00.000,377.46,,3,272,760
1408,TKT-11F585F6,2026-04-30 11:47:47.000,416.4,616143,3,272,762
1409,TKT-063BBD61,2026-03-04 07:33:12.000,300.75,,3,272,760
1410,TKT-19EDA6EF,2025-10-27 02:22:19.000,302.51,,3,272,761
1411,TKT-C2E45D9B,2025-11-02 18:34:25.000,142.45,,3,272,759
1412,TKT-D37A12BE,2026-03-02 21:56:11.000,23.26,615028,3,272,760
1413,TKT-67209934,2026-04-19 13:19:04.000,136.68,614923,3,272,759
1414,TKT-CCEE49FB,2026-01-17 04:34:32.000,577.98,615391,3,272,761
1415,TKT-A0967D2A,2025-08-13 17:39:30.000,52.8,,3,272,759
1416,TKT-E23FE44B,2026-01-11 23:39:15.000,232.84,615588,3,272,762
1417,TKT-8BFA3B6D,2025-10-29 08:10:04.000,658.94,615789,3,272,762
1418,TKT-2665B125,2025-10-03 13:24:12.000,225.03,614935,3,272,759
1419,TKT-6F0B87D2,2026-03-11 19:58:25.000,167.49,,3,272,761
1420,TKT-A035EF8A,2025-11-30 06:07:42.000,177.45,615732,3,272,759
1421,TKT-B7EAE91A,2026-04-11 19:26:53.000,573.88,614796,3,272,759
1422,TKT-B3A98A4D,2026-04-21 17:17:48.000,367.31,614955,3,272,759
1423,TKT-9E88B450,2026-05-07 16:04:44.000,195.45,,3,272,760
1424,TKT-BCAAC994,2025-11-24 20:59:27.000,135.45,615830,3,272,760
1425,TKT-20575A91,2025-10-22 19:54:01.000,37.19,614904,3,272,762
1426,TKT-4CC10792,2025-09-23 22:31:40.000,173.26,615358,3,272,760
1427,TKT-7DAB0D8E,2026-03-05 11:27:41.000,859.33,,3,272,762
1428,TKT-377C7F42,2025-07-23 06:50:19.000,77.91,,5,39,104
1429,TKT-C53C3BCB,2025-09-13 11:51:24.000,170.34,85477,5,39,102
1430,TKT-7269AE97,2025-08-12 12:16:04.000,652.04,,5,39,105
1431,TKT-1C335D30,2025-10-03 19:39:31.000,100.71,85670,5,39,100
1432,TKT-6CB4B8B5,2025-11-03 11:22:02.000,439.65,88076,5,39,105
1433,TKT-2701E5CA,2026-02-08 03:38:56.000,575.42,,5,39,102
1434,TKT-68C4FFB3,2025-11-17 09:37:06.000,54.5,87799,5,39,104
1435,TKT-BAC371D9,2025-11-20 04:09:32.000,245.37,89902,5,39,103
1436,TKT-6788885E,2025-09-29 08:56:13.000,437.69,,5,39,104
1437,TKT-3D457C4A,2026-01-05 05:20:58.000,237.73,86158,5,39,105
1438,TKT-6266DF48,2025-10-16 21:50:16.000,344.48,90213,5,39,104
1439,TKT-4E15F8D0,2025-08-27 17:32:08.000,152.16,87895,5,39,105
1440,TKT-17C437E9,2026-01-25 19:34:46.000,597.08,89074,5,39,105
1441,TKT-D4AB673B,2025-12-05 09:26:57.000,193.76,84145,5,39,100
1442,TKT-5D95EA24,2025-08-29 20:44:46.000,258.81,,5,39,104
1443,TKT-FE60C87E,2025-08-18 15:31:12.000,252.63,87524,5,39,102
1444,TKT-287B4A17,2025-08-31 19:15:22.000,145.6,,5,39,101
1445,TKT-C206B31E,2025-08-04 04:31:10.000,453.07,86559,5,39,105
1446,TKT-1D6B3432,2026-03-08 19:59:21.000,598.27,86054,5,39,103
1447,TKT-BC7804B5,2025-12-25 04:14:49.000,306.85,88998,5,39,100
1448,TKT-966A9DB9,2025-11-30 13:53:25.000,286.44,87147,5,39,102
1449,TKT-3D2C2834,2025-08-15 06:11:25.000,20.01,85708,5,39,101
1450,TKT-94D850F0,2025-11-09 09:19:45.000,159.0,87100,5,39,104
1451,TKT-DB6B0FF8,2025-08-11 02:36:18.000,361.99,86227,5,39,103
1452,TKT-ECA2855C,2025-09-20 09:20:17.000,84.68,86059,5,39,103
1453,TKT-ADB09F85,2025-09-12 21:16:04.000,329.63,86316,5,39,101
1454,TKT-5233F2EA,2026-04-09 21:47:26.000,364.93,,5,39,105
1455,TKT-6E5AF20C,2026-01-24 12:21:50.000,113.44,84105,5,39,100
1456,TKT-8DF78D63,2025-09-28 12:25:48.000,365.89,87130,5,39,102
1457,TKT-A9DF138A,2025-11-26 03:37:50.000,280.81,,5,170,455
1458,TKT-817BF5CA,2026-03-18 17:33:01.000,269.35,357839,5,170,455
1459,TKT-07A8A0E6,2025-08-06 22:53:05.000,78.18,,5,170,455
1460,TKT-884A2734,2026-02-05 15:32:43.000,657.68,,5,170,455
1461,TKT-8DE02428,2025-10-10 03:01:49.000,314.44,359339,5,170,455
1462,TKT-7041253B,2025-10-14 07:26:55.000,668.32,358822,5,170,455
1463,TKT-B86E7EF9,2025-09-07 04:46:42.000,191.88,358129,5,170,455
1464,TKT-F23F11FE,2026-02-12 06:03:19.000,379.97,359333,5,170,455
1465,TKT-3DF8C0A9,2026-04-08 08:47:42.000,105.42,,5,170,455
1466,TKT-31C1415C,2025-08-21 00:25:25.000,768.88,,5,170,455
1467,TKT-FC5AF255,2025-08-15 05:26:50.000,519.77,,5,170,455
1468,TKT-92B4DB34,2025-11-30 10:29:25.000,286.16,,5,170,455
1469,TKT-81D6001A,2026-03-18 18:20:32.000,375.05,358486,5,170,455
1470,TKT-D144FAAD,2026-01-30 05:55:05.000,153.4,358674,5,170,455
1471,TKT-027387C7,2025-09-04 19:46:43.000,475.15,359387,5,170,455
1472,TKT-11BCE20B,2025-09-13 20:27:22.000,560.84,,5,170,455
1473,TKT-19B0DE87,2025-10-02 23:43:50.000,86.4,358825,5,170,455
1474,TKT-8640F16A,2025-09-18 05:11:37.000,435.65,359408,5,170,455
1475,TKT-9A927E47,2025-09-29 10:59:36.000,116.59,358593,5,170,455
1476,TKT-88D4378F,2026-03-03 12:30:37.000,578.86,359096,5,170,455
1477,TKT-3B9E0D88,2026-03-11 06:38:48.000,265.53,359050,5,170,455
1478,TKT-F7DC03DF,2026-01-23 22:56:46.000,159.15,358755,5,170,455
1479,TKT-FC7A067D,2026-04-26 00:13:55.000,215.79,359355,5,170,455
1480,TKT-49869648,2026-03-08 03:10:17.000,483.87,359010,5,170,455
1481,TKT-54A0A181,2025-11-26 11:00:41.000,548.92,359344,5,170,455
1482,TKT-759B26EA,2026-04-08 10:42:16.000,359.76,,5,170,455
1483,TKT-02FC5A3F,2025-11-26 09:56:03.000,239.44,,5,170,455
1484,TKT-8E9A07E7,2025-11-02 18:56:15.000,783.6,,5,170,455
1485,TKT-AC1BAB5E,2026-03-29 05:08:04.000,95.68,358769,5,170,455
1486,TKT-B38F39D6,2026-02-18 20:03:05.000,360.27,357818,5,170,455
1487,TKT-1EADC147,2025-12-11 05:39:05.000,639.95,358769,5,170,455
1488,TKT-10926965,2025-09-21 05:54:47.000,299.97,358129,5,170,455
1489,TKT-002D8EF7,2025-10-28 06:48:20.000,669.78,358765,5,170,455
1490,TKT-E9C82A59,2026-03-08 03:51:23.000,387.65,,5,170,455
1491,TKT-122F3342,2025-11-08 07:28:56.000,51.15,358108,5,170,455
1492,TKT-0BC390DA,2026-01-10 01:19:30.000,355.7,358456,5,170,455
1493,TKT-073FF34B,2025-12-21 06:38:55.000,183.36,,5,170,455
1494,TKT-B98B3649,2025-10-13 23:37:40.000,399.8,359190,5,170,455
1495,TKT-048858D5,2026-04-09 04:29:52.000,137.9,359251,5,170,455
1496,TKT-310282A4,2025-07-17 22:27:10.000,345.69,,5,170,455
1497,TKT-C1895989,2026-04-06 11:02:17.000,17.01,357930,5,170,455
1498,TKT-C9C2B0BA,2026-03-05 06:58:57.000,317.68,358211,5,170,455
1499,TKT-0430C369,2025-08-13 20:18:02.000,261.37,,5,170,455
1500,TKT-E35BBCA4,2025-12-11 08:16:28.000,293.82,357910,5,170,455
1501,TKT-93EAC80B,2025-09-25 00:49:01.000,61.56,,5,170,455
1502,TKT-56D9961C,2025-11-19 21:54:54.000,421.24,,5,170,455
1503,TKT-7B614166,2025-11-25 16:15:20.000,268.28,,5,170,455
1504,TKT-38C70BF4,2026-01-06 16:56:31.000,155.16,,5,170,455
1505,TKT-4361D0BA,2026-05-04 04:56:03.000,166.45,358698,5,170,455
1506,TKT-CACF9C77,2026-01-16 01:49:54.000,109.2,358450,5,170,455
1507,TKT-012DFA62,2026-04-10 12:18:08.000,464.75,,5,170,455
1508,TKT-E7C65F22,2025-09-02 16:13:47.000,287.01,768874,3,348,957
1509,TKT-86194860,2025-08-05 04:02:30.000,129.64,769777,3,348,957
1510,TKT-7E86962D,2026-02-12 03:55:59.000,508.47,767735,3,348,955
1511,TKT-E806AF1B,2025-12-06 11:21:12.000,342.3,768684,3,348,956
1512,TKT-46FB3D03,2025-11-03 21:52:11.000,69.59,768842,3,348,955
1513,TKT-8C0ADE1F,2026-01-10 21:54:58.000,258.97,768514,3,348,955
1514,TKT-B359EEEA,2025-12-08 13:46:08.000,93.56,767798,3,348,956
1515,TKT-FDB29442,2026-03-13 13:51:03.000,14.28,,3,348,957
1516,TKT-35995E82,2025-12-12 07:46:52.000,100.55,,3,348,955
1517,TKT-F328A45A,2026-05-03 08:56:24.000,540.24,767171,3,348,956
1518,TKT-12278111,2026-04-03 02:11:30.000,47.21,769759,3,348,957
1519,TKT-3138FF79,2025-11-01 11:48:23.000,350.5,769842,3,348,957
1520,TKT-CC39E105,2025-10-02 19:08:59.000,10.76,768900,3,348,955
1521,TKT-2BAAA584,2025-07-29 23:36:39.000,776.69,,3,348,955
1522,TKT-A1BA5257,2025-08-14 17:29:48.000,387.87,,3,348,957
1523,TKT-61B39D8A,2025-11-23 05:39:35.000,624.42,769971,3,348,957
1524,TKT-DC2D1A55,2026-05-05 05:06:54.000,265.5,767700,3,348,956
1525,TKT-189C384B,2025-11-15 05:21:25.000,197.87,769993,3,348,955
1526,TKT-993C59DE,2025-10-08 22:08:34.000,69.35,768777,3,348,956
1527,TKT-AEC0B536,2025-11-10 21:15:12.000,378.9,,3,348,956
1528,TKT-BB659005,2025-08-10 08:58:56.000,255.78,,3,348,955
1529,TKT-32347C34,2025-07-15 01:51:36.000,338.8,769248,3,348,955
1530,TKT-22E5C447,2025-09-14 22:25:04.000,220.01,,3,348,956
1531,TKT-2517DBAF,2025-12-31 21:12:10.000,8.65,,3,348,955
1532,TKT-763E6D1C,2025-12-22 08:09:57.000,58.43,767496,3,348,955
1533,TKT-A7F12D47,2025-11-19 11:38:34.000,608.89,767594,3,348,957
1534,TKT-F4FB9719,2025-08-07 18:58:36.000,393.36,767903,3,348,956
1535,TKT-AABDCBF8,2025-09-03 06:13:31.000,50.52,,3,348,956
1536,TKT-7585E162,2025-12-10 01:24:09.000,182.04,767015,3,348,956
1537,TKT-1BABDB4F,2025-07-13 01:44:39.000,283.54,768289,3,348,956
1538,TKT-42F4F695,2025-07-16 18:21:29.000,665.71,770295,3,348,956
1539,TKT-E665238D,2025-08-26 03:13:18.000,573.92,,3,348,956
1540,TKT-B417507B,2026-02-06 19:58:21.000,620.82,720356,1,323,896
1541,TKT-21EE553E,2026-04-12 18:15:00.000,407.28,720465,1,323,895
1542,TKT-D21DAC99,2025-10-19 15:36:37.000,277.23,721807,1,323,896
1543,TKT-69FD2C8E,2025-10-03 14:52:41.000,610.69,720257,1,323,895
1544,TKT-6D560FB6,2025-07-14 22:27:17.000,66.43,,1,323,896
1545,TKT-DCB060B6,2026-02-23 16:25:19.000,57.24,722924,1,323,895
1546,TKT-9A96CBBD,2025-09-03 16:27:43.000,212.55,,1,323,895
1547,TKT-05821EC3,2025-07-12 23:22:21.000,301.33,,1,323,897
1548,TKT-721FA620,2026-04-29 02:16:04.000,50.46,721423,1,323,895
1549,TKT-ECD76C8C,2025-09-25 18:15:40.000,413.49,719869,1,323,897
1550,TKT-EB9FAD2B,2026-04-09 06:25:52.000,493.91,722218,1,323,896
1551,TKT-8C2B4291,2025-10-08 23:22:31.000,295.84,723086,1,323,895
1552,TKT-FEFC3185,2025-12-18 07:44:20.000,472.19,720718,1,323,896
1553,TKT-5804FAA3,2025-08-13 16:44:18.000,562.77,,1,323,897
1554,TKT-FB788CEB,2025-11-25 17:10:32.000,280.65,,1,323,896
1555,TKT-FEC5902E,2026-03-05 20:07:20.000,638.18,,1,323,898
1556,TKT-9BB56C1B,2026-05-02 20:20:40.000,128.07,722633,1,323,895
1557,TKT-ECC6F717,2026-05-07 12:01:32.000,34.82,721565,1,323,896
1558,TKT-57EA2B21,2026-02-13 04:53:30.000,113.76,723575,1,323,895
1559,TKT-240F31F7,2026-03-03 16:58:41.000,219.6,720063,1,323,895
1560,TKT-AFD88127,2026-02-02 21:45:44.000,44.9,722631,1,323,897
1561,TKT-5B8BC099,2026-01-07 12:58:32.000,168.61,,1,323,895
1562,TKT-9CEE1149,2026-01-31 01:39:32.000,219.42,,1,323,896
1563,TKT-106BE88A,2025-12-12 15:35:10.000,472.19,720549,1,323,896
1564,TKT-EC20372B,2025-11-12 03:24:30.000,210.24,720709,1,323,897
1565,TKT-ABA862F0,2025-09-14 19:03:43.000,399.82,723251,1,323,895
1566,TKT-EBF48774,2026-01-20 07:53:00.000,271.79,721321,1,323,895
1567,TKT-01A340AB,2025-09-17 22:18:38.000,770.58,722683,1,323,898
1568,TKT-FA0033E3,2025-07-18 10:40:53.000,386.6,720005,1,323,896
1569,TKT-E7EB1248,2025-07-29 21:37:15.000,525.38,720479,1,323,896
1570,TKT-22D118D1,2025-08-13 21:21:07.000,831.39,720896,1,323,895
1571,TKT-511FF81E,2025-10-12 15:33:16.000,178.11,720138,1,323,897
1572,TKT-A44C57BB,2025-11-10 23:17:10.000,622.1,722229,1,323,897
1573,TKT-639692EA,2026-02-21 10:00:54.000,295.38,720518,1,323,898
1574,TKT-D2469482,2025-10-02 05:33:47.000,136.3,723259,1,323,897
1575,TKT-94F7867C,2025-10-25 10:47:57.000,307.85,722762,1,323,896
1576,TKT-7AA22992,2026-04-29 02:38:26.000,85.34,,1,323,896
1577,TKT-64B33C8E,2025-09-26 18:16:25.000,79.76,,1,323,898
1578,TKT-6F3D3134,2026-02-17 05:35:59.000,34.94,723143,1,323,898
1579,TKT-5D92A9D2,2025-08-16 18:18:59.000,129.78,721041,1,323,898
1580,TKT-9FE80071,2025-08-15 16:42:51.000,166.35,,1,323,896
1581,TKT-2DCEF574,2026-03-07 05:18:18.000,454.52,719495,1,323,896
1582,TKT-81519CAC,2025-09-28 09:28:25.000,345.84,,5,309,864
1583,TKT-3ED52F40,2026-03-31 15:48:09.000,207.78,692977,5,309,864
1584,TKT-8D2FBC81,2025-10-25 03:49:31.000,593.47,693451,5,309,864
1585,TKT-27B60944,2025-11-23 22:26:40.000,336.72,693412,5,309,864
1586,TKT-D231EA83,2025-09-06 00:07:34.000,771.5,692861,5,309,864
1587,TKT-660D0C30,2025-09-19 07:55:50.000,468.38,692877,5,309,864
1588,TKT-D2A6A733,2026-01-24 06:37:12.000,78.34,,5,309,864
1589,TKT-ED48977D,2025-08-10 01:32:23.000,328.32,,5,309,864
1590,TKT-06BA4796,2025-11-15 13:20:41.000,307.3,692792,5,309,864
1591,TKT-B07F940B,2025-09-07 06:30:05.000,138.06,692994,5,309,864
1592,TKT-C2EE62DF,2026-03-31 22:14:47.000,227.04,692796,5,309,864
1593,TKT-2403518B,2026-04-03 10:52:44.000,284.72,692849,5,309,864
1594,TKT-3DFBD4F3,2026-03-15 03:34:26.000,259.42,616883,1,273,763
1595,TKT-55A46133,2026-04-08 20:41:38.000,498.84,,1,273,763
1596,TKT-F9D9B721,2025-08-12 15:14:14.000,108.44,,1,273,763
1597,TKT-22FFEAFF,2025-10-22 20:54:30.000,257.16,616527,1,273,763
1598,TKT-7215AACA,2026-02-02 11:39:59.000,225.32,616616,1,273,763
1599,TKT-F81238F5,2025-08-06 15:02:52.000,463.3,616855,1,273,763
1600,TKT-E1C188DC,2025-10-10 16:49:28.000,80.35,616719,1,273,763
1601,TKT-C2B817EE,2025-12-12 00:47:45.000,615.46,,1,273,763
1602,TKT-1868DD5C,2025-10-05 21:37:36.000,627.05,616492,1,273,763
1603,TKT-E3640476,2025-10-07 15:27:36.000,362.67,616816,1,273,763
1604,TKT-E3414D74,2025-09-29 16:34:16.000,162.8,,1,273,763
1605,TKT-F56E176E,2026-05-06 05:42:22.000,81.5,,1,273,763
1606,TKT-C49C3947,2025-12-25 15:47:29.000,354.78,616970,1,273,763
1607,TKT-D6F97A5B,2025-11-08 04:18:07.000,173.16,616353,1,273,763
1608,TKT-80D67A7B,2025-12-16 15:50:58.000,138.31,616715,1,273,763
1609,TKT-A02C5988,2026-03-29 11:36:56.000,620.2,616838,1,273,763
1610,TKT-4E890F43,2026-02-01 17:07:15.000,146.55,616894,1,273,763
1611,TKT-CD964930,2026-05-05 17:27:45.000,394.99,616374,1,273,763
1612,TKT-4F063516,2025-09-14 20:59:08.000,52.15,,1,273,763
1613,TKT-6CBC8BF7,2025-07-23 07:48:29.000,340.72,616639,1,273,763
1614,TKT-88BC449B,2025-10-23 06:38:44.000,723.64,616992,1,273,763
1615,TKT-A3FC7FCD,2025-12-17 19:26:39.000,371.79,,1,273,763
1616,TKT-729F135F,2026-04-26 11:19:15.000,205.53,,1,273,763
1617,TKT-58D9AE44,2026-03-19 08:37:09.000,298.07,,1,273,763
1618,TKT-5C469B6D,2025-09-19 00:16:21.000,412.6,,1,273,763
1619,TKT-243E0EB6,2025-09-30 15:24:24.000,313.78,,1,273,763
1620,TKT-83EFB03F,2025-10-02 23:46:37.000,235.94,616243,1,273,763
1621,TKT-E6316431,2025-10-19 05:40:01.000,120.36,616464,1,273,763
1622,TKT-7F150A42,2025-12-23 03:23:37.000,594.17,616426,1,273,763
1623,TKT-CE76EA2D,2025-08-27 02:25:01.000,614.16,616468,1,273,763
1624,TKT-2DF8D6B5,2025-12-03 23:37:36.000,13.63,616334,1,273,763
1625,TKT-CB13ED7B,2026-05-05 11:55:16.000,236.43,,1,273,763
1626,TKT-80ADE003,2026-03-01 10:57:24.000,299.92,,1,273,763
1627,TKT-C1514C92,2025-10-27 10:35:00.000,110.5,,1,273,763
1628,TKT-D125DB6D,2025-08-15 11:15:08.000,554.05,554944,4,249,691
1629,TKT-E5CE7529,2026-01-12 15:52:22.000,284.39,554591,4,249,692
1630,TKT-FA763297,2025-07-16 14:25:42.000,192.93,554933,4,249,692
1631,TKT-E20DFF2E,2025-11-18 12:34:42.000,213.79,554993,4,249,691
1632,TKT-59B1D492,2025-11-26 07:19:20.000,456.84,554748,4,249,691
1633,TKT-E6612C2C,2025-09-20 19:16:45.000,328.4,554710,4,249,691
1634,TKT-3F46252B,2026-01-03 05:17:52.000,335.67,553911,4,249,692
1635,TKT-7AF631DB,2025-11-13 15:08:32.000,295.99,553738,4,249,691
1636,TKT-FED43516,2025-07-25 12:46:24.000,761.52,,4,249,692
1637,TKT-7E13DF6E,2025-11-10 04:19:37.000,142.6,553564,4,249,692
1638,TKT-796D0FD3,2026-02-20 06:51:11.000,220.44,554988,4,249,691
1639,TKT-EBEFB284,2025-09-15 23:33:31.000,234.08,554588,4,249,691
1640,TKT-90EBE275,2026-01-12 21:57:55.000,752.32,554749,4,249,691
1641,TKT-A0CF8418,2025-08-11 10:46:21.000,6.33,553794,4,249,692
1642,TKT-E29DB1E6,2026-04-22 12:06:59.000,487.32,,4,249,691
1643,TKT-FE18F851,2025-12-04 13:12:17.000,57.72,554790,4,249,692
1644,TKT-B5912579,2025-11-24 17:51:45.000,310.61,554254,4,249,691
1645,TKT-3472358C,2025-10-28 08:22:19.000,111.12,553831,4,249,691
1646,TKT-5D9BC5CC,2025-11-22 14:00:42.000,46.45,554422,4,249,691
1647,TKT-0A282934,2025-10-19 01:39:44.000,311.98,554552,4,249,691
1648,TKT-92814D0E,2026-04-14 10:59:06.000,195.66,,4,249,692
1649,TKT-2A4F60BE,2026-03-05 08:09:12.000,45.1,554499,4,249,692
1650,TKT-31806B20,2026-02-23 05:33:13.000,499.1,,4,249,692
1651,TKT-7C35A57A,2025-10-26 02:48:33.000,203.65,,4,249,691
1652,TKT-2DEB65FD,2025-10-10 20:25:19.000,535.93,554727,4,249,692
1653,TKT-8990370C,2025-07-13 09:37:55.000,209.62,554032,4,249,692
1654,TKT-A214442E,2026-04-27 07:01:12.000,516.31,554925,4,249,691
1655,TKT-949433DF,2026-03-29 08:35:38.000,49.53,553899,4,249,692
1656,TKT-FF314DE3,2025-11-20 17:19:36.000,109.33,553922,4,249,691
1657,TKT-9333B24E,2025-08-14 01:30:01.000,893.22,554510,4,249,692
1658,TKT-5E1B7018,2025-12-24 13:01:26.000,245.93,,4,249,691
1659,TKT-B2FA3B0A,2026-04-24 04:01:46.000,536.19,,4,249,691
1660,TKT-F11E8465,2026-01-08 02:08:38.000,71.95,,4,249,692
1661,TKT-42E4A834,2025-08-02 20:10:40.000,471.93,554142,4,249,691
1662,TKT-51D07C55,2026-03-04 12:09:18.000,17.92,553871,4,249,692
1663,TKT-04A5ED33,2026-03-30 02:32:41.000,851.02,,4,249,691
1664,TKT-402EB77F,2025-09-01 07:54:17.000,373.65,580070,2,258,722
1665,TKT-75C6E173,2025-07-29 20:11:41.000,668.81,579789,2,258,721
1666,TKT-53785257,2025-10-23 03:50:31.000,76.35,583853,2,258,721
1667,TKT-BF09755E,2026-03-23 22:39:26.000,200.59,586293,2,258,723
1668,TKT-42C9CA93,2025-11-04 05:20:47.000,200.76,581332,2,258,718
1669,TKT-5D993328,2026-03-25 20:10:44.000,676.34,,2,258,718
1670,TKT-3B76399E,2026-03-12 20:40:27.000,409.44,578395,2,258,724
1671,TKT-872C5608,2026-02-16 13:04:07.000,423.97,579642,2,258,724
1672,TKT-C46F116E,2025-09-23 16:59:25.000,204.52,584247,2,258,718
1673,TKT-8EEEEDB3,2025-12-14 19:52:39.000,163.12,582584,2,258,718
1674,TKT-5042D2DF,2025-11-08 07:39:26.000,319.95,,2,258,720
1675,TKT-F9DAA9A9,2025-11-26 10:36:20.000,27.03,582838,2,258,723
1676,TKT-88B392BA,2025-09-10 14:16:14.000,426.6,,2,258,724
1677,TKT-FEF8976F,2025-09-10 11:26:35.000,430.93,580845,2,258,719
1678,TKT-409D4538,2026-04-14 09:27:34.000,95.82,579047,2,258,719
1679,TKT-4558A26A,2025-12-05 16:51:06.000,264.21,584654,2,258,720
1680,TKT-6F890784,2025-10-13 05:02:11.000,165.94,586068,2,258,720
1681,TKT-473511FA,2026-02-18 17:31:53.000,364.05,585471,2,258,721
1682,TKT-0B713F83,2026-04-26 01:16:33.000,350.04,,2,258,723
1683,TKT-53C5696D,2025-08-24 23:26:49.000,257.79,579164,2,258,720
1684,TKT-3D848C01,2026-03-20 22:07:23.000,133.34,,2,258,721
1685,TKT-DFEAA1F2,2025-10-17 09:19:22.000,596.99,,2,258,724
1686,TKT-B144411C,2026-04-19 18:25:19.000,606.2,,2,258,721
1687,TKT-D4678358,2026-03-15 21:12:59.000,337.76,583328,2,258,718
1688,TKT-0A9D65CD,2026-03-30 21:39:49.000,565.06,582304,2,258,721
1689,TKT-48C74DCD,2025-09-02 01:17:54.000,266.5,580371,2,258,718
1690,TKT-7E02B5D3,2025-08-23 22:48:24.000,56.1,,2,258,723
1691,TKT-3C31969D,2026-02-26 15:32:09.000,60.92,583947,2,258,719
1692,TKT-2F3EF930,2025-10-14 06:09:42.000,494.03,,2,258,723
1693,TKT-23E42430,2025-11-29 18:58:42.000,138.64,586471,2,258,720
1694,TKT-967FD948,2025-10-22 08:22:12.000,631.97,583790,2,258,719
1695,TKT-3C77FD45,2026-04-01 12:25:46.000,57.1,247996,5,117,317
1696,TKT-EB6BB964,2025-12-01 00:09:52.000,561.03,,5,117,318
1697,TKT-7E0F1694,2025-11-04 20:46:03.000,169.65,,5,117,318
1698,TKT-32522CA5,2026-04-08 01:26:18.000,656.06,,5,117,316
1699,TKT-EF96FF8B,2026-01-22 19:53:26.000,123.93,,5,117,316
1700,TKT-40882C18,2025-10-16 13:20:41.000,79.88,246941,5,117,318
1701,TKT-3F0797A5,2025-12-10 17:01:39.000,105.03,246825,5,117,317
1702,TKT-A0023C7D,2026-03-31 03:21:40.000,274.35,247654,5,117,317
1703,TKT-56DD9A98,2026-03-05 16:28:22.000,297.6,248201,5,117,318
1704,TKT-DBB670C3,2025-07-23 11:56:21.000,387.72,248599,5,117,317
1705,TKT-E4DC6C0F,2025-11-01 15:56:29.000,773.16,,5,117,317
1706,TKT-109CF7EE,2026-02-24 12:23:38.000,45.97,,5,117,317
1707,TKT-D0C64DB7,2025-12-30 01:53:12.000,316.03,247117,5,117,316
1708,TKT-F9761AB3,2025-11-20 04:01:45.000,684.39,247629,5,117,316
1709,TKT-B544F29A,2025-12-28 00:51:33.000,490.36,246763,5,117,316
1710,TKT-D59AEB6C,2026-03-15 02:47:32.000,167.16,,2,396,1061
1711,TKT-19BDD322,2026-03-01 10:31:40.000,272.75,849903,2,396,1061
1712,TKT-8A523C7E,2025-08-14 23:41:35.000,111.4,849096,2,396,1062
1713,TKT-081F676F,2025-10-13 19:28:37.000,134.08,848578,2,396,1061
1714,TKT-482BCE75,2026-04-01 12:42:27.000,254.04,,2,396,1061
1715,TKT-AD87BC85,2026-03-14 12:47:39.000,733.83,849397,2,396,1062
1716,TKT-57D49826,2025-10-01 18:58:31.000,9.08,848727,2,396,1063
1717,TKT-7F0E8CEF,2025-09-11 13:17:00.000,478.51,848970,2,396,1060
1718,TKT-FB2DF7EF,2026-03-30 03:24:01.000,292.07,849512,2,396,1061
1719,TKT-226B22C2,2026-05-04 16:28:41.000,114.22,849213,2,396,1063
1720,TKT-830D8DED,2025-08-16 21:54:57.000,619.49,,2,396,1061
1721,TKT-60767A8B,2025-07-18 13:01:17.000,1040.12,849036,2,396,1060
1722,TKT-0242BB0A,2025-08-21 19:00:28.000,189.15,848805,2,396,1063
1723,TKT-801B6DFC,2026-04-08 09:30:00.000,116.1,849937,2,396,1060
1724,TKT-5C128EA1,2025-10-22 15:57:14.000,150.12,848685,2,396,1062
1725,TKT-FF7A6C8F,2026-05-03 22:32:54.000,110.86,848421,2,396,1061
1726,TKT-5F47D64E,2025-08-08 22:32:00.000,440.29,849804,2,396,1061
1727,TKT-94914544,2025-08-09 03:02:17.000,337.34,849991,2,396,1062
1728,TKT-37568971,2026-04-18 14:33:52.000,225.64,848798,2,396,1062
1729,TKT-3D0739A1,2026-01-08 13:55:46.000,588.57,849336,2,396,1061
1730,TKT-91D493E4,2025-08-16 17:54:48.000,104.19,,2,396,1060
1731,TKT-E8415745,2025-11-17 15:29:38.000,39.28,849057,2,396,1063
1732,TKT-791FCE47,2025-10-15 12:13:38.000,762.42,,2,396,1063
1733,TKT-5356384A,2026-02-15 10:41:28.000,32.14,849451,2,396,1061
1734,TKT-6B865CFD,2026-02-10 11:21:56.000,22.68,849083,2,396,1060
1735,TKT-614A3476,2026-03-23 15:39:56.000,328.6,,2,396,1063
1736,TKT-85A60B42,2025-08-08 04:18:55.000,345.84,,2,396,1062
1737,TKT-F5B95940,2026-03-23 15:50:01.000,271.81,849966,2,396,1061
1738,TKT-57E2832A,2026-04-29 16:56:01.000,99.58,849746,2,396,1061
1739,TKT-A20AA471,2025-08-29 14:45:12.000,280.42,847925,2,396,1063
1740,TKT-AF36A96B,2026-03-08 10:21:15.000,312.71,849998,2,396,1060
1741,TKT-C06863E7,2026-03-27 17:13:43.000,368.17,848325,2,396,1062
1742,TKT-E9F07399,2025-12-03 15:34:56.000,67.64,,2,396,1061
1743,TKT-6F944F88,2026-04-09 21:56:01.000,557.82,849892,2,396,1061
1744,TKT-26B3D4BB,2026-03-09 09:13:52.000,485.6,848884,2,396,1060
1745,TKT-49C7A2D9,2025-11-18 15:49:10.000,260.36,,2,396,1062
1746,TKT-544C7DC7,2025-10-04 01:16:31.000,735.61,,2,396,1060
1747,TKT-46111EB5,2026-01-13 15:21:26.000,124.28,848121,2,396,1063
1748,TKT-DC1B156A,2025-11-27 13:26:15.000,386.55,849999,2,396,1060
1749,TKT-0018F347,2025-08-01 18:07:43.000,130.8,849810,2,396,1060
1750,TKT-C332DB32,2025-07-18 14:46:45.000,82.36,848869,2,396,1063
1751,TKT-2F611D24,2026-04-22 03:15:47.000,624.99,849901,2,396,1060
1752,TKT-D6DE7EF0,2025-07-16 04:11:37.000,241.68,849196,2,396,1060
1753,TKT-DA2F0F3A,2026-02-01 16:52:13.000,236.6,849351,2,396,1061
1754,TKT-BD6B086C,2026-01-07 07:53:02.000,249.04,,2,396,1061
1755,TKT-03642A54,2025-07-24 23:30:00.000,241.08,849993,2,396,1060
1756,TKT-C1730D31,2026-03-23 10:02:57.000,192.15,,2,396,1061
1757,TKT-4E533891,2026-03-03 23:46:44.000,473.0,,2,396,1063
1758,TKT-6B7664CB,2025-10-22 10:02:58.000,538.53,848534,2,396,1062
1759,TKT-04FB09A5,2026-01-22 12:44:07.000,357.38,849055,2,396,1063
1760,TKT-851D72BF,2025-10-17 23:43:58.000,35.7,848663,2,396,1062
1761,TKT-EA619A03,2025-10-07 13:15:02.000,262.36,847962,2,396,1060
1762,TKT-FACEEDDC,2025-09-25 01:28:58.000,380.24,,2,396,1063
1763,TKT-47378121,2026-04-16 10:19:36.000,259.15,338711,5,158,424
1764,TKT-4FD102BF,2025-08-19 17:04:34.000,193.24,,5,158,424
1765,TKT-DDA71A1E,2025-07-19 22:14:18.000,504.33,339717,5,158,424
1766,TKT-61DAC12E,2025-11-05 21:04:03.000,868.7,339237,5,158,424
1767,TKT-052C40EF,2025-10-22 01:27:24.000,156.57,337978,5,158,424
1768,TKT-FBC020A2,2025-11-22 01:28:28.000,465.26,338923,5,158,424
1769,TKT-ACDB38D2,2025-11-01 18:37:24.000,172.76,338761,5,158,424
1770,TKT-D55E245C,2026-01-12 04:36:07.000,179.85,338377,5,158,424
1771,TKT-0DA1986A,2025-08-05 08:25:42.000,258.73,,5,158,424
1772,TKT-6A36F143,2025-10-27 03:58:18.000,350.47,338319,5,158,424
1773,TKT-7B3D1C17,2025-10-12 15:01:40.000,581.2,339459,5,158,424
1774,TKT-59A886E7,2026-01-01 09:34:25.000,228.99,338723,5,158,424
1775,TKT-75E22745,2026-04-01 21:22:04.000,574.12,,5,158,424
1776,TKT-6DBD32E2,2026-03-29 17:35:10.000,157.25,338664,5,158,424
1777,TKT-3FBE63AE,2025-08-14 11:50:49.000,298.16,,5,158,424
1778,TKT-63EDE508,2026-04-30 18:05:52.000,62.93,339656,5,158,424
1779,TKT-1310F64B,2025-12-29 12:58:03.000,230.46,337933,5,158,424
1780,TKT-2483FA0C,2025-09-30 07:19:45.000,916.01,338408,5,158,424
1781,TKT-C6E6A092,2026-04-30 22:14:41.000,297.98,339393,5,158,424
1782,TKT-4044F78C,2025-08-04 05:12:06.000,346.31,338290,5,158,424
1783,TKT-D33425F3,2026-04-18 23:50:13.000,267.38,,5,158,424
1784,TKT-44B9840A,2026-04-04 11:42:08.000,365.02,338688,5,158,424
1785,TKT-9C0D5E39,2026-04-10 09:31:44.000,179.95,,5,158,424
1786,TKT-D809AB84,2025-07-23 07:34:49.000,54.24,339718,5,158,424
1787,TKT-891C7854,2026-02-22 18:33:43.000,695.63,338627,5,158,424
1788,TKT-6B5D21D3,2026-01-01 20:25:44.000,217.79,337801,5,158,424
1789,TKT-A4F4E3DF,2025-08-22 16:58:18.000,179.26,,5,158,424
1790,TKT-96482A8F,2026-05-05 03:40:53.000,16.41,,5,158,424
1791,TKT-A8D7CF23,2025-08-19 12:59:02.000,94.39,,5,158,424
1792,TKT-C19DDA75,2026-01-06 04:00:56.000,26.57,339002,5,158,424
1793,TKT-9B4F30B8,2026-05-03 02:19:08.000,459.05,,5,158,424
1794,TKT-2F494303,2026-04-24 16:00:42.000,553.52,,5,158,424
1795,TKT-788EF5D7,2026-03-12 02:12:01.000,112.62,,5,158,424
1796,TKT-3D327733,2026-01-28 03:56:17.000,502.84,,5,158,424
1797,TKT-0AC7703F,2025-11-14 17:30:43.000,397.81,339572,5,158,424
1798,TKT-C2EB1BF1,2026-02-14 19:20:59.000,188.66,338624,5,158,424
1799,TKT-5E22055B,2025-09-06 14:27:25.000,120.18,338554,5,158,424
1800,TKT-731775EA,2025-08-20 02:57:40.000,367.3,338342,5,158,424
1801,TKT-135D1923,2025-09-15 23:56:44.000,536.58,338351,5,158,424
1802,TKT-BAF0206C,2025-12-29 12:48:52.000,386.96,338977,5,158,424
1803,TKT-3B7BD200,2025-09-26 10:38:22.000,215.48,,5,158,424
1804,TKT-234EC348,2026-01-27 04:45:23.000,103.98,339709,5,158,424
1805,TKT-E4446C02,2025-07-27 13:17:43.000,171.63,338675,5,158,424
1806,TKT-341D9887,2025-10-20 04:44:54.000,252.84,338098,5,158,424
1807,TKT-04ABF231,2025-11-20 04:08:31.000,564.35,338522,5,158,424
1808,TKT-CD570846,2025-10-18 16:21:10.000,32.7,338199,5,158,424
1809,TKT-1200A432,2026-04-12 07:25:20.000,89.57,338137,5,158,424
1810,TKT-2EA7AA20,2025-07-29 22:17:59.000,601.86,338360,5,158,424
1811,TKT-D8A1D976,2025-07-19 01:27:47.000,507.13,935337,1,442,1171
1812,TKT-31FF1F6C,2025-07-15 09:01:35.000,452.49,934195,1,442,1171
1813,TKT-6E8AD41D,2026-04-06 03:49:13.000,354.27,934341,1,442,1171
1814,TKT-0AEB7082,2025-08-27 21:07:50.000,16.16,934588,1,442,1171
1815,TKT-189661B5,2026-02-10 04:26:34.000,175.83,934024,1,442,1169
1816,TKT-D0BE75C6,2026-01-23 20:28:46.000,33.31,934361,1,442,1171
1817,TKT-9AF4DB9B,2025-11-14 07:03:44.000,39.32,934245,1,442,1170
1818,TKT-10B9E17F,2025-08-06 12:46:09.000,681.33,,1,442,1169
1819,TKT-090FE763,2025-07-26 07:41:39.000,426.31,933974,1,442,1169
1820,TKT-FBA0E706,2026-04-24 13:21:14.000,526.86,933871,1,442,1171
1821,TKT-B2956801,2025-07-23 09:06:46.000,49.54,935380,1,442,1169
1822,TKT-4FBAAE1E,2026-02-20 11:30:31.000,189.04,935178,1,442,1169
1823,TKT-81C2412C,2025-12-14 03:00:49.000,147.64,,1,442,1170
1824,TKT-6BC60D0B,2025-09-14 15:55:07.000,63.68,,1,442,1169
1825,TKT-1B5AFE98,2025-09-16 00:24:59.000,275.9,934425,1,442,1170
1826,TKT-1B79A28A,2025-10-20 02:56:27.000,155.42,935145,1,442,1169
1827,TKT-6DD7589B,2026-02-11 00:37:40.000,135.1,934416,1,442,1170
1828,TKT-DB6F7D4B,2026-03-28 19:25:30.000,578.51,934293,1,442,1171
1829,TKT-F498F251,2025-08-06 10:24:06.000,267.99,,1,325,901
1830,TKT-223BEC5F,2026-04-14 02:30:08.000,353.19,,1,325,902
1831,TKT-66AB29C9,2026-01-27 16:25:03.000,440.01,725677,1,325,901
1832,TKT-11ABD75D,2025-08-01 13:16:57.000,798.95,724880,1,325,902
1833,TKT-2CAD9F84,2026-04-07 00:49:44.000,423.33,725590,1,325,901
1834,TKT-56BC7E4A,2025-12-23 02:51:38.000,506.46,,1,325,902
1835,TKT-EBBA1C1D,2026-04-05 10:55:23.000,341.82,725115,1,325,901
1836,TKT-E6258B65,2025-09-14 14:07:37.000,493.63,,1,325,902
1837,TKT-7CF80C8A,2026-03-19 06:35:13.000,29.39,,1,325,901
1838,TKT-DC301DA8,2025-11-24 03:50:54.000,134.55,725008,1,325,901
1839,TKT-5DDFA568,2026-01-21 10:47:47.000,172.59,,1,325,901
1840,TKT-1C6BB920,2025-10-09 11:10:01.000,215.81,725017,1,325,901
1841,TKT-B16BB2F5,2025-08-02 23:31:41.000,539.63,,1,30,82
1842,TKT-7D3914E3,2026-05-03 15:59:48.000,71.81,63364,1,30,80
1843,TKT-2AC88E49,2026-02-07 10:33:29.000,297.9,62101,1,30,80
1844,TKT-7107037A,2025-10-28 08:33:46.000,346.23,62528,1,30,81
1845,TKT-715E84DF,2025-11-22 07:57:01.000,19.18,,1,30,80
1846,TKT-C3AD0A0D,2025-09-04 05:15:06.000,667.02,,1,30,82
1847,TKT-DBD7BE47,2026-05-08 15:01:09.000,754.74,64109,1,30,81
1848,TKT-96FA3822,2026-02-25 15:31:23.000,478.41,,1,30,82
1849,TKT-EF9D6EA7,2026-04-21 05:58:12.000,431.13,,1,30,81
1850,TKT-E87F13CC,2025-12-21 21:00:01.000,331.57,62909,1,30,80
1851,TKT-5ACF8944,2025-12-23 12:19:57.000,95.58,63349,1,30,82
1852,TKT-AD69A11E,2026-01-27 09:55:38.000,639.06,62625,1,30,80
1853,TKT-BC8C3AEA,2026-03-03 08:06:12.000,368.42,63305,1,30,82
1854,TKT-3DE5330C,2025-11-28 11:29:03.000,171.64,63879,1,30,80
1855,TKT-D3F0999C,2025-08-10 09:04:45.000,57.28,,1,30,80
1856,TKT-4F8AE727,2025-11-09 18:04:17.000,202.52,63608,1,30,82
1857,TKT-AAFBB442,2026-02-25 14:28:39.000,403.16,61699,1,30,81
1858,TKT-9E4C921F,2025-09-25 08:48:57.000,95.04,,1,30,80
1859,TKT-F94AA000,2026-04-25 07:11:28.000,29.0,62399,1,30,81
1860,TKT-354534D6,2025-11-04 03:01:31.000,360.13,,1,30,81
1861,TKT-626311F0,2026-01-15 20:27:56.000,319.62,,1,30,81
1862,TKT-2BC57DE7,2025-09-12 15:33:13.000,396.19,,1,30,81
1863,TKT-DDF92F6C,2026-02-10 22:29:18.000,308.33,66155,1,30,81
1864,TKT-991D71D2,2025-07-20 14:44:21.000,360.21,65974,1,30,81
1865,TKT-A6DC7EE8,2025-12-16 18:54:07.000,214.6,,1,30,80
1866,TKT-DE94EA5C,2026-04-18 01:12:32.000,157.28,,1,30,82
1867,TKT-9AE6E121,2025-09-03 01:16:12.000,205.09,64899,1,30,82
1868,TKT-44A06333,2026-02-12 11:30:24.000,216.82,,1,30,82
1869,TKT-9AEB9BA9,2026-02-24 08:56:02.000,232.9,66062,1,30,82
1870,TKT-8CEA57CF,2025-12-09 03:54:57.000,619.73,63458,1,30,80
1871,TKT-1C6A8C5D,2025-08-06 00:28:17.000,74.88,,1,30,81
1872,TKT-114A100B,2026-01-10 22:46:17.000,167.76,62956,1,30,81
1873,TKT-D68080DC,2025-07-29 21:42:27.000,186.24,64030,1,30,81
1874,TKT-EE77EC98,2025-12-01 03:27:35.000,572.94,65789,1,30,80
1875,TKT-94D7BFCD,2026-02-03 08:30:02.000,416.3,64698,1,30,80
1876,TKT-939EA903,2025-11-10 15:23:45.000,483.56,62872,1,30,80
1877,TKT-F2E3CF35,2026-04-16 22:33:22.000,108.27,62190,1,30,80
1878,TKT-7E6DEA74,2025-09-14 14:21:06.000,561.88,64923,1,30,81
1879,TKT-A8B21397,2025-10-11 09:21:59.000,15.56,65005,1,30,80
1880,TKT-096AB37F,2026-04-10 17:49:07.000,404.8,64313,1,30,80
1881,TKT-B9351194,2026-01-10 04:44:12.000,321.23,66202,1,30,82
1882,TKT-072568EC,2026-02-10 04:06:34.000,426.8,,1,30,82
1883,TKT-EAA53033,2026-03-19 21:48:51.000,726.71,,1,30,81
1884,TKT-C249B73D,2025-08-06 15:45:25.000,510.0,62428,1,30,81
1885,TKT-ABD5D8B8,2026-04-23 20:22:39.000,10.45,,1,30,80
1886,TKT-3658FC81,2025-12-17 06:23:52.000,352.35,64840,1,30,82
1887,TKT-9C7B3691,2025-10-29 03:32:59.000,65.73,,1,30,80
1888,TKT-83304039,2026-02-16 05:49:41.000,100.92,,1,30,80
1889,TKT-00906158,2025-08-31 17:35:53.000,383.91,64418,1,30,81
1890,TKT-F09E5C25,2026-01-23 03:29:34.000,10.56,,1,30,81
1891,TKT-0265FAC3,2025-12-04 22:17:22.000,478.54,65648,1,30,80
1892,TKT-9F34495F,2026-03-23 09:27:47.000,584.85,,1,30,82
1893,TKT-AC0FE75B,2025-11-18 10:31:47.000,455.42,62759,1,30,81
1894,TKT-A1205F34,2025-10-27 17:41:57.000,145.65,61894,1,30,82
1895,TKT-AF9017D5,2026-01-17 22:32:40.000,220.0,61020,1,30,80
1896,TKT-0D3120EA,2025-10-16 10:17:26.000,495.38,,1,30,81
1897,TKT-194CFA2C,2026-03-16 04:39:01.000,442.37,62620,1,30,80
1898,TKT-8DF62E8D,2025-09-09 16:29:23.000,907.22,62033,1,30,81
1899,TKT-41439CA7,2025-09-12 19:36:43.000,788.73,,1,30,82
1900,TKT-9D4484C2,2026-04-20 09:08:43.000,238.94,66061,1,30,81
1901,TKT-55823DC1,2026-04-10 15:27:14.000,524.24,,4,91,251
1902,TKT-4D914EAA,2025-11-07 00:06:38.000,610.8,198484,4,91,250
1903,TKT-BDE2008B,2025-10-16 04:18:18.000,413.76,,4,91,250
1904,TKT-2CD9B77F,2026-02-24 15:52:28.000,14.64,197601,4,91,250
1905,TKT-190477DC,2026-04-23 19:17:42.000,121.32,,4,91,250
1906,TKT-B697EB65,2026-04-27 16:22:09.000,7.4,197165,4,91,251
1907,TKT-634677AB,2026-04-29 00:22:28.000,567.0,198564,4,91,249
1908,TKT-4DEA3562,2026-01-21 09:03:46.000,82.9,198069,4,91,251
1909,TKT-E7BABEAA,2026-04-11 10:30:18.000,563.78,197149,4,91,249
1910,TKT-587C06C7,2026-04-11 08:07:55.000,373.5,198578,4,91,250
1911,TKT-F7D2CC62,2025-10-19 21:09:17.000,21.05,197757,4,91,249
1912,TKT-BB2CC6D4,2025-11-13 01:20:50.000,454.36,197758,4,91,250
1913,TKT-A09AB11E,2025-08-28 07:40:38.000,203.65,,4,91,249
1914,TKT-BA33A225,2025-11-13 00:35:38.000,103.86,198191,4,91,249
1915,TKT-918DD297,2026-03-17 18:39:41.000,197.7,198382,4,91,251
1916,TKT-254F80B9,2026-04-23 15:40:11.000,212.19,,4,91,250
1917,TKT-B9EEA0B2,2026-01-10 15:39:08.000,317.65,,4,91,249
1918,TKT-157EB1CD,2025-10-18 12:15:40.000,512.22,,4,91,250
1919,TKT-12EE5215,2025-10-16 13:27:00.000,168.42,198370,4,91,251
1920,TKT-22886A84,2026-02-10 18:14:10.000,84.23,198074,4,91,250
1921,TKT-EF3DDABE,2025-09-30 18:58:32.000,545.84,198083,4,91,250
1922,TKT-BF5D8360,2025-08-20 21:42:46.000,518.81,198958,4,91,251
1923,TKT-861FD5FE,2025-10-20 19:03:34.000,58.84,198705,4,91,251
1924,TKT-D493ACB4,2026-03-21 09:14:33.000,619.71,197916,4,91,249
1925,TKT-4ECAEB3A,2025-07-27 22:39:13.000,519.44,,4,91,250
1926,TKT-4214FFF5,2025-11-20 03:27:59.000,54.46,198055,4,91,249
1927,TKT-44B128AA,2025-12-29 16:11:06.000,340.02,,4,91,250
1928,TKT-EDF88AB5,2026-04-06 00:23:44.000,712.99,198006,4,91,249
1929,TKT-68A53552,2025-10-26 08:07:23.000,445.83,198410,4,91,249
1930,TKT-5E515AC0,2025-12-02 23:14:57.000,682.13,,4,91,249
1931,TKT-21D1A26C,2026-01-26 20:32:38.000,52.21,197176,4,91,250
1932,TKT-CC96A058,2026-02-15 06:05:02.000,214.4,197474,4,91,249
1933,TKT-EF63C4B9,2026-03-01 16:56:41.000,212.78,197130,4,91,250
1934,TKT-30C2BE66,2025-10-29 03:25:56.000,130.74,198436,4,91,251
1935,TKT-83DDBB7F,2026-01-01 18:46:26.000,545.27,198704,4,91,251
1936,TKT-B83A68E9,2026-04-11 05:14:04.000,332.04,198112,4,91,249
1937,TKT-3157C7F6,2026-01-20 06:12:15.000,404.28,198201,4,91,251
1938,TKT-7C43FF3F,2025-09-04 00:11:51.000,473.95,199001,4,91,250
1939,TKT-4838B690,2025-10-24 08:24:32.000,344.75,198177,4,91,250
1940,TKT-73393FB9,2026-05-07 10:50:51.000,320.63,198517,4,91,250
1941,TKT-DA91FD69,2026-01-22 00:22:01.000,394.22,,5,296,824
1942,TKT-4D902523,2026-02-13 17:10:10.000,106.72,656635,5,296,825
1943,TKT-670D743B,2026-02-16 22:22:29.000,452.94,657342,5,296,824
1944,TKT-23400EBE,2025-10-14 02:04:17.000,238.23,656406,5,296,824
1945,TKT-12B98BCD,2026-02-04 07:53:50.000,457.28,,5,296,824
1946,TKT-2C4303C2,2026-04-05 07:43:42.000,207.4,653964,5,296,824
1947,TKT-342D3DA3,2025-11-24 09:59:38.000,552.25,654603,5,296,824
1948,TKT-4A0A2544,2026-02-19 23:04:24.000,403.94,653601,5,296,825
1949,TKT-C605EA4E,2025-10-11 06:19:11.000,450.08,654868,5,296,825
1950,TKT-F8D6C2F2,2025-10-05 01:58:11.000,209.78,656106,5,296,824
1951,TKT-518A100F,2025-12-06 11:24:35.000,642.23,656696,5,296,825
1952,TKT-CBD5D985,2025-07-27 21:05:02.000,792.23,657343,5,296,824
1953,TKT-C6A4A5FC,2026-03-05 05:32:12.000,394.77,214198,2,99,272
1954,TKT-4F04621E,2026-02-10 07:10:26.000,79.85,,2,99,272
1955,TKT-CD24F2C4,2026-03-26 09:34:15.000,98.24,215739,2,99,270
1956,TKT-90E897A0,2025-11-07 21:51:55.000,58.03,214996,2,99,272
1957,TKT-E08F3FD8,2026-02-20 04:42:46.000,341.85,214846,2,99,271
1958,TKT-F1EA20DF,2025-08-16 22:40:38.000,400.98,214267,2,99,271
1959,TKT-C5639E0A,2026-05-04 02:01:59.000,251.51,215219,2,99,270
1960,TKT-AACAA691,2025-08-08 21:56:11.000,194.34,215890,2,99,271
1961,TKT-62BB59BA,2026-03-01 05:57:25.000,85.22,215641,2,99,270
1962,TKT-0A0CA15A,2025-10-17 00:07:46.000,328.63,214159,2,99,271
1963,TKT-F7017312,2025-08-22 19:23:30.000,70.14,,2,99,270
1964,TKT-C7EE95E9,2026-05-07 01:27:58.000,606.22,215452,2,99,270
1965,TKT-21969748,2026-02-26 12:03:53.000,7.98,214946,2,99,271
1966,TKT-9186B826,2025-10-15 08:54:47.000,537.54,216078,2,99,272
1967,TKT-33D30566,2026-03-30 04:13:15.000,26.79,214239,2,99,272
1968,TKT-F4E8E14E,2026-02-04 16:09:33.000,85.64,,2,99,272
1969,TKT-17DB3938,2025-09-28 18:07:11.000,171.16,215511,2,99,270
1970,TKT-0AAF8FEA,2026-01-04 05:22:19.000,87.84,214180,2,99,272
1971,TKT-2C63DFF0,2025-07-31 07:13:39.000,584.7,,2,99,270
1972,TKT-2A1AE035,2026-01-22 17:57:21.000,169.5,215769,2,99,270
1973,TKT-ABB6E03B,2025-12-22 19:10:34.000,462.79,,2,99,271
1974,TKT-9EAC87B8,2026-04-14 13:06:59.000,303.85,,2,99,272
1975,TKT-B7D9DD0A,2026-02-06 15:28:44.000,301.7,215685,2,99,271
1976,TKT-E0C3ECCE,2025-12-10 06:28:24.000,202.87,215528,2,99,270
1977,TKT-59867DD2,2025-08-27 21:17:52.000,267.98,215632,2,99,272
1978,TKT-D2432076,2026-03-04 04:43:41.000,91.05,214629,2,99,272
1979,TKT-9325ABF6,2025-08-28 00:06:21.000,554.09,214548,2,99,271
1980,TKT-494C4548,2026-01-01 13:05:51.000,32.74,214224,2,99,272
1981,TKT-F415A734,2026-02-08 08:49:14.000,49.41,,2,99,272
1982,TKT-0AC409E0,2026-01-09 18:57:34.000,527.36,213917,2,99,270
1983,TKT-124C25C7,2026-01-15 14:28:43.000,84.09,214761,2,99,271
1984,TKT-BDBCF999,2025-10-02 03:26:52.000,140.94,214421,2,99,272
1985,TKT-A1DC9365,2025-07-16 11:24:20.000,79.28,216278,2,99,270
1986,TKT-BD802917,2026-02-13 18:38:31.000,17.67,214422,2,99,272
1987,TKT-893CC3DA,2026-04-10 13:38:18.000,186.31,215468,2,99,272
1988,TKT-E3B62C07,2026-04-22 19:06:24.000,1011.75,216385,2,99,272
1989,TKT-3410A43E,2026-04-21 18:15:11.000,44.37,215538,2,99,271
1990,TKT-1A1C6DBA,2025-12-04 18:56:52.000,251.75,,2,99,270
1991,TKT-C9928517,2025-12-30 00:34:37.000,298.25,215329,2,99,271
1992,TKT-1D11F619,2025-12-25 05:38:42.000,188.71,216124,2,99,272
1993,TKT-E5A788BC,2026-04-17 12:22:13.000,605.5,,2,99,272
1994,TKT-34F03AB5,2025-07-19 09:58:34.000,51.85,215253,2,99,270
1995,TKT-BB3FCE2E,2025-09-12 05:18:34.000,102.1,214819,2,99,270
1996,TKT-658891C0,2025-12-18 18:18:15.000,386.91,215039,2,99,271
1997,TKT-BA3683B7,2025-12-05 01:23:36.000,755.35,214334,2,99,270
1998,TKT-8FCF9150,2025-12-15 06:37:16.000,280.42,,2,99,272
1999,TKT-498E9A7C,2025-10-10 15:43:50.000,337.2,214263,2,99,272
2000,TKT-1E9F5AFB,2025-07-15 09:17:42.000,425.18,215294,2,99,271
2001,TKT-E84F1339,2026-04-09 12:34:55.000,134.64,216298,2,99,270
2002,TKT-2A52756F,2026-05-06 05:19:00.000,496.91,214383,2,99,272
2003,TKT-452D6FC1,2026-02-14 13:19:19.000,394.25,214548,2,99,272
2004,TKT-58631FAB,2026-04-06 12:59:26.000,452.15,215786,2,99,272
2005,TKT-ADDD15C3,2026-03-28 23:58:32.000,298.76,214768,2,99,270
2006,TKT-83640D38,2026-01-05 06:52:08.000,196.63,,2,99,272
2007,TKT-99842D1F,2026-04-08 20:40:08.000,527.54,,2,99,272
2008,TKT-5FDE7F9F,2026-02-13 23:18:52.000,203.99,216520,2,99,270
2009,TKT-B9088526,2025-07-18 20:41:33.000,374.64,215138,2,99,271
2010,TKT-3C08C408,2025-09-01 13:54:03.000,234.01,214139,2,99,272
2011,TKT-5E6AABC7,2025-10-27 22:09:36.000,238.08,,1,328,910
2012,TKT-2B3160A8,2025-10-07 11:41:27.000,651.45,,1,328,910
2013,TKT-7434A769,2025-11-02 06:58:50.000,400.17,,1,328,910
2014,TKT-B7039C57,2026-02-09 14:35:12.000,614.09,732278,1,328,910
2015,TKT-3C778872,2025-12-18 00:47:02.000,158.7,,1,328,910
2016,TKT-DB17FD55,2025-12-07 12:07:56.000,216.48,,1,328,910
2017,TKT-B7258CA4,2026-03-08 13:32:00.000,346.15,733515,1,328,910
2018,TKT-69B4985E,2025-11-07 04:35:05.000,502.07,731407,1,328,910
2019,TKT-D7E66F5B,2025-12-22 10:51:42.000,147.64,733089,1,328,910
2020,TKT-ED4BF296,2025-08-01 10:56:53.000,579.03,732281,1,328,910
2021,TKT-1D851A4F,2026-05-03 21:42:09.000,226.48,,1,328,910
2022,TKT-AC077A17,2026-04-13 07:45:55.000,314.31,729995,5,327,905
2023,TKT-AF40BABB,2026-01-27 19:23:23.000,456.79,,5,327,908
2024,TKT-17A5F93A,2025-10-22 04:02:56.000,546.99,729888,5,327,909
2025,TKT-F0FE2DC3,2025-12-04 16:30:20.000,81.87,729675,5,327,908
2026,TKT-9B897DBF,2025-08-24 18:18:41.000,247.76,727782,5,327,909
2027,TKT-749963A0,2025-12-29 10:25:46.000,429.67,730343,5,327,908
2028,TKT-3E3C8696,2025-09-27 10:53:59.000,367.43,730906,5,327,905
2029,TKT-125D2E74,2025-10-19 11:20:37.000,184.02,,5,327,905
2030,TKT-97EB0BD1,2025-08-26 18:40:58.000,319.41,728032,5,327,905
2031,TKT-E1BC6202,2025-09-23 02:19:41.000,541.62,729497,5,327,907
2032,TKT-E61C3EEE,2026-01-04 08:07:21.000,120.58,,5,327,907
2033,TKT-A12F9F87,2026-03-06 10:32:23.000,448.14,,5,327,906
2034,TKT-48B0FC25,2026-03-10 23:19:18.000,487.82,729982,5,327,907
2035,TKT-59D99BB4,2025-12-21 12:42:19.000,619.25,310472,3,148,389
2036,TKT-4A6FF8CA,2025-09-06 17:01:33.000,576.52,306646,3,148,390
2037,TKT-CC51D6CF,2026-01-22 13:58:16.000,319.02,309328,3,148,389
2038,TKT-7790ED45,2025-11-22 13:16:03.000,253.23,309159,3,148,388
2039,TKT-76662AC4,2026-03-09 21:47:52.000,26.73,310852,3,148,392
2040,TKT-29156453,2026-03-07 10:28:19.000,52.18,307788,3,148,391
2041,TKT-DA1726BA,2026-04-28 18:36:41.000,386.6,308314,3,148,387
2042,TKT-8DA117C3,2025-08-07 16:30:59.000,211.33,,3,148,386
2043,TKT-23D66725,2025-08-25 04:25:36.000,6.67,310304,3,148,392
2044,TKT-F8164F5B,2025-10-21 02:55:54.000,537.04,311647,3,148,389
2045,TKT-5DB3BD2B,2025-09-14 13:23:30.000,298.95,310992,3,148,386
2046,TKT-CD9EE372,2026-02-13 15:00:32.000,813.51,,3,148,391
2047,TKT-F9B6A31B,2025-11-04 04:15:24.000,312.28,308097,3,148,388
2048,TKT-53A36C8D,2025-08-30 08:55:27.000,233.11,307284,3,148,386
2049,TKT-35716D9C,2025-11-30 05:51:54.000,657.33,307652,3,148,389
2050,TKT-67F57973,2026-02-08 01:19:06.000,191.31,307363,3,148,392
2051,TKT-D6B49B4F,2025-12-08 11:02:34.000,375.18,306295,3,148,387
2052,TKT-4CC8AE0A,2026-04-11 18:32:53.000,36.91,307704,3,148,389
2053,TKT-CC92D9CE,2025-09-19 02:10:45.000,55.14,308500,3,148,391
2054,TKT-341930DF,2026-03-19 11:43:13.000,179.72,310613,3,148,392
2055,TKT-FB02E699,2025-11-03 20:40:42.000,215.93,306969,3,148,387
2056,TKT-866078CB,2025-11-28 09:55:29.000,95.95,310198,3,148,386
2057,TKT-2BFE8176,2025-11-25 12:07:22.000,79.43,,3,148,388
2058,TKT-EBFE340A,2025-08-21 23:31:14.000,255.81,308543,3,148,390
2059,TKT-30AF5875,2025-12-20 19:57:24.000,81.43,,3,148,387
2060,TKT-337EFBCD,2026-02-09 06:24:29.000,175.35,,3,148,386
2061,TKT-11C0FE45,2026-01-29 02:56:30.000,92.01,,3,148,389
2062,TKT-DB30A79E,2025-12-27 12:56:34.000,71.71,310010,3,148,388
2063,TKT-BBF229FB,2025-10-21 17:33:19.000,470.94,,3,148,390
2064,TKT-7E6B9EE5,2025-09-28 05:31:01.000,541.38,305964,3,148,389
2065,TKT-D3716A4D,2026-02-05 18:55:52.000,367.75,,3,148,386
2066,TKT-7BB9FC5A,2025-08-06 12:13:15.000,387.63,306671,3,148,389
2067,TKT-50E43E28,2026-03-24 05:47:13.000,119.04,,5,251,702
2068,TKT-6B879ECF,2025-08-31 03:03:08.000,241.1,562094,5,251,702
2069,TKT-385252A5,2026-04-24 01:51:55.000,319.54,563571,5,251,701
2070,TKT-7C312654,2026-02-21 14:21:09.000,289.76,,5,251,701
2071,TKT-6D9EFB58,2025-08-11 12:49:27.000,164.4,562154,5,251,702
2072,TKT-116DE085,2026-05-04 01:03:16.000,374.33,563185,5,251,702
2073,TKT-5FF8D9B4,2026-04-26 07:51:10.000,209.73,562614,5,251,701
2074,TKT-B4A50ACA,2026-04-28 05:47:42.000,756.36,,5,251,702
2075,TKT-2CECCBD9,2025-10-23 02:58:37.000,209.92,561645,5,251,701
2076,TKT-62983AD7,2025-07-15 03:18:05.000,426.25,563382,5,251,701
2077,TKT-0506F28F,2025-09-24 17:24:01.000,83.4,562601,5,251,702
2078,TKT-32AB0B8C,2025-10-01 20:51:05.000,410.45,,5,251,701
2079,TKT-A505ED1A,2025-07-25 17:09:06.000,258.88,563225,5,251,702
2080,TKT-24DF1BFC,2026-03-05 07:24:36.000,139.25,,5,251,702
2081,TKT-35E56564,2025-12-11 19:08:06.000,702.77,562234,5,251,702
2082,TKT-9A03112A,2025-09-18 12:50:33.000,447.38,562182,5,251,701
2083,TKT-8F409134,2026-01-16 18:28:16.000,288.28,562771,5,251,702
2084,TKT-67C87FDB,2025-12-14 08:05:23.000,695.28,561876,5,251,701
2085,TKT-901D32E3,2026-03-09 14:59:41.000,777.04,747933,3,338,933
2086,TKT-AA829A8F,2026-04-19 12:19:36.000,374.33,,3,338,933
2087,TKT-6931FC6B,2025-11-04 04:17:47.000,380.5,750830,3,338,933
2088,TKT-B4D9538B,2025-11-10 04:03:29.000,455.85,748725,3,338,931
2089,TKT-F8C09269,2025-08-31 07:17:06.000,329.92,748982,3,338,932
2090,TKT-7CD6A38C,2025-09-19 03:16:42.000,173.32,750791,3,338,933
2091,TKT-79A1F729,2025-10-12 13:51:15.000,388.6,,3,338,931
2092,TKT-3BBE985C,2026-03-10 20:44:17.000,284.11,751202,3,338,931
2093,TKT-03416EF7,2025-08-03 06:16:29.000,153.87,749410,3,338,933
2094,TKT-22335AC7,2025-09-03 09:59:01.000,463.48,750080,3,338,932
2095,TKT-A0AD6B73,2025-12-26 11:46:08.000,309.21,752537,3,338,933
2096,TKT-CD93A538,2026-03-04 13:44:00.000,265.23,,3,338,931
2097,TKT-A90C942F,2026-01-12 22:35:37.000,278.92,747404,3,338,932
2098,TKT-4FD6FEB7,2025-09-01 18:48:41.000,281.8,747750,3,338,932
2099,TKT-7D83D81E,2025-12-14 20:12:52.000,237.24,752727,3,338,931
2100,TKT-D10AECCF,2025-12-30 23:47:37.000,467.03,,3,338,932
2101,TKT-42413FF3,2025-12-29 12:18:16.000,435.43,,3,338,932
2102,TKT-8F12B2DB,2025-11-28 17:04:40.000,517.98,749195,3,338,932
2103,TKT-E6D6DC5D,2025-08-22 06:51:44.000,117.72,751008,3,338,932
2104,TKT-FFD86BE3,2025-08-24 04:22:16.000,619.05,,3,338,932
2105,TKT-D365BC74,2025-07-30 01:11:02.000,403.41,748974,3,338,933
2106,TKT-21FA94B1,2025-10-21 06:24:47.000,370.49,752743,3,338,933
2107,TKT-0445004A,2025-11-15 04:51:54.000,414.98,,3,338,933
2108,TKT-FF95E17A,2025-09-18 19:13:16.000,213.68,,3,338,931
2109,TKT-D01C6D4F,2026-02-22 08:06:27.000,524.83,747562,3,338,933
2110,TKT-C14C624B,2025-10-06 23:08:30.000,169.14,752265,3,338,933
2111,TKT-36C9D2DA,2026-04-29 10:51:51.000,36.19,750989,3,338,933
2112,TKT-A661C180,2025-09-13 15:37:54.000,381.59,,3,338,933
2113,TKT-6F74B02E,2026-03-22 23:54:03.000,783.48,,3,338,931
2114,TKT-BE39BAA7,2025-09-13 15:33:59.000,302.13,749433,3,338,931
2115,TKT-E47577F7,2025-07-22 17:06:44.000,297.42,,3,338,931
2116,TKT-418D949C,2025-11-08 17:51:48.000,232.14,751872,3,338,932
2117,TKT-B29B5A04,2025-12-27 08:03:31.000,127.71,,3,338,933
2118,TKT-D946A975,2026-05-05 12:33:46.000,218.16,752372,3,338,932
2119,TKT-92D45612,2025-08-28 18:43:41.000,421.2,,3,338,933
2120,TKT-DECFB049,2026-01-04 07:12:38.000,563.14,748827,3,338,931
2121,TKT-AE7F1DDC,2026-04-16 03:46:01.000,242.59,752479,3,338,933
2122,TKT-18FFEA60,2025-11-19 13:00:27.000,293.82,750919,3,338,932
2123,TKT-68B4BB5C,2025-11-01 01:43:00.000,397.17,,3,338,931
2124,TKT-DF7851AE,2025-09-11 15:17:02.000,142.2,752529,3,338,933
2125,TKT-F93B6171,2025-11-27 20:41:26.000,437.36,,3,338,932
2126,TKT-6A6AF94A,2025-08-23 05:42:44.000,95.4,,3,338,931
2127,TKT-10BBBF5F,2026-02-19 12:20:07.000,114.05,,3,338,931
2128,TKT-2A83E971,2025-11-27 07:31:53.000,474.14,752639,3,338,933
2129,TKT-1DE82C6F,2025-12-14 20:58:39.000,102.5,752166,3,338,932
2130,TKT-3D848A69,2026-05-08 01:11:18.000,557.04,747625,3,338,933
2131,TKT-2C3E9250,2026-02-07 21:11:57.000,530.79,,3,338,933
2132,TKT-8F011B71,2026-04-13 19:55:33.000,174.0,752211,3,338,933
2133,TKT-5E8698FE,2026-05-02 16:40:19.000,268.8,748158,3,338,933
2134,TKT-ADFCAE6C,2025-07-24 10:13:42.000,308.69,751008,3,338,932
2135,TKT-0DEF6821,2025-07-24 14:34:01.000,283.99,301938,2,146,381
2136,TKT-1CB3A233,2026-03-27 15:30:06.000,186.28,302383,2,146,382
2137,TKT-C1EF3D8A,2026-01-18 18:33:15.000,149.14,301080,2,146,381
2138,TKT-1CA57CBE,2026-05-07 13:06:22.000,216.44,301707,2,146,381
2139,TKT-9248E693,2026-05-01 00:36:10.000,171.83,,2,146,382
2140,TKT-4A7E58E7,2026-01-18 12:45:31.000,538.64,,2,146,381
2141,TKT-4547C4B4,2026-01-25 04:54:46.000,180.34,302879,2,146,382
2142,TKT-39ADDB9B,2026-03-07 04:11:12.000,797.78,301213,2,146,382
2143,TKT-1FD0BB85,2026-01-31 10:41:22.000,738.5,302142,2,146,382
2144,TKT-E7533C0A,2025-08-08 02:26:48.000,468.82,302091,2,146,381
2145,TKT-9A0BF471,2025-08-28 17:10:12.000,96.57,300958,2,146,382
2146,TKT-EC3E3091,2026-04-23 09:14:50.000,437.48,302653,2,146,382
2147,TKT-8BF9E29C,2026-01-11 03:55:00.000,291.52,301506,2,146,382
2148,TKT-1D952AC9,2026-02-17 07:34:34.000,94.48,301851,2,146,382
2149,TKT-A986FFF6,2025-09-28 07:57:40.000,126.24,301039,2,146,382
2150,TKT-644FFE19,2026-04-18 12:29:58.000,302.65,302162,2,146,382
2151,TKT-B47C3CFF,2025-11-10 23:33:30.000,545.93,302112,2,146,381
2152,TKT-F118A754,2025-07-28 22:03:10.000,208.43,369790,1,174,463
2153,TKT-BC79C36B,2025-11-27 22:23:18.000,163.95,,1,174,462
2154,TKT-8DF17BB9,2026-03-05 02:55:47.000,333.57,370497,1,174,463
2155,TKT-D672A766,2025-10-08 12:13:17.000,198.92,,1,174,463
2156,TKT-B2C9F1CB,2025-12-28 12:44:21.000,282.64,370266,1,174,463
2157,TKT-E212201C,2025-11-30 12:08:26.000,466.55,,1,174,463
2158,TKT-09911E32,2025-07-23 21:34:29.000,478.87,370343,1,174,462
2159,TKT-06DCE8AD,2026-01-19 06:36:48.000,181.84,370638,1,174,463
2160,TKT-2FC5955B,2026-04-30 14:25:01.000,50.18,370708,1,174,462
2161,TKT-F86C20BE,2025-08-11 05:38:49.000,387.85,370573,1,174,462
2162,TKT-A09F08A2,2025-07-27 09:33:46.000,639.3,370787,1,174,463
2163,TKT-8C132393,2026-03-08 22:18:55.000,193.53,370561,1,174,462
2164,TKT-FE69DC3B,2025-11-16 22:35:40.000,293.72,370339,1,174,462
2165,TKT-0D800004,2026-02-27 11:42:58.000,236.5,,4,23,58
2166,TKT-9B030927,2026-03-16 04:26:57.000,412.07,41680,4,23,59
2167,TKT-D8BC8511,2026-04-18 18:39:48.000,348.16,40252,4,23,58
2168,TKT-FF3AD18A,2026-01-22 04:06:23.000,416.87,40951,4,23,58
2169,TKT-B215B54F,2026-05-04 19:20:01.000,667.74,40539,4,23,59
2170,TKT-ED7C7738,2026-01-28 03:39:55.000,47.9,40587,4,23,60
2171,TKT-5B18A68B,2025-10-30 13:03:44.000,30.47,42212,4,23,60
2172,TKT-BB4A3D25,2025-07-18 11:01:53.000,132.59,,4,23,58
2173,TKT-E6F7EE27,2025-10-09 07:33:38.000,341.56,40690,4,23,58
2174,TKT-F013B0D7,2025-12-31 00:25:31.000,408.66,42090,4,23,59
2175,TKT-69B3383C,2025-10-12 00:39:16.000,220.05,267714,4,130,343
2176,TKT-9D7506BD,2025-11-14 23:27:31.000,419.64,267121,4,130,344
2177,TKT-E323374F,2025-10-24 21:12:59.000,392.26,268032,4,130,344
2178,TKT-42F88EBE,2025-12-04 03:46:05.000,507.56,268298,4,130,345
2179,TKT-B427C033,2025-08-26 09:38:29.000,447.63,267220,4,130,344
2180,TKT-C027904A,2025-08-03 09:30:04.000,35.34,267614,4,130,343
2181,TKT-4C361B3E,2025-11-01 21:06:15.000,121.95,267482,4,130,344
2182,TKT-8D7744EB,2026-03-01 09:47:53.000,256.4,,4,130,343
2183,TKT-8937B7A8,2025-10-05 11:23:50.000,210.65,267568,4,130,344
2184,TKT-1F41975C,2025-08-08 09:24:12.000,545.3,,4,130,345
2185,TKT-1A9ABE47,2025-09-11 16:03:26.000,406.88,,4,130,345
2186,TKT-AFE0748E,2025-10-29 14:42:58.000,490.79,267097,4,130,344
2187,TKT-08528753,2025-09-20 01:55:30.000,224.05,267050,4,130,345
2188,TKT-96678C58,2025-11-20 23:51:50.000,35.72,268527,4,130,345
2189,TKT-F93C9934,2026-02-04 07:05:20.000,245.43,267338,4,130,343
2190,TKT-22774356,2025-10-28 10:26:51.000,201.2,268292,4,130,343
2191,TKT-2432E4CA,2025-09-30 09:53:52.000,540.65,268271,4,130,345
2192,TKT-1F7EFE4E,2025-11-12 20:03:00.000,327.48,267265,4,130,345
2193,TKT-912716A9,2026-04-09 05:48:47.000,54.32,268473,4,130,345
2194,TKT-1897A84F,2026-03-07 08:48:45.000,97.8,266801,4,130,345
2195,TKT-82119CD0,2025-11-18 19:22:52.000,144.56,267014,4,130,343
2196,TKT-1E9B1DD6,2025-09-04 08:59:42.000,227.43,,4,130,345
2197,TKT-2B3A8456,2025-07-26 00:25:52.000,273.4,267519,4,130,343
2198,TKT-C3A272C3,2026-03-30 08:18:00.000,570.74,268486,4,130,343
2199,TKT-BDC9AED6,2025-09-04 03:15:46.000,228.37,,4,130,345
2200,TKT-867DBAAD,2025-12-10 15:51:41.000,418.52,267595,4,130,343
2201,TKT-53AD281E,2026-05-03 14:09:17.000,382.44,266758,4,130,344
2202,TKT-6001A1FE,2025-12-29 01:53:53.000,15.72,,4,130,345
2203,TKT-2E23508C,2025-11-21 02:40:34.000,575.01,,4,130,345
2204,TKT-805366AC,2026-04-25 14:02:42.000,548.73,,1,228,632
2205,TKT-2650701C,2026-04-27 08:17:00.000,467.28,502340,1,228,634
2206,TKT-45BF7BD5,2025-11-01 12:16:30.000,646.65,504156,1,228,629
2207,TKT-F74EDCC7,2025-10-03 14:58:23.000,110.7,507353,1,228,635
2208,TKT-8D674CD8,2026-02-13 00:13:19.000,614.35,505773,1,228,634
2209,TKT-9A30E0D4,2025-07-19 17:48:17.000,248.65,508714,1,228,635
2210,TKT-15C83CE4,2025-12-01 18:26:00.000,366.05,508180,1,228,632
2211,TKT-72A0C4DE,2025-07-13 18:01:15.000,137.11,,1,228,629
2212,TKT-AEDF159D,2026-03-29 09:55:52.000,491.48,503219,1,228,635
2213,TKT-779ADBF2,2025-12-11 06:51:41.000,355.63,,1,228,629
2214,TKT-FA00D093,2026-03-28 06:37:17.000,561.72,502188,1,228,632
2215,TKT-B801ADDC,2025-11-19 09:59:08.000,514.23,,1,228,632
2216,TKT-BDD76DB1,2025-09-19 02:10:20.000,4.33,,1,228,634
2217,TKT-3AD85211,2026-03-22 14:35:37.000,635.29,508353,1,228,634
2218,TKT-545D7418,2025-07-15 17:07:46.000,349.25,506953,1,228,635
2219,TKT-DFCBD8FE,2026-04-22 02:50:45.000,186.86,,1,228,635
2220,TKT-F83DDB6F,2025-08-25 21:21:32.000,60.08,321595,4,152,408
2221,TKT-4BA0A4FC,2026-04-08 03:18:36.000,376.46,325681,4,152,405
2222,TKT-DE6EFFA0,2025-08-26 21:13:32.000,184.2,326270,4,152,404
2223,TKT-E49BC3AC,2025-11-14 17:07:39.000,423.72,,4,152,408
2224,TKT-8C49B05E,2025-10-12 14:25:00.000,248.56,323161,4,152,411
2225,TKT-83821892,2026-04-15 18:45:46.000,156.23,322236,4,152,408
2226,TKT-982DBF89,2025-09-14 10:17:22.000,173.31,321996,4,152,405
2227,TKT-DCDD139A,2025-09-01 13:53:31.000,270.01,324591,4,152,407
2228,TKT-976C3EA3,2026-02-10 23:38:07.000,44.84,,4,152,405
2229,TKT-83308CA3,2025-12-05 02:58:34.000,257.05,,4,152,409
2230,TKT-49101758,2025-08-05 08:03:21.000,333.76,324928,4,152,404
2231,TKT-024483F1,2025-12-09 03:01:43.000,323.1,,4,152,405
2232,TKT-C44EC8B4,2026-02-19 00:31:21.000,354.8,321686,4,152,411
2233,TKT-4CDBFABE,2025-10-03 03:09:16.000,37.5,,4,152,411
2234,TKT-33621099,2026-05-07 17:04:44.000,340.24,,4,152,406
2235,TKT-1FB099B3,2025-09-06 01:53:03.000,187.19,324487,4,152,407
2236,TKT-F5CB6AF5,2026-04-12 13:08:57.000,4.09,326514,4,152,409
2237,TKT-4CBA1D69,2026-02-09 05:28:02.000,54.26,,4,152,408
2238,TKT-9E090E7B,2026-05-02 10:17:56.000,409.05,326079,4,152,408
2239,TKT-512158B6,2025-12-07 04:40:42.000,11.8,322111,4,152,404
2240,TKT-566D7A4D,2025-07-16 08:33:02.000,361.63,321541,4,152,411
2241,TKT-D7DD440E,2025-12-01 11:35:37.000,36.5,324705,4,152,404
2242,TKT-A322AE1A,2025-07-15 00:20:50.000,176.49,323527,4,152,407
2243,TKT-D9EBF00B,2026-02-28 02:47:00.000,915.24,321456,4,152,407
2244,TKT-EF79C8F5,2025-10-02 18:09:47.000,376.15,322995,4,152,410
2245,TKT-A3D4219D,2025-10-05 12:49:58.000,584.65,322845,4,152,409
2246,TKT-EFE360F3,2025-08-28 02:02:55.000,653.55,,4,152,407
2247,TKT-8338573C,2025-09-13 12:22:06.000,564.8,322209,4,152,405
2248,TKT-14431D55,2026-01-12 06:00:22.000,379.48,,4,152,411
2249,TKT-E4633445,2026-05-04 03:38:49.000,348.66,322050,4,152,410
2250,TKT-39DE04D1,2026-01-09 13:33:17.000,109.07,324429,4,152,404
2251,TKT-374DC2A1,2026-05-06 16:45:26.000,54.04,,4,152,409
2252,TKT-7F45971F,2026-01-01 14:02:15.000,565.9,,4,152,406
2253,TKT-A9D1715E,2025-10-24 06:43:16.000,596.5,325155,4,152,406
2254,TKT-68388EB4,2026-03-10 19:58:02.000,65.49,323246,4,152,410
2255,TKT-1B56BD74,2025-08-25 00:01:37.000,462.86,,4,152,407
2256,TKT-D86CFDB3,2025-09-25 15:05:23.000,285.26,324708,4,152,407
2257,TKT-51C6A13C,2026-02-02 18:22:07.000,272.44,,4,152,407
2258,TKT-117F78F2,2025-09-16 08:36:49.000,296.35,,2,255,711
2259,TKT-07FA5C47,2026-03-27 20:25:27.000,322.52,,2,255,711
2260,TKT-5E743D1E,2025-11-08 07:41:39.000,361.95,571737,2,255,711
2261,TKT-89789008,2025-09-20 19:14:04.000,140.57,,2,255,711
2262,TKT-90A0B392,2025-12-16 03:41:26.000,358.18,574698,2,255,710
2263,TKT-42E07879,2026-03-18 07:19:53.000,411.39,,2,255,711
2264,TKT-A828B267,2026-03-16 06:01:56.000,391.89,574531,2,255,711
2265,TKT-950810A2,2025-12-19 07:15:34.000,408.54,574445,2,255,711
2266,TKT-6B3D68D0,2025-09-21 17:34:35.000,385.05,,2,255,711
2267,TKT-F9E9EAC6,2026-02-16 23:52:40.000,7.02,,2,255,711
2268,TKT-A52D4E65,2025-07-23 20:55:42.000,420.68,574254,2,255,711
2269,TKT-CD17F0ED,2025-10-01 17:45:03.000,63.19,569965,2,255,710
2270,TKT-3D90CA90,2025-11-16 09:55:40.000,322.41,571106,2,255,710
2271,TKT-4828B87C,2026-04-27 00:43:11.000,778.31,,2,255,710
2272,TKT-2D76EBD8,2026-05-06 20:23:22.000,354.74,571417,2,255,711
2273,TKT-75D69321,2026-01-30 22:48:40.000,378.95,569853,2,255,711
2274,TKT-513C29C0,2025-08-16 07:46:38.000,54.8,571799,2,255,710
2275,TKT-BDAEB8E5,2026-03-31 04:16:38.000,180.92,,2,255,710
2276,TKT-373B66AC,2026-02-01 03:40:17.000,208.51,,2,255,711
2277,TKT-D2C77778,2026-03-10 13:51:10.000,479.24,575514,2,255,711
2278,TKT-5604B7CE,2026-03-03 11:46:24.000,548.68,,2,255,710
2279,TKT-EA736462,2026-01-11 23:08:25.000,303.84,575076,2,255,710
2280,TKT-A9E12343,2025-12-12 21:13:13.000,229.1,572306,2,255,710
2281,TKT-A7F025EF,2025-10-24 13:34:22.000,388.56,,2,255,710
2282,TKT-2FBFFE7A,2025-09-12 20:52:15.000,123.75,1042254,2,493,1295
2283,TKT-F7748263,2026-02-27 07:42:24.000,575.5,1041438,2,493,1293
2284,TKT-33BEBD1F,2026-04-12 17:49:31.000,555.87,1041795,2,493,1293
2285,TKT-C0100718,2025-07-17 20:56:14.000,618.47,1042307,2,493,1293
2286,TKT-34CB8A70,2025-08-30 19:02:47.000,486.75,1041713,2,493,1293
2287,TKT-1D2EF18A,2026-01-31 00:41:56.000,386.46,1042465,2,493,1294
2288,TKT-58189BCF,2026-05-03 07:52:34.000,405.01,,2,493,1295
2289,TKT-90A18CFB,2025-07-22 10:20:09.000,309.79,,2,493,1294
2290,TKT-BA3A00AE,2026-02-16 03:16:10.000,225.38,1041602,2,493,1296
2291,TKT-68ACDEB4,2026-04-07 06:50:11.000,738.93,1041641,2,493,1295
2292,TKT-6C7B5EA3,2025-09-30 15:51:07.000,658.14,1042359,2,493,1295
2293,TKT-97C61DDA,2025-11-05 04:21:35.000,283.72,1041620,2,493,1296
2294,TKT-B197BC65,2025-10-28 17:59:39.000,443.85,,2,493,1294
2295,TKT-FE4435F5,2025-08-05 13:17:57.000,707.97,1041799,2,493,1296
2296,TKT-8844B1C2,2026-01-29 20:45:28.000,156.8,1041789,2,493,1295
2297,TKT-79D38E29,2025-10-17 16:01:09.000,437.78,1041348,2,493,1296
2298,TKT-0690E4E2,2025-12-07 11:11:27.000,224.94,,2,493,1294
2299,TKT-FD7B099A,2025-08-10 13:37:22.000,512.53,1042147,2,493,1295
2300,TKT-B6F9BEA4,2026-03-11 03:42:18.000,147.85,,2,493,1296
2301,TKT-E854330F,2025-12-13 15:14:20.000,394.96,1041428,2,493,1294
2302,TKT-32A889C6,2026-04-27 19:12:22.000,450.07,1041570,2,493,1294
2303,TKT-0A76D930,2026-04-06 11:49:16.000,265.59,1042008,2,493,1293
2304,TKT-6CFD8340,2025-12-28 13:04:28.000,352.62,,2,493,1293
2305,TKT-6C29C9D5,2025-07-31 18:45:33.000,295.87,1042366,2,493,1296
2306,TKT-33AE592A,2025-12-13 15:18:47.000,468.17,,2,493,1296
2307,TKT-22AFE95D,2026-04-28 05:09:29.000,218.34,1042495,2,493,1293
2308,TKT-5C705302,2026-03-14 16:51:01.000,241.71,1042280,2,493,1293
2309,TKT-55FFC60D,2025-12-30 07:47:45.000,323.02,1042317,2,493,1294
2310,TKT-B67E17B4,2025-08-08 02:45:59.000,607.34,1041643,2,493,1293
2311,TKT-C424BB0B,2026-05-08 02:11:26.000,108.46,1042389,2,493,1294
2312,TKT-64BE8E50,2025-10-25 02:44:34.000,501.85,,2,493,1294
2313,TKT-663C92CD,2026-03-24 14:33:51.000,78.51,1042476,2,493,1293
2314,TKT-FD460723,2025-08-11 08:43:33.000,584.51,1042196,2,493,1293
2315,TKT-EFB0F250,2025-10-26 19:19:03.000,178.64,1042304,2,493,1296
2316,TKT-9E3529E3,2025-11-25 14:06:53.000,393.6,1041519,2,493,1294
2317,TKT-D4C8EE40,2025-08-10 08:38:28.000,803.2,1042116,2,493,1295
2318,TKT-DBAACEFA,2026-04-02 23:12:03.000,28.64,,2,493,1296
2319,TKT-42E9D9B4,2026-04-28 20:12:28.000,633.11,,2,493,1294
2320,TKT-F6FA8260,2025-08-12 13:18:30.000,194.6,,2,493,1296
2321,TKT-19B2C064,2025-09-13 06:48:26.000,245.55,1042412,2,493,1296
2322,TKT-BDFE1101,2026-05-07 23:53:47.000,8.36,1041553,2,493,1295
2323,TKT-89FB3CA1,2026-03-18 15:49:49.000,771.17,1042270,2,493,1294
2324,TKT-F992F7DD,2025-10-26 09:21:01.000,342.25,,2,493,1296
2325,TKT-04812D5F,2026-04-23 12:37:03.000,181.24,,2,493,1294
2326,TKT-2183C82E,2026-05-05 06:40:55.000,58.3,1041677,2,493,1294
2327,TKT-7CFC0895,2025-10-09 19:49:06.000,369.89,1042312,2,493,1295
2328,TKT-E9714CF9,2025-10-26 07:09:02.000,350.19,1042128,2,493,1295
2329,TKT-8F9786A8,2025-10-20 03:21:27.000,56.37,1041423,2,493,1295
2330,TKT-14CA12D0,2026-04-10 22:47:52.000,329.82,1042259,2,493,1296
2331,TKT-D38151E6,2025-11-29 18:03:49.000,419.36,1041504,2,493,1295
2332,TKT-DC446378,2026-02-15 23:07:32.000,32.75,1041693,2,493,1295
2333,TKT-9B4ED84F,2025-09-30 11:35:48.000,166.29,1041992,2,493,1294
2334,TKT-3E459860,2025-11-12 11:25:16.000,9.06,458655,4,213,576
2335,TKT-FB8F7741,2025-09-10 14:53:19.000,107.6,457044,4,213,577
2336,TKT-1ECC74BE,2026-03-03 02:42:31.000,61.95,,4,213,577
2337,TKT-7AE8C211,2025-12-23 15:16:49.000,239.22,457840,4,213,576
2338,TKT-1C678DAB,2026-03-23 08:46:30.000,698.06,456720,4,213,576
2339,TKT-85D8BD52,2025-07-21 07:14:33.000,444.24,455260,4,213,576
2340,TKT-845A1D74,2025-10-04 12:10:18.000,403.46,456634,4,213,576
2341,TKT-49545605,2025-09-10 15:24:02.000,515.76,458187,4,213,576
2342,TKT-33BB9480,2026-01-29 15:09:43.000,365.13,456156,4,213,576
2343,TKT-471F3CC2,2025-07-14 09:47:59.000,231.24,,4,213,576
2344,TKT-1C6A87BE,2026-01-28 23:07:01.000,91.45,458637,4,213,577
2345,TKT-EEEC911D,2026-04-30 15:50:24.000,320.88,457273,4,213,576
2346,TKT-942BF07D,2026-04-03 04:13:33.000,101.85,,4,213,575
2347,TKT-A4A8514E,2025-10-10 10:55:50.000,130.61,458658,4,213,575
2348,TKT-65AF45DD,2025-08-21 21:47:24.000,105.66,,4,213,575
2349,TKT-4F395361,2026-03-05 20:53:45.000,316.46,455272,4,213,575
2350,TKT-46243E6A,2025-11-02 03:52:43.000,622.95,454800,4,213,576
2351,TKT-88E92B89,2026-01-03 23:10:35.000,360.93,,4,213,575
2352,TKT-B44BF60A,2026-03-20 06:00:35.000,323.54,454750,4,213,576
2353,TKT-23D22FBF,2025-08-31 13:41:12.000,675.77,457100,4,213,575
2354,TKT-BCD53E14,2026-04-25 11:42:26.000,135.0,458181,4,213,575
2355,TKT-E9F36EFA,2025-09-13 00:34:16.000,259.66,456811,4,213,575
2356,TKT-F4ABA22F,2025-09-14 12:43:29.000,837.49,,4,213,577
2357,TKT-BEEA38CC,2025-07-14 15:24:46.000,603.96,457427,4,213,576
2358,TKT-32AD15E8,2026-02-25 00:13:19.000,350.07,,4,213,575
2359,TKT-C5B8F5C2,2025-09-18 00:57:25.000,326.48,455748,4,213,576
2360,TKT-9FBFDCD9,2026-04-26 07:07:38.000,256.67,458096,4,213,576
2361,TKT-DAEDDF0A,2025-10-26 01:16:11.000,420.27,456749,4,213,576
2362,TKT-61AC82F0,2025-08-20 23:47:11.000,574.56,,4,213,577
2363,TKT-626E34EC,2026-03-16 07:55:01.000,48.22,458222,4,213,577
2364,TKT-A0F449BD,2025-12-28 12:19:37.000,286.04,456555,4,213,576
2365,TKT-13E4AD78,2025-11-15 00:28:04.000,219.74,454797,4,213,575
2366,TKT-8E9BAFD8,2025-08-23 23:43:02.000,326.07,,4,213,576
2367,TKT-97B9BAD4,2026-03-26 16:34:09.000,274.05,,4,213,577
2368,TKT-06825F5C,2026-05-03 18:02:56.000,197.55,456030,4,213,576
2369,TKT-183E0322,2026-01-07 17:08:58.000,103.2,458601,4,213,576
2370,TKT-254C4DCE,2026-04-17 13:28:15.000,506.49,457449,4,213,576
2371,TKT-0E8F2A99,2026-05-01 04:46:50.000,309.39,456755,4,213,575
2372,TKT-3A532704,2025-11-22 01:54:18.000,438.15,455019,4,213,576
2373,TKT-6FE17ECF,2025-10-25 18:59:21.000,49.6,,4,213,576
2374,TKT-8B953E49,2025-12-12 09:31:24.000,309.2,454621,4,213,577
2375,TKT-4144AAD1,2025-10-01 15:06:10.000,394.41,,4,213,575
2376,TKT-D5F0F5B1,2025-09-15 02:13:07.000,145.53,455150,4,213,575
2377,TKT-5FDC060F,2025-09-11 15:49:44.000,361.45,455760,4,213,576
2378,TKT-B2A24615,2025-12-16 08:47:07.000,820.18,,4,213,577
2379,TKT-8AE00BCE,2026-02-26 19:47:22.000,121.96,455343,4,213,575
2380,TKT-BAEB0D47,2025-09-10 20:23:38.000,222.88,457953,4,213,577
2381,TKT-D120E7D7,2026-03-17 01:18:22.000,289.78,456080,4,213,577
2382,TKT-2145F8A4,2026-04-13 17:59:35.000,32.6,454986,4,213,577
2383,TKT-23D63532,2026-01-14 20:53:54.000,636.66,,4,213,576
2384,TKT-4024B532,2025-07-23 13:21:58.000,159.12,456871,4,213,577
2385,TKT-3C2F082D,2025-08-17 19:49:11.000,34.56,455166,4,213,577
2386,TKT-9E188F1B,2026-04-04 06:41:59.000,271.54,457932,4,213,575
2387,TKT-FB9DFEA2,2025-07-25 09:06:48.000,215.28,457236,4,213,575
2388,TKT-8946899C,2025-09-02 21:52:52.000,349.38,458486,4,213,577
2389,TKT-67CE27BD,2025-12-08 16:13:31.000,52.88,458011,4,213,575
2390,TKT-C3EBB01B,2025-07-26 14:13:30.000,621.9,456422,4,213,577
2391,TKT-1DA0116F,2026-02-23 11:29:48.000,339.4,225481,2,106,284
2392,TKT-83422734,2026-03-04 23:07:54.000,278.5,,2,106,288
2393,TKT-1207CCF1,2025-11-27 07:28:08.000,428.37,227473,2,106,284
2394,TKT-7E21D1E4,2026-03-27 04:22:41.000,561.1,,2,106,283
2395,TKT-1D09BE43,2025-08-13 13:48:00.000,675.43,,2,106,287
2396,TKT-B95FEC25,2025-08-29 11:14:16.000,157.18,227032,2,106,285
2397,TKT-B427263B,2025-12-04 03:50:29.000,742.54,,2,106,284
2398,TKT-5D77143A,2026-04-07 03:07:00.000,394.61,227637,2,106,283
2399,TKT-7099575A,2026-04-05 13:15:07.000,429.06,224031,2,106,286
2400,TKT-F20DDFFB,2025-11-28 02:52:59.000,25.94,226508,2,106,283
2401,TKT-A6E65464,2026-04-12 00:38:37.000,327.47,226308,2,106,285
2402,TKT-E506A874,2026-03-17 04:33:04.000,858.42,226014,2,106,285
2403,TKT-5E8B43E1,2025-07-15 06:15:18.000,283.08,224563,2,106,284
2404,TKT-E0D67EE4,2025-12-10 20:40:51.000,349.02,224246,2,106,288
2405,TKT-53786A83,2025-08-24 15:39:31.000,367.55,,2,106,283
2406,TKT-7F712D1F,2025-09-16 13:21:54.000,221.08,,2,106,283
2407,TKT-A1A64B41,2026-04-17 22:25:54.000,652.39,,2,106,286
2408,TKT-0248CC56,2026-03-18 00:12:10.000,611.59,226940,2,106,287
2409,TKT-B6950F9D,2026-01-30 00:48:30.000,282.19,224816,2,106,287
2410,TKT-0D197733,2026-05-06 11:58:24.000,34.36,227096,2,106,284
2411,TKT-3E188E57,2026-02-16 13:17:44.000,664.88,227649,2,106,287
2412,TKT-810CEA25,2025-12-13 21:36:52.000,6.14,,2,106,287
2413,TKT-AF0BD7BE,2025-07-23 00:54:34.000,110.56,,2,106,288
2414,TKT-D382FACE,2026-01-27 11:20:11.000,311.91,226308,2,106,284
2415,TKT-639BD030,2025-09-14 16:07:38.000,309.84,224457,2,106,288
2416,TKT-B25D4FB9,2026-03-07 09:20:10.000,439.3,,2,106,283
2417,TKT-B5039E55,2026-01-26 07:54:03.000,121.85,225710,2,106,283
2418,TKT-569C156D,2025-08-02 02:47:56.000,235.04,,2,106,286
2419,TKT-8AC77D53,2026-04-03 01:07:00.000,269.98,225921,2,106,284
2420,TKT-F5AFCCDB,2025-10-01 09:19:06.000,460.66,227495,2,106,286
2421,TKT-71F50955,2026-05-07 09:43:16.000,570.27,227946,2,106,284
2422,TKT-76D034E1,2025-09-24 08:08:19.000,649.34,225197,2,106,287
2423,TKT-0073488F,2025-10-26 20:21:46.000,428.32,224983,2,106,288
2424,TKT-1D5664E9,2025-07-14 22:01:00.000,530.34,226996,2,106,287
2425,TKT-F66D90F2,2026-03-02 09:15:28.000,257.76,227653,2,106,284
2426,TKT-5953D612,2026-02-15 22:27:40.000,581.65,226283,2,106,283
2427,TKT-775B0ABD,2025-08-26 02:21:05.000,436.65,,2,106,287
2428,TKT-92D9300E,2025-12-06 21:00:22.000,319.36,226303,2,106,283
2429,TKT-E006FD85,2025-08-24 02:14:17.000,51.94,223935,2,106,284
2430,TKT-0BFD667D,2025-12-28 14:03:17.000,217.66,225530,2,106,285
2431,TKT-1834A00F,2026-03-18 06:36:40.000,685.66,223757,2,106,288
2432,TKT-09C4805B,2026-01-14 11:53:25.000,273.45,224461,2,106,285
2433,TKT-65064910,2025-10-08 09:32:28.000,638.67,226370,2,106,284
2434,TKT-FA6C72B3,2026-01-08 23:49:10.000,699.81,224741,2,106,287
2435,TKT-EC41DE30,2026-02-28 13:28:13.000,138.16,,2,106,283
2436,TKT-D4629F75,2026-02-27 21:37:54.000,309.65,225136,2,106,285
2437,TKT-59A0F144,2025-08-01 03:25:48.000,119.92,,2,106,284
2438,TKT-E25CB824,2026-02-27 20:35:43.000,143.42,224111,2,106,284
2439,TKT-D3E7FF75,2026-01-20 19:26:59.000,456.31,226595,2,106,287
2440,TKT-ED742094,2026-05-03 20:32:26.000,276.23,223682,2,106,285
2441,TKT-183DE48C,2026-03-07 22:43:43.000,240.84,225591,2,106,288
2442,TKT-A6DCB39B,2025-07-24 08:36:20.000,224.29,227678,2,106,284
2443,TKT-F0FC0CF6,2025-10-17 12:12:36.000,11.34,,2,106,287
2444,TKT-5F57E10D,2026-01-16 14:02:53.000,555.7,227185,2,106,284
2445,TKT-09CBE679,2025-07-15 16:25:42.000,624.72,,2,106,288
2446,TKT-A4FA45A5,2026-05-08 12:48:32.000,201.57,,2,106,288
2447,TKT-8D1C6470,2025-12-27 07:04:26.000,370.96,225803,2,106,283
2448,TKT-41126C01,2026-03-09 12:08:24.000,327.01,225215,2,106,283
2449,TKT-3CEA7886,2026-04-22 18:02:53.000,53.65,226550,2,106,288
2450,TKT-D6D4AE87,2025-10-15 22:56:14.000,294.47,,4,418,1117
2451,TKT-E3D4DDE3,2026-03-08 11:21:14.000,415.62,890053,4,418,1117
2452,TKT-2779BFF8,2025-07-21 18:26:55.000,72.84,889299,4,418,1116
2453,TKT-65C6CF4B,2025-09-18 18:14:05.000,195.79,891856,4,418,1117
2454,TKT-5E2BF9F4,2026-05-01 20:41:12.000,258.33,891388,4,418,1115
2455,TKT-444C7042,2026-05-04 11:32:31.000,625.9,888722,4,418,1117
2456,TKT-D9612085,2025-12-27 16:20:06.000,36.6,889993,4,418,1116
2457,TKT-BA11E69F,2026-01-25 09:26:34.000,84.65,889288,4,418,1117
2458,TKT-7873DDBC,2025-12-25 00:23:57.000,216.2,890452,4,418,1116
2459,TKT-19F6E294,2026-02-24 04:06:26.000,176.34,887280,4,418,1115
2460,TKT-5B95D36E,2026-02-25 21:38:11.000,575.25,888336,4,418,1115
2461,TKT-AB1254A3,2025-10-15 00:22:48.000,225.7,886812,4,418,1116
2462,TKT-8ED2E3F8,2025-11-13 14:28:16.000,78.4,890571,4,418,1116
2463,TKT-D7A21411,2025-09-30 10:16:21.000,35.23,,4,418,1116
2464,TKT-B1322FDD,2026-04-25 12:58:36.000,563.38,892624,4,418,1117
2465,TKT-2656BBAF,2025-10-07 12:54:00.000,362.15,,4,418,1116
2466,TKT-53762638,2026-04-02 00:54:13.000,210.05,,4,418,1115
2467,TKT-A0224D07,2025-12-05 03:17:28.000,284.44,,4,418,1115
2468,TKT-6E129989,2026-04-18 06:00:55.000,283.84,891784,4,418,1117
2469,TKT-602D2348,2025-09-19 14:34:06.000,146.48,,4,418,1116
2470,TKT-176D3F22,2026-01-28 00:16:53.000,96.8,887474,4,418,1117
2471,TKT-5F684797,2025-12-29 21:28:28.000,797.31,,4,418,1117
2472,TKT-A0B1D9E4,2026-04-08 09:36:57.000,346.41,893128,4,418,1116
2473,TKT-4E1A5D64,2026-04-26 10:04:51.000,78.56,890666,4,418,1116
2474,TKT-D75AE769,2025-11-23 02:57:26.000,389.95,134655,3,64,169
2475,TKT-1AC555C8,2025-08-06 18:28:14.000,627.65,135677,3,64,168
2476,TKT-1B033C9C,2025-10-20 15:46:03.000,511.66,,3,64,170
2477,TKT-DEF5300F,2026-01-21 16:06:52.000,494.87,134062,3,64,168
2478,TKT-C58464BA,2025-08-28 01:53:52.000,95.73,135240,3,64,171
2479,TKT-A42C14B3,2026-05-07 01:24:47.000,253.24,135639,3,64,168
2480,TKT-33CC6AD4,2026-02-21 20:56:53.000,336.77,133142,3,64,170
2481,TKT-0EE8B83E,2026-04-29 20:57:48.000,354.82,134605,3,64,170
2482,TKT-639995C9,2025-11-18 09:00:03.000,88.48,132314,3,64,170
2483,TKT-3193CADB,2026-03-26 21:38:58.000,151.14,134658,3,64,171
2484,TKT-722C7B63,2025-08-09 12:20:35.000,316.68,135590,3,64,170
2485,TKT-25DFE5F5,2026-03-11 05:58:58.000,300.72,134142,3,64,171
2486,TKT-9130E712,2026-04-01 18:51:31.000,697.72,132341,3,64,168
2487,TKT-75B1E935,2025-09-23 06:11:42.000,608.47,134429,3,64,171
2488,TKT-10C4F520,2025-12-14 21:20:57.000,32.88,,3,64,171
2489,TKT-A6A69EDB,2025-09-27 00:30:28.000,377.2,133114,3,64,169
2490,TKT-0EC565F5,2025-07-24 12:25:05.000,396.03,135592,3,64,168
2491,TKT-4CEDCD41,2025-12-24 00:57:14.000,229.65,132609,3,64,168
2492,TKT-5D422EA6,2025-11-02 01:02:28.000,168.78,,3,64,171
2493,TKT-BC38DCAD,2026-05-03 19:51:04.000,185.14,,3,64,168
2494,TKT-DE6D25BE,2025-08-16 20:48:41.000,301.81,134198,3,64,171
2495,TKT-34BF6E95,2025-12-06 05:26:10.000,414.38,,3,64,169
2496,TKT-0F948749,2026-04-09 19:46:29.000,298.32,,3,64,169
2497,TKT-CCAED019,2025-12-12 04:46:12.000,52.55,135287,3,64,171
2498,TKT-42AFD649,2026-03-24 15:26:36.000,586.86,133933,3,64,171
2499,TKT-396EECAC,2025-07-21 02:29:01.000,317.39,132604,3,64,170
2500,TKT-A9188276,2026-02-04 13:54:45.000,137.07,134777,3,64,169
2501,TKT-603CBCA9,2025-11-23 18:18:46.000,253.15,,3,64,170
2502,TKT-C6DAC9C6,2025-12-27 09:50:57.000,729.64,134955,3,64,169
2503,TKT-BE928329,2026-04-22 03:21:31.000,303.91,133204,3,64,168
2504,TKT-5A2E0B35,2026-02-20 17:56:01.000,291.14,,3,64,171
2505,TKT-E28894D0,2025-08-02 09:54:01.000,158.26,133478,3,64,169
2506,TKT-58164CD9,2026-03-01 16:48:11.000,290.87,132371,3,64,168
2507,TKT-186FA2F6,2025-09-25 19:45:10.000,302.8,134217,3,64,170
2508,TKT-52349A9E,2025-09-06 16:59:08.000,303.16,,3,64,170
2509,TKT-AC78981D,2026-03-04 14:52:04.000,297.32,134274,3,64,168
2510,TKT-6144D99E,2025-08-03 00:15:44.000,336.11,134027,3,64,170
2511,TKT-90A7D0B4,2026-05-06 21:52:17.000,66.82,135116,3,64,170
2512,TKT-FBCF1055,2026-01-08 03:49:49.000,125.8,,3,64,169
2513,TKT-BD34DBBA,2026-04-02 18:44:16.000,197.51,134194,3,64,169
2514,TKT-2666BC71,2025-12-15 14:18:32.000,219.81,135428,3,64,171
2515,TKT-489DBB98,2025-11-18 20:21:54.000,133.08,,3,64,170
2516,TKT-969033FC,2025-11-26 21:36:38.000,70.29,134971,3,64,170
2517,TKT-827B1025,2026-04-11 08:28:11.000,407.9,928171,5,437,1162
2518,TKT-41A9D79B,2025-09-23 16:22:01.000,136.83,929351,5,437,1161
2519,TKT-F313C8FB,2025-11-02 01:10:24.000,55.77,929242,5,437,1161
2520,TKT-1F448261,2025-09-29 09:22:36.000,728.42,,5,437,1162
2521,TKT-DCF723C1,2026-03-11 19:09:27.000,614.44,929551,5,437,1159
2522,TKT-758CFC99,2026-03-07 05:44:11.000,106.64,929029,5,437,1160
2523,TKT-54465AF7,2025-12-30 02:50:56.000,102.22,,5,437,1159
2524,TKT-2F29F9F5,2026-01-28 12:44:32.000,72.24,,5,437,1161
2525,TKT-335B5D4D,2025-12-10 00:10:22.000,37.4,929958,5,437,1162
2526,TKT-E11E5391,2026-04-09 15:35:57.000,684.59,,5,437,1159
2527,TKT-A81222F8,2026-01-14 09:33:51.000,618.5,929580,5,437,1161
2528,TKT-1937EA8D,2026-03-02 16:59:58.000,261.08,929297,5,437,1162
2529,TKT-44E3D5C8,2026-04-07 18:10:15.000,316.56,929072,5,437,1159
2530,TKT-56B9B239,2025-08-31 18:19:32.000,473.28,929530,5,437,1159
2531,TKT-7ACA8372,2026-04-28 08:16:13.000,476.95,928606,5,437,1162
2532,TKT-0A9C0AAB,2026-02-15 16:22:58.000,543.23,929932,5,437,1162
2533,TKT-B905CEFA,2025-10-24 01:52:03.000,510.8,929119,5,437,1159
2534,TKT-51B51E97,2025-10-05 18:06:09.000,84.55,927832,5,437,1161
2535,TKT-EDB88040,2025-10-17 01:21:47.000,530.87,929784,5,437,1159
2536,TKT-5157C725,2026-01-16 10:41:19.000,306.86,928305,5,437,1160
2537,TKT-E6F7BF31,2026-01-06 16:48:08.000,342.4,,5,437,1159
2538,TKT-8434EF11,2025-10-04 07:28:25.000,306.92,,5,437,1162
2539,TKT-3F54E56F,2025-10-31 07:59:05.000,521.08,,5,437,1160
2540,TKT-D8BFE059,2025-08-10 19:06:08.000,279.73,928971,5,437,1159
2541,TKT-C1B871B1,2026-04-22 19:30:36.000,15.97,929788,5,437,1159
2542,TKT-53A1944D,2025-10-16 04:56:51.000,361.59,,5,437,1160
2543,TKT-B4A92CA8,2025-07-14 01:42:25.000,35.2,,5,437,1161
2544,TKT-7611C2BD,2025-12-25 16:02:34.000,487.03,928561,5,437,1162
2545,TKT-EF488858,2026-04-29 07:31:10.000,485.69,928556,5,437,1160
2546,TKT-19DCB6FC,2025-08-16 21:51:29.000,381.5,928229,5,437,1160
2547,TKT-F018802D,2025-08-09 01:21:30.000,147.12,927857,5,437,1162
2548,TKT-1C0F7E8E,2025-11-16 04:34:38.000,271.64,,5,437,1159
2549,TKT-1C1A41B2,2025-09-05 05:22:03.000,239.92,,5,437,1160
2550,TKT-573C32EE,2025-09-09 03:58:13.000,201.59,927839,5,437,1161
2551,TKT-DAA1D0BC,2025-08-18 12:46:34.000,79.49,929882,5,437,1160
2552,TKT-88FA769A,2025-09-13 06:23:38.000,633.6,929102,5,437,1160
2553,TKT-E485C6DD,2026-05-01 15:18:53.000,47.57,928442,5,437,1162
2554,TKT-62062581,2025-11-04 00:43:53.000,59.97,,5,437,1159
2555,TKT-1781EBE6,2025-08-12 03:28:25.000,527.75,927930,5,437,1162
2556,TKT-3D676193,2025-11-10 15:38:51.000,70.38,929706,5,437,1160
2557,TKT-567F416D,2025-08-04 12:10:20.000,13.39,928690,5,437,1159
2558,TKT-C77098E2,2025-11-22 07:07:19.000,133.1,929928,5,437,1160
2559,TKT-8E720855,2025-09-08 12:00:25.000,129.63,927943,5,437,1160
2560,TKT-6AA2A8BD,2025-08-08 19:26:52.000,75.57,928700,5,437,1161
2561,TKT-B369C1DE,2025-12-26 18:50:33.000,712.37,,5,437,1159
2562,TKT-5CD32F3F,2025-11-29 02:08:42.000,902.03,461554,3,215,581
2563,TKT-CECBB51E,2026-01-19 06:51:25.000,362.08,462446,3,215,581
2564,TKT-C8C689EF,2025-08-28 08:02:06.000,322.24,461411,3,215,582
2565,TKT-3AC34714,2025-08-28 05:34:55.000,233.1,,3,215,581
2566,TKT-72A8C3FD,2025-10-07 06:30:14.000,147.12,462021,3,215,582
2567,TKT-AD371AA5,2025-08-02 17:46:07.000,394.5,462633,3,215,580
2568,TKT-55B3F1FD,2025-10-21 14:39:04.000,937.39,462626,3,215,580
2569,TKT-16197306,2026-03-31 23:12:55.000,660.92,461853,3,215,581
2570,TKT-F00AE6F2,2025-11-09 20:54:13.000,522.67,,3,215,582
2571,TKT-6C302EDE,2026-01-26 13:10:22.000,409.75,461218,3,215,581
2572,TKT-60543352,2026-02-07 11:41:05.000,212.52,461755,3,215,581
2573,TKT-DAD265EF,2025-07-28 07:03:15.000,36.51,461864,3,215,582
2574,TKT-0F3F4CE6,2026-02-25 15:02:29.000,346.41,462534,3,215,580
2575,TKT-F4E342BE,2026-03-08 18:19:19.000,696.61,462645,3,215,580
2576,TKT-9E2A3ED0,2026-02-09 17:07:42.000,35.72,462321,3,215,581
2577,TKT-963B9D5B,2025-11-02 02:24:38.000,589.92,,2,234,650
2578,TKT-A5650693,2025-07-26 03:00:27.000,211.95,522298,2,234,648
2579,TKT-59090EF5,2026-04-25 17:04:31.000,359.58,524066,2,234,649
2580,TKT-CD1988CC,2025-12-04 04:43:08.000,217.6,522620,2,234,649
2581,TKT-31E3621C,2025-12-03 21:42:44.000,682.11,,2,234,650
2582,TKT-DDE353EE,2025-09-21 01:07:55.000,459.44,523271,2,234,650
2583,TKT-78A38479,2025-09-15 08:32:33.000,460.16,523616,2,234,649
2584,TKT-87EEFBAB,2025-10-21 16:46:50.000,364.67,523250,2,234,649
2585,TKT-4027F781,2026-02-04 12:56:00.000,201.7,523775,2,234,649
2586,TKT-73B6A4B2,2026-02-17 08:15:15.000,393.78,,2,234,650
2587,TKT-763120F6,2025-12-12 15:08:39.000,99.49,,2,234,649
2588,TKT-11C19565,2025-10-18 04:15:48.000,84.3,524355,2,234,650
2589,TKT-21D9E141,2025-07-23 17:25:47.000,563.56,523345,2,234,650
2590,TKT-824A432A,2026-01-13 05:06:18.000,71.16,,2,234,650
2591,TKT-1B92377B,2026-03-30 07:05:06.000,669.29,522505,2,234,649
2592,TKT-301A4652,2025-08-16 23:33:22.000,206.5,1008184,3,473,1240
2593,TKT-DAF36FAF,2026-03-28 15:19:00.000,71.97,1009326,3,473,1240
2594,TKT-AA55C6B7,2025-09-09 11:37:53.000,461.17,1009433,3,473,1240
2595,TKT-0A4A2676,2025-08-12 02:40:57.000,396.34,,3,473,1240
2596,TKT-C627313D,2025-09-29 19:42:18.000,332.68,1009205,3,473,1240
2597,TKT-916A5A91,2026-01-28 16:46:25.000,164.16,,3,473,1240
2598,TKT-452BAE97,2025-09-10 07:01:25.000,228.42,1008961,3,473,1240
2599,TKT-1CD0CDD1,2026-04-01 18:34:16.000,31.96,1008266,3,473,1240
2600,TKT-4C604DC5,2026-01-08 09:19:33.000,306.62,1008888,3,473,1240
2601,TKT-2EC08235,2026-02-23 03:38:00.000,68.54,1008068,3,473,1240
2602,TKT-F4B4E73D,2026-03-03 07:48:42.000,326.19,1008264,3,473,1240
2603,TKT-BDF94022,2025-10-18 11:44:06.000,657.24,1007985,3,473,1240
2604,TKT-B82533AA,2025-12-21 02:47:45.000,77.77,1008167,3,473,1240
2605,TKT-75827DD5,2025-12-23 17:34:58.000,249.2,1008453,3,473,1240
2606,TKT-285FDB6E,2025-10-31 22:21:18.000,524.55,1009171,3,473,1240
2607,TKT-F1E173A6,2026-03-13 07:42:12.000,98.6,,3,473,1240
2608,TKT-E10E35A6,2025-10-15 19:16:51.000,530.02,1008641,3,473,1240
2609,TKT-71C137A0,2025-11-26 12:18:17.000,29.07,,3,473,1240
2610,TKT-EC0DAD6B,2026-01-11 10:03:56.000,280.96,1008376,3,473,1240
2611,TKT-0EAB7870,2025-10-10 15:46:43.000,47.06,1008224,3,473,1240
2612,TKT-7B386C5A,2025-09-19 12:05:41.000,189.57,1008532,3,473,1240
2613,TKT-93A23B45,2026-04-20 09:04:46.000,260.75,1008438,3,473,1240
2614,TKT-97A1F2DD,2025-12-18 14:44:43.000,365.11,,5,487,1282
2615,TKT-08EB618E,2025-09-18 13:19:47.000,117.03,1034353,5,487,1281
2616,TKT-BCD4DE5D,2025-11-07 20:26:46.000,307.64,,5,487,1281
2617,TKT-7BD84D57,2026-04-30 10:41:44.000,396.02,1035519,5,487,1281
2618,TKT-F8B938F0,2026-05-02 09:19:12.000,533.75,1034756,5,487,1281
2619,TKT-63094775,2026-04-05 15:02:33.000,269.88,,5,487,1281
2620,TKT-1402945D,2025-12-06 01:33:18.000,4.06,1034912,5,487,1281
2621,TKT-D4053B2D,2025-08-30 07:02:32.000,118.55,,5,487,1282
2622,TKT-F49C8A11,2026-04-18 15:38:24.000,364.14,1034213,5,487,1280
2623,TKT-8DB0D204,2026-02-14 13:34:23.000,664.59,1036020,5,487,1281
2624,TKT-B53FBB67,2026-03-09 03:22:20.000,456.0,1034502,5,487,1280
2625,TKT-A93BDBB0,2026-01-18 07:20:50.000,630.83,1034725,5,487,1281
2626,TKT-B81E5D02,2026-04-25 08:37:39.000,475.41,1034472,5,487,1281
2627,TKT-A514D2BC,2025-10-02 17:50:05.000,541.98,1035374,5,487,1282
2628,TKT-CA4A6833,2025-11-24 19:18:53.000,337.45,1034736,5,487,1281
2629,TKT-02678D7E,2026-03-26 10:42:16.000,49.71,1035051,5,487,1281
2630,TKT-DFC0D52A,2025-10-28 16:49:27.000,63.52,,5,487,1280
2631,TKT-D4E1E4C9,2025-11-19 05:53:25.000,80.27,,5,487,1282
2632,TKT-4EA1A862,2025-12-16 07:22:53.000,88.73,1035965,5,487,1281
2633,TKT-A17191FA,2026-02-28 04:21:45.000,247.41,,5,487,1282
2634,TKT-F7709C72,2026-04-01 15:46:55.000,158.3,1035861,5,487,1280
2635,TKT-E2B734BA,2025-11-18 15:34:32.000,61.8,1035384,5,487,1280
2636,TKT-8C139F3F,2025-09-12 20:38:13.000,385.31,,5,487,1281
2637,TKT-BFF82EA8,2026-03-08 16:08:33.000,109.83,1034323,5,487,1280
2638,TKT-45782814,2025-10-13 20:15:53.000,193.11,1035538,5,487,1281
2639,TKT-F59604E6,2025-10-27 17:29:45.000,416.83,1034077,5,487,1281
2640,TKT-20F74096,2025-11-18 00:51:15.000,256.29,,5,487,1280
2641,TKT-57D8F387,2025-08-24 09:25:01.000,496.69,1035712,5,487,1282
2642,TKT-7DB8855F,2025-08-13 17:30:27.000,153.66,1035524,5,487,1281
2643,TKT-24BB6D4E,2025-07-21 11:39:01.000,116.06,,5,487,1281
2644,TKT-4D7EC3CB,2026-01-10 03:18:55.000,97.32,,5,487,1280
2645,TKT-D108D6CC,2026-02-07 06:11:51.000,202.86,1034704,5,487,1280
2646,TKT-8DA69147,2025-10-21 17:47:20.000,172.11,1035404,5,487,1281
2647,TKT-502292DF,2025-12-18 03:20:34.000,34.54,1036162,5,487,1280
2648,TKT-3E53EE6B,2026-04-23 09:11:49.000,107.89,1034687,5,487,1281
2649,TKT-05A11860,2025-10-30 21:24:47.000,277.0,,5,487,1280
2650,TKT-155D392B,2026-03-04 07:48:03.000,143.28,1034285,5,487,1281
2651,TKT-62F2DF29,2025-08-10 09:17:48.000,283.24,,5,487,1281
2652,TKT-71FCA724,2026-03-16 12:30:04.000,478.78,1035117,5,487,1282
2653,TKT-D31F6650,2026-04-04 22:53:19.000,7.59,,5,487,1282
2654,TKT-E1167F6D,2025-07-24 09:09:09.000,435.72,,5,487,1281
2655,TKT-36C8F00C,2026-02-07 05:36:04.000,12.06,1035268,5,487,1281
2656,TKT-1E26CFCD,2025-11-04 08:14:30.000,258.03,1035349,5,487,1282
2657,TKT-1F5003B9,2025-07-27 07:56:14.000,461.9,1034412,5,487,1280
2658,TKT-D5B659CA,2026-04-20 08:00:33.000,446.96,,5,487,1282
2659,TKT-F36FF7EB,2026-02-22 14:42:36.000,27.02,1035041,5,487,1281
2660,TKT-43201C1F,2026-03-17 13:52:19.000,657.77,,5,487,1282
2661,TKT-DA6F65FA,2026-01-01 15:37:31.000,155.92,1034561,5,487,1282
2662,TKT-6F431CD6,2025-08-06 05:02:30.000,532.0,1036218,5,487,1282
2663,TKT-EEE4452D,2025-08-18 20:53:54.000,445.71,1035527,5,487,1280
2664,TKT-066D5070,2026-05-03 05:21:59.000,462.54,1034859,5,487,1282
2665,TKT-C4DCB5A2,2026-03-16 11:02:29.000,432.5,1034691,5,487,1281
2666,TKT-9C4CF52E,2025-11-25 00:58:12.000,116.99,1034973,5,487,1280
2667,TKT-546C75AE,2025-09-04 15:20:11.000,375.85,1034023,5,487,1281
2668,TKT-75431A03,2025-12-15 23:29:27.000,225.1,1035646,5,487,1280
2669,TKT-6CF56843,2025-09-16 03:40:34.000,521.21,,5,487,1281
2670,TKT-559F9C89,2025-11-24 02:11:13.000,340.73,1035351,5,487,1282
2671,TKT-52DCD83C,2026-02-09 13:56:41.000,315.4,,1,268,752
2672,TKT-E93330EE,2026-03-01 00:15:58.000,116.97,,1,268,751
2673,TKT-E9CB9F8A,2026-03-29 12:46:18.000,447.0,607331,1,268,750
2674,TKT-2ADF0906,2026-01-22 19:59:47.000,464.71,607557,1,268,752
2675,TKT-0E12390D,2026-02-24 13:46:44.000,591.31,606162,1,268,749
2676,TKT-71A8E2D7,2025-09-05 21:37:46.000,402.38,,1,268,752
2677,TKT-59144E32,2026-02-08 11:20:26.000,93.14,,1,268,749
2678,TKT-21A3DAB2,2025-12-25 12:04:02.000,147.22,607001,1,268,750
2679,TKT-C625B37A,2026-03-14 17:01:48.000,138.87,605220,1,268,750
2680,TKT-FF1C52BA,2025-10-21 09:39:49.000,49.92,606223,1,268,750
2681,TKT-3D758EED,2025-10-03 13:17:08.000,182.03,,1,268,749
2682,TKT-BABFE4A5,2025-11-01 02:56:46.000,23.02,608228,1,268,752
2683,TKT-E9357A59,2025-11-18 10:58:22.000,168.14,606909,1,268,752
2684,TKT-0E503DDC,2026-03-30 16:21:26.000,125.88,607633,1,268,752
2685,TKT-01F7293D,2025-10-06 05:31:39.000,557.87,605520,1,268,750
2686,TKT-47CCA1C2,2025-11-05 09:46:37.000,33.72,,1,268,751
2687,TKT-130D139D,2026-02-02 02:22:40.000,665.18,606452,1,268,749
2688,TKT-BE62AE4D,2026-02-23 10:22:13.000,211.08,607714,1,268,750
2689,TKT-00B154AE,2025-08-09 16:08:51.000,258.65,608126,1,268,750
2690,TKT-7A456E7E,2026-04-28 22:25:11.000,361.16,606109,1,268,751
2691,TKT-F4DEC989,2025-08-27 14:13:22.000,423.22,606646,1,268,751
2692,TKT-30D6B41B,2025-10-05 03:04:25.000,313.22,607951,1,268,752
2693,TKT-F126C378,2025-12-23 00:21:23.000,215.84,607957,1,268,749
2694,TKT-26C45DE5,2025-08-04 03:42:35.000,131.05,605887,1,268,751
2695,TKT-CE21F3E1,2026-01-08 01:33:25.000,444.77,607313,1,268,752
2696,TKT-4672356A,2026-02-20 16:34:59.000,286.35,607101,1,268,749
2697,TKT-77121083,2026-04-04 07:55:55.000,41.16,606121,1,268,750
2698,TKT-C6098C64,2026-03-22 17:10:24.000,412.41,607689,1,268,752
2699,TKT-87F732A4,2025-10-23 15:27:26.000,409.61,605590,1,268,752
2700,TKT-5109B9BC,2025-12-27 03:09:19.000,148.77,,1,268,749
2701,TKT-B9646BBA,2026-04-07 05:45:34.000,72.6,,1,268,751
2702,TKT-686491F9,2025-08-05 03:02:15.000,180.71,,1,268,752
2703,TKT-F4EC3699,2025-10-02 04:09:45.000,226.5,,3,307,855
2704,TKT-EE8034C1,2026-02-03 06:20:00.000,54.82,,3,307,855
2705,TKT-918D9739,2025-10-28 19:13:52.000,11.6,,3,307,856
2706,TKT-55247A9E,2025-10-25 22:33:40.000,94.7,,3,307,857
2707,TKT-2D2F6DAE,2025-08-22 10:36:16.000,466.45,686982,3,307,857
2708,TKT-17B6EF05,2025-09-21 11:46:07.000,276.6,686657,3,307,856
2709,TKT-C99BF33B,2025-11-30 20:01:22.000,296.31,,3,307,856
2710,TKT-98C64A7C,2025-11-23 06:38:07.000,336.57,686403,3,307,856
2711,TKT-8CA10093,2026-04-30 10:03:30.000,181.14,687311,3,307,856
2712,TKT-02F7C514,2025-12-13 05:27:38.000,359.79,,3,307,855
2713,TKT-6D15419F,2026-04-24 04:22:01.000,185.32,687141,3,307,856
2714,TKT-B24FEAB1,2025-11-25 22:09:59.000,203.1,,3,307,857
2715,TKT-A09C2833,2026-01-23 08:00:35.000,75.85,,3,307,856
2716,TKT-4F7C6DD4,2025-10-01 11:35:24.000,99.67,,3,307,855
2717,TKT-B5C4C27B,2026-01-20 15:41:39.000,100.56,686458,3,307,855
2718,TKT-D62ABBFF,2026-03-30 07:34:40.000,120.92,,3,307,857
2719,TKT-37499CFD,2025-10-30 10:30:59.000,529.68,686883,3,307,857
2720,TKT-8F0957B2,2026-01-04 13:59:11.000,653.33,686579,3,307,855
2721,TKT-A3EE517B,2025-12-25 05:41:17.000,113.01,686613,3,307,855
2722,TKT-BD3C8B0F,2025-08-02 07:00:34.000,208.95,686896,3,307,857
2723,TKT-E48CDA9C,2026-04-29 16:54:58.000,199.75,,3,307,855
2724,TKT-D73499AC,2025-07-25 17:22:41.000,7.53,686610,3,307,857
2725,TKT-E98C4DFD,2026-04-27 11:11:28.000,785.99,110059,5,50,133
2726,TKT-70AF0690,2026-03-15 01:21:21.000,301.52,,5,50,132
2727,TKT-14C8E626,2025-10-06 04:32:22.000,256.05,107295,5,50,131
2728,TKT-A59626A0,2026-05-05 05:58:13.000,444.23,108372,5,50,133
2729,TKT-261A466B,2026-03-04 20:26:34.000,392.41,107714,5,50,131
2730,TKT-E552D3AB,2025-10-21 05:52:40.000,136.47,107594,5,50,133
2731,TKT-5789A78D,2025-07-30 10:07:55.000,401.24,106914,5,50,135
2732,TKT-965C90E3,2026-03-25 00:16:18.000,49.38,,5,50,131
2733,TKT-A023ED84,2025-11-21 14:12:37.000,598.41,108498,5,50,131
2734,TKT-45292436,2026-03-30 09:40:32.000,429.1,108707,5,50,133
2735,TKT-84CF2373,2026-04-04 07:52:43.000,499.51,110342,5,50,131
2736,TKT-493A1313,2025-08-16 00:40:00.000,225.7,106997,5,50,134
2737,TKT-AA1D6710,2025-12-05 20:29:06.000,603.87,,5,50,133
2738,TKT-DB5F402F,2026-04-25 21:30:46.000,572.0,,5,50,131
2739,TKT-026FCC24,2026-02-11 09:57:21.000,141.51,106993,5,50,133
2740,TKT-1469524E,2025-08-09 19:48:11.000,201.0,107629,5,50,135
2741,TKT-F585DAB5,2025-08-10 13:10:39.000,252.64,108351,5,50,134
2742,TKT-78A7144B,2026-02-20 21:38:28.000,181.44,110397,5,50,134
2743,TKT-B8D1A369,2025-11-20 17:35:02.000,178.36,108593,5,50,134
2744,TKT-5F64FBD9,2025-10-28 11:49:28.000,673.37,,5,50,132
2745,TKT-55A6C82F,2026-03-05 23:54:38.000,239.04,981279,3,460,1217
2746,TKT-13CF8596,2025-08-03 22:24:54.000,198.43,979654,3,460,1217
2747,TKT-2A92A782,2026-01-25 10:57:16.000,531.24,980864,3,460,1217
2748,TKT-13937B31,2026-03-27 12:42:38.000,712.92,979303,3,460,1217
2749,TKT-53526D1B,2026-02-27 14:03:56.000,291.82,981313,3,460,1217
2750,TKT-7C79BC4E,2025-10-11 11:44:59.000,83.82,980493,3,460,1217
2751,TKT-55DFEC95,2025-10-24 13:17:31.000,325.2,980639,3,460,1217
2752,TKT-81AC6451,2025-09-29 21:56:53.000,21.72,,3,460,1217
2753,TKT-E5A7F1C4,2026-04-09 00:44:09.000,163.01,979994,3,460,1217
2754,TKT-431C5B0F,2026-01-12 13:39:06.000,416.98,978857,3,460,1217
2755,TKT-2C1F4CAE,2026-02-21 08:01:50.000,270.39,980312,3,460,1217
2756,TKT-AC685B5C,2025-11-01 11:51:57.000,204.95,,3,460,1217
2757,TKT-B5D5A81A,2025-11-16 22:50:59.000,64.46,,3,460,1217
2758,TKT-707F42F9,2025-10-22 06:42:26.000,174.09,980270,3,460,1217
2759,TKT-DCC11C93,2025-12-23 19:27:34.000,323.22,979236,3,460,1217
2760,TKT-8BCAFC9C,2025-10-15 03:18:39.000,703.07,980408,3,460,1217
2761,TKT-BFE302E6,2025-08-23 10:13:52.000,335.44,,3,460,1217
2762,TKT-A6F7753D,2026-04-20 05:13:29.000,210.64,980528,3,460,1217
2763,TKT-13D31BAD,2025-11-11 08:25:33.000,241.49,,3,460,1217
2764,TKT-B042FB85,2026-02-20 17:48:00.000,17.88,979811,3,460,1217
2765,TKT-B031535C,2025-09-04 14:02:59.000,73.9,980472,3,460,1217
2766,TKT-68086096,2026-02-22 08:19:43.000,207.54,,3,460,1217
2767,TKT-421AB304,2026-02-14 21:08:02.000,676.98,980700,3,460,1217
2768,TKT-F7907951,2025-10-23 19:19:44.000,541.25,981032,3,460,1217
2769,TKT-AB5B636E,2025-10-21 12:52:13.000,211.84,980417,3,460,1217
2770,TKT-28E07383,2025-10-13 01:47:11.000,48.2,980087,3,460,1217
2771,TKT-5A9E26AC,2026-01-02 13:16:25.000,157.74,980819,3,460,1217
2772,TKT-38CD4677,2026-03-12 10:52:03.000,514.39,981372,3,460,1217
2773,TKT-74D5484F,2025-08-25 00:08:49.000,36.39,,3,460,1217
2774,TKT-D0081A22,2025-10-29 17:48:37.000,216.36,,3,460,1217
2775,TKT-AADA185F,2025-09-06 04:07:24.000,367.48,980277,3,460,1217
2776,TKT-81995639,2025-12-03 05:56:22.000,181.95,980117,3,460,1217
2777,TKT-62444E39,2025-07-29 12:06:46.000,193.52,,3,460,1217
2778,TKT-57D377C4,2026-01-18 02:28:05.000,410.35,,3,460,1217
2779,TKT-4E117789,2026-02-16 21:00:59.000,286.22,979361,3,460,1217
2780,TKT-F3003984,2025-12-17 09:50:30.000,253.25,980649,3,460,1217
2781,TKT-1A9E1FC6,2025-12-17 01:55:15.000,196.56,,3,460,1217
2782,TKT-E6836B51,2026-01-06 22:31:37.000,214.56,981195,3,460,1217
2783,TKT-02E4C04A,2025-11-07 15:49:55.000,257.81,,3,460,1217
2784,TKT-D82089FE,2025-09-01 16:08:38.000,170.54,980011,3,460,1217
2785,TKT-A1DB3DEF,2025-12-17 21:04:48.000,384.55,,3,460,1217
2786,TKT-B5608105,2025-10-14 05:28:05.000,157.88,981155,3,460,1217
2787,TKT-FCF29F7A,2026-02-03 07:22:17.000,193.68,979198,3,460,1217
2788,TKT-302E55C0,2025-07-30 16:49:14.000,155.19,,3,460,1217
2789,TKT-8DCB2CDE,2025-08-31 13:50:13.000,177.68,,3,460,1217
2790,TKT-EFD2B2B9,2025-09-26 04:48:00.000,343.53,980880,3,460,1217
2791,TKT-BD95EC98,2025-12-21 06:43:07.000,361.95,244652,3,115,313
2792,TKT-415A9A3C,2026-04-06 21:32:27.000,98.46,244120,3,115,313
2793,TKT-A9CA74EE,2026-03-06 07:30:17.000,425.11,,3,115,313
2794,TKT-703FBFE1,2025-11-24 08:46:59.000,59.68,244945,3,115,312
2795,TKT-EF6CF38B,2026-02-25 10:13:13.000,479.74,245080,3,115,313
2796,TKT-EECFB3FB,2025-07-31 08:12:52.000,75.42,244679,3,115,312
2797,TKT-1F5AAF95,2025-12-20 03:54:25.000,457.34,245185,3,115,313
2798,TKT-79F394F3,2026-01-30 15:53:12.000,399.09,,3,115,312
2799,TKT-271ED110,2026-04-12 08:12:20.000,183.1,244980,3,115,313
2800,TKT-46DF0D34,2025-08-30 01:42:05.000,339.76,,3,115,313
2801,TKT-06BC3C45,2026-03-26 15:33:13.000,468.24,,3,115,312
2802,TKT-8BAF4BD4,2025-11-03 20:16:06.000,370.2,,3,115,312
2803,TKT-44662970,2026-03-19 23:10:57.000,259.15,245384,3,115,313
2804,TKT-C7C96C61,2026-03-10 09:12:27.000,192.45,245342,3,115,313
2805,TKT-B22D544C,2025-09-25 08:48:56.000,511.72,244630,3,115,312
2806,TKT-3B3704D9,2025-12-30 09:29:51.000,257.2,245033,3,115,312
2807,TKT-4DCAAF65,2025-08-18 04:27:24.000,183.31,244770,3,115,313
2808,TKT-23498ED9,2025-11-20 03:43:10.000,240.74,245292,3,115,313
2809,TKT-3092667F,2025-10-05 11:20:32.000,566.61,244879,3,115,313
2810,TKT-A57DADFF,2026-01-09 11:56:10.000,29.43,245520,3,115,313
2811,TKT-5FF1DE16,2026-04-24 08:46:14.000,754.15,396739,1,185,499
2812,TKT-6DBA5A1B,2025-09-24 15:37:39.000,348.32,,1,185,500
2813,TKT-4769D489,2025-10-12 04:53:14.000,55.93,396793,1,185,502
2814,TKT-C1863E9B,2026-01-02 13:49:44.000,104.68,397718,1,185,500
2815,TKT-67EB7AFA,2025-10-31 07:59:55.000,62.52,,1,185,499
2816,TKT-9483024D,2026-04-15 18:58:58.000,49.93,,1,185,499
2817,TKT-B9659BE4,2026-01-19 16:20:28.000,281.2,,1,185,499
2818,TKT-34DFE828,2026-02-10 11:57:05.000,225.8,,1,185,499
2819,TKT-0402CEEB,2026-03-14 17:56:08.000,241.95,395839,1,185,499
2820,TKT-A181592B,2026-03-14 22:40:37.000,277.14,395752,1,185,499
2821,TKT-F4F4E3D4,2025-10-11 01:51:56.000,259.15,397236,1,185,501
2822,TKT-7AFA3B6E,2025-08-28 22:56:42.000,253.48,397786,1,185,502
2823,TKT-A4F5EBF5,2026-04-04 16:54:59.000,72.6,398230,1,185,499
2824,TKT-9F7A9842,2026-04-04 18:06:41.000,186.35,397879,1,185,500
2825,TKT-96975BDA,2025-08-09 23:46:22.000,67.54,396428,1,185,500
2826,TKT-641FB316,2026-03-19 12:07:33.000,186.5,397174,1,185,500
2827,TKT-3337AE78,2025-10-24 03:53:54.000,17.76,,1,185,502
2828,TKT-793F5BEF,2025-11-20 14:59:39.000,239.38,397766,1,185,499
2829,TKT-5FA7DBEE,2026-04-04 22:37:28.000,559.99,396389,1,185,502
2830,TKT-18ED88EC,2025-12-27 02:20:30.000,30.7,396038,1,185,502
2831,TKT-31C5C55B,2025-10-15 02:15:02.000,522.49,396847,1,185,499
2832,TKT-5AA73DD1,2026-04-20 15:07:14.000,124.38,397700,1,185,502
2833,TKT-874C653C,2026-04-20 03:20:26.000,627.83,,1,185,501
2834,TKT-347E639F,2025-09-01 14:11:24.000,169.29,397509,1,185,500
2835,TKT-AE4DFB32,2025-08-02 20:53:23.000,151.15,396230,1,185,499
2836,TKT-F43D6F7D,2026-01-20 12:32:37.000,13.86,,1,185,502
2837,TKT-C3A5E45E,2025-08-13 04:58:28.000,119.77,396814,1,185,502
2838,TKT-80E5D456,2025-09-10 05:35:32.000,23.28,,1,185,501
2839,TKT-E1523F17,2025-07-31 01:50:10.000,399.74,396957,1,185,501
2840,TKT-5D6765B2,2025-11-26 22:00:45.000,88.62,398061,1,185,499
2841,TKT-8D3428C4,2025-08-07 15:36:36.000,198.09,397743,1,185,502
2842,TKT-BD4EC325,2025-12-20 09:47:29.000,172.71,396951,1,185,501
2843,TKT-99D131CF,2026-04-16 07:03:38.000,707.17,396360,1,185,502
2844,TKT-EFACE694,2025-12-21 16:33:33.000,257.87,396443,1,185,501
2845,TKT-5C08E4ED,2025-12-02 14:01:23.000,325.44,398264,1,185,499
2846,TKT-78E7B2C5,2026-03-20 19:14:43.000,234.47,396958,1,185,502
2847,TKT-E6133AD1,2026-02-11 23:16:54.000,308.13,397116,1,185,500
2848,TKT-B23D5F87,2025-10-07 18:58:45.000,295.9,397355,1,185,500
2849,TKT-F0DC763A,2025-09-14 02:44:44.000,223.36,398279,1,185,500
2850,TKT-CAB689B6,2026-04-21 20:50:24.000,140.32,,1,185,499
2851,TKT-775BF618,2026-04-03 19:36:58.000,243.63,,1,185,502
2852,TKT-20CEEC6D,2026-03-06 06:58:16.000,261.52,,1,185,501
2853,TKT-DB5F046F,2026-02-17 22:06:37.000,130.44,396782,1,185,501
2854,TKT-44848276,2026-02-09 21:59:25.000,307.47,397246,1,185,500
2855,TKT-56A66394,2025-08-12 01:19:29.000,101.36,931947,5,439,1165
2856,TKT-AED00134,2025-09-25 02:17:12.000,256.11,,5,439,1165
2857,TKT-C760762C,2025-10-02 07:01:23.000,352.73,,5,439,1165
2858,TKT-3384C24D,2025-09-07 23:14:21.000,615.22,931592,5,439,1165
2859,TKT-E2A86709,2026-01-26 22:38:22.000,596.02,931898,5,439,1165
2860,TKT-98BDC1DF,2026-02-05 06:18:48.000,73.83,,5,439,1165
2861,TKT-9FA707B9,2025-09-29 21:50:43.000,734.5,932117,5,439,1165
2862,TKT-F9817B26,2026-01-13 02:20:12.000,32.2,931828,5,439,1165
2863,TKT-B422BB07,2026-04-08 02:41:20.000,40.9,931219,5,439,1165
2864,TKT-B2E52BBE,2025-08-08 17:09:59.000,712.93,,5,439,1165
2865,TKT-41C9FF0D,2026-03-27 12:31:09.000,200.96,932039,5,439,1165
2866,TKT-C1740453,2026-03-20 15:31:07.000,24.3,931391,5,439,1165
2867,TKT-4445E185,2026-01-11 03:32:36.000,461.08,931671,5,439,1165
2868,TKT-A595AFF3,2025-07-20 05:43:54.000,496.9,932001,5,439,1165
2869,TKT-7C2F00B2,2025-12-19 02:39:23.000,30.78,931323,5,439,1165
2870,TKT-4432FB38,2026-05-07 11:48:32.000,396.8,931951,5,439,1165
2871,TKT-799880BC,2026-01-01 03:56:22.000,173.45,932070,5,439,1165
2872,TKT-5A957628,2026-01-30 19:53:11.000,17.58,206462,1,95,260
2873,TKT-531B776A,2026-03-20 06:23:23.000,325.04,,1,95,259
2874,TKT-8C4F4BFA,2025-08-25 10:37:55.000,414.53,,1,95,259
2875,TKT-308B21C9,2025-09-10 11:50:52.000,388.17,207641,1,95,260
2876,TKT-5DC8ACEB,2025-09-18 19:00:53.000,600.85,,1,95,259
2877,TKT-474C732D,2026-03-18 16:27:16.000,597.36,206627,1,95,259
2878,TKT-269E9539,2025-08-26 05:58:53.000,226.99,,1,95,260
2879,TKT-04B54D4E,2025-12-10 22:03:48.000,13.4,207322,1,95,260
2880,TKT-474DF06B,2026-04-27 09:50:57.000,45.7,206268,1,95,259
2881,TKT-45CE451F,2026-02-12 23:08:14.000,608.63,207468,1,95,259
2882,TKT-280FC979,2026-01-28 17:04:58.000,291.2,,1,95,260
2883,TKT-6079A6D9,2025-09-13 15:26:44.000,256.24,206705,1,95,260
2884,TKT-2072E9D8,2026-03-26 15:32:42.000,396.2,207106,1,95,259
2885,TKT-AFEE839F,2025-10-07 06:07:20.000,34.52,,1,95,259
2886,TKT-134470DD,2026-03-09 02:59:50.000,113.21,206955,1,95,260
2887,TKT-C8EC6588,2025-10-25 00:24:42.000,153.26,206205,1,95,259
2888,TKT-B24EA30C,2025-11-15 17:15:26.000,732.75,207394,1,95,260
2889,TKT-247AC4DA,2026-02-08 04:27:55.000,43.04,,1,95,260
2890,TKT-00AD61AF,2025-09-09 01:08:51.000,133.85,207453,1,95,259
2891,TKT-12763C32,2026-02-27 07:30:27.000,251.1,,1,95,259
2892,TKT-1893B829,2026-03-13 05:55:35.000,60.98,207207,1,95,260
2893,TKT-0FB3BE9B,2026-01-27 21:59:25.000,15.12,,1,95,260
2894,TKT-E5D1C62C,2026-03-28 05:45:57.000,280.89,207652,1,95,260
2895,TKT-A0F176C3,2025-11-21 01:53:01.000,347.55,,1,95,260
2896,TKT-F8FD55C0,2026-04-22 17:17:38.000,522.0,206776,1,95,260
2897,TKT-0F2FBDBC,2025-12-21 04:41:32.000,62.38,208105,1,95,259
2898,TKT-7B903A6D,2025-11-12 07:15:25.000,606.61,208323,1,95,260
2899,TKT-944D3AA2,2026-02-03 18:06:22.000,579.97,,1,95,259
2900,TKT-3E59BDB5,2025-07-19 08:04:46.000,533.57,206443,1,95,260
2901,TKT-2B47571A,2026-01-16 02:23:13.000,274.85,206518,1,95,260
2902,TKT-C036C593,2025-08-10 17:10:03.000,443.95,206064,1,95,260
2903,TKT-B5C399E2,2026-02-25 10:20:01.000,352.96,207510,1,95,260
2904,TKT-CD0E6701,2026-01-23 19:25:44.000,335.64,207938,1,95,260
2905,TKT-107A373A,2025-08-05 16:43:21.000,499.75,,1,95,260
2906,TKT-14ECBFEC,2026-01-19 09:11:23.000,520.87,,1,95,260
2907,TKT-A5269A36,2026-01-06 14:59:56.000,139.08,207624,1,95,259
2908,TKT-5F171AB8,2025-08-22 17:44:12.000,36.3,206701,1,95,259
2909,TKT-201C8338,2026-03-30 07:33:32.000,299.44,207691,1,95,260
2910,TKT-20F9D486,2025-08-28 03:00:16.000,655.28,208010,1,95,260
2911,TKT-A5EB207A,2025-09-28 23:12:18.000,175.7,,1,95,259
2912,TKT-BD45887E,2025-12-11 10:14:03.000,171.81,206682,1,95,259
2913,TKT-55193B4A,2025-10-01 07:00:46.000,280.64,266183,3,128,341
2914,TKT-1751C17D,2025-11-18 14:58:50.000,237.78,,3,128,341
2915,TKT-B6B73B10,2026-01-04 20:32:56.000,477.11,,3,128,341
2916,TKT-6D77C232,2025-09-10 16:59:58.000,211.89,,3,128,341
2917,TKT-2AE6DD58,2025-12-19 04:37:12.000,121.38,264415,3,128,341
2918,TKT-6444FB8E,2026-02-06 10:37:39.000,479.12,,3,128,341
2919,TKT-2D229679,2025-08-31 09:11:51.000,275.36,266088,3,128,341
2920,TKT-3DD000EA,2025-12-08 03:38:42.000,299.72,266171,3,128,341
2921,TKT-E053B936,2025-09-07 23:06:28.000,205.44,264419,3,128,341
2922,TKT-1F865102,2025-10-25 19:28:25.000,515.92,,3,128,341
2923,TKT-D36FD29C,2025-07-19 16:06:39.000,382.28,264142,3,128,341
2924,TKT-F14B3162,2026-03-23 05:37:40.000,394.76,264724,3,128,341
2925,TKT-F2E3702F,2026-01-18 01:53:05.000,381.03,,3,128,341
2926,TKT-0D5C590F,2026-03-21 19:58:51.000,278.84,264834,3,128,341
2927,TKT-15514C42,2025-12-27 07:25:35.000,567.24,265286,3,128,341
2928,TKT-60629DAD,2025-08-29 22:05:11.000,372.05,264916,3,128,341
2929,TKT-CE67A35C,2025-10-19 13:17:21.000,364.2,265094,3,128,341
2930,TKT-6A549593,2025-09-17 17:47:43.000,341.8,265341,3,128,341
2931,TKT-557CCD97,2025-12-05 03:41:55.000,322.5,265273,3,128,341
2932,TKT-17415C2E,2025-08-04 17:16:37.000,360.66,,3,128,341
2933,TKT-FACF2323,2025-10-09 04:23:00.000,192.61,,3,128,341
2934,TKT-D3BD8D5F,2026-03-22 10:35:56.000,639.16,,3,128,341
2935,TKT-810BEC85,2026-01-20 08:17:26.000,653.42,265705,3,128,341
2936,TKT-45FAE035,2026-04-28 15:13:34.000,544.42,265101,3,128,341
2937,TKT-67ACC344,2025-07-16 12:06:36.000,473.32,,3,128,341
2938,TKT-0B6EDAD7,2026-01-02 02:21:17.000,484.06,265283,3,128,341
2939,TKT-5AEDF8F0,2025-09-01 05:30:52.000,416.79,264651,3,128,341
2940,TKT-181C2904,2025-10-02 06:50:56.000,312.95,,3,128,341
2941,TKT-29A4FF37,2025-11-17 12:16:32.000,406.42,,3,128,341
2942,TKT-373B2127,2025-10-24 09:37:09.000,230.87,264506,3,128,341
2943,TKT-318D633E,2025-11-09 11:24:43.000,124.6,263960,3,128,341
2944,TKT-2D6E521B,2026-02-03 18:29:35.000,575.02,265464,3,128,341
2945,TKT-DE456718,2025-07-14 16:49:50.000,689.46,265628,3,128,341
2946,TKT-37666D63,2025-11-29 16:46:06.000,256.56,,3,128,341
2947,TKT-CC982380,2025-10-30 17:35:23.000,186.94,,3,128,341
2948,TKT-321BB967,2025-09-03 08:29:16.000,65.39,265099,3,128,341
2949,TKT-ABD604F1,2025-09-02 01:29:26.000,615.75,265875,3,128,341
2950,TKT-21D78012,2026-02-01 22:44:40.000,496.46,265872,3,128,341
2951,TKT-0AAF77E0,2026-04-05 14:17:18.000,246.71,265608,3,128,341
2952,TKT-6919E13D,2026-03-13 00:31:19.000,560.33,265157,3,128,341
2953,TKT-03249AA0,2025-10-05 01:43:23.000,567.41,265834,3,128,341
2954,TKT-214B9D92,2025-07-28 08:10:55.000,26.54,264724,3,128,341
2955,TKT-C73C4C1A,2025-11-26 18:58:43.000,257.79,265881,3,128,341
2956,TKT-EE18FDEB,2025-07-21 15:47:38.000,393.85,263949,3,128,341
2957,TKT-298E42A9,2025-09-23 00:05:42.000,623.67,265915,3,128,341
2958,TKT-0BF8121C,2026-02-24 13:28:47.000,280.3,265874,3,128,341
2959,TKT-0CC61832,2025-11-29 04:48:23.000,129.44,422996,4,197,530
2960,TKT-AD834431,2026-04-12 05:20:36.000,301.5,427665,4,197,530
2961,TKT-91F44E37,2025-11-15 19:45:01.000,448.0,427499,4,197,529
2962,TKT-BA3D22BD,2026-01-04 20:41:32.000,396.45,426808,4,197,529
2963,TKT-54F3B56E,2026-03-16 04:02:54.000,153.81,423859,4,197,529
2964,TKT-DC83F15F,2025-08-08 09:27:05.000,285.79,,4,197,529
2965,TKT-A62DA1D9,2026-04-23 11:23:45.000,245.26,425337,4,197,530
2966,TKT-E80F305C,2026-03-12 14:08:44.000,450.43,425932,4,197,530
2967,TKT-692768FA,2025-10-24 13:13:50.000,27.06,,4,197,530
2968,TKT-A9B78FBD,2026-03-18 00:56:00.000,245.46,426265,4,197,530
2969,TKT-642228AD,2026-03-16 16:43:07.000,269.04,422650,4,197,530
2970,TKT-19FB6F66,2026-03-22 12:22:10.000,479.78,425354,4,197,529
2971,TKT-220D151F,2026-02-21 14:04:33.000,77.48,423730,4,197,530
2972,TKT-BB89FF16,2025-12-30 08:45:15.000,139.82,424519,4,197,530
2973,TKT-D8054F44,2025-11-05 05:28:35.000,137.71,427211,4,197,529
2974,TKT-EC84923E,2026-03-15 00:40:00.000,431.37,424078,4,197,529
2975,TKT-D593A811,2025-07-23 12:04:59.000,605.34,424049,4,197,529
2976,TKT-EB19B870,2025-08-12 18:02:24.000,106.2,421931,4,197,530
2977,TKT-35EA68E3,2025-09-24 00:57:16.000,313.96,,4,197,530
2978,TKT-CE29D5FB,2026-02-27 15:05:56.000,146.95,422346,4,197,529
2979,TKT-C1D41157,2025-11-20 22:51:43.000,187.27,427306,4,197,529
2980,TKT-B9959571,2026-01-21 20:43:04.000,62.96,426291,4,197,529
2981,TKT-3FEFD092,2026-01-03 16:59:29.000,579.19,,1,315,881
2982,TKT-00158942,2026-02-26 05:48:01.000,147.2,710248,1,315,880
2983,TKT-601DDD14,2025-11-21 11:28:59.000,280.73,708950,1,315,881
2984,TKT-B0C16A31,2025-09-29 14:40:26.000,39.06,709945,1,315,881
2985,TKT-902357A9,2025-09-04 11:38:50.000,401.16,708751,1,315,881
2986,TKT-AC23124B,2025-07-31 14:50:35.000,145.13,709225,1,315,881
2987,TKT-FEF398F9,2025-12-18 16:02:41.000,98.76,708654,1,315,880
2988,TKT-796962AB,2026-03-09 16:50:37.000,429.35,709614,1,315,881
2989,TKT-857F0C61,2025-09-16 14:30:46.000,501.6,,1,315,880
2990,TKT-5A5616CE,2025-11-26 20:31:33.000,428.59,708905,1,315,881
2991,TKT-8CCFDD4B,2026-05-07 09:36:40.000,139.72,710219,1,315,881
2992,TKT-B3FA39E6,2025-12-14 21:06:07.000,308.08,709575,1,315,881
2993,TKT-B81DB84D,2026-03-24 23:36:33.000,56.78,709182,1,315,880
2994,TKT-4C71A992,2025-11-06 21:07:44.000,403.4,,1,315,881
2995,TKT-D624635D,2026-03-29 03:06:57.000,599.99,,1,315,881
2996,TKT-A6D4017F,2025-11-04 00:06:05.000,747.95,,1,315,881
2997,TKT-492DE279,2025-12-22 04:16:47.000,130.9,709322,1,315,881
2998,TKT-2F7123E0,2025-07-29 01:58:25.000,284.79,,1,315,881
2999,TKT-02AA53B7,2026-03-08 03:30:51.000,770.91,709942,1,315,881
3000,TKT-53948B54,2025-08-14 16:51:33.000,274.92,710036,1,315,881
3001,TKT-A1D9614C,2025-10-17 14:17:38.000,443.11,191506,4,87,238
3002,TKT-5BDCCB58,2025-07-13 19:20:41.000,840.71,190149,4,87,241
3003,TKT-DCF0CDE3,2025-12-12 15:52:26.000,131.01,,4,87,240
3004,TKT-127EE65D,2026-01-24 12:31:56.000,139.96,,4,87,239
3005,TKT-EAA569AE,2026-02-01 13:33:48.000,572.78,,4,87,240
3006,TKT-BFCA5E38,2025-09-30 13:17:57.000,123.32,,4,87,241
3007,TKT-FEF5575C,2025-08-23 09:20:12.000,58.67,189118,4,87,238
3008,TKT-63502F3D,2025-09-20 04:55:38.000,436.73,190906,4,87,239
3009,TKT-AE45CE61,2025-10-07 11:16:57.000,230.23,192129,4,87,240
3010,TKT-6673847F,2025-09-03 14:55:13.000,755.62,190781,4,87,240
3011,TKT-305E7E7B,2025-12-14 12:43:23.000,67.48,,4,87,239
3012,TKT-A23ED990,2025-09-27 08:49:37.000,221.63,192552,4,87,235
3013,TKT-374F5FE6,2025-11-22 08:25:28.000,47.73,190894,4,87,235
3014,TKT-6003FB7A,2025-07-23 22:05:56.000,119.12,192138,4,87,240
3015,TKT-11363F74,2025-12-20 08:53:00.000,292.72,283637,4,136,361
3016,TKT-D2376DD0,2026-04-08 01:10:20.000,406.43,280647,4,136,360
3017,TKT-DFFE1B46,2025-12-13 16:48:33.000,422.37,281531,4,136,361
3018,TKT-E3D170A1,2025-07-14 03:23:18.000,430.32,279289,4,136,360
3019,TKT-068536B0,2025-12-29 01:45:54.000,224.44,281796,4,136,360
3020,TKT-8A6E69C5,2025-10-21 21:18:03.000,304.9,,4,136,360
3021,TKT-17E63375,2026-03-23 09:44:33.000,127.76,281567,4,136,361
3022,TKT-F1A016A5,2025-10-24 00:42:17.000,474.57,,4,136,360
3023,TKT-764FB15B,2025-10-10 10:36:32.000,442.29,,4,136,361
3024,TKT-07D50288,2025-09-18 02:16:17.000,466.93,281771,4,136,361
3025,TKT-31195177,2025-07-18 06:59:37.000,231.57,281981,4,136,360
3026,TKT-FB7C504A,2025-11-21 04:27:38.000,445.72,280941,4,136,361
3027,TKT-721F86EA,2025-12-30 13:24:52.000,210.24,279437,4,136,361
3028,TKT-9C312658,2026-04-12 14:33:53.000,520.81,,4,136,361
3029,TKT-BC45D722,2025-09-08 15:42:03.000,681.08,279652,4,136,361
3030,TKT-E9BA615C,2026-02-14 15:43:22.000,247.33,278941,4,136,360
3031,TKT-C6620E16,2026-02-16 21:26:07.000,94.92,,4,136,361
3032,TKT-6544AE53,2026-04-25 18:09:25.000,487.05,283849,4,136,360
3033,TKT-3C2D07D9,2026-05-06 08:07:54.000,342.15,283777,4,136,360
3034,TKT-1279BB55,2026-01-29 21:56:50.000,57.1,,4,136,361
3035,TKT-120DBE13,2025-10-07 02:31:21.000,238.59,279317,4,136,361
3036,TKT-C32C6F4E,2026-01-15 19:52:31.000,470.18,280854,4,136,360
3037,TKT-EC451E35,2026-04-09 15:51:16.000,736.99,280103,4,136,360
3038,TKT-25C9EA85,2026-03-25 02:45:26.000,728.05,283509,4,136,361
3039,TKT-FD5E16E4,2025-11-14 09:19:03.000,69.69,281049,4,136,361
3040,TKT-443A4183,2026-01-17 23:47:33.000,617.47,,4,136,361
3041,TKT-07372B35,2025-08-27 00:21:55.000,394.85,,4,136,361
3042,TKT-7CFBA12C,2026-03-12 19:34:22.000,454.94,283448,4,136,361
3043,TKT-FC1D9B6E,2026-01-13 03:50:39.000,68.46,283579,4,136,361
3044,TKT-414D7772,2025-09-06 09:38:21.000,333.84,281480,4,136,360
3045,TKT-39E4ED1E,2025-12-04 09:37:40.000,480.44,279046,4,136,361
3046,TKT-B0872B87,2025-11-06 06:01:13.000,513.28,280059,4,136,360
3047,TKT-7C81A722,2026-01-04 12:42:02.000,124.85,,4,136,360
3048,TKT-CCE957FE,2025-11-05 22:01:57.000,629.98,279067,4,136,360
3049,TKT-E039A901,2025-08-23 13:21:22.000,433.27,,4,136,360
3050,TKT-582AD90D,2025-09-17 17:47:12.000,129.27,280447,4,136,360
3051,TKT-9C26CFB2,2025-09-30 00:54:27.000,178.15,283616,4,136,360
3052,TKT-B70EBC0E,2025-08-15 07:03:15.000,577.04,,4,136,360
3053,TKT-18A0047A,2025-12-07 00:51:11.000,285.56,282583,4,136,361
3054,TKT-8EB0CEC4,2025-10-07 08:29:11.000,156.31,,4,136,360
3055,TKT-48EC5A63,2026-01-20 19:11:24.000,676.72,,4,136,360
3056,TKT-B0ED09CB,2026-02-05 02:54:19.000,114.92,855584,3,400,1072
3057,TKT-9DAC3338,2025-09-21 01:34:58.000,890.26,856022,3,400,1072
3058,TKT-0163FAD5,2026-02-04 12:03:44.000,337.61,854294,3,400,1071
3059,TKT-5025D02C,2025-10-07 00:26:07.000,949.45,854283,3,400,1070
3060,TKT-17F29422,2025-08-20 21:44:50.000,639.01,,3,400,1072
3061,TKT-9F887FAF,2026-01-28 05:30:56.000,402.14,855604,3,400,1072
3062,TKT-629BAE23,2026-03-10 19:32:09.000,793.45,,3,400,1070
3063,TKT-9FEFED54,2026-05-02 17:26:55.000,63.54,854690,3,400,1072
3064,TKT-764F86D0,2025-09-05 17:24:38.000,410.62,855590,3,400,1071
3065,TKT-FE524EE5,2026-04-09 09:04:30.000,13.1,,3,400,1071
3066,TKT-25772DA7,2025-12-05 08:54:40.000,721.0,854488,3,400,1072
3067,TKT-B484CD2D,2026-02-08 14:25:53.000,113.71,855321,3,400,1070
3068,TKT-DA0D869A,2026-03-15 19:29:33.000,114.42,855794,3,400,1072
3069,TKT-7295853C,2025-12-14 14:32:49.000,468.9,,3,400,1072
3070,TKT-26EF3EB0,2025-10-26 16:59:20.000,512.59,854106,3,400,1071
3071,TKT-AF28E25C,2025-08-29 02:44:01.000,747.33,,3,400,1070
3072,TKT-685013BD,2026-01-18 08:22:26.000,522.69,855786,3,400,1072
3073,TKT-2A01E477,2025-09-30 01:06:59.000,234.65,,3,400,1072
3074,TKT-15B3FE5A,2026-02-08 13:32:23.000,592.01,854800,3,400,1072
3075,TKT-53219257,2026-01-07 08:37:40.000,200.39,855183,3,400,1071
3076,TKT-D0A22F58,2026-03-02 22:26:30.000,134.15,855341,3,400,1071
3077,TKT-CFEE4B40,2025-08-15 05:20:16.000,459.17,,3,400,1071
3078,TKT-D92DFF6F,2025-12-06 16:47:01.000,202.38,,3,400,1070
3079,TKT-2DB0A888,2025-09-28 13:20:32.000,480.12,855939,3,400,1072
3080,TKT-4493BA12,2025-08-15 18:33:13.000,482.11,854113,3,400,1071
3081,TKT-03D1A13F,2026-04-12 01:45:14.000,677.35,854711,3,400,1071
3082,TKT-D9E2EAD2,2026-05-05 23:38:20.000,125.0,854760,3,400,1071
3083,TKT-DC498F34,2025-09-06 05:07:15.000,316.47,854238,3,400,1072
3084,TKT-74AF57EB,2026-02-18 01:13:07.000,517.19,854603,3,400,1070
3085,TKT-40F85A15,2026-03-03 18:57:58.000,418.49,,3,400,1072
3086,TKT-267FACCA,2026-03-24 09:59:20.000,412.4,855423,3,400,1070
3087,TKT-79FF5C47,2025-11-26 20:58:56.000,720.35,855230,3,400,1072
3088,TKT-5997A398,2025-12-10 04:09:56.000,387.24,854163,3,400,1072
3089,TKT-DED1EC2B,2025-11-25 22:12:29.000,441.86,,3,400,1072
3090,TKT-9DB35DDE,2025-08-10 11:32:09.000,791.46,,3,400,1071
3091,TKT-27023045,2025-09-15 01:59:16.000,380.78,854899,3,400,1070
3092,TKT-21A55E9B,2025-07-27 00:32:46.000,422.74,854266,3,400,1071
3093,TKT-F7120A79,2026-05-08 16:03:26.000,182.92,,3,400,1070
3094,TKT-2C422947,2026-04-04 05:36:08.000,64.85,855711,3,400,1070
3095,TKT-A5A1753A,2025-11-11 06:32:58.000,322.9,855260,3,400,1072
3096,TKT-A57EB115,2026-04-04 08:51:35.000,242.44,854911,3,400,1071
3097,TKT-DA678ACC,2025-12-29 01:45:48.000,328.65,856034,3,400,1072
3098,TKT-59BF8418,2025-11-11 03:29:38.000,285.06,,3,400,1072
3099,TKT-478B23D3,2026-04-19 11:14:45.000,421.72,,5,412,1103
3100,TKT-9CA5CCBA,2025-12-07 13:08:56.000,593.01,880082,5,412,1103
3101,TKT-C560D407,2026-03-31 18:35:37.000,53.05,879699,5,412,1103
3102,TKT-7145693C,2025-12-28 09:06:34.000,431.14,879942,5,412,1103
3103,TKT-80700CBF,2025-07-18 14:55:36.000,214.27,879379,5,412,1103
3104,TKT-777BF55B,2025-11-06 01:33:31.000,491.98,880128,5,412,1103
3105,TKT-75E5A5B6,2025-09-21 15:39:33.000,367.28,,5,412,1103
3106,TKT-4994D19A,2025-12-23 03:03:51.000,318.2,880002,5,412,1103
3107,TKT-1F211267,2025-08-02 20:16:24.000,55.52,,5,412,1103
3108,TKT-C06EFF08,2025-10-22 07:07:16.000,560.19,879283,5,412,1103
3109,TKT-EDC25525,2026-01-22 02:48:19.000,388.06,,5,412,1103
3110,TKT-27310D67,2026-02-01 23:28:44.000,644.25,,5,412,1103
3111,TKT-3C265557,2025-10-07 06:32:33.000,444.2,879958,5,412,1103
3112,TKT-749A5072,2025-12-28 14:39:51.000,617.87,879369,5,412,1103
3113,TKT-EF2662DE,2026-01-06 04:49:10.000,287.41,880047,5,412,1103
3114,TKT-48104E61,2026-03-02 12:08:59.000,76.91,879962,5,412,1103
3115,TKT-7415F652,2026-05-08 01:37:47.000,494.66,880037,5,412,1103
3116,TKT-5EC8D094,2026-01-01 19:25:13.000,249.58,879953,5,412,1103
3117,TKT-1B12CB0B,2026-01-17 09:45:28.000,449.53,879886,5,412,1103
3118,TKT-BBA77D5F,2025-08-11 18:19:43.000,250.61,880009,5,412,1103
3119,TKT-0193F889,2026-05-01 02:05:45.000,370.04,879076,5,412,1103
3120,TKT-EFA8E9E1,2026-03-23 22:47:44.000,63.85,879937,5,412,1103
3121,TKT-47F8C8B7,2025-11-15 20:50:41.000,126.24,879857,5,412,1103
3122,TKT-D86912C5,2026-04-13 00:39:32.000,524.56,879067,5,412,1103
3123,TKT-93C4E07E,2025-08-20 07:41:08.000,389.38,879057,5,412,1103
3124,TKT-B609CDF7,2026-02-04 18:34:25.000,662.05,,5,412,1103
3125,TKT-501B30A1,2026-03-06 11:23:50.000,150.84,879180,5,412,1103
3126,TKT-30ED9D38,2026-04-27 07:26:38.000,103.18,880235,5,412,1103
3127,TKT-E4820BA2,2026-01-08 09:52:19.000,46.02,880104,5,412,1103
3128,TKT-F67CDA13,2026-02-15 20:34:09.000,433.57,879412,5,412,1103
3129,TKT-9A378F86,2025-12-10 11:30:45.000,205.4,879813,5,412,1103
3130,TKT-C0E96015,2026-03-02 23:04:01.000,137.84,,5,412,1103
3131,TKT-44C6D0A5,2025-10-17 00:22:19.000,18.78,,5,412,1103
3132,TKT-F16CF713,2025-08-03 13:56:00.000,279.09,879333,5,412,1103
3133,TKT-45DA43EC,2025-08-03 11:02:42.000,379.35,,5,451,1194
3134,TKT-AEBD93EC,2025-10-25 05:10:54.000,187.11,962364,5,451,1195
3135,TKT-A49E3778,2026-03-18 01:51:55.000,201.21,965482,5,451,1195
3136,TKT-56A50EA6,2026-04-27 18:10:09.000,421.98,963238,5,451,1196
3137,TKT-5BB36462,2025-09-29 06:17:59.000,536.82,964146,5,451,1196
3138,TKT-BE100686,2025-09-02 06:39:15.000,122.33,964727,5,451,1194
3139,TKT-61D2870B,2026-02-04 02:05:25.000,312.84,,5,451,1196
3140,TKT-508F5EFA,2026-02-19 08:46:40.000,123.24,962770,5,451,1194
3141,TKT-14BA2F77,2026-03-26 19:27:59.000,600.2,965028,5,451,1194
3142,TKT-FC95EE1B,2025-08-21 22:38:12.000,447.18,962171,5,451,1196
3143,TKT-2936966B,2026-03-22 22:02:26.000,65.04,963573,5,451,1194
3144,TKT-C101BFDF,2025-12-13 05:03:29.000,27.62,,5,451,1194
3145,TKT-707CA8E9,2026-02-24 16:07:22.000,439.53,965719,5,451,1196
3146,TKT-2FF87601,2025-09-25 01:20:10.000,208.5,,5,451,1196
3147,TKT-4044F1FB,2026-01-24 20:25:44.000,463.65,966170,5,451,1194
3148,TKT-1DD5CBBF,2025-09-21 20:20:38.000,15.8,963753,5,451,1193
3149,TKT-1F0264FD,2025-12-14 17:24:51.000,62.94,963878,5,451,1194
3150,TKT-81F18259,2026-03-09 21:54:38.000,189.91,,5,451,1193
3151,TKT-318881E2,2025-08-21 05:02:32.000,445.57,,5,451,1195
3152,TKT-AF2B59CE,2025-09-18 08:33:27.000,318.18,964664,5,451,1193
3153,TKT-7C08A336,2026-05-02 09:04:18.000,148.69,963493,5,451,1194
3154,TKT-B69CD43F,2026-02-04 13:01:40.000,600.14,962876,5,451,1194
3155,TKT-AE4B2B2D,2026-01-27 14:51:53.000,595.39,962589,5,451,1193
3156,TKT-511AFFF6,2025-11-20 12:36:22.000,472.16,963406,5,451,1193
3157,TKT-EA0DD572,2026-02-10 13:14:02.000,211.51,,5,451,1194
3158,TKT-670FDC5C,2026-04-30 23:23:41.000,203.85,965321,5,451,1193
3159,TKT-7B179E30,2025-12-15 02:41:05.000,336.15,963470,5,451,1193
3160,TKT-4F78C5AC,2026-02-28 12:19:40.000,294.44,,5,451,1193
3161,TKT-97DE4DC7,2026-02-08 19:26:33.000,525.27,,5,451,1193
3162,TKT-54C094F3,2025-12-08 01:35:57.000,649.68,963838,5,451,1196
3163,TKT-7BF00122,2026-01-05 11:56:09.000,428.51,964817,5,451,1194
3164,TKT-0F8C93A9,2025-11-27 22:13:14.000,344.65,,5,451,1194
3165,TKT-EA64AF92,2025-08-18 04:19:56.000,248.89,,1,321,893
3166,TKT-9C2D02F5,2025-09-08 23:15:34.000,301.12,718061,1,321,893
3167,TKT-37D862AE,2025-07-16 03:06:28.000,207.28,,1,321,893
3168,TKT-CF601672,2026-04-15 15:30:19.000,346.45,717064,1,321,893
3169,TKT-AF9D620F,2026-05-06 11:37:09.000,507.2,717979,1,321,893
3170,TKT-741ACB17,2026-04-30 04:07:59.000,359.45,,1,321,893
3171,TKT-D6BE2393,2026-01-04 21:41:28.000,659.15,,1,321,893
3172,TKT-D17BFF6F,2025-10-25 04:14:15.000,113.9,717445,1,321,893
3173,TKT-E19F9079,2025-07-14 13:12:29.000,137.24,717020,1,321,893
3174,TKT-21017EBF,2025-11-15 11:43:48.000,310.48,716764,1,321,893
3175,TKT-B897B38B,2025-12-18 13:53:46.000,712.87,717626,1,321,893
3176,TKT-4D3FA768,2026-01-08 12:16:21.000,247.82,,1,321,893
3177,TKT-CE681882,2026-03-21 01:55:14.000,377.94,,1,321,893
3178,TKT-D5D0347C,2025-12-26 17:22:23.000,423.19,716685,1,321,893
3179,TKT-57BE22AF,2026-02-21 13:47:36.000,74.78,716857,1,321,893
3180,TKT-87311264,2026-04-30 03:30:55.000,105.44,,1,321,893
3181,TKT-E7A4D647,2025-12-24 05:51:36.000,91.34,717326,1,321,893
3182,TKT-B0518AFE,2025-11-13 16:26:43.000,209.44,718155,1,321,893
3183,TKT-224A601A,2025-10-07 22:36:57.000,458.74,716817,1,321,893
3184,TKT-54967749,2026-02-21 18:44:33.000,756.15,717276,1,321,893
3185,TKT-3696845B,2025-09-28 02:54:56.000,295.2,717134,1,321,893
3186,TKT-D7EC40A6,2026-04-09 11:39:23.000,265.96,,1,321,893
3187,TKT-F278F4B4,2026-01-31 09:34:41.000,394.93,718270,1,321,893
3188,TKT-21643547,2025-10-27 03:39:22.000,398.03,717987,1,321,893
3189,TKT-7A218E73,2025-09-27 23:24:51.000,238.56,,1,321,893
3190,TKT-501E4B46,2025-11-29 03:59:02.000,444.26,,1,321,893
3191,TKT-D612B0B4,2025-10-30 15:00:05.000,223.34,717921,1,321,893
3192,TKT-16178A75,2026-02-23 05:48:11.000,778.77,,1,321,893
3193,TKT-E3199728,2025-09-12 06:37:07.000,56.23,717847,1,321,893
3194,TKT-5CDF9E57,2026-02-17 05:23:53.000,149.8,,1,321,893
3195,TKT-A92F2CB7,2026-04-29 01:43:25.000,567.58,716776,1,321,893
3196,TKT-1E69E465,2025-07-28 22:14:30.000,33.05,716747,1,321,893
3197,TKT-B8F5848F,2026-03-16 13:46:40.000,397.93,716916,1,321,893
3198,TKT-854A8D5A,2025-07-31 20:37:22.000,231.5,,1,321,893
3199,TKT-54D95543,2025-12-14 00:15:41.000,91.52,717553,1,321,893
3200,TKT-51A1AFB2,2026-01-01 10:32:19.000,331.6,717151,1,321,893
3201,TKT-D00A392B,2025-08-22 22:46:56.000,60.61,,1,321,893
3202,TKT-475F97E4,2025-11-11 15:34:36.000,420.14,717835,1,321,893
3203,TKT-4FCC5838,2025-10-21 21:33:04.000,311.88,717681,1,321,893
3204,TKT-21F9968A,2025-11-07 11:39:54.000,173.96,716980,1,321,893
3205,TKT-C666B22A,2025-12-03 15:40:33.000,307.8,,1,321,893
3206,TKT-32F5B050,2026-04-13 07:18:23.000,40.96,717438,1,321,893
3207,TKT-57262F57,2026-03-16 09:19:34.000,661.9,716933,1,321,893
3208,TKT-2FAA83E8,2026-03-01 09:07:50.000,349.0,717646,1,321,893
3209,TKT-9851269D,2025-07-30 11:39:31.000,311.56,717095,1,321,893
3210,TKT-B8BE8491,2025-11-04 10:24:16.000,152.18,718191,1,321,893
3211,TKT-DD2E805C,2026-03-27 15:46:01.000,12.55,,1,321,893
3212,TKT-66B7B9BC,2026-01-17 02:40:49.000,143.36,718286,1,321,893
3213,TKT-14D39825,2025-11-27 17:32:32.000,492.08,716871,1,321,893
3214,TKT-41A22DDB,2025-09-12 22:24:05.000,507.38,,1,321,893
3215,TKT-474ADDF8,2025-10-25 19:42:20.000,201.12,,3,84,228
3216,TKT-F773830C,2025-09-07 11:41:09.000,514.79,,3,84,227
3217,TKT-435DA20D,2025-11-12 08:33:47.000,203.06,185636,3,84,226
3218,TKT-A02320FA,2026-02-01 11:40:27.000,151.72,186043,3,84,226
3219,TKT-503A8210,2025-10-27 10:26:23.000,498.3,,3,84,226
3220,TKT-B4AC1AC4,2025-12-12 19:15:16.000,43.88,,3,84,227
3221,TKT-FA0F21C9,2025-11-02 23:51:14.000,493.67,185620,3,84,227
3222,TKT-37DBEC4E,2025-12-04 14:48:01.000,52.88,185586,3,84,227
3223,TKT-8D1453A7,2025-07-20 16:36:58.000,334.77,,3,84,227
3224,TKT-FC68E60F,2025-07-29 07:36:42.000,441.27,185936,3,84,228
3225,TKT-479FAD46,2025-10-30 02:29:35.000,116.0,186272,3,84,226
3226,TKT-4E209BF5,2025-08-27 16:37:37.000,400.24,,3,84,227
3227,TKT-27925A96,2026-01-30 19:58:07.000,540.92,185206,3,84,227
3228,TKT-7820F6A8,2025-08-04 20:27:26.000,216.24,185680,3,84,228
3229,TKT-E6A4EED6,2025-09-29 22:16:16.000,93.61,185193,3,84,227
3230,TKT-C24B5C01,2025-08-19 21:16:36.000,233.64,185768,3,84,227
3231,TKT-C0AF1A91,2025-12-04 01:55:51.000,3.06,,3,84,227
3232,TKT-C6C5F665,2025-10-06 20:40:32.000,415.07,185751,3,84,226
3233,TKT-4597673A,2026-01-20 10:33:48.000,238.47,185323,3,84,227
3234,TKT-D2A6184A,2026-01-09 22:19:11.000,187.13,,3,84,227
3235,TKT-FCF1AAD4,2025-11-09 02:14:10.000,79.04,,3,84,226
3236,TKT-106D90C0,2025-09-13 00:55:41.000,116.87,,3,84,226
3237,TKT-D14EB792,2025-12-28 01:36:18.000,88.08,185595,3,84,227
3238,TKT-A597FC7E,2025-07-28 00:04:15.000,639.99,,3,84,227
3239,TKT-037EFBF5,2026-02-05 15:18:31.000,448.25,,3,84,227
3240,TKT-52840EC7,2026-04-13 15:00:29.000,152.1,185293,3,84,227
3241,TKT-037B5D07,2025-07-30 07:21:44.000,660.25,185578,3,84,227
3242,TKT-46EDF646,2025-07-21 09:38:42.000,383.23,186220,3,84,226
3243,TKT-05624C59,2025-10-27 12:23:35.000,724.51,186010,3,84,227
3244,TKT-F53CBCDC,2025-09-09 23:35:12.000,358.12,,3,84,228
3245,TKT-CC2FD012,2026-02-05 20:11:17.000,300.25,,5,277,778
3246,TKT-0DFDBD20,2025-10-23 11:28:44.000,308.77,623070,5,277,777
3247,TKT-D6ACE523,2025-09-25 05:12:44.000,632.07,622752,5,277,780
3248,TKT-8789656A,2025-12-26 05:23:40.000,364.0,622771,5,277,776
3249,TKT-1A6A7ABF,2025-11-04 12:20:09.000,279.85,622942,5,277,775
3250,TKT-7BCAB847,2026-01-17 18:20:05.000,203.55,624522,5,277,779
3251,TKT-C82EFCB6,2025-10-24 11:25:17.000,547.98,622273,5,277,777
3252,TKT-A675E23C,2025-08-03 06:19:55.000,645.11,622732,5,277,780
3253,TKT-1211E899,2025-07-31 07:24:02.000,330.8,623829,5,277,774
3254,TKT-D9F3FD9C,2025-09-14 10:29:06.000,276.33,624073,5,277,780
3255,TKT-FC35DB3A,2025-09-09 15:09:46.000,447.06,623574,5,277,777
3256,TKT-B55BC3DC,2025-08-20 14:58:01.000,581.41,622982,5,277,774
3257,TKT-642B78E1,2025-08-25 11:10:32.000,306.6,623703,5,277,775
3258,TKT-7EBC6F86,2026-03-07 09:02:27.000,159.94,623386,5,277,778
3259,TKT-A927A4A4,2025-08-23 16:29:30.000,163.34,624232,5,277,776
3260,TKT-9BC663A6,2025-08-09 12:52:46.000,52.3,622846,5,277,777
3261,TKT-6B8E049E,2025-08-11 11:47:09.000,14.64,623882,5,277,777
3262,TKT-A923B635,2025-07-14 18:36:56.000,107.7,622008,5,277,774
3263,TKT-CCE15E3B,2025-10-24 18:24:53.000,132.92,624685,5,277,774
3264,TKT-F2F424AD,2025-07-14 23:47:06.000,799.64,623079,5,277,780
3265,TKT-F1F2288D,2025-10-18 01:03:14.000,222.08,622945,5,277,774
3266,TKT-845AE371,2025-09-30 06:59:10.000,140.38,624416,5,277,780
3267,TKT-18E6B8CB,2026-04-15 00:40:42.000,381.96,,5,277,780
3268,TKT-3009C310,2025-08-29 06:06:17.000,417.35,622601,5,277,779
3269,TKT-31BC5907,2025-12-06 18:20:50.000,511.25,,5,277,780
3270,TKT-E1C166D8,2025-11-28 07:29:43.000,24.98,622293,5,277,778
3271,TKT-0D5A24BB,2026-01-15 16:16:41.000,137.34,,5,277,774
3272,TKT-D9B8535E,2025-10-09 12:21:39.000,259.36,,5,277,778
3273,TKT-C2979FA0,2025-09-18 03:31:48.000,273.96,622808,5,277,778
3274,TKT-284FBB09,2026-01-10 03:03:18.000,79.11,623709,5,277,776
3275,TKT-7C6CF534,2026-01-18 00:15:55.000,449.03,623463,5,277,776
3276,TKT-03CB9F9D,2026-01-04 08:51:00.000,319.68,,5,277,774
3277,TKT-1B90EB08,2025-10-09 03:09:33.000,334.33,623310,5,277,775
3278,TKT-86D8D631,2026-04-15 19:11:48.000,161.73,622470,5,277,778
3279,TKT-1F704A25,2026-01-14 10:39:39.000,397.74,,5,277,778
3280,TKT-70CEF35D,2025-10-04 06:20:50.000,198.88,624673,5,277,775
3281,TKT-23890C85,2025-08-05 00:10:41.000,378.05,624184,5,277,777
3282,TKT-85C43CD1,2026-04-21 09:20:25.000,327.18,624102,5,277,777
3283,TKT-691BAE8D,2025-08-27 14:53:48.000,401.25,,4,271,757
3284,TKT-CA0C95B4,2026-01-08 14:40:09.000,317.34,614162,4,271,756
3285,TKT-A91B0CDD,2025-12-10 05:33:43.000,392.74,613392,4,271,757
3286,TKT-26695572,2025-08-08 16:16:33.000,76.45,613602,4,271,757
3287,TKT-357FB318,2025-08-15 13:10:31.000,497.18,613696,4,271,757
3288,TKT-ECC19240,2025-09-13 12:46:45.000,220.15,612305,4,271,757
3289,TKT-B9A9FA7C,2025-09-05 01:59:13.000,284.84,613859,4,271,756
3290,TKT-3F2DDD2A,2026-02-09 19:55:42.000,371.54,,4,271,758
3291,TKT-9B57ABFE,2026-05-05 15:24:04.000,521.37,612469,4,271,758
3292,TKT-847609A6,2026-04-24 14:42:56.000,96.68,612494,4,271,758
3293,TKT-19394343,2025-09-28 01:09:15.000,72.13,612773,4,271,758
3294,TKT-D43B63C7,2026-02-12 15:21:44.000,623.95,612577,4,271,758
3295,TKT-0D1F9FF8,2026-04-11 02:56:42.000,233.46,,4,271,756
3296,TKT-75B1690D,2026-03-24 12:16:02.000,260.79,649141,5,293,819
3297,TKT-761B573A,2026-04-22 12:13:07.000,111.16,650385,5,293,818
3298,TKT-35697921,2025-09-08 09:13:47.000,284.62,651036,5,293,817
3299,TKT-8BD51373,2025-08-23 21:58:30.000,59.8,649645,5,293,819
3300,TKT-2B454CA4,2026-03-19 07:17:33.000,232.12,,5,293,818
3301,TKT-952BE4E6,2025-08-03 16:49:43.000,231.86,,5,293,819
3302,TKT-012E2354,2026-01-07 01:31:51.000,746.05,649531,5,293,819
3303,TKT-D740D236,2025-12-13 08:55:07.000,260.57,,5,293,819
3304,TKT-F775E758,2025-07-14 13:45:59.000,199.72,650283,5,293,818
3305,TKT-D9BF908E,2025-09-05 00:15:02.000,265.91,650103,5,293,818
3306,TKT-C1AE9705,2025-07-15 03:13:09.000,123.83,,5,293,818
3307,TKT-2760361B,2025-08-30 20:41:30.000,604.85,,5,293,818
3308,TKT-FA6012E1,2025-08-16 18:01:51.000,180.93,,5,293,818
3309,TKT-3F34425E,2026-05-04 09:32:46.000,482.6,648477,5,293,819
3310,TKT-6A9FF64D,2025-11-26 04:46:24.000,299.61,648092,5,293,818
3311,TKT-6CA82752,2026-03-21 20:24:48.000,196.07,,5,293,817
3312,TKT-89724002,2026-01-17 16:32:26.000,366.91,,5,293,817
3313,TKT-AEA41382,2026-02-21 22:58:05.000,64.48,650747,5,293,818
3314,TKT-CCB0501B,2026-05-04 18:53:16.000,130.66,649178,5,293,817
3315,TKT-1A601686,2026-03-31 16:07:37.000,88.6,651003,5,293,818
3316,TKT-39B95FDF,2026-04-18 12:01:23.000,636.03,650384,5,293,818
3317,TKT-E23EF07B,2025-12-25 09:39:42.000,327.04,648178,5,293,818
3318,TKT-1CAAC0F4,2026-04-14 12:55:28.000,370.21,648277,5,293,819
3319,TKT-D3C21FB2,2026-03-03 06:37:43.000,507.27,650434,5,293,818
3320,TKT-558DF3E9,2026-01-16 23:23:45.000,832.44,650521,5,293,819
3321,TKT-C133B660,2025-11-16 03:26:15.000,337.64,651101,5,293,817
3322,TKT-3911EB6D,2026-04-07 17:32:54.000,187.31,650230,5,293,818
3323,TKT-1C8D38E3,2025-08-03 03:52:30.000,516.89,649740,5,293,817
3324,TKT-563A2B4A,2026-01-04 19:50:30.000,54.0,,5,293,817
3325,TKT-CDCC59FD,2025-08-28 21:13:01.000,223.17,650371,5,293,819
3326,TKT-36784B07,2026-03-18 21:45:55.000,340.72,649646,5,293,818
3327,TKT-A488AC98,2025-12-01 14:29:54.000,440.98,648049,5,293,818
3328,TKT-80D94B58,2025-09-18 07:32:35.000,598.9,649538,5,293,818
3329,TKT-24D51767,2025-12-08 18:00:40.000,178.32,650437,5,293,817
3330,TKT-ACBA6DC3,2026-03-22 18:57:15.000,390.81,650168,5,293,817
3331,TKT-A312EF48,2026-02-18 12:05:00.000,222.95,649051,5,293,818
3332,TKT-A40884D3,2025-08-09 07:49:28.000,785.79,650591,5,293,817
3333,TKT-C7ECE569,2026-01-12 18:11:04.000,53.83,649692,5,293,818
3334,TKT-ECF9D45C,2026-04-21 23:46:51.000,501.73,648980,5,293,818
3335,TKT-E7499D8F,2026-04-06 18:00:00.000,820.79,,5,293,819
3336,TKT-F28817C2,2025-12-27 22:36:24.000,197.55,650731,5,293,818
3337,TKT-C82BC016,2026-01-12 12:22:06.000,350.37,,5,293,817
3338,TKT-E3D076F2,2025-12-10 18:58:14.000,236.44,649773,5,293,817
3339,TKT-A3782858,2026-04-29 05:12:10.000,406.71,649832,5,293,818
3340,TKT-6A389455,2026-01-06 22:33:26.000,521.95,,5,293,818
3341,TKT-93C1A1A5,2025-11-21 03:49:54.000,501.8,648089,5,293,817
3342,TKT-99A2F186,2026-02-03 11:52:03.000,420.36,648962,5,293,819
3343,TKT-6C72B0D8,2026-03-29 08:05:19.000,432.1,649028,5,293,818
3344,TKT-DE0733DF,2025-10-26 01:40:12.000,253.09,,5,293,819
3345,TKT-E0719C03,2025-08-04 00:11:31.000,205.58,,5,293,817
3346,TKT-11E30631,2026-03-25 05:32:23.000,712.51,,5,293,819
3347,TKT-47F32459,2026-04-06 21:51:26.000,573.74,648526,5,293,819
3348,TKT-1BD6841B,2025-09-30 06:24:01.000,574.62,649867,5,293,819
3349,TKT-93C11FE3,2025-08-02 15:06:36.000,61.93,651163,5,293,818
3350,TKT-A845E115,2025-11-18 23:01:42.000,60.46,650773,5,293,819
3351,TKT-A243F2DD,2026-01-07 14:52:23.000,65.47,,5,293,818
3352,TKT-8FD8B7D1,2026-05-08 13:05:57.000,105.99,649715,5,293,818
3353,TKT-E4EFE894,2026-02-24 06:21:18.000,182.23,649071,5,293,817
3354,TKT-A1439254,2026-04-14 07:35:45.000,675.97,649289,5,293,819
3355,TKT-EDF84FC0,2025-08-02 05:26:15.000,234.62,650161,5,293,819
3356,TKT-62959FA7,2026-03-01 07:12:38.000,296.16,217024,2,101,276
3357,TKT-D9CAAACA,2026-02-23 23:53:14.000,459.2,,2,101,276
3358,TKT-A60E2815,2025-07-20 05:52:52.000,680.41,,2,101,275
3359,TKT-08CF922B,2025-07-29 21:31:50.000,374.64,,2,101,276
3360,TKT-AA905D62,2025-09-09 04:24:11.000,178.66,217027,2,101,274
3361,TKT-2FBFE9AF,2025-11-10 21:26:50.000,475.04,217850,2,101,275
3362,TKT-1E93FEEC,2025-12-08 01:09:47.000,416.75,,2,101,276
3363,TKT-F1EE7F94,2025-09-27 19:27:33.000,282.07,218561,2,101,274
3364,TKT-5F9C7A60,2026-02-11 18:40:34.000,335.42,,2,101,276
3365,TKT-B202CE4D,2026-02-26 00:32:25.000,693.73,,2,101,275
3366,TKT-A13AC3F6,2026-03-07 01:02:16.000,85.6,217129,2,101,274
3367,TKT-0B74ABF1,2026-01-10 18:57:08.000,104.74,218116,2,101,276
3368,TKT-7F0892EF,2025-11-14 17:41:49.000,332.7,217428,2,101,274
3369,TKT-CF904437,2025-12-26 16:32:25.000,243.72,,2,101,275
3370,TKT-7AB20970,2025-11-07 21:56:21.000,178.86,218255,2,101,276
3371,TKT-212DB33C,2025-08-27 12:15:21.000,358.84,,2,101,276
3372,TKT-1EB1622E,2026-03-12 13:56:57.000,445.76,217725,2,101,275
3373,TKT-E06616B2,2025-07-20 21:30:51.000,91.55,217703,2,101,274
3374,TKT-137C411F,2026-02-03 02:53:54.000,659.86,218487,2,101,274
3375,TKT-2CE10C02,2026-03-11 21:42:25.000,455.03,,2,101,276
3376,TKT-3DF4CFF1,2026-03-05 21:00:31.000,229.9,217086,2,101,274
3377,TKT-5CD72C55,2026-04-05 01:21:44.000,63.3,217851,2,101,275
3378,TKT-C30506B5,2025-10-21 22:49:33.000,385.04,,2,101,276
3379,TKT-760EEC7B,2026-04-22 19:15:33.000,406.35,218280,2,101,276
3380,TKT-5AB4F478,2025-08-09 18:22:23.000,129.44,217957,2,101,275
3381,TKT-5ADE032A,2026-03-11 11:51:36.000,44.25,217405,2,101,276
3382,TKT-108AD428,2025-12-12 05:23:40.000,109.44,,2,101,274
3383,TKT-653F9519,2026-02-04 16:19:37.000,421.21,218159,2,101,276
3384,TKT-5D1A5524,2026-01-13 12:22:09.000,593.53,217135,2,101,275
3385,TKT-B47EA66A,2025-12-24 16:25:45.000,199.08,,2,101,276
3386,TKT-64659833,2026-03-23 00:11:45.000,63.64,,2,101,276
3387,TKT-68916BAE,2025-12-29 10:56:25.000,62.56,217862,2,101,274
3388,TKT-087A9B52,2025-11-04 01:15:30.000,343.25,217744,2,101,275
3389,TKT-E4F61B3C,2025-12-23 17:51:26.000,361.76,217965,2,101,275
3390,TKT-22518A48,2026-04-13 17:56:57.000,6.63,217026,2,101,276
3391,TKT-54480722,2026-03-24 06:10:36.000,295.09,,2,101,276
3392,TKT-943689B5,2025-12-14 06:08:02.000,269.4,217667,2,101,274
3393,TKT-B2FBB6AC,2025-08-26 21:29:15.000,506.24,217838,2,101,274
3394,TKT-47A6BAA5,2025-11-16 04:33:55.000,323.2,,2,101,274
3395,TKT-01D6C1DA,2025-12-16 02:58:12.000,132.2,217434,2,101,275
3396,TKT-06303EA6,2025-08-27 14:46:04.000,467.33,217195,2,101,276
3397,TKT-8338CA99,2025-11-17 05:56:55.000,497.13,217124,2,101,274
3398,TKT-798DE0FD,2026-03-24 22:51:16.000,253.67,218136,2,101,276
3399,TKT-55E66A76,2025-12-07 07:01:06.000,339.45,218084,2,101,276
3400,TKT-66A1E695,2025-12-30 13:59:38.000,466.26,,2,101,274
3401,TKT-A16CCF6E,2025-11-18 20:39:05.000,407.95,217162,2,101,274
3402,TKT-44F2A561,2025-08-31 05:42:11.000,597.63,218230,2,101,276
3403,TKT-30A0D0FB,2025-09-01 20:49:20.000,74.1,217097,2,101,276
3404,TKT-4DE215AC,2026-02-14 06:11:42.000,276.31,218086,2,101,274
3405,TKT-144BB154,2025-09-11 22:22:56.000,34.45,217135,2,101,276
3406,TKT-932CE616,2026-02-25 10:22:00.000,23.51,217605,2,101,275
3407,TKT-303AC700,2025-09-30 17:26:27.000,454.0,,2,101,274
3408,TKT-BB2C6AEC,2025-12-11 11:17:28.000,50.54,,2,101,276
3409,TKT-99FBF941,2025-11-10 20:48:21.000,205.2,217085,2,101,276
3410,TKT-F41D80ED,2026-01-02 00:01:07.000,78.15,218291,2,101,275
3411,TKT-2EB46137,2025-08-20 11:57:55.000,323.34,218045,2,101,276
3412,TKT-AED23710,2025-07-19 05:27:15.000,391.56,218384,2,101,276
3413,TKT-3271B77F,2025-07-20 08:00:33.000,113.61,217830,2,101,274
3414,TKT-4E98C1C7,2025-11-12 23:32:38.000,458.93,792149,4,358,978
3415,TKT-FCBE026C,2026-03-15 11:30:46.000,88.63,792358,4,358,978
3416,TKT-2BF54BBC,2025-12-26 21:42:38.000,587.24,789412,4,358,978
3417,TKT-30A2CFBF,2025-10-12 14:05:33.000,414.19,790796,4,358,978
3418,TKT-EAFEBAE0,2025-09-17 05:19:03.000,399.67,788388,4,358,978
3419,TKT-D184164F,2025-11-06 21:16:36.000,79.11,,4,358,978
3420,TKT-A2E9440F,2026-02-22 11:45:37.000,252.28,791959,4,358,978
3421,TKT-6E01B290,2026-01-31 01:20:22.000,421.8,,4,358,978
3422,TKT-12D1B72F,2025-09-16 05:55:34.000,633.68,,4,358,978
3423,TKT-E4023411,2026-03-13 16:04:51.000,327.41,789810,4,358,978
3424,TKT-B9F00859,2025-10-03 15:21:38.000,305.45,788413,4,358,978
3425,TKT-FACB3E3E,2026-04-13 12:25:09.000,182.28,791472,4,358,978
3426,TKT-15247F91,2025-09-01 23:53:08.000,711.97,,4,358,978
3427,TKT-9001EF93,2026-04-11 21:35:37.000,589.92,791216,4,358,978
3428,TKT-04A281D1,2025-10-24 09:49:46.000,384.89,791441,4,358,978
3429,TKT-997D150A,2025-09-13 04:40:07.000,271.23,791491,4,358,978
3430,TKT-F3CDC063,2025-09-01 11:43:01.000,145.54,,4,358,978
3431,TKT-7F4E00BC,2025-11-18 17:37:20.000,248.43,790498,4,358,978
3432,TKT-2A8AC524,2025-12-04 05:09:14.000,220.95,789878,4,358,978
3433,TKT-60673178,2026-02-05 23:39:45.000,226.64,789111,4,358,978
3434,TKT-92C6EEC2,2026-01-20 17:40:23.000,475.44,,4,358,978
3435,TKT-3968AB7E,2025-11-25 16:33:10.000,356.95,791454,4,358,978
3436,TKT-3AB8E35B,2025-12-02 05:44:22.000,37.91,789045,4,358,978
3437,TKT-21246705,2025-10-09 15:03:34.000,125.68,790410,4,358,978
3438,TKT-91AC8ED9,2025-07-18 08:33:46.000,443.76,,4,358,978
3439,TKT-D2BCF014,2025-07-14 18:00:41.000,311.9,788522,4,358,978
3440,TKT-8F447BE0,2025-11-18 19:49:44.000,847.96,,4,358,978
3441,TKT-79FDF7B1,2026-02-14 01:01:17.000,57.3,791164,4,358,978
3442,TKT-D995BECE,2026-02-05 01:46:14.000,12.94,,4,358,978
3443,TKT-E92DF3EC,2025-12-13 00:40:39.000,253.4,791211,4,358,978
3444,TKT-B8467CE5,2025-08-21 05:25:07.000,382.46,788807,4,358,978
3445,TKT-D58F923A,2026-01-25 14:29:20.000,618.88,791712,4,358,978
3446,TKT-E223E6E3,2025-10-23 04:20:55.000,49.45,,4,153,412
3447,TKT-658C8190,2025-07-26 07:51:49.000,199.94,329013,4,153,412
3448,TKT-434716B7,2025-11-04 23:38:59.000,131.28,330799,4,153,412
3449,TKT-24E10908,2025-08-13 11:30:42.000,68.73,328418,4,153,412
3450,TKT-6BCED0D6,2026-03-01 05:13:13.000,82.06,327034,4,153,412
3451,TKT-4D248F21,2025-08-28 21:35:36.000,375.49,,4,153,412
3452,TKT-18E44419,2025-10-23 13:36:00.000,164.35,,4,153,412
3453,TKT-ED18C4D6,2026-02-09 19:11:32.000,104.52,330179,4,153,412
3454,TKT-0C88C52A,2026-01-27 14:15:58.000,136.55,328385,4,153,412
3455,TKT-03D07528,2025-11-08 07:42:18.000,114.2,327100,4,153,412
3456,TKT-52DC6FC7,2025-10-06 19:32:22.000,430.12,329121,4,153,412
3457,TKT-A352BCAA,2025-08-23 17:17:07.000,35.8,327603,4,153,412
3458,TKT-92278CC0,2026-01-07 00:49:23.000,53.7,327006,4,153,412
3459,TKT-0D6F7028,2025-07-22 02:44:01.000,370.75,330522,4,153,412
3460,TKT-526A11D2,2025-10-30 15:00:27.000,99.9,327932,4,153,412
3461,TKT-B9FE857C,2025-07-15 08:14:29.000,386.22,329522,4,153,412
3462,TKT-91F2EF1A,2026-02-12 12:47:32.000,283.82,329718,4,153,412
3463,TKT-3BEAB169,2026-01-22 06:51:08.000,13.32,329609,4,153,412
3464,TKT-C4B012F2,2025-12-18 16:24:00.000,532.05,327053,4,153,412
3465,TKT-9398C178,2025-11-20 04:14:33.000,253.77,327977,4,153,412
3466,TKT-2630518E,2026-01-03 07:43:29.000,197.04,,4,153,412
3467,TKT-1F153BA0,2025-12-24 19:01:19.000,311.9,327000,4,153,412
3468,TKT-B65ED49D,2026-01-12 07:32:34.000,286.79,327588,4,153,412
3469,TKT-4F027AE8,2025-09-22 13:44:23.000,480.18,329877,4,153,412
3470,TKT-C31A1D88,2026-01-12 21:15:09.000,621.39,,4,153,412
3471,TKT-EA281205,2025-10-26 04:38:17.000,479.32,327723,4,153,412
3472,TKT-21E37563,2026-03-26 13:09:33.000,412.68,,4,153,412
3473,TKT-E1BB321E,2025-07-31 04:12:28.000,876.47,327091,4,153,412
3474,TKT-7448812B,2026-03-11 09:30:22.000,276.03,330542,4,153,412
3475,TKT-AD269335,2025-11-12 02:00:05.000,347.4,329432,4,153,412
3476,TKT-C43EC321,2025-08-28 10:40:54.000,188.7,329144,4,153,412
3477,TKT-3851D43A,2026-01-24 07:40:22.000,286.99,,4,153,412
3478,TKT-65D6A65A,2025-09-27 06:59:42.000,686.41,,4,153,412
3479,TKT-BB62CBAE,2026-03-04 07:01:19.000,459.85,330063,4,153,412
3480,TKT-38664720,2025-10-15 20:29:00.000,20.73,326914,4,153,412
3481,TKT-D672DE48,2026-01-09 16:07:30.000,413.02,330276,4,153,412
3482,TKT-153125B6,2025-08-02 01:01:04.000,50.3,,4,153,412
3483,TKT-ED418C3B,2026-03-13 23:58:29.000,418.35,327112,4,153,412
3484,TKT-614D38F7,2026-03-04 11:14:10.000,398.15,,4,153,412
3485,TKT-9E09B1B5,2026-01-25 11:41:29.000,262.24,330686,4,153,412
3486,TKT-0C4C6854,2025-09-30 22:17:34.000,327.33,,4,153,412
3487,TKT-F0EACD62,2025-09-17 07:01:25.000,201.1,,4,153,412
3488,TKT-6ACC91B2,2026-04-25 05:17:22.000,691.97,,4,153,412
3489,TKT-E185E265,2025-08-14 19:31:18.000,180.22,330570,4,153,412
3490,TKT-40DA7B19,2026-02-19 03:12:37.000,256.02,327837,4,153,412
3491,TKT-268CAFA2,2025-11-12 23:35:21.000,385.76,,4,153,412
3492,TKT-40C56154,2026-02-14 16:03:53.000,33.34,328256,4,153,412
3493,TKT-42B98242,2026-03-10 13:09:14.000,877.51,329722,4,153,412
3494,TKT-69129B7B,2025-11-15 22:23:12.000,264.18,145784,2,68,185
3495,TKT-1366261E,2026-04-17 00:33:55.000,737.42,,2,68,183
3496,TKT-9F8039A2,2026-05-07 16:25:33.000,95.68,144393,2,68,184
3497,TKT-612320FC,2025-11-30 11:58:24.000,460.95,148430,2,68,184
3498,TKT-1EED45DE,2025-07-30 07:03:46.000,358.2,149077,2,68,183
3499,TKT-3D3092FF,2026-02-15 15:44:50.000,440.32,,2,68,184
3500,TKT-C7743948,2025-10-31 02:56:51.000,379.65,,2,68,185
3501,TKT-9E9B2EBE,2026-01-13 02:38:08.000,23.6,148381,2,68,183
3502,TKT-DB813A2F,2026-02-21 05:27:47.000,310.33,145536,2,68,186
3503,TKT-7123FA10,2025-11-26 11:06:51.000,283.15,149030,2,68,183
3504,TKT-633A2366,2025-10-09 01:19:36.000,514.61,,2,68,186
3505,TKT-3ACC7CAB,2026-01-07 10:11:41.000,329.88,,2,68,184
3506,TKT-C9D8185F,2026-01-26 00:41:00.000,668.89,150374,2,68,184
3507,TKT-D1388AAB,2025-12-27 21:08:49.000,498.04,,2,68,183
3508,TKT-FECCDBBA,2026-03-15 02:24:06.000,610.25,150000,2,68,183
3509,TKT-9066F799,2025-10-03 20:08:34.000,328.78,,2,68,183
3510,TKT-660FC377,2026-02-06 14:50:42.000,348.28,,2,68,186
3511,TKT-4A3486D7,2025-09-17 19:33:32.000,331.95,143808,2,68,186
3512,TKT-C6024A11,2025-08-27 10:27:32.000,338.67,145146,2,68,186
3513,TKT-CDC8951C,2025-09-12 12:31:59.000,242.12,146251,2,68,186
3514,TKT-99E84B67,2026-03-06 04:02:05.000,254.72,147013,2,68,183
3515,TKT-A04A2E55,2025-08-20 09:21:39.000,161.22,146892,2,68,183
3516,TKT-104B7A49,2026-01-06 10:02:42.000,51.33,147107,2,68,183
3517,TKT-AA154276,2025-09-09 11:20:48.000,269.75,,2,68,183
3518,TKT-644F3B2B,2026-02-09 19:39:29.000,391.66,,2,68,183
3519,TKT-3C0B6F19,2026-01-13 11:21:03.000,202.0,,2,68,184
3520,TKT-EA0F66DF,2025-09-06 23:07:08.000,735.5,,2,68,186
3521,TKT-2A8D0E0E,2025-09-23 11:38:31.000,31.26,,2,68,186
3522,TKT-7536EB54,2025-07-18 11:39:56.000,269.08,148800,2,68,183
3523,TKT-546AF15C,2025-08-22 00:59:35.000,353.4,,2,68,183
3524,TKT-16CDBB63,2025-10-14 20:56:15.000,46.84,147383,2,68,183
3525,TKT-09E21706,2025-08-05 21:59:02.000,405.14,147404,2,68,183
3526,TKT-4B61D4B7,2025-10-26 14:51:51.000,256.53,148749,2,68,185
3527,TKT-C2F1E9F7,2025-09-09 11:05:05.000,325.88,147616,2,68,183
3528,TKT-012F7388,2025-11-13 00:26:48.000,610.85,148191,2,68,185
3529,TKT-F79BEC9D,2025-08-11 04:15:34.000,433.87,148464,2,68,185
3530,TKT-5F26F853,2025-07-26 00:52:20.000,341.87,148559,2,68,186
3531,TKT-780B8389,2025-11-09 01:37:13.000,308.75,148410,2,68,183
3532,TKT-FA56C4FA,2025-07-16 18:05:53.000,335.45,,2,68,185
3533,TKT-387C9C9B,2026-02-19 16:49:26.000,311.93,144305,2,68,183
3534,TKT-5DD1D94C,2025-11-09 08:29:26.000,568.51,145795,2,68,183
3535,TKT-73B9C75A,2025-08-02 08:25:28.000,478.43,143935,2,68,185
3536,TKT-34516078,2025-11-29 08:13:05.000,420.83,146423,2,68,186
3537,TKT-C7B77D45,2025-07-22 07:14:36.000,607.06,,2,68,186
3538,TKT-58F1E93C,2025-10-01 11:44:15.000,289.97,,2,68,186
3539,TKT-38596E6A,2026-03-30 21:02:44.000,402.48,,2,68,184
3540,TKT-A09AAB95,2025-09-05 16:29:06.000,421.14,150861,2,68,184
3541,TKT-05C1B523,2025-08-12 19:18:36.000,87.1,150815,2,68,186
3542,TKT-5B0E7B28,2026-02-01 10:06:06.000,347.09,,2,68,184
3543,TKT-B45702AA,2026-03-13 09:09:21.000,499.69,145969,2,68,184
3544,TKT-D2C28AB9,2025-12-21 04:10:11.000,463.75,148825,2,68,185
3545,TKT-CEB104D3,2025-08-10 11:20:42.000,45.01,147450,2,68,186
3546,TKT-512B303C,2026-01-04 13:46:23.000,397.15,,4,362,985
3547,TKT-2FDFD639,2026-04-15 11:32:09.000,359.27,,4,362,986
3548,TKT-10FF0BA9,2026-01-17 23:42:54.000,360.84,797414,4,362,986
3549,TKT-9472C979,2025-10-18 04:47:04.000,672.23,797121,4,362,987
3550,TKT-4B92BF91,2026-02-19 04:19:03.000,286.71,795739,4,362,986
3551,TKT-609127FC,2025-10-12 18:07:53.000,126.02,797592,4,362,986
3552,TKT-C058D707,2025-08-27 18:44:07.000,337.98,,4,362,987
3553,TKT-D2D34BAF,2025-08-18 17:50:28.000,204.03,796049,4,362,985
3554,TKT-3AE2DD86,2026-04-20 23:42:16.000,41.88,797590,4,362,985
3555,TKT-991477C5,2025-10-29 01:42:56.000,84.34,796663,4,362,987
3556,TKT-A5672C0B,2025-09-16 01:16:20.000,648.83,,4,362,986
3557,TKT-86E8A1C6,2025-08-01 14:21:25.000,182.8,,4,362,986
3558,TKT-1054C71A,2025-10-15 11:06:01.000,20.71,796586,4,362,985
3559,TKT-AD6FA2E4,2025-09-27 00:31:27.000,238.3,797297,4,362,985
3560,TKT-AFB54AF2,2025-08-15 09:22:39.000,661.37,798197,4,362,987
3561,TKT-19EEABEB,2026-04-17 07:58:53.000,407.15,432578,3,200,537
3562,TKT-644B700F,2025-10-17 04:02:57.000,168.32,432379,3,200,538
3563,TKT-FEF633D0,2025-10-31 11:25:12.000,520.15,432266,3,200,538
3564,TKT-D123131F,2026-05-07 18:16:20.000,258.27,432166,3,200,537
3565,TKT-5865544E,2025-09-12 10:10:20.000,9.4,431753,3,200,537
3566,TKT-5D3E045E,2026-02-22 04:47:31.000,314.04,432310,3,200,538
3567,TKT-123CA237,2025-08-05 22:42:42.000,547.25,432044,3,200,537
3568,TKT-A6CC00EF,2025-10-16 04:54:27.000,311.33,431741,3,200,537
3569,TKT-44E56385,2026-03-15 13:29:44.000,436.01,,3,200,538
3570,TKT-95E096A8,2025-11-04 07:25:07.000,399.99,431944,3,200,538
3571,TKT-B736DD16,2026-03-14 22:32:46.000,172.59,,3,200,538
3572,TKT-6755ACA0,2026-04-14 19:24:09.000,392.74,432502,3,200,538
3573,TKT-5DBC1811,2026-04-17 23:38:18.000,488.36,,3,200,538
3574,TKT-1E66CB1B,2025-12-12 14:29:48.000,405.88,432465,3,200,537
3575,TKT-D8F8A00B,2026-04-27 09:12:22.000,27.12,431979,3,200,538
3576,TKT-956EE81F,2025-08-09 11:00:10.000,27.01,,3,200,537
3577,TKT-BE8B7A7A,2025-12-08 16:33:19.000,297.88,432294,3,200,538
3578,TKT-086F24F9,2025-12-20 08:08:46.000,460.63,432149,3,200,538
3579,TKT-98BCDA14,2025-09-20 08:40:03.000,65.83,431939,3,200,538
3580,TKT-3FB78CDE,2025-12-01 01:09:51.000,112.47,,3,200,538
3581,TKT-ACB1A658,2025-08-27 05:27:11.000,14.01,432030,3,200,538
3582,TKT-111EE7A9,2026-01-24 15:49:28.000,421.42,,3,200,537
3583,TKT-3E5140B1,2025-08-29 00:26:32.000,370.08,431602,3,200,538
3584,TKT-870E963A,2025-07-16 02:42:07.000,356.7,714924,5,320,891
3585,TKT-ECCC2FD2,2026-03-19 22:40:28.000,327.27,,5,320,891
3586,TKT-E24D68E0,2025-12-26 06:11:28.000,878.36,,5,320,891
3587,TKT-2932B895,2025-08-02 04:35:35.000,387.98,,5,320,892
3588,TKT-9B63BA75,2026-04-08 13:40:18.000,450.08,,5,320,892
3589,TKT-C63FAFFB,2025-12-26 13:08:02.000,643.64,715621,5,320,892
3590,TKT-3A281B48,2025-09-28 22:40:42.000,22.67,716046,5,320,891
3591,TKT-774313C6,2025-10-17 03:48:59.000,156.72,716157,5,320,891
3592,TKT-C4F81C25,2026-03-27 13:47:21.000,120.12,,5,320,892
3593,TKT-17B686AE,2026-04-16 05:37:02.000,155.43,716012,5,320,891
3594,TKT-1AB67A8F,2026-02-28 19:02:32.000,375.01,,5,320,892
3595,TKT-A1BB659F,2026-01-09 13:01:58.000,110.29,715483,5,320,892
3596,TKT-8BA8FCC1,2025-08-02 12:10:33.000,402.22,715620,5,320,892
3597,TKT-305DB1D1,2025-12-13 15:39:00.000,358.38,,5,320,892
3598,TKT-43160030,2026-02-12 00:14:02.000,291.25,715306,5,320,892
3599,TKT-12D568DB,2026-04-07 13:12:19.000,418.5,715233,5,320,892
3600,TKT-71017BBC,2026-03-27 20:49:46.000,609.83,,5,320,891
3601,TKT-C5D96416,2025-11-02 23:04:46.000,387.0,715957,5,320,891
3602,TKT-A48346A5,2026-01-05 03:46:56.000,79.74,715189,5,320,892
3603,TKT-29791E20,2026-01-30 12:19:17.000,579.84,715880,5,320,892
3604,TKT-2B67B070,2025-12-04 12:39:35.000,89.12,,5,320,892
3605,TKT-11F381EB,2025-12-29 02:41:43.000,653.64,715087,5,320,892
3606,TKT-D8E437F2,2025-08-20 00:42:01.000,234.82,715037,5,320,892
3607,TKT-8695E3D7,2026-04-09 05:06:16.000,53.02,716495,5,320,891
3608,TKT-735EFA46,2025-11-19 08:56:56.000,133.22,715564,5,320,892
3609,TKT-DAF8BCEB,2025-12-03 21:23:34.000,418.52,715031,5,320,892
3610,TKT-6BBBD214,2026-01-13 06:31:22.000,296.0,715634,5,320,891
3611,TKT-E0995B6B,2025-08-08 04:20:44.000,8.5,715256,5,320,891
3612,TKT-C220A1FB,2025-11-19 23:19:51.000,89.56,716194,5,320,892
3613,TKT-57AAB865,2025-11-23 01:40:54.000,126.21,716455,5,320,891
3614,TKT-2B1D14E6,2025-12-02 10:06:04.000,194.04,,5,320,891
3615,TKT-2AE054C1,2025-11-23 11:56:27.000,306.61,,5,320,892
3616,TKT-43889718,2025-08-03 12:02:49.000,505.65,,5,320,891
3617,TKT-F5D856DD,2026-04-20 09:36:32.000,186.2,715440,5,320,892
3618,TKT-C8B9CAD3,2026-01-15 06:51:59.000,456.52,716461,5,320,891
3619,TKT-DFA3EE2F,2025-11-03 22:18:25.000,299.65,715574,5,320,892
3620,TKT-E5E5115C,2025-11-14 16:46:36.000,485.92,,5,320,891
3621,TKT-B1C132BD,2025-07-30 18:44:24.000,580.61,715483,5,320,891
3622,TKT-1EF6E6EC,2025-08-15 13:53:37.000,20.45,716600,5,320,892
3623,TKT-C8A5B16E,2026-03-07 10:30:18.000,414.2,715820,5,320,891
3624,TKT-17E8B13A,2025-12-31 05:53:58.000,575.65,,5,320,892
3625,TKT-9B59F222,2025-08-05 04:23:56.000,45.87,716539,5,320,891
3626,TKT-CA774410,2025-12-05 19:51:52.000,317.64,716230,5,320,892
3627,TKT-58059872,2025-09-30 07:39:09.000,212.92,714693,5,320,892
3628,TKT-483F1F0B,2025-12-22 18:36:21.000,46.45,,5,320,891
3629,TKT-EA2D2BD6,2025-07-23 11:57:07.000,378.9,715700,5,320,892
3630,TKT-69E622CF,2025-09-05 10:32:33.000,10.11,715124,5,320,891
3631,TKT-E1560F52,2026-01-14 18:29:35.000,432.42,,5,320,892
3632,TKT-C4347E0A,2025-10-17 07:25:34.000,155.8,,5,320,891
3633,TKT-887FE13A,2026-01-10 21:08:10.000,429.53,,5,320,892
3634,TKT-447C8820,2025-07-29 15:31:41.000,354.09,,2,122,327
3635,TKT-63296177,2026-04-27 17:43:30.000,250.99,,2,122,327
3636,TKT-3A50E593,2026-02-03 00:21:49.000,695.18,255878,2,122,329
3637,TKT-8CBF07DC,2026-03-28 04:33:28.000,728.5,255684,2,122,330
3638,TKT-26E8477A,2026-04-05 08:30:35.000,6.19,256074,2,122,329
3639,TKT-51930F6B,2026-01-26 15:40:22.000,194.73,,2,122,329
3640,TKT-44987DF6,2026-02-11 11:25:49.000,197.46,255938,2,122,327
3641,TKT-ABFBA2CC,2026-01-30 03:25:03.000,275.27,,2,122,330
3642,TKT-730FD1A4,2025-08-25 04:09:12.000,566.38,,2,122,328
3643,TKT-ACD2224C,2026-02-11 04:21:06.000,616.46,255496,2,122,327
3644,TKT-BBA3C16D,2025-08-22 00:05:54.000,438.96,,2,122,328
3645,TKT-0F1373B5,2025-07-22 00:55:30.000,539.9,254786,2,122,330
3646,TKT-A214A20D,2025-09-09 06:32:29.000,761.42,256246,2,122,327
3647,TKT-3E9B1585,2026-03-11 17:02:17.000,158.88,707954,1,314,879
3648,TKT-74C5C354,2026-02-08 01:36:36.000,454.8,705864,1,314,879
3649,TKT-8E1121EB,2025-11-17 20:33:58.000,427.98,,1,314,878
3650,TKT-1C00DF7D,2026-04-06 01:34:56.000,157.42,704388,1,314,879
3651,TKT-3BE9A537,2025-11-14 22:11:00.000,63.27,,1,314,879
3652,TKT-428F7C91,2026-02-02 01:09:23.000,463.55,706458,1,314,879
3653,TKT-E0633177,2026-03-09 11:25:34.000,264.9,706214,1,314,879
3654,TKT-D39EC58D,2026-02-28 02:23:41.000,374.07,,1,314,879
3655,TKT-53F239DE,2026-01-09 09:37:09.000,207.16,707684,1,314,879
3656,TKT-FD9DF92B,2026-04-27 12:08:19.000,64.26,704110,1,314,879
3657,TKT-A87E32CB,2025-08-25 11:39:26.000,48.8,706401,1,314,879
3658,TKT-C46D24D9,2026-04-25 18:10:53.000,259.34,703625,1,314,879
3659,TKT-CFC223D3,2026-04-28 03:57:50.000,334.93,,1,314,879
3660,TKT-C5EF5CF9,2026-01-19 03:40:49.000,156.14,702537,1,314,879
3661,TKT-6A517BDB,2026-01-03 04:12:54.000,139.02,702763,1,314,878
3662,TKT-96292B84,2025-11-22 20:40:27.000,359.89,702591,1,314,878
3663,TKT-0D46689C,2025-08-19 13:20:02.000,578.12,705571,1,314,879
3664,TKT-00D72E19,2026-05-08 12:48:45.000,47.49,705453,1,314,879
3665,TKT-56EB588F,2025-09-16 07:03:09.000,108.8,706315,1,314,878
3666,TKT-E8817CDD,2026-03-20 16:23:41.000,55.35,,1,314,878
3667,TKT-6DE425EB,2025-11-17 13:53:00.000,274.0,703070,1,314,878
3668,TKT-CC44720F,2026-01-14 06:49:11.000,212.4,,1,314,878
3669,TKT-43C23387,2025-07-20 01:13:09.000,202.94,708473,1,314,878
3670,TKT-E196FDB1,2026-02-16 22:53:38.000,250.31,703644,1,314,879
3671,TKT-FB7910CB,2026-02-25 20:48:48.000,115.04,,1,314,879
3672,TKT-9C6CE746,2025-12-01 21:31:13.000,428.08,,1,314,879
3673,TKT-45671D01,2025-11-19 16:08:04.000,195.73,,1,314,879
3674,TKT-0C0BC1BE,2025-07-13 14:21:22.000,236.6,705323,1,314,879
3675,TKT-C7E3DC41,2026-04-22 00:33:28.000,317.06,704190,1,314,879
3676,TKT-F87A48EA,2026-04-22 09:35:28.000,391.66,,1,314,879
3677,TKT-725798CE,2025-11-26 06:16:00.000,636.56,,5,232,645
3678,TKT-0A6EA9A5,2026-03-20 02:21:47.000,634.2,,5,232,646
3679,TKT-06BD986C,2026-03-16 20:15:29.000,109.78,,5,232,646
3680,TKT-64B6431A,2025-08-06 00:19:13.000,79.9,,5,232,646
3681,TKT-0492D004,2026-01-27 07:21:18.000,291.86,516824,5,232,645
3682,TKT-B4940276,2025-11-17 05:45:36.000,126.38,517173,5,232,646
3683,TKT-91E03AD4,2026-02-14 07:46:52.000,340.98,518049,5,232,645
3684,TKT-814712E4,2025-10-01 09:57:45.000,62.7,518295,5,232,646
3685,TKT-B5A638F3,2026-01-26 17:47:29.000,656.53,517162,5,232,645
3686,TKT-E3EB441A,2026-05-07 02:54:48.000,174.35,518005,5,232,646
3687,TKT-51B455ED,2025-12-08 22:30:44.000,572.86,,5,232,645
3688,TKT-D28BED5D,2025-09-28 20:10:34.000,337.61,518158,5,232,646
3689,TKT-CE5F90B5,2025-09-09 23:16:46.000,314.57,516917,5,232,645
3690,TKT-8DEDC530,2026-01-01 23:28:53.000,631.24,517279,5,232,645
3691,TKT-547E18D7,2026-01-01 12:51:39.000,327.45,518271,5,232,645
3692,TKT-CF3CF45E,2026-03-27 18:07:03.000,455.64,,5,232,645
3693,TKT-58A2DCC6,2026-04-25 22:06:50.000,164.13,518103,5,232,645
3694,TKT-7358E330,2025-11-04 02:17:56.000,265.94,,5,232,646
3695,TKT-99EFCD2F,2026-02-13 07:22:07.000,344.26,517713,5,232,645
3696,TKT-4F39D186,2025-09-30 11:05:44.000,10.51,517364,5,232,645
3697,TKT-ADB97188,2026-01-17 05:58:13.000,483.09,,5,232,645
3698,TKT-7DD40F42,2025-09-02 20:04:59.000,60.88,518270,5,232,646
3699,TKT-6FCE782A,2025-08-06 13:40:46.000,30.63,,5,232,646
3700,TKT-698FBA80,2026-04-13 03:28:53.000,37.76,518173,5,232,645
3701,TKT-A8595972,2026-04-16 07:30:12.000,408.08,,5,232,646
3702,TKT-A5ED7D2E,2026-05-04 04:46:20.000,531.67,517315,5,232,645
3703,TKT-2BBE9B0B,2025-08-02 10:12:02.000,298.61,518255,5,232,646
3704,TKT-30D53412,2025-08-28 00:05:29.000,207.04,516792,5,232,646
3705,TKT-FFC52882,2025-07-26 16:35:40.000,232.03,517430,5,232,645
3706,TKT-8CB07136,2025-11-26 02:27:38.000,459.16,518285,5,232,646
3707,TKT-02967602,2025-10-18 13:10:00.000,252.77,517963,5,232,645
3708,TKT-EC0F0942,2025-09-16 04:23:08.000,186.78,518022,5,232,645
3709,TKT-3859655F,2026-03-20 09:39:23.000,448.84,517297,5,232,645
3710,TKT-674664ED,2025-09-10 16:01:57.000,220.92,,5,232,646
3711,TKT-CD3529DC,2025-11-02 05:15:37.000,639.75,517730,5,232,645
3712,TKT-0ED45420,2025-09-05 01:35:54.000,222.68,,5,232,646
3713,TKT-A72B29B2,2025-12-23 04:04:12.000,40.47,517046,5,232,646
3714,TKT-0F86F69A,2025-07-24 15:11:45.000,59.27,517701,5,232,645
3715,TKT-2922B324,2026-04-22 09:30:05.000,194.09,516804,5,232,645
3716,TKT-006EA6BB,2025-12-25 23:01:50.000,381.48,517592,5,232,645
3717,TKT-EA7619B1,2025-08-17 08:10:15.000,460.58,518119,5,232,646
3718,TKT-C41AFB92,2026-01-11 12:00:46.000,442.62,518087,5,232,646
3719,TKT-B61525A1,2025-12-31 08:41:22.000,118.15,516859,5,232,646
3720,TKT-43A22ADF,2025-11-02 02:30:34.000,324.27,517530,5,232,646
3721,TKT-7F70735A,2025-08-03 09:16:43.000,290.36,517532,5,232,645
3722,TKT-F45EFA77,2025-10-11 01:47:37.000,132.48,,5,232,645
3723,TKT-EA571D43,2025-09-28 05:34:05.000,529.67,516962,5,232,646
3724,TKT-9551BF17,2025-12-27 02:10:05.000,61.81,517531,5,232,645
3725,TKT-B8F12201,2025-07-22 02:40:11.000,50.07,517178,5,232,645
3726,TKT-7FBC283C,2026-01-29 02:28:44.000,450.85,,5,232,645
3727,TKT-CCA69A8B,2025-07-28 18:37:42.000,70.22,517676,5,232,646
3728,TKT-6111679C,2025-08-17 01:52:01.000,491.04,517832,5,232,645
3729,TKT-7DBA21EE,2025-12-22 08:47:42.000,18.18,,2,337,930
3730,TKT-16DA6D61,2026-04-04 02:55:17.000,198.49,,2,337,930
3731,TKT-8693A1E9,2025-09-07 00:02:55.000,355.91,746989,2,337,930
3732,TKT-30D15F4D,2025-12-10 05:16:31.000,515.18,746126,2,337,930
3733,TKT-BC28CAA1,2025-10-13 23:39:34.000,153.17,746456,2,337,930
3734,TKT-61790F08,2026-01-22 02:44:46.000,512.4,747116,2,337,930
3735,TKT-0F6B0346,2025-08-26 21:09:13.000,356.49,746359,2,337,930
3736,TKT-7B17B4E0,2025-10-01 05:58:55.000,340.44,746734,2,337,930
3737,TKT-6658FC8D,2026-03-03 00:10:31.000,271.91,,2,337,930
3738,TKT-BB669AEE,2025-10-28 03:22:14.000,396.91,,2,337,930
3739,TKT-4F016E44,2025-12-12 05:49:40.000,373.25,,2,337,930
3740,TKT-9F439ED4,2026-01-15 09:30:39.000,445.74,746284,2,337,930
3741,TKT-74305704,2026-02-22 15:52:52.000,174.93,746313,2,337,930
3742,TKT-F579B27A,2025-08-16 18:00:44.000,398.88,,2,376,1021
3743,TKT-8F2F7FCF,2026-02-09 13:27:14.000,518.64,819024,2,376,1019
3744,TKT-5E2D8752,2025-12-16 00:18:48.000,931.68,819667,2,376,1020
3745,TKT-C61C7F7F,2025-08-08 05:11:27.000,293.95,819934,2,376,1021
3746,TKT-DB75EE46,2026-01-24 16:56:28.000,91.4,818833,2,376,1021
3747,TKT-2203DF59,2025-10-25 15:26:21.000,486.44,,2,376,1020
3748,TKT-167A8493,2025-11-11 08:59:36.000,36.58,819293,2,376,1021
3749,TKT-AB82C8A2,2026-05-08 15:34:04.000,642.2,,2,376,1022
3750,TKT-124EE1EB,2026-03-07 03:08:46.000,212.83,820063,2,376,1019
3751,TKT-35B9C101,2025-10-28 10:41:06.000,292.38,818943,2,376,1022
3752,TKT-0353C3E9,2025-10-16 11:13:27.000,287.09,818664,2,376,1019
3753,TKT-730C949B,2026-04-20 09:41:44.000,247.64,819841,2,376,1022
3754,TKT-B6B7E9F2,2025-09-02 03:06:08.000,381.71,819191,2,376,1021
3755,TKT-39B1CE29,2026-04-04 11:32:16.000,179.98,819341,2,376,1022
3756,TKT-01A3A778,2025-07-23 14:11:19.000,254.21,,2,376,1021
3757,TKT-1FBC1EE3,2025-09-22 07:57:53.000,372.69,819345,2,376,1021
3758,TKT-FD62B5FF,2026-02-26 18:22:49.000,210.61,819426,2,376,1021
3759,TKT-B4F4E196,2025-12-08 12:38:06.000,275.31,819571,2,376,1022
3760,TKT-524A7CDF,2025-09-19 01:41:58.000,248.13,,2,376,1022
3761,TKT-28588261,2026-04-19 23:47:30.000,411.34,820080,2,376,1020
3762,TKT-3E73428A,2025-11-25 02:09:46.000,428.34,819229,2,376,1022
3763,TKT-45100A9B,2025-12-05 03:44:47.000,528.69,819565,2,376,1019
3764,TKT-D81D3C6C,2026-04-05 09:28:17.000,312.67,,2,376,1022
3765,TKT-24CAE7A2,2025-08-28 09:37:59.000,316.51,819053,2,376,1019
3766,TKT-16ADB933,2025-11-19 01:48:03.000,140.64,,2,376,1020
3767,TKT-755092ED,2026-02-04 14:38:39.000,985.8,818980,2,376,1021
3768,TKT-27C479F4,2025-12-20 11:48:11.000,219.4,819545,2,376,1019
3769,TKT-84AACBE2,2026-01-11 02:20:44.000,425.88,818921,2,376,1019
3770,TKT-944F119E,2025-07-18 11:58:12.000,83.75,,2,376,1022
3771,TKT-125A2F3A,2026-02-26 01:43:01.000,332.75,818992,2,376,1020
3772,TKT-7C0C456E,2025-07-28 05:38:33.000,139.95,,2,376,1019
3773,TKT-ADFEACBC,2025-12-24 12:58:24.000,150.32,819978,2,376,1020
3774,TKT-47F8732C,2025-09-02 19:29:42.000,19.16,819221,2,376,1021
3775,TKT-D25BB182,2026-02-24 16:30:44.000,124.84,819350,2,376,1020
3776,TKT-D1F2A5B9,2026-02-24 21:39:38.000,232.4,819282,2,376,1019
3777,TKT-C1B69868,2026-02-10 03:42:23.000,337.35,820097,2,376,1020
3778,TKT-000AB4C7,2026-01-17 22:00:59.000,65.86,819007,2,376,1022
3779,TKT-9198C19F,2025-08-19 09:17:51.000,369.56,819250,2,376,1021
3780,TKT-20DACAC4,2025-08-12 11:56:25.000,53.61,819456,2,376,1022
3781,TKT-81D7CA72,2025-09-22 10:00:54.000,54.84,,2,376,1020
3782,TKT-7D662973,2025-09-23 22:05:21.000,333.5,819047,2,376,1021
3783,TKT-00BFCD2D,2026-04-23 18:49:25.000,806.7,,2,376,1020
3784,TKT-4C2E7249,2025-10-03 20:03:46.000,315.28,819999,2,376,1021
3785,TKT-DD503D53,2025-07-30 18:06:46.000,140.58,,5,190,516
3786,TKT-5C2289F1,2025-10-16 04:17:20.000,340.12,,5,190,516
3787,TKT-1AD605BE,2025-12-11 17:52:03.000,92.94,,5,190,516
3788,TKT-CE6BFD67,2025-11-03 23:45:07.000,338.8,410945,5,190,518
3789,TKT-B1B135CE,2025-09-11 00:39:00.000,347.05,407764,5,190,517
3790,TKT-FEEA0913,2025-10-27 19:00:24.000,204.1,407800,5,190,517
3791,TKT-3D7734DD,2025-09-03 11:24:06.000,60.99,410870,5,190,515
3792,TKT-90C8F8D7,2025-07-15 19:34:56.000,279.5,409190,5,190,514
3793,TKT-130C6323,2025-07-29 01:09:41.000,354.23,409791,5,190,518
3794,TKT-64797544,2025-09-28 04:42:26.000,238.68,,5,190,517
3795,TKT-F077E62B,2026-02-14 22:36:31.000,391.17,411149,5,190,517
3796,TKT-21003D17,2025-09-23 19:24:49.000,81.13,410830,5,190,517
3797,TKT-5AFF59FC,2025-12-10 12:58:17.000,348.3,,5,190,518
3798,TKT-7B6713F6,2025-08-07 15:55:36.000,861.73,408086,5,190,518
3799,TKT-8F75E54C,2026-05-04 14:55:06.000,306.33,410849,5,190,518
3800,TKT-C37921B5,2026-04-25 07:10:28.000,340.38,408335,5,190,514
3801,TKT-4BC1CAAE,2025-12-22 18:01:03.000,367.95,408489,5,190,517
3802,TKT-8BEBDB81,2026-04-16 08:02:29.000,4.9,408960,5,190,516
3803,TKT-D13A9ED0,2025-10-02 09:04:07.000,110.4,407919,5,190,514
3804,TKT-6E71C911,2025-08-19 10:02:47.000,212.28,408607,5,190,516
3805,TKT-B08D78AD,2026-04-08 11:40:01.000,294.49,410203,5,190,515
3806,TKT-D4621107,2026-04-02 11:27:26.000,151.95,408756,5,190,518
3807,TKT-CA37679B,2025-07-21 23:13:58.000,349.98,408050,5,190,517
3808,TKT-DC07AE1A,2025-09-06 19:32:11.000,158.71,410957,5,190,514
3809,TKT-40CF5FA8,2026-05-08 06:29:55.000,114.7,407588,5,190,514
3810,TKT-454B75A1,2026-01-02 21:28:31.000,781.4,,5,190,516
3811,TKT-C45013FC,2026-02-13 08:37:26.000,219.42,408313,5,190,518
3812,TKT-60A6FF65,2025-10-18 15:30:32.000,176.85,,5,190,516
3813,TKT-93C2640F,2026-03-21 06:45:13.000,177.56,,5,190,517
3814,TKT-7A174804,2025-12-12 06:34:07.000,56.61,,5,190,516
3815,TKT-D76D8B6D,2025-07-26 18:37:14.000,66.95,411248,5,190,516
3816,TKT-29DFDDAA,2025-09-28 11:27:38.000,85.47,409923,5,190,516
3817,TKT-99E4F803,2025-11-03 00:19:18.000,210.84,,3,45,121
3818,TKT-968CE93C,2025-12-15 23:03:50.000,290.06,98947,3,45,118
3819,TKT-28FC283A,2026-01-13 15:17:21.000,116.16,,3,45,122
3820,TKT-722C6D5A,2026-01-28 03:26:07.000,464.19,,3,45,117
3821,TKT-CFC9EAF9,2026-03-03 22:37:51.000,10.82,,3,45,119
3822,TKT-103E9805,2025-08-31 23:21:24.000,188.68,98229,3,45,119
3823,TKT-63F443A6,2025-10-21 16:29:52.000,218.59,97692,3,45,121
3824,TKT-EA19B71E,2025-12-19 21:51:32.000,330.3,97563,3,45,121
3825,TKT-5F72404F,2025-11-03 01:19:56.000,214.85,97503,3,45,120
3826,TKT-419FAB21,2026-02-03 13:42:32.000,96.32,,3,45,122
3827,TKT-6382E729,2026-01-18 00:33:14.000,228.42,97090,3,45,118
3828,TKT-432D50C0,2026-04-05 07:29:35.000,315.28,97706,3,45,120
3829,TKT-0F5AE3F6,2025-11-15 03:50:38.000,43.72,96088,3,45,117
3830,TKT-9B336E89,2026-01-17 19:16:04.000,363.75,,3,45,120
3831,TKT-6186F3D5,2025-08-20 19:14:59.000,461.23,99705,3,45,120
3832,TKT-D9076ECE,2026-01-24 21:44:13.000,271.3,98952,3,45,122
3833,TKT-59E010E3,2026-04-19 04:20:58.000,440.75,96866,3,45,120
3834,TKT-9180C449,2026-01-11 21:43:53.000,78.45,98944,3,45,117
3835,TKT-25C7C6A0,2026-04-02 23:10:57.000,29.16,98796,3,45,122
3836,TKT-8FEAAF4E,2026-03-03 17:55:04.000,691.08,96026,3,45,122
3837,TKT-566B3E95,2026-04-07 10:59:55.000,415.24,320185,5,151,400
3838,TKT-40E997B7,2025-10-03 15:51:03.000,286.76,,5,151,402
3839,TKT-FB799131,2025-10-31 13:13:10.000,302.79,,5,151,403
3840,TKT-5FC3611C,2026-03-18 04:45:14.000,267.43,,5,151,402
3841,TKT-8F7050BD,2026-01-19 00:23:38.000,359.56,318500,5,151,402
3842,TKT-5092ED0A,2026-03-23 00:29:51.000,608.56,,5,151,400
3843,TKT-01B69CDA,2026-01-03 07:23:31.000,277.62,316868,5,151,403
3844,TKT-4FEB4BA6,2026-03-18 18:03:29.000,46.74,320988,5,151,402
3845,TKT-AD1EA9A6,2026-01-11 21:46:58.000,248.48,319624,5,151,403
3846,TKT-B174517F,2025-08-08 16:54:25.000,220.17,,5,151,402
3847,TKT-2CF97EE9,2026-03-31 20:13:42.000,225.05,318277,5,151,400
3848,TKT-4AB7C42C,2026-02-08 13:57:51.000,371.27,318309,5,151,400
3849,TKT-5B04023F,2026-01-27 15:03:39.000,172.95,,5,151,403
3850,TKT-3C0738E6,2025-12-22 14:25:00.000,464.73,319119,5,151,401
3851,TKT-EE8F4201,2025-09-30 15:54:34.000,575.26,319195,5,151,400
3852,TKT-DDC3F8D4,2026-04-03 09:34:59.000,9.16,,5,151,401
3853,TKT-7BCBCBE6,2025-07-29 07:56:08.000,259.0,317178,5,151,402
3854,TKT-F1B21229,2025-09-12 03:03:23.000,211.72,,5,151,402
3855,TKT-8E48B54F,2025-11-24 17:55:21.000,505.58,316997,5,151,401
3856,TKT-BA4F4BB1,2025-10-23 05:13:53.000,494.7,,5,151,401
3857,TKT-F90942FB,2025-07-23 06:40:07.000,550.2,315238,5,151,402
3858,TKT-549F20AA,2026-05-05 15:23:45.000,501.89,318223,5,151,400
3859,TKT-9C81F8F8,2026-02-09 14:13:35.000,318.12,320484,5,151,403
3860,TKT-E27FA2D1,2025-12-14 06:13:05.000,8.0,315903,5,151,401
3861,TKT-A7E502A2,2026-01-24 12:46:39.000,97.34,321217,5,151,401
3862,TKT-15BA4EE6,2026-03-30 14:27:29.000,108.8,318888,5,151,403
3863,TKT-AE8E9466,2026-04-12 19:59:29.000,705.8,319553,5,151,401
3864,TKT-5735AD12,2026-02-27 08:30:41.000,239.02,318156,5,151,403
3865,TKT-F039192C,2025-12-03 02:09:45.000,289.29,317955,5,151,400
3866,TKT-1B03C060,2025-11-05 01:13:00.000,260.75,,5,151,403
3867,TKT-28F8C955,2026-02-11 05:15:57.000,344.68,320898,5,151,402
3868,TKT-D8317298,2025-08-19 14:44:24.000,378.29,,5,151,402
3869,TKT-B085D7CA,2026-04-29 21:22:53.000,635.72,319798,5,151,400
3870,TKT-476F0EC2,2025-11-09 21:14:19.000,10.53,,5,151,401
3871,TKT-555B76D1,2025-12-28 13:07:56.000,200.38,,5,151,401
3872,TKT-0E7043FB,2025-10-13 23:21:20.000,156.74,,5,151,401
3873,TKT-D13A19AF,2025-11-19 19:33:48.000,338.32,317631,5,151,400
3874,TKT-BE45C216,2026-03-02 09:40:36.000,805.64,,5,151,400
3875,TKT-37AEF7AD,2025-12-06 05:07:46.000,140.86,,5,151,400
3876,TKT-CFEFB9E0,2025-11-28 14:57:28.000,1043.55,318721,5,151,403
3877,TKT-5830A224,2025-10-26 04:23:45.000,545.96,318294,5,151,400
3878,TKT-FC94CDBE,2025-09-28 15:11:01.000,349.6,317339,5,151,401
3879,TKT-DDA00A6B,2025-12-24 17:32:30.000,52.11,,5,151,401
3880,TKT-B1F38F0D,2026-04-07 17:57:48.000,334.59,346105,3,163,433
3881,TKT-F180A0D1,2025-09-07 19:11:19.000,396.59,345993,3,163,435
3882,TKT-9AC3FC85,2025-11-27 16:33:25.000,97.02,345443,3,163,433
3883,TKT-A03BCA8C,2025-07-23 05:51:48.000,783.97,346078,3,163,433
3884,TKT-612DA0A6,2025-08-13 16:15:11.000,314.79,345123,3,163,435
3885,TKT-CC8975BE,2026-02-07 00:23:52.000,641.72,345911,3,163,438
3886,TKT-990396A3,2026-04-26 08:35:43.000,347.71,344957,3,163,436
3887,TKT-B125EADC,2025-09-27 18:13:00.000,337.28,,3,163,434
3888,TKT-9179B414,2025-08-05 15:08:38.000,349.84,,3,163,438
3889,TKT-9E417D83,2026-05-02 20:57:10.000,381.16,,3,163,437
3890,TKT-1698B951,2025-09-24 22:58:29.000,294.89,345577,3,163,437
3891,TKT-11B67DC7,2025-09-19 22:34:29.000,199.48,346038,3,163,434
3892,TKT-4D2FBDA5,2026-04-19 06:28:05.000,285.32,346078,3,163,436
3893,TKT-E852D0A9,2026-02-03 18:26:05.000,608.96,345468,3,163,435
3894,TKT-59DE5EBE,2025-09-11 01:08:36.000,634.25,,3,163,437
3895,TKT-64696ED8,2025-08-19 21:51:32.000,265.72,345974,3,163,435
3896,TKT-0DC59E87,2026-04-12 02:54:03.000,372.04,346280,3,163,433
3897,TKT-F08C3D8A,2026-03-04 09:41:58.000,177.54,345225,3,163,439
3898,TKT-416C2280,2025-08-23 22:29:14.000,281.88,345731,3,163,439
3899,TKT-6A8E491C,2025-12-19 23:36:07.000,218.9,346211,3,163,435
3900,TKT-1569608B,2026-03-01 20:23:56.000,742.6,346334,3,163,435
3901,TKT-8AE68D4E,2026-01-24 16:41:44.000,150.2,345472,3,163,437
3902,TKT-B5CDFEC5,2025-09-17 07:01:12.000,238.81,346280,3,163,436
3903,TKT-6E6F05E6,2025-10-09 15:52:11.000,332.05,,3,163,437
3904,TKT-C7D4EBCC,2025-10-09 09:07:56.000,391.15,,3,163,434
3905,TKT-3283EC07,2025-11-24 18:01:14.000,285.78,346197,3,163,436
3906,TKT-A989402C,2025-07-15 06:43:08.000,61.44,346449,3,163,439
3907,TKT-A24144D0,2025-09-06 12:19:10.000,254.28,345951,3,163,439
3908,TKT-3753C6C6,2025-11-07 12:38:15.000,260.4,345362,3,163,433
3909,TKT-E3CA55B3,2025-12-13 12:35:53.000,258.73,,3,163,438
3910,TKT-A257D25F,2025-09-28 16:41:41.000,300.56,,3,163,438
3911,TKT-7D2FF517,2026-01-22 01:20:14.000,25.7,346480,3,163,439
3912,TKT-078D7999,2025-12-26 02:16:10.000,239.82,,3,163,436
3913,TKT-5C4F3240,2025-12-08 14:51:35.000,149.49,346221,3,163,439
3914,TKT-15D8CFE0,2026-02-09 22:29:26.000,548.14,346557,3,163,436
3915,TKT-30D25C60,2026-01-26 00:42:47.000,115.22,,3,163,433
3916,TKT-0E365F49,2025-11-22 01:53:06.000,434.98,,3,163,437
3917,TKT-6561F62E,2026-04-26 12:26:40.000,420.72,345200,3,163,435
3918,TKT-35B5ED7D,2025-10-05 08:04:43.000,119.3,346486,3,163,433
3919,TKT-C7E483DD,2025-11-02 03:48:20.000,135.47,,3,163,434
3920,TKT-79F2BD1B,2025-07-24 08:23:39.000,372.15,346146,3,163,437
3921,TKT-F05FFCD0,2026-04-04 18:39:12.000,44.43,,3,163,439
3922,TKT-554F3865,2026-02-27 03:55:09.000,611.0,,3,163,439
3923,TKT-98DE9CA7,2025-10-19 18:52:10.000,393.07,346023,3,163,438
3924,TKT-2147048E,2025-10-16 08:15:34.000,696.65,345410,3,163,439
3925,TKT-655F4CC0,2026-05-03 19:50:02.000,148.44,,3,163,438
3926,TKT-A7F1B214,2026-01-25 07:45:42.000,81.06,,3,163,438
3927,TKT-CA592548,2026-05-01 18:05:29.000,358.5,346042,3,163,435
3928,TKT-450432DE,2025-07-27 14:15:26.000,31.87,,2,270,755
3929,TKT-1404F8BA,2025-08-05 22:06:48.000,279.7,609538,2,270,755
3930,TKT-E0EBF1B1,2025-10-13 03:34:04.000,353.77,609782,2,270,755
3931,TKT-E5F51874,2025-10-17 06:12:28.000,420.9,,2,270,755
3932,TKT-B4466DA7,2026-05-04 15:33:08.000,140.92,,2,270,755
3933,TKT-AAC8298D,2025-09-17 14:42:28.000,44.03,,2,270,755
3934,TKT-05BB38D7,2026-02-28 23:00:59.000,334.01,609792,2,270,755
3935,TKT-E0D31CBB,2025-12-30 10:17:54.000,400.44,611113,2,270,755
3936,TKT-087A29C4,2026-04-03 09:37:06.000,165.68,611687,2,270,755
3937,TKT-766B8280,2025-11-21 07:25:35.000,688.91,609458,2,270,755
3938,TKT-3C0A3A42,2025-08-19 09:09:46.000,122.64,611075,2,270,755
3939,TKT-00E40D2B,2025-09-24 05:43:33.000,378.94,611362,2,270,755
3940,TKT-1A79E734,2026-01-03 12:23:57.000,468.28,611777,2,270,755
3941,TKT-0D6AAC92,2025-08-04 19:26:50.000,138.78,,2,270,755
3942,TKT-C06B481A,2026-01-01 09:34:56.000,471.23,611896,2,270,755
3943,TKT-A8FE7E93,2026-03-03 17:06:43.000,189.37,611903,2,270,755
3944,TKT-04FCAF11,2026-04-30 13:03:01.000,179.68,610038,2,270,755
3945,TKT-5F60E257,2026-02-18 04:31:07.000,667.03,609723,2,270,755
3946,TKT-F04C633C,2025-10-18 22:43:38.000,254.59,612030,2,270,755
3947,TKT-BA3CF361,2025-11-18 16:19:50.000,192.2,611966,2,270,755
3948,TKT-9F5A2F74,2026-03-26 21:05:26.000,538.29,,2,270,755
3949,TKT-E3A9ACC4,2025-08-13 17:15:21.000,448.37,610919,2,270,755
3950,TKT-34912A7D,2025-11-04 06:56:25.000,413.11,,2,270,755
3951,TKT-647AF00D,2025-10-05 23:58:30.000,125.08,610991,2,270,755
3952,TKT-78CA7304,2026-02-16 09:28:13.000,178.72,609466,2,270,755
3953,TKT-DFC01B8C,2026-02-04 13:47:54.000,438.92,611696,2,270,755
3954,TKT-80969279,2025-10-23 14:44:14.000,36.92,609785,2,270,755
3955,TKT-087A002A,2025-09-22 16:37:41.000,131.48,611603,2,270,755
3956,TKT-6F182A42,2026-01-14 20:40:26.000,769.59,609862,2,270,755
3957,TKT-253DA193,2026-01-04 01:36:52.000,96.96,611105,2,270,755
3958,TKT-46F10A9E,2025-08-26 13:09:54.000,155.76,609639,2,270,755
3959,TKT-4EF64393,2026-04-30 16:29:18.000,404.84,,2,270,755
3960,TKT-1EE7BAEC,2025-11-21 02:00:45.000,960.85,609335,2,270,755
3961,TKT-2F26E3D5,2025-11-21 11:25:29.000,11.36,,2,270,755
3962,TKT-2370AD30,2025-11-06 19:02:07.000,65.48,611135,2,270,755
3963,TKT-390AE0EF,2025-10-20 01:48:23.000,80.38,611028,2,270,755
3964,TKT-83130342,2026-02-24 02:51:22.000,429.99,611450,2,270,755
3965,TKT-3462EE92,2025-10-23 04:21:58.000,345.0,,2,270,755
3966,TKT-D5DC3D62,2025-11-13 23:39:43.000,622.48,,2,270,755
3967,TKT-FC38AD25,2025-12-10 06:08:08.000,322.3,609715,2,270,755
3968,TKT-D1FABEF9,2025-12-11 11:56:08.000,188.15,610237,2,270,755
3969,TKT-BAA61B47,2025-08-05 07:18:13.000,67.72,609516,2,270,755
3970,TKT-096FBB6A,2025-11-01 08:57:43.000,373.42,,2,270,755
3971,TKT-1D521052,2026-05-06 05:12:41.000,59.2,,2,270,755
3972,TKT-D7F6DE69,2025-09-03 18:58:28.000,199.07,,2,270,755
3973,TKT-A076D3EF,2025-08-15 05:36:51.000,229.08,611740,2,270,755
3974,TKT-CEBB8DBB,2025-08-29 06:28:12.000,627.64,,5,221,603
3975,TKT-475AD0B7,2025-10-23 05:03:19.000,120.54,481922,5,221,602
3976,TKT-B0C5774F,2025-12-25 11:51:31.000,200.35,478860,5,221,607
3977,TKT-A5549142,2025-10-12 16:40:46.000,321.04,480736,5,221,607
3978,TKT-3AA35C0E,2026-02-08 10:15:20.000,390.19,,5,221,604
3979,TKT-73C5B8FC,2025-07-31 02:01:58.000,125.2,480677,5,221,604
3980,TKT-492D57FF,2025-11-05 06:00:54.000,631.78,484457,5,221,601
3981,TKT-F9DD83AF,2025-10-05 20:25:38.000,300.3,,5,221,608
3982,TKT-9095414E,2025-08-07 16:45:20.000,100.84,479191,5,221,604
3983,TKT-F9F13936,2025-09-03 21:28:28.000,68.76,,5,221,608
3984,TKT-50340B4D,2025-07-31 10:09:01.000,232.53,480698,5,221,604
3985,TKT-8F5CB5B9,2025-07-22 12:37:08.000,516.07,482318,5,221,601
3986,TKT-1C8C02D6,2025-11-22 19:01:28.000,525.07,480431,5,221,604
3987,TKT-CCE1B695,2026-02-12 05:34:09.000,87.64,481179,5,221,606
3988,TKT-E1D743DB,2026-01-27 00:05:46.000,196.77,,5,221,604
3989,TKT-714C43B4,2026-03-25 07:54:36.000,147.74,,2,266,743
3990,TKT-FA810708,2026-02-09 19:22:53.000,105.0,601456,2,266,743
3991,TKT-6B0FAB3D,2025-08-04 23:41:30.000,17.04,601647,2,266,744
3992,TKT-ABC25E7E,2025-08-01 11:06:00.000,13.43,601170,2,266,743
3993,TKT-D0B133A7,2025-12-18 14:19:32.000,234.01,601497,2,266,743
3994,TKT-6F188A2C,2026-01-22 03:01:15.000,175.14,,2,266,744
3995,TKT-CF62183D,2026-01-21 08:11:39.000,70.58,,2,266,744
3996,TKT-BE8E4AF3,2026-02-08 19:07:49.000,76.82,,2,266,743
3997,TKT-71704B1E,2026-03-03 03:25:56.000,249.37,,2,266,744
3998,TKT-CF3193EE,2025-07-14 16:57:13.000,175.47,,2,266,744
3999,TKT-EDAEEEE1,2025-12-08 22:46:02.000,383.13,600462,2,266,743
4000,TKT-AED72620,2026-04-10 19:31:06.000,152.98,,2,266,744
4001,TKT-20171FAB,2026-03-23 23:01:02.000,451.75,,2,266,744
4002,TKT-9E326178,2026-01-27 19:47:37.000,409.92,,2,266,744
4003,TKT-7A978CC9,2026-03-02 05:34:59.000,331.94,599624,2,266,743
4004,TKT-450E7670,2026-01-06 00:30:53.000,583.31,599809,2,266,743
4005,TKT-F8B017B9,2026-01-20 19:38:04.000,416.37,,2,266,743
4006,TKT-46EF975B,2026-02-10 19:25:34.000,235.86,601728,2,266,744
4007,TKT-59E235F6,2026-02-13 20:05:04.000,61.91,,2,266,744
4008,TKT-66A24F73,2025-11-06 12:07:05.000,172.2,,2,266,743
4009,TKT-C2C12495,2026-01-27 07:17:33.000,510.98,602271,2,266,744
4010,TKT-7F00D1A9,2026-02-19 20:12:49.000,405.94,600157,2,266,744
4011,TKT-E457DEED,2025-08-15 23:07:32.000,708.07,,2,266,743
4012,TKT-EED10C81,2026-01-28 18:13:37.000,344.85,602295,2,266,744
4013,TKT-8D354B97,2026-01-16 21:14:12.000,362.15,600800,2,266,744
4014,TKT-D72C3D12,2026-04-17 12:23:27.000,401.6,602074,2,266,743
4015,TKT-619623C1,2025-10-02 08:50:36.000,400.58,599851,2,266,743
4016,TKT-C7E02C16,2025-11-21 00:14:57.000,56.3,,2,266,743
4017,TKT-0B41766A,2026-03-22 12:14:47.000,400.47,,5,343,942
4018,TKT-FCF26913,2026-04-26 21:12:44.000,32.2,757780,5,343,941
4019,TKT-32B4B274,2025-07-27 22:36:56.000,453.21,757548,5,343,940
4020,TKT-6CC79B8F,2025-07-20 09:56:03.000,220.2,,5,343,940
4021,TKT-818E9FA3,2025-07-21 23:33:45.000,573.29,758018,5,343,940
4022,TKT-0CB9A06B,2025-11-26 13:42:16.000,176.18,756515,5,343,940
4023,TKT-884B7F6B,2026-03-19 01:01:03.000,799.98,757861,5,343,942
4024,TKT-4EF6A877,2025-10-02 22:34:04.000,63.07,757305,5,343,943
4025,TKT-7E967FA6,2025-08-28 21:33:34.000,23.97,,5,343,943
4026,TKT-EFA79217,2026-03-01 00:18:43.000,100.67,,5,343,941
4027,TKT-26C09654,2025-08-08 04:38:35.000,475.37,,5,343,941
4028,TKT-35F681F0,2025-09-07 00:02:30.000,494.67,756415,5,343,941
4029,TKT-E4E41347,2025-08-07 01:03:52.000,258.85,,5,343,942
4030,TKT-0CA2EA45,2025-10-25 13:40:59.000,114.6,756832,5,343,943
4031,TKT-DE85BE61,2025-12-10 12:04:54.000,27.96,,5,343,940
4032,TKT-566F83A4,2025-10-13 18:18:45.000,161.02,,5,343,941
4033,TKT-47ACCCAB,2026-03-16 11:00:23.000,593.65,757163,5,343,943
4034,TKT-B80BF4DB,2026-03-17 10:25:15.000,355.74,757463,5,343,942
4035,TKT-8CA4E952,2025-08-22 08:24:28.000,477.52,,5,343,941
4036,TKT-8FD3028E,2026-02-21 10:11:30.000,660.66,756770,5,343,942
4037,TKT-47E36A5F,2026-03-31 09:32:34.000,690.85,756305,5,343,940
4038,TKT-E167DB52,2026-03-23 05:27:41.000,60.69,757987,5,343,942
4039,TKT-DD564C8A,2026-01-21 02:14:44.000,421.43,756925,5,343,941
4040,TKT-9E1ED426,2026-03-04 07:34:33.000,627.16,757856,5,343,941
4041,TKT-02416101,2025-08-29 10:36:23.000,17.74,756393,5,343,940
4042,TKT-BFD970F1,2025-08-11 18:22:35.000,821.16,,5,343,941
4043,TKT-3B538DB7,2025-11-06 23:00:03.000,229.05,757425,5,343,940
4044,TKT-7159CBD0,2026-01-15 21:54:22.000,390.06,,5,343,942
4045,TKT-CA97D7BA,2026-02-09 08:30:30.000,12.85,,5,343,940
4046,TKT-E99907EF,2025-10-17 14:58:46.000,406.54,756648,5,343,941
4047,TKT-7DF1DE5B,2025-08-20 10:10:38.000,507.87,756809,5,343,940
4048,TKT-22C915C4,2026-02-17 23:37:09.000,329.34,757616,5,343,942
4049,TKT-D6E1347D,2025-10-01 15:55:41.000,226.08,757734,5,343,940
4050,TKT-F5EB093F,2026-01-04 21:58:32.000,442.68,,5,343,942
4051,TKT-44720AF3,2025-12-13 06:05:30.000,422.6,,5,343,942
4052,TKT-4F69ED67,2026-01-26 20:44:56.000,107.27,,5,343,943
4053,TKT-C3A07F9D,2025-12-26 04:01:25.000,501.23,757983,5,343,941
4054,TKT-9C87F580,2026-02-26 18:00:23.000,387.45,758006,5,343,941
4055,TKT-D5783659,2025-08-21 22:01:48.000,456.47,,5,343,942
4056,TKT-9E968E01,2025-11-30 13:46:45.000,195.12,,5,343,942
4057,TKT-B47705D7,2026-03-16 22:00:40.000,391.77,,5,206,553
4058,TKT-C5F0BB01,2026-02-28 12:43:58.000,491.22,441734,5,206,555
4059,TKT-C0A9B676,2025-09-15 18:53:11.000,541.51,440270,5,206,554
4060,TKT-9AA68603,2025-08-25 03:14:10.000,708.65,440829,5,206,556
4061,TKT-AD6AA4A2,2026-01-29 16:05:15.000,354.02,439936,5,206,556
4062,TKT-799E7E06,2026-01-16 04:11:12.000,159.5,441614,5,206,556
4063,TKT-FCD1AF88,2025-12-04 10:16:58.000,135.47,441311,5,206,555
4064,TKT-0F165215,2026-02-04 04:07:26.000,64.34,,5,206,553
4065,TKT-38534343,2026-01-10 20:53:33.000,121.04,,5,206,554
4066,TKT-7EA65F2B,2025-10-15 09:39:11.000,136.9,,5,206,553
4067,TKT-A983CB8D,2025-12-31 13:29:50.000,233.09,440023,5,206,555
4068,TKT-8FB26A9A,2025-12-06 11:22:33.000,269.49,440786,5,206,556
4069,TKT-7665B547,2025-12-19 03:52:24.000,526.03,,5,206,556
4070,TKT-0E018695,2026-02-24 11:29:41.000,127.27,440586,5,206,556
4071,TKT-4B9A6E43,2025-10-14 13:46:56.000,476.26,441242,5,206,555
4072,TKT-05DE60CD,2026-05-03 00:58:09.000,325.58,,5,206,556
4073,TKT-7D3D5336,2025-09-21 20:26:04.000,122.87,,5,206,556
4074,TKT-5B21B8C2,2025-12-03 17:00:36.000,145.0,441268,5,206,554
4075,TKT-0FB0A740,2026-05-06 12:08:05.000,738.62,441022,5,206,553
4076,TKT-23405C46,2025-12-08 00:55:36.000,556.35,,5,206,556
4077,TKT-0E379880,2026-01-29 01:59:34.000,382.5,440798,5,206,556
4078,TKT-8D0694E1,2025-09-27 11:37:29.000,22.45,440763,5,206,555
4079,TKT-D5DC6468,2025-09-26 00:06:38.000,76.96,440323,5,206,554
4080,TKT-CD00700B,2025-12-06 17:09:26.000,478.7,441029,5,206,554
4081,TKT-734F4364,2026-04-04 02:36:01.000,460.52,440368,5,206,556
4082,TKT-E357C3F1,2026-01-01 21:39:45.000,95.04,440796,5,206,554
4083,TKT-DA3353E8,2025-12-19 04:25:10.000,241.67,439911,5,206,554
4084,TKT-B630E81E,2026-03-09 07:39:17.000,568.92,440508,5,206,555
4085,TKT-6F14A1D8,2025-10-08 03:59:49.000,142.09,440079,5,206,554
4086,TKT-C7172DD1,2025-08-13 12:55:12.000,336.69,440288,5,206,555
4087,TKT-AEC7EF59,2025-09-21 13:55:50.000,445.99,,5,206,556
4088,TKT-7859701D,2026-04-15 08:39:35.000,164.04,,5,206,555
4089,TKT-7587875E,2025-09-17 20:44:07.000,434.37,441428,5,206,554
4090,TKT-B29514D8,2025-07-28 01:13:42.000,263.2,,5,206,554
4091,TKT-B0F2F58E,2025-08-14 05:37:44.000,306.4,439931,5,206,555
4092,TKT-2625F675,2026-03-08 22:23:11.000,229.58,,5,206,554
4093,TKT-F5E37C9B,2025-12-16 14:50:20.000,69.8,441533,5,206,553
4094,TKT-F409A2AB,2026-03-06 11:24:06.000,132.0,441301,5,206,555
4095,TKT-33E14245,2026-04-09 21:23:37.000,590.31,440486,5,206,555
4096,TKT-AA017BF5,2025-08-25 18:12:31.000,569.66,440716,5,206,553
4097,TKT-2FC62A24,2025-10-26 15:11:09.000,191.72,441170,5,206,555
4098,TKT-620C0605,2026-04-09 21:27:58.000,508.11,440734,5,206,555
4099,TKT-1B9A70B0,2026-03-25 23:52:00.000,33.22,440540,5,206,553
4100,TKT-F7DA2871,2025-10-28 09:09:29.000,220.32,,5,206,555
4101,TKT-4CD7FCDD,2025-09-24 08:28:01.000,319.28,441514,5,206,554
4102,TKT-620218B6,2026-03-05 00:34:45.000,264.45,441154,5,206,556
4103,TKT-3B576AD9,2025-08-22 23:02:33.000,44.12,440200,5,206,556
4104,TKT-B4254A66,2026-04-22 16:52:55.000,380.99,440868,5,206,556
4105,TKT-4F1EC90D,2026-03-24 02:57:00.000,318.4,441605,5,206,553
4106,TKT-634F9A8B,2026-01-25 11:45:49.000,391.18,441063,5,206,555
4107,TKT-1B3B9B2E,2026-03-16 08:22:27.000,42.54,738344,2,334,922
4108,TKT-E94B0804,2026-04-24 12:06:49.000,47.62,,2,334,923
4109,TKT-20F5C89C,2025-10-05 21:46:14.000,144.62,738780,2,334,922
4110,TKT-3D7A9AC8,2026-04-20 01:01:32.000,718.65,742109,2,334,921
4111,TKT-9B41632D,2026-04-09 06:15:30.000,50.36,738716,2,334,920
4112,TKT-F866349E,2025-10-08 06:19:35.000,247.2,740178,2,334,923
4113,TKT-BC25B4E3,2026-02-27 00:59:43.000,190.03,739889,2,334,922
4114,TKT-DC32D89C,2026-04-11 04:55:32.000,436.39,739693,2,334,923
4115,TKT-BADD2B00,2025-12-21 01:51:50.000,620.06,738175,2,334,921
4116,TKT-887C643B,2026-03-18 10:41:54.000,593.53,,2,334,923
4117,TKT-2C7BABD8,2025-12-09 14:40:00.000,316.12,742067,2,334,922
4118,TKT-E3AD06D6,2025-08-31 18:37:49.000,569.9,740636,2,334,921
4119,TKT-1973D6D5,2025-10-11 04:35:42.000,116.58,,2,334,923
4120,TKT-D7C23EB1,2025-12-09 11:05:58.000,77.38,741192,2,334,923
4121,TKT-16811DFF,2025-09-14 23:39:10.000,451.2,131718,5,63,166
4122,TKT-5A0ACD6B,2026-03-08 06:54:08.000,24.12,131761,5,63,166
4123,TKT-D6663F53,2026-05-03 02:34:01.000,29.52,131534,5,63,166
4124,TKT-54EDBC7C,2025-10-01 13:09:45.000,119.7,131952,5,63,167
4125,TKT-7B8FA3D2,2026-02-28 02:24:29.000,253.03,,5,63,165
4126,TKT-6B060385,2025-09-09 04:26:57.000,308.08,,5,63,166
4127,TKT-C02B7361,2026-02-02 23:41:17.000,441.57,,5,63,165
4128,TKT-E76F327A,2026-02-24 02:14:19.000,296.0,131698,5,63,165
4129,TKT-A19DA9A0,2026-01-25 04:12:21.000,73.64,131841,5,63,164
4130,TKT-A55440C5,2025-08-08 12:13:36.000,541.22,131528,5,63,166
4131,TKT-74CD2503,2026-03-29 21:41:25.000,301.92,131901,5,63,167
4132,TKT-283CB6A5,2026-04-29 16:19:49.000,513.34,131348,5,63,167
4133,TKT-CE5E18D2,2025-12-20 17:09:47.000,302.16,131740,5,63,167
4134,TKT-3D5D5A33,2025-09-28 12:34:16.000,527.46,131561,5,63,167
4135,TKT-86C7DE2E,2025-12-09 09:52:23.000,104.7,131552,5,63,165
4136,TKT-36A922DB,2026-01-12 10:48:42.000,41.7,131773,5,63,167
4137,TKT-C0CFC47B,2026-03-13 11:35:26.000,339.82,,5,63,166
4138,TKT-48F57288,2026-05-02 09:26:06.000,348.69,131646,5,63,167
4139,TKT-288F291C,2025-09-21 04:20:34.000,519.67,,5,63,167
4140,TKT-FD6E5869,2025-12-29 17:13:27.000,231.42,131921,5,63,164
4141,TKT-308ACD23,2026-02-04 16:28:59.000,569.96,131691,5,63,164
4142,TKT-9ABEAAA5,2025-10-06 01:55:12.000,622.41,131376,5,63,166
4143,TKT-F60B9011,2025-08-01 12:40:18.000,15.41,131777,5,63,167
4144,TKT-92DA1B71,2025-09-09 08:16:34.000,683.15,131409,5,63,167
4145,TKT-ED24E417,2025-12-05 02:35:40.000,122.82,131296,5,63,164
4146,TKT-2FE27E7C,2026-05-01 05:39:00.000,91.62,131514,5,63,165
4147,TKT-444CFD2F,2025-08-22 08:08:53.000,148.32,131919,5,63,166
4148,TKT-F16B2AEF,2026-02-13 22:22:58.000,101.02,131961,5,63,164
4149,TKT-E97F8EBB,2025-08-08 20:14:44.000,737.8,,5,63,167
4150,TKT-B5D43D24,2025-11-10 12:04:56.000,67.48,131404,5,63,164
4151,TKT-D607A3A5,2025-09-08 11:25:16.000,177.55,,5,63,166
4152,TKT-A8134037,2026-02-03 15:12:25.000,850.0,131347,5,63,166
4153,TKT-933A11BA,2026-03-26 11:19:51.000,448.42,131344,5,63,166
4154,TKT-CBDB17E6,2025-09-27 12:52:43.000,721.38,593548,5,262,736
4155,TKT-DE186BB7,2026-04-18 00:13:37.000,273.43,594893,5,262,729
4156,TKT-9C612BF1,2026-01-27 22:46:25.000,552.45,591824,5,262,731
4157,TKT-C68D0396,2025-08-29 19:24:20.000,225.51,593976,5,262,729
4158,TKT-070A90CD,2025-07-17 11:18:36.000,342.5,594534,5,262,734
4159,TKT-E21A2C6B,2025-12-14 09:56:58.000,234.31,592876,5,262,736
4160,TKT-374DD52B,2026-03-24 05:38:42.000,54.8,,5,262,735
4161,TKT-8131CBCA,2025-09-08 09:59:39.000,58.65,593255,5,262,736
4162,TKT-998F76FD,2026-04-17 10:49:02.000,88.96,592121,5,262,732
4163,TKT-FC9052A9,2025-12-14 08:04:05.000,57.71,,5,262,733
4164,TKT-DC39FAA5,2026-01-17 19:49:42.000,132.72,592507,5,262,736
4165,TKT-FC77C6B1,2026-02-18 13:03:09.000,266.68,,5,262,734
4166,TKT-21EF7542,2025-08-05 18:36:53.000,5.87,593891,5,262,732
4167,TKT-A6F7DC11,2025-11-26 11:33:55.000,446.99,591899,5,262,729
4168,TKT-0764D8B1,2025-07-24 09:51:51.000,999.3,593247,5,262,735
4169,TKT-CFFC9781,2026-01-06 22:07:19.000,137.26,594229,5,262,735
4170,TKT-94142798,2025-11-28 22:13:17.000,349.07,593980,5,262,734
4171,TKT-FFFD63D2,2025-11-04 08:08:52.000,107.38,,5,262,731
4172,TKT-D386C441,2026-02-27 22:14:59.000,64.48,593233,5,262,733
4173,TKT-45109212,2025-11-05 15:41:13.000,262.75,592339,5,262,732
4174,TKT-B9F47939,2026-01-07 15:44:15.000,463.26,592640,5,262,734
4175,TKT-36609AA4,2025-12-30 12:46:56.000,287.76,593398,5,262,736
4176,TKT-4B1CA577,2026-03-13 12:38:28.000,498.54,594142,5,262,730
4177,TKT-81728BFD,2025-11-06 18:42:41.000,619.28,595086,5,262,733
4178,TKT-71082A3C,2026-05-04 07:01:27.000,333.34,594625,5,262,736
4179,TKT-241B376A,2025-11-12 21:26:35.000,46.92,593177,5,262,731
4180,TKT-2E6A022F,2026-01-30 04:24:38.000,24.65,,5,262,734
4181,TKT-62AC3ED2,2026-04-15 10:42:32.000,414.15,593084,5,262,729
4182,TKT-AB5ADA18,2026-04-18 19:44:49.000,299.31,591191,5,262,730
4183,TKT-68C77BDC,2025-09-05 03:00:10.000,141.56,595268,5,262,733
4184,TKT-5E1355F4,2026-05-06 15:54:35.000,45.68,591154,5,262,729
4185,TKT-EA2A49CC,2025-12-13 17:39:21.000,262.01,592578,5,262,736
4186,TKT-33970B58,2025-11-25 02:40:11.000,541.26,177068,2,81,217
4187,TKT-4E57178C,2025-10-06 18:27:27.000,363.77,176100,2,81,217
4188,TKT-8567BC60,2026-02-22 14:27:17.000,7.42,175317,2,81,217
4189,TKT-3CF4A58A,2026-01-21 12:56:38.000,249.7,176293,2,81,216
4190,TKT-A1D30C41,2026-03-06 12:34:09.000,80.9,,2,81,216
4191,TKT-26C7CC35,2025-09-08 11:50:28.000,333.27,175991,2,81,218
4192,TKT-2B66502F,2026-04-24 09:39:52.000,440.79,176886,2,81,217
4193,TKT-90EF9804,2025-08-28 18:48:51.000,109.62,176515,2,81,217
4194,TKT-245B3020,2026-02-09 00:44:51.000,204.85,,2,81,217
4195,TKT-E6DE19DC,2026-02-10 12:52:34.000,249.8,176201,2,81,217
4196,TKT-C8D641ED,2026-01-02 20:35:13.000,112.9,175666,2,81,217
4197,TKT-93091C64,2026-04-26 14:35:25.000,548.09,176534,2,81,217
4198,TKT-21B5F01C,2025-08-04 16:28:13.000,474.77,,2,81,217
4199,TKT-5957540C,2025-11-03 00:33:18.000,345.85,176241,2,81,216
4200,TKT-FF8030A7,2026-03-06 18:31:31.000,15.08,,2,81,218
4201,TKT-4CFC2E5E,2025-09-22 18:36:41.000,463.24,176241,2,81,217
4202,TKT-9E07AB64,2025-11-20 15:43:31.000,456.05,,2,81,217
4203,TKT-0F77A117,2026-03-05 06:51:11.000,321.74,,2,81,216
4204,TKT-70D8186D,2025-10-16 17:47:44.000,560.36,175969,2,81,217
4205,TKT-1FC40E55,2025-08-14 09:15:16.000,28.1,,2,81,216
4206,TKT-4FD234AD,2025-09-05 01:10:15.000,237.68,,2,81,216
4207,TKT-D17DB3A6,2025-08-23 18:36:04.000,334.56,176156,2,81,218
4208,TKT-4974DA85,2025-07-13 02:00:00.000,170.73,175386,2,81,217
4209,TKT-DC415A76,2026-02-01 06:29:21.000,461.47,175923,2,81,216
4210,TKT-5E0D7A8C,2026-03-11 02:48:33.000,170.31,,2,81,218
4211,TKT-322D4020,2026-01-12 18:08:39.000,38.58,,2,81,216
4212,TKT-0FB0E5AD,2025-10-09 20:43:24.000,74.64,,2,81,218
4213,TKT-29298D87,2025-10-01 22:48:52.000,390.62,175472,2,81,218
4214,TKT-DD1A150C,2025-10-03 13:07:36.000,225.12,176477,2,81,217
4215,TKT-000A8C59,2025-11-18 23:22:00.000,504.0,,2,81,216
4216,TKT-7AB97AAC,2026-03-17 19:50:51.000,281.4,,2,81,217
4217,TKT-ECFFA0A6,2026-04-11 12:16:09.000,420.93,,2,81,217
4218,TKT-7D493EB3,2026-04-28 13:06:53.000,623.7,176733,2,81,217
4219,TKT-5743469D,2026-01-22 11:09:54.000,169.98,175735,2,81,218
4220,TKT-EE89D849,2026-01-19 17:25:23.000,199.64,958625,4,448,1189
4221,TKT-BAEC42BE,2026-01-29 15:55:54.000,709.68,,4,448,1189
4222,TKT-22051657,2025-08-11 08:07:24.000,67.51,,4,448,1189
4223,TKT-33FA840D,2026-04-25 05:05:57.000,106.03,,4,448,1188
4224,TKT-12F0C495,2026-02-02 17:38:14.000,127.22,959153,4,448,1188
4225,TKT-C6255EE9,2025-07-21 17:48:12.000,468.12,958766,4,448,1189
4226,TKT-0BA74366,2026-01-26 15:40:21.000,237.89,959675,4,448,1189
4227,TKT-794C6A13,2025-09-25 09:13:00.000,599.46,960280,4,448,1188
4228,TKT-D2485BEE,2026-03-20 04:27:27.000,304.4,,4,448,1188
4229,TKT-ADC2B210,2025-11-07 10:19:52.000,610.64,958909,4,448,1188
4230,TKT-E5F92481,2026-04-03 15:14:37.000,108.64,959015,4,448,1189
4231,TKT-D8C523C7,2025-11-10 06:10:25.000,161.8,959001,4,448,1189
4232,TKT-4E8F8128,2025-09-21 19:43:11.000,276.12,959019,4,448,1188
4233,TKT-9C77DB61,2026-05-01 09:08:35.000,422.47,,4,448,1189
4234,TKT-D4085436,2025-08-06 23:08:29.000,148.14,,4,448,1188
4235,TKT-704B8603,2026-01-21 18:57:30.000,444.71,958108,4,448,1188
4236,TKT-79C0E2E4,2025-07-13 18:46:08.000,391.87,958396,4,448,1188
4237,TKT-09EF6273,2026-01-08 13:01:39.000,271.52,958801,4,448,1189
4238,TKT-7E8F81B8,2025-09-22 03:36:13.000,379.26,959018,4,448,1188
4239,TKT-7A13F6BF,2026-01-24 20:48:17.000,203.5,,4,448,1189
4240,TKT-6E77D3E9,2026-02-11 07:08:14.000,220.75,959921,4,448,1188
4241,TKT-B1F6A4D3,2026-05-06 07:43:26.000,162.74,958549,4,448,1189
4242,TKT-5FC72B97,2025-07-28 06:16:15.000,359.95,,4,448,1189
4243,TKT-5AEC850A,2026-01-03 08:54:10.000,678.84,958880,4,448,1188
4244,TKT-CA16A08F,2026-03-30 01:07:55.000,170.73,960018,4,448,1188
4245,TKT-698EFA4C,2025-11-08 21:59:44.000,315.78,958206,4,448,1188
4246,TKT-0C271ACB,2025-11-26 09:47:04.000,608.39,958329,4,448,1189
4247,TKT-3DC5E43F,2025-09-17 05:19:01.000,366.3,,4,448,1189
4248,TKT-D6282C09,2025-11-05 07:41:47.000,361.79,958213,4,448,1189
4249,TKT-7AE430DB,2025-11-19 06:55:14.000,243.69,958327,4,448,1188
4250,TKT-1159E292,2026-03-14 14:55:23.000,214.54,959389,4,448,1188
4251,TKT-76E67BF6,2025-10-12 13:19:51.000,309.76,,4,448,1188
4252,TKT-EB35BE40,2026-02-25 01:37:28.000,312.55,,4,448,1188
4253,TKT-438F8C44,2025-07-25 15:10:47.000,827.12,958676,4,448,1188
4254,TKT-7D33CE0A,2026-01-11 08:59:03.000,301.55,959918,4,448,1189
4255,TKT-FF370300,2026-03-10 10:31:25.000,410.39,,4,448,1188
4256,TKT-274D9BDA,2025-08-28 22:26:55.000,18.26,959009,4,448,1188
4257,TKT-2BB61F0E,2025-11-14 07:42:16.000,300.41,958122,4,448,1189
4258,TKT-46B5E3A1,2025-07-14 02:42:01.000,383.73,,4,448,1188
4259,TKT-39204A33,2026-03-27 04:47:23.000,312.41,959154,4,448,1188
4260,TKT-4F1D9208,2025-12-03 22:29:16.000,117.64,959347,4,448,1189
4261,TKT-FA1AB913,2025-10-07 05:56:21.000,576.38,958536,4,448,1189
4262,TKT-BA14B9B3,2026-03-31 05:40:05.000,199.57,,4,448,1188
4263,TKT-4FFA0854,2026-01-05 09:56:39.000,361.28,,4,448,1188
4264,TKT-AFF29C1C,2025-09-18 00:13:48.000,574.25,958439,4,448,1189
4265,TKT-274C9FE4,2025-12-02 03:05:59.000,9.31,,4,448,1188
4266,TKT-DBA44B03,2025-09-21 01:17:01.000,325.51,960239,4,448,1188
4267,TKT-0780733B,2025-08-27 02:11:08.000,268.83,958621,4,448,1189
4268,TKT-3A1A8DA2,2026-04-10 07:12:42.000,290.06,959919,4,448,1188
4269,TKT-BE2EE59A,2025-11-26 05:45:40.000,340.62,958087,4,448,1189
4270,TKT-66B4A01E,2025-12-17 12:40:46.000,21.95,,4,448,1188
4271,TKT-D96C7AC0,2026-03-05 03:40:45.000,202.23,958414,4,448,1189
4272,TKT-13CD232E,2025-09-29 10:26:25.000,183.9,959938,4,448,1189
4273,TKT-F0746F07,2026-03-25 19:39:57.000,618.97,960190,4,448,1188
4274,TKT-2ED4C9FC,2026-02-23 19:14:20.000,260.94,,4,448,1189
4275,TKT-2CF64C6A,2025-08-24 03:32:21.000,9.28,959682,4,448,1189
4276,TKT-3CEC0ED2,2025-09-11 23:17:49.000,122.11,140024,4,66,178
4277,TKT-85B57F42,2026-04-07 03:30:22.000,360.56,141623,4,66,175
4278,TKT-A035148A,2026-04-13 22:36:34.000,225.49,140038,4,66,177
4279,TKT-148A2A65,2026-05-06 13:00:22.000,452.08,139851,4,66,174
4280,TKT-7C26EF99,2025-12-28 03:50:53.000,609.9,,4,66,176
4281,TKT-713B497F,2025-12-05 17:53:24.000,120.76,141035,4,66,177
4282,TKT-FF5751D4,2025-07-24 09:36:53.000,243.47,,4,66,177
4283,TKT-0CFD1CD7,2026-05-03 10:33:28.000,152.49,,4,66,176
4284,TKT-45C1B17D,2025-11-18 22:06:23.000,472.77,140707,4,66,175
4285,TKT-8BF15A93,2026-01-24 15:49:36.000,355.63,140769,4,66,175
4286,TKT-F983C94B,2026-02-13 17:55:24.000,272.98,,4,66,180
4287,TKT-44442230,2026-04-01 15:54:23.000,57.53,141962,4,66,178
4288,TKT-CCD91085,2025-09-02 21:42:20.000,15.35,,4,66,177
4289,TKT-6AA1C4AC,2025-08-02 03:11:51.000,582.41,,4,66,180
4290,TKT-2472D689,2026-01-23 05:46:58.000,347.05,141351,4,66,178
4291,TKT-AE3B27B5,2025-08-24 04:50:22.000,308.35,140826,4,66,178
4292,TKT-2ADE41C1,2025-09-24 13:43:30.000,82.32,,4,66,177
4293,TKT-86A7AA18,2025-10-19 07:03:18.000,661.8,142555,4,66,177
4294,TKT-C6B18841,2025-11-02 23:45:07.000,656.01,140128,4,66,179
4295,TKT-76D21CDE,2026-03-28 08:19:43.000,271.61,,4,66,177
4296,TKT-E2BB819E,2026-03-20 21:55:29.000,428.31,139836,4,66,174
4297,TKT-6333FDD1,2026-03-02 02:31:31.000,88.35,,4,66,176
4298,TKT-E281E621,2025-08-30 10:48:08.000,210.9,,4,66,176
4299,TKT-53356DA7,2025-08-30 22:22:46.000,189.16,,4,66,177
4300,TKT-6904CB84,2025-11-29 22:33:42.000,270.75,140664,4,66,175
4301,TKT-362989A2,2026-04-24 14:20:13.000,51.7,142418,4,66,178
4302,TKT-74399063,2026-02-12 19:56:36.000,203.77,142196,4,66,177
4303,TKT-97C15930,2025-11-21 04:28:33.000,151.68,139968,4,66,180
4304,TKT-150FD375,2025-08-11 00:57:15.000,251.95,142073,4,66,178
4305,TKT-B951E0DF,2026-01-09 18:51:55.000,447.73,941370,5,443,1175
4306,TKT-08B0B630,2026-03-29 22:13:42.000,23.15,,5,443,1175
4307,TKT-B0D74A32,2025-09-23 09:25:54.000,192.93,936030,5,443,1174
4308,TKT-08BF9260,2025-10-02 16:53:25.000,131.76,940121,5,443,1173
4309,TKT-5554FF02,2025-09-04 02:40:14.000,358.88,940951,5,443,1175
4310,TKT-0BCFB46A,2025-10-08 03:58:41.000,65.64,,5,443,1174
4311,TKT-D77F56EC,2025-12-04 00:00:49.000,333.44,940700,5,443,1174
4312,TKT-BE753043,2025-08-01 04:02:55.000,536.18,939679,5,443,1175
4313,TKT-4CCD23FB,2026-01-21 02:58:35.000,574.8,941389,5,443,1173
4314,TKT-83899794,2026-02-14 17:07:03.000,877.62,939710,5,443,1173
4315,TKT-61AAE6D6,2026-01-30 22:52:51.000,192.1,937818,5,443,1172
4316,TKT-B36275FB,2026-02-15 16:51:50.000,626.95,937158,5,443,1175
4317,TKT-48C68A10,2025-12-13 21:20:33.000,758.88,935941,5,443,1174
4318,TKT-BF79F0EE,2025-12-18 15:00:02.000,163.69,936620,5,443,1174
4319,TKT-07970553,2026-02-28 00:13:53.000,139.98,939802,5,443,1175
4320,TKT-8310BA27,2025-11-02 18:23:58.000,360.28,940722,5,443,1175
4321,TKT-82CD13CF,2025-12-20 21:22:31.000,92.49,,5,443,1174
4322,TKT-BD7C879A,2026-04-15 11:17:37.000,280.89,939675,5,443,1175
4323,TKT-FB442595,2025-07-23 00:36:33.000,58.63,,5,443,1175
4324,TKT-411FC1C1,2025-10-05 20:15:49.000,105.8,,5,443,1173
4325,TKT-DC59CA36,2026-04-14 03:29:31.000,411.61,,5,443,1173
4326,TKT-7C51DD1F,2026-03-24 22:06:02.000,165.7,940890,5,443,1173
4327,TKT-4AF0AAF1,2026-01-04 01:21:46.000,537.8,939765,5,443,1173
4328,TKT-B8D1F5DE,2026-03-28 08:41:02.000,474.45,939994,5,443,1174
4329,TKT-20F6DDD4,2026-01-24 12:24:17.000,33.9,935922,5,443,1174
4330,TKT-9B32FF05,2025-12-19 14:43:10.000,164.48,940049,5,443,1175
4331,TKT-A7190A51,2026-03-16 14:11:02.000,392.85,937107,5,443,1175
4332,TKT-F0D1471C,2026-02-24 02:59:20.000,211.1,,3,444,1176
4333,TKT-312B1A20,2026-03-15 07:46:25.000,159.45,943752,3,444,1178
4334,TKT-AB9E824E,2026-04-15 08:16:30.000,376.45,943524,3,444,1179
4335,TKT-C8FF9F5E,2025-12-16 23:49:55.000,31.05,,3,444,1177
4336,TKT-12D2E922,2025-07-23 15:07:11.000,447.22,944277,3,444,1177
4337,TKT-12E9B026,2026-04-15 12:52:26.000,25.9,944392,3,444,1178
4338,TKT-0D28544B,2025-09-07 12:34:43.000,243.76,943876,3,444,1177
4339,TKT-AC6E63C3,2026-04-15 16:15:14.000,284.4,943728,3,444,1177
4340,TKT-A11BB2B8,2025-09-30 04:33:46.000,30.1,944820,3,444,1178
4341,TKT-5C97F826,2025-12-19 14:44:24.000,800.83,944140,3,444,1179
4342,TKT-67FAA8F0,2026-04-18 00:06:24.000,366.36,,3,444,1176
4343,TKT-8A927842,2026-03-30 16:03:54.000,551.81,944015,3,444,1178
4344,TKT-D172F4DE,2025-07-22 21:42:10.000,328.28,943735,3,444,1179
4345,TKT-DE033746,2026-03-29 06:03:13.000,126.49,941963,3,444,1177
4346,TKT-57F67061,2026-01-12 03:55:57.000,149.94,943787,3,444,1176
4347,TKT-6954BF09,2025-12-13 05:45:54.000,1182.87,944471,3,444,1176
4348,TKT-2344BD50,2025-11-20 20:45:04.000,315.95,943756,3,444,1179
4349,TKT-D97A1827,2026-05-07 05:07:42.000,5.13,,3,444,1176
4350,TKT-7FFD3D8C,2026-01-21 03:23:29.000,300.84,941874,3,444,1176
4351,TKT-D2676B19,2026-02-10 09:14:12.000,610.3,944187,3,444,1176
4352,TKT-BF42E2F8,2025-09-20 03:13:28.000,532.89,942421,3,444,1179
4353,TKT-9544CAFD,2025-07-28 09:06:47.000,53.58,943066,3,444,1176
4354,TKT-387E906E,2026-01-10 15:33:45.000,161.91,944380,3,444,1179
4355,TKT-A445475F,2025-11-07 07:11:21.000,414.16,942164,3,444,1178
4356,TKT-DA8CAD5D,2026-03-20 01:51:34.000,72.65,,3,444,1176
4357,TKT-2B6C1E43,2026-05-03 15:38:59.000,479.81,942346,3,444,1177
4358,TKT-55A8CD65,2025-08-20 13:07:58.000,74.6,943331,3,444,1178
4359,TKT-DDC2AA32,2025-12-21 06:41:20.000,439.51,942771,3,444,1179
4360,TKT-6AC1CF42,2025-11-07 07:22:49.000,218.87,,3,444,1177
4361,TKT-A5B6F236,2026-01-10 09:30:58.000,347.82,942076,3,444,1177
4362,TKT-93A9E909,2026-04-05 22:19:48.000,87.87,,3,444,1178
4363,TKT-C0F636F0,2026-01-12 09:01:13.000,227.7,943922,3,444,1178
4364,TKT-EE65762E,2026-03-16 17:38:04.000,264.52,943511,3,444,1177
4365,TKT-BB1FA826,2026-03-01 06:18:35.000,149.52,,3,444,1176
4366,TKT-13083008,2025-11-29 14:58:14.000,477.12,,3,444,1178
4367,TKT-E9175244,2026-01-13 13:23:14.000,65.95,,3,444,1177
4368,TKT-42506C4B,2025-08-22 18:17:11.000,105.72,943151,3,444,1177
4369,TKT-69058D3C,2026-05-02 02:47:27.000,730.87,942059,3,444,1179
4370,TKT-A0D04194,2026-04-02 19:14:06.000,588.43,,3,444,1179
4371,TKT-BC1F89B3,2025-09-08 01:26:49.000,199.55,943105,3,444,1176
4372,TKT-3E36B540,2025-10-21 15:57:37.000,371.98,942656,3,444,1176
4373,TKT-D3F46042,2025-08-13 17:28:39.000,505.96,942531,3,444,1178
4374,TKT-A7A32A9B,2026-04-24 16:47:33.000,225.83,943613,3,444,1176
4375,TKT-36B05F91,2025-08-12 05:50:36.000,319.72,943536,3,444,1178
4376,TKT-941D9BAD,2026-04-07 04:18:08.000,116.1,,3,444,1176
4377,TKT-EB4AC559,2026-04-30 08:14:39.000,19.76,944487,3,444,1177
4378,TKT-BEBFCD49,2025-10-04 09:26:40.000,320.87,943960,3,444,1176
4379,TKT-06A1E81A,2025-12-20 00:04:48.000,475.37,684270,5,305,853
4380,TKT-C8E70B3C,2025-10-30 05:52:53.000,452.73,681576,5,305,853
4381,TKT-36E82E81,2025-07-24 00:22:09.000,126.6,682184,5,305,853
4382,TKT-34FA9E8D,2026-03-14 06:54:28.000,317.45,682287,5,305,853
4383,TKT-C388ED7A,2026-01-16 01:29:54.000,502.96,682504,5,305,853
4384,TKT-761C47C9,2025-10-05 16:36:19.000,959.72,684897,5,305,852
4385,TKT-A7AAE83F,2025-10-21 17:48:46.000,523.77,684582,5,305,853
4386,TKT-BDB7828C,2026-03-29 21:24:59.000,184.47,681976,5,305,853
4387,TKT-3E03BC34,2025-10-05 03:44:04.000,466.29,,5,305,853
4388,TKT-A7DB8B86,2025-09-24 05:50:14.000,92.3,,5,305,852
4389,TKT-6A5244A4,2025-12-05 15:18:38.000,705.73,685307,5,305,852
4390,TKT-710F1BA7,2025-11-04 06:36:44.000,123.66,,5,305,853
4391,TKT-CFCDD1BD,2025-10-01 05:58:41.000,315.65,682755,5,305,853
4392,TKT-1BEA92F7,2025-10-22 03:41:49.000,179.37,683617,5,305,853
4393,TKT-A077E02B,2026-04-15 04:53:29.000,577.05,682509,5,305,852
4394,TKT-8F0BF8BD,2025-11-06 22:19:36.000,304.65,,5,305,851
4395,TKT-66F6F542,2025-10-31 11:34:51.000,651.03,,5,305,851
4396,TKT-21540209,2026-01-17 04:03:21.000,416.12,682512,5,305,853
4397,TKT-E517650B,2025-08-14 16:38:39.000,557.44,681477,5,305,852
4398,TKT-8C192899,2025-08-06 04:08:25.000,403.09,453188,1,212,573
4399,TKT-8532AD4D,2026-02-07 19:33:25.000,153.5,453167,1,212,573
4400,TKT-E6F3392C,2025-11-13 17:20:41.000,418.07,453034,1,212,574
4401,TKT-AEBE5F82,2026-01-08 22:33:03.000,36.82,,1,212,573
4402,TKT-BBEEDBC2,2026-03-16 00:24:25.000,130.25,453556,1,212,574
4403,TKT-0A9031F5,2025-12-31 17:22:09.000,627.87,452039,1,212,574
4404,TKT-771C1F2F,2025-09-04 16:00:22.000,274.83,452084,1,212,574
4405,TKT-772A3B3E,2026-02-14 15:19:19.000,428.57,,1,212,573
4406,TKT-92358A60,2025-11-04 08:31:06.000,70.96,452738,1,212,574
4407,TKT-87D2D510,2026-02-18 05:45:59.000,215.87,,1,212,574
4408,TKT-B94E2854,2025-09-30 11:11:46.000,185.22,,1,212,574
4409,TKT-5A206412,2025-12-31 06:37:11.000,209.03,,1,212,572
4410,TKT-FC47D5B3,2025-09-23 09:05:17.000,92.6,452872,1,212,573
4411,TKT-5F702D78,2026-04-04 01:02:11.000,110.8,452385,1,212,572
4412,TKT-4C6A5DE5,2026-03-01 07:19:35.000,171.11,453999,1,212,573
4413,TKT-31DC1CE8,2025-10-04 23:09:53.000,340.47,453807,1,212,572
4414,TKT-7EA2DB7C,2025-09-24 00:16:50.000,654.61,452170,1,212,573
4415,TKT-89D2BD1E,2026-03-11 10:44:07.000,378.6,,1,212,574
4416,TKT-B7D4401E,2025-07-24 14:47:27.000,289.24,453382,1,212,574
4417,TKT-B80314D2,2025-09-26 23:44:16.000,304.65,453991,1,212,573
4418,TKT-6EA2295D,2025-12-16 18:43:11.000,66.42,453587,1,212,573
4419,TKT-B9504384,2026-02-04 04:03:06.000,247.32,,1,212,573
4420,TKT-05760DFE,2025-11-16 02:47:55.000,380.28,484745,2,222,611
4421,TKT-ECF2BB15,2026-02-02 01:09:29.000,264.3,485153,2,222,611
4422,TKT-17E2E80C,2025-12-11 14:16:15.000,162.51,485369,2,222,610
4423,TKT-852DC8C8,2026-01-24 22:35:47.000,57.06,,2,222,611
4424,TKT-35911BB9,2026-03-11 06:25:37.000,866.47,485215,2,222,610
4425,TKT-16A98185,2025-08-04 03:07:15.000,89.22,484598,2,222,610
4426,TKT-C4C2E191,2026-05-02 10:12:47.000,772.87,,2,222,611
4427,TKT-361173E2,2025-09-20 15:11:07.000,206.82,485505,2,222,610
4428,TKT-14076F0E,2025-11-13 13:56:07.000,53.16,,2,222,610
4429,TKT-62783348,2026-03-19 00:17:16.000,534.99,,2,222,611
4430,TKT-74491753,2025-08-03 07:33:53.000,389.6,,2,222,609
4431,TKT-2D92AC52,2025-08-25 02:54:16.000,399.49,485103,2,222,612
4432,TKT-72517B4D,2026-05-04 18:34:02.000,273.3,485546,2,222,612
4433,TKT-76ACA1E9,2025-08-06 21:49:03.000,77.17,485437,2,222,611
4434,TKT-FBB3F5BB,2025-11-16 11:17:16.000,62.78,484629,2,222,610
4435,TKT-DE4170A1,2026-01-07 02:21:02.000,539.61,484919,2,222,611
4436,TKT-6BBE5DD0,2025-09-22 19:15:44.000,742.45,484654,2,222,611
4437,TKT-CCDC698C,2026-02-04 03:39:32.000,649.05,485165,2,222,612
4438,TKT-67EAF668,2026-04-14 07:23:54.000,549.79,,2,222,610
4439,TKT-55C8135C,2026-03-04 03:22:32.000,216.04,,2,222,611
4440,TKT-F52B5E1F,2025-09-24 20:02:27.000,81.0,485390,2,222,612
4441,TKT-9587D17F,2025-07-17 19:07:32.000,170.93,,2,319,890
4442,TKT-2A28E233,2025-12-03 05:52:21.000,340.96,,2,319,888
4443,TKT-BCE19218,2026-02-27 23:48:01.000,507.32,714595,2,319,888
4444,TKT-B40BAF7C,2026-05-07 09:13:49.000,687.62,,2,319,890
4445,TKT-657920AE,2025-11-07 11:14:12.000,200.0,713816,2,319,889
4446,TKT-FA1749C1,2025-11-10 09:22:00.000,483.91,714358,2,319,888
4447,TKT-CE8C4FC3,2026-04-30 05:43:55.000,503.48,714303,2,319,888
4448,TKT-24D81A68,2025-11-08 23:04:07.000,182.79,714144,2,319,889
4449,TKT-65B27482,2026-05-03 15:53:21.000,174.83,714190,2,319,889
4450,TKT-47D3BCBC,2026-05-02 15:37:07.000,31.29,,2,319,888
4451,TKT-93324F72,2025-12-27 08:10:53.000,359.6,714115,2,319,890
4452,TKT-895A2024,2025-11-29 22:18:42.000,279.65,,2,319,890
4453,TKT-00758461,2025-07-23 10:53:15.000,653.93,,2,319,890
4454,TKT-A1E91A6A,2025-08-05 01:51:33.000,501.24,,2,319,890
4455,TKT-D8731F94,2026-03-17 23:36:55.000,638.41,713847,2,319,890
4456,TKT-6844DFAA,2026-04-29 23:35:08.000,201.12,714103,2,319,890
4457,TKT-5921B7C2,2025-12-26 16:41:31.000,585.04,,2,319,889
4458,TKT-B3982278,2025-11-17 17:31:15.000,78.94,,1,494,1297
4459,TKT-85E5A68E,2026-01-28 09:44:17.000,444.77,1044766,1,494,1297
4460,TKT-D6613372,2025-09-05 19:37:44.000,679.7,1044497,1,494,1297
4461,TKT-641388AE,2025-10-10 08:29:14.000,307.73,,1,494,1297
4462,TKT-7B4D138B,2025-09-15 17:53:54.000,79.84,1042746,1,494,1297
4463,TKT-33DFB0BB,2025-12-28 12:37:22.000,252.2,,1,494,1297
4464,TKT-F28C2FD0,2025-11-19 04:17:09.000,106.8,1044225,1,494,1297
4465,TKT-A0722FDF,2026-04-13 08:45:07.000,406.67,1044360,1,494,1297
4466,TKT-CA4E7B6C,2026-04-14 03:42:55.000,41.58,1045308,1,494,1297
4467,TKT-D96D7D17,2026-04-25 21:33:01.000,415.06,,1,494,1297
4468,TKT-13F1D91D,2026-03-16 12:18:44.000,254.05,,1,494,1297
4469,TKT-59D8F4A7,2025-09-25 07:44:45.000,133.77,,1,494,1297
4470,TKT-D23266B1,2025-08-21 00:31:37.000,84.66,1045264,1,494,1297
4471,TKT-7E5EA949,2025-08-12 12:21:08.000,109.73,1045428,1,494,1297
4472,TKT-4265B4F8,2025-11-11 22:58:46.000,748.66,,1,494,1297
4473,TKT-3845EA73,2026-01-05 12:45:43.000,39.87,,1,494,1297
4474,TKT-5DEA1951,2025-07-20 06:32:32.000,321.64,,1,494,1297
4475,TKT-DF030467,2026-04-11 08:32:59.000,390.61,,1,494,1297
4476,TKT-E64058C1,2025-07-25 06:04:22.000,615.75,1044234,1,494,1297
4477,TKT-CF6CC368,2025-12-31 03:15:04.000,57.43,1042976,1,494,1297
4478,TKT-6AB6B6C7,2025-07-26 02:22:59.000,267.32,1044697,1,494,1297
4479,TKT-291D1A63,2025-10-07 19:18:46.000,17.62,,1,494,1297
4480,TKT-8EA89276,2026-03-29 04:30:12.000,420.42,,1,494,1297
4481,TKT-B69C0503,2025-12-01 04:23:49.000,249.16,1045477,1,494,1297
4482,TKT-25E7F24F,2026-01-21 18:07:43.000,566.31,,1,494,1297
4483,TKT-1DE7FC22,2026-01-26 01:47:54.000,145.82,,1,494,1297
4484,TKT-5F24DF58,2025-07-28 06:23:48.000,194.36,128836,5,62,162
4485,TKT-8DA6A0BE,2025-12-23 14:16:42.000,455.76,,5,62,162
4486,TKT-865F020B,2026-03-16 16:29:55.000,330.1,,5,62,161
4487,TKT-474D8669,2025-09-14 00:49:51.000,60.84,,5,62,163
4488,TKT-A825AC43,2025-09-15 02:16:21.000,405.45,128107,5,62,161
4489,TKT-FC51B44F,2025-12-27 09:03:31.000,255.72,130382,5,62,161
4490,TKT-70A5A59E,2026-04-20 17:49:10.000,380.58,128518,5,62,160
4491,TKT-BA7C47E2,2025-09-05 19:18:32.000,381.2,129767,5,62,160
4492,TKT-81153F93,2025-12-06 19:10:45.000,214.24,128968,5,62,162
4493,TKT-E8576F9C,2026-05-05 13:18:30.000,166.96,,5,62,160
4494,TKT-A9D86758,2026-02-18 06:54:43.000,558.52,127942,5,62,163
4495,TKT-8D2E09C7,2025-08-01 09:38:14.000,704.6,129087,5,62,160
4496,TKT-9CEE53CB,2025-10-07 23:40:13.000,417.19,,5,62,162
4497,TKT-B94A5564,2026-02-01 09:22:55.000,372.17,130300,5,62,162
4498,TKT-09532525,2025-11-21 20:55:11.000,222.99,,5,62,161
4499,TKT-111840C1,2026-05-01 16:25:30.000,143.56,130965,5,62,163
4500,TKT-8DBA18E6,2025-12-31 19:22:49.000,646.32,,5,62,160
4501,TKT-B33E6C8B,2025-10-20 22:54:45.000,426.39,128228,5,62,160
4502,TKT-D45DCE67,2026-03-04 14:36:26.000,141.32,130031,5,62,161
4503,TKT-F14C0EB7,2025-12-20 07:43:26.000,325.55,130935,5,62,162
4504,TKT-5AFB587D,2025-07-27 01:55:46.000,457.96,127653,5,62,161
4505,TKT-37EF395F,2026-01-12 13:43:25.000,184.27,130851,5,62,161
4506,TKT-FB143C62,2025-07-24 13:38:57.000,538.83,127709,5,62,160
4507,TKT-1FBDA542,2026-04-29 11:34:01.000,311.42,129391,5,62,160
4508,TKT-9FC10604,2025-07-28 06:09:20.000,266.64,127723,5,62,163
4509,TKT-0BF55D31,2025-10-29 10:18:25.000,384.33,,5,62,163
4510,TKT-4FB29686,2025-11-18 18:53:44.000,574.7,,5,62,162
4511,TKT-B6323E59,2025-12-07 11:30:20.000,186.72,131190,5,62,162
4512,TKT-18CE71D3,2026-03-18 15:03:04.000,521.29,128716,5,62,160
4513,TKT-5C6AB0D0,2025-10-16 20:37:49.000,875.41,,5,62,160
4514,TKT-0C955116,2025-08-01 07:41:20.000,256.19,128804,5,62,160
4515,TKT-AB518DF0,2026-02-05 09:05:29.000,465.9,130330,5,62,161
4516,TKT-0CE11011,2025-09-20 16:12:06.000,371.15,,5,62,163
4517,TKT-075BEA95,2026-02-13 20:19:59.000,601.36,,5,62,160
4518,TKT-A4B16DB3,2026-04-10 12:10:10.000,449.88,129893,5,62,161
4519,TKT-D8FC567E,2026-02-03 11:20:20.000,231.94,,5,62,160
4520,TKT-8A08D0CC,2026-04-30 16:53:19.000,86.28,,5,62,161
4521,TKT-DCD714D6,2026-04-25 04:34:47.000,261.44,,5,62,160
4522,TKT-B83E3F9F,2025-07-14 05:59:41.000,440.99,129857,5,62,161
4523,TKT-51F1CB1B,2026-02-19 00:42:48.000,343.59,,5,62,162
4524,TKT-BC1D0757,2026-03-20 17:59:08.000,339.38,131024,5,62,162
4525,TKT-19BE293B,2026-01-09 06:42:07.000,513.28,,5,62,160
4526,TKT-9CF622C6,2025-10-04 18:34:26.000,469.29,129898,5,62,161
4527,TKT-AE4A5994,2025-11-18 22:50:10.000,152.88,129244,5,62,160
4528,TKT-81F94C26,2025-07-25 21:53:30.000,282.73,130589,5,62,162
4529,TKT-B2C0DA7A,2025-11-04 10:33:36.000,281.92,127985,5,62,162
4530,TKT-2413BCCA,2026-02-27 11:50:44.000,257.04,,5,62,160
4531,TKT-FEA880A3,2026-05-04 16:30:10.000,401.3,128219,5,62,162
4532,TKT-9B170BAB,2026-01-02 05:52:07.000,48.95,,5,62,160
4533,TKT-982EB7C8,2026-03-08 09:14:37.000,475.3,,5,62,162
4534,TKT-E6347B03,2026-03-28 08:50:51.000,273.08,,5,62,160
4535,TKT-AF988802,2026-02-21 12:53:41.000,444.65,130739,5,62,163
4536,TKT-4403DE83,2026-04-02 23:40:04.000,198.51,130487,5,62,162
4537,TKT-3B1F704D,2025-09-17 01:57:48.000,305.82,763124,2,344,949
4538,TKT-E56A9E6B,2025-10-29 17:17:51.000,428.8,762422,2,344,945
4539,TKT-90E8534B,2025-09-15 20:06:06.000,530.13,761685,2,344,949
4540,TKT-42396FE1,2025-10-21 13:35:12.000,770.63,,2,344,945
4541,TKT-2EB1D90A,2025-12-09 08:42:12.000,628.26,759506,2,344,947
4542,TKT-FBCEEE6C,2025-07-31 02:11:03.000,119.92,763301,2,344,947
4543,TKT-49D3085E,2026-03-23 09:37:44.000,321.05,,2,344,946
4544,TKT-E1E00A93,2025-10-23 17:14:24.000,269.36,760828,2,344,946
4545,TKT-CDAC1C45,2025-10-12 18:19:28.000,558.03,762145,2,344,944
4546,TKT-F29B6573,2025-10-10 12:38:48.000,522.38,758203,2,344,948
4547,TKT-6E096778,2026-03-05 12:05:08.000,214.28,759714,2,344,944
4548,TKT-A5F07768,2025-09-17 15:15:02.000,499.09,,2,344,950
4549,TKT-7D9770ED,2025-08-05 08:20:46.000,666.8,762761,2,344,947
4550,TKT-D45211AE,2026-03-01 08:12:44.000,87.15,760051,2,344,950
4551,TKT-F3CF9517,2025-10-10 15:48:20.000,575.45,759947,2,344,948
4552,TKT-48CEEB69,2025-11-16 04:25:46.000,753.83,872211,1,410,1095
4553,TKT-931713E2,2025-09-03 05:08:23.000,44.57,,1,410,1095
4554,TKT-E5C36E5C,2026-02-19 00:11:00.000,335.01,,1,410,1094
4555,TKT-178B8FF5,2025-07-15 06:10:50.000,202.8,871879,1,410,1094
4556,TKT-84BC08FA,2026-05-03 20:59:21.000,521.04,,1,410,1095
4557,TKT-B5199D7F,2025-08-29 01:07:20.000,292.58,872068,1,410,1095
4558,TKT-15505061,2026-04-18 11:42:53.000,672.18,873503,1,410,1095
4559,TKT-C56B79B8,2026-01-06 14:34:02.000,505.54,873365,1,410,1094
4560,TKT-2ED6F485,2026-02-19 22:56:01.000,592.75,872756,1,410,1094
4561,TKT-2F245280,2026-01-31 03:12:00.000,364.9,871256,1,410,1094
4562,TKT-C831E535,2025-12-15 04:25:37.000,530.57,871356,1,410,1094
4563,TKT-ADC0BC63,2025-08-08 08:36:09.000,69.94,871775,1,410,1094
4564,TKT-119D237C,2025-12-17 09:39:34.000,605.85,873185,1,410,1094
4565,TKT-EE9A19CA,2026-02-10 18:35:37.000,893.72,,1,410,1094
4566,TKT-73EF059D,2025-10-16 12:20:08.000,544.48,871997,1,410,1094
4567,TKT-450E32D2,2025-11-26 10:37:57.000,330.83,871618,1,410,1095
4568,TKT-B4B68D8E,2025-12-29 12:38:08.000,15.49,,1,410,1095
4569,TKT-460956F3,2025-09-24 01:00:18.000,87.9,873239,1,410,1095
4570,TKT-4510840A,2026-02-10 15:24:25.000,320.24,,1,410,1094
4571,TKT-8D3DAC35,2025-11-21 01:41:59.000,71.1,,1,410,1095
4572,TKT-78C9A8DF,2025-12-15 09:11:13.000,563.22,,1,410,1094
4573,TKT-5225699B,2025-08-19 03:48:42.000,742.06,872720,1,410,1095
4574,TKT-9B7EB4DB,2025-11-20 19:35:19.000,123.3,,1,410,1094
4575,TKT-8909F7AE,2026-05-07 23:10:05.000,502.11,,1,410,1095
4576,TKT-4272AE85,2025-11-27 22:53:56.000,426.43,873408,1,410,1095
4577,TKT-4C9F14CD,2025-10-08 11:23:46.000,446.22,871802,1,410,1094
4578,TKT-6B08D687,2025-07-25 04:38:49.000,394.52,872173,1,410,1094
4579,TKT-78E0675A,2025-12-23 22:40:23.000,257.22,873147,1,410,1094
4580,TKT-819696CC,2025-11-20 18:19:45.000,738.05,873529,1,410,1094
4581,TKT-A65BFBE1,2025-12-22 03:05:39.000,111.6,872404,1,410,1095
4582,TKT-BAF45BDF,2026-05-01 05:03:51.000,136.61,872491,1,410,1095
4583,TKT-1D98E0BB,2025-11-21 16:52:43.000,139.53,872504,1,410,1095
4584,TKT-24678486,2026-04-28 15:22:58.000,351.87,872390,1,410,1095
4585,TKT-15AFF217,2026-03-13 00:13:40.000,405.5,872237,1,410,1094
4586,TKT-FB6239DF,2025-10-11 10:09:54.000,349.07,,3,160,428
4587,TKT-319FC0FF,2025-12-25 18:25:19.000,449.93,,3,160,428
4588,TKT-84B7B474,2025-11-12 16:34:51.000,664.66,341297,3,160,429
4589,TKT-8015411E,2025-12-26 05:00:30.000,415.84,340842,3,160,428
4590,TKT-813EC6C3,2025-08-04 17:22:53.000,801.47,,3,160,429
4591,TKT-1314E756,2026-02-28 07:58:05.000,306.26,340916,3,160,428
4592,TKT-BF9AD05C,2026-01-19 15:52:19.000,505.65,,3,160,428
4593,TKT-C0D7B6FA,2026-04-01 02:08:25.000,104.67,340826,3,160,429
4594,TKT-737D9838,2025-08-03 22:59:17.000,312.36,341413,3,160,427
4595,TKT-E1E2CFBF,2025-08-23 04:48:42.000,196.82,340718,3,160,427
4596,TKT-4F045CA1,2025-10-24 15:30:14.000,536.07,,3,160,429
4597,TKT-F5691EF2,2026-03-17 16:00:56.000,142.04,,3,160,428
4598,TKT-DA5653A0,2025-11-06 15:51:57.000,46.26,,3,160,429
4599,TKT-4F55EEF5,2025-08-01 23:46:57.000,3.53,341075,3,160,428
4600,TKT-03C2C50C,2025-08-27 02:24:33.000,672.44,341680,3,160,428
4601,TKT-FAB719D7,2025-09-17 09:02:48.000,258.65,,3,160,429
4602,TKT-A9EAF635,2026-04-03 21:29:19.000,445.76,340407,3,160,429
4603,TKT-5DB44FB8,2025-12-20 15:00:46.000,443.47,341229,3,160,429
4604,TKT-6CE5D12A,2026-04-25 11:50:58.000,483.11,340920,3,160,427
4605,TKT-7BBEA154,2025-12-23 02:15:34.000,96.41,340721,3,160,428
4606,TKT-E34960B2,2025-11-10 06:15:47.000,148.32,341094,3,160,429
4607,TKT-19FBC7AD,2026-01-13 11:22:44.000,251.8,341063,3,160,427
4608,TKT-885C780E,2026-03-22 00:22:53.000,677.92,,3,160,427
4609,TKT-FA3B2FD1,2025-10-23 12:15:34.000,222.3,340970,3,160,427
4610,TKT-F360F83F,2026-02-01 08:25:52.000,284.39,,3,160,429
4611,TKT-51B51995,2025-08-23 20:52:55.000,337.96,,3,160,427
4612,TKT-DA63EE20,2025-10-28 20:32:39.000,273.91,,3,160,429
4613,TKT-63B33E7E,2025-10-30 06:36:23.000,226.53,,3,160,427
4614,TKT-C4E1DC61,2025-09-09 11:27:15.000,24.33,341223,3,160,428
4615,TKT-D69F497C,2026-03-26 13:03:14.000,43.05,340871,3,160,427
4616,TKT-7C5194CB,2026-01-24 17:01:44.000,663.5,340803,3,160,428
4617,TKT-2CDAB1FD,2025-09-08 21:44:00.000,416.15,340276,3,160,428
4618,TKT-EB7E8758,2026-02-22 11:15:16.000,783.24,340369,3,160,428
4619,TKT-91A0C40A,2025-12-20 10:20:44.000,25.88,341665,3,160,428
4620,TKT-C888A072,2026-01-11 14:29:21.000,558.84,341066,3,160,427
4621,TKT-31B5F9BD,2025-08-21 23:46:49.000,309.72,340732,3,160,427
4622,TKT-7C8ABFD3,2026-04-17 10:21:48.000,562.24,,3,160,429
4623,TKT-3924B154,2025-12-11 07:50:27.000,55.99,,3,160,428
4624,TKT-287A82C7,2026-03-04 21:51:31.000,184.65,341447,3,160,429
4625,TKT-6B8EF091,2025-08-13 07:55:03.000,241.04,341242,3,160,428
4626,TKT-F4F2D0E9,2025-12-08 16:15:01.000,432.54,341677,3,160,428
4627,TKT-9FEFDC59,2025-08-29 09:15:59.000,322.55,,3,160,428
4628,TKT-0A181401,2026-03-30 16:14:41.000,663.11,,3,160,429
4629,TKT-1EAC91CC,2025-09-13 05:11:04.000,379.72,341178,3,160,429
4630,TKT-2FBECC0B,2026-03-03 16:49:36.000,102.58,340727,3,160,427
4631,TKT-7EA39868,2025-08-05 20:41:23.000,367.14,,3,160,429
4632,TKT-CD38AD5D,2025-07-26 12:49:44.000,508.37,341531,3,160,429
4633,TKT-1D9D07FE,2025-07-16 12:33:31.000,655.69,340807,3,160,429
4634,TKT-D80E0629,2025-09-18 17:06:56.000,262.74,340306,3,160,428
4635,TKT-7BF90836,2026-01-10 01:49:36.000,227.76,340456,3,160,427
4636,TKT-926FE0F4,2025-12-11 16:56:24.000,751.53,341338,3,160,429
4637,TKT-B05C2B5F,2026-04-30 13:41:42.000,307.99,341089,3,160,427
4638,TKT-60BAFBA2,2026-04-20 17:53:45.000,155.52,118200,3,54,142
4639,TKT-1B2530A6,2026-01-03 14:04:09.000,68.16,118207,3,54,142
4640,TKT-454E6140,2025-09-30 11:48:45.000,329.7,116889,3,54,142
4641,TKT-37B9460E,2025-10-13 02:13:25.000,156.84,117063,3,54,142
4642,TKT-8E0D04FF,2025-07-27 19:00:24.000,514.12,119671,3,54,142
4643,TKT-5554DD4A,2026-01-31 10:27:43.000,262.41,118165,3,54,142
4644,TKT-C7E1F638,2025-09-19 13:35:00.000,42.95,119538,3,54,142
4645,TKT-AA71C291,2025-08-20 08:39:06.000,219.55,117404,3,54,142
4646,TKT-D77E8A9C,2026-05-02 19:49:05.000,325.05,,3,54,142
4647,TKT-03259EAE,2025-08-11 04:48:47.000,236.25,,3,54,142
4648,TKT-3A50EE4C,2026-02-27 00:51:25.000,71.13,118233,3,54,142
4649,TKT-6D385FCD,2025-09-25 11:03:51.000,240.52,117505,3,54,142
4650,TKT-F91F867A,2025-11-23 23:33:55.000,267.16,118351,3,54,142
4651,TKT-61C7CA1D,2025-10-02 00:01:52.000,209.92,119356,3,54,142
4652,TKT-037D3D3E,2026-03-30 22:28:05.000,244.36,,3,54,142
4653,TKT-E7053045,2025-12-25 04:58:36.000,279.54,118958,3,54,142
4654,TKT-E4DE0807,2026-01-07 03:35:19.000,305.68,,3,54,142
4655,TKT-F6B978C2,2026-03-19 16:49:35.000,713.3,118683,3,54,142
4656,TKT-39BFC909,2025-12-03 18:20:38.000,85.68,117292,3,54,142
4657,TKT-430F6276,2025-08-01 14:12:18.000,528.28,116585,3,54,142
4658,TKT-7C03F22D,2025-12-01 11:12:52.000,483.65,117426,3,54,142
4659,TKT-E7871367,2026-03-13 12:02:41.000,244.89,511188,2,229,639
4660,TKT-4006575C,2026-02-13 21:04:04.000,515.88,511578,2,229,639
4661,TKT-EDAAD745,2025-12-15 22:26:36.000,206.18,511357,2,229,638
4662,TKT-5271C7BF,2026-03-12 20:35:06.000,437.95,,2,229,638
4663,TKT-90C74331,2026-01-08 19:23:58.000,98.28,510568,2,229,638
4664,TKT-506C0012,2025-12-06 15:07:28.000,542.54,,2,229,639
4665,TKT-F4669320,2025-08-02 05:08:38.000,350.29,511206,2,229,638
4666,TKT-B6A74068,2025-10-15 13:00:20.000,569.23,,2,229,638
4667,TKT-DE7C9884,2026-01-04 20:32:15.000,155.83,,2,229,639
4668,TKT-3DCB32F9,2025-11-30 06:10:17.000,255.9,511212,2,229,638
4669,TKT-B7078BA7,2026-01-06 08:07:48.000,441.02,,2,229,638
4670,TKT-C92DF77F,2026-01-14 06:10:31.000,591.56,510796,2,229,638
4671,TKT-50B31AF9,2025-07-26 02:49:08.000,173.5,511201,2,229,638
4672,TKT-B538E0A8,2025-09-17 05:32:28.000,526.37,,3,250,694
4673,TKT-3E5D3B57,2025-10-21 21:00:27.000,284.26,561043,3,250,694
4674,TKT-257A9193,2026-01-25 23:23:09.000,572.6,557806,3,250,694
4675,TKT-21CDC98A,2025-08-27 20:52:20.000,173.66,557893,3,250,696
4676,TKT-CE269CBC,2025-10-25 21:35:51.000,54.95,560797,3,250,697
4677,TKT-3CC8A208,2026-03-02 16:34:29.000,230.95,,3,250,697
4678,TKT-AFCFCB2B,2025-10-27 00:42:47.000,188.64,,3,250,700
4679,TKT-F7976356,2025-08-11 11:54:35.000,264.13,558139,3,250,700
4680,TKT-2184816A,2025-11-10 04:38:15.000,163.74,,3,250,698
4681,TKT-D89B11AA,2025-11-19 06:39:55.000,799.86,,3,250,697
4682,TKT-7E9A9B96,2026-04-16 01:34:10.000,171.64,560466,3,250,696
4683,TKT-F2D66DC0,2025-09-23 15:55:05.000,53.6,,3,250,695
4684,TKT-EE3AF325,2026-01-11 10:01:17.000,356.0,560993,3,250,698
4685,TKT-DF25D6F4,2025-12-19 00:53:42.000,427.27,557384,3,250,699
4686,TKT-EC64FC0B,2025-11-17 19:42:37.000,242.14,559735,3,250,699
4687,TKT-1E2C1845,2025-12-23 11:14:47.000,500.53,560210,3,250,696
4688,TKT-7A65B810,2026-04-01 01:23:47.000,126.4,560378,3,250,698
4689,TKT-D742C43B,2025-10-04 09:46:43.000,327.59,559026,3,250,694
4690,TKT-0CB73569,2025-11-24 20:54:05.000,506.02,,3,250,699
4691,TKT-CB05CC76,2026-01-27 11:17:34.000,287.62,556126,3,250,696
4692,TKT-4EDA5074,2025-08-06 21:26:18.000,214.59,,3,250,696
4693,TKT-B9ECC69D,2025-12-12 04:46:11.000,209.17,555574,3,250,694
4694,TKT-1BAF6433,2026-03-17 11:52:29.000,306.12,558040,3,250,693
4695,TKT-5B1DB5CB,2026-04-14 13:58:47.000,435.43,,3,250,696
4696,TKT-A319DD92,2025-12-26 15:25:21.000,340.41,560128,3,250,694
4697,TKT-308700DF,2025-08-04 06:19:13.000,98.22,,3,250,699
4698,TKT-50684E52,2025-09-26 05:32:50.000,435.1,1050152,5,497,1302
4699,TKT-C256ECF9,2025-07-30 22:14:19.000,298.5,,5,497,1302
4700,TKT-58AE6427,2026-02-12 16:01:33.000,139.36,1050422,5,497,1302
4701,TKT-3CF782EC,2026-03-20 14:02:45.000,295.86,1051183,5,497,1302
4702,TKT-E9965CAF,2025-10-27 13:11:41.000,250.71,1050127,5,497,1303
4703,TKT-A2663E13,2026-03-22 07:57:36.000,345.19,1050183,5,497,1302
4704,TKT-FD90C5E8,2025-11-02 08:37:46.000,165.7,1050396,5,497,1303
4705,TKT-19973362,2025-11-10 09:11:58.000,220.96,1051151,5,497,1302
4706,TKT-EA44C850,2026-04-14 08:18:58.000,108.78,1050304,5,497,1302
4707,TKT-A4C2D6E9,2026-02-10 04:15:10.000,338.62,,5,497,1302
4708,TKT-0DDE5D68,2025-07-17 21:33:04.000,342.59,1050980,5,497,1303
4709,TKT-79A8846A,2026-02-13 08:10:29.000,192.75,1051491,5,497,1303
4710,TKT-D0F68700,2026-04-12 14:26:38.000,460.27,1051231,5,497,1302
4711,TKT-FE57070D,2026-04-21 09:51:38.000,20.82,1050420,5,497,1303
4712,TKT-14EE9A72,2025-08-05 13:27:20.000,22.41,1050778,5,497,1302
4713,TKT-78C33F32,2026-02-01 19:54:23.000,358.87,1050859,5,497,1303
4714,TKT-AE64EB97,2026-01-03 03:38:21.000,203.28,1051431,5,497,1303
4715,TKT-33C98690,2025-10-23 08:54:00.000,241.44,1050370,5,497,1302
4716,TKT-0E4FB5FD,2025-09-22 21:57:41.000,569.77,1050718,5,497,1302
4717,TKT-31AD05C3,2026-02-27 22:41:04.000,245.78,,5,497,1303
4718,TKT-AADF8023,2025-09-26 08:43:01.000,13.07,1050398,5,497,1302
4719,TKT-1564B46F,2026-01-29 15:11:19.000,62.28,1050870,5,497,1303
4720,TKT-9316E7D1,2025-08-12 14:41:15.000,105.76,,5,497,1302
4721,TKT-12468C80,2026-01-26 07:36:18.000,564.04,1051473,5,497,1303
4722,TKT-09091ACF,2025-12-24 00:59:42.000,558.82,1050203,5,497,1303
4723,TKT-20A0EEB7,2025-11-25 13:37:11.000,56.15,1050596,5,497,1303
4724,TKT-C788C240,2026-05-07 20:39:57.000,474.45,,5,497,1302
4725,TKT-634FD2E8,2026-03-16 23:22:47.000,258.89,1051459,5,497,1302
4726,TKT-826AE1D7,2025-08-25 03:53:01.000,102.26,1051493,5,497,1302
4727,TKT-6575B3EA,2025-12-24 20:25:58.000,200.91,1051329,5,497,1302
4728,TKT-8C86FD27,2026-02-21 07:42:29.000,10.96,,5,497,1303
4729,TKT-C416CAA3,2025-11-12 22:36:28.000,264.18,1050317,5,497,1302
4730,TKT-8C3683C8,2025-11-21 08:11:50.000,120.85,,5,497,1302
4731,TKT-79A2AD70,2026-01-18 09:36:17.000,189.84,1050381,5,497,1303
4732,TKT-5E36D51B,2026-04-08 19:25:58.000,48.41,1051124,5,497,1303
4733,TKT-2773AB7C,2025-08-24 20:28:18.000,98.9,1050491,5,497,1302
4734,TKT-4CEF3A51,2025-11-21 15:12:21.000,571.44,1050822,5,497,1302
4735,TKT-6A1D7C8A,2026-04-27 09:54:58.000,247.94,531941,5,240,660
4736,TKT-82B83134,2026-01-12 12:40:11.000,421.64,532185,5,240,660
4737,TKT-315CB17D,2025-11-04 12:37:57.000,208.32,,5,240,660
4738,TKT-2E9C69D3,2025-09-06 22:52:13.000,157.63,,5,240,660
4739,TKT-A0856234,2025-10-13 15:12:57.000,456.13,,5,240,660
4740,TKT-34F49BFF,2026-04-23 15:05:55.000,19.32,,5,240,660
4741,TKT-3C2E7A8E,2026-05-05 02:03:18.000,621.6,,5,240,660
4742,TKT-E6AF57A5,2025-09-28 23:30:18.000,512.88,,5,240,660
4743,TKT-5722EACE,2025-08-13 04:39:08.000,331.84,,5,240,660
4744,TKT-DE78BEC3,2025-10-24 22:36:03.000,343.32,,5,240,660
4745,TKT-9D62410F,2026-02-09 13:25:14.000,568.0,,5,240,660
4746,TKT-C009BD8E,2026-03-10 00:03:48.000,147.67,,5,240,660
4747,TKT-BA37803A,2025-12-16 18:00:17.000,194.01,531671,5,240,660
4748,TKT-C8036968,2025-10-04 11:29:02.000,152.42,531381,5,240,660
4749,TKT-5B890651,2025-09-26 22:33:32.000,61.14,531693,5,240,660
4750,TKT-793C30DA,2026-03-02 04:41:09.000,231.32,531468,5,240,660
4751,TKT-68491A72,2025-09-02 18:59:55.000,325.59,,5,240,660
4752,TKT-AFFC1A55,2026-04-10 08:15:28.000,144.63,531991,5,240,660
4753,TKT-DBF4C605,2026-01-24 16:30:36.000,315.67,531848,5,240,660
4754,TKT-68DA697C,2026-03-26 14:49:54.000,376.13,531548,5,240,660
4755,TKT-6C44A7AD,2026-04-06 22:10:18.000,305.4,532250,5,240,660
4756,TKT-8238B311,2026-02-02 16:38:02.000,658.29,532305,5,240,660
4757,TKT-9EE9D55A,2026-01-04 04:21:46.000,225.85,,5,240,660
4758,TKT-27E0D707,2026-04-22 21:55:30.000,49.41,531375,5,240,660
4759,TKT-4C093EE8,2026-03-18 07:27:04.000,387.29,,5,240,660
4760,TKT-B562CF11,2026-01-10 01:57:48.000,379.45,531766,5,240,660
4761,TKT-9F41893F,2026-02-17 20:49:58.000,446.97,,5,240,660
4762,TKT-7966AEB7,2026-03-29 18:21:12.000,693.16,532527,5,240,660
4763,TKT-AB690F9A,2026-01-05 02:38:03.000,444.39,,5,240,660
4764,TKT-44E34322,2025-12-16 01:57:24.000,205.03,532126,5,240,660
4765,TKT-FA50E9E2,2025-11-10 08:42:54.000,204.84,531687,5,240,660
4766,TKT-BD6412F0,2025-10-08 05:23:55.000,164.04,532080,5,240,660
4767,TKT-4AD775EA,2026-03-03 12:34:51.000,370.61,531623,5,240,660
4768,TKT-E6258511,2025-10-28 00:16:34.000,530.04,531337,5,240,660
4769,TKT-4D015378,2025-11-03 18:13:44.000,629.91,532581,5,240,660
4770,TKT-A91E03DC,2025-11-26 10:29:31.000,268.55,532336,5,240,660
4771,TKT-82F91845,2025-09-02 12:06:11.000,192.27,531370,5,240,660
4772,TKT-EA557782,2026-01-20 10:49:19.000,8.13,,5,240,660
4773,TKT-50323F83,2025-07-26 18:53:26.000,271.59,531601,5,240,660
4774,TKT-7E2DC75C,2025-09-07 15:49:39.000,628.51,,5,240,660
4775,TKT-A8A2915B,2025-10-08 23:03:06.000,479.54,532220,5,240,660
4776,TKT-08BC0837,2025-07-21 02:18:43.000,716.58,,5,240,660
4777,TKT-08EC841F,2025-11-26 11:27:41.000,279.4,531875,5,240,660
4778,TKT-0E5DE042,2025-11-03 00:51:58.000,124.8,,5,240,660
4779,TKT-91B23326,2025-09-20 23:02:52.000,445.54,532268,5,240,660
4780,TKT-0612D316,2025-10-04 00:41:13.000,400.27,532178,5,240,660
4781,TKT-FEDA46EA,2025-10-05 18:31:53.000,126.24,531567,5,240,660
4782,TKT-64965454,2026-04-30 04:53:42.000,185.56,531428,5,240,660
4783,TKT-8F0D76FA,2026-03-16 03:36:04.000,52.57,532213,5,240,660
4784,TKT-C4967640,2025-09-18 22:23:26.000,155.84,,5,240,660
4785,TKT-6BD4DC04,2026-04-08 09:28:42.000,381.54,,5,240,660
4786,TKT-A747B6C8,2025-07-12 20:35:45.000,108.5,532498,5,240,660
4787,TKT-2C4A76E5,2026-01-28 20:02:08.000,195.35,532196,5,240,660
4788,TKT-B9024585,2026-04-30 23:44:48.000,177.72,,5,414,1105
4789,TKT-2DFDC5CD,2025-10-07 07:55:20.000,168.03,882474,5,414,1105
4790,TKT-8E975643,2025-09-07 07:22:25.000,582.65,883604,5,414,1105
4791,TKT-6EE16A9C,2025-11-24 05:22:57.000,133.63,883275,5,414,1105
4792,TKT-16468118,2025-10-23 18:22:09.000,118.25,883409,5,414,1106
4793,TKT-273FD6E1,2025-12-05 09:36:35.000,97.42,883134,5,414,1106
4794,TKT-EEE5A567,2025-11-04 10:58:21.000,50.73,883294,5,414,1106
4795,TKT-6331CC1B,2026-04-16 01:38:49.000,484.44,,5,414,1106
4796,TKT-E092DEFE,2025-10-01 05:41:03.000,237.68,883748,5,414,1106
4797,TKT-66BFEE17,2025-10-30 02:57:35.000,66.15,881825,5,414,1105
4798,TKT-E660A7A5,2026-04-28 18:10:26.000,583.1,881508,5,414,1106
4799,TKT-29948EBC,2025-12-28 10:28:55.000,241.85,,5,414,1106
4800,TKT-959D7C73,2026-04-17 19:55:32.000,37.91,881878,5,414,1106
4801,TKT-58960751,2025-07-18 11:05:55.000,426.5,881755,5,414,1106
4802,TKT-DD318BDE,2026-03-23 00:14:23.000,279.77,,5,414,1105
4803,TKT-D2ADE20D,2026-01-13 15:48:57.000,64.71,883506,5,414,1105
4804,TKT-44E297B0,2026-03-30 09:02:32.000,109.71,881373,5,414,1106
4805,TKT-37989715,2025-10-20 12:54:38.000,105.14,881313,5,414,1106
4806,TKT-A233AC38,2026-03-20 12:20:51.000,232.73,881726,5,414,1106
4807,TKT-7A22B98D,2025-10-18 15:25:38.000,454.9,881737,5,414,1106
4808,TKT-1DE6B122,2025-08-10 13:48:57.000,77.76,,5,414,1106
4809,TKT-CE0D9A42,2025-11-29 09:16:31.000,773.08,881894,5,414,1105
4810,TKT-29BCE1C3,2026-04-07 04:50:44.000,343.52,883065,5,414,1105
4811,TKT-93102DAD,2026-03-06 12:56:13.000,79.8,883445,5,414,1105
4812,TKT-8DA39B56,2026-05-06 05:59:44.000,242.58,882887,5,414,1106
4813,TKT-405A1733,2025-10-14 03:41:47.000,579.91,881427,5,414,1106
4814,TKT-F5355300,2025-11-17 16:53:46.000,498.68,883479,5,414,1106
4815,TKT-50ABABEA,2025-09-20 14:17:04.000,20.08,881391,5,414,1106
4816,TKT-31DC2B29,2025-11-10 23:40:01.000,165.03,,5,414,1105
4817,TKT-6B2E0FF6,2026-03-13 15:02:36.000,153.08,,5,414,1105
4818,TKT-102FC53E,2026-05-02 19:52:04.000,183.68,,3,496,1300
4819,TKT-A9A25BC7,2025-11-16 08:14:31.000,494.98,,3,496,1299
4820,TKT-5E071722,2025-08-05 10:51:38.000,442.48,1048404,3,496,1300
4821,TKT-4A38EF23,2026-03-17 23:36:56.000,192.72,1049296,3,496,1300
4822,TKT-9CCB977D,2026-05-04 05:02:51.000,328.78,,3,496,1300
4823,TKT-F30020A4,2025-12-14 10:38:49.000,305.17,,3,496,1301
4824,TKT-C65503BA,2026-03-16 10:02:44.000,182.03,1049553,3,496,1299
4825,TKT-D66CEB02,2025-08-11 19:36:27.000,171.9,,3,496,1299
4826,TKT-F1079973,2025-08-08 03:45:42.000,905.19,1048665,3,496,1299
4827,TKT-02FDF831,2026-04-28 09:21:38.000,708.4,1048246,3,496,1301
4828,TKT-DA3EC524,2025-12-02 06:49:48.000,60.98,,3,496,1301
4829,TKT-06ABEFFD,2025-12-18 22:32:58.000,78.32,1048508,3,496,1300
4830,TKT-1D432E4D,2025-09-11 01:32:57.000,915.74,,3,496,1300
4831,TKT-46261D91,2025-10-31 02:36:18.000,606.9,1048580,3,496,1301
4832,TKT-C774F80B,2026-03-20 02:47:39.000,39.96,1049048,3,496,1299
4833,TKT-28CA13DD,2025-12-04 17:15:26.000,428.1,,3,496,1300
4834,TKT-98151254,2025-10-04 09:39:05.000,362.45,1048387,3,496,1299
4835,TKT-962CD8DF,2025-09-21 08:50:07.000,53.92,,3,496,1301
4836,TKT-9EA415AB,2025-12-27 02:11:28.000,166.35,,3,496,1300
4837,TKT-759BD8CD,2026-04-22 09:11:51.000,595.75,,3,496,1299
4838,TKT-49793771,2025-11-04 19:21:31.000,349.7,1048588,3,496,1300
4839,TKT-621FF782,2025-12-06 20:07:51.000,136.06,1049820,3,496,1299
4840,TKT-CA5F983C,2026-03-29 17:40:48.000,513.51,1049961,3,496,1301
4841,TKT-7C0BF9C5,2025-12-21 08:30:07.000,88.15,1048427,3,496,1301
4842,TKT-38D6FE5C,2025-08-07 22:31:28.000,525.43,70817,1,33,90
4843,TKT-BF04F0B6,2026-04-16 13:19:29.000,695.25,69465,1,33,89
4844,TKT-51C4B1DB,2025-09-13 08:45:39.000,164.36,72517,1,33,87
4845,TKT-92432D92,2026-04-04 17:58:17.000,425.88,69148,1,33,88
4846,TKT-1B16F32A,2025-09-07 02:23:02.000,456.14,,1,33,87
4847,TKT-11F6D45D,2026-02-04 09:35:39.000,888.47,,1,33,89
4848,TKT-253131FF,2025-09-14 03:29:48.000,208.52,,1,33,91
4849,TKT-7548BDD1,2025-12-05 18:30:49.000,208.61,70573,1,33,88
4850,TKT-DA27C531,2026-03-23 05:51:26.000,193.15,69873,1,33,91
4851,TKT-979EE67C,2025-11-07 01:07:39.000,502.47,71423,1,33,90
4852,TKT-368971D0,2025-08-23 17:49:36.000,180.2,74092,1,33,91
4853,TKT-9FE7DD88,2025-10-11 05:15:44.000,346.85,,1,33,89
4854,TKT-3AFB3CF0,2026-03-01 05:05:12.000,335.21,71798,1,33,90
4855,TKT-E674EBF2,2025-10-01 06:28:03.000,61.86,73842,1,33,87
4856,TKT-C635956B,2025-08-13 15:02:52.000,392.25,71588,1,33,90
4857,TKT-3807D692,2025-12-06 09:46:17.000,438.96,72416,1,33,88
4858,TKT-20F6B284,2026-05-03 17:02:34.000,636.71,,1,33,87
4859,TKT-83FF501A,2025-09-03 16:32:23.000,595.74,74231,1,33,91
4860,TKT-AB6A11A7,2025-11-29 03:28:37.000,378.41,74027,1,33,90
4861,TKT-AE3996F5,2025-08-16 23:59:53.000,580.0,72280,1,33,88
4862,TKT-01B1DE48,2025-11-23 22:46:11.000,154.17,73436,1,33,90
4863,TKT-327FE550,2025-10-27 20:53:19.000,223.56,,1,33,87
4864,TKT-B076985F,2026-04-01 06:56:41.000,222.98,73731,1,33,91
4865,TKT-669DBB01,2026-02-12 14:32:28.000,645.2,,1,33,87
4866,TKT-30E027FD,2025-10-18 13:15:00.000,892.26,,1,33,90
4867,TKT-B3198F12,2026-02-03 00:06:52.000,221.68,,1,33,87
4868,TKT-FAA38C8D,2025-08-15 21:51:52.000,495.96,72283,1,33,91
4869,TKT-E4EBE59C,2025-10-11 19:25:54.000,327.12,,1,33,91
4870,TKT-2E586F3A,2025-12-04 20:13:14.000,166.0,817003,4,374,1016
4871,TKT-8A036696,2026-01-02 04:38:54.000,231.84,,4,374,1016
4872,TKT-EF233F5A,2025-10-03 12:22:53.000,476.43,,4,374,1016
4873,TKT-7FD35B81,2025-12-13 14:00:23.000,15.87,817472,4,374,1016
4874,TKT-169C98D7,2026-01-24 15:32:32.000,143.81,817507,4,374,1016
4875,TKT-3EED1C2F,2025-11-29 15:13:40.000,282.16,817361,4,374,1016
4876,TKT-49E96685,2025-10-26 19:29:11.000,52.08,816086,4,374,1016
4877,TKT-9F82AC2D,2025-07-12 22:52:52.000,253.62,817226,4,374,1016
4878,TKT-ECBF4ACD,2025-09-10 23:56:43.000,212.75,817320,4,374,1016
4879,TKT-12D2C083,2025-09-26 12:00:05.000,217.08,817484,4,374,1016
4880,TKT-B07B8CE7,2025-09-01 07:33:28.000,550.39,817513,4,374,1016
4881,TKT-8CACC91E,2026-05-01 11:26:04.000,599.9,817227,4,374,1016
4882,TKT-FA8EB34C,2026-02-19 19:17:23.000,301.14,816855,4,374,1016
4883,TKT-0BA95917,2025-08-27 11:43:25.000,165.4,,4,374,1016
4884,TKT-C399D645,2025-11-14 17:10:49.000,354.15,,4,374,1016
4885,TKT-EEF9A9A2,2026-03-29 10:33:54.000,113.96,817223,4,374,1016
4886,TKT-D489474B,2026-03-24 19:30:26.000,413.86,816638,4,374,1016
4887,TKT-3EA9E44F,2025-11-01 19:37:31.000,215.6,817314,4,374,1016
4888,TKT-84DF8BF8,2025-11-09 14:26:38.000,99.93,816800,4,374,1016
4889,TKT-342BB9A6,2025-12-16 09:15:43.000,61.67,816803,4,374,1016
4890,TKT-5F72189B,2025-12-12 10:34:31.000,208.79,817516,4,374,1016
4891,TKT-797AD54A,2025-07-24 14:47:55.000,409.41,,4,374,1016
4892,TKT-AE5AFBA5,2025-11-14 05:27:14.000,546.15,817258,4,374,1016
4893,TKT-2DACECFF,2025-10-12 19:07:57.000,297.02,816875,4,374,1016
4894,TKT-360F7A65,2025-11-24 07:15:16.000,250.39,,4,374,1016
4895,TKT-31B4DF87,2025-09-12 05:29:20.000,233.7,817009,4,374,1016
4896,TKT-3CD47291,2025-12-01 22:34:22.000,57.06,816989,4,374,1016
4897,TKT-BBD0C6B1,2026-03-24 22:59:36.000,331.19,817272,4,374,1016
4898,TKT-C68EAEAD,2026-02-03 01:05:55.000,235.04,817262,4,374,1016
4899,TKT-08CAC367,2025-11-09 10:02:23.000,519.39,817414,4,374,1016
4900,TKT-2CF48DA1,2025-12-15 18:54:35.000,270.68,817102,4,374,1016
4901,TKT-F645D6EA,2026-03-24 12:04:57.000,154.06,,4,374,1016
4902,TKT-6EC29F95,2026-05-03 05:12:07.000,172.02,,4,374,1016
4903,TKT-A9D8CADD,2025-11-29 01:12:29.000,359.53,,4,374,1016
4904,TKT-2AB73F1E,2026-04-14 22:08:33.000,800.04,,4,374,1016
4905,TKT-F687E5CD,2025-08-25 19:13:06.000,640.22,,4,374,1016
4906,TKT-A76F7FF8,2025-08-18 23:00:27.000,354.85,816389,4,374,1016
4907,TKT-34E2C0FB,2026-02-24 01:36:04.000,146.8,816223,4,374,1016
4908,TKT-60C04DC0,2026-04-02 01:30:22.000,518.32,,4,374,1016
4909,TKT-8632CD59,2026-03-17 06:18:03.000,471.32,817444,4,374,1016
4910,TKT-6CDD2211,2026-02-15 18:59:28.000,421.32,817477,4,374,1016
4911,TKT-E1FCDEC0,2025-09-03 12:10:18.000,290.16,817183,4,374,1016
4912,TKT-ED5A6B78,2026-01-18 06:02:43.000,119.24,816958,4,374,1016
4913,TKT-863A9567,2026-04-04 13:40:29.000,477.48,817466,4,374,1016
4914,TKT-74F74744,2026-01-12 07:49:50.000,17.35,816653,4,374,1016
4915,TKT-0C00C146,2026-04-04 00:39:01.000,360.88,,4,374,1016
4916,TKT-0D088B49,2026-03-20 15:21:52.000,123.01,817082,4,374,1016
4917,TKT-B39875BE,2025-10-14 13:30:39.000,196.95,817423,4,374,1016
4918,TKT-71A58153,2026-03-21 06:12:40.000,309.43,816920,4,374,1016
4919,TKT-E93B56D9,2025-08-09 15:08:29.000,227.06,816940,4,374,1016
4920,TKT-71741685,2025-11-24 08:03:11.000,518.0,817236,4,374,1016
4921,TKT-30362A02,2025-08-24 23:31:46.000,414.01,816530,4,374,1016
4922,TKT-1BF4BA77,2025-12-03 12:55:49.000,151.32,817308,4,374,1016
4923,TKT-6AC0F2A7,2026-02-07 21:20:38.000,499.02,,4,374,1016
4924,TKT-DCC16A8D,2026-03-21 08:47:21.000,211.31,817191,4,374,1016
4925,TKT-460A028C,2026-03-17 08:49:34.000,295.78,816808,4,374,1016
4926,TKT-CD2A7F7A,2025-11-01 16:30:12.000,406.06,,4,374,1016
4927,TKT-2427D408,2026-04-17 20:45:08.000,151.02,816967,4,374,1016
4928,TKT-4F64A550,2025-07-20 00:12:51.000,269.74,816578,4,374,1016
4929,TKT-30344C25,2026-04-28 01:53:24.000,316.2,816684,4,374,1016
4930,TKT-01CEE940,2026-03-15 01:27:56.000,247.42,,4,381,1031
4931,TKT-ECD21822,2025-08-20 09:14:55.000,204.76,,4,381,1030
4932,TKT-01F9F610,2026-04-03 11:38:49.000,299.24,,4,381,1031
4933,TKT-87B47D5F,2025-12-23 19:29:17.000,216.69,,4,381,1033
4934,TKT-E91119A2,2025-07-13 07:46:40.000,446.21,827338,4,381,1032
4935,TKT-FC70B052,2025-10-02 23:42:54.000,273.15,827040,4,381,1033
4936,TKT-04DE03EC,2025-08-29 23:21:12.000,436.28,,4,381,1031
4937,TKT-AFE979BC,2026-01-19 00:47:47.000,72.89,827799,4,381,1030
4938,TKT-3BF026F8,2025-11-11 22:22:40.000,10.47,826785,4,381,1030
4939,TKT-CF5C409B,2025-12-13 09:27:18.000,203.05,,4,381,1032
4940,TKT-5383101B,2026-01-12 21:34:22.000,506.1,826677,4,381,1032
4941,TKT-722E3CFA,2026-02-27 00:32:17.000,327.3,,4,381,1032
4942,TKT-39A0994D,2025-12-22 08:45:45.000,233.15,,4,381,1030
4943,TKT-E0B8F22D,2026-01-18 04:29:06.000,382.69,827333,4,381,1032
4944,TKT-369EF66F,2025-12-29 09:43:45.000,569.79,827457,4,381,1032
4945,TKT-61F6F9B4,2026-01-18 06:08:37.000,42.36,,4,381,1030
4946,TKT-58B41293,2025-09-24 09:15:49.000,55.82,,4,381,1032
4947,TKT-703198B9,2026-03-18 15:01:00.000,120.3,,4,381,1031
4948,TKT-B4BA1976,2026-04-26 04:28:26.000,318.1,827632,4,381,1032
4949,TKT-32B228E6,2025-12-20 20:34:54.000,291.5,,4,381,1031
4950,TKT-0A395774,2026-01-11 18:23:23.000,183.4,827563,4,381,1032
4951,TKT-BB046155,2026-03-07 03:58:15.000,416.72,826726,4,381,1032
4952,TKT-4E2B920F,2026-02-23 09:08:52.000,62.13,,4,381,1032
4953,TKT-E24D167C,2026-02-27 05:45:00.000,414.81,826826,4,381,1032
4954,TKT-4BC76243,2025-08-21 19:41:45.000,325.32,916159,1,431,1143
4955,TKT-5D0B3113,2025-12-03 15:36:02.000,304.32,916373,1,431,1144
4956,TKT-A7600801,2026-01-05 13:13:46.000,225.6,916613,1,431,1141
4957,TKT-B4F788FE,2026-01-22 04:37:39.000,153.48,,1,431,1144
4958,TKT-7ACE18B7,2025-10-17 20:36:41.000,47.52,,1,431,1142
4959,TKT-096E7F59,2025-12-31 11:31:21.000,191.78,,1,431,1143
4960,TKT-7786B1FF,2026-01-25 01:50:19.000,97.02,916586,1,431,1142
4961,TKT-E36C91D8,2026-05-02 15:30:12.000,825.24,917687,1,431,1141
4962,TKT-D135578D,2026-02-19 12:58:45.000,141.49,917606,1,431,1141
4963,TKT-09C1DA42,2026-04-03 13:29:11.000,88.66,,1,431,1141
4964,TKT-5D9F0822,2025-08-15 08:49:14.000,889.58,916135,1,431,1141
4965,TKT-22908FEE,2025-12-29 18:17:27.000,221.75,915602,1,431,1142
4966,TKT-86EBFBDA,2025-12-12 17:03:12.000,479.09,,1,431,1143
4967,TKT-59DFDBCD,2025-12-16 06:55:24.000,484.95,916060,1,431,1143
4968,TKT-10BD5F24,2025-10-04 07:50:54.000,65.89,918060,1,431,1143
4969,TKT-DD8181FD,2025-12-03 11:06:36.000,249.03,,1,431,1141
4970,TKT-D5E88CB4,2025-12-12 11:08:35.000,230.77,916875,1,431,1141
4971,TKT-6CD12165,2026-02-07 13:33:03.000,189.26,,1,431,1142
4972,TKT-DBB9478B,2025-10-27 13:18:04.000,604.83,,1,431,1143
4973,TKT-120A1B27,2025-09-27 10:39:23.000,160.36,,1,431,1142
4974,TKT-8AF5BFAF,2025-12-27 06:54:08.000,333.14,915435,1,431,1141
4975,TKT-803AD5C8,2025-08-04 13:27:59.000,121.48,916925,1,431,1144
4976,TKT-18018BB5,2025-07-15 14:34:10.000,340.48,,1,431,1141
4977,TKT-590631D1,2026-03-31 00:36:25.000,520.55,,1,431,1143
4978,TKT-2EC064F9,2026-04-22 08:01:38.000,283.16,916538,1,431,1141
4979,TKT-853614C5,2025-10-30 23:23:51.000,468.13,916196,1,431,1142
4980,TKT-DCFEE85B,2025-08-14 05:19:05.000,487.38,,1,431,1143
4981,TKT-BF5E9CF1,2025-07-29 14:55:09.000,455.52,,1,431,1141
4982,TKT-DB97055C,2025-07-28 03:15:27.000,398.74,,1,431,1144
4983,TKT-867F731D,2026-01-13 13:31:09.000,34.7,916039,1,431,1143
4984,TKT-41ABBF17,2025-10-04 19:10:04.000,215.69,918009,1,431,1142
4985,TKT-72F3C1B3,2025-09-01 15:09:11.000,62.06,917129,1,431,1143
4986,TKT-6F4AC660,2025-12-28 08:31:32.000,367.38,,1,431,1144
4987,TKT-1DA6DCC5,2026-01-27 05:11:32.000,399.91,916778,1,431,1143
4988,TKT-AD405391,2025-10-30 00:40:55.000,53.24,,1,431,1141
4989,TKT-9D930F8C,2025-09-20 07:37:50.000,337.2,915736,1,431,1144
4990,TKT-8E0F596A,2025-10-08 23:17:40.000,145.4,,1,431,1143
4991,TKT-23657B2F,2025-10-02 22:07:47.000,116.55,,1,431,1144
4992,TKT-03E52ECD,2025-09-22 13:04:34.000,445.39,,1,431,1144
4993,TKT-AA4A1FA6,2025-12-04 00:40:28.000,110.76,918122,1,431,1141
4994,TKT-0481D3C7,2026-01-02 03:26:09.000,411.01,,1,431,1143
4995,TKT-C1293FB8,2026-03-26 00:55:19.000,493.23,915406,1,431,1144
4996,TKT-603E0215,2025-12-05 13:35:11.000,242.97,915559,1,431,1143
4997,TKT-8C3F071F,2026-04-03 19:19:06.000,670.32,,1,431,1142
4998,TKT-F9659933,2026-04-10 16:00:05.000,318.23,916741,1,431,1144
4999,TKT-C874FFC8,2026-04-10 07:08:54.000,334.99,916529,1,431,1143
5000,TKT-83630A94,2026-03-26 01:39:15.000,549.86,,1,429,1138
5001,TKT-46A2F07A,2026-04-04 05:42:25.000,256.08,,1,429,1138
5002,TKT-1B1C7F2F,2025-07-24 10:27:16.000,261.65,,1,429,1134
5003,TKT-C0D8B247,2025-10-03 13:03:55.000,140.55,909610,1,429,1138
5004,TKT-985E48DF,2025-10-26 13:47:35.000,529.29,913008,1,429,1134
5005,TKT-77A67BEE,2025-07-28 08:52:57.000,149.95,,1,429,1137
5006,TKT-A7C9D1F7,2025-08-04 21:06:40.000,226.71,912146,1,429,1136
5007,TKT-B9B1D14B,2026-03-29 03:17:04.000,375.4,909102,1,429,1137
5008,TKT-616ECFBF,2025-10-12 16:33:50.000,23.01,,1,429,1135
5009,TKT-42D40150,2025-10-12 23:33:58.000,156.05,907930,1,429,1136
5010,TKT-E008DB7D,2025-10-20 13:20:12.000,408.87,,1,429,1135
5011,TKT-7EFA892C,2025-07-13 20:39:29.000,530.24,911575,1,429,1134
5012,TKT-394A7E24,2025-07-29 14:37:01.000,125.12,,1,429,1137
5013,TKT-3A6EE0BE,2026-04-07 10:23:49.000,86.55,,1,429,1137
5014,TKT-6019FAA6,2025-10-29 17:46:36.000,539.19,908643,1,429,1135
5015,TKT-A911AC80,2026-03-12 20:05:32.000,145.92,911822,1,429,1138
5016,TKT-337C7B02,2025-08-12 11:07:37.000,419.81,,1,429,1134
5017,TKT-A44C08BA,2025-09-07 16:23:28.000,221.7,,1,429,1137
5018,TKT-7716A6D6,2026-03-16 05:52:21.000,47.59,913265,1,429,1135
5019,TKT-D277D89B,2026-01-06 05:07:33.000,95.74,,1,429,1137
5020,TKT-F36070C2,2026-03-11 08:22:27.000,280.28,,1,429,1136
5021,TKT-18EBF7B3,2025-09-11 14:41:05.000,350.89,,1,429,1138
5022,TKT-4DAF09CB,2025-11-19 00:05:33.000,293.32,,1,429,1135
5023,TKT-72DF8126,2026-05-03 14:59:57.000,644.26,,1,429,1134
5024,TKT-BCE6F2F0,2026-04-09 01:06:29.000,212.72,910941,1,429,1137
5025,TKT-A03DD28F,2025-09-04 10:12:50.000,98.64,909755,1,429,1135
5026,TKT-4A99BA91,2025-12-21 03:16:12.000,73.9,912024,1,429,1135
5027,TKT-E9AE7D95,2026-03-31 08:44:30.000,402.69,,1,429,1134
5028,TKT-9E1C9E4D,2026-02-13 18:33:29.000,252.52,,1,429,1137
5029,TKT-4521D0C9,2026-04-14 23:24:06.000,12.88,909338,1,429,1136
5030,TKT-DA8A614D,2025-08-01 14:50:20.000,590.82,911427,1,429,1137
5031,TKT-C349E991,2026-01-09 19:06:52.000,334.08,908686,1,429,1134
5032,TKT-3F8A22A7,2026-01-01 20:33:34.000,250.24,,1,429,1134
5033,TKT-F76AFA7C,2026-02-12 14:36:00.000,255.06,,1,429,1138
5034,TKT-FFFC1B9E,2025-07-25 20:06:02.000,311.48,908065,1,429,1138
5035,TKT-361363C5,2025-08-09 19:46:56.000,658.29,,1,429,1134
5036,TKT-FD1CD563,2025-12-10 10:38:13.000,139.45,909595,1,429,1136
5037,TKT-80DBF206,2026-04-05 03:30:59.000,366.78,908180,1,429,1135
5038,TKT-00F936FA,2025-09-13 04:47:35.000,84.84,910381,1,429,1138
5039,TKT-D4E0D063,2025-09-18 05:17:45.000,303.95,907741,1,429,1134
5040,TKT-C884080A,2025-11-26 01:26:06.000,247.36,,1,429,1134
5041,TKT-4BE0D76E,2025-10-19 15:37:15.000,83.15,,1,429,1138
5042,TKT-FE7746DE,2026-04-02 11:44:47.000,79.34,,1,429,1134
5043,TKT-3C6584A2,2026-04-08 23:22:09.000,303.2,,1,429,1135
5044,TKT-6724C2B0,2025-11-26 07:21:20.000,175.75,908607,1,429,1134
5045,TKT-57912C69,2026-03-08 22:51:57.000,52.4,910486,1,429,1137
5046,TKT-BDD164EE,2025-10-11 16:23:32.000,364.96,912217,1,429,1136
5047,TKT-3ED36C8B,2025-07-26 12:24:50.000,364.09,,1,429,1138
5048,TKT-7235110B,2026-02-15 06:10:47.000,329.3,909019,1,429,1135
5049,TKT-D7BCCE36,2026-01-17 23:35:53.000,222.48,,1,429,1134
5050,TKT-7552B463,2025-10-21 20:48:41.000,387.34,1032317,1,486,1279
5051,TKT-62C9702C,2026-05-08 04:27:39.000,374.29,1033080,1,486,1279
5052,TKT-5E9D9335,2026-02-03 16:43:36.000,160.18,1033357,1,486,1278
5053,TKT-7C8C0A03,2025-09-26 05:44:58.000,192.42,1033595,1,486,1279
5054,TKT-5267E17E,2026-03-12 13:58:31.000,195.09,1032506,1,486,1279
5055,TKT-1870D142,2026-04-02 16:53:42.000,414.22,1032228,1,486,1277
5056,TKT-8A33DCC0,2026-01-13 10:40:34.000,41.4,1030974,1,486,1279
5057,TKT-C79A9160,2025-08-27 19:53:32.000,248.57,1031987,1,486,1279
5058,TKT-83E560A1,2025-12-04 17:05:59.000,268.5,1033897,1,486,1278
5059,TKT-5E39CDB6,2026-03-10 22:11:07.000,226.04,,1,486,1278
5060,TKT-0E06DFB3,2025-09-09 10:04:56.000,714.07,1030791,1,486,1279
5061,TKT-C78C3762,2026-03-16 20:23:51.000,620.79,1032730,1,486,1278
5062,TKT-BF84D595,2026-04-05 15:04:46.000,158.96,,1,486,1279
5063,TKT-41C30754,2025-07-13 14:30:53.000,248.83,,1,486,1279
5064,TKT-1739EA18,2025-09-15 01:47:56.000,210.56,1032561,1,486,1277
5065,TKT-D1FB8BBB,2025-10-16 00:20:24.000,622.14,1032547,1,486,1279
5066,TKT-E9B0AE1F,2025-11-20 04:47:01.000,21.04,1033404,1,486,1279
5067,TKT-4222CEDA,2025-08-08 07:35:52.000,417.51,1033452,1,486,1277
5068,TKT-5B7F172D,2025-10-24 01:13:40.000,70.43,,1,486,1277
5069,TKT-A7F902AF,2025-07-19 06:53:12.000,579.95,1033837,1,486,1279
5070,TKT-832947D6,2025-07-25 05:10:53.000,124.15,,1,486,1278
5071,TKT-BC9CA03F,2025-11-11 05:15:19.000,366.87,1032722,1,486,1279
5072,TKT-24A91BC4,2026-02-12 18:47:15.000,514.84,1033766,1,486,1279
5073,TKT-87E83309,2026-04-05 15:12:48.000,235.14,,1,486,1279
5074,TKT-4FDE3821,2026-01-22 16:05:04.000,385.53,,1,486,1278
5075,TKT-586C275A,2025-10-13 14:34:10.000,362.77,1032440,1,486,1278
5076,TKT-4A3FA0CC,2025-10-20 11:26:55.000,64.22,1033113,1,486,1278
5077,TKT-5C806788,2026-01-28 18:04:21.000,416.28,,1,486,1279
5078,TKT-E35971AE,2025-10-29 05:05:45.000,273.46,1033585,1,486,1279
5079,TKT-CBBC8F62,2026-03-18 01:12:31.000,358.15,1030528,1,486,1278
5080,TKT-771E543F,2026-02-17 14:52:26.000,245.25,,1,486,1278
5081,TKT-C3CA4743,2025-08-28 02:21:55.000,437.39,,1,486,1278
5082,TKT-1D612641,2025-11-24 02:03:27.000,148.24,1031105,1,486,1277
5083,TKT-2533C158,2026-04-16 10:55:31.000,605.47,1032292,1,486,1277
5084,TKT-D3538410,2025-08-10 13:49:22.000,535.68,1032621,1,486,1277
5085,TKT-6DA962CE,2026-01-13 14:41:10.000,24.52,1030570,1,486,1279
5086,TKT-21FFBD19,2026-01-02 21:23:55.000,28.35,,1,486,1279
5087,TKT-5581D1C5,2026-02-15 04:13:25.000,175.68,1030408,1,486,1278
5088,TKT-0D5DF5F4,2025-07-15 00:45:24.000,177.92,859694,2,406,1081
5089,TKT-C6E3A167,2026-03-22 22:24:18.000,44.89,859471,2,406,1082
5090,TKT-905F39D5,2026-01-17 20:22:56.000,310.24,859966,2,406,1082
5091,TKT-E5451AA4,2025-09-14 11:12:28.000,386.5,859956,2,406,1080
5092,TKT-9F3B2369,2025-08-18 09:02:32.000,450.82,859593,2,406,1081
5093,TKT-ADAC5C21,2025-09-05 05:02:05.000,337.65,859398,2,406,1080
5094,TKT-B54408A8,2025-09-08 02:27:31.000,109.98,859672,2,406,1079
5095,TKT-FB4E6658,2025-10-24 17:52:11.000,216.15,859965,2,406,1079
5096,TKT-C7F94BE8,2026-04-29 08:26:46.000,287.6,,2,406,1080
5097,TKT-31E49717,2025-12-17 23:48:40.000,10.64,859855,2,406,1081
5098,TKT-E25ED7EE,2026-02-14 16:15:34.000,156.32,,2,406,1081
5099,TKT-6AA32EA3,2026-04-16 01:35:42.000,46.32,859470,2,406,1082
5100,TKT-91A79488,2026-01-22 17:52:25.000,59.11,,2,406,1079
5101,TKT-C022C5A5,2025-08-26 19:44:23.000,399.95,859817,2,406,1082
5102,TKT-40AEDB03,2026-02-08 07:29:10.000,62.16,,2,406,1080
5103,TKT-C3C99BC1,2025-12-07 16:52:02.000,370.75,859408,2,406,1079
5104,TKT-213D8466,2025-10-04 11:51:50.000,179.96,,2,406,1080
5105,TKT-A2A82C7A,2025-09-05 09:25:23.000,369.39,859690,2,406,1079
5106,TKT-3F24D833,2025-11-02 02:15:55.000,325.68,859972,2,406,1079
5107,TKT-E7318E4B,2026-04-07 14:15:52.000,97.27,,2,406,1081
5108,TKT-7C6650A6,2025-08-14 05:12:39.000,557.88,859612,2,406,1082
5109,TKT-7B855C22,2026-01-14 04:42:41.000,240.02,,2,406,1082
5110,TKT-B9515523,2026-03-15 20:37:29.000,380.99,859633,2,406,1081
5111,TKT-86E8F5B5,2026-01-10 14:02:59.000,319.16,859853,2,406,1080
5112,TKT-0C472EE0,2025-07-17 14:55:15.000,40.1,,2,406,1079
5113,TKT-1DFC43C4,2025-08-05 11:26:23.000,571.6,,2,406,1081
5114,TKT-082B8C0F,2025-09-26 09:40:28.000,411.14,859555,2,406,1079
5115,TKT-BAADBF3F,2026-01-01 09:17:07.000,516.71,,2,406,1080
5116,TKT-B7392913,2026-04-03 19:04:39.000,258.72,859718,2,406,1079
5117,TKT-3D0BC189,2025-10-12 17:17:12.000,357.91,,2,406,1079
5118,TKT-0190513F,2025-12-28 03:26:18.000,151.99,859909,2,406,1082
5119,TKT-33ABA10C,2025-08-20 10:46:06.000,312.92,859566,2,406,1081
5120,TKT-AA518CC0,2025-11-04 00:57:29.000,186.56,859693,2,406,1079
5121,TKT-439E3ADF,2025-12-28 19:43:32.000,598.32,,2,406,1082
5122,TKT-FEB11D6F,2025-12-18 17:23:33.000,482.06,859808,2,406,1079
5123,TKT-65284AFF,2026-02-23 21:21:32.000,420.43,,2,406,1079
5124,TKT-5F380205,2026-03-01 09:20:14.000,165.18,859482,2,406,1081
5125,TKT-EA02A8A7,2025-10-28 06:28:24.000,583.02,859846,2,406,1082
5126,TKT-8DC514B9,2026-03-20 05:42:49.000,96.61,859401,2,406,1081
5127,TKT-B5005C9D,2025-09-27 20:00:34.000,36.56,,2,406,1080
5128,TKT-04B3195B,2025-11-17 15:30:40.000,348.51,859393,2,406,1080
5129,TKT-7D1E57A3,2025-09-06 11:24:43.000,243.2,859731,2,406,1079
5130,TKT-45F34213,2025-07-23 13:57:18.000,52.6,859498,2,406,1079
5131,TKT-A3246E21,2025-09-12 13:00:52.000,94.74,,2,432,1146
5132,TKT-8430E6A5,2025-10-25 20:38:18.000,890.41,923667,2,432,1147
5133,TKT-E89F87A2,2025-10-27 19:00:06.000,240.2,918760,2,432,1148
5134,TKT-D91F20AD,2026-03-31 21:46:16.000,556.05,,2,432,1146
5135,TKT-0A300BA6,2025-07-30 13:41:57.000,453.12,919529,2,432,1146
5136,TKT-E028FD8E,2025-12-06 23:14:51.000,27.33,920163,2,432,1146
5137,TKT-AA3D59FF,2026-01-23 11:42:47.000,481.02,,2,432,1148
5138,TKT-11402B59,2026-04-08 23:06:20.000,88.94,921947,2,432,1148
5139,TKT-5B714B62,2025-10-05 17:32:15.000,80.35,921537,2,432,1150
5140,TKT-C6039459,2025-10-31 04:48:16.000,107.75,923002,2,432,1146
5141,TKT-21E36C33,2025-10-22 00:46:35.000,198.0,,2,432,1146
5142,TKT-1AC27441,2026-03-07 20:11:39.000,84.54,923666,2,432,1150
5143,TKT-A240FCDA,2025-11-07 14:44:23.000,555.4,,2,432,1146
5144,TKT-43507A45,2026-03-08 15:30:29.000,606.16,922949,2,432,1149
5145,TKT-15BBE261,2025-07-15 12:31:57.000,558.84,,2,432,1147
5146,TKT-6205912C,2025-08-03 09:39:30.000,425.33,,3,303,846
5147,TKT-8D49C543,2025-11-16 18:44:24.000,477.15,678581,3,303,846
5148,TKT-AD7B17CA,2025-09-03 08:56:58.000,466.95,678529,3,303,845
5149,TKT-7768DCD9,2026-02-15 21:05:07.000,363.45,,3,303,848
5150,TKT-6FA92D60,2025-11-19 19:38:52.000,190.16,,3,303,845
5151,TKT-FCB78E70,2026-04-17 07:41:59.000,782.68,677575,3,303,847
5152,TKT-BA65E6F4,2025-12-18 15:30:42.000,21.48,,3,303,845
5153,TKT-C94E8B3B,2025-07-31 04:03:47.000,305.85,678522,3,303,847
5154,TKT-150AA201,2025-08-25 14:47:05.000,191.01,,3,303,848
5155,TKT-5F916D6B,2026-05-03 06:00:43.000,520.63,,3,303,848
5156,TKT-5FAE2A90,2025-09-26 10:25:41.000,737.81,677934,3,303,845
5157,TKT-FDC59A01,2026-03-03 14:22:48.000,697.63,,3,303,847
5158,TKT-6156F1BB,2025-08-01 21:35:48.000,192.4,678856,3,303,848
5159,TKT-AF88722E,2025-10-10 22:23:54.000,215.86,677766,3,303,848
5160,TKT-D3E08C17,2026-03-07 13:15:03.000,374.74,678508,3,303,847
5161,TKT-6E4770E4,2026-01-03 04:26:13.000,202.35,,3,303,845
5162,TKT-46027627,2026-04-11 17:40:44.000,495.43,677676,3,303,845
5163,TKT-70C81BD2,2025-09-04 08:05:55.000,95.26,678531,3,303,846
5164,TKT-90E6A793,2025-09-28 19:12:03.000,192.59,678215,3,303,848
5165,TKT-57F926DC,2025-09-30 16:38:33.000,545.99,,3,303,847
5166,TKT-1600701B,2025-08-04 19:27:07.000,220.55,,4,120,324
5167,TKT-643E9EA3,2026-03-12 18:39:24.000,307.56,251287,4,120,325
5168,TKT-B3220AF0,2025-10-17 10:10:01.000,648.63,,4,120,325
5169,TKT-716EFB62,2025-11-20 18:44:02.000,83.6,252518,4,120,325
5170,TKT-E01523FC,2025-07-30 01:55:52.000,317.28,253085,4,120,325
5171,TKT-55789352,2025-10-07 19:54:43.000,168.35,252804,4,120,325
5172,TKT-9624F2BD,2025-11-18 03:12:02.000,503.32,253228,4,120,324
5173,TKT-2A37627B,2025-10-06 10:50:04.000,609.5,,4,120,324
5174,TKT-651A7C75,2026-01-07 16:19:26.000,56.83,252755,4,120,325
5175,TKT-357711C1,2025-09-18 05:07:06.000,491.41,253344,4,120,325
5176,TKT-FD2D67B0,2025-12-09 13:39:49.000,141.27,251946,4,120,324
5177,TKT-5543049A,2026-04-30 06:57:30.000,329.46,251924,4,120,325
5178,TKT-F5C961CA,2026-03-12 01:37:34.000,21.18,251934,4,120,325
5179,TKT-71B506D2,2025-11-07 13:29:04.000,450.89,,4,120,325
5180,TKT-ADE1D7AE,2026-02-03 08:57:46.000,149.92,251556,4,120,325
5181,TKT-78599057,2025-09-11 19:01:34.000,95.91,251819,4,120,325
5182,TKT-60A2B544,2025-12-11 00:30:04.000,30.32,,4,120,324
5183,TKT-9D84C65D,2025-12-20 15:18:45.000,32.29,,4,120,325
5184,TKT-40DC193C,2026-02-14 11:55:36.000,412.64,253608,4,120,324
5185,TKT-C5DF5473,2026-03-17 05:54:04.000,55.73,,4,120,324
5186,TKT-394C5D3E,2025-09-10 10:44:38.000,177.62,253195,4,120,324
5187,TKT-7877AD88,2026-02-14 00:06:32.000,322.04,251712,4,120,324
5188,TKT-A8FAD868,2026-03-15 07:49:50.000,186.77,,4,120,324
5189,TKT-4AC817FC,2025-10-04 10:57:03.000,92.78,253417,4,120,325
5190,TKT-0132AB68,2025-08-03 21:17:40.000,235.56,,4,120,324
5191,TKT-A1044394,2026-03-18 04:55:31.000,188.88,251586,4,120,324
5192,TKT-C6005F61,2025-10-13 16:43:27.000,330.95,,4,120,324
5193,TKT-1EFC3062,2025-07-23 15:36:40.000,148.89,251938,4,120,324
5194,TKT-CE7450DD,2025-09-11 07:11:52.000,253.45,253405,4,120,324
5195,TKT-3AB6D349,2025-12-14 04:06:02.000,82.97,252986,4,120,325
5196,TKT-FF1AADD1,2025-07-12 23:27:28.000,31.68,252440,4,120,324
5197,TKT-5869E41F,2025-09-06 06:47:44.000,430.65,252712,4,120,324
5198,TKT-FFE00B7D,2025-10-26 09:19:34.000,199.72,252892,4,120,325
5199,TKT-FE33AA62,2025-11-04 04:01:28.000,146.72,251788,4,120,325
5200,TKT-166AFE3D,2025-09-05 13:22:34.000,232.5,,4,120,324
5201,TKT-7AF1E225,2026-02-04 23:25:08.000,545.54,251453,4,120,324
5202,TKT-D8B2EAD4,2025-09-05 01:18:40.000,306.56,251583,4,120,325
5203,TKT-7C49E452,2025-08-22 14:58:20.000,416.37,,4,120,324
5204,TKT-732A8567,2025-11-02 22:50:09.000,12.12,253702,4,120,324
5205,TKT-E8FFF8D2,2025-10-08 21:09:13.000,216.66,252984,4,120,325
5206,TKT-2D96BDF9,2025-11-06 01:15:28.000,375.0,,4,120,325
5207,TKT-2DBC44E1,2025-09-05 09:05:59.000,258.35,253273,4,120,324
5208,TKT-426A9A8D,2026-03-07 00:24:15.000,145.9,251830,4,120,324
5209,TKT-EBF3241C,2025-10-28 00:36:26.000,290.11,,4,120,325
5210,TKT-A5B9D79D,2025-09-26 18:11:14.000,547.8,252437,4,120,324
5211,TKT-34A53BAC,2025-09-24 08:15:51.000,155.1,253673,4,120,324
5212,TKT-123746E1,2026-03-15 01:14:08.000,409.96,251743,4,120,324
5213,TKT-C7282876,2025-08-29 22:13:17.000,458.51,,4,120,325
5214,TKT-E54D6B87,2025-08-26 04:16:06.000,474.54,1003641,2,469,1235
5215,TKT-28CC7642,2025-11-23 21:57:22.000,351.26,1004392,2,469,1233
5216,TKT-5AD9A4AD,2026-01-24 12:03:51.000,305.23,1003739,2,469,1233
5217,TKT-72A22976,2025-07-24 08:03:03.000,574.2,1003633,2,469,1233
5218,TKT-7788C9B0,2026-02-01 21:37:14.000,29.18,,2,469,1234
5219,TKT-50578477,2025-10-20 22:23:51.000,691.25,1003934,2,469,1235
5220,TKT-98038BFD,2025-07-26 07:54:17.000,245.5,1004209,2,469,1234
5221,TKT-B6B167A3,2026-02-19 05:02:05.000,46.24,1003983,2,469,1234
5222,TKT-10B44C56,2025-10-14 14:00:44.000,293.38,,2,469,1233
5223,TKT-E0C48250,2026-04-13 13:18:40.000,1063.27,1003554,2,469,1233
5224,TKT-D872CFC3,2026-03-09 13:39:01.000,467.58,,3,216,586
5225,TKT-A179544B,2025-11-10 06:39:14.000,301.66,463319,3,216,583
5226,TKT-F5600EDD,2026-04-22 20:35:39.000,701.07,463679,3,216,586
5227,TKT-EED9F26D,2025-10-19 02:00:42.000,241.82,467402,3,216,586
5228,TKT-611F4F61,2026-01-15 21:43:21.000,683.54,465181,3,216,584
5229,TKT-FE859D8A,2025-11-28 14:49:55.000,416.09,466292,3,216,586
5230,TKT-0727BF12,2026-02-28 07:49:00.000,292.84,464162,3,216,586
5231,TKT-FCFB2EF7,2025-10-16 15:26:32.000,99.94,466404,3,216,586
5232,TKT-9DF8FBE7,2026-01-23 00:49:33.000,479.83,464289,3,216,585
5233,TKT-E0169FDF,2025-10-14 02:03:53.000,142.32,464368,3,216,586
5234,TKT-FB7F15F6,2026-04-09 21:57:47.000,47.11,466780,3,216,587
5235,TKT-6A51CDB9,2025-09-08 19:40:52.000,403.42,463811,3,216,585
5236,TKT-33D68F10,2026-01-10 16:47:23.000,649.41,463333,3,216,586
5237,TKT-C91AAA76,2025-11-19 05:29:30.000,390.68,,3,216,584
5238,TKT-3FD9473F,2026-05-04 18:55:35.000,457.42,,3,216,586
5239,TKT-97FF5C96,2025-10-30 01:06:27.000,128.74,,3,216,585
5240,TKT-97B2E6D0,2025-12-01 23:21:05.000,399.58,467080,3,216,587
5241,TKT-4266E9C2,2025-08-06 10:55:47.000,422.76,463407,3,216,584
5242,TKT-CF05082F,2025-11-28 06:51:35.000,347.87,465619,3,216,587
5243,TKT-84505427,2025-08-10 04:23:09.000,207.12,464518,3,216,588
5244,TKT-483ECCF3,2026-04-20 04:04:10.000,301.2,,3,216,583
5245,TKT-00C578C2,2025-09-20 21:49:55.000,379.03,,3,216,583
5246,TKT-E53BB8B9,2026-03-28 08:13:04.000,68.96,466429,3,216,584
5247,TKT-AED80816,2025-08-18 02:09:14.000,933.55,468045,3,216,583
5248,TKT-B54E58A8,2025-09-12 19:49:38.000,220.49,466180,3,216,584
5249,TKT-03BA775A,2026-04-01 16:40:11.000,426.99,464279,3,216,583
5250,TKT-9F0FBC5E,2025-08-14 23:12:36.000,132.66,,3,216,587
5251,TKT-690BE771,2025-12-24 13:46:36.000,277.73,465543,3,216,584
5252,TKT-A34326BC,2025-08-29 00:01:19.000,373.03,806723,1,369,1001
5253,TKT-36F624E5,2025-09-20 06:40:55.000,474.35,,1,369,1000
5254,TKT-E40EE960,2026-05-03 03:47:44.000,60.53,806071,1,369,998
5255,TKT-A595F3E6,2026-04-17 23:06:46.000,77.54,,1,369,998
5256,TKT-9FE9D461,2025-07-13 07:48:58.000,43.7,,1,369,997
5257,TKT-3F824677,2026-03-07 15:31:33.000,602.14,,1,369,1001
5258,TKT-7BA12398,2026-01-29 19:06:56.000,53.42,806313,1,369,1001
5259,TKT-9FDBC10E,2026-03-21 19:48:11.000,190.77,806818,1,369,1001
5260,TKT-BC39C666,2025-12-24 08:20:32.000,395.32,806251,1,369,997
5261,TKT-4198F4E7,2025-07-15 00:44:55.000,748.37,,1,369,1001
5262,TKT-4DD2D3C8,2025-08-26 02:53:24.000,297.3,807610,1,369,1000
5263,TKT-695F4954,2025-11-01 05:18:19.000,143.43,806554,1,369,1002
5264,TKT-8F560350,2025-09-15 01:17:10.000,575.17,,1,369,1002
5265,TKT-C61AEE40,2025-12-19 04:53:21.000,284.79,807136,1,369,997
5266,TKT-2BF2EC61,2025-07-25 18:20:18.000,250.95,807796,1,369,999
5267,TKT-2C06D9C9,2025-10-31 05:57:37.000,318.49,,1,369,1000
5268,TKT-9DA87C2E,2025-09-13 19:05:12.000,162.56,,1,369,1000
5269,TKT-8E94A408,2025-10-25 05:56:17.000,153.45,,1,369,998
5270,TKT-97704F28,2025-11-14 02:25:54.000,180.21,806109,1,369,997
5271,TKT-115F44B7,2025-10-25 13:52:03.000,190.41,807533,1,369,1000
5272,TKT-A3E34295,2025-09-08 13:18:45.000,82.7,807254,1,369,999
5273,TKT-D2598A81,2025-07-23 08:53:57.000,27.5,,1,369,998
5274,TKT-6BFD25E9,2026-01-05 08:31:52.000,255.4,807419,1,369,1001
5275,TKT-51284162,2025-09-29 19:37:26.000,265.6,,1,369,998
5276,TKT-F23D2288,2025-08-22 04:53:32.000,47.26,806867,1,369,999
5277,TKT-7E052814,2025-12-15 01:50:15.000,683.66,,1,369,998
5278,TKT-50BBE480,2025-12-15 13:37:21.000,534.42,,1,369,998
5279,TKT-3EEEE63F,2026-03-10 15:00:28.000,110.28,,1,369,1000
5280,TKT-B14EC4FA,2025-09-14 19:59:03.000,277.18,,1,369,998
5281,TKT-72128233,2026-01-25 15:28:12.000,554.94,805877,1,369,1002
5282,TKT-09E4BB9F,2026-02-03 01:21:28.000,135.2,807016,1,369,997
5283,TKT-376D20A9,2026-04-10 19:07:36.000,74.25,806549,1,369,1002
5284,TKT-90FB144A,2025-10-15 13:03:06.000,71.66,806321,1,369,999
5285,TKT-0908C67A,2025-10-22 07:36:12.000,674.44,,1,369,999
5286,TKT-BD9D10E7,2025-11-01 06:21:58.000,310.63,,1,369,1001
5287,TKT-F7245BF0,2026-01-06 00:37:05.000,232.86,805933,1,369,1002
5288,TKT-295F044C,2026-02-05 19:40:13.000,119.88,806171,1,369,998
5289,TKT-ED6A3D81,2025-07-23 17:18:54.000,123.37,,1,369,1000
5290,TKT-792A27F4,2026-02-27 17:36:44.000,382.25,807477,1,369,1000
5291,TKT-BF6972FD,2025-09-05 16:29:45.000,557.06,,1,369,1001
5292,TKT-D95611DD,2025-12-25 14:49:29.000,46.84,,1,369,999
5293,TKT-671AD02F,2025-12-31 19:34:19.000,340.96,,1,369,1000
5294,TKT-58882230,2025-09-10 19:50:54.000,126.95,807123,1,369,1000
5295,TKT-E4A31A2C,2026-04-22 15:53:31.000,318.27,806935,1,369,1002
5296,TKT-78A1BA28,2025-08-18 00:49:46.000,738.82,805822,1,369,1000
5297,TKT-9B14531A,2025-10-26 17:09:17.000,146.65,805657,1,369,1002
5298,TKT-B8A7A818,2025-10-05 00:03:21.000,228.5,807469,1,369,997
5299,TKT-EB1CAA0D,2026-01-20 23:57:00.000,255.9,,1,369,1001
5300,TKT-4B09889A,2026-03-08 05:01:03.000,117.02,806125,1,369,997
5301,TKT-67234A48,2026-05-05 22:53:45.000,22.15,805687,1,369,1001
5302,TKT-C529EBE7,2025-09-24 07:52:52.000,212.56,807824,1,369,997
5303,TKT-D58851A7,2025-09-07 19:55:37.000,613.64,806640,1,369,1000
5304,TKT-C89B99EC,2025-08-27 19:19:03.000,13.05,806111,1,369,998
5305,TKT-78CF1D4F,2025-07-23 09:04:57.000,460.04,380818,4,179,479
5306,TKT-FBF9B4D6,2026-05-07 14:04:11.000,65.42,381088,4,179,479
5307,TKT-ECDDBF7A,2025-07-13 08:53:28.000,193.44,380730,4,179,479
5308,TKT-C5B2A98B,2026-03-27 09:13:23.000,173.4,380318,4,179,479
5309,TKT-10964EB7,2025-10-09 08:51:00.000,312.91,,4,179,479
5310,TKT-1FB4095E,2025-08-03 23:25:19.000,257.68,,4,179,479
5311,TKT-BAB3834D,2025-11-07 11:21:31.000,393.81,381191,4,179,479
5312,TKT-21520183,2026-02-05 23:14:07.000,267.04,,4,179,479
5313,TKT-455B9BDB,2025-10-14 01:37:29.000,658.18,380868,4,179,479
5314,TKT-2402AA45,2026-02-14 14:21:32.000,55.82,381383,4,179,479
5315,TKT-43EB81C4,2025-12-05 13:28:09.000,822.88,,4,179,479
5316,TKT-BBCE1179,2026-02-28 18:03:50.000,423.6,380778,4,179,479
5317,TKT-90AB14F1,2026-02-15 15:09:59.000,525.02,,4,179,479
5318,TKT-7E7A236F,2025-09-17 20:51:05.000,209.85,,4,179,479
5319,TKT-EE4DBD17,2026-05-02 04:52:49.000,557.02,380513,4,179,479
5320,TKT-D317C7F1,2026-01-09 12:23:37.000,174.51,,4,179,479
5321,TKT-DFA76650,2026-02-09 11:11:32.000,240.96,381092,4,179,479
5322,TKT-0B976DC7,2026-02-25 01:35:46.000,522.14,,4,179,479
5323,TKT-E263B37D,2025-12-14 04:29:19.000,255.2,381393,4,179,479
5324,TKT-A2D9FB55,2025-12-21 10:57:55.000,249.36,380849,4,179,479
5325,TKT-113A563D,2025-07-29 11:34:31.000,101.28,381462,4,179,479
5326,TKT-375C09ED,2025-12-03 23:04:09.000,276.56,,4,179,479
5327,TKT-A71621BD,2025-08-26 18:47:20.000,812.47,,4,179,479
5328,TKT-580BB75D,2026-01-26 12:43:22.000,358.18,380330,4,179,479
5329,TKT-07F138C0,2025-08-02 06:33:27.000,41.17,381516,4,179,479
5330,TKT-C51C5618,2026-01-03 19:15:38.000,254.5,380314,4,179,479
5331,TKT-A8163DE0,2025-08-24 15:33:21.000,239.26,381400,4,179,479
5332,TKT-D28FD390,2026-02-28 13:13:29.000,214.18,381446,4,179,479
5333,TKT-1B803344,2026-01-25 08:09:06.000,132.79,,4,179,479
5334,TKT-CF69589C,2026-03-25 06:34:33.000,269.12,381238,4,179,479
5335,TKT-F38EDB20,2025-12-02 08:20:44.000,51.11,,4,179,479
5336,TKT-38194F38,2025-11-02 03:51:51.000,489.51,381435,4,179,479
5337,TKT-0895772A,2026-04-18 18:34:14.000,439.65,,4,179,479
5338,TKT-A75A4A91,2025-10-03 04:54:06.000,232.73,380340,4,179,479
5339,TKT-F4490BB3,2025-11-19 23:45:50.000,761.87,,4,179,479
5340,TKT-28103FBC,2026-02-06 22:15:08.000,340.25,380860,4,179,479
5341,TKT-9D2D5837,2026-01-27 00:45:07.000,76.94,380633,4,179,479
5342,TKT-C5686067,2025-08-04 17:36:38.000,705.43,381382,4,179,479
5343,TKT-9AE13D82,2026-01-22 00:13:38.000,771.71,380428,4,179,479
5344,TKT-277FE8B0,2025-07-18 07:13:25.000,494.62,,4,179,479
5345,TKT-0CEC1843,2026-02-22 20:36:08.000,293.12,381589,4,179,479
5346,TKT-880FEEB2,2025-08-14 20:05:27.000,366.31,,4,179,479
5347,TKT-457B2D55,2026-02-26 17:33:07.000,331.68,,4,179,479
5348,TKT-74448FA6,2025-10-06 10:49:46.000,400.83,380908,4,179,479
5349,TKT-B2C50FD6,2025-08-11 07:02:40.000,168.72,,4,179,479
5350,TKT-7C523139,2026-05-01 19:50:09.000,20.28,381633,4,179,479
5351,TKT-40D87EB4,2025-12-09 08:34:42.000,193.9,381329,4,179,479
5352,TKT-249B9301,2025-11-18 08:06:08.000,98.71,380354,4,179,479
5353,TKT-82F3713D,2025-11-07 23:50:06.000,302.6,,4,179,479
5354,TKT-4D849722,2026-01-06 08:00:16.000,447.92,,4,179,479
5355,TKT-17745450,2026-05-01 03:47:20.000,212.76,,4,179,479
5356,TKT-06E8E5F7,2025-09-04 04:35:30.000,417.88,380492,4,179,479
5357,TKT-03101787,2026-01-29 21:52:29.000,407.22,381255,4,179,479
5358,TKT-40A3B08A,2025-08-25 07:23:37.000,153.22,380422,4,179,479
5359,TKT-C33A1905,2026-04-28 11:54:51.000,194.85,380610,4,179,479
5360,TKT-A51C5B62,2025-12-14 16:41:23.000,591.9,381474,4,179,479
5361,TKT-7D774CA0,2026-02-24 10:00:47.000,517.74,,4,179,479
5362,TKT-39BD8567,2025-09-08 21:06:17.000,109.8,380658,4,179,479
5363,TKT-1DBCFE1D,2026-01-01 05:41:18.000,315.28,381293,4,179,479
5364,TKT-E8D15215,2025-12-02 01:51:39.000,297.36,,4,179,479
5365,TKT-D8EF787B,2026-04-22 05:28:01.000,629.13,236869,3,110,300
5366,TKT-738FC6F8,2026-02-16 21:49:30.000,363.71,236873,3,110,299
5367,TKT-C8BB9023,2026-04-21 21:14:05.000,288.31,236441,3,110,302
5368,TKT-C3258967,2025-09-22 14:30:26.000,103.88,236799,3,110,301
5369,TKT-6EA1FCC1,2026-02-27 19:46:40.000,11.56,236489,3,110,300
5370,TKT-9791F06C,2025-12-02 07:31:15.000,368.3,235988,3,110,300
5371,TKT-9BE03E79,2026-04-08 06:23:54.000,272.22,236009,3,110,299
5372,TKT-62B56BEC,2026-01-08 02:06:27.000,454.59,,3,110,299
5373,TKT-D274FA7A,2025-10-27 11:07:39.000,161.52,236889,3,110,299
5374,TKT-23032B93,2026-03-21 22:46:16.000,50.7,236346,3,110,302
5375,TKT-947AEEAD,2025-10-28 20:16:06.000,106.23,,3,110,302
5376,TKT-EDD29018,2025-12-02 04:23:48.000,476.59,,3,110,302
5377,TKT-A34C476E,2025-12-29 22:02:26.000,186.85,,3,110,301
5378,TKT-7A51A888,2026-04-30 12:15:35.000,189.56,,3,110,300
5379,TKT-1A20EAAA,2025-12-11 10:49:15.000,277.15,236229,3,110,302
5380,TKT-6DD7269B,2026-04-04 12:38:09.000,400.5,,3,110,300
5381,TKT-3754BA93,2025-08-11 22:00:22.000,163.96,,3,110,301
5382,TKT-1A962001,2026-02-16 07:38:26.000,234.06,,3,110,299
5383,TKT-7D1CF953,2025-08-10 22:09:31.000,565.85,236059,3,110,299
5384,TKT-60976F7C,2026-04-27 21:34:14.000,58.91,,3,110,300
5385,TKT-8362322B,2026-02-24 06:04:05.000,462.99,236238,3,110,299
5386,TKT-13354599,2026-01-20 01:24:43.000,439.22,236679,3,110,299
5387,TKT-1FEAF51D,2026-04-18 19:15:55.000,117.16,236609,3,110,299
5388,TKT-010A2032,2026-01-02 00:42:00.000,319.24,236339,3,110,300
5389,TKT-5D8C12F0,2026-04-17 16:13:31.000,90.77,236516,3,110,301
5390,TKT-F01B1532,2025-07-15 18:30:17.000,39.13,235952,3,110,299
5391,TKT-94B5BF89,2026-04-17 04:09:53.000,91.04,236854,3,110,302
5392,TKT-B3A9640C,2026-05-01 15:42:47.000,331.7,,3,110,299
5393,TKT-1A345CE2,2025-08-09 07:41:23.000,325.26,,3,110,299
5394,TKT-322B5261,2026-04-22 05:15:28.000,301.16,236108,3,110,301
5395,TKT-5CFA0F9E,2026-01-15 17:16:03.000,316.54,236051,3,110,302
5396,TKT-97D53F7B,2026-02-11 20:33:37.000,211.49,236074,3,110,300
5397,TKT-9DA8FBC2,2026-03-24 20:09:12.000,462.78,236409,3,110,299
5398,TKT-EF8F5786,2025-10-01 13:44:20.000,286.75,,3,110,300
5399,TKT-9E533EEF,2026-02-13 20:00:26.000,376.21,236030,3,110,300
5400,TKT-ADC4A16E,2026-03-25 03:19:26.000,424.55,236510,3,110,300
5401,TKT-A3F74319,2025-11-06 12:32:34.000,369.06,236034,3,110,302
5402,TKT-EA0C906A,2025-08-05 09:35:51.000,547.23,236348,3,110,300
5403,TKT-CD2FD6B4,2025-12-12 01:11:32.000,246.18,236006,3,110,300
5404,TKT-CCB05099,2025-08-23 19:40:14.000,329.45,,3,110,299
5405,TKT-A807FA93,2025-10-25 03:45:53.000,188.22,236559,3,110,301
5406,TKT-DA0110F7,2026-01-27 19:04:28.000,56.3,236669,3,110,299
5407,TKT-6E52C0D6,2025-10-08 17:24:41.000,93.55,,3,110,300
5408,TKT-19C001C6,2026-03-30 03:14:49.000,79.28,236760,3,110,300
5409,TKT-F7CE44F3,2025-10-31 14:30:14.000,176.16,236459,3,110,302
5410,TKT-7B823C75,2026-01-02 11:08:52.000,13.16,236716,3,110,301
5411,TKT-C1DC786F,2025-11-26 15:26:52.000,632.83,236229,3,110,299
5412,TKT-84056CDF,2026-04-12 21:37:29.000,100.46,236555,3,110,300
5413,TKT-E0875BC8,2025-12-02 00:26:20.000,36.17,236021,3,110,302
5414,TKT-B14A2D6A,2025-11-07 20:14:32.000,539.06,,3,110,300
5415,TKT-4A9F641C,2025-11-09 16:00:00.000,352.83,,3,110,301
5416,TKT-D5F5F6A0,2025-08-04 12:19:02.000,717.5,235909,3,110,299
5417,TKT-1635AD9E,2025-12-01 17:03:47.000,112.56,,3,110,302
5418,TKT-FE447439,2026-04-26 19:18:28.000,206.55,236847,3,110,300
5419,TKT-1DBD7334,2026-03-09 11:04:38.000,478.52,,5,463,1224
5420,TKT-C294C179,2025-11-02 21:03:26.000,210.36,,5,463,1224
5421,TKT-806DC03C,2026-02-26 08:49:45.000,465.98,991153,5,463,1224
5422,TKT-B0231552,2026-03-31 21:39:40.000,9.59,989795,5,463,1225
5423,TKT-FAC9D202,2025-07-21 01:08:40.000,470.56,991723,5,463,1224
5424,TKT-0B5C55F1,2025-07-21 07:29:49.000,382.45,,5,463,1225
5425,TKT-649AB011,2026-03-27 22:35:50.000,187.8,993694,5,463,1224
5426,TKT-9A5BC661,2025-10-27 17:18:31.000,366.12,,5,463,1225
5427,TKT-E072FFEC,2025-08-09 15:02:32.000,288.3,993322,5,463,1225
5428,TKT-CB0A1D6A,2025-07-28 23:48:19.000,444.09,,5,463,1224
5429,TKT-C7D2C0A6,2025-12-26 15:34:57.000,66.15,994215,5,463,1224
5430,TKT-582F1487,2026-05-07 01:17:30.000,449.22,990865,5,463,1224
5431,TKT-1E5BD375,2026-02-15 18:06:25.000,66.02,,5,463,1224
5432,TKT-56E8C2B3,2026-02-20 06:17:48.000,311.8,995712,5,463,1225
5433,TKT-F93116A2,2026-04-06 09:58:16.000,297.84,,5,463,1225
5434,TKT-8165E327,2025-11-28 20:43:34.000,56.35,,2,387,1044
5435,TKT-E3A5FD47,2025-07-28 18:27:43.000,132.84,839169,2,387,1045
5436,TKT-AA15C765,2025-12-17 04:25:53.000,360.85,839744,2,387,1046
5437,TKT-0F54E8C0,2026-01-16 03:00:25.000,524.99,838410,2,387,1041
5438,TKT-FE9ED2D2,2026-03-14 22:19:20.000,372.69,837641,2,387,1042
5439,TKT-E8579C00,2026-01-29 05:01:18.000,589.42,,2,387,1042
5440,TKT-25789E66,2025-12-12 17:09:48.000,331.87,835041,2,387,1043
5441,TKT-6B6081AF,2026-03-22 07:24:37.000,392.95,,2,387,1046
5442,TKT-CE2533D0,2026-04-24 03:16:42.000,50.67,837158,2,387,1044
5443,TKT-92E508AB,2025-11-20 11:00:28.000,51.67,840061,2,387,1043
5444,TKT-D6097905,2025-08-17 08:31:06.000,151.15,835952,2,387,1041
5445,TKT-45C19053,2025-08-03 04:17:58.000,204.67,,2,387,1044
5446,TKT-33D1FEBA,2025-12-24 20:04:18.000,437.02,834263,2,387,1044
5447,TKT-77378E95,2026-02-02 01:26:26.000,357.05,835108,2,387,1045
5448,TKT-FF2ECACA,2025-12-24 20:51:36.000,387.55,836443,2,387,1042
5449,TKT-8E32AC97,2025-10-20 08:07:12.000,34.28,838465,2,387,1042
5450,TKT-BE905035,2025-07-21 23:11:25.000,27.46,833638,2,387,1042
5451,TKT-21D34572,2025-10-29 10:30:46.000,18.0,836419,2,387,1044
5452,TKT-E6FC1762,2025-09-02 15:14:57.000,18.12,836745,2,387,1041
5453,TKT-E398F45B,2025-12-25 04:08:44.000,215.79,833542,2,387,1043
5454,TKT-17F46352,2026-01-28 06:04:48.000,439.9,,2,387,1046
5455,TKT-1FDA1A37,2025-11-07 12:35:07.000,652.87,835934,2,387,1043
5456,TKT-8404EB68,2025-12-26 04:28:24.000,546.8,,2,387,1044
5457,TKT-978FD69C,2026-05-01 07:32:01.000,199.06,,2,387,1042
5458,TKT-B39466D8,2026-02-10 09:06:51.000,55.56,835290,2,387,1043
5459,TKT-977F8230,2026-02-17 18:18:50.000,500.57,836538,2,387,1045
5460,TKT-ABA53F8E,2026-04-04 19:19:15.000,102.57,833328,2,387,1046
5461,TKT-B15C292D,2025-12-13 19:24:22.000,451.82,833991,2,387,1042
5462,TKT-8FA02DBF,2026-01-25 15:03:11.000,17.56,839092,2,387,1042
5463,TKT-D745DCBD,2025-07-27 14:03:15.000,346.16,836394,2,387,1043
5464,TKT-902D1456,2026-04-28 22:46:03.000,16.24,839281,2,387,1044
5465,TKT-74A4B930,2025-11-03 16:06:08.000,448.36,,2,387,1043
5466,TKT-1AC88368,2025-12-28 21:33:53.000,123.48,,2,387,1042
5467,TKT-B5190606,2025-12-09 06:06:06.000,63.6,839858,2,387,1043
5468,TKT-5CCA4BBD,2026-03-16 02:39:43.000,492.04,837450,2,387,1043
5469,TKT-E0C29DD7,2025-08-15 23:52:15.000,424.58,,2,387,1043
5470,TKT-C295C916,2026-02-17 20:26:14.000,779.21,,2,387,1041
5471,TKT-2B3C1FEA,2026-04-07 03:23:17.000,99.18,839153,2,387,1045
5472,TKT-0CFF7024,2026-02-10 10:10:50.000,268.08,,2,387,1042
5473,TKT-9136E135,2025-07-15 14:46:39.000,349.8,834227,2,387,1041
5474,TKT-A8D9606E,2025-07-25 13:51:55.000,412.37,,2,387,1041
5475,TKT-9E6BC5B5,2026-02-04 11:51:51.000,135.42,838339,2,387,1046
5476,TKT-95E2E358,2025-08-20 11:28:04.000,209.88,837860,2,387,1045
5477,TKT-431A6CC3,2025-10-22 02:34:19.000,70.36,,2,387,1042
5478,TKT-6E8903EC,2025-11-15 01:27:51.000,314.65,837796,2,387,1042
5479,TKT-9D4072E3,2025-11-29 02:25:19.000,387.12,840004,2,387,1043
5480,TKT-F5F7FA37,2026-03-16 05:56:07.000,82.55,837160,2,387,1041
5481,TKT-11B880E0,2025-08-17 04:12:19.000,469.83,833346,2,387,1041
5482,TKT-FDE59703,2025-09-17 23:09:51.000,83.48,834036,2,387,1045
5483,TKT-C4E49935,2025-11-02 01:17:44.000,161.12,337646,4,157,420
5484,TKT-3A75BBFA,2025-12-30 13:40:21.000,500.88,,4,157,421
5485,TKT-C1F9D610,2025-12-29 04:33:56.000,596.21,335750,4,157,423
5486,TKT-63997F27,2026-04-10 15:05:22.000,168.8,,4,157,422
5487,TKT-6287A137,2025-09-17 17:33:06.000,133.93,,4,157,420
5488,TKT-C47D07E0,2025-08-18 03:37:43.000,422.77,337036,4,157,423
5489,TKT-99BD310C,2025-09-18 00:53:08.000,155.15,335750,4,157,420
5490,TKT-73CD76F7,2025-08-27 19:12:30.000,154.62,337155,4,157,423
5491,TKT-519FA328,2026-02-01 08:12:00.000,243.62,337267,4,157,423
5492,TKT-58AFF585,2025-07-20 10:47:24.000,112.1,335483,4,157,423
5493,TKT-98AC7E42,2025-07-30 02:36:14.000,428.47,,4,157,420
5494,TKT-E6233A77,2026-03-17 10:13:12.000,147.34,,4,157,421
5495,TKT-E70E33F2,2025-08-17 00:04:18.000,153.16,,4,157,420
5496,TKT-91661D63,2026-03-19 23:59:33.000,435.26,,4,157,422
5497,TKT-96B1B49A,2026-02-01 03:46:50.000,391.05,335560,4,157,420
5498,TKT-CBBF49F8,2026-03-12 16:20:52.000,281.55,335417,4,157,423
5499,TKT-2C551EB1,2025-12-11 07:37:38.000,192.3,336607,4,157,423
5500,TKT-1DC59613,2026-02-18 13:03:20.000,276.35,337655,4,157,423
5501,TKT-2A607F05,2026-02-04 21:06:31.000,236.02,,4,157,422
5502,TKT-8C07E728,2026-01-23 21:57:08.000,115.68,337396,4,157,422
5503,TKT-EBB25474,2026-02-15 03:31:17.000,314.37,,4,157,421
5504,TKT-7CDF0B38,2025-12-26 10:33:00.000,205.96,335977,4,157,422
5505,TKT-5CE08842,2026-04-30 01:29:32.000,371.74,,4,157,421
5506,TKT-4ABB62CB,2025-08-17 10:52:15.000,349.55,,4,157,422
5507,TKT-55A6FCCD,2026-04-03 23:33:48.000,47.38,336432,4,157,420
5508,TKT-CDA5C97E,2025-11-19 15:14:53.000,60.86,337216,4,157,420
5509,TKT-D170012E,2025-10-15 22:17:13.000,340.01,,4,157,422
5510,TKT-CC4EE15B,2025-10-04 08:57:55.000,481.56,337356,4,157,421
5511,TKT-1E528DF8,2026-04-16 20:05:35.000,229.9,336978,4,157,422
5512,TKT-FF75BAE3,2026-03-16 12:20:05.000,544.23,,4,157,421
5513,TKT-64C7A04F,2026-01-19 01:58:57.000,218.25,336558,4,157,422
5514,TKT-08E18DF0,2025-07-12 21:49:00.000,29.58,,4,157,422
5515,TKT-5B645905,2025-08-02 04:07:17.000,69.52,,4,157,421
5516,TKT-426ADCD0,2025-10-07 15:02:04.000,244.1,,2,181,485
5517,TKT-A83DE5C3,2025-08-02 21:40:29.000,42.07,,2,181,484
5518,TKT-56A1333A,2025-08-03 05:54:16.000,321.45,389595,2,181,482
5519,TKT-C373D84C,2025-12-12 18:07:28.000,30.0,389623,2,181,481
5520,TKT-9D0E4FD5,2025-12-20 02:11:39.000,43.38,387128,2,181,482
5521,TKT-8F2E6896,2025-09-18 09:43:20.000,388.97,384521,2,181,481
5522,TKT-91352A86,2025-09-14 00:45:19.000,75.12,384768,2,181,485
5523,TKT-78E19DB7,2025-12-27 22:26:39.000,316.33,389518,2,181,483
5524,TKT-562C68B2,2025-11-15 15:36:45.000,36.72,384779,2,181,482
5525,TKT-4D1D6E3A,2025-12-24 05:07:44.000,387.45,387172,2,181,482
5526,TKT-6632F4DF,2025-12-22 05:09:38.000,156.16,388957,2,181,482
5527,TKT-3A9988DE,2025-11-23 13:54:15.000,164.88,389197,2,181,481
5528,TKT-9F74A89F,2026-03-31 09:50:20.000,503.14,389613,2,181,483
5529,TKT-3D7B8A0A,2025-12-01 21:58:57.000,292.32,,2,181,485
5530,TKT-FDFFCE39,2025-10-15 09:01:32.000,201.7,387315,2,181,483
5531,TKT-4AFBC03E,2026-03-22 04:36:58.000,332.6,385106,2,181,484
5532,TKT-2F0D2FD7,2025-12-13 16:10:52.000,585.87,385196,2,181,484
5533,TKT-B820552D,2025-10-22 16:26:29.000,729.3,,2,181,484
5534,TKT-05DCCB45,2026-04-17 02:29:08.000,735.46,384834,2,181,482
5535,TKT-5E94454D,2026-04-14 22:30:32.000,133.36,388891,2,181,484
5536,TKT-F8A6EDA2,2026-03-26 18:20:38.000,96.8,384457,2,181,481
5537,TKT-78D4BFDF,2025-08-16 14:42:59.000,522.19,385727,2,181,484
5538,TKT-5B9B7B31,2026-02-01 02:41:33.000,248.97,385363,2,181,483
5539,TKT-AE4542FB,2025-08-24 14:09:43.000,401.29,384403,2,181,481
5540,TKT-F5DF4C65,2025-09-25 22:03:33.000,393.67,,2,181,481
5541,TKT-3CCB7C02,2025-10-30 21:27:45.000,628.34,388558,2,181,482
5542,TKT-B589D13A,2026-04-10 01:38:33.000,163.75,389734,2,181,481
5543,TKT-8994E579,2025-08-24 13:19:40.000,170.24,387361,2,181,481
5544,TKT-764E871C,2026-04-23 16:36:08.000,189.48,384971,2,181,483
5545,TKT-8EBD7F5F,2026-03-01 00:26:06.000,447.84,389839,2,181,485
5546,TKT-3C182D37,2026-01-14 05:38:14.000,443.32,384608,2,181,482
5547,TKT-7CA7B3E1,2025-08-09 18:13:18.000,301.44,,2,181,485
5548,TKT-FFEFEE69,2026-04-23 03:21:25.000,348.94,388749,2,181,481
5549,TKT-412DED9C,2025-10-02 17:44:11.000,56.34,,2,181,483
5550,TKT-85F12675,2026-03-05 11:53:40.000,167.7,384241,2,181,484
5551,TKT-65ACBB90,2025-11-21 07:59:18.000,371.83,,2,181,481
5552,TKT-C444BE11,2025-10-06 06:48:56.000,134.95,386616,2,181,483
5553,TKT-39BD0205,2025-08-20 01:17:25.000,155.0,,2,181,485
5554,TKT-CEF108CC,2025-11-28 23:41:34.000,494.03,387981,2,181,483
5555,TKT-BD562BF0,2025-09-01 10:30:55.000,329.28,387272,2,181,484
5556,TKT-C5C2967E,2025-12-08 13:34:11.000,277.8,385379,2,181,484
5557,TKT-B9E8695A,2026-01-24 19:44:02.000,426.46,388303,2,181,481
5558,TKT-41BD3531,2025-10-08 23:15:45.000,467.08,384707,2,181,481
5559,TKT-38D1DF90,2025-08-11 00:22:35.000,81.32,,2,181,482
5560,TKT-1F61A468,2025-07-14 07:15:23.000,944.81,386577,2,181,484
5561,TKT-2A0E2FF2,2026-03-28 08:22:25.000,381.02,389636,2,181,485
5562,TKT-9AA75C12,2026-04-19 22:32:37.000,587.53,388756,2,181,485
5563,TKT-5D89E3DF,2025-09-18 23:54:06.000,94.02,387062,2,181,484
5564,TKT-5218BE94,2025-09-21 13:33:25.000,196.71,,2,181,484
