id,created_at,send_at,body,business_id,customer_tier_id,customer_segment_id,reward_id,expires_in_hours,type
1,2026-05-07 22:43:51.000,2026-05-08 19:43:51.000,Happy birthday! Enjoy your special gift from us.,1,3,,2,48,CUSTOM
2,2026-05-07 13:43:51.000,2026-05-08 19:43:51.000,We miss you! Come back and earn double points this week.,1,,,,24,AUTOMATED
3,2026-05-08 03:43:51.000,2026-05-08 19:43:51.000,Bring a friend and both of you earn bonus points.,1,,,,24,AUTOMATED
4,2026-05-08 00:43:51.000,2026-05-08 19:43:51.000,Your loyalty card has a new benefit. Tap to discover.,1,1,,,48,CUSTOM
5,2026-05-08 12:43:51.000,2026-05-08 19:43:51.000,Flash sale today only. Use your points for extra savings.,2,,,7,24,AUTOMATED
6,2026-05-08 16:43:51.000,2026-05-08 19:43:51.000,We miss you! Come back and earn double points this week.,2,,,,48,CUSTOM
7,2026-05-08 16:43:51.000,2026-05-08 19:43:51.000,Flash sale today only. Use your points for extra savings.,2,5,,,24,CUSTOM
8,2026-05-08 12:43:51.000,2026-05-08 19:43:51.000,Bring a friend and both of you earn bonus points.,3,,,,168,AUTOMATED
9,2026-05-08 09:43:51.000,2026-05-08 19:43:51.000,Bring a friend and both of you earn bonus points.,3,9,,,24,AUTOMATED
10,2026-05-08 10:43:51.000,2026-05-08 19:43:51.000,Bring a friend and both of you earn bonus points.,3,,,,72,CUSTOM
11,2026-05-07 03:43:51.000,2026-05-08 19:43:51.000,Bring a friend and both of you earn bonus points.,3,7,,12,168,AUTOMATED
12,2026-05-07 10:43:51.000,2026-05-08 19:43:51.000,Bring a friend and both of you earn bonus points.,3,9,,12,24,CUSTOM
13,2026-05-08 17:43:51.000,2026-05-08 19:43:51.000,We miss you! Come back and earn double points this week.,3,8,,12,72,CUSTOM
14,2026-05-06 23:43:51.000,2026-05-08 19:43:51.000,We miss you! Come back and earn double points this week.,3,,,,24,CUSTOM
15,2026-05-08 04:43:51.000,2026-05-08 19:43:51.000,You are 50 points away from your next reward!,3,,,,168,CUSTOM
16,2026-05-08 10:43:51.000,2026-05-08 19:43:51.000,You have a reward waiting for you. Claim it now!,3,8,,,168,CUSTOM
17,2026-05-07 04:43:51.000,2026-05-08 19:43:51.000,Flash sale today only. Use your points for extra savings.,3,,,9,168,CUSTOM
18,2026-05-07 14:43:51.000,2026-05-08 19:43:51.000,We miss you! Come back and earn double points this week.,3,8,,,72,AUTOMATED
19,2026-05-07 22:43:51.000,2026-05-08 19:43:51.000,We miss you! Come back and earn double points this week.,3,9,,,72,CUSTOM
20,2026-05-07 04:43:51.000,2026-05-08 19:43:51.000,Happy birthday! Enjoy your special gift from us.,3,,,,48,CUSTOM
21,2026-05-07 03:43:51.000,2026-05-08 19:43:51.000,You are 50 points away from your next reward!,3,7,,,168,CUSTOM
22,2026-05-08 16:43:51.000,2026-05-08 19:43:51.000,Your loyalty card has a new benefit. Tap to discover.,3,7,,,168,AUTOMATED
23,2026-05-08 05:43:51.000,2026-05-08 19:43:51.000,Flash sale today only. Use your points for extra savings.,3,,,11,168,AUTOMATED
24,2026-05-08 04:43:51.000,2026-05-08 19:43:51.000,New products just arrived. Be the first to check them out.,3,,,,168,AUTOMATED
25,2026-05-08 06:43:51.000,2026-05-08 19:43:51.000,Your loyalty card has a new benefit. Tap to discover.,3,,,,72,AUTOMATED
26,2026-05-07 05:43:51.000,2026-05-08 19:43:51.000,You are 50 points away from your next reward!,3,9,,,168,CUSTOM
27,2026-05-06 20:43:51.000,2026-05-08 19:43:51.000,Bring a friend and both of you earn bonus points.,3,,,12,48,AUTOMATED
28,2026-05-07 01:43:51.000,2026-05-08 19:43:51.000,Bring a friend and both of you earn bonus points.,3,,,,168,CUSTOM
29,2026-05-07 19:43:51.000,2026-05-08 19:43:51.000,Your loyalty card has a new benefit. Tap to discover.,3,,,,168,CUSTOM
30,2026-05-08 11:43:51.000,2026-05-08 19:43:51.000,Happy birthday! Enjoy your special gift from us.,3,8,,,24,CUSTOM
31,2026-05-07 02:43:51.000,2026-05-08 19:43:51.000,We miss you! Come back and earn double points this week.,3,,,,24,AUTOMATED
32,2026-05-07 05:43:51.000,2026-05-08 19:43:51.000,Flash sale today only. Use your points for extra savings.,3,,,11,168,CUSTOM
33,2026-05-07 00:43:51.000,2026-05-08 19:43:51.000,Bring a friend and both of you earn bonus points.,3,,,,48,CUSTOM
34,2026-05-07 09:43:51.000,2026-05-08 19:43:51.000,New products just arrived. Be the first to check them out.,3,7,,,168,AUTOMATED
35,2026-05-07 05:43:51.000,2026-05-08 19:43:51.000,We miss you! Come back and earn double points this week.,3,7,,12,72,CUSTOM
36,2026-05-08 10:43:51.000,2026-05-08 19:43:51.000,You are 50 points away from your next reward!,3,,,9,24,AUTOMATED
37,2026-05-08 07:43:51.000,2026-05-08 19:43:51.000,Flash sale today only. Use your points for extra savings.,4,12,,16,72,CUSTOM
38,2026-05-07 00:43:51.000,2026-05-08 19:43:51.000,You are 50 points away from your next reward!,4,,,,72,AUTOMATED
39,2026-05-07 14:43:51.000,2026-05-08 19:43:51.000,Your loyalty card has a new benefit. Tap to discover.,4,,,17,24,AUTOMATED
40,2026-05-08 04:43:51.000,2026-05-08 19:43:51.000,Happy birthday! Enjoy your special gift from us.,4,11,,16,168,AUTOMATED
41,2026-05-07 17:43:51.000,2026-05-08 19:43:51.000,You are 50 points away from your next reward!,4,,,,48,CUSTOM
42,2026-05-06 22:43:51.000,2026-05-08 19:43:51.000,Flash sale today only. Use your points for extra savings.,4,,,15,72,AUTOMATED
43,2026-05-07 22:43:51.000,2026-05-08 19:43:51.000,You are 50 points away from your next reward!,4,11,,,168,AUTOMATED
44,2026-05-08 12:43:51.000,2026-05-08 19:43:51.000,Flash sale today only. Use your points for extra savings.,4,10,,,48,AUTOMATED
45,2026-05-07 12:43:51.000,2026-05-08 19:43:51.000,New products just arrived. Be the first to check them out.,4,,,,48,CUSTOM
46,2026-05-07 06:43:51.000,2026-05-08 19:43:51.000,Happy birthday! Enjoy your special gift from us.,4,,,,24,CUSTOM
47,2026-05-07 22:43:51.000,2026-05-08 19:43:51.000,Happy birthday! Enjoy your special gift from us.,4,,,17,48,CUSTOM
48,2026-05-08 08:43:51.000,2026-05-08 19:43:51.000,Happy birthday! Enjoy your special gift from us.,4,,,15,24,CUSTOM
49,2026-05-07 21:43:51.000,2026-05-08 19:43:51.000,Bring a friend and both of you earn bonus points.,4,10,,,72,CUSTOM
50,2026-05-08 03:43:51.000,2026-05-08 19:43:51.000,You are 50 points away from your next reward!,4,,,,24,AUTOMATED
51,2026-05-07 16:43:51.000,2026-05-08 19:43:51.000,You are 50 points away from your next reward!,4,,,16,24,CUSTOM
52,2026-05-07 03:43:51.000,2026-05-08 19:43:51.000,You have a reward waiting for you. Claim it now!,4,12,,,72,AUTOMATED
53,2026-05-08 17:43:51.000,2026-05-08 19:43:51.000,New products just arrived. Be the first to check them out.,4,11,,,72,AUTOMATED
54,2026-05-08 07:43:51.000,2026-05-08 19:43:51.000,Happy birthday! Enjoy your special gift from us.,4,12,,,72,AUTOMATED
55,2026-05-07 23:43:51.000,2026-05-08 19:43:51.000,You are 50 points away from your next reward!,4,12,,,72,CUSTOM
56,2026-05-08 06:43:51.000,2026-05-08 19:43:51.000,You have a reward waiting for you. Claim it now!,5,,,,168,CUSTOM
57,2026-05-08 17:43:51.000,2026-05-08 19:43:51.000,Bring a friend and both of you earn bonus points.,5,14,,21,72,AUTOMATED
58,2026-05-08 02:43:51.000,2026-05-08 19:43:51.000,Happy birthday! Enjoy your special gift from us.,5,,,,72,AUTOMATED
59,2026-05-08 04:43:51.000,2026-05-08 19:43:51.000,Bring a friend and both of you earn bonus points.,5,13,,,72,CUSTOM
60,2026-05-08 09:43:51.000,2026-05-08 19:43:51.000,You have a reward waiting for you. Claim it now!,5,,,,24,CUSTOM
61,2026-05-08 08:43:51.000,2026-05-08 19:43:51.000,Bring a friend and both of you earn bonus points.,5,15,,,24,CUSTOM
62,2026-05-06 21:43:51.000,2026-05-08 19:43:51.000,You are 50 points away from your next reward!,5,,,,24,CUSTOM
63,2026-05-08 07:43:51.000,2026-05-08 19:43:51.000,Bring a friend and both of you earn bonus points.,5,,,21,24,CUSTOM
64,2026-05-06 22:43:51.000,2026-05-08 19:43:51.000,New products just arrived. Be the first to check them out.,5,,,,24,AUTOMATED
65,2026-05-07 14:43:51.000,2026-05-08 19:43:51.000,Flash sale today only. Use your points for extra savings.,5,,,20,24,AUTOMATED
66,2026-05-08 13:43:51.000,2026-05-08 19:43:51.000,You are 50 points away from your next reward!,5,15,,,24,CUSTOM
67,2026-05-08 06:43:51.000,2026-05-08 19:43:51.000,You have a reward waiting for you. Claim it now!,5,14,,,24,CUSTOM
68,2026-05-08 17:43:51.000,2026-05-08 19:43:51.000,Bring a friend and both of you earn bonus points.,5,,,,168,AUTOMATED
69,2026-05-07 08:43:51.000,2026-05-08 19:43:51.000,Your loyalty card has a new benefit. Tap to discover.,5,,,,168,CUSTOM
70,2026-05-08 08:43:51.000,2026-05-08 19:43:51.000,We miss you! Come back and earn double points this week.,5,,,21,168,AUTOMATED
71,2026-05-06 20:43:51.000,2026-05-08 19:43:51.000,We miss you! Come back and earn double points this week.,5,,,,24,AUTOMATED
72,2026-05-08 02:43:51.000,2026-05-08 19:43:51.000,Your loyalty card has a new benefit. Tap to discover.,5,,,,48,AUTOMATED
73,2026-05-07 20:43:51.000,2026-05-08 19:43:51.000,Happy birthday! Enjoy your special gift from us.,5,14,,,168,AUTOMATED
74,2026-05-08 06:43:51.000,2026-05-08 19:43:51.000,You are 50 points away from your next reward!,5,15,,,72,AUTOMATED
75,2026-05-07 03:43:51.000,2026-05-08 19:43:51.000,You are 50 points away from your next reward!,5,,,,168,CUSTOM
76,2026-05-07 09:43:51.000,2026-05-08 19:43:51.000,Flash sale today only. Use your points for extra savings.,5,,,,168,CUSTOM
77,2026-05-06 23:43:51.000,2026-05-08 19:43:51.000,We miss you! Come back and earn double points this week.,5,,,18,48,CUSTOM
78,2026-05-08 17:43:51.000,2026-05-08 19:43:51.000,You have a reward waiting for you. Claim it now!,5,,,,168,AUTOMATED
79,2026-05-07 11:43:51.000,2026-05-08 19:43:51.000,New products just arrived. Be the first to check them out.,5,,,,72,CUSTOM
80,2026-05-07 22:43:51.000,2026-05-08 19:43:51.000,You are 50 points away from your next reward!,5,14,,21,24,CUSTOM
81,2026-05-07 09:43:51.000,2026-05-08 19:43:51.000,Happy birthday! Enjoy your special gift from us.,6,16,,,48,CUSTOM
82,2026-05-08 00:43:51.000,2026-05-08 19:43:51.000,Bring a friend and both of you earn bonus points.,6,,,,48,AUTOMATED
83,2026-05-07 13:43:51.000,2026-05-08 19:43:51.000,Happy birthday! Enjoy your special gift from us.,6,,,23,48,AUTOMATED
84,2026-05-08 08:43:51.000,2026-05-08 19:43:51.000,Happy birthday! Enjoy your special gift from us.,6,17,,,48,AUTOMATED
85,2026-05-06 22:43:51.000,2026-05-08 19:43:51.000,Happy birthday! Enjoy your special gift from us.,6,,,,24,CUSTOM
86,2026-05-07 18:43:51.000,2026-05-08 19:43:51.000,You have a reward waiting for you. Claim it now!,6,18,,,24,CUSTOM
87,2026-05-08 17:43:51.000,2026-05-08 19:43:51.000,Happy birthday! Enjoy your special gift from us.,6,,,,168,AUTOMATED
88,2026-05-08 12:43:51.000,2026-05-08 19:43:51.000,We miss you! Come back and earn double points this week.,7,,,,48,CUSTOM
89,2026-05-08 16:43:51.000,2026-05-08 19:43:51.000,We miss you! Come back and earn double points this week.,7,21,,29,48,AUTOMATED
90,2026-05-07 23:43:51.000,2026-05-08 19:43:51.000,You are 50 points away from your next reward!,7,,,,72,CUSTOM
91,2026-05-08 11:43:51.000,2026-05-08 19:43:51.000,Bring a friend and both of you earn bonus points.,7,,,,48,CUSTOM
92,2026-05-08 09:43:51.000,2026-05-08 19:43:51.000,Happy birthday! Enjoy your special gift from us.,7,21,,28,48,AUTOMATED
93,2026-05-08 10:43:51.000,2026-05-08 19:43:51.000,Bring a friend and both of you earn bonus points.,7,,,,48,CUSTOM
94,2026-05-07 22:43:51.000,2026-05-08 19:43:51.000,New products just arrived. Be the first to check them out.,7,20,,26,24,AUTOMATED
95,2026-05-08 08:43:51.000,2026-05-08 19:43:51.000,We miss you! Come back and earn double points this week.,8,23,,,72,CUSTOM
96,2026-05-07 02:43:51.000,2026-05-08 19:43:51.000,You have a reward waiting for you. Claim it now!,8,22,,,72,AUTOMATED
97,2026-05-07 01:43:51.000,2026-05-08 19:43:51.000,Happy birthday! Enjoy your special gift from us.,8,24,,30,24,AUTOMATED
98,2026-05-08 07:43:51.000,2026-05-08 19:43:51.000,You have a reward waiting for you. Claim it now!,8,,,,24,AUTOMATED
99,2026-05-08 10:43:51.000,2026-05-08 19:43:51.000,You are 50 points away from your next reward!,8,22,,,168,CUSTOM
100,2026-05-08 05:43:51.000,2026-05-08 19:43:51.000,You have a reward waiting for you. Claim it now!,8,22,,,48,CUSTOM
101,2026-05-08 15:43:51.000,2026-05-08 19:43:51.000,We miss you! Come back and earn double points this week.,8,23,,30,72,CUSTOM
102,2026-05-08 15:43:51.000,2026-05-08 19:43:51.000,Bring a friend and both of you earn bonus points.,8,,,,168,AUTOMATED
103,2026-05-08 03:43:51.000,2026-05-08 19:43:51.000,Happy birthday! Enjoy your special gift from us.,8,24,,30,168,AUTOMATED
104,2026-05-08 03:43:51.000,2026-05-08 19:43:51.000,Flash sale today only. Use your points for extra savings.,8,,,,168,CUSTOM
105,2026-05-08 15:43:51.000,2026-05-08 19:43:51.000,Happy birthday! Enjoy your special gift from us.,8,,,31,48,CUSTOM
106,2026-05-07 15:43:51.000,2026-05-08 19:43:51.000,You are 50 points away from your next reward!,8,,,,48,AUTOMATED
107,2026-05-08 14:43:51.000,2026-05-08 19:43:51.000,Your loyalty card has a new benefit. Tap to discover.,9,27,,34,48,CUSTOM
108,2026-05-07 03:43:51.000,2026-05-08 19:43:51.000,Bring a friend and both of you earn bonus points.,9,,,,72,CUSTOM
109,2026-05-07 12:43:51.000,2026-05-08 19:43:51.000,We miss you! Come back and earn double points this week.,9,,,,48,CUSTOM
110,2026-05-07 22:43:51.000,2026-05-08 19:43:51.000,You have a reward waiting for you. Claim it now!,9,,,34,168,AUTOMATED
111,2026-05-07 07:43:51.000,2026-05-08 19:43:51.000,Bring a friend and both of you earn bonus points.,9,,,,168,CUSTOM
112,2026-05-08 15:43:51.000,2026-05-08 19:43:51.000,You are 50 points away from your next reward!,9,27,,33,24,AUTOMATED
113,2026-05-06 19:43:51.000,2026-05-08 19:43:51.000,Bring a friend and both of you earn bonus points.,10,,,,24,CUSTOM
114,2026-05-08 06:43:51.000,2026-05-08 19:43:51.000,New products just arrived. Be the first to check them out.,10,,,,72,CUSTOM
115,2026-05-07 23:43:51.000,2026-05-08 19:43:51.000,You are 50 points away from your next reward!,10,30,,37,168,CUSTOM
116,2026-05-07 17:43:51.000,2026-05-08 19:43:51.000,Flash sale today only. Use your points for extra savings.,10,,,,168,CUSTOM
117,2026-05-08 04:43:51.000,2026-05-08 19:43:51.000,You have a reward waiting for you. Claim it now!,10,,,,168,CUSTOM
118,2026-05-08 08:43:51.000,2026-05-08 19:43:51.000,You have a reward waiting for you. Claim it now!,10,29,,,48,CUSTOM
119,2026-05-08 01:43:51.000,2026-05-08 19:43:51.000,Flash sale today only. Use your points for extra savings.,10,,,36,168,CUSTOM
120,2026-05-08 05:43:51.000,2026-05-08 19:43:51.000,Bring a friend and both of you earn bonus points.,10,,,,48,AUTOMATED
121,2026-05-07 02:43:51.000,2026-05-08 19:43:51.000,Flash sale today only. Use your points for extra savings.,10,28,,,24,CUSTOM
122,2026-05-06 23:43:51.000,2026-05-08 19:43:51.000,We miss you! Come back and earn double points this week.,10,,,,24,CUSTOM
123,2026-05-07 00:43:51.000,2026-05-08 19:43:51.000,New products just arrived. Be the first to check them out.,10,,,37,72,CUSTOM
124,2026-05-07 22:43:51.000,2026-05-08 19:43:51.000,You are 50 points away from your next reward!,10,,,37,72,CUSTOM
125,2026-05-07 21:43:51.000,2026-05-08 19:43:51.000,Bring a friend and both of you earn bonus points.,10,,,36,24,CUSTOM
126,2026-05-08 06:43:51.000,2026-05-08 19:43:51.000,You are 50 points away from your next reward!,10,,,37,48,CUSTOM
127,2026-05-07 18:43:51.000,2026-05-08 19:43:51.000,Your loyalty card has a new benefit. Tap to discover.,10,30,,,168,AUTOMATED
128,2026-05-08 15:43:51.000,2026-05-08 19:43:51.000,We miss you! Come back and earn double points this week.,11,,,,24,AUTOMATED
129,2026-05-08 06:43:51.000,2026-05-08 19:43:51.000,You have a reward waiting for you. Claim it now!,11,,,39,24,CUSTOM
130,2026-05-07 07:43:51.000,2026-05-08 19:43:51.000,Flash sale today only. Use your points for extra savings.,11,33,,,72,CUSTOM
131,2026-05-08 06:43:51.000,2026-05-08 19:43:51.000,You are 50 points away from your next reward!,11,,,,168,CUSTOM
132,2026-05-07 00:43:51.000,2026-05-08 19:43:51.000,New products just arrived. Be the first to check them out.,11,33,,38,48,CUSTOM
133,2026-05-07 19:43:51.000,2026-05-08 19:43:51.000,Bring a friend and both of you earn bonus points.,11,31,,,72,AUTOMATED
134,2026-05-07 06:43:51.000,2026-05-08 19:43:51.000,Flash sale today only. Use your points for extra savings.,11,,,38,168,CUSTOM
135,2026-05-06 22:43:51.000,2026-05-08 19:43:51.000,Bring a friend and both of you earn bonus points.,12,,,43,168,CUSTOM
136,2026-05-08 06:43:51.000,2026-05-08 19:43:51.000,You have a reward waiting for you. Claim it now!,12,,,,72,CUSTOM
137,2026-05-07 10:43:51.000,2026-05-08 19:43:51.000,New products just arrived. Be the first to check them out.,12,34,,44,168,CUSTOM
138,2026-05-06 21:43:51.000,2026-05-08 19:43:51.000,New products just arrived. Be the first to check them out.,12,,,43,24,AUTOMATED
139,2026-05-07 23:43:51.000,2026-05-08 19:43:51.000,You have a reward waiting for you. Claim it now!,12,,,,72,CUSTOM
140,2026-05-07 01:43:51.000,2026-05-08 19:43:51.000,Happy birthday! Enjoy your special gift from us.,12,,,,72,CUSTOM
141,2026-05-07 03:43:51.000,2026-05-08 19:43:51.000,Your loyalty card has a new benefit. Tap to discover.,12,,,42,48,AUTOMATED
142,2026-05-07 13:43:51.000,2026-05-08 19:43:51.000,We miss you! Come back and earn double points this week.,13,38,,,48,CUSTOM
143,2026-05-08 01:43:51.000,2026-05-08 19:43:51.000,Your loyalty card has a new benefit. Tap to discover.,13,,,,168,AUTOMATED
144,2026-05-08 03:43:51.000,2026-05-08 19:43:51.000,Bring a friend and both of you earn bonus points.,13,,,,72,CUSTOM
145,2026-05-07 07:43:51.000,2026-05-08 19:43:51.000,Your loyalty card has a new benefit. Tap to discover.,13,,,,72,CUSTOM
146,2026-05-07 03:43:51.000,2026-05-08 19:43:51.000,We miss you! Come back and earn double points this week.,13,39,,45,72,AUTOMATED
147,2026-05-07 14:43:51.000,2026-05-08 19:43:51.000,New products just arrived. Be the first to check them out.,13,39,,,48,CUSTOM
148,2026-05-08 07:43:51.000,2026-05-08 19:43:51.000,Happy birthday! Enjoy your special gift from us.,14,,,,48,CUSTOM
149,2026-05-08 07:43:51.000,2026-05-08 19:43:51.000,We miss you! Come back and earn double points this week.,14,41,,,72,AUTOMATED
150,2026-05-07 04:43:51.000,2026-05-08 19:43:51.000,Happy birthday! Enjoy your special gift from us.,14,42,,,168,CUSTOM
151,2026-05-07 11:43:51.000,2026-05-08 19:43:51.000,Bring a friend and both of you earn bonus points.,14,41,,,24,CUSTOM
152,2026-05-08 04:43:51.000,2026-05-08 19:43:51.000,Flash sale today only. Use your points for extra savings.,14,,,49,24,AUTOMATED
153,2026-05-08 01:43:51.000,2026-05-08 19:43:51.000,Bring a friend and both of you earn bonus points.,14,40,,47,24,CUSTOM
154,2026-05-06 20:43:51.000,2026-05-08 19:43:51.000,Flash sale today only. Use your points for extra savings.,14,40,,,24,CUSTOM
155,2026-05-07 05:43:51.000,2026-05-08 19:43:51.000,You are 50 points away from your next reward!,14,,,,48,CUSTOM
156,2026-05-07 16:43:51.000,2026-05-08 19:43:51.000,New products just arrived. Be the first to check them out.,14,41,,47,168,AUTOMATED
157,2026-05-08 03:43:51.000,2026-05-08 19:43:51.000,Your loyalty card has a new benefit. Tap to discover.,15,,,50,24,CUSTOM
158,2026-05-08 05:43:51.000,2026-05-08 19:43:51.000,You are 50 points away from your next reward!,15,,,,72,CUSTOM
159,2026-05-07 21:43:51.000,2026-05-08 19:43:51.000,You are 50 points away from your next reward!,15,,,,48,AUTOMATED
160,2026-05-07 16:43:51.000,2026-05-08 19:43:51.000,Flash sale today only. Use your points for extra savings.,15,,,52,72,CUSTOM
161,2026-05-08 00:43:51.000,2026-05-08 19:43:51.000,You are 50 points away from your next reward!,15,45,,,72,AUTOMATED
162,2026-05-08 05:43:51.000,2026-05-08 19:43:51.000,New products just arrived. Be the first to check them out.,15,,,,168,CUSTOM
163,2026-05-08 05:43:51.000,2026-05-08 19:43:51.000,New products just arrived. Be the first to check them out.,15,,,,72,CUSTOM
164,2026-05-07 17:43:51.000,2026-05-08 19:43:51.000,Happy birthday! Enjoy your special gift from us.,15,,,,72,AUTOMATED
165,2026-05-07 15:43:51.000,2026-05-08 19:43:51.000,We miss you! Come back and earn double points this week.,15,43,,,72,AUTOMATED
166,2026-05-08 00:43:51.000,2026-05-08 19:43:51.000,We miss you! Come back and earn double points this week.,15,,,,24,AUTOMATED
167,2026-05-06 20:43:51.000,2026-05-08 19:43:51.000,Happy birthday! Enjoy your special gift from us.,15,45,,52,72,CUSTOM
168,2026-05-08 15:43:51.000,2026-05-08 19:43:51.000,Bring a friend and both of you earn bonus points.,15,44,,,72,CUSTOM
169,2026-05-08 12:43:51.000,2026-05-08 19:43:51.000,Happy birthday! Enjoy your special gift from us.,15,,,,48,CUSTOM
170,2026-05-07 07:43:51.000,2026-05-08 19:43:51.000,Your loyalty card has a new benefit. Tap to discover.,15,44,,51,48,CUSTOM
171,2026-05-06 19:43:51.000,2026-05-08 19:43:51.000,Flash sale today only. Use your points for extra savings.,15,,,52,168,AUTOMATED
172,2026-05-07 06:43:51.000,2026-05-08 19:43:51.000,You have a reward waiting for you. Claim it now!,15,,,53,48,CUSTOM
173,2026-05-08 09:43:51.000,2026-05-08 19:43:51.000,You have a reward waiting for you. Claim it now!,15,,,51,168,AUTOMATED
174,2026-05-08 18:43:51.000,2026-05-08 19:43:51.000,New products just arrived. Be the first to check them out.,15,,,53,72,AUTOMATED
175,2026-05-07 23:43:51.000,2026-05-08 19:43:51.000,Happy birthday! Enjoy your special gift from us.,15,,,50,48,AUTOMATED
176,2026-05-08 17:43:51.000,2026-05-08 19:43:51.000,You have a reward waiting for you. Claim it now!,15,,,,72,AUTOMATED
177,2026-05-07 08:43:51.000,2026-05-08 19:43:51.000,Happy birthday! Enjoy your special gift from us.,15,,,,24,AUTOMATED
178,2026-05-06 20:43:51.000,2026-05-08 19:43:51.000,You are 50 points away from your next reward!,15,,,,168,AUTOMATED
179,2026-05-08 05:43:51.000,2026-05-08 19:43:51.000,You have a reward waiting for you. Claim it now!,15,43,,,24,CUSTOM
180,2026-05-07 17:43:51.000,2026-05-08 19:43:51.000,You are 50 points away from your next reward!,15,43,,,48,AUTOMATED
181,2026-05-07 12:43:51.000,2026-05-08 19:43:51.000,Flash sale today only. Use your points for extra savings.,15,,,52,24,CUSTOM
182,2026-05-07 09:43:51.000,2026-05-08 19:43:51.000,You are 50 points away from your next reward!,15,,,,168,CUSTOM
183,2026-05-07 12:43:51.000,2026-05-08 19:43:51.000,Flash sale today only. Use your points for extra savings.,15,,,,48,CUSTOM
184,2026-05-07 22:43:51.000,2026-05-08 19:43:51.000,You have a reward waiting for you. Claim it now!,15,43,,53,72,CUSTOM
185,2026-05-06 19:43:51.000,2026-05-08 19:43:51.000,You have a reward waiting for you. Claim it now!,16,46,,,48,CUSTOM
186,2026-05-08 02:43:51.000,2026-05-08 19:43:51.000,New products just arrived. Be the first to check them out.,16,,,55,24,AUTOMATED
187,2026-05-07 07:43:51.000,2026-05-08 19:43:51.000,New products just arrived. Be the first to check them out.,16,,,56,24,CUSTOM
188,2026-05-06 23:43:51.000,2026-05-08 19:43:51.000,New products just arrived. Be the first to check them out.,16,,,55,72,AUTOMATED
189,2026-05-08 15:43:51.000,2026-05-08 19:43:51.000,We miss you! Come back and earn double points this week.,17,,,57,24,CUSTOM
190,2026-05-08 10:43:51.000,2026-05-08 19:43:51.000,Flash sale today only. Use your points for extra savings.,17,,,57,72,CUSTOM
191,2026-05-07 01:43:51.000,2026-05-08 19:43:51.000,We miss you! Come back and earn double points this week.,17,51,,57,168,AUTOMATED
192,2026-05-07 04:43:51.000,2026-05-08 19:43:51.000,You have a reward waiting for you. Claim it now!,18,52,,,72,AUTOMATED
193,2026-05-08 07:43:51.000,2026-05-08 19:43:51.000,Happy birthday! Enjoy your special gift from us.,18,,,,48,CUSTOM
194,2026-05-08 09:43:51.000,2026-05-08 19:43:51.000,New products just arrived. Be the first to check them out.,18,54,,,72,CUSTOM
195,2026-05-08 13:43:51.000,2026-05-08 19:43:51.000,Your loyalty card has a new benefit. Tap to discover.,18,54,,61,48,AUTOMATED
196,2026-05-07 02:43:51.000,2026-05-08 19:43:51.000,We miss you! Come back and earn double points this week.,18,53,,,48,CUSTOM
197,2026-05-08 04:43:51.000,2026-05-08 19:43:51.000,Happy birthday! Enjoy your special gift from us.,18,,,,48,AUTOMATED
198,2026-05-08 14:43:51.000,2026-05-08 19:43:51.000,Bring a friend and both of you earn bonus points.,18,,,61,48,AUTOMATED
199,2026-05-07 02:43:51.000,2026-05-08 19:43:51.000,You have a reward waiting for you. Claim it now!,18,53,,63,24,AUTOMATED
200,2026-05-07 09:43:51.000,2026-05-08 19:43:51.000,Bring a friend and both of you earn bonus points.,18,,,,24,CUSTOM
201,2026-05-08 14:43:51.000,2026-05-08 19:43:51.000,Flash sale today only. Use your points for extra savings.,18,,,60,48,CUSTOM
202,2026-05-07 02:43:51.000,2026-05-08 19:43:51.000,Your loyalty card has a new benefit. Tap to discover.,18,,,,24,CUSTOM
203,2026-05-06 23:43:51.000,2026-05-08 19:43:51.000,You are 50 points away from your next reward!,18,53,,,72,CUSTOM
204,2026-05-08 12:43:51.000,2026-05-08 19:43:51.000,Happy birthday! Enjoy your special gift from us.,18,,,,168,AUTOMATED
205,2026-05-08 07:43:51.000,2026-05-08 19:43:51.000,We miss you! Come back and earn double points this week.,18,53,,,24,AUTOMATED
206,2026-05-08 01:43:51.000,2026-05-08 19:43:51.000,You have a reward waiting for you. Claim it now!,18,,,,48,AUTOMATED
207,2026-05-07 10:43:51.000,2026-05-08 19:43:51.000,Bring a friend and both of you earn bonus points.,18,53,,61,72,AUTOMATED
208,2026-05-07 02:43:51.000,2026-05-08 19:43:51.000,Flash sale today only. Use your points for extra savings.,18,54,,,48,CUSTOM
209,2026-05-07 12:43:51.000,2026-05-08 19:43:51.000,Your loyalty card has a new benefit. Tap to discover.,19,,,64,48,AUTOMATED
210,2026-05-08 10:43:51.000,2026-05-08 19:43:51.000,Flash sale today only. Use your points for extra savings.,19,,,,72,AUTOMATED
211,2026-05-08 07:43:51.000,2026-05-08 19:43:51.000,You have a reward waiting for you. Claim it now!,19,,,64,168,CUSTOM
212,2026-05-07 17:43:51.000,2026-05-08 19:43:51.000,Bring a friend and both of you earn bonus points.,19,,,65,168,CUSTOM
213,2026-05-08 12:43:51.000,2026-05-08 19:43:51.000,Bring a friend and both of you earn bonus points.,19,,,64,72,AUTOMATED
214,2026-05-07 20:43:51.000,2026-05-08 19:43:51.000,Happy birthday! Enjoy your special gift from us.,19,56,,64,168,CUSTOM
215,2026-05-07 01:43:51.000,2026-05-08 19:43:51.000,Bring a friend and both of you earn bonus points.,20,,,,48,AUTOMATED
216,2026-05-08 09:43:51.000,2026-05-08 19:43:51.000,Your loyalty card has a new benefit. Tap to discover.,20,,,,72,AUTOMATED
217,2026-05-07 03:43:51.000,2026-05-08 19:43:51.000,Happy birthday! Enjoy your special gift from us.,20,,,66,168,AUTOMATED
218,2026-05-08 01:43:51.000,2026-05-08 19:43:51.000,New products just arrived. Be the first to check them out.,20,,,,168,AUTOMATED
219,2026-05-07 15:43:51.000,2026-05-08 19:43:51.000,Happy birthday! Enjoy your special gift from us.,20,,,,24,CUSTOM
220,2026-05-07 12:43:51.000,2026-05-08 19:43:51.000,You are 50 points away from your next reward!,20,58,,67,72,AUTOMATED
221,2026-05-06 20:43:51.000,2026-05-08 19:43:51.000,New products just arrived. Be the first to check them out.,20,,,,24,CUSTOM
222,2026-05-06 23:43:51.000,2026-05-08 19:43:51.000,Happy birthday! Enjoy your special gift from us.,20,,,,72,AUTOMATED
223,2026-05-07 18:43:51.000,2026-05-08 19:43:51.000,Happy birthday! Enjoy your special gift from us.,20,,,,24,CUSTOM
224,2026-05-07 05:43:51.000,2026-05-08 19:43:51.000,We miss you! Come back and earn double points this week.,20,59,,,24,AUTOMATED
225,2026-05-08 13:43:51.000,2026-05-08 19:43:51.000,New products just arrived. Be the first to check them out.,20,59,,68,168,AUTOMATED
226,2026-05-06 23:43:51.000,2026-05-08 19:43:51.000,Flash sale today only. Use your points for extra savings.,20,,,68,24,CUSTOM
227,2026-05-08 14:43:51.000,2026-05-08 19:43:51.000,Happy birthday! Enjoy your special gift from us.,21,63,,69,48,CUSTOM
228,2026-05-08 08:43:51.000,2026-05-08 19:43:51.000,Flash sale today only. Use your points for extra savings.,21,61,,69,24,CUSTOM
229,2026-05-07 17:43:51.000,2026-05-08 19:43:51.000,You are 50 points away from your next reward!,21,,,69,48,AUTOMATED
230,2026-05-07 04:43:51.000,2026-05-08 19:43:51.000,We miss you! Come back and earn double points this week.,21,,,69,48,CUSTOM
231,2026-05-08 09:43:51.000,2026-05-08 19:43:51.000,You have a reward waiting for you. Claim it now!,21,,,70,72,CUSTOM
232,2026-05-07 02:43:51.000,2026-05-08 19:43:51.000,Happy birthday! Enjoy your special gift from us.,21,63,,,72,CUSTOM
233,2026-05-07 12:43:51.000,2026-05-08 19:43:51.000,Happy birthday! Enjoy your special gift from us.,21,62,,70,48,AUTOMATED
234,2026-05-06 21:43:51.000,2026-05-08 19:43:51.000,Your loyalty card has a new benefit. Tap to discover.,21,61,,,72,CUSTOM
235,2026-05-08 03:43:51.000,2026-05-08 19:43:51.000,Flash sale today only. Use your points for extra savings.,22,,,72,168,AUTOMATED
236,2026-05-07 11:43:51.000,2026-05-08 19:43:51.000,Flash sale today only. Use your points for extra savings.,22,,,,168,CUSTOM
237,2026-05-07 11:43:51.000,2026-05-08 19:43:51.000,Your loyalty card has a new benefit. Tap to discover.,22,,,,24,CUSTOM
238,2026-05-08 11:43:51.000,2026-05-08 19:43:51.000,Happy birthday! Enjoy your special gift from us.,23,,,,24,AUTOMATED
239,2026-05-06 23:43:51.000,2026-05-08 19:43:51.000,You have a reward waiting for you. Claim it now!,23,69,,,24,CUSTOM
240,2026-05-06 21:43:51.000,2026-05-08 19:43:51.000,Bring a friend and both of you earn bonus points.,23,,,,72,CUSTOM
241,2026-05-07 12:43:51.000,2026-05-08 19:43:51.000,New products just arrived. Be the first to check them out.,23,,,76,48,CUSTOM
242,2026-05-08 05:43:51.000,2026-05-08 19:43:51.000,Your loyalty card has a new benefit. Tap to discover.,23,,,,72,AUTOMATED
243,2026-05-07 22:43:51.000,2026-05-08 19:43:51.000,Flash sale today only. Use your points for extra savings.,23,68,,,168,AUTOMATED
244,2026-05-08 00:43:51.000,2026-05-08 19:43:51.000,You are 50 points away from your next reward!,23,67,,,168,CUSTOM
245,2026-05-07 12:43:51.000,2026-05-08 19:43:51.000,You are 50 points away from your next reward!,23,68,,75,72,CUSTOM
246,2026-05-07 13:43:51.000,2026-05-08 19:43:51.000,You have a reward waiting for you. Claim it now!,24,70,,,72,AUTOMATED
247,2026-05-07 06:43:51.000,2026-05-08 19:43:51.000,You have a reward waiting for you. Claim it now!,24,,,80,72,CUSTOM
248,2026-05-07 00:43:51.000,2026-05-08 19:43:51.000,New products just arrived. Be the first to check them out.,24,,,,48,CUSTOM
249,2026-05-07 00:43:51.000,2026-05-08 19:43:51.000,We miss you! Come back and earn double points this week.,24,,,77,168,CUSTOM
250,2026-05-08 09:43:51.000,2026-05-08 19:43:51.000,You are 50 points away from your next reward!,24,,,78,168,AUTOMATED
251,2026-05-07 09:43:51.000,2026-05-08 19:43:51.000,Happy birthday! Enjoy your special gift from us.,24,,,,168,AUTOMATED
252,2026-05-08 03:43:51.000,2026-05-08 19:43:51.000,New products just arrived. Be the first to check them out.,24,,,77,72,AUTOMATED
253,2026-05-08 12:43:51.000,2026-05-08 19:43:51.000,We miss you! Come back and earn double points this week.,24,71,,79,72,AUTOMATED
254,2026-05-08 07:43:51.000,2026-05-08 19:43:51.000,We miss you! Come back and earn double points this week.,24,72,,77,48,AUTOMATED
255,2026-05-07 12:43:51.000,2026-05-08 19:43:51.000,Your loyalty card has a new benefit. Tap to discover.,24,72,,,72,CUSTOM
256,2026-05-06 23:43:51.000,2026-05-08 19:43:51.000,Happy birthday! Enjoy your special gift from us.,24,,,77,168,AUTOMATED
257,2026-05-08 13:43:51.000,2026-05-08 19:43:51.000,New products just arrived. Be the first to check them out.,24,,,,72,AUTOMATED
258,2026-05-07 22:43:51.000,2026-05-08 19:43:51.000,Bring a friend and both of you earn bonus points.,24,,,79,48,AUTOMATED
259,2026-05-08 17:43:51.000,2026-05-08 19:43:51.000,Happy birthday! Enjoy your special gift from us.,24,72,,79,24,CUSTOM
260,2026-05-07 09:43:51.000,2026-05-08 19:43:51.000,Your loyalty card has a new benefit. Tap to discover.,24,72,,,24,CUSTOM
261,2026-05-07 12:43:51.000,2026-05-08 19:43:51.000,New products just arrived. Be the first to check them out.,24,,,,72,AUTOMATED
262,2026-05-07 03:43:51.000,2026-05-08 19:43:51.000,Bring a friend and both of you earn bonus points.,24,,,,168,AUTOMATED
263,2026-05-08 14:43:51.000,2026-05-08 19:43:51.000,You have a reward waiting for you. Claim it now!,24,,,,72,AUTOMATED
264,2026-05-07 21:43:51.000,2026-05-08 19:43:51.000,We miss you! Come back and earn double points this week.,24,72,,,72,CUSTOM
265,2026-05-07 12:43:51.000,2026-05-08 19:43:51.000,Happy birthday! Enjoy your special gift from us.,24,71,,79,168,CUSTOM
266,2026-05-07 06:43:51.000,2026-05-08 19:43:51.000,Flash sale today only. Use your points for extra savings.,24,,,,72,CUSTOM
267,2026-05-06 22:43:51.000,2026-05-08 19:43:51.000,Your loyalty card has a new benefit. Tap to discover.,24,70,,,168,CUSTOM
268,2026-05-07 09:43:51.000,2026-05-08 19:43:51.000,You are 50 points away from your next reward!,24,,,,168,AUTOMATED
269,2026-05-07 15:43:51.000,2026-05-08 19:43:51.000,You have a reward waiting for you. Claim it now!,24,,,80,48,CUSTOM
270,2026-05-08 10:43:51.000,2026-05-08 19:43:51.000,Happy birthday! Enjoy your special gift from us.,25,,,,72,CUSTOM
271,2026-05-07 09:43:51.000,2026-05-08 19:43:51.000,Bring a friend and both of you earn bonus points.,25,,,84,24,CUSTOM
272,2026-05-08 15:43:51.000,2026-05-08 19:43:51.000,You have a reward waiting for you. Claim it now!,25,74,,,48,CUSTOM
273,2026-05-07 00:43:51.000,2026-05-08 19:43:51.000,You are 50 points away from your next reward!,25,,,,168,AUTOMATED
274,2026-05-07 13:43:51.000,2026-05-08 19:43:51.000,Bring a friend and both of you earn bonus points.,26,78,,87,48,CUSTOM
275,2026-05-08 16:43:51.000,2026-05-08 19:43:51.000,Your loyalty card has a new benefit. Tap to discover.,26,,,,72,CUSTOM
276,2026-05-07 22:43:51.000,2026-05-08 19:43:51.000,We miss you! Come back and earn double points this week.,26,,,90,72,AUTOMATED
277,2026-05-07 11:43:51.000,2026-05-08 19:43:51.000,Flash sale today only. Use your points for extra savings.,26,77,,,168,AUTOMATED
278,2026-05-08 08:43:51.000,2026-05-08 19:43:51.000,Bring a friend and both of you earn bonus points.,26,,,,48,AUTOMATED
279,2026-05-07 08:43:51.000,2026-05-08 19:43:51.000,Flash sale today only. Use your points for extra savings.,26,,,86,72,AUTOMATED
280,2026-05-07 22:43:51.000,2026-05-08 19:43:51.000,You have a reward waiting for you. Claim it now!,26,76,,87,24,CUSTOM
281,2026-05-07 11:43:51.000,2026-05-08 19:43:51.000,You have a reward waiting for you. Claim it now!,26,78,,,168,AUTOMATED
282,2026-05-08 09:43:51.000,2026-05-08 19:43:51.000,Bring a friend and both of you earn bonus points.,26,77,,88,48,AUTOMATED
283,2026-05-08 18:43:51.000,2026-05-08 19:43:51.000,You have a reward waiting for you. Claim it now!,26,,,,168,AUTOMATED
284,2026-05-07 12:43:51.000,2026-05-08 19:43:51.000,Flash sale today only. Use your points for extra savings.,26,,,88,72,CUSTOM
285,2026-05-08 10:43:51.000,2026-05-08 19:43:51.000,You have a reward waiting for you. Claim it now!,26,,,88,24,AUTOMATED
286,2026-05-07 20:43:51.000,2026-05-08 19:43:51.000,We miss you! Come back and earn double points this week.,26,,,,24,AUTOMATED
287,2026-05-07 03:43:51.000,2026-05-08 19:43:51.000,New products just arrived. Be the first to check them out.,26,,,87,24,CUSTOM
288,2026-05-07 05:43:51.000,2026-05-08 19:43:51.000,Flash sale today only. Use your points for extra savings.,26,,,,168,CUSTOM
289,2026-05-07 21:43:51.000,2026-05-08 19:43:51.000,We miss you! Come back and earn double points this week.,26,78,,,48,AUTOMATED
290,2026-05-08 14:43:51.000,2026-05-08 19:43:51.000,Flash sale today only. Use your points for extra savings.,26,,,,168,AUTOMATED
291,2026-05-06 20:43:51.000,2026-05-08 19:43:51.000,Flash sale today only. Use your points for extra savings.,26,,,87,24,AUTOMATED
292,2026-05-07 12:43:51.000,2026-05-08 19:43:51.000,Bring a friend and both of you earn bonus points.,27,,,,72,AUTOMATED
293,2026-05-07 14:43:51.000,2026-05-08 19:43:51.000,We miss you! Come back and earn double points this week.,27,81,,94,168,CUSTOM
294,2026-05-07 04:43:51.000,2026-05-08 19:43:51.000,Your loyalty card has a new benefit. Tap to discover.,27,,,,168,CUSTOM
295,2026-05-08 15:43:51.000,2026-05-08 19:43:51.000,You are 50 points away from your next reward!,27,80,,,72,CUSTOM
296,2026-05-08 14:43:51.000,2026-05-08 19:43:51.000,Your loyalty card has a new benefit. Tap to discover.,27,,,91,168,CUSTOM
297,2026-05-07 11:43:51.000,2026-05-08 19:43:51.000,New products just arrived. Be the first to check them out.,27,,,,24,AUTOMATED
298,2026-05-07 10:43:51.000,2026-05-08 19:43:51.000,You are 50 points away from your next reward!,27,,,92,72,CUSTOM
299,2026-05-07 06:43:51.000,2026-05-08 19:43:51.000,Flash sale today only. Use your points for extra savings.,27,,,,72,CUSTOM
300,2026-05-08 11:43:51.000,2026-05-08 19:43:51.000,New products just arrived. Be the first to check them out.,27,81,,,72,AUTOMATED
301,2026-05-07 00:43:51.000,2026-05-08 19:43:51.000,Flash sale today only. Use your points for extra savings.,27,,,91,24,AUTOMATED
302,2026-05-08 10:43:51.000,2026-05-08 19:43:51.000,Happy birthday! Enjoy your special gift from us.,27,,,,48,CUSTOM
303,2026-05-08 02:43:51.000,2026-05-08 19:43:51.000,You have a reward waiting for you. Claim it now!,27,79,,,48,AUTOMATED
304,2026-05-07 13:43:51.000,2026-05-08 19:43:51.000,Bring a friend and both of you earn bonus points.,27,,,,48,CUSTOM
305,2026-05-07 03:43:51.000,2026-05-08 19:43:51.000,Your loyalty card has a new benefit. Tap to discover.,27,,,94,168,CUSTOM
306,2026-05-08 03:43:51.000,2026-05-08 19:43:51.000,Your loyalty card has a new benefit. Tap to discover.,27,81,,92,72,CUSTOM
307,2026-05-07 21:43:51.000,2026-05-08 19:43:51.000,You have a reward waiting for you. Claim it now!,27,,,93,72,AUTOMATED
308,2026-05-07 17:43:51.000,2026-05-08 19:43:51.000,New products just arrived. Be the first to check them out.,27,,,,48,AUTOMATED
309,2026-05-08 02:43:51.000,2026-05-08 19:43:51.000,Bring a friend and both of you earn bonus points.,27,,,,24,CUSTOM
310,2026-05-08 16:43:51.000,2026-05-08 19:43:51.000,Happy birthday! Enjoy your special gift from us.,27,,,,168,AUTOMATED
311,2026-05-07 12:43:51.000,2026-05-08 19:43:51.000,Your loyalty card has a new benefit. Tap to discover.,27,,,92,72,AUTOMATED
312,2026-05-06 21:43:51.000,2026-05-08 19:43:51.000,You are 50 points away from your next reward!,27,,,92,168,CUSTOM
313,2026-05-07 15:43:51.000,2026-05-08 19:43:51.000,New products just arrived. Be the first to check them out.,27,,,,168,AUTOMATED
314,2026-05-07 03:43:51.000,2026-05-08 19:43:51.000,Happy birthday! Enjoy your special gift from us.,28,82,,,168,CUSTOM
315,2026-05-08 04:43:51.000,2026-05-08 19:43:51.000,We miss you! Come back and earn double points this week.,28,84,,,48,CUSTOM
316,2026-05-07 00:43:51.000,2026-05-08 19:43:51.000,We miss you! Come back and earn double points this week.,28,,,96,168,AUTOMATED
317,2026-05-08 16:43:51.000,2026-05-08 19:43:51.000,We miss you! Come back and earn double points this week.,28,,,,48,CUSTOM
318,2026-05-08 07:43:51.000,2026-05-08 19:43:51.000,Your loyalty card has a new benefit. Tap to discover.,29,86,,,72,CUSTOM
319,2026-05-07 19:43:51.000,2026-05-08 19:43:51.000,We miss you! Come back and earn double points this week.,29,87,,98,24,CUSTOM
320,2026-05-07 16:43:51.000,2026-05-08 19:43:51.000,Your loyalty card has a new benefit. Tap to discover.,29,,,98,168,CUSTOM
321,2026-05-07 22:43:51.000,2026-05-08 19:43:51.000,Flash sale today only. Use your points for extra savings.,30,,,,24,CUSTOM
322,2026-05-07 05:43:51.000,2026-05-08 19:43:51.000,New products just arrived. Be the first to check them out.,30,,,,168,AUTOMATED
323,2026-05-07 16:43:51.000,2026-05-08 19:43:51.000,New products just arrived. Be the first to check them out.,30,,,,48,CUSTOM
324,2026-05-06 22:43:51.000,2026-05-08 19:43:51.000,Your loyalty card has a new benefit. Tap to discover.,30,,,,72,AUTOMATED
325,2026-05-08 04:43:51.000,2026-05-08 19:43:51.000,You have a reward waiting for you. Claim it now!,30,,,,168,CUSTOM
326,2026-05-07 15:43:51.000,2026-05-08 19:43:51.000,You have a reward waiting for you. Claim it now!,30,,,104,72,AUTOMATED
327,2026-05-07 03:43:51.000,2026-05-08 19:43:51.000,Bring a friend and both of you earn bonus points.,30,90,,102,48,AUTOMATED
328,2026-05-07 11:43:51.000,2026-05-08 19:43:51.000,Your loyalty card has a new benefit. Tap to discover.,30,89,,,24,CUSTOM
329,2026-05-08 02:43:51.000,2026-05-08 19:43:51.000,You are 50 points away from your next reward!,30,,,103,48,CUSTOM
330,2026-05-07 09:43:51.000,2026-05-08 19:43:51.000,Your loyalty card has a new benefit. Tap to discover.,30,89,,,24,CUSTOM
331,2026-05-08 11:43:51.000,2026-05-08 19:43:51.000,You are 50 points away from your next reward!,30,,,,24,CUSTOM
332,2026-05-07 02:43:51.000,2026-05-08 19:43:51.000,Bring a friend and both of you earn bonus points.,30,,,,48,CUSTOM
333,2026-05-08 14:43:51.000,2026-05-08 19:43:51.000,We miss you! Come back and earn double points this week.,30,,,101,24,CUSTOM
334,2026-05-07 16:43:51.000,2026-05-08 19:43:51.000,Flash sale today only. Use your points for extra savings.,30,,,,48,CUSTOM
335,2026-05-06 21:43:51.000,2026-05-08 19:43:51.000,You have a reward waiting for you. Claim it now!,30,88,,,24,AUTOMATED
336,2026-05-06 23:43:51.000,2026-05-08 19:43:51.000,New products just arrived. Be the first to check them out.,30,88,,,168,CUSTOM
337,2026-05-08 03:43:51.000,2026-05-08 19:43:51.000,Your loyalty card has a new benefit. Tap to discover.,30,89,,,48,AUTOMATED
338,2026-05-08 13:43:51.000,2026-05-08 19:43:51.000,You have a reward waiting for you. Claim it now!,30,,,,72,CUSTOM
339,2026-05-07 17:43:51.000,2026-05-08 19:43:51.000,Your loyalty card has a new benefit. Tap to discover.,30,89,,103,168,AUTOMATED
340,2026-05-08 00:43:51.000,2026-05-08 19:43:51.000,Flash sale today only. Use your points for extra savings.,30,,,,48,CUSTOM
341,2026-05-08 17:43:51.000,2026-05-08 19:43:51.000,You are 50 points away from your next reward!,30,,,,72,CUSTOM
342,2026-05-08 11:43:51.000,2026-05-08 19:43:51.000,Bring a friend and both of you earn bonus points.,30,,,,48,CUSTOM
343,2026-05-08 14:43:51.000,2026-05-08 19:43:51.000,We miss you! Come back and earn double points this week.,31,,,106,72,CUSTOM
344,2026-05-07 18:43:51.000,2026-05-08 19:43:51.000,We miss you! Come back and earn double points this week.,31,,,,48,CUSTOM
345,2026-05-08 08:43:51.000,2026-05-08 19:43:51.000,Bring a friend and both of you earn bonus points.,31,,,105,48,CUSTOM
346,2026-05-07 20:43:51.000,2026-05-08 19:43:51.000,New products just arrived. Be the first to check them out.,31,,,,24,CUSTOM
347,2026-05-07 19:43:51.000,2026-05-08 19:43:51.000,Happy birthday! Enjoy your special gift from us.,31,,,,24,AUTOMATED
348,2026-05-08 06:43:51.000,2026-05-08 19:43:51.000,Flash sale today only. Use your points for extra savings.,32,,,,24,AUTOMATED
349,2026-05-08 05:43:51.000,2026-05-08 19:43:51.000,Happy birthday! Enjoy your special gift from us.,32,,,,168,AUTOMATED
350,2026-05-07 14:43:51.000,2026-05-08 19:43:51.000,You have a reward waiting for you. Claim it now!,32,96,,,48,CUSTOM
351,2026-05-08 13:43:51.000,2026-05-08 19:43:51.000,We miss you! Come back and earn double points this week.,32,,,,24,CUSTOM
352,2026-05-08 03:43:51.000,2026-05-08 19:43:51.000,Bring a friend and both of you earn bonus points.,32,,,,24,AUTOMATED
353,2026-05-08 16:43:51.000,2026-05-08 19:43:51.000,You have a reward waiting for you. Claim it now!,32,,,108,72,CUSTOM
354,2026-05-08 11:43:51.000,2026-05-08 19:43:51.000,Happy birthday! Enjoy your special gift from us.,32,95,,,72,AUTOMATED
355,2026-05-07 21:43:51.000,2026-05-08 19:43:51.000,Your loyalty card has a new benefit. Tap to discover.,32,,,,72,AUTOMATED
356,2026-05-07 09:43:51.000,2026-05-08 19:43:51.000,You have a reward waiting for you. Claim it now!,33,,,,168,CUSTOM
357,2026-05-08 15:43:51.000,2026-05-08 19:43:51.000,You are 50 points away from your next reward!,33,,,,48,AUTOMATED
358,2026-05-07 08:43:51.000,2026-05-08 19:43:51.000,You are 50 points away from your next reward!,33,,,115,24,AUTOMATED
359,2026-05-07 15:43:51.000,2026-05-08 19:43:51.000,Bring a friend and both of you earn bonus points.,33,99,,,72,CUSTOM
360,2026-05-07 16:43:51.000,2026-05-08 19:43:51.000,New products just arrived. Be the first to check them out.,33,,,114,24,CUSTOM
361,2026-05-08 03:43:51.000,2026-05-08 19:43:51.000,Bring a friend and both of you earn bonus points.,33,,,111,24,CUSTOM
362,2026-05-07 08:43:51.000,2026-05-08 19:43:51.000,We miss you! Come back and earn double points this week.,33,99,,115,168,AUTOMATED
363,2026-05-07 13:43:51.000,2026-05-08 19:43:51.000,Bring a friend and both of you earn bonus points.,33,99,,,72,AUTOMATED
364,2026-05-07 18:43:51.000,2026-05-08 19:43:51.000,Happy birthday! Enjoy your special gift from us.,33,,,111,168,CUSTOM
365,2026-05-07 15:43:51.000,2026-05-08 19:43:51.000,You have a reward waiting for you. Claim it now!,33,99,,,168,AUTOMATED
366,2026-05-08 16:43:51.000,2026-05-08 19:43:51.000,You are 50 points away from your next reward!,33,,,,48,CUSTOM
367,2026-05-08 00:43:51.000,2026-05-08 19:43:51.000,Happy birthday! Enjoy your special gift from us.,33,,,114,168,AUTOMATED
368,2026-05-07 04:43:51.000,2026-05-08 19:43:51.000,Bring a friend and both of you earn bonus points.,33,,,,72,CUSTOM
369,2026-05-07 12:43:51.000,2026-05-08 19:43:51.000,Flash sale today only. Use your points for extra savings.,33,,,113,48,CUSTOM
370,2026-05-07 09:43:51.000,2026-05-08 19:43:51.000,Bring a friend and both of you earn bonus points.,33,,,113,24,CUSTOM
371,2026-05-06 19:43:51.000,2026-05-08 19:43:51.000,Happy birthday! Enjoy your special gift from us.,33,98,,111,72,AUTOMATED
372,2026-05-08 13:43:51.000,2026-05-08 19:43:51.000,You are 50 points away from your next reward!,33,99,,111,48,AUTOMATED
373,2026-05-08 01:43:51.000,2026-05-08 19:43:51.000,Your loyalty card has a new benefit. Tap to discover.,33,,,,24,AUTOMATED
374,2026-05-08 15:43:51.000,2026-05-08 19:43:51.000,Flash sale today only. Use your points for extra savings.,33,97,,,48,CUSTOM
375,2026-05-08 07:43:51.000,2026-05-08 19:43:51.000,You have a reward waiting for you. Claim it now!,33,,,113,48,AUTOMATED
376,2026-05-07 11:43:51.000,2026-05-08 19:43:51.000,New products just arrived. Be the first to check them out.,33,97,,,168,AUTOMATED
377,2026-05-07 17:43:51.000,2026-05-08 19:43:51.000,We miss you! Come back and earn double points this week.,33,,,,24,CUSTOM
378,2026-05-08 06:43:51.000,2026-05-08 19:43:51.000,We miss you! Come back and earn double points this week.,33,97,,,24,AUTOMATED
379,2026-05-06 21:43:51.000,2026-05-08 19:43:51.000,New products just arrived. Be the first to check them out.,33,,,113,72,AUTOMATED
380,2026-05-07 17:43:51.000,2026-05-08 19:43:51.000,Happy birthday! Enjoy your special gift from us.,33,,,,48,AUTOMATED
381,2026-05-07 21:43:51.000,2026-05-08 19:43:51.000,You are 50 points away from your next reward!,33,,,,48,CUSTOM
382,2026-05-07 17:43:51.000,2026-05-08 19:43:51.000,Your loyalty card has a new benefit. Tap to discover.,34,,,116,48,CUSTOM
383,2026-05-08 06:43:51.000,2026-05-08 19:43:51.000,You are 50 points away from your next reward!,34,,,,168,AUTOMATED
384,2026-05-07 09:43:51.000,2026-05-08 19:43:51.000,You have a reward waiting for you. Claim it now!,34,,,118,168,CUSTOM
385,2026-05-08 07:43:51.000,2026-05-08 19:43:51.000,Flash sale today only. Use your points for extra savings.,34,100,,,72,CUSTOM
386,2026-05-07 04:43:51.000,2026-05-08 19:43:51.000,Bring a friend and both of you earn bonus points.,34,,,,24,CUSTOM
387,2026-05-07 19:43:51.000,2026-05-08 19:43:51.000,New products just arrived. Be the first to check them out.,34,,,,168,CUSTOM
388,2026-05-08 12:43:51.000,2026-05-08 19:43:51.000,Bring a friend and both of you earn bonus points.,34,101,,,48,CUSTOM
389,2026-05-07 18:43:51.000,2026-05-08 19:43:51.000,Your loyalty card has a new benefit. Tap to discover.,34,101,,116,168,AUTOMATED
390,2026-05-08 04:43:51.000,2026-05-08 19:43:51.000,You have a reward waiting for you. Claim it now!,34,101,,,72,CUSTOM
391,2026-05-08 18:43:51.000,2026-05-08 19:43:51.000,Flash sale today only. Use your points for extra savings.,34,,,,168,CUSTOM
392,2026-05-08 10:43:51.000,2026-05-08 19:43:51.000,You are 50 points away from your next reward!,34,,,117,72,CUSTOM
393,2026-05-08 15:43:51.000,2026-05-08 19:43:51.000,You have a reward waiting for you. Claim it now!,34,101,,,72,AUTOMATED
394,2026-05-08 06:43:51.000,2026-05-08 19:43:51.000,Your loyalty card has a new benefit. Tap to discover.,34,101,,117,168,CUSTOM
395,2026-05-07 06:43:51.000,2026-05-08 19:43:51.000,Your loyalty card has a new benefit. Tap to discover.,35,105,,122,168,CUSTOM
396,2026-05-06 22:43:51.000,2026-05-08 19:43:51.000,Flash sale today only. Use your points for extra savings.,35,105,,,24,AUTOMATED
397,2026-05-06 21:43:51.000,2026-05-08 19:43:51.000,Bring a friend and both of you earn bonus points.,35,,,,24,CUSTOM
398,2026-05-08 04:43:51.000,2026-05-08 19:43:51.000,Happy birthday! Enjoy your special gift from us.,35,104,,,24,CUSTOM
399,2026-05-08 17:43:51.000,2026-05-08 19:43:51.000,You are 50 points away from your next reward!,35,104,,,72,CUSTOM
400,2026-05-07 16:43:51.000,2026-05-08 19:43:51.000,Happy birthday! Enjoy your special gift from us.,35,,,,72,AUTOMATED
401,2026-05-08 08:43:51.000,2026-05-08 19:43:51.000,Happy birthday! Enjoy your special gift from us.,35,105,,,72,AUTOMATED
402,2026-05-08 01:43:51.000,2026-05-08 19:43:51.000,Happy birthday! Enjoy your special gift from us.,35,,,,168,AUTOMATED
403,2026-05-07 19:43:51.000,2026-05-08 19:43:51.000,You have a reward waiting for you. Claim it now!,36,,,,72,AUTOMATED
404,2026-05-07 19:43:51.000,2026-05-08 19:43:51.000,Bring a friend and both of you earn bonus points.,36,107,,,48,AUTOMATED
405,2026-05-08 03:43:51.000,2026-05-08 19:43:51.000,Your loyalty card has a new benefit. Tap to discover.,36,,,,72,AUTOMATED
406,2026-05-08 17:43:51.000,2026-05-08 19:43:51.000,You are 50 points away from your next reward!,36,,,124,168,AUTOMATED
407,2026-05-08 05:43:51.000,2026-05-08 19:43:51.000,We miss you! Come back and earn double points this week.,36,,,126,24,AUTOMATED
408,2026-05-07 00:43:51.000,2026-05-08 19:43:51.000,You have a reward waiting for you. Claim it now!,36,,,,24,AUTOMATED
409,2026-05-06 21:43:51.000,2026-05-08 19:43:51.000,We miss you! Come back and earn double points this week.,36,,,,48,CUSTOM
410,2026-05-08 07:43:51.000,2026-05-08 19:43:51.000,You have a reward waiting for you. Claim it now!,37,109,,,48,CUSTOM
411,2026-05-08 10:43:51.000,2026-05-08 19:43:51.000,Happy birthday! Enjoy your special gift from us.,37,111,,128,48,AUTOMATED
412,2026-05-08 03:43:51.000,2026-05-08 19:43:51.000,Flash sale today only. Use your points for extra savings.,37,110,,,24,CUSTOM
413,2026-05-07 13:43:51.000,2026-05-08 19:43:51.000,We miss you! Come back and earn double points this week.,37,,,127,168,AUTOMATED
414,2026-05-07 22:43:51.000,2026-05-08 19:43:51.000,Flash sale today only. Use your points for extra savings.,37,110,,,48,CUSTOM
415,2026-05-07 15:43:51.000,2026-05-08 19:43:51.000,You have a reward waiting for you. Claim it now!,37,109,,,24,AUTOMATED
416,2026-05-06 23:43:51.000,2026-05-08 19:43:51.000,You have a reward waiting for you. Claim it now!,37,,,,72,CUSTOM
417,2026-05-07 13:43:51.000,2026-05-08 19:43:51.000,You are 50 points away from your next reward!,37,,,,24,CUSTOM
418,2026-05-07 20:43:51.000,2026-05-08 19:43:51.000,You have a reward waiting for you. Claim it now!,37,,,,168,CUSTOM
419,2026-05-08 04:43:51.000,2026-05-08 19:43:51.000,You are 50 points away from your next reward!,37,,,127,24,AUTOMATED
420,2026-05-07 06:43:51.000,2026-05-08 19:43:51.000,We miss you! Come back and earn double points this week.,37,111,,,48,CUSTOM
421,2026-05-07 04:43:51.000,2026-05-08 19:43:51.000,We miss you! Come back and earn double points this week.,37,109,,128,24,AUTOMATED
422,2026-05-07 08:43:51.000,2026-05-08 19:43:51.000,Happy birthday! Enjoy your special gift from us.,37,,,127,72,AUTOMATED
423,2026-05-07 12:43:51.000,2026-05-08 19:43:51.000,New products just arrived. Be the first to check them out.,38,,,,168,CUSTOM
424,2026-05-07 12:43:51.000,2026-05-08 19:43:51.000,Your loyalty card has a new benefit. Tap to discover.,38,,,129,48,CUSTOM
425,2026-05-07 16:43:51.000,2026-05-08 19:43:51.000,You are 50 points away from your next reward!,38,,,130,24,CUSTOM
426,2026-05-08 08:43:51.000,2026-05-08 19:43:51.000,Your loyalty card has a new benefit. Tap to discover.,38,,,129,72,CUSTOM
427,2026-05-06 22:43:51.000,2026-05-08 19:43:51.000,Bring a friend and both of you earn bonus points.,39,,,,48,CUSTOM
428,2026-05-07 14:43:51.000,2026-05-08 19:43:51.000,Bring a friend and both of you earn bonus points.,39,117,,,168,AUTOMATED
429,2026-05-06 22:43:51.000,2026-05-08 19:43:51.000,You have a reward waiting for you. Claim it now!,39,117,,,168,CUSTOM
430,2026-05-08 02:43:51.000,2026-05-08 19:43:51.000,Your loyalty card has a new benefit. Tap to discover.,39,117,,,72,CUSTOM
431,2026-05-07 05:43:51.000,2026-05-08 19:43:51.000,Your loyalty card has a new benefit. Tap to discover.,39,,,,24,CUSTOM
432,2026-05-07 12:43:51.000,2026-05-08 19:43:51.000,Flash sale today only. Use your points for extra savings.,39,,,133,168,CUSTOM
433,2026-05-07 14:43:51.000,2026-05-08 19:43:51.000,New products just arrived. Be the first to check them out.,39,,,,48,AUTOMATED
434,2026-05-07 13:43:51.000,2026-05-08 19:43:51.000,Your loyalty card has a new benefit. Tap to discover.,39,117,,,72,AUTOMATED
435,2026-05-06 23:43:51.000,2026-05-08 19:43:51.000,You have a reward waiting for you. Claim it now!,39,,,134,24,CUSTOM
436,2026-05-07 02:43:51.000,2026-05-08 19:43:51.000,You have a reward waiting for you. Claim it now!,39,117,,,48,AUTOMATED
437,2026-05-08 09:43:51.000,2026-05-08 19:43:51.000,Flash sale today only. Use your points for extra savings.,39,117,,,72,AUTOMATED
438,2026-05-08 02:43:51.000,2026-05-08 19:43:51.000,New products just arrived. Be the first to check them out.,39,117,,,48,CUSTOM
439,2026-05-08 17:43:51.000,2026-05-08 19:43:51.000,Happy birthday! Enjoy your special gift from us.,39,,,,24,CUSTOM
440,2026-05-08 06:43:51.000,2026-05-08 19:43:51.000,You have a reward waiting for you. Claim it now!,39,117,,,24,CUSTOM
441,2026-05-07 11:43:51.000,2026-05-08 19:43:51.000,New products just arrived. Be the first to check them out.,39,,,,48,CUSTOM
442,2026-05-08 08:43:51.000,2026-05-08 19:43:51.000,We miss you! Come back and earn double points this week.,39,,,,168,AUTOMATED
443,2026-05-08 07:43:51.000,2026-05-08 19:43:51.000,Bring a friend and both of you earn bonus points.,39,115,,,48,AUTOMATED
444,2026-05-07 23:43:51.000,2026-05-08 19:43:51.000,Happy birthday! Enjoy your special gift from us.,39,,,,48,CUSTOM
445,2026-05-06 19:43:51.000,2026-05-08 19:43:51.000,You are 50 points away from your next reward!,39,,,132,72,CUSTOM
446,2026-05-08 01:43:51.000,2026-05-08 19:43:51.000,Bring a friend and both of you earn bonus points.,39,116,,,48,AUTOMATED
447,2026-05-06 22:43:51.000,2026-05-08 19:43:51.000,You have a reward waiting for you. Claim it now!,39,,,135,168,AUTOMATED
448,2026-05-08 04:43:51.000,2026-05-08 19:43:51.000,Happy birthday! Enjoy your special gift from us.,39,,,,48,CUSTOM
449,2026-05-08 00:43:51.000,2026-05-08 19:43:51.000,You are 50 points away from your next reward!,39,116,,,72,AUTOMATED
450,2026-05-07 16:43:51.000,2026-05-08 19:43:51.000,We miss you! Come back and earn double points this week.,39,116,,,168,CUSTOM
451,2026-05-06 23:43:51.000,2026-05-08 19:43:51.000,New products just arrived. Be the first to check them out.,39,,,,48,AUTOMATED
452,2026-05-08 04:43:51.000,2026-05-08 19:43:51.000,Bring a friend and both of you earn bonus points.,39,,,,168,AUTOMATED
453,2026-05-08 14:43:51.000,2026-05-08 19:43:51.000,You are 50 points away from your next reward!,39,115,,,48,AUTOMATED
454,2026-05-08 17:43:51.000,2026-05-08 19:43:51.000,Your loyalty card has a new benefit. Tap to discover.,40,120,,,48,AUTOMATED
455,2026-05-08 15:43:51.000,2026-05-08 19:43:51.000,Your loyalty card has a new benefit. Tap to discover.,40,,,,24,CUSTOM
456,2026-05-07 14:43:51.000,2026-05-08 19:43:51.000,Happy birthday! Enjoy your special gift from us.,40,120,,,168,AUTOMATED
457,2026-05-07 01:43:51.000,2026-05-08 19:43:51.000,Your loyalty card has a new benefit. Tap to discover.,40,,,,72,AUTOMATED
458,2026-05-07 08:43:51.000,2026-05-08 19:43:51.000,Your loyalty card has a new benefit. Tap to discover.,40,120,,136,48,AUTOMATED
459,2026-05-08 01:43:51.000,2026-05-08 19:43:51.000,We miss you! Come back and earn double points this week.,40,118,,137,48,CUSTOM
460,2026-05-08 04:43:51.000,2026-05-08 19:43:51.000,Bring a friend and both of you earn bonus points.,40,120,,,24,CUSTOM
461,2026-05-08 07:43:51.000,2026-05-08 19:43:51.000,Bring a friend and both of you earn bonus points.,40,,,,168,AUTOMATED
462,2026-05-08 09:43:51.000,2026-05-08 19:43:51.000,Your loyalty card has a new benefit. Tap to discover.,41,121,,139,168,CUSTOM
463,2026-05-08 03:43:51.000,2026-05-08 19:43:51.000,You are 50 points away from your next reward!,41,122,,,24,AUTOMATED
464,2026-05-08 13:43:51.000,2026-05-08 19:43:51.000,We miss you! Come back and earn double points this week.,41,,,,168,AUTOMATED
465,2026-05-07 21:43:51.000,2026-05-08 19:43:51.000,Bring a friend and both of you earn bonus points.,41,121,,138,48,CUSTOM
466,2026-05-08 18:43:51.000,2026-05-08 19:43:51.000,You are 50 points away from your next reward!,41,122,,138,72,AUTOMATED
467,2026-05-06 23:43:51.000,2026-05-08 19:43:51.000,Happy birthday! Enjoy your special gift from us.,41,122,,,48,CUSTOM
468,2026-05-08 00:43:51.000,2026-05-08 19:43:51.000,Bring a friend and both of you earn bonus points.,41,121,,,24,AUTOMATED
469,2026-05-07 19:43:51.000,2026-05-08 19:43:51.000,Flash sale today only. Use your points for extra savings.,41,122,,,72,CUSTOM
470,2026-05-07 10:43:51.000,2026-05-08 19:43:51.000,You have a reward waiting for you. Claim it now!,42,124,,,48,AUTOMATED
471,2026-05-07 20:43:51.000,2026-05-08 19:43:51.000,Happy birthday! Enjoy your special gift from us.,42,125,,142,72,CUSTOM
472,2026-05-08 14:43:51.000,2026-05-08 19:43:51.000,Happy birthday! Enjoy your special gift from us.,42,,,,24,AUTOMATED
473,2026-05-07 06:43:51.000,2026-05-08 19:43:51.000,Your loyalty card has a new benefit. Tap to discover.,42,126,,141,48,AUTOMATED
474,2026-05-07 21:43:51.000,2026-05-08 19:43:51.000,Happy birthday! Enjoy your special gift from us.,42,,,141,48,CUSTOM
475,2026-05-07 17:43:51.000,2026-05-08 19:43:51.000,Bring a friend and both of you earn bonus points.,42,,,141,168,CUSTOM
476,2026-05-07 12:43:51.000,2026-05-08 19:43:51.000,We miss you! Come back and earn double points this week.,42,124,,,168,AUTOMATED
477,2026-05-07 18:43:51.000,2026-05-08 19:43:51.000,Happy birthday! Enjoy your special gift from us.,42,126,,,24,AUTOMATED
478,2026-05-07 15:43:51.000,2026-05-08 19:43:51.000,Flash sale today only. Use your points for extra savings.,42,,,,24,AUTOMATED
479,2026-05-08 15:43:51.000,2026-05-08 19:43:51.000,We miss you! Come back and earn double points this week.,43,128,,,168,CUSTOM
480,2026-05-08 09:43:51.000,2026-05-08 19:43:51.000,New products just arrived. Be the first to check them out.,43,127,,,48,AUTOMATED
481,2026-05-07 08:43:51.000,2026-05-08 19:43:51.000,Bring a friend and both of you earn bonus points.,43,,,,72,AUTOMATED
482,2026-05-08 09:43:51.000,2026-05-08 19:43:51.000,New products just arrived. Be the first to check them out.,43,,,,48,AUTOMATED
483,2026-05-06 22:43:51.000,2026-05-08 19:43:51.000,You have a reward waiting for you. Claim it now!,43,,,,24,CUSTOM
484,2026-05-07 00:43:51.000,2026-05-08 19:43:51.000,You have a reward waiting for you. Claim it now!,43,129,,,24,AUTOMATED
485,2026-05-08 14:43:51.000,2026-05-08 19:43:51.000,Happy birthday! Enjoy your special gift from us.,43,128,,,24,CUSTOM
486,2026-05-07 05:43:51.000,2026-05-08 19:43:51.000,Happy birthday! Enjoy your special gift from us.,43,127,,,24,CUSTOM
487,2026-05-07 00:43:51.000,2026-05-08 19:43:51.000,You are 50 points away from your next reward!,43,127,,,24,AUTOMATED
488,2026-05-08 17:43:51.000,2026-05-08 19:43:51.000,We miss you! Come back and earn double points this week.,43,,,,48,AUTOMATED
489,2026-05-07 01:43:51.000,2026-05-08 19:43:51.000,Happy birthday! Enjoy your special gift from us.,43,129,,,72,CUSTOM
490,2026-05-07 10:43:51.000,2026-05-08 19:43:51.000,Bring a friend and both of you earn bonus points.,43,,,143,48,CUSTOM
491,2026-05-07 17:43:51.000,2026-05-08 19:43:51.000,Flash sale today only. Use your points for extra savings.,43,,,,24,AUTOMATED
492,2026-05-08 17:43:51.000,2026-05-08 19:43:51.000,You have a reward waiting for you. Claim it now!,43,,,,48,CUSTOM
493,2026-05-07 05:43:51.000,2026-05-08 19:43:51.000,Flash sale today only. Use your points for extra savings.,43,,,,72,AUTOMATED
494,2026-05-06 19:43:51.000,2026-05-08 19:43:51.000,Happy birthday! Enjoy your special gift from us.,44,130,,,72,AUTOMATED
495,2026-05-07 16:43:51.000,2026-05-08 19:43:51.000,Happy birthday! Enjoy your special gift from us.,44,,,,24,CUSTOM
496,2026-05-07 16:43:51.000,2026-05-08 19:43:51.000,You are 50 points away from your next reward!,44,,,146,24,CUSTOM
497,2026-05-08 13:43:51.000,2026-05-08 19:43:51.000,Your loyalty card has a new benefit. Tap to discover.,44,,,,24,AUTOMATED
498,2026-05-08 11:43:51.000,2026-05-08 19:43:51.000,You have a reward waiting for you. Claim it now!,44,,,,24,CUSTOM
499,2026-05-07 03:43:51.000,2026-05-08 19:43:51.000,Flash sale today only. Use your points for extra savings.,44,,,,72,AUTOMATED
500,2026-05-08 11:43:51.000,2026-05-08 19:43:51.000,Bring a friend and both of you earn bonus points.,44,132,,,72,CUSTOM
501,2026-05-07 09:43:51.000,2026-05-08 19:43:51.000,Bring a friend and both of you earn bonus points.,45,135,,,72,AUTOMATED
502,2026-05-08 11:43:51.000,2026-05-08 19:43:51.000,Happy birthday! Enjoy your special gift from us.,45,,,,168,CUSTOM
503,2026-05-08 14:43:51.000,2026-05-08 19:43:51.000,You are 50 points away from your next reward!,45,,,153,48,AUTOMATED
504,2026-05-07 20:43:51.000,2026-05-08 19:43:51.000,You are 50 points away from your next reward!,45,,,,168,AUTOMATED
505,2026-05-07 07:43:51.000,2026-05-08 19:43:51.000,Bring a friend and both of you earn bonus points.,45,,,,72,AUTOMATED
506,2026-05-06 22:43:51.000,2026-05-08 19:43:51.000,You are 50 points away from your next reward!,45,,,,48,CUSTOM
507,2026-05-07 21:43:51.000,2026-05-08 19:43:51.000,We miss you! Come back and earn double points this week.,45,,,,72,AUTOMATED
508,2026-05-07 15:43:51.000,2026-05-08 19:43:51.000,We miss you! Come back and earn double points this week.,45,134,,153,72,AUTOMATED
509,2026-05-07 01:43:51.000,2026-05-08 19:43:51.000,We miss you! Come back and earn double points this week.,45,,,,24,CUSTOM
510,2026-05-08 12:43:51.000,2026-05-08 19:43:51.000,You have a reward waiting for you. Claim it now!,45,,,150,24,AUTOMATED
511,2026-05-08 15:43:51.000,2026-05-08 19:43:51.000,Happy birthday! Enjoy your special gift from us.,45,,,,48,CUSTOM
512,2026-05-07 18:43:51.000,2026-05-08 19:43:51.000,Bring a friend and both of you earn bonus points.,45,,,,168,CUSTOM
513,2026-05-06 20:43:51.000,2026-05-08 19:43:51.000,We miss you! Come back and earn double points this week.,45,,,,72,CUSTOM
514,2026-05-08 02:43:51.000,2026-05-08 19:43:51.000,New products just arrived. Be the first to check them out.,45,133,,,72,AUTOMATED
515,2026-05-07 15:43:51.000,2026-05-08 19:43:51.000,We miss you! Come back and earn double points this week.,45,,,150,24,AUTOMATED
516,2026-05-08 10:43:51.000,2026-05-08 19:43:51.000,You are 50 points away from your next reward!,45,134,,151,168,AUTOMATED
517,2026-05-07 21:43:51.000,2026-05-08 19:43:51.000,Your loyalty card has a new benefit. Tap to discover.,45,133,,153,48,AUTOMATED
518,2026-05-08 05:43:51.000,2026-05-08 19:43:51.000,You are 50 points away from your next reward!,45,,,151,48,CUSTOM
519,2026-05-08 13:43:51.000,2026-05-08 19:43:51.000,Happy birthday! Enjoy your special gift from us.,45,,,,168,CUSTOM
520,2026-05-07 07:43:51.000,2026-05-08 19:43:51.000,You have a reward waiting for you. Claim it now!,45,135,,151,168,AUTOMATED
521,2026-05-06 22:43:51.000,2026-05-08 19:43:51.000,New products just arrived. Be the first to check them out.,45,,,,24,CUSTOM
522,2026-05-08 01:43:51.000,2026-05-08 19:43:51.000,Flash sale today only. Use your points for extra savings.,45,135,,153,168,AUTOMATED
523,2026-05-08 02:43:51.000,2026-05-08 19:43:51.000,Your loyalty card has a new benefit. Tap to discover.,45,134,,152,168,AUTOMATED
524,2026-05-08 13:43:51.000,2026-05-08 19:43:51.000,Flash sale today only. Use your points for extra savings.,45,,,152,72,CUSTOM
525,2026-05-06 19:43:51.000,2026-05-08 19:43:51.000,New products just arrived. Be the first to check them out.,45,,,152,24,CUSTOM
526,2026-05-07 20:43:51.000,2026-05-08 19:43:51.000,We miss you! Come back and earn double points this week.,46,,,154,72,AUTOMATED
527,2026-05-07 12:43:51.000,2026-05-08 19:43:51.000,Bring a friend and both of you earn bonus points.,46,136,,156,72,AUTOMATED
528,2026-05-08 18:43:51.000,2026-05-08 19:43:51.000,Happy birthday! Enjoy your special gift from us.,46,137,,154,168,CUSTOM
529,2026-05-07 11:43:51.000,2026-05-08 19:43:51.000,We miss you! Come back and earn double points this week.,46,137,,158,48,AUTOMATED
530,2026-05-08 18:43:51.000,2026-05-08 19:43:51.000,You are 50 points away from your next reward!,46,137,,,24,AUTOMATED
531,2026-05-08 01:43:51.000,2026-05-08 19:43:51.000,Flash sale today only. Use your points for extra savings.,46,,,,168,AUTOMATED
532,2026-05-08 17:43:51.000,2026-05-08 19:43:51.000,Your loyalty card has a new benefit. Tap to discover.,46,138,,157,168,CUSTOM
533,2026-05-07 12:43:51.000,2026-05-08 19:43:51.000,Bring a friend and both of you earn bonus points.,46,136,,158,72,AUTOMATED
534,2026-05-07 17:43:51.000,2026-05-08 19:43:51.000,New products just arrived. Be the first to check them out.,46,,,154,168,CUSTOM
535,2026-05-08 08:43:51.000,2026-05-08 19:43:51.000,Bring a friend and both of you earn bonus points.,46,138,,,72,CUSTOM
536,2026-05-08 06:43:51.000,2026-05-08 19:43:51.000,You are 50 points away from your next reward!,46,138,,,72,CUSTOM
537,2026-05-07 15:43:51.000,2026-05-08 19:43:51.000,You have a reward waiting for you. Claim it now!,46,,,156,72,CUSTOM
538,2026-05-08 09:43:51.000,2026-05-08 19:43:51.000,Happy birthday! Enjoy your special gift from us.,46,137,,,72,AUTOMATED
539,2026-05-08 08:43:51.000,2026-05-08 19:43:51.000,You have a reward waiting for you. Claim it now!,46,,,158,168,CUSTOM
540,2026-05-07 23:43:51.000,2026-05-08 19:43:51.000,Your loyalty card has a new benefit. Tap to discover.,47,140,,,24,AUTOMATED
541,2026-05-07 01:43:51.000,2026-05-08 19:43:51.000,You have a reward waiting for you. Claim it now!,47,,,160,168,AUTOMATED
542,2026-05-08 04:43:51.000,2026-05-08 19:43:51.000,Happy birthday! Enjoy your special gift from us.,47,,,159,72,AUTOMATED
543,2026-05-07 04:43:51.000,2026-05-08 19:43:51.000,You have a reward waiting for you. Claim it now!,47,,,,48,AUTOMATED
544,2026-05-07 00:43:51.000,2026-05-08 19:43:51.000,Happy birthday! Enjoy your special gift from us.,47,,,159,24,AUTOMATED
545,2026-05-06 23:43:51.000,2026-05-08 19:43:51.000,We miss you! Come back and earn double points this week.,47,,,,24,AUTOMATED
546,2026-05-08 11:43:51.000,2026-05-08 19:43:51.000,We miss you! Come back and earn double points this week.,47,,,,168,CUSTOM
547,2026-05-08 18:43:51.000,2026-05-08 19:43:51.000,Your loyalty card has a new benefit. Tap to discover.,47,,,159,168,CUSTOM
548,2026-05-07 13:43:51.000,2026-05-08 19:43:51.000,Bring a friend and both of you earn bonus points.,48,,,,168,AUTOMATED
549,2026-05-06 19:43:51.000,2026-05-08 19:43:51.000,Happy birthday! Enjoy your special gift from us.,48,,,,48,CUSTOM
550,2026-05-08 08:43:51.000,2026-05-08 19:43:51.000,Flash sale today only. Use your points for extra savings.,48,,,,48,CUSTOM
551,2026-05-08 08:43:51.000,2026-05-08 19:43:51.000,You are 50 points away from your next reward!,48,,,,24,AUTOMATED
552,2026-05-08 07:43:51.000,2026-05-08 19:43:51.000,You are 50 points away from your next reward!,48,,,,168,CUSTOM
553,2026-05-08 11:43:51.000,2026-05-08 19:43:51.000,Flash sale today only. Use your points for extra savings.,48,,,,72,AUTOMATED
554,2026-05-07 12:43:51.000,2026-05-08 19:43:51.000,You are 50 points away from your next reward!,48,144,,,24,CUSTOM
555,2026-05-08 16:43:51.000,2026-05-08 19:43:51.000,We miss you! Come back and earn double points this week.,48,143,,162,168,CUSTOM
556,2026-05-07 12:43:51.000,2026-05-08 19:43:51.000,Happy birthday! Enjoy your special gift from us.,48,,,,72,AUTOMATED
557,2026-05-07 08:43:51.000,2026-05-08 19:43:51.000,Flash sale today only. Use your points for extra savings.,48,143,,,168,CUSTOM
558,2026-05-06 23:43:51.000,2026-05-08 19:43:51.000,You are 50 points away from your next reward!,48,142,,,24,CUSTOM
559,2026-05-07 12:43:51.000,2026-05-08 19:43:51.000,Your loyalty card has a new benefit. Tap to discover.,48,,,,168,CUSTOM
560,2026-05-06 22:43:51.000,2026-05-08 19:43:51.000,Bring a friend and both of you earn bonus points.,49,,,,72,CUSTOM
561,2026-05-08 02:43:51.000,2026-05-08 19:43:51.000,New products just arrived. Be the first to check them out.,49,146,,165,48,AUTOMATED
562,2026-05-07 14:43:51.000,2026-05-08 19:43:51.000,New products just arrived. Be the first to check them out.,49,145,,,48,AUTOMATED
563,2026-05-08 18:43:51.000,2026-05-08 19:43:51.000,Your loyalty card has a new benefit. Tap to discover.,50,,,,48,CUSTOM
564,2026-05-07 18:43:51.000,2026-05-08 19:43:51.000,You are 50 points away from your next reward!,50,,,,168,CUSTOM
565,2026-05-08 04:43:51.000,2026-05-08 19:43:51.000,New products just arrived. Be the first to check them out.,50,,,,168,CUSTOM
566,2026-05-07 08:43:51.000,2026-05-08 19:43:51.000,New products just arrived. Be the first to check them out.,50,,,,168,CUSTOM
567,2026-05-06 22:43:51.000,2026-05-08 19:43:51.000,You have a reward waiting for you. Claim it now!,50,,,,48,AUTOMATED
568,2026-05-07 06:43:51.000,2026-05-08 19:43:51.000,Bring a friend and both of you earn bonus points.,50,150,,,168,AUTOMATED
569,2026-05-07 18:43:51.000,2026-05-08 19:43:51.000,Bring a friend and both of you earn bonus points.,50,,,,168,AUTOMATED
570,2026-05-08 12:43:51.000,2026-05-08 19:43:51.000,Happy birthday! Enjoy your special gift from us.,50,,,,48,AUTOMATED
571,2026-05-08 10:43:51.000,2026-05-08 19:43:51.000,Happy birthday! Enjoy your special gift from us.,50,150,,,48,AUTOMATED
572,2026-05-06 19:43:51.000,2026-05-08 19:43:51.000,You have a reward waiting for you. Claim it now!,50,,,,48,AUTOMATED
573,2026-05-08 04:43:51.000,2026-05-08 19:43:51.000,Happy birthday! Enjoy your special gift from us.,50,,,,24,AUTOMATED
574,2026-05-07 21:43:51.000,2026-05-08 19:43:51.000,You are 50 points away from your next reward!,50,,,170,168,CUSTOM
575,2026-05-07 00:43:51.000,2026-05-08 19:43:51.000,New products just arrived. Be the first to check them out.,50,,,,48,CUSTOM
576,2026-05-07 04:43:51.000,2026-05-08 19:43:51.000,Bring a friend and both of you earn bonus points.,50,,,,72,CUSTOM
577,2026-05-07 07:43:51.000,2026-05-08 19:43:51.000,Happy birthday! Enjoy your special gift from us.,50,150,,,48,AUTOMATED
578,2026-05-07 02:43:51.000,2026-05-08 19:43:51.000,We miss you! Come back and earn double points this week.,50,,,169,168,AUTOMATED
579,2026-05-08 05:43:51.000,2026-05-08 19:43:51.000,You are 50 points away from your next reward!,50,,,,48,CUSTOM
580,2026-05-06 19:43:51.000,2026-05-08 19:43:51.000,Happy birthday! Enjoy your special gift from us.,50,148,,,168,CUSTOM
581,2026-05-08 00:43:51.000,2026-05-08 19:43:51.000,You have a reward waiting for you. Claim it now!,50,,,168,24,CUSTOM
582,2026-05-07 20:43:51.000,2026-05-08 19:43:51.000,New products just arrived. Be the first to check them out.,50,,,168,72,CUSTOM
583,2026-05-06 20:43:51.000,2026-05-08 19:43:51.000,Flash sale today only. Use your points for extra savings.,50,,,,48,AUTOMATED
584,2026-05-08 09:43:51.000,2026-05-08 19:43:51.000,You are 50 points away from your next reward!,51,,,,168,AUTOMATED
585,2026-05-08 01:43:51.000,2026-05-08 19:43:51.000,Bring a friend and both of you earn bonus points.,51,152,,172,48,CUSTOM
586,2026-05-08 13:43:51.000,2026-05-08 19:43:51.000,New products just arrived. Be the first to check them out.,51,,,,48,CUSTOM
587,2026-05-07 02:43:51.000,2026-05-08 19:43:51.000,You have a reward waiting for you. Claim it now!,51,,,,24,AUTOMATED
588,2026-05-06 21:43:51.000,2026-05-08 19:43:51.000,Happy birthday! Enjoy your special gift from us.,51,,,,168,AUTOMATED
589,2026-05-08 18:43:51.000,2026-05-08 19:43:51.000,Your loyalty card has a new benefit. Tap to discover.,51,151,,,24,CUSTOM
590,2026-05-07 03:43:51.000,2026-05-08 19:43:51.000,New products just arrived. Be the first to check them out.,52,,,173,24,AUTOMATED
591,2026-05-07 12:43:51.000,2026-05-08 19:43:51.000,New products just arrived. Be the first to check them out.,52,,,,168,CUSTOM
592,2026-05-08 15:43:51.000,2026-05-08 19:43:51.000,Bring a friend and both of you earn bonus points.,52,,,,168,AUTOMATED
593,2026-05-08 18:43:51.000,2026-05-08 19:43:51.000,New products just arrived. Be the first to check them out.,52,,,,72,CUSTOM
594,2026-05-06 20:43:51.000,2026-05-08 19:43:51.000,Bring a friend and both of you earn bonus points.,53,159,,,168,AUTOMATED
595,2026-05-08 05:43:51.000,2026-05-08 19:43:51.000,Flash sale today only. Use your points for extra savings.,53,,,,168,CUSTOM
596,2026-05-06 22:43:51.000,2026-05-08 19:43:51.000,New products just arrived. Be the first to check them out.,53,,,178,168,AUTOMATED
597,2026-05-07 06:43:51.000,2026-05-08 19:43:51.000,You have a reward waiting for you. Claim it now!,53,,,179,24,AUTOMATED
598,2026-05-08 08:43:51.000,2026-05-08 19:43:51.000,Flash sale today only. Use your points for extra savings.,53,157,,177,168,AUTOMATED
599,2026-05-07 03:43:51.000,2026-05-08 19:43:51.000,You are 50 points away from your next reward!,53,157,,177,48,CUSTOM
600,2026-05-07 00:43:51.000,2026-05-08 19:43:51.000,Your loyalty card has a new benefit. Tap to discover.,53,,,,24,CUSTOM
601,2026-05-07 01:43:51.000,2026-05-08 19:43:51.000,Bring a friend and both of you earn bonus points.,53,157,,,48,AUTOMATED
602,2026-05-08 13:43:51.000,2026-05-08 19:43:51.000,Flash sale today only. Use your points for extra savings.,53,157,,,24,CUSTOM
603,2026-05-07 06:43:51.000,2026-05-08 19:43:51.000,Bring a friend and both of you earn bonus points.,53,159,,,24,AUTOMATED
604,2026-05-07 09:43:51.000,2026-05-08 19:43:51.000,You are 50 points away from your next reward!,53,,,176,168,CUSTOM
605,2026-05-06 23:43:51.000,2026-05-08 19:43:51.000,Happy birthday! Enjoy your special gift from us.,53,,,178,24,CUSTOM
606,2026-05-07 22:43:51.000,2026-05-08 19:43:51.000,Flash sale today only. Use your points for extra savings.,53,,,177,168,CUSTOM
607,2026-05-08 04:43:51.000,2026-05-08 19:43:51.000,Happy birthday! Enjoy your special gift from us.,53,158,,,48,AUTOMATED
608,2026-05-06 20:43:51.000,2026-05-08 19:43:51.000,You have a reward waiting for you. Claim it now!,53,,,,72,CUSTOM
609,2026-05-08 02:43:51.000,2026-05-08 19:43:51.000,Flash sale today only. Use your points for extra savings.,54,,,,72,CUSTOM
610,2026-05-08 13:43:51.000,2026-05-08 19:43:51.000,Bring a friend and both of you earn bonus points.,54,161,,182,24,AUTOMATED
611,2026-05-08 06:43:51.000,2026-05-08 19:43:51.000,We miss you! Come back and earn double points this week.,54,,,182,48,AUTOMATED
612,2026-05-07 09:43:51.000,2026-05-08 19:43:51.000,New products just arrived. Be the first to check them out.,54,160,,181,72,AUTOMATED
613,2026-05-07 16:43:51.000,2026-05-08 19:43:51.000,You have a reward waiting for you. Claim it now!,54,162,,,72,AUTOMATED
614,2026-05-08 00:43:51.000,2026-05-08 19:43:51.000,You have a reward waiting for you. Claim it now!,54,,,,24,CUSTOM
615,2026-05-08 12:43:51.000,2026-05-08 19:43:51.000,You are 50 points away from your next reward!,54,,,,24,CUSTOM
616,2026-05-07 15:43:51.000,2026-05-08 19:43:51.000,Bring a friend and both of you earn bonus points.,54,,,,24,AUTOMATED
617,2026-05-07 08:43:51.000,2026-05-08 19:43:51.000,You are 50 points away from your next reward!,54,,,,168,AUTOMATED
618,2026-05-07 07:43:51.000,2026-05-08 19:43:51.000,We miss you! Come back and earn double points this week.,54,,,,168,AUTOMATED
619,2026-05-07 13:43:51.000,2026-05-08 19:43:51.000,We miss you! Come back and earn double points this week.,55,,,187,48,AUTOMATED
620,2026-05-08 11:43:51.000,2026-05-08 19:43:51.000,Happy birthday! Enjoy your special gift from us.,55,,,189,72,CUSTOM
621,2026-05-06 21:43:51.000,2026-05-08 19:43:51.000,We miss you! Come back and earn double points this week.,55,165,,,24,AUTOMATED
622,2026-05-08 17:43:51.000,2026-05-08 19:43:51.000,You have a reward waiting for you. Claim it now!,55,,,,24,AUTOMATED
623,2026-05-08 14:43:51.000,2026-05-08 19:43:51.000,Your loyalty card has a new benefit. Tap to discover.,55,,,186,48,AUTOMATED
624,2026-05-07 22:43:51.000,2026-05-08 19:43:51.000,Your loyalty card has a new benefit. Tap to discover.,55,,,,168,AUTOMATED
625,2026-05-07 09:43:51.000,2026-05-08 19:43:51.000,Bring a friend and both of you earn bonus points.,55,,,188,48,AUTOMATED
626,2026-05-08 01:43:51.000,2026-05-08 19:43:51.000,Happy birthday! Enjoy your special gift from us.,55,164,,,168,CUSTOM
627,2026-05-06 22:43:51.000,2026-05-08 19:43:51.000,Your loyalty card has a new benefit. Tap to discover.,55,,,,72,AUTOMATED
628,2026-05-07 21:43:51.000,2026-05-08 19:43:51.000,New products just arrived. Be the first to check them out.,55,164,,187,48,AUTOMATED
629,2026-05-07 04:43:51.000,2026-05-08 19:43:51.000,You are 50 points away from your next reward!,55,,,185,24,CUSTOM
630,2026-05-08 12:43:51.000,2026-05-08 19:43:51.000,Flash sale today only. Use your points for extra savings.,55,164,,,168,AUTOMATED
631,2026-05-08 12:43:51.000,2026-05-08 19:43:51.000,You have a reward waiting for you. Claim it now!,55,,,186,48,CUSTOM
632,2026-05-08 06:43:51.000,2026-05-08 19:43:51.000,Bring a friend and both of you earn bonus points.,55,163,,187,72,AUTOMATED
633,2026-05-07 21:43:51.000,2026-05-08 19:43:51.000,You have a reward waiting for you. Claim it now!,55,165,,185,168,AUTOMATED
634,2026-05-08 07:43:51.000,2026-05-08 19:43:51.000,New products just arrived. Be the first to check them out.,55,,,185,72,CUSTOM
635,2026-05-06 21:43:51.000,2026-05-08 19:43:51.000,Flash sale today only. Use your points for extra savings.,55,165,,,168,AUTOMATED
636,2026-05-07 07:43:51.000,2026-05-08 19:43:51.000,You have a reward waiting for you. Claim it now!,55,,,,48,CUSTOM
637,2026-05-07 21:43:51.000,2026-05-08 19:43:51.000,Flash sale today only. Use your points for extra savings.,55,,,,24,CUSTOM
638,2026-05-07 00:43:51.000,2026-05-08 19:43:51.000,Flash sale today only. Use your points for extra savings.,55,164,,188,168,AUTOMATED
639,2026-05-07 17:43:51.000,2026-05-08 19:43:51.000,You are 50 points away from your next reward!,55,,,185,72,CUSTOM
640,2026-05-08 18:43:51.000,2026-05-08 19:43:51.000,New products just arrived. Be the first to check them out.,55,,,,24,AUTOMATED
641,2026-05-06 20:43:51.000,2026-05-08 19:43:51.000,We miss you! Come back and earn double points this week.,55,,,188,48,CUSTOM
642,2026-05-08 01:43:51.000,2026-05-08 19:43:51.000,Flash sale today only. Use your points for extra savings.,55,,,185,48,CUSTOM
643,2026-05-08 13:43:51.000,2026-05-08 19:43:51.000,You are 50 points away from your next reward!,55,,,189,24,AUTOMATED
644,2026-05-08 09:43:51.000,2026-05-08 19:43:51.000,Your loyalty card has a new benefit. Tap to discover.,55,165,,,72,AUTOMATED
645,2026-05-07 08:43:51.000,2026-05-08 19:43:51.000,New products just arrived. Be the first to check them out.,55,,,188,168,AUTOMATED
646,2026-05-07 14:43:51.000,2026-05-08 19:43:51.000,Flash sale today only. Use your points for extra savings.,55,,,185,24,AUTOMATED
647,2026-05-08 01:43:51.000,2026-05-08 19:43:51.000,Happy birthday! Enjoy your special gift from us.,55,,,,24,AUTOMATED
648,2026-05-06 21:43:51.000,2026-05-08 19:43:51.000,Happy birthday! Enjoy your special gift from us.,55,163,,187,72,CUSTOM
649,2026-05-07 23:43:51.000,2026-05-08 19:43:51.000,Your loyalty card has a new benefit. Tap to discover.,56,,,,72,AUTOMATED
650,2026-05-07 16:43:51.000,2026-05-08 19:43:51.000,Happy birthday! Enjoy your special gift from us.,56,167,,,24,AUTOMATED
651,2026-05-07 00:43:51.000,2026-05-08 19:43:51.000,Happy birthday! Enjoy your special gift from us.,56,,,,48,CUSTOM
652,2026-05-07 07:43:51.000,2026-05-08 19:43:51.000,You have a reward waiting for you. Claim it now!,56,,,,24,CUSTOM
653,2026-05-06 19:43:51.000,2026-05-08 19:43:51.000,We miss you! Come back and earn double points this week.,56,167,,,72,CUSTOM
654,2026-05-08 02:43:51.000,2026-05-08 19:43:51.000,We miss you! Come back and earn double points this week.,56,,,,24,CUSTOM
655,2026-05-08 14:43:51.000,2026-05-08 19:43:51.000,We miss you! Come back and earn double points this week.,56,,,,168,AUTOMATED
656,2026-05-07 10:43:51.000,2026-05-08 19:43:51.000,Bring a friend and both of you earn bonus points.,57,,,,48,CUSTOM
657,2026-05-07 05:43:51.000,2026-05-08 19:43:51.000,Bring a friend and both of you earn bonus points.,57,170,,194,24,AUTOMATED
658,2026-05-08 09:43:51.000,2026-05-08 19:43:51.000,New products just arrived. Be the first to check them out.,57,171,,193,168,AUTOMATED
659,2026-05-07 20:43:51.000,2026-05-08 19:43:51.000,New products just arrived. Be the first to check them out.,58,,,200,48,CUSTOM
660,2026-05-08 14:43:51.000,2026-05-08 19:43:51.000,Flash sale today only. Use your points for extra savings.,58,174,,,24,CUSTOM
661,2026-05-06 22:43:51.000,2026-05-08 19:43:51.000,Flash sale today only. Use your points for extra savings.,58,,,,48,CUSTOM
662,2026-05-07 16:43:51.000,2026-05-08 19:43:51.000,You are 50 points away from your next reward!,58,173,,,168,CUSTOM
663,2026-05-06 22:43:51.000,2026-05-08 19:43:51.000,You have a reward waiting for you. Claim it now!,58,,,,72,CUSTOM
664,2026-05-07 16:43:51.000,2026-05-08 19:43:51.000,New products just arrived. Be the first to check them out.,58,174,,,24,AUTOMATED
665,2026-05-07 11:43:51.000,2026-05-08 19:43:51.000,Bring a friend and both of you earn bonus points.,58,,,198,168,AUTOMATED
666,2026-05-07 20:43:51.000,2026-05-08 19:43:51.000,Flash sale today only. Use your points for extra savings.,58,,,200,48,AUTOMATED
667,2026-05-08 07:43:51.000,2026-05-08 19:43:51.000,We miss you! Come back and earn double points this week.,59,,,202,72,AUTOMATED
668,2026-05-07 01:43:51.000,2026-05-08 19:43:51.000,You are 50 points away from your next reward!,59,,,,168,AUTOMATED
669,2026-05-06 20:43:51.000,2026-05-08 19:43:51.000,You have a reward waiting for you. Claim it now!,59,177,,201,24,CUSTOM
670,2026-05-06 23:43:51.000,2026-05-08 19:43:51.000,We miss you! Come back and earn double points this week.,59,,,,168,AUTOMATED
671,2026-05-07 09:43:51.000,2026-05-08 19:43:51.000,Your loyalty card has a new benefit. Tap to discover.,59,176,,,24,AUTOMATED
672,2026-05-08 15:43:51.000,2026-05-08 19:43:51.000,Happy birthday! Enjoy your special gift from us.,59,,,,48,AUTOMATED
673,2026-05-07 23:43:51.000,2026-05-08 19:43:51.000,New products just arrived. Be the first to check them out.,60,178,,,48,AUTOMATED
674,2026-05-07 17:43:51.000,2026-05-08 19:43:51.000,We miss you! Come back and earn double points this week.,60,,,,72,CUSTOM
675,2026-05-07 13:43:51.000,2026-05-08 19:43:51.000,New products just arrived. Be the first to check them out.,60,178,,,72,AUTOMATED
676,2026-05-08 03:43:51.000,2026-05-08 19:43:51.000,Flash sale today only. Use your points for extra savings.,60,179,,,48,AUTOMATED
677,2026-05-07 14:43:51.000,2026-05-08 19:43:51.000,You have a reward waiting for you. Claim it now!,60,,,,48,AUTOMATED
678,2026-05-07 04:43:51.000,2026-05-08 19:43:51.000,Your loyalty card has a new benefit. Tap to discover.,61,,,207,72,AUTOMATED
679,2026-05-06 21:43:51.000,2026-05-08 19:43:51.000,Flash sale today only. Use your points for extra savings.,61,,,,24,CUSTOM
680,2026-05-07 11:43:51.000,2026-05-08 19:43:51.000,Happy birthday! Enjoy your special gift from us.,61,,,210,168,CUSTOM
681,2026-05-08 09:43:51.000,2026-05-08 19:43:51.000,Flash sale today only. Use your points for extra savings.,61,183,,,168,AUTOMATED
682,2026-05-07 18:43:51.000,2026-05-08 19:43:51.000,You have a reward waiting for you. Claim it now!,61,,,,24,CUSTOM
683,2026-05-06 20:43:51.000,2026-05-08 19:43:51.000,We miss you! Come back and earn double points this week.,61,,,,24,CUSTOM
684,2026-05-07 13:43:51.000,2026-05-08 19:43:51.000,New products just arrived. Be the first to check them out.,62,185,,,72,CUSTOM
685,2026-05-07 16:43:51.000,2026-05-08 19:43:51.000,You are 50 points away from your next reward!,62,184,,,24,AUTOMATED
686,2026-05-08 09:43:51.000,2026-05-08 19:43:51.000,Happy birthday! Enjoy your special gift from us.,62,,,,24,AUTOMATED
687,2026-05-07 20:43:51.000,2026-05-08 19:43:51.000,New products just arrived. Be the first to check them out.,62,184,,215,48,CUSTOM
688,2026-05-08 07:43:51.000,2026-05-08 19:43:51.000,Happy birthday! Enjoy your special gift from us.,62,,,214,24,AUTOMATED
689,2026-05-06 20:43:51.000,2026-05-08 19:43:51.000,New products just arrived. Be the first to check them out.,62,,,214,72,AUTOMATED
690,2026-05-07 00:43:51.000,2026-05-08 19:43:51.000,We miss you! Come back and earn double points this week.,62,,,,24,CUSTOM
691,2026-05-06 20:43:51.000,2026-05-08 19:43:51.000,We miss you! Come back and earn double points this week.,62,,,,72,AUTOMATED
692,2026-05-07 23:43:51.000,2026-05-08 19:43:51.000,You have a reward waiting for you. Claim it now!,62,,,212,168,AUTOMATED
693,2026-05-07 22:43:51.000,2026-05-08 19:43:51.000,Flash sale today only. Use your points for extra savings.,62,186,,,24,CUSTOM
694,2026-05-07 09:43:51.000,2026-05-08 19:43:51.000,Happy birthday! Enjoy your special gift from us.,62,,,,168,AUTOMATED
695,2026-05-07 15:43:51.000,2026-05-08 19:43:51.000,We miss you! Come back and earn double points this week.,62,,,,72,CUSTOM
696,2026-05-07 16:43:51.000,2026-05-08 19:43:51.000,Bring a friend and both of you earn bonus points.,62,185,,211,72,CUSTOM
697,2026-05-07 13:43:51.000,2026-05-08 19:43:51.000,New products just arrived. Be the first to check them out.,62,,,214,24,AUTOMATED
698,2026-05-07 11:43:51.000,2026-05-08 19:43:51.000,New products just arrived. Be the first to check them out.,62,,,,48,AUTOMATED
699,2026-05-06 21:43:51.000,2026-05-08 19:43:51.000,New products just arrived. Be the first to check them out.,62,,,,48,AUTOMATED
700,2026-05-07 17:43:51.000,2026-05-08 19:43:51.000,We miss you! Come back and earn double points this week.,62,184,,214,168,CUSTOM
701,2026-05-07 20:43:51.000,2026-05-08 19:43:51.000,Happy birthday! Enjoy your special gift from us.,62,184,,,24,AUTOMATED
702,2026-05-07 09:43:51.000,2026-05-08 19:43:51.000,New products just arrived. Be the first to check them out.,62,,,214,168,CUSTOM
703,2026-05-07 14:43:51.000,2026-05-08 19:43:51.000,Bring a friend and both of you earn bonus points.,62,,,212,48,CUSTOM
704,2026-05-07 03:43:51.000,2026-05-08 19:43:51.000,Your loyalty card has a new benefit. Tap to discover.,62,186,,215,48,AUTOMATED
705,2026-05-07 16:43:51.000,2026-05-08 19:43:51.000,New products just arrived. Be the first to check them out.,62,185,,,48,AUTOMATED
706,2026-05-07 19:43:51.000,2026-05-08 19:43:51.000,Your loyalty card has a new benefit. Tap to discover.,62,,,214,24,AUTOMATED
707,2026-05-07 08:43:51.000,2026-05-08 19:43:51.000,Your loyalty card has a new benefit. Tap to discover.,62,184,,,48,CUSTOM
708,2026-05-06 20:43:51.000,2026-05-08 19:43:51.000,Your loyalty card has a new benefit. Tap to discover.,62,,,212,168,AUTOMATED
709,2026-05-07 12:43:51.000,2026-05-08 19:43:51.000,You have a reward waiting for you. Claim it now!,63,187,,216,24,CUSTOM
710,2026-05-08 03:43:51.000,2026-05-08 19:43:51.000,New products just arrived. Be the first to check them out.,63,187,,218,24,CUSTOM
711,2026-05-08 08:43:51.000,2026-05-08 19:43:51.000,We miss you! Come back and earn double points this week.,63,,,,48,AUTOMATED
712,2026-05-06 20:43:51.000,2026-05-08 19:43:51.000,We miss you! Come back and earn double points this week.,63,188,,216,48,AUTOMATED
713,2026-05-08 11:43:51.000,2026-05-08 19:43:51.000,Bring a friend and both of you earn bonus points.,63,,,,72,CUSTOM
714,2026-05-07 09:43:51.000,2026-05-08 19:43:51.000,Happy birthday! Enjoy your special gift from us.,63,,,,24,CUSTOM
715,2026-05-07 02:43:51.000,2026-05-08 19:43:51.000,Your loyalty card has a new benefit. Tap to discover.,63,,,,24,CUSTOM
716,2026-05-07 14:43:51.000,2026-05-08 19:43:51.000,New products just arrived. Be the first to check them out.,63,,,,24,CUSTOM
717,2026-05-08 03:43:51.000,2026-05-08 19:43:51.000,We miss you! Come back and earn double points this week.,63,189,,,24,AUTOMATED
718,2026-05-06 22:43:51.000,2026-05-08 19:43:51.000,We miss you! Come back and earn double points this week.,63,,,,168,CUSTOM
719,2026-05-08 03:43:51.000,2026-05-08 19:43:51.000,You are 50 points away from your next reward!,63,188,,216,72,AUTOMATED
720,2026-05-07 03:43:51.000,2026-05-08 19:43:51.000,You are 50 points away from your next reward!,63,187,,219,48,CUSTOM
721,2026-05-08 06:43:51.000,2026-05-08 19:43:51.000,Happy birthday! Enjoy your special gift from us.,64,190,,,24,AUTOMATED
722,2026-05-07 18:43:51.000,2026-05-08 19:43:51.000,You are 50 points away from your next reward!,64,190,,,72,AUTOMATED
723,2026-05-07 04:43:51.000,2026-05-08 19:43:51.000,We miss you! Come back and earn double points this week.,64,,,,24,AUTOMATED
724,2026-05-07 08:43:51.000,2026-05-08 19:43:51.000,Flash sale today only. Use your points for extra savings.,64,,,222,24,CUSTOM
725,2026-05-06 19:43:51.000,2026-05-08 19:43:51.000,Bring a friend and both of you earn bonus points.,64,,,221,72,AUTOMATED
726,2026-05-08 05:43:51.000,2026-05-08 19:43:51.000,You have a reward waiting for you. Claim it now!,64,190,,,72,AUTOMATED
727,2026-05-07 16:43:51.000,2026-05-08 19:43:51.000,Flash sale today only. Use your points for extra savings.,64,190,,,168,CUSTOM
728,2026-05-08 04:43:51.000,2026-05-08 19:43:51.000,You have a reward waiting for you. Claim it now!,64,,,,168,AUTOMATED
729,2026-05-06 23:43:51.000,2026-05-08 19:43:51.000,Bring a friend and both of you earn bonus points.,64,,,222,48,AUTOMATED
730,2026-05-07 15:43:51.000,2026-05-08 19:43:51.000,New products just arrived. Be the first to check them out.,64,,,221,168,CUSTOM
731,2026-05-07 00:43:51.000,2026-05-08 19:43:51.000,We miss you! Come back and earn double points this week.,64,190,,,168,AUTOMATED
732,2026-05-08 01:43:51.000,2026-05-08 19:43:51.000,You have a reward waiting for you. Claim it now!,64,190,,,24,CUSTOM
733,2026-05-08 09:43:51.000,2026-05-08 19:43:51.000,You are 50 points away from your next reward!,65,195,,,48,CUSTOM
734,2026-05-06 19:43:51.000,2026-05-08 19:43:51.000,Bring a friend and both of you earn bonus points.,65,,,,72,AUTOMATED
735,2026-05-07 02:43:51.000,2026-05-08 19:43:51.000,Bring a friend and both of you earn bonus points.,65,195,,,24,AUTOMATED
736,2026-05-07 14:43:51.000,2026-05-08 19:43:51.000,Happy birthday! Enjoy your special gift from us.,65,195,,,48,AUTOMATED
737,2026-05-06 21:43:51.000,2026-05-08 19:43:51.000,New products just arrived. Be the first to check them out.,65,,,,72,CUSTOM
738,2026-05-07 09:43:51.000,2026-05-08 19:43:51.000,Happy birthday! Enjoy your special gift from us.,65,,,,48,CUSTOM
739,2026-05-06 19:43:51.000,2026-05-08 19:43:51.000,Bring a friend and both of you earn bonus points.,65,194,,,168,CUSTOM
740,2026-05-07 16:43:51.000,2026-05-08 19:43:51.000,New products just arrived. Be the first to check them out.,65,,,224,72,AUTOMATED
741,2026-05-08 03:43:51.000,2026-05-08 19:43:51.000,You have a reward waiting for you. Claim it now!,65,,,224,24,AUTOMATED
742,2026-05-07 08:43:51.000,2026-05-08 19:43:51.000,New products just arrived. Be the first to check them out.,65,,,,168,CUSTOM
743,2026-05-07 06:43:51.000,2026-05-08 19:43:51.000,Bring a friend and both of you earn bonus points.,65,,,223,168,CUSTOM
744,2026-05-08 01:43:51.000,2026-05-08 19:43:51.000,Bring a friend and both of you earn bonus points.,66,,,227,24,AUTOMATED
745,2026-05-08 14:43:51.000,2026-05-08 19:43:51.000,You have a reward waiting for you. Claim it now!,66,,,229,72,CUSTOM
746,2026-05-07 02:43:51.000,2026-05-08 19:43:51.000,New products just arrived. Be the first to check them out.,66,,,,24,CUSTOM
747,2026-05-08 02:43:51.000,2026-05-08 19:43:51.000,Happy birthday! Enjoy your special gift from us.,66,198,,,72,AUTOMATED
748,2026-05-08 09:43:51.000,2026-05-08 19:43:51.000,Flash sale today only. Use your points for extra savings.,66,197,,,48,CUSTOM
749,2026-05-07 14:43:51.000,2026-05-08 19:43:51.000,Happy birthday! Enjoy your special gift from us.,66,,,,24,CUSTOM
750,2026-05-08 13:43:51.000,2026-05-08 19:43:51.000,New products just arrived. Be the first to check them out.,66,,,,48,AUTOMATED
751,2026-05-08 16:43:51.000,2026-05-08 19:43:51.000,You are 50 points away from your next reward!,66,198,,225,24,CUSTOM
752,2026-05-08 14:43:51.000,2026-05-08 19:43:51.000,Flash sale today only. Use your points for extra savings.,66,198,,,72,CUSTOM
753,2026-05-08 00:43:51.000,2026-05-08 19:43:51.000,You have a reward waiting for you. Claim it now!,66,,,227,48,CUSTOM
754,2026-05-08 12:43:51.000,2026-05-08 19:43:51.000,We miss you! Come back and earn double points this week.,66,,,229,24,CUSTOM
755,2026-05-08 18:43:51.000,2026-05-08 19:43:51.000,Happy birthday! Enjoy your special gift from us.,66,196,,,72,CUSTOM
756,2026-05-07 15:43:51.000,2026-05-08 19:43:51.000,Flash sale today only. Use your points for extra savings.,66,197,,226,72,CUSTOM
757,2026-05-07 06:43:51.000,2026-05-08 19:43:51.000,You have a reward waiting for you. Claim it now!,66,,,,24,CUSTOM
758,2026-05-07 09:43:51.000,2026-05-08 19:43:51.000,New products just arrived. Be the first to check them out.,66,,,,168,CUSTOM
759,2026-05-08 00:43:51.000,2026-05-08 19:43:51.000,We miss you! Come back and earn double points this week.,66,198,,,168,CUSTOM
760,2026-05-08 02:43:51.000,2026-05-08 19:43:51.000,You are 50 points away from your next reward!,66,,,229,168,AUTOMATED
761,2026-05-07 11:43:51.000,2026-05-08 19:43:51.000,Flash sale today only. Use your points for extra savings.,66,196,,,72,CUSTOM
762,2026-05-07 07:43:51.000,2026-05-08 19:43:51.000,New products just arrived. Be the first to check them out.,66,,,,48,CUSTOM
763,2026-05-07 02:43:51.000,2026-05-08 19:43:51.000,You are 50 points away from your next reward!,66,197,,227,24,CUSTOM
764,2026-05-06 21:43:51.000,2026-05-08 19:43:51.000,You are 50 points away from your next reward!,66,,,,72,AUTOMATED
765,2026-05-07 23:43:51.000,2026-05-08 19:43:51.000,New products just arrived. Be the first to check them out.,66,196,,,48,AUTOMATED
766,2026-05-08 08:43:51.000,2026-05-08 19:43:51.000,Your loyalty card has a new benefit. Tap to discover.,66,,,229,168,AUTOMATED
767,2026-05-07 07:43:51.000,2026-05-08 19:43:51.000,We miss you! Come back and earn double points this week.,66,,,226,24,CUSTOM
768,2026-05-07 17:43:51.000,2026-05-08 19:43:51.000,New products just arrived. Be the first to check them out.,66,,,227,24,AUTOMATED
769,2026-05-07 08:43:51.000,2026-05-08 19:43:51.000,Bring a friend and both of you earn bonus points.,66,,,,72,AUTOMATED
770,2026-05-07 12:43:51.000,2026-05-08 19:43:51.000,You have a reward waiting for you. Claim it now!,67,200,,,72,AUTOMATED
771,2026-05-07 12:43:51.000,2026-05-08 19:43:51.000,Your loyalty card has a new benefit. Tap to discover.,67,,,,48,CUSTOM
772,2026-05-08 04:43:51.000,2026-05-08 19:43:51.000,We miss you! Come back and earn double points this week.,67,201,,,72,AUTOMATED
773,2026-05-08 03:43:51.000,2026-05-08 19:43:51.000,You have a reward waiting for you. Claim it now!,68,,,236,48,AUTOMATED
774,2026-05-06 23:43:51.000,2026-05-08 19:43:51.000,You are 50 points away from your next reward!,68,202,,,24,CUSTOM
775,2026-05-07 07:43:51.000,2026-05-08 19:43:51.000,Flash sale today only. Use your points for extra savings.,68,,,,72,CUSTOM
776,2026-05-06 19:43:51.000,2026-05-08 19:43:51.000,We miss you! Come back and earn double points this week.,68,,,234,168,AUTOMATED
777,2026-05-06 21:43:51.000,2026-05-08 19:43:51.000,Bring a friend and both of you earn bonus points.,68,,,233,168,CUSTOM
778,2026-05-07 02:43:51.000,2026-05-08 19:43:51.000,Bring a friend and both of you earn bonus points.,68,203,,,48,CUSTOM
779,2026-05-08 12:43:51.000,2026-05-08 19:43:51.000,Happy birthday! Enjoy your special gift from us.,68,202,,,168,CUSTOM
780,2026-05-08 00:43:51.000,2026-05-08 19:43:51.000,Flash sale today only. Use your points for extra savings.,68,,,,168,AUTOMATED
781,2026-05-07 12:43:51.000,2026-05-08 19:43:51.000,Flash sale today only. Use your points for extra savings.,68,,,,24,AUTOMATED
782,2026-05-07 02:43:51.000,2026-05-08 19:43:51.000,We miss you! Come back and earn double points this week.,68,,,,168,AUTOMATED
783,2026-05-06 19:43:51.000,2026-05-08 19:43:51.000,Flash sale today only. Use your points for extra savings.,68,202,,,24,CUSTOM
784,2026-05-08 14:43:51.000,2026-05-08 19:43:51.000,We miss you! Come back and earn double points this week.,68,,,,24,CUSTOM
785,2026-05-06 21:43:51.000,2026-05-08 19:43:51.000,You have a reward waiting for you. Claim it now!,68,,,237,168,CUSTOM
786,2026-05-06 20:43:51.000,2026-05-08 19:43:51.000,New products just arrived. Be the first to check them out.,68,,,,168,AUTOMATED
787,2026-05-08 13:43:51.000,2026-05-08 19:43:51.000,Bring a friend and both of you earn bonus points.,68,,,237,48,AUTOMATED
788,2026-05-07 01:43:51.000,2026-05-08 19:43:51.000,Bring a friend and both of you earn bonus points.,68,,,235,72,AUTOMATED
789,2026-05-07 10:43:51.000,2026-05-08 19:43:51.000,We miss you! Come back and earn double points this week.,68,,,233,72,CUSTOM
790,2026-05-07 10:43:51.000,2026-05-08 19:43:51.000,Flash sale today only. Use your points for extra savings.,68,203,,,72,AUTOMATED
791,2026-05-08 11:43:51.000,2026-05-08 19:43:51.000,You are 50 points away from your next reward!,68,,,236,72,CUSTOM
792,2026-05-08 08:43:51.000,2026-05-08 19:43:51.000,You have a reward waiting for you. Claim it now!,68,203,,,24,AUTOMATED
793,2026-05-07 08:43:51.000,2026-05-08 19:43:51.000,Bring a friend and both of you earn bonus points.,68,,,,48,CUSTOM
794,2026-05-07 22:43:51.000,2026-05-08 19:43:51.000,Bring a friend and both of you earn bonus points.,68,204,,,24,CUSTOM
795,2026-05-06 21:43:51.000,2026-05-08 19:43:51.000,We miss you! Come back and earn double points this week.,69,,,,168,AUTOMATED
796,2026-05-07 15:43:51.000,2026-05-08 19:43:51.000,You have a reward waiting for you. Claim it now!,69,,,241,48,AUTOMATED
797,2026-05-07 22:43:51.000,2026-05-08 19:43:51.000,You have a reward waiting for you. Claim it now!,69,,,241,48,CUSTOM
798,2026-05-06 20:43:51.000,2026-05-08 19:43:51.000,Your loyalty card has a new benefit. Tap to discover.,69,207,,,168,CUSTOM
799,2026-05-07 02:43:51.000,2026-05-08 19:43:51.000,Your loyalty card has a new benefit. Tap to discover.,70,209,,,168,CUSTOM
800,2026-05-07 05:43:51.000,2026-05-08 19:43:51.000,Happy birthday! Enjoy your special gift from us.,70,208,,,48,CUSTOM
801,2026-05-08 07:43:51.000,2026-05-08 19:43:51.000,Bring a friend and both of you earn bonus points.,70,210,,244,24,CUSTOM
802,2026-05-07 01:43:51.000,2026-05-08 19:43:51.000,Your loyalty card has a new benefit. Tap to discover.,70,,,246,72,AUTOMATED
803,2026-05-07 03:43:51.000,2026-05-08 19:43:51.000,Bring a friend and both of you earn bonus points.,70,208,,,24,CUSTOM
804,2026-05-08 18:43:51.000,2026-05-08 19:43:51.000,Flash sale today only. Use your points for extra savings.,70,,,,24,CUSTOM
805,2026-05-07 05:43:51.000,2026-05-08 19:43:51.000,Flash sale today only. Use your points for extra savings.,70,208,,,24,CUSTOM
806,2026-05-06 22:43:51.000,2026-05-08 19:43:51.000,Happy birthday! Enjoy your special gift from us.,70,,,246,48,CUSTOM
807,2026-05-07 18:43:51.000,2026-05-08 19:43:51.000,New products just arrived. Be the first to check them out.,70,,,,48,AUTOMATED
808,2026-05-08 02:43:51.000,2026-05-08 19:43:51.000,Your loyalty card has a new benefit. Tap to discover.,70,,,,24,CUSTOM
809,2026-05-08 09:43:51.000,2026-05-08 19:43:51.000,Your loyalty card has a new benefit. Tap to discover.,70,,,,48,CUSTOM
810,2026-05-07 02:43:51.000,2026-05-08 19:43:51.000,You are 50 points away from your next reward!,70,209,,,48,CUSTOM
811,2026-05-07 17:43:51.000,2026-05-08 19:43:51.000,Flash sale today only. Use your points for extra savings.,70,210,,246,48,AUTOMATED
812,2026-05-07 22:43:51.000,2026-05-08 19:43:51.000,Flash sale today only. Use your points for extra savings.,70,,,244,72,CUSTOM
813,2026-05-07 00:43:51.000,2026-05-08 19:43:51.000,Your loyalty card has a new benefit. Tap to discover.,70,209,,246,48,CUSTOM
814,2026-05-07 04:43:51.000,2026-05-08 19:43:51.000,Flash sale today only. Use your points for extra savings.,70,210,,,48,CUSTOM
815,2026-05-07 21:43:51.000,2026-05-08 19:43:51.000,Bring a friend and both of you earn bonus points.,70,,,,24,CUSTOM
816,2026-05-08 15:43:51.000,2026-05-08 19:43:51.000,Bring a friend and both of you earn bonus points.,70,,,246,48,CUSTOM
817,2026-05-07 06:43:51.000,2026-05-08 19:43:51.000,Bring a friend and both of you earn bonus points.,70,210,,,24,CUSTOM
818,2026-05-07 01:43:51.000,2026-05-08 19:43:51.000,You are 50 points away from your next reward!,70,,,,72,CUSTOM
819,2026-05-07 01:43:51.000,2026-05-08 19:43:51.000,You have a reward waiting for you. Claim it now!,70,208,,242,168,CUSTOM
820,2026-05-08 11:43:51.000,2026-05-08 19:43:51.000,Bring a friend and both of you earn bonus points.,70,,,,168,AUTOMATED
821,2026-05-06 21:43:51.000,2026-05-08 19:43:51.000,Flash sale today only. Use your points for extra savings.,70,208,,,24,CUSTOM
822,2026-05-07 18:43:51.000,2026-05-08 19:43:51.000,Bring a friend and both of you earn bonus points.,70,210,,,168,CUSTOM
823,2026-05-07 11:43:51.000,2026-05-08 19:43:51.000,We miss you! Come back and earn double points this week.,70,,,243,168,CUSTOM
824,2026-05-06 20:43:51.000,2026-05-08 19:43:51.000,Your loyalty card has a new benefit. Tap to discover.,70,210,,243,72,AUTOMATED
825,2026-05-07 05:43:51.000,2026-05-08 19:43:51.000,You are 50 points away from your next reward!,71,213,,,48,CUSTOM
826,2026-05-06 20:43:51.000,2026-05-08 19:43:51.000,Bring a friend and both of you earn bonus points.,71,,,,168,CUSTOM
827,2026-05-07 04:43:51.000,2026-05-08 19:43:51.000,Flash sale today only. Use your points for extra savings.,71,211,,247,168,AUTOMATED
828,2026-05-07 00:43:51.000,2026-05-08 19:43:51.000,Your loyalty card has a new benefit. Tap to discover.,71,,,,72,AUTOMATED
829,2026-05-06 21:43:51.000,2026-05-08 19:43:51.000,Flash sale today only. Use your points for extra savings.,71,213,,247,48,AUTOMATED
830,2026-05-06 19:43:51.000,2026-05-08 19:43:51.000,We miss you! Come back and earn double points this week.,71,,,247,24,AUTOMATED
831,2026-05-07 07:43:51.000,2026-05-08 19:43:51.000,New products just arrived. Be the first to check them out.,72,215,,,72,AUTOMATED
832,2026-05-08 14:43:51.000,2026-05-08 19:43:51.000,New products just arrived. Be the first to check them out.,72,,,249,48,CUSTOM
833,2026-05-07 11:43:51.000,2026-05-08 19:43:51.000,You have a reward waiting for you. Claim it now!,72,,,,24,AUTOMATED
834,2026-05-07 11:43:51.000,2026-05-08 19:43:51.000,Bring a friend and both of you earn bonus points.,72,214,,,24,AUTOMATED
835,2026-05-07 05:43:51.000,2026-05-08 19:43:51.000,We miss you! Come back and earn double points this week.,72,215,,,24,CUSTOM
836,2026-05-08 10:43:51.000,2026-05-08 19:43:51.000,We miss you! Come back and earn double points this week.,72,,,,168,CUSTOM
837,2026-05-08 17:43:51.000,2026-05-08 19:43:51.000,New products just arrived. Be the first to check them out.,73,,,252,24,CUSTOM
838,2026-05-07 23:43:51.000,2026-05-08 19:43:51.000,Your loyalty card has a new benefit. Tap to discover.,73,219,,,168,AUTOMATED
839,2026-05-07 11:43:51.000,2026-05-08 19:43:51.000,Bring a friend and both of you earn bonus points.,73,,,,168,CUSTOM
840,2026-05-08 17:43:51.000,2026-05-08 19:43:51.000,Happy birthday! Enjoy your special gift from us.,73,,,251,24,AUTOMATED
841,2026-05-08 02:43:51.000,2026-05-08 19:43:51.000,Bring a friend and both of you earn bonus points.,73,,,,168,CUSTOM
842,2026-05-07 09:43:51.000,2026-05-08 19:43:51.000,You have a reward waiting for you. Claim it now!,73,,,254,72,AUTOMATED
843,2026-05-06 19:43:51.000,2026-05-08 19:43:51.000,We miss you! Come back and earn double points this week.,73,,,,48,AUTOMATED
844,2026-05-06 20:43:51.000,2026-05-08 19:43:51.000,Bring a friend and both of you earn bonus points.,73,217,,254,24,CUSTOM
845,2026-05-06 20:43:51.000,2026-05-08 19:43:51.000,You have a reward waiting for you. Claim it now!,73,218,,251,24,CUSTOM
846,2026-05-08 12:43:51.000,2026-05-08 19:43:51.000,Bring a friend and both of you earn bonus points.,73,217,,,48,CUSTOM
847,2026-05-07 06:43:51.000,2026-05-08 19:43:51.000,Your loyalty card has a new benefit. Tap to discover.,73,,,,72,CUSTOM
848,2026-05-08 12:43:51.000,2026-05-08 19:43:51.000,Flash sale today only. Use your points for extra savings.,73,217,,,168,CUSTOM
849,2026-05-07 12:43:51.000,2026-05-08 19:43:51.000,Bring a friend and both of you earn bonus points.,73,,,253,48,CUSTOM
850,2026-05-07 08:43:51.000,2026-05-08 19:43:51.000,You have a reward waiting for you. Claim it now!,73,,,,168,CUSTOM
851,2026-05-07 23:43:51.000,2026-05-08 19:43:51.000,Bring a friend and both of you earn bonus points.,73,219,,252,24,AUTOMATED
852,2026-05-07 13:43:51.000,2026-05-08 19:43:51.000,Flash sale today only. Use your points for extra savings.,73,219,,,168,CUSTOM
853,2026-05-06 22:43:51.000,2026-05-08 19:43:51.000,Your loyalty card has a new benefit. Tap to discover.,73,218,,,48,CUSTOM
854,2026-05-08 02:43:51.000,2026-05-08 19:43:51.000,Flash sale today only. Use your points for extra savings.,73,,,,48,AUTOMATED
855,2026-05-08 11:43:51.000,2026-05-08 19:43:51.000,Bring a friend and both of you earn bonus points.,73,217,,254,24,CUSTOM
856,2026-05-07 03:43:51.000,2026-05-08 19:43:51.000,You are 50 points away from your next reward!,73,,,253,168,CUSTOM
857,2026-05-08 12:43:51.000,2026-05-08 19:43:51.000,New products just arrived. Be the first to check them out.,73,219,,,168,CUSTOM
858,2026-05-08 12:43:51.000,2026-05-08 19:43:51.000,You have a reward waiting for you. Claim it now!,73,,,,72,AUTOMATED
859,2026-05-07 08:43:51.000,2026-05-08 19:43:51.000,You have a reward waiting for you. Claim it now!,74,222,,,24,AUTOMATED
860,2026-05-06 21:43:51.000,2026-05-08 19:43:51.000,Flash sale today only. Use your points for extra savings.,74,220,,255,48,AUTOMATED
861,2026-05-08 08:43:51.000,2026-05-08 19:43:51.000,New products just arrived. Be the first to check them out.,74,,,257,24,CUSTOM
862,2026-05-07 18:43:51.000,2026-05-08 19:43:51.000,You have a reward waiting for you. Claim it now!,74,,,,48,CUSTOM
863,2026-05-08 10:43:51.000,2026-05-08 19:43:51.000,Your loyalty card has a new benefit. Tap to discover.,74,221,,258,72,AUTOMATED
864,2026-05-07 20:43:51.000,2026-05-08 19:43:51.000,You are 50 points away from your next reward!,74,222,,,72,CUSTOM
865,2026-05-07 22:43:51.000,2026-05-08 19:43:51.000,Bring a friend and both of you earn bonus points.,74,221,,,168,AUTOMATED
866,2026-05-07 03:43:51.000,2026-05-08 19:43:51.000,We miss you! Come back and earn double points this week.,74,,,,24,AUTOMATED
867,2026-05-08 15:43:51.000,2026-05-08 19:43:51.000,New products just arrived. Be the first to check them out.,74,222,,,24,AUTOMATED
868,2026-05-08 06:43:51.000,2026-05-08 19:43:51.000,Flash sale today only. Use your points for extra savings.,74,,,,24,AUTOMATED
869,2026-05-07 04:43:51.000,2026-05-08 19:43:51.000,Flash sale today only. Use your points for extra savings.,74,,,,48,AUTOMATED
870,2026-05-06 23:43:51.000,2026-05-08 19:43:51.000,Your loyalty card has a new benefit. Tap to discover.,74,,,256,48,AUTOMATED
871,2026-05-07 01:43:51.000,2026-05-08 19:43:51.000,Flash sale today only. Use your points for extra savings.,75,223,,,24,CUSTOM
872,2026-05-07 19:43:51.000,2026-05-08 19:43:51.000,Bring a friend and both of you earn bonus points.,75,224,,,48,CUSTOM
873,2026-05-07 17:43:51.000,2026-05-08 19:43:51.000,Flash sale today only. Use your points for extra savings.,75,,,,24,CUSTOM
874,2026-05-06 19:43:51.000,2026-05-08 19:43:51.000,Your loyalty card has a new benefit. Tap to discover.,76,,,,24,AUTOMATED
875,2026-05-08 15:43:51.000,2026-05-08 19:43:51.000,Bring a friend and both of you earn bonus points.,76,,,,72,CUSTOM
876,2026-05-07 06:43:51.000,2026-05-08 19:43:51.000,Flash sale today only. Use your points for extra savings.,76,,,,168,AUTOMATED
877,2026-05-07 06:43:51.000,2026-05-08 19:43:51.000,New products just arrived. Be the first to check them out.,76,,,,48,AUTOMATED
878,2026-05-07 22:43:51.000,2026-05-08 19:43:51.000,We miss you! Come back and earn double points this week.,76,,,,168,AUTOMATED
879,2026-05-08 11:43:51.000,2026-05-08 19:43:51.000,New products just arrived. Be the first to check them out.,76,,,264,48,CUSTOM
880,2026-05-07 16:43:51.000,2026-05-08 19:43:51.000,New products just arrived. Be the first to check them out.,76,,,263,48,AUTOMATED
881,2026-05-08 05:43:51.000,2026-05-08 19:43:51.000,You are 50 points away from your next reward!,76,,,,48,CUSTOM
882,2026-05-07 19:43:51.000,2026-05-08 19:43:51.000,New products just arrived. Be the first to check them out.,77,231,,,168,AUTOMATED
883,2026-05-08 06:43:51.000,2026-05-08 19:43:51.000,We miss you! Come back and earn double points this week.,77,,,,24,CUSTOM
884,2026-05-08 09:43:51.000,2026-05-08 19:43:51.000,Flash sale today only. Use your points for extra savings.,77,,,,72,AUTOMATED
885,2026-05-07 17:43:51.000,2026-05-08 19:43:51.000,You have a reward waiting for you. Claim it now!,77,,,,168,AUTOMATED
886,2026-05-07 22:43:51.000,2026-05-08 19:43:51.000,You are 50 points away from your next reward!,77,,,,72,AUTOMATED
887,2026-05-06 19:43:51.000,2026-05-08 19:43:51.000,Flash sale today only. Use your points for extra savings.,77,,,265,72,CUSTOM
888,2026-05-07 14:43:51.000,2026-05-08 19:43:51.000,Happy birthday! Enjoy your special gift from us.,78,,,270,24,AUTOMATED
889,2026-05-08 10:43:51.000,2026-05-08 19:43:51.000,New products just arrived. Be the first to check them out.,78,,,269,72,AUTOMATED
890,2026-05-08 18:43:51.000,2026-05-08 19:43:51.000,You have a reward waiting for you. Claim it now!,78,233,,270,72,AUTOMATED
891,2026-05-07 05:43:51.000,2026-05-08 19:43:51.000,Happy birthday! Enjoy your special gift from us.,78,,,270,24,AUTOMATED
892,2026-05-07 11:43:51.000,2026-05-08 19:43:51.000,New products just arrived. Be the first to check them out.,79,235,,,48,CUSTOM
893,2026-05-07 04:43:51.000,2026-05-08 19:43:51.000,Bring a friend and both of you earn bonus points.,79,,,271,168,CUSTOM
894,2026-05-08 11:43:51.000,2026-05-08 19:43:51.000,You are 50 points away from your next reward!,79,236,,,168,AUTOMATED
895,2026-05-07 19:43:51.000,2026-05-08 19:43:51.000,Happy birthday! Enjoy your special gift from us.,79,,,,24,AUTOMATED
896,2026-05-08 10:43:51.000,2026-05-08 19:43:51.000,New products just arrived. Be the first to check them out.,79,,,271,168,CUSTOM
897,2026-05-07 10:43:51.000,2026-05-08 19:43:51.000,You have a reward waiting for you. Claim it now!,79,,,271,48,CUSTOM
898,2026-05-08 04:43:51.000,2026-05-08 19:43:51.000,New products just arrived. Be the first to check them out.,79,,,,72,AUTOMATED
899,2026-05-06 19:43:51.000,2026-05-08 19:43:51.000,You are 50 points away from your next reward!,79,,,,168,CUSTOM
900,2026-05-06 22:43:51.000,2026-05-08 19:43:51.000,Bring a friend and both of you earn bonus points.,79,237,,272,72,AUTOMATED
901,2026-05-08 00:43:51.000,2026-05-08 19:43:51.000,Bring a friend and both of you earn bonus points.,79,,,,24,AUTOMATED
902,2026-05-07 22:43:51.000,2026-05-08 19:43:51.000,We miss you! Come back and earn double points this week.,79,,,271,72,CUSTOM
903,2026-05-07 13:43:51.000,2026-05-08 19:43:51.000,Happy birthday! Enjoy your special gift from us.,79,,,272,72,CUSTOM
904,2026-05-08 05:43:51.000,2026-05-08 19:43:51.000,New products just arrived. Be the first to check them out.,79,,,271,168,AUTOMATED
905,2026-05-08 07:43:51.000,2026-05-08 19:43:51.000,Your loyalty card has a new benefit. Tap to discover.,80,,,,72,CUSTOM
906,2026-05-07 10:43:51.000,2026-05-08 19:43:51.000,Bring a friend and both of you earn bonus points.,80,,,,48,AUTOMATED
907,2026-05-07 06:43:51.000,2026-05-08 19:43:51.000,You have a reward waiting for you. Claim it now!,80,,,,72,AUTOMATED
908,2026-05-07 04:43:51.000,2026-05-08 19:43:51.000,You have a reward waiting for you. Claim it now!,80,,,,168,CUSTOM
909,2026-05-07 02:43:51.000,2026-05-08 19:43:51.000,We miss you! Come back and earn double points this week.,80,,,,168,AUTOMATED
910,2026-05-08 17:43:51.000,2026-05-08 19:43:51.000,Flash sale today only. Use your points for extra savings.,80,,,276,48,CUSTOM
911,2026-05-08 02:43:51.000,2026-05-08 19:43:51.000,You have a reward waiting for you. Claim it now!,80,,,,72,CUSTOM
912,2026-05-07 16:43:51.000,2026-05-08 19:43:51.000,New products just arrived. Be the first to check them out.,81,,,,72,CUSTOM
913,2026-05-07 22:43:51.000,2026-05-08 19:43:51.000,You are 50 points away from your next reward!,81,,,,168,CUSTOM
914,2026-05-07 12:43:51.000,2026-05-08 19:43:51.000,We miss you! Come back and earn double points this week.,81,243,,,24,AUTOMATED
915,2026-05-07 16:43:51.000,2026-05-08 19:43:51.000,You have a reward waiting for you. Claim it now!,81,,,,48,AUTOMATED
916,2026-05-07 10:43:51.000,2026-05-08 19:43:51.000,You have a reward waiting for you. Claim it now!,81,,,,24,CUSTOM
917,2026-05-08 06:43:51.000,2026-05-08 19:43:51.000,You have a reward waiting for you. Claim it now!,81,241,,,168,CUSTOM
918,2026-05-08 16:43:51.000,2026-05-08 19:43:51.000,Your loyalty card has a new benefit. Tap to discover.,81,243,,278,48,CUSTOM
919,2026-05-08 12:43:51.000,2026-05-08 19:43:51.000,Flash sale today only. Use your points for extra savings.,81,243,,,72,CUSTOM
920,2026-05-07 04:43:51.000,2026-05-08 19:43:51.000,You have a reward waiting for you. Claim it now!,81,,,,72,AUTOMATED
921,2026-05-07 19:43:51.000,2026-05-08 19:43:51.000,You have a reward waiting for you. Claim it now!,81,,,280,72,CUSTOM
922,2026-05-07 22:43:51.000,2026-05-08 19:43:51.000,Flash sale today only. Use your points for extra savings.,81,242,,278,48,CUSTOM
923,2026-05-07 13:43:51.000,2026-05-08 19:43:51.000,Bring a friend and both of you earn bonus points.,82,,,281,72,CUSTOM
924,2026-05-08 18:43:51.000,2026-05-08 19:43:51.000,Bring a friend and both of you earn bonus points.,82,,,,24,CUSTOM
925,2026-05-07 19:43:51.000,2026-05-08 19:43:51.000,You have a reward waiting for you. Claim it now!,82,,,,72,CUSTOM
926,2026-05-07 08:43:51.000,2026-05-08 19:43:51.000,New products just arrived. Be the first to check them out.,82,244,,282,168,CUSTOM
927,2026-05-07 07:43:51.000,2026-05-08 19:43:51.000,New products just arrived. Be the first to check them out.,82,244,,,168,CUSTOM
928,2026-05-07 13:43:51.000,2026-05-08 19:43:51.000,Your loyalty card has a new benefit. Tap to discover.,82,,,,168,CUSTOM
929,2026-05-07 04:43:51.000,2026-05-08 19:43:51.000,Bring a friend and both of you earn bonus points.,82,244,,,48,AUTOMATED
930,2026-05-07 10:43:51.000,2026-05-08 19:43:51.000,Bring a friend and both of you earn bonus points.,82,244,,,24,CUSTOM
931,2026-05-06 23:43:51.000,2026-05-08 19:43:51.000,We miss you! Come back and earn double points this week.,82,,,,48,CUSTOM
932,2026-05-08 07:43:51.000,2026-05-08 19:43:51.000,Bring a friend and both of you earn bonus points.,82,,,281,72,CUSTOM
933,2026-05-08 07:43:51.000,2026-05-08 19:43:51.000,We miss you! Come back and earn double points this week.,82,246,,,168,AUTOMATED
934,2026-05-07 08:43:51.000,2026-05-08 19:43:51.000,You are 50 points away from your next reward!,82,244,,,48,AUTOMATED
935,2026-05-07 19:43:51.000,2026-05-08 19:43:51.000,Flash sale today only. Use your points for extra savings.,82,,,,72,AUTOMATED
936,2026-05-08 14:43:51.000,2026-05-08 19:43:51.000,Flash sale today only. Use your points for extra savings.,82,,,281,48,CUSTOM
937,2026-05-07 11:43:51.000,2026-05-08 19:43:51.000,Happy birthday! Enjoy your special gift from us.,82,244,,,168,CUSTOM
938,2026-05-07 20:43:51.000,2026-05-08 19:43:51.000,Flash sale today only. Use your points for extra savings.,82,,,,168,AUTOMATED
939,2026-05-07 19:43:51.000,2026-05-08 19:43:51.000,Flash sale today only. Use your points for extra savings.,82,246,,281,72,AUTOMATED
940,2026-05-08 07:43:51.000,2026-05-08 19:43:51.000,We miss you! Come back and earn double points this week.,82,,,,72,CUSTOM
941,2026-05-07 13:43:51.000,2026-05-08 19:43:51.000,Bring a friend and both of you earn bonus points.,82,245,,282,24,CUSTOM
942,2026-05-06 19:43:51.000,2026-05-08 19:43:51.000,Bring a friend and both of you earn bonus points.,82,,,,168,CUSTOM
943,2026-05-08 04:43:51.000,2026-05-08 19:43:51.000,Bring a friend and both of you earn bonus points.,82,,,,72,CUSTOM
944,2026-05-07 15:43:51.000,2026-05-08 19:43:51.000,Happy birthday! Enjoy your special gift from us.,82,,,,24,AUTOMATED
945,2026-05-07 16:43:51.000,2026-05-08 19:43:51.000,We miss you! Come back and earn double points this week.,82,,,,24,AUTOMATED
946,2026-05-08 05:43:51.000,2026-05-08 19:43:51.000,You are 50 points away from your next reward!,82,,,,72,CUSTOM
947,2026-05-08 03:43:51.000,2026-05-08 19:43:51.000,New products just arrived. Be the first to check them out.,82,,,,24,CUSTOM
948,2026-05-06 23:43:51.000,2026-05-08 19:43:51.000,We miss you! Come back and earn double points this week.,82,,,282,48,CUSTOM
949,2026-05-06 22:43:51.000,2026-05-08 19:43:51.000,You are 50 points away from your next reward!,82,,,282,168,CUSTOM
950,2026-05-06 23:43:51.000,2026-05-08 19:43:51.000,New products just arrived. Be the first to check them out.,82,,,,48,AUTOMATED
951,2026-05-06 19:43:51.000,2026-05-08 19:43:51.000,Happy birthday! Enjoy your special gift from us.,82,,,,48,CUSTOM
952,2026-05-07 00:43:51.000,2026-05-08 19:43:51.000,You are 50 points away from your next reward!,83,,,,24,AUTOMATED
953,2026-05-07 03:43:51.000,2026-05-08 19:43:51.000,We miss you! Come back and earn double points this week.,83,,,,168,AUTOMATED
954,2026-05-08 05:43:51.000,2026-05-08 19:43:51.000,Your loyalty card has a new benefit. Tap to discover.,83,247,,,72,AUTOMATED
955,2026-05-07 17:43:51.000,2026-05-08 19:43:51.000,You have a reward waiting for you. Claim it now!,83,,,,24,AUTOMATED
956,2026-05-08 07:43:51.000,2026-05-08 19:43:51.000,We miss you! Come back and earn double points this week.,83,,,,24,AUTOMATED
957,2026-05-07 13:43:51.000,2026-05-08 19:43:51.000,Bring a friend and both of you earn bonus points.,83,,,284,168,CUSTOM
958,2026-05-07 07:43:51.000,2026-05-08 19:43:51.000,New products just arrived. Be the first to check them out.,83,,,,24,AUTOMATED
959,2026-05-08 10:43:51.000,2026-05-08 19:43:51.000,Happy birthday! Enjoy your special gift from us.,83,248,,,48,CUSTOM
960,2026-05-06 22:43:51.000,2026-05-08 19:43:51.000,You are 50 points away from your next reward!,84,252,,289,168,CUSTOM
961,2026-05-07 02:43:51.000,2026-05-08 19:43:51.000,We miss you! Come back and earn double points this week.,84,250,,,48,AUTOMATED
962,2026-05-08 16:43:51.000,2026-05-08 19:43:51.000,Happy birthday! Enjoy your special gift from us.,84,252,,,168,AUTOMATED
963,2026-05-06 23:43:51.000,2026-05-08 19:43:51.000,We miss you! Come back and earn double points this week.,84,,,,24,CUSTOM
964,2026-05-07 17:43:51.000,2026-05-08 19:43:51.000,You have a reward waiting for you. Claim it now!,84,,,,72,CUSTOM
965,2026-05-07 20:43:51.000,2026-05-08 19:43:51.000,You have a reward waiting for you. Claim it now!,84,,,,168,CUSTOM
966,2026-05-07 23:43:51.000,2026-05-08 19:43:51.000,You are 50 points away from your next reward!,84,,,,168,CUSTOM
967,2026-05-08 01:43:51.000,2026-05-08 19:43:51.000,We miss you! Come back and earn double points this week.,85,,,293,24,CUSTOM
968,2026-05-08 17:43:51.000,2026-05-08 19:43:51.000,You have a reward waiting for you. Claim it now!,85,255,,294,24,AUTOMATED
969,2026-05-07 00:43:51.000,2026-05-08 19:43:51.000,You are 50 points away from your next reward!,85,,,,48,CUSTOM
970,2026-05-08 00:43:51.000,2026-05-08 19:43:51.000,We miss you! Come back and earn double points this week.,85,,,,24,CUSTOM
971,2026-05-07 06:43:51.000,2026-05-08 19:43:51.000,You are 50 points away from your next reward!,85,254,,,24,CUSTOM
972,2026-05-08 01:43:51.000,2026-05-08 19:43:51.000,You are 50 points away from your next reward!,85,253,,,72,CUSTOM
973,2026-05-08 04:43:51.000,2026-05-08 19:43:51.000,New products just arrived. Be the first to check them out.,86,256,,,24,CUSTOM
974,2026-05-08 12:43:51.000,2026-05-08 19:43:51.000,Happy birthday! Enjoy your special gift from us.,86,,,296,48,CUSTOM
975,2026-05-07 04:43:51.000,2026-05-08 19:43:51.000,You are 50 points away from your next reward!,86,,,,24,CUSTOM
976,2026-05-07 19:43:51.000,2026-05-08 19:43:51.000,We miss you! Come back and earn double points this week.,86,257,,,168,AUTOMATED
977,2026-05-08 17:43:51.000,2026-05-08 19:43:51.000,You have a reward waiting for you. Claim it now!,86,,,,24,AUTOMATED
978,2026-05-07 09:43:51.000,2026-05-08 19:43:51.000,We miss you! Come back and earn double points this week.,86,,,,72,AUTOMATED
979,2026-05-08 09:43:51.000,2026-05-08 19:43:51.000,Your loyalty card has a new benefit. Tap to discover.,86,257,,295,72,CUSTOM
980,2026-05-07 08:43:51.000,2026-05-08 19:43:51.000,You have a reward waiting for you. Claim it now!,86,,,,48,CUSTOM
981,2026-05-07 13:43:51.000,2026-05-08 19:43:51.000,Bring a friend and both of you earn bonus points.,87,261,,,168,AUTOMATED
982,2026-05-06 19:43:51.000,2026-05-08 19:43:51.000,We miss you! Come back and earn double points this week.,87,,,,24,CUSTOM
983,2026-05-08 03:43:51.000,2026-05-08 19:43:51.000,New products just arrived. Be the first to check them out.,87,,,,168,AUTOMATED
984,2026-05-07 20:43:51.000,2026-05-08 19:43:51.000,You have a reward waiting for you. Claim it now!,87,261,,303,168,CUSTOM
985,2026-05-07 04:43:51.000,2026-05-08 19:43:51.000,You are 50 points away from your next reward!,87,260,,,72,CUSTOM
986,2026-05-07 12:43:51.000,2026-05-08 19:43:51.000,New products just arrived. Be the first to check them out.,87,,,,24,CUSTOM
987,2026-05-06 19:43:51.000,2026-05-08 19:43:51.000,Happy birthday! Enjoy your special gift from us.,87,261,,,48,AUTOMATED
988,2026-05-07 19:43:51.000,2026-05-08 19:43:51.000,Bring a friend and both of you earn bonus points.,87,261,,301,72,CUSTOM
989,2026-05-07 15:43:51.000,2026-05-08 19:43:51.000,We miss you! Come back and earn double points this week.,87,,,300,48,CUSTOM
990,2026-05-07 13:43:51.000,2026-05-08 19:43:51.000,Bring a friend and both of you earn bonus points.,87,,,,168,CUSTOM
991,2026-05-08 15:43:51.000,2026-05-08 19:43:51.000,We miss you! Come back and earn double points this week.,87,,,303,48,CUSTOM
992,2026-05-07 01:43:51.000,2026-05-08 19:43:51.000,We miss you! Come back and earn double points this week.,87,261,,302,48,AUTOMATED
993,2026-05-07 03:43:51.000,2026-05-08 19:43:51.000,New products just arrived. Be the first to check them out.,87,,,,168,CUSTOM
994,2026-05-07 01:43:51.000,2026-05-08 19:43:51.000,Bring a friend and both of you earn bonus points.,87,,,301,24,AUTOMATED
995,2026-05-08 09:43:51.000,2026-05-08 19:43:51.000,You are 50 points away from your next reward!,87,,,,48,CUSTOM
996,2026-05-07 14:43:51.000,2026-05-08 19:43:51.000,Your loyalty card has a new benefit. Tap to discover.,88,,,306,72,CUSTOM
997,2026-05-08 15:43:51.000,2026-05-08 19:43:51.000,Happy birthday! Enjoy your special gift from us.,88,263,,306,48,AUTOMATED
998,2026-05-07 09:43:51.000,2026-05-08 19:43:51.000,Bring a friend and both of you earn bonus points.,88,263,,,24,CUSTOM
999,2026-05-08 13:43:51.000,2026-05-08 19:43:51.000,Your loyalty card has a new benefit. Tap to discover.,88,,,,168,AUTOMATED
1000,2026-05-08 03:43:51.000,2026-05-08 19:43:51.000,Your loyalty card has a new benefit. Tap to discover.,88,262,,,24,CUSTOM
1001,2026-05-06 22:43:51.000,2026-05-08 19:43:51.000,We miss you! Come back and earn double points this week.,89,,,,72,AUTOMATED
1002,2026-05-08 09:43:51.000,2026-05-08 19:43:51.000,New products just arrived. Be the first to check them out.,89,,,307,48,CUSTOM
1003,2026-05-06 20:43:51.000,2026-05-08 19:43:51.000,You have a reward waiting for you. Claim it now!,89,265,,,24,AUTOMATED
1004,2026-05-07 10:43:51.000,2026-05-08 19:43:51.000,Your loyalty card has a new benefit. Tap to discover.,89,,,,72,CUSTOM
1005,2026-05-07 04:43:51.000,2026-05-08 19:43:51.000,You are 50 points away from your next reward!,89,266,,307,48,AUTOMATED
1006,2026-05-07 22:43:51.000,2026-05-08 19:43:51.000,We miss you! Come back and earn double points this week.,89,,,,48,AUTOMATED
1007,2026-05-06 22:43:51.000,2026-05-08 19:43:51.000,We miss you! Come back and earn double points this week.,89,,,,48,AUTOMATED
1008,2026-05-07 02:43:51.000,2026-05-08 19:43:51.000,Happy birthday! Enjoy your special gift from us.,89,,,,72,AUTOMATED
1009,2026-05-07 02:43:51.000,2026-05-08 19:43:51.000,Bring a friend and both of you earn bonus points.,90,269,,,72,AUTOMATED
1010,2026-05-07 11:43:51.000,2026-05-08 19:43:51.000,You have a reward waiting for you. Claim it now!,90,270,,,72,CUSTOM
1011,2026-05-07 01:43:51.000,2026-05-08 19:43:51.000,Happy birthday! Enjoy your special gift from us.,90,,,,168,CUSTOM
1012,2026-05-08 16:43:51.000,2026-05-08 19:43:51.000,Your loyalty card has a new benefit. Tap to discover.,90,,,315,72,CUSTOM
1013,2026-05-08 18:43:51.000,2026-05-08 19:43:51.000,Bring a friend and both of you earn bonus points.,90,,,,72,CUSTOM
1014,2026-05-08 09:43:51.000,2026-05-08 19:43:51.000,We miss you! Come back and earn double points this week.,90,,,,168,CUSTOM
1015,2026-05-07 21:43:51.000,2026-05-08 19:43:51.000,Happy birthday! Enjoy your special gift from us.,91,,,,168,AUTOMATED
1016,2026-05-08 16:43:51.000,2026-05-08 19:43:51.000,Flash sale today only. Use your points for extra savings.,91,,,319,24,CUSTOM
1017,2026-05-07 19:43:51.000,2026-05-08 19:43:51.000,Your loyalty card has a new benefit. Tap to discover.,91,,,317,24,AUTOMATED
1018,2026-05-08 09:43:51.000,2026-05-08 19:43:51.000,New products just arrived. Be the first to check them out.,91,,,,48,CUSTOM
1019,2026-05-07 21:43:51.000,2026-05-08 19:43:51.000,Your loyalty card has a new benefit. Tap to discover.,91,,,317,24,CUSTOM
1020,2026-05-07 00:43:51.000,2026-05-08 19:43:51.000,You are 50 points away from your next reward!,91,,,319,168,CUSTOM
1021,2026-05-08 12:43:51.000,2026-05-08 19:43:51.000,We miss you! Come back and earn double points this week.,91,,,318,72,AUTOMATED
1022,2026-05-08 18:43:51.000,2026-05-08 19:43:51.000,Happy birthday! Enjoy your special gift from us.,91,271,,,24,AUTOMATED
1023,2026-05-08 10:43:51.000,2026-05-08 19:43:51.000,Your loyalty card has a new benefit. Tap to discover.,91,,,,48,CUSTOM
1024,2026-05-07 00:43:51.000,2026-05-08 19:43:51.000,New products just arrived. Be the first to check them out.,91,272,,,72,CUSTOM
1025,2026-05-07 12:43:51.000,2026-05-08 19:43:51.000,Your loyalty card has a new benefit. Tap to discover.,91,,,,48,CUSTOM
1026,2026-05-07 03:43:51.000,2026-05-08 19:43:51.000,You are 50 points away from your next reward!,91,272,,,48,CUSTOM
1027,2026-05-08 18:43:51.000,2026-05-08 19:43:51.000,We miss you! Come back and earn double points this week.,91,272,,316,168,CUSTOM
1028,2026-05-08 09:43:51.000,2026-05-08 19:43:51.000,You have a reward waiting for you. Claim it now!,91,,,,168,CUSTOM
1029,2026-05-08 10:43:51.000,2026-05-08 19:43:51.000,We miss you! Come back and earn double points this week.,92,,,324,48,CUSTOM
1030,2026-05-07 10:43:51.000,2026-05-08 19:43:51.000,You are 50 points away from your next reward!,92,,,,48,CUSTOM
1031,2026-05-06 22:43:51.000,2026-05-08 19:43:51.000,We miss you! Come back and earn double points this week.,92,274,,320,168,CUSTOM
1032,2026-05-08 08:43:51.000,2026-05-08 19:43:51.000,We miss you! Come back and earn double points this week.,92,,,,72,CUSTOM
1033,2026-05-07 11:43:51.000,2026-05-08 19:43:51.000,Your loyalty card has a new benefit. Tap to discover.,92,,,,48,CUSTOM
1034,2026-05-08 04:43:51.000,2026-05-08 19:43:51.000,Your loyalty card has a new benefit. Tap to discover.,92,,,,48,AUTOMATED
1035,2026-05-08 06:43:51.000,2026-05-08 19:43:51.000,Your loyalty card has a new benefit. Tap to discover.,92,274,,,72,CUSTOM
1036,2026-05-07 23:43:51.000,2026-05-08 19:43:51.000,Bring a friend and both of you earn bonus points.,92,275,,,168,AUTOMATED
1037,2026-05-07 04:43:51.000,2026-05-08 19:43:51.000,We miss you! Come back and earn double points this week.,92,,,321,24,CUSTOM
1038,2026-05-07 10:43:51.000,2026-05-08 19:43:51.000,You are 50 points away from your next reward!,92,,,322,72,AUTOMATED
1039,2026-05-08 17:43:51.000,2026-05-08 19:43:51.000,You have a reward waiting for you. Claim it now!,92,,,,48,AUTOMATED
1040,2026-05-07 18:43:51.000,2026-05-08 19:43:51.000,Your loyalty card has a new benefit. Tap to discover.,92,,,320,48,CUSTOM
1041,2026-05-06 19:43:51.000,2026-05-08 19:43:51.000,You are 50 points away from your next reward!,92,276,,,72,AUTOMATED
1042,2026-05-07 19:43:51.000,2026-05-08 19:43:51.000,Your loyalty card has a new benefit. Tap to discover.,93,,,,168,AUTOMATED
1043,2026-05-06 23:43:51.000,2026-05-08 19:43:51.000,Your loyalty card has a new benefit. Tap to discover.,93,,,,24,AUTOMATED
1044,2026-05-07 06:43:51.000,2026-05-08 19:43:51.000,Bring a friend and both of you earn bonus points.,93,,,326,72,AUTOMATED
1045,2026-05-08 07:43:51.000,2026-05-08 19:43:51.000,New products just arrived. Be the first to check them out.,93,279,,,72,AUTOMATED
1046,2026-05-06 20:43:51.000,2026-05-08 19:43:51.000,You are 50 points away from your next reward!,93,278,,325,48,AUTOMATED
1047,2026-05-07 18:43:51.000,2026-05-08 19:43:51.000,You have a reward waiting for you. Claim it now!,93,,,326,72,AUTOMATED
1048,2026-05-08 06:43:51.000,2026-05-08 19:43:51.000,Happy birthday! Enjoy your special gift from us.,93,,,326,72,AUTOMATED
1049,2026-05-07 11:43:51.000,2026-05-08 19:43:51.000,You have a reward waiting for you. Claim it now!,93,,,325,72,CUSTOM
1050,2026-05-08 13:43:51.000,2026-05-08 19:43:51.000,You have a reward waiting for you. Claim it now!,93,279,,326,48,AUTOMATED
1051,2026-05-07 03:43:51.000,2026-05-08 19:43:51.000,New products just arrived. Be the first to check them out.,94,280,,,168,AUTOMATED
1052,2026-05-07 08:43:51.000,2026-05-08 19:43:51.000,Bring a friend and both of you earn bonus points.,94,,,329,72,CUSTOM
1053,2026-05-08 15:43:51.000,2026-05-08 19:43:51.000,Your loyalty card has a new benefit. Tap to discover.,94,,,330,24,CUSTOM
1054,2026-05-08 05:43:51.000,2026-05-08 19:43:51.000,New products just arrived. Be the first to check them out.,94,,,,48,CUSTOM
1055,2026-05-08 10:43:51.000,2026-05-08 19:43:51.000,Your loyalty card has a new benefit. Tap to discover.,94,,,,168,AUTOMATED
1056,2026-05-08 05:43:51.000,2026-05-08 19:43:51.000,You have a reward waiting for you. Claim it now!,94,,,,24,AUTOMATED
1057,2026-05-08 07:43:51.000,2026-05-08 19:43:51.000,We miss you! Come back and earn double points this week.,94,,,,48,CUSTOM
1058,2026-05-08 13:43:51.000,2026-05-08 19:43:51.000,Happy birthday! Enjoy your special gift from us.,94,,,330,24,CUSTOM
1059,2026-05-07 06:43:51.000,2026-05-08 19:43:51.000,Flash sale today only. Use your points for extra savings.,95,284,,332,24,CUSTOM
1060,2026-05-07 13:43:51.000,2026-05-08 19:43:51.000,Happy birthday! Enjoy your special gift from us.,95,,,,168,CUSTOM
1061,2026-05-08 09:43:51.000,2026-05-08 19:43:51.000,New products just arrived. Be the first to check them out.,95,284,,,72,AUTOMATED
1062,2026-05-08 08:43:51.000,2026-05-08 19:43:51.000,Happy birthday! Enjoy your special gift from us.,95,283,,332,24,AUTOMATED
1063,2026-05-07 04:43:51.000,2026-05-08 19:43:51.000,Happy birthday! Enjoy your special gift from us.,95,,,,168,CUSTOM
1064,2026-05-06 22:43:51.000,2026-05-08 19:43:51.000,New products just arrived. Be the first to check them out.,95,285,,332,48,AUTOMATED
1065,2026-05-07 18:43:51.000,2026-05-08 19:43:51.000,You have a reward waiting for you. Claim it now!,95,,,331,72,AUTOMATED
1066,2026-05-08 09:43:51.000,2026-05-08 19:43:51.000,You have a reward waiting for you. Claim it now!,95,,,,48,AUTOMATED
1067,2026-05-07 13:43:51.000,2026-05-08 19:43:51.000,You are 50 points away from your next reward!,95,285,,331,24,CUSTOM
1068,2026-05-06 19:43:51.000,2026-05-08 19:43:51.000,Your loyalty card has a new benefit. Tap to discover.,96,288,,,24,CUSTOM
1069,2026-05-07 05:43:51.000,2026-05-08 19:43:51.000,You are 50 points away from your next reward!,96,,,,48,AUTOMATED
1070,2026-05-07 13:43:51.000,2026-05-08 19:43:51.000,You are 50 points away from your next reward!,96,,,335,168,AUTOMATED
1071,2026-05-07 01:43:51.000,2026-05-08 19:43:51.000,You are 50 points away from your next reward!,96,,,,48,AUTOMATED
1072,2026-05-07 07:43:51.000,2026-05-08 19:43:51.000,You have a reward waiting for you. Claim it now!,96,,,,48,CUSTOM
1073,2026-05-08 05:43:51.000,2026-05-08 19:43:51.000,You are 50 points away from your next reward!,97,289,,339,168,AUTOMATED
1074,2026-05-08 11:43:51.000,2026-05-08 19:43:51.000,Your loyalty card has a new benefit. Tap to discover.,97,,,339,24,CUSTOM
1075,2026-05-08 07:43:51.000,2026-05-08 19:43:51.000,You have a reward waiting for you. Claim it now!,97,,,,48,CUSTOM
1076,2026-05-07 09:43:51.000,2026-05-08 19:43:51.000,Happy birthday! Enjoy your special gift from us.,97,290,,340,24,CUSTOM
1077,2026-05-07 22:43:51.000,2026-05-08 19:43:51.000,Happy birthday! Enjoy your special gift from us.,97,,,339,72,AUTOMATED
1078,2026-05-07 23:43:51.000,2026-05-08 19:43:51.000,New products just arrived. Be the first to check them out.,97,,,,72,CUSTOM
1079,2026-05-07 08:43:51.000,2026-05-08 19:43:51.000,New products just arrived. Be the first to check them out.,97,,,340,48,AUTOMATED
1080,2026-05-08 05:43:51.000,2026-05-08 19:43:51.000,Your loyalty card has a new benefit. Tap to discover.,97,,,,168,CUSTOM
1081,2026-05-07 09:43:51.000,2026-05-08 19:43:51.000,Happy birthday! Enjoy your special gift from us.,97,290,,338,168,AUTOMATED
1082,2026-05-07 07:43:51.000,2026-05-08 19:43:51.000,New products just arrived. Be the first to check them out.,97,289,,338,24,AUTOMATED
1083,2026-05-07 02:43:51.000,2026-05-08 19:43:51.000,New products just arrived. Be the first to check them out.,97,289,,338,72,AUTOMATED
1084,2026-05-08 07:43:51.000,2026-05-08 19:43:51.000,You have a reward waiting for you. Claim it now!,97,,,,72,AUTOMATED
1085,2026-05-07 00:43:51.000,2026-05-08 19:43:51.000,You are 50 points away from your next reward!,97,289,,,24,AUTOMATED
1086,2026-05-07 22:43:51.000,2026-05-08 19:43:51.000,Flash sale today only. Use your points for extra savings.,97,,,339,24,CUSTOM
1087,2026-05-07 02:43:51.000,2026-05-08 19:43:51.000,Flash sale today only. Use your points for extra savings.,97,,,339,72,CUSTOM
1088,2026-05-08 12:43:51.000,2026-05-08 19:43:51.000,We miss you! Come back and earn double points this week.,97,290,,,168,CUSTOM
1089,2026-05-08 15:43:51.000,2026-05-08 19:43:51.000,We miss you! Come back and earn double points this week.,97,,,,168,CUSTOM
1090,2026-05-08 17:43:51.000,2026-05-08 19:43:51.000,Your loyalty card has a new benefit. Tap to discover.,97,290,,,24,AUTOMATED
1091,2026-05-08 02:43:51.000,2026-05-08 19:43:51.000,Your loyalty card has a new benefit. Tap to discover.,97,,,,168,AUTOMATED
1092,2026-05-08 12:43:51.000,2026-05-08 19:43:51.000,New products just arrived. Be the first to check them out.,97,,,338,72,CUSTOM
1093,2026-05-06 19:43:51.000,2026-05-08 19:43:51.000,Flash sale today only. Use your points for extra savings.,97,,,,168,CUSTOM
1094,2026-05-07 03:43:51.000,2026-05-08 19:43:51.000,New products just arrived. Be the first to check them out.,97,,,340,168,AUTOMATED
1095,2026-05-07 17:43:51.000,2026-05-08 19:43:51.000,Bring a friend and both of you earn bonus points.,98,,,,24,AUTOMATED
1096,2026-05-08 12:43:51.000,2026-05-08 19:43:51.000,Happy birthday! Enjoy your special gift from us.,98,,,,48,AUTOMATED
1097,2026-05-07 15:43:51.000,2026-05-08 19:43:51.000,Bring a friend and both of you earn bonus points.,98,,,,24,CUSTOM
1098,2026-05-07 10:43:51.000,2026-05-08 19:43:51.000,Bring a friend and both of you earn bonus points.,98,,,,72,CUSTOM
1099,2026-05-07 12:43:51.000,2026-05-08 19:43:51.000,Flash sale today only. Use your points for extra savings.,99,,,,48,AUTOMATED
1100,2026-05-08 02:43:51.000,2026-05-08 19:43:51.000,Your loyalty card has a new benefit. Tap to discover.,99,,,343,72,AUTOMATED
1101,2026-05-06 22:43:51.000,2026-05-08 19:43:51.000,You have a reward waiting for you. Claim it now!,99,,,,24,CUSTOM
1102,2026-05-06 21:43:51.000,2026-05-08 19:43:51.000,We miss you! Come back and earn double points this week.,99,297,,,48,CUSTOM
1103,2026-05-08 00:43:51.000,2026-05-08 19:43:51.000,Flash sale today only. Use your points for extra savings.,99,295,,,24,CUSTOM
1104,2026-05-07 11:43:51.000,2026-05-08 19:43:51.000,New products just arrived. Be the first to check them out.,99,,,,168,AUTOMATED
1105,2026-05-08 11:43:51.000,2026-05-08 19:43:51.000,Happy birthday! Enjoy your special gift from us.,99,296,,,168,AUTOMATED
1106,2026-05-07 14:43:51.000,2026-05-08 19:43:51.000,Bring a friend and both of you earn bonus points.,99,,,,48,CUSTOM
1107,2026-05-07 19:43:51.000,2026-05-08 19:43:51.000,Happy birthday! Enjoy your special gift from us.,99,295,,345,24,CUSTOM
1108,2026-05-07 23:43:51.000,2026-05-08 19:43:51.000,Bring a friend and both of you earn bonus points.,99,,,344,72,CUSTOM
1109,2026-05-06 21:43:51.000,2026-05-08 19:43:51.000,We miss you! Come back and earn double points this week.,99,297,,345,168,AUTOMATED
1110,2026-05-07 20:43:51.000,2026-05-08 19:43:51.000,You have a reward waiting for you. Claim it now!,99,,,,72,CUSTOM
1111,2026-05-08 01:43:51.000,2026-05-08 19:43:51.000,New products just arrived. Be the first to check them out.,99,295,,344,72,AUTOMATED
1112,2026-05-08 06:43:51.000,2026-05-08 19:43:51.000,Your loyalty card has a new benefit. Tap to discover.,99,297,,,48,CUSTOM
1113,2026-05-07 02:43:51.000,2026-05-08 19:43:51.000,You are 50 points away from your next reward!,99,,,,48,AUTOMATED
1114,2026-05-08 14:43:51.000,2026-05-08 19:43:51.000,We miss you! Come back and earn double points this week.,100,,,,24,CUSTOM
1115,2026-05-07 14:43:51.000,2026-05-08 19:43:51.000,Flash sale today only. Use your points for extra savings.,100,,,,48,AUTOMATED
1116,2026-05-08 08:43:51.000,2026-05-08 19:43:51.000,You have a reward waiting for you. Claim it now!,100,300,,,168,CUSTOM
1117,2026-05-08 04:43:51.000,2026-05-08 19:43:51.000,Your loyalty card has a new benefit. Tap to discover.,100,,,,72,AUTOMATED
1118,2026-05-08 03:43:51.000,2026-05-08 19:43:51.000,Flash sale today only. Use your points for extra savings.,100,300,,348,24,CUSTOM
1119,2026-05-07 22:43:51.000,2026-05-08 19:43:51.000,Flash sale today only. Use your points for extra savings.,100,,,,24,CUSTOM
1120,2026-05-07 08:43:51.000,2026-05-08 19:43:51.000,New products just arrived. Be the first to check them out.,101,,,,72,CUSTOM
1121,2026-05-07 00:43:51.000,2026-05-08 19:43:51.000,New products just arrived. Be the first to check them out.,101,301,,,24,CUSTOM
1122,2026-05-08 05:43:51.000,2026-05-08 19:43:51.000,Bring a friend and both of you earn bonus points.,101,,,349,48,AUTOMATED
1123,2026-05-08 16:43:51.000,2026-05-08 19:43:51.000,New products just arrived. Be the first to check them out.,101,302,,349,168,AUTOMATED
1124,2026-05-07 16:43:51.000,2026-05-08 19:43:51.000,You are 50 points away from your next reward!,101,301,,,48,CUSTOM
1125,2026-05-07 18:43:51.000,2026-05-08 19:43:51.000,You have a reward waiting for you. Claim it now!,101,302,,,168,CUSTOM
1126,2026-05-06 21:43:51.000,2026-05-08 19:43:51.000,Your loyalty card has a new benefit. Tap to discover.,101,301,,,168,AUTOMATED
1127,2026-05-08 01:43:51.000,2026-05-08 19:43:51.000,Your loyalty card has a new benefit. Tap to discover.,101,,,,168,AUTOMATED
1128,2026-05-08 07:43:51.000,2026-05-08 19:43:51.000,You are 50 points away from your next reward!,101,,,350,72,AUTOMATED
1129,2026-05-07 10:43:51.000,2026-05-08 19:43:51.000,Bring a friend and both of you earn bonus points.,101,,,,24,AUTOMATED
1130,2026-05-07 21:43:51.000,2026-05-08 19:43:51.000,You are 50 points away from your next reward!,101,301,,,168,CUSTOM
1131,2026-05-08 14:43:51.000,2026-05-08 19:43:51.000,You have a reward waiting for you. Claim it now!,101,,,,168,CUSTOM
1132,2026-05-07 04:43:51.000,2026-05-08 19:43:51.000,Flash sale today only. Use your points for extra savings.,101,,,,48,AUTOMATED
1133,2026-05-07 12:43:51.000,2026-05-08 19:43:51.000,Bring a friend and both of you earn bonus points.,102,305,,,24,AUTOMATED
1134,2026-05-07 12:43:51.000,2026-05-08 19:43:51.000,You are 50 points away from your next reward!,102,,,,24,CUSTOM
1135,2026-05-06 22:43:51.000,2026-05-08 19:43:51.000,Bring a friend and both of you earn bonus points.,102,,,,24,CUSTOM
1136,2026-05-07 17:43:51.000,2026-05-08 19:43:51.000,Happy birthday! Enjoy your special gift from us.,102,,,,72,AUTOMATED
1137,2026-05-08 16:43:51.000,2026-05-08 19:43:51.000,Happy birthday! Enjoy your special gift from us.,102,305,,,24,CUSTOM
1138,2026-05-08 09:43:51.000,2026-05-08 19:43:51.000,New products just arrived. Be the first to check them out.,103,,,,72,AUTOMATED
1139,2026-05-08 05:43:51.000,2026-05-08 19:43:51.000,Your loyalty card has a new benefit. Tap to discover.,103,,,,48,AUTOMATED
1140,2026-05-07 14:43:51.000,2026-05-08 19:43:51.000,Flash sale today only. Use your points for extra savings.,103,309,,,48,AUTOMATED
1141,2026-05-08 12:43:51.000,2026-05-08 19:43:51.000,New products just arrived. Be the first to check them out.,103,,,361,48,AUTOMATED
1142,2026-05-08 16:43:51.000,2026-05-08 19:43:51.000,We miss you! Come back and earn double points this week.,103,,,,48,AUTOMATED
1143,2026-05-07 08:43:51.000,2026-05-08 19:43:51.000,Bring a friend and both of you earn bonus points.,103,309,,358,48,AUTOMATED
1144,2026-05-07 07:43:51.000,2026-05-08 19:43:51.000,Happy birthday! Enjoy your special gift from us.,103,,,,24,CUSTOM
1145,2026-05-06 23:43:51.000,2026-05-08 19:43:51.000,We miss you! Come back and earn double points this week.,103,308,,,168,CUSTOM
1146,2026-05-08 12:43:51.000,2026-05-08 19:43:51.000,Your loyalty card has a new benefit. Tap to discover.,103,308,,,72,CUSTOM
1147,2026-05-07 20:43:51.000,2026-05-08 19:43:51.000,You are 50 points away from your next reward!,103,309,,,168,AUTOMATED
1148,2026-05-08 11:43:51.000,2026-05-08 19:43:51.000,Happy birthday! Enjoy your special gift from us.,103,,,,48,AUTOMATED
1149,2026-05-08 09:43:51.000,2026-05-08 19:43:51.000,Flash sale today only. Use your points for extra savings.,103,309,,,168,CUSTOM
1150,2026-05-08 17:43:51.000,2026-05-08 19:43:51.000,Flash sale today only. Use your points for extra savings.,103,,,360,48,AUTOMATED
1151,2026-05-07 22:43:51.000,2026-05-08 19:43:51.000,Flash sale today only. Use your points for extra savings.,103,309,,,24,AUTOMATED
1152,2026-05-07 17:43:51.000,2026-05-08 19:43:51.000,Your loyalty card has a new benefit. Tap to discover.,104,,,,168,CUSTOM
1153,2026-05-07 11:43:51.000,2026-05-08 19:43:51.000,Bring a friend and both of you earn bonus points.,104,312,,,72,AUTOMATED
1154,2026-05-07 04:43:51.000,2026-05-08 19:43:51.000,Your loyalty card has a new benefit. Tap to discover.,104,,,,24,CUSTOM
1155,2026-05-08 09:43:51.000,2026-05-08 19:43:51.000,Your loyalty card has a new benefit. Tap to discover.,104,,,364,168,CUSTOM
1156,2026-05-07 05:43:51.000,2026-05-08 19:43:51.000,Happy birthday! Enjoy your special gift from us.,104,,,,48,AUTOMATED
1157,2026-05-07 16:43:51.000,2026-05-08 19:43:51.000,You are 50 points away from your next reward!,104,311,,364,72,AUTOMATED
1158,2026-05-07 21:43:51.000,2026-05-08 19:43:51.000,We miss you! Come back and earn double points this week.,104,,,,168,AUTOMATED
1159,2026-05-08 01:43:51.000,2026-05-08 19:43:51.000,Flash sale today only. Use your points for extra savings.,105,315,,371,48,CUSTOM
1160,2026-05-08 14:43:51.000,2026-05-08 19:43:51.000,We miss you! Come back and earn double points this week.,105,,,,168,AUTOMATED
1161,2026-05-08 08:43:51.000,2026-05-08 19:43:51.000,You are 50 points away from your next reward!,105,315,,,48,AUTOMATED
1162,2026-05-06 19:43:51.000,2026-05-08 19:43:51.000,Bring a friend and both of you earn bonus points.,106,,,374,72,AUTOMATED
1163,2026-05-07 18:43:51.000,2026-05-08 19:43:51.000,Bring a friend and both of you earn bonus points.,106,317,,375,24,CUSTOM
1164,2026-05-07 07:43:51.000,2026-05-08 19:43:51.000,You are 50 points away from your next reward!,106,,,,72,CUSTOM
1165,2026-05-07 03:43:51.000,2026-05-08 19:43:51.000,Bring a friend and both of you earn bonus points.,106,,,373,24,AUTOMATED
1166,2026-05-07 21:43:51.000,2026-05-08 19:43:51.000,Bring a friend and both of you earn bonus points.,106,317,,,168,CUSTOM
1167,2026-05-07 05:43:51.000,2026-05-08 19:43:51.000,We miss you! Come back and earn double points this week.,106,,,,48,AUTOMATED
1168,2026-05-08 00:43:51.000,2026-05-08 19:43:51.000,We miss you! Come back and earn double points this week.,106,,,,72,CUSTOM
1169,2026-05-08 01:43:51.000,2026-05-08 19:43:51.000,New products just arrived. Be the first to check them out.,106,,,,48,AUTOMATED
1170,2026-05-08 11:43:51.000,2026-05-08 19:43:51.000,You are 50 points away from your next reward!,106,,,375,48,CUSTOM
1171,2026-05-07 22:43:51.000,2026-05-08 19:43:51.000,You have a reward waiting for you. Claim it now!,106,316,,373,168,CUSTOM
1172,2026-05-08 17:43:51.000,2026-05-08 19:43:51.000,New products just arrived. Be the first to check them out.,106,,,,48,AUTOMATED
1173,2026-05-08 06:43:51.000,2026-05-08 19:43:51.000,You are 50 points away from your next reward!,106,316,,,168,CUSTOM
1174,2026-05-08 04:43:51.000,2026-05-08 19:43:51.000,Bring a friend and both of you earn bonus points.,106,,,,168,CUSTOM
1175,2026-05-08 12:43:51.000,2026-05-08 19:43:51.000,You are 50 points away from your next reward!,106,,,,72,AUTOMATED
1176,2026-05-07 23:43:51.000,2026-05-08 19:43:51.000,New products just arrived. Be the first to check them out.,106,,,374,48,CUSTOM
1177,2026-05-08 05:43:51.000,2026-05-08 19:43:51.000,You are 50 points away from your next reward!,106,,,,168,AUTOMATED
1178,2026-05-07 08:43:51.000,2026-05-08 19:43:51.000,Bring a friend and both of you earn bonus points.,106,,,373,24,AUTOMATED
1179,2026-05-08 06:43:51.000,2026-05-08 19:43:51.000,We miss you! Come back and earn double points this week.,106,318,,,48,CUSTOM
1180,2026-05-07 15:43:51.000,2026-05-08 19:43:51.000,Bring a friend and both of you earn bonus points.,106,,,,72,AUTOMATED
1181,2026-05-07 08:43:51.000,2026-05-08 19:43:51.000,Happy birthday! Enjoy your special gift from us.,106,,,374,24,CUSTOM
1182,2026-05-06 22:43:51.000,2026-05-08 19:43:51.000,Flash sale today only. Use your points for extra savings.,106,317,,,168,CUSTOM
1183,2026-05-08 10:43:51.000,2026-05-08 19:43:51.000,Your loyalty card has a new benefit. Tap to discover.,106,318,,373,168,CUSTOM
1184,2026-05-08 10:43:51.000,2026-05-08 19:43:51.000,Flash sale today only. Use your points for extra savings.,106,316,,,48,AUTOMATED
1185,2026-05-08 14:43:51.000,2026-05-08 19:43:51.000,Happy birthday! Enjoy your special gift from us.,106,,,,24,CUSTOM
1186,2026-05-06 19:43:51.000,2026-05-08 19:43:51.000,New products just arrived. Be the first to check them out.,106,318,,372,168,CUSTOM
1187,2026-05-08 07:43:51.000,2026-05-08 19:43:51.000,New products just arrived. Be the first to check them out.,107,,,376,48,AUTOMATED
1188,2026-05-07 23:43:51.000,2026-05-08 19:43:51.000,We miss you! Come back and earn double points this week.,107,319,,376,72,CUSTOM
1189,2026-05-07 15:43:51.000,2026-05-08 19:43:51.000,Happy birthday! Enjoy your special gift from us.,107,321,,,72,AUTOMATED
1190,2026-05-06 20:43:51.000,2026-05-08 19:43:51.000,You are 50 points away from your next reward!,107,321,,,168,CUSTOM
1191,2026-05-07 23:43:51.000,2026-05-08 19:43:51.000,We miss you! Come back and earn double points this week.,107,,,379,48,AUTOMATED
1192,2026-05-08 04:43:51.000,2026-05-08 19:43:51.000,Happy birthday! Enjoy your special gift from us.,107,321,,,24,CUSTOM
1193,2026-05-08 17:43:51.000,2026-05-08 19:43:51.000,Bring a friend and both of you earn bonus points.,107,319,,,72,CUSTOM
1194,2026-05-06 19:43:51.000,2026-05-08 19:43:51.000,We miss you! Come back and earn double points this week.,107,,,,24,CUSTOM
1195,2026-05-07 11:43:51.000,2026-05-08 19:43:51.000,Bring a friend and both of you earn bonus points.,107,321,,376,48,CUSTOM
1196,2026-05-08 12:43:51.000,2026-05-08 19:43:51.000,Your loyalty card has a new benefit. Tap to discover.,107,,,,168,AUTOMATED
1197,2026-05-07 06:43:51.000,2026-05-08 19:43:51.000,Your loyalty card has a new benefit. Tap to discover.,107,320,,,168,AUTOMATED
1198,2026-05-06 22:43:51.000,2026-05-08 19:43:51.000,Flash sale today only. Use your points for extra savings.,108,323,,,24,CUSTOM
1199,2026-05-06 21:43:51.000,2026-05-08 19:43:51.000,Flash sale today only. Use your points for extra savings.,108,322,,382,24,AUTOMATED
1200,2026-05-07 16:43:51.000,2026-05-08 19:43:51.000,You are 50 points away from your next reward!,108,324,,380,72,AUTOMATED
1201,2026-05-07 05:43:51.000,2026-05-08 19:43:51.000,Bring a friend and both of you earn bonus points.,108,,,,24,AUTOMATED
1202,2026-05-07 23:43:51.000,2026-05-08 19:43:51.000,Flash sale today only. Use your points for extra savings.,108,323,,381,72,AUTOMATED
1203,2026-05-07 11:43:51.000,2026-05-08 19:43:51.000,New products just arrived. Be the first to check them out.,108,,,,24,CUSTOM
1204,2026-05-08 05:43:51.000,2026-05-08 19:43:51.000,You have a reward waiting for you. Claim it now!,109,,,386,24,AUTOMATED
1205,2026-05-08 02:43:51.000,2026-05-08 19:43:51.000,New products just arrived. Be the first to check them out.,109,327,,385,168,CUSTOM
1206,2026-05-08 06:43:51.000,2026-05-08 19:43:51.000,We miss you! Come back and earn double points this week.,109,,,,24,AUTOMATED
1207,2026-05-07 11:43:51.000,2026-05-08 19:43:51.000,You have a reward waiting for you. Claim it now!,109,325,,,48,AUTOMATED
1208,2026-05-07 17:43:51.000,2026-05-08 19:43:51.000,Flash sale today only. Use your points for extra savings.,109,,,,72,CUSTOM
1209,2026-05-07 21:43:51.000,2026-05-08 19:43:51.000,New products just arrived. Be the first to check them out.,109,,,387,48,AUTOMATED
1210,2026-05-08 14:43:51.000,2026-05-08 19:43:51.000,Bring a friend and both of you earn bonus points.,109,327,,385,168,CUSTOM
1211,2026-05-08 16:43:51.000,2026-05-08 19:43:51.000,Bring a friend and both of you earn bonus points.,109,,,385,72,CUSTOM
1212,2026-05-06 21:43:51.000,2026-05-08 19:43:51.000,We miss you! Come back and earn double points this week.,109,,,385,48,CUSTOM
1213,2026-05-08 14:43:51.000,2026-05-08 19:43:51.000,We miss you! Come back and earn double points this week.,109,,,,48,CUSTOM
1214,2026-05-08 01:43:51.000,2026-05-08 19:43:51.000,Happy birthday! Enjoy your special gift from us.,109,327,,,48,AUTOMATED
1215,2026-05-06 20:43:51.000,2026-05-08 19:43:51.000,New products just arrived. Be the first to check them out.,109,,,387,48,AUTOMATED
1216,2026-05-07 18:43:51.000,2026-05-08 19:43:51.000,Flash sale today only. Use your points for extra savings.,109,,,386,48,AUTOMATED
1217,2026-05-06 19:43:51.000,2026-05-08 19:43:51.000,Bring a friend and both of you earn bonus points.,109,,,,48,AUTOMATED
1218,2026-05-08 17:43:51.000,2026-05-08 19:43:51.000,New products just arrived. Be the first to check them out.,109,326,,,168,CUSTOM
1219,2026-05-07 22:43:51.000,2026-05-08 19:43:51.000,Flash sale today only. Use your points for extra savings.,109,,,,24,AUTOMATED
1220,2026-05-07 19:43:51.000,2026-05-08 19:43:51.000,You are 50 points away from your next reward!,109,,,383,168,AUTOMATED
1221,2026-05-08 03:43:51.000,2026-05-08 19:43:51.000,New products just arrived. Be the first to check them out.,109,,,,48,AUTOMATED
1222,2026-05-07 10:43:51.000,2026-05-08 19:43:51.000,Your loyalty card has a new benefit. Tap to discover.,109,327,,,24,CUSTOM
1223,2026-05-08 02:43:51.000,2026-05-08 19:43:51.000,We miss you! Come back and earn double points this week.,109,326,,,72,AUTOMATED
1224,2026-05-08 02:43:51.000,2026-05-08 19:43:51.000,You are 50 points away from your next reward!,109,325,,,48,CUSTOM
1225,2026-05-08 13:43:51.000,2026-05-08 19:43:51.000,You have a reward waiting for you. Claim it now!,110,330,,,168,AUTOMATED
1226,2026-05-07 18:43:51.000,2026-05-08 19:43:51.000,New products just arrived. Be the first to check them out.,110,,,,48,CUSTOM
1227,2026-05-07 05:43:51.000,2026-05-08 19:43:51.000,Bring a friend and both of you earn bonus points.,110,,,,168,CUSTOM
1228,2026-05-07 15:43:51.000,2026-05-08 19:43:51.000,Bring a friend and both of you earn bonus points.,110,,,,48,CUSTOM
1229,2026-05-07 05:43:51.000,2026-05-08 19:43:51.000,You have a reward waiting for you. Claim it now!,110,,,389,24,AUTOMATED
1230,2026-05-08 18:43:51.000,2026-05-08 19:43:51.000,You are 50 points away from your next reward!,110,,,,24,AUTOMATED
1231,2026-05-08 02:43:51.000,2026-05-08 19:43:51.000,New products just arrived. Be the first to check them out.,110,329,,390,24,AUTOMATED
1232,2026-05-08 04:43:51.000,2026-05-08 19:43:51.000,Bring a friend and both of you earn bonus points.,110,,,391,72,CUSTOM
1233,2026-05-06 20:43:51.000,2026-05-08 19:43:51.000,Your loyalty card has a new benefit. Tap to discover.,110,329,,388,168,CUSTOM
1234,2026-05-07 15:43:51.000,2026-05-08 19:43:51.000,New products just arrived. Be the first to check them out.,110,,,,168,CUSTOM
1235,2026-05-07 16:43:51.000,2026-05-08 19:43:51.000,New products just arrived. Be the first to check them out.,110,330,,,168,CUSTOM
1236,2026-05-08 17:43:51.000,2026-05-08 19:43:51.000,You are 50 points away from your next reward!,111,,,,24,CUSTOM
1237,2026-05-07 16:43:51.000,2026-05-08 19:43:51.000,Happy birthday! Enjoy your special gift from us.,111,,,,24,AUTOMATED
1238,2026-05-08 03:43:51.000,2026-05-08 19:43:51.000,New products just arrived. Be the first to check them out.,111,,,,24,CUSTOM
1239,2026-05-08 13:43:51.000,2026-05-08 19:43:51.000,Your loyalty card has a new benefit. Tap to discover.,111,,,393,72,CUSTOM
1240,2026-05-07 01:43:51.000,2026-05-08 19:43:51.000,Flash sale today only. Use your points for extra savings.,111,,,,72,CUSTOM
1241,2026-05-08 14:43:51.000,2026-05-08 19:43:51.000,Bring a friend and both of you earn bonus points.,111,,,393,72,AUTOMATED
1242,2026-05-08 06:43:51.000,2026-05-08 19:43:51.000,New products just arrived. Be the first to check them out.,111,,,,48,AUTOMATED
1243,2026-05-08 06:43:51.000,2026-05-08 19:43:51.000,You are 50 points away from your next reward!,111,331,,,24,CUSTOM
1244,2026-05-07 23:43:51.000,2026-05-08 19:43:51.000,You have a reward waiting for you. Claim it now!,111,333,,,48,AUTOMATED
1245,2026-05-08 03:43:51.000,2026-05-08 19:43:51.000,Happy birthday! Enjoy your special gift from us.,111,331,,,168,CUSTOM
1246,2026-05-07 20:43:51.000,2026-05-08 19:43:51.000,Your loyalty card has a new benefit. Tap to discover.,111,,,393,24,CUSTOM
1247,2026-05-08 09:43:51.000,2026-05-08 19:43:51.000,You are 50 points away from your next reward!,111,,,393,24,CUSTOM
1248,2026-05-08 08:43:51.000,2026-05-08 19:43:51.000,New products just arrived. Be the first to check them out.,111,333,,,168,AUTOMATED
1249,2026-05-07 20:43:51.000,2026-05-08 19:43:51.000,You are 50 points away from your next reward!,111,,,394,168,AUTOMATED
1250,2026-05-07 21:43:51.000,2026-05-08 19:43:51.000,Your loyalty card has a new benefit. Tap to discover.,112,334,,396,168,AUTOMATED
1251,2026-05-07 20:43:51.000,2026-05-08 19:43:51.000,Flash sale today only. Use your points for extra savings.,112,,,,24,AUTOMATED
1252,2026-05-08 04:43:51.000,2026-05-08 19:43:51.000,You are 50 points away from your next reward!,112,335,,396,24,CUSTOM
1253,2026-05-07 22:43:51.000,2026-05-08 19:43:51.000,Happy birthday! Enjoy your special gift from us.,112,336,,,72,AUTOMATED
1254,2026-05-07 05:43:51.000,2026-05-08 19:43:51.000,We miss you! Come back and earn double points this week.,112,334,,,48,CUSTOM
1255,2026-05-06 20:43:51.000,2026-05-08 19:43:51.000,We miss you! Come back and earn double points this week.,112,,,396,48,CUSTOM
1256,2026-05-07 13:43:51.000,2026-05-08 19:43:51.000,New products just arrived. Be the first to check them out.,112,,,,168,AUTOMATED
1257,2026-05-07 06:43:51.000,2026-05-08 19:43:51.000,New products just arrived. Be the first to check them out.,112,335,,,168,CUSTOM
1258,2026-05-07 05:43:51.000,2026-05-08 19:43:51.000,New products just arrived. Be the first to check them out.,112,,,396,168,AUTOMATED
1259,2026-05-07 07:43:51.000,2026-05-08 19:43:51.000,You are 50 points away from your next reward!,112,,,395,168,AUTOMATED
1260,2026-05-07 01:43:51.000,2026-05-08 19:43:51.000,Flash sale today only. Use your points for extra savings.,112,335,,,24,CUSTOM
1261,2026-05-07 11:43:51.000,2026-05-08 19:43:51.000,Flash sale today only. Use your points for extra savings.,112,,,,72,AUTOMATED
1262,2026-05-06 23:43:51.000,2026-05-08 19:43:51.000,Bring a friend and both of you earn bonus points.,112,335,,396,168,AUTOMATED
1263,2026-05-08 00:43:51.000,2026-05-08 19:43:51.000,You are 50 points away from your next reward!,112,335,,,168,CUSTOM
1264,2026-05-08 07:43:51.000,2026-05-08 19:43:51.000,You are 50 points away from your next reward!,112,,,,72,CUSTOM
1265,2026-05-06 23:43:51.000,2026-05-08 19:43:51.000,You are 50 points away from your next reward!,113,338,,397,168,AUTOMATED
1266,2026-05-07 13:43:51.000,2026-05-08 19:43:51.000,Flash sale today only. Use your points for extra savings.,113,339,,,168,AUTOMATED
1267,2026-05-06 23:43:51.000,2026-05-08 19:43:51.000,You have a reward waiting for you. Claim it now!,113,338,,,72,AUTOMATED
1268,2026-05-07 13:43:51.000,2026-05-08 19:43:51.000,You are 50 points away from your next reward!,113,,,,24,AUTOMATED
1269,2026-05-08 14:43:51.000,2026-05-08 19:43:51.000,Bring a friend and both of you earn bonus points.,113,,,,48,CUSTOM
1270,2026-05-08 10:43:51.000,2026-05-08 19:43:51.000,New products just arrived. Be the first to check them out.,113,,,,72,CUSTOM
1271,2026-05-07 05:43:51.000,2026-05-08 19:43:51.000,New products just arrived. Be the first to check them out.,113,,,400,168,CUSTOM
1272,2026-05-06 20:43:51.000,2026-05-08 19:43:51.000,Flash sale today only. Use your points for extra savings.,113,,,,168,CUSTOM
1273,2026-05-07 19:43:51.000,2026-05-08 19:43:51.000,Happy birthday! Enjoy your special gift from us.,113,339,,,48,CUSTOM
1274,2026-05-07 02:43:51.000,2026-05-08 19:43:51.000,Flash sale today only. Use your points for extra savings.,113,,,,168,AUTOMATED
1275,2026-05-07 00:43:51.000,2026-05-08 19:43:51.000,New products just arrived. Be the first to check them out.,113,339,,,24,AUTOMATED
1276,2026-05-07 13:43:51.000,2026-05-08 19:43:51.000,We miss you! Come back and earn double points this week.,113,338,,,72,AUTOMATED
1277,2026-05-07 12:43:51.000,2026-05-08 19:43:51.000,Your loyalty card has a new benefit. Tap to discover.,114,,,,72,CUSTOM
1278,2026-05-06 22:43:51.000,2026-05-08 19:43:51.000,Bring a friend and both of you earn bonus points.,114,,,,168,CUSTOM
1279,2026-05-07 10:43:51.000,2026-05-08 19:43:51.000,You have a reward waiting for you. Claim it now!,114,340,,,24,AUTOMATED
1280,2026-05-07 10:43:51.000,2026-05-08 19:43:51.000,New products just arrived. Be the first to check them out.,114,341,,,168,CUSTOM
1281,2026-05-08 18:43:51.000,2026-05-08 19:43:51.000,New products just arrived. Be the first to check them out.,114,341,,,72,AUTOMATED
1282,2026-05-06 19:43:51.000,2026-05-08 19:43:51.000,New products just arrived. Be the first to check them out.,115,,,,48,CUSTOM
1283,2026-05-08 03:43:51.000,2026-05-08 19:43:51.000,We miss you! Come back and earn double points this week.,115,,,406,48,CUSTOM
1284,2026-05-08 07:43:51.000,2026-05-08 19:43:51.000,Bring a friend and both of you earn bonus points.,115,345,,405,168,AUTOMATED
1285,2026-05-07 17:43:51.000,2026-05-08 19:43:51.000,You have a reward waiting for you. Claim it now!,115,345,,406,48,AUTOMATED
1286,2026-05-07 00:43:51.000,2026-05-08 19:43:51.000,Bring a friend and both of you earn bonus points.,115,,,405,168,AUTOMATED
1287,2026-05-07 07:43:51.000,2026-05-08 19:43:51.000,Happy birthday! Enjoy your special gift from us.,115,345,,,24,CUSTOM
1288,2026-05-08 01:43:51.000,2026-05-08 19:43:51.000,You are 50 points away from your next reward!,115,,,,24,CUSTOM
1289,2026-05-08 05:43:51.000,2026-05-08 19:43:51.000,Your loyalty card has a new benefit. Tap to discover.,116,,,,24,AUTOMATED
1290,2026-05-07 03:43:51.000,2026-05-08 19:43:51.000,Bring a friend and both of you earn bonus points.,116,,,,72,CUSTOM
1291,2026-05-08 10:43:51.000,2026-05-08 19:43:51.000,You have a reward waiting for you. Claim it now!,116,,,,48,CUSTOM
1292,2026-05-07 06:43:51.000,2026-05-08 19:43:51.000,We miss you! Come back and earn double points this week.,116,347,,,72,CUSTOM
1293,2026-05-08 13:43:51.000,2026-05-08 19:43:51.000,You are 50 points away from your next reward!,116,348,,,24,AUTOMATED
1294,2026-05-06 22:43:51.000,2026-05-08 19:43:51.000,Bring a friend and both of you earn bonus points.,116,,,,168,CUSTOM
1295,2026-05-08 18:43:51.000,2026-05-08 19:43:51.000,You are 50 points away from your next reward!,117,,,410,48,CUSTOM
1296,2026-05-07 15:43:51.000,2026-05-08 19:43:51.000,Bring a friend and both of you earn bonus points.,117,,,,48,CUSTOM
1297,2026-05-06 21:43:51.000,2026-05-08 19:43:51.000,Happy birthday! Enjoy your special gift from us.,117,,,,168,AUTOMATED
1298,2026-05-06 23:43:51.000,2026-05-08 19:43:51.000,Flash sale today only. Use your points for extra savings.,117,349,,409,72,AUTOMATED
1299,2026-05-07 14:43:51.000,2026-05-08 19:43:51.000,You are 50 points away from your next reward!,117,,,,168,CUSTOM
1300,2026-05-06 20:43:51.000,2026-05-08 19:43:51.000,You are 50 points away from your next reward!,117,,,409,168,AUTOMATED
1301,2026-05-08 18:43:51.000,2026-05-08 19:43:51.000,Happy birthday! Enjoy your special gift from us.,117,349,,,72,AUTOMATED
1302,2026-05-07 20:43:51.000,2026-05-08 19:43:51.000,You have a reward waiting for you. Claim it now!,117,349,,,48,CUSTOM
1303,2026-05-07 02:43:51.000,2026-05-08 19:43:51.000,New products just arrived. Be the first to check them out.,118,,,412,168,AUTOMATED
1304,2026-05-07 14:43:51.000,2026-05-08 19:43:51.000,You are 50 points away from your next reward!,118,,,,24,CUSTOM
1305,2026-05-08 08:43:51.000,2026-05-08 19:43:51.000,You have a reward waiting for you. Claim it now!,118,352,,411,24,AUTOMATED
1306,2026-05-07 05:43:51.000,2026-05-08 19:43:51.000,Flash sale today only. Use your points for extra savings.,118,,,411,48,CUSTOM
1307,2026-05-08 10:43:51.000,2026-05-08 19:43:51.000,Your loyalty card has a new benefit. Tap to discover.,118,354,,,168,AUTOMATED
1308,2026-05-07 22:43:51.000,2026-05-08 19:43:51.000,You have a reward waiting for you. Claim it now!,118,,,,72,CUSTOM
1309,2026-05-08 16:43:51.000,2026-05-08 19:43:51.000,Your loyalty card has a new benefit. Tap to discover.,118,,,,24,AUTOMATED
1310,2026-05-08 02:43:51.000,2026-05-08 19:43:51.000,Happy birthday! Enjoy your special gift from us.,118,353,,412,24,CUSTOM
1311,2026-05-07 12:43:51.000,2026-05-08 19:43:51.000,Flash sale today only. Use your points for extra savings.,118,354,,,24,AUTOMATED
1312,2026-05-07 15:43:51.000,2026-05-08 19:43:51.000,New products just arrived. Be the first to check them out.,118,,,,48,CUSTOM
1313,2026-05-08 08:43:51.000,2026-05-08 19:43:51.000,You have a reward waiting for you. Claim it now!,118,354,,411,168,CUSTOM
1314,2026-05-06 23:43:51.000,2026-05-08 19:43:51.000,You are 50 points away from your next reward!,118,352,,,48,AUTOMATED
1315,2026-05-08 08:43:51.000,2026-05-08 19:43:51.000,New products just arrived. Be the first to check them out.,118,,,,48,CUSTOM
1316,2026-05-08 13:43:51.000,2026-05-08 19:43:51.000,You are 50 points away from your next reward!,119,,,,72,CUSTOM
1317,2026-05-08 08:43:51.000,2026-05-08 19:43:51.000,Your loyalty card has a new benefit. Tap to discover.,119,357,,,168,CUSTOM
1318,2026-05-08 03:43:51.000,2026-05-08 19:43:51.000,New products just arrived. Be the first to check them out.,119,,,,72,CUSTOM
1319,2026-05-08 07:43:51.000,2026-05-08 19:43:51.000,You are 50 points away from your next reward!,119,,,,48,CUSTOM
1320,2026-05-07 23:43:51.000,2026-05-08 19:43:51.000,Happy birthday! Enjoy your special gift from us.,119,,,,24,AUTOMATED
1321,2026-05-08 16:43:51.000,2026-05-08 19:43:51.000,Happy birthday! Enjoy your special gift from us.,119,,,413,168,CUSTOM
1322,2026-05-08 00:43:51.000,2026-05-08 19:43:51.000,New products just arrived. Be the first to check them out.,120,,,,168,CUSTOM
1323,2026-05-08 17:43:51.000,2026-05-08 19:43:51.000,Your loyalty card has a new benefit. Tap to discover.,120,,,415,24,CUSTOM
1324,2026-05-07 18:43:51.000,2026-05-08 19:43:51.000,Happy birthday! Enjoy your special gift from us.,120,,,419,24,AUTOMATED
1325,2026-05-08 02:43:51.000,2026-05-08 19:43:51.000,Bring a friend and both of you earn bonus points.,120,,,418,48,CUSTOM
1326,2026-05-07 00:43:51.000,2026-05-08 19:43:51.000,Bring a friend and both of you earn bonus points.,120,360,,,48,CUSTOM
1327,2026-05-08 12:43:51.000,2026-05-08 19:43:51.000,Happy birthday! Enjoy your special gift from us.,120,,,,168,AUTOMATED
1328,2026-05-07 19:43:51.000,2026-05-08 19:43:51.000,Happy birthday! Enjoy your special gift from us.,120,358,,417,48,AUTOMATED
1329,2026-05-06 20:43:51.000,2026-05-08 19:43:51.000,We miss you! Come back and earn double points this week.,120,360,,,168,AUTOMATED
1330,2026-05-07 16:43:51.000,2026-05-08 19:43:51.000,Bring a friend and both of you earn bonus points.,120,,,,168,AUTOMATED
1331,2026-05-07 06:43:51.000,2026-05-08 19:43:51.000,We miss you! Come back and earn double points this week.,120,358,,417,48,CUSTOM
1332,2026-05-08 13:43:51.000,2026-05-08 19:43:51.000,We miss you! Come back and earn double points this week.,120,358,,,24,AUTOMATED
1333,2026-05-08 18:43:51.000,2026-05-08 19:43:51.000,Flash sale today only. Use your points for extra savings.,120,,,,72,AUTOMATED
1334,2026-05-08 03:43:51.000,2026-05-08 19:43:51.000,You have a reward waiting for you. Claim it now!,120,,,419,72,AUTOMATED
1335,2026-05-07 23:43:51.000,2026-05-08 19:43:51.000,You have a reward waiting for you. Claim it now!,120,,,,168,AUTOMATED
1336,2026-05-08 02:43:51.000,2026-05-08 19:43:51.000,You are 50 points away from your next reward!,121,,,420,48,CUSTOM
1337,2026-05-08 18:43:51.000,2026-05-08 19:43:51.000,Happy birthday! Enjoy your special gift from us.,121,,,,168,AUTOMATED
1338,2026-05-08 02:43:51.000,2026-05-08 19:43:51.000,Happy birthday! Enjoy your special gift from us.,121,,,,24,AUTOMATED
1339,2026-05-07 15:43:51.000,2026-05-08 19:43:51.000,We miss you! Come back and earn double points this week.,121,363,,421,48,CUSTOM
1340,2026-05-07 17:43:51.000,2026-05-08 19:43:51.000,Happy birthday! Enjoy your special gift from us.,121,,,421,168,AUTOMATED
1341,2026-05-08 02:43:51.000,2026-05-08 19:43:51.000,New products just arrived. Be the first to check them out.,121,,,420,48,AUTOMATED
1342,2026-05-06 20:43:51.000,2026-05-08 19:43:51.000,Your loyalty card has a new benefit. Tap to discover.,121,,,,48,AUTOMATED
1343,2026-05-07 03:43:51.000,2026-05-08 19:43:51.000,Happy birthday! Enjoy your special gift from us.,121,,,421,168,CUSTOM
1344,2026-05-06 21:43:51.000,2026-05-08 19:43:51.000,Happy birthday! Enjoy your special gift from us.,122,364,,422,168,AUTOMATED
1345,2026-05-08 15:43:51.000,2026-05-08 19:43:51.000,Bring a friend and both of you earn bonus points.,122,366,,422,24,CUSTOM
1346,2026-05-08 14:43:51.000,2026-05-08 19:43:51.000,Bring a friend and both of you earn bonus points.,122,364,,,72,CUSTOM
1347,2026-05-08 06:43:51.000,2026-05-08 19:43:51.000,You are 50 points away from your next reward!,122,,,,24,AUTOMATED
1348,2026-05-08 04:43:51.000,2026-05-08 19:43:51.000,You have a reward waiting for you. Claim it now!,122,365,,422,48,AUTOMATED
1349,2026-05-07 18:43:51.000,2026-05-08 19:43:51.000,New products just arrived. Be the first to check them out.,122,366,,,48,CUSTOM
1350,2026-05-07 20:43:51.000,2026-05-08 19:43:51.000,Happy birthday! Enjoy your special gift from us.,122,,,,24,CUSTOM
1351,2026-05-07 17:43:51.000,2026-05-08 19:43:51.000,You have a reward waiting for you. Claim it now!,123,367,,427,168,AUTOMATED
1352,2026-05-07 19:43:51.000,2026-05-08 19:43:51.000,Your loyalty card has a new benefit. Tap to discover.,123,,,,72,CUSTOM
1353,2026-05-07 09:43:51.000,2026-05-08 19:43:51.000,We miss you! Come back and earn double points this week.,123,368,,,72,AUTOMATED
1354,2026-05-07 10:43:51.000,2026-05-08 19:43:51.000,You have a reward waiting for you. Claim it now!,123,,,,72,CUSTOM
1355,2026-05-06 23:43:51.000,2026-05-08 19:43:51.000,Your loyalty card has a new benefit. Tap to discover.,124,372,,,48,AUTOMATED
1356,2026-05-07 20:43:51.000,2026-05-08 19:43:51.000,Bring a friend and both of you earn bonus points.,124,,,,72,AUTOMATED
1357,2026-05-07 00:43:51.000,2026-05-08 19:43:51.000,New products just arrived. Be the first to check them out.,124,,,,48,AUTOMATED
1358,2026-05-07 12:43:51.000,2026-05-08 19:43:51.000,You have a reward waiting for you. Claim it now!,124,,,,48,CUSTOM
1359,2026-05-06 21:43:51.000,2026-05-08 19:43:51.000,You are 50 points away from your next reward!,124,,,,168,AUTOMATED
1360,2026-05-08 17:43:51.000,2026-05-08 19:43:51.000,You have a reward waiting for you. Claim it now!,124,,,429,168,AUTOMATED
1361,2026-05-08 01:43:51.000,2026-05-08 19:43:51.000,Bring a friend and both of you earn bonus points.,124,,,,24,CUSTOM
1362,2026-05-08 00:43:51.000,2026-05-08 19:43:51.000,You have a reward waiting for you. Claim it now!,124,,,,72,CUSTOM
1363,2026-05-07 19:43:51.000,2026-05-08 19:43:51.000,You are 50 points away from your next reward!,124,,,430,48,CUSTOM
1364,2026-05-07 11:43:51.000,2026-05-08 19:43:51.000,We miss you! Come back and earn double points this week.,124,372,,432,72,CUSTOM
1365,2026-05-07 01:43:51.000,2026-05-08 19:43:51.000,Flash sale today only. Use your points for extra savings.,124,,,431,168,AUTOMATED
1366,2026-05-08 18:43:51.000,2026-05-08 19:43:51.000,New products just arrived. Be the first to check them out.,124,372,,,24,AUTOMATED
1367,2026-05-08 02:43:51.000,2026-05-08 19:43:51.000,We miss you! Come back and earn double points this week.,124,,,,48,CUSTOM
1368,2026-05-08 06:43:51.000,2026-05-08 19:43:51.000,Happy birthday! Enjoy your special gift from us.,124,370,,,72,CUSTOM
1369,2026-05-08 05:43:51.000,2026-05-08 19:43:51.000,You are 50 points away from your next reward!,124,,,,72,CUSTOM
1370,2026-05-07 02:43:51.000,2026-05-08 19:43:51.000,You have a reward waiting for you. Claim it now!,124,,,,24,AUTOMATED
1371,2026-05-08 18:43:51.000,2026-05-08 19:43:51.000,New products just arrived. Be the first to check them out.,124,,,,72,CUSTOM
1372,2026-05-08 01:43:51.000,2026-05-08 19:43:51.000,New products just arrived. Be the first to check them out.,124,,,430,24,AUTOMATED
1373,2026-05-06 19:43:51.000,2026-05-08 19:43:51.000,You are 50 points away from your next reward!,124,,,429,72,AUTOMATED
1374,2026-05-07 23:43:51.000,2026-05-08 19:43:51.000,New products just arrived. Be the first to check them out.,124,,,429,48,CUSTOM
1375,2026-05-07 18:43:51.000,2026-05-08 19:43:51.000,New products just arrived. Be the first to check them out.,124,372,,,168,AUTOMATED
1376,2026-05-07 12:43:51.000,2026-05-08 19:43:51.000,Flash sale today only. Use your points for extra savings.,124,,,,72,CUSTOM
1377,2026-05-06 20:43:51.000,2026-05-08 19:43:51.000,Flash sale today only. Use your points for extra savings.,124,370,,429,48,AUTOMATED
1378,2026-05-08 01:43:51.000,2026-05-08 19:43:51.000,Happy birthday! Enjoy your special gift from us.,124,,,431,72,CUSTOM
1379,2026-05-07 19:43:51.000,2026-05-08 19:43:51.000,Flash sale today only. Use your points for extra savings.,124,,,,168,AUTOMATED
1380,2026-05-08 08:43:51.000,2026-05-08 19:43:51.000,Bring a friend and both of you earn bonus points.,124,371,,,72,CUSTOM
1381,2026-05-07 06:43:51.000,2026-05-08 19:43:51.000,New products just arrived. Be the first to check them out.,125,375,,,168,CUSTOM
1382,2026-05-07 20:43:51.000,2026-05-08 19:43:51.000,You have a reward waiting for you. Claim it now!,125,374,,,48,CUSTOM
1383,2026-05-08 17:43:51.000,2026-05-08 19:43:51.000,Bring a friend and both of you earn bonus points.,125,374,,433,168,CUSTOM
1384,2026-05-07 09:43:51.000,2026-05-08 19:43:51.000,You have a reward waiting for you. Claim it now!,125,373,,,24,CUSTOM
1385,2026-05-08 15:43:51.000,2026-05-08 19:43:51.000,We miss you! Come back and earn double points this week.,125,375,,435,168,AUTOMATED
1386,2026-05-07 11:43:51.000,2026-05-08 19:43:51.000,You have a reward waiting for you. Claim it now!,125,375,,,72,CUSTOM
1387,2026-05-07 23:43:51.000,2026-05-08 19:43:51.000,Flash sale today only. Use your points for extra savings.,125,373,,,24,CUSTOM
1388,2026-05-08 08:43:51.000,2026-05-08 19:43:51.000,You have a reward waiting for you. Claim it now!,125,,,435,48,CUSTOM
1389,2026-05-07 09:43:51.000,2026-05-08 19:43:51.000,Happy birthday! Enjoy your special gift from us.,126,,,440,24,AUTOMATED
1390,2026-05-08 08:43:51.000,2026-05-08 19:43:51.000,Happy birthday! Enjoy your special gift from us.,126,,,,168,CUSTOM
1391,2026-05-07 05:43:51.000,2026-05-08 19:43:51.000,Flash sale today only. Use your points for extra savings.,126,,,,48,AUTOMATED
1392,2026-05-08 08:43:51.000,2026-05-08 19:43:51.000,Bring a friend and both of you earn bonus points.,126,377,,,24,AUTOMATED
1393,2026-05-08 01:43:51.000,2026-05-08 19:43:51.000,Flash sale today only. Use your points for extra savings.,126,,,442,48,CUSTOM
1394,2026-05-06 23:43:51.000,2026-05-08 19:43:51.000,We miss you! Come back and earn double points this week.,126,,,441,48,CUSTOM
1395,2026-05-07 11:43:51.000,2026-05-08 19:43:51.000,Happy birthday! Enjoy your special gift from us.,126,378,,,168,CUSTOM
1396,2026-05-07 10:43:51.000,2026-05-08 19:43:51.000,We miss you! Come back and earn double points this week.,127,,,,72,CUSTOM
1397,2026-05-08 12:43:51.000,2026-05-08 19:43:51.000,You have a reward waiting for you. Claim it now!,127,,,445,24,AUTOMATED
1398,2026-05-08 13:43:51.000,2026-05-08 19:43:51.000,You have a reward waiting for you. Claim it now!,127,381,,444,48,CUSTOM
1399,2026-05-08 01:43:51.000,2026-05-08 19:43:51.000,Happy birthday! Enjoy your special gift from us.,127,381,,,48,CUSTOM
1400,2026-05-08 05:43:51.000,2026-05-08 19:43:51.000,Bring a friend and both of you earn bonus points.,127,,,,72,AUTOMATED
1401,2026-05-07 06:43:51.000,2026-05-08 19:43:51.000,Flash sale today only. Use your points for extra savings.,127,,,,72,CUSTOM
1402,2026-05-08 16:43:51.000,2026-05-08 19:43:51.000,You are 50 points away from your next reward!,127,380,,,24,AUTOMATED
1403,2026-05-06 19:43:51.000,2026-05-08 19:43:51.000,You have a reward waiting for you. Claim it now!,127,381,,447,72,AUTOMATED
1404,2026-05-07 23:43:51.000,2026-05-08 19:43:51.000,Bring a friend and both of you earn bonus points.,128,,,,72,CUSTOM
1405,2026-05-07 01:43:51.000,2026-05-08 19:43:51.000,Your loyalty card has a new benefit. Tap to discover.,128,,,,168,AUTOMATED
1406,2026-05-08 16:43:51.000,2026-05-08 19:43:51.000,Bring a friend and both of you earn bonus points.,128,,,451,72,CUSTOM
1407,2026-05-08 06:43:51.000,2026-05-08 19:43:51.000,We miss you! Come back and earn double points this week.,128,382,,,72,CUSTOM
1408,2026-05-08 09:43:51.000,2026-05-08 19:43:51.000,New products just arrived. Be the first to check them out.,128,384,,448,168,AUTOMATED
1409,2026-05-08 15:43:51.000,2026-05-08 19:43:51.000,New products just arrived. Be the first to check them out.,128,,,,48,AUTOMATED
1410,2026-05-07 01:43:51.000,2026-05-08 19:43:51.000,Bring a friend and both of you earn bonus points.,128,,,,168,CUSTOM
1411,2026-05-07 17:43:51.000,2026-05-08 19:43:51.000,We miss you! Come back and earn double points this week.,128,,,,72,CUSTOM
1412,2026-05-07 11:43:51.000,2026-05-08 19:43:51.000,You are 50 points away from your next reward!,128,,,,168,CUSTOM
1413,2026-05-07 06:43:51.000,2026-05-08 19:43:51.000,New products just arrived. Be the first to check them out.,128,,,,48,CUSTOM
1414,2026-05-08 14:43:51.000,2026-05-08 19:43:51.000,We miss you! Come back and earn double points this week.,128,,,449,168,CUSTOM
1415,2026-05-07 05:43:51.000,2026-05-08 19:43:51.000,New products just arrived. Be the first to check them out.,128,,,451,24,AUTOMATED
1416,2026-05-08 18:43:51.000,2026-05-08 19:43:51.000,You are 50 points away from your next reward!,128,384,,,72,CUSTOM
1417,2026-05-07 11:43:51.000,2026-05-08 19:43:51.000,Happy birthday! Enjoy your special gift from us.,129,,,,72,AUTOMATED
1418,2026-05-08 16:43:51.000,2026-05-08 19:43:51.000,You are 50 points away from your next reward!,129,,,,72,AUTOMATED
1419,2026-05-07 05:43:51.000,2026-05-08 19:43:51.000,You are 50 points away from your next reward!,129,,,,24,CUSTOM
1420,2026-05-06 22:43:51.000,2026-05-08 19:43:51.000,Happy birthday! Enjoy your special gift from us.,129,,,453,24,AUTOMATED
1421,2026-05-07 19:43:51.000,2026-05-08 19:43:51.000,You are 50 points away from your next reward!,129,,,452,72,CUSTOM
1422,2026-05-07 03:43:51.000,2026-05-08 19:43:51.000,We miss you! Come back and earn double points this week.,129,,,452,48,CUSTOM
1423,2026-05-06 21:43:51.000,2026-05-08 19:43:51.000,You have a reward waiting for you. Claim it now!,129,385,,454,24,AUTOMATED
1424,2026-05-07 08:43:51.000,2026-05-08 19:43:51.000,We miss you! Come back and earn double points this week.,130,,,455,72,CUSTOM
1425,2026-05-07 07:43:51.000,2026-05-08 19:43:51.000,You have a reward waiting for you. Claim it now!,130,389,,,72,CUSTOM
1426,2026-05-08 05:43:51.000,2026-05-08 19:43:51.000,New products just arrived. Be the first to check them out.,130,389,,,48,AUTOMATED
1427,2026-05-07 19:43:51.000,2026-05-08 19:43:51.000,Flash sale today only. Use your points for extra savings.,130,390,,455,24,CUSTOM
1428,2026-05-08 18:43:51.000,2026-05-08 19:43:51.000,Bring a friend and both of you earn bonus points.,130,,,,24,AUTOMATED
1429,2026-05-07 14:43:51.000,2026-05-08 19:43:51.000,New products just arrived. Be the first to check them out.,130,389,,456,168,CUSTOM
1430,2026-05-07 06:43:51.000,2026-05-08 19:43:51.000,Flash sale today only. Use your points for extra savings.,130,,,456,72,AUTOMATED
1431,2026-05-08 18:43:51.000,2026-05-08 19:43:51.000,You are 50 points away from your next reward!,130,,,,48,AUTOMATED
1432,2026-05-06 21:43:51.000,2026-05-08 19:43:51.000,Your loyalty card has a new benefit. Tap to discover.,130,,,,168,CUSTOM
1433,2026-05-07 20:43:51.000,2026-05-08 19:43:51.000,Happy birthday! Enjoy your special gift from us.,130,,,456,168,AUTOMATED
1434,2026-05-07 09:43:51.000,2026-05-08 19:43:51.000,We miss you! Come back and earn double points this week.,130,,,,48,CUSTOM
1435,2026-05-06 19:43:51.000,2026-05-08 19:43:51.000,We miss you! Come back and earn double points this week.,130,,,,72,CUSTOM
1436,2026-05-07 22:43:51.000,2026-05-08 19:43:51.000,You have a reward waiting for you. Claim it now!,131,,,,168,CUSTOM
1437,2026-05-08 08:43:51.000,2026-05-08 19:43:51.000,You have a reward waiting for you. Claim it now!,131,391,,,72,CUSTOM
1438,2026-05-07 00:43:51.000,2026-05-08 19:43:51.000,New products just arrived. Be the first to check them out.,131,,,459,168,AUTOMATED
1439,2026-05-07 22:43:51.000,2026-05-08 19:43:51.000,You have a reward waiting for you. Claim it now!,131,392,,,168,AUTOMATED
1440,2026-05-07 20:43:51.000,2026-05-08 19:43:51.000,You are 50 points away from your next reward!,131,,,460,72,AUTOMATED
1441,2026-05-07 21:43:51.000,2026-05-08 19:43:51.000,Bring a friend and both of you earn bonus points.,131,392,,,168,AUTOMATED
1442,2026-05-08 14:43:51.000,2026-05-08 19:43:51.000,You have a reward waiting for you. Claim it now!,131,,,457,72,CUSTOM
1443,2026-05-07 09:43:51.000,2026-05-08 19:43:51.000,Your loyalty card has a new benefit. Tap to discover.,132,394,,461,24,AUTOMATED
1444,2026-05-06 21:43:51.000,2026-05-08 19:43:51.000,You are 50 points away from your next reward!,132,394,,,168,AUTOMATED
1445,2026-05-08 05:43:51.000,2026-05-08 19:43:51.000,You have a reward waiting for you. Claim it now!,132,,,461,48,AUTOMATED
1446,2026-05-07 01:43:51.000,2026-05-08 19:43:51.000,Your loyalty card has a new benefit. Tap to discover.,132,,,,168,CUSTOM
1447,2026-05-07 12:43:51.000,2026-05-08 19:43:51.000,You are 50 points away from your next reward!,132,,,,48,AUTOMATED
1448,2026-05-07 15:43:51.000,2026-05-08 19:43:51.000,New products just arrived. Be the first to check them out.,132,,,463,48,CUSTOM
1449,2026-05-08 02:43:51.000,2026-05-08 19:43:51.000,We miss you! Come back and earn double points this week.,133,,,,72,CUSTOM
1450,2026-05-06 23:43:51.000,2026-05-08 19:43:51.000,You have a reward waiting for you. Claim it now!,133,399,,,24,CUSTOM
1451,2026-05-07 08:43:51.000,2026-05-08 19:43:51.000,Your loyalty card has a new benefit. Tap to discover.,133,398,,467,168,CUSTOM
1452,2026-05-08 10:43:51.000,2026-05-08 19:43:51.000,Your loyalty card has a new benefit. Tap to discover.,133,,,,72,AUTOMATED
1453,2026-05-07 04:43:51.000,2026-05-08 19:43:51.000,You are 50 points away from your next reward!,133,397,,465,24,AUTOMATED
1454,2026-05-07 21:43:51.000,2026-05-08 19:43:51.000,Bring a friend and both of you earn bonus points.,133,,,,168,CUSTOM
1455,2026-05-07 01:43:51.000,2026-05-08 19:43:51.000,We miss you! Come back and earn double points this week.,133,399,,464,24,CUSTOM
1456,2026-05-07 20:43:51.000,2026-05-08 19:43:51.000,Your loyalty card has a new benefit. Tap to discover.,133,,,467,168,AUTOMATED
1457,2026-05-06 22:43:51.000,2026-05-08 19:43:51.000,Happy birthday! Enjoy your special gift from us.,133,,,467,48,CUSTOM
1458,2026-05-08 14:43:51.000,2026-05-08 19:43:51.000,You have a reward waiting for you. Claim it now!,133,,,,48,CUSTOM
1459,2026-05-08 08:43:51.000,2026-05-08 19:43:51.000,Bring a friend and both of you earn bonus points.,133,,,,168,CUSTOM
1460,2026-05-07 07:43:51.000,2026-05-08 19:43:51.000,New products just arrived. Be the first to check them out.,133,,,465,24,AUTOMATED
1461,2026-05-07 21:43:51.000,2026-05-08 19:43:51.000,You have a reward waiting for you. Claim it now!,133,,,,48,AUTOMATED
1462,2026-05-08 00:43:51.000,2026-05-08 19:43:51.000,You have a reward waiting for you. Claim it now!,133,,,,168,AUTOMATED
1463,2026-05-07 03:43:51.000,2026-05-08 19:43:51.000,We miss you! Come back and earn double points this week.,133,,,466,72,CUSTOM
1464,2026-05-07 04:43:51.000,2026-05-08 19:43:51.000,Flash sale today only. Use your points for extra savings.,133,,,464,72,CUSTOM
1465,2026-05-08 03:43:51.000,2026-05-08 19:43:51.000,You have a reward waiting for you. Claim it now!,134,,,,24,AUTOMATED
1466,2026-05-07 00:43:51.000,2026-05-08 19:43:51.000,You are 50 points away from your next reward!,134,402,,,48,AUTOMATED
1467,2026-05-08 15:43:51.000,2026-05-08 19:43:51.000,Bring a friend and both of you earn bonus points.,134,,,,24,CUSTOM
1468,2026-05-08 13:43:51.000,2026-05-08 19:43:51.000,New products just arrived. Be the first to check them out.,134,,,,24,AUTOMATED
1469,2026-05-07 08:43:51.000,2026-05-08 19:43:51.000,You have a reward waiting for you. Claim it now!,134,,,470,168,CUSTOM
1470,2026-05-08 15:43:51.000,2026-05-08 19:43:51.000,Bring a friend and both of you earn bonus points.,134,400,,,48,CUSTOM
1471,2026-05-08 16:43:51.000,2026-05-08 19:43:51.000,You have a reward waiting for you. Claim it now!,134,,,,72,CUSTOM
1472,2026-05-07 05:43:51.000,2026-05-08 19:43:51.000,You are 50 points away from your next reward!,134,,,,24,CUSTOM
1473,2026-05-08 15:43:51.000,2026-05-08 19:43:51.000,You are 50 points away from your next reward!,134,,,469,48,CUSTOM
1474,2026-05-08 04:43:51.000,2026-05-08 19:43:51.000,Happy birthday! Enjoy your special gift from us.,134,,,,168,AUTOMATED
1475,2026-05-08 17:43:51.000,2026-05-08 19:43:51.000,We miss you! Come back and earn double points this week.,134,402,,,24,AUTOMATED
1476,2026-05-08 15:43:51.000,2026-05-08 19:43:51.000,We miss you! Come back and earn double points this week.,135,,,472,168,AUTOMATED
1477,2026-05-08 06:43:51.000,2026-05-08 19:43:51.000,Bring a friend and both of you earn bonus points.,135,405,,473,48,AUTOMATED
1478,2026-05-07 18:43:51.000,2026-05-08 19:43:51.000,Bring a friend and both of you earn bonus points.,135,,,,168,AUTOMATED
1479,2026-05-07 21:43:51.000,2026-05-08 19:43:51.000,Flash sale today only. Use your points for extra savings.,135,405,,,168,CUSTOM
1480,2026-05-07 12:43:51.000,2026-05-08 19:43:51.000,Flash sale today only. Use your points for extra savings.,135,404,,,168,CUSTOM
1481,2026-05-07 06:43:51.000,2026-05-08 19:43:51.000,Your loyalty card has a new benefit. Tap to discover.,135,405,,,24,AUTOMATED
1482,2026-05-06 22:43:51.000,2026-05-08 19:43:51.000,Flash sale today only. Use your points for extra savings.,135,,,473,48,AUTOMATED
1483,2026-05-08 09:43:51.000,2026-05-08 19:43:51.000,You have a reward waiting for you. Claim it now!,135,,,473,72,AUTOMATED
1484,2026-05-06 21:43:51.000,2026-05-08 19:43:51.000,Bring a friend and both of you earn bonus points.,135,,,,72,CUSTOM
1485,2026-05-08 02:43:51.000,2026-05-08 19:43:51.000,New products just arrived. Be the first to check them out.,135,403,,474,24,CUSTOM
1486,2026-05-06 21:43:51.000,2026-05-08 19:43:51.000,Happy birthday! Enjoy your special gift from us.,135,,,,168,AUTOMATED
1487,2026-05-07 13:43:51.000,2026-05-08 19:43:51.000,We miss you! Come back and earn double points this week.,135,,,,24,CUSTOM
1488,2026-05-06 22:43:51.000,2026-05-08 19:43:51.000,Your loyalty card has a new benefit. Tap to discover.,135,,,,168,AUTOMATED
1489,2026-05-07 07:43:51.000,2026-05-08 19:43:51.000,Bring a friend and both of you earn bonus points.,135,403,,,48,AUTOMATED
1490,2026-05-08 13:43:51.000,2026-05-08 19:43:51.000,Bring a friend and both of you earn bonus points.,135,,,,72,CUSTOM
1491,2026-05-08 05:43:51.000,2026-05-08 19:43:51.000,Flash sale today only. Use your points for extra savings.,136,,,,24,AUTOMATED
1492,2026-05-08 11:43:51.000,2026-05-08 19:43:51.000,Bring a friend and both of you earn bonus points.,136,408,,477,168,CUSTOM
1493,2026-05-07 21:43:51.000,2026-05-08 19:43:51.000,Your loyalty card has a new benefit. Tap to discover.,136,,,,72,CUSTOM
1494,2026-05-07 13:43:51.000,2026-05-08 19:43:51.000,New products just arrived. Be the first to check them out.,136,,,,72,CUSTOM
1495,2026-05-07 14:43:51.000,2026-05-08 19:43:51.000,Bring a friend and both of you earn bonus points.,136,,,,24,CUSTOM
1496,2026-05-08 04:43:51.000,2026-05-08 19:43:51.000,We miss you! Come back and earn double points this week.,136,,,476,168,CUSTOM
1497,2026-05-07 21:43:51.000,2026-05-08 19:43:51.000,Bring a friend and both of you earn bonus points.,136,,,479,168,AUTOMATED
1498,2026-05-07 05:43:51.000,2026-05-08 19:43:51.000,New products just arrived. Be the first to check them out.,136,,,476,48,AUTOMATED
1499,2026-05-07 18:43:51.000,2026-05-08 19:43:51.000,New products just arrived. Be the first to check them out.,136,,,,72,CUSTOM
1500,2026-05-07 17:43:51.000,2026-05-08 19:43:51.000,Happy birthday! Enjoy your special gift from us.,136,406,,,72,CUSTOM
1501,2026-05-08 05:43:51.000,2026-05-08 19:43:51.000,New products just arrived. Be the first to check them out.,136,,,,168,CUSTOM
1502,2026-05-08 04:43:51.000,2026-05-08 19:43:51.000,You are 50 points away from your next reward!,136,,,,24,CUSTOM
1503,2026-05-08 14:43:51.000,2026-05-08 19:43:51.000,You have a reward waiting for you. Claim it now!,136,406,,478,168,AUTOMATED
1504,2026-05-06 20:43:51.000,2026-05-08 19:43:51.000,You are 50 points away from your next reward!,136,408,,,48,AUTOMATED
1505,2026-05-07 08:43:51.000,2026-05-08 19:43:51.000,You are 50 points away from your next reward!,136,408,,,24,AUTOMATED
1506,2026-05-07 19:43:51.000,2026-05-08 19:43:51.000,Bring a friend and both of you earn bonus points.,136,,,,48,AUTOMATED
1507,2026-05-07 20:43:51.000,2026-05-08 19:43:51.000,You have a reward waiting for you. Claim it now!,136,408,,,48,CUSTOM
1508,2026-05-07 10:43:51.000,2026-05-08 19:43:51.000,You are 50 points away from your next reward!,136,,,477,168,CUSTOM
1509,2026-05-07 13:43:51.000,2026-05-08 19:43:51.000,Happy birthday! Enjoy your special gift from us.,136,407,,,72,CUSTOM
1510,2026-05-08 15:43:51.000,2026-05-08 19:43:51.000,You have a reward waiting for you. Claim it now!,136,,,479,168,CUSTOM
1511,2026-05-08 12:43:51.000,2026-05-08 19:43:51.000,Happy birthday! Enjoy your special gift from us.,136,408,,,24,AUTOMATED
1512,2026-05-08 05:43:51.000,2026-05-08 19:43:51.000,You have a reward waiting for you. Claim it now!,136,,,,72,AUTOMATED
1513,2026-05-07 23:43:51.000,2026-05-08 19:43:51.000,You have a reward waiting for you. Claim it now!,136,408,,,72,AUTOMATED
1514,2026-05-07 08:43:51.000,2026-05-08 19:43:51.000,We miss you! Come back and earn double points this week.,137,,,480,72,CUSTOM
1515,2026-05-07 19:43:51.000,2026-05-08 19:43:51.000,Happy birthday! Enjoy your special gift from us.,137,,,,24,CUSTOM
1516,2026-05-07 17:43:51.000,2026-05-08 19:43:51.000,New products just arrived. Be the first to check them out.,137,,,,48,CUSTOM
1517,2026-05-07 11:43:51.000,2026-05-08 19:43:51.000,You have a reward waiting for you. Claim it now!,137,410,,480,48,CUSTOM
1518,2026-05-07 19:43:51.000,2026-05-08 19:43:51.000,Your loyalty card has a new benefit. Tap to discover.,138,412,,,168,AUTOMATED
1519,2026-05-08 11:43:51.000,2026-05-08 19:43:51.000,New products just arrived. Be the first to check them out.,138,412,,,48,AUTOMATED
1520,2026-05-07 06:43:51.000,2026-05-08 19:43:51.000,You have a reward waiting for you. Claim it now!,138,413,,482,72,CUSTOM
1521,2026-05-07 00:43:51.000,2026-05-08 19:43:51.000,Happy birthday! Enjoy your special gift from us.,138,414,,484,24,CUSTOM
1522,2026-05-07 11:43:51.000,2026-05-08 19:43:51.000,Your loyalty card has a new benefit. Tap to discover.,138,,,,48,AUTOMATED
1523,2026-05-08 00:43:51.000,2026-05-08 19:43:51.000,You have a reward waiting for you. Claim it now!,138,,,,48,AUTOMATED
1524,2026-05-08 11:43:51.000,2026-05-08 19:43:51.000,You have a reward waiting for you. Claim it now!,138,412,,,72,CUSTOM
1525,2026-05-06 22:43:51.000,2026-05-08 19:43:51.000,New products just arrived. Be the first to check them out.,139,,,,168,CUSTOM
1526,2026-05-08 04:43:51.000,2026-05-08 19:43:51.000,Flash sale today only. Use your points for extra savings.,139,,,,72,CUSTOM
1527,2026-05-07 15:43:51.000,2026-05-08 19:43:51.000,We miss you! Come back and earn double points this week.,139,,,,24,CUSTOM
1528,2026-05-07 21:43:51.000,2026-05-08 19:43:51.000,Bring a friend and both of you earn bonus points.,139,416,,,48,AUTOMATED
1529,2026-05-08 17:43:51.000,2026-05-08 19:43:51.000,New products just arrived. Be the first to check them out.,139,,,,168,CUSTOM
1530,2026-05-08 08:43:51.000,2026-05-08 19:43:51.000,Your loyalty card has a new benefit. Tap to discover.,139,,,,48,CUSTOM
1531,2026-05-07 05:43:51.000,2026-05-08 19:43:51.000,Your loyalty card has a new benefit. Tap to discover.,140,,,,24,CUSTOM
1532,2026-05-07 01:43:51.000,2026-05-08 19:43:51.000,New products just arrived. Be the first to check them out.,140,,,491,24,AUTOMATED
1533,2026-05-08 18:43:51.000,2026-05-08 19:43:51.000,Happy birthday! Enjoy your special gift from us.,140,,,,168,CUSTOM
1534,2026-05-08 13:43:51.000,2026-05-08 19:43:51.000,Your loyalty card has a new benefit. Tap to discover.,140,420,,,24,CUSTOM
1535,2026-05-07 19:43:51.000,2026-05-08 19:43:51.000,Your loyalty card has a new benefit. Tap to discover.,141,,,,72,AUTOMATED
1536,2026-05-06 21:43:51.000,2026-05-08 19:43:51.000,New products just arrived. Be the first to check them out.,141,421,,493,168,AUTOMATED
1537,2026-05-07 15:43:51.000,2026-05-08 19:43:51.000,We miss you! Come back and earn double points this week.,141,,,,24,AUTOMATED
1538,2026-05-08 13:43:51.000,2026-05-08 19:43:51.000,New products just arrived. Be the first to check them out.,141,422,,,168,AUTOMATED
1539,2026-05-08 03:43:51.000,2026-05-08 19:43:51.000,Flash sale today only. Use your points for extra savings.,141,421,,494,24,CUSTOM
1540,2026-05-07 03:43:51.000,2026-05-08 19:43:51.000,New products just arrived. Be the first to check them out.,141,,,,72,AUTOMATED
1541,2026-05-08 04:43:51.000,2026-05-08 19:43:51.000,You have a reward waiting for you. Claim it now!,142,,,,168,AUTOMATED
1542,2026-05-07 23:43:51.000,2026-05-08 19:43:51.000,You have a reward waiting for you. Claim it now!,142,,,,24,AUTOMATED
1543,2026-05-08 10:43:51.000,2026-05-08 19:43:51.000,You are 50 points away from your next reward!,142,,,500,24,AUTOMATED
1544,2026-05-08 04:43:51.000,2026-05-08 19:43:51.000,Flash sale today only. Use your points for extra savings.,142,,,,168,CUSTOM
1545,2026-05-07 20:43:51.000,2026-05-08 19:43:51.000,Your loyalty card has a new benefit. Tap to discover.,142,,,,72,CUSTOM
1546,2026-05-08 15:43:51.000,2026-05-08 19:43:51.000,Happy birthday! Enjoy your special gift from us.,142,426,,,24,AUTOMATED
1547,2026-05-08 11:43:51.000,2026-05-08 19:43:51.000,We miss you! Come back and earn double points this week.,142,424,,500,72,CUSTOM
1548,2026-05-07 21:43:51.000,2026-05-08 19:43:51.000,New products just arrived. Be the first to check them out.,142,,,498,168,AUTOMATED
1549,2026-05-08 02:43:51.000,2026-05-08 19:43:51.000,Your loyalty card has a new benefit. Tap to discover.,142,425,,499,24,CUSTOM
1550,2026-05-07 20:43:51.000,2026-05-08 19:43:51.000,Flash sale today only. Use your points for extra savings.,142,424,,499,72,AUTOMATED
1551,2026-05-07 13:43:51.000,2026-05-08 19:43:51.000,New products just arrived. Be the first to check them out.,143,428,,503,72,CUSTOM
1552,2026-05-08 12:43:51.000,2026-05-08 19:43:51.000,New products just arrived. Be the first to check them out.,143,,,,24,CUSTOM
1553,2026-05-08 03:43:51.000,2026-05-08 19:43:51.000,You have a reward waiting for you. Claim it now!,143,,,503,168,CUSTOM
1554,2026-05-08 06:43:51.000,2026-05-08 19:43:51.000,We miss you! Come back and earn double points this week.,143,,,503,48,AUTOMATED
1555,2026-05-07 16:43:51.000,2026-05-08 19:43:51.000,We miss you! Come back and earn double points this week.,143,427,,501,72,CUSTOM
1556,2026-05-08 04:43:51.000,2026-05-08 19:43:51.000,New products just arrived. Be the first to check them out.,143,,,502,72,CUSTOM
1557,2026-05-08 10:43:51.000,2026-05-08 19:43:51.000,Your loyalty card has a new benefit. Tap to discover.,143,,,,168,AUTOMATED
1558,2026-05-07 15:43:51.000,2026-05-08 19:43:51.000,Happy birthday! Enjoy your special gift from us.,143,427,,,168,AUTOMATED
1559,2026-05-07 22:43:51.000,2026-05-08 19:43:51.000,Flash sale today only. Use your points for extra savings.,143,,,503,24,CUSTOM
1560,2026-05-07 11:43:51.000,2026-05-08 19:43:51.000,You are 50 points away from your next reward!,143,,,503,24,CUSTOM
1561,2026-05-07 14:43:51.000,2026-05-08 19:43:51.000,You are 50 points away from your next reward!,143,429,,505,168,AUTOMATED
1562,2026-05-07 13:43:51.000,2026-05-08 19:43:51.000,Flash sale today only. Use your points for extra savings.,143,428,,,168,CUSTOM
1563,2026-05-08 02:43:51.000,2026-05-08 19:43:51.000,You are 50 points away from your next reward!,143,427,,503,24,CUSTOM
1564,2026-05-07 12:43:51.000,2026-05-08 19:43:51.000,Flash sale today only. Use your points for extra savings.,143,427,,502,168,AUTOMATED
1565,2026-05-08 10:43:51.000,2026-05-08 19:43:51.000,Happy birthday! Enjoy your special gift from us.,143,,,502,72,AUTOMATED
1566,2026-05-08 02:43:51.000,2026-05-08 19:43:51.000,Your loyalty card has a new benefit. Tap to discover.,143,428,,,24,AUTOMATED
1567,2026-05-07 16:43:51.000,2026-05-08 19:43:51.000,You are 50 points away from your next reward!,143,427,,,168,CUSTOM
1568,2026-05-07 15:43:51.000,2026-05-08 19:43:51.000,Happy birthday! Enjoy your special gift from us.,143,428,,,72,AUTOMATED
1569,2026-05-07 09:43:51.000,2026-05-08 19:43:51.000,You have a reward waiting for you. Claim it now!,143,429,,501,48,CUSTOM
1570,2026-05-07 14:43:51.000,2026-05-08 19:43:51.000,Happy birthday! Enjoy your special gift from us.,143,,,503,72,AUTOMATED
1571,2026-05-06 22:43:51.000,2026-05-08 19:43:51.000,New products just arrived. Be the first to check them out.,143,429,,,24,AUTOMATED
1572,2026-05-08 01:43:51.000,2026-05-08 19:43:51.000,Happy birthday! Enjoy your special gift from us.,143,,,,168,CUSTOM
1573,2026-05-07 22:43:51.000,2026-05-08 19:43:51.000,You are 50 points away from your next reward!,143,429,,,24,CUSTOM
1574,2026-05-08 00:43:51.000,2026-05-08 19:43:51.000,Happy birthday! Enjoy your special gift from us.,143,,,,48,CUSTOM
1575,2026-05-06 21:43:51.000,2026-05-08 19:43:51.000,Bring a friend and both of you earn bonus points.,143,,,505,48,AUTOMATED
1576,2026-05-08 04:43:51.000,2026-05-08 19:43:51.000,Flash sale today only. Use your points for extra savings.,143,427,,,24,AUTOMATED
1577,2026-05-07 01:43:51.000,2026-05-08 19:43:51.000,You are 50 points away from your next reward!,143,,,503,48,CUSTOM
1578,2026-05-07 15:43:51.000,2026-05-08 19:43:51.000,New products just arrived. Be the first to check them out.,143,,,501,48,AUTOMATED
1579,2026-05-07 08:43:51.000,2026-05-08 19:43:51.000,New products just arrived. Be the first to check them out.,143,428,,501,168,CUSTOM
1580,2026-05-06 21:43:51.000,2026-05-08 19:43:51.000,You have a reward waiting for you. Claim it now!,144,,,,168,AUTOMATED
1581,2026-05-07 14:43:51.000,2026-05-08 19:43:51.000,We miss you! Come back and earn double points this week.,144,,,,48,AUTOMATED
1582,2026-05-07 02:43:51.000,2026-05-08 19:43:51.000,Happy birthday! Enjoy your special gift from us.,144,430,,,72,AUTOMATED
1583,2026-05-08 15:43:51.000,2026-05-08 19:43:51.000,You have a reward waiting for you. Claim it now!,144,430,,,168,CUSTOM
1584,2026-05-08 04:43:51.000,2026-05-08 19:43:51.000,Your loyalty card has a new benefit. Tap to discover.,144,,,510,24,AUTOMATED
1585,2026-05-08 05:43:51.000,2026-05-08 19:43:51.000,Flash sale today only. Use your points for extra savings.,144,430,,,24,AUTOMATED
1586,2026-05-07 00:43:51.000,2026-05-08 19:43:51.000,New products just arrived. Be the first to check them out.,144,,,,72,CUSTOM
1587,2026-05-08 16:43:51.000,2026-05-08 19:43:51.000,Happy birthday! Enjoy your special gift from us.,144,432,,,168,AUTOMATED
1588,2026-05-08 10:43:51.000,2026-05-08 19:43:51.000,New products just arrived. Be the first to check them out.,144,,,,48,AUTOMATED
1589,2026-05-08 01:43:51.000,2026-05-08 19:43:51.000,You have a reward waiting for you. Claim it now!,144,432,,508,72,AUTOMATED
1590,2026-05-06 20:43:51.000,2026-05-08 19:43:51.000,New products just arrived. Be the first to check them out.,144,,,,24,AUTOMATED
1591,2026-05-07 13:43:51.000,2026-05-08 19:43:51.000,You are 50 points away from your next reward!,144,,,,168,CUSTOM
1592,2026-05-07 11:43:51.000,2026-05-08 19:43:51.000,Bring a friend and both of you earn bonus points.,144,430,,,168,AUTOMATED
1593,2026-05-07 01:43:51.000,2026-05-08 19:43:51.000,New products just arrived. Be the first to check them out.,144,,,509,168,CUSTOM
1594,2026-05-08 01:43:51.000,2026-05-08 19:43:51.000,You are 50 points away from your next reward!,144,,,,168,CUSTOM
1595,2026-05-07 04:43:51.000,2026-05-08 19:43:51.000,You have a reward waiting for you. Claim it now!,144,430,,,48,CUSTOM
1596,2026-05-07 02:43:51.000,2026-05-08 19:43:51.000,Flash sale today only. Use your points for extra savings.,144,430,,,72,AUTOMATED
1597,2026-05-08 18:43:51.000,2026-05-08 19:43:51.000,You have a reward waiting for you. Claim it now!,144,,,506,72,AUTOMATED
1598,2026-05-06 23:43:51.000,2026-05-08 19:43:51.000,We miss you! Come back and earn double points this week.,145,,,,48,AUTOMATED
1599,2026-05-08 08:43:51.000,2026-05-08 19:43:51.000,You are 50 points away from your next reward!,145,435,,,24,AUTOMATED
1600,2026-05-08 14:43:51.000,2026-05-08 19:43:51.000,Your loyalty card has a new benefit. Tap to discover.,145,433,,,48,AUTOMATED
1601,2026-05-06 20:43:51.000,2026-05-08 19:43:51.000,We miss you! Come back and earn double points this week.,146,,,,168,AUTOMATED
1602,2026-05-08 08:43:51.000,2026-05-08 19:43:51.000,You are 50 points away from your next reward!,146,436,,515,48,AUTOMATED
1603,2026-05-07 00:43:51.000,2026-05-08 19:43:51.000,You have a reward waiting for you. Claim it now!,146,,,,72,CUSTOM
1604,2026-05-07 01:43:51.000,2026-05-08 19:43:51.000,New products just arrived. Be the first to check them out.,146,437,,,72,CUSTOM
1605,2026-05-07 14:43:51.000,2026-05-08 19:43:51.000,New products just arrived. Be the first to check them out.,146,,,518,72,AUTOMATED
1606,2026-05-08 18:43:51.000,2026-05-08 19:43:51.000,New products just arrived. Be the first to check them out.,146,,,518,48,CUSTOM
1607,2026-05-07 00:43:51.000,2026-05-08 19:43:51.000,Flash sale today only. Use your points for extra savings.,146,,,517,48,AUTOMATED
1608,2026-05-08 11:43:51.000,2026-05-08 19:43:51.000,You are 50 points away from your next reward!,146,,,,24,AUTOMATED
1609,2026-05-08 01:43:51.000,2026-05-08 19:43:51.000,We miss you! Come back and earn double points this week.,146,,,518,24,CUSTOM
1610,2026-05-07 01:43:51.000,2026-05-08 19:43:51.000,You are 50 points away from your next reward!,146,,,,48,CUSTOM
1611,2026-05-08 10:43:51.000,2026-05-08 19:43:51.000,Happy birthday! Enjoy your special gift from us.,146,,,518,72,AUTOMATED
1612,2026-05-08 16:43:51.000,2026-05-08 19:43:51.000,Flash sale today only. Use your points for extra savings.,146,,,,72,CUSTOM
1613,2026-05-06 21:43:51.000,2026-05-08 19:43:51.000,Happy birthday! Enjoy your special gift from us.,146,437,,,48,AUTOMATED
1614,2026-05-08 03:43:51.000,2026-05-08 19:43:51.000,You are 50 points away from your next reward!,147,,,,168,CUSTOM
1615,2026-05-08 01:43:51.000,2026-05-08 19:43:51.000,Your loyalty card has a new benefit. Tap to discover.,147,441,,,24,AUTOMATED
1616,2026-05-07 23:43:51.000,2026-05-08 19:43:51.000,You have a reward waiting for you. Claim it now!,147,,,,168,CUSTOM
1617,2026-05-07 17:43:51.000,2026-05-08 19:43:51.000,Your loyalty card has a new benefit. Tap to discover.,147,,,520,48,AUTOMATED
1618,2026-05-07 03:43:51.000,2026-05-08 19:43:51.000,New products just arrived. Be the first to check them out.,147,440,,520,168,AUTOMATED
1619,2026-05-07 13:43:51.000,2026-05-08 19:43:51.000,New products just arrived. Be the first to check them out.,147,,,,48,CUSTOM
1620,2026-05-08 08:43:51.000,2026-05-08 19:43:51.000,Happy birthday! Enjoy your special gift from us.,147,,,519,48,CUSTOM
1621,2026-05-07 16:43:51.000,2026-05-08 19:43:51.000,You are 50 points away from your next reward!,148,444,,,48,AUTOMATED
1622,2026-05-07 01:43:51.000,2026-05-08 19:43:51.000,Flash sale today only. Use your points for extra savings.,148,,,525,48,CUSTOM
1623,2026-05-06 20:43:51.000,2026-05-08 19:43:51.000,You are 50 points away from your next reward!,148,442,,,48,CUSTOM
1624,2026-05-08 01:43:51.000,2026-05-08 19:43:51.000,Happy birthday! Enjoy your special gift from us.,148,444,,524,168,CUSTOM
1625,2026-05-08 15:43:51.000,2026-05-08 19:43:51.000,New products just arrived. Be the first to check them out.,148,,,524,72,AUTOMATED
1626,2026-05-07 22:43:51.000,2026-05-08 19:43:51.000,You have a reward waiting for you. Claim it now!,148,,,,168,CUSTOM
1627,2026-05-08 17:43:51.000,2026-05-08 19:43:51.000,New products just arrived. Be the first to check them out.,148,442,,,24,CUSTOM
1628,2026-05-07 17:43:51.000,2026-05-08 19:43:51.000,You are 50 points away from your next reward!,148,443,,522,24,AUTOMATED
1629,2026-05-08 01:43:51.000,2026-05-08 19:43:51.000,You are 50 points away from your next reward!,148,,,,24,AUTOMATED
1630,2026-05-08 01:43:51.000,2026-05-08 19:43:51.000,Bring a friend and both of you earn bonus points.,148,,,525,48,CUSTOM
1631,2026-05-07 12:43:51.000,2026-05-08 19:43:51.000,We miss you! Come back and earn double points this week.,148,,,,168,CUSTOM
1632,2026-05-07 09:43:51.000,2026-05-08 19:43:51.000,Flash sale today only. Use your points for extra savings.,148,,,524,48,CUSTOM
1633,2026-05-07 13:43:51.000,2026-05-08 19:43:51.000,You are 50 points away from your next reward!,148,,,,48,AUTOMATED
1634,2026-05-07 18:43:51.000,2026-05-08 19:43:51.000,You are 50 points away from your next reward!,148,442,,,48,AUTOMATED
1635,2026-05-07 01:43:51.000,2026-05-08 19:43:51.000,We miss you! Come back and earn double points this week.,148,,,523,48,AUTOMATED
1636,2026-05-07 14:43:51.000,2026-05-08 19:43:51.000,New products just arrived. Be the first to check them out.,148,443,,,72,AUTOMATED
1637,2026-05-07 13:43:51.000,2026-05-08 19:43:51.000,Your loyalty card has a new benefit. Tap to discover.,148,,,,168,AUTOMATED
1638,2026-05-08 04:43:51.000,2026-05-08 19:43:51.000,You are 50 points away from your next reward!,148,,,,24,CUSTOM
1639,2026-05-07 01:43:51.000,2026-05-08 19:43:51.000,New products just arrived. Be the first to check them out.,148,444,,521,168,CUSTOM
1640,2026-05-08 08:43:51.000,2026-05-08 19:43:51.000,Your loyalty card has a new benefit. Tap to discover.,148,,,523,168,CUSTOM
1641,2026-05-08 05:43:51.000,2026-05-08 19:43:51.000,New products just arrived. Be the first to check them out.,148,442,,,24,AUTOMATED
1642,2026-05-07 22:43:51.000,2026-05-08 19:43:51.000,Happy birthday! Enjoy your special gift from us.,148,442,,,24,AUTOMATED
1643,2026-05-07 20:43:51.000,2026-05-08 19:43:51.000,You have a reward waiting for you. Claim it now!,148,,,521,72,CUSTOM
1644,2026-05-07 10:43:51.000,2026-05-08 19:43:51.000,You have a reward waiting for you. Claim it now!,148,,,,72,CUSTOM
1645,2026-05-07 02:43:51.000,2026-05-08 19:43:51.000,New products just arrived. Be the first to check them out.,148,444,,,72,AUTOMATED
1646,2026-05-08 09:43:51.000,2026-05-08 19:43:51.000,Your loyalty card has a new benefit. Tap to discover.,148,443,,,24,AUTOMATED
1647,2026-05-08 11:43:51.000,2026-05-08 19:43:51.000,Happy birthday! Enjoy your special gift from us.,148,,,,24,AUTOMATED
1648,2026-05-07 23:43:51.000,2026-05-08 19:43:51.000,Your loyalty card has a new benefit. Tap to discover.,148,,,521,24,AUTOMATED
1649,2026-05-07 04:43:51.000,2026-05-08 19:43:51.000,Happy birthday! Enjoy your special gift from us.,148,442,,,24,CUSTOM
1650,2026-05-07 10:43:51.000,2026-05-08 19:43:51.000,Flash sale today only. Use your points for extra savings.,149,,,528,48,AUTOMATED
1651,2026-05-08 01:43:51.000,2026-05-08 19:43:51.000,Your loyalty card has a new benefit. Tap to discover.,149,446,,527,48,AUTOMATED
1652,2026-05-08 16:43:51.000,2026-05-08 19:43:51.000,Your loyalty card has a new benefit. Tap to discover.,149,445,,,24,CUSTOM
1653,2026-05-06 20:43:51.000,2026-05-08 19:43:51.000,Happy birthday! Enjoy your special gift from us.,149,,,527,24,CUSTOM
1654,2026-05-07 13:43:51.000,2026-05-08 19:43:51.000,Happy birthday! Enjoy your special gift from us.,149,446,,,48,AUTOMATED
1655,2026-05-07 09:43:51.000,2026-05-08 19:43:51.000,Happy birthday! Enjoy your special gift from us.,149,,,,72,AUTOMATED
1656,2026-05-08 07:43:51.000,2026-05-08 19:43:51.000,Flash sale today only. Use your points for extra savings.,149,,,,72,AUTOMATED
1657,2026-05-06 20:43:51.000,2026-05-08 19:43:51.000,Bring a friend and both of you earn bonus points.,150,450,,,48,AUTOMATED
1658,2026-05-08 10:43:51.000,2026-05-08 19:43:51.000,Flash sale today only. Use your points for extra savings.,150,450,,,168,CUSTOM
1659,2026-05-07 06:43:51.000,2026-05-08 19:43:51.000,Your loyalty card has a new benefit. Tap to discover.,150,448,,529,168,CUSTOM
1660,2026-05-08 07:43:51.000,2026-05-08 19:43:51.000,Happy birthday! Enjoy your special gift from us.,150,,,529,24,AUTOMATED
1661,2026-05-08 00:43:51.000,2026-05-08 19:43:51.000,New products just arrived. Be the first to check them out.,150,450,,,168,AUTOMATED
1662,2026-05-07 23:43:51.000,2026-05-08 19:43:51.000,Your loyalty card has a new benefit. Tap to discover.,150,,,,72,AUTOMATED
1663,2026-05-06 19:43:51.000,2026-05-08 19:43:51.000,Your loyalty card has a new benefit. Tap to discover.,151,,,532,48,CUSTOM
1664,2026-05-08 04:43:51.000,2026-05-08 19:43:51.000,Happy birthday! Enjoy your special gift from us.,151,,,534,24,AUTOMATED
1665,2026-05-08 01:43:51.000,2026-05-08 19:43:51.000,New products just arrived. Be the first to check them out.,151,,,,168,AUTOMATED
1666,2026-05-07 07:43:51.000,2026-05-08 19:43:51.000,New products just arrived. Be the first to check them out.,151,451,,,72,CUSTOM
1667,2026-05-08 13:43:51.000,2026-05-08 19:43:51.000,Bring a friend and both of you earn bonus points.,151,451,,,24,AUTOMATED
1668,2026-05-06 19:43:51.000,2026-05-08 19:43:51.000,You are 50 points away from your next reward!,151,,,534,72,CUSTOM
1669,2026-05-08 15:43:51.000,2026-05-08 19:43:51.000,Happy birthday! Enjoy your special gift from us.,151,,,,168,CUSTOM
1670,2026-05-07 00:43:51.000,2026-05-08 19:43:51.000,Bring a friend and both of you earn bonus points.,151,452,,,72,CUSTOM
1671,2026-05-08 18:43:51.000,2026-05-08 19:43:51.000,Happy birthday! Enjoy your special gift from us.,151,,,,24,CUSTOM
1672,2026-05-08 17:43:51.000,2026-05-08 19:43:51.000,Happy birthday! Enjoy your special gift from us.,151,,,,24,CUSTOM
1673,2026-05-08 14:43:51.000,2026-05-08 19:43:51.000,Your loyalty card has a new benefit. Tap to discover.,151,,,531,72,AUTOMATED
1674,2026-05-07 11:43:51.000,2026-05-08 19:43:51.000,Flash sale today only. Use your points for extra savings.,151,,,,168,CUSTOM
1675,2026-05-08 04:43:51.000,2026-05-08 19:43:51.000,We miss you! Come back and earn double points this week.,151,,,,48,AUTOMATED
1676,2026-05-08 18:43:51.000,2026-05-08 19:43:51.000,We miss you! Come back and earn double points this week.,151,453,,,24,CUSTOM
1677,2026-05-07 15:43:51.000,2026-05-08 19:43:51.000,Flash sale today only. Use your points for extra savings.,151,,,,168,AUTOMATED
1678,2026-05-08 13:43:51.000,2026-05-08 19:43:51.000,You have a reward waiting for you. Claim it now!,151,,,,24,AUTOMATED
1679,2026-05-07 20:43:51.000,2026-05-08 19:43:51.000,Your loyalty card has a new benefit. Tap to discover.,151,453,,531,72,AUTOMATED
1680,2026-05-07 20:43:51.000,2026-05-08 19:43:51.000,Your loyalty card has a new benefit. Tap to discover.,151,451,,532,48,CUSTOM
1681,2026-05-07 19:43:51.000,2026-05-08 19:43:51.000,Flash sale today only. Use your points for extra savings.,151,451,,533,168,AUTOMATED
1682,2026-05-08 05:43:51.000,2026-05-08 19:43:51.000,New products just arrived. Be the first to check them out.,151,,,,24,CUSTOM
1683,2026-05-07 13:43:51.000,2026-05-08 19:43:51.000,Happy birthday! Enjoy your special gift from us.,151,,,534,168,CUSTOM
1684,2026-05-07 04:43:51.000,2026-05-08 19:43:51.000,You are 50 points away from your next reward!,151,453,,533,168,CUSTOM
1685,2026-05-07 10:43:51.000,2026-05-08 19:43:51.000,You have a reward waiting for you. Claim it now!,152,,,,168,AUTOMATED
1686,2026-05-06 19:43:51.000,2026-05-08 19:43:51.000,Your loyalty card has a new benefit. Tap to discover.,152,456,,536,72,AUTOMATED
1687,2026-05-06 23:43:51.000,2026-05-08 19:43:51.000,You are 50 points away from your next reward!,152,455,,,48,CUSTOM
1688,2026-05-06 23:43:51.000,2026-05-08 19:43:51.000,We miss you! Come back and earn double points this week.,152,,,536,168,AUTOMATED
1689,2026-05-08 08:43:51.000,2026-05-08 19:43:51.000,Your loyalty card has a new benefit. Tap to discover.,152,454,,536,72,CUSTOM
1690,2026-05-08 16:43:51.000,2026-05-08 19:43:51.000,Flash sale today only. Use your points for extra savings.,152,455,,,24,AUTOMATED
1691,2026-05-07 13:43:51.000,2026-05-08 19:43:51.000,New products just arrived. Be the first to check them out.,152,,,537,168,AUTOMATED
1692,2026-05-07 04:43:51.000,2026-05-08 19:43:51.000,Your loyalty card has a new benefit. Tap to discover.,152,,,,72,CUSTOM
1693,2026-05-08 09:43:51.000,2026-05-08 19:43:51.000,We miss you! Come back and earn double points this week.,152,454,,536,24,AUTOMATED
1694,2026-05-06 21:43:51.000,2026-05-08 19:43:51.000,Bring a friend and both of you earn bonus points.,152,,,537,72,CUSTOM
1695,2026-05-08 05:43:51.000,2026-05-08 19:43:51.000,Your loyalty card has a new benefit. Tap to discover.,152,454,,,48,AUTOMATED
1696,2026-05-08 09:43:51.000,2026-05-08 19:43:51.000,You have a reward waiting for you. Claim it now!,152,454,,,168,AUTOMATED
1697,2026-05-08 08:43:51.000,2026-05-08 19:43:51.000,Your loyalty card has a new benefit. Tap to discover.,152,,,,72,AUTOMATED
1698,2026-05-07 01:43:51.000,2026-05-08 19:43:51.000,Flash sale today only. Use your points for extra savings.,152,,,,72,AUTOMATED
1699,2026-05-07 15:43:51.000,2026-05-08 19:43:51.000,You are 50 points away from your next reward!,152,,,536,168,AUTOMATED
1700,2026-05-06 19:43:51.000,2026-05-08 19:43:51.000,Flash sale today only. Use your points for extra savings.,152,456,,,168,AUTOMATED
1701,2026-05-08 18:43:51.000,2026-05-08 19:43:51.000,Flash sale today only. Use your points for extra savings.,152,,,,72,CUSTOM
1702,2026-05-06 22:43:51.000,2026-05-08 19:43:51.000,Your loyalty card has a new benefit. Tap to discover.,152,455,,537,72,AUTOMATED
1703,2026-05-06 21:43:51.000,2026-05-08 19:43:51.000,You are 50 points away from your next reward!,152,,,,24,AUTOMATED
1704,2026-05-08 17:43:51.000,2026-05-08 19:43:51.000,Happy birthday! Enjoy your special gift from us.,152,,,,72,AUTOMATED
1705,2026-05-07 23:43:51.000,2026-05-08 19:43:51.000,Flash sale today only. Use your points for extra savings.,153,,,,72,AUTOMATED
1706,2026-05-07 20:43:51.000,2026-05-08 19:43:51.000,Happy birthday! Enjoy your special gift from us.,153,,,,168,AUTOMATED
1707,2026-05-08 11:43:51.000,2026-05-08 19:43:51.000,We miss you! Come back and earn double points this week.,153,458,,539,72,AUTOMATED
1708,2026-05-07 02:43:51.000,2026-05-08 19:43:51.000,Flash sale today only. Use your points for extra savings.,153,459,,,24,AUTOMATED
1709,2026-05-08 08:43:51.000,2026-05-08 19:43:51.000,Happy birthday! Enjoy your special gift from us.,153,,,,24,CUSTOM
1710,2026-05-08 15:43:51.000,2026-05-08 19:43:51.000,You have a reward waiting for you. Claim it now!,153,,,,48,CUSTOM
1711,2026-05-07 08:43:51.000,2026-05-08 19:43:51.000,You are 50 points away from your next reward!,153,,,,48,CUSTOM
1712,2026-05-06 21:43:51.000,2026-05-08 19:43:51.000,We miss you! Come back and earn double points this week.,154,461,,541,72,AUTOMATED
1713,2026-05-07 07:43:51.000,2026-05-08 19:43:51.000,Happy birthday! Enjoy your special gift from us.,154,460,,,168,AUTOMATED
1714,2026-05-07 03:43:51.000,2026-05-08 19:43:51.000,Your loyalty card has a new benefit. Tap to discover.,154,,,543,24,AUTOMATED
1715,2026-05-08 17:43:51.000,2026-05-08 19:43:51.000,Bring a friend and both of you earn bonus points.,154,,,,168,AUTOMATED
1716,2026-05-08 07:43:51.000,2026-05-08 19:43:51.000,New products just arrived. Be the first to check them out.,154,,,541,24,AUTOMATED
1717,2026-05-07 20:43:51.000,2026-05-08 19:43:51.000,You have a reward waiting for you. Claim it now!,154,462,,543,24,CUSTOM
1718,2026-05-07 10:43:51.000,2026-05-08 19:43:51.000,Flash sale today only. Use your points for extra savings.,154,,,,168,CUSTOM
1719,2026-05-07 16:43:51.000,2026-05-08 19:43:51.000,New products just arrived. Be the first to check them out.,155,,,,48,CUSTOM
1720,2026-05-07 13:43:51.000,2026-05-08 19:43:51.000,We miss you! Come back and earn double points this week.,155,465,,,24,AUTOMATED
1721,2026-05-07 15:43:51.000,2026-05-08 19:43:51.000,You are 50 points away from your next reward!,155,463,,547,72,CUSTOM
1722,2026-05-07 02:43:51.000,2026-05-08 19:43:51.000,Flash sale today only. Use your points for extra savings.,155,,,,48,CUSTOM
1723,2026-05-08 06:43:51.000,2026-05-08 19:43:51.000,We miss you! Come back and earn double points this week.,155,,,544,48,AUTOMATED
1724,2026-05-07 12:43:51.000,2026-05-08 19:43:51.000,Happy birthday! Enjoy your special gift from us.,155,,,546,72,AUTOMATED
1725,2026-05-08 08:43:51.000,2026-05-08 19:43:51.000,Bring a friend and both of you earn bonus points.,155,464,,,72,CUSTOM
1726,2026-05-07 01:43:51.000,2026-05-08 19:43:51.000,You are 50 points away from your next reward!,155,,,544,72,AUTOMATED
1727,2026-05-07 04:43:51.000,2026-05-08 19:43:51.000,Bring a friend and both of you earn bonus points.,156,,,549,72,CUSTOM
1728,2026-05-08 10:43:51.000,2026-05-08 19:43:51.000,New products just arrived. Be the first to check them out.,156,,,550,48,CUSTOM
1729,2026-05-07 13:43:51.000,2026-05-08 19:43:51.000,Happy birthday! Enjoy your special gift from us.,156,,,,72,CUSTOM
1730,2026-05-07 11:43:51.000,2026-05-08 19:43:51.000,Bring a friend and both of you earn bonus points.,156,,,549,168,AUTOMATED
1731,2026-05-07 14:43:51.000,2026-05-08 19:43:51.000,Bring a friend and both of you earn bonus points.,156,,,549,168,AUTOMATED
1732,2026-05-07 17:43:51.000,2026-05-08 19:43:51.000,Flash sale today only. Use your points for extra savings.,156,,,,72,CUSTOM
1733,2026-05-07 14:43:51.000,2026-05-08 19:43:51.000,Bring a friend and both of you earn bonus points.,156,,,,48,AUTOMATED
1734,2026-05-08 16:43:51.000,2026-05-08 19:43:51.000,Happy birthday! Enjoy your special gift from us.,156,,,549,24,AUTOMATED
1735,2026-05-06 23:43:51.000,2026-05-08 19:43:51.000,You are 50 points away from your next reward!,156,466,,,48,CUSTOM
1736,2026-05-08 01:43:51.000,2026-05-08 19:43:51.000,We miss you! Come back and earn double points this week.,156,,,,168,CUSTOM
1737,2026-05-07 22:43:51.000,2026-05-08 19:43:51.000,You have a reward waiting for you. Claim it now!,156,467,,550,24,CUSTOM
1738,2026-05-08 03:43:51.000,2026-05-08 19:43:51.000,Happy birthday! Enjoy your special gift from us.,156,467,,549,168,CUSTOM
1739,2026-05-08 03:43:51.000,2026-05-08 19:43:51.000,New products just arrived. Be the first to check them out.,156,466,,,168,CUSTOM
1740,2026-05-08 03:43:51.000,2026-05-08 19:43:51.000,You are 50 points away from your next reward!,157,,,553,24,AUTOMATED
1741,2026-05-07 01:43:51.000,2026-05-08 19:43:51.000,Happy birthday! Enjoy your special gift from us.,157,,,,24,CUSTOM
1742,2026-05-07 04:43:51.000,2026-05-08 19:43:51.000,New products just arrived. Be the first to check them out.,157,,,,72,CUSTOM
1743,2026-05-07 04:43:51.000,2026-05-08 19:43:51.000,Bring a friend and both of you earn bonus points.,157,,,,168,AUTOMATED
1744,2026-05-08 17:43:51.000,2026-05-08 19:43:51.000,New products just arrived. Be the first to check them out.,157,,,553,168,CUSTOM
1745,2026-05-07 21:43:51.000,2026-05-08 19:43:51.000,Flash sale today only. Use your points for extra savings.,157,470,,,168,CUSTOM
1746,2026-05-07 17:43:51.000,2026-05-08 19:43:51.000,You are 50 points away from your next reward!,157,,,553,168,CUSTOM
1747,2026-05-07 07:43:51.000,2026-05-08 19:43:51.000,Bring a friend and both of you earn bonus points.,158,,,,48,CUSTOM
1748,2026-05-07 19:43:51.000,2026-05-08 19:43:51.000,You are 50 points away from your next reward!,158,,,,72,CUSTOM
1749,2026-05-08 17:43:51.000,2026-05-08 19:43:51.000,You have a reward waiting for you. Claim it now!,158,,,,48,CUSTOM
1750,2026-05-07 10:43:51.000,2026-05-08 19:43:51.000,Flash sale today only. Use your points for extra savings.,158,,,,72,AUTOMATED
1751,2026-05-07 00:43:51.000,2026-05-08 19:43:51.000,Flash sale today only. Use your points for extra savings.,158,,,,48,AUTOMATED
1752,2026-05-07 21:43:51.000,2026-05-08 19:43:51.000,New products just arrived. Be the first to check them out.,158,473,,,48,CUSTOM
1753,2026-05-08 18:43:51.000,2026-05-08 19:43:51.000,Flash sale today only. Use your points for extra savings.,158,474,,,72,AUTOMATED
1754,2026-05-08 09:43:51.000,2026-05-08 19:43:51.000,Happy birthday! Enjoy your special gift from us.,158,473,,,48,AUTOMATED
1755,2026-05-08 11:43:51.000,2026-05-08 19:43:51.000,Flash sale today only. Use your points for extra savings.,158,,,,72,CUSTOM
1756,2026-05-07 07:43:51.000,2026-05-08 19:43:51.000,Flash sale today only. Use your points for extra savings.,158,,,,48,CUSTOM
1757,2026-05-06 23:43:51.000,2026-05-08 19:43:51.000,You have a reward waiting for you. Claim it now!,159,477,,,24,AUTOMATED
1758,2026-05-07 11:43:51.000,2026-05-08 19:43:51.000,Your loyalty card has a new benefit. Tap to discover.,159,,,,168,AUTOMATED
1759,2026-05-07 13:43:51.000,2026-05-08 19:43:51.000,You have a reward waiting for you. Claim it now!,159,475,,558,48,CUSTOM
1760,2026-05-08 01:43:51.000,2026-05-08 19:43:51.000,You have a reward waiting for you. Claim it now!,159,,,557,48,AUTOMATED
1761,2026-05-08 08:43:51.000,2026-05-08 19:43:51.000,We miss you! Come back and earn double points this week.,159,,,,24,CUSTOM
1762,2026-05-08 07:43:51.000,2026-05-08 19:43:51.000,We miss you! Come back and earn double points this week.,159,477,,558,72,AUTOMATED
1763,2026-05-08 00:43:51.000,2026-05-08 19:43:51.000,New products just arrived. Be the first to check them out.,159,,,,48,CUSTOM
1764,2026-05-07 19:43:51.000,2026-05-08 19:43:51.000,Your loyalty card has a new benefit. Tap to discover.,160,480,,,72,AUTOMATED
1765,2026-05-06 20:43:51.000,2026-05-08 19:43:51.000,New products just arrived. Be the first to check them out.,160,,,,168,AUTOMATED
1766,2026-05-06 20:43:51.000,2026-05-08 19:43:51.000,We miss you! Come back and earn double points this week.,160,,,,48,CUSTOM
1767,2026-05-06 20:43:51.000,2026-05-08 19:43:51.000,Flash sale today only. Use your points for extra savings.,160,,,,72,CUSTOM
1768,2026-05-08 06:43:51.000,2026-05-08 19:43:51.000,New products just arrived. Be the first to check them out.,160,,,,168,CUSTOM
1769,2026-05-08 12:43:51.000,2026-05-08 19:43:51.000,Your loyalty card has a new benefit. Tap to discover.,160,,,560,168,CUSTOM
1770,2026-05-07 04:43:51.000,2026-05-08 19:43:51.000,You are 50 points away from your next reward!,160,480,,,72,AUTOMATED
1771,2026-05-08 12:43:51.000,2026-05-08 19:43:51.000,Bring a friend and both of you earn bonus points.,160,,,559,72,AUTOMATED
1772,2026-05-07 03:43:51.000,2026-05-08 19:43:51.000,We miss you! Come back and earn double points this week.,160,,,,24,AUTOMATED
1773,2026-05-07 21:43:51.000,2026-05-08 19:43:51.000,New products just arrived. Be the first to check them out.,161,,,,48,AUTOMATED
1774,2026-05-07 18:43:51.000,2026-05-08 19:43:51.000,New products just arrived. Be the first to check them out.,161,481,,,168,AUTOMATED
1775,2026-05-08 04:43:51.000,2026-05-08 19:43:51.000,You are 50 points away from your next reward!,161,,,561,168,CUSTOM
1776,2026-05-07 14:43:51.000,2026-05-08 19:43:51.000,Happy birthday! Enjoy your special gift from us.,161,483,,,24,AUTOMATED
1777,2026-05-07 17:43:51.000,2026-05-08 19:43:51.000,You are 50 points away from your next reward!,161,,,,168,CUSTOM
1778,2026-05-07 12:43:51.000,2026-05-08 19:43:51.000,You are 50 points away from your next reward!,161,,,561,168,CUSTOM
1779,2026-05-07 00:43:51.000,2026-05-08 19:43:51.000,You have a reward waiting for you. Claim it now!,162,,,,48,CUSTOM
1780,2026-05-07 06:43:51.000,2026-05-08 19:43:51.000,You are 50 points away from your next reward!,162,,,,24,CUSTOM
1781,2026-05-07 14:43:51.000,2026-05-08 19:43:51.000,New products just arrived. Be the first to check them out.,162,,,,24,CUSTOM
1782,2026-05-07 21:43:51.000,2026-05-08 19:43:51.000,You are 50 points away from your next reward!,162,,,,168,CUSTOM
1783,2026-05-08 08:43:51.000,2026-05-08 19:43:51.000,You are 50 points away from your next reward!,162,,,,72,AUTOMATED
1784,2026-05-08 00:43:51.000,2026-05-08 19:43:51.000,Flash sale today only. Use your points for extra savings.,162,,,565,168,AUTOMATED
1785,2026-05-08 11:43:51.000,2026-05-08 19:43:51.000,Flash sale today only. Use your points for extra savings.,162,,,,48,CUSTOM
1786,2026-05-08 06:43:51.000,2026-05-08 19:43:51.000,You are 50 points away from your next reward!,162,484,,,72,AUTOMATED
1787,2026-05-07 17:43:51.000,2026-05-08 19:43:51.000,New products just arrived. Be the first to check them out.,162,485,,,48,CUSTOM
1788,2026-05-06 21:43:51.000,2026-05-08 19:43:51.000,We miss you! Come back and earn double points this week.,162,,,,24,AUTOMATED
1789,2026-05-07 12:43:51.000,2026-05-08 19:43:51.000,You have a reward waiting for you. Claim it now!,162,,,,48,CUSTOM
1790,2026-05-07 05:43:51.000,2026-05-08 19:43:51.000,Flash sale today only. Use your points for extra savings.,162,485,,,24,AUTOMATED
1791,2026-05-07 09:43:51.000,2026-05-08 19:43:51.000,Your loyalty card has a new benefit. Tap to discover.,162,,,,24,CUSTOM
1792,2026-05-06 23:43:51.000,2026-05-08 19:43:51.000,New products just arrived. Be the first to check them out.,162,,,,168,AUTOMATED
1793,2026-05-07 16:43:51.000,2026-05-08 19:43:51.000,Your loyalty card has a new benefit. Tap to discover.,162,,,,48,AUTOMATED
1794,2026-05-08 16:43:51.000,2026-05-08 19:43:51.000,Bring a friend and both of you earn bonus points.,163,488,,,72,AUTOMATED
1795,2026-05-07 22:43:51.000,2026-05-08 19:43:51.000,Bring a friend and both of you earn bonus points.,163,487,,,48,AUTOMATED
1796,2026-05-08 08:43:51.000,2026-05-08 19:43:51.000,Bring a friend and both of you earn bonus points.,163,489,,,168,AUTOMATED
1797,2026-05-08 12:43:51.000,2026-05-08 19:43:51.000,Happy birthday! Enjoy your special gift from us.,163,,,567,168,AUTOMATED
1798,2026-05-07 07:43:51.000,2026-05-08 19:43:51.000,Your loyalty card has a new benefit. Tap to discover.,163,,,567,72,AUTOMATED
1799,2026-05-08 03:43:51.000,2026-05-08 19:43:51.000,New products just arrived. Be the first to check them out.,163,,,566,48,AUTOMATED
1800,2026-05-08 12:43:51.000,2026-05-08 19:43:51.000,Your loyalty card has a new benefit. Tap to discover.,163,488,,,168,AUTOMATED
1801,2026-05-06 22:43:51.000,2026-05-08 19:43:51.000,We miss you! Come back and earn double points this week.,163,488,,,168,CUSTOM
1802,2026-05-07 16:43:51.000,2026-05-08 19:43:51.000,Happy birthday! Enjoy your special gift from us.,163,,,,48,CUSTOM
1803,2026-05-08 10:43:51.000,2026-05-08 19:43:51.000,Bring a friend and both of you earn bonus points.,163,,,,72,AUTOMATED
1804,2026-05-08 15:43:51.000,2026-05-08 19:43:51.000,We miss you! Come back and earn double points this week.,163,,,566,168,CUSTOM
1805,2026-05-07 02:43:51.000,2026-05-08 19:43:51.000,Your loyalty card has a new benefit. Tap to discover.,163,,,,24,CUSTOM
1806,2026-05-08 04:43:51.000,2026-05-08 19:43:51.000,You are 50 points away from your next reward!,163,,,566,48,CUSTOM
1807,2026-05-07 12:43:51.000,2026-05-08 19:43:51.000,Happy birthday! Enjoy your special gift from us.,163,,,567,72,AUTOMATED
1808,2026-05-08 05:43:51.000,2026-05-08 19:43:51.000,Your loyalty card has a new benefit. Tap to discover.,163,,,,48,AUTOMATED
1809,2026-05-08 02:43:51.000,2026-05-08 19:43:51.000,Bring a friend and both of you earn bonus points.,163,489,,566,48,AUTOMATED
1810,2026-05-07 04:43:51.000,2026-05-08 19:43:51.000,You are 50 points away from your next reward!,163,,,,168,CUSTOM
1811,2026-05-08 05:43:51.000,2026-05-08 19:43:51.000,We miss you! Come back and earn double points this week.,163,488,,,24,AUTOMATED
1812,2026-05-07 05:43:51.000,2026-05-08 19:43:51.000,Bring a friend and both of you earn bonus points.,163,,,,168,CUSTOM
1813,2026-05-07 07:43:51.000,2026-05-08 19:43:51.000,You have a reward waiting for you. Claim it now!,163,,,,48,AUTOMATED
1814,2026-05-06 19:43:51.000,2026-05-08 19:43:51.000,You have a reward waiting for you. Claim it now!,163,487,,566,24,AUTOMATED
1815,2026-05-08 03:43:51.000,2026-05-08 19:43:51.000,Your loyalty card has a new benefit. Tap to discover.,163,489,,567,72,CUSTOM
1816,2026-05-08 07:43:51.000,2026-05-08 19:43:51.000,Bring a friend and both of you earn bonus points.,163,,,,168,AUTOMATED
1817,2026-05-07 09:43:51.000,2026-05-08 19:43:51.000,Happy birthday! Enjoy your special gift from us.,163,488,,567,72,CUSTOM
1818,2026-05-07 22:43:51.000,2026-05-08 19:43:51.000,You have a reward waiting for you. Claim it now!,163,,,567,48,CUSTOM
1819,2026-05-07 19:43:51.000,2026-05-08 19:43:51.000,Your loyalty card has a new benefit. Tap to discover.,164,492,,569,48,CUSTOM
1820,2026-05-07 10:43:51.000,2026-05-08 19:43:51.000,Bring a friend and both of you earn bonus points.,164,,,,24,AUTOMATED
1821,2026-05-08 05:43:51.000,2026-05-08 19:43:51.000,You are 50 points away from your next reward!,164,492,,,48,AUTOMATED
1822,2026-05-08 04:43:51.000,2026-05-08 19:43:51.000,Happy birthday! Enjoy your special gift from us.,164,490,,,168,AUTOMATED
1823,2026-05-08 08:43:51.000,2026-05-08 19:43:51.000,Flash sale today only. Use your points for extra savings.,164,492,,569,48,CUSTOM
1824,2026-05-08 03:43:51.000,2026-05-08 19:43:51.000,Flash sale today only. Use your points for extra savings.,164,490,,,72,CUSTOM
1825,2026-05-07 08:43:51.000,2026-05-08 19:43:51.000,Your loyalty card has a new benefit. Tap to discover.,164,492,,569,168,AUTOMATED
1826,2026-05-07 09:43:51.000,2026-05-08 19:43:51.000,You are 50 points away from your next reward!,164,,,569,72,CUSTOM
1827,2026-05-07 22:43:51.000,2026-05-08 19:43:51.000,Bring a friend and both of you earn bonus points.,164,490,,,24,AUTOMATED
1828,2026-05-07 04:43:51.000,2026-05-08 19:43:51.000,Your loyalty card has a new benefit. Tap to discover.,165,494,,573,48,AUTOMATED
1829,2026-05-08 11:43:51.000,2026-05-08 19:43:51.000,Bring a friend and both of you earn bonus points.,165,493,,,24,AUTOMATED
1830,2026-05-07 05:43:51.000,2026-05-08 19:43:51.000,You have a reward waiting for you. Claim it now!,165,495,,572,168,AUTOMATED
1831,2026-05-07 15:43:51.000,2026-05-08 19:43:51.000,Happy birthday! Enjoy your special gift from us.,165,,,,168,CUSTOM
1832,2026-05-08 05:43:51.000,2026-05-08 19:43:51.000,Bring a friend and both of you earn bonus points.,165,,,,24,AUTOMATED
1833,2026-05-08 17:43:51.000,2026-05-08 19:43:51.000,Flash sale today only. Use your points for extra savings.,165,,,,72,AUTOMATED
1834,2026-05-07 13:43:51.000,2026-05-08 19:43:51.000,You have a reward waiting for you. Claim it now!,165,,,,72,CUSTOM
1835,2026-05-07 23:43:51.000,2026-05-08 19:43:51.000,You are 50 points away from your next reward!,165,,,,48,AUTOMATED
1836,2026-05-06 19:43:51.000,2026-05-08 19:43:51.000,You are 50 points away from your next reward!,165,493,,,168,CUSTOM
1837,2026-05-06 21:43:51.000,2026-05-08 19:43:51.000,You are 50 points away from your next reward!,165,,,,72,CUSTOM
1838,2026-05-08 02:43:51.000,2026-05-08 19:43:51.000,New products just arrived. Be the first to check them out.,165,,,575,72,CUSTOM
1839,2026-05-07 07:43:51.000,2026-05-08 19:43:51.000,New products just arrived. Be the first to check them out.,165,,,,72,AUTOMATED
1840,2026-05-07 03:43:51.000,2026-05-08 19:43:51.000,Bring a friend and both of you earn bonus points.,166,,,,168,AUTOMATED
1841,2026-05-07 07:43:51.000,2026-05-08 19:43:51.000,Flash sale today only. Use your points for extra savings.,166,,,577,24,AUTOMATED
1842,2026-05-07 00:43:51.000,2026-05-08 19:43:51.000,Happy birthday! Enjoy your special gift from us.,166,497,,,24,AUTOMATED
1843,2026-05-06 20:43:51.000,2026-05-08 19:43:51.000,Your loyalty card has a new benefit. Tap to discover.,166,,,577,72,AUTOMATED
1844,2026-05-06 21:43:51.000,2026-05-08 19:43:51.000,Happy birthday! Enjoy your special gift from us.,166,,,577,168,AUTOMATED
1845,2026-05-07 13:43:51.000,2026-05-08 19:43:51.000,Your loyalty card has a new benefit. Tap to discover.,166,,,,24,CUSTOM
1846,2026-05-06 23:43:51.000,2026-05-08 19:43:51.000,Bring a friend and both of you earn bonus points.,166,,,577,72,CUSTOM
1847,2026-05-06 22:43:51.000,2026-05-08 19:43:51.000,You are 50 points away from your next reward!,167,499,,,24,AUTOMATED
1848,2026-05-06 20:43:51.000,2026-05-08 19:43:51.000,You are 50 points away from your next reward!,167,501,,,24,AUTOMATED
1849,2026-05-07 08:43:51.000,2026-05-08 19:43:51.000,Your loyalty card has a new benefit. Tap to discover.,167,499,,,72,AUTOMATED
1850,2026-05-07 04:43:51.000,2026-05-08 19:43:51.000,Flash sale today only. Use your points for extra savings.,168,,,,168,CUSTOM
1851,2026-05-08 05:43:51.000,2026-05-08 19:43:51.000,Bring a friend and both of you earn bonus points.,168,,,,48,CUSTOM
1852,2026-05-06 22:43:51.000,2026-05-08 19:43:51.000,New products just arrived. Be the first to check them out.,168,,,583,168,CUSTOM
1853,2026-05-08 00:43:51.000,2026-05-08 19:43:51.000,Flash sale today only. Use your points for extra savings.,168,504,,,72,AUTOMATED
1854,2026-05-07 05:43:51.000,2026-05-08 19:43:51.000,You have a reward waiting for you. Claim it now!,168,,,583,48,CUSTOM
1855,2026-05-07 00:43:51.000,2026-05-08 19:43:51.000,You have a reward waiting for you. Claim it now!,168,503,,,72,AUTOMATED
1856,2026-05-08 18:43:51.000,2026-05-08 19:43:51.000,Flash sale today only. Use your points for extra savings.,168,,,,168,AUTOMATED
1857,2026-05-07 17:43:51.000,2026-05-08 19:43:51.000,We miss you! Come back and earn double points this week.,168,,,,48,CUSTOM
1858,2026-05-08 14:43:51.000,2026-05-08 19:43:51.000,We miss you! Come back and earn double points this week.,169,,,585,168,CUSTOM
1859,2026-05-07 03:43:51.000,2026-05-08 19:43:51.000,Happy birthday! Enjoy your special gift from us.,169,505,,,72,CUSTOM
1860,2026-05-07 12:43:51.000,2026-05-08 19:43:51.000,Flash sale today only. Use your points for extra savings.,169,,,,48,AUTOMATED
1861,2026-05-07 23:43:51.000,2026-05-08 19:43:51.000,Your loyalty card has a new benefit. Tap to discover.,169,,,587,168,CUSTOM
1862,2026-05-06 20:43:51.000,2026-05-08 19:43:51.000,Happy birthday! Enjoy your special gift from us.,169,507,,,72,CUSTOM
1863,2026-05-08 15:43:51.000,2026-05-08 19:43:51.000,Flash sale today only. Use your points for extra savings.,169,,,,48,CUSTOM
1864,2026-05-08 10:43:51.000,2026-05-08 19:43:51.000,Flash sale today only. Use your points for extra savings.,169,505,,,72,AUTOMATED
1865,2026-05-06 20:43:51.000,2026-05-08 19:43:51.000,We miss you! Come back and earn double points this week.,169,506,,585,24,CUSTOM
1866,2026-05-06 20:43:51.000,2026-05-08 19:43:51.000,You have a reward waiting for you. Claim it now!,169,506,,585,168,CUSTOM
1867,2026-05-08 03:43:51.000,2026-05-08 19:43:51.000,We miss you! Come back and earn double points this week.,169,,,584,48,CUSTOM
1868,2026-05-08 14:43:51.000,2026-05-08 19:43:51.000,We miss you! Come back and earn double points this week.,169,,,,24,CUSTOM
1869,2026-05-07 04:43:51.000,2026-05-08 19:43:51.000,Flash sale today only. Use your points for extra savings.,169,507,,585,48,CUSTOM
1870,2026-05-08 17:43:51.000,2026-05-08 19:43:51.000,Flash sale today only. Use your points for extra savings.,169,506,,,24,AUTOMATED
1871,2026-05-08 03:43:51.000,2026-05-08 19:43:51.000,New products just arrived. Be the first to check them out.,169,506,,585,48,CUSTOM
1872,2026-05-08 12:43:51.000,2026-05-08 19:43:51.000,Bring a friend and both of you earn bonus points.,169,,,587,72,AUTOMATED
1873,2026-05-07 03:43:51.000,2026-05-08 19:43:51.000,Flash sale today only. Use your points for extra savings.,169,505,,,24,AUTOMATED
1874,2026-05-07 05:43:51.000,2026-05-08 19:43:51.000,New products just arrived. Be the first to check them out.,169,507,,584,48,CUSTOM
1875,2026-05-08 04:43:51.000,2026-05-08 19:43:51.000,Happy birthday! Enjoy your special gift from us.,169,,,587,24,CUSTOM
1876,2026-05-08 04:43:51.000,2026-05-08 19:43:51.000,You have a reward waiting for you. Claim it now!,169,,,,168,CUSTOM
1877,2026-05-08 00:43:51.000,2026-05-08 19:43:51.000,You are 50 points away from your next reward!,169,,,584,48,AUTOMATED
1878,2026-05-08 07:43:51.000,2026-05-08 19:43:51.000,Bring a friend and both of you earn bonus points.,169,506,,587,72,AUTOMATED
1879,2026-05-08 17:43:51.000,2026-05-08 19:43:51.000,Bring a friend and both of you earn bonus points.,169,507,,,72,CUSTOM
1880,2026-05-08 12:43:51.000,2026-05-08 19:43:51.000,New products just arrived. Be the first to check them out.,169,,,584,168,CUSTOM
1881,2026-05-07 01:43:51.000,2026-05-08 19:43:51.000,We miss you! Come back and earn double points this week.,169,,,586,48,AUTOMATED
1882,2026-05-07 09:43:51.000,2026-05-08 19:43:51.000,Happy birthday! Enjoy your special gift from us.,169,,,587,24,CUSTOM
1883,2026-05-08 11:43:51.000,2026-05-08 19:43:51.000,New products just arrived. Be the first to check them out.,169,506,,584,72,AUTOMATED
1884,2026-05-07 00:43:51.000,2026-05-08 19:43:51.000,Bring a friend and both of you earn bonus points.,169,,,587,48,AUTOMATED
1885,2026-05-08 16:43:51.000,2026-05-08 19:43:51.000,You have a reward waiting for you. Claim it now!,169,505,,584,168,CUSTOM
1886,2026-05-07 12:43:51.000,2026-05-08 19:43:51.000,Bring a friend and both of you earn bonus points.,170,,,,24,CUSTOM
1887,2026-05-07 08:43:51.000,2026-05-08 19:43:51.000,You are 50 points away from your next reward!,170,510,,,168,AUTOMATED
1888,2026-05-08 15:43:51.000,2026-05-08 19:43:51.000,You are 50 points away from your next reward!,170,,,,72,AUTOMATED
1889,2026-05-08 15:43:51.000,2026-05-08 19:43:51.000,We miss you! Come back and earn double points this week.,170,,,589,24,AUTOMATED
1890,2026-05-08 11:43:51.000,2026-05-08 19:43:51.000,You are 50 points away from your next reward!,170,,,589,24,AUTOMATED
1891,2026-05-07 17:43:51.000,2026-05-08 19:43:51.000,We miss you! Come back and earn double points this week.,170,,,,48,AUTOMATED
1892,2026-05-08 09:43:51.000,2026-05-08 19:43:51.000,We miss you! Come back and earn double points this week.,170,509,,,72,AUTOMATED
1893,2026-05-07 17:43:51.000,2026-05-08 19:43:51.000,You are 50 points away from your next reward!,171,,,,48,CUSTOM
1894,2026-05-08 06:43:51.000,2026-05-08 19:43:51.000,Your loyalty card has a new benefit. Tap to discover.,171,,,,168,CUSTOM
1895,2026-05-06 19:43:51.000,2026-05-08 19:43:51.000,You are 50 points away from your next reward!,171,511,,591,48,AUTOMATED
1896,2026-05-08 08:43:51.000,2026-05-08 19:43:51.000,Bring a friend and both of you earn bonus points.,171,513,,,24,AUTOMATED
1897,2026-05-07 22:43:51.000,2026-05-08 19:43:51.000,You have a reward waiting for you. Claim it now!,171,,,,72,CUSTOM
1898,2026-05-07 04:43:51.000,2026-05-08 19:43:51.000,We miss you! Come back and earn double points this week.,171,513,,590,168,AUTOMATED
1899,2026-05-08 06:43:51.000,2026-05-08 19:43:51.000,We miss you! Come back and earn double points this week.,171,,,,72,CUSTOM
1900,2026-05-08 15:43:51.000,2026-05-08 19:43:51.000,You are 50 points away from your next reward!,171,,,,24,AUTOMATED
1901,2026-05-07 05:43:51.000,2026-05-08 19:43:51.000,We miss you! Come back and earn double points this week.,172,,,593,24,CUSTOM
1902,2026-05-07 10:43:51.000,2026-05-08 19:43:51.000,Your loyalty card has a new benefit. Tap to discover.,172,514,,,168,CUSTOM
1903,2026-05-07 00:43:51.000,2026-05-08 19:43:51.000,Happy birthday! Enjoy your special gift from us.,172,,,,48,AUTOMATED
1904,2026-05-07 05:43:51.000,2026-05-08 19:43:51.000,We miss you! Come back and earn double points this week.,173,,,,24,AUTOMATED
1905,2026-05-08 16:43:51.000,2026-05-08 19:43:51.000,Happy birthday! Enjoy your special gift from us.,173,,,,72,AUTOMATED
1906,2026-05-08 12:43:51.000,2026-05-08 19:43:51.000,Flash sale today only. Use your points for extra savings.,173,,,597,72,AUTOMATED
1907,2026-05-07 19:43:51.000,2026-05-08 19:43:51.000,New products just arrived. Be the first to check them out.,173,,,,48,CUSTOM
1908,2026-05-07 09:43:51.000,2026-05-08 19:43:51.000,Bring a friend and both of you earn bonus points.,173,,,,48,CUSTOM
1909,2026-05-07 01:43:51.000,2026-05-08 19:43:51.000,Happy birthday! Enjoy your special gift from us.,173,,,,24,AUTOMATED
1910,2026-05-08 08:43:51.000,2026-05-08 19:43:51.000,You are 50 points away from your next reward!,173,517,,,48,CUSTOM
1911,2026-05-07 08:43:51.000,2026-05-08 19:43:51.000,You have a reward waiting for you. Claim it now!,173,517,,,48,CUSTOM
1912,2026-05-08 09:43:51.000,2026-05-08 19:43:51.000,We miss you! Come back and earn double points this week.,173,,,,48,AUTOMATED
1913,2026-05-07 03:43:51.000,2026-05-08 19:43:51.000,You are 50 points away from your next reward!,173,,,,24,AUTOMATED
1914,2026-05-07 17:43:51.000,2026-05-08 19:43:51.000,You have a reward waiting for you. Claim it now!,173,517,,600,48,AUTOMATED
1915,2026-05-08 04:43:51.000,2026-05-08 19:43:51.000,We miss you! Come back and earn double points this week.,173,517,,,24,AUTOMATED
1916,2026-05-07 23:43:51.000,2026-05-08 19:43:51.000,You are 50 points away from your next reward!,173,,,598,48,AUTOMATED
1917,2026-05-07 16:43:51.000,2026-05-08 19:43:51.000,Flash sale today only. Use your points for extra savings.,173,,,,24,AUTOMATED
1918,2026-05-08 13:43:51.000,2026-05-08 19:43:51.000,We miss you! Come back and earn double points this week.,173,,,597,48,AUTOMATED
1919,2026-05-08 00:43:51.000,2026-05-08 19:43:51.000,Your loyalty card has a new benefit. Tap to discover.,173,,,,48,CUSTOM
1920,2026-05-07 13:43:51.000,2026-05-08 19:43:51.000,Flash sale today only. Use your points for extra savings.,173,,,,168,AUTOMATED
1921,2026-05-07 05:43:51.000,2026-05-08 19:43:51.000,New products just arrived. Be the first to check them out.,174,,,,168,CUSTOM
1922,2026-05-07 11:43:51.000,2026-05-08 19:43:51.000,Flash sale today only. Use your points for extra savings.,174,522,,601,72,CUSTOM
1923,2026-05-07 08:43:51.000,2026-05-08 19:43:51.000,Your loyalty card has a new benefit. Tap to discover.,174,,,,168,AUTOMATED
1924,2026-05-07 02:43:51.000,2026-05-08 19:43:51.000,You are 50 points away from your next reward!,174,,,,24,CUSTOM
1925,2026-05-07 18:43:51.000,2026-05-08 19:43:51.000,Flash sale today only. Use your points for extra savings.,174,,,,48,AUTOMATED
1926,2026-05-07 02:43:51.000,2026-05-08 19:43:51.000,You have a reward waiting for you. Claim it now!,174,522,,602,72,AUTOMATED
1927,2026-05-08 11:43:51.000,2026-05-08 19:43:51.000,Your loyalty card has a new benefit. Tap to discover.,175,525,,,72,AUTOMATED
1928,2026-05-06 19:43:51.000,2026-05-08 19:43:51.000,You are 50 points away from your next reward!,175,524,,,168,AUTOMATED
1929,2026-05-08 00:43:51.000,2026-05-08 19:43:51.000,You are 50 points away from your next reward!,175,523,,,168,AUTOMATED
1930,2026-05-07 03:43:51.000,2026-05-08 19:43:51.000,Happy birthday! Enjoy your special gift from us.,175,,,,72,CUSTOM
1931,2026-05-07 16:43:51.000,2026-05-08 19:43:51.000,Happy birthday! Enjoy your special gift from us.,175,,,,48,CUSTOM
1932,2026-05-08 00:43:51.000,2026-05-08 19:43:51.000,Flash sale today only. Use your points for extra savings.,175,525,,604,168,AUTOMATED
1933,2026-05-06 20:43:51.000,2026-05-08 19:43:51.000,New products just arrived. Be the first to check them out.,176,528,,607,72,AUTOMATED
1934,2026-05-07 00:43:51.000,2026-05-08 19:43:51.000,New products just arrived. Be the first to check them out.,176,527,,,48,CUSTOM
1935,2026-05-08 06:43:51.000,2026-05-08 19:43:51.000,Happy birthday! Enjoy your special gift from us.,176,527,,,24,CUSTOM
1936,2026-05-06 21:43:51.000,2026-05-08 19:43:51.000,Bring a friend and both of you earn bonus points.,176,527,,,72,CUSTOM
1937,2026-05-07 04:43:51.000,2026-05-08 19:43:51.000,New products just arrived. Be the first to check them out.,176,,,,72,CUSTOM
1938,2026-05-07 08:43:51.000,2026-05-08 19:43:51.000,Flash sale today only. Use your points for extra savings.,176,,,,48,CUSTOM
1939,2026-05-07 21:43:51.000,2026-05-08 19:43:51.000,Your loyalty card has a new benefit. Tap to discover.,176,,,,72,AUTOMATED
1940,2026-05-06 22:43:51.000,2026-05-08 19:43:51.000,You are 50 points away from your next reward!,176,,,,24,CUSTOM
1941,2026-05-07 01:43:51.000,2026-05-08 19:43:51.000,Your loyalty card has a new benefit. Tap to discover.,176,,,607,48,AUTOMATED
1942,2026-05-07 07:43:51.000,2026-05-08 19:43:51.000,Bring a friend and both of you earn bonus points.,176,,,606,168,CUSTOM
1943,2026-05-08 03:43:51.000,2026-05-08 19:43:51.000,You are 50 points away from your next reward!,176,526,,,48,AUTOMATED
1944,2026-05-07 13:43:51.000,2026-05-08 19:43:51.000,Happy birthday! Enjoy your special gift from us.,176,,,,24,CUSTOM
1945,2026-05-06 19:43:51.000,2026-05-08 19:43:51.000,Flash sale today only. Use your points for extra savings.,176,,,,48,CUSTOM
1946,2026-05-08 00:43:51.000,2026-05-08 19:43:51.000,Flash sale today only. Use your points for extra savings.,176,,,,48,AUTOMATED
1947,2026-05-06 21:43:51.000,2026-05-08 19:43:51.000,Flash sale today only. Use your points for extra savings.,176,,,,24,AUTOMATED
1948,2026-05-08 03:43:51.000,2026-05-08 19:43:51.000,Flash sale today only. Use your points for extra savings.,176,,,,168,CUSTOM
1949,2026-05-08 17:43:51.000,2026-05-08 19:43:51.000,New products just arrived. Be the first to check them out.,176,,,608,168,AUTOMATED
1950,2026-05-08 06:43:51.000,2026-05-08 19:43:51.000,Bring a friend and both of you earn bonus points.,176,528,,607,24,AUTOMATED
1951,2026-05-06 23:43:51.000,2026-05-08 19:43:51.000,Bring a friend and both of you earn bonus points.,176,,,,24,CUSTOM
1952,2026-05-07 13:43:51.000,2026-05-08 19:43:51.000,Your loyalty card has a new benefit. Tap to discover.,176,,,607,48,AUTOMATED
1953,2026-05-07 15:43:51.000,2026-05-08 19:43:51.000,Happy birthday! Enjoy your special gift from us.,176,,,605,72,CUSTOM
1954,2026-05-08 04:43:51.000,2026-05-08 19:43:51.000,You have a reward waiting for you. Claim it now!,176,,,608,24,AUTOMATED
1955,2026-05-07 07:43:51.000,2026-05-08 19:43:51.000,Flash sale today only. Use your points for extra savings.,176,526,,608,168,CUSTOM
1956,2026-05-07 21:43:51.000,2026-05-08 19:43:51.000,You are 50 points away from your next reward!,176,526,,,48,AUTOMATED
1957,2026-05-07 19:43:51.000,2026-05-08 19:43:51.000,Bring a friend and both of you earn bonus points.,176,,,606,72,CUSTOM
1958,2026-05-07 08:43:51.000,2026-05-08 19:43:51.000,You are 50 points away from your next reward!,176,526,,606,48,CUSTOM
1959,2026-05-07 23:43:51.000,2026-05-08 19:43:51.000,You have a reward waiting for you. Claim it now!,176,,,,168,CUSTOM
1960,2026-05-07 00:43:51.000,2026-05-08 19:43:51.000,New products just arrived. Be the first to check them out.,177,,,609,48,AUTOMATED
1961,2026-05-06 23:43:51.000,2026-05-08 19:43:51.000,New products just arrived. Be the first to check them out.,177,531,,,24,CUSTOM
1962,2026-05-07 22:43:51.000,2026-05-08 19:43:51.000,You have a reward waiting for you. Claim it now!,177,531,,,24,CUSTOM
1963,2026-05-08 06:43:51.000,2026-05-08 19:43:51.000,You have a reward waiting for you. Claim it now!,177,529,,,72,CUSTOM
1964,2026-05-06 20:43:51.000,2026-05-08 19:43:51.000,New products just arrived. Be the first to check them out.,177,,,,72,CUSTOM
1965,2026-05-08 03:43:51.000,2026-05-08 19:43:51.000,Flash sale today only. Use your points for extra savings.,177,531,,610,24,CUSTOM
1966,2026-05-07 22:43:51.000,2026-05-08 19:43:51.000,Flash sale today only. Use your points for extra savings.,177,,,,168,AUTOMATED
1967,2026-05-07 16:43:51.000,2026-05-08 19:43:51.000,We miss you! Come back and earn double points this week.,177,,,,48,CUSTOM
1968,2026-05-07 23:43:51.000,2026-05-08 19:43:51.000,New products just arrived. Be the first to check them out.,177,,,610,72,AUTOMATED
1969,2026-05-06 23:43:51.000,2026-05-08 19:43:51.000,We miss you! Come back and earn double points this week.,177,,,610,72,CUSTOM
1970,2026-05-08 16:43:51.000,2026-05-08 19:43:51.000,Happy birthday! Enjoy your special gift from us.,177,,,610,24,AUTOMATED
1971,2026-05-08 01:43:51.000,2026-05-08 19:43:51.000,We miss you! Come back and earn double points this week.,177,,,,48,CUSTOM
1972,2026-05-07 16:43:51.000,2026-05-08 19:43:51.000,Bring a friend and both of you earn bonus points.,177,530,,,48,CUSTOM
1973,2026-05-07 14:43:51.000,2026-05-08 19:43:51.000,We miss you! Come back and earn double points this week.,178,,,611,24,AUTOMATED
1974,2026-05-07 09:43:51.000,2026-05-08 19:43:51.000,Happy birthday! Enjoy your special gift from us.,178,534,,,168,CUSTOM
1975,2026-05-07 08:43:51.000,2026-05-08 19:43:51.000,Happy birthday! Enjoy your special gift from us.,178,,,,24,AUTOMATED
1976,2026-05-07 17:43:51.000,2026-05-08 19:43:51.000,Bring a friend and both of you earn bonus points.,178,,,,48,AUTOMATED
1977,2026-05-08 10:43:51.000,2026-05-08 19:43:51.000,You have a reward waiting for you. Claim it now!,178,,,,72,AUTOMATED
1978,2026-05-08 12:43:51.000,2026-05-08 19:43:51.000,Bring a friend and both of you earn bonus points.,178,,,611,48,AUTOMATED
1979,2026-05-07 09:43:51.000,2026-05-08 19:43:51.000,Your loyalty card has a new benefit. Tap to discover.,179,535,,616,24,AUTOMATED
1980,2026-05-07 05:43:51.000,2026-05-08 19:43:51.000,You have a reward waiting for you. Claim it now!,179,535,,,48,CUSTOM
1981,2026-05-07 10:43:51.000,2026-05-08 19:43:51.000,Happy birthday! Enjoy your special gift from us.,179,,,,168,CUSTOM
1982,2026-05-07 22:43:51.000,2026-05-08 19:43:51.000,Flash sale today only. Use your points for extra savings.,179,,,,24,AUTOMATED
1983,2026-05-08 11:43:51.000,2026-05-08 19:43:51.000,Happy birthday! Enjoy your special gift from us.,179,536,,,168,AUTOMATED
1984,2026-05-08 05:43:51.000,2026-05-08 19:43:51.000,Happy birthday! Enjoy your special gift from us.,179,,,,168,AUTOMATED
1985,2026-05-08 02:43:51.000,2026-05-08 19:43:51.000,We miss you! Come back and earn double points this week.,179,,,613,72,CUSTOM
1986,2026-05-07 11:43:51.000,2026-05-08 19:43:51.000,Your loyalty card has a new benefit. Tap to discover.,179,535,,613,168,AUTOMATED
1987,2026-05-07 12:43:51.000,2026-05-08 19:43:51.000,Bring a friend and both of you earn bonus points.,179,535,,,24,AUTOMATED
1988,2026-05-07 12:43:51.000,2026-05-08 19:43:51.000,Bring a friend and both of you earn bonus points.,179,535,,616,168,CUSTOM
1989,2026-05-06 22:43:51.000,2026-05-08 19:43:51.000,Flash sale today only. Use your points for extra savings.,180,538,,621,24,CUSTOM
1990,2026-05-07 09:43:51.000,2026-05-08 19:43:51.000,Flash sale today only. Use your points for extra savings.,180,,,,24,AUTOMATED
1991,2026-05-08 11:43:51.000,2026-05-08 19:43:51.000,You are 50 points away from your next reward!,180,540,,620,72,CUSTOM
1992,2026-05-07 12:43:51.000,2026-05-08 19:43:51.000,You have a reward waiting for you. Claim it now!,180,,,,48,CUSTOM
1993,2026-05-08 09:43:51.000,2026-05-08 19:43:51.000,Your loyalty card has a new benefit. Tap to discover.,180,,,,168,CUSTOM
1994,2026-05-07 13:43:51.000,2026-05-08 19:43:51.000,New products just arrived. Be the first to check them out.,180,,,,168,AUTOMATED
1995,2026-05-07 02:43:51.000,2026-05-08 19:43:51.000,Your loyalty card has a new benefit. Tap to discover.,180,,,,24,AUTOMATED
1996,2026-05-08 01:43:51.000,2026-05-08 19:43:51.000,You are 50 points away from your next reward!,180,539,,,24,AUTOMATED
1997,2026-05-08 07:43:51.000,2026-05-08 19:43:51.000,Flash sale today only. Use your points for extra savings.,180,,,,168,CUSTOM
1998,2026-05-07 15:43:51.000,2026-05-08 19:43:51.000,Your loyalty card has a new benefit. Tap to discover.,180,,,,72,CUSTOM
1999,2026-05-07 16:43:51.000,2026-05-08 19:43:51.000,Happy birthday! Enjoy your special gift from us.,181,,,,72,CUSTOM
2000,2026-05-08 11:43:51.000,2026-05-08 19:43:51.000,You have a reward waiting for you. Claim it now!,181,542,,,24,CUSTOM
2001,2026-05-07 07:43:51.000,2026-05-08 19:43:51.000,New products just arrived. Be the first to check them out.,181,,,,168,CUSTOM
2002,2026-05-08 03:43:51.000,2026-05-08 19:43:51.000,New products just arrived. Be the first to check them out.,181,,,,72,CUSTOM
2003,2026-05-07 18:43:51.000,2026-05-08 19:43:51.000,Bring a friend and both of you earn bonus points.,181,,,625,72,AUTOMATED
2004,2026-05-08 03:43:51.000,2026-05-08 19:43:51.000,You have a reward waiting for you. Claim it now!,181,,,,72,CUSTOM
2005,2026-05-07 17:43:51.000,2026-05-08 19:43:51.000,Flash sale today only. Use your points for extra savings.,181,543,,626,72,CUSTOM
2006,2026-05-06 20:43:51.000,2026-05-08 19:43:51.000,New products just arrived. Be the first to check them out.,181,541,,,72,AUTOMATED
2007,2026-05-08 08:43:51.000,2026-05-08 19:43:51.000,New products just arrived. Be the first to check them out.,181,,,,48,CUSTOM
2008,2026-05-08 12:43:51.000,2026-05-08 19:43:51.000,You are 50 points away from your next reward!,181,,,,24,AUTOMATED
2009,2026-05-07 07:43:51.000,2026-05-08 19:43:51.000,You have a reward waiting for you. Claim it now!,181,543,,,72,AUTOMATED
2010,2026-05-06 20:43:51.000,2026-05-08 19:43:51.000,You have a reward waiting for you. Claim it now!,181,,,624,24,AUTOMATED
2011,2026-05-08 04:43:51.000,2026-05-08 19:43:51.000,You have a reward waiting for you. Claim it now!,181,542,,,48,CUSTOM
2012,2026-05-06 19:43:51.000,2026-05-08 19:43:51.000,Your loyalty card has a new benefit. Tap to discover.,181,,,626,24,AUTOMATED
2013,2026-05-08 11:43:51.000,2026-05-08 19:43:51.000,New products just arrived. Be the first to check them out.,181,,,625,24,AUTOMATED
2014,2026-05-08 11:43:51.000,2026-05-08 19:43:51.000,Your loyalty card has a new benefit. Tap to discover.,181,542,,,72,AUTOMATED
2015,2026-05-07 10:43:51.000,2026-05-08 19:43:51.000,You have a reward waiting for you. Claim it now!,181,542,,,72,AUTOMATED
2016,2026-05-07 08:43:51.000,2026-05-08 19:43:51.000,We miss you! Come back and earn double points this week.,181,541,,,72,AUTOMATED
2017,2026-05-06 22:43:51.000,2026-05-08 19:43:51.000,New products just arrived. Be the first to check them out.,181,543,,625,72,AUTOMATED
2018,2026-05-07 13:43:51.000,2026-05-08 19:43:51.000,You have a reward waiting for you. Claim it now!,181,542,,624,48,CUSTOM
2019,2026-05-06 22:43:51.000,2026-05-08 19:43:51.000,Your loyalty card has a new benefit. Tap to discover.,181,543,,,48,AUTOMATED
2020,2026-05-06 22:43:51.000,2026-05-08 19:43:51.000,You are 50 points away from your next reward!,181,,,625,168,AUTOMATED
2021,2026-05-08 13:43:51.000,2026-05-08 19:43:51.000,We miss you! Come back and earn double points this week.,181,,,,72,AUTOMATED
2022,2026-05-07 16:43:51.000,2026-05-08 19:43:51.000,You are 50 points away from your next reward!,181,543,,,48,AUTOMATED
2023,2026-05-07 10:43:51.000,2026-05-08 19:43:51.000,Your loyalty card has a new benefit. Tap to discover.,181,542,,,72,AUTOMATED
2024,2026-05-06 22:43:51.000,2026-05-08 19:43:51.000,You are 50 points away from your next reward!,181,,,627,168,AUTOMATED
2025,2026-05-07 10:43:51.000,2026-05-08 19:43:51.000,We miss you! Come back and earn double points this week.,181,,,,72,CUSTOM
2026,2026-05-08 05:43:51.000,2026-05-08 19:43:51.000,Your loyalty card has a new benefit. Tap to discover.,181,,,,24,CUSTOM
2027,2026-05-07 01:43:51.000,2026-05-08 19:43:51.000,You have a reward waiting for you. Claim it now!,181,542,,,72,CUSTOM
2028,2026-05-08 01:43:51.000,2026-05-08 19:43:51.000,Bring a friend and both of you earn bonus points.,181,,,625,168,CUSTOM
2029,2026-05-08 12:43:51.000,2026-05-08 19:43:51.000,We miss you! Come back and earn double points this week.,182,544,,629,48,CUSTOM
2030,2026-05-08 09:43:51.000,2026-05-08 19:43:51.000,We miss you! Come back and earn double points this week.,182,,,629,168,AUTOMATED
2031,2026-05-07 02:43:51.000,2026-05-08 19:43:51.000,Bring a friend and both of you earn bonus points.,182,,,629,72,CUSTOM
2032,2026-05-07 20:43:51.000,2026-05-08 19:43:51.000,Bring a friend and both of you earn bonus points.,182,,,,72,CUSTOM
2033,2026-05-07 09:43:51.000,2026-05-08 19:43:51.000,Bring a friend and both of you earn bonus points.,182,,,629,72,CUSTOM
2034,2026-05-06 22:43:51.000,2026-05-08 19:43:51.000,Your loyalty card has a new benefit. Tap to discover.,182,546,,,168,AUTOMATED
2035,2026-05-08 11:43:51.000,2026-05-08 19:43:51.000,Bring a friend and both of you earn bonus points.,182,,,,72,AUTOMATED
2036,2026-05-08 05:43:51.000,2026-05-08 19:43:51.000,Your loyalty card has a new benefit. Tap to discover.,182,544,,,48,AUTOMATED
2037,2026-05-06 21:43:51.000,2026-05-08 19:43:51.000,Your loyalty card has a new benefit. Tap to discover.,182,544,,,48,AUTOMATED
2038,2026-05-07 01:43:51.000,2026-05-08 19:43:51.000,New products just arrived. Be the first to check them out.,182,,,629,168,CUSTOM
2039,2026-05-08 07:43:51.000,2026-05-08 19:43:51.000,New products just arrived. Be the first to check them out.,182,,,628,24,AUTOMATED
2040,2026-05-08 01:43:51.000,2026-05-08 19:43:51.000,Your loyalty card has a new benefit. Tap to discover.,182,,,629,168,CUSTOM
2041,2026-05-07 01:43:51.000,2026-05-08 19:43:51.000,Your loyalty card has a new benefit. Tap to discover.,182,,,,48,CUSTOM
2042,2026-05-08 15:43:51.000,2026-05-08 19:43:51.000,You have a reward waiting for you. Claim it now!,182,546,,,72,AUTOMATED
2043,2026-05-08 04:43:51.000,2026-05-08 19:43:51.000,We miss you! Come back and earn double points this week.,182,,,,72,AUTOMATED
2044,2026-05-07 03:43:51.000,2026-05-08 19:43:51.000,You have a reward waiting for you. Claim it now!,182,,,628,48,AUTOMATED
2045,2026-05-07 01:43:51.000,2026-05-08 19:43:51.000,We miss you! Come back and earn double points this week.,182,546,,628,24,AUTOMATED
2046,2026-05-07 18:43:51.000,2026-05-08 19:43:51.000,You have a reward waiting for you. Claim it now!,182,546,,628,48,AUTOMATED
2047,2026-05-07 07:43:51.000,2026-05-08 19:43:51.000,Flash sale today only. Use your points for extra savings.,182,544,,628,72,CUSTOM
2048,2026-05-08 03:43:51.000,2026-05-08 19:43:51.000,You are 50 points away from your next reward!,182,546,,629,72,CUSTOM
2049,2026-05-07 16:43:51.000,2026-05-08 19:43:51.000,You have a reward waiting for you. Claim it now!,182,,,,72,CUSTOM
2050,2026-05-08 05:43:51.000,2026-05-08 19:43:51.000,New products just arrived. Be the first to check them out.,182,544,,628,48,AUTOMATED
2051,2026-05-08 17:43:51.000,2026-05-08 19:43:51.000,Your loyalty card has a new benefit. Tap to discover.,182,,,629,24,AUTOMATED
2052,2026-05-07 18:43:51.000,2026-05-08 19:43:51.000,Happy birthday! Enjoy your special gift from us.,182,546,,628,168,AUTOMATED
2053,2026-05-07 04:43:51.000,2026-05-08 19:43:51.000,You have a reward waiting for you. Claim it now!,182,,,,24,AUTOMATED
2054,2026-05-08 03:43:51.000,2026-05-08 19:43:51.000,You are 50 points away from your next reward!,182,,,,24,CUSTOM
2055,2026-05-08 09:43:51.000,2026-05-08 19:43:51.000,New products just arrived. Be the first to check them out.,182,,,,72,AUTOMATED
2056,2026-05-06 19:43:51.000,2026-05-08 19:43:51.000,Bring a friend and both of you earn bonus points.,182,,,,24,AUTOMATED
2057,2026-05-07 09:43:51.000,2026-05-08 19:43:51.000,You are 50 points away from your next reward!,183,,,,24,AUTOMATED
2058,2026-05-07 17:43:51.000,2026-05-08 19:43:51.000,We miss you! Come back and earn double points this week.,183,,,630,24,CUSTOM
2059,2026-05-08 17:43:51.000,2026-05-08 19:43:51.000,Bring a friend and both of you earn bonus points.,183,548,,630,24,AUTOMATED
2060,2026-05-08 04:43:51.000,2026-05-08 19:43:51.000,Bring a friend and both of you earn bonus points.,183,547,,630,48,AUTOMATED
2061,2026-05-07 09:43:51.000,2026-05-08 19:43:51.000,New products just arrived. Be the first to check them out.,183,,,,48,AUTOMATED
2062,2026-05-08 04:43:51.000,2026-05-08 19:43:51.000,Your loyalty card has a new benefit. Tap to discover.,183,,,,24,AUTOMATED
2063,2026-05-08 10:43:51.000,2026-05-08 19:43:51.000,Happy birthday! Enjoy your special gift from us.,184,,,,72,CUSTOM
2064,2026-05-08 14:43:51.000,2026-05-08 19:43:51.000,New products just arrived. Be the first to check them out.,184,551,,,168,AUTOMATED
2065,2026-05-07 03:43:51.000,2026-05-08 19:43:51.000,Happy birthday! Enjoy your special gift from us.,184,552,,633,48,AUTOMATED
2066,2026-05-07 18:43:51.000,2026-05-08 19:43:51.000,You are 50 points away from your next reward!,185,,,,168,CUSTOM
2067,2026-05-07 20:43:51.000,2026-05-08 19:43:51.000,You have a reward waiting for you. Claim it now!,185,,,634,48,AUTOMATED
2068,2026-05-07 11:43:51.000,2026-05-08 19:43:51.000,Bring a friend and both of you earn bonus points.,185,555,,,48,AUTOMATED
2069,2026-05-08 15:43:51.000,2026-05-08 19:43:51.000,You have a reward waiting for you. Claim it now!,185,554,,,48,CUSTOM
2070,2026-05-08 17:43:51.000,2026-05-08 19:43:51.000,Your loyalty card has a new benefit. Tap to discover.,185,,,638,168,CUSTOM
2071,2026-05-06 23:43:51.000,2026-05-08 19:43:51.000,We miss you! Come back and earn double points this week.,185,555,,635,168,CUSTOM
2072,2026-05-07 18:43:51.000,2026-05-08 19:43:51.000,Bring a friend and both of you earn bonus points.,185,,,634,24,CUSTOM
2073,2026-05-07 02:43:51.000,2026-05-08 19:43:51.000,You are 50 points away from your next reward!,185,,,637,72,AUTOMATED
2074,2026-05-08 08:43:51.000,2026-05-08 19:43:51.000,You have a reward waiting for you. Claim it now!,185,,,,48,AUTOMATED
2075,2026-05-08 17:43:51.000,2026-05-08 19:43:51.000,We miss you! Come back and earn double points this week.,185,,,,24,CUSTOM
2076,2026-05-06 22:43:51.000,2026-05-08 19:43:51.000,Happy birthday! Enjoy your special gift from us.,185,553,,,168,AUTOMATED
2077,2026-05-07 20:43:51.000,2026-05-08 19:43:51.000,You have a reward waiting for you. Claim it now!,185,,,,168,AUTOMATED
2078,2026-05-07 13:43:51.000,2026-05-08 19:43:51.000,Bring a friend and both of you earn bonus points.,185,554,,,168,CUSTOM
2079,2026-05-07 10:43:51.000,2026-05-08 19:43:51.000,You have a reward waiting for you. Claim it now!,185,555,,,168,CUSTOM
2080,2026-05-07 06:43:51.000,2026-05-08 19:43:51.000,You have a reward waiting for you. Claim it now!,185,,,,72,AUTOMATED
2081,2026-05-07 02:43:51.000,2026-05-08 19:43:51.000,Your loyalty card has a new benefit. Tap to discover.,185,,,,168,CUSTOM
2082,2026-05-08 01:43:51.000,2026-05-08 19:43:51.000,Bring a friend and both of you earn bonus points.,185,554,,,72,CUSTOM
2083,2026-05-07 22:43:51.000,2026-05-08 19:43:51.000,We miss you! Come back and earn double points this week.,185,553,,,48,CUSTOM
2084,2026-05-07 03:43:51.000,2026-05-08 19:43:51.000,New products just arrived. Be the first to check them out.,185,555,,638,48,AUTOMATED
2085,2026-05-08 05:43:51.000,2026-05-08 19:43:51.000,You are 50 points away from your next reward!,185,,,637,72,CUSTOM
2086,2026-05-07 12:43:51.000,2026-05-08 19:43:51.000,You are 50 points away from your next reward!,185,553,,,48,AUTOMATED
2087,2026-05-08 08:43:51.000,2026-05-08 19:43:51.000,Happy birthday! Enjoy your special gift from us.,185,,,,168,CUSTOM
2088,2026-05-07 17:43:51.000,2026-05-08 19:43:51.000,Bring a friend and both of you earn bonus points.,185,554,,637,168,CUSTOM
2089,2026-05-07 07:43:51.000,2026-05-08 19:43:51.000,Bring a friend and both of you earn bonus points.,185,554,,636,72,AUTOMATED
2090,2026-05-08 01:43:51.000,2026-05-08 19:43:51.000,You have a reward waiting for you. Claim it now!,185,,,638,72,CUSTOM
2091,2026-05-08 13:43:51.000,2026-05-08 19:43:51.000,We miss you! Come back and earn double points this week.,185,554,,,168,AUTOMATED
2092,2026-05-07 14:43:51.000,2026-05-08 19:43:51.000,You are 50 points away from your next reward!,185,555,,,48,AUTOMATED
2093,2026-05-06 19:43:51.000,2026-05-08 19:43:51.000,Your loyalty card has a new benefit. Tap to discover.,185,,,,48,AUTOMATED
2094,2026-05-07 00:43:51.000,2026-05-08 19:43:51.000,New products just arrived. Be the first to check them out.,186,558,,,48,CUSTOM
2095,2026-05-08 08:43:51.000,2026-05-08 19:43:51.000,Bring a friend and both of you earn bonus points.,186,,,,24,AUTOMATED
2096,2026-05-06 22:43:51.000,2026-05-08 19:43:51.000,New products just arrived. Be the first to check them out.,186,558,,,168,CUSTOM
2097,2026-05-08 11:43:51.000,2026-05-08 19:43:51.000,Happy birthday! Enjoy your special gift from us.,186,,,,72,CUSTOM
2098,2026-05-08 11:43:51.000,2026-05-08 19:43:51.000,You are 50 points away from your next reward!,186,558,,641,24,AUTOMATED
2099,2026-05-07 15:43:51.000,2026-05-08 19:43:51.000,We miss you! Come back and earn double points this week.,186,,,,48,CUSTOM
2100,2026-05-07 21:43:51.000,2026-05-08 19:43:51.000,Flash sale today only. Use your points for extra savings.,186,,,,24,AUTOMATED
2101,2026-05-06 21:43:51.000,2026-05-08 19:43:51.000,You are 50 points away from your next reward!,186,558,,,72,CUSTOM
2102,2026-05-07 19:43:51.000,2026-05-08 19:43:51.000,New products just arrived. Be the first to check them out.,186,,,643,48,AUTOMATED
2103,2026-05-07 22:43:51.000,2026-05-08 19:43:51.000,You are 50 points away from your next reward!,186,,,643,168,AUTOMATED
2104,2026-05-07 11:43:51.000,2026-05-08 19:43:51.000,Bring a friend and both of you earn bonus points.,186,557,,,24,CUSTOM
2105,2026-05-08 17:43:51.000,2026-05-08 19:43:51.000,You have a reward waiting for you. Claim it now!,186,,,642,168,AUTOMATED
2106,2026-05-08 01:43:51.000,2026-05-08 19:43:51.000,You are 50 points away from your next reward!,186,,,,48,AUTOMATED
2107,2026-05-07 08:43:51.000,2026-05-08 19:43:51.000,You are 50 points away from your next reward!,187,,,647,24,AUTOMATED
2108,2026-05-08 01:43:51.000,2026-05-08 19:43:51.000,Flash sale today only. Use your points for extra savings.,187,559,,645,48,AUTOMATED
2109,2026-05-07 13:43:51.000,2026-05-08 19:43:51.000,Flash sale today only. Use your points for extra savings.,187,560,,,48,AUTOMATED
2110,2026-05-06 22:43:51.000,2026-05-08 19:43:51.000,We miss you! Come back and earn double points this week.,187,,,,72,CUSTOM
2111,2026-05-08 02:43:51.000,2026-05-08 19:43:51.000,Flash sale today only. Use your points for extra savings.,187,561,,,72,CUSTOM
2112,2026-05-08 09:43:51.000,2026-05-08 19:43:51.000,We miss you! Come back and earn double points this week.,187,559,,644,168,AUTOMATED
2113,2026-05-06 19:43:51.000,2026-05-08 19:43:51.000,You are 50 points away from your next reward!,187,,,,48,CUSTOM
2114,2026-05-07 00:43:51.000,2026-05-08 19:43:51.000,New products just arrived. Be the first to check them out.,187,559,,647,48,CUSTOM
2115,2026-05-07 08:43:51.000,2026-05-08 19:43:51.000,Happy birthday! Enjoy your special gift from us.,187,,,,168,AUTOMATED
2116,2026-05-08 14:43:51.000,2026-05-08 19:43:51.000,New products just arrived. Be the first to check them out.,187,,,,72,AUTOMATED
2117,2026-05-08 01:43:51.000,2026-05-08 19:43:51.000,Flash sale today only. Use your points for extra savings.,187,,,,48,CUSTOM
2118,2026-05-06 23:43:51.000,2026-05-08 19:43:51.000,Happy birthday! Enjoy your special gift from us.,187,560,,,48,AUTOMATED
2119,2026-05-07 12:43:51.000,2026-05-08 19:43:51.000,Flash sale today only. Use your points for extra savings.,187,,,645,72,AUTOMATED
2120,2026-05-07 16:43:51.000,2026-05-08 19:43:51.000,Flash sale today only. Use your points for extra savings.,187,,,,24,CUSTOM
2121,2026-05-08 00:43:51.000,2026-05-08 19:43:51.000,Bring a friend and both of you earn bonus points.,187,,,,72,AUTOMATED
2122,2026-05-07 23:43:51.000,2026-05-08 19:43:51.000,Your loyalty card has a new benefit. Tap to discover.,188,,,,72,CUSTOM
2123,2026-05-07 07:43:51.000,2026-05-08 19:43:51.000,Happy birthday! Enjoy your special gift from us.,188,562,,,24,AUTOMATED
2124,2026-05-08 17:43:51.000,2026-05-08 19:43:51.000,You have a reward waiting for you. Claim it now!,188,,,,48,CUSTOM
2125,2026-05-07 17:43:51.000,2026-05-08 19:43:51.000,Flash sale today only. Use your points for extra savings.,188,564,,649,72,CUSTOM
2126,2026-05-07 22:43:51.000,2026-05-08 19:43:51.000,New products just arrived. Be the first to check them out.,188,,,650,48,CUSTOM
2127,2026-05-07 08:43:51.000,2026-05-08 19:43:51.000,Flash sale today only. Use your points for extra savings.,188,562,,,168,CUSTOM
2128,2026-05-08 00:43:51.000,2026-05-08 19:43:51.000,You have a reward waiting for you. Claim it now!,189,,,,72,AUTOMATED
2129,2026-05-07 16:43:51.000,2026-05-08 19:43:51.000,New products just arrived. Be the first to check them out.,189,,,653,72,AUTOMATED
2130,2026-05-06 23:43:51.000,2026-05-08 19:43:51.000,Happy birthday! Enjoy your special gift from us.,189,,,,168,CUSTOM
2131,2026-05-07 23:43:51.000,2026-05-08 19:43:51.000,Happy birthday! Enjoy your special gift from us.,189,,,,168,AUTOMATED
2132,2026-05-07 15:43:51.000,2026-05-08 19:43:51.000,New products just arrived. Be the first to check them out.,189,566,,,48,CUSTOM
2133,2026-05-08 12:43:51.000,2026-05-08 19:43:51.000,Flash sale today only. Use your points for extra savings.,189,,,,48,AUTOMATED
2134,2026-05-07 10:43:51.000,2026-05-08 19:43:51.000,Bring a friend and both of you earn bonus points.,190,,,,24,AUTOMATED
2135,2026-05-08 11:43:51.000,2026-05-08 19:43:51.000,Happy birthday! Enjoy your special gift from us.,190,,,,168,CUSTOM
2136,2026-05-06 20:43:51.000,2026-05-08 19:43:51.000,We miss you! Come back and earn double points this week.,190,569,,,24,AUTOMATED
2137,2026-05-06 20:43:51.000,2026-05-08 19:43:51.000,Your loyalty card has a new benefit. Tap to discover.,190,570,,,48,CUSTOM
2138,2026-05-07 08:43:51.000,2026-05-08 19:43:51.000,Flash sale today only. Use your points for extra savings.,190,,,,168,CUSTOM
2139,2026-05-07 04:43:51.000,2026-05-08 19:43:51.000,Bring a friend and both of you earn bonus points.,190,,,,24,AUTOMATED
2140,2026-05-07 06:43:51.000,2026-05-08 19:43:51.000,Happy birthday! Enjoy your special gift from us.,190,568,,658,48,CUSTOM
2141,2026-05-08 01:43:51.000,2026-05-08 19:43:51.000,New products just arrived. Be the first to check them out.,190,,,658,48,AUTOMATED
2142,2026-05-07 16:43:51.000,2026-05-08 19:43:51.000,You have a reward waiting for you. Claim it now!,190,,,,48,CUSTOM
2143,2026-05-07 12:43:51.000,2026-05-08 19:43:51.000,Bring a friend and both of you earn bonus points.,190,570,,,24,CUSTOM
2144,2026-05-08 00:43:51.000,2026-05-08 19:43:51.000,Your loyalty card has a new benefit. Tap to discover.,190,,,,48,CUSTOM
2145,2026-05-08 17:43:51.000,2026-05-08 19:43:51.000,Flash sale today only. Use your points for extra savings.,190,,,655,168,AUTOMATED
2146,2026-05-07 09:43:51.000,2026-05-08 19:43:51.000,Happy birthday! Enjoy your special gift from us.,190,568,,,48,CUSTOM
2147,2026-05-08 11:43:51.000,2026-05-08 19:43:51.000,Happy birthday! Enjoy your special gift from us.,190,568,,656,168,AUTOMATED
2148,2026-05-08 18:43:51.000,2026-05-08 19:43:51.000,You have a reward waiting for you. Claim it now!,190,570,,655,48,CUSTOM
2149,2026-05-07 11:43:51.000,2026-05-08 19:43:51.000,You have a reward waiting for you. Claim it now!,190,569,,,168,CUSTOM
2150,2026-05-07 13:43:51.000,2026-05-08 19:43:51.000,You are 50 points away from your next reward!,190,,,658,168,AUTOMATED
2151,2026-05-07 15:43:51.000,2026-05-08 19:43:51.000,Happy birthday! Enjoy your special gift from us.,190,,,,24,CUSTOM
2152,2026-05-07 14:43:51.000,2026-05-08 19:43:51.000,New products just arrived. Be the first to check them out.,190,,,658,24,CUSTOM
2153,2026-05-07 14:43:51.000,2026-05-08 19:43:51.000,Happy birthday! Enjoy your special gift from us.,190,568,,655,168,AUTOMATED
2154,2026-05-07 03:43:51.000,2026-05-08 19:43:51.000,Bring a friend and both of you earn bonus points.,190,,,,72,AUTOMATED
2155,2026-05-07 14:43:51.000,2026-05-08 19:43:51.000,New products just arrived. Be the first to check them out.,190,568,,658,168,CUSTOM
2156,2026-05-07 20:43:51.000,2026-05-08 19:43:51.000,You are 50 points away from your next reward!,190,,,,24,CUSTOM
2157,2026-05-07 08:43:51.000,2026-05-08 19:43:51.000,Happy birthday! Enjoy your special gift from us.,190,569,,,72,CUSTOM
2158,2026-05-08 14:43:51.000,2026-05-08 19:43:51.000,Bring a friend and both of you earn bonus points.,190,,,,72,CUSTOM
2159,2026-05-07 16:43:51.000,2026-05-08 19:43:51.000,You have a reward waiting for you. Claim it now!,190,,,,72,AUTOMATED
2160,2026-05-07 14:43:51.000,2026-05-08 19:43:51.000,Bring a friend and both of you earn bonus points.,190,,,,24,AUTOMATED
2161,2026-05-07 12:43:51.000,2026-05-08 19:43:51.000,You are 50 points away from your next reward!,191,,,,168,CUSTOM
2162,2026-05-07 21:43:51.000,2026-05-08 19:43:51.000,You are 50 points away from your next reward!,191,572,,660,168,CUSTOM
2163,2026-05-08 14:43:51.000,2026-05-08 19:43:51.000,Bring a friend and both of you earn bonus points.,191,571,,,72,AUTOMATED
2164,2026-05-07 22:43:51.000,2026-05-08 19:43:51.000,Flash sale today only. Use your points for extra savings.,191,,,,72,CUSTOM
2165,2026-05-08 09:43:51.000,2026-05-08 19:43:51.000,New products just arrived. Be the first to check them out.,191,572,,,48,AUTOMATED
2166,2026-05-07 23:43:51.000,2026-05-08 19:43:51.000,You are 50 points away from your next reward!,191,,,,48,CUSTOM
2167,2026-05-07 23:43:51.000,2026-05-08 19:43:51.000,Happy birthday! Enjoy your special gift from us.,191,,,,72,AUTOMATED
2168,2026-05-08 00:43:51.000,2026-05-08 19:43:51.000,You are 50 points away from your next reward!,191,572,,660,24,CUSTOM
2169,2026-05-07 07:43:51.000,2026-05-08 19:43:51.000,Bring a friend and both of you earn bonus points.,191,,,,168,CUSTOM
2170,2026-05-08 14:43:51.000,2026-05-08 19:43:51.000,We miss you! Come back and earn double points this week.,191,572,,,72,AUTOMATED
2171,2026-05-08 11:43:51.000,2026-05-08 19:43:51.000,Your loyalty card has a new benefit. Tap to discover.,191,,,,24,AUTOMATED
2172,2026-05-08 16:43:51.000,2026-05-08 19:43:51.000,Your loyalty card has a new benefit. Tap to discover.,191,573,,659,24,CUSTOM
2173,2026-05-07 17:43:51.000,2026-05-08 19:43:51.000,You are 50 points away from your next reward!,191,,,,48,AUTOMATED
2174,2026-05-07 11:43:51.000,2026-05-08 19:43:51.000,We miss you! Come back and earn double points this week.,192,574,,661,24,CUSTOM
2175,2026-05-07 23:43:51.000,2026-05-08 19:43:51.000,You have a reward waiting for you. Claim it now!,192,,,,24,CUSTOM
2176,2026-05-07 18:43:51.000,2026-05-08 19:43:51.000,We miss you! Come back and earn double points this week.,192,,,663,72,AUTOMATED
2177,2026-05-07 19:43:51.000,2026-05-08 19:43:51.000,You have a reward waiting for you. Claim it now!,192,575,,663,24,CUSTOM
2178,2026-05-07 08:43:51.000,2026-05-08 19:43:51.000,Your loyalty card has a new benefit. Tap to discover.,192,,,661,168,CUSTOM
2179,2026-05-07 08:43:51.000,2026-05-08 19:43:51.000,You are 50 points away from your next reward!,192,576,,,168,CUSTOM
2180,2026-05-06 21:43:51.000,2026-05-08 19:43:51.000,You are 50 points away from your next reward!,192,,,,24,AUTOMATED
2181,2026-05-07 01:43:51.000,2026-05-08 19:43:51.000,Bring a friend and both of you earn bonus points.,193,578,,666,24,CUSTOM
2182,2026-05-07 21:43:51.000,2026-05-08 19:43:51.000,Your loyalty card has a new benefit. Tap to discover.,193,,,,48,CUSTOM
2183,2026-05-07 12:43:51.000,2026-05-08 19:43:51.000,You are 50 points away from your next reward!,193,,,,24,CUSTOM
2184,2026-05-07 23:43:51.000,2026-05-08 19:43:51.000,New products just arrived. Be the first to check them out.,193,,,,48,AUTOMATED
2185,2026-05-07 10:43:51.000,2026-05-08 19:43:51.000,Flash sale today only. Use your points for extra savings.,193,,,668,48,CUSTOM
2186,2026-05-08 02:43:51.000,2026-05-08 19:43:51.000,New products just arrived. Be the first to check them out.,193,,,,72,AUTOMATED
2187,2026-05-06 22:43:51.000,2026-05-08 19:43:51.000,You are 50 points away from your next reward!,193,578,,,24,CUSTOM
2188,2026-05-07 12:43:51.000,2026-05-08 19:43:51.000,You have a reward waiting for you. Claim it now!,193,,,665,168,AUTOMATED
2189,2026-05-08 13:43:51.000,2026-05-08 19:43:51.000,Happy birthday! Enjoy your special gift from us.,194,,,,168,CUSTOM
2190,2026-05-08 16:43:51.000,2026-05-08 19:43:51.000,Flash sale today only. Use your points for extra savings.,194,580,,,48,AUTOMATED
2191,2026-05-08 05:43:51.000,2026-05-08 19:43:51.000,Flash sale today only. Use your points for extra savings.,194,581,,,48,AUTOMATED
2192,2026-05-07 00:43:51.000,2026-05-08 19:43:51.000,We miss you! Come back and earn double points this week.,194,581,,670,24,AUTOMATED
2193,2026-05-08 03:43:51.000,2026-05-08 19:43:51.000,Your loyalty card has a new benefit. Tap to discover.,195,,,673,48,CUSTOM
2194,2026-05-07 14:43:51.000,2026-05-08 19:43:51.000,Happy birthday! Enjoy your special gift from us.,195,,,,24,AUTOMATED
2195,2026-05-08 12:43:51.000,2026-05-08 19:43:51.000,Flash sale today only. Use your points for extra savings.,195,,,,24,AUTOMATED
2196,2026-05-08 12:43:51.000,2026-05-08 19:43:51.000,You are 50 points away from your next reward!,195,,,673,24,CUSTOM
2197,2026-05-07 20:43:51.000,2026-05-08 19:43:51.000,You have a reward waiting for you. Claim it now!,195,583,,,48,CUSTOM
2198,2026-05-08 00:43:51.000,2026-05-08 19:43:51.000,Your loyalty card has a new benefit. Tap to discover.,195,,,672,24,CUSTOM
2199,2026-05-07 15:43:51.000,2026-05-08 19:43:51.000,Your loyalty card has a new benefit. Tap to discover.,196,588,,677,48,CUSTOM
2200,2026-05-07 22:43:51.000,2026-05-08 19:43:51.000,New products just arrived. Be the first to check them out.,196,587,,,72,CUSTOM
2201,2026-05-07 00:43:51.000,2026-05-08 19:43:51.000,Your loyalty card has a new benefit. Tap to discover.,196,586,,,24,AUTOMATED
2202,2026-05-08 18:43:51.000,2026-05-08 19:43:51.000,You have a reward waiting for you. Claim it now!,196,588,,,168,CUSTOM
2203,2026-05-08 03:43:51.000,2026-05-08 19:43:51.000,Happy birthday! Enjoy your special gift from us.,197,590,,,48,AUTOMATED
2204,2026-05-07 20:43:51.000,2026-05-08 19:43:51.000,Flash sale today only. Use your points for extra savings.,197,,,682,168,AUTOMATED
2205,2026-05-08 08:43:51.000,2026-05-08 19:43:51.000,We miss you! Come back and earn double points this week.,197,,,,72,AUTOMATED
2206,2026-05-08 06:43:51.000,2026-05-08 19:43:51.000,We miss you! Come back and earn double points this week.,197,590,,,168,CUSTOM
2207,2026-05-07 02:43:51.000,2026-05-08 19:43:51.000,We miss you! Come back and earn double points this week.,197,590,,680,72,CUSTOM
2208,2026-05-08 16:43:51.000,2026-05-08 19:43:51.000,Bring a friend and both of you earn bonus points.,197,,,,48,AUTOMATED
2209,2026-05-07 21:43:51.000,2026-05-08 19:43:51.000,Your loyalty card has a new benefit. Tap to discover.,197,,,682,24,CUSTOM
2210,2026-05-07 22:43:51.000,2026-05-08 19:43:51.000,You are 50 points away from your next reward!,197,589,,679,24,AUTOMATED
2211,2026-05-07 20:43:51.000,2026-05-08 19:43:51.000,You have a reward waiting for you. Claim it now!,197,,,681,48,AUTOMATED
2212,2026-05-07 20:43:51.000,2026-05-08 19:43:51.000,Your loyalty card has a new benefit. Tap to discover.,197,590,,,24,AUTOMATED
2213,2026-05-07 02:43:51.000,2026-05-08 19:43:51.000,Happy birthday! Enjoy your special gift from us.,197,590,,,72,AUTOMATED
2214,2026-05-08 11:43:51.000,2026-05-08 19:43:51.000,Your loyalty card has a new benefit. Tap to discover.,197,,,,24,CUSTOM
2215,2026-05-07 12:43:51.000,2026-05-08 19:43:51.000,Bring a friend and both of you earn bonus points.,197,,,,24,CUSTOM
2216,2026-05-07 12:43:51.000,2026-05-08 19:43:51.000,New products just arrived. Be the first to check them out.,198,592,,,168,CUSTOM
2217,2026-05-07 16:43:51.000,2026-05-08 19:43:51.000,Flash sale today only. Use your points for extra savings.,198,592,,,72,CUSTOM
2218,2026-05-07 17:43:51.000,2026-05-08 19:43:51.000,We miss you! Come back and earn double points this week.,198,,,,48,CUSTOM
2219,2026-05-07 18:43:51.000,2026-05-08 19:43:51.000,You are 50 points away from your next reward!,198,,,683,168,CUSTOM
2220,2026-05-07 19:43:51.000,2026-05-08 19:43:51.000,Happy birthday! Enjoy your special gift from us.,198,,,,48,AUTOMATED
2221,2026-05-07 19:43:51.000,2026-05-08 19:43:51.000,New products just arrived. Be the first to check them out.,198,,,,48,AUTOMATED
2222,2026-05-07 03:43:51.000,2026-05-08 19:43:51.000,Flash sale today only. Use your points for extra savings.,198,594,,,48,AUTOMATED
2223,2026-05-08 16:43:51.000,2026-05-08 19:43:51.000,Happy birthday! Enjoy your special gift from us.,198,,,,48,AUTOMATED
2224,2026-05-07 09:43:51.000,2026-05-08 19:43:51.000,Your loyalty card has a new benefit. Tap to discover.,198,592,,,168,CUSTOM
2225,2026-05-07 07:43:51.000,2026-05-08 19:43:51.000,You are 50 points away from your next reward!,198,594,,,24,AUTOMATED
2226,2026-05-08 01:43:51.000,2026-05-08 19:43:51.000,We miss you! Come back and earn double points this week.,198,,,,48,AUTOMATED
2227,2026-05-07 20:43:51.000,2026-05-08 19:43:51.000,We miss you! Come back and earn double points this week.,198,,,,48,AUTOMATED
2228,2026-05-07 15:43:51.000,2026-05-08 19:43:51.000,Happy birthday! Enjoy your special gift from us.,198,594,,683,72,AUTOMATED
2229,2026-05-07 16:43:51.000,2026-05-08 19:43:51.000,We miss you! Come back and earn double points this week.,198,,,,24,CUSTOM
2230,2026-05-08 16:43:51.000,2026-05-08 19:43:51.000,Bring a friend and both of you earn bonus points.,198,,,684,168,AUTOMATED
2231,2026-05-07 07:43:51.000,2026-05-08 19:43:51.000,New products just arrived. Be the first to check them out.,199,,,,168,CUSTOM
2232,2026-05-06 20:43:51.000,2026-05-08 19:43:51.000,We miss you! Come back and earn double points this week.,199,596,,686,48,AUTOMATED
2233,2026-05-07 20:43:51.000,2026-05-08 19:43:51.000,Flash sale today only. Use your points for extra savings.,199,,,687,168,AUTOMATED
2234,2026-05-07 03:43:51.000,2026-05-08 19:43:51.000,You have a reward waiting for you. Claim it now!,199,597,,,72,CUSTOM
2235,2026-05-08 06:43:51.000,2026-05-08 19:43:51.000,You have a reward waiting for you. Claim it now!,199,596,,686,24,CUSTOM
2236,2026-05-08 10:43:51.000,2026-05-08 19:43:51.000,You have a reward waiting for you. Claim it now!,199,,,,48,CUSTOM
2237,2026-05-08 09:43:51.000,2026-05-08 19:43:51.000,Happy birthday! Enjoy your special gift from us.,200,,,689,48,CUSTOM
2238,2026-05-08 17:43:51.000,2026-05-08 19:43:51.000,New products just arrived. Be the first to check them out.,200,,,,48,CUSTOM
2239,2026-05-06 20:43:51.000,2026-05-08 19:43:51.000,Bring a friend and both of you earn bonus points.,200,598,,,48,CUSTOM
2240,2026-05-08 05:43:51.000,2026-05-08 19:43:51.000,We miss you! Come back and earn double points this week.,200,,,689,48,CUSTOM
2241,2026-05-07 22:43:51.000,2026-05-08 19:43:51.000,Your loyalty card has a new benefit. Tap to discover.,200,,,,168,CUSTOM
2242,2026-05-06 23:43:51.000,2026-05-08 19:43:51.000,New products just arrived. Be the first to check them out.,200,,,,48,CUSTOM
2243,2026-05-08 17:43:51.000,2026-05-08 19:43:51.000,Bring a friend and both of you earn bonus points.,200,598,,,48,CUSTOM
2244,2026-05-08 09:43:51.000,2026-05-08 19:43:51.000,You are 50 points away from your next reward!,200,,,,72,AUTOMATED
2245,2026-05-08 00:43:51.000,2026-05-08 19:43:51.000,Bring a friend and both of you earn bonus points.,200,599,,,48,CUSTOM
2246,2026-05-08 17:43:51.000,2026-05-08 19:43:51.000,Happy birthday! Enjoy your special gift from us.,200,600,,,48,AUTOMATED
2247,2026-05-07 13:43:51.000,2026-05-08 19:43:51.000,Flash sale today only. Use your points for extra savings.,200,,,,24,CUSTOM
2248,2026-05-08 18:43:51.000,2026-05-08 19:43:51.000,You are 50 points away from your next reward!,201,602,,,168,CUSTOM
2249,2026-05-07 00:43:51.000,2026-05-08 19:43:51.000,New products just arrived. Be the first to check them out.,201,,,,72,CUSTOM
2250,2026-05-07 04:43:51.000,2026-05-08 19:43:51.000,Flash sale today only. Use your points for extra savings.,201,,,696,24,AUTOMATED
2251,2026-05-07 05:43:51.000,2026-05-08 19:43:51.000,Bring a friend and both of you earn bonus points.,201,601,,696,48,AUTOMATED
2252,2026-05-07 11:43:51.000,2026-05-08 19:43:51.000,Flash sale today only. Use your points for extra savings.,201,602,,,48,AUTOMATED
2253,2026-05-07 03:43:51.000,2026-05-08 19:43:51.000,Bring a friend and both of you earn bonus points.,201,603,,,48,CUSTOM
2254,2026-05-07 02:43:51.000,2026-05-08 19:43:51.000,Flash sale today only. Use your points for extra savings.,201,602,,,24,AUTOMATED
2255,2026-05-08 04:43:51.000,2026-05-08 19:43:51.000,Bring a friend and both of you earn bonus points.,201,602,,695,72,CUSTOM
2256,2026-05-06 21:43:51.000,2026-05-08 19:43:51.000,Your loyalty card has a new benefit. Tap to discover.,201,,,,48,CUSTOM
2257,2026-05-08 13:43:51.000,2026-05-08 19:43:51.000,Happy birthday! Enjoy your special gift from us.,201,,,,24,CUSTOM
2258,2026-05-07 18:43:51.000,2026-05-08 19:43:51.000,New products just arrived. Be the first to check them out.,201,601,,692,24,CUSTOM
2259,2026-05-07 22:43:51.000,2026-05-08 19:43:51.000,We miss you! Come back and earn double points this week.,201,602,,696,48,CUSTOM
2260,2026-05-06 22:43:51.000,2026-05-08 19:43:51.000,We miss you! Come back and earn double points this week.,201,603,,693,24,AUTOMATED
2261,2026-05-07 00:43:51.000,2026-05-08 19:43:51.000,You are 50 points away from your next reward!,201,602,,696,48,CUSTOM
2262,2026-05-08 04:43:51.000,2026-05-08 19:43:51.000,Your loyalty card has a new benefit. Tap to discover.,201,,,,168,CUSTOM
2263,2026-05-08 18:43:51.000,2026-05-08 19:43:51.000,Bring a friend and both of you earn bonus points.,201,602,,,168,AUTOMATED
2264,2026-05-07 19:43:51.000,2026-05-08 19:43:51.000,You have a reward waiting for you. Claim it now!,201,,,692,168,CUSTOM
2265,2026-05-07 01:43:51.000,2026-05-08 19:43:51.000,Flash sale today only. Use your points for extra savings.,201,601,,693,72,AUTOMATED
2266,2026-05-08 17:43:51.000,2026-05-08 19:43:51.000,You have a reward waiting for you. Claim it now!,201,,,,24,CUSTOM
2267,2026-05-08 18:43:51.000,2026-05-08 19:43:51.000,New products just arrived. Be the first to check them out.,201,,,693,168,AUTOMATED
2268,2026-05-07 15:43:51.000,2026-05-08 19:43:51.000,Flash sale today only. Use your points for extra savings.,201,,,,48,AUTOMATED
2269,2026-05-07 23:43:51.000,2026-05-08 19:43:51.000,You have a reward waiting for you. Claim it now!,201,,,694,24,AUTOMATED
2270,2026-05-07 23:43:51.000,2026-05-08 19:43:51.000,Bring a friend and both of you earn bonus points.,201,603,,,72,CUSTOM
2271,2026-05-06 23:43:51.000,2026-05-08 19:43:51.000,Your loyalty card has a new benefit. Tap to discover.,201,602,,,48,AUTOMATED
2272,2026-05-06 23:43:51.000,2026-05-08 19:43:51.000,New products just arrived. Be the first to check them out.,201,,,,48,AUTOMATED
2273,2026-05-07 08:43:51.000,2026-05-08 19:43:51.000,We miss you! Come back and earn double points this week.,201,,,,168,CUSTOM
2274,2026-05-08 11:43:51.000,2026-05-08 19:43:51.000,Bring a friend and both of you earn bonus points.,201,,,,168,CUSTOM
2275,2026-05-07 09:43:51.000,2026-05-08 19:43:51.000,You have a reward waiting for you. Claim it now!,201,,,695,168,CUSTOM
2276,2026-05-07 21:43:51.000,2026-05-08 19:43:51.000,Your loyalty card has a new benefit. Tap to discover.,202,605,,,72,CUSTOM
2277,2026-05-07 08:43:51.000,2026-05-08 19:43:51.000,Bring a friend and both of you earn bonus points.,202,604,,698,24,AUTOMATED
2278,2026-05-08 04:43:51.000,2026-05-08 19:43:51.000,New products just arrived. Be the first to check them out.,202,606,,,48,CUSTOM
2279,2026-05-08 09:43:51.000,2026-05-08 19:43:51.000,Happy birthday! Enjoy your special gift from us.,203,,,,24,AUTOMATED
2280,2026-05-07 02:43:51.000,2026-05-08 19:43:51.000,Happy birthday! Enjoy your special gift from us.,203,609,,,72,CUSTOM
2281,2026-05-07 01:43:51.000,2026-05-08 19:43:51.000,We miss you! Come back and earn double points this week.,203,,,,72,AUTOMATED
2282,2026-05-07 19:43:51.000,2026-05-08 19:43:51.000,We miss you! Come back and earn double points this week.,203,,,,168,CUSTOM
2283,2026-05-07 09:43:51.000,2026-05-08 19:43:51.000,Happy birthday! Enjoy your special gift from us.,203,,,,24,CUSTOM
2284,2026-05-06 23:43:51.000,2026-05-08 19:43:51.000,We miss you! Come back and earn double points this week.,203,,,701,168,CUSTOM
2285,2026-05-08 16:43:51.000,2026-05-08 19:43:51.000,We miss you! Come back and earn double points this week.,203,,,,24,CUSTOM
2286,2026-05-07 00:43:51.000,2026-05-08 19:43:51.000,We miss you! Come back and earn double points this week.,203,,,,168,CUSTOM
2287,2026-05-07 17:43:51.000,2026-05-08 19:43:51.000,Bring a friend and both of you earn bonus points.,203,609,,,72,CUSTOM
2288,2026-05-07 07:43:51.000,2026-05-08 19:43:51.000,We miss you! Come back and earn double points this week.,203,607,,,72,AUTOMATED
2289,2026-05-07 05:43:51.000,2026-05-08 19:43:51.000,Flash sale today only. Use your points for extra savings.,203,,,701,72,CUSTOM
2290,2026-05-06 22:43:51.000,2026-05-08 19:43:51.000,Happy birthday! Enjoy your special gift from us.,204,,,,72,CUSTOM
2291,2026-05-07 13:43:51.000,2026-05-08 19:43:51.000,Your loyalty card has a new benefit. Tap to discover.,204,611,,,168,AUTOMATED
2292,2026-05-06 21:43:51.000,2026-05-08 19:43:51.000,We miss you! Come back and earn double points this week.,204,,,703,168,CUSTOM
2293,2026-05-07 16:43:51.000,2026-05-08 19:43:51.000,We miss you! Come back and earn double points this week.,204,,,,168,CUSTOM
2294,2026-05-07 10:43:51.000,2026-05-08 19:43:51.000,Your loyalty card has a new benefit. Tap to discover.,204,,,702,24,CUSTOM
2295,2026-05-07 04:43:51.000,2026-05-08 19:43:51.000,You are 50 points away from your next reward!,204,610,,703,24,CUSTOM
2296,2026-05-06 21:43:51.000,2026-05-08 19:43:51.000,Bring a friend and both of you earn bonus points.,204,611,,703,24,CUSTOM
2297,2026-05-08 16:43:51.000,2026-05-08 19:43:51.000,You are 50 points away from your next reward!,204,612,,,24,CUSTOM
2298,2026-05-07 22:43:51.000,2026-05-08 19:43:51.000,Flash sale today only. Use your points for extra savings.,205,,,,168,CUSTOM
2299,2026-05-08 03:43:51.000,2026-05-08 19:43:51.000,Flash sale today only. Use your points for extra savings.,205,,,,48,CUSTOM
2300,2026-05-07 12:43:51.000,2026-05-08 19:43:51.000,Bring a friend and both of you earn bonus points.,205,614,,709,48,AUTOMATED
2301,2026-05-08 13:43:51.000,2026-05-08 19:43:51.000,Your loyalty card has a new benefit. Tap to discover.,205,,,707,72,CUSTOM
2302,2026-05-06 19:43:51.000,2026-05-08 19:43:51.000,You are 50 points away from your next reward!,205,,,,72,AUTOMATED
2303,2026-05-07 22:43:51.000,2026-05-08 19:43:51.000,Happy birthday! Enjoy your special gift from us.,205,,,709,72,AUTOMATED
2304,2026-05-08 18:43:51.000,2026-05-08 19:43:51.000,Flash sale today only. Use your points for extra savings.,205,613,,706,24,AUTOMATED
2305,2026-05-07 10:43:51.000,2026-05-08 19:43:51.000,Flash sale today only. Use your points for extra savings.,206,,,,72,AUTOMATED
2306,2026-05-08 07:43:51.000,2026-05-08 19:43:51.000,We miss you! Come back and earn double points this week.,206,,,712,24,AUTOMATED
2307,2026-05-08 01:43:51.000,2026-05-08 19:43:51.000,Your loyalty card has a new benefit. Tap to discover.,206,,,,168,CUSTOM
2308,2026-05-08 17:43:51.000,2026-05-08 19:43:51.000,Happy birthday! Enjoy your special gift from us.,206,,,711,72,CUSTOM
2309,2026-05-07 11:43:51.000,2026-05-08 19:43:51.000,Flash sale today only. Use your points for extra savings.,206,,,710,24,AUTOMATED
2310,2026-05-08 09:43:51.000,2026-05-08 19:43:51.000,New products just arrived. Be the first to check them out.,206,617,,,72,AUTOMATED
2311,2026-05-07 01:43:51.000,2026-05-08 19:43:51.000,Happy birthday! Enjoy your special gift from us.,206,,,,72,CUSTOM
2312,2026-05-07 15:43:51.000,2026-05-08 19:43:51.000,Bring a friend and both of you earn bonus points.,206,,,,48,AUTOMATED
2313,2026-05-07 07:43:51.000,2026-05-08 19:43:51.000,Flash sale today only. Use your points for extra savings.,206,,,,72,CUSTOM
2314,2026-05-07 11:43:51.000,2026-05-08 19:43:51.000,Flash sale today only. Use your points for extra savings.,206,,,,48,CUSTOM
2315,2026-05-07 21:43:51.000,2026-05-08 19:43:51.000,You are 50 points away from your next reward!,206,616,,,168,AUTOMATED
2316,2026-05-07 08:43:51.000,2026-05-08 19:43:51.000,We miss you! Come back and earn double points this week.,206,,,,24,CUSTOM
2317,2026-05-07 01:43:51.000,2026-05-08 19:43:51.000,You have a reward waiting for you. Claim it now!,206,,,712,72,AUTOMATED
2318,2026-05-07 14:43:51.000,2026-05-08 19:43:51.000,Bring a friend and both of you earn bonus points.,206,618,,712,168,CUSTOM
2319,2026-05-08 15:43:51.000,2026-05-08 19:43:51.000,We miss you! Come back and earn double points this week.,207,,,,48,AUTOMATED
2320,2026-05-07 10:43:51.000,2026-05-08 19:43:51.000,Your loyalty card has a new benefit. Tap to discover.,207,,,714,48,CUSTOM
2321,2026-05-07 15:43:51.000,2026-05-08 19:43:51.000,We miss you! Come back and earn double points this week.,207,621,,715,168,AUTOMATED
2322,2026-05-07 07:43:51.000,2026-05-08 19:43:51.000,We miss you! Come back and earn double points this week.,207,,,715,168,AUTOMATED
2323,2026-05-07 15:43:51.000,2026-05-08 19:43:51.000,You are 50 points away from your next reward!,208,624,,719,72,AUTOMATED
2324,2026-05-07 08:43:51.000,2026-05-08 19:43:51.000,Your loyalty card has a new benefit. Tap to discover.,208,,,,24,AUTOMATED
2325,2026-05-07 23:43:51.000,2026-05-08 19:43:51.000,Your loyalty card has a new benefit. Tap to discover.,208,622,,,24,CUSTOM
2326,2026-05-07 08:43:51.000,2026-05-08 19:43:51.000,New products just arrived. Be the first to check them out.,208,,,,24,AUTOMATED
2327,2026-05-06 23:43:51.000,2026-05-08 19:43:51.000,New products just arrived. Be the first to check them out.,208,624,,,48,CUSTOM
2328,2026-05-07 14:43:51.000,2026-05-08 19:43:51.000,New products just arrived. Be the first to check them out.,208,623,,718,48,CUSTOM
2329,2026-05-07 14:43:51.000,2026-05-08 19:43:51.000,You have a reward waiting for you. Claim it now!,208,,,,24,AUTOMATED
2330,2026-05-07 04:43:51.000,2026-05-08 19:43:51.000,Flash sale today only. Use your points for extra savings.,208,,,719,72,CUSTOM
2331,2026-05-08 09:43:51.000,2026-05-08 19:43:51.000,Happy birthday! Enjoy your special gift from us.,208,624,,719,24,AUTOMATED
2332,2026-05-07 06:43:51.000,2026-05-08 19:43:51.000,We miss you! Come back and earn double points this week.,208,622,,717,168,CUSTOM
2333,2026-05-08 01:43:51.000,2026-05-08 19:43:51.000,Happy birthday! Enjoy your special gift from us.,208,,,718,48,AUTOMATED
2334,2026-05-07 09:43:51.000,2026-05-08 19:43:51.000,You have a reward waiting for you. Claim it now!,208,,,,168,AUTOMATED
2335,2026-05-06 21:43:51.000,2026-05-08 19:43:51.000,Your loyalty card has a new benefit. Tap to discover.,208,,,,24,CUSTOM
2336,2026-05-08 12:43:51.000,2026-05-08 19:43:51.000,Bring a friend and both of you earn bonus points.,208,622,,719,24,AUTOMATED
2337,2026-05-07 18:43:51.000,2026-05-08 19:43:51.000,You have a reward waiting for you. Claim it now!,208,622,,720,168,AUTOMATED
2338,2026-05-08 10:43:51.000,2026-05-08 19:43:51.000,Flash sale today only. Use your points for extra savings.,208,,,720,48,CUSTOM
2339,2026-05-07 15:43:51.000,2026-05-08 19:43:51.000,Bring a friend and both of you earn bonus points.,208,623,,719,72,AUTOMATED
2340,2026-05-08 15:43:51.000,2026-05-08 19:43:51.000,We miss you! Come back and earn double points this week.,208,,,718,168,AUTOMATED
2341,2026-05-07 11:43:51.000,2026-05-08 19:43:51.000,Bring a friend and both of you earn bonus points.,208,,,,48,CUSTOM
2342,2026-05-08 07:43:51.000,2026-05-08 19:43:51.000,You are 50 points away from your next reward!,208,,,720,168,CUSTOM
2343,2026-05-08 11:43:51.000,2026-05-08 19:43:51.000,Bring a friend and both of you earn bonus points.,209,625,,,48,AUTOMATED
2344,2026-05-07 10:43:51.000,2026-05-08 19:43:51.000,Flash sale today only. Use your points for extra savings.,209,625,,723,48,AUTOMATED
2345,2026-05-08 14:43:51.000,2026-05-08 19:43:51.000,We miss you! Come back and earn double points this week.,209,,,,48,CUSTOM
2346,2026-05-07 17:43:51.000,2026-05-08 19:43:51.000,Flash sale today only. Use your points for extra savings.,209,,,,72,AUTOMATED
2347,2026-05-07 14:43:51.000,2026-05-08 19:43:51.000,Happy birthday! Enjoy your special gift from us.,209,625,,,168,CUSTOM
2348,2026-05-07 09:43:51.000,2026-05-08 19:43:51.000,You have a reward waiting for you. Claim it now!,209,625,,,48,AUTOMATED
2349,2026-05-08 16:43:51.000,2026-05-08 19:43:51.000,New products just arrived. Be the first to check them out.,209,,,,48,CUSTOM
2350,2026-05-08 14:43:51.000,2026-05-08 19:43:51.000,Flash sale today only. Use your points for extra savings.,210,,,726,24,CUSTOM
2351,2026-05-08 03:43:51.000,2026-05-08 19:43:51.000,Flash sale today only. Use your points for extra savings.,210,,,,48,CUSTOM
2352,2026-05-07 03:43:51.000,2026-05-08 19:43:51.000,We miss you! Come back and earn double points this week.,210,,,,72,CUSTOM
2353,2026-05-08 16:43:51.000,2026-05-08 19:43:51.000,You are 50 points away from your next reward!,210,628,,726,24,AUTOMATED
2354,2026-05-08 13:43:51.000,2026-05-08 19:43:51.000,Happy birthday! Enjoy your special gift from us.,210,,,,48,CUSTOM
2355,2026-05-08 04:43:51.000,2026-05-08 19:43:51.000,Flash sale today only. Use your points for extra savings.,210,629,,,168,CUSTOM
2356,2026-05-07 10:43:51.000,2026-05-08 19:43:51.000,Happy birthday! Enjoy your special gift from us.,210,,,,48,AUTOMATED
2357,2026-05-07 05:43:51.000,2026-05-08 19:43:51.000,Happy birthday! Enjoy your special gift from us.,211,,,,168,AUTOMATED
2358,2026-05-07 17:43:51.000,2026-05-08 19:43:51.000,Flash sale today only. Use your points for extra savings.,211,,,733,24,CUSTOM
2359,2026-05-07 19:43:51.000,2026-05-08 19:43:51.000,New products just arrived. Be the first to check them out.,211,,,,72,CUSTOM
2360,2026-05-08 14:43:51.000,2026-05-08 19:43:51.000,We miss you! Come back and earn double points this week.,211,,,,48,CUSTOM
2361,2026-05-07 17:43:51.000,2026-05-08 19:43:51.000,You have a reward waiting for you. Claim it now!,211,633,,,168,CUSTOM
2362,2026-05-07 18:43:51.000,2026-05-08 19:43:51.000,Flash sale today only. Use your points for extra savings.,211,631,,,168,AUTOMATED
2363,2026-05-07 05:43:51.000,2026-05-08 19:43:51.000,Happy birthday! Enjoy your special gift from us.,211,,,,72,AUTOMATED
2364,2026-05-07 00:43:51.000,2026-05-08 19:43:51.000,Your loyalty card has a new benefit. Tap to discover.,211,,,733,72,AUTOMATED
2365,2026-05-07 06:43:51.000,2026-05-08 19:43:51.000,You have a reward waiting for you. Claim it now!,211,,,,48,CUSTOM
2366,2026-05-08 07:43:51.000,2026-05-08 19:43:51.000,Flash sale today only. Use your points for extra savings.,211,631,,,24,AUTOMATED
2367,2026-05-07 07:43:51.000,2026-05-08 19:43:51.000,Your loyalty card has a new benefit. Tap to discover.,211,,,,168,CUSTOM
2368,2026-05-07 02:43:51.000,2026-05-08 19:43:51.000,New products just arrived. Be the first to check them out.,211,,,,48,CUSTOM
2369,2026-05-07 08:43:51.000,2026-05-08 19:43:51.000,We miss you! Come back and earn double points this week.,211,,,,24,CUSTOM
2370,2026-05-06 22:43:51.000,2026-05-08 19:43:51.000,You are 50 points away from your next reward!,211,,,729,168,CUSTOM
2371,2026-05-07 22:43:51.000,2026-05-08 19:43:51.000,We miss you! Come back and earn double points this week.,212,,,737,24,AUTOMATED
2372,2026-05-08 02:43:51.000,2026-05-08 19:43:51.000,Your loyalty card has a new benefit. Tap to discover.,212,634,,,168,CUSTOM
2373,2026-05-07 00:43:51.000,2026-05-08 19:43:51.000,New products just arrived. Be the first to check them out.,212,,,736,72,CUSTOM
2374,2026-05-08 03:43:51.000,2026-05-08 19:43:51.000,You have a reward waiting for you. Claim it now!,212,,,,72,CUSTOM
2375,2026-05-08 17:43:51.000,2026-05-08 19:43:51.000,Your loyalty card has a new benefit. Tap to discover.,212,,,735,168,CUSTOM
2376,2026-05-07 11:43:51.000,2026-05-08 19:43:51.000,Your loyalty card has a new benefit. Tap to discover.,212,,,,72,CUSTOM
2377,2026-05-06 22:43:51.000,2026-05-08 19:43:51.000,Flash sale today only. Use your points for extra savings.,212,636,,,168,AUTOMATED
2378,2026-05-07 00:43:51.000,2026-05-08 19:43:51.000,Flash sale today only. Use your points for extra savings.,212,,,,72,CUSTOM
2379,2026-05-06 22:43:51.000,2026-05-08 19:43:51.000,We miss you! Come back and earn double points this week.,213,,,741,72,CUSTOM
2380,2026-05-06 21:43:51.000,2026-05-08 19:43:51.000,New products just arrived. Be the first to check them out.,213,,,740,168,AUTOMATED
2381,2026-05-06 19:43:51.000,2026-05-08 19:43:51.000,Flash sale today only. Use your points for extra savings.,213,,,,48,CUSTOM
2382,2026-05-07 01:43:51.000,2026-05-08 19:43:51.000,You have a reward waiting for you. Claim it now!,213,,,739,72,AUTOMATED
2383,2026-05-07 06:43:51.000,2026-05-08 19:43:51.000,You have a reward waiting for you. Claim it now!,213,,,738,48,AUTOMATED
2384,2026-05-08 04:43:51.000,2026-05-08 19:43:51.000,Happy birthday! Enjoy your special gift from us.,213,639,,,168,AUTOMATED
2385,2026-05-08 07:43:51.000,2026-05-08 19:43:51.000,You have a reward waiting for you. Claim it now!,213,639,,742,168,CUSTOM
2386,2026-05-08 12:43:51.000,2026-05-08 19:43:51.000,New products just arrived. Be the first to check them out.,213,,,,168,CUSTOM
2387,2026-05-06 20:43:51.000,2026-05-08 19:43:51.000,You have a reward waiting for you. Claim it now!,213,,,,48,AUTOMATED
2388,2026-05-07 10:43:51.000,2026-05-08 19:43:51.000,You are 50 points away from your next reward!,213,638,,,72,AUTOMATED
2389,2026-05-07 09:43:51.000,2026-05-08 19:43:51.000,Bring a friend and both of you earn bonus points.,213,,,739,48,AUTOMATED
2390,2026-05-08 17:43:51.000,2026-05-08 19:43:51.000,We miss you! Come back and earn double points this week.,213,637,,741,48,CUSTOM
2391,2026-05-07 09:43:51.000,2026-05-08 19:43:51.000,Happy birthday! Enjoy your special gift from us.,213,,,742,24,AUTOMATED
2392,2026-05-08 12:43:51.000,2026-05-08 19:43:51.000,Happy birthday! Enjoy your special gift from us.,213,639,,,72,CUSTOM
2393,2026-05-07 01:43:51.000,2026-05-08 19:43:51.000,Happy birthday! Enjoy your special gift from us.,213,,,,72,AUTOMATED
2394,2026-05-08 14:43:51.000,2026-05-08 19:43:51.000,Flash sale today only. Use your points for extra savings.,213,638,,740,72,AUTOMATED
2395,2026-05-08 15:43:51.000,2026-05-08 19:43:51.000,Flash sale today only. Use your points for extra savings.,213,,,740,24,CUSTOM
2396,2026-05-07 08:43:51.000,2026-05-08 19:43:51.000,You are 50 points away from your next reward!,213,637,,,72,AUTOMATED
2397,2026-05-08 07:43:51.000,2026-05-08 19:43:51.000,You are 50 points away from your next reward!,213,,,742,24,AUTOMATED
2398,2026-05-06 23:43:51.000,2026-05-08 19:43:51.000,You have a reward waiting for you. Claim it now!,213,637,,741,72,AUTOMATED
2399,2026-05-07 00:43:51.000,2026-05-08 19:43:51.000,Flash sale today only. Use your points for extra savings.,213,639,,,168,CUSTOM
2400,2026-05-07 09:43:51.000,2026-05-08 19:43:51.000,You have a reward waiting for you. Claim it now!,213,,,,24,CUSTOM
2401,2026-05-08 03:43:51.000,2026-05-08 19:43:51.000,New products just arrived. Be the first to check them out.,213,,,,72,AUTOMATED
2402,2026-05-07 08:43:51.000,2026-05-08 19:43:51.000,We miss you! Come back and earn double points this week.,214,,,,48,CUSTOM
2403,2026-05-08 03:43:51.000,2026-05-08 19:43:51.000,New products just arrived. Be the first to check them out.,214,,,743,168,AUTOMATED
2404,2026-05-08 10:43:51.000,2026-05-08 19:43:51.000,New products just arrived. Be the first to check them out.,214,,,,24,CUSTOM
2405,2026-05-07 12:43:51.000,2026-05-08 19:43:51.000,We miss you! Come back and earn double points this week.,214,,,,48,CUSTOM
2406,2026-05-08 16:43:51.000,2026-05-08 19:43:51.000,You have a reward waiting for you. Claim it now!,214,,,,72,AUTOMATED
2407,2026-05-08 08:43:51.000,2026-05-08 19:43:51.000,Flash sale today only. Use your points for extra savings.,214,,,,168,CUSTOM
2408,2026-05-08 09:43:51.000,2026-05-08 19:43:51.000,You are 50 points away from your next reward!,214,640,,,72,AUTOMATED
2409,2026-05-07 19:43:51.000,2026-05-08 19:43:51.000,Flash sale today only. Use your points for extra savings.,214,,,744,168,AUTOMATED
2410,2026-05-08 03:43:51.000,2026-05-08 19:43:51.000,New products just arrived. Be the first to check them out.,214,642,,743,168,CUSTOM
2411,2026-05-08 08:43:51.000,2026-05-08 19:43:51.000,Happy birthday! Enjoy your special gift from us.,214,642,,,24,CUSTOM
2412,2026-05-07 07:43:51.000,2026-05-08 19:43:51.000,We miss you! Come back and earn double points this week.,214,,,,24,AUTOMATED
2413,2026-05-07 15:43:51.000,2026-05-08 19:43:51.000,Happy birthday! Enjoy your special gift from us.,215,,,,24,CUSTOM
2414,2026-05-08 02:43:51.000,2026-05-08 19:43:51.000,New products just arrived. Be the first to check them out.,215,644,,748,72,CUSTOM
2415,2026-05-06 23:43:51.000,2026-05-08 19:43:51.000,Happy birthday! Enjoy your special gift from us.,215,,,,24,CUSTOM
2416,2026-05-07 01:43:51.000,2026-05-08 19:43:51.000,Happy birthday! Enjoy your special gift from us.,215,,,,48,AUTOMATED
2417,2026-05-07 04:43:51.000,2026-05-08 19:43:51.000,Flash sale today only. Use your points for extra savings.,215,,,,48,AUTOMATED
2418,2026-05-07 14:43:51.000,2026-05-08 19:43:51.000,You have a reward waiting for you. Claim it now!,215,,,,168,CUSTOM
2419,2026-05-07 09:43:51.000,2026-05-08 19:43:51.000,We miss you! Come back and earn double points this week.,216,646,,751,168,CUSTOM
2420,2026-05-08 11:43:51.000,2026-05-08 19:43:51.000,Your loyalty card has a new benefit. Tap to discover.,216,,,,168,AUTOMATED
2421,2026-05-07 02:43:51.000,2026-05-08 19:43:51.000,New products just arrived. Be the first to check them out.,216,,,750,72,AUTOMATED
2422,2026-05-08 03:43:51.000,2026-05-08 19:43:51.000,You have a reward waiting for you. Claim it now!,216,647,,,72,CUSTOM
2423,2026-05-07 06:43:51.000,2026-05-08 19:43:51.000,You have a reward waiting for you. Claim it now!,216,,,751,168,AUTOMATED
2424,2026-05-07 18:43:51.000,2026-05-08 19:43:51.000,We miss you! Come back and earn double points this week.,216,648,,,24,CUSTOM
2425,2026-05-08 10:43:51.000,2026-05-08 19:43:51.000,You have a reward waiting for you. Claim it now!,216,,,,72,AUTOMATED
2426,2026-05-07 11:43:51.000,2026-05-08 19:43:51.000,New products just arrived. Be the first to check them out.,216,646,,,72,CUSTOM
2427,2026-05-07 10:43:51.000,2026-05-08 19:43:51.000,Your loyalty card has a new benefit. Tap to discover.,216,647,,,72,CUSTOM
2428,2026-05-06 20:43:51.000,2026-05-08 19:43:51.000,Your loyalty card has a new benefit. Tap to discover.,216,647,,,48,CUSTOM
2429,2026-05-07 06:43:51.000,2026-05-08 19:43:51.000,Happy birthday! Enjoy your special gift from us.,216,,,,48,CUSTOM
2430,2026-05-07 06:43:51.000,2026-05-08 19:43:51.000,Flash sale today only. Use your points for extra savings.,216,,,,48,AUTOMATED
2431,2026-05-07 11:43:51.000,2026-05-08 19:43:51.000,You are 50 points away from your next reward!,216,647,,,24,AUTOMATED
2432,2026-05-08 02:43:51.000,2026-05-08 19:43:51.000,Bring a friend and both of you earn bonus points.,216,,,,72,AUTOMATED
2433,2026-05-08 11:43:51.000,2026-05-08 19:43:51.000,Your loyalty card has a new benefit. Tap to discover.,216,,,,24,AUTOMATED
2434,2026-05-08 15:43:51.000,2026-05-08 19:43:51.000,Happy birthday! Enjoy your special gift from us.,216,646,,,48,CUSTOM
2435,2026-05-07 08:43:51.000,2026-05-08 19:43:51.000,Your loyalty card has a new benefit. Tap to discover.,216,,,,168,AUTOMATED
2436,2026-05-06 19:43:51.000,2026-05-08 19:43:51.000,We miss you! Come back and earn double points this week.,216,646,,,72,CUSTOM
2437,2026-05-06 21:43:51.000,2026-05-08 19:43:51.000,We miss you! Come back and earn double points this week.,216,648,,,72,CUSTOM
2438,2026-05-07 02:43:51.000,2026-05-08 19:43:51.000,Flash sale today only. Use your points for extra savings.,216,,,,24,AUTOMATED
2439,2026-05-08 09:43:51.000,2026-05-08 19:43:51.000,Bring a friend and both of you earn bonus points.,216,,,,24,AUTOMATED
2440,2026-05-06 19:43:51.000,2026-05-08 19:43:51.000,You are 50 points away from your next reward!,217,649,,753,24,AUTOMATED
2441,2026-05-08 06:43:51.000,2026-05-08 19:43:51.000,Bring a friend and both of you earn bonus points.,217,,,,48,CUSTOM
2442,2026-05-07 20:43:51.000,2026-05-08 19:43:51.000,Happy birthday! Enjoy your special gift from us.,217,650,,,24,CUSTOM
2443,2026-05-08 02:43:51.000,2026-05-08 19:43:51.000,New products just arrived. Be the first to check them out.,217,,,,72,AUTOMATED
2444,2026-05-07 20:43:51.000,2026-05-08 19:43:51.000,You are 50 points away from your next reward!,217,,,753,168,CUSTOM
2445,2026-05-08 17:43:51.000,2026-05-08 19:43:51.000,We miss you! Come back and earn double points this week.,217,,,752,168,CUSTOM
2446,2026-05-07 09:43:51.000,2026-05-08 19:43:51.000,Happy birthday! Enjoy your special gift from us.,218,,,,24,AUTOMATED
2447,2026-05-08 09:43:51.000,2026-05-08 19:43:51.000,Your loyalty card has a new benefit. Tap to discover.,218,652,,756,72,CUSTOM
2448,2026-05-08 13:43:51.000,2026-05-08 19:43:51.000,You are 50 points away from your next reward!,218,653,,,168,CUSTOM
2449,2026-05-07 00:43:51.000,2026-05-08 19:43:51.000,Bring a friend and both of you earn bonus points.,218,,,,168,AUTOMATED
2450,2026-05-07 15:43:51.000,2026-05-08 19:43:51.000,Happy birthday! Enjoy your special gift from us.,218,653,,757,72,AUTOMATED
2451,2026-05-07 03:43:51.000,2026-05-08 19:43:51.000,Happy birthday! Enjoy your special gift from us.,218,654,,,72,AUTOMATED
2452,2026-05-08 18:43:51.000,2026-05-08 19:43:51.000,Bring a friend and both of you earn bonus points.,218,,,755,72,CUSTOM
2453,2026-05-08 15:43:51.000,2026-05-08 19:43:51.000,You are 50 points away from your next reward!,218,,,754,168,AUTOMATED
2454,2026-05-07 12:43:51.000,2026-05-08 19:43:51.000,You have a reward waiting for you. Claim it now!,218,,,,48,AUTOMATED
2455,2026-05-07 05:43:51.000,2026-05-08 19:43:51.000,You are 50 points away from your next reward!,218,,,754,48,CUSTOM
2456,2026-05-08 08:43:51.000,2026-05-08 19:43:51.000,Happy birthday! Enjoy your special gift from us.,218,653,,,48,AUTOMATED
2457,2026-05-07 07:43:51.000,2026-05-08 19:43:51.000,Your loyalty card has a new benefit. Tap to discover.,218,,,754,24,CUSTOM
2458,2026-05-07 16:43:51.000,2026-05-08 19:43:51.000,Flash sale today only. Use your points for extra savings.,218,,,757,24,AUTOMATED
2459,2026-05-08 06:43:51.000,2026-05-08 19:43:51.000,Happy birthday! Enjoy your special gift from us.,219,657,,,24,AUTOMATED
2460,2026-05-07 18:43:51.000,2026-05-08 19:43:51.000,Bring a friend and both of you earn bonus points.,219,,,,48,AUTOMATED
2461,2026-05-07 12:43:51.000,2026-05-08 19:43:51.000,We miss you! Come back and earn double points this week.,219,656,,,24,AUTOMATED
2462,2026-05-08 12:43:51.000,2026-05-08 19:43:51.000,New products just arrived. Be the first to check them out.,220,659,,762,72,CUSTOM
2463,2026-05-07 14:43:51.000,2026-05-08 19:43:51.000,You are 50 points away from your next reward!,220,,,,72,CUSTOM
2464,2026-05-07 23:43:51.000,2026-05-08 19:43:51.000,We miss you! Come back and earn double points this week.,220,,,,48,AUTOMATED
2465,2026-05-07 06:43:51.000,2026-05-08 19:43:51.000,You are 50 points away from your next reward!,220,660,,,24,AUTOMATED
2466,2026-05-08 13:43:51.000,2026-05-08 19:43:51.000,Happy birthday! Enjoy your special gift from us.,221,,,,48,AUTOMATED
2467,2026-05-06 23:43:51.000,2026-05-08 19:43:51.000,Your loyalty card has a new benefit. Tap to discover.,221,,,,24,CUSTOM
2468,2026-05-07 06:43:51.000,2026-05-08 19:43:51.000,New products just arrived. Be the first to check them out.,221,662,,,168,CUSTOM
2469,2026-05-08 00:43:51.000,2026-05-08 19:43:51.000,Flash sale today only. Use your points for extra savings.,221,,,,72,AUTOMATED
2470,2026-05-07 08:43:51.000,2026-05-08 19:43:51.000,Your loyalty card has a new benefit. Tap to discover.,221,,,767,72,CUSTOM
2471,2026-05-08 10:43:51.000,2026-05-08 19:43:51.000,We miss you! Come back and earn double points this week.,221,,,,48,AUTOMATED
2472,2026-05-07 13:43:51.000,2026-05-08 19:43:51.000,Bring a friend and both of you earn bonus points.,221,,,764,24,AUTOMATED
2473,2026-05-07 12:43:51.000,2026-05-08 19:43:51.000,Bring a friend and both of you earn bonus points.,221,,,767,24,AUTOMATED
2474,2026-05-08 04:43:51.000,2026-05-08 19:43:51.000,You have a reward waiting for you. Claim it now!,221,661,,,48,AUTOMATED
2475,2026-05-08 12:43:51.000,2026-05-08 19:43:51.000,New products just arrived. Be the first to check them out.,221,662,,,24,CUSTOM
2476,2026-05-07 14:43:51.000,2026-05-08 19:43:51.000,New products just arrived. Be the first to check them out.,221,,,,48,CUSTOM
2477,2026-05-08 09:43:51.000,2026-05-08 19:43:51.000,Your loyalty card has a new benefit. Tap to discover.,221,662,,766,24,AUTOMATED
2478,2026-05-06 22:43:51.000,2026-05-08 19:43:51.000,You have a reward waiting for you. Claim it now!,221,,,,24,AUTOMATED
2479,2026-05-07 22:43:51.000,2026-05-08 19:43:51.000,Bring a friend and both of you earn bonus points.,221,,,,72,CUSTOM
2480,2026-05-06 20:43:51.000,2026-05-08 19:43:51.000,Flash sale today only. Use your points for extra savings.,221,663,,,48,CUSTOM
2481,2026-05-06 22:43:51.000,2026-05-08 19:43:51.000,Flash sale today only. Use your points for extra savings.,221,,,,72,CUSTOM
2482,2026-05-07 15:43:51.000,2026-05-08 19:43:51.000,Bring a friend and both of you earn bonus points.,221,,,,48,CUSTOM
2483,2026-05-07 11:43:51.000,2026-05-08 19:43:51.000,Flash sale today only. Use your points for extra savings.,221,,,766,24,CUSTOM
2484,2026-05-07 18:43:51.000,2026-05-08 19:43:51.000,We miss you! Come back and earn double points this week.,221,,,,24,CUSTOM
2485,2026-05-07 07:43:51.000,2026-05-08 19:43:51.000,Happy birthday! Enjoy your special gift from us.,221,,,766,72,CUSTOM
2486,2026-05-08 16:43:51.000,2026-05-08 19:43:51.000,Flash sale today only. Use your points for extra savings.,221,,,764,48,CUSTOM
2487,2026-05-06 23:43:51.000,2026-05-08 19:43:51.000,You are 50 points away from your next reward!,221,,,767,48,CUSTOM
2488,2026-05-08 12:43:51.000,2026-05-08 19:43:51.000,Happy birthday! Enjoy your special gift from us.,221,661,,,72,AUTOMATED
2489,2026-05-06 23:43:51.000,2026-05-08 19:43:51.000,Happy birthday! Enjoy your special gift from us.,221,,,765,48,CUSTOM
2490,2026-05-08 10:43:51.000,2026-05-08 19:43:51.000,Bring a friend and both of you earn bonus points.,221,661,,,168,AUTOMATED
2491,2026-05-06 21:43:51.000,2026-05-08 19:43:51.000,New products just arrived. Be the first to check them out.,221,662,,767,24,CUSTOM
2492,2026-05-08 16:43:51.000,2026-05-08 19:43:51.000,You are 50 points away from your next reward!,221,,,,72,AUTOMATED
2493,2026-05-07 23:43:51.000,2026-05-08 19:43:51.000,You are 50 points away from your next reward!,221,663,,765,72,AUTOMATED
2494,2026-05-07 15:43:51.000,2026-05-08 19:43:51.000,Flash sale today only. Use your points for extra savings.,222,,,,72,CUSTOM
2495,2026-05-07 05:43:51.000,2026-05-08 19:43:51.000,Bring a friend and both of you earn bonus points.,222,666,,,168,CUSTOM
2496,2026-05-07 16:43:51.000,2026-05-08 19:43:51.000,Your loyalty card has a new benefit. Tap to discover.,222,,,768,48,CUSTOM
2497,2026-05-08 11:43:51.000,2026-05-08 19:43:51.000,Bring a friend and both of you earn bonus points.,222,,,,72,AUTOMATED
2498,2026-05-07 00:43:51.000,2026-05-08 19:43:51.000,New products just arrived. Be the first to check them out.,222,,,,168,CUSTOM
2499,2026-05-08 10:43:51.000,2026-05-08 19:43:51.000,Flash sale today only. Use your points for extra savings.,222,665,,,48,CUSTOM
2500,2026-05-07 06:43:51.000,2026-05-08 19:43:51.000,We miss you! Come back and earn double points this week.,222,,,,168,CUSTOM
2501,2026-05-08 16:43:51.000,2026-05-08 19:43:51.000,Flash sale today only. Use your points for extra savings.,222,666,,768,24,AUTOMATED
2502,2026-05-07 09:43:51.000,2026-05-08 19:43:51.000,New products just arrived. Be the first to check them out.,222,664,,,48,CUSTOM
2503,2026-05-07 23:43:51.000,2026-05-08 19:43:51.000,Happy birthday! Enjoy your special gift from us.,222,,,769,24,CUSTOM
2504,2026-05-07 14:43:51.000,2026-05-08 19:43:51.000,Bring a friend and both of you earn bonus points.,222,666,,,24,AUTOMATED
2505,2026-05-08 12:43:51.000,2026-05-08 19:43:51.000,We miss you! Come back and earn double points this week.,222,664,,770,48,CUSTOM
2506,2026-05-06 23:43:51.000,2026-05-08 19:43:51.000,Bring a friend and both of you earn bonus points.,223,,,,168,CUSTOM
2507,2026-05-07 04:43:51.000,2026-05-08 19:43:51.000,We miss you! Come back and earn double points this week.,223,667,,,48,AUTOMATED
2508,2026-05-07 15:43:51.000,2026-05-08 19:43:51.000,Flash sale today only. Use your points for extra savings.,223,,,,24,CUSTOM
2509,2026-05-08 12:43:51.000,2026-05-08 19:43:51.000,You have a reward waiting for you. Claim it now!,223,669,,772,48,CUSTOM
2510,2026-05-08 06:43:51.000,2026-05-08 19:43:51.000,Flash sale today only. Use your points for extra savings.,223,,,772,72,CUSTOM
2511,2026-05-07 12:43:51.000,2026-05-08 19:43:51.000,You have a reward waiting for you. Claim it now!,223,668,,,48,AUTOMATED
2512,2026-05-06 22:43:51.000,2026-05-08 19:43:51.000,Bring a friend and both of you earn bonus points.,223,,,773,24,CUSTOM
2513,2026-05-08 13:43:51.000,2026-05-08 19:43:51.000,We miss you! Come back and earn double points this week.,223,,,,168,AUTOMATED
2514,2026-05-07 03:43:51.000,2026-05-08 19:43:51.000,We miss you! Come back and earn double points this week.,224,670,,775,24,CUSTOM
2515,2026-05-07 23:43:51.000,2026-05-08 19:43:51.000,Flash sale today only. Use your points for extra savings.,224,670,,,72,CUSTOM
2516,2026-05-08 15:43:51.000,2026-05-08 19:43:51.000,Bring a friend and both of you earn bonus points.,224,,,775,72,AUTOMATED
2517,2026-05-08 18:43:51.000,2026-05-08 19:43:51.000,New products just arrived. Be the first to check them out.,224,,,776,168,AUTOMATED
2518,2026-05-08 08:43:51.000,2026-05-08 19:43:51.000,You are 50 points away from your next reward!,224,672,,,72,CUSTOM
2519,2026-05-07 13:43:51.000,2026-05-08 19:43:51.000,Bring a friend and both of you earn bonus points.,224,672,,,72,CUSTOM
2520,2026-05-07 21:43:51.000,2026-05-08 19:43:51.000,Flash sale today only. Use your points for extra savings.,225,,,,48,AUTOMATED
2521,2026-05-08 07:43:51.000,2026-05-08 19:43:51.000,Your loyalty card has a new benefit. Tap to discover.,225,,,781,48,AUTOMATED
2522,2026-05-07 04:43:51.000,2026-05-08 19:43:51.000,Happy birthday! Enjoy your special gift from us.,225,675,,,72,AUTOMATED
2523,2026-05-07 15:43:51.000,2026-05-08 19:43:51.000,Your loyalty card has a new benefit. Tap to discover.,225,,,780,72,CUSTOM
2524,2026-05-07 16:43:51.000,2026-05-08 19:43:51.000,You are 50 points away from your next reward!,225,675,,,24,AUTOMATED
2525,2026-05-06 19:43:51.000,2026-05-08 19:43:51.000,Happy birthday! Enjoy your special gift from us.,225,,,782,72,CUSTOM
2526,2026-05-08 14:43:51.000,2026-05-08 19:43:51.000,Flash sale today only. Use your points for extra savings.,225,674,,,24,CUSTOM
2527,2026-05-07 01:43:51.000,2026-05-08 19:43:51.000,Your loyalty card has a new benefit. Tap to discover.,225,,,781,72,CUSTOM
2528,2026-05-08 01:43:51.000,2026-05-08 19:43:51.000,You are 50 points away from your next reward!,225,,,782,24,CUSTOM
2529,2026-05-07 04:43:51.000,2026-05-08 19:43:51.000,New products just arrived. Be the first to check them out.,225,,,,48,CUSTOM
2530,2026-05-07 09:43:51.000,2026-05-08 19:43:51.000,New products just arrived. Be the first to check them out.,225,,,782,72,AUTOMATED
2531,2026-05-08 09:43:51.000,2026-05-08 19:43:51.000,Happy birthday! Enjoy your special gift from us.,225,,,,168,CUSTOM
2532,2026-05-08 06:43:51.000,2026-05-08 19:43:51.000,You are 50 points away from your next reward!,225,674,,,48,AUTOMATED
2533,2026-05-08 05:43:51.000,2026-05-08 19:43:51.000,Happy birthday! Enjoy your special gift from us.,225,,,,72,AUTOMATED
2534,2026-05-07 12:43:51.000,2026-05-08 19:43:51.000,Happy birthday! Enjoy your special gift from us.,226,677,,,48,AUTOMATED
2535,2026-05-08 18:43:51.000,2026-05-08 19:43:51.000,We miss you! Come back and earn double points this week.,226,,,,72,CUSTOM
2536,2026-05-07 07:43:51.000,2026-05-08 19:43:51.000,New products just arrived. Be the first to check them out.,226,,,783,48,AUTOMATED
2537,2026-05-08 13:43:51.000,2026-05-08 19:43:51.000,We miss you! Come back and earn double points this week.,226,,,,48,AUTOMATED
2538,2026-05-07 21:43:51.000,2026-05-08 19:43:51.000,New products just arrived. Be the first to check them out.,226,676,,785,168,CUSTOM
2539,2026-05-06 20:43:51.000,2026-05-08 19:43:51.000,Happy birthday! Enjoy your special gift from us.,226,676,,784,24,CUSTOM
2540,2026-05-07 05:43:51.000,2026-05-08 19:43:51.000,You are 50 points away from your next reward!,226,676,,,24,CUSTOM
2541,2026-05-08 18:43:51.000,2026-05-08 19:43:51.000,Bring a friend and both of you earn bonus points.,227,,,,168,AUTOMATED
2542,2026-05-08 14:43:51.000,2026-05-08 19:43:51.000,Your loyalty card has a new benefit. Tap to discover.,227,,,,48,AUTOMATED
2543,2026-05-08 14:43:51.000,2026-05-08 19:43:51.000,Happy birthday! Enjoy your special gift from us.,227,679,,,72,CUSTOM
2544,2026-05-07 14:43:51.000,2026-05-08 19:43:51.000,We miss you! Come back and earn double points this week.,227,680,,,168,CUSTOM
2545,2026-05-07 07:43:51.000,2026-05-08 19:43:51.000,Bring a friend and both of you earn bonus points.,227,,,,168,AUTOMATED
2546,2026-05-07 17:43:51.000,2026-05-08 19:43:51.000,New products just arrived. Be the first to check them out.,227,680,,,72,AUTOMATED
2547,2026-05-07 20:43:51.000,2026-05-08 19:43:51.000,We miss you! Come back and earn double points this week.,227,,,,168,CUSTOM
2548,2026-05-07 07:43:51.000,2026-05-08 19:43:51.000,Flash sale today only. Use your points for extra savings.,227,680,,,48,CUSTOM
2549,2026-05-07 20:43:51.000,2026-05-08 19:43:51.000,Flash sale today only. Use your points for extra savings.,227,,,,72,AUTOMATED
2550,2026-05-08 07:43:51.000,2026-05-08 19:43:51.000,Bring a friend and both of you earn bonus points.,227,,,791,24,AUTOMATED
2551,2026-05-07 07:43:51.000,2026-05-08 19:43:51.000,New products just arrived. Be the first to check them out.,227,679,,,72,AUTOMATED
2552,2026-05-08 16:43:51.000,2026-05-08 19:43:51.000,We miss you! Come back and earn double points this week.,227,,,,24,AUTOMATED
2553,2026-05-06 20:43:51.000,2026-05-08 19:43:51.000,Happy birthday! Enjoy your special gift from us.,227,680,,,48,AUTOMATED
2554,2026-05-07 15:43:51.000,2026-05-08 19:43:51.000,You are 50 points away from your next reward!,227,,,791,168,AUTOMATED
2555,2026-05-08 12:43:51.000,2026-05-08 19:43:51.000,You are 50 points away from your next reward!,227,,,789,72,CUSTOM
2556,2026-05-07 23:43:51.000,2026-05-08 19:43:51.000,New products just arrived. Be the first to check them out.,227,,,,72,CUSTOM
2557,2026-05-08 12:43:51.000,2026-05-08 19:43:51.000,Flash sale today only. Use your points for extra savings.,227,,,789,24,AUTOMATED
2558,2026-05-07 16:43:51.000,2026-05-08 19:43:51.000,Flash sale today only. Use your points for extra savings.,227,,,791,72,AUTOMATED
2559,2026-05-07 10:43:51.000,2026-05-08 19:43:51.000,Happy birthday! Enjoy your special gift from us.,227,,,,72,AUTOMATED
2560,2026-05-06 21:43:51.000,2026-05-08 19:43:51.000,Bring a friend and both of you earn bonus points.,227,,,,24,AUTOMATED
2561,2026-05-07 19:43:51.000,2026-05-08 19:43:51.000,We miss you! Come back and earn double points this week.,227,,,,48,CUSTOM
2562,2026-05-08 11:43:51.000,2026-05-08 19:43:51.000,You are 50 points away from your next reward!,227,679,,,48,AUTOMATED
2563,2026-05-07 18:43:51.000,2026-05-08 19:43:51.000,Happy birthday! Enjoy your special gift from us.,227,,,,48,AUTOMATED
2564,2026-05-07 09:43:51.000,2026-05-08 19:43:51.000,You have a reward waiting for you. Claim it now!,227,680,,791,48,AUTOMATED
2565,2026-05-08 01:43:51.000,2026-05-08 19:43:51.000,We miss you! Come back and earn double points this week.,227,,,789,48,AUTOMATED
2566,2026-05-07 03:43:51.000,2026-05-08 19:43:51.000,Your loyalty card has a new benefit. Tap to discover.,227,679,,788,24,CUSTOM
2567,2026-05-07 20:43:51.000,2026-05-08 19:43:51.000,You are 50 points away from your next reward!,227,,,,72,CUSTOM
2568,2026-05-08 04:43:51.000,2026-05-08 19:43:51.000,Bring a friend and both of you earn bonus points.,227,,,,72,CUSTOM
2569,2026-05-08 06:43:51.000,2026-05-08 19:43:51.000,You have a reward waiting for you. Claim it now!,227,680,,788,24,CUSTOM
2570,2026-05-08 05:43:51.000,2026-05-08 19:43:51.000,Happy birthday! Enjoy your special gift from us.,227,,,788,72,CUSTOM
2571,2026-05-07 04:43:51.000,2026-05-08 19:43:51.000,Happy birthday! Enjoy your special gift from us.,228,,,795,168,AUTOMATED
2572,2026-05-07 04:43:51.000,2026-05-08 19:43:51.000,You have a reward waiting for you. Claim it now!,228,684,,795,72,CUSTOM
2573,2026-05-06 22:43:51.000,2026-05-08 19:43:51.000,Your loyalty card has a new benefit. Tap to discover.,228,684,,,168,AUTOMATED
2574,2026-05-06 21:43:51.000,2026-05-08 19:43:51.000,Flash sale today only. Use your points for extra savings.,228,,,,72,CUSTOM
2575,2026-05-07 14:43:51.000,2026-05-08 19:43:51.000,Bring a friend and both of you earn bonus points.,228,,,,168,CUSTOM
2576,2026-05-08 08:43:51.000,2026-05-08 19:43:51.000,You have a reward waiting for you. Claim it now!,228,,,,168,CUSTOM
2577,2026-05-08 18:43:51.000,2026-05-08 19:43:51.000,We miss you! Come back and earn double points this week.,228,,,,24,CUSTOM
2578,2026-05-07 23:43:51.000,2026-05-08 19:43:51.000,New products just arrived. Be the first to check them out.,228,,,795,48,AUTOMATED
2579,2026-05-08 05:43:51.000,2026-05-08 19:43:51.000,We miss you! Come back and earn double points this week.,228,,,,48,AUTOMATED
2580,2026-05-08 02:43:51.000,2026-05-08 19:43:51.000,We miss you! Come back and earn double points this week.,228,,,,48,AUTOMATED
2581,2026-05-07 06:43:51.000,2026-05-08 19:43:51.000,You have a reward waiting for you. Claim it now!,228,,,,72,AUTOMATED
2582,2026-05-07 04:43:51.000,2026-05-08 19:43:51.000,Your loyalty card has a new benefit. Tap to discover.,228,684,,793,72,CUSTOM
2583,2026-05-08 16:43:51.000,2026-05-08 19:43:51.000,Your loyalty card has a new benefit. Tap to discover.,228,,,,48,AUTOMATED
2584,2026-05-07 08:43:51.000,2026-05-08 19:43:51.000,Your loyalty card has a new benefit. Tap to discover.,228,,,796,168,AUTOMATED
2585,2026-05-07 23:43:51.000,2026-05-08 19:43:51.000,Happy birthday! Enjoy your special gift from us.,228,682,,796,24,CUSTOM
2586,2026-05-07 08:43:51.000,2026-05-08 19:43:51.000,New products just arrived. Be the first to check them out.,228,,,,168,AUTOMATED
2587,2026-05-07 04:43:51.000,2026-05-08 19:43:51.000,Happy birthday! Enjoy your special gift from us.,228,,,796,168,AUTOMATED
2588,2026-05-08 08:43:51.000,2026-05-08 19:43:51.000,Bring a friend and both of you earn bonus points.,228,684,,,168,AUTOMATED
2589,2026-05-08 08:43:51.000,2026-05-08 19:43:51.000,Flash sale today only. Use your points for extra savings.,228,684,,796,168,AUTOMATED
2590,2026-05-07 01:43:51.000,2026-05-08 19:43:51.000,Happy birthday! Enjoy your special gift from us.,228,,,,168,CUSTOM
2591,2026-05-07 00:43:51.000,2026-05-08 19:43:51.000,Your loyalty card has a new benefit. Tap to discover.,228,,,,48,AUTOMATED
2592,2026-05-07 05:43:51.000,2026-05-08 19:43:51.000,New products just arrived. Be the first to check them out.,229,,,,168,CUSTOM
2593,2026-05-06 23:43:51.000,2026-05-08 19:43:51.000,We miss you! Come back and earn double points this week.,229,687,,,168,CUSTOM
2594,2026-05-08 09:43:51.000,2026-05-08 19:43:51.000,Bring a friend and both of you earn bonus points.,229,,,797,24,CUSTOM
2595,2026-05-08 01:43:51.000,2026-05-08 19:43:51.000,Your loyalty card has a new benefit. Tap to discover.,229,686,,800,72,AUTOMATED
2596,2026-05-07 15:43:51.000,2026-05-08 19:43:51.000,Flash sale today only. Use your points for extra savings.,229,,,799,48,AUTOMATED
2597,2026-05-08 15:43:51.000,2026-05-08 19:43:51.000,New products just arrived. Be the first to check them out.,229,,,,24,CUSTOM
2598,2026-05-07 11:43:51.000,2026-05-08 19:43:51.000,Flash sale today only. Use your points for extra savings.,229,687,,,24,AUTOMATED
2599,2026-05-07 02:43:51.000,2026-05-08 19:43:51.000,You have a reward waiting for you. Claim it now!,230,,,802,48,CUSTOM
2600,2026-05-07 10:43:51.000,2026-05-08 19:43:51.000,Your loyalty card has a new benefit. Tap to discover.,230,688,,,168,AUTOMATED
2601,2026-05-07 09:43:51.000,2026-05-08 19:43:51.000,We miss you! Come back and earn double points this week.,230,,,802,48,CUSTOM
2602,2026-05-07 13:43:51.000,2026-05-08 19:43:51.000,New products just arrived. Be the first to check them out.,230,688,,,48,CUSTOM
2603,2026-05-07 02:43:51.000,2026-05-08 19:43:51.000,Happy birthday! Enjoy your special gift from us.,230,,,,168,CUSTOM
2604,2026-05-07 07:43:51.000,2026-05-08 19:43:51.000,We miss you! Come back and earn double points this week.,230,,,,48,CUSTOM
2605,2026-05-07 17:43:51.000,2026-05-08 19:43:51.000,You are 50 points away from your next reward!,230,,,,48,AUTOMATED
2606,2026-05-07 01:43:51.000,2026-05-08 19:43:51.000,Happy birthday! Enjoy your special gift from us.,230,,,,48,AUTOMATED
2607,2026-05-08 00:43:51.000,2026-05-08 19:43:51.000,Flash sale today only. Use your points for extra savings.,230,690,,803,24,CUSTOM
2608,2026-05-08 15:43:51.000,2026-05-08 19:43:51.000,We miss you! Come back and earn double points this week.,230,688,,805,72,AUTOMATED
2609,2026-05-07 14:43:51.000,2026-05-08 19:43:51.000,New products just arrived. Be the first to check them out.,230,,,,168,CUSTOM
2610,2026-05-08 06:43:51.000,2026-05-08 19:43:51.000,Your loyalty card has a new benefit. Tap to discover.,230,,,,48,AUTOMATED
2611,2026-05-07 14:43:51.000,2026-05-08 19:43:51.000,We miss you! Come back and earn double points this week.,230,,,,48,AUTOMATED
2612,2026-05-07 23:43:51.000,2026-05-08 19:43:51.000,Happy birthday! Enjoy your special gift from us.,230,,,804,48,AUTOMATED
2613,2026-05-08 04:43:51.000,2026-05-08 19:43:51.000,Bring a friend and both of you earn bonus points.,231,,,,72,CUSTOM
2614,2026-05-06 23:43:51.000,2026-05-08 19:43:51.000,Bring a friend and both of you earn bonus points.,231,,,,48,AUTOMATED
2615,2026-05-07 12:43:51.000,2026-05-08 19:43:51.000,Flash sale today only. Use your points for extra savings.,231,,,,24,CUSTOM
2616,2026-05-08 07:43:51.000,2026-05-08 19:43:51.000,You are 50 points away from your next reward!,231,,,,72,CUSTOM
2617,2026-05-07 22:43:51.000,2026-05-08 19:43:51.000,You have a reward waiting for you. Claim it now!,231,,,809,168,AUTOMATED
2618,2026-05-07 17:43:51.000,2026-05-08 19:43:51.000,Happy birthday! Enjoy your special gift from us.,231,,,,168,AUTOMATED
2619,2026-05-08 09:43:51.000,2026-05-08 19:43:51.000,You have a reward waiting for you. Claim it now!,231,,,,48,AUTOMATED
2620,2026-05-07 13:43:51.000,2026-05-08 19:43:51.000,Happy birthday! Enjoy your special gift from us.,231,,,,48,CUSTOM
2621,2026-05-08 10:43:51.000,2026-05-08 19:43:51.000,Bring a friend and both of you earn bonus points.,231,,,806,72,AUTOMATED
2622,2026-05-06 20:43:51.000,2026-05-08 19:43:51.000,You have a reward waiting for you. Claim it now!,231,,,,72,AUTOMATED
2623,2026-05-07 05:43:51.000,2026-05-08 19:43:51.000,You are 50 points away from your next reward!,231,693,,809,168,AUTOMATED
2624,2026-05-07 21:43:51.000,2026-05-08 19:43:51.000,Bring a friend and both of you earn bonus points.,232,695,,,72,CUSTOM
2625,2026-05-07 11:43:51.000,2026-05-08 19:43:51.000,You are 50 points away from your next reward!,232,,,,72,AUTOMATED
2626,2026-05-07 17:43:51.000,2026-05-08 19:43:51.000,We miss you! Come back and earn double points this week.,232,696,,,24,AUTOMATED
2627,2026-05-08 06:43:51.000,2026-05-08 19:43:51.000,Happy birthday! Enjoy your special gift from us.,232,696,,,48,AUTOMATED
2628,2026-05-08 03:43:51.000,2026-05-08 19:43:51.000,Bring a friend and both of you earn bonus points.,232,,,,24,CUSTOM
2629,2026-05-08 07:43:51.000,2026-05-08 19:43:51.000,Your loyalty card has a new benefit. Tap to discover.,232,694,,,168,CUSTOM
2630,2026-05-08 18:43:51.000,2026-05-08 19:43:51.000,Bring a friend and both of you earn bonus points.,232,,,,72,CUSTOM
2631,2026-05-08 17:43:51.000,2026-05-08 19:43:51.000,We miss you! Come back and earn double points this week.,233,697,,813,48,CUSTOM
2632,2026-05-06 19:43:51.000,2026-05-08 19:43:51.000,New products just arrived. Be the first to check them out.,233,,,813,72,AUTOMATED
2633,2026-05-08 15:43:51.000,2026-05-08 19:43:51.000,Flash sale today only. Use your points for extra savings.,233,,,,48,AUTOMATED
2634,2026-05-08 08:43:51.000,2026-05-08 19:43:51.000,You have a reward waiting for you. Claim it now!,233,699,,814,48,CUSTOM
2635,2026-05-07 00:43:51.000,2026-05-08 19:43:51.000,You are 50 points away from your next reward!,233,699,,,168,AUTOMATED
2636,2026-05-06 23:43:51.000,2026-05-08 19:43:51.000,Bring a friend and both of you earn bonus points.,233,697,,,72,AUTOMATED
2637,2026-05-08 04:43:51.000,2026-05-08 19:43:51.000,Bring a friend and both of you earn bonus points.,234,701,,816,72,CUSTOM
2638,2026-05-07 22:43:51.000,2026-05-08 19:43:51.000,Happy birthday! Enjoy your special gift from us.,234,,,,72,AUTOMATED
2639,2026-05-08 16:43:51.000,2026-05-08 19:43:51.000,Happy birthday! Enjoy your special gift from us.,234,702,,,168,AUTOMATED
2640,2026-05-08 02:43:51.000,2026-05-08 19:43:51.000,You are 50 points away from your next reward!,234,,,817,168,AUTOMATED
2641,2026-05-08 13:43:51.000,2026-05-08 19:43:51.000,Bring a friend and both of you earn bonus points.,234,701,,818,24,CUSTOM
2642,2026-05-07 04:43:51.000,2026-05-08 19:43:51.000,You have a reward waiting for you. Claim it now!,234,700,,818,168,CUSTOM
2643,2026-05-07 16:43:51.000,2026-05-08 19:43:51.000,Happy birthday! Enjoy your special gift from us.,234,700,,817,24,CUSTOM
2644,2026-05-07 10:43:51.000,2026-05-08 19:43:51.000,Bring a friend and both of you earn bonus points.,234,700,,,72,AUTOMATED
2645,2026-05-06 21:43:51.000,2026-05-08 19:43:51.000,New products just arrived. Be the first to check them out.,234,,,817,48,AUTOMATED
2646,2026-05-08 15:43:51.000,2026-05-08 19:43:51.000,You are 50 points away from your next reward!,234,,,816,24,CUSTOM
2647,2026-05-08 00:43:51.000,2026-05-08 19:43:51.000,We miss you! Come back and earn double points this week.,234,,,,168,AUTOMATED
2648,2026-05-07 19:43:51.000,2026-05-08 19:43:51.000,We miss you! Come back and earn double points this week.,234,,,,168,AUTOMATED
2649,2026-05-08 13:43:51.000,2026-05-08 19:43:51.000,Your loyalty card has a new benefit. Tap to discover.,234,,,816,48,CUSTOM
2650,2026-05-08 00:43:51.000,2026-05-08 19:43:51.000,We miss you! Come back and earn double points this week.,234,,,,48,AUTOMATED
2651,2026-05-07 16:43:51.000,2026-05-08 19:43:51.000,Your loyalty card has a new benefit. Tap to discover.,234,,,817,48,CUSTOM
2652,2026-05-07 12:43:51.000,2026-05-08 19:43:51.000,Happy birthday! Enjoy your special gift from us.,234,701,,,24,AUTOMATED
2653,2026-05-08 17:43:51.000,2026-05-08 19:43:51.000,You have a reward waiting for you. Claim it now!,234,700,,,168,AUTOMATED
2654,2026-05-07 15:43:51.000,2026-05-08 19:43:51.000,Flash sale today only. Use your points for extra savings.,234,701,,,48,AUTOMATED
2655,2026-05-07 21:43:51.000,2026-05-08 19:43:51.000,We miss you! Come back and earn double points this week.,234,701,,818,48,AUTOMATED
2656,2026-05-07 00:43:51.000,2026-05-08 19:43:51.000,New products just arrived. Be the first to check them out.,234,,,,24,CUSTOM
2657,2026-05-07 03:43:51.000,2026-05-08 19:43:51.000,Your loyalty card has a new benefit. Tap to discover.,234,,,818,24,CUSTOM
2658,2026-05-07 07:43:51.000,2026-05-08 19:43:51.000,We miss you! Come back and earn double points this week.,234,701,,,48,CUSTOM
2659,2026-05-08 12:43:51.000,2026-05-08 19:43:51.000,Your loyalty card has a new benefit. Tap to discover.,234,702,,817,72,AUTOMATED
2660,2026-05-07 15:43:51.000,2026-05-08 19:43:51.000,Flash sale today only. Use your points for extra savings.,234,,,,72,CUSTOM
2661,2026-05-08 18:43:51.000,2026-05-08 19:43:51.000,New products just arrived. Be the first to check them out.,234,,,,72,CUSTOM
2662,2026-05-07 09:43:51.000,2026-05-08 19:43:51.000,Happy birthday! Enjoy your special gift from us.,234,701,,,168,AUTOMATED
2663,2026-05-07 14:43:51.000,2026-05-08 19:43:51.000,Happy birthday! Enjoy your special gift from us.,234,,,,72,AUTOMATED
2664,2026-05-07 17:43:51.000,2026-05-08 19:43:51.000,Flash sale today only. Use your points for extra savings.,234,,,,168,AUTOMATED
2665,2026-05-07 01:43:51.000,2026-05-08 19:43:51.000,You have a reward waiting for you. Claim it now!,234,700,,,48,AUTOMATED
2666,2026-05-07 05:43:51.000,2026-05-08 19:43:51.000,Bring a friend and both of you earn bonus points.,235,,,,24,CUSTOM
2667,2026-05-06 21:43:51.000,2026-05-08 19:43:51.000,You have a reward waiting for you. Claim it now!,235,,,820,168,AUTOMATED
2668,2026-05-08 10:43:51.000,2026-05-08 19:43:51.000,Your loyalty card has a new benefit. Tap to discover.,235,704,,,48,AUTOMATED
2669,2026-05-07 17:43:51.000,2026-05-08 19:43:51.000,Your loyalty card has a new benefit. Tap to discover.,235,,,,168,CUSTOM
2670,2026-05-07 13:43:51.000,2026-05-08 19:43:51.000,Bring a friend and both of you earn bonus points.,235,703,,819,72,CUSTOM
2671,2026-05-07 11:43:51.000,2026-05-08 19:43:51.000,Happy birthday! Enjoy your special gift from us.,235,703,,,24,CUSTOM
2672,2026-05-08 06:43:51.000,2026-05-08 19:43:51.000,Your loyalty card has a new benefit. Tap to discover.,235,,,,168,AUTOMATED
2673,2026-05-07 03:43:51.000,2026-05-08 19:43:51.000,You are 50 points away from your next reward!,236,707,,,168,AUTOMATED
2674,2026-05-07 19:43:51.000,2026-05-08 19:43:51.000,Happy birthday! Enjoy your special gift from us.,236,,,,24,CUSTOM
2675,2026-05-08 16:43:51.000,2026-05-08 19:43:51.000,We miss you! Come back and earn double points this week.,236,706,,821,24,CUSTOM
2676,2026-05-06 21:43:51.000,2026-05-08 19:43:51.000,You are 50 points away from your next reward!,236,,,,24,AUTOMATED
2677,2026-05-07 19:43:51.000,2026-05-08 19:43:51.000,Your loyalty card has a new benefit. Tap to discover.,236,,,822,24,CUSTOM
2678,2026-05-08 00:43:51.000,2026-05-08 19:43:51.000,We miss you! Come back and earn double points this week.,236,706,,,72,AUTOMATED
2679,2026-05-08 01:43:51.000,2026-05-08 19:43:51.000,Happy birthday! Enjoy your special gift from us.,237,,,,24,AUTOMATED
2680,2026-05-07 06:43:51.000,2026-05-08 19:43:51.000,Your loyalty card has a new benefit. Tap to discover.,237,,,,168,CUSTOM
2681,2026-05-07 11:43:51.000,2026-05-08 19:43:51.000,We miss you! Come back and earn double points this week.,237,709,,,48,AUTOMATED
2682,2026-05-06 20:43:51.000,2026-05-08 19:43:51.000,Bring a friend and both of you earn bonus points.,237,711,,,168,CUSTOM
2683,2026-05-07 11:43:51.000,2026-05-08 19:43:51.000,Bring a friend and both of you earn bonus points.,237,,,,168,CUSTOM
2684,2026-05-07 06:43:51.000,2026-05-08 19:43:51.000,You are 50 points away from your next reward!,237,711,,823,168,CUSTOM
2685,2026-05-07 06:43:51.000,2026-05-08 19:43:51.000,You are 50 points away from your next reward!,238,,,828,24,CUSTOM
2686,2026-05-08 17:43:51.000,2026-05-08 19:43:51.000,You are 50 points away from your next reward!,238,,,,72,CUSTOM
2687,2026-05-06 21:43:51.000,2026-05-08 19:43:51.000,Bring a friend and both of you earn bonus points.,238,713,,827,24,CUSTOM
2688,2026-05-08 18:43:51.000,2026-05-08 19:43:51.000,Bring a friend and both of you earn bonus points.,238,,,,24,CUSTOM
2689,2026-05-08 06:43:51.000,2026-05-08 19:43:51.000,Your loyalty card has a new benefit. Tap to discover.,238,713,,,72,CUSTOM
2690,2026-05-08 01:43:51.000,2026-05-08 19:43:51.000,Flash sale today only. Use your points for extra savings.,239,,,,48,AUTOMATED
2691,2026-05-08 11:43:51.000,2026-05-08 19:43:51.000,You have a reward waiting for you. Claim it now!,239,,,,72,AUTOMATED
2692,2026-05-08 02:43:51.000,2026-05-08 19:43:51.000,We miss you! Come back and earn double points this week.,239,,,831,24,CUSTOM
2693,2026-05-07 14:43:51.000,2026-05-08 19:43:51.000,Your loyalty card has a new benefit. Tap to discover.,240,,,,24,CUSTOM
2694,2026-05-07 04:43:51.000,2026-05-08 19:43:51.000,Flash sale today only. Use your points for extra savings.,240,718,,,24,AUTOMATED
2695,2026-05-07 15:43:51.000,2026-05-08 19:43:51.000,Flash sale today only. Use your points for extra savings.,240,,,836,72,CUSTOM
2696,2026-05-08 14:43:51.000,2026-05-08 19:43:51.000,Happy birthday! Enjoy your special gift from us.,240,,,836,168,CUSTOM
2697,2026-05-07 01:43:51.000,2026-05-08 19:43:51.000,New products just arrived. Be the first to check them out.,240,718,,833,48,AUTOMATED
2698,2026-05-07 20:43:51.000,2026-05-08 19:43:51.000,Happy birthday! Enjoy your special gift from us.,240,720,,833,72,AUTOMATED
2699,2026-05-07 15:43:51.000,2026-05-08 19:43:51.000,New products just arrived. Be the first to check them out.,240,,,,72,AUTOMATED
2700,2026-05-07 23:43:51.000,2026-05-08 19:43:51.000,Your loyalty card has a new benefit. Tap to discover.,241,,,,24,CUSTOM
2701,2026-05-08 00:43:51.000,2026-05-08 19:43:51.000,You have a reward waiting for you. Claim it now!,241,722,,,168,AUTOMATED
2702,2026-05-07 07:43:51.000,2026-05-08 19:43:51.000,Your loyalty card has a new benefit. Tap to discover.,241,,,,168,CUSTOM
2703,2026-05-07 06:43:51.000,2026-05-08 19:43:51.000,New products just arrived. Be the first to check them out.,241,,,,48,CUSTOM
2704,2026-05-06 23:43:51.000,2026-05-08 19:43:51.000,We miss you! Come back and earn double points this week.,241,,,,168,AUTOMATED
2705,2026-05-08 15:43:51.000,2026-05-08 19:43:51.000,Your loyalty card has a new benefit. Tap to discover.,241,,,837,168,AUTOMATED
2706,2026-05-08 13:43:51.000,2026-05-08 19:43:51.000,You are 50 points away from your next reward!,241,,,840,72,CUSTOM
2707,2026-05-07 15:43:51.000,2026-05-08 19:43:51.000,We miss you! Come back and earn double points this week.,241,,,838,24,AUTOMATED
2708,2026-05-08 18:43:51.000,2026-05-08 19:43:51.000,New products just arrived. Be the first to check them out.,241,721,,,48,CUSTOM
2709,2026-05-08 06:43:51.000,2026-05-08 19:43:51.000,Your loyalty card has a new benefit. Tap to discover.,241,721,,840,168,AUTOMATED
2710,2026-05-07 23:43:51.000,2026-05-08 19:43:51.000,Your loyalty card has a new benefit. Tap to discover.,241,721,,,24,AUTOMATED
2711,2026-05-07 12:43:51.000,2026-05-08 19:43:51.000,We miss you! Come back and earn double points this week.,241,,,,168,CUSTOM
2712,2026-05-08 04:43:51.000,2026-05-08 19:43:51.000,You are 50 points away from your next reward!,241,,,839,168,AUTOMATED
2713,2026-05-08 14:43:51.000,2026-05-08 19:43:51.000,Bring a friend and both of you earn bonus points.,242,724,,,72,AUTOMATED
2714,2026-05-08 07:43:51.000,2026-05-08 19:43:51.000,Your loyalty card has a new benefit. Tap to discover.,242,,,,48,AUTOMATED
2715,2026-05-07 14:43:51.000,2026-05-08 19:43:51.000,Bring a friend and both of you earn bonus points.,242,,,,168,AUTOMATED
2716,2026-05-08 10:43:51.000,2026-05-08 19:43:51.000,Your loyalty card has a new benefit. Tap to discover.,242,,,,48,CUSTOM
2717,2026-05-08 03:43:51.000,2026-05-08 19:43:51.000,Happy birthday! Enjoy your special gift from us.,242,,,,48,CUSTOM
2718,2026-05-07 10:43:51.000,2026-05-08 19:43:51.000,We miss you! Come back and earn double points this week.,242,,,,168,CUSTOM
2719,2026-05-07 20:43:51.000,2026-05-08 19:43:51.000,New products just arrived. Be the first to check them out.,242,725,,,72,AUTOMATED
2720,2026-05-08 18:43:51.000,2026-05-08 19:43:51.000,Your loyalty card has a new benefit. Tap to discover.,242,,,843,72,AUTOMATED
2721,2026-05-06 22:43:51.000,2026-05-08 19:43:51.000,Happy birthday! Enjoy your special gift from us.,242,725,,,48,CUSTOM
2722,2026-05-08 18:43:51.000,2026-05-08 19:43:51.000,New products just arrived. Be the first to check them out.,242,,,,48,AUTOMATED
2723,2026-05-07 06:43:51.000,2026-05-08 19:43:51.000,Your loyalty card has a new benefit. Tap to discover.,242,724,,,48,AUTOMATED
2724,2026-05-07 03:43:51.000,2026-05-08 19:43:51.000,Your loyalty card has a new benefit. Tap to discover.,242,,,,168,CUSTOM
2725,2026-05-06 22:43:51.000,2026-05-08 19:43:51.000,Flash sale today only. Use your points for extra savings.,242,,,,72,AUTOMATED
2726,2026-05-06 19:43:51.000,2026-05-08 19:43:51.000,You have a reward waiting for you. Claim it now!,243,729,,845,24,AUTOMATED
2727,2026-05-07 18:43:51.000,2026-05-08 19:43:51.000,Happy birthday! Enjoy your special gift from us.,243,,,,48,AUTOMATED
2728,2026-05-08 01:43:51.000,2026-05-08 19:43:51.000,Happy birthday! Enjoy your special gift from us.,243,729,,845,72,CUSTOM
2729,2026-05-08 14:43:51.000,2026-05-08 19:43:51.000,Happy birthday! Enjoy your special gift from us.,243,,,,24,CUSTOM
2730,2026-05-08 14:43:51.000,2026-05-08 19:43:51.000,Happy birthday! Enjoy your special gift from us.,243,,,,168,CUSTOM
2731,2026-05-07 07:43:51.000,2026-05-08 19:43:51.000,You have a reward waiting for you. Claim it now!,243,729,,,168,CUSTOM
2732,2026-05-07 09:43:51.000,2026-05-08 19:43:51.000,Flash sale today only. Use your points for extra savings.,243,,,,24,CUSTOM
2733,2026-05-07 19:43:51.000,2026-05-08 19:43:51.000,New products just arrived. Be the first to check them out.,243,,,,48,AUTOMATED
2734,2026-05-06 22:43:51.000,2026-05-08 19:43:51.000,You are 50 points away from your next reward!,243,729,,,48,CUSTOM
2735,2026-05-06 21:43:51.000,2026-05-08 19:43:51.000,Happy birthday! Enjoy your special gift from us.,243,727,,848,24,AUTOMATED
2736,2026-05-07 12:43:51.000,2026-05-08 19:43:51.000,New products just arrived. Be the first to check them out.,243,729,,,24,CUSTOM
2737,2026-05-07 01:43:51.000,2026-05-08 19:43:51.000,Flash sale today only. Use your points for extra savings.,243,727,,847,24,AUTOMATED
2738,2026-05-08 09:43:51.000,2026-05-08 19:43:51.000,New products just arrived. Be the first to check them out.,243,,,,48,AUTOMATED
2739,2026-05-07 14:43:51.000,2026-05-08 19:43:51.000,Happy birthday! Enjoy your special gift from us.,243,,,,24,AUTOMATED
2740,2026-05-07 01:43:51.000,2026-05-08 19:43:51.000,You have a reward waiting for you. Claim it now!,244,,,,24,CUSTOM
2741,2026-05-08 09:43:51.000,2026-05-08 19:43:51.000,Flash sale today only. Use your points for extra savings.,244,,,,24,AUTOMATED
2742,2026-05-07 06:43:51.000,2026-05-08 19:43:51.000,You have a reward waiting for you. Claim it now!,244,732,,,168,AUTOMATED
2743,2026-05-07 23:43:51.000,2026-05-08 19:43:51.000,You are 50 points away from your next reward!,245,,,854,24,CUSTOM
2744,2026-05-07 21:43:51.000,2026-05-08 19:43:51.000,Your loyalty card has a new benefit. Tap to discover.,245,733,,852,168,AUTOMATED
2745,2026-05-07 05:43:51.000,2026-05-08 19:43:51.000,New products just arrived. Be the first to check them out.,245,734,,854,72,AUTOMATED
2746,2026-05-08 05:43:51.000,2026-05-08 19:43:51.000,Happy birthday! Enjoy your special gift from us.,245,,,851,72,AUTOMATED
2747,2026-05-07 20:43:51.000,2026-05-08 19:43:51.000,You have a reward waiting for you. Claim it now!,245,733,,854,72,CUSTOM
2748,2026-05-06 22:43:51.000,2026-05-08 19:43:51.000,Bring a friend and both of you earn bonus points.,245,733,,852,168,AUTOMATED
2749,2026-05-07 00:43:51.000,2026-05-08 19:43:51.000,New products just arrived. Be the first to check them out.,245,733,,,24,CUSTOM
2750,2026-05-07 08:43:51.000,2026-05-08 19:43:51.000,Happy birthday! Enjoy your special gift from us.,245,,,,168,AUTOMATED
2751,2026-05-07 20:43:51.000,2026-05-08 19:43:51.000,We miss you! Come back and earn double points this week.,245,,,851,168,CUSTOM
2752,2026-05-07 22:43:51.000,2026-05-08 19:43:51.000,Flash sale today only. Use your points for extra savings.,245,733,,851,72,AUTOMATED
2753,2026-05-08 01:43:51.000,2026-05-08 19:43:51.000,New products just arrived. Be the first to check them out.,245,,,,24,CUSTOM
2754,2026-05-07 04:43:51.000,2026-05-08 19:43:51.000,Bring a friend and both of you earn bonus points.,245,733,,,168,AUTOMATED
2755,2026-05-06 21:43:51.000,2026-05-08 19:43:51.000,Flash sale today only. Use your points for extra savings.,245,,,,168,CUSTOM
2756,2026-05-07 18:43:51.000,2026-05-08 19:43:51.000,You have a reward waiting for you. Claim it now!,245,,,854,48,AUTOMATED
2757,2026-05-06 21:43:51.000,2026-05-08 19:43:51.000,Flash sale today only. Use your points for extra savings.,245,733,,,72,AUTOMATED
2758,2026-05-08 07:43:51.000,2026-05-08 19:43:51.000,Your loyalty card has a new benefit. Tap to discover.,245,734,,853,168,AUTOMATED
2759,2026-05-07 13:43:51.000,2026-05-08 19:43:51.000,You are 50 points away from your next reward!,245,733,,853,72,AUTOMATED
2760,2026-05-07 05:43:51.000,2026-05-08 19:43:51.000,You are 50 points away from your next reward!,245,,,,168,AUTOMATED
2761,2026-05-07 16:43:51.000,2026-05-08 19:43:51.000,Bring a friend and both of you earn bonus points.,245,735,,,168,AUTOMATED
2762,2026-05-07 19:43:51.000,2026-05-08 19:43:51.000,Happy birthday! Enjoy your special gift from us.,245,,,,24,AUTOMATED
2763,2026-05-06 23:43:51.000,2026-05-08 19:43:51.000,We miss you! Come back and earn double points this week.,245,733,,,72,AUTOMATED
2764,2026-05-08 12:43:51.000,2026-05-08 19:43:51.000,Your loyalty card has a new benefit. Tap to discover.,245,,,853,24,CUSTOM
2765,2026-05-06 20:43:51.000,2026-05-08 19:43:51.000,New products just arrived. Be the first to check them out.,246,,,,48,AUTOMATED
2766,2026-05-08 16:43:51.000,2026-05-08 19:43:51.000,New products just arrived. Be the first to check them out.,246,,,,48,CUSTOM
2767,2026-05-08 14:43:51.000,2026-05-08 19:43:51.000,You have a reward waiting for you. Claim it now!,246,,,858,168,AUTOMATED
2768,2026-05-07 12:43:51.000,2026-05-08 19:43:51.000,Bring a friend and both of you earn bonus points.,246,,,,48,CUSTOM
2769,2026-05-08 08:43:51.000,2026-05-08 19:43:51.000,Flash sale today only. Use your points for extra savings.,246,,,858,48,AUTOMATED
2770,2026-05-06 23:43:51.000,2026-05-08 19:43:51.000,We miss you! Come back and earn double points this week.,246,,,,72,CUSTOM
2771,2026-05-08 08:43:51.000,2026-05-08 19:43:51.000,Happy birthday! Enjoy your special gift from us.,246,,,,48,AUTOMATED
2772,2026-05-08 06:43:51.000,2026-05-08 19:43:51.000,We miss you! Come back and earn double points this week.,246,,,,48,AUTOMATED
2773,2026-05-07 22:43:51.000,2026-05-08 19:43:51.000,Bring a friend and both of you earn bonus points.,246,,,,168,AUTOMATED
2774,2026-05-08 08:43:51.000,2026-05-08 19:43:51.000,Your loyalty card has a new benefit. Tap to discover.,246,736,,,168,CUSTOM
2775,2026-05-08 09:43:51.000,2026-05-08 19:43:51.000,We miss you! Come back and earn double points this week.,246,,,,168,CUSTOM
2776,2026-05-08 10:43:51.000,2026-05-08 19:43:51.000,Happy birthday! Enjoy your special gift from us.,246,,,,72,AUTOMATED
2777,2026-05-07 15:43:51.000,2026-05-08 19:43:51.000,You are 50 points away from your next reward!,246,,,,168,CUSTOM
2778,2026-05-08 04:43:51.000,2026-05-08 19:43:51.000,You are 50 points away from your next reward!,247,,,861,24,AUTOMATED
2779,2026-05-07 10:43:51.000,2026-05-08 19:43:51.000,You have a reward waiting for you. Claim it now!,247,,,860,72,CUSTOM
2780,2026-05-08 01:43:51.000,2026-05-08 19:43:51.000,You are 50 points away from your next reward!,247,,,,48,CUSTOM
2781,2026-05-08 01:43:51.000,2026-05-08 19:43:51.000,You are 50 points away from your next reward!,247,739,,860,24,AUTOMATED
2782,2026-05-07 13:43:51.000,2026-05-08 19:43:51.000,Your loyalty card has a new benefit. Tap to discover.,247,740,,,168,CUSTOM
2783,2026-05-08 10:43:51.000,2026-05-08 19:43:51.000,Flash sale today only. Use your points for extra savings.,247,,,,24,AUTOMATED
2784,2026-05-07 22:43:51.000,2026-05-08 19:43:51.000,You have a reward waiting for you. Claim it now!,247,741,,860,168,CUSTOM
2785,2026-05-08 16:43:51.000,2026-05-08 19:43:51.000,Flash sale today only. Use your points for extra savings.,247,,,,48,AUTOMATED
2786,2026-05-06 22:43:51.000,2026-05-08 19:43:51.000,We miss you! Come back and earn double points this week.,248,,,,48,AUTOMATED
2787,2026-05-07 05:43:51.000,2026-05-08 19:43:51.000,Your loyalty card has a new benefit. Tap to discover.,248,744,,862,48,AUTOMATED
2788,2026-05-08 09:43:51.000,2026-05-08 19:43:51.000,You are 50 points away from your next reward!,248,743,,,168,CUSTOM
2789,2026-05-07 12:43:51.000,2026-05-08 19:43:51.000,Flash sale today only. Use your points for extra savings.,248,,,,168,AUTOMATED
2790,2026-05-08 16:43:51.000,2026-05-08 19:43:51.000,Bring a friend and both of you earn bonus points.,249,,,865,168,AUTOMATED
2791,2026-05-06 20:43:51.000,2026-05-08 19:43:51.000,You are 50 points away from your next reward!,249,,,,24,CUSTOM
2792,2026-05-07 20:43:51.000,2026-05-08 19:43:51.000,Flash sale today only. Use your points for extra savings.,249,,,,168,CUSTOM
2793,2026-05-07 15:43:51.000,2026-05-08 19:43:51.000,We miss you! Come back and earn double points this week.,249,747,,,48,AUTOMATED
2794,2026-05-08 18:43:51.000,2026-05-08 19:43:51.000,Bring a friend and both of you earn bonus points.,249,746,,865,168,AUTOMATED
2795,2026-05-07 08:43:51.000,2026-05-08 19:43:51.000,Your loyalty card has a new benefit. Tap to discover.,249,,,,168,AUTOMATED
2796,2026-05-08 02:43:51.000,2026-05-08 19:43:51.000,You have a reward waiting for you. Claim it now!,249,747,,,168,CUSTOM
2797,2026-05-07 02:43:51.000,2026-05-08 19:43:51.000,You have a reward waiting for you. Claim it now!,249,,,867,24,AUTOMATED
2798,2026-05-06 21:43:51.000,2026-05-08 19:43:51.000,Your loyalty card has a new benefit. Tap to discover.,249,,,867,48,AUTOMATED
2799,2026-05-07 11:43:51.000,2026-05-08 19:43:51.000,Your loyalty card has a new benefit. Tap to discover.,249,,,,72,AUTOMATED
2800,2026-05-08 05:43:51.000,2026-05-08 19:43:51.000,Happy birthday! Enjoy your special gift from us.,249,745,,,48,CUSTOM
2801,2026-05-07 23:43:51.000,2026-05-08 19:43:51.000,Bring a friend and both of you earn bonus points.,249,,,869,24,AUTOMATED
2802,2026-05-08 16:43:51.000,2026-05-08 19:43:51.000,Bring a friend and both of you earn bonus points.,249,,,869,168,CUSTOM
2803,2026-05-07 15:43:51.000,2026-05-08 19:43:51.000,Happy birthday! Enjoy your special gift from us.,250,749,,,48,CUSTOM
2804,2026-05-07 03:43:51.000,2026-05-08 19:43:51.000,You have a reward waiting for you. Claim it now!,250,,,,168,AUTOMATED
2805,2026-05-07 12:43:51.000,2026-05-08 19:43:51.000,Your loyalty card has a new benefit. Tap to discover.,250,,,,72,CUSTOM
2806,2026-05-08 11:43:51.000,2026-05-08 19:43:51.000,Bring a friend and both of you earn bonus points.,250,749,,,168,CUSTOM
2807,2026-05-07 15:43:51.000,2026-05-08 19:43:51.000,New products just arrived. Be the first to check them out.,250,,,870,72,AUTOMATED
2808,2026-05-07 00:43:51.000,2026-05-08 19:43:51.000,You are 50 points away from your next reward!,250,,,,72,AUTOMATED
2809,2026-05-07 12:43:51.000,2026-05-08 19:43:51.000,You have a reward waiting for you. Claim it now!,250,,,,24,AUTOMATED
2810,2026-05-08 08:43:51.000,2026-05-08 19:43:51.000,Your loyalty card has a new benefit. Tap to discover.,250,750,,870,72,CUSTOM
2811,2026-05-08 09:43:51.000,2026-05-08 19:43:51.000,Your loyalty card has a new benefit. Tap to discover.,250,,,,72,CUSTOM
2812,2026-05-08 03:43:51.000,2026-05-08 19:43:51.000,New products just arrived. Be the first to check them out.,250,,,870,72,AUTOMATED
2813,2026-05-06 19:43:51.000,2026-05-08 19:43:51.000,We miss you! Come back and earn double points this week.,250,750,,,72,CUSTOM
2814,2026-05-07 05:43:51.000,2026-05-08 19:43:51.000,New products just arrived. Be the first to check them out.,250,,,,168,AUTOMATED
2815,2026-05-07 05:43:51.000,2026-05-08 19:43:51.000,Bring a friend and both of you earn bonus points.,250,,,874,24,CUSTOM
2816,2026-05-08 06:43:51.000,2026-05-08 19:43:51.000,We miss you! Come back and earn double points this week.,250,,,871,48,CUSTOM
2817,2026-05-07 22:43:51.000,2026-05-08 19:43:51.000,Flash sale today only. Use your points for extra savings.,250,749,,,48,CUSTOM
2818,2026-05-07 13:43:51.000,2026-05-08 19:43:51.000,Happy birthday! Enjoy your special gift from us.,250,,,874,168,AUTOMATED
2819,2026-05-08 03:43:51.000,2026-05-08 19:43:51.000,You have a reward waiting for you. Claim it now!,250,,,,168,CUSTOM
2820,2026-05-08 18:43:51.000,2026-05-08 19:43:51.000,You are 50 points away from your next reward!,250,748,,870,168,AUTOMATED
2821,2026-05-08 05:43:51.000,2026-05-08 19:43:51.000,You are 50 points away from your next reward!,250,,,,24,AUTOMATED
2822,2026-05-07 22:43:51.000,2026-05-08 19:43:51.000,You are 50 points away from your next reward!,250,,,,24,AUTOMATED
2823,2026-05-07 01:43:51.000,2026-05-08 19:43:51.000,Flash sale today only. Use your points for extra savings.,250,,,871,24,AUTOMATED
2824,2026-05-07 09:43:51.000,2026-05-08 19:43:51.000,You are 50 points away from your next reward!,250,,,,48,AUTOMATED
2825,2026-05-07 11:43:51.000,2026-05-08 19:43:51.000,You are 50 points away from your next reward!,250,750,,,24,AUTOMATED
2826,2026-05-07 05:43:51.000,2026-05-08 19:43:51.000,You are 50 points away from your next reward!,250,750,,874,48,AUTOMATED
2827,2026-05-07 23:43:51.000,2026-05-08 19:43:51.000,Flash sale today only. Use your points for extra savings.,250,748,,874,72,CUSTOM
2828,2026-05-07 23:43:51.000,2026-05-08 19:43:51.000,We miss you! Come back and earn double points this week.,250,749,,,168,AUTOMATED
2829,2026-05-07 03:43:51.000,2026-05-08 19:43:51.000,We miss you! Come back and earn double points this week.,250,,,,72,CUSTOM
2830,2026-05-07 13:43:51.000,2026-05-08 19:43:51.000,Your loyalty card has a new benefit. Tap to discover.,250,749,,,168,AUTOMATED
2831,2026-05-08 01:43:51.000,2026-05-08 19:43:51.000,We miss you! Come back and earn double points this week.,250,,,,48,AUTOMATED
2832,2026-05-07 10:43:51.000,2026-05-08 19:43:51.000,Your loyalty card has a new benefit. Tap to discover.,251,,,,48,CUSTOM
2833,2026-05-07 11:43:51.000,2026-05-08 19:43:51.000,Your loyalty card has a new benefit. Tap to discover.,251,,,,48,CUSTOM
2834,2026-05-07 17:43:51.000,2026-05-08 19:43:51.000,Flash sale today only. Use your points for extra savings.,251,,,,72,AUTOMATED
2835,2026-05-07 06:43:51.000,2026-05-08 19:43:51.000,Happy birthday! Enjoy your special gift from us.,251,,,,48,CUSTOM
2836,2026-05-07 03:43:51.000,2026-05-08 19:43:51.000,New products just arrived. Be the first to check them out.,251,,,878,48,CUSTOM
2837,2026-05-07 00:43:51.000,2026-05-08 19:43:51.000,Your loyalty card has a new benefit. Tap to discover.,251,,,875,48,CUSTOM
2838,2026-05-08 05:43:51.000,2026-05-08 19:43:51.000,Bring a friend and both of you earn bonus points.,251,,,,24,CUSTOM
2839,2026-05-07 15:43:51.000,2026-05-08 19:43:51.000,Bring a friend and both of you earn bonus points.,251,,,,48,AUTOMATED
2840,2026-05-07 10:43:51.000,2026-05-08 19:43:51.000,Your loyalty card has a new benefit. Tap to discover.,251,753,,,72,CUSTOM
2841,2026-05-08 18:43:51.000,2026-05-08 19:43:51.000,Your loyalty card has a new benefit. Tap to discover.,251,,,,72,CUSTOM
2842,2026-05-08 01:43:51.000,2026-05-08 19:43:51.000,Happy birthday! Enjoy your special gift from us.,251,,,876,72,AUTOMATED
2843,2026-05-07 01:43:51.000,2026-05-08 19:43:51.000,New products just arrived. Be the first to check them out.,251,,,877,168,CUSTOM
2844,2026-05-08 10:43:51.000,2026-05-08 19:43:51.000,You have a reward waiting for you. Claim it now!,251,753,,875,72,AUTOMATED
2845,2026-05-07 17:43:51.000,2026-05-08 19:43:51.000,Flash sale today only. Use your points for extra savings.,251,,,878,48,AUTOMATED
2846,2026-05-08 14:43:51.000,2026-05-08 19:43:51.000,We miss you! Come back and earn double points this week.,252,,,,168,AUTOMATED
2847,2026-05-07 19:43:51.000,2026-05-08 19:43:51.000,Flash sale today only. Use your points for extra savings.,252,,,,24,CUSTOM
2848,2026-05-07 04:43:51.000,2026-05-08 19:43:51.000,You are 50 points away from your next reward!,252,756,,880,24,CUSTOM
2849,2026-05-07 23:43:51.000,2026-05-08 19:43:51.000,New products just arrived. Be the first to check them out.,252,,,,72,AUTOMATED
2850,2026-05-07 11:43:51.000,2026-05-08 19:43:51.000,Flash sale today only. Use your points for extra savings.,252,756,,879,168,CUSTOM
2851,2026-05-07 07:43:51.000,2026-05-08 19:43:51.000,Your loyalty card has a new benefit. Tap to discover.,252,,,,48,CUSTOM
2852,2026-05-08 06:43:51.000,2026-05-08 19:43:51.000,You are 50 points away from your next reward!,252,754,,,72,CUSTOM
2853,2026-05-07 19:43:51.000,2026-05-08 19:43:51.000,You are 50 points away from your next reward!,252,,,,24,CUSTOM
2854,2026-05-07 02:43:51.000,2026-05-08 19:43:51.000,We miss you! Come back and earn double points this week.,252,,,,24,CUSTOM
2855,2026-05-07 18:43:51.000,2026-05-08 19:43:51.000,You have a reward waiting for you. Claim it now!,253,,,883,24,CUSTOM
2856,2026-05-07 06:43:51.000,2026-05-08 19:43:51.000,You are 50 points away from your next reward!,253,,,,168,AUTOMATED
2857,2026-05-07 03:43:51.000,2026-05-08 19:43:51.000,Bring a friend and both of you earn bonus points.,253,,,881,168,CUSTOM
2858,2026-05-08 00:43:51.000,2026-05-08 19:43:51.000,You have a reward waiting for you. Claim it now!,253,757,,,168,AUTOMATED
2859,2026-05-08 10:43:51.000,2026-05-08 19:43:51.000,Your loyalty card has a new benefit. Tap to discover.,253,758,,,168,CUSTOM
2860,2026-05-07 08:43:51.000,2026-05-08 19:43:51.000,You are 50 points away from your next reward!,253,,,882,48,CUSTOM
2861,2026-05-08 03:43:51.000,2026-05-08 19:43:51.000,Your loyalty card has a new benefit. Tap to discover.,253,,,882,72,AUTOMATED
2862,2026-05-08 03:43:51.000,2026-05-08 19:43:51.000,Bring a friend and both of you earn bonus points.,253,759,,,168,CUSTOM
2863,2026-05-07 03:43:51.000,2026-05-08 19:43:51.000,You have a reward waiting for you. Claim it now!,253,,,,48,CUSTOM
2864,2026-05-07 20:43:51.000,2026-05-08 19:43:51.000,You are 50 points away from your next reward!,253,,,,72,CUSTOM
2865,2026-05-08 00:43:51.000,2026-05-08 19:43:51.000,New products just arrived. Be the first to check them out.,254,760,,,24,CUSTOM
2866,2026-05-07 13:43:51.000,2026-05-08 19:43:51.000,Flash sale today only. Use your points for extra savings.,254,762,,,24,AUTOMATED
2867,2026-05-08 10:43:51.000,2026-05-08 19:43:51.000,You have a reward waiting for you. Claim it now!,254,761,,,48,AUTOMATED
2868,2026-05-07 07:43:51.000,2026-05-08 19:43:51.000,You have a reward waiting for you. Claim it now!,254,760,,,72,AUTOMATED
2869,2026-05-07 13:43:51.000,2026-05-08 19:43:51.000,You have a reward waiting for you. Claim it now!,254,,,,72,CUSTOM
2870,2026-05-07 17:43:51.000,2026-05-08 19:43:51.000,Your loyalty card has a new benefit. Tap to discover.,254,760,,888,24,AUTOMATED
2871,2026-05-07 13:43:51.000,2026-05-08 19:43:51.000,You are 50 points away from your next reward!,255,,,,168,AUTOMATED
2872,2026-05-07 11:43:51.000,2026-05-08 19:43:51.000,We miss you! Come back and earn double points this week.,255,,,892,48,AUTOMATED
2873,2026-05-08 18:43:51.000,2026-05-08 19:43:51.000,Your loyalty card has a new benefit. Tap to discover.,255,,,,72,CUSTOM
2874,2026-05-06 19:43:51.000,2026-05-08 19:43:51.000,Bring a friend and both of you earn bonus points.,255,765,,892,72,CUSTOM
2875,2026-05-07 01:43:51.000,2026-05-08 19:43:51.000,Bring a friend and both of you earn bonus points.,255,,,,48,CUSTOM
2876,2026-05-06 21:43:51.000,2026-05-08 19:43:51.000,Your loyalty card has a new benefit. Tap to discover.,255,764,,,168,CUSTOM
2877,2026-05-07 01:43:51.000,2026-05-08 19:43:51.000,You have a reward waiting for you. Claim it now!,255,,,,168,CUSTOM
2878,2026-05-08 00:43:51.000,2026-05-08 19:43:51.000,We miss you! Come back and earn double points this week.,255,765,,893,72,AUTOMATED
2879,2026-05-07 23:43:51.000,2026-05-08 19:43:51.000,Happy birthday! Enjoy your special gift from us.,255,,,889,168,CUSTOM
2880,2026-05-08 07:43:51.000,2026-05-08 19:43:51.000,Bring a friend and both of you earn bonus points.,255,,,,24,AUTOMATED
2881,2026-05-07 07:43:51.000,2026-05-08 19:43:51.000,Flash sale today only. Use your points for extra savings.,255,763,,,168,CUSTOM
2882,2026-05-08 04:43:51.000,2026-05-08 19:43:51.000,New products just arrived. Be the first to check them out.,255,,,,24,AUTOMATED
2883,2026-05-08 18:43:51.000,2026-05-08 19:43:51.000,We miss you! Come back and earn double points this week.,255,,,,48,AUTOMATED
2884,2026-05-08 13:43:51.000,2026-05-08 19:43:51.000,You are 50 points away from your next reward!,255,764,,,72,AUTOMATED
2885,2026-05-07 23:43:51.000,2026-05-08 19:43:51.000,You have a reward waiting for you. Claim it now!,255,,,,48,CUSTOM
2886,2026-05-08 04:43:51.000,2026-05-08 19:43:51.000,Happy birthday! Enjoy your special gift from us.,255,763,,890,24,AUTOMATED
2887,2026-05-06 22:43:51.000,2026-05-08 19:43:51.000,Happy birthday! Enjoy your special gift from us.,255,,,,24,AUTOMATED
2888,2026-05-07 14:43:51.000,2026-05-08 19:43:51.000,New products just arrived. Be the first to check them out.,255,764,,,24,AUTOMATED
2889,2026-05-07 02:43:51.000,2026-05-08 19:43:51.000,Bring a friend and both of you earn bonus points.,255,,,893,24,CUSTOM
2890,2026-05-07 04:43:51.000,2026-05-08 19:43:51.000,Bring a friend and both of you earn bonus points.,255,,,891,72,CUSTOM
2891,2026-05-07 20:43:51.000,2026-05-08 19:43:51.000,You have a reward waiting for you. Claim it now!,255,765,,,168,AUTOMATED
2892,2026-05-07 08:43:51.000,2026-05-08 19:43:51.000,Bring a friend and both of you earn bonus points.,255,763,,,48,CUSTOM
2893,2026-05-06 19:43:51.000,2026-05-08 19:43:51.000,Flash sale today only. Use your points for extra savings.,255,,,,72,CUSTOM
2894,2026-05-07 23:43:51.000,2026-05-08 19:43:51.000,You have a reward waiting for you. Claim it now!,255,765,,,48,CUSTOM
2895,2026-05-08 18:43:51.000,2026-05-08 19:43:51.000,Flash sale today only. Use your points for extra savings.,255,763,,,24,CUSTOM
2896,2026-05-07 20:43:51.000,2026-05-08 19:43:51.000,Bring a friend and both of you earn bonus points.,255,764,,892,168,CUSTOM
2897,2026-05-07 14:43:51.000,2026-05-08 19:43:51.000,You are 50 points away from your next reward!,255,764,,,168,CUSTOM
2898,2026-05-06 20:43:51.000,2026-05-08 19:43:51.000,You have a reward waiting for you. Claim it now!,256,,,,72,AUTOMATED
2899,2026-05-08 01:43:51.000,2026-05-08 19:43:51.000,Your loyalty card has a new benefit. Tap to discover.,256,,,,24,CUSTOM
2900,2026-05-08 01:43:51.000,2026-05-08 19:43:51.000,Flash sale today only. Use your points for extra savings.,256,,,,48,AUTOMATED
2901,2026-05-06 20:43:51.000,2026-05-08 19:43:51.000,You have a reward waiting for you. Claim it now!,256,768,,894,72,AUTOMATED
2902,2026-05-08 18:43:51.000,2026-05-08 19:43:51.000,You have a reward waiting for you. Claim it now!,257,,,,48,AUTOMATED
2903,2026-05-07 07:43:51.000,2026-05-08 19:43:51.000,Your loyalty card has a new benefit. Tap to discover.,257,771,,,168,CUSTOM
2904,2026-05-08 18:43:51.000,2026-05-08 19:43:51.000,Your loyalty card has a new benefit. Tap to discover.,257,,,,168,AUTOMATED
2905,2026-05-07 01:43:51.000,2026-05-08 19:43:51.000,Happy birthday! Enjoy your special gift from us.,257,771,,,48,CUSTOM
2906,2026-05-08 15:43:51.000,2026-05-08 19:43:51.000,Happy birthday! Enjoy your special gift from us.,257,,,,24,CUSTOM
2907,2026-05-08 10:43:51.000,2026-05-08 19:43:51.000,You are 50 points away from your next reward!,257,,,896,24,AUTOMATED
2908,2026-05-07 01:43:51.000,2026-05-08 19:43:51.000,Happy birthday! Enjoy your special gift from us.,257,,,,24,CUSTOM
2909,2026-05-07 04:43:51.000,2026-05-08 19:43:51.000,New products just arrived. Be the first to check them out.,257,,,,72,AUTOMATED
2910,2026-05-07 15:43:51.000,2026-05-08 19:43:51.000,Flash sale today only. Use your points for extra savings.,257,,,,168,AUTOMATED
2911,2026-05-06 20:43:51.000,2026-05-08 19:43:51.000,Happy birthday! Enjoy your special gift from us.,257,771,,897,168,CUSTOM
2912,2026-05-08 17:43:51.000,2026-05-08 19:43:51.000,Your loyalty card has a new benefit. Tap to discover.,257,,,897,48,CUSTOM
2913,2026-05-07 04:43:51.000,2026-05-08 19:43:51.000,You have a reward waiting for you. Claim it now!,257,,,,48,AUTOMATED
2914,2026-05-07 14:43:51.000,2026-05-08 19:43:51.000,Happy birthday! Enjoy your special gift from us.,257,771,,897,72,AUTOMATED
2915,2026-05-08 03:43:51.000,2026-05-08 19:43:51.000,New products just arrived. Be the first to check them out.,257,,,,168,CUSTOM
2916,2026-05-07 22:43:51.000,2026-05-08 19:43:51.000,New products just arrived. Be the first to check them out.,257,,,897,72,AUTOMATED
2917,2026-05-07 16:43:51.000,2026-05-08 19:43:51.000,Flash sale today only. Use your points for extra savings.,257,770,,,168,AUTOMATED
2918,2026-05-08 11:43:51.000,2026-05-08 19:43:51.000,Flash sale today only. Use your points for extra savings.,257,769,,896,72,AUTOMATED
2919,2026-05-08 07:43:51.000,2026-05-08 19:43:51.000,You have a reward waiting for you. Claim it now!,257,,,897,48,AUTOMATED
2920,2026-05-08 00:43:51.000,2026-05-08 19:43:51.000,Flash sale today only. Use your points for extra savings.,258,774,,902,168,AUTOMATED
2921,2026-05-07 22:43:51.000,2026-05-08 19:43:51.000,New products just arrived. Be the first to check them out.,258,773,,,48,AUTOMATED
2922,2026-05-08 07:43:51.000,2026-05-08 19:43:51.000,Your loyalty card has a new benefit. Tap to discover.,258,,,901,48,AUTOMATED
2923,2026-05-07 16:43:51.000,2026-05-08 19:43:51.000,You have a reward waiting for you. Claim it now!,258,772,,900,48,CUSTOM
2924,2026-05-07 16:43:51.000,2026-05-08 19:43:51.000,We miss you! Come back and earn double points this week.,258,773,,,168,AUTOMATED
2925,2026-05-07 19:43:51.000,2026-05-08 19:43:51.000,Happy birthday! Enjoy your special gift from us.,258,774,,,168,AUTOMATED
2926,2026-05-07 20:43:51.000,2026-05-08 19:43:51.000,Flash sale today only. Use your points for extra savings.,258,,,,48,CUSTOM
2927,2026-05-06 20:43:51.000,2026-05-08 19:43:51.000,Happy birthday! Enjoy your special gift from us.,258,,,899,48,AUTOMATED
2928,2026-05-08 12:43:51.000,2026-05-08 19:43:51.000,Flash sale today only. Use your points for extra savings.,258,,,,168,CUSTOM
2929,2026-05-07 23:43:51.000,2026-05-08 19:43:51.000,Happy birthday! Enjoy your special gift from us.,258,,,,24,AUTOMATED
2930,2026-05-07 23:43:51.000,2026-05-08 19:43:51.000,New products just arrived. Be the first to check them out.,258,772,,,24,CUSTOM
2931,2026-05-07 11:43:51.000,2026-05-08 19:43:51.000,Happy birthday! Enjoy your special gift from us.,258,773,,900,48,AUTOMATED
2932,2026-05-08 02:43:51.000,2026-05-08 19:43:51.000,Your loyalty card has a new benefit. Tap to discover.,258,,,,72,CUSTOM
2933,2026-05-07 21:43:51.000,2026-05-08 19:43:51.000,You are 50 points away from your next reward!,258,,,,72,AUTOMATED
2934,2026-05-08 04:43:51.000,2026-05-08 19:43:51.000,You are 50 points away from your next reward!,258,,,,24,AUTOMATED
2935,2026-05-07 11:43:51.000,2026-05-08 19:43:51.000,Bring a friend and both of you earn bonus points.,258,773,,898,168,CUSTOM
2936,2026-05-07 20:43:51.000,2026-05-08 19:43:51.000,You are 50 points away from your next reward!,258,773,,,72,CUSTOM
2937,2026-05-08 10:43:51.000,2026-05-08 19:43:51.000,Flash sale today only. Use your points for extra savings.,258,,,902,24,CUSTOM
2938,2026-05-08 08:43:51.000,2026-05-08 19:43:51.000,Happy birthday! Enjoy your special gift from us.,258,774,,900,48,CUSTOM
2939,2026-05-07 06:43:51.000,2026-05-08 19:43:51.000,Flash sale today only. Use your points for extra savings.,258,773,,901,72,AUTOMATED
2940,2026-05-08 00:43:51.000,2026-05-08 19:43:51.000,Happy birthday! Enjoy your special gift from us.,259,,,906,48,CUSTOM
2941,2026-05-07 22:43:51.000,2026-05-08 19:43:51.000,You have a reward waiting for you. Claim it now!,259,777,,,48,CUSTOM
2942,2026-05-08 12:43:51.000,2026-05-08 19:43:51.000,Bring a friend and both of you earn bonus points.,259,,,,24,AUTOMATED
2943,2026-05-07 18:43:51.000,2026-05-08 19:43:51.000,Bring a friend and both of you earn bonus points.,259,,,,72,AUTOMATED
2944,2026-05-07 19:43:51.000,2026-05-08 19:43:51.000,We miss you! Come back and earn double points this week.,259,,,,24,AUTOMATED
2945,2026-05-08 18:43:51.000,2026-05-08 19:43:51.000,Bring a friend and both of you earn bonus points.,259,,,,168,AUTOMATED
2946,2026-05-08 01:43:51.000,2026-05-08 19:43:51.000,New products just arrived. Be the first to check them out.,259,,,903,168,CUSTOM
2947,2026-05-07 19:43:51.000,2026-05-08 19:43:51.000,Happy birthday! Enjoy your special gift from us.,260,778,,,72,CUSTOM
2948,2026-05-08 01:43:51.000,2026-05-08 19:43:51.000,We miss you! Come back and earn double points this week.,260,780,,,72,CUSTOM
2949,2026-05-07 03:43:51.000,2026-05-08 19:43:51.000,Happy birthday! Enjoy your special gift from us.,260,778,,,168,AUTOMATED
2950,2026-05-07 21:43:51.000,2026-05-08 19:43:51.000,New products just arrived. Be the first to check them out.,260,,,,168,AUTOMATED
2951,2026-05-08 12:43:51.000,2026-05-08 19:43:51.000,New products just arrived. Be the first to check them out.,260,,,,168,CUSTOM
2952,2026-05-06 19:43:51.000,2026-05-08 19:43:51.000,Flash sale today only. Use your points for extra savings.,260,,,,72,AUTOMATED
2953,2026-05-06 21:43:51.000,2026-05-08 19:43:51.000,We miss you! Come back and earn double points this week.,260,,,,24,AUTOMATED
2954,2026-05-07 11:43:51.000,2026-05-08 19:43:51.000,New products just arrived. Be the first to check them out.,261,782,,,24,CUSTOM
2955,2026-05-07 08:43:51.000,2026-05-08 19:43:51.000,Bring a friend and both of you earn bonus points.,261,,,,168,CUSTOM
2956,2026-05-08 12:43:51.000,2026-05-08 19:43:51.000,Bring a friend and both of you earn bonus points.,261,,,,24,AUTOMATED
2957,2026-05-08 18:43:51.000,2026-05-08 19:43:51.000,You have a reward waiting for you. Claim it now!,261,782,,,168,CUSTOM
2958,2026-05-07 18:43:51.000,2026-05-08 19:43:51.000,You are 50 points away from your next reward!,261,781,,913,48,AUTOMATED
2959,2026-05-07 05:43:51.000,2026-05-08 19:43:51.000,Happy birthday! Enjoy your special gift from us.,261,781,,,48,CUSTOM
2960,2026-05-08 09:43:51.000,2026-05-08 19:43:51.000,Happy birthday! Enjoy your special gift from us.,261,,,,168,CUSTOM
2961,2026-05-07 09:43:51.000,2026-05-08 19:43:51.000,You have a reward waiting for you. Claim it now!,262,,,,168,AUTOMATED
2962,2026-05-08 14:43:51.000,2026-05-08 19:43:51.000,We miss you! Come back and earn double points this week.,262,,,,168,CUSTOM
2963,2026-05-07 20:43:51.000,2026-05-08 19:43:51.000,We miss you! Come back and earn double points this week.,262,,,,72,AUTOMATED
2964,2026-05-07 18:43:51.000,2026-05-08 19:43:51.000,Bring a friend and both of you earn bonus points.,262,,,,48,AUTOMATED
2965,2026-05-08 16:43:51.000,2026-05-08 19:43:51.000,We miss you! Come back and earn double points this week.,262,,,,24,AUTOMATED
2966,2026-05-07 15:43:51.000,2026-05-08 19:43:51.000,New products just arrived. Be the first to check them out.,262,,,,24,AUTOMATED
2967,2026-05-07 02:43:51.000,2026-05-08 19:43:51.000,You are 50 points away from your next reward!,262,785,,916,72,CUSTOM
2968,2026-05-07 06:43:51.000,2026-05-08 19:43:51.000,New products just arrived. Be the first to check them out.,262,784,,,168,CUSTOM
2969,2026-05-07 13:43:51.000,2026-05-08 19:43:51.000,Flash sale today only. Use your points for extra savings.,262,785,,917,48,AUTOMATED
2970,2026-05-08 01:43:51.000,2026-05-08 19:43:51.000,Bring a friend and both of you earn bonus points.,262,,,,168,AUTOMATED
2971,2026-05-06 21:43:51.000,2026-05-08 19:43:51.000,New products just arrived. Be the first to check them out.,262,,,,72,CUSTOM
2972,2026-05-08 02:43:51.000,2026-05-08 19:43:51.000,Bring a friend and both of you earn bonus points.,262,786,,,48,CUSTOM
2973,2026-05-07 08:43:51.000,2026-05-08 19:43:51.000,We miss you! Come back and earn double points this week.,262,,,,168,CUSTOM
2974,2026-05-08 09:43:51.000,2026-05-08 19:43:51.000,Flash sale today only. Use your points for extra savings.,262,,,,72,CUSTOM
2975,2026-05-06 21:43:51.000,2026-05-08 19:43:51.000,You are 50 points away from your next reward!,262,,,915,24,CUSTOM
2976,2026-05-08 16:43:51.000,2026-05-08 19:43:51.000,You are 50 points away from your next reward!,262,786,,,72,AUTOMATED
2977,2026-05-08 04:43:51.000,2026-05-08 19:43:51.000,Bring a friend and both of you earn bonus points.,262,786,,,24,CUSTOM
2978,2026-05-07 17:43:51.000,2026-05-08 19:43:51.000,You have a reward waiting for you. Claim it now!,262,786,,,72,AUTOMATED
2979,2026-05-08 06:43:51.000,2026-05-08 19:43:51.000,We miss you! Come back and earn double points this week.,262,786,,918,48,CUSTOM
2980,2026-05-06 22:43:51.000,2026-05-08 19:43:51.000,Bring a friend and both of you earn bonus points.,262,785,,,24,AUTOMATED
2981,2026-05-07 21:43:51.000,2026-05-08 19:43:51.000,We miss you! Come back and earn double points this week.,262,,,918,168,CUSTOM
2982,2026-05-07 09:43:51.000,2026-05-08 19:43:51.000,New products just arrived. Be the first to check them out.,262,786,,915,48,AUTOMATED
2983,2026-05-07 23:43:51.000,2026-05-08 19:43:51.000,You have a reward waiting for you. Claim it now!,262,,,,168,AUTOMATED
2984,2026-05-07 20:43:51.000,2026-05-08 19:43:51.000,Flash sale today only. Use your points for extra savings.,262,,,916,24,AUTOMATED
2985,2026-05-08 03:43:51.000,2026-05-08 19:43:51.000,We miss you! Come back and earn double points this week.,262,,,,168,CUSTOM
2986,2026-05-06 23:43:51.000,2026-05-08 19:43:51.000,You have a reward waiting for you. Claim it now!,262,785,,,24,AUTOMATED
2987,2026-05-07 11:43:51.000,2026-05-08 19:43:51.000,You are 50 points away from your next reward!,263,,,921,168,AUTOMATED
2988,2026-05-07 12:43:51.000,2026-05-08 19:43:51.000,You are 50 points away from your next reward!,263,,,,72,CUSTOM
2989,2026-05-07 13:43:51.000,2026-05-08 19:43:51.000,You have a reward waiting for you. Claim it now!,263,788,,919,24,CUSTOM
2990,2026-05-07 23:43:51.000,2026-05-08 19:43:51.000,You have a reward waiting for you. Claim it now!,263,789,,920,72,CUSTOM
2991,2026-05-08 03:43:51.000,2026-05-08 19:43:51.000,You have a reward waiting for you. Claim it now!,263,789,,,48,CUSTOM
2992,2026-05-06 19:43:51.000,2026-05-08 19:43:51.000,You are 50 points away from your next reward!,263,,,921,24,AUTOMATED
2993,2026-05-08 14:43:51.000,2026-05-08 19:43:51.000,You are 50 points away from your next reward!,263,,,920,168,AUTOMATED
2994,2026-05-08 01:43:51.000,2026-05-08 19:43:51.000,You have a reward waiting for you. Claim it now!,263,,,,24,CUSTOM
2995,2026-05-08 02:43:51.000,2026-05-08 19:43:51.000,Bring a friend and both of you earn bonus points.,263,788,,,72,CUSTOM
2996,2026-05-07 04:43:51.000,2026-05-08 19:43:51.000,You have a reward waiting for you. Claim it now!,263,,,,168,CUSTOM
2997,2026-05-08 05:43:51.000,2026-05-08 19:43:51.000,Flash sale today only. Use your points for extra savings.,263,789,,,72,AUTOMATED
2998,2026-05-08 14:43:51.000,2026-05-08 19:43:51.000,You are 50 points away from your next reward!,263,787,,,168,CUSTOM
2999,2026-05-07 03:43:51.000,2026-05-08 19:43:51.000,We miss you! Come back and earn double points this week.,263,789,,920,72,CUSTOM
3000,2026-05-08 08:43:51.000,2026-05-08 19:43:51.000,You have a reward waiting for you. Claim it now!,263,,,921,168,AUTOMATED
3001,2026-05-08 05:43:51.000,2026-05-08 19:43:51.000,You are 50 points away from your next reward!,263,787,,921,48,AUTOMATED
3002,2026-05-06 22:43:51.000,2026-05-08 19:43:51.000,Your loyalty card has a new benefit. Tap to discover.,264,,,,24,AUTOMATED
3003,2026-05-07 20:43:51.000,2026-05-08 19:43:51.000,Bring a friend and both of you earn bonus points.,264,790,,,168,CUSTOM
3004,2026-05-08 13:43:51.000,2026-05-08 19:43:51.000,Flash sale today only. Use your points for extra savings.,264,790,,923,24,CUSTOM
3005,2026-05-07 19:43:51.000,2026-05-08 19:43:51.000,Bring a friend and both of you earn bonus points.,264,,,,24,CUSTOM
3006,2026-05-07 04:43:51.000,2026-05-08 19:43:51.000,Happy birthday! Enjoy your special gift from us.,264,,,923,24,AUTOMATED
3007,2026-05-07 03:43:51.000,2026-05-08 19:43:51.000,New products just arrived. Be the first to check them out.,264,,,,72,AUTOMATED
3008,2026-05-08 01:43:51.000,2026-05-08 19:43:51.000,You are 50 points away from your next reward!,264,,,923,48,CUSTOM
3009,2026-05-07 14:43:51.000,2026-05-08 19:43:51.000,Happy birthday! Enjoy your special gift from us.,265,,,924,72,CUSTOM
3010,2026-05-08 12:43:51.000,2026-05-08 19:43:51.000,Bring a friend and both of you earn bonus points.,265,,,,48,CUSTOM
3011,2026-05-07 05:43:51.000,2026-05-08 19:43:51.000,Happy birthday! Enjoy your special gift from us.,265,794,,,24,AUTOMATED
3012,2026-05-07 22:43:51.000,2026-05-08 19:43:51.000,You are 50 points away from your next reward!,265,794,,,24,AUTOMATED
3013,2026-05-07 22:43:51.000,2026-05-08 19:43:51.000,You are 50 points away from your next reward!,265,,,924,72,AUTOMATED
3014,2026-05-07 09:43:51.000,2026-05-08 19:43:51.000,Your loyalty card has a new benefit. Tap to discover.,266,,,929,24,AUTOMATED
3015,2026-05-07 09:43:51.000,2026-05-08 19:43:51.000,Bring a friend and both of you earn bonus points.,266,796,,,24,AUTOMATED
3016,2026-05-08 09:43:51.000,2026-05-08 19:43:51.000,Bring a friend and both of you earn bonus points.,266,,,,48,AUTOMATED
3017,2026-05-07 02:43:51.000,2026-05-08 19:43:51.000,We miss you! Come back and earn double points this week.,266,797,,929,24,CUSTOM
3018,2026-05-06 20:43:51.000,2026-05-08 19:43:51.000,Bring a friend and both of you earn bonus points.,266,798,,,24,CUSTOM
3019,2026-05-08 00:43:51.000,2026-05-08 19:43:51.000,Happy birthday! Enjoy your special gift from us.,266,,,926,168,AUTOMATED
3020,2026-05-08 00:43:51.000,2026-05-08 19:43:51.000,New products just arrived. Be the first to check them out.,266,,,,48,AUTOMATED
3021,2026-05-08 06:43:51.000,2026-05-08 19:43:51.000,Happy birthday! Enjoy your special gift from us.,266,797,,,24,CUSTOM
3022,2026-05-07 03:43:51.000,2026-05-08 19:43:51.000,Your loyalty card has a new benefit. Tap to discover.,266,,,,48,AUTOMATED
3023,2026-05-07 02:43:51.000,2026-05-08 19:43:51.000,Bring a friend and both of you earn bonus points.,266,,,928,48,AUTOMATED
3024,2026-05-06 20:43:51.000,2026-05-08 19:43:51.000,You are 50 points away from your next reward!,266,796,,926,72,CUSTOM
3025,2026-05-08 02:43:51.000,2026-05-08 19:43:51.000,You are 50 points away from your next reward!,266,798,,,24,CUSTOM
3026,2026-05-07 07:43:51.000,2026-05-08 19:43:51.000,Happy birthday! Enjoy your special gift from us.,266,796,,,24,AUTOMATED
3027,2026-05-08 13:43:51.000,2026-05-08 19:43:51.000,Bring a friend and both of you earn bonus points.,266,796,,,24,AUTOMATED
3028,2026-05-08 06:43:51.000,2026-05-08 19:43:51.000,You are 50 points away from your next reward!,266,798,,929,168,CUSTOM
3029,2026-05-07 01:43:51.000,2026-05-08 19:43:51.000,You have a reward waiting for you. Claim it now!,266,796,,,48,AUTOMATED
3030,2026-05-08 10:43:51.000,2026-05-08 19:43:51.000,We miss you! Come back and earn double points this week.,266,796,,,24,CUSTOM
3031,2026-05-08 03:43:51.000,2026-05-08 19:43:51.000,Happy birthday! Enjoy your special gift from us.,266,,,,168,CUSTOM
3032,2026-05-06 22:43:51.000,2026-05-08 19:43:51.000,New products just arrived. Be the first to check them out.,266,798,,,24,AUTOMATED
3033,2026-05-06 22:43:51.000,2026-05-08 19:43:51.000,Your loyalty card has a new benefit. Tap to discover.,266,,,,48,AUTOMATED
3034,2026-05-07 10:43:51.000,2026-05-08 19:43:51.000,Flash sale today only. Use your points for extra savings.,266,796,,,24,CUSTOM
3035,2026-05-07 02:43:51.000,2026-05-08 19:43:51.000,Happy birthday! Enjoy your special gift from us.,266,796,,,168,AUTOMATED
3036,2026-05-07 21:43:51.000,2026-05-08 19:43:51.000,New products just arrived. Be the first to check them out.,266,,,926,168,AUTOMATED
3037,2026-05-07 13:43:51.000,2026-05-08 19:43:51.000,We miss you! Come back and earn double points this week.,266,797,,926,48,AUTOMATED
3038,2026-05-08 16:43:51.000,2026-05-08 19:43:51.000,We miss you! Come back and earn double points this week.,266,,,,168,AUTOMATED
3039,2026-05-08 13:43:51.000,2026-05-08 19:43:51.000,You have a reward waiting for you. Claim it now!,266,796,,929,48,CUSTOM
3040,2026-05-07 13:43:51.000,2026-05-08 19:43:51.000,Your loyalty card has a new benefit. Tap to discover.,266,,,,168,AUTOMATED
3041,2026-05-08 00:43:51.000,2026-05-08 19:43:51.000,Bring a friend and both of you earn bonus points.,266,,,,168,CUSTOM
3042,2026-05-07 08:43:51.000,2026-05-08 19:43:51.000,We miss you! Come back and earn double points this week.,266,,,926,24,AUTOMATED
3043,2026-05-07 16:43:51.000,2026-05-08 19:43:51.000,Your loyalty card has a new benefit. Tap to discover.,267,,,,48,CUSTOM
3044,2026-05-07 10:43:51.000,2026-05-08 19:43:51.000,Your loyalty card has a new benefit. Tap to discover.,267,,,,24,CUSTOM
3045,2026-05-08 05:43:51.000,2026-05-08 19:43:51.000,Flash sale today only. Use your points for extra savings.,267,,,935,24,CUSTOM
3046,2026-05-08 03:43:51.000,2026-05-08 19:43:51.000,Your loyalty card has a new benefit. Tap to discover.,267,,,932,24,CUSTOM
3047,2026-05-06 20:43:51.000,2026-05-08 19:43:51.000,Flash sale today only. Use your points for extra savings.,267,,,934,168,CUSTOM
3048,2026-05-07 10:43:51.000,2026-05-08 19:43:51.000,We miss you! Come back and earn double points this week.,267,,,,48,AUTOMATED
3049,2026-05-06 21:43:51.000,2026-05-08 19:43:51.000,Flash sale today only. Use your points for extra savings.,267,,,,72,CUSTOM
3050,2026-05-07 09:43:51.000,2026-05-08 19:43:51.000,Flash sale today only. Use your points for extra savings.,267,,,932,168,AUTOMATED
3051,2026-05-08 00:43:51.000,2026-05-08 19:43:51.000,Your loyalty card has a new benefit. Tap to discover.,267,,,932,168,CUSTOM
3052,2026-05-08 01:43:51.000,2026-05-08 19:43:51.000,You are 50 points away from your next reward!,267,,,,24,AUTOMATED
3053,2026-05-08 15:43:51.000,2026-05-08 19:43:51.000,You are 50 points away from your next reward!,267,,,933,168,CUSTOM
3054,2026-05-08 16:43:51.000,2026-05-08 19:43:51.000,Bring a friend and both of you earn bonus points.,267,,,,24,AUTOMATED
3055,2026-05-08 13:43:51.000,2026-05-08 19:43:51.000,Flash sale today only. Use your points for extra savings.,267,800,,935,24,CUSTOM
3056,2026-05-07 22:43:51.000,2026-05-08 19:43:51.000,Happy birthday! Enjoy your special gift from us.,267,801,,,72,CUSTOM
3057,2026-05-08 16:43:51.000,2026-05-08 19:43:51.000,You have a reward waiting for you. Claim it now!,267,801,,,24,AUTOMATED
3058,2026-05-06 21:43:51.000,2026-05-08 19:43:51.000,You have a reward waiting for you. Claim it now!,267,,,,168,AUTOMATED
3059,2026-05-06 22:43:51.000,2026-05-08 19:43:51.000,You are 50 points away from your next reward!,267,,,931,48,AUTOMATED
3060,2026-05-08 03:43:51.000,2026-05-08 19:43:51.000,Flash sale today only. Use your points for extra savings.,267,,,933,48,CUSTOM
3061,2026-05-07 08:43:51.000,2026-05-08 19:43:51.000,You have a reward waiting for you. Claim it now!,267,,,,72,AUTOMATED
3062,2026-05-07 13:43:51.000,2026-05-08 19:43:51.000,Flash sale today only. Use your points for extra savings.,267,,,933,72,AUTOMATED
3063,2026-05-06 22:43:51.000,2026-05-08 19:43:51.000,We miss you! Come back and earn double points this week.,267,,,,72,CUSTOM
3064,2026-05-07 16:43:51.000,2026-05-08 19:43:51.000,Flash sale today only. Use your points for extra savings.,267,,,931,48,AUTOMATED
3065,2026-05-07 06:43:51.000,2026-05-08 19:43:51.000,Bring a friend and both of you earn bonus points.,267,,,,48,CUSTOM
3066,2026-05-07 06:43:51.000,2026-05-08 19:43:51.000,Flash sale today only. Use your points for extra savings.,267,800,,,72,CUSTOM
3067,2026-05-08 01:43:51.000,2026-05-08 19:43:51.000,You are 50 points away from your next reward!,267,,,,24,CUSTOM
3068,2026-05-06 19:43:51.000,2026-05-08 19:43:51.000,You have a reward waiting for you. Claim it now!,267,,,932,24,AUTOMATED
3069,2026-05-07 17:43:51.000,2026-05-08 19:43:51.000,New products just arrived. Be the first to check them out.,267,,,934,24,CUSTOM
3070,2026-05-07 13:43:51.000,2026-05-08 19:43:51.000,You have a reward waiting for you. Claim it now!,267,,,,48,AUTOMATED
3071,2026-05-08 09:43:51.000,2026-05-08 19:43:51.000,You have a reward waiting for you. Claim it now!,268,,,,24,CUSTOM
3072,2026-05-07 01:43:51.000,2026-05-08 19:43:51.000,Flash sale today only. Use your points for extra savings.,268,,,,24,AUTOMATED
3073,2026-05-07 02:43:51.000,2026-05-08 19:43:51.000,You are 50 points away from your next reward!,268,,,,48,CUSTOM
3074,2026-05-07 18:43:51.000,2026-05-08 19:43:51.000,We miss you! Come back and earn double points this week.,268,803,,940,72,AUTOMATED
3075,2026-05-08 15:43:51.000,2026-05-08 19:43:51.000,Happy birthday! Enjoy your special gift from us.,268,,,,168,AUTOMATED
3076,2026-05-06 20:43:51.000,2026-05-08 19:43:51.000,We miss you! Come back and earn double points this week.,268,,,,168,AUTOMATED
3077,2026-05-07 18:43:51.000,2026-05-08 19:43:51.000,We miss you! Come back and earn double points this week.,268,,,,24,CUSTOM
3078,2026-05-07 00:43:51.000,2026-05-08 19:43:51.000,We miss you! Come back and earn double points this week.,268,804,,938,24,CUSTOM
3079,2026-05-07 00:43:51.000,2026-05-08 19:43:51.000,You have a reward waiting for you. Claim it now!,268,,,936,168,CUSTOM
3080,2026-05-07 19:43:51.000,2026-05-08 19:43:51.000,Bring a friend and both of you earn bonus points.,268,,,936,168,CUSTOM
3081,2026-05-07 12:43:51.000,2026-05-08 19:43:51.000,We miss you! Come back and earn double points this week.,268,,,939,24,CUSTOM
3082,2026-05-06 19:43:51.000,2026-05-08 19:43:51.000,Flash sale today only. Use your points for extra savings.,268,,,,72,AUTOMATED
3083,2026-05-08 00:43:51.000,2026-05-08 19:43:51.000,You have a reward waiting for you. Claim it now!,268,,,,24,CUSTOM
3084,2026-05-08 03:43:51.000,2026-05-08 19:43:51.000,Happy birthday! Enjoy your special gift from us.,268,802,,,48,AUTOMATED
3085,2026-05-08 02:43:51.000,2026-05-08 19:43:51.000,You have a reward waiting for you. Claim it now!,268,,,,168,CUSTOM
3086,2026-05-07 09:43:51.000,2026-05-08 19:43:51.000,Bring a friend and both of you earn bonus points.,268,804,,,168,AUTOMATED
3087,2026-05-08 15:43:51.000,2026-05-08 19:43:51.000,We miss you! Come back and earn double points this week.,268,,,,24,AUTOMATED
3088,2026-05-06 22:43:51.000,2026-05-08 19:43:51.000,Flash sale today only. Use your points for extra savings.,268,,,938,168,AUTOMATED
3089,2026-05-08 11:43:51.000,2026-05-08 19:43:51.000,New products just arrived. Be the first to check them out.,268,,,937,24,CUSTOM
3090,2026-05-07 15:43:51.000,2026-05-08 19:43:51.000,Bring a friend and both of you earn bonus points.,268,803,,,48,CUSTOM
3091,2026-05-08 02:43:51.000,2026-05-08 19:43:51.000,Your loyalty card has a new benefit. Tap to discover.,268,,,938,72,AUTOMATED
3092,2026-05-08 17:43:51.000,2026-05-08 19:43:51.000,Your loyalty card has a new benefit. Tap to discover.,268,,,,48,CUSTOM
3093,2026-05-08 14:43:51.000,2026-05-08 19:43:51.000,Your loyalty card has a new benefit. Tap to discover.,268,,,,72,CUSTOM
3094,2026-05-08 15:43:51.000,2026-05-08 19:43:51.000,Flash sale today only. Use your points for extra savings.,268,803,,,24,CUSTOM
3095,2026-05-08 14:43:51.000,2026-05-08 19:43:51.000,You have a reward waiting for you. Claim it now!,268,,,,24,CUSTOM
3096,2026-05-07 06:43:51.000,2026-05-08 19:43:51.000,We miss you! Come back and earn double points this week.,269,,,941,24,AUTOMATED
3097,2026-05-07 10:43:51.000,2026-05-08 19:43:51.000,You have a reward waiting for you. Claim it now!,269,,,942,168,AUTOMATED
3098,2026-05-06 19:43:51.000,2026-05-08 19:43:51.000,Happy birthday! Enjoy your special gift from us.,269,,,,24,CUSTOM
3099,2026-05-08 11:43:51.000,2026-05-08 19:43:51.000,We miss you! Come back and earn double points this week.,269,807,,,168,AUTOMATED
3100,2026-05-07 03:43:51.000,2026-05-08 19:43:51.000,You are 50 points away from your next reward!,269,807,,,24,CUSTOM
3101,2026-05-08 05:43:51.000,2026-05-08 19:43:51.000,Bring a friend and both of you earn bonus points.,269,,,,72,AUTOMATED
3102,2026-05-08 02:43:51.000,2026-05-08 19:43:51.000,Flash sale today only. Use your points for extra savings.,270,,,944,168,CUSTOM
3103,2026-05-08 17:43:51.000,2026-05-08 19:43:51.000,We miss you! Come back and earn double points this week.,270,808,,,168,AUTOMATED
3104,2026-05-07 22:43:51.000,2026-05-08 19:43:51.000,You are 50 points away from your next reward!,270,810,,,48,CUSTOM
3105,2026-05-08 02:43:51.000,2026-05-08 19:43:51.000,You are 50 points away from your next reward!,270,810,,,24,CUSTOM
3106,2026-05-08 15:43:51.000,2026-05-08 19:43:51.000,Your loyalty card has a new benefit. Tap to discover.,270,,,,168,CUSTOM
3107,2026-05-07 00:43:51.000,2026-05-08 19:43:51.000,Bring a friend and both of you earn bonus points.,270,,,,168,CUSTOM
3108,2026-05-07 03:43:51.000,2026-05-08 19:43:51.000,Happy birthday! Enjoy your special gift from us.,270,,,,168,CUSTOM
3109,2026-05-07 03:43:51.000,2026-05-08 19:43:51.000,Happy birthday! Enjoy your special gift from us.,270,808,,,72,CUSTOM
3110,2026-05-07 12:43:51.000,2026-05-08 19:43:51.000,Bring a friend and both of you earn bonus points.,270,810,,,168,AUTOMATED
3111,2026-05-07 23:43:51.000,2026-05-08 19:43:51.000,We miss you! Come back and earn double points this week.,270,,,,48,CUSTOM
3112,2026-05-07 06:43:51.000,2026-05-08 19:43:51.000,You are 50 points away from your next reward!,270,,,,24,AUTOMATED
3113,2026-05-08 05:43:51.000,2026-05-08 19:43:51.000,Bring a friend and both of you earn bonus points.,270,,,945,48,AUTOMATED
3114,2026-05-07 18:43:51.000,2026-05-08 19:43:51.000,Bring a friend and both of you earn bonus points.,270,808,,,24,CUSTOM
3115,2026-05-07 20:43:51.000,2026-05-08 19:43:51.000,Flash sale today only. Use your points for extra savings.,270,,,,48,CUSTOM
3116,2026-05-08 01:43:51.000,2026-05-08 19:43:51.000,New products just arrived. Be the first to check them out.,271,813,,,48,CUSTOM
3117,2026-05-07 15:43:51.000,2026-05-08 19:43:51.000,Your loyalty card has a new benefit. Tap to discover.,271,811,,948,72,CUSTOM
3118,2026-05-07 20:43:51.000,2026-05-08 19:43:51.000,You have a reward waiting for you. Claim it now!,271,,,,72,CUSTOM
3119,2026-05-07 09:43:51.000,2026-05-08 19:43:51.000,Bring a friend and both of you earn bonus points.,271,,,,72,AUTOMATED
3120,2026-05-06 23:43:51.000,2026-05-08 19:43:51.000,Flash sale today only. Use your points for extra savings.,271,811,,947,24,AUTOMATED
3121,2026-05-07 15:43:51.000,2026-05-08 19:43:51.000,Happy birthday! Enjoy your special gift from us.,271,,,,72,CUSTOM
3122,2026-05-07 13:43:51.000,2026-05-08 19:43:51.000,Your loyalty card has a new benefit. Tap to discover.,271,,,948,48,CUSTOM
3123,2026-05-08 06:43:51.000,2026-05-08 19:43:51.000,Flash sale today only. Use your points for extra savings.,271,,,,24,AUTOMATED
3124,2026-05-07 21:43:51.000,2026-05-08 19:43:51.000,You are 50 points away from your next reward!,271,,,947,48,AUTOMATED
3125,2026-05-08 00:43:51.000,2026-05-08 19:43:51.000,You have a reward waiting for you. Claim it now!,271,812,,946,168,AUTOMATED
3126,2026-05-07 01:43:51.000,2026-05-08 19:43:51.000,Happy birthday! Enjoy your special gift from us.,271,812,,,168,AUTOMATED
3127,2026-05-07 22:43:51.000,2026-05-08 19:43:51.000,Flash sale today only. Use your points for extra savings.,272,,,952,72,AUTOMATED
3128,2026-05-07 22:43:51.000,2026-05-08 19:43:51.000,New products just arrived. Be the first to check them out.,272,816,,951,72,AUTOMATED
3129,2026-05-08 04:43:51.000,2026-05-08 19:43:51.000,Flash sale today only. Use your points for extra savings.,272,816,,,24,AUTOMATED
3130,2026-05-06 21:43:51.000,2026-05-08 19:43:51.000,Happy birthday! Enjoy your special gift from us.,272,816,,,48,AUTOMATED
3131,2026-05-08 07:43:51.000,2026-05-08 19:43:51.000,Your loyalty card has a new benefit. Tap to discover.,272,816,,,48,AUTOMATED
3132,2026-05-07 07:43:51.000,2026-05-08 19:43:51.000,You are 50 points away from your next reward!,272,,,,72,AUTOMATED
3133,2026-05-06 19:43:51.000,2026-05-08 19:43:51.000,We miss you! Come back and earn double points this week.,273,819,,955,48,CUSTOM
3134,2026-05-07 21:43:51.000,2026-05-08 19:43:51.000,Flash sale today only. Use your points for extra savings.,273,817,,,168,AUTOMATED
3135,2026-05-07 02:43:51.000,2026-05-08 19:43:51.000,Flash sale today only. Use your points for extra savings.,273,,,,24,AUTOMATED
3136,2026-05-07 06:43:51.000,2026-05-08 19:43:51.000,You have a reward waiting for you. Claim it now!,273,818,,,24,AUTOMATED
3137,2026-05-08 04:43:51.000,2026-05-08 19:43:51.000,We miss you! Come back and earn double points this week.,273,,,954,168,AUTOMATED
3138,2026-05-07 00:43:51.000,2026-05-08 19:43:51.000,Your loyalty card has a new benefit. Tap to discover.,273,,,,48,AUTOMATED
3139,2026-05-07 17:43:51.000,2026-05-08 19:43:51.000,New products just arrived. Be the first to check them out.,273,,,955,168,AUTOMATED
3140,2026-05-07 20:43:51.000,2026-05-08 19:43:51.000,Happy birthday! Enjoy your special gift from us.,273,,,,72,CUSTOM
3141,2026-05-07 16:43:51.000,2026-05-08 19:43:51.000,You are 50 points away from your next reward!,273,819,,,168,AUTOMATED
3142,2026-05-07 07:43:51.000,2026-05-08 19:43:51.000,We miss you! Come back and earn double points this week.,273,,,954,72,CUSTOM
3143,2026-05-07 15:43:51.000,2026-05-08 19:43:51.000,We miss you! Come back and earn double points this week.,273,819,,954,168,CUSTOM
3144,2026-05-07 17:43:51.000,2026-05-08 19:43:51.000,We miss you! Come back and earn double points this week.,274,,,,24,AUTOMATED
3145,2026-05-07 17:43:51.000,2026-05-08 19:43:51.000,You have a reward waiting for you. Claim it now!,274,822,,958,24,CUSTOM
3146,2026-05-08 14:43:51.000,2026-05-08 19:43:51.000,You have a reward waiting for you. Claim it now!,274,,,,24,AUTOMATED
3147,2026-05-08 05:43:51.000,2026-05-08 19:43:51.000,Flash sale today only. Use your points for extra savings.,274,820,,957,168,AUTOMATED
3148,2026-05-07 04:43:51.000,2026-05-08 19:43:51.000,We miss you! Come back and earn double points this week.,275,825,,,24,CUSTOM
3149,2026-05-08 10:43:51.000,2026-05-08 19:43:51.000,Your loyalty card has a new benefit. Tap to discover.,275,824,,,168,CUSTOM
3150,2026-05-07 19:43:51.000,2026-05-08 19:43:51.000,Bring a friend and both of you earn bonus points.,275,825,,965,24,AUTOMATED
3151,2026-05-08 05:43:51.000,2026-05-08 19:43:51.000,Your loyalty card has a new benefit. Tap to discover.,275,823,,,72,AUTOMATED
3152,2026-05-08 14:43:51.000,2026-05-08 19:43:51.000,Bring a friend and both of you earn bonus points.,275,823,,962,168,CUSTOM
3153,2026-05-08 08:43:51.000,2026-05-08 19:43:51.000,You have a reward waiting for you. Claim it now!,275,824,,,72,CUSTOM
3154,2026-05-08 02:43:51.000,2026-05-08 19:43:51.000,We miss you! Come back and earn double points this week.,275,825,,,24,AUTOMATED
3155,2026-05-08 11:43:51.000,2026-05-08 19:43:51.000,Happy birthday! Enjoy your special gift from us.,275,,,,24,AUTOMATED
3156,2026-05-07 12:43:51.000,2026-05-08 19:43:51.000,Your loyalty card has a new benefit. Tap to discover.,275,,,,72,AUTOMATED
3157,2026-05-08 08:43:51.000,2026-05-08 19:43:51.000,You are 50 points away from your next reward!,275,,,965,48,AUTOMATED
3158,2026-05-07 03:43:51.000,2026-05-08 19:43:51.000,You are 50 points away from your next reward!,275,825,,,72,AUTOMATED
3159,2026-05-08 10:43:51.000,2026-05-08 19:43:51.000,We miss you! Come back and earn double points this week.,275,823,,963,48,CUSTOM
3160,2026-05-08 11:43:51.000,2026-05-08 19:43:51.000,Happy birthday! Enjoy your special gift from us.,275,,,965,24,AUTOMATED
3161,2026-05-08 09:43:51.000,2026-05-08 19:43:51.000,New products just arrived. Be the first to check them out.,275,823,,961,48,AUTOMATED
3162,2026-05-07 23:43:51.000,2026-05-08 19:43:51.000,We miss you! Come back and earn double points this week.,275,824,,962,168,CUSTOM
3163,2026-05-08 08:43:51.000,2026-05-08 19:43:51.000,Bring a friend and both of you earn bonus points.,275,824,,,168,CUSTOM
3164,2026-05-08 12:43:51.000,2026-05-08 19:43:51.000,Bring a friend and both of you earn bonus points.,275,,,,72,CUSTOM
3165,2026-05-07 15:43:51.000,2026-05-08 19:43:51.000,Flash sale today only. Use your points for extra savings.,275,,,,48,AUTOMATED
3166,2026-05-07 21:43:51.000,2026-05-08 19:43:51.000,Happy birthday! Enjoy your special gift from us.,275,,,965,72,AUTOMATED
3167,2026-05-06 22:43:51.000,2026-05-08 19:43:51.000,We miss you! Come back and earn double points this week.,275,,,,72,CUSTOM
3168,2026-05-08 03:43:51.000,2026-05-08 19:43:51.000,Bring a friend and both of you earn bonus points.,275,,,965,72,CUSTOM
3169,2026-05-08 12:43:51.000,2026-05-08 19:43:51.000,Happy birthday! Enjoy your special gift from us.,275,825,,964,48,AUTOMATED
3170,2026-05-07 06:43:51.000,2026-05-08 19:43:51.000,You have a reward waiting for you. Claim it now!,275,,,,48,CUSTOM
3171,2026-05-08 02:43:51.000,2026-05-08 19:43:51.000,New products just arrived. Be the first to check them out.,275,,,964,24,AUTOMATED
3172,2026-05-07 02:43:51.000,2026-05-08 19:43:51.000,Your loyalty card has a new benefit. Tap to discover.,275,,,,48,AUTOMATED
3173,2026-05-07 13:43:51.000,2026-05-08 19:43:51.000,We miss you! Come back and earn double points this week.,275,,,,72,CUSTOM
3174,2026-05-07 04:43:51.000,2026-05-08 19:43:51.000,You are 50 points away from your next reward!,275,825,,,72,CUSTOM
3175,2026-05-07 03:43:51.000,2026-05-08 19:43:51.000,You have a reward waiting for you. Claim it now!,275,824,,,24,CUSTOM
3176,2026-05-07 09:43:51.000,2026-05-08 19:43:51.000,Flash sale today only. Use your points for extra savings.,276,,,,24,CUSTOM
3177,2026-05-07 06:43:51.000,2026-05-08 19:43:51.000,Flash sale today only. Use your points for extra savings.,276,827,,967,24,AUTOMATED
3178,2026-05-06 22:43:51.000,2026-05-08 19:43:51.000,Happy birthday! Enjoy your special gift from us.,276,828,,,168,AUTOMATED
3179,2026-05-07 00:43:51.000,2026-05-08 19:43:51.000,New products just arrived. Be the first to check them out.,277,,,,72,CUSTOM
3180,2026-05-07 19:43:51.000,2026-05-08 19:43:51.000,New products just arrived. Be the first to check them out.,277,829,,,72,AUTOMATED
3181,2026-05-08 10:43:51.000,2026-05-08 19:43:51.000,Happy birthday! Enjoy your special gift from us.,277,,,,168,AUTOMATED
3182,2026-05-07 07:43:51.000,2026-05-08 19:43:51.000,Bring a friend and both of you earn bonus points.,277,,,,168,CUSTOM
3183,2026-05-08 03:43:51.000,2026-05-08 19:43:51.000,You are 50 points away from your next reward!,277,831,,,72,AUTOMATED
3184,2026-05-07 02:43:51.000,2026-05-08 19:43:51.000,New products just arrived. Be the first to check them out.,277,829,,971,168,CUSTOM
3185,2026-05-08 17:43:51.000,2026-05-08 19:43:51.000,Bring a friend and both of you earn bonus points.,277,,,972,48,CUSTOM
3186,2026-05-06 20:43:51.000,2026-05-08 19:43:51.000,Bring a friend and both of you earn bonus points.,277,,,,72,CUSTOM
3187,2026-05-06 21:43:51.000,2026-05-08 19:43:51.000,Bring a friend and both of you earn bonus points.,277,,,,72,CUSTOM
3188,2026-05-07 05:43:51.000,2026-05-08 19:43:51.000,Flash sale today only. Use your points for extra savings.,277,,,,48,CUSTOM
3189,2026-05-07 06:43:51.000,2026-05-08 19:43:51.000,We miss you! Come back and earn double points this week.,277,,,,168,AUTOMATED
3190,2026-05-08 16:43:51.000,2026-05-08 19:43:51.000,New products just arrived. Be the first to check them out.,277,,,,24,AUTOMATED
3191,2026-05-07 02:43:51.000,2026-05-08 19:43:51.000,You are 50 points away from your next reward!,277,831,,,168,CUSTOM
3192,2026-05-07 12:43:51.000,2026-05-08 19:43:51.000,You are 50 points away from your next reward!,277,831,,972,48,CUSTOM
3193,2026-05-07 11:43:51.000,2026-05-08 19:43:51.000,You are 50 points away from your next reward!,277,,,,48,AUTOMATED
3194,2026-05-08 14:43:51.000,2026-05-08 19:43:51.000,We miss you! Come back and earn double points this week.,277,831,,,48,CUSTOM
3195,2026-05-06 23:43:51.000,2026-05-08 19:43:51.000,Bring a friend and both of you earn bonus points.,277,,,970,24,AUTOMATED
3196,2026-05-08 14:43:51.000,2026-05-08 19:43:51.000,You are 50 points away from your next reward!,277,,,972,72,CUSTOM
3197,2026-05-08 05:43:51.000,2026-05-08 19:43:51.000,We miss you! Come back and earn double points this week.,277,830,,968,48,CUSTOM
3198,2026-05-07 01:43:51.000,2026-05-08 19:43:51.000,Happy birthday! Enjoy your special gift from us.,277,831,,,24,AUTOMATED
3199,2026-05-08 18:43:51.000,2026-05-08 19:43:51.000,You are 50 points away from your next reward!,277,830,,968,24,CUSTOM
3200,2026-05-07 13:43:51.000,2026-05-08 19:43:51.000,Flash sale today only. Use your points for extra savings.,277,,,971,168,CUSTOM
3201,2026-05-07 16:43:51.000,2026-05-08 19:43:51.000,Happy birthday! Enjoy your special gift from us.,277,830,,,168,AUTOMATED
3202,2026-05-07 05:43:51.000,2026-05-08 19:43:51.000,New products just arrived. Be the first to check them out.,277,,,,168,CUSTOM
3203,2026-05-08 05:43:51.000,2026-05-08 19:43:51.000,You are 50 points away from your next reward!,277,830,,,168,AUTOMATED
3204,2026-05-08 14:43:51.000,2026-05-08 19:43:51.000,We miss you! Come back and earn double points this week.,278,,,973,72,AUTOMATED
3205,2026-05-07 03:43:51.000,2026-05-08 19:43:51.000,New products just arrived. Be the first to check them out.,278,,,973,48,CUSTOM
3206,2026-05-07 18:43:51.000,2026-05-08 19:43:51.000,You are 50 points away from your next reward!,278,832,,,24,CUSTOM
3207,2026-05-07 20:43:51.000,2026-05-08 19:43:51.000,Flash sale today only. Use your points for extra savings.,278,,,,72,AUTOMATED
3208,2026-05-07 07:43:51.000,2026-05-08 19:43:51.000,You are 50 points away from your next reward!,278,,,,168,AUTOMATED
3209,2026-05-06 22:43:51.000,2026-05-08 19:43:51.000,Bring a friend and both of you earn bonus points.,278,,,,48,AUTOMATED
3210,2026-05-07 01:43:51.000,2026-05-08 19:43:51.000,Your loyalty card has a new benefit. Tap to discover.,278,833,,,72,AUTOMATED
3211,2026-05-07 00:43:51.000,2026-05-08 19:43:51.000,Bring a friend and both of you earn bonus points.,278,,,,168,CUSTOM
3212,2026-05-07 09:43:51.000,2026-05-08 19:43:51.000,We miss you! Come back and earn double points this week.,279,,,,72,AUTOMATED
3213,2026-05-08 02:43:51.000,2026-05-08 19:43:51.000,We miss you! Come back and earn double points this week.,279,,,,24,CUSTOM
3214,2026-05-07 13:43:51.000,2026-05-08 19:43:51.000,Bring a friend and both of you earn bonus points.,279,,,,48,AUTOMATED
3215,2026-05-06 23:43:51.000,2026-05-08 19:43:51.000,Flash sale today only. Use your points for extra savings.,279,,,,24,AUTOMATED
3216,2026-05-08 07:43:51.000,2026-05-08 19:43:51.000,Bring a friend and both of you earn bonus points.,279,,,,168,CUSTOM
3217,2026-05-08 17:43:51.000,2026-05-08 19:43:51.000,Flash sale today only. Use your points for extra savings.,279,,,,168,AUTOMATED
3218,2026-05-07 03:43:51.000,2026-05-08 19:43:51.000,Bring a friend and both of you earn bonus points.,279,,,,48,CUSTOM
3219,2026-05-08 00:43:51.000,2026-05-08 19:43:51.000,We miss you! Come back and earn double points this week.,280,839,,,24,CUSTOM
3220,2026-05-07 09:43:51.000,2026-05-08 19:43:51.000,You are 50 points away from your next reward!,280,840,,,72,AUTOMATED
3221,2026-05-07 19:43:51.000,2026-05-08 19:43:51.000,Flash sale today only. Use your points for extra savings.,280,,,,72,CUSTOM
3222,2026-05-07 18:43:51.000,2026-05-08 19:43:51.000,Happy birthday! Enjoy your special gift from us.,280,,,,168,CUSTOM
3223,2026-05-07 19:43:51.000,2026-05-08 19:43:51.000,Bring a friend and both of you earn bonus points.,281,,,984,48,AUTOMATED
3224,2026-05-07 05:43:51.000,2026-05-08 19:43:51.000,You are 50 points away from your next reward!,281,842,,,168,AUTOMATED
3225,2026-05-07 11:43:51.000,2026-05-08 19:43:51.000,Flash sale today only. Use your points for extra savings.,281,,,,48,CUSTOM
3226,2026-05-07 08:43:51.000,2026-05-08 19:43:51.000,Flash sale today only. Use your points for extra savings.,281,,,981,24,CUSTOM
3227,2026-05-07 05:43:51.000,2026-05-08 19:43:51.000,You have a reward waiting for you. Claim it now!,281,,,,24,AUTOMATED
3228,2026-05-08 02:43:51.000,2026-05-08 19:43:51.000,You are 50 points away from your next reward!,281,843,,,72,AUTOMATED
3229,2026-05-07 10:43:51.000,2026-05-08 19:43:51.000,New products just arrived. Be the first to check them out.,281,,,,168,AUTOMATED
3230,2026-05-07 20:43:51.000,2026-05-08 19:43:51.000,Flash sale today only. Use your points for extra savings.,281,841,,,72,AUTOMATED
3231,2026-05-08 00:43:51.000,2026-05-08 19:43:51.000,You are 50 points away from your next reward!,281,,,,24,CUSTOM
3232,2026-05-06 22:43:51.000,2026-05-08 19:43:51.000,Happy birthday! Enjoy your special gift from us.,281,,,,24,CUSTOM
3233,2026-05-08 03:43:51.000,2026-05-08 19:43:51.000,You are 50 points away from your next reward!,281,843,,983,168,CUSTOM
3234,2026-05-08 00:43:51.000,2026-05-08 19:43:51.000,Bring a friend and both of you earn bonus points.,281,,,984,168,AUTOMATED
3235,2026-05-07 18:43:51.000,2026-05-08 19:43:51.000,Happy birthday! Enjoy your special gift from us.,282,845,,,48,CUSTOM
3236,2026-05-08 00:43:51.000,2026-05-08 19:43:51.000,Your loyalty card has a new benefit. Tap to discover.,282,,,,72,CUSTOM
3237,2026-05-07 10:43:51.000,2026-05-08 19:43:51.000,You are 50 points away from your next reward!,282,,,987,72,CUSTOM
3238,2026-05-08 14:43:51.000,2026-05-08 19:43:51.000,You have a reward waiting for you. Claim it now!,282,,,,72,CUSTOM
3239,2026-05-08 16:43:51.000,2026-05-08 19:43:51.000,Your loyalty card has a new benefit. Tap to discover.,282,,,,168,CUSTOM
3240,2026-05-07 02:43:51.000,2026-05-08 19:43:51.000,Bring a friend and both of you earn bonus points.,282,,,,168,AUTOMATED
3241,2026-05-07 02:43:51.000,2026-05-08 19:43:51.000,You are 50 points away from your next reward!,282,846,,987,48,AUTOMATED
3242,2026-05-08 17:43:51.000,2026-05-08 19:43:51.000,Bring a friend and both of you earn bonus points.,282,,,986,24,AUTOMATED
3243,2026-05-07 12:43:51.000,2026-05-08 19:43:51.000,Your loyalty card has a new benefit. Tap to discover.,282,845,,,72,AUTOMATED
3244,2026-05-08 08:43:51.000,2026-05-08 19:43:51.000,New products just arrived. Be the first to check them out.,282,846,,,168,AUTOMATED
3245,2026-05-07 05:43:51.000,2026-05-08 19:43:51.000,Bring a friend and both of you earn bonus points.,282,846,,986,168,CUSTOM
3246,2026-05-08 04:43:51.000,2026-05-08 19:43:51.000,You are 50 points away from your next reward!,282,,,,168,CUSTOM
3247,2026-05-08 09:43:51.000,2026-05-08 19:43:51.000,We miss you! Come back and earn double points this week.,282,,,986,24,CUSTOM
3248,2026-05-08 00:43:51.000,2026-05-08 19:43:51.000,You are 50 points away from your next reward!,282,845,,987,72,CUSTOM
3249,2026-05-07 14:43:51.000,2026-05-08 19:43:51.000,Flash sale today only. Use your points for extra savings.,282,845,,,168,AUTOMATED
3250,2026-05-07 03:43:51.000,2026-05-08 19:43:51.000,Happy birthday! Enjoy your special gift from us.,283,,,989,48,AUTOMATED
3251,2026-05-07 11:43:51.000,2026-05-08 19:43:51.000,You are 50 points away from your next reward!,283,,,,48,AUTOMATED
3252,2026-05-07 03:43:51.000,2026-05-08 19:43:51.000,You have a reward waiting for you. Claim it now!,283,,,990,48,AUTOMATED
3253,2026-05-08 13:43:51.000,2026-05-08 19:43:51.000,Flash sale today only. Use your points for extra savings.,283,,,988,168,AUTOMATED
3254,2026-05-07 23:43:51.000,2026-05-08 19:43:51.000,Happy birthday! Enjoy your special gift from us.,283,847,,,48,AUTOMATED
3255,2026-05-07 16:43:51.000,2026-05-08 19:43:51.000,Happy birthday! Enjoy your special gift from us.,283,,,,48,AUTOMATED
3256,2026-05-07 02:43:51.000,2026-05-08 19:43:51.000,Happy birthday! Enjoy your special gift from us.,284,,,,24,CUSTOM
3257,2026-05-07 06:43:51.000,2026-05-08 19:43:51.000,Happy birthday! Enjoy your special gift from us.,284,852,,,24,AUTOMATED
3258,2026-05-08 00:43:51.000,2026-05-08 19:43:51.000,Flash sale today only. Use your points for extra savings.,284,,,994,168,AUTOMATED
3259,2026-05-07 08:43:51.000,2026-05-08 19:43:51.000,Your loyalty card has a new benefit. Tap to discover.,284,850,,,72,CUSTOM
3260,2026-05-07 07:43:51.000,2026-05-08 19:43:51.000,Your loyalty card has a new benefit. Tap to discover.,284,,,,168,CUSTOM
3261,2026-05-08 04:43:51.000,2026-05-08 19:43:51.000,Your loyalty card has a new benefit. Tap to discover.,284,850,,993,168,AUTOMATED
3262,2026-05-07 13:43:51.000,2026-05-08 19:43:51.000,Your loyalty card has a new benefit. Tap to discover.,284,,,,48,CUSTOM
3263,2026-05-07 19:43:51.000,2026-05-08 19:43:51.000,You are 50 points away from your next reward!,285,853,,997,48,CUSTOM
3264,2026-05-07 08:43:51.000,2026-05-08 19:43:51.000,Your loyalty card has a new benefit. Tap to discover.,285,,,,72,CUSTOM
3265,2026-05-07 17:43:51.000,2026-05-08 19:43:51.000,You are 50 points away from your next reward!,285,,,998,72,AUTOMATED
3266,2026-05-08 02:43:51.000,2026-05-08 19:43:51.000,Bring a friend and both of you earn bonus points.,285,854,,998,72,CUSTOM
3267,2026-05-07 04:43:51.000,2026-05-08 19:43:51.000,You have a reward waiting for you. Claim it now!,285,855,,,72,CUSTOM
3268,2026-05-07 16:43:51.000,2026-05-08 19:43:51.000,New products just arrived. Be the first to check them out.,285,853,,,48,CUSTOM
3269,2026-05-07 14:43:51.000,2026-05-08 19:43:51.000,You are 50 points away from your next reward!,285,,,,24,AUTOMATED
3270,2026-05-07 14:43:51.000,2026-05-08 19:43:51.000,Your loyalty card has a new benefit. Tap to discover.,285,,,,24,CUSTOM
3271,2026-05-08 18:43:51.000,2026-05-08 19:43:51.000,We miss you! Come back and earn double points this week.,285,,,,48,CUSTOM
3272,2026-05-07 23:43:51.000,2026-05-08 19:43:51.000,You are 50 points away from your next reward!,285,,,,48,CUSTOM
3273,2026-05-07 20:43:51.000,2026-05-08 19:43:51.000,You are 50 points away from your next reward!,285,,,998,72,CUSTOM
3274,2026-05-08 03:43:51.000,2026-05-08 19:43:51.000,We miss you! Come back and earn double points this week.,285,,,,168,AUTOMATED
3275,2026-05-07 16:43:51.000,2026-05-08 19:43:51.000,Bring a friend and both of you earn bonus points.,285,854,,,72,CUSTOM
3276,2026-05-06 21:43:51.000,2026-05-08 19:43:51.000,You have a reward waiting for you. Claim it now!,286,,,,24,AUTOMATED
3277,2026-05-07 17:43:51.000,2026-05-08 19:43:51.000,Flash sale today only. Use your points for extra savings.,286,,,,72,CUSTOM
3278,2026-05-07 16:43:51.000,2026-05-08 19:43:51.000,New products just arrived. Be the first to check them out.,286,,,,168,AUTOMATED
3279,2026-05-07 19:43:51.000,2026-05-08 19:43:51.000,Happy birthday! Enjoy your special gift from us.,286,,,,168,CUSTOM
3280,2026-05-07 02:43:51.000,2026-05-08 19:43:51.000,Bring a friend and both of you earn bonus points.,286,,,,24,CUSTOM
3281,2026-05-08 03:43:51.000,2026-05-08 19:43:51.000,Bring a friend and both of you earn bonus points.,286,858,,,168,AUTOMATED
3282,2026-05-08 13:43:51.000,2026-05-08 19:43:51.000,You have a reward waiting for you. Claim it now!,286,,,,48,CUSTOM
3283,2026-05-06 21:43:51.000,2026-05-08 19:43:51.000,We miss you! Come back and earn double points this week.,286,,,,72,AUTOMATED
3284,2026-05-06 19:43:51.000,2026-05-08 19:43:51.000,Your loyalty card has a new benefit. Tap to discover.,286,,,,168,CUSTOM
3285,2026-05-07 10:43:51.000,2026-05-08 19:43:51.000,You are 50 points away from your next reward!,286,,,1001,24,CUSTOM
3286,2026-05-08 07:43:51.000,2026-05-08 19:43:51.000,Flash sale today only. Use your points for extra savings.,286,,,,48,CUSTOM
3287,2026-05-08 01:43:51.000,2026-05-08 19:43:51.000,Your loyalty card has a new benefit. Tap to discover.,286,857,,,72,AUTOMATED
3288,2026-05-08 01:43:51.000,2026-05-08 19:43:51.000,New products just arrived. Be the first to check them out.,286,856,,,168,CUSTOM
3289,2026-05-08 09:43:51.000,2026-05-08 19:43:51.000,Bring a friend and both of you earn bonus points.,286,858,,1001,168,AUTOMATED
3290,2026-05-07 08:43:51.000,2026-05-08 19:43:51.000,We miss you! Come back and earn double points this week.,286,858,,1000,48,AUTOMATED
3291,2026-05-08 06:43:51.000,2026-05-08 19:43:51.000,Flash sale today only. Use your points for extra savings.,287,,,,168,AUTOMATED
3292,2026-05-07 01:43:51.000,2026-05-08 19:43:51.000,Your loyalty card has a new benefit. Tap to discover.,287,860,,1003,24,CUSTOM
3293,2026-05-07 13:43:51.000,2026-05-08 19:43:51.000,New products just arrived. Be the first to check them out.,287,,,1004,24,CUSTOM
3294,2026-05-08 14:43:51.000,2026-05-08 19:43:51.000,Flash sale today only. Use your points for extra savings.,287,,,,24,CUSTOM
3295,2026-05-08 00:43:51.000,2026-05-08 19:43:51.000,You are 50 points away from your next reward!,287,,,,168,AUTOMATED
3296,2026-05-06 21:43:51.000,2026-05-08 19:43:51.000,New products just arrived. Be the first to check them out.,287,860,,1004,168,CUSTOM
3297,2026-05-08 12:43:51.000,2026-05-08 19:43:51.000,Your loyalty card has a new benefit. Tap to discover.,287,,,,168,AUTOMATED
3298,2026-05-07 07:43:51.000,2026-05-08 19:43:51.000,Flash sale today only. Use your points for extra savings.,287,,,1003,24,AUTOMATED
3299,2026-05-08 02:43:51.000,2026-05-08 19:43:51.000,Flash sale today only. Use your points for extra savings.,287,861,,1004,24,AUTOMATED
3300,2026-05-06 21:43:51.000,2026-05-08 19:43:51.000,New products just arrived. Be the first to check them out.,287,860,,,48,CUSTOM
3301,2026-05-08 02:43:51.000,2026-05-08 19:43:51.000,Bring a friend and both of you earn bonus points.,287,861,,1002,168,AUTOMATED
3302,2026-05-08 17:43:51.000,2026-05-08 19:43:51.000,Your loyalty card has a new benefit. Tap to discover.,287,,,,168,AUTOMATED
3303,2026-05-08 00:43:51.000,2026-05-08 19:43:51.000,Flash sale today only. Use your points for extra savings.,287,,,1004,168,CUSTOM
3304,2026-05-08 17:43:51.000,2026-05-08 19:43:51.000,You are 50 points away from your next reward!,287,,,1004,168,CUSTOM
3305,2026-05-07 06:43:51.000,2026-05-08 19:43:51.000,New products just arrived. Be the first to check them out.,288,863,,1006,48,CUSTOM
3306,2026-05-08 13:43:51.000,2026-05-08 19:43:51.000,New products just arrived. Be the first to check them out.,288,,,,24,AUTOMATED
3307,2026-05-08 03:43:51.000,2026-05-08 19:43:51.000,Happy birthday! Enjoy your special gift from us.,288,,,,24,CUSTOM
3308,2026-05-08 01:43:51.000,2026-05-08 19:43:51.000,New products just arrived. Be the first to check them out.,288,,,,48,AUTOMATED
3309,2026-05-08 14:43:51.000,2026-05-08 19:43:51.000,You have a reward waiting for you. Claim it now!,288,,,,72,CUSTOM
3310,2026-05-08 02:43:51.000,2026-05-08 19:43:51.000,Bring a friend and both of you earn bonus points.,288,,,,168,AUTOMATED
3311,2026-05-08 02:43:51.000,2026-05-08 19:43:51.000,Bring a friend and both of you earn bonus points.,289,866,,,24,AUTOMATED
3312,2026-05-08 07:43:51.000,2026-05-08 19:43:51.000,You are 50 points away from your next reward!,289,,,1008,24,AUTOMATED
3313,2026-05-08 01:43:51.000,2026-05-08 19:43:51.000,Happy birthday! Enjoy your special gift from us.,289,865,,,24,CUSTOM
3314,2026-05-08 05:43:51.000,2026-05-08 19:43:51.000,We miss you! Come back and earn double points this week.,289,867,,,72,AUTOMATED
3315,2026-05-06 23:43:51.000,2026-05-08 19:43:51.000,Flash sale today only. Use your points for extra savings.,289,866,,,168,AUTOMATED
3316,2026-05-07 11:43:51.000,2026-05-08 19:43:51.000,Happy birthday! Enjoy your special gift from us.,289,,,1007,168,AUTOMATED
3317,2026-05-07 00:43:51.000,2026-05-08 19:43:51.000,You have a reward waiting for you. Claim it now!,290,869,,,48,AUTOMATED
3318,2026-05-08 07:43:51.000,2026-05-08 19:43:51.000,Happy birthday! Enjoy your special gift from us.,290,,,1011,72,AUTOMATED
3319,2026-05-07 03:43:51.000,2026-05-08 19:43:51.000,New products just arrived. Be the first to check them out.,290,868,,,72,AUTOMATED
3320,2026-05-07 19:43:51.000,2026-05-08 19:43:51.000,We miss you! Come back and earn double points this week.,290,,,,48,CUSTOM
3321,2026-05-07 18:43:51.000,2026-05-08 19:43:51.000,New products just arrived. Be the first to check them out.,290,869,,1012,72,CUSTOM
3322,2026-05-08 16:43:51.000,2026-05-08 19:43:51.000,You have a reward waiting for you. Claim it now!,290,870,,,24,CUSTOM
3323,2026-05-07 17:43:51.000,2026-05-08 19:43:51.000,Your loyalty card has a new benefit. Tap to discover.,290,868,,,72,CUSTOM
3324,2026-05-07 14:43:51.000,2026-05-08 19:43:51.000,We miss you! Come back and earn double points this week.,291,,,,48,CUSTOM
3325,2026-05-07 07:43:51.000,2026-05-08 19:43:51.000,New products just arrived. Be the first to check them out.,291,872,,,72,AUTOMATED
3326,2026-05-08 09:43:51.000,2026-05-08 19:43:51.000,You are 50 points away from your next reward!,291,871,,,48,AUTOMATED
3327,2026-05-08 00:43:51.000,2026-05-08 19:43:51.000,You are 50 points away from your next reward!,291,,,,72,CUSTOM
3328,2026-05-08 06:43:51.000,2026-05-08 19:43:51.000,Bring a friend and both of you earn bonus points.,291,,,,72,CUSTOM
3329,2026-05-08 02:43:51.000,2026-05-08 19:43:51.000,We miss you! Come back and earn double points this week.,291,,,,168,AUTOMATED
3330,2026-05-06 22:43:51.000,2026-05-08 19:43:51.000,Flash sale today only. Use your points for extra savings.,291,872,,1013,48,CUSTOM
3331,2026-05-08 05:43:51.000,2026-05-08 19:43:51.000,You have a reward waiting for you. Claim it now!,291,,,,168,AUTOMATED
3332,2026-05-08 13:43:51.000,2026-05-08 19:43:51.000,New products just arrived. Be the first to check them out.,292,876,,1018,168,AUTOMATED
3333,2026-05-07 14:43:51.000,2026-05-08 19:43:51.000,You are 50 points away from your next reward!,292,,,1016,24,CUSTOM
3334,2026-05-07 08:43:51.000,2026-05-08 19:43:51.000,Flash sale today only. Use your points for extra savings.,292,,,,24,AUTOMATED
3335,2026-05-07 17:43:51.000,2026-05-08 19:43:51.000,Your loyalty card has a new benefit. Tap to discover.,292,,,1016,48,CUSTOM
3336,2026-05-07 18:43:51.000,2026-05-08 19:43:51.000,Happy birthday! Enjoy your special gift from us.,292,,,,168,CUSTOM
3337,2026-05-07 12:43:51.000,2026-05-08 19:43:51.000,You have a reward waiting for you. Claim it now!,292,,,,24,CUSTOM
3338,2026-05-06 20:43:51.000,2026-05-08 19:43:51.000,Bring a friend and both of you earn bonus points.,293,879,,1022,24,CUSTOM
3339,2026-05-08 14:43:51.000,2026-05-08 19:43:51.000,We miss you! Come back and earn double points this week.,293,,,,24,CUSTOM
3340,2026-05-07 03:43:51.000,2026-05-08 19:43:51.000,You are 50 points away from your next reward!,293,,,1020,48,AUTOMATED
3341,2026-05-07 00:43:51.000,2026-05-08 19:43:51.000,We miss you! Come back and earn double points this week.,293,,,1022,72,AUTOMATED
3342,2026-05-06 22:43:51.000,2026-05-08 19:43:51.000,Your loyalty card has a new benefit. Tap to discover.,293,,,,24,CUSTOM
3343,2026-05-07 18:43:51.000,2026-05-08 19:43:51.000,New products just arrived. Be the first to check them out.,293,,,1020,24,CUSTOM
3344,2026-05-06 19:43:51.000,2026-05-08 19:43:51.000,New products just arrived. Be the first to check them out.,294,,,1025,72,AUTOMATED
3345,2026-05-06 22:43:51.000,2026-05-08 19:43:51.000,You have a reward waiting for you. Claim it now!,294,,,,72,CUSTOM
3346,2026-05-07 08:43:51.000,2026-05-08 19:43:51.000,New products just arrived. Be the first to check them out.,294,882,,,24,CUSTOM
3347,2026-05-07 09:43:51.000,2026-05-08 19:43:51.000,We miss you! Come back and earn double points this week.,295,,,,48,CUSTOM
3348,2026-05-07 03:43:51.000,2026-05-08 19:43:51.000,You are 50 points away from your next reward!,295,,,,24,AUTOMATED
3349,2026-05-07 19:43:51.000,2026-05-08 19:43:51.000,Bring a friend and both of you earn bonus points.,295,885,,1026,168,CUSTOM
3350,2026-05-08 16:43:51.000,2026-05-08 19:43:51.000,Your loyalty card has a new benefit. Tap to discover.,295,883,,,72,AUTOMATED
3351,2026-05-07 18:43:51.000,2026-05-08 19:43:51.000,New products just arrived. Be the first to check them out.,295,885,,1027,72,CUSTOM
3352,2026-05-08 15:43:51.000,2026-05-08 19:43:51.000,New products just arrived. Be the first to check them out.,295,,,1028,72,AUTOMATED
3353,2026-05-08 08:43:51.000,2026-05-08 19:43:51.000,We miss you! Come back and earn double points this week.,295,884,,,168,CUSTOM
3354,2026-05-07 13:43:51.000,2026-05-08 19:43:51.000,We miss you! Come back and earn double points this week.,296,,,1029,72,AUTOMATED
3355,2026-05-08 02:43:51.000,2026-05-08 19:43:51.000,You have a reward waiting for you. Claim it now!,296,,,1032,24,AUTOMATED
3356,2026-05-08 05:43:51.000,2026-05-08 19:43:51.000,You are 50 points away from your next reward!,296,,,,72,AUTOMATED
3357,2026-05-07 17:43:51.000,2026-05-08 19:43:51.000,Bring a friend and both of you earn bonus points.,296,886,,,24,AUTOMATED
3358,2026-05-06 19:43:51.000,2026-05-08 19:43:51.000,Happy birthday! Enjoy your special gift from us.,296,,,1033,72,CUSTOM
3359,2026-05-07 14:43:51.000,2026-05-08 19:43:51.000,Your loyalty card has a new benefit. Tap to discover.,296,,,,168,CUSTOM
3360,2026-05-07 10:43:51.000,2026-05-08 19:43:51.000,New products just arrived. Be the first to check them out.,296,887,,,24,CUSTOM
3361,2026-05-08 02:43:51.000,2026-05-08 19:43:51.000,Happy birthday! Enjoy your special gift from us.,296,,,,24,CUSTOM
3362,2026-05-08 14:43:51.000,2026-05-08 19:43:51.000,Happy birthday! Enjoy your special gift from us.,296,886,,1030,48,CUSTOM
3363,2026-05-06 21:43:51.000,2026-05-08 19:43:51.000,Bring a friend and both of you earn bonus points.,296,,,,72,CUSTOM
3364,2026-05-07 07:43:51.000,2026-05-08 19:43:51.000,Happy birthday! Enjoy your special gift from us.,296,,,,24,CUSTOM
3365,2026-05-08 03:43:51.000,2026-05-08 19:43:51.000,Your loyalty card has a new benefit. Tap to discover.,296,,,1030,48,CUSTOM
3366,2026-05-07 00:43:51.000,2026-05-08 19:43:51.000,You have a reward waiting for you. Claim it now!,296,888,,,24,CUSTOM
3367,2026-05-07 18:43:51.000,2026-05-08 19:43:51.000,You are 50 points away from your next reward!,296,,,1030,72,AUTOMATED
3368,2026-05-08 17:43:51.000,2026-05-08 19:43:51.000,Your loyalty card has a new benefit. Tap to discover.,296,887,,1031,168,CUSTOM
3369,2026-05-06 22:43:51.000,2026-05-08 19:43:51.000,Your loyalty card has a new benefit. Tap to discover.,296,,,,24,CUSTOM
3370,2026-05-07 02:43:51.000,2026-05-08 19:43:51.000,New products just arrived. Be the first to check them out.,296,886,,,72,CUSTOM
3371,2026-05-07 01:43:51.000,2026-05-08 19:43:51.000,Your loyalty card has a new benefit. Tap to discover.,296,,,,48,CUSTOM
3372,2026-05-07 12:43:51.000,2026-05-08 19:43:51.000,Your loyalty card has a new benefit. Tap to discover.,296,886,,,48,CUSTOM
3373,2026-05-08 14:43:51.000,2026-05-08 19:43:51.000,You have a reward waiting for you. Claim it now!,296,886,,1033,24,AUTOMATED
3374,2026-05-06 21:43:51.000,2026-05-08 19:43:51.000,Happy birthday! Enjoy your special gift from us.,296,,,,72,CUSTOM
3375,2026-05-06 23:43:51.000,2026-05-08 19:43:51.000,You are 50 points away from your next reward!,297,,,,24,CUSTOM
3376,2026-05-08 00:43:51.000,2026-05-08 19:43:51.000,Flash sale today only. Use your points for extra savings.,297,,,,24,AUTOMATED
3377,2026-05-06 21:43:51.000,2026-05-08 19:43:51.000,You have a reward waiting for you. Claim it now!,297,,,1038,24,AUTOMATED
3378,2026-05-07 19:43:51.000,2026-05-08 19:43:51.000,We miss you! Come back and earn double points this week.,297,889,,,72,CUSTOM
3379,2026-05-07 04:43:51.000,2026-05-08 19:43:51.000,You have a reward waiting for you. Claim it now!,297,890,,1037,48,AUTOMATED
3380,2026-05-07 00:43:51.000,2026-05-08 19:43:51.000,Your loyalty card has a new benefit. Tap to discover.,297,,,,168,AUTOMATED
3381,2026-05-08 13:43:51.000,2026-05-08 19:43:51.000,New products just arrived. Be the first to check them out.,297,,,,48,CUSTOM
3382,2026-05-08 14:43:51.000,2026-05-08 19:43:51.000,Happy birthday! Enjoy your special gift from us.,297,,,1035,48,AUTOMATED
3383,2026-05-08 02:43:51.000,2026-05-08 19:43:51.000,Your loyalty card has a new benefit. Tap to discover.,297,890,,,72,AUTOMATED
3384,2026-05-06 21:43:51.000,2026-05-08 19:43:51.000,Flash sale today only. Use your points for extra savings.,297,,,,24,AUTOMATED
3385,2026-05-08 15:43:51.000,2026-05-08 19:43:51.000,We miss you! Come back and earn double points this week.,297,890,,1038,48,AUTOMATED
3386,2026-05-08 04:43:51.000,2026-05-08 19:43:51.000,Flash sale today only. Use your points for extra savings.,297,890,,1035,24,AUTOMATED
3387,2026-05-07 01:43:51.000,2026-05-08 19:43:51.000,You are 50 points away from your next reward!,297,,,,48,AUTOMATED
3388,2026-05-07 14:43:51.000,2026-05-08 19:43:51.000,You are 50 points away from your next reward!,297,,,1034,168,AUTOMATED
3389,2026-05-08 14:43:51.000,2026-05-08 19:43:51.000,We miss you! Come back and earn double points this week.,298,,,1039,168,CUSTOM
3390,2026-05-08 08:43:51.000,2026-05-08 19:43:51.000,Bring a friend and both of you earn bonus points.,298,,,,48,AUTOMATED
3391,2026-05-08 08:43:51.000,2026-05-08 19:43:51.000,You have a reward waiting for you. Claim it now!,298,892,,,168,AUTOMATED
3392,2026-05-07 01:43:51.000,2026-05-08 19:43:51.000,Flash sale today only. Use your points for extra savings.,298,,,1040,72,AUTOMATED
3393,2026-05-08 14:43:51.000,2026-05-08 19:43:51.000,You are 50 points away from your next reward!,298,,,1040,168,AUTOMATED
3394,2026-05-08 15:43:51.000,2026-05-08 19:43:51.000,Happy birthday! Enjoy your special gift from us.,298,892,,,24,AUTOMATED
3395,2026-05-07 15:43:51.000,2026-05-08 19:43:51.000,Your loyalty card has a new benefit. Tap to discover.,298,,,1039,168,AUTOMATED
3396,2026-05-07 16:43:51.000,2026-05-08 19:43:51.000,Flash sale today only. Use your points for extra savings.,298,893,,,72,AUTOMATED
3397,2026-05-08 10:43:51.000,2026-05-08 19:43:51.000,Happy birthday! Enjoy your special gift from us.,299,,,,72,CUSTOM
3398,2026-05-08 18:43:51.000,2026-05-08 19:43:51.000,Your loyalty card has a new benefit. Tap to discover.,299,897,,,72,CUSTOM
3399,2026-05-06 23:43:51.000,2026-05-08 19:43:51.000,New products just arrived. Be the first to check them out.,299,,,,24,CUSTOM
3400,2026-05-07 03:43:51.000,2026-05-08 19:43:51.000,You are 50 points away from your next reward!,299,897,,1041,168,AUTOMATED
3401,2026-05-08 06:43:51.000,2026-05-08 19:43:51.000,Your loyalty card has a new benefit. Tap to discover.,299,,,,24,AUTOMATED
3402,2026-05-07 20:43:51.000,2026-05-08 19:43:51.000,You have a reward waiting for you. Claim it now!,300,899,,1047,168,CUSTOM
3403,2026-05-08 07:43:51.000,2026-05-08 19:43:51.000,New products just arrived. Be the first to check them out.,300,898,,1046,24,CUSTOM
3404,2026-05-08 18:43:51.000,2026-05-08 19:43:51.000,We miss you! Come back and earn double points this week.,300,898,,1046,24,AUTOMATED
3405,2026-05-08 12:43:51.000,2026-05-08 19:43:51.000,We miss you! Come back and earn double points this week.,300,,,,24,CUSTOM
3406,2026-05-07 04:43:51.000,2026-05-08 19:43:51.000,We miss you! Come back and earn double points this week.,300,,,1044,72,CUSTOM
3407,2026-05-07 07:43:51.000,2026-05-08 19:43:51.000,New products just arrived. Be the first to check them out.,300,899,,,72,CUSTOM
3408,2026-05-07 14:43:51.000,2026-05-08 19:43:51.000,You are 50 points away from your next reward!,300,,,1043,24,AUTOMATED
3409,2026-05-07 00:43:51.000,2026-05-08 19:43:51.000,Your loyalty card has a new benefit. Tap to discover.,300,898,,1047,72,AUTOMATED
3410,2026-05-08 13:43:51.000,2026-05-08 19:43:51.000,Flash sale today only. Use your points for extra savings.,300,,,1045,48,AUTOMATED
3411,2026-05-08 14:43:51.000,2026-05-08 19:43:51.000,Happy birthday! Enjoy your special gift from us.,300,,,,48,CUSTOM
3412,2026-05-08 16:43:51.000,2026-05-08 19:43:51.000,Your loyalty card has a new benefit. Tap to discover.,300,,,,168,AUTOMATED
3413,2026-05-08 17:43:51.000,2026-05-08 19:43:51.000,You are 50 points away from your next reward!,300,,,,168,CUSTOM
3414,2026-05-06 19:43:51.000,2026-05-08 19:43:51.000,We miss you! Come back and earn double points this week.,300,899,,,24,AUTOMATED
3415,2026-05-06 19:43:51.000,2026-05-08 19:43:51.000,Flash sale today only. Use your points for extra savings.,300,,,,48,CUSTOM
3416,2026-05-08 09:43:51.000,2026-05-08 19:43:51.000,You have a reward waiting for you. Claim it now!,300,,,,72,CUSTOM
3417,2026-05-07 09:43:51.000,2026-05-08 19:43:51.000,Flash sale today only. Use your points for extra savings.,300,,,,72,CUSTOM
3418,2026-05-08 16:43:51.000,2026-05-08 19:43:51.000,Your loyalty card has a new benefit. Tap to discover.,300,,,1045,168,AUTOMATED
3419,2026-05-07 00:43:51.000,2026-05-08 19:43:51.000,You have a reward waiting for you. Claim it now!,300,898,,,168,CUSTOM
3420,2026-05-08 12:43:51.000,2026-05-08 19:43:51.000,We miss you! Come back and earn double points this week.,300,,,,24,AUTOMATED
3421,2026-05-07 16:43:51.000,2026-05-08 19:43:51.000,Bring a friend and both of you earn bonus points.,300,900,,,72,AUTOMATED
3422,2026-05-07 07:43:51.000,2026-05-08 19:43:51.000,Flash sale today only. Use your points for extra savings.,300,899,,1043,24,CUSTOM
3423,2026-05-07 09:43:51.000,2026-05-08 19:43:51.000,New products just arrived. Be the first to check them out.,300,900,,1047,24,CUSTOM
3424,2026-05-07 15:43:51.000,2026-05-08 19:43:51.000,Your loyalty card has a new benefit. Tap to discover.,300,,,1046,72,AUTOMATED
3425,2026-05-08 01:43:51.000,2026-05-08 19:43:51.000,Happy birthday! Enjoy your special gift from us.,300,,,,168,AUTOMATED
3426,2026-05-07 09:43:51.000,2026-05-08 19:43:51.000,New products just arrived. Be the first to check them out.,300,898,,,72,AUTOMATED
3427,2026-05-07 02:43:51.000,2026-05-08 19:43:51.000,We miss you! Come back and earn double points this week.,300,,,,168,AUTOMATED
3428,2026-05-08 07:43:51.000,2026-05-08 19:43:51.000,Happy birthday! Enjoy your special gift from us.,301,902,,1049,72,AUTOMATED
3429,2026-05-07 06:43:51.000,2026-05-08 19:43:51.000,New products just arrived. Be the first to check them out.,301,901,,1048,168,AUTOMATED
3430,2026-05-07 10:43:51.000,2026-05-08 19:43:51.000,Flash sale today only. Use your points for extra savings.,301,,,1048,24,CUSTOM
3431,2026-05-06 22:43:51.000,2026-05-08 19:43:51.000,Bring a friend and both of you earn bonus points.,301,,,,72,AUTOMATED
3432,2026-05-07 10:43:51.000,2026-05-08 19:43:51.000,Bring a friend and both of you earn bonus points.,301,,,,24,CUSTOM
3433,2026-05-06 19:43:51.000,2026-05-08 19:43:51.000,Your loyalty card has a new benefit. Tap to discover.,301,902,,1049,72,CUSTOM
3434,2026-05-07 20:43:51.000,2026-05-08 19:43:51.000,New products just arrived. Be the first to check them out.,301,901,,,24,CUSTOM
3435,2026-05-07 03:43:51.000,2026-05-08 19:43:51.000,New products just arrived. Be the first to check them out.,301,,,,48,AUTOMATED
3436,2026-05-08 12:43:51.000,2026-05-08 19:43:51.000,We miss you! Come back and earn double points this week.,301,,,,72,AUTOMATED
3437,2026-05-07 17:43:51.000,2026-05-08 19:43:51.000,Your loyalty card has a new benefit. Tap to discover.,301,,,,48,CUSTOM
3438,2026-05-06 19:43:51.000,2026-05-08 19:43:51.000,Your loyalty card has a new benefit. Tap to discover.,301,903,,,168,CUSTOM
3439,2026-05-08 09:43:51.000,2026-05-08 19:43:51.000,Bring a friend and both of you earn bonus points.,301,,,1048,48,AUTOMATED
3440,2026-05-08 05:43:51.000,2026-05-08 19:43:51.000,Bring a friend and both of you earn bonus points.,301,,,1049,24,AUTOMATED
3441,2026-05-06 22:43:51.000,2026-05-08 19:43:51.000,Bring a friend and both of you earn bonus points.,301,,,,168,AUTOMATED
3442,2026-05-07 15:43:51.000,2026-05-08 19:43:51.000,Flash sale today only. Use your points for extra savings.,302,905,,,168,CUSTOM
3443,2026-05-07 20:43:51.000,2026-05-08 19:43:51.000,We miss you! Come back and earn double points this week.,302,,,1053,168,CUSTOM
3444,2026-05-08 01:43:51.000,2026-05-08 19:43:51.000,New products just arrived. Be the first to check them out.,302,905,,1051,48,AUTOMATED
3445,2026-05-07 16:43:51.000,2026-05-08 19:43:51.000,Your loyalty card has a new benefit. Tap to discover.,302,,,,168,AUTOMATED
3446,2026-05-08 00:43:51.000,2026-05-08 19:43:51.000,We miss you! Come back and earn double points this week.,302,,,,48,AUTOMATED
3447,2026-05-08 18:43:51.000,2026-05-08 19:43:51.000,You are 50 points away from your next reward!,302,,,,24,CUSTOM
3448,2026-05-07 03:43:51.000,2026-05-08 19:43:51.000,We miss you! Come back and earn double points this week.,302,,,,168,AUTOMATED
3449,2026-05-06 19:43:51.000,2026-05-08 19:43:51.000,You have a reward waiting for you. Claim it now!,303,,,,168,AUTOMATED
3450,2026-05-08 18:43:51.000,2026-05-08 19:43:51.000,Bring a friend and both of you earn bonus points.,303,909,,,72,AUTOMATED
3451,2026-05-07 00:43:51.000,2026-05-08 19:43:51.000,Bring a friend and both of you earn bonus points.,303,,,,168,AUTOMATED
3452,2026-05-08 07:43:51.000,2026-05-08 19:43:51.000,Bring a friend and both of you earn bonus points.,303,,,,24,CUSTOM
3453,2026-05-07 11:43:51.000,2026-05-08 19:43:51.000,You have a reward waiting for you. Claim it now!,303,,,,168,AUTOMATED
3454,2026-05-08 15:43:51.000,2026-05-08 19:43:51.000,Happy birthday! Enjoy your special gift from us.,303,,,1056,72,CUSTOM
3455,2026-05-07 04:43:51.000,2026-05-08 19:43:51.000,Bring a friend and both of you earn bonus points.,303,,,,48,CUSTOM
3456,2026-05-07 08:43:51.000,2026-05-08 19:43:51.000,You are 50 points away from your next reward!,303,,,,72,CUSTOM
3457,2026-05-08 14:43:51.000,2026-05-08 19:43:51.000,Your loyalty card has a new benefit. Tap to discover.,303,,,,48,AUTOMATED
3458,2026-05-06 21:43:51.000,2026-05-08 19:43:51.000,Flash sale today only. Use your points for extra savings.,303,909,,,72,CUSTOM
3459,2026-05-07 05:43:51.000,2026-05-08 19:43:51.000,Your loyalty card has a new benefit. Tap to discover.,303,,,,24,AUTOMATED
3460,2026-05-07 22:43:51.000,2026-05-08 19:43:51.000,You have a reward waiting for you. Claim it now!,303,909,,1056,168,CUSTOM
3461,2026-05-08 03:43:51.000,2026-05-08 19:43:51.000,You are 50 points away from your next reward!,303,,,1056,168,CUSTOM
3462,2026-05-08 14:43:51.000,2026-05-08 19:43:51.000,You have a reward waiting for you. Claim it now!,303,,,,48,AUTOMATED
3463,2026-05-07 16:43:51.000,2026-05-08 19:43:51.000,Happy birthday! Enjoy your special gift from us.,304,,,,48,AUTOMATED
3464,2026-05-08 01:43:51.000,2026-05-08 19:43:51.000,Your loyalty card has a new benefit. Tap to discover.,304,,,,168,CUSTOM
3465,2026-05-06 20:43:51.000,2026-05-08 19:43:51.000,We miss you! Come back and earn double points this week.,304,,,1058,72,AUTOMATED
3466,2026-05-07 15:43:51.000,2026-05-08 19:43:51.000,Happy birthday! Enjoy your special gift from us.,304,,,,24,AUTOMATED
3467,2026-05-08 09:43:51.000,2026-05-08 19:43:51.000,You are 50 points away from your next reward!,304,,,,72,CUSTOM
3468,2026-05-07 16:43:51.000,2026-05-08 19:43:51.000,Happy birthday! Enjoy your special gift from us.,304,912,,1057,24,AUTOMATED
3469,2026-05-07 19:43:51.000,2026-05-08 19:43:51.000,You have a reward waiting for you. Claim it now!,304,,,,168,CUSTOM
3470,2026-05-07 07:43:51.000,2026-05-08 19:43:51.000,We miss you! Come back and earn double points this week.,304,911,,1057,48,CUSTOM
3471,2026-05-07 01:43:51.000,2026-05-08 19:43:51.000,We miss you! Come back and earn double points this week.,304,,,,24,AUTOMATED
3472,2026-05-07 21:43:51.000,2026-05-08 19:43:51.000,Bring a friend and both of you earn bonus points.,304,,,,168,AUTOMATED
3473,2026-05-07 22:43:51.000,2026-05-08 19:43:51.000,You have a reward waiting for you. Claim it now!,305,,,,48,AUTOMATED
3474,2026-05-07 12:43:51.000,2026-05-08 19:43:51.000,We miss you! Come back and earn double points this week.,305,915,,,168,CUSTOM
3475,2026-05-06 20:43:51.000,2026-05-08 19:43:51.000,Happy birthday! Enjoy your special gift from us.,305,,,,72,AUTOMATED
3476,2026-05-07 08:43:51.000,2026-05-08 19:43:51.000,We miss you! Come back and earn double points this week.,305,,,1064,168,AUTOMATED
3477,2026-05-07 09:43:51.000,2026-05-08 19:43:51.000,Happy birthday! Enjoy your special gift from us.,305,,,,48,CUSTOM
3478,2026-05-08 00:43:51.000,2026-05-08 19:43:51.000,Flash sale today only. Use your points for extra savings.,305,914,,1065,48,AUTOMATED
3479,2026-05-07 14:43:51.000,2026-05-08 19:43:51.000,Your loyalty card has a new benefit. Tap to discover.,305,915,,,72,AUTOMATED
3480,2026-05-07 16:43:51.000,2026-05-08 19:43:51.000,New products just arrived. Be the first to check them out.,305,,,1061,168,CUSTOM
3481,2026-05-08 15:43:51.000,2026-05-08 19:43:51.000,Your loyalty card has a new benefit. Tap to discover.,305,,,,48,AUTOMATED
3482,2026-05-07 22:43:51.000,2026-05-08 19:43:51.000,Flash sale today only. Use your points for extra savings.,305,,,,24,CUSTOM
3483,2026-05-06 21:43:51.000,2026-05-08 19:43:51.000,Your loyalty card has a new benefit. Tap to discover.,305,914,,,48,AUTOMATED
3484,2026-05-08 02:43:51.000,2026-05-08 19:43:51.000,Flash sale today only. Use your points for extra savings.,305,914,,,168,AUTOMATED
3485,2026-05-07 19:43:51.000,2026-05-08 19:43:51.000,We miss you! Come back and earn double points this week.,306,918,,,48,AUTOMATED
3486,2026-05-08 05:43:51.000,2026-05-08 19:43:51.000,Flash sale today only. Use your points for extra savings.,306,,,1068,72,AUTOMATED
3487,2026-05-08 00:43:51.000,2026-05-08 19:43:51.000,You have a reward waiting for you. Claim it now!,306,,,1066,24,AUTOMATED
3488,2026-05-07 20:43:51.000,2026-05-08 19:43:51.000,You have a reward waiting for you. Claim it now!,306,,,,24,AUTOMATED
3489,2026-05-07 07:43:51.000,2026-05-08 19:43:51.000,Flash sale today only. Use your points for extra savings.,306,,,,24,CUSTOM
3490,2026-05-08 07:43:51.000,2026-05-08 19:43:51.000,Flash sale today only. Use your points for extra savings.,307,,,,48,AUTOMATED
3491,2026-05-07 14:43:51.000,2026-05-08 19:43:51.000,Bring a friend and both of you earn bonus points.,307,,,1070,48,CUSTOM
3492,2026-05-06 22:43:51.000,2026-05-08 19:43:51.000,Bring a friend and both of you earn bonus points.,307,,,1071,48,AUTOMATED
3493,2026-05-08 17:43:51.000,2026-05-08 19:43:51.000,You have a reward waiting for you. Claim it now!,307,,,,72,CUSTOM
3494,2026-05-07 04:43:51.000,2026-05-08 19:43:51.000,You are 50 points away from your next reward!,307,921,,,48,AUTOMATED
3495,2026-05-07 13:43:51.000,2026-05-08 19:43:51.000,We miss you! Come back and earn double points this week.,307,,,1070,48,AUTOMATED
3496,2026-05-08 07:43:51.000,2026-05-08 19:43:51.000,New products just arrived. Be the first to check them out.,307,,,,72,CUSTOM
3497,2026-05-08 06:43:51.000,2026-05-08 19:43:51.000,We miss you! Come back and earn double points this week.,307,,,,48,CUSTOM
3498,2026-05-07 09:43:51.000,2026-05-08 19:43:51.000,You are 50 points away from your next reward!,307,,,,24,AUTOMATED
3499,2026-05-07 21:43:51.000,2026-05-08 19:43:51.000,Happy birthday! Enjoy your special gift from us.,307,921,,,24,CUSTOM
3500,2026-05-07 16:43:51.000,2026-05-08 19:43:51.000,Bring a friend and both of you earn bonus points.,307,,,1070,48,AUTOMATED
3501,2026-05-06 20:43:51.000,2026-05-08 19:43:51.000,You are 50 points away from your next reward!,307,,,1070,24,CUSTOM
3502,2026-05-08 00:43:51.000,2026-05-08 19:43:51.000,Your loyalty card has a new benefit. Tap to discover.,307,920,,,48,AUTOMATED
3503,2026-05-06 19:43:51.000,2026-05-08 19:43:51.000,New products just arrived. Be the first to check them out.,307,,,,24,CUSTOM
3504,2026-05-07 15:43:51.000,2026-05-08 19:43:51.000,Happy birthday! Enjoy your special gift from us.,308,,,,48,AUTOMATED
3505,2026-05-06 19:43:51.000,2026-05-08 19:43:51.000,We miss you! Come back and earn double points this week.,308,,,,168,CUSTOM
3506,2026-05-07 13:43:51.000,2026-05-08 19:43:51.000,Your loyalty card has a new benefit. Tap to discover.,308,,,,72,AUTOMATED
3507,2026-05-08 16:43:51.000,2026-05-08 19:43:51.000,Your loyalty card has a new benefit. Tap to discover.,308,,,,72,CUSTOM
3508,2026-05-08 10:43:51.000,2026-05-08 19:43:51.000,New products just arrived. Be the first to check them out.,308,,,,48,AUTOMATED
3509,2026-05-08 04:43:51.000,2026-05-08 19:43:51.000,Your loyalty card has a new benefit. Tap to discover.,308,924,,,72,AUTOMATED
3510,2026-05-06 20:43:51.000,2026-05-08 19:43:51.000,Your loyalty card has a new benefit. Tap to discover.,308,923,,,24,AUTOMATED
3511,2026-05-08 18:43:51.000,2026-05-08 19:43:51.000,Bring a friend and both of you earn bonus points.,308,,,,48,AUTOMATED
3512,2026-05-07 19:43:51.000,2026-05-08 19:43:51.000,Your loyalty card has a new benefit. Tap to discover.,308,923,,1076,72,AUTOMATED
3513,2026-05-07 20:43:51.000,2026-05-08 19:43:51.000,Your loyalty card has a new benefit. Tap to discover.,308,923,,1073,24,AUTOMATED
3514,2026-05-07 04:43:51.000,2026-05-08 19:43:51.000,Bring a friend and both of you earn bonus points.,308,922,,,72,CUSTOM
3515,2026-05-08 00:43:51.000,2026-05-08 19:43:51.000,Bring a friend and both of you earn bonus points.,308,,,1075,168,AUTOMATED
3516,2026-05-06 19:43:51.000,2026-05-08 19:43:51.000,Happy birthday! Enjoy your special gift from us.,308,924,,,72,AUTOMATED
3517,2026-05-07 08:43:51.000,2026-05-08 19:43:51.000,You have a reward waiting for you. Claim it now!,308,923,,1076,72,AUTOMATED
3518,2026-05-08 06:43:51.000,2026-05-08 19:43:51.000,You are 50 points away from your next reward!,308,,,1074,72,CUSTOM
3519,2026-05-07 03:43:51.000,2026-05-08 19:43:51.000,New products just arrived. Be the first to check them out.,308,923,,,48,CUSTOM
3520,2026-05-08 18:43:51.000,2026-05-08 19:43:51.000,Bring a friend and both of you earn bonus points.,308,,,1076,168,AUTOMATED
3521,2026-05-07 14:43:51.000,2026-05-08 19:43:51.000,New products just arrived. Be the first to check them out.,308,924,,1074,24,CUSTOM
3522,2026-05-07 14:43:51.000,2026-05-08 19:43:51.000,We miss you! Come back and earn double points this week.,308,923,,1074,72,CUSTOM
3523,2026-05-07 12:43:51.000,2026-05-08 19:43:51.000,Bring a friend and both of you earn bonus points.,308,922,,,48,AUTOMATED
3524,2026-05-06 23:43:51.000,2026-05-08 19:43:51.000,Your loyalty card has a new benefit. Tap to discover.,308,922,,1073,72,AUTOMATED
3525,2026-05-07 05:43:51.000,2026-05-08 19:43:51.000,New products just arrived. Be the first to check them out.,308,922,,,168,CUSTOM
3526,2026-05-07 18:43:51.000,2026-05-08 19:43:51.000,Your loyalty card has a new benefit. Tap to discover.,309,,,,48,AUTOMATED
3527,2026-05-06 20:43:51.000,2026-05-08 19:43:51.000,Your loyalty card has a new benefit. Tap to discover.,309,,,,48,CUSTOM
3528,2026-05-07 18:43:51.000,2026-05-08 19:43:51.000,We miss you! Come back and earn double points this week.,309,925,,1080,48,AUTOMATED
3529,2026-05-07 09:43:51.000,2026-05-08 19:43:51.000,Flash sale today only. Use your points for extra savings.,309,926,,,168,CUSTOM
3530,2026-05-08 16:43:51.000,2026-05-08 19:43:51.000,You have a reward waiting for you. Claim it now!,309,926,,,168,CUSTOM
3531,2026-05-08 14:43:51.000,2026-05-08 19:43:51.000,New products just arrived. Be the first to check them out.,309,925,,,48,CUSTOM
3532,2026-05-08 13:43:51.000,2026-05-08 19:43:51.000,You are 50 points away from your next reward!,310,,,,168,AUTOMATED
3533,2026-05-07 05:43:51.000,2026-05-08 19:43:51.000,You have a reward waiting for you. Claim it now!,310,,,1081,168,AUTOMATED
3534,2026-05-07 10:43:51.000,2026-05-08 19:43:51.000,You have a reward waiting for you. Claim it now!,310,,,1081,24,CUSTOM
3535,2026-05-08 17:43:51.000,2026-05-08 19:43:51.000,Your loyalty card has a new benefit. Tap to discover.,310,,,,72,CUSTOM
3536,2026-05-07 02:43:51.000,2026-05-08 19:43:51.000,Bring a friend and both of you earn bonus points.,310,930,,1081,24,CUSTOM
3537,2026-05-08 13:43:51.000,2026-05-08 19:43:51.000,Flash sale today only. Use your points for extra savings.,310,930,,,48,AUTOMATED
3538,2026-05-08 17:43:51.000,2026-05-08 19:43:51.000,Happy birthday! Enjoy your special gift from us.,310,930,,,48,CUSTOM
3539,2026-05-06 20:43:51.000,2026-05-08 19:43:51.000,New products just arrived. Be the first to check them out.,310,,,,48,AUTOMATED
3540,2026-05-08 01:43:51.000,2026-05-08 19:43:51.000,You have a reward waiting for you. Claim it now!,310,928,,1081,24,AUTOMATED
3541,2026-05-07 04:43:51.000,2026-05-08 19:43:51.000,New products just arrived. Be the first to check them out.,310,929,,,24,CUSTOM
3542,2026-05-07 13:43:51.000,2026-05-08 19:43:51.000,Happy birthday! Enjoy your special gift from us.,310,928,,,72,CUSTOM
3543,2026-05-07 08:43:51.000,2026-05-08 19:43:51.000,Your loyalty card has a new benefit. Tap to discover.,310,,,,168,CUSTOM
3544,2026-05-07 16:43:51.000,2026-05-08 19:43:51.000,Happy birthday! Enjoy your special gift from us.,311,,,,48,CUSTOM
3545,2026-05-08 07:43:51.000,2026-05-08 19:43:51.000,Flash sale today only. Use your points for extra savings.,311,932,,,48,AUTOMATED
3546,2026-05-07 15:43:51.000,2026-05-08 19:43:51.000,You have a reward waiting for you. Claim it now!,311,932,,,48,AUTOMATED
3547,2026-05-08 03:43:51.000,2026-05-08 19:43:51.000,Bring a friend and both of you earn bonus points.,312,934,,,168,AUTOMATED
3548,2026-05-08 15:43:51.000,2026-05-08 19:43:51.000,You have a reward waiting for you. Claim it now!,312,,,1089,72,CUSTOM
3549,2026-05-08 11:43:51.000,2026-05-08 19:43:51.000,You have a reward waiting for you. Claim it now!,312,,,1089,48,AUTOMATED
3550,2026-05-07 15:43:51.000,2026-05-08 19:43:51.000,We miss you! Come back and earn double points this week.,312,935,,,72,AUTOMATED
3551,2026-05-08 18:43:51.000,2026-05-08 19:43:51.000,We miss you! Come back and earn double points this week.,312,934,,,72,AUTOMATED
3552,2026-05-07 06:43:51.000,2026-05-08 19:43:51.000,Flash sale today only. Use your points for extra savings.,312,934,,,168,CUSTOM
3553,2026-05-07 07:43:51.000,2026-05-08 19:43:51.000,Happy birthday! Enjoy your special gift from us.,312,935,,,168,AUTOMATED
3554,2026-05-07 04:43:51.000,2026-05-08 19:43:51.000,New products just arrived. Be the first to check them out.,312,936,,,48,CUSTOM
3555,2026-05-07 02:43:51.000,2026-05-08 19:43:51.000,You are 50 points away from your next reward!,312,936,,1086,24,AUTOMATED
3556,2026-05-08 14:43:51.000,2026-05-08 19:43:51.000,We miss you! Come back and earn double points this week.,312,934,,1086,72,AUTOMATED
3557,2026-05-08 07:43:51.000,2026-05-08 19:43:51.000,You have a reward waiting for you. Claim it now!,312,,,,72,AUTOMATED
3558,2026-05-08 16:43:51.000,2026-05-08 19:43:51.000,You are 50 points away from your next reward!,312,,,,168,AUTOMATED
3559,2026-05-07 14:43:51.000,2026-05-08 19:43:51.000,New products just arrived. Be the first to check them out.,312,,,,72,AUTOMATED
3560,2026-05-08 09:43:51.000,2026-05-08 19:43:51.000,Your loyalty card has a new benefit. Tap to discover.,312,935,,,48,CUSTOM
3561,2026-05-07 03:43:51.000,2026-05-08 19:43:51.000,Happy birthday! Enjoy your special gift from us.,312,,,1090,168,CUSTOM
3562,2026-05-08 08:43:51.000,2026-05-08 19:43:51.000,Flash sale today only. Use your points for extra savings.,312,936,,1088,24,CUSTOM
3563,2026-05-07 19:43:51.000,2026-05-08 19:43:51.000,You are 50 points away from your next reward!,312,,,,72,CUSTOM
3564,2026-05-07 15:43:51.000,2026-05-08 19:43:51.000,You are 50 points away from your next reward!,312,,,,168,CUSTOM
3565,2026-05-06 19:43:51.000,2026-05-08 19:43:51.000,Flash sale today only. Use your points for extra savings.,312,935,,,48,CUSTOM
3566,2026-05-08 15:43:51.000,2026-05-08 19:43:51.000,You have a reward waiting for you. Claim it now!,313,939,,1093,72,CUSTOM
3567,2026-05-07 08:43:51.000,2026-05-08 19:43:51.000,You are 50 points away from your next reward!,313,,,,168,AUTOMATED
3568,2026-05-08 04:43:51.000,2026-05-08 19:43:51.000,Happy birthday! Enjoy your special gift from us.,313,937,,,24,CUSTOM
3569,2026-05-07 07:43:51.000,2026-05-08 19:43:51.000,New products just arrived. Be the first to check them out.,313,,,,168,AUTOMATED
3570,2026-05-06 23:43:51.000,2026-05-08 19:43:51.000,Bring a friend and both of you earn bonus points.,313,,,,72,AUTOMATED
3571,2026-05-07 16:43:51.000,2026-05-08 19:43:51.000,Flash sale today only. Use your points for extra savings.,313,937,,,72,CUSTOM
3572,2026-05-07 22:43:51.000,2026-05-08 19:43:51.000,Bring a friend and both of you earn bonus points.,313,,,,48,AUTOMATED
3573,2026-05-08 13:43:51.000,2026-05-08 19:43:51.000,Flash sale today only. Use your points for extra savings.,313,,,,72,AUTOMATED
3574,2026-05-08 01:43:51.000,2026-05-08 19:43:51.000,You have a reward waiting for you. Claim it now!,313,,,,24,CUSTOM
3575,2026-05-08 11:43:51.000,2026-05-08 19:43:51.000,Flash sale today only. Use your points for extra savings.,313,,,1092,48,AUTOMATED
3576,2026-05-07 10:43:51.000,2026-05-08 19:43:51.000,You have a reward waiting for you. Claim it now!,313,939,,1092,168,AUTOMATED
3577,2026-05-07 03:43:51.000,2026-05-08 19:43:51.000,Your loyalty card has a new benefit. Tap to discover.,313,,,,168,CUSTOM
3578,2026-05-07 11:43:51.000,2026-05-08 19:43:51.000,Your loyalty card has a new benefit. Tap to discover.,313,,,,72,AUTOMATED
3579,2026-05-08 06:43:51.000,2026-05-08 19:43:51.000,You have a reward waiting for you. Claim it now!,313,939,,,168,AUTOMATED
3580,2026-05-08 07:43:51.000,2026-05-08 19:43:51.000,Happy birthday! Enjoy your special gift from us.,313,937,,,48,AUTOMATED
3581,2026-05-07 10:43:51.000,2026-05-08 19:43:51.000,You are 50 points away from your next reward!,314,940,,,48,AUTOMATED
3582,2026-05-06 23:43:51.000,2026-05-08 19:43:51.000,Flash sale today only. Use your points for extra savings.,314,,,,72,CUSTOM
3583,2026-05-07 22:43:51.000,2026-05-08 19:43:51.000,We miss you! Come back and earn double points this week.,314,,,,72,CUSTOM
3584,2026-05-08 10:43:51.000,2026-05-08 19:43:51.000,You are 50 points away from your next reward!,314,,,1097,72,AUTOMATED
3585,2026-05-07 03:43:51.000,2026-05-08 19:43:51.000,We miss you! Come back and earn double points this week.,314,940,,1094,168,CUSTOM
3586,2026-05-07 14:43:51.000,2026-05-08 19:43:51.000,Your loyalty card has a new benefit. Tap to discover.,314,,,,48,CUSTOM
3587,2026-05-08 11:43:51.000,2026-05-08 19:43:51.000,Bring a friend and both of you earn bonus points.,314,,,,24,CUSTOM
3588,2026-05-08 12:43:51.000,2026-05-08 19:43:51.000,You have a reward waiting for you. Claim it now!,314,,,1094,24,AUTOMATED
3589,2026-05-07 06:43:51.000,2026-05-08 19:43:51.000,You are 50 points away from your next reward!,314,,,,72,CUSTOM
3590,2026-05-07 06:43:51.000,2026-05-08 19:43:51.000,You are 50 points away from your next reward!,314,,,,72,CUSTOM
3591,2026-05-06 21:43:51.000,2026-05-08 19:43:51.000,Flash sale today only. Use your points for extra savings.,314,940,,1096,72,AUTOMATED
3592,2026-05-07 19:43:51.000,2026-05-08 19:43:51.000,Bring a friend and both of you earn bonus points.,314,,,1094,48,CUSTOM
3593,2026-05-08 12:43:51.000,2026-05-08 19:43:51.000,You have a reward waiting for you. Claim it now!,314,941,,,24,AUTOMATED
3594,2026-05-08 16:43:51.000,2026-05-08 19:43:51.000,Bring a friend and both of you earn bonus points.,314,940,,,24,AUTOMATED
3595,2026-05-07 14:43:51.000,2026-05-08 19:43:51.000,New products just arrived. Be the first to check them out.,314,,,,72,CUSTOM
3596,2026-05-07 18:43:51.000,2026-05-08 19:43:51.000,Happy birthday! Enjoy your special gift from us.,314,941,,,72,AUTOMATED
3597,2026-05-08 03:43:51.000,2026-05-08 19:43:51.000,Bring a friend and both of you earn bonus points.,314,941,,,168,CUSTOM
3598,2026-05-08 16:43:51.000,2026-05-08 19:43:51.000,Flash sale today only. Use your points for extra savings.,314,941,,,168,CUSTOM
3599,2026-05-07 15:43:51.000,2026-05-08 19:43:51.000,We miss you! Come back and earn double points this week.,314,,,,48,AUTOMATED
3600,2026-05-06 22:43:51.000,2026-05-08 19:43:51.000,Your loyalty card has a new benefit. Tap to discover.,314,941,,1098,168,AUTOMATED
3601,2026-05-07 07:43:51.000,2026-05-08 19:43:51.000,Your loyalty card has a new benefit. Tap to discover.,314,,,,168,CUSTOM
3602,2026-05-08 17:43:51.000,2026-05-08 19:43:51.000,Your loyalty card has a new benefit. Tap to discover.,314,,,,48,CUSTOM
3603,2026-05-07 07:43:51.000,2026-05-08 19:43:51.000,You are 50 points away from your next reward!,314,,,,168,AUTOMATED
3604,2026-05-08 00:43:51.000,2026-05-08 19:43:51.000,Bring a friend and both of you earn bonus points.,314,,,,48,CUSTOM
3605,2026-05-06 23:43:51.000,2026-05-08 19:43:51.000,You have a reward waiting for you. Claim it now!,314,941,,1097,168,CUSTOM
3606,2026-05-08 04:43:51.000,2026-05-08 19:43:51.000,You have a reward waiting for you. Claim it now!,315,,,1099,24,AUTOMATED
3607,2026-05-07 14:43:51.000,2026-05-08 19:43:51.000,Flash sale today only. Use your points for extra savings.,315,,,,72,CUSTOM
3608,2026-05-06 21:43:51.000,2026-05-08 19:43:51.000,Flash sale today only. Use your points for extra savings.,315,,,,72,CUSTOM
3609,2026-05-07 02:43:51.000,2026-05-08 19:43:51.000,You are 50 points away from your next reward!,315,,,,168,AUTOMATED
3610,2026-05-07 04:43:51.000,2026-05-08 19:43:51.000,You have a reward waiting for you. Claim it now!,315,,,,48,AUTOMATED
3611,2026-05-06 19:43:51.000,2026-05-08 19:43:51.000,Happy birthday! Enjoy your special gift from us.,315,943,,1100,48,AUTOMATED
3612,2026-05-08 15:43:51.000,2026-05-08 19:43:51.000,New products just arrived. Be the first to check them out.,315,944,,1099,72,CUSTOM
3613,2026-05-07 05:43:51.000,2026-05-08 19:43:51.000,You have a reward waiting for you. Claim it now!,315,943,,,72,CUSTOM
3614,2026-05-07 23:43:51.000,2026-05-08 19:43:51.000,You have a reward waiting for you. Claim it now!,315,,,,168,CUSTOM
3615,2026-05-07 07:43:51.000,2026-05-08 19:43:51.000,You are 50 points away from your next reward!,315,945,,,72,CUSTOM
3616,2026-05-08 15:43:51.000,2026-05-08 19:43:51.000,Your loyalty card has a new benefit. Tap to discover.,315,943,,1100,24,CUSTOM
3617,2026-05-08 06:43:51.000,2026-05-08 19:43:51.000,New products just arrived. Be the first to check them out.,315,943,,,24,AUTOMATED
3618,2026-05-07 17:43:51.000,2026-05-08 19:43:51.000,Flash sale today only. Use your points for extra savings.,315,,,,24,AUTOMATED
3619,2026-05-08 05:43:51.000,2026-05-08 19:43:51.000,You have a reward waiting for you. Claim it now!,316,,,,168,AUTOMATED
3620,2026-05-07 23:43:51.000,2026-05-08 19:43:51.000,Flash sale today only. Use your points for extra savings.,316,,,1102,24,CUSTOM
3621,2026-05-06 20:43:51.000,2026-05-08 19:43:51.000,Your loyalty card has a new benefit. Tap to discover.,316,,,,168,AUTOMATED
3622,2026-05-07 13:43:51.000,2026-05-08 19:43:51.000,We miss you! Come back and earn double points this week.,316,946,,1102,24,AUTOMATED
3623,2026-05-07 19:43:51.000,2026-05-08 19:43:51.000,We miss you! Come back and earn double points this week.,316,,,,72,AUTOMATED
3624,2026-05-06 20:43:51.000,2026-05-08 19:43:51.000,New products just arrived. Be the first to check them out.,316,947,,,72,AUTOMATED
3625,2026-05-07 19:43:51.000,2026-05-08 19:43:51.000,Happy birthday! Enjoy your special gift from us.,316,946,,1101,48,AUTOMATED
3626,2026-05-08 05:43:51.000,2026-05-08 19:43:51.000,New products just arrived. Be the first to check them out.,317,949,,1105,72,AUTOMATED
3627,2026-05-07 18:43:51.000,2026-05-08 19:43:51.000,Your loyalty card has a new benefit. Tap to discover.,317,,,,24,CUSTOM
3628,2026-05-07 11:43:51.000,2026-05-08 19:43:51.000,Your loyalty card has a new benefit. Tap to discover.,317,,,,72,AUTOMATED
3629,2026-05-06 20:43:51.000,2026-05-08 19:43:51.000,Your loyalty card has a new benefit. Tap to discover.,317,,,,168,CUSTOM
3630,2026-05-07 16:43:51.000,2026-05-08 19:43:51.000,Bring a friend and both of you earn bonus points.,317,,,,48,AUTOMATED
3631,2026-05-08 07:43:51.000,2026-05-08 19:43:51.000,New products just arrived. Be the first to check them out.,317,949,,,24,CUSTOM
3632,2026-05-08 05:43:51.000,2026-05-08 19:43:51.000,Your loyalty card has a new benefit. Tap to discover.,318,,,1107,48,AUTOMATED
3633,2026-05-07 13:43:51.000,2026-05-08 19:43:51.000,We miss you! Come back and earn double points this week.,318,,,1110,48,AUTOMATED
3634,2026-05-07 03:43:51.000,2026-05-08 19:43:51.000,Bring a friend and both of you earn bonus points.,318,954,,,168,AUTOMATED
3635,2026-05-08 03:43:51.000,2026-05-08 19:43:51.000,Flash sale today only. Use your points for extra savings.,318,,,,72,CUSTOM
3636,2026-05-07 03:43:51.000,2026-05-08 19:43:51.000,We miss you! Come back and earn double points this week.,318,,,1109,48,CUSTOM
3637,2026-05-07 22:43:51.000,2026-05-08 19:43:51.000,You have a reward waiting for you. Claim it now!,318,953,,1107,168,CUSTOM
3638,2026-05-07 22:43:51.000,2026-05-08 19:43:51.000,You are 50 points away from your next reward!,318,954,,,72,CUSTOM
3639,2026-05-08 02:43:51.000,2026-05-08 19:43:51.000,Happy birthday! Enjoy your special gift from us.,318,953,,1109,48,AUTOMATED
3640,2026-05-07 15:43:51.000,2026-05-08 19:43:51.000,New products just arrived. Be the first to check them out.,318,954,,,72,AUTOMATED
3641,2026-05-06 19:43:51.000,2026-05-08 19:43:51.000,Flash sale today only. Use your points for extra savings.,319,955,,,168,CUSTOM
3642,2026-05-07 01:43:51.000,2026-05-08 19:43:51.000,You have a reward waiting for you. Claim it now!,319,,,,168,CUSTOM
3643,2026-05-07 22:43:51.000,2026-05-08 19:43:51.000,Flash sale today only. Use your points for extra savings.,319,,,,168,AUTOMATED
3644,2026-05-07 01:43:51.000,2026-05-08 19:43:51.000,Your loyalty card has a new benefit. Tap to discover.,319,957,,,168,AUTOMATED
3645,2026-05-08 08:43:51.000,2026-05-08 19:43:51.000,Bring a friend and both of you earn bonus points.,319,,,1111,168,CUSTOM
3646,2026-05-07 08:43:51.000,2026-05-08 19:43:51.000,Bring a friend and both of you earn bonus points.,319,,,,48,CUSTOM
3647,2026-05-08 16:43:51.000,2026-05-08 19:43:51.000,Bring a friend and both of you earn bonus points.,319,,,1114,168,CUSTOM
3648,2026-05-07 19:43:51.000,2026-05-08 19:43:51.000,You are 50 points away from your next reward!,319,,,1111,24,CUSTOM
3649,2026-05-06 23:43:51.000,2026-05-08 19:43:51.000,Flash sale today only. Use your points for extra savings.,319,956,,,72,CUSTOM
3650,2026-05-07 14:43:51.000,2026-05-08 19:43:51.000,New products just arrived. Be the first to check them out.,319,,,,72,AUTOMATED
3651,2026-05-08 08:43:51.000,2026-05-08 19:43:51.000,You are 50 points away from your next reward!,320,,,1116,168,CUSTOM
3652,2026-05-08 18:43:51.000,2026-05-08 19:43:51.000,Your loyalty card has a new benefit. Tap to discover.,320,,,1117,24,CUSTOM
3653,2026-05-06 20:43:51.000,2026-05-08 19:43:51.000,We miss you! Come back and earn double points this week.,320,,,,48,CUSTOM
3654,2026-05-08 03:43:51.000,2026-05-08 19:43:51.000,Bring a friend and both of you earn bonus points.,320,,,,24,AUTOMATED
3655,2026-05-07 21:43:51.000,2026-05-08 19:43:51.000,Your loyalty card has a new benefit. Tap to discover.,320,958,,,24,AUTOMATED
3656,2026-05-07 04:43:51.000,2026-05-08 19:43:51.000,Happy birthday! Enjoy your special gift from us.,320,,,1116,48,AUTOMATED
3657,2026-05-08 17:43:51.000,2026-05-08 19:43:51.000,Your loyalty card has a new benefit. Tap to discover.,320,,,1116,48,AUTOMATED
3658,2026-05-06 21:43:51.000,2026-05-08 19:43:51.000,You are 50 points away from your next reward!,320,959,,,72,AUTOMATED
3659,2026-05-06 20:43:51.000,2026-05-08 19:43:51.000,You are 50 points away from your next reward!,320,959,,,72,AUTOMATED
3660,2026-05-08 04:43:51.000,2026-05-08 19:43:51.000,Happy birthday! Enjoy your special gift from us.,320,,,,24,CUSTOM
3661,2026-05-07 15:43:51.000,2026-05-08 19:43:51.000,New products just arrived. Be the first to check them out.,320,958,,,48,AUTOMATED
3662,2026-05-06 19:43:51.000,2026-05-08 19:43:51.000,You are 50 points away from your next reward!,320,,,,168,AUTOMATED
3663,2026-05-07 11:43:51.000,2026-05-08 19:43:51.000,You are 50 points away from your next reward!,320,,,,168,AUTOMATED
3664,2026-05-08 15:43:51.000,2026-05-08 19:43:51.000,Flash sale today only. Use your points for extra savings.,320,,,1117,72,CUSTOM
3665,2026-05-07 00:43:51.000,2026-05-08 19:43:51.000,Happy birthday! Enjoy your special gift from us.,320,,,1115,24,AUTOMATED
3666,2026-05-07 08:43:51.000,2026-05-08 19:43:51.000,New products just arrived. Be the first to check them out.,321,,,,168,CUSTOM
3667,2026-05-08 14:43:51.000,2026-05-08 19:43:51.000,New products just arrived. Be the first to check them out.,321,963,,,168,CUSTOM
3668,2026-05-07 21:43:51.000,2026-05-08 19:43:51.000,New products just arrived. Be the first to check them out.,321,,,,168,CUSTOM
3669,2026-05-07 13:43:51.000,2026-05-08 19:43:51.000,Flash sale today only. Use your points for extra savings.,321,963,,,168,CUSTOM
3670,2026-05-07 18:43:51.000,2026-05-08 19:43:51.000,Bring a friend and both of you earn bonus points.,321,,,,168,CUSTOM
3671,2026-05-08 13:43:51.000,2026-05-08 19:43:51.000,You are 50 points away from your next reward!,321,,,1121,24,CUSTOM
3672,2026-05-07 08:43:51.000,2026-05-08 19:43:51.000,Your loyalty card has a new benefit. Tap to discover.,321,,,,168,AUTOMATED
3673,2026-05-07 19:43:51.000,2026-05-08 19:43:51.000,We miss you! Come back and earn double points this week.,321,,,,48,CUSTOM
3674,2026-05-07 01:43:51.000,2026-05-08 19:43:51.000,We miss you! Come back and earn double points this week.,321,961,,,48,AUTOMATED
3675,2026-05-07 02:43:51.000,2026-05-08 19:43:51.000,You are 50 points away from your next reward!,321,963,,,24,AUTOMATED
3676,2026-05-08 10:43:51.000,2026-05-08 19:43:51.000,We miss you! Come back and earn double points this week.,322,,,1123,168,AUTOMATED
3677,2026-05-07 14:43:51.000,2026-05-08 19:43:51.000,Happy birthday! Enjoy your special gift from us.,322,966,,1124,72,AUTOMATED
3678,2026-05-07 14:43:51.000,2026-05-08 19:43:51.000,You are 50 points away from your next reward!,322,,,1124,24,AUTOMATED
3679,2026-05-07 20:43:51.000,2026-05-08 19:43:51.000,Your loyalty card has a new benefit. Tap to discover.,322,966,,,24,CUSTOM
3680,2026-05-08 00:43:51.000,2026-05-08 19:43:51.000,You are 50 points away from your next reward!,322,,,,168,AUTOMATED
3681,2026-05-06 21:43:51.000,2026-05-08 19:43:51.000,We miss you! Come back and earn double points this week.,322,,,,168,AUTOMATED
3682,2026-05-07 05:43:51.000,2026-05-08 19:43:51.000,Happy birthday! Enjoy your special gift from us.,323,969,,1125,48,AUTOMATED
3683,2026-05-08 10:43:51.000,2026-05-08 19:43:51.000,Flash sale today only. Use your points for extra savings.,323,969,,,48,CUSTOM
3684,2026-05-07 16:43:51.000,2026-05-08 19:43:51.000,You are 50 points away from your next reward!,323,,,,48,CUSTOM
3685,2026-05-06 19:43:51.000,2026-05-08 19:43:51.000,Your loyalty card has a new benefit. Tap to discover.,323,,,,168,AUTOMATED
3686,2026-05-07 12:43:51.000,2026-05-08 19:43:51.000,Bring a friend and both of you earn bonus points.,323,967,,1129,168,CUSTOM
3687,2026-05-08 10:43:51.000,2026-05-08 19:43:51.000,You are 50 points away from your next reward!,323,,,,72,CUSTOM
3688,2026-05-08 18:43:51.000,2026-05-08 19:43:51.000,New products just arrived. Be the first to check them out.,323,,,,168,AUTOMATED
3689,2026-05-08 06:43:51.000,2026-05-08 19:43:51.000,You have a reward waiting for you. Claim it now!,323,,,,48,AUTOMATED
3690,2026-05-06 20:43:51.000,2026-05-08 19:43:51.000,Bring a friend and both of you earn bonus points.,323,969,,,24,CUSTOM
3691,2026-05-07 10:43:51.000,2026-05-08 19:43:51.000,Bring a friend and both of you earn bonus points.,323,,,,24,AUTOMATED
3692,2026-05-07 18:43:51.000,2026-05-08 19:43:51.000,New products just arrived. Be the first to check them out.,323,,,1126,72,AUTOMATED
3693,2026-05-08 01:43:51.000,2026-05-08 19:43:51.000,We miss you! Come back and earn double points this week.,323,968,,,72,AUTOMATED
3694,2026-05-08 11:43:51.000,2026-05-08 19:43:51.000,Your loyalty card has a new benefit. Tap to discover.,323,,,,24,AUTOMATED
3695,2026-05-07 13:43:51.000,2026-05-08 19:43:51.000,Flash sale today only. Use your points for extra savings.,323,969,,,72,CUSTOM
3696,2026-05-08 10:43:51.000,2026-05-08 19:43:51.000,We miss you! Come back and earn double points this week.,324,970,,,72,CUSTOM
3697,2026-05-08 05:43:51.000,2026-05-08 19:43:51.000,New products just arrived. Be the first to check them out.,324,,,,24,CUSTOM
3698,2026-05-08 10:43:51.000,2026-05-08 19:43:51.000,We miss you! Come back and earn double points this week.,324,971,,,72,AUTOMATED
3699,2026-05-08 01:43:51.000,2026-05-08 19:43:51.000,New products just arrived. Be the first to check them out.,325,,,1134,72,CUSTOM
3700,2026-05-08 18:43:51.000,2026-05-08 19:43:51.000,Flash sale today only. Use your points for extra savings.,325,975,,1133,48,AUTOMATED
3701,2026-05-07 02:43:51.000,2026-05-08 19:43:51.000,We miss you! Come back and earn double points this week.,325,,,,24,CUSTOM
3702,2026-05-06 23:43:51.000,2026-05-08 19:43:51.000,Flash sale today only. Use your points for extra savings.,325,,,,168,AUTOMATED
3703,2026-05-08 08:43:51.000,2026-05-08 19:43:51.000,Happy birthday! Enjoy your special gift from us.,325,973,,,24,AUTOMATED
3704,2026-05-08 04:43:51.000,2026-05-08 19:43:51.000,Your loyalty card has a new benefit. Tap to discover.,325,,,,168,CUSTOM
3705,2026-05-06 21:43:51.000,2026-05-08 19:43:51.000,Flash sale today only. Use your points for extra savings.,325,975,,,48,CUSTOM
3706,2026-05-08 18:43:51.000,2026-05-08 19:43:51.000,Happy birthday! Enjoy your special gift from us.,325,,,,72,CUSTOM
3707,2026-05-07 10:43:51.000,2026-05-08 19:43:51.000,New products just arrived. Be the first to check them out.,325,,,1133,72,AUTOMATED
3708,2026-05-08 08:43:51.000,2026-05-08 19:43:51.000,New products just arrived. Be the first to check them out.,325,,,1135,48,AUTOMATED
3709,2026-05-08 10:43:51.000,2026-05-08 19:43:51.000,Flash sale today only. Use your points for extra savings.,325,974,,,168,CUSTOM
3710,2026-05-08 01:43:51.000,2026-05-08 19:43:51.000,Bring a friend and both of you earn bonus points.,326,,,,24,CUSTOM
3711,2026-05-08 17:43:51.000,2026-05-08 19:43:51.000,New products just arrived. Be the first to check them out.,326,,,,168,AUTOMATED
3712,2026-05-08 04:43:51.000,2026-05-08 19:43:51.000,You are 50 points away from your next reward!,326,,,,24,AUTOMATED
3713,2026-05-08 09:43:51.000,2026-05-08 19:43:51.000,You have a reward waiting for you. Claim it now!,326,,,,168,AUTOMATED
3714,2026-05-07 04:43:51.000,2026-05-08 19:43:51.000,You are 50 points away from your next reward!,326,,,1138,72,CUSTOM
3715,2026-05-07 01:43:51.000,2026-05-08 19:43:51.000,We miss you! Come back and earn double points this week.,326,,,,48,CUSTOM
3716,2026-05-08 04:43:51.000,2026-05-08 19:43:51.000,New products just arrived. Be the first to check them out.,327,979,,1140,24,CUSTOM
3717,2026-05-07 02:43:51.000,2026-05-08 19:43:51.000,Your loyalty card has a new benefit. Tap to discover.,327,979,,1142,24,AUTOMATED
3718,2026-05-07 15:43:51.000,2026-05-08 19:43:51.000,You are 50 points away from your next reward!,327,,,1139,24,CUSTOM
3719,2026-05-07 05:43:51.000,2026-05-08 19:43:51.000,Your loyalty card has a new benefit. Tap to discover.,327,979,,,72,CUSTOM
3720,2026-05-08 12:43:51.000,2026-05-08 19:43:51.000,Bring a friend and both of you earn bonus points.,327,,,,168,CUSTOM
3721,2026-05-07 21:43:51.000,2026-05-08 19:43:51.000,Happy birthday! Enjoy your special gift from us.,327,,,,48,AUTOMATED
3722,2026-05-07 21:43:51.000,2026-05-08 19:43:51.000,New products just arrived. Be the first to check them out.,327,980,,,168,AUTOMATED
3723,2026-05-07 14:43:51.000,2026-05-08 19:43:51.000,Flash sale today only. Use your points for extra savings.,327,,,,48,AUTOMATED
3724,2026-05-07 17:43:51.000,2026-05-08 19:43:51.000,Your loyalty card has a new benefit. Tap to discover.,327,,,,168,CUSTOM
3725,2026-05-07 11:43:51.000,2026-05-08 19:43:51.000,Bring a friend and both of you earn bonus points.,327,,,1139,24,CUSTOM
3726,2026-05-08 10:43:51.000,2026-05-08 19:43:51.000,We miss you! Come back and earn double points this week.,327,979,,,72,AUTOMATED
3727,2026-05-08 04:43:51.000,2026-05-08 19:43:51.000,Bring a friend and both of you earn bonus points.,327,979,,,24,AUTOMATED
3728,2026-05-07 01:43:51.000,2026-05-08 19:43:51.000,Flash sale today only. Use your points for extra savings.,327,,,,72,AUTOMATED
3729,2026-05-08 07:43:51.000,2026-05-08 19:43:51.000,Flash sale today only. Use your points for extra savings.,327,,,,48,AUTOMATED
3730,2026-05-07 14:43:51.000,2026-05-08 19:43:51.000,Your loyalty card has a new benefit. Tap to discover.,327,981,,1143,72,AUTOMATED
3731,2026-05-07 00:43:51.000,2026-05-08 19:43:51.000,You are 50 points away from your next reward!,327,,,,48,CUSTOM
3732,2026-05-07 16:43:51.000,2026-05-08 19:43:51.000,Your loyalty card has a new benefit. Tap to discover.,327,979,,1141,24,AUTOMATED
3733,2026-05-06 19:43:51.000,2026-05-08 19:43:51.000,New products just arrived. Be the first to check them out.,327,,,,72,AUTOMATED
3734,2026-05-08 08:43:51.000,2026-05-08 19:43:51.000,You are 50 points away from your next reward!,327,,,1142,72,AUTOMATED
3735,2026-05-08 00:43:51.000,2026-05-08 19:43:51.000,Bring a friend and both of you earn bonus points.,327,981,,,24,CUSTOM
3736,2026-05-08 06:43:51.000,2026-05-08 19:43:51.000,Flash sale today only. Use your points for extra savings.,328,,,1145,72,CUSTOM
3737,2026-05-08 15:43:51.000,2026-05-08 19:43:51.000,You have a reward waiting for you. Claim it now!,328,,,,72,CUSTOM
3738,2026-05-07 06:43:51.000,2026-05-08 19:43:51.000,Your loyalty card has a new benefit. Tap to discover.,328,984,,,168,CUSTOM
3739,2026-05-08 13:43:51.000,2026-05-08 19:43:51.000,You are 50 points away from your next reward!,328,982,,1146,72,CUSTOM
3740,2026-05-08 11:43:51.000,2026-05-08 19:43:51.000,You are 50 points away from your next reward!,328,,,,72,AUTOMATED
3741,2026-05-08 00:43:51.000,2026-05-08 19:43:51.000,Flash sale today only. Use your points for extra savings.,328,,,1144,24,AUTOMATED
3742,2026-05-07 16:43:51.000,2026-05-08 19:43:51.000,We miss you! Come back and earn double points this week.,328,982,,1147,168,CUSTOM
3743,2026-05-07 01:43:51.000,2026-05-08 19:43:51.000,New products just arrived. Be the first to check them out.,328,983,,,24,AUTOMATED
3744,2026-05-08 15:43:51.000,2026-05-08 19:43:51.000,New products just arrived. Be the first to check them out.,328,,,1148,168,CUSTOM
3745,2026-05-08 00:43:51.000,2026-05-08 19:43:51.000,Bring a friend and both of you earn bonus points.,328,,,,72,AUTOMATED
3746,2026-05-08 12:43:51.000,2026-05-08 19:43:51.000,Bring a friend and both of you earn bonus points.,329,,,1151,168,CUSTOM
3747,2026-05-08 15:43:51.000,2026-05-08 19:43:51.000,Happy birthday! Enjoy your special gift from us.,329,,,,48,CUSTOM
3748,2026-05-06 20:43:51.000,2026-05-08 19:43:51.000,Your loyalty card has a new benefit. Tap to discover.,329,987,,1150,72,AUTOMATED
3749,2026-05-06 22:43:51.000,2026-05-08 19:43:51.000,Happy birthday! Enjoy your special gift from us.,329,987,,,24,CUSTOM
3750,2026-05-08 09:43:51.000,2026-05-08 19:43:51.000,You are 50 points away from your next reward!,329,,,,24,AUTOMATED
3751,2026-05-08 07:43:51.000,2026-05-08 19:43:51.000,Happy birthday! Enjoy your special gift from us.,329,986,,,24,AUTOMATED
3752,2026-05-08 07:43:51.000,2026-05-08 19:43:51.000,Flash sale today only. Use your points for extra savings.,330,,,,72,AUTOMATED
3753,2026-05-08 01:43:51.000,2026-05-08 19:43:51.000,Your loyalty card has a new benefit. Tap to discover.,330,989,,1154,168,AUTOMATED
3754,2026-05-07 11:43:51.000,2026-05-08 19:43:51.000,Your loyalty card has a new benefit. Tap to discover.,330,,,,24,AUTOMATED
3755,2026-05-07 20:43:51.000,2026-05-08 19:43:51.000,We miss you! Come back and earn double points this week.,330,,,,48,AUTOMATED
3756,2026-05-08 11:43:51.000,2026-05-08 19:43:51.000,You are 50 points away from your next reward!,330,,,1152,168,CUSTOM
3757,2026-05-08 00:43:51.000,2026-05-08 19:43:51.000,You are 50 points away from your next reward!,331,,,,24,CUSTOM
3758,2026-05-07 05:43:51.000,2026-05-08 19:43:51.000,Bring a friend and both of you earn bonus points.,331,991,,1159,72,AUTOMATED
3759,2026-05-07 10:43:51.000,2026-05-08 19:43:51.000,Your loyalty card has a new benefit. Tap to discover.,331,,,,24,AUTOMATED
3760,2026-05-07 01:43:51.000,2026-05-08 19:43:51.000,We miss you! Come back and earn double points this week.,331,992,,1157,168,AUTOMATED
3761,2026-05-08 02:43:51.000,2026-05-08 19:43:51.000,New products just arrived. Be the first to check them out.,331,992,,1156,168,AUTOMATED
3762,2026-05-07 14:43:51.000,2026-05-08 19:43:51.000,Happy birthday! Enjoy your special gift from us.,331,,,,24,CUSTOM
3763,2026-05-07 18:43:51.000,2026-05-08 19:43:51.000,You have a reward waiting for you. Claim it now!,332,996,,,72,AUTOMATED
3764,2026-05-07 03:43:51.000,2026-05-08 19:43:51.000,Your loyalty card has a new benefit. Tap to discover.,332,,,,72,AUTOMATED
3765,2026-05-07 16:43:51.000,2026-05-08 19:43:51.000,Your loyalty card has a new benefit. Tap to discover.,332,,,,72,AUTOMATED
3766,2026-05-08 16:43:51.000,2026-05-08 19:43:51.000,New products just arrived. Be the first to check them out.,332,995,,,72,AUTOMATED
3767,2026-05-08 17:43:51.000,2026-05-08 19:43:51.000,You have a reward waiting for you. Claim it now!,332,994,,,168,CUSTOM
3768,2026-05-07 11:43:51.000,2026-05-08 19:43:51.000,You are 50 points away from your next reward!,332,,,,24,AUTOMATED
3769,2026-05-07 10:43:51.000,2026-05-08 19:43:51.000,Bring a friend and both of you earn bonus points.,332,,,,72,CUSTOM
3770,2026-05-06 23:43:51.000,2026-05-08 19:43:51.000,Bring a friend and both of you earn bonus points.,332,994,,,48,CUSTOM
3771,2026-05-07 07:43:51.000,2026-05-08 19:43:51.000,You are 50 points away from your next reward!,333,,,,168,CUSTOM
3772,2026-05-08 06:43:51.000,2026-05-08 19:43:51.000,You are 50 points away from your next reward!,333,,,,168,AUTOMATED
3773,2026-05-08 10:43:51.000,2026-05-08 19:43:51.000,Your loyalty card has a new benefit. Tap to discover.,333,,,1164,24,CUSTOM
3774,2026-05-07 12:43:51.000,2026-05-08 19:43:51.000,Bring a friend and both of you earn bonus points.,333,,,,24,AUTOMATED
3775,2026-05-08 07:43:51.000,2026-05-08 19:43:51.000,Happy birthday! Enjoy your special gift from us.,333,,,,24,CUSTOM
3776,2026-05-08 05:43:51.000,2026-05-08 19:43:51.000,We miss you! Come back and earn double points this week.,333,998,,1163,168,AUTOMATED
3777,2026-05-08 12:43:51.000,2026-05-08 19:43:51.000,Your loyalty card has a new benefit. Tap to discover.,334,1001,,,48,CUSTOM
3778,2026-05-07 14:43:51.000,2026-05-08 19:43:51.000,Happy birthday! Enjoy your special gift from us.,334,,,,168,AUTOMATED
3779,2026-05-07 14:43:51.000,2026-05-08 19:43:51.000,You have a reward waiting for you. Claim it now!,334,1000,,1169,168,CUSTOM
3780,2026-05-08 15:43:51.000,2026-05-08 19:43:51.000,You are 50 points away from your next reward!,334,,,,48,CUSTOM
3781,2026-05-08 16:43:51.000,2026-05-08 19:43:51.000,You are 50 points away from your next reward!,334,,,1167,48,AUTOMATED
3782,2026-05-08 16:43:51.000,2026-05-08 19:43:51.000,You have a reward waiting for you. Claim it now!,334,,,,72,CUSTOM
3783,2026-05-08 15:43:51.000,2026-05-08 19:43:51.000,Bring a friend and both of you earn bonus points.,334,1002,,,168,CUSTOM
3784,2026-05-07 10:43:51.000,2026-05-08 19:43:51.000,You are 50 points away from your next reward!,334,,,,24,AUTOMATED
3785,2026-05-07 10:43:51.000,2026-05-08 19:43:51.000,You have a reward waiting for you. Claim it now!,334,,,,168,AUTOMATED
3786,2026-05-08 06:43:51.000,2026-05-08 19:43:51.000,You have a reward waiting for you. Claim it now!,334,,,,24,CUSTOM
3787,2026-05-07 05:43:51.000,2026-05-08 19:43:51.000,Your loyalty card has a new benefit. Tap to discover.,334,,,,24,CUSTOM
3788,2026-05-07 20:43:51.000,2026-05-08 19:43:51.000,Bring a friend and both of you earn bonus points.,334,,,,72,CUSTOM
3789,2026-05-08 15:43:51.000,2026-05-08 19:43:51.000,Flash sale today only. Use your points for extra savings.,334,,,,168,CUSTOM
3790,2026-05-07 12:43:51.000,2026-05-08 19:43:51.000,Your loyalty card has a new benefit. Tap to discover.,334,1001,,1167,72,CUSTOM
3791,2026-05-08 16:43:51.000,2026-05-08 19:43:51.000,New products just arrived. Be the first to check them out.,334,,,,168,AUTOMATED
3792,2026-05-07 18:43:51.000,2026-05-08 19:43:51.000,New products just arrived. Be the first to check them out.,334,,,1167,72,AUTOMATED
3793,2026-05-08 08:43:51.000,2026-05-08 19:43:51.000,Your loyalty card has a new benefit. Tap to discover.,334,,,,168,AUTOMATED
3794,2026-05-07 10:43:51.000,2026-05-08 19:43:51.000,Bring a friend and both of you earn bonus points.,334,,,,72,AUTOMATED
3795,2026-05-07 13:43:51.000,2026-05-08 19:43:51.000,Your loyalty card has a new benefit. Tap to discover.,334,,,,72,CUSTOM
3796,2026-05-08 18:43:51.000,2026-05-08 19:43:51.000,You have a reward waiting for you. Claim it now!,335,1005,,1170,72,AUTOMATED
3797,2026-05-07 13:43:51.000,2026-05-08 19:43:51.000,New products just arrived. Be the first to check them out.,335,,,,72,AUTOMATED
3798,2026-05-08 12:43:51.000,2026-05-08 19:43:51.000,You are 50 points away from your next reward!,335,,,,24,AUTOMATED
3799,2026-05-07 06:43:51.000,2026-05-08 19:43:51.000,We miss you! Come back and earn double points this week.,335,,,,168,AUTOMATED
3800,2026-05-07 12:43:51.000,2026-05-08 19:43:51.000,Flash sale today only. Use your points for extra savings.,335,1004,,,72,AUTOMATED
3801,2026-05-08 13:43:51.000,2026-05-08 19:43:51.000,Flash sale today only. Use your points for extra savings.,335,,,1171,48,CUSTOM
3802,2026-05-08 13:43:51.000,2026-05-08 19:43:51.000,New products just arrived. Be the first to check them out.,335,1003,,,168,AUTOMATED
3803,2026-05-08 17:43:51.000,2026-05-08 19:43:51.000,Happy birthday! Enjoy your special gift from us.,335,,,,72,AUTOMATED
3804,2026-05-08 09:43:51.000,2026-05-08 19:43:51.000,Happy birthday! Enjoy your special gift from us.,336,,,1176,72,CUSTOM
3805,2026-05-07 09:43:51.000,2026-05-08 19:43:51.000,Flash sale today only. Use your points for extra savings.,336,,,,168,CUSTOM
3806,2026-05-07 01:43:51.000,2026-05-08 19:43:51.000,You have a reward waiting for you. Claim it now!,336,,,,48,AUTOMATED
3807,2026-05-07 12:43:51.000,2026-05-08 19:43:51.000,New products just arrived. Be the first to check them out.,336,1006,,1174,24,CUSTOM
3808,2026-05-08 04:43:51.000,2026-05-08 19:43:51.000,New products just arrived. Be the first to check them out.,336,1008,,1173,168,CUSTOM
3809,2026-05-07 15:43:51.000,2026-05-08 19:43:51.000,Happy birthday! Enjoy your special gift from us.,336,,,,168,AUTOMATED
3810,2026-05-08 09:43:51.000,2026-05-08 19:43:51.000,New products just arrived. Be the first to check them out.,336,,,,72,AUTOMATED
3811,2026-05-07 10:43:51.000,2026-05-08 19:43:51.000,New products just arrived. Be the first to check them out.,336,,,1176,168,AUTOMATED
3812,2026-05-07 06:43:51.000,2026-05-08 19:43:51.000,New products just arrived. Be the first to check them out.,336,1007,,1174,168,AUTOMATED
3813,2026-05-08 01:43:51.000,2026-05-08 19:43:51.000,We miss you! Come back and earn double points this week.,336,,,,24,CUSTOM
3814,2026-05-07 23:43:51.000,2026-05-08 19:43:51.000,Flash sale today only. Use your points for extra savings.,336,,,,48,AUTOMATED
3815,2026-05-06 23:43:51.000,2026-05-08 19:43:51.000,We miss you! Come back and earn double points this week.,336,,,1175,72,AUTOMATED
3816,2026-05-08 08:43:51.000,2026-05-08 19:43:51.000,Bring a friend and both of you earn bonus points.,337,,,,72,CUSTOM
3817,2026-05-06 22:43:51.000,2026-05-08 19:43:51.000,Bring a friend and both of you earn bonus points.,337,,,1179,168,AUTOMATED
3818,2026-05-08 10:43:51.000,2026-05-08 19:43:51.000,Happy birthday! Enjoy your special gift from us.,337,,,1178,48,AUTOMATED
3819,2026-05-07 17:43:51.000,2026-05-08 19:43:51.000,You have a reward waiting for you. Claim it now!,337,1010,,,48,AUTOMATED
3820,2026-05-07 02:43:51.000,2026-05-08 19:43:51.000,You are 50 points away from your next reward!,337,,,,48,AUTOMATED
3821,2026-05-06 21:43:51.000,2026-05-08 19:43:51.000,You have a reward waiting for you. Claim it now!,337,,,,24,CUSTOM
3822,2026-05-08 03:43:51.000,2026-05-08 19:43:51.000,Bring a friend and both of you earn bonus points.,337,,,1177,48,AUTOMATED
3823,2026-05-07 02:43:51.000,2026-05-08 19:43:51.000,You have a reward waiting for you. Claim it now!,337,,,,168,AUTOMATED
3824,2026-05-08 10:43:51.000,2026-05-08 19:43:51.000,Your loyalty card has a new benefit. Tap to discover.,337,1011,,,24,AUTOMATED
3825,2026-05-08 11:43:51.000,2026-05-08 19:43:51.000,Happy birthday! Enjoy your special gift from us.,337,,,1179,48,AUTOMATED
3826,2026-05-07 05:43:51.000,2026-05-08 19:43:51.000,Your loyalty card has a new benefit. Tap to discover.,337,,,,168,CUSTOM
3827,2026-05-08 01:43:51.000,2026-05-08 19:43:51.000,You are 50 points away from your next reward!,338,,,,48,CUSTOM
3828,2026-05-08 09:43:51.000,2026-05-08 19:43:51.000,Flash sale today only. Use your points for extra savings.,338,,,,72,CUSTOM
3829,2026-05-07 22:43:51.000,2026-05-08 19:43:51.000,Your loyalty card has a new benefit. Tap to discover.,338,1014,,,48,CUSTOM
3830,2026-05-08 08:43:51.000,2026-05-08 19:43:51.000,Your loyalty card has a new benefit. Tap to discover.,338,,,1184,24,CUSTOM
3831,2026-05-07 00:43:51.000,2026-05-08 19:43:51.000,New products just arrived. Be the first to check them out.,338,,,1182,48,CUSTOM
3832,2026-05-08 12:43:51.000,2026-05-08 19:43:51.000,You have a reward waiting for you. Claim it now!,338,,,,168,AUTOMATED
3833,2026-05-06 22:43:51.000,2026-05-08 19:43:51.000,New products just arrived. Be the first to check them out.,338,,,,168,CUSTOM
3834,2026-05-07 18:43:51.000,2026-05-08 19:43:51.000,You are 50 points away from your next reward!,338,1014,,,24,CUSTOM
3835,2026-05-07 13:43:51.000,2026-05-08 19:43:51.000,Your loyalty card has a new benefit. Tap to discover.,338,,,,48,CUSTOM
3836,2026-05-08 06:43:51.000,2026-05-08 19:43:51.000,Bring a friend and both of you earn bonus points.,338,1012,,1182,24,CUSTOM
3837,2026-05-07 20:43:51.000,2026-05-08 19:43:51.000,Happy birthday! Enjoy your special gift from us.,338,1013,,1182,24,AUTOMATED
3838,2026-05-08 15:43:51.000,2026-05-08 19:43:51.000,Bring a friend and both of you earn bonus points.,338,,,1183,48,AUTOMATED
3839,2026-05-08 08:43:51.000,2026-05-08 19:43:51.000,You are 50 points away from your next reward!,338,,,,48,AUTOMATED
3840,2026-05-06 21:43:51.000,2026-05-08 19:43:51.000,You are 50 points away from your next reward!,338,,,,168,AUTOMATED
3841,2026-05-06 22:43:51.000,2026-05-08 19:43:51.000,You are 50 points away from your next reward!,338,1014,,,48,CUSTOM
3842,2026-05-08 01:43:51.000,2026-05-08 19:43:51.000,Your loyalty card has a new benefit. Tap to discover.,338,1012,,,168,CUSTOM
3843,2026-05-08 08:43:51.000,2026-05-08 19:43:51.000,Happy birthday! Enjoy your special gift from us.,338,1012,,,72,AUTOMATED
3844,2026-05-08 10:43:51.000,2026-05-08 19:43:51.000,Happy birthday! Enjoy your special gift from us.,338,,,1181,48,CUSTOM
3845,2026-05-08 03:43:51.000,2026-05-08 19:43:51.000,Happy birthday! Enjoy your special gift from us.,338,1013,,1184,168,AUTOMATED
3846,2026-05-08 14:43:51.000,2026-05-08 19:43:51.000,New products just arrived. Be the first to check them out.,339,1016,,1185,72,AUTOMATED
3847,2026-05-07 22:43:51.000,2026-05-08 19:43:51.000,We miss you! Come back and earn double points this week.,339,1017,,1186,48,CUSTOM
3848,2026-05-07 03:43:51.000,2026-05-08 19:43:51.000,You are 50 points away from your next reward!,339,1016,,,72,CUSTOM
3849,2026-05-08 04:43:51.000,2026-05-08 19:43:51.000,Flash sale today only. Use your points for extra savings.,340,1020,,,168,CUSTOM
3850,2026-05-07 01:43:51.000,2026-05-08 19:43:51.000,Bring a friend and both of you earn bonus points.,340,1020,,1190,168,CUSTOM
3851,2026-05-07 19:43:51.000,2026-05-08 19:43:51.000,New products just arrived. Be the first to check them out.,340,,,1190,168,CUSTOM
3852,2026-05-07 17:43:51.000,2026-05-08 19:43:51.000,Flash sale today only. Use your points for extra savings.,340,,,1189,72,AUTOMATED
3853,2026-05-07 11:43:51.000,2026-05-08 19:43:51.000,Bring a friend and both of you earn bonus points.,340,1018,,,48,CUSTOM
3854,2026-05-06 21:43:51.000,2026-05-08 19:43:51.000,New products just arrived. Be the first to check them out.,341,,,,24,AUTOMATED
3855,2026-05-07 05:43:51.000,2026-05-08 19:43:51.000,New products just arrived. Be the first to check them out.,341,,,,168,CUSTOM
3856,2026-05-08 00:43:51.000,2026-05-08 19:43:51.000,Happy birthday! Enjoy your special gift from us.,341,,,1195,24,AUTOMATED
3857,2026-05-06 21:43:51.000,2026-05-08 19:43:51.000,Bring a friend and both of you earn bonus points.,342,,,,24,CUSTOM
3858,2026-05-08 05:43:51.000,2026-05-08 19:43:51.000,You have a reward waiting for you. Claim it now!,342,1025,,1197,168,AUTOMATED
3859,2026-05-07 01:43:51.000,2026-05-08 19:43:51.000,New products just arrived. Be the first to check them out.,342,1025,,,168,AUTOMATED
3860,2026-05-06 22:43:51.000,2026-05-08 19:43:51.000,You have a reward waiting for you. Claim it now!,343,,,,168,AUTOMATED
3861,2026-05-08 13:43:51.000,2026-05-08 19:43:51.000,You have a reward waiting for you. Claim it now!,343,,,,24,AUTOMATED
3862,2026-05-08 03:43:51.000,2026-05-08 19:43:51.000,Bring a friend and both of you earn bonus points.,343,1027,,,24,AUTOMATED
3863,2026-05-06 20:43:51.000,2026-05-08 19:43:51.000,Your loyalty card has a new benefit. Tap to discover.,343,1029,,,24,AUTOMATED
3864,2026-05-07 00:43:51.000,2026-05-08 19:43:51.000,You have a reward waiting for you. Claim it now!,343,1028,,,48,AUTOMATED
3865,2026-05-07 23:43:51.000,2026-05-08 19:43:51.000,You are 50 points away from your next reward!,343,1028,,,168,AUTOMATED
3866,2026-05-07 18:43:51.000,2026-05-08 19:43:51.000,We miss you! Come back and earn double points this week.,343,,,1199,24,CUSTOM
3867,2026-05-06 22:43:51.000,2026-05-08 19:43:51.000,We miss you! Come back and earn double points this week.,343,1029,,1200,24,AUTOMATED
3868,2026-05-07 19:43:51.000,2026-05-08 19:43:51.000,You have a reward waiting for you. Claim it now!,343,1028,,,48,AUTOMATED
3869,2026-05-07 23:43:51.000,2026-05-08 19:43:51.000,We miss you! Come back and earn double points this week.,343,1028,,,48,AUTOMATED
3870,2026-05-06 22:43:51.000,2026-05-08 19:43:51.000,Happy birthday! Enjoy your special gift from us.,343,,,,168,CUSTOM
3871,2026-05-07 16:43:51.000,2026-05-08 19:43:51.000,We miss you! Come back and earn double points this week.,343,1028,,,72,CUSTOM
3872,2026-05-07 14:43:51.000,2026-05-08 19:43:51.000,We miss you! Come back and earn double points this week.,343,,,,168,AUTOMATED
3873,2026-05-08 05:43:51.000,2026-05-08 19:43:51.000,Flash sale today only. Use your points for extra savings.,343,,,,72,CUSTOM
3874,2026-05-08 12:43:51.000,2026-05-08 19:43:51.000,Flash sale today only. Use your points for extra savings.,343,,,1199,24,AUTOMATED
3875,2026-05-07 09:43:51.000,2026-05-08 19:43:51.000,You have a reward waiting for you. Claim it now!,344,1030,,,168,CUSTOM
3876,2026-05-07 18:43:51.000,2026-05-08 19:43:51.000,Flash sale today only. Use your points for extra savings.,344,,,,72,AUTOMATED
3877,2026-05-07 18:43:51.000,2026-05-08 19:43:51.000,New products just arrived. Be the first to check them out.,344,,,1203,168,CUSTOM
3878,2026-05-07 02:43:51.000,2026-05-08 19:43:51.000,You have a reward waiting for you. Claim it now!,344,,,,24,CUSTOM
3879,2026-05-08 16:43:51.000,2026-05-08 19:43:51.000,Flash sale today only. Use your points for extra savings.,344,,,,168,AUTOMATED
3880,2026-05-07 14:43:51.000,2026-05-08 19:43:51.000,You are 50 points away from your next reward!,344,1030,,,168,AUTOMATED
3881,2026-05-07 02:43:51.000,2026-05-08 19:43:51.000,New products just arrived. Be the first to check them out.,344,,,,48,AUTOMATED
3882,2026-05-07 18:43:51.000,2026-05-08 19:43:51.000,Happy birthday! Enjoy your special gift from us.,344,,,,24,CUSTOM
3883,2026-05-08 13:43:51.000,2026-05-08 19:43:51.000,You have a reward waiting for you. Claim it now!,344,,,,72,CUSTOM
3884,2026-05-08 03:43:51.000,2026-05-08 19:43:51.000,Flash sale today only. Use your points for extra savings.,344,,,,72,AUTOMATED
3885,2026-05-08 01:43:51.000,2026-05-08 19:43:51.000,You are 50 points away from your next reward!,344,,,,168,CUSTOM
3886,2026-05-08 17:43:51.000,2026-05-08 19:43:51.000,You are 50 points away from your next reward!,344,,,1202,24,CUSTOM
3887,2026-05-07 14:43:51.000,2026-05-08 19:43:51.000,We miss you! Come back and earn double points this week.,344,,,,24,CUSTOM
3888,2026-05-07 09:43:51.000,2026-05-08 19:43:51.000,You are 50 points away from your next reward!,344,,,1202,168,CUSTOM
3889,2026-05-08 17:43:51.000,2026-05-08 19:43:51.000,Bring a friend and both of you earn bonus points.,344,,,,168,AUTOMATED
3890,2026-05-07 04:43:51.000,2026-05-08 19:43:51.000,Flash sale today only. Use your points for extra savings.,344,,,,24,CUSTOM
3891,2026-05-07 16:43:51.000,2026-05-08 19:43:51.000,You have a reward waiting for you. Claim it now!,344,,,1201,72,AUTOMATED
3892,2026-05-07 22:43:51.000,2026-05-08 19:43:51.000,You are 50 points away from your next reward!,344,,,,24,CUSTOM
3893,2026-05-07 18:43:51.000,2026-05-08 19:43:51.000,Happy birthday! Enjoy your special gift from us.,344,,,1204,24,AUTOMATED
3894,2026-05-07 22:43:51.000,2026-05-08 19:43:51.000,Your loyalty card has a new benefit. Tap to discover.,344,,,,24,AUTOMATED
3895,2026-05-08 02:43:51.000,2026-05-08 19:43:51.000,New products just arrived. Be the first to check them out.,344,1032,,,48,AUTOMATED
3896,2026-05-08 14:43:51.000,2026-05-08 19:43:51.000,New products just arrived. Be the first to check them out.,344,1031,,,48,CUSTOM
3897,2026-05-07 02:43:51.000,2026-05-08 19:43:51.000,Your loyalty card has a new benefit. Tap to discover.,344,1032,,,72,CUSTOM
3898,2026-05-07 15:43:51.000,2026-05-08 19:43:51.000,Happy birthday! Enjoy your special gift from us.,344,,,1201,168,CUSTOM
3899,2026-05-08 18:43:51.000,2026-05-08 19:43:51.000,Bring a friend and both of you earn bonus points.,344,,,,168,AUTOMATED
3900,2026-05-08 08:43:51.000,2026-05-08 19:43:51.000,Your loyalty card has a new benefit. Tap to discover.,344,,,1202,168,AUTOMATED
3901,2026-05-08 05:43:51.000,2026-05-08 19:43:51.000,Your loyalty card has a new benefit. Tap to discover.,344,1030,,,72,AUTOMATED
3902,2026-05-07 09:43:51.000,2026-05-08 19:43:51.000,You are 50 points away from your next reward!,344,,,1202,168,CUSTOM
3903,2026-05-07 15:43:51.000,2026-05-08 19:43:51.000,We miss you! Come back and earn double points this week.,345,1035,,,168,AUTOMATED
3904,2026-05-08 09:43:51.000,2026-05-08 19:43:51.000,New products just arrived. Be the first to check them out.,345,1033,,1207,24,AUTOMATED
3905,2026-05-08 17:43:51.000,2026-05-08 19:43:51.000,Bring a friend and both of you earn bonus points.,345,1034,,1206,48,CUSTOM
3906,2026-05-07 19:43:51.000,2026-05-08 19:43:51.000,You are 50 points away from your next reward!,346,,,,48,AUTOMATED
3907,2026-05-08 03:43:51.000,2026-05-08 19:43:51.000,Flash sale today only. Use your points for extra savings.,346,1036,,,24,AUTOMATED
3908,2026-05-08 09:43:51.000,2026-05-08 19:43:51.000,You have a reward waiting for you. Claim it now!,346,1038,,1212,168,AUTOMATED
3909,2026-05-08 14:43:51.000,2026-05-08 19:43:51.000,Happy birthday! Enjoy your special gift from us.,347,,,1216,168,CUSTOM
3910,2026-05-08 04:43:51.000,2026-05-08 19:43:51.000,New products just arrived. Be the first to check them out.,347,,,1216,72,CUSTOM
3911,2026-05-07 09:43:51.000,2026-05-08 19:43:51.000,Happy birthday! Enjoy your special gift from us.,347,1039,,,48,CUSTOM
3912,2026-05-07 02:43:51.000,2026-05-08 19:43:51.000,Flash sale today only. Use your points for extra savings.,347,,,,72,AUTOMATED
3913,2026-05-08 03:43:51.000,2026-05-08 19:43:51.000,Your loyalty card has a new benefit. Tap to discover.,348,1042,,,48,AUTOMATED
3914,2026-05-07 22:43:51.000,2026-05-08 19:43:51.000,Flash sale today only. Use your points for extra savings.,348,1044,,1220,24,CUSTOM
3915,2026-05-06 21:43:51.000,2026-05-08 19:43:51.000,Happy birthday! Enjoy your special gift from us.,348,1043,,1219,168,AUTOMATED
3916,2026-05-07 15:43:51.000,2026-05-08 19:43:51.000,Happy birthday! Enjoy your special gift from us.,348,,,,168,CUSTOM
3917,2026-05-07 19:43:51.000,2026-05-08 19:43:51.000,New products just arrived. Be the first to check them out.,348,1043,,,72,AUTOMATED
3918,2026-05-07 04:43:51.000,2026-05-08 19:43:51.000,We miss you! Come back and earn double points this week.,348,,,,72,AUTOMATED
3919,2026-05-08 00:43:51.000,2026-05-08 19:43:51.000,Happy birthday! Enjoy your special gift from us.,348,1042,,,24,AUTOMATED
3920,2026-05-08 16:43:51.000,2026-05-08 19:43:51.000,Happy birthday! Enjoy your special gift from us.,348,1043,,1220,24,CUSTOM
3921,2026-05-06 19:43:51.000,2026-05-08 19:43:51.000,Flash sale today only. Use your points for extra savings.,348,1042,,1219,24,AUTOMATED
3922,2026-05-08 14:43:51.000,2026-05-08 19:43:51.000,Bring a friend and both of you earn bonus points.,348,,,,72,AUTOMATED
3923,2026-05-06 21:43:51.000,2026-05-08 19:43:51.000,Flash sale today only. Use your points for extra savings.,348,1044,,,48,CUSTOM
3924,2026-05-07 15:43:51.000,2026-05-08 19:43:51.000,Bring a friend and both of you earn bonus points.,348,,,1221,168,CUSTOM
3925,2026-05-06 22:43:51.000,2026-05-08 19:43:51.000,Bring a friend and both of you earn bonus points.,348,1042,,,24,CUSTOM
3926,2026-05-07 18:43:51.000,2026-05-08 19:43:51.000,You are 50 points away from your next reward!,348,,,,168,CUSTOM
3927,2026-05-06 23:43:51.000,2026-05-08 19:43:51.000,Your loyalty card has a new benefit. Tap to discover.,348,1043,,,168,AUTOMATED
3928,2026-05-07 14:43:51.000,2026-05-08 19:43:51.000,You have a reward waiting for you. Claim it now!,348,1042,,,168,AUTOMATED
3929,2026-05-06 20:43:51.000,2026-05-08 19:43:51.000,You have a reward waiting for you. Claim it now!,348,1044,,,168,CUSTOM
3930,2026-05-08 10:43:51.000,2026-05-08 19:43:51.000,Happy birthday! Enjoy your special gift from us.,348,,,,48,CUSTOM
3931,2026-05-06 22:43:51.000,2026-05-08 19:43:51.000,Your loyalty card has a new benefit. Tap to discover.,348,,,1221,72,CUSTOM
3932,2026-05-08 01:43:51.000,2026-05-08 19:43:51.000,New products just arrived. Be the first to check them out.,348,1044,,1220,72,AUTOMATED
3933,2026-05-07 11:43:51.000,2026-05-08 19:43:51.000,Your loyalty card has a new benefit. Tap to discover.,348,,,1221,168,AUTOMATED
3934,2026-05-08 12:43:51.000,2026-05-08 19:43:51.000,Flash sale today only. Use your points for extra savings.,348,,,,48,CUSTOM
3935,2026-05-07 22:43:51.000,2026-05-08 19:43:51.000,Bring a friend and both of you earn bonus points.,348,,,,72,CUSTOM
3936,2026-05-07 16:43:51.000,2026-05-08 19:43:51.000,Happy birthday! Enjoy your special gift from us.,348,,,,168,AUTOMATED
3937,2026-05-07 09:43:51.000,2026-05-08 19:43:51.000,Happy birthday! Enjoy your special gift from us.,348,,,,72,CUSTOM
3938,2026-05-08 17:43:51.000,2026-05-08 19:43:51.000,Flash sale today only. Use your points for extra savings.,348,1043,,,24,AUTOMATED
3939,2026-05-07 12:43:51.000,2026-05-08 19:43:51.000,Bring a friend and both of you earn bonus points.,349,,,,72,CUSTOM
3940,2026-05-08 06:43:51.000,2026-05-08 19:43:51.000,Bring a friend and both of you earn bonus points.,349,1047,,,168,CUSTOM
3941,2026-05-08 07:43:51.000,2026-05-08 19:43:51.000,New products just arrived. Be the first to check them out.,349,,,1225,72,CUSTOM
3942,2026-05-08 01:43:51.000,2026-05-08 19:43:51.000,Flash sale today only. Use your points for extra savings.,349,,,1224,24,CUSTOM
3943,2026-05-07 01:43:51.000,2026-05-08 19:43:51.000,Flash sale today only. Use your points for extra savings.,349,1046,,,48,CUSTOM
3944,2026-05-07 10:43:51.000,2026-05-08 19:43:51.000,We miss you! Come back and earn double points this week.,350,1049,,,168,CUSTOM
3945,2026-05-08 01:43:51.000,2026-05-08 19:43:51.000,Bring a friend and both of you earn bonus points.,350,,,1228,48,CUSTOM
3946,2026-05-08 18:43:51.000,2026-05-08 19:43:51.000,You have a reward waiting for you. Claim it now!,350,,,1226,48,CUSTOM
3947,2026-05-07 11:43:51.000,2026-05-08 19:43:51.000,Your loyalty card has a new benefit. Tap to discover.,350,1050,,1229,48,CUSTOM
3948,2026-05-08 11:43:51.000,2026-05-08 19:43:51.000,Bring a friend and both of you earn bonus points.,350,,,1226,24,CUSTOM
3949,2026-05-07 01:43:51.000,2026-05-08 19:43:51.000,Happy birthday! Enjoy your special gift from us.,350,1048,,,72,AUTOMATED
3950,2026-05-07 17:43:51.000,2026-05-08 19:43:51.000,Happy birthday! Enjoy your special gift from us.,350,,,,24,AUTOMATED
3951,2026-05-08 05:43:51.000,2026-05-08 19:43:51.000,You have a reward waiting for you. Claim it now!,350,,,1228,168,CUSTOM
3952,2026-05-07 07:43:51.000,2026-05-08 19:43:51.000,We miss you! Come back and earn double points this week.,350,1049,,1227,168,AUTOMATED
3953,2026-05-07 09:43:51.000,2026-05-08 19:43:51.000,You are 50 points away from your next reward!,350,1049,,1227,48,CUSTOM
3954,2026-05-07 13:43:51.000,2026-05-08 19:43:51.000,Flash sale today only. Use your points for extra savings.,351,,,,48,AUTOMATED
3955,2026-05-06 20:43:51.000,2026-05-08 19:43:51.000,Your loyalty card has a new benefit. Tap to discover.,351,,,1230,168,AUTOMATED
3956,2026-05-07 18:43:51.000,2026-05-08 19:43:51.000,You are 50 points away from your next reward!,351,,,1234,48,AUTOMATED
3957,2026-05-08 03:43:51.000,2026-05-08 19:43:51.000,You have a reward waiting for you. Claim it now!,352,,,,72,CUSTOM
3958,2026-05-08 14:43:51.000,2026-05-08 19:43:51.000,Flash sale today only. Use your points for extra savings.,352,1054,,,72,CUSTOM
3959,2026-05-08 15:43:51.000,2026-05-08 19:43:51.000,You have a reward waiting for you. Claim it now!,352,,,,48,CUSTOM
3960,2026-05-08 18:43:51.000,2026-05-08 19:43:51.000,You are 50 points away from your next reward!,352,,,,24,AUTOMATED
3961,2026-05-07 19:43:51.000,2026-05-08 19:43:51.000,Your loyalty card has a new benefit. Tap to discover.,352,,,,24,CUSTOM
3962,2026-05-07 11:43:51.000,2026-05-08 19:43:51.000,Your loyalty card has a new benefit. Tap to discover.,352,1054,,,48,CUSTOM
3963,2026-05-07 16:43:51.000,2026-05-08 19:43:51.000,Flash sale today only. Use your points for extra savings.,353,,,,168,AUTOMATED
3964,2026-05-07 14:43:51.000,2026-05-08 19:43:51.000,We miss you! Come back and earn double points this week.,353,1057,,1241,72,AUTOMATED
3965,2026-05-07 03:43:51.000,2026-05-08 19:43:51.000,You are 50 points away from your next reward!,353,1058,,,168,CUSTOM
3966,2026-05-08 09:43:51.000,2026-05-08 19:43:51.000,Bring a friend and both of you earn bonus points.,353,1057,,,168,CUSTOM
3967,2026-05-08 10:43:51.000,2026-05-08 19:43:51.000,You are 50 points away from your next reward!,353,,,,168,CUSTOM
3968,2026-05-07 22:43:51.000,2026-05-08 19:43:51.000,Flash sale today only. Use your points for extra savings.,353,1059,,,72,CUSTOM
3969,2026-05-08 15:43:51.000,2026-05-08 19:43:51.000,Bring a friend and both of you earn bonus points.,353,,,,48,CUSTOM
3970,2026-05-07 22:43:51.000,2026-05-08 19:43:51.000,You have a reward waiting for you. Claim it now!,353,,,,48,AUTOMATED
3971,2026-05-06 23:43:51.000,2026-05-08 19:43:51.000,Flash sale today only. Use your points for extra savings.,354,1062,,1243,72,CUSTOM
3972,2026-05-08 07:43:51.000,2026-05-08 19:43:51.000,We miss you! Come back and earn double points this week.,354,,,,48,CUSTOM
3973,2026-05-07 08:43:51.000,2026-05-08 19:43:51.000,You have a reward waiting for you. Claim it now!,354,,,,24,CUSTOM
3974,2026-05-07 08:43:51.000,2026-05-08 19:43:51.000,Bring a friend and both of you earn bonus points.,354,,,1242,48,AUTOMATED
3975,2026-05-08 18:43:51.000,2026-05-08 19:43:51.000,New products just arrived. Be the first to check them out.,354,1062,,1243,72,AUTOMATED
3976,2026-05-08 01:43:51.000,2026-05-08 19:43:51.000,You have a reward waiting for you. Claim it now!,354,,,,72,AUTOMATED
3977,2026-05-08 02:43:51.000,2026-05-08 19:43:51.000,Bring a friend and both of you earn bonus points.,354,,,1243,48,AUTOMATED
3978,2026-05-08 02:43:51.000,2026-05-08 19:43:51.000,Flash sale today only. Use your points for extra savings.,354,,,,48,AUTOMATED
3979,2026-05-08 05:43:51.000,2026-05-08 19:43:51.000,Bring a friend and both of you earn bonus points.,354,1061,,,48,CUSTOM
3980,2026-05-08 09:43:51.000,2026-05-08 19:43:51.000,Flash sale today only. Use your points for extra savings.,354,,,,24,AUTOMATED
3981,2026-05-08 06:43:51.000,2026-05-08 19:43:51.000,Happy birthday! Enjoy your special gift from us.,355,,,1247,24,CUSTOM
3982,2026-05-08 02:43:51.000,2026-05-08 19:43:51.000,New products just arrived. Be the first to check them out.,355,1065,,,168,CUSTOM
3983,2026-05-08 05:43:51.000,2026-05-08 19:43:51.000,Happy birthday! Enjoy your special gift from us.,355,1063,,,72,CUSTOM
3984,2026-05-08 13:43:51.000,2026-05-08 19:43:51.000,Happy birthday! Enjoy your special gift from us.,355,1065,,1245,48,AUTOMATED
3985,2026-05-07 14:43:51.000,2026-05-08 19:43:51.000,We miss you! Come back and earn double points this week.,355,,,,168,AUTOMATED
3986,2026-05-07 13:43:51.000,2026-05-08 19:43:51.000,We miss you! Come back and earn double points this week.,355,,,,24,CUSTOM
3987,2026-05-06 19:43:51.000,2026-05-08 19:43:51.000,Bring a friend and both of you earn bonus points.,355,,,1247,48,CUSTOM
3988,2026-05-07 17:43:51.000,2026-05-08 19:43:51.000,New products just arrived. Be the first to check them out.,355,1063,,,168,CUSTOM
3989,2026-05-08 10:43:51.000,2026-05-08 19:43:51.000,Your loyalty card has a new benefit. Tap to discover.,355,,,,72,CUSTOM
3990,2026-05-06 23:43:51.000,2026-05-08 19:43:51.000,Your loyalty card has a new benefit. Tap to discover.,355,,,,168,AUTOMATED
3991,2026-05-07 14:43:51.000,2026-05-08 19:43:51.000,We miss you! Come back and earn double points this week.,355,1064,,,48,AUTOMATED
3992,2026-05-06 22:43:51.000,2026-05-08 19:43:51.000,Your loyalty card has a new benefit. Tap to discover.,355,1063,,,168,AUTOMATED
3993,2026-05-06 22:43:51.000,2026-05-08 19:43:51.000,You are 50 points away from your next reward!,355,1063,,,48,CUSTOM
3994,2026-05-08 09:43:51.000,2026-05-08 19:43:51.000,New products just arrived. Be the first to check them out.,355,,,,48,AUTOMATED
3995,2026-05-08 09:43:51.000,2026-05-08 19:43:51.000,Happy birthday! Enjoy your special gift from us.,355,,,1246,168,CUSTOM
3996,2026-05-07 06:43:51.000,2026-05-08 19:43:51.000,We miss you! Come back and earn double points this week.,356,,,,48,CUSTOM
3997,2026-05-06 22:43:51.000,2026-05-08 19:43:51.000,Flash sale today only. Use your points for extra savings.,356,,,1251,48,AUTOMATED
3998,2026-05-06 23:43:51.000,2026-05-08 19:43:51.000,Your loyalty card has a new benefit. Tap to discover.,356,,,1250,48,AUTOMATED
3999,2026-05-08 15:43:51.000,2026-05-08 19:43:51.000,Happy birthday! Enjoy your special gift from us.,356,,,,72,CUSTOM
4000,2026-05-07 10:43:51.000,2026-05-08 19:43:51.000,Flash sale today only. Use your points for extra savings.,356,1068,,,72,AUTOMATED
4001,2026-05-08 15:43:51.000,2026-05-08 19:43:51.000,We miss you! Come back and earn double points this week.,356,,,,72,CUSTOM
4002,2026-05-07 22:43:51.000,2026-05-08 19:43:51.000,Your loyalty card has a new benefit. Tap to discover.,356,,,,168,CUSTOM
4003,2026-05-08 10:43:51.000,2026-05-08 19:43:51.000,Flash sale today only. Use your points for extra savings.,356,1068,,,168,AUTOMATED
4004,2026-05-07 04:43:51.000,2026-05-08 19:43:51.000,Bring a friend and both of you earn bonus points.,357,,,1252,72,CUSTOM
4005,2026-05-07 16:43:51.000,2026-05-08 19:43:51.000,New products just arrived. Be the first to check them out.,357,,,,72,CUSTOM
4006,2026-05-06 21:43:51.000,2026-05-08 19:43:51.000,Happy birthday! Enjoy your special gift from us.,357,1069,,,24,CUSTOM
4007,2026-05-08 01:43:51.000,2026-05-08 19:43:51.000,New products just arrived. Be the first to check them out.,357,1069,,1253,24,AUTOMATED
4008,2026-05-08 00:43:51.000,2026-05-08 19:43:51.000,New products just arrived. Be the first to check them out.,357,1069,,1252,72,AUTOMATED
4009,2026-05-06 23:43:51.000,2026-05-08 19:43:51.000,You are 50 points away from your next reward!,357,1071,,,168,CUSTOM
4010,2026-05-08 13:43:51.000,2026-05-08 19:43:51.000,You are 50 points away from your next reward!,357,,,,48,AUTOMATED
4011,2026-05-08 03:43:51.000,2026-05-08 19:43:51.000,Bring a friend and both of you earn bonus points.,357,1071,,,72,CUSTOM
4012,2026-05-06 20:43:51.000,2026-05-08 19:43:51.000,You have a reward waiting for you. Claim it now!,357,,,1252,48,CUSTOM
4013,2026-05-08 03:43:51.000,2026-05-08 19:43:51.000,Bring a friend and both of you earn bonus points.,357,1071,,,168,CUSTOM
4014,2026-05-08 05:43:51.000,2026-05-08 19:43:51.000,We miss you! Come back and earn double points this week.,357,,,1252,24,AUTOMATED
4015,2026-05-07 23:43:51.000,2026-05-08 19:43:51.000,Happy birthday! Enjoy your special gift from us.,357,,,,24,CUSTOM
4016,2026-05-07 11:43:51.000,2026-05-08 19:43:51.000,You have a reward waiting for you. Claim it now!,357,,,,24,AUTOMATED
4017,2026-05-08 10:43:51.000,2026-05-08 19:43:51.000,Your loyalty card has a new benefit. Tap to discover.,357,1069,,1255,48,AUTOMATED
4018,2026-05-08 07:43:51.000,2026-05-08 19:43:51.000,You are 50 points away from your next reward!,357,,,,48,AUTOMATED
4019,2026-05-06 20:43:51.000,2026-05-08 19:43:51.000,You have a reward waiting for you. Claim it now!,357,1069,,,48,AUTOMATED
4020,2026-05-08 04:43:51.000,2026-05-08 19:43:51.000,Bring a friend and both of you earn bonus points.,357,,,,48,CUSTOM
4021,2026-05-08 03:43:51.000,2026-05-08 19:43:51.000,We miss you! Come back and earn double points this week.,357,1071,,,168,CUSTOM
4022,2026-05-08 03:43:51.000,2026-05-08 19:43:51.000,You are 50 points away from your next reward!,357,1071,,,168,CUSTOM
4023,2026-05-06 20:43:51.000,2026-05-08 19:43:51.000,We miss you! Come back and earn double points this week.,357,1069,,,72,AUTOMATED
4024,2026-05-07 12:43:51.000,2026-05-08 19:43:51.000,Your loyalty card has a new benefit. Tap to discover.,357,1070,,1256,24,AUTOMATED
4025,2026-05-08 09:43:51.000,2026-05-08 19:43:51.000,Flash sale today only. Use your points for extra savings.,357,,,,24,AUTOMATED
4026,2026-05-08 03:43:51.000,2026-05-08 19:43:51.000,Bring a friend and both of you earn bonus points.,357,,,,24,CUSTOM
4027,2026-05-08 08:43:51.000,2026-05-08 19:43:51.000,Flash sale today only. Use your points for extra savings.,358,,,,168,AUTOMATED
4028,2026-05-07 10:43:51.000,2026-05-08 19:43:51.000,You are 50 points away from your next reward!,358,,,,168,CUSTOM
4029,2026-05-07 14:43:51.000,2026-05-08 19:43:51.000,You are 50 points away from your next reward!,358,1072,,1257,24,AUTOMATED
4030,2026-05-08 03:43:51.000,2026-05-08 19:43:51.000,New products just arrived. Be the first to check them out.,358,,,1258,48,AUTOMATED
4031,2026-05-07 19:43:51.000,2026-05-08 19:43:51.000,We miss you! Come back and earn double points this week.,358,,,,24,AUTOMATED
4032,2026-05-07 05:43:51.000,2026-05-08 19:43:51.000,You are 50 points away from your next reward!,358,1073,,,48,CUSTOM
4033,2026-05-08 14:43:51.000,2026-05-08 19:43:51.000,New products just arrived. Be the first to check them out.,358,,,,24,CUSTOM
4034,2026-05-08 09:43:51.000,2026-05-08 19:43:51.000,We miss you! Come back and earn double points this week.,358,,,,48,AUTOMATED
4035,2026-05-08 11:43:51.000,2026-05-08 19:43:51.000,Your loyalty card has a new benefit. Tap to discover.,358,,,,24,CUSTOM
4036,2026-05-07 14:43:51.000,2026-05-08 19:43:51.000,New products just arrived. Be the first to check them out.,358,1074,,,24,CUSTOM
4037,2026-05-08 04:43:51.000,2026-05-08 19:43:51.000,Flash sale today only. Use your points for extra savings.,358,,,,168,AUTOMATED
4038,2026-05-07 00:43:51.000,2026-05-08 19:43:51.000,Happy birthday! Enjoy your special gift from us.,358,,,,168,CUSTOM
4039,2026-05-08 06:43:51.000,2026-05-08 19:43:51.000,New products just arrived. Be the first to check them out.,358,,,1259,72,AUTOMATED
4040,2026-05-07 18:43:51.000,2026-05-08 19:43:51.000,You have a reward waiting for you. Claim it now!,358,1072,,,72,AUTOMATED
4041,2026-05-08 02:43:51.000,2026-05-08 19:43:51.000,You have a reward waiting for you. Claim it now!,359,,,1261,24,AUTOMATED
4042,2026-05-08 13:43:51.000,2026-05-08 19:43:51.000,Your loyalty card has a new benefit. Tap to discover.,359,1076,,,168,AUTOMATED
4043,2026-05-08 01:43:51.000,2026-05-08 19:43:51.000,Happy birthday! Enjoy your special gift from us.,359,1077,,,168,AUTOMATED
4044,2026-05-08 07:43:51.000,2026-05-08 19:43:51.000,We miss you! Come back and earn double points this week.,359,,,,168,CUSTOM
4045,2026-05-08 06:43:51.000,2026-05-08 19:43:51.000,Flash sale today only. Use your points for extra savings.,359,,,,72,CUSTOM
4046,2026-05-08 08:43:51.000,2026-05-08 19:43:51.000,Happy birthday! Enjoy your special gift from us.,360,,,1262,24,AUTOMATED
4047,2026-05-08 04:43:51.000,2026-05-08 19:43:51.000,We miss you! Come back and earn double points this week.,360,1078,,,24,AUTOMATED
4048,2026-05-07 16:43:51.000,2026-05-08 19:43:51.000,Bring a friend and both of you earn bonus points.,360,1080,,,168,CUSTOM
4049,2026-05-06 19:43:51.000,2026-05-08 19:43:51.000,Bring a friend and both of you earn bonus points.,360,1078,,,48,AUTOMATED
4050,2026-05-07 11:43:51.000,2026-05-08 19:43:51.000,Happy birthday! Enjoy your special gift from us.,360,1078,,,24,AUTOMATED
4051,2026-05-06 20:43:51.000,2026-05-08 19:43:51.000,Bring a friend and both of you earn bonus points.,360,,,1263,24,AUTOMATED
4052,2026-05-08 00:43:51.000,2026-05-08 19:43:51.000,New products just arrived. Be the first to check them out.,360,,,,48,AUTOMATED
4053,2026-05-07 20:43:51.000,2026-05-08 19:43:51.000,Flash sale today only. Use your points for extra savings.,360,,,1262,48,CUSTOM
4054,2026-05-07 20:43:51.000,2026-05-08 19:43:51.000,We miss you! Come back and earn double points this week.,361,,,1264,168,AUTOMATED
4055,2026-05-08 10:43:51.000,2026-05-08 19:43:51.000,Bring a friend and both of you earn bonus points.,361,,,,24,AUTOMATED
4056,2026-05-08 14:43:51.000,2026-05-08 19:43:51.000,Flash sale today only. Use your points for extra savings.,361,1083,,,72,AUTOMATED
4057,2026-05-07 23:43:51.000,2026-05-08 19:43:51.000,Bring a friend and both of you earn bonus points.,362,,,,24,CUSTOM
4058,2026-05-07 05:43:51.000,2026-05-08 19:43:51.000,Flash sale today only. Use your points for extra savings.,362,1086,,,72,AUTOMATED
4059,2026-05-07 22:43:51.000,2026-05-08 19:43:51.000,New products just arrived. Be the first to check them out.,362,1086,,,72,CUSTOM
4060,2026-05-08 15:43:51.000,2026-05-08 19:43:51.000,New products just arrived. Be the first to check them out.,362,,,,168,CUSTOM
4061,2026-05-08 08:43:51.000,2026-05-08 19:43:51.000,Flash sale today only. Use your points for extra savings.,362,,,,48,CUSTOM
4062,2026-05-08 01:43:51.000,2026-05-08 19:43:51.000,You are 50 points away from your next reward!,362,1084,,,72,AUTOMATED
4063,2026-05-08 15:43:51.000,2026-05-08 19:43:51.000,You are 50 points away from your next reward!,362,1084,,,24,AUTOMATED
4064,2026-05-08 02:43:51.000,2026-05-08 19:43:51.000,Flash sale today only. Use your points for extra savings.,362,1085,,1268,72,AUTOMATED
4065,2026-05-07 19:43:51.000,2026-05-08 19:43:51.000,We miss you! Come back and earn double points this week.,362,,,,72,AUTOMATED
4066,2026-05-08 12:43:51.000,2026-05-08 19:43:51.000,Flash sale today only. Use your points for extra savings.,362,,,1267,48,AUTOMATED
4067,2026-05-08 10:43:51.000,2026-05-08 19:43:51.000,Bring a friend and both of you earn bonus points.,363,,,,168,CUSTOM
4068,2026-05-07 01:43:51.000,2026-05-08 19:43:51.000,Bring a friend and both of you earn bonus points.,363,,,1272,168,AUTOMATED
4069,2026-05-08 02:43:51.000,2026-05-08 19:43:51.000,Bring a friend and both of you earn bonus points.,363,1087,,,48,CUSTOM
4070,2026-05-07 21:43:51.000,2026-05-08 19:43:51.000,Happy birthday! Enjoy your special gift from us.,363,1088,,1271,168,CUSTOM
4071,2026-05-07 00:43:51.000,2026-05-08 19:43:51.000,You are 50 points away from your next reward!,363,,,,72,AUTOMATED
4072,2026-05-08 17:43:51.000,2026-05-08 19:43:51.000,We miss you! Come back and earn double points this week.,363,,,1270,48,CUSTOM
4073,2026-05-08 10:43:51.000,2026-05-08 19:43:51.000,Happy birthday! Enjoy your special gift from us.,364,,,1276,24,AUTOMATED
4074,2026-05-08 11:43:51.000,2026-05-08 19:43:51.000,New products just arrived. Be the first to check them out.,364,,,1276,72,AUTOMATED
4075,2026-05-07 14:43:51.000,2026-05-08 19:43:51.000,Happy birthday! Enjoy your special gift from us.,364,1090,,,168,CUSTOM
4076,2026-05-07 01:43:51.000,2026-05-08 19:43:51.000,You are 50 points away from your next reward!,364,,,1276,72,AUTOMATED
4077,2026-05-07 06:43:51.000,2026-05-08 19:43:51.000,New products just arrived. Be the first to check them out.,364,,,,72,AUTOMATED
4078,2026-05-07 21:43:51.000,2026-05-08 19:43:51.000,Bring a friend and both of you earn bonus points.,364,,,,24,CUSTOM
4079,2026-05-07 22:43:51.000,2026-05-08 19:43:51.000,We miss you! Come back and earn double points this week.,364,1091,,1276,72,AUTOMATED
4080,2026-05-06 19:43:51.000,2026-05-08 19:43:51.000,New products just arrived. Be the first to check them out.,365,,,1280,168,CUSTOM
4081,2026-05-07 12:43:51.000,2026-05-08 19:43:51.000,New products just arrived. Be the first to check them out.,365,1095,,,24,CUSTOM
4082,2026-05-08 12:43:51.000,2026-05-08 19:43:51.000,New products just arrived. Be the first to check them out.,365,1094,,1283,72,CUSTOM
4083,2026-05-08 08:43:51.000,2026-05-08 19:43:51.000,You are 50 points away from your next reward!,365,,,,72,CUSTOM
4084,2026-05-07 06:43:51.000,2026-05-08 19:43:51.000,Your loyalty card has a new benefit. Tap to discover.,365,1095,,1279,24,AUTOMATED
4085,2026-05-08 04:43:51.000,2026-05-08 19:43:51.000,Your loyalty card has a new benefit. Tap to discover.,365,1093,,,168,CUSTOM
4086,2026-05-07 03:43:51.000,2026-05-08 19:43:51.000,Happy birthday! Enjoy your special gift from us.,366,1096,,,24,CUSTOM
4087,2026-05-07 00:43:51.000,2026-05-08 19:43:51.000,Happy birthday! Enjoy your special gift from us.,366,,,,48,CUSTOM
4088,2026-05-06 21:43:51.000,2026-05-08 19:43:51.000,We miss you! Come back and earn double points this week.,366,,,1286,48,CUSTOM
4089,2026-05-07 13:43:51.000,2026-05-08 19:43:51.000,New products just arrived. Be the first to check them out.,366,,,1284,24,CUSTOM
4090,2026-05-07 05:43:51.000,2026-05-08 19:43:51.000,Happy birthday! Enjoy your special gift from us.,367,,,1288,24,CUSTOM
4091,2026-05-07 19:43:51.000,2026-05-08 19:43:51.000,Bring a friend and both of you earn bonus points.,367,1101,,,168,CUSTOM
4092,2026-05-08 07:43:51.000,2026-05-08 19:43:51.000,New products just arrived. Be the first to check them out.,367,1099,,,72,AUTOMATED
4093,2026-05-08 02:43:51.000,2026-05-08 19:43:51.000,Flash sale today only. Use your points for extra savings.,367,,,1289,72,AUTOMATED
4094,2026-05-07 16:43:51.000,2026-05-08 19:43:51.000,Bring a friend and both of you earn bonus points.,367,,,,24,CUSTOM
4095,2026-05-07 18:43:51.000,2026-05-08 19:43:51.000,New products just arrived. Be the first to check them out.,367,,,,48,CUSTOM
4096,2026-05-08 02:43:51.000,2026-05-08 19:43:51.000,New products just arrived. Be the first to check them out.,367,,,1289,48,AUTOMATED
4097,2026-05-07 21:43:51.000,2026-05-08 19:43:51.000,Bring a friend and both of you earn bonus points.,367,,,,48,AUTOMATED
4098,2026-05-08 08:43:51.000,2026-05-08 19:43:51.000,We miss you! Come back and earn double points this week.,367,1099,,,48,AUTOMATED
4099,2026-05-07 05:43:51.000,2026-05-08 19:43:51.000,New products just arrived. Be the first to check them out.,367,,,,72,AUTOMATED
4100,2026-05-07 06:43:51.000,2026-05-08 19:43:51.000,Your loyalty card has a new benefit. Tap to discover.,367,1101,,,168,CUSTOM
4101,2026-05-08 02:43:51.000,2026-05-08 19:43:51.000,Bring a friend and both of you earn bonus points.,367,1099,,,72,AUTOMATED
4102,2026-05-07 23:43:51.000,2026-05-08 19:43:51.000,Flash sale today only. Use your points for extra savings.,367,,,,72,AUTOMATED
4103,2026-05-07 12:43:51.000,2026-05-08 19:43:51.000,You are 50 points away from your next reward!,368,1103,,,168,CUSTOM
4104,2026-05-07 18:43:51.000,2026-05-08 19:43:51.000,Bring a friend and both of you earn bonus points.,368,1102,,1291,48,AUTOMATED
4105,2026-05-07 19:43:51.000,2026-05-08 19:43:51.000,Your loyalty card has a new benefit. Tap to discover.,368,1102,,1293,24,AUTOMATED
4106,2026-05-07 23:43:51.000,2026-05-08 19:43:51.000,Flash sale today only. Use your points for extra savings.,368,,,,72,AUTOMATED
4107,2026-05-07 20:43:51.000,2026-05-08 19:43:51.000,New products just arrived. Be the first to check them out.,368,,,1292,72,CUSTOM
4108,2026-05-08 01:43:51.000,2026-05-08 19:43:51.000,We miss you! Come back and earn double points this week.,368,,,1291,24,CUSTOM
4109,2026-05-07 22:43:51.000,2026-05-08 19:43:51.000,Flash sale today only. Use your points for extra savings.,368,,,,48,AUTOMATED
4110,2026-05-08 02:43:51.000,2026-05-08 19:43:51.000,You have a reward waiting for you. Claim it now!,368,,,1293,48,AUTOMATED
4111,2026-05-07 08:43:51.000,2026-05-08 19:43:51.000,Bring a friend and both of you earn bonus points.,369,1106,,1294,72,CUSTOM
4112,2026-05-08 17:43:51.000,2026-05-08 19:43:51.000,You have a reward waiting for you. Claim it now!,369,,,,168,CUSTOM
4113,2026-05-07 18:43:51.000,2026-05-08 19:43:51.000,You are 50 points away from your next reward!,369,1105,,,168,CUSTOM
4114,2026-05-06 22:43:51.000,2026-05-08 19:43:51.000,Flash sale today only. Use your points for extra savings.,369,,,1297,24,CUSTOM
4115,2026-05-07 23:43:51.000,2026-05-08 19:43:51.000,You are 50 points away from your next reward!,369,1105,,,72,CUSTOM
4116,2026-05-07 01:43:51.000,2026-05-08 19:43:51.000,You are 50 points away from your next reward!,369,,,,72,AUTOMATED
4117,2026-05-07 20:43:51.000,2026-05-08 19:43:51.000,Happy birthday! Enjoy your special gift from us.,369,,,1297,168,AUTOMATED
4118,2026-05-07 00:43:51.000,2026-05-08 19:43:51.000,You have a reward waiting for you. Claim it now!,369,,,1296,48,AUTOMATED
4119,2026-05-08 10:43:51.000,2026-05-08 19:43:51.000,New products just arrived. Be the first to check them out.,369,1107,,,168,CUSTOM
4120,2026-05-08 06:43:51.000,2026-05-08 19:43:51.000,Your loyalty card has a new benefit. Tap to discover.,369,,,,72,AUTOMATED
4121,2026-05-07 05:43:51.000,2026-05-08 19:43:51.000,You are 50 points away from your next reward!,369,1105,,1297,72,AUTOMATED
4122,2026-05-07 12:43:51.000,2026-05-08 19:43:51.000,You have a reward waiting for you. Claim it now!,369,,,,48,AUTOMATED
4123,2026-05-08 15:43:51.000,2026-05-08 19:43:51.000,Flash sale today only. Use your points for extra savings.,369,1105,,1296,24,CUSTOM
4124,2026-05-07 04:43:51.000,2026-05-08 19:43:51.000,Flash sale today only. Use your points for extra savings.,369,,,,72,CUSTOM
4125,2026-05-08 01:43:51.000,2026-05-08 19:43:51.000,New products just arrived. Be the first to check them out.,369,,,,168,AUTOMATED
4126,2026-05-08 02:43:51.000,2026-05-08 19:43:51.000,We miss you! Come back and earn double points this week.,369,1107,,1294,72,AUTOMATED
4127,2026-05-07 19:43:51.000,2026-05-08 19:43:51.000,Flash sale today only. Use your points for extra savings.,369,1105,,,24,CUSTOM
4128,2026-05-07 18:43:51.000,2026-05-08 19:43:51.000,Bring a friend and both of you earn bonus points.,369,,,1296,72,CUSTOM
4129,2026-05-07 22:43:51.000,2026-05-08 19:43:51.000,You are 50 points away from your next reward!,369,1107,,,24,AUTOMATED
4130,2026-05-07 04:43:51.000,2026-05-08 19:43:51.000,Flash sale today only. Use your points for extra savings.,369,1107,,,24,CUSTOM
4131,2026-05-08 12:43:51.000,2026-05-08 19:43:51.000,We miss you! Come back and earn double points this week.,369,1105,,,24,CUSTOM
4132,2026-05-08 09:43:51.000,2026-05-08 19:43:51.000,Flash sale today only. Use your points for extra savings.,369,,,,72,CUSTOM
4133,2026-05-06 20:43:51.000,2026-05-08 19:43:51.000,We miss you! Come back and earn double points this week.,369,,,,48,CUSTOM
4134,2026-05-08 07:43:51.000,2026-05-08 19:43:51.000,Flash sale today only. Use your points for extra savings.,369,,,,168,CUSTOM
4135,2026-05-07 22:43:51.000,2026-05-08 19:43:51.000,You have a reward waiting for you. Claim it now!,369,,,1294,48,AUTOMATED
4136,2026-05-06 22:43:51.000,2026-05-08 19:43:51.000,We miss you! Come back and earn double points this week.,369,1107,,,72,CUSTOM
4137,2026-05-07 13:43:51.000,2026-05-08 19:43:51.000,Flash sale today only. Use your points for extra savings.,369,1106,,1298,168,AUTOMATED
4138,2026-05-07 00:43:51.000,2026-05-08 19:43:51.000,Your loyalty card has a new benefit. Tap to discover.,369,1106,,1295,48,AUTOMATED
4139,2026-05-08 08:43:51.000,2026-05-08 19:43:51.000,New products just arrived. Be the first to check them out.,370,1110,,,24,AUTOMATED
4140,2026-05-07 23:43:51.000,2026-05-08 19:43:51.000,You are 50 points away from your next reward!,370,,,,24,CUSTOM
4141,2026-05-07 08:43:51.000,2026-05-08 19:43:51.000,We miss you! Come back and earn double points this week.,370,,,,24,CUSTOM
4142,2026-05-08 12:43:51.000,2026-05-08 19:43:51.000,Your loyalty card has a new benefit. Tap to discover.,370,1108,,1302,168,CUSTOM
4143,2026-05-07 02:43:51.000,2026-05-08 19:43:51.000,New products just arrived. Be the first to check them out.,370,,,,24,CUSTOM
4144,2026-05-08 07:43:51.000,2026-05-08 19:43:51.000,We miss you! Come back and earn double points this week.,370,,,,24,AUTOMATED
4145,2026-05-07 05:43:51.000,2026-05-08 19:43:51.000,Your loyalty card has a new benefit. Tap to discover.,370,,,1300,24,CUSTOM
4146,2026-05-08 18:43:51.000,2026-05-08 19:43:51.000,You are 50 points away from your next reward!,370,,,1299,168,AUTOMATED
4147,2026-05-06 19:43:51.000,2026-05-08 19:43:51.000,New products just arrived. Be the first to check them out.,370,1110,,,72,CUSTOM
4148,2026-05-06 23:43:51.000,2026-05-08 19:43:51.000,Your loyalty card has a new benefit. Tap to discover.,370,,,,24,AUTOMATED
4149,2026-05-08 16:43:51.000,2026-05-08 19:43:51.000,Your loyalty card has a new benefit. Tap to discover.,370,,,,24,AUTOMATED
4150,2026-05-07 22:43:51.000,2026-05-08 19:43:51.000,Your loyalty card has a new benefit. Tap to discover.,370,,,,48,AUTOMATED
4151,2026-05-08 09:43:51.000,2026-05-08 19:43:51.000,Flash sale today only. Use your points for extra savings.,370,1110,,1300,72,CUSTOM
4152,2026-05-06 22:43:51.000,2026-05-08 19:43:51.000,Happy birthday! Enjoy your special gift from us.,370,,,,72,AUTOMATED
4153,2026-05-06 20:43:51.000,2026-05-08 19:43:51.000,Flash sale today only. Use your points for extra savings.,370,,,,24,CUSTOM
4154,2026-05-07 11:43:51.000,2026-05-08 19:43:51.000,Happy birthday! Enjoy your special gift from us.,370,1110,,1299,24,CUSTOM
4155,2026-05-06 22:43:51.000,2026-05-08 19:43:51.000,Bring a friend and both of you earn bonus points.,370,1109,,1302,48,AUTOMATED
4156,2026-05-06 19:43:51.000,2026-05-08 19:43:51.000,Your loyalty card has a new benefit. Tap to discover.,370,1110,,1301,24,AUTOMATED
4157,2026-05-07 21:43:51.000,2026-05-08 19:43:51.000,New products just arrived. Be the first to check them out.,371,,,1303,168,CUSTOM
4158,2026-05-08 12:43:51.000,2026-05-08 19:43:51.000,New products just arrived. Be the first to check them out.,371,1111,,,24,AUTOMATED
4159,2026-05-07 23:43:51.000,2026-05-08 19:43:51.000,We miss you! Come back and earn double points this week.,371,,,1304,72,AUTOMATED
4160,2026-05-07 13:43:51.000,2026-05-08 19:43:51.000,Bring a friend and both of you earn bonus points.,371,,,,48,AUTOMATED
4161,2026-05-06 21:43:51.000,2026-05-08 19:43:51.000,You have a reward waiting for you. Claim it now!,371,1113,,,48,CUSTOM
4162,2026-05-07 14:43:51.000,2026-05-08 19:43:51.000,Flash sale today only. Use your points for extra savings.,371,1111,,1307,24,AUTOMATED
4163,2026-05-07 10:43:51.000,2026-05-08 19:43:51.000,We miss you! Come back and earn double points this week.,371,,,,72,CUSTOM
4164,2026-05-07 11:43:51.000,2026-05-08 19:43:51.000,We miss you! Come back and earn double points this week.,371,,,1304,48,AUTOMATED
4165,2026-05-08 14:43:51.000,2026-05-08 19:43:51.000,Flash sale today only. Use your points for extra savings.,372,,,,48,AUTOMATED
4166,2026-05-07 19:43:51.000,2026-05-08 19:43:51.000,You have a reward waiting for you. Claim it now!,372,1114,,,48,AUTOMATED
4167,2026-05-07 09:43:51.000,2026-05-08 19:43:51.000,Happy birthday! Enjoy your special gift from us.,372,,,,24,CUSTOM
4168,2026-05-08 03:43:51.000,2026-05-08 19:43:51.000,Your loyalty card has a new benefit. Tap to discover.,372,,,1308,48,AUTOMATED
4169,2026-05-08 04:43:51.000,2026-05-08 19:43:51.000,You are 50 points away from your next reward!,372,1116,,,48,CUSTOM
4170,2026-05-08 14:43:51.000,2026-05-08 19:43:51.000,You have a reward waiting for you. Claim it now!,372,,,,24,AUTOMATED
4171,2026-05-07 00:43:51.000,2026-05-08 19:43:51.000,Bring a friend and both of you earn bonus points.,372,,,,72,AUTOMATED
4172,2026-05-08 01:43:51.000,2026-05-08 19:43:51.000,Happy birthday! Enjoy your special gift from us.,372,1114,,,48,AUTOMATED
4173,2026-05-07 04:43:51.000,2026-05-08 19:43:51.000,Flash sale today only. Use your points for extra savings.,372,1115,,,24,CUSTOM
4174,2026-05-07 23:43:51.000,2026-05-08 19:43:51.000,Bring a friend and both of you earn bonus points.,372,,,1311,72,CUSTOM
4175,2026-05-07 15:43:51.000,2026-05-08 19:43:51.000,You are 50 points away from your next reward!,372,,,,72,CUSTOM
4176,2026-05-07 07:43:51.000,2026-05-08 19:43:51.000,Bring a friend and both of you earn bonus points.,372,1116,,,24,CUSTOM
4177,2026-05-07 00:43:51.000,2026-05-08 19:43:51.000,You are 50 points away from your next reward!,372,1115,,,48,CUSTOM
4178,2026-05-08 04:43:51.000,2026-05-08 19:43:51.000,Happy birthday! Enjoy your special gift from us.,372,,,1310,72,AUTOMATED
4179,2026-05-08 03:43:51.000,2026-05-08 19:43:51.000,Flash sale today only. Use your points for extra savings.,372,,,1311,72,AUTOMATED
4180,2026-05-07 22:43:51.000,2026-05-08 19:43:51.000,Bring a friend and both of you earn bonus points.,372,1114,,,24,AUTOMATED
4181,2026-05-07 08:43:51.000,2026-05-08 19:43:51.000,Happy birthday! Enjoy your special gift from us.,372,,,,168,AUTOMATED
4182,2026-05-06 19:43:51.000,2026-05-08 19:43:51.000,You are 50 points away from your next reward!,373,1118,,,24,CUSTOM
4183,2026-05-08 18:43:51.000,2026-05-08 19:43:51.000,New products just arrived. Be the first to check them out.,373,1118,,1314,48,CUSTOM
4184,2026-05-07 00:43:51.000,2026-05-08 19:43:51.000,Flash sale today only. Use your points for extra savings.,373,1119,,,24,AUTOMATED
4185,2026-05-08 17:43:51.000,2026-05-08 19:43:51.000,Happy birthday! Enjoy your special gift from us.,373,,,1313,48,AUTOMATED
4186,2026-05-08 11:43:51.000,2026-05-08 19:43:51.000,We miss you! Come back and earn double points this week.,373,,,1315,48,CUSTOM
4187,2026-05-07 12:43:51.000,2026-05-08 19:43:51.000,We miss you! Come back and earn double points this week.,373,,,,168,AUTOMATED
4188,2026-05-07 04:43:51.000,2026-05-08 19:43:51.000,Your loyalty card has a new benefit. Tap to discover.,374,,,1318,48,CUSTOM
4189,2026-05-06 20:43:51.000,2026-05-08 19:43:51.000,We miss you! Come back and earn double points this week.,374,,,,72,CUSTOM
4190,2026-05-08 02:43:51.000,2026-05-08 19:43:51.000,New products just arrived. Be the first to check them out.,374,,,,24,CUSTOM
4191,2026-05-07 18:43:51.000,2026-05-08 19:43:51.000,Flash sale today only. Use your points for extra savings.,374,,,1317,168,CUSTOM
4192,2026-05-08 00:43:51.000,2026-05-08 19:43:51.000,Your loyalty card has a new benefit. Tap to discover.,374,,,,72,CUSTOM
4193,2026-05-08 01:43:51.000,2026-05-08 19:43:51.000,You are 50 points away from your next reward!,374,,,,48,AUTOMATED
4194,2026-05-07 19:43:51.000,2026-05-08 19:43:51.000,You have a reward waiting for you. Claim it now!,374,1122,,1320,72,CUSTOM
4195,2026-05-07 14:43:51.000,2026-05-08 19:43:51.000,Flash sale today only. Use your points for extra savings.,374,1122,,,24,AUTOMATED
4196,2026-05-06 21:43:51.000,2026-05-08 19:43:51.000,You are 50 points away from your next reward!,374,,,,168,CUSTOM
4197,2026-05-06 20:43:51.000,2026-05-08 19:43:51.000,Happy birthday! Enjoy your special gift from us.,374,1120,,,72,AUTOMATED
4198,2026-05-07 09:43:51.000,2026-05-08 19:43:51.000,Bring a friend and both of you earn bonus points.,374,1122,,,48,CUSTOM
4199,2026-05-07 10:43:51.000,2026-05-08 19:43:51.000,New products just arrived. Be the first to check them out.,374,,,,168,AUTOMATED
4200,2026-05-07 04:43:51.000,2026-05-08 19:43:51.000,Happy birthday! Enjoy your special gift from us.,374,,,1319,48,CUSTOM
4201,2026-05-08 10:43:51.000,2026-05-08 19:43:51.000,Happy birthday! Enjoy your special gift from us.,374,,,,24,CUSTOM
4202,2026-05-08 00:43:51.000,2026-05-08 19:43:51.000,You have a reward waiting for you. Claim it now!,375,,,1324,24,AUTOMATED
4203,2026-05-08 15:43:51.000,2026-05-08 19:43:51.000,You have a reward waiting for you. Claim it now!,375,,,1322,72,CUSTOM
4204,2026-05-07 17:43:51.000,2026-05-08 19:43:51.000,We miss you! Come back and earn double points this week.,375,1123,,1322,24,AUTOMATED
4205,2026-05-08 07:43:51.000,2026-05-08 19:43:51.000,Happy birthday! Enjoy your special gift from us.,375,,,1323,24,CUSTOM
4206,2026-05-08 04:43:51.000,2026-05-08 19:43:51.000,You have a reward waiting for you. Claim it now!,375,1124,,,72,CUSTOM
4207,2026-05-07 02:43:51.000,2026-05-08 19:43:51.000,Bring a friend and both of you earn bonus points.,375,1124,,,48,AUTOMATED
4208,2026-05-08 14:43:51.000,2026-05-08 19:43:51.000,You have a reward waiting for you. Claim it now!,375,1123,,1323,168,AUTOMATED
4209,2026-05-06 20:43:51.000,2026-05-08 19:43:51.000,Bring a friend and both of you earn bonus points.,376,,,,72,AUTOMATED
4210,2026-05-08 01:43:51.000,2026-05-08 19:43:51.000,New products just arrived. Be the first to check them out.,376,1128,,1328,72,AUTOMATED
4211,2026-05-07 01:43:51.000,2026-05-08 19:43:51.000,Bring a friend and both of you earn bonus points.,376,,,1328,72,CUSTOM
4212,2026-05-08 10:43:51.000,2026-05-08 19:43:51.000,New products just arrived. Be the first to check them out.,376,,,,72,AUTOMATED
4213,2026-05-07 01:43:51.000,2026-05-08 19:43:51.000,You have a reward waiting for you. Claim it now!,376,,,1326,72,AUTOMATED
4214,2026-05-07 16:43:51.000,2026-05-08 19:43:51.000,You have a reward waiting for you. Claim it now!,376,,,,48,CUSTOM
4215,2026-05-07 04:43:51.000,2026-05-08 19:43:51.000,Bring a friend and both of you earn bonus points.,376,,,1328,24,CUSTOM
4216,2026-05-08 05:43:51.000,2026-05-08 19:43:51.000,You have a reward waiting for you. Claim it now!,376,,,,24,AUTOMATED
4217,2026-05-08 01:43:51.000,2026-05-08 19:43:51.000,Flash sale today only. Use your points for extra savings.,376,,,,24,CUSTOM
4218,2026-05-08 12:43:51.000,2026-05-08 19:43:51.000,Flash sale today only. Use your points for extra savings.,376,,,,48,AUTOMATED
4219,2026-05-07 17:43:51.000,2026-05-08 19:43:51.000,You are 50 points away from your next reward!,376,1128,,,24,CUSTOM
4220,2026-05-08 10:43:51.000,2026-05-08 19:43:51.000,You are 50 points away from your next reward!,376,1127,,,48,AUTOMATED
4221,2026-05-07 20:43:51.000,2026-05-08 19:43:51.000,Happy birthday! Enjoy your special gift from us.,376,1128,,,168,AUTOMATED
4222,2026-05-06 23:43:51.000,2026-05-08 19:43:51.000,Flash sale today only. Use your points for extra savings.,376,1128,,,48,AUTOMATED
4223,2026-05-08 03:43:51.000,2026-05-08 19:43:51.000,Happy birthday! Enjoy your special gift from us.,377,,,,48,AUTOMATED
4224,2026-05-08 18:43:51.000,2026-05-08 19:43:51.000,You have a reward waiting for you. Claim it now!,377,,,1330,24,AUTOMATED
4225,2026-05-08 03:43:51.000,2026-05-08 19:43:51.000,Bring a friend and both of you earn bonus points.,377,1129,,1329,72,CUSTOM
4226,2026-05-08 18:43:51.000,2026-05-08 19:43:51.000,Flash sale today only. Use your points for extra savings.,377,1131,,,168,CUSTOM
4227,2026-05-06 22:43:51.000,2026-05-08 19:43:51.000,We miss you! Come back and earn double points this week.,377,1129,,,24,CUSTOM
4228,2026-05-07 12:43:51.000,2026-05-08 19:43:51.000,New products just arrived. Be the first to check them out.,377,,,,24,CUSTOM
4229,2026-05-08 17:43:51.000,2026-05-08 19:43:51.000,Flash sale today only. Use your points for extra savings.,377,,,,24,CUSTOM
4230,2026-05-07 13:43:51.000,2026-05-08 19:43:51.000,You have a reward waiting for you. Claim it now!,377,,,,48,AUTOMATED
4231,2026-05-07 16:43:51.000,2026-05-08 19:43:51.000,You have a reward waiting for you. Claim it now!,377,,,1329,48,CUSTOM
4232,2026-05-07 12:43:51.000,2026-05-08 19:43:51.000,Flash sale today only. Use your points for extra savings.,377,,,1329,72,AUTOMATED
4233,2026-05-06 19:43:51.000,2026-05-08 19:43:51.000,Happy birthday! Enjoy your special gift from us.,377,,,,168,CUSTOM
4234,2026-05-08 15:43:51.000,2026-05-08 19:43:51.000,Bring a friend and both of you earn bonus points.,377,,,1329,24,AUTOMATED
4235,2026-05-07 20:43:51.000,2026-05-08 19:43:51.000,Your loyalty card has a new benefit. Tap to discover.,377,1130,,,72,CUSTOM
4236,2026-05-07 10:43:51.000,2026-05-08 19:43:51.000,We miss you! Come back and earn double points this week.,377,,,1329,168,AUTOMATED
4237,2026-05-07 10:43:51.000,2026-05-08 19:43:51.000,Flash sale today only. Use your points for extra savings.,377,,,,72,AUTOMATED
4238,2026-05-07 23:43:51.000,2026-05-08 19:43:51.000,You have a reward waiting for you. Claim it now!,378,,,1332,48,CUSTOM
4239,2026-05-08 04:43:51.000,2026-05-08 19:43:51.000,New products just arrived. Be the first to check them out.,378,,,,24,AUTOMATED
4240,2026-05-07 02:43:51.000,2026-05-08 19:43:51.000,New products just arrived. Be the first to check them out.,378,1134,,,24,CUSTOM
4241,2026-05-07 08:43:51.000,2026-05-08 19:43:51.000,Flash sale today only. Use your points for extra savings.,378,1134,,1331,24,AUTOMATED
4242,2026-05-07 09:43:51.000,2026-05-08 19:43:51.000,Flash sale today only. Use your points for extra savings.,378,,,,72,AUTOMATED
4243,2026-05-08 02:43:51.000,2026-05-08 19:43:51.000,You have a reward waiting for you. Claim it now!,378,,,1331,48,CUSTOM
4244,2026-05-07 02:43:51.000,2026-05-08 19:43:51.000,Flash sale today only. Use your points for extra savings.,379,,,1337,72,CUSTOM
4245,2026-05-08 05:43:51.000,2026-05-08 19:43:51.000,You are 50 points away from your next reward!,379,,,1335,72,AUTOMATED
4246,2026-05-08 10:43:51.000,2026-05-08 19:43:51.000,Your loyalty card has a new benefit. Tap to discover.,379,1135,,,24,CUSTOM
4247,2026-05-07 07:43:51.000,2026-05-08 19:43:51.000,We miss you! Come back and earn double points this week.,379,,,,24,AUTOMATED
4248,2026-05-06 21:43:51.000,2026-05-08 19:43:51.000,Flash sale today only. Use your points for extra savings.,379,,,1334,72,CUSTOM
4249,2026-05-07 03:43:51.000,2026-05-08 19:43:51.000,Happy birthday! Enjoy your special gift from us.,379,,,,72,AUTOMATED
4250,2026-05-06 22:43:51.000,2026-05-08 19:43:51.000,You have a reward waiting for you. Claim it now!,379,,,,48,AUTOMATED
4251,2026-05-07 11:43:51.000,2026-05-08 19:43:51.000,Your loyalty card has a new benefit. Tap to discover.,379,1137,,,48,AUTOMATED
4252,2026-05-07 05:43:51.000,2026-05-08 19:43:51.000,You are 50 points away from your next reward!,379,1137,,,48,CUSTOM
4253,2026-05-08 16:43:51.000,2026-05-08 19:43:51.000,Your loyalty card has a new benefit. Tap to discover.,379,,,,72,CUSTOM
4254,2026-05-07 12:43:51.000,2026-05-08 19:43:51.000,New products just arrived. Be the first to check them out.,379,1136,,1334,168,AUTOMATED
4255,2026-05-08 10:43:51.000,2026-05-08 19:43:51.000,New products just arrived. Be the first to check them out.,380,1139,,,168,CUSTOM
4256,2026-05-07 01:43:51.000,2026-05-08 19:43:51.000,You are 50 points away from your next reward!,380,,,,72,CUSTOM
4257,2026-05-08 08:43:51.000,2026-05-08 19:43:51.000,New products just arrived. Be the first to check them out.,380,,,,168,CUSTOM
4258,2026-05-06 22:43:51.000,2026-05-08 19:43:51.000,Bring a friend and both of you earn bonus points.,381,,,1342,48,AUTOMATED
4259,2026-05-07 05:43:51.000,2026-05-08 19:43:51.000,You have a reward waiting for you. Claim it now!,381,,,1344,168,CUSTOM
4260,2026-05-07 04:43:51.000,2026-05-08 19:43:51.000,You are 50 points away from your next reward!,381,1142,,,48,CUSTOM
4261,2026-05-07 23:43:51.000,2026-05-08 19:43:51.000,Bring a friend and both of you earn bonus points.,381,1143,,1343,24,CUSTOM
4262,2026-05-08 15:43:51.000,2026-05-08 19:43:51.000,Flash sale today only. Use your points for extra savings.,381,,,,48,CUSTOM
4263,2026-05-08 15:43:51.000,2026-05-08 19:43:51.000,Flash sale today only. Use your points for extra savings.,381,,,,168,CUSTOM
4264,2026-05-08 08:43:51.000,2026-05-08 19:43:51.000,You are 50 points away from your next reward!,381,1142,,,168,CUSTOM
4265,2026-05-07 02:43:51.000,2026-05-08 19:43:51.000,You are 50 points away from your next reward!,381,1141,,,72,AUTOMATED
4266,2026-05-06 23:43:51.000,2026-05-08 19:43:51.000,You have a reward waiting for you. Claim it now!,381,1141,,1345,72,AUTOMATED
4267,2026-05-07 14:43:51.000,2026-05-08 19:43:51.000,We miss you! Come back and earn double points this week.,381,,,1345,72,AUTOMATED
4268,2026-05-07 04:43:51.000,2026-05-08 19:43:51.000,New products just arrived. Be the first to check them out.,381,,,1343,24,CUSTOM
4269,2026-05-07 20:43:51.000,2026-05-08 19:43:51.000,New products just arrived. Be the first to check them out.,381,,,1345,48,CUSTOM
4270,2026-05-06 23:43:51.000,2026-05-08 19:43:51.000,Flash sale today only. Use your points for extra savings.,381,,,,72,CUSTOM
4271,2026-05-08 07:43:51.000,2026-05-08 19:43:51.000,You have a reward waiting for you. Claim it now!,382,,,,48,AUTOMATED
4272,2026-05-08 08:43:51.000,2026-05-08 19:43:51.000,We miss you! Come back and earn double points this week.,382,1146,,1346,72,CUSTOM
4273,2026-05-07 04:43:51.000,2026-05-08 19:43:51.000,Flash sale today only. Use your points for extra savings.,382,1145,,1346,72,AUTOMATED
4274,2026-05-08 10:43:51.000,2026-05-08 19:43:51.000,We miss you! Come back and earn double points this week.,382,,,,24,CUSTOM
4275,2026-05-08 08:43:51.000,2026-05-08 19:43:51.000,Happy birthday! Enjoy your special gift from us.,382,,,,24,CUSTOM
4276,2026-05-07 13:43:51.000,2026-05-08 19:43:51.000,New products just arrived. Be the first to check them out.,382,,,,168,AUTOMATED
4277,2026-05-07 14:43:51.000,2026-05-08 19:43:51.000,Your loyalty card has a new benefit. Tap to discover.,382,,,,168,CUSTOM
4278,2026-05-06 19:43:51.000,2026-05-08 19:43:51.000,You have a reward waiting for you. Claim it now!,382,,,,48,AUTOMATED
4279,2026-05-07 05:43:51.000,2026-05-08 19:43:51.000,You have a reward waiting for you. Claim it now!,383,,,,48,AUTOMATED
4280,2026-05-07 10:43:51.000,2026-05-08 19:43:51.000,You are 50 points away from your next reward!,383,,,,24,CUSTOM
4281,2026-05-06 21:43:51.000,2026-05-08 19:43:51.000,Happy birthday! Enjoy your special gift from us.,383,,,1349,24,CUSTOM
4282,2026-05-07 03:43:51.000,2026-05-08 19:43:51.000,You have a reward waiting for you. Claim it now!,383,1147,,,168,AUTOMATED
4283,2026-05-08 16:43:51.000,2026-05-08 19:43:51.000,New products just arrived. Be the first to check them out.,384,1151,,,168,CUSTOM
4284,2026-05-08 05:43:51.000,2026-05-08 19:43:51.000,You have a reward waiting for you. Claim it now!,384,,,,72,CUSTOM
4285,2026-05-07 14:43:51.000,2026-05-08 19:43:51.000,Happy birthday! Enjoy your special gift from us.,384,1151,,,48,AUTOMATED
4286,2026-05-07 11:43:51.000,2026-05-08 19:43:51.000,Your loyalty card has a new benefit. Tap to discover.,384,,,,48,CUSTOM
4287,2026-05-07 16:43:51.000,2026-05-08 19:43:51.000,We miss you! Come back and earn double points this week.,384,1151,,1350,72,AUTOMATED
4288,2026-05-07 23:43:51.000,2026-05-08 19:43:51.000,We miss you! Come back and earn double points this week.,384,1152,,1351,24,CUSTOM
4289,2026-05-06 21:43:51.000,2026-05-08 19:43:51.000,Your loyalty card has a new benefit. Tap to discover.,385,1153,,,24,CUSTOM
4290,2026-05-07 13:43:51.000,2026-05-08 19:43:51.000,Flash sale today only. Use your points for extra savings.,385,1154,,,168,CUSTOM
4291,2026-05-06 23:43:51.000,2026-05-08 19:43:51.000,Bring a friend and both of you earn bonus points.,385,,,,72,AUTOMATED
4292,2026-05-07 08:43:51.000,2026-05-08 19:43:51.000,Flash sale today only. Use your points for extra savings.,385,1153,,,168,AUTOMATED
4293,2026-05-08 18:43:51.000,2026-05-08 19:43:51.000,Flash sale today only. Use your points for extra savings.,385,1154,,1352,24,AUTOMATED
4294,2026-05-06 21:43:51.000,2026-05-08 19:43:51.000,New products just arrived. Be the first to check them out.,385,1153,,1352,24,AUTOMATED
4295,2026-05-08 03:43:51.000,2026-05-08 19:43:51.000,Flash sale today only. Use your points for extra savings.,385,,,,72,AUTOMATED
4296,2026-05-07 10:43:51.000,2026-05-08 19:43:51.000,You have a reward waiting for you. Claim it now!,385,,,1353,24,CUSTOM
4297,2026-05-08 06:43:51.000,2026-05-08 19:43:51.000,Your loyalty card has a new benefit. Tap to discover.,386,,,1356,72,AUTOMATED
4298,2026-05-07 22:43:51.000,2026-05-08 19:43:51.000,Happy birthday! Enjoy your special gift from us.,386,,,,72,CUSTOM
4299,2026-05-07 03:43:51.000,2026-05-08 19:43:51.000,You have a reward waiting for you. Claim it now!,386,,,,168,CUSTOM
4300,2026-05-08 04:43:51.000,2026-05-08 19:43:51.000,We miss you! Come back and earn double points this week.,386,1158,,,24,CUSTOM
4301,2026-05-08 16:43:51.000,2026-05-08 19:43:51.000,Flash sale today only. Use your points for extra savings.,386,,,,24,AUTOMATED
4302,2026-05-07 20:43:51.000,2026-05-08 19:43:51.000,New products just arrived. Be the first to check them out.,386,1157,,,72,CUSTOM
4303,2026-05-07 11:43:51.000,2026-05-08 19:43:51.000,Flash sale today only. Use your points for extra savings.,387,,,1357,168,CUSTOM
4304,2026-05-07 15:43:51.000,2026-05-08 19:43:51.000,New products just arrived. Be the first to check them out.,387,,,1360,48,CUSTOM
4305,2026-05-07 00:43:51.000,2026-05-08 19:43:51.000,We miss you! Come back and earn double points this week.,387,,,,48,AUTOMATED
4306,2026-05-07 16:43:51.000,2026-05-08 19:43:51.000,You have a reward waiting for you. Claim it now!,387,1159,,,48,AUTOMATED
4307,2026-05-07 03:43:51.000,2026-05-08 19:43:51.000,You are 50 points away from your next reward!,387,,,,48,CUSTOM
4308,2026-05-07 19:43:51.000,2026-05-08 19:43:51.000,You have a reward waiting for you. Claim it now!,387,1161,,,72,AUTOMATED
4309,2026-05-07 02:43:51.000,2026-05-08 19:43:51.000,Your loyalty card has a new benefit. Tap to discover.,387,,,,24,AUTOMATED
4310,2026-05-07 11:43:51.000,2026-05-08 19:43:51.000,Happy birthday! Enjoy your special gift from us.,387,,,,72,CUSTOM
4311,2026-05-06 21:43:51.000,2026-05-08 19:43:51.000,You are 50 points away from your next reward!,387,,,,168,AUTOMATED
4312,2026-05-08 06:43:51.000,2026-05-08 19:43:51.000,New products just arrived. Be the first to check them out.,387,1161,,1357,72,CUSTOM
4313,2026-05-07 19:43:51.000,2026-05-08 19:43:51.000,We miss you! Come back and earn double points this week.,387,,,1357,24,CUSTOM
4314,2026-05-07 07:43:51.000,2026-05-08 19:43:51.000,We miss you! Come back and earn double points this week.,387,,,,72,AUTOMATED
4315,2026-05-07 04:43:51.000,2026-05-08 19:43:51.000,You have a reward waiting for you. Claim it now!,387,,,,72,AUTOMATED
4316,2026-05-06 23:43:51.000,2026-05-08 19:43:51.000,Flash sale today only. Use your points for extra savings.,387,,,,72,AUTOMATED
4317,2026-05-07 01:43:51.000,2026-05-08 19:43:51.000,Your loyalty card has a new benefit. Tap to discover.,387,1159,,,72,AUTOMATED
4318,2026-05-08 00:43:51.000,2026-05-08 19:43:51.000,You have a reward waiting for you. Claim it now!,387,1159,,,168,AUTOMATED
4319,2026-05-08 01:43:51.000,2026-05-08 19:43:51.000,New products just arrived. Be the first to check them out.,387,1161,,1361,72,CUSTOM
4320,2026-05-06 21:43:51.000,2026-05-08 19:43:51.000,Your loyalty card has a new benefit. Tap to discover.,387,1159,,,24,CUSTOM
4321,2026-05-06 22:43:51.000,2026-05-08 19:43:51.000,Your loyalty card has a new benefit. Tap to discover.,387,1159,,,168,AUTOMATED
4322,2026-05-07 02:43:51.000,2026-05-08 19:43:51.000,Your loyalty card has a new benefit. Tap to discover.,387,,,,48,CUSTOM
4323,2026-05-07 21:43:51.000,2026-05-08 19:43:51.000,You are 50 points away from your next reward!,387,,,,48,AUTOMATED
4324,2026-05-06 23:43:51.000,2026-05-08 19:43:51.000,Happy birthday! Enjoy your special gift from us.,387,,,,24,AUTOMATED
4325,2026-05-06 21:43:51.000,2026-05-08 19:43:51.000,Your loyalty card has a new benefit. Tap to discover.,387,,,,48,CUSTOM
4326,2026-05-08 08:43:51.000,2026-05-08 19:43:51.000,Happy birthday! Enjoy your special gift from us.,387,,,1361,168,AUTOMATED
4327,2026-05-07 11:43:51.000,2026-05-08 19:43:51.000,We miss you! Come back and earn double points this week.,388,1162,,,72,CUSTOM
4328,2026-05-07 04:43:51.000,2026-05-08 19:43:51.000,You are 50 points away from your next reward!,388,,,1363,168,CUSTOM
4329,2026-05-08 03:43:51.000,2026-05-08 19:43:51.000,Your loyalty card has a new benefit. Tap to discover.,388,1163,,1363,48,CUSTOM
4330,2026-05-06 23:43:51.000,2026-05-08 19:43:51.000,Bring a friend and both of you earn bonus points.,388,1163,,,48,CUSTOM
4331,2026-05-07 20:43:51.000,2026-05-08 19:43:51.000,You are 50 points away from your next reward!,388,,,1363,168,AUTOMATED
4332,2026-05-08 06:43:51.000,2026-05-08 19:43:51.000,Flash sale today only. Use your points for extra savings.,388,,,,48,CUSTOM
4333,2026-05-08 10:43:51.000,2026-05-08 19:43:51.000,Bring a friend and both of you earn bonus points.,388,,,1362,24,CUSTOM
4334,2026-05-07 03:43:51.000,2026-05-08 19:43:51.000,New products just arrived. Be the first to check them out.,389,,,,72,AUTOMATED
4335,2026-05-06 23:43:51.000,2026-05-08 19:43:51.000,Bring a friend and both of you earn bonus points.,389,1166,,,168,AUTOMATED
4336,2026-05-07 21:43:51.000,2026-05-08 19:43:51.000,We miss you! Come back and earn double points this week.,389,,,,168,CUSTOM
4337,2026-05-08 13:43:51.000,2026-05-08 19:43:51.000,Your loyalty card has a new benefit. Tap to discover.,389,,,1365,24,CUSTOM
4338,2026-05-08 09:43:51.000,2026-05-08 19:43:51.000,Flash sale today only. Use your points for extra savings.,389,,,,168,AUTOMATED
4339,2026-05-06 20:43:51.000,2026-05-08 19:43:51.000,You are 50 points away from your next reward!,390,,,,24,AUTOMATED
4340,2026-05-08 18:43:51.000,2026-05-08 19:43:51.000,You have a reward waiting for you. Claim it now!,390,,,1367,168,AUTOMATED
4341,2026-05-08 16:43:51.000,2026-05-08 19:43:51.000,Your loyalty card has a new benefit. Tap to discover.,390,,,,48,CUSTOM
4342,2026-05-07 03:43:51.000,2026-05-08 19:43:51.000,We miss you! Come back and earn double points this week.,390,1168,,,24,CUSTOM
4343,2026-05-08 00:43:51.000,2026-05-08 19:43:51.000,We miss you! Come back and earn double points this week.,390,1168,,,72,CUSTOM
4344,2026-05-08 05:43:51.000,2026-05-08 19:43:51.000,Flash sale today only. Use your points for extra savings.,390,1168,,,168,AUTOMATED
4345,2026-05-07 13:43:51.000,2026-05-08 19:43:51.000,New products just arrived. Be the first to check them out.,390,,,,168,CUSTOM
4346,2026-05-08 15:43:51.000,2026-05-08 19:43:51.000,We miss you! Come back and earn double points this week.,390,,,1369,72,AUTOMATED
4347,2026-05-07 00:43:51.000,2026-05-08 19:43:51.000,Your loyalty card has a new benefit. Tap to discover.,390,,,1369,72,CUSTOM
4348,2026-05-07 23:43:51.000,2026-05-08 19:43:51.000,You have a reward waiting for you. Claim it now!,390,,,,72,CUSTOM
4349,2026-05-08 11:43:51.000,2026-05-08 19:43:51.000,You are 50 points away from your next reward!,390,,,1369,168,CUSTOM
4350,2026-05-08 06:43:51.000,2026-05-08 19:43:51.000,Your loyalty card has a new benefit. Tap to discover.,390,,,1370,72,AUTOMATED
4351,2026-05-07 01:43:51.000,2026-05-08 19:43:51.000,You are 50 points away from your next reward!,390,,,1369,48,CUSTOM
4352,2026-05-08 07:43:51.000,2026-05-08 19:43:51.000,You are 50 points away from your next reward!,390,,,1368,48,AUTOMATED
4353,2026-05-07 12:43:51.000,2026-05-08 19:43:51.000,You have a reward waiting for you. Claim it now!,391,1172,,1371,168,AUTOMATED
4354,2026-05-07 23:43:51.000,2026-05-08 19:43:51.000,We miss you! Come back and earn double points this week.,391,,,,24,AUTOMATED
4355,2026-05-08 02:43:51.000,2026-05-08 19:43:51.000,You are 50 points away from your next reward!,391,,,,48,AUTOMATED
4356,2026-05-07 05:43:51.000,2026-05-08 19:43:51.000,Flash sale today only. Use your points for extra savings.,392,1175,,1378,48,AUTOMATED
4357,2026-05-07 21:43:51.000,2026-05-08 19:43:51.000,Flash sale today only. Use your points for extra savings.,392,1174,,,168,AUTOMATED
4358,2026-05-08 11:43:51.000,2026-05-08 19:43:51.000,Flash sale today only. Use your points for extra savings.,392,1176,,,168,AUTOMATED
4359,2026-05-08 16:43:51.000,2026-05-08 19:43:51.000,Bring a friend and both of you earn bonus points.,392,,,,72,CUSTOM
4360,2026-05-08 09:43:51.000,2026-05-08 19:43:51.000,Bring a friend and both of you earn bonus points.,392,1175,,1377,72,AUTOMATED
4361,2026-05-07 01:43:51.000,2026-05-08 19:43:51.000,New products just arrived. Be the first to check them out.,393,1178,,,72,AUTOMATED
4362,2026-05-07 15:43:51.000,2026-05-08 19:43:51.000,Your loyalty card has a new benefit. Tap to discover.,393,1179,,1382,48,AUTOMATED
4363,2026-05-08 10:43:51.000,2026-05-08 19:43:51.000,Bring a friend and both of you earn bonus points.,393,,,1382,168,CUSTOM
4364,2026-05-07 16:43:51.000,2026-05-08 19:43:51.000,Bring a friend and both of you earn bonus points.,393,1178,,1381,48,AUTOMATED
4365,2026-05-08 05:43:51.000,2026-05-08 19:43:51.000,You have a reward waiting for you. Claim it now!,393,1177,,1382,168,CUSTOM
4366,2026-05-08 03:43:51.000,2026-05-08 19:43:51.000,Happy birthday! Enjoy your special gift from us.,393,,,,24,AUTOMATED
4367,2026-05-08 17:43:51.000,2026-05-08 19:43:51.000,You are 50 points away from your next reward!,394,,,,48,CUSTOM
4368,2026-05-07 11:43:51.000,2026-05-08 19:43:51.000,Flash sale today only. Use your points for extra savings.,394,,,,72,AUTOMATED
4369,2026-05-06 23:43:51.000,2026-05-08 19:43:51.000,Flash sale today only. Use your points for extra savings.,394,1181,,1384,48,CUSTOM
4370,2026-05-07 06:43:51.000,2026-05-08 19:43:51.000,You are 50 points away from your next reward!,394,,,,48,AUTOMATED
4371,2026-05-08 16:43:51.000,2026-05-08 19:43:51.000,You have a reward waiting for you. Claim it now!,394,,,1384,48,AUTOMATED
4372,2026-05-08 01:43:51.000,2026-05-08 19:43:51.000,New products just arrived. Be the first to check them out.,394,,,,24,CUSTOM
4373,2026-05-07 02:43:51.000,2026-05-08 19:43:51.000,Flash sale today only. Use your points for extra savings.,394,,,,168,AUTOMATED
4374,2026-05-08 07:43:51.000,2026-05-08 19:43:51.000,We miss you! Come back and earn double points this week.,394,1181,,,24,CUSTOM
4375,2026-05-08 14:43:51.000,2026-05-08 19:43:51.000,You have a reward waiting for you. Claim it now!,394,1182,,1383,24,CUSTOM
4376,2026-05-07 01:43:51.000,2026-05-08 19:43:51.000,New products just arrived. Be the first to check them out.,394,,,,168,CUSTOM
4377,2026-05-07 08:43:51.000,2026-05-08 19:43:51.000,You are 50 points away from your next reward!,394,,,1384,168,CUSTOM
4378,2026-05-08 00:43:51.000,2026-05-08 19:43:51.000,Flash sale today only. Use your points for extra savings.,394,,,,24,AUTOMATED
4379,2026-05-07 20:43:51.000,2026-05-08 19:43:51.000,You are 50 points away from your next reward!,394,,,,48,AUTOMATED
4380,2026-05-07 04:43:51.000,2026-05-08 19:43:51.000,Your loyalty card has a new benefit. Tap to discover.,395,,,1386,168,AUTOMATED
4381,2026-05-07 00:43:51.000,2026-05-08 19:43:51.000,Your loyalty card has a new benefit. Tap to discover.,395,,,,48,CUSTOM
4382,2026-05-08 12:43:51.000,2026-05-08 19:43:51.000,We miss you! Come back and earn double points this week.,395,,,,48,CUSTOM
4383,2026-05-07 05:43:51.000,2026-05-08 19:43:51.000,We miss you! Come back and earn double points this week.,395,,,,48,CUSTOM
4384,2026-05-08 12:43:51.000,2026-05-08 19:43:51.000,Your loyalty card has a new benefit. Tap to discover.,395,,,,72,AUTOMATED
4385,2026-05-08 08:43:51.000,2026-05-08 19:43:51.000,We miss you! Come back and earn double points this week.,396,,,,168,AUTOMATED
4386,2026-05-08 06:43:51.000,2026-05-08 19:43:51.000,You have a reward waiting for you. Claim it now!,396,1187,,,24,AUTOMATED
4387,2026-05-06 19:43:51.000,2026-05-08 19:43:51.000,Happy birthday! Enjoy your special gift from us.,396,,,1390,72,CUSTOM
4388,2026-05-07 00:43:51.000,2026-05-08 19:43:51.000,Flash sale today only. Use your points for extra savings.,396,1186,,,48,AUTOMATED
4389,2026-05-08 05:43:51.000,2026-05-08 19:43:51.000,Your loyalty card has a new benefit. Tap to discover.,396,,,,72,AUTOMATED
4390,2026-05-06 20:43:51.000,2026-05-08 19:43:51.000,Happy birthday! Enjoy your special gift from us.,396,1187,,,24,AUTOMATED
4391,2026-05-08 07:43:51.000,2026-05-08 19:43:51.000,You have a reward waiting for you. Claim it now!,396,,,,168,AUTOMATED
4392,2026-05-07 17:43:51.000,2026-05-08 19:43:51.000,Flash sale today only. Use your points for extra savings.,396,1186,,1390,24,CUSTOM
4393,2026-05-08 16:43:51.000,2026-05-08 19:43:51.000,You are 50 points away from your next reward!,396,,,1391,72,AUTOMATED
4394,2026-05-06 19:43:51.000,2026-05-08 19:43:51.000,Happy birthday! Enjoy your special gift from us.,396,,,1391,48,AUTOMATED
4395,2026-05-06 23:43:51.000,2026-05-08 19:43:51.000,We miss you! Come back and earn double points this week.,396,,,,24,CUSTOM
4396,2026-05-08 02:43:51.000,2026-05-08 19:43:51.000,We miss you! Come back and earn double points this week.,396,1188,,,48,CUSTOM
4397,2026-05-08 09:43:51.000,2026-05-08 19:43:51.000,Happy birthday! Enjoy your special gift from us.,396,1186,,1387,168,AUTOMATED
4398,2026-05-07 22:43:51.000,2026-05-08 19:43:51.000,Flash sale today only. Use your points for extra savings.,396,,,1390,72,CUSTOM
4399,2026-05-08 06:43:51.000,2026-05-08 19:43:51.000,Flash sale today only. Use your points for extra savings.,397,1189,,,48,AUTOMATED
4400,2026-05-06 19:43:51.000,2026-05-08 19:43:51.000,Happy birthday! Enjoy your special gift from us.,397,1191,,1394,168,AUTOMATED
4401,2026-05-07 20:43:51.000,2026-05-08 19:43:51.000,New products just arrived. Be the first to check them out.,397,1189,,,168,CUSTOM
4402,2026-05-07 04:43:51.000,2026-05-08 19:43:51.000,Your loyalty card has a new benefit. Tap to discover.,397,1190,,1392,48,CUSTOM
4403,2026-05-07 00:43:51.000,2026-05-08 19:43:51.000,Happy birthday! Enjoy your special gift from us.,397,,,1392,24,AUTOMATED
4404,2026-05-08 01:43:51.000,2026-05-08 19:43:51.000,Flash sale today only. Use your points for extra savings.,397,,,,168,AUTOMATED
4405,2026-05-08 15:43:51.000,2026-05-08 19:43:51.000,New products just arrived. Be the first to check them out.,398,,,1397,24,CUSTOM
4406,2026-05-08 06:43:51.000,2026-05-08 19:43:51.000,We miss you! Come back and earn double points this week.,398,1192,,1397,48,AUTOMATED
4407,2026-05-06 22:43:51.000,2026-05-08 19:43:51.000,You have a reward waiting for you. Claim it now!,398,,,1397,168,AUTOMATED
4408,2026-05-07 21:43:51.000,2026-05-08 19:43:51.000,Your loyalty card has a new benefit. Tap to discover.,399,,,,48,CUSTOM
4409,2026-05-07 10:43:51.000,2026-05-08 19:43:51.000,You have a reward waiting for you. Claim it now!,399,1196,,,24,AUTOMATED
4410,2026-05-08 04:43:51.000,2026-05-08 19:43:51.000,You have a reward waiting for you. Claim it now!,399,,,,72,AUTOMATED
4411,2026-05-07 10:43:51.000,2026-05-08 19:43:51.000,You have a reward waiting for you. Claim it now!,399,,,1401,24,CUSTOM
4412,2026-05-07 06:43:51.000,2026-05-08 19:43:51.000,New products just arrived. Be the first to check them out.,399,,,,168,AUTOMATED
4413,2026-05-08 10:43:51.000,2026-05-08 19:43:51.000,You are 50 points away from your next reward!,399,,,,168,AUTOMATED
4414,2026-05-08 06:43:51.000,2026-05-08 19:43:51.000,Flash sale today only. Use your points for extra savings.,399,,,,168,CUSTOM
4415,2026-05-06 21:43:51.000,2026-05-08 19:43:51.000,You are 50 points away from your next reward!,399,,,,72,CUSTOM
4416,2026-05-06 23:43:51.000,2026-05-08 19:43:51.000,Flash sale today only. Use your points for extra savings.,399,,,,168,CUSTOM
4417,2026-05-08 12:43:51.000,2026-05-08 19:43:51.000,Your loyalty card has a new benefit. Tap to discover.,400,,,,168,AUTOMATED
4418,2026-05-08 08:43:51.000,2026-05-08 19:43:51.000,Happy birthday! Enjoy your special gift from us.,400,,,1403,24,CUSTOM
4419,2026-05-07 11:43:51.000,2026-05-08 19:43:51.000,We miss you! Come back and earn double points this week.,400,1200,,,168,AUTOMATED
4420,2026-05-07 18:43:51.000,2026-05-08 19:43:51.000,We miss you! Come back and earn double points this week.,400,1200,,1402,72,AUTOMATED
4421,2026-05-08 11:43:51.000,2026-05-08 19:43:51.000,Bring a friend and both of you earn bonus points.,400,,,,72,AUTOMATED
4422,2026-05-07 19:43:51.000,2026-05-08 19:43:51.000,You are 50 points away from your next reward!,400,1200,,1403,72,CUSTOM
4423,2026-05-06 21:43:51.000,2026-05-08 19:43:51.000,We miss you! Come back and earn double points this week.,400,,,,48,CUSTOM
4424,2026-05-08 18:43:51.000,2026-05-08 19:43:51.000,Bring a friend and both of you earn bonus points.,400,,,,48,AUTOMATED
4425,2026-05-08 16:43:51.000,2026-05-08 19:43:51.000,You are 50 points away from your next reward!,400,1200,,,168,AUTOMATED
4426,2026-05-07 17:43:51.000,2026-05-08 19:43:51.000,You are 50 points away from your next reward!,400,,,,168,CUSTOM
4427,2026-05-07 17:43:51.000,2026-05-08 19:43:51.000,You have a reward waiting for you. Claim it now!,400,,,1403,48,AUTOMATED
4428,2026-05-07 19:43:51.000,2026-05-08 19:43:51.000,New products just arrived. Be the first to check them out.,400,,,,24,AUTOMATED
4429,2026-05-07 22:43:51.000,2026-05-08 19:43:51.000,New products just arrived. Be the first to check them out.,400,1200,,,72,CUSTOM
4430,2026-05-07 00:43:51.000,2026-05-08 19:43:51.000,Happy birthday! Enjoy your special gift from us.,400,1199,,,24,CUSTOM
4431,2026-05-08 07:43:51.000,2026-05-08 19:43:51.000,New products just arrived. Be the first to check them out.,401,,,,24,AUTOMATED
4432,2026-05-08 06:43:51.000,2026-05-08 19:43:51.000,Bring a friend and both of you earn bonus points.,401,,,,48,CUSTOM
4433,2026-05-07 00:43:51.000,2026-05-08 19:43:51.000,We miss you! Come back and earn double points this week.,401,1202,,1405,168,AUTOMATED
4434,2026-05-07 18:43:51.000,2026-05-08 19:43:51.000,We miss you! Come back and earn double points this week.,401,1203,,,24,AUTOMATED
4435,2026-05-07 14:43:51.000,2026-05-08 19:43:51.000,You have a reward waiting for you. Claim it now!,401,1201,,,168,AUTOMATED
4436,2026-05-07 02:43:51.000,2026-05-08 19:43:51.000,We miss you! Come back and earn double points this week.,401,,,1404,168,CUSTOM
4437,2026-05-07 02:43:51.000,2026-05-08 19:43:51.000,You are 50 points away from your next reward!,401,,,,48,AUTOMATED
4438,2026-05-08 02:43:51.000,2026-05-08 19:43:51.000,We miss you! Come back and earn double points this week.,402,,,1409,72,CUSTOM
4439,2026-05-08 07:43:51.000,2026-05-08 19:43:51.000,You are 50 points away from your next reward!,402,,,1409,24,AUTOMATED
4440,2026-05-07 08:43:51.000,2026-05-08 19:43:51.000,Happy birthday! Enjoy your special gift from us.,402,,,,24,AUTOMATED
4441,2026-05-07 20:43:51.000,2026-05-08 19:43:51.000,New products just arrived. Be the first to check them out.,402,,,,24,CUSTOM
4442,2026-05-07 20:43:51.000,2026-05-08 19:43:51.000,Bring a friend and both of you earn bonus points.,403,1207,,1413,48,CUSTOM
4443,2026-05-08 17:43:51.000,2026-05-08 19:43:51.000,Your loyalty card has a new benefit. Tap to discover.,403,1209,,1412,48,AUTOMATED
4444,2026-05-08 00:43:51.000,2026-05-08 19:43:51.000,Your loyalty card has a new benefit. Tap to discover.,403,,,,168,CUSTOM
4445,2026-05-08 05:43:51.000,2026-05-08 19:43:51.000,We miss you! Come back and earn double points this week.,403,,,,72,AUTOMATED
4446,2026-05-07 01:43:51.000,2026-05-08 19:43:51.000,Happy birthday! Enjoy your special gift from us.,403,,,1411,24,AUTOMATED
4447,2026-05-08 01:43:51.000,2026-05-08 19:43:51.000,New products just arrived. Be the first to check them out.,403,,,,24,AUTOMATED
4448,2026-05-07 16:43:51.000,2026-05-08 19:43:51.000,You are 50 points away from your next reward!,404,,,,24,AUTOMATED
4449,2026-05-06 19:43:51.000,2026-05-08 19:43:51.000,Flash sale today only. Use your points for extra savings.,404,,,,24,CUSTOM
4450,2026-05-08 16:43:51.000,2026-05-08 19:43:51.000,We miss you! Come back and earn double points this week.,404,,,,168,AUTOMATED
4451,2026-05-08 14:43:51.000,2026-05-08 19:43:51.000,Bring a friend and both of you earn bonus points.,404,1210,,,48,AUTOMATED
4452,2026-05-07 07:43:51.000,2026-05-08 19:43:51.000,We miss you! Come back and earn double points this week.,404,,,,48,CUSTOM
4453,2026-05-08 14:43:51.000,2026-05-08 19:43:51.000,Happy birthday! Enjoy your special gift from us.,405,1215,,1420,24,CUSTOM
4454,2026-05-08 14:43:51.000,2026-05-08 19:43:51.000,Bring a friend and both of you earn bonus points.,405,1214,,,48,CUSTOM
4455,2026-05-08 15:43:51.000,2026-05-08 19:43:51.000,Your loyalty card has a new benefit. Tap to discover.,405,,,,48,CUSTOM
4456,2026-05-07 11:43:51.000,2026-05-08 19:43:51.000,You have a reward waiting for you. Claim it now!,405,,,1419,168,AUTOMATED
4457,2026-05-08 16:43:51.000,2026-05-08 19:43:51.000,You are 50 points away from your next reward!,405,1215,,,72,CUSTOM
4458,2026-05-07 14:43:51.000,2026-05-08 19:43:51.000,You have a reward waiting for you. Claim it now!,405,,,,48,AUTOMATED
4459,2026-05-07 11:43:51.000,2026-05-08 19:43:51.000,Bring a friend and both of you earn bonus points.,405,,,,168,AUTOMATED
4460,2026-05-07 19:43:51.000,2026-05-08 19:43:51.000,Happy birthday! Enjoy your special gift from us.,405,,,,24,AUTOMATED
4461,2026-05-07 18:43:51.000,2026-05-08 19:43:51.000,We miss you! Come back and earn double points this week.,406,,,,168,CUSTOM
4462,2026-05-07 09:43:51.000,2026-05-08 19:43:51.000,Bring a friend and both of you earn bonus points.,406,1216,,,24,CUSTOM
4463,2026-05-07 16:43:51.000,2026-05-08 19:43:51.000,Bring a friend and both of you earn bonus points.,406,,,,168,CUSTOM
4464,2026-05-08 11:43:51.000,2026-05-08 19:43:51.000,Your loyalty card has a new benefit. Tap to discover.,406,1216,,,168,AUTOMATED
4465,2026-05-08 16:43:51.000,2026-05-08 19:43:51.000,Flash sale today only. Use your points for extra savings.,406,,,,48,AUTOMATED
4466,2026-05-08 04:43:51.000,2026-05-08 19:43:51.000,Happy birthday! Enjoy your special gift from us.,406,1218,,,168,CUSTOM
4467,2026-05-08 16:43:51.000,2026-05-08 19:43:51.000,We miss you! Come back and earn double points this week.,406,1216,,,168,CUSTOM
4468,2026-05-08 16:43:51.000,2026-05-08 19:43:51.000,Happy birthday! Enjoy your special gift from us.,407,,,,168,AUTOMATED
4469,2026-05-07 14:43:51.000,2026-05-08 19:43:51.000,Flash sale today only. Use your points for extra savings.,407,,,1427,24,AUTOMATED
4470,2026-05-07 17:43:51.000,2026-05-08 19:43:51.000,You have a reward waiting for you. Claim it now!,407,,,1426,168,AUTOMATED
4471,2026-05-08 04:43:51.000,2026-05-08 19:43:51.000,You have a reward waiting for you. Claim it now!,407,,,1427,48,CUSTOM
4472,2026-05-08 09:43:51.000,2026-05-08 19:43:51.000,New products just arrived. Be the first to check them out.,407,,,,48,AUTOMATED
4473,2026-05-08 11:43:51.000,2026-05-08 19:43:51.000,Flash sale today only. Use your points for extra savings.,407,,,1424,72,CUSTOM
4474,2026-05-07 01:43:51.000,2026-05-08 19:43:51.000,Flash sale today only. Use your points for extra savings.,407,1219,,,72,CUSTOM
4475,2026-05-08 13:43:51.000,2026-05-08 19:43:51.000,Your loyalty card has a new benefit. Tap to discover.,407,,,,24,CUSTOM
4476,2026-05-08 11:43:51.000,2026-05-08 19:43:51.000,Your loyalty card has a new benefit. Tap to discover.,407,,,1424,72,CUSTOM
4477,2026-05-06 20:43:51.000,2026-05-08 19:43:51.000,Flash sale today only. Use your points for extra savings.,407,,,1425,48,AUTOMATED
4478,2026-05-08 18:43:51.000,2026-05-08 19:43:51.000,Happy birthday! Enjoy your special gift from us.,407,1219,,,48,CUSTOM
4479,2026-05-08 03:43:51.000,2026-05-08 19:43:51.000,Happy birthday! Enjoy your special gift from us.,407,1219,,1424,72,AUTOMATED
4480,2026-05-08 11:43:51.000,2026-05-08 19:43:51.000,Your loyalty card has a new benefit. Tap to discover.,407,,,,48,AUTOMATED
4481,2026-05-08 10:43:51.000,2026-05-08 19:43:51.000,You have a reward waiting for you. Claim it now!,407,,,,72,AUTOMATED
4482,2026-05-08 16:43:51.000,2026-05-08 19:43:51.000,New products just arrived. Be the first to check them out.,407,1220,,,48,CUSTOM
4483,2026-05-08 14:43:51.000,2026-05-08 19:43:51.000,Your loyalty card has a new benefit. Tap to discover.,407,,,,24,AUTOMATED
4484,2026-05-08 06:43:51.000,2026-05-08 19:43:51.000,You are 50 points away from your next reward!,407,1220,,,24,CUSTOM
4485,2026-05-07 01:43:51.000,2026-05-08 19:43:51.000,You are 50 points away from your next reward!,407,,,1425,72,CUSTOM
4486,2026-05-07 07:43:51.000,2026-05-08 19:43:51.000,We miss you! Come back and earn double points this week.,407,1221,,1428,168,AUTOMATED
4487,2026-05-08 16:43:51.000,2026-05-08 19:43:51.000,Bring a friend and both of you earn bonus points.,407,1221,,,48,AUTOMATED
4488,2026-05-07 04:43:51.000,2026-05-08 19:43:51.000,We miss you! Come back and earn double points this week.,407,1219,,1428,168,CUSTOM
4489,2026-05-07 06:43:51.000,2026-05-08 19:43:51.000,We miss you! Come back and earn double points this week.,408,,,1432,24,AUTOMATED
4490,2026-05-08 11:43:51.000,2026-05-08 19:43:51.000,Your loyalty card has a new benefit. Tap to discover.,408,1224,,1430,24,CUSTOM
4491,2026-05-08 04:43:51.000,2026-05-08 19:43:51.000,Happy birthday! Enjoy your special gift from us.,408,,,,48,CUSTOM
4492,2026-05-08 11:43:51.000,2026-05-08 19:43:51.000,New products just arrived. Be the first to check them out.,408,,,,48,CUSTOM
4493,2026-05-08 05:43:51.000,2026-05-08 19:43:51.000,We miss you! Come back and earn double points this week.,408,1223,,1429,168,AUTOMATED
4494,2026-05-07 02:43:51.000,2026-05-08 19:43:51.000,Your loyalty card has a new benefit. Tap to discover.,408,,,,168,CUSTOM
4495,2026-05-08 16:43:51.000,2026-05-08 19:43:51.000,Flash sale today only. Use your points for extra savings.,408,,,,24,AUTOMATED
4496,2026-05-07 09:43:51.000,2026-05-08 19:43:51.000,Bring a friend and both of you earn bonus points.,409,1225,,,72,AUTOMATED
4497,2026-05-08 16:43:51.000,2026-05-08 19:43:51.000,Happy birthday! Enjoy your special gift from us.,409,,,,168,AUTOMATED
4498,2026-05-08 12:43:51.000,2026-05-08 19:43:51.000,Happy birthday! Enjoy your special gift from us.,409,1227,,,72,AUTOMATED
4499,2026-05-06 22:43:51.000,2026-05-08 19:43:51.000,Happy birthday! Enjoy your special gift from us.,409,,,,48,CUSTOM
4500,2026-05-08 17:43:51.000,2026-05-08 19:43:51.000,You have a reward waiting for you. Claim it now!,409,,,,48,CUSTOM
4501,2026-05-06 22:43:51.000,2026-05-08 19:43:51.000,You are 50 points away from your next reward!,409,1225,,1434,72,AUTOMATED
4502,2026-05-06 22:43:51.000,2026-05-08 19:43:51.000,You are 50 points away from your next reward!,409,,,1434,72,AUTOMATED
4503,2026-05-08 05:43:51.000,2026-05-08 19:43:51.000,Your loyalty card has a new benefit. Tap to discover.,410,,,,168,CUSTOM
4504,2026-05-07 00:43:51.000,2026-05-08 19:43:51.000,You have a reward waiting for you. Claim it now!,410,1228,,,168,AUTOMATED
4505,2026-05-08 13:43:51.000,2026-05-08 19:43:51.000,We miss you! Come back and earn double points this week.,410,1230,,,168,CUSTOM
4506,2026-05-07 07:43:51.000,2026-05-08 19:43:51.000,New products just arrived. Be the first to check them out.,410,,,1435,24,CUSTOM
4507,2026-05-08 12:43:51.000,2026-05-08 19:43:51.000,You have a reward waiting for you. Claim it now!,410,,,,24,AUTOMATED
4508,2026-05-08 18:43:51.000,2026-05-08 19:43:51.000,Bring a friend and both of you earn bonus points.,410,,,,168,AUTOMATED
4509,2026-05-08 02:43:51.000,2026-05-08 19:43:51.000,You have a reward waiting for you. Claim it now!,410,,,1436,24,AUTOMATED
4510,2026-05-08 15:43:51.000,2026-05-08 19:43:51.000,New products just arrived. Be the first to check them out.,410,1230,,1435,24,AUTOMATED
4511,2026-05-08 12:43:51.000,2026-05-08 19:43:51.000,Bring a friend and both of you earn bonus points.,410,,,1436,48,AUTOMATED
4512,2026-05-08 17:43:51.000,2026-05-08 19:43:51.000,Bring a friend and both of you earn bonus points.,410,1230,,1436,72,CUSTOM
4513,2026-05-08 12:43:51.000,2026-05-08 19:43:51.000,Happy birthday! Enjoy your special gift from us.,411,,,1439,72,CUSTOM
4514,2026-05-08 14:43:51.000,2026-05-08 19:43:51.000,You are 50 points away from your next reward!,411,,,,48,CUSTOM
4515,2026-05-08 10:43:51.000,2026-05-08 19:43:51.000,Happy birthday! Enjoy your special gift from us.,411,,,,168,AUTOMATED
4516,2026-05-07 01:43:51.000,2026-05-08 19:43:51.000,We miss you! Come back and earn double points this week.,411,1231,,,72,AUTOMATED
4517,2026-05-07 04:43:51.000,2026-05-08 19:43:51.000,Happy birthday! Enjoy your special gift from us.,411,1232,,,72,CUSTOM
4518,2026-05-08 06:43:51.000,2026-05-08 19:43:51.000,Your loyalty card has a new benefit. Tap to discover.,411,1232,,,72,CUSTOM
4519,2026-05-07 08:43:51.000,2026-05-08 19:43:51.000,We miss you! Come back and earn double points this week.,411,1231,,,24,CUSTOM
4520,2026-05-08 15:43:51.000,2026-05-08 19:43:51.000,Happy birthday! Enjoy your special gift from us.,411,,,,48,AUTOMATED
4521,2026-05-08 12:43:51.000,2026-05-08 19:43:51.000,Your loyalty card has a new benefit. Tap to discover.,411,,,,24,CUSTOM
4522,2026-05-08 05:43:51.000,2026-05-08 19:43:51.000,Bring a friend and both of you earn bonus points.,411,,,1440,168,CUSTOM
4523,2026-05-08 06:43:51.000,2026-05-08 19:43:51.000,We miss you! Come back and earn double points this week.,411,,,,48,AUTOMATED
4524,2026-05-08 06:43:51.000,2026-05-08 19:43:51.000,New products just arrived. Be the first to check them out.,411,,,,48,CUSTOM
4525,2026-05-07 09:43:51.000,2026-05-08 19:43:51.000,New products just arrived. Be the first to check them out.,411,1231,,1440,48,CUSTOM
4526,2026-05-08 08:43:51.000,2026-05-08 19:43:51.000,We miss you! Come back and earn double points this week.,411,,,1439,168,AUTOMATED
4527,2026-05-08 08:43:51.000,2026-05-08 19:43:51.000,You are 50 points away from your next reward!,411,,,1440,24,CUSTOM
4528,2026-05-07 22:43:51.000,2026-05-08 19:43:51.000,Your loyalty card has a new benefit. Tap to discover.,411,1233,,,48,AUTOMATED
4529,2026-05-07 23:43:51.000,2026-05-08 19:43:51.000,Flash sale today only. Use your points for extra savings.,411,,,,48,CUSTOM
4530,2026-05-08 08:43:51.000,2026-05-08 19:43:51.000,You are 50 points away from your next reward!,411,,,1438,48,CUSTOM
4531,2026-05-07 04:43:51.000,2026-05-08 19:43:51.000,We miss you! Come back and earn double points this week.,411,1233,,1440,72,CUSTOM
4532,2026-05-08 04:43:51.000,2026-05-08 19:43:51.000,You are 50 points away from your next reward!,411,,,,72,CUSTOM
4533,2026-05-08 14:43:51.000,2026-05-08 19:43:51.000,Happy birthday! Enjoy your special gift from us.,411,,,,72,AUTOMATED
4534,2026-05-07 09:43:51.000,2026-05-08 19:43:51.000,Flash sale today only. Use your points for extra savings.,411,,,,24,CUSTOM
4535,2026-05-08 11:43:51.000,2026-05-08 19:43:51.000,Bring a friend and both of you earn bonus points.,411,,,1440,48,CUSTOM
4536,2026-05-08 12:43:51.000,2026-05-08 19:43:51.000,New products just arrived. Be the first to check them out.,411,1231,,1439,72,AUTOMATED
4537,2026-05-07 10:43:51.000,2026-05-08 19:43:51.000,Flash sale today only. Use your points for extra savings.,411,,,1437,72,AUTOMATED
4538,2026-05-08 07:43:51.000,2026-05-08 19:43:51.000,You have a reward waiting for you. Claim it now!,411,1233,,,48,AUTOMATED
4539,2026-05-07 11:43:51.000,2026-05-08 19:43:51.000,Happy birthday! Enjoy your special gift from us.,411,,,,72,AUTOMATED
4540,2026-05-08 14:43:51.000,2026-05-08 19:43:51.000,We miss you! Come back and earn double points this week.,411,,,,24,AUTOMATED
4541,2026-05-08 09:43:51.000,2026-05-08 19:43:51.000,Happy birthday! Enjoy your special gift from us.,411,1233,,,24,CUSTOM
4542,2026-05-08 12:43:51.000,2026-05-08 19:43:51.000,You are 50 points away from your next reward!,411,,,1440,72,CUSTOM
4543,2026-05-07 00:43:51.000,2026-05-08 19:43:51.000,Your loyalty card has a new benefit. Tap to discover.,412,,,,24,AUTOMATED
4544,2026-05-07 09:43:51.000,2026-05-08 19:43:51.000,Flash sale today only. Use your points for extra savings.,412,,,,168,CUSTOM
4545,2026-05-07 15:43:51.000,2026-05-08 19:43:51.000,New products just arrived. Be the first to check them out.,412,,,1443,24,CUSTOM
4546,2026-05-08 07:43:51.000,2026-05-08 19:43:51.000,You are 50 points away from your next reward!,412,,,1441,48,CUSTOM
4547,2026-05-08 17:43:51.000,2026-05-08 19:43:51.000,New products just arrived. Be the first to check them out.,412,1234,,,24,AUTOMATED
4548,2026-05-08 12:43:51.000,2026-05-08 19:43:51.000,Your loyalty card has a new benefit. Tap to discover.,412,,,1441,72,CUSTOM
4549,2026-05-07 04:43:51.000,2026-05-08 19:43:51.000,You have a reward waiting for you. Claim it now!,412,1234,,,48,AUTOMATED
4550,2026-05-07 10:43:51.000,2026-05-08 19:43:51.000,New products just arrived. Be the first to check them out.,412,,,1442,24,AUTOMATED
4551,2026-05-07 08:43:51.000,2026-05-08 19:43:51.000,Flash sale today only. Use your points for extra savings.,413,,,,48,AUTOMATED
4552,2026-05-07 17:43:51.000,2026-05-08 19:43:51.000,You have a reward waiting for you. Claim it now!,413,1239,,1445,48,AUTOMATED
4553,2026-05-07 06:43:51.000,2026-05-08 19:43:51.000,New products just arrived. Be the first to check them out.,413,1237,,1445,48,CUSTOM
4554,2026-05-06 23:43:51.000,2026-05-08 19:43:51.000,New products just arrived. Be the first to check them out.,413,,,,168,CUSTOM
4555,2026-05-08 14:43:51.000,2026-05-08 19:43:51.000,You have a reward waiting for you. Claim it now!,413,,,1445,24,CUSTOM
4556,2026-05-07 00:43:51.000,2026-05-08 19:43:51.000,We miss you! Come back and earn double points this week.,413,1237,,,48,AUTOMATED
4557,2026-05-07 16:43:51.000,2026-05-08 19:43:51.000,We miss you! Come back and earn double points this week.,413,,,,24,AUTOMATED
4558,2026-05-07 20:43:51.000,2026-05-08 19:43:51.000,Bring a friend and both of you earn bonus points.,413,1239,,1444,24,CUSTOM
4559,2026-05-07 18:43:51.000,2026-05-08 19:43:51.000,Happy birthday! Enjoy your special gift from us.,414,1242,,,48,AUTOMATED
4560,2026-05-08 18:43:51.000,2026-05-08 19:43:51.000,We miss you! Come back and earn double points this week.,414,,,,24,CUSTOM
4561,2026-05-07 16:43:51.000,2026-05-08 19:43:51.000,Bring a friend and both of you earn bonus points.,414,,,1447,24,CUSTOM
4562,2026-05-08 05:43:51.000,2026-05-08 19:43:51.000,You have a reward waiting for you. Claim it now!,414,,,1446,24,AUTOMATED
4563,2026-05-08 11:43:51.000,2026-05-08 19:43:51.000,You are 50 points away from your next reward!,414,1242,,1447,24,AUTOMATED
4564,2026-05-07 16:43:51.000,2026-05-08 19:43:51.000,We miss you! Come back and earn double points this week.,414,,,,24,CUSTOM
4565,2026-05-07 19:43:51.000,2026-05-08 19:43:51.000,Your loyalty card has a new benefit. Tap to discover.,414,,,,24,CUSTOM
4566,2026-05-06 19:43:51.000,2026-05-08 19:43:51.000,Happy birthday! Enjoy your special gift from us.,414,,,,72,CUSTOM
4567,2026-05-07 13:43:51.000,2026-05-08 19:43:51.000,Bring a friend and both of you earn bonus points.,414,,,,24,AUTOMATED
4568,2026-05-07 22:43:51.000,2026-05-08 19:43:51.000,You are 50 points away from your next reward!,415,,,1448,168,CUSTOM
4569,2026-05-08 04:43:51.000,2026-05-08 19:43:51.000,We miss you! Come back and earn double points this week.,415,,,,72,AUTOMATED
4570,2026-05-08 04:43:51.000,2026-05-08 19:43:51.000,Bring a friend and both of you earn bonus points.,415,,,,72,CUSTOM
4571,2026-05-08 16:43:51.000,2026-05-08 19:43:51.000,Happy birthday! Enjoy your special gift from us.,415,1243,,,24,CUSTOM
4572,2026-05-07 05:43:51.000,2026-05-08 19:43:51.000,Your loyalty card has a new benefit. Tap to discover.,415,1245,,1450,24,AUTOMATED
4573,2026-05-07 06:43:51.000,2026-05-08 19:43:51.000,New products just arrived. Be the first to check them out.,415,,,,48,CUSTOM
4574,2026-05-07 11:43:51.000,2026-05-08 19:43:51.000,Bring a friend and both of you earn bonus points.,416,,,1452,24,AUTOMATED
4575,2026-05-06 21:43:51.000,2026-05-08 19:43:51.000,New products just arrived. Be the first to check them out.,416,,,,168,AUTOMATED
4576,2026-05-07 09:43:51.000,2026-05-08 19:43:51.000,Your loyalty card has a new benefit. Tap to discover.,416,,,,48,CUSTOM
4577,2026-05-08 17:43:51.000,2026-05-08 19:43:51.000,Bring a friend and both of you earn bonus points.,416,1246,,1451,48,CUSTOM
4578,2026-05-08 17:43:51.000,2026-05-08 19:43:51.000,Happy birthday! Enjoy your special gift from us.,416,1246,,,72,CUSTOM
4579,2026-05-07 00:43:51.000,2026-05-08 19:43:51.000,Bring a friend and both of you earn bonus points.,416,1246,,,48,CUSTOM
4580,2026-05-08 00:43:51.000,2026-05-08 19:43:51.000,You have a reward waiting for you. Claim it now!,416,,,,24,CUSTOM
4581,2026-05-08 18:43:51.000,2026-05-08 19:43:51.000,We miss you! Come back and earn double points this week.,416,,,1451,72,CUSTOM
4582,2026-05-07 18:43:51.000,2026-05-08 19:43:51.000,Bring a friend and both of you earn bonus points.,416,,,,48,CUSTOM
4583,2026-05-07 06:43:51.000,2026-05-08 19:43:51.000,You are 50 points away from your next reward!,416,1247,,,72,CUSTOM
4584,2026-05-07 19:43:51.000,2026-05-08 19:43:51.000,New products just arrived. Be the first to check them out.,416,,,,72,CUSTOM
4585,2026-05-07 16:43:51.000,2026-05-08 19:43:51.000,You have a reward waiting for you. Claim it now!,416,,,1451,72,AUTOMATED
4586,2026-05-07 15:43:51.000,2026-05-08 19:43:51.000,You have a reward waiting for you. Claim it now!,416,1247,,1451,72,CUSTOM
4587,2026-05-07 07:43:51.000,2026-05-08 19:43:51.000,Happy birthday! Enjoy your special gift from us.,416,1247,,,48,CUSTOM
4588,2026-05-07 18:43:51.000,2026-05-08 19:43:51.000,You are 50 points away from your next reward!,416,1248,,,72,CUSTOM
4589,2026-05-08 04:43:51.000,2026-05-08 19:43:51.000,Flash sale today only. Use your points for extra savings.,417,1251,,1454,48,CUSTOM
4590,2026-05-07 03:43:51.000,2026-05-08 19:43:51.000,New products just arrived. Be the first to check them out.,417,,,,72,CUSTOM
4591,2026-05-08 14:43:51.000,2026-05-08 19:43:51.000,We miss you! Come back and earn double points this week.,417,,,,48,AUTOMATED
4592,2026-05-08 06:43:51.000,2026-05-08 19:43:51.000,You have a reward waiting for you. Claim it now!,417,,,,24,AUTOMATED
4593,2026-05-07 02:43:51.000,2026-05-08 19:43:51.000,Your loyalty card has a new benefit. Tap to discover.,417,,,1454,24,CUSTOM
4594,2026-05-07 02:43:51.000,2026-05-08 19:43:51.000,New products just arrived. Be the first to check them out.,417,1249,,,24,CUSTOM
4595,2026-05-08 09:43:51.000,2026-05-08 19:43:51.000,Flash sale today only. Use your points for extra savings.,417,1251,,,24,AUTOMATED
4596,2026-05-06 21:43:51.000,2026-05-08 19:43:51.000,You are 50 points away from your next reward!,418,,,1456,168,CUSTOM
4597,2026-05-08 01:43:51.000,2026-05-08 19:43:51.000,Bring a friend and both of you earn bonus points.,418,1254,,1457,72,CUSTOM
4598,2026-05-08 03:43:51.000,2026-05-08 19:43:51.000,You have a reward waiting for you. Claim it now!,418,1254,,1457,168,AUTOMATED
4599,2026-05-07 17:43:51.000,2026-05-08 19:43:51.000,You are 50 points away from your next reward!,418,1253,,,168,CUSTOM
4600,2026-05-08 05:43:51.000,2026-05-08 19:43:51.000,You have a reward waiting for you. Claim it now!,418,1252,,,168,AUTOMATED
4601,2026-05-08 17:43:51.000,2026-05-08 19:43:51.000,Happy birthday! Enjoy your special gift from us.,418,1252,,,168,CUSTOM
4602,2026-05-07 06:43:51.000,2026-05-08 19:43:51.000,Flash sale today only. Use your points for extra savings.,418,1253,,,48,AUTOMATED
4603,2026-05-07 11:43:51.000,2026-05-08 19:43:51.000,Happy birthday! Enjoy your special gift from us.,418,1252,,,48,CUSTOM
4604,2026-05-07 12:43:51.000,2026-05-08 19:43:51.000,Bring a friend and both of you earn bonus points.,418,,,,24,AUTOMATED
4605,2026-05-08 01:43:51.000,2026-05-08 19:43:51.000,New products just arrived. Be the first to check them out.,418,,,1456,72,CUSTOM
4606,2026-05-07 08:43:51.000,2026-05-08 19:43:51.000,Happy birthday! Enjoy your special gift from us.,418,1254,,1457,48,AUTOMATED
4607,2026-05-08 04:43:51.000,2026-05-08 19:43:51.000,You have a reward waiting for you. Claim it now!,418,,,,72,CUSTOM
4608,2026-05-06 23:43:51.000,2026-05-08 19:43:51.000,Flash sale today only. Use your points for extra savings.,419,,,,72,CUSTOM
4609,2026-05-07 00:43:51.000,2026-05-08 19:43:51.000,We miss you! Come back and earn double points this week.,419,1256,,1458,48,AUTOMATED
4610,2026-05-07 11:43:51.000,2026-05-08 19:43:51.000,You have a reward waiting for you. Claim it now!,419,,,,24,CUSTOM
4611,2026-05-07 04:43:51.000,2026-05-08 19:43:51.000,You have a reward waiting for you. Claim it now!,419,1255,,,72,CUSTOM
4612,2026-05-08 02:43:51.000,2026-05-08 19:43:51.000,You are 50 points away from your next reward!,419,1257,,,24,AUTOMATED
4613,2026-05-08 16:43:51.000,2026-05-08 19:43:51.000,Flash sale today only. Use your points for extra savings.,419,,,,168,AUTOMATED
4614,2026-05-07 19:43:51.000,2026-05-08 19:43:51.000,Happy birthday! Enjoy your special gift from us.,419,1255,,1458,72,AUTOMATED
4615,2026-05-06 22:43:51.000,2026-05-08 19:43:51.000,You have a reward waiting for you. Claim it now!,419,,,,24,CUSTOM
4616,2026-05-07 22:43:51.000,2026-05-08 19:43:51.000,Flash sale today only. Use your points for extra savings.,419,,,1458,72,CUSTOM
4617,2026-05-06 20:43:51.000,2026-05-08 19:43:51.000,Bring a friend and both of you earn bonus points.,419,,,,72,AUTOMATED
4618,2026-05-07 19:43:51.000,2026-05-08 19:43:51.000,Your loyalty card has a new benefit. Tap to discover.,419,1256,,1458,24,CUSTOM
4619,2026-05-07 12:43:51.000,2026-05-08 19:43:51.000,Happy birthday! Enjoy your special gift from us.,419,,,,168,AUTOMATED
4620,2026-05-08 13:43:51.000,2026-05-08 19:43:51.000,You are 50 points away from your next reward!,420,,,1461,168,AUTOMATED
4621,2026-05-08 04:43:51.000,2026-05-08 19:43:51.000,You are 50 points away from your next reward!,420,,,,24,CUSTOM
4622,2026-05-06 22:43:51.000,2026-05-08 19:43:51.000,You are 50 points away from your next reward!,420,,,1463,168,CUSTOM
4623,2026-05-08 11:43:51.000,2026-05-08 19:43:51.000,You have a reward waiting for you. Claim it now!,420,,,,72,AUTOMATED
4624,2026-05-07 13:43:51.000,2026-05-08 19:43:51.000,You have a reward waiting for you. Claim it now!,420,,,,48,AUTOMATED
4625,2026-05-08 17:43:51.000,2026-05-08 19:43:51.000,Happy birthday! Enjoy your special gift from us.,420,,,,72,CUSTOM
4626,2026-05-08 03:43:51.000,2026-05-08 19:43:51.000,Happy birthday! Enjoy your special gift from us.,420,,,1461,168,CUSTOM
4627,2026-05-07 00:43:51.000,2026-05-08 19:43:51.000,You are 50 points away from your next reward!,421,1262,,,168,CUSTOM
4628,2026-05-07 19:43:51.000,2026-05-08 19:43:51.000,You are 50 points away from your next reward!,421,,,,168,AUTOMATED
4629,2026-05-08 00:43:51.000,2026-05-08 19:43:51.000,Bring a friend and both of you earn bonus points.,421,,,,168,CUSTOM
4630,2026-05-07 12:43:51.000,2026-05-08 19:43:51.000,New products just arrived. Be the first to check them out.,421,,,,168,CUSTOM
4631,2026-05-08 16:43:51.000,2026-05-08 19:43:51.000,Flash sale today only. Use your points for extra savings.,421,1261,,,72,AUTOMATED
4632,2026-05-07 17:43:51.000,2026-05-08 19:43:51.000,You are 50 points away from your next reward!,421,,,,24,CUSTOM
4633,2026-05-07 05:43:51.000,2026-05-08 19:43:51.000,You have a reward waiting for you. Claim it now!,421,,,,168,AUTOMATED
4634,2026-05-08 16:43:51.000,2026-05-08 19:43:51.000,Your loyalty card has a new benefit. Tap to discover.,422,,,,168,AUTOMATED
4635,2026-05-08 10:43:51.000,2026-05-08 19:43:51.000,New products just arrived. Be the first to check them out.,422,,,1468,48,CUSTOM
4636,2026-05-07 12:43:51.000,2026-05-08 19:43:51.000,Flash sale today only. Use your points for extra savings.,422,1266,,,168,AUTOMATED
4637,2026-05-08 16:43:51.000,2026-05-08 19:43:51.000,You are 50 points away from your next reward!,422,,,,168,AUTOMATED
4638,2026-05-07 11:43:51.000,2026-05-08 19:43:51.000,You are 50 points away from your next reward!,422,1265,,1471,48,AUTOMATED
4639,2026-05-08 02:43:51.000,2026-05-08 19:43:51.000,You have a reward waiting for you. Claim it now!,423,,,,168,CUSTOM
4640,2026-05-07 15:43:51.000,2026-05-08 19:43:51.000,Your loyalty card has a new benefit. Tap to discover.,423,1268,,,72,AUTOMATED
4641,2026-05-07 08:43:51.000,2026-05-08 19:43:51.000,Flash sale today only. Use your points for extra savings.,423,1267,,1474,72,AUTOMATED
4642,2026-05-06 22:43:51.000,2026-05-08 19:43:51.000,Your loyalty card has a new benefit. Tap to discover.,423,,,,24,CUSTOM
4643,2026-05-06 20:43:51.000,2026-05-08 19:43:51.000,Flash sale today only. Use your points for extra savings.,423,,,1472,24,AUTOMATED
4644,2026-05-07 15:43:51.000,2026-05-08 19:43:51.000,Happy birthday! Enjoy your special gift from us.,423,,,,48,CUSTOM
4645,2026-05-08 04:43:51.000,2026-05-08 19:43:51.000,Your loyalty card has a new benefit. Tap to discover.,423,1268,,,24,CUSTOM
4646,2026-05-08 03:43:51.000,2026-05-08 19:43:51.000,Your loyalty card has a new benefit. Tap to discover.,423,,,,168,CUSTOM
4647,2026-05-07 23:43:51.000,2026-05-08 19:43:51.000,New products just arrived. Be the first to check them out.,423,,,,48,CUSTOM
4648,2026-05-08 00:43:51.000,2026-05-08 19:43:51.000,You have a reward waiting for you. Claim it now!,423,1267,,,72,AUTOMATED
4649,2026-05-08 08:43:51.000,2026-05-08 19:43:51.000,Happy birthday! Enjoy your special gift from us.,423,1268,,,168,AUTOMATED
4650,2026-05-08 03:43:51.000,2026-05-08 19:43:51.000,Flash sale today only. Use your points for extra savings.,423,,,,72,CUSTOM
4651,2026-05-08 13:43:51.000,2026-05-08 19:43:51.000,You are 50 points away from your next reward!,424,1272,,,24,CUSTOM
4652,2026-05-07 06:43:51.000,2026-05-08 19:43:51.000,New products just arrived. Be the first to check them out.,424,,,1475,72,CUSTOM
4653,2026-05-07 17:43:51.000,2026-05-08 19:43:51.000,Flash sale today only. Use your points for extra savings.,424,,,1476,72,AUTOMATED
4654,2026-05-08 06:43:51.000,2026-05-08 19:43:51.000,Bring a friend and both of you earn bonus points.,424,1271,,,24,CUSTOM
4655,2026-05-07 07:43:51.000,2026-05-08 19:43:51.000,Your loyalty card has a new benefit. Tap to discover.,424,,,,48,AUTOMATED
4656,2026-05-07 23:43:51.000,2026-05-08 19:43:51.000,You have a reward waiting for you. Claim it now!,424,,,,24,AUTOMATED
4657,2026-05-08 06:43:51.000,2026-05-08 19:43:51.000,You are 50 points away from your next reward!,424,,,,168,CUSTOM
4658,2026-05-07 18:43:51.000,2026-05-08 19:43:51.000,We miss you! Come back and earn double points this week.,425,1273,,,168,AUTOMATED
4659,2026-05-07 20:43:51.000,2026-05-08 19:43:51.000,Your loyalty card has a new benefit. Tap to discover.,425,,,,168,AUTOMATED
4660,2026-05-08 06:43:51.000,2026-05-08 19:43:51.000,Your loyalty card has a new benefit. Tap to discover.,425,1274,,,48,CUSTOM
4661,2026-05-08 14:43:51.000,2026-05-08 19:43:51.000,We miss you! Come back and earn double points this week.,425,,,,48,AUTOMATED
4662,2026-05-07 01:43:51.000,2026-05-08 19:43:51.000,Flash sale today only. Use your points for extra savings.,425,,,,24,AUTOMATED
4663,2026-05-08 09:43:51.000,2026-05-08 19:43:51.000,We miss you! Come back and earn double points this week.,425,1274,,1479,72,AUTOMATED
4664,2026-05-06 21:43:51.000,2026-05-08 19:43:51.000,You are 50 points away from your next reward!,425,,,,48,AUTOMATED
4665,2026-05-08 00:43:51.000,2026-05-08 19:43:51.000,You are 50 points away from your next reward!,426,1277,,1482,72,CUSTOM
4666,2026-05-08 06:43:51.000,2026-05-08 19:43:51.000,Happy birthday! Enjoy your special gift from us.,426,,,,168,CUSTOM
4667,2026-05-08 03:43:51.000,2026-05-08 19:43:51.000,Your loyalty card has a new benefit. Tap to discover.,426,,,,72,CUSTOM
4668,2026-05-08 09:43:51.000,2026-05-08 19:43:51.000,Your loyalty card has a new benefit. Tap to discover.,426,,,,48,AUTOMATED
4669,2026-05-08 11:43:51.000,2026-05-08 19:43:51.000,Your loyalty card has a new benefit. Tap to discover.,426,,,1482,48,AUTOMATED
4670,2026-05-07 16:43:51.000,2026-05-08 19:43:51.000,You have a reward waiting for you. Claim it now!,426,,,,24,AUTOMATED
4671,2026-05-07 03:43:51.000,2026-05-08 19:43:51.000,Flash sale today only. Use your points for extra savings.,426,,,1480,24,CUSTOM
4672,2026-05-07 07:43:51.000,2026-05-08 19:43:51.000,Happy birthday! Enjoy your special gift from us.,426,1278,,1482,168,CUSTOM
4673,2026-05-07 21:43:51.000,2026-05-08 19:43:51.000,Bring a friend and both of you earn bonus points.,426,,,1480,168,CUSTOM
4674,2026-05-07 11:43:51.000,2026-05-08 19:43:51.000,We miss you! Come back and earn double points this week.,426,1276,,,48,CUSTOM
4675,2026-05-06 19:43:51.000,2026-05-08 19:43:51.000,Bring a friend and both of you earn bonus points.,426,,,,24,CUSTOM
4676,2026-05-08 10:43:51.000,2026-05-08 19:43:51.000,Your loyalty card has a new benefit. Tap to discover.,426,1276,,,24,AUTOMATED
4677,2026-05-07 17:43:51.000,2026-05-08 19:43:51.000,Your loyalty card has a new benefit. Tap to discover.,426,,,1480,72,AUTOMATED
4678,2026-05-07 08:43:51.000,2026-05-08 19:43:51.000,New products just arrived. Be the first to check them out.,426,1278,,,168,CUSTOM
4679,2026-05-08 10:43:51.000,2026-05-08 19:43:51.000,You are 50 points away from your next reward!,427,1281,,,72,CUSTOM
4680,2026-05-07 22:43:51.000,2026-05-08 19:43:51.000,Happy birthday! Enjoy your special gift from us.,427,1279,,,72,CUSTOM
4681,2026-05-08 00:43:51.000,2026-05-08 19:43:51.000,Bring a friend and both of you earn bonus points.,427,,,1484,72,CUSTOM
4682,2026-05-07 20:43:51.000,2026-05-08 19:43:51.000,New products just arrived. Be the first to check them out.,428,,,1490,24,CUSTOM
4683,2026-05-08 04:43:51.000,2026-05-08 19:43:51.000,You are 50 points away from your next reward!,428,,,1489,24,CUSTOM
4684,2026-05-06 21:43:51.000,2026-05-08 19:43:51.000,We miss you! Come back and earn double points this week.,428,,,1490,72,CUSTOM
4685,2026-05-07 14:43:51.000,2026-05-08 19:43:51.000,We miss you! Come back and earn double points this week.,429,,,,168,CUSTOM
4686,2026-05-06 22:43:51.000,2026-05-08 19:43:51.000,Bring a friend and both of you earn bonus points.,429,1285,,,168,CUSTOM
4687,2026-05-07 03:43:51.000,2026-05-08 19:43:51.000,You have a reward waiting for you. Claim it now!,429,,,,24,AUTOMATED
4688,2026-05-07 20:43:51.000,2026-05-08 19:43:51.000,Happy birthday! Enjoy your special gift from us.,429,,,1493,24,CUSTOM
4689,2026-05-08 18:43:51.000,2026-05-08 19:43:51.000,Your loyalty card has a new benefit. Tap to discover.,429,,,1494,24,CUSTOM
4690,2026-05-06 19:43:51.000,2026-05-08 19:43:51.000,Flash sale today only. Use your points for extra savings.,429,,,,168,CUSTOM
4691,2026-05-08 11:43:51.000,2026-05-08 19:43:51.000,You are 50 points away from your next reward!,429,,,,168,CUSTOM
4692,2026-05-07 05:43:51.000,2026-05-08 19:43:51.000,Flash sale today only. Use your points for extra savings.,429,1286,,,168,AUTOMATED
4693,2026-05-07 17:43:51.000,2026-05-08 19:43:51.000,Your loyalty card has a new benefit. Tap to discover.,429,,,,24,AUTOMATED
4694,2026-05-07 06:43:51.000,2026-05-08 19:43:51.000,Bring a friend and both of you earn bonus points.,429,1286,,,48,AUTOMATED
4695,2026-05-07 09:43:51.000,2026-05-08 19:43:51.000,Bring a friend and both of you earn bonus points.,429,,,,24,AUTOMATED
4696,2026-05-08 08:43:51.000,2026-05-08 19:43:51.000,Bring a friend and both of you earn bonus points.,429,1285,,,168,CUSTOM
4697,2026-05-08 16:43:51.000,2026-05-08 19:43:51.000,We miss you! Come back and earn double points this week.,429,1286,,,48,AUTOMATED
4698,2026-05-06 20:43:51.000,2026-05-08 19:43:51.000,Your loyalty card has a new benefit. Tap to discover.,429,,,,168,AUTOMATED
4699,2026-05-08 09:43:51.000,2026-05-08 19:43:51.000,Your loyalty card has a new benefit. Tap to discover.,429,,,1493,72,CUSTOM
4700,2026-05-08 15:43:51.000,2026-05-08 19:43:51.000,You have a reward waiting for you. Claim it now!,429,,,,168,AUTOMATED
4701,2026-05-06 21:43:51.000,2026-05-08 19:43:51.000,Happy birthday! Enjoy your special gift from us.,429,,,,48,AUTOMATED
4702,2026-05-08 16:43:51.000,2026-05-08 19:43:51.000,New products just arrived. Be the first to check them out.,429,,,,48,CUSTOM
4703,2026-05-07 12:43:51.000,2026-05-08 19:43:51.000,You have a reward waiting for you. Claim it now!,429,,,1491,48,CUSTOM
4704,2026-05-07 03:43:51.000,2026-05-08 19:43:51.000,You have a reward waiting for you. Claim it now!,429,1287,,1493,168,CUSTOM
4705,2026-05-08 13:43:51.000,2026-05-08 19:43:51.000,New products just arrived. Be the first to check them out.,429,,,,48,AUTOMATED
4706,2026-05-07 11:43:51.000,2026-05-08 19:43:51.000,Bring a friend and both of you earn bonus points.,429,,,,48,AUTOMATED
4707,2026-05-08 06:43:51.000,2026-05-08 19:43:51.000,Bring a friend and both of you earn bonus points.,430,,,,48,AUTOMATED
4708,2026-05-08 06:43:51.000,2026-05-08 19:43:51.000,New products just arrived. Be the first to check them out.,430,,,,72,AUTOMATED
4709,2026-05-08 09:43:51.000,2026-05-08 19:43:51.000,Happy birthday! Enjoy your special gift from us.,430,,,1496,48,AUTOMATED
4710,2026-05-07 22:43:51.000,2026-05-08 19:43:51.000,Happy birthday! Enjoy your special gift from us.,430,1288,,,168,AUTOMATED
4711,2026-05-07 12:43:51.000,2026-05-08 19:43:51.000,New products just arrived. Be the first to check them out.,430,,,,72,CUSTOM
4712,2026-05-07 10:43:51.000,2026-05-08 19:43:51.000,New products just arrived. Be the first to check them out.,430,,,1497,48,AUTOMATED
4713,2026-05-07 21:43:51.000,2026-05-08 19:43:51.000,Flash sale today only. Use your points for extra savings.,430,1289,,1496,48,CUSTOM
4714,2026-05-07 11:43:51.000,2026-05-08 19:43:51.000,New products just arrived. Be the first to check them out.,430,1289,,,24,AUTOMATED
4715,2026-05-08 03:43:51.000,2026-05-08 19:43:51.000,Happy birthday! Enjoy your special gift from us.,430,,,,48,AUTOMATED
4716,2026-05-08 13:43:51.000,2026-05-08 19:43:51.000,Happy birthday! Enjoy your special gift from us.,430,,,1499,72,AUTOMATED
4717,2026-05-08 17:43:51.000,2026-05-08 19:43:51.000,Happy birthday! Enjoy your special gift from us.,430,,,1497,48,AUTOMATED
4718,2026-05-07 07:43:51.000,2026-05-08 19:43:51.000,You are 50 points away from your next reward!,430,1288,,,48,CUSTOM
4719,2026-05-07 16:43:51.000,2026-05-08 19:43:51.000,New products just arrived. Be the first to check them out.,430,,,1499,72,AUTOMATED
4720,2026-05-06 23:43:51.000,2026-05-08 19:43:51.000,Happy birthday! Enjoy your special gift from us.,430,1290,,1498,72,AUTOMATED
4721,2026-05-06 23:43:51.000,2026-05-08 19:43:51.000,Happy birthday! Enjoy your special gift from us.,430,,,1498,48,AUTOMATED
4722,2026-05-07 02:43:51.000,2026-05-08 19:43:51.000,Flash sale today only. Use your points for extra savings.,431,1293,,,24,CUSTOM
4723,2026-05-08 16:43:51.000,2026-05-08 19:43:51.000,New products just arrived. Be the first to check them out.,431,1291,,,48,CUSTOM
4724,2026-05-07 21:43:51.000,2026-05-08 19:43:51.000,New products just arrived. Be the first to check them out.,431,1292,,,72,AUTOMATED
4725,2026-05-08 17:43:51.000,2026-05-08 19:43:51.000,You are 50 points away from your next reward!,431,,,,168,CUSTOM
4726,2026-05-07 18:43:51.000,2026-05-08 19:43:51.000,Happy birthday! Enjoy your special gift from us.,431,1293,,,24,CUSTOM
4727,2026-05-06 21:43:51.000,2026-05-08 19:43:51.000,Flash sale today only. Use your points for extra savings.,431,1293,,,72,AUTOMATED
4728,2026-05-08 03:43:51.000,2026-05-08 19:43:51.000,We miss you! Come back and earn double points this week.,431,,,,72,AUTOMATED
4729,2026-05-07 07:43:51.000,2026-05-08 19:43:51.000,Bring a friend and both of you earn bonus points.,431,,,,72,AUTOMATED
4730,2026-05-08 15:43:51.000,2026-05-08 19:43:51.000,New products just arrived. Be the first to check them out.,431,,,,72,CUSTOM
4731,2026-05-07 03:43:51.000,2026-05-08 19:43:51.000,You are 50 points away from your next reward!,431,1291,,1502,72,AUTOMATED
4732,2026-05-07 09:43:51.000,2026-05-08 19:43:51.000,We miss you! Come back and earn double points this week.,431,,,1501,72,AUTOMATED
4733,2026-05-06 19:43:51.000,2026-05-08 19:43:51.000,Happy birthday! Enjoy your special gift from us.,432,1296,,,72,AUTOMATED
4734,2026-05-07 12:43:51.000,2026-05-08 19:43:51.000,You have a reward waiting for you. Claim it now!,432,1294,,,72,CUSTOM
4735,2026-05-07 20:43:51.000,2026-05-08 19:43:51.000,Bring a friend and both of you earn bonus points.,432,,,1504,168,CUSTOM
4736,2026-05-08 02:43:51.000,2026-05-08 19:43:51.000,You have a reward waiting for you. Claim it now!,432,1295,,,72,AUTOMATED
4737,2026-05-07 07:43:51.000,2026-05-08 19:43:51.000,New products just arrived. Be the first to check them out.,432,1294,,,168,CUSTOM
4738,2026-05-07 02:43:51.000,2026-05-08 19:43:51.000,New products just arrived. Be the first to check them out.,432,1296,,1506,72,AUTOMATED
4739,2026-05-08 15:43:51.000,2026-05-08 19:43:51.000,New products just arrived. Be the first to check them out.,432,,,,72,CUSTOM
4740,2026-05-08 08:43:51.000,2026-05-08 19:43:51.000,You are 50 points away from your next reward!,432,,,,24,CUSTOM
4741,2026-05-08 11:43:51.000,2026-05-08 19:43:51.000,Your loyalty card has a new benefit. Tap to discover.,432,,,,48,CUSTOM
4742,2026-05-07 09:43:51.000,2026-05-08 19:43:51.000,We miss you! Come back and earn double points this week.,432,,,,48,CUSTOM
4743,2026-05-07 09:43:51.000,2026-05-08 19:43:51.000,We miss you! Come back and earn double points this week.,432,1294,,,168,AUTOMATED
4744,2026-05-07 12:43:51.000,2026-05-08 19:43:51.000,You are 50 points away from your next reward!,432,,,1505,168,AUTOMATED
4745,2026-05-07 06:43:51.000,2026-05-08 19:43:51.000,You have a reward waiting for you. Claim it now!,432,,,1507,72,AUTOMATED
4746,2026-05-08 08:43:51.000,2026-05-08 19:43:51.000,We miss you! Come back and earn double points this week.,432,,,,24,CUSTOM
4747,2026-05-06 22:43:51.000,2026-05-08 19:43:51.000,Flash sale today only. Use your points for extra savings.,432,1295,,1507,168,AUTOMATED
4748,2026-05-07 20:43:51.000,2026-05-08 19:43:51.000,Flash sale today only. Use your points for extra savings.,432,,,,24,CUSTOM
4749,2026-05-08 17:43:51.000,2026-05-08 19:43:51.000,New products just arrived. Be the first to check them out.,432,,,,48,AUTOMATED
4750,2026-05-08 03:43:51.000,2026-05-08 19:43:51.000,You have a reward waiting for you. Claim it now!,432,1296,,,48,CUSTOM
4751,2026-05-07 06:43:51.000,2026-05-08 19:43:51.000,We miss you! Come back and earn double points this week.,433,1299,,1509,48,AUTOMATED
4752,2026-05-07 18:43:51.000,2026-05-08 19:43:51.000,You are 50 points away from your next reward!,433,1298,,,168,AUTOMATED
4753,2026-05-07 06:43:51.000,2026-05-08 19:43:51.000,New products just arrived. Be the first to check them out.,433,,,,24,AUTOMATED
4754,2026-05-07 07:43:51.000,2026-05-08 19:43:51.000,We miss you! Come back and earn double points this week.,434,,,,168,CUSTOM
4755,2026-05-08 09:43:51.000,2026-05-08 19:43:51.000,Bring a friend and both of you earn bonus points.,434,,,,24,AUTOMATED
4756,2026-05-07 23:43:51.000,2026-05-08 19:43:51.000,Bring a friend and both of you earn bonus points.,434,1301,,,72,CUSTOM
4757,2026-05-07 07:43:51.000,2026-05-08 19:43:51.000,You have a reward waiting for you. Claim it now!,434,,,1511,72,CUSTOM
4758,2026-05-08 11:43:51.000,2026-05-08 19:43:51.000,New products just arrived. Be the first to check them out.,434,1302,,,72,AUTOMATED
4759,2026-05-07 09:43:51.000,2026-05-08 19:43:51.000,We miss you! Come back and earn double points this week.,434,1302,,,24,CUSTOM
4760,2026-05-08 14:43:51.000,2026-05-08 19:43:51.000,Your loyalty card has a new benefit. Tap to discover.,434,1300,,,72,CUSTOM
4761,2026-05-07 03:43:51.000,2026-05-08 19:43:51.000,Bring a friend and both of you earn bonus points.,434,,,1511,168,CUSTOM
4762,2026-05-07 04:43:51.000,2026-05-08 19:43:51.000,Happy birthday! Enjoy your special gift from us.,434,,,,72,AUTOMATED
4763,2026-05-07 08:43:51.000,2026-05-08 19:43:51.000,Flash sale today only. Use your points for extra savings.,434,,,1512,24,CUSTOM
4764,2026-05-08 09:43:51.000,2026-05-08 19:43:51.000,Happy birthday! Enjoy your special gift from us.,434,,,1512,72,CUSTOM
4765,2026-05-08 00:43:51.000,2026-05-08 19:43:51.000,You have a reward waiting for you. Claim it now!,435,,,,48,AUTOMATED
4766,2026-05-08 06:43:51.000,2026-05-08 19:43:51.000,Flash sale today only. Use your points for extra savings.,435,,,1516,24,CUSTOM
4767,2026-05-08 03:43:51.000,2026-05-08 19:43:51.000,Bring a friend and both of you earn bonus points.,435,,,,72,AUTOMATED
4768,2026-05-08 07:43:51.000,2026-05-08 19:43:51.000,We miss you! Come back and earn double points this week.,435,,,,168,AUTOMATED
4769,2026-05-08 03:43:51.000,2026-05-08 19:43:51.000,You are 50 points away from your next reward!,435,,,,72,AUTOMATED
4770,2026-05-08 11:43:51.000,2026-05-08 19:43:51.000,Flash sale today only. Use your points for extra savings.,435,,,,168,AUTOMATED
4771,2026-05-07 17:43:51.000,2026-05-08 19:43:51.000,We miss you! Come back and earn double points this week.,435,1303,,,168,CUSTOM
4772,2026-05-08 02:43:51.000,2026-05-08 19:43:51.000,You have a reward waiting for you. Claim it now!,435,,,1515,72,CUSTOM
4773,2026-05-08 16:43:51.000,2026-05-08 19:43:51.000,New products just arrived. Be the first to check them out.,435,1303,,,24,AUTOMATED
4774,2026-05-08 07:43:51.000,2026-05-08 19:43:51.000,Your loyalty card has a new benefit. Tap to discover.,435,1305,,,48,AUTOMATED
4775,2026-05-07 12:43:51.000,2026-05-08 19:43:51.000,Flash sale today only. Use your points for extra savings.,435,1305,,1516,72,AUTOMATED
4776,2026-05-08 15:43:51.000,2026-05-08 19:43:51.000,Bring a friend and both of you earn bonus points.,435,,,,168,AUTOMATED
4777,2026-05-08 09:43:51.000,2026-05-08 19:43:51.000,New products just arrived. Be the first to check them out.,435,1305,,,24,CUSTOM
4778,2026-05-08 12:43:51.000,2026-05-08 19:43:51.000,Happy birthday! Enjoy your special gift from us.,435,,,,24,AUTOMATED
4779,2026-05-08 03:43:51.000,2026-05-08 19:43:51.000,You are 50 points away from your next reward!,436,,,1519,48,AUTOMATED
4780,2026-05-08 10:43:51.000,2026-05-08 19:43:51.000,We miss you! Come back and earn double points this week.,436,1307,,,24,AUTOMATED
4781,2026-05-08 15:43:51.000,2026-05-08 19:43:51.000,We miss you! Come back and earn double points this week.,436,,,,48,AUTOMATED
4782,2026-05-07 01:43:51.000,2026-05-08 19:43:51.000,Flash sale today only. Use your points for extra savings.,436,1308,,,48,CUSTOM
4783,2026-05-08 08:43:51.000,2026-05-08 19:43:51.000,We miss you! Come back and earn double points this week.,436,,,,72,AUTOMATED
4784,2026-05-06 20:43:51.000,2026-05-08 19:43:51.000,Happy birthday! Enjoy your special gift from us.,436,1307,,1517,48,AUTOMATED
4785,2026-05-07 10:43:51.000,2026-05-08 19:43:51.000,New products just arrived. Be the first to check them out.,436,,,,24,CUSTOM
4786,2026-05-07 13:43:51.000,2026-05-08 19:43:51.000,Happy birthday! Enjoy your special gift from us.,436,,,,168,CUSTOM
4787,2026-05-07 22:43:51.000,2026-05-08 19:43:51.000,Happy birthday! Enjoy your special gift from us.,436,,,1518,72,CUSTOM
4788,2026-05-08 08:43:51.000,2026-05-08 19:43:51.000,You are 50 points away from your next reward!,436,,,,48,CUSTOM
4789,2026-05-06 23:43:51.000,2026-05-08 19:43:51.000,Your loyalty card has a new benefit. Tap to discover.,437,,,,72,AUTOMATED
4790,2026-05-07 15:43:51.000,2026-05-08 19:43:51.000,We miss you! Come back and earn double points this week.,437,,,,72,AUTOMATED
4791,2026-05-08 07:43:51.000,2026-05-08 19:43:51.000,Your loyalty card has a new benefit. Tap to discover.,437,1310,,1522,168,AUTOMATED
4792,2026-05-07 19:43:51.000,2026-05-08 19:43:51.000,Happy birthday! Enjoy your special gift from us.,437,,,,48,CUSTOM
4793,2026-05-06 22:43:51.000,2026-05-08 19:43:51.000,Flash sale today only. Use your points for extra savings.,437,1309,,1521,24,AUTOMATED
4794,2026-05-07 17:43:51.000,2026-05-08 19:43:51.000,New products just arrived. Be the first to check them out.,437,,,,168,CUSTOM
4795,2026-05-07 20:43:51.000,2026-05-08 19:43:51.000,Flash sale today only. Use your points for extra savings.,437,,,1521,48,CUSTOM
4796,2026-05-08 07:43:51.000,2026-05-08 19:43:51.000,Flash sale today only. Use your points for extra savings.,437,,,,24,CUSTOM
4797,2026-05-07 18:43:51.000,2026-05-08 19:43:51.000,Happy birthday! Enjoy your special gift from us.,437,1309,,,168,AUTOMATED
4798,2026-05-08 13:43:51.000,2026-05-08 19:43:51.000,You have a reward waiting for you. Claim it now!,437,,,,168,AUTOMATED
4799,2026-05-07 02:43:51.000,2026-05-08 19:43:51.000,Flash sale today only. Use your points for extra savings.,438,,,,72,AUTOMATED
4800,2026-05-08 00:43:51.000,2026-05-08 19:43:51.000,Your loyalty card has a new benefit. Tap to discover.,438,,,,24,AUTOMATED
4801,2026-05-07 21:43:51.000,2026-05-08 19:43:51.000,You have a reward waiting for you. Claim it now!,438,1314,,1524,48,CUSTOM
4802,2026-05-07 20:43:51.000,2026-05-08 19:43:51.000,Bring a friend and both of you earn bonus points.,438,1314,,,48,AUTOMATED
4803,2026-05-08 14:43:51.000,2026-05-08 19:43:51.000,Your loyalty card has a new benefit. Tap to discover.,439,,,1526,72,AUTOMATED
4804,2026-05-07 16:43:51.000,2026-05-08 19:43:51.000,Happy birthday! Enjoy your special gift from us.,439,,,,48,AUTOMATED
4805,2026-05-08 03:43:51.000,2026-05-08 19:43:51.000,Bring a friend and both of you earn bonus points.,439,1316,,,168,CUSTOM
4806,2026-05-07 19:43:51.000,2026-05-08 19:43:51.000,Your loyalty card has a new benefit. Tap to discover.,439,1317,,,48,AUTOMATED
4807,2026-05-07 07:43:51.000,2026-05-08 19:43:51.000,Flash sale today only. Use your points for extra savings.,439,1315,,,48,CUSTOM
4808,2026-05-07 09:43:51.000,2026-05-08 19:43:51.000,We miss you! Come back and earn double points this week.,439,1315,,1526,72,CUSTOM
4809,2026-05-08 12:43:51.000,2026-05-08 19:43:51.000,You are 50 points away from your next reward!,439,1315,,1525,48,AUTOMATED
4810,2026-05-08 03:43:51.000,2026-05-08 19:43:51.000,You have a reward waiting for you. Claim it now!,440,1320,,1528,48,AUTOMATED
4811,2026-05-08 00:43:51.000,2026-05-08 19:43:51.000,Bring a friend and both of you earn bonus points.,440,,,,168,AUTOMATED
4812,2026-05-07 21:43:51.000,2026-05-08 19:43:51.000,You are 50 points away from your next reward!,440,1320,,,168,CUSTOM
4813,2026-05-06 21:43:51.000,2026-05-08 19:43:51.000,You have a reward waiting for you. Claim it now!,440,1320,,,48,CUSTOM
4814,2026-05-08 15:43:51.000,2026-05-08 19:43:51.000,New products just arrived. Be the first to check them out.,440,,,1529,168,AUTOMATED
4815,2026-05-06 21:43:51.000,2026-05-08 19:43:51.000,Happy birthday! Enjoy your special gift from us.,440,1320,,,24,AUTOMATED
4816,2026-05-08 00:43:51.000,2026-05-08 19:43:51.000,Flash sale today only. Use your points for extra savings.,440,,,,168,AUTOMATED
4817,2026-05-08 12:43:51.000,2026-05-08 19:43:51.000,Your loyalty card has a new benefit. Tap to discover.,440,,,,168,AUTOMATED
4818,2026-05-07 16:43:51.000,2026-05-08 19:43:51.000,We miss you! Come back and earn double points this week.,440,,,1529,72,CUSTOM
4819,2026-05-06 21:43:51.000,2026-05-08 19:43:51.000,Happy birthday! Enjoy your special gift from us.,441,1322,,,48,CUSTOM
4820,2026-05-07 14:43:51.000,2026-05-08 19:43:51.000,We miss you! Come back and earn double points this week.,441,1322,,,48,AUTOMATED
4821,2026-05-08 15:43:51.000,2026-05-08 19:43:51.000,You are 50 points away from your next reward!,441,,,,168,CUSTOM
4822,2026-05-07 06:43:51.000,2026-05-08 19:43:51.000,New products just arrived. Be the first to check them out.,441,1322,,1530,48,CUSTOM
4823,2026-05-07 22:43:51.000,2026-05-08 19:43:51.000,We miss you! Come back and earn double points this week.,441,1323,,1531,168,AUTOMATED
4824,2026-05-07 00:43:51.000,2026-05-08 19:43:51.000,Your loyalty card has a new benefit. Tap to discover.,441,,,,168,CUSTOM
4825,2026-05-08 10:43:51.000,2026-05-08 19:43:51.000,Happy birthday! Enjoy your special gift from us.,441,1322,,,48,AUTOMATED
4826,2026-05-07 08:43:51.000,2026-05-08 19:43:51.000,You are 50 points away from your next reward!,441,,,1530,168,CUSTOM
4827,2026-05-08 03:43:51.000,2026-05-08 19:43:51.000,You are 50 points away from your next reward!,442,1325,,1535,168,AUTOMATED
4828,2026-05-07 18:43:51.000,2026-05-08 19:43:51.000,We miss you! Come back and earn double points this week.,442,,,1534,72,AUTOMATED
4829,2026-05-08 12:43:51.000,2026-05-08 19:43:51.000,New products just arrived. Be the first to check them out.,442,,,,72,AUTOMATED
4830,2026-05-08 13:43:51.000,2026-05-08 19:43:51.000,You have a reward waiting for you. Claim it now!,442,1324,,,72,AUTOMATED
4831,2026-05-07 21:43:51.000,2026-05-08 19:43:51.000,Happy birthday! Enjoy your special gift from us.,442,,,,48,AUTOMATED
4832,2026-05-07 06:43:51.000,2026-05-08 19:43:51.000,Flash sale today only. Use your points for extra savings.,442,,,1535,48,AUTOMATED
4833,2026-05-07 11:43:51.000,2026-05-08 19:43:51.000,Flash sale today only. Use your points for extra savings.,442,1326,,,24,CUSTOM
4834,2026-05-06 22:43:51.000,2026-05-08 19:43:51.000,You have a reward waiting for you. Claim it now!,442,,,,24,CUSTOM
4835,2026-05-07 11:43:51.000,2026-05-08 19:43:51.000,We miss you! Come back and earn double points this week.,442,,,,168,AUTOMATED
4836,2026-05-08 12:43:51.000,2026-05-08 19:43:51.000,Flash sale today only. Use your points for extra savings.,442,,,,168,AUTOMATED
4837,2026-05-07 09:43:51.000,2026-05-08 19:43:51.000,We miss you! Come back and earn double points this week.,443,,,,24,AUTOMATED
4838,2026-05-07 14:43:51.000,2026-05-08 19:43:51.000,Happy birthday! Enjoy your special gift from us.,443,,,,168,AUTOMATED
4839,2026-05-06 19:43:51.000,2026-05-08 19:43:51.000,We miss you! Come back and earn double points this week.,443,1328,,,72,CUSTOM
4840,2026-05-07 04:43:51.000,2026-05-08 19:43:51.000,Your loyalty card has a new benefit. Tap to discover.,443,1327,,,168,AUTOMATED
4841,2026-05-08 00:43:51.000,2026-05-08 19:43:51.000,We miss you! Come back and earn double points this week.,443,,,,24,AUTOMATED
4842,2026-05-07 11:43:51.000,2026-05-08 19:43:51.000,You have a reward waiting for you. Claim it now!,443,1328,,,48,AUTOMATED
4843,2026-05-07 07:43:51.000,2026-05-08 19:43:51.000,We miss you! Come back and earn double points this week.,443,,,1539,24,CUSTOM
4844,2026-05-06 21:43:51.000,2026-05-08 19:43:51.000,We miss you! Come back and earn double points this week.,443,,,1539,24,AUTOMATED
4845,2026-05-07 22:43:51.000,2026-05-08 19:43:51.000,Happy birthday! Enjoy your special gift from us.,443,,,,48,CUSTOM
4846,2026-05-08 08:43:51.000,2026-05-08 19:43:51.000,New products just arrived. Be the first to check them out.,443,1327,,,168,AUTOMATED
4847,2026-05-07 14:43:51.000,2026-05-08 19:43:51.000,Bring a friend and both of you earn bonus points.,443,1328,,,168,CUSTOM
4848,2026-05-07 16:43:51.000,2026-05-08 19:43:51.000,Bring a friend and both of you earn bonus points.,443,,,1536,72,AUTOMATED
4849,2026-05-08 01:43:51.000,2026-05-08 19:43:51.000,Happy birthday! Enjoy your special gift from us.,443,,,,168,AUTOMATED
4850,2026-05-08 05:43:51.000,2026-05-08 19:43:51.000,Happy birthday! Enjoy your special gift from us.,443,,,,72,AUTOMATED
4851,2026-05-07 05:43:51.000,2026-05-08 19:43:51.000,Happy birthday! Enjoy your special gift from us.,443,,,1537,72,CUSTOM
4852,2026-05-08 10:43:51.000,2026-05-08 19:43:51.000,We miss you! Come back and earn double points this week.,443,,,,72,CUSTOM
4853,2026-05-08 00:43:51.000,2026-05-08 19:43:51.000,Flash sale today only. Use your points for extra savings.,443,,,1538,24,AUTOMATED
4854,2026-05-08 09:43:51.000,2026-05-08 19:43:51.000,Your loyalty card has a new benefit. Tap to discover.,443,1327,,,48,CUSTOM
4855,2026-05-08 18:43:51.000,2026-05-08 19:43:51.000,Flash sale today only. Use your points for extra savings.,443,,,,24,AUTOMATED
4856,2026-05-07 19:43:51.000,2026-05-08 19:43:51.000,You have a reward waiting for you. Claim it now!,443,1329,,,168,AUTOMATED
4857,2026-05-08 12:43:51.000,2026-05-08 19:43:51.000,New products just arrived. Be the first to check them out.,443,,,,24,AUTOMATED
4858,2026-05-07 21:43:51.000,2026-05-08 19:43:51.000,Happy birthday! Enjoy your special gift from us.,443,,,1537,168,CUSTOM
4859,2026-05-07 19:43:51.000,2026-05-08 19:43:51.000,Happy birthday! Enjoy your special gift from us.,443,,,1539,48,CUSTOM
4860,2026-05-06 21:43:51.000,2026-05-08 19:43:51.000,Your loyalty card has a new benefit. Tap to discover.,443,1328,,,48,AUTOMATED
4861,2026-05-07 10:43:51.000,2026-05-08 19:43:51.000,Your loyalty card has a new benefit. Tap to discover.,443,,,,72,CUSTOM
4862,2026-05-07 09:43:51.000,2026-05-08 19:43:51.000,New products just arrived. Be the first to check them out.,443,,,,24,CUSTOM
4863,2026-05-08 02:43:51.000,2026-05-08 19:43:51.000,You are 50 points away from your next reward!,443,,,,72,AUTOMATED
4864,2026-05-08 12:43:51.000,2026-05-08 19:43:51.000,Flash sale today only. Use your points for extra savings.,443,1329,,1537,48,AUTOMATED
4865,2026-05-08 08:43:51.000,2026-05-08 19:43:51.000,Bring a friend and both of you earn bonus points.,444,,,,168,AUTOMATED
4866,2026-05-07 15:43:51.000,2026-05-08 19:43:51.000,You have a reward waiting for you. Claim it now!,444,,,,72,CUSTOM
4867,2026-05-07 02:43:51.000,2026-05-08 19:43:51.000,Happy birthday! Enjoy your special gift from us.,444,1332,,,168,AUTOMATED
4868,2026-05-08 00:43:51.000,2026-05-08 19:43:51.000,You are 50 points away from your next reward!,444,1330,,,168,AUTOMATED
4869,2026-05-07 01:43:51.000,2026-05-08 19:43:51.000,Bring a friend and both of you earn bonus points.,444,,,,24,AUTOMATED
4870,2026-05-08 04:43:51.000,2026-05-08 19:43:51.000,Flash sale today only. Use your points for extra savings.,444,,,1541,168,AUTOMATED
4871,2026-05-07 00:43:51.000,2026-05-08 19:43:51.000,Bring a friend and both of you earn bonus points.,444,1330,,,72,AUTOMATED
4872,2026-05-07 19:43:51.000,2026-05-08 19:43:51.000,Bring a friend and both of you earn bonus points.,444,,,1541,48,CUSTOM
4873,2026-05-07 09:43:51.000,2026-05-08 19:43:51.000,You are 50 points away from your next reward!,444,,,,48,AUTOMATED
4874,2026-05-07 13:43:51.000,2026-05-08 19:43:51.000,We miss you! Come back and earn double points this week.,444,1331,,1540,72,CUSTOM
4875,2026-05-08 04:43:51.000,2026-05-08 19:43:51.000,Bring a friend and both of you earn bonus points.,444,,,,24,AUTOMATED
4876,2026-05-08 10:43:51.000,2026-05-08 19:43:51.000,You have a reward waiting for you. Claim it now!,444,1330,,,24,CUSTOM
4877,2026-05-07 20:43:51.000,2026-05-08 19:43:51.000,We miss you! Come back and earn double points this week.,444,,,1541,24,AUTOMATED
4878,2026-05-08 05:43:51.000,2026-05-08 19:43:51.000,Flash sale today only. Use your points for extra savings.,444,,,1540,24,CUSTOM
4879,2026-05-07 10:43:51.000,2026-05-08 19:43:51.000,Happy birthday! Enjoy your special gift from us.,445,,,1546,24,CUSTOM
4880,2026-05-08 06:43:51.000,2026-05-08 19:43:51.000,You are 50 points away from your next reward!,445,,,,24,CUSTOM
4881,2026-05-08 16:43:51.000,2026-05-08 19:43:51.000,We miss you! Come back and earn double points this week.,445,,,1545,168,CUSTOM
4882,2026-05-08 05:43:51.000,2026-05-08 19:43:51.000,Bring a friend and both of you earn bonus points.,445,,,,168,CUSTOM
4883,2026-05-07 20:43:51.000,2026-05-08 19:43:51.000,We miss you! Come back and earn double points this week.,445,,,1542,168,AUTOMATED
4884,2026-05-07 21:43:51.000,2026-05-08 19:43:51.000,Flash sale today only. Use your points for extra savings.,445,,,1545,72,AUTOMATED
4885,2026-05-08 05:43:51.000,2026-05-08 19:43:51.000,Happy birthday! Enjoy your special gift from us.,445,,,,48,AUTOMATED
4886,2026-05-08 12:43:51.000,2026-05-08 19:43:51.000,You have a reward waiting for you. Claim it now!,445,,,,72,CUSTOM
4887,2026-05-07 05:43:51.000,2026-05-08 19:43:51.000,You are 50 points away from your next reward!,445,,,,168,CUSTOM
4888,2026-05-07 13:43:51.000,2026-05-08 19:43:51.000,You are 50 points away from your next reward!,445,,,,48,CUSTOM
4889,2026-05-07 23:43:51.000,2026-05-08 19:43:51.000,Happy birthday! Enjoy your special gift from us.,445,1335,,,168,CUSTOM
4890,2026-05-07 01:43:51.000,2026-05-08 19:43:51.000,Your loyalty card has a new benefit. Tap to discover.,445,,,,168,AUTOMATED
4891,2026-05-07 18:43:51.000,2026-05-08 19:43:51.000,Flash sale today only. Use your points for extra savings.,445,,,,48,CUSTOM
4892,2026-05-07 00:43:51.000,2026-05-08 19:43:51.000,You have a reward waiting for you. Claim it now!,445,1333,,,168,AUTOMATED
4893,2026-05-07 06:43:51.000,2026-05-08 19:43:51.000,We miss you! Come back and earn double points this week.,445,,,,48,AUTOMATED
4894,2026-05-08 18:43:51.000,2026-05-08 19:43:51.000,Happy birthday! Enjoy your special gift from us.,446,1338,,,72,AUTOMATED
4895,2026-05-07 12:43:51.000,2026-05-08 19:43:51.000,New products just arrived. Be the first to check them out.,446,,,,168,CUSTOM
4896,2026-05-08 07:43:51.000,2026-05-08 19:43:51.000,We miss you! Come back and earn double points this week.,446,,,,168,CUSTOM
4897,2026-05-07 22:43:51.000,2026-05-08 19:43:51.000,Your loyalty card has a new benefit. Tap to discover.,446,,,,72,AUTOMATED
4898,2026-05-07 05:43:51.000,2026-05-08 19:43:51.000,Flash sale today only. Use your points for extra savings.,446,1337,,,48,CUSTOM
4899,2026-05-07 13:43:51.000,2026-05-08 19:43:51.000,Bring a friend and both of you earn bonus points.,446,1337,,,72,CUSTOM
4900,2026-05-08 01:43:51.000,2026-05-08 19:43:51.000,Happy birthday! Enjoy your special gift from us.,446,,,,24,AUTOMATED
4901,2026-05-06 20:43:51.000,2026-05-08 19:43:51.000,Bring a friend and both of you earn bonus points.,446,,,,168,CUSTOM
4902,2026-05-08 06:43:51.000,2026-05-08 19:43:51.000,You have a reward waiting for you. Claim it now!,446,,,,72,AUTOMATED
4903,2026-05-08 03:43:51.000,2026-05-08 19:43:51.000,Happy birthday! Enjoy your special gift from us.,446,1338,,,48,CUSTOM
4904,2026-05-07 09:43:51.000,2026-05-08 19:43:51.000,You have a reward waiting for you. Claim it now!,446,1337,,,48,AUTOMATED
4905,2026-05-07 16:43:51.000,2026-05-08 19:43:51.000,You are 50 points away from your next reward!,446,,,1551,72,AUTOMATED
4906,2026-05-06 20:43:51.000,2026-05-08 19:43:51.000,You have a reward waiting for you. Claim it now!,446,,,,168,AUTOMATED
4907,2026-05-07 18:43:51.000,2026-05-08 19:43:51.000,Flash sale today only. Use your points for extra savings.,446,,,1551,48,AUTOMATED
4908,2026-05-07 12:43:51.000,2026-05-08 19:43:51.000,Happy birthday! Enjoy your special gift from us.,446,1338,,,24,AUTOMATED
4909,2026-05-07 17:43:51.000,2026-05-08 19:43:51.000,Bring a friend and both of you earn bonus points.,446,,,1551,24,AUTOMATED
4910,2026-05-07 10:43:51.000,2026-05-08 19:43:51.000,Your loyalty card has a new benefit. Tap to discover.,446,,,,48,CUSTOM
4911,2026-05-08 18:43:51.000,2026-05-08 19:43:51.000,Bring a friend and both of you earn bonus points.,446,1336,,,168,AUTOMATED
4912,2026-05-08 15:43:51.000,2026-05-08 19:43:51.000,New products just arrived. Be the first to check them out.,446,1338,,,24,CUSTOM
4913,2026-05-07 22:43:51.000,2026-05-08 19:43:51.000,Happy birthday! Enjoy your special gift from us.,446,,,1549,48,CUSTOM
4914,2026-05-07 10:43:51.000,2026-05-08 19:43:51.000,New products just arrived. Be the first to check them out.,446,1337,,1551,24,CUSTOM
4915,2026-05-08 07:43:51.000,2026-05-08 19:43:51.000,Your loyalty card has a new benefit. Tap to discover.,446,1337,,,72,AUTOMATED
4916,2026-05-07 15:43:51.000,2026-05-08 19:43:51.000,Bring a friend and both of you earn bonus points.,446,1338,,1547,72,AUTOMATED
4917,2026-05-08 16:43:51.000,2026-05-08 19:43:51.000,You are 50 points away from your next reward!,446,,,1550,168,CUSTOM
4918,2026-05-07 05:43:51.000,2026-05-08 19:43:51.000,You are 50 points away from your next reward!,446,1338,,,168,AUTOMATED
4919,2026-05-07 19:43:51.000,2026-05-08 19:43:51.000,Happy birthday! Enjoy your special gift from us.,446,,,1550,24,AUTOMATED
4920,2026-05-07 04:43:51.000,2026-05-08 19:43:51.000,You are 50 points away from your next reward!,447,,,,24,CUSTOM
4921,2026-05-07 08:43:51.000,2026-05-08 19:43:51.000,New products just arrived. Be the first to check them out.,447,,,,24,AUTOMATED
4922,2026-05-08 05:43:51.000,2026-05-08 19:43:51.000,Flash sale today only. Use your points for extra savings.,447,,,,24,CUSTOM
4923,2026-05-07 14:43:51.000,2026-05-08 19:43:51.000,You have a reward waiting for you. Claim it now!,447,,,,72,AUTOMATED
4924,2026-05-06 23:43:51.000,2026-05-08 19:43:51.000,Bring a friend and both of you earn bonus points.,447,1339,,,48,CUSTOM
4925,2026-05-06 23:43:51.000,2026-05-08 19:43:51.000,You have a reward waiting for you. Claim it now!,447,,,,48,CUSTOM
4926,2026-05-08 15:43:51.000,2026-05-08 19:43:51.000,You have a reward waiting for you. Claim it now!,448,,,1557,72,AUTOMATED
4927,2026-05-07 00:43:51.000,2026-05-08 19:43:51.000,We miss you! Come back and earn double points this week.,448,1344,,,24,AUTOMATED
4928,2026-05-07 11:43:51.000,2026-05-08 19:43:51.000,New products just arrived. Be the first to check them out.,448,,,1557,72,CUSTOM
4929,2026-05-08 14:43:51.000,2026-05-08 19:43:51.000,New products just arrived. Be the first to check them out.,448,,,,48,AUTOMATED
4930,2026-05-08 07:43:51.000,2026-05-08 19:43:51.000,Your loyalty card has a new benefit. Tap to discover.,448,,,,24,AUTOMATED
4931,2026-05-08 06:43:51.000,2026-05-08 19:43:51.000,Flash sale today only. Use your points for extra savings.,448,1343,,1557,48,CUSTOM
4932,2026-05-08 06:43:51.000,2026-05-08 19:43:51.000,Flash sale today only. Use your points for extra savings.,448,,,,72,AUTOMATED
4933,2026-05-08 00:43:51.000,2026-05-08 19:43:51.000,New products just arrived. Be the first to check them out.,448,1343,,1556,48,AUTOMATED
4934,2026-05-08 12:43:51.000,2026-05-08 19:43:51.000,New products just arrived. Be the first to check them out.,448,,,1558,48,CUSTOM
4935,2026-05-07 14:43:51.000,2026-05-08 19:43:51.000,Flash sale today only. Use your points for extra savings.,448,,,,72,AUTOMATED
4936,2026-05-08 09:43:51.000,2026-05-08 19:43:51.000,New products just arrived. Be the first to check them out.,448,1344,,,24,AUTOMATED
4937,2026-05-07 00:43:51.000,2026-05-08 19:43:51.000,Bring a friend and both of you earn bonus points.,449,,,1559,48,CUSTOM
4938,2026-05-07 05:43:51.000,2026-05-08 19:43:51.000,You have a reward waiting for you. Claim it now!,449,,,1559,72,AUTOMATED
4939,2026-05-08 00:43:51.000,2026-05-08 19:43:51.000,Happy birthday! Enjoy your special gift from us.,449,,,1560,72,AUTOMATED
4940,2026-05-07 10:43:51.000,2026-05-08 19:43:51.000,Flash sale today only. Use your points for extra savings.,449,,,,48,AUTOMATED
4941,2026-05-07 10:43:51.000,2026-05-08 19:43:51.000,Happy birthday! Enjoy your special gift from us.,449,,,,24,CUSTOM
4942,2026-05-07 06:43:51.000,2026-05-08 19:43:51.000,Bring a friend and both of you earn bonus points.,449,,,1559,48,CUSTOM
4943,2026-05-07 05:43:51.000,2026-05-08 19:43:51.000,We miss you! Come back and earn double points this week.,449,,,,72,CUSTOM
4944,2026-05-08 18:43:51.000,2026-05-08 19:43:51.000,Your loyalty card has a new benefit. Tap to discover.,450,,,,24,AUTOMATED
4945,2026-05-06 19:43:51.000,2026-05-08 19:43:51.000,New products just arrived. Be the first to check them out.,450,,,,48,CUSTOM
4946,2026-05-08 16:43:51.000,2026-05-08 19:43:51.000,You are 50 points away from your next reward!,450,,,,24,AUTOMATED
4947,2026-05-07 14:43:51.000,2026-05-08 19:43:51.000,You have a reward waiting for you. Claim it now!,450,,,,24,CUSTOM
4948,2026-05-07 09:43:51.000,2026-05-08 19:43:51.000,Your loyalty card has a new benefit. Tap to discover.,450,,,,168,AUTOMATED
4949,2026-05-07 17:43:51.000,2026-05-08 19:43:51.000,New products just arrived. Be the first to check them out.,451,,,1565,168,AUTOMATED
4950,2026-05-07 18:43:51.000,2026-05-08 19:43:51.000,We miss you! Come back and earn double points this week.,451,1352,,,72,CUSTOM
4951,2026-05-07 08:43:51.000,2026-05-08 19:43:51.000,Bring a friend and both of you earn bonus points.,451,,,,48,AUTOMATED
4952,2026-05-08 04:43:51.000,2026-05-08 19:43:51.000,Happy birthday! Enjoy your special gift from us.,451,1352,,,72,CUSTOM
4953,2026-05-08 17:43:51.000,2026-05-08 19:43:51.000,Happy birthday! Enjoy your special gift from us.,451,,,,48,AUTOMATED
4954,2026-05-06 21:43:51.000,2026-05-08 19:43:51.000,Bring a friend and both of you earn bonus points.,451,1352,,,48,CUSTOM
4955,2026-05-07 11:43:51.000,2026-05-08 19:43:51.000,Flash sale today only. Use your points for extra savings.,451,,,,72,AUTOMATED
4956,2026-05-07 14:43:51.000,2026-05-08 19:43:51.000,New products just arrived. Be the first to check them out.,451,,,,72,AUTOMATED
4957,2026-05-08 10:43:51.000,2026-05-08 19:43:51.000,You are 50 points away from your next reward!,451,1352,,,48,AUTOMATED
4958,2026-05-07 09:43:51.000,2026-05-08 19:43:51.000,New products just arrived. Be the first to check them out.,451,,,,168,CUSTOM
4959,2026-05-07 17:43:51.000,2026-05-08 19:43:51.000,Bring a friend and both of you earn bonus points.,451,1353,,1568,48,CUSTOM
4960,2026-05-07 09:43:51.000,2026-05-08 19:43:51.000,We miss you! Come back and earn double points this week.,451,1351,,,48,CUSTOM
4961,2026-05-08 01:43:51.000,2026-05-08 19:43:51.000,New products just arrived. Be the first to check them out.,451,1353,,,48,CUSTOM
4962,2026-05-06 23:43:51.000,2026-05-08 19:43:51.000,Your loyalty card has a new benefit. Tap to discover.,451,,,,24,AUTOMATED
4963,2026-05-06 20:43:51.000,2026-05-08 19:43:51.000,Bring a friend and both of you earn bonus points.,451,1352,,1567,168,AUTOMATED
4964,2026-05-07 02:43:51.000,2026-05-08 19:43:51.000,You are 50 points away from your next reward!,451,,,1566,48,CUSTOM
4965,2026-05-07 13:43:51.000,2026-05-08 19:43:51.000,We miss you! Come back and earn double points this week.,451,,,,48,AUTOMATED
4966,2026-05-07 08:43:51.000,2026-05-08 19:43:51.000,Bring a friend and both of you earn bonus points.,451,1353,,,168,CUSTOM
4967,2026-05-08 14:43:51.000,2026-05-08 19:43:51.000,You are 50 points away from your next reward!,451,1353,,,168,CUSTOM
4968,2026-05-07 15:43:51.000,2026-05-08 19:43:51.000,You are 50 points away from your next reward!,451,1352,,1567,48,AUTOMATED
4969,2026-05-07 10:43:51.000,2026-05-08 19:43:51.000,You are 50 points away from your next reward!,451,,,1567,168,AUTOMATED
4970,2026-05-07 08:43:51.000,2026-05-08 19:43:51.000,New products just arrived. Be the first to check them out.,451,,,,24,CUSTOM
4971,2026-05-07 08:43:51.000,2026-05-08 19:43:51.000,Happy birthday! Enjoy your special gift from us.,451,,,1567,168,CUSTOM
4972,2026-05-06 19:43:51.000,2026-05-08 19:43:51.000,We miss you! Come back and earn double points this week.,451,,,,72,CUSTOM
4973,2026-05-08 15:43:51.000,2026-05-08 19:43:51.000,New products just arrived. Be the first to check them out.,451,,,,24,AUTOMATED
4974,2026-05-08 11:43:51.000,2026-05-08 19:43:51.000,Happy birthday! Enjoy your special gift from us.,452,1355,,,24,AUTOMATED
4975,2026-05-08 17:43:51.000,2026-05-08 19:43:51.000,Happy birthday! Enjoy your special gift from us.,452,1354,,,48,CUSTOM
4976,2026-05-07 01:43:51.000,2026-05-08 19:43:51.000,We miss you! Come back and earn double points this week.,452,,,1571,24,CUSTOM
4977,2026-05-07 01:43:51.000,2026-05-08 19:43:51.000,Happy birthday! Enjoy your special gift from us.,452,1355,,,48,CUSTOM
4978,2026-05-07 00:43:51.000,2026-05-08 19:43:51.000,Happy birthday! Enjoy your special gift from us.,452,,,,72,AUTOMATED
4979,2026-05-06 23:43:51.000,2026-05-08 19:43:51.000,New products just arrived. Be the first to check them out.,452,,,,48,CUSTOM
4980,2026-05-06 19:43:51.000,2026-05-08 19:43:51.000,Happy birthday! Enjoy your special gift from us.,452,,,,168,CUSTOM
4981,2026-05-08 17:43:51.000,2026-05-08 19:43:51.000,Happy birthday! Enjoy your special gift from us.,452,1355,,,168,AUTOMATED
4982,2026-05-08 17:43:51.000,2026-05-08 19:43:51.000,You are 50 points away from your next reward!,452,1354,,,24,AUTOMATED
4983,2026-05-07 14:43:51.000,2026-05-08 19:43:51.000,We miss you! Come back and earn double points this week.,453,1359,,,168,AUTOMATED
4984,2026-05-07 22:43:51.000,2026-05-08 19:43:51.000,Flash sale today only. Use your points for extra savings.,453,,,,72,CUSTOM
4985,2026-05-07 13:43:51.000,2026-05-08 19:43:51.000,Flash sale today only. Use your points for extra savings.,453,,,,48,AUTOMATED
4986,2026-05-06 20:43:51.000,2026-05-08 19:43:51.000,Bring a friend and both of you earn bonus points.,453,1359,,,48,CUSTOM
4987,2026-05-07 12:43:51.000,2026-05-08 19:43:51.000,You have a reward waiting for you. Claim it now!,453,,,,72,CUSTOM
4988,2026-05-06 19:43:51.000,2026-05-08 19:43:51.000,You have a reward waiting for you. Claim it now!,453,1358,,1574,72,CUSTOM
4989,2026-05-08 16:43:51.000,2026-05-08 19:43:51.000,We miss you! Come back and earn double points this week.,453,,,,72,CUSTOM
4990,2026-05-08 02:43:51.000,2026-05-08 19:43:51.000,Bring a friend and both of you earn bonus points.,453,,,,168,CUSTOM
4991,2026-05-07 04:43:51.000,2026-05-08 19:43:51.000,Your loyalty card has a new benefit. Tap to discover.,453,1359,,,24,AUTOMATED
4992,2026-05-07 04:43:51.000,2026-05-08 19:43:51.000,Your loyalty card has a new benefit. Tap to discover.,453,,,1572,168,AUTOMATED
4993,2026-05-08 12:43:51.000,2026-05-08 19:43:51.000,Flash sale today only. Use your points for extra savings.,453,,,1573,72,CUSTOM
4994,2026-05-08 13:43:51.000,2026-05-08 19:43:51.000,Your loyalty card has a new benefit. Tap to discover.,453,,,1573,48,AUTOMATED
4995,2026-05-08 10:43:51.000,2026-05-08 19:43:51.000,Your loyalty card has a new benefit. Tap to discover.,453,1358,,1575,48,AUTOMATED
4996,2026-05-08 18:43:51.000,2026-05-08 19:43:51.000,Your loyalty card has a new benefit. Tap to discover.,453,1358,,,168,CUSTOM
4997,2026-05-07 20:43:51.000,2026-05-08 19:43:51.000,You have a reward waiting for you. Claim it now!,453,,,,168,AUTOMATED
4998,2026-05-07 23:43:51.000,2026-05-08 19:43:51.000,Happy birthday! Enjoy your special gift from us.,454,,,1576,24,CUSTOM
4999,2026-05-08 14:43:51.000,2026-05-08 19:43:51.000,New products just arrived. Be the first to check them out.,454,1360,,,168,CUSTOM
5000,2026-05-07 13:43:51.000,2026-05-08 19:43:51.000,We miss you! Come back and earn double points this week.,454,,,,48,AUTOMATED
5001,2026-05-07 23:43:51.000,2026-05-08 19:43:51.000,New products just arrived. Be the first to check them out.,455,,,,72,CUSTOM
5002,2026-05-07 21:43:51.000,2026-05-08 19:43:51.000,You have a reward waiting for you. Claim it now!,455,,,1582,24,AUTOMATED
5003,2026-05-07 06:43:51.000,2026-05-08 19:43:51.000,You have a reward waiting for you. Claim it now!,455,1365,,,24,AUTOMATED
5004,2026-05-07 19:43:51.000,2026-05-08 19:43:51.000,Happy birthday! Enjoy your special gift from us.,455,,,,168,CUSTOM
5005,2026-05-08 02:43:51.000,2026-05-08 19:43:51.000,Your loyalty card has a new benefit. Tap to discover.,455,,,,168,CUSTOM
5006,2026-05-07 15:43:51.000,2026-05-08 19:43:51.000,You are 50 points away from your next reward!,455,,,,48,CUSTOM
5007,2026-05-07 20:43:51.000,2026-05-08 19:43:51.000,You are 50 points away from your next reward!,455,,,,24,CUSTOM
5008,2026-05-08 06:43:51.000,2026-05-08 19:43:51.000,Your loyalty card has a new benefit. Tap to discover.,455,,,1581,48,CUSTOM
5009,2026-05-08 00:43:51.000,2026-05-08 19:43:51.000,We miss you! Come back and earn double points this week.,456,1368,,,48,AUTOMATED
5010,2026-05-07 07:43:51.000,2026-05-08 19:43:51.000,You have a reward waiting for you. Claim it now!,456,,,,48,CUSTOM
5011,2026-05-07 22:43:51.000,2026-05-08 19:43:51.000,You have a reward waiting for you. Claim it now!,456,,,,48,CUSTOM
5012,2026-05-07 01:43:51.000,2026-05-08 19:43:51.000,Bring a friend and both of you earn bonus points.,456,,,1583,24,AUTOMATED
5013,2026-05-07 05:43:51.000,2026-05-08 19:43:51.000,Bring a friend and both of you earn bonus points.,456,,,1583,72,AUTOMATED
5014,2026-05-07 12:43:51.000,2026-05-08 19:43:51.000,Your loyalty card has a new benefit. Tap to discover.,456,1368,,1584,72,AUTOMATED
5015,2026-05-07 06:43:51.000,2026-05-08 19:43:51.000,Your loyalty card has a new benefit. Tap to discover.,456,1368,,1583,72,CUSTOM
5016,2026-05-08 07:43:51.000,2026-05-08 19:43:51.000,You have a reward waiting for you. Claim it now!,456,,,1584,168,CUSTOM
5017,2026-05-08 04:43:51.000,2026-05-08 19:43:51.000,You have a reward waiting for you. Claim it now!,457,1371,,1586,168,CUSTOM
5018,2026-05-06 23:43:51.000,2026-05-08 19:43:51.000,You are 50 points away from your next reward!,457,1370,,1586,24,AUTOMATED
5019,2026-05-07 13:43:51.000,2026-05-08 19:43:51.000,Happy birthday! Enjoy your special gift from us.,457,1371,,,168,AUTOMATED
5020,2026-05-07 17:43:51.000,2026-05-08 19:43:51.000,New products just arrived. Be the first to check them out.,457,1370,,,72,AUTOMATED
5021,2026-05-07 14:43:51.000,2026-05-08 19:43:51.000,You have a reward waiting for you. Claim it now!,457,,,,48,AUTOMATED
5022,2026-05-06 19:43:51.000,2026-05-08 19:43:51.000,We miss you! Come back and earn double points this week.,457,1371,,1587,48,CUSTOM
5023,2026-05-08 01:43:51.000,2026-05-08 19:43:51.000,You are 50 points away from your next reward!,457,1369,,,72,CUSTOM
5024,2026-05-07 06:43:51.000,2026-05-08 19:43:51.000,You are 50 points away from your next reward!,457,1369,,1587,168,AUTOMATED
5025,2026-05-06 20:43:51.000,2026-05-08 19:43:51.000,Flash sale today only. Use your points for extra savings.,457,,,,72,CUSTOM
5026,2026-05-07 21:43:51.000,2026-05-08 19:43:51.000,Flash sale today only. Use your points for extra savings.,457,1370,,,168,CUSTOM
5027,2026-05-07 09:43:51.000,2026-05-08 19:43:51.000,Bring a friend and both of you earn bonus points.,457,1369,,,168,CUSTOM
5028,2026-05-07 19:43:51.000,2026-05-08 19:43:51.000,New products just arrived. Be the first to check them out.,457,,,,48,CUSTOM
5029,2026-05-07 08:43:51.000,2026-05-08 19:43:51.000,Flash sale today only. Use your points for extra savings.,457,,,1586,168,CUSTOM
5030,2026-05-08 10:43:51.000,2026-05-08 19:43:51.000,Flash sale today only. Use your points for extra savings.,458,,,,168,AUTOMATED
5031,2026-05-06 23:43:51.000,2026-05-08 19:43:51.000,Your loyalty card has a new benefit. Tap to discover.,458,,,,168,AUTOMATED
5032,2026-05-07 08:43:51.000,2026-05-08 19:43:51.000,You are 50 points away from your next reward!,458,,,,24,CUSTOM
5033,2026-05-08 14:43:51.000,2026-05-08 19:43:51.000,Happy birthday! Enjoy your special gift from us.,458,1374,,1589,24,AUTOMATED
5034,2026-05-08 06:43:51.000,2026-05-08 19:43:51.000,You have a reward waiting for you. Claim it now!,458,,,,72,CUSTOM
5035,2026-05-07 12:43:51.000,2026-05-08 19:43:51.000,Bring a friend and both of you earn bonus points.,459,,,1591,24,CUSTOM
5036,2026-05-08 07:43:51.000,2026-05-08 19:43:51.000,Your loyalty card has a new benefit. Tap to discover.,459,,,,24,AUTOMATED
5037,2026-05-07 15:43:51.000,2026-05-08 19:43:51.000,Bring a friend and both of you earn bonus points.,459,,,,48,CUSTOM
5038,2026-05-06 19:43:51.000,2026-05-08 19:43:51.000,You have a reward waiting for you. Claim it now!,459,,,,48,CUSTOM
5039,2026-05-08 02:43:51.000,2026-05-08 19:43:51.000,Happy birthday! Enjoy your special gift from us.,459,1376,,,168,AUTOMATED
5040,2026-05-06 19:43:51.000,2026-05-08 19:43:51.000,We miss you! Come back and earn double points this week.,459,,,,168,CUSTOM
5041,2026-05-07 05:43:51.000,2026-05-08 19:43:51.000,New products just arrived. Be the first to check them out.,459,1376,,,168,AUTOMATED
5042,2026-05-08 18:43:51.000,2026-05-08 19:43:51.000,Flash sale today only. Use your points for extra savings.,459,,,,24,AUTOMATED
5043,2026-05-08 01:43:51.000,2026-05-08 19:43:51.000,Bring a friend and both of you earn bonus points.,459,,,,48,CUSTOM
5044,2026-05-06 19:43:51.000,2026-05-08 19:43:51.000,Bring a friend and both of you earn bonus points.,459,,,,24,AUTOMATED
5045,2026-05-08 13:43:51.000,2026-05-08 19:43:51.000,Happy birthday! Enjoy your special gift from us.,459,1375,,,72,CUSTOM
5046,2026-05-08 17:43:51.000,2026-05-08 19:43:51.000,You are 50 points away from your next reward!,459,,,,24,AUTOMATED
5047,2026-05-08 17:43:51.000,2026-05-08 19:43:51.000,Bring a friend and both of you earn bonus points.,459,,,,168,AUTOMATED
5048,2026-05-08 00:43:51.000,2026-05-08 19:43:51.000,We miss you! Come back and earn double points this week.,459,1375,,1590,72,AUTOMATED
5049,2026-05-07 16:43:51.000,2026-05-08 19:43:51.000,You are 50 points away from your next reward!,459,1375,,,48,CUSTOM
5050,2026-05-08 06:43:51.000,2026-05-08 19:43:51.000,Your loyalty card has a new benefit. Tap to discover.,459,,,,72,CUSTOM
5051,2026-05-08 15:43:51.000,2026-05-08 19:43:51.000,We miss you! Come back and earn double points this week.,459,1376,,1590,72,AUTOMATED
5052,2026-05-07 08:43:51.000,2026-05-08 19:43:51.000,Your loyalty card has a new benefit. Tap to discover.,459,,,,48,AUTOMATED
5053,2026-05-07 10:43:51.000,2026-05-08 19:43:51.000,You have a reward waiting for you. Claim it now!,459,1375,,1590,72,CUSTOM
5054,2026-05-08 04:43:51.000,2026-05-08 19:43:51.000,Flash sale today only. Use your points for extra savings.,459,,,1591,24,AUTOMATED
5055,2026-05-08 09:43:51.000,2026-05-08 19:43:51.000,We miss you! Come back and earn double points this week.,459,1376,,,72,AUTOMATED
5056,2026-05-07 16:43:51.000,2026-05-08 19:43:51.000,Flash sale today only. Use your points for extra savings.,459,,,1590,48,CUSTOM
5057,2026-05-08 18:43:51.000,2026-05-08 19:43:51.000,New products just arrived. Be the first to check them out.,459,,,,72,AUTOMATED
5058,2026-05-07 21:43:51.000,2026-05-08 19:43:51.000,New products just arrived. Be the first to check them out.,459,1376,,,72,CUSTOM
5059,2026-05-08 17:43:51.000,2026-05-08 19:43:51.000,You are 50 points away from your next reward!,459,1377,,,72,CUSTOM
5060,2026-05-07 12:43:51.000,2026-05-08 19:43:51.000,You are 50 points away from your next reward!,459,,,,168,AUTOMATED
5061,2026-05-07 07:43:51.000,2026-05-08 19:43:51.000,Happy birthday! Enjoy your special gift from us.,459,1375,,,48,CUSTOM
5062,2026-05-07 13:43:51.000,2026-05-08 19:43:51.000,You are 50 points away from your next reward!,459,,,,72,AUTOMATED
5063,2026-05-08 08:43:51.000,2026-05-08 19:43:51.000,Flash sale today only. Use your points for extra savings.,459,,,,168,AUTOMATED
5064,2026-05-08 09:43:51.000,2026-05-08 19:43:51.000,You are 50 points away from your next reward!,459,,,,24,AUTOMATED
5065,2026-05-08 10:43:51.000,2026-05-08 19:43:51.000,Happy birthday! Enjoy your special gift from us.,460,1379,,,48,AUTOMATED
5066,2026-05-08 03:43:51.000,2026-05-08 19:43:51.000,You are 50 points away from your next reward!,460,,,,48,CUSTOM
5067,2026-05-08 02:43:51.000,2026-05-08 19:43:51.000,We miss you! Come back and earn double points this week.,460,,,,72,CUSTOM
5068,2026-05-08 01:43:51.000,2026-05-08 19:43:51.000,Bring a friend and both of you earn bonus points.,460,,,,72,CUSTOM
5069,2026-05-07 21:43:51.000,2026-05-08 19:43:51.000,You are 50 points away from your next reward!,460,1378,,,48,CUSTOM
5070,2026-05-07 05:43:51.000,2026-05-08 19:43:51.000,We miss you! Come back and earn double points this week.,460,,,,72,AUTOMATED
5071,2026-05-08 15:43:51.000,2026-05-08 19:43:51.000,We miss you! Come back and earn double points this week.,460,1378,,,168,CUSTOM
5072,2026-05-08 11:43:51.000,2026-05-08 19:43:51.000,Happy birthday! Enjoy your special gift from us.,461,,,,168,AUTOMATED
5073,2026-05-07 00:43:51.000,2026-05-08 19:43:51.000,Bring a friend and both of you earn bonus points.,461,,,,168,AUTOMATED
5074,2026-05-07 02:43:51.000,2026-05-08 19:43:51.000,We miss you! Come back and earn double points this week.,461,,,,48,AUTOMATED
5075,2026-05-07 10:43:51.000,2026-05-08 19:43:51.000,Bring a friend and both of you earn bonus points.,461,,,,168,AUTOMATED
5076,2026-05-08 15:43:51.000,2026-05-08 19:43:51.000,Flash sale today only. Use your points for extra savings.,461,1382,,1595,48,CUSTOM
5077,2026-05-07 05:43:51.000,2026-05-08 19:43:51.000,Bring a friend and both of you earn bonus points.,461,,,1595,72,CUSTOM
5078,2026-05-08 11:43:51.000,2026-05-08 19:43:51.000,New products just arrived. Be the first to check them out.,461,,,,168,CUSTOM
5079,2026-05-07 07:43:51.000,2026-05-08 19:43:51.000,Bring a friend and both of you earn bonus points.,461,,,,72,CUSTOM
5080,2026-05-08 14:43:51.000,2026-05-08 19:43:51.000,You are 50 points away from your next reward!,461,1381,,,48,AUTOMATED
5081,2026-05-08 11:43:51.000,2026-05-08 19:43:51.000,Your loyalty card has a new benefit. Tap to discover.,461,,,1596,168,CUSTOM
5082,2026-05-07 23:43:51.000,2026-05-08 19:43:51.000,You are 50 points away from your next reward!,461,,,,168,AUTOMATED
5083,2026-05-07 12:43:51.000,2026-05-08 19:43:51.000,Flash sale today only. Use your points for extra savings.,461,,,,24,AUTOMATED
5084,2026-05-07 21:43:51.000,2026-05-08 19:43:51.000,Your loyalty card has a new benefit. Tap to discover.,461,,,,72,AUTOMATED
5085,2026-05-08 11:43:51.000,2026-05-08 19:43:51.000,We miss you! Come back and earn double points this week.,461,1382,,1595,168,CUSTOM
5086,2026-05-08 10:43:51.000,2026-05-08 19:43:51.000,You are 50 points away from your next reward!,461,,,,24,AUTOMATED
5087,2026-05-07 21:43:51.000,2026-05-08 19:43:51.000,New products just arrived. Be the first to check them out.,461,,,,48,CUSTOM
5088,2026-05-08 16:43:51.000,2026-05-08 19:43:51.000,You have a reward waiting for you. Claim it now!,461,,,1594,48,AUTOMATED
5089,2026-05-08 16:43:51.000,2026-05-08 19:43:51.000,You are 50 points away from your next reward!,461,1381,,,72,AUTOMATED
5090,2026-05-08 00:43:51.000,2026-05-08 19:43:51.000,New products just arrived. Be the first to check them out.,461,1382,,,48,AUTOMATED
5091,2026-05-07 03:43:51.000,2026-05-08 19:43:51.000,Happy birthday! Enjoy your special gift from us.,461,1381,,1595,24,AUTOMATED
5092,2026-05-07 18:43:51.000,2026-05-08 19:43:51.000,You are 50 points away from your next reward!,461,,,,48,CUSTOM
5093,2026-05-08 07:43:51.000,2026-05-08 19:43:51.000,We miss you! Come back and earn double points this week.,461,,,,72,AUTOMATED
5094,2026-05-07 09:43:51.000,2026-05-08 19:43:51.000,We miss you! Come back and earn double points this week.,461,,,,48,CUSTOM
5095,2026-05-07 05:43:51.000,2026-05-08 19:43:51.000,Bring a friend and both of you earn bonus points.,461,,,,48,CUSTOM
5096,2026-05-08 13:43:51.000,2026-05-08 19:43:51.000,Your loyalty card has a new benefit. Tap to discover.,462,1385,,,168,CUSTOM
5097,2026-05-07 13:43:51.000,2026-05-08 19:43:51.000,New products just arrived. Be the first to check them out.,462,,,,72,CUSTOM
5098,2026-05-07 11:43:51.000,2026-05-08 19:43:51.000,Your loyalty card has a new benefit. Tap to discover.,462,,,,48,CUSTOM
5099,2026-05-07 07:43:51.000,2026-05-08 19:43:51.000,Flash sale today only. Use your points for extra savings.,462,,,,168,AUTOMATED
5100,2026-05-08 16:43:51.000,2026-05-08 19:43:51.000,You are 50 points away from your next reward!,462,,,,24,AUTOMATED
5101,2026-05-07 16:43:51.000,2026-05-08 19:43:51.000,Your loyalty card has a new benefit. Tap to discover.,462,1384,,,72,AUTOMATED
5102,2026-05-07 16:43:51.000,2026-05-08 19:43:51.000,You have a reward waiting for you. Claim it now!,462,1384,,1599,24,CUSTOM
5103,2026-05-08 05:43:51.000,2026-05-08 19:43:51.000,You have a reward waiting for you. Claim it now!,462,1384,,,72,AUTOMATED
5104,2026-05-07 16:43:51.000,2026-05-08 19:43:51.000,We miss you! Come back and earn double points this week.,462,,,,168,AUTOMATED
5105,2026-05-08 02:43:51.000,2026-05-08 19:43:51.000,Bring a friend and both of you earn bonus points.,462,1384,,,72,CUSTOM
5106,2026-05-07 03:43:51.000,2026-05-08 19:43:51.000,New products just arrived. Be the first to check them out.,462,,,,168,AUTOMATED
5107,2026-05-07 13:43:51.000,2026-05-08 19:43:51.000,We miss you! Come back and earn double points this week.,462,,,,168,AUTOMATED
5108,2026-05-07 09:43:51.000,2026-05-08 19:43:51.000,Bring a friend and both of you earn bonus points.,462,,,,72,AUTOMATED
5109,2026-05-07 17:43:51.000,2026-05-08 19:43:51.000,You are 50 points away from your next reward!,462,,,,168,AUTOMATED
5110,2026-05-07 14:43:51.000,2026-05-08 19:43:51.000,Your loyalty card has a new benefit. Tap to discover.,462,1386,,,72,AUTOMATED
5111,2026-05-08 15:43:51.000,2026-05-08 19:43:51.000,You are 50 points away from your next reward!,463,,,,168,AUTOMATED
5112,2026-05-06 19:43:51.000,2026-05-08 19:43:51.000,We miss you! Come back and earn double points this week.,463,1388,,,72,AUTOMATED
5113,2026-05-08 09:43:51.000,2026-05-08 19:43:51.000,Flash sale today only. Use your points for extra savings.,463,,,1603,168,AUTOMATED
5114,2026-05-08 17:43:51.000,2026-05-08 19:43:51.000,Your loyalty card has a new benefit. Tap to discover.,463,,,,48,AUTOMATED
5115,2026-05-08 08:43:51.000,2026-05-08 19:43:51.000,Happy birthday! Enjoy your special gift from us.,463,,,,24,CUSTOM
5116,2026-05-07 11:43:51.000,2026-05-08 19:43:51.000,You have a reward waiting for you. Claim it now!,463,1388,,,168,AUTOMATED
5117,2026-05-06 20:43:51.000,2026-05-08 19:43:51.000,You are 50 points away from your next reward!,463,,,,24,CUSTOM
5118,2026-05-07 08:43:51.000,2026-05-08 19:43:51.000,Flash sale today only. Use your points for extra savings.,463,,,,72,AUTOMATED
5119,2026-05-07 02:43:51.000,2026-05-08 19:43:51.000,Bring a friend and both of you earn bonus points.,463,1388,,,168,AUTOMATED
5120,2026-05-07 06:43:51.000,2026-05-08 19:43:51.000,New products just arrived. Be the first to check them out.,463,1389,,,168,AUTOMATED
5121,2026-05-08 16:43:51.000,2026-05-08 19:43:51.000,Bring a friend and both of you earn bonus points.,463,,,,72,AUTOMATED
5122,2026-05-07 17:43:51.000,2026-05-08 19:43:51.000,You are 50 points away from your next reward!,463,1389,,,24,AUTOMATED
5123,2026-05-08 00:43:51.000,2026-05-08 19:43:51.000,Happy birthday! Enjoy your special gift from us.,463,1388,,,48,AUTOMATED
5124,2026-05-07 18:43:51.000,2026-05-08 19:43:51.000,Flash sale today only. Use your points for extra savings.,463,,,,72,CUSTOM
5125,2026-05-08 08:43:51.000,2026-05-08 19:43:51.000,Happy birthday! Enjoy your special gift from us.,463,,,1604,168,CUSTOM
5126,2026-05-07 04:43:51.000,2026-05-08 19:43:51.000,Flash sale today only. Use your points for extra savings.,463,,,1603,72,AUTOMATED
5127,2026-05-08 10:43:51.000,2026-05-08 19:43:51.000,Bring a friend and both of you earn bonus points.,463,,,1602,168,AUTOMATED
5128,2026-05-08 01:43:51.000,2026-05-08 19:43:51.000,New products just arrived. Be the first to check them out.,463,1388,,1605,24,AUTOMATED
5129,2026-05-08 18:43:51.000,2026-05-08 19:43:51.000,You have a reward waiting for you. Claim it now!,463,,,,24,CUSTOM
5130,2026-05-08 18:43:51.000,2026-05-08 19:43:51.000,Flash sale today only. Use your points for extra savings.,463,1387,,1603,72,CUSTOM
5131,2026-05-07 21:43:51.000,2026-05-08 19:43:51.000,Bring a friend and both of you earn bonus points.,463,,,,48,CUSTOM
5132,2026-05-07 16:43:51.000,2026-05-08 19:43:51.000,Flash sale today only. Use your points for extra savings.,464,,,,72,AUTOMATED
5133,2026-05-08 00:43:51.000,2026-05-08 19:43:51.000,You are 50 points away from your next reward!,464,1391,,,72,AUTOMATED
5134,2026-05-08 04:43:51.000,2026-05-08 19:43:51.000,Your loyalty card has a new benefit. Tap to discover.,464,1391,,,72,AUTOMATED
5135,2026-05-08 15:43:51.000,2026-05-08 19:43:51.000,You are 50 points away from your next reward!,464,,,,72,AUTOMATED
5136,2026-05-07 07:43:51.000,2026-05-08 19:43:51.000,Bring a friend and both of you earn bonus points.,464,,,,48,AUTOMATED
5137,2026-05-06 21:43:51.000,2026-05-08 19:43:51.000,Flash sale today only. Use your points for extra savings.,464,,,,48,AUTOMATED
5138,2026-05-08 14:43:51.000,2026-05-08 19:43:51.000,You are 50 points away from your next reward!,465,1394,,,48,CUSTOM
5139,2026-05-06 19:43:51.000,2026-05-08 19:43:51.000,You have a reward waiting for you. Claim it now!,465,1393,,,72,CUSTOM
5140,2026-05-08 12:43:51.000,2026-05-08 19:43:51.000,We miss you! Come back and earn double points this week.,465,,,,168,AUTOMATED
5141,2026-05-07 00:43:51.000,2026-05-08 19:43:51.000,You are 50 points away from your next reward!,465,1394,,1610,72,AUTOMATED
5142,2026-05-06 21:43:51.000,2026-05-08 19:43:51.000,New products just arrived. Be the first to check them out.,466,,,1615,72,AUTOMATED
5143,2026-05-08 17:43:51.000,2026-05-08 19:43:51.000,You have a reward waiting for you. Claim it now!,466,,,1618,48,CUSTOM
5144,2026-05-06 19:43:51.000,2026-05-08 19:43:51.000,Your loyalty card has a new benefit. Tap to discover.,466,,,,72,AUTOMATED
5145,2026-05-07 06:43:51.000,2026-05-08 19:43:51.000,We miss you! Come back and earn double points this week.,467,,,,24,AUTOMATED
5146,2026-05-07 02:43:51.000,2026-05-08 19:43:51.000,You have a reward waiting for you. Claim it now!,467,1399,,1619,168,AUTOMATED
5147,2026-05-07 22:43:51.000,2026-05-08 19:43:51.000,We miss you! Come back and earn double points this week.,467,,,,72,AUTOMATED
5148,2026-05-07 20:43:51.000,2026-05-08 19:43:51.000,Your loyalty card has a new benefit. Tap to discover.,467,,,1620,48,AUTOMATED
5149,2026-05-06 20:43:51.000,2026-05-08 19:43:51.000,You are 50 points away from your next reward!,467,1400,,,168,CUSTOM
5150,2026-05-07 23:43:51.000,2026-05-08 19:43:51.000,We miss you! Come back and earn double points this week.,467,,,,24,AUTOMATED
5151,2026-05-08 16:43:51.000,2026-05-08 19:43:51.000,Flash sale today only. Use your points for extra savings.,467,,,,72,AUTOMATED
5152,2026-05-07 05:43:51.000,2026-05-08 19:43:51.000,Happy birthday! Enjoy your special gift from us.,467,,,,168,CUSTOM
5153,2026-05-08 08:43:51.000,2026-05-08 19:43:51.000,You are 50 points away from your next reward!,467,,,,24,CUSTOM
5154,2026-05-08 04:43:51.000,2026-05-08 19:43:51.000,New products just arrived. Be the first to check them out.,468,1404,,,48,AUTOMATED
5155,2026-05-06 19:43:51.000,2026-05-08 19:43:51.000,Happy birthday! Enjoy your special gift from us.,468,,,1621,72,AUTOMATED
5156,2026-05-08 10:43:51.000,2026-05-08 19:43:51.000,Your loyalty card has a new benefit. Tap to discover.,468,,,,24,CUSTOM
5157,2026-05-07 09:43:51.000,2026-05-08 19:43:51.000,You are 50 points away from your next reward!,468,,,,72,CUSTOM
5158,2026-05-07 10:43:51.000,2026-05-08 19:43:51.000,You are 50 points away from your next reward!,468,,,,24,CUSTOM
5159,2026-05-07 08:43:51.000,2026-05-08 19:43:51.000,You are 50 points away from your next reward!,468,1403,,,48,AUTOMATED
5160,2026-05-08 06:43:51.000,2026-05-08 19:43:51.000,Flash sale today only. Use your points for extra savings.,468,1403,,1623,168,CUSTOM
5161,2026-05-07 21:43:51.000,2026-05-08 19:43:51.000,Flash sale today only. Use your points for extra savings.,469,1405,,1625,24,CUSTOM
5162,2026-05-08 08:43:51.000,2026-05-08 19:43:51.000,Happy birthday! Enjoy your special gift from us.,469,,,1625,168,AUTOMATED
5163,2026-05-07 08:43:51.000,2026-05-08 19:43:51.000,We miss you! Come back and earn double points this week.,469,1407,,,168,CUSTOM
5164,2026-05-07 23:43:51.000,2026-05-08 19:43:51.000,Flash sale today only. Use your points for extra savings.,469,1405,,,48,CUSTOM
5165,2026-05-08 15:43:51.000,2026-05-08 19:43:51.000,You have a reward waiting for you. Claim it now!,469,,,,72,CUSTOM
5166,2026-05-07 09:43:51.000,2026-05-08 19:43:51.000,You have a reward waiting for you. Claim it now!,469,,,,48,CUSTOM
5167,2026-05-08 10:43:51.000,2026-05-08 19:43:51.000,Happy birthday! Enjoy your special gift from us.,469,1405,,,72,CUSTOM
5168,2026-05-07 16:43:51.000,2026-05-08 19:43:51.000,You are 50 points away from your next reward!,469,,,,72,CUSTOM
5169,2026-05-07 03:43:51.000,2026-05-08 19:43:51.000,You are 50 points away from your next reward!,469,1406,,,72,AUTOMATED
5170,2026-05-07 20:43:51.000,2026-05-08 19:43:51.000,Bring a friend and both of you earn bonus points.,470,,,,168,AUTOMATED
5171,2026-05-07 13:43:51.000,2026-05-08 19:43:51.000,Bring a friend and both of you earn bonus points.,470,,,,72,CUSTOM
5172,2026-05-08 06:43:51.000,2026-05-08 19:43:51.000,New products just arrived. Be the first to check them out.,470,,,,72,AUTOMATED
5173,2026-05-07 17:43:51.000,2026-05-08 19:43:51.000,Your loyalty card has a new benefit. Tap to discover.,470,,,,168,AUTOMATED
5174,2026-05-07 01:43:51.000,2026-05-08 19:43:51.000,Happy birthday! Enjoy your special gift from us.,470,,,1627,168,CUSTOM
5175,2026-05-07 21:43:51.000,2026-05-08 19:43:51.000,New products just arrived. Be the first to check them out.,470,1408,,,24,CUSTOM
5176,2026-05-07 12:43:51.000,2026-05-08 19:43:51.000,Happy birthday! Enjoy your special gift from us.,470,,,,48,CUSTOM
5177,2026-05-08 05:43:51.000,2026-05-08 19:43:51.000,Bring a friend and both of you earn bonus points.,471,,,,48,AUTOMATED
5178,2026-05-07 12:43:51.000,2026-05-08 19:43:51.000,Happy birthday! Enjoy your special gift from us.,471,,,1630,72,CUSTOM
5179,2026-05-08 05:43:51.000,2026-05-08 19:43:51.000,You are 50 points away from your next reward!,471,,,,168,CUSTOM
5180,2026-05-08 04:43:51.000,2026-05-08 19:43:51.000,You have a reward waiting for you. Claim it now!,471,,,,48,CUSTOM
5181,2026-05-07 21:43:51.000,2026-05-08 19:43:51.000,New products just arrived. Be the first to check them out.,471,,,,24,AUTOMATED
5182,2026-05-07 14:43:51.000,2026-05-08 19:43:51.000,Flash sale today only. Use your points for extra savings.,472,,,,48,AUTOMATED
5183,2026-05-07 09:43:51.000,2026-05-08 19:43:51.000,You have a reward waiting for you. Claim it now!,472,,,,168,CUSTOM
5184,2026-05-08 14:43:51.000,2026-05-08 19:43:51.000,You are 50 points away from your next reward!,472,,,,168,AUTOMATED
5185,2026-05-07 15:43:51.000,2026-05-08 19:43:51.000,Bring a friend and both of you earn bonus points.,472,,,,168,CUSTOM
5186,2026-05-08 07:43:51.000,2026-05-08 19:43:51.000,You have a reward waiting for you. Claim it now!,473,,,1635,24,CUSTOM
5187,2026-05-07 17:43:51.000,2026-05-08 19:43:51.000,You are 50 points away from your next reward!,473,,,1635,72,AUTOMATED
5188,2026-05-07 03:43:51.000,2026-05-08 19:43:51.000,Your loyalty card has a new benefit. Tap to discover.,473,,,,72,AUTOMATED
5189,2026-05-07 02:43:51.000,2026-05-08 19:43:51.000,We miss you! Come back and earn double points this week.,473,1418,,,48,CUSTOM
5190,2026-05-08 11:43:51.000,2026-05-08 19:43:51.000,Bring a friend and both of you earn bonus points.,473,,,,24,CUSTOM
5191,2026-05-07 15:43:51.000,2026-05-08 19:43:51.000,Happy birthday! Enjoy your special gift from us.,473,,,,24,AUTOMATED
5192,2026-05-08 15:43:51.000,2026-05-08 19:43:51.000,You are 50 points away from your next reward!,473,,,,24,CUSTOM
5193,2026-05-07 02:43:51.000,2026-05-08 19:43:51.000,Happy birthday! Enjoy your special gift from us.,473,,,1637,24,AUTOMATED
5194,2026-05-08 18:43:51.000,2026-05-08 19:43:51.000,You have a reward waiting for you. Claim it now!,473,,,,72,CUSTOM
5195,2026-05-08 14:43:51.000,2026-05-08 19:43:51.000,Bring a friend and both of you earn bonus points.,473,,,,48,CUSTOM
5196,2026-05-08 07:43:51.000,2026-05-08 19:43:51.000,New products just arrived. Be the first to check them out.,473,,,1637,72,AUTOMATED
5197,2026-05-07 11:43:51.000,2026-05-08 19:43:51.000,You are 50 points away from your next reward!,473,,,,24,CUSTOM
5198,2026-05-07 12:43:51.000,2026-05-08 19:43:51.000,Bring a friend and both of you earn bonus points.,473,,,,48,AUTOMATED
5199,2026-05-08 17:43:51.000,2026-05-08 19:43:51.000,New products just arrived. Be the first to check them out.,474,,,,24,CUSTOM
5200,2026-05-08 07:43:51.000,2026-05-08 19:43:51.000,We miss you! Come back and earn double points this week.,474,1422,,,72,AUTOMATED
5201,2026-05-07 16:43:51.000,2026-05-08 19:43:51.000,Your loyalty card has a new benefit. Tap to discover.,474,,,,24,AUTOMATED
5202,2026-05-07 14:43:51.000,2026-05-08 19:43:51.000,Happy birthday! Enjoy your special gift from us.,474,1422,,1641,72,AUTOMATED
5203,2026-05-07 22:43:51.000,2026-05-08 19:43:51.000,Happy birthday! Enjoy your special gift from us.,474,,,1640,24,CUSTOM
5204,2026-05-07 00:43:51.000,2026-05-08 19:43:51.000,We miss you! Come back and earn double points this week.,474,,,,24,CUSTOM
5205,2026-05-06 21:43:51.000,2026-05-08 19:43:51.000,Happy birthday! Enjoy your special gift from us.,474,1421,,,24,AUTOMATED
5206,2026-05-06 22:43:51.000,2026-05-08 19:43:51.000,Your loyalty card has a new benefit. Tap to discover.,474,1422,,,24,CUSTOM
5207,2026-05-07 22:43:51.000,2026-05-08 19:43:51.000,Bring a friend and both of you earn bonus points.,474,,,,72,CUSTOM
5208,2026-05-08 00:43:51.000,2026-05-08 19:43:51.000,You are 50 points away from your next reward!,474,,,1640,168,AUTOMATED
5209,2026-05-07 15:43:51.000,2026-05-08 19:43:51.000,You have a reward waiting for you. Claim it now!,474,1422,,,48,AUTOMATED
5210,2026-05-07 12:43:51.000,2026-05-08 19:43:51.000,You have a reward waiting for you. Claim it now!,474,1420,,,48,CUSTOM
5211,2026-05-07 23:43:51.000,2026-05-08 19:43:51.000,Your loyalty card has a new benefit. Tap to discover.,474,,,,48,CUSTOM
5212,2026-05-08 12:43:51.000,2026-05-08 19:43:51.000,New products just arrived. Be the first to check them out.,474,,,,48,AUTOMATED
5213,2026-05-08 13:43:51.000,2026-05-08 19:43:51.000,Your loyalty card has a new benefit. Tap to discover.,474,,,1642,168,CUSTOM
5214,2026-05-07 12:43:51.000,2026-05-08 19:43:51.000,You have a reward waiting for you. Claim it now!,475,,,1646,24,CUSTOM
5215,2026-05-07 18:43:51.000,2026-05-08 19:43:51.000,Happy birthday! Enjoy your special gift from us.,475,,,,72,CUSTOM
5216,2026-05-07 15:43:51.000,2026-05-08 19:43:51.000,You have a reward waiting for you. Claim it now!,475,1423,,,168,CUSTOM
5217,2026-05-07 05:43:51.000,2026-05-08 19:43:51.000,You are 50 points away from your next reward!,475,1424,,,48,AUTOMATED
5218,2026-05-07 05:43:51.000,2026-05-08 19:43:51.000,Your loyalty card has a new benefit. Tap to discover.,475,1425,,1647,72,CUSTOM
5219,2026-05-07 09:43:51.000,2026-05-08 19:43:51.000,Happy birthday! Enjoy your special gift from us.,475,1424,,,48,AUTOMATED
5220,2026-05-07 12:43:51.000,2026-05-08 19:43:51.000,We miss you! Come back and earn double points this week.,475,,,1647,24,AUTOMATED
5221,2026-05-07 00:43:51.000,2026-05-08 19:43:51.000,Flash sale today only. Use your points for extra savings.,475,1425,,1643,24,AUTOMATED
5222,2026-05-08 07:43:51.000,2026-05-08 19:43:51.000,You are 50 points away from your next reward!,475,,,,48,CUSTOM
5223,2026-05-07 21:43:51.000,2026-05-08 19:43:51.000,New products just arrived. Be the first to check them out.,475,1425,,,168,AUTOMATED
5224,2026-05-08 14:43:51.000,2026-05-08 19:43:51.000,Bring a friend and both of you earn bonus points.,475,,,,168,CUSTOM
5225,2026-05-07 08:43:51.000,2026-05-08 19:43:51.000,We miss you! Come back and earn double points this week.,475,1425,,1647,24,AUTOMATED
5226,2026-05-07 01:43:51.000,2026-05-08 19:43:51.000,You are 50 points away from your next reward!,475,1425,,,168,AUTOMATED
5227,2026-05-07 14:43:51.000,2026-05-08 19:43:51.000,We miss you! Come back and earn double points this week.,475,,,,168,CUSTOM
5228,2026-05-07 23:43:51.000,2026-05-08 19:43:51.000,Flash sale today only. Use your points for extra savings.,475,1425,,1645,24,CUSTOM
5229,2026-05-07 20:43:51.000,2026-05-08 19:43:51.000,Bring a friend and both of you earn bonus points.,475,,,,48,AUTOMATED
5230,2026-05-07 20:43:51.000,2026-05-08 19:43:51.000,Your loyalty card has a new benefit. Tap to discover.,475,,,,72,CUSTOM
5231,2026-05-07 00:43:51.000,2026-05-08 19:43:51.000,You are 50 points away from your next reward!,475,,,1643,72,AUTOMATED
5232,2026-05-08 10:43:51.000,2026-05-08 19:43:51.000,You are 50 points away from your next reward!,475,,,,168,AUTOMATED
5233,2026-05-08 09:43:51.000,2026-05-08 19:43:51.000,Your loyalty card has a new benefit. Tap to discover.,475,,,1646,24,CUSTOM
5234,2026-05-07 19:43:51.000,2026-05-08 19:43:51.000,We miss you! Come back and earn double points this week.,475,1424,,1647,72,CUSTOM
5235,2026-05-07 23:43:51.000,2026-05-08 19:43:51.000,New products just arrived. Be the first to check them out.,475,,,,24,AUTOMATED
5236,2026-05-08 18:43:51.000,2026-05-08 19:43:51.000,You have a reward waiting for you. Claim it now!,475,1423,,,168,AUTOMATED
5237,2026-05-08 17:43:51.000,2026-05-08 19:43:51.000,You are 50 points away from your next reward!,475,,,,24,CUSTOM
5238,2026-05-07 01:43:51.000,2026-05-08 19:43:51.000,We miss you! Come back and earn double points this week.,475,,,1645,48,AUTOMATED
5239,2026-05-08 02:43:51.000,2026-05-08 19:43:51.000,We miss you! Come back and earn double points this week.,475,,,1647,24,CUSTOM
5240,2026-05-08 06:43:51.000,2026-05-08 19:43:51.000,Flash sale today only. Use your points for extra savings.,475,,,1643,168,CUSTOM
5241,2026-05-07 05:43:51.000,2026-05-08 19:43:51.000,We miss you! Come back and earn double points this week.,475,1423,,,48,CUSTOM
5242,2026-05-08 09:43:51.000,2026-05-08 19:43:51.000,Flash sale today only. Use your points for extra savings.,475,,,1644,48,AUTOMATED
5243,2026-05-08 02:43:51.000,2026-05-08 19:43:51.000,You are 50 points away from your next reward!,476,,,1648,48,AUTOMATED
5244,2026-05-07 19:43:51.000,2026-05-08 19:43:51.000,Bring a friend and both of you earn bonus points.,476,1426,,1649,168,AUTOMATED
5245,2026-05-07 06:43:51.000,2026-05-08 19:43:51.000,We miss you! Come back and earn double points this week.,476,,,,48,CUSTOM
5246,2026-05-08 02:43:51.000,2026-05-08 19:43:51.000,You are 50 points away from your next reward!,476,1426,,,48,CUSTOM
5247,2026-05-08 13:43:51.000,2026-05-08 19:43:51.000,You are 50 points away from your next reward!,476,,,,48,AUTOMATED
5248,2026-05-08 04:43:51.000,2026-05-08 19:43:51.000,New products just arrived. Be the first to check them out.,476,,,1648,48,CUSTOM
5249,2026-05-07 15:43:51.000,2026-05-08 19:43:51.000,Your loyalty card has a new benefit. Tap to discover.,477,1429,,,24,CUSTOM
5250,2026-05-08 16:43:51.000,2026-05-08 19:43:51.000,Your loyalty card has a new benefit. Tap to discover.,477,,,,72,AUTOMATED
5251,2026-05-08 16:43:51.000,2026-05-08 19:43:51.000,Your loyalty card has a new benefit. Tap to discover.,477,1431,,,24,AUTOMATED
5252,2026-05-07 18:43:51.000,2026-05-08 19:43:51.000,You have a reward waiting for you. Claim it now!,477,1429,,,48,AUTOMATED
5253,2026-05-07 19:43:51.000,2026-05-08 19:43:51.000,Your loyalty card has a new benefit. Tap to discover.,477,,,,48,AUTOMATED
5254,2026-05-07 06:43:51.000,2026-05-08 19:43:51.000,New products just arrived. Be the first to check them out.,478,,,,24,AUTOMATED
5255,2026-05-07 11:43:51.000,2026-05-08 19:43:51.000,You have a reward waiting for you. Claim it now!,478,,,,72,CUSTOM
5256,2026-05-07 20:43:51.000,2026-05-08 19:43:51.000,We miss you! Come back and earn double points this week.,478,1432,,1655,24,CUSTOM
5257,2026-05-07 17:43:51.000,2026-05-08 19:43:51.000,New products just arrived. Be the first to check them out.,478,1433,,,24,CUSTOM
5258,2026-05-07 08:43:51.000,2026-05-08 19:43:51.000,Happy birthday! Enjoy your special gift from us.,478,,,1656,48,CUSTOM
5259,2026-05-07 19:43:51.000,2026-05-08 19:43:51.000,You are 50 points away from your next reward!,478,,,1655,48,CUSTOM
5260,2026-05-08 10:43:51.000,2026-05-08 19:43:51.000,Flash sale today only. Use your points for extra savings.,479,1435,,,72,AUTOMATED
5261,2026-05-08 17:43:51.000,2026-05-08 19:43:51.000,Flash sale today only. Use your points for extra savings.,479,,,,168,AUTOMATED
5262,2026-05-08 14:43:51.000,2026-05-08 19:43:51.000,Bring a friend and both of you earn bonus points.,479,,,,48,AUTOMATED
5263,2026-05-07 09:43:51.000,2026-05-08 19:43:51.000,We miss you! Come back and earn double points this week.,479,1437,,,168,AUTOMATED
5264,2026-05-07 19:43:51.000,2026-05-08 19:43:51.000,Your loyalty card has a new benefit. Tap to discover.,479,,,,168,CUSTOM
5265,2026-05-07 18:43:51.000,2026-05-08 19:43:51.000,You are 50 points away from your next reward!,479,,,1657,48,AUTOMATED
5266,2026-05-07 11:43:51.000,2026-05-08 19:43:51.000,You have a reward waiting for you. Claim it now!,479,,,1657,48,CUSTOM
5267,2026-05-07 03:43:51.000,2026-05-08 19:43:51.000,You have a reward waiting for you. Claim it now!,479,,,,168,CUSTOM
5268,2026-05-08 08:43:51.000,2026-05-08 19:43:51.000,Flash sale today only. Use your points for extra savings.,480,1439,,1659,24,AUTOMATED
5269,2026-05-06 22:43:51.000,2026-05-08 19:43:51.000,You are 50 points away from your next reward!,480,,,1659,72,CUSTOM
5270,2026-05-07 04:43:51.000,2026-05-08 19:43:51.000,New products just arrived. Be the first to check them out.,480,,,,168,AUTOMATED
5271,2026-05-07 05:43:51.000,2026-05-08 19:43:51.000,Flash sale today only. Use your points for extra savings.,480,1438,,,72,AUTOMATED
5272,2026-05-07 18:43:51.000,2026-05-08 19:43:51.000,Your loyalty card has a new benefit. Tap to discover.,481,,,,168,CUSTOM
5273,2026-05-06 21:43:51.000,2026-05-08 19:43:51.000,You have a reward waiting for you. Claim it now!,481,1441,,,24,AUTOMATED
5274,2026-05-07 13:43:51.000,2026-05-08 19:43:51.000,You are 50 points away from your next reward!,481,1442,,,168,CUSTOM
5275,2026-05-08 05:43:51.000,2026-05-08 19:43:51.000,Flash sale today only. Use your points for extra savings.,481,1443,,,72,AUTOMATED
5276,2026-05-07 14:43:51.000,2026-05-08 19:43:51.000,Your loyalty card has a new benefit. Tap to discover.,481,,,,48,CUSTOM
5277,2026-05-07 07:43:51.000,2026-05-08 19:43:51.000,Your loyalty card has a new benefit. Tap to discover.,481,,,,72,AUTOMATED
5278,2026-05-08 04:43:51.000,2026-05-08 19:43:51.000,Happy birthday! Enjoy your special gift from us.,481,,,1662,72,CUSTOM
5279,2026-05-08 12:43:51.000,2026-05-08 19:43:51.000,New products just arrived. Be the first to check them out.,481,,,,168,AUTOMATED
5280,2026-05-07 21:43:51.000,2026-05-08 19:43:51.000,You have a reward waiting for you. Claim it now!,481,1442,,,72,AUTOMATED
5281,2026-05-07 09:43:51.000,2026-05-08 19:43:51.000,New products just arrived. Be the first to check them out.,481,,,,48,CUSTOM
5282,2026-05-07 23:43:51.000,2026-05-08 19:43:51.000,Bring a friend and both of you earn bonus points.,481,1443,,,72,CUSTOM
5283,2026-05-07 07:43:51.000,2026-05-08 19:43:51.000,We miss you! Come back and earn double points this week.,481,,,1662,72,CUSTOM
5284,2026-05-08 18:43:51.000,2026-05-08 19:43:51.000,You are 50 points away from your next reward!,481,,,1661,168,CUSTOM
5285,2026-05-08 14:43:51.000,2026-05-08 19:43:51.000,Your loyalty card has a new benefit. Tap to discover.,481,,,1661,24,AUTOMATED
5286,2026-05-07 12:43:51.000,2026-05-08 19:43:51.000,Your loyalty card has a new benefit. Tap to discover.,481,1443,,1662,168,AUTOMATED
5287,2026-05-07 23:43:51.000,2026-05-08 19:43:51.000,Your loyalty card has a new benefit. Tap to discover.,481,1443,,,168,CUSTOM
5288,2026-05-07 02:43:51.000,2026-05-08 19:43:51.000,Happy birthday! Enjoy your special gift from us.,481,1443,,,72,CUSTOM
5289,2026-05-07 06:43:51.000,2026-05-08 19:43:51.000,Your loyalty card has a new benefit. Tap to discover.,481,,,,24,CUSTOM
5290,2026-05-08 03:43:51.000,2026-05-08 19:43:51.000,We miss you! Come back and earn double points this week.,481,,,1662,24,AUTOMATED
5291,2026-05-08 14:43:51.000,2026-05-08 19:43:51.000,We miss you! Come back and earn double points this week.,481,,,,168,CUSTOM
5292,2026-05-07 15:43:51.000,2026-05-08 19:43:51.000,We miss you! Come back and earn double points this week.,481,1443,,,24,CUSTOM
5293,2026-05-07 11:43:51.000,2026-05-08 19:43:51.000,You are 50 points away from your next reward!,481,,,1662,24,CUSTOM
5294,2026-05-07 22:43:51.000,2026-05-08 19:43:51.000,New products just arrived. Be the first to check them out.,481,1441,,,168,CUSTOM
5295,2026-05-07 13:43:51.000,2026-05-08 19:43:51.000,Your loyalty card has a new benefit. Tap to discover.,481,1442,,,24,CUSTOM
5296,2026-05-08 09:43:51.000,2026-05-08 19:43:51.000,You have a reward waiting for you. Claim it now!,481,1442,,1661,48,AUTOMATED
5297,2026-05-06 21:43:51.000,2026-05-08 19:43:51.000,Bring a friend and both of you earn bonus points.,481,,,,72,CUSTOM
5298,2026-05-07 11:43:51.000,2026-05-08 19:43:51.000,Flash sale today only. Use your points for extra savings.,481,,,1662,168,AUTOMATED
5299,2026-05-08 04:43:51.000,2026-05-08 19:43:51.000,We miss you! Come back and earn double points this week.,481,,,,48,CUSTOM
5300,2026-05-06 21:43:51.000,2026-05-08 19:43:51.000,Happy birthday! Enjoy your special gift from us.,481,1443,,1661,48,CUSTOM
5301,2026-05-07 05:43:51.000,2026-05-08 19:43:51.000,We miss you! Come back and earn double points this week.,482,1444,,1666,72,AUTOMATED
5302,2026-05-07 21:43:51.000,2026-05-08 19:43:51.000,You have a reward waiting for you. Claim it now!,482,,,,24,AUTOMATED
5303,2026-05-07 01:43:51.000,2026-05-08 19:43:51.000,You are 50 points away from your next reward!,482,,,1663,168,AUTOMATED
5304,2026-05-07 15:43:51.000,2026-05-08 19:43:51.000,Happy birthday! Enjoy your special gift from us.,482,,,,48,CUSTOM
5305,2026-05-08 07:43:51.000,2026-05-08 19:43:51.000,You are 50 points away from your next reward!,482,1444,,,48,AUTOMATED
5306,2026-05-08 15:43:51.000,2026-05-08 19:43:51.000,Bring a friend and both of you earn bonus points.,482,,,,168,AUTOMATED
5307,2026-05-07 00:43:51.000,2026-05-08 19:43:51.000,Bring a friend and both of you earn bonus points.,482,,,1665,24,AUTOMATED
5308,2026-05-08 04:43:51.000,2026-05-08 19:43:51.000,You are 50 points away from your next reward!,482,1445,,,48,AUTOMATED
5309,2026-05-07 05:43:51.000,2026-05-08 19:43:51.000,Your loyalty card has a new benefit. Tap to discover.,482,,,1664,48,CUSTOM
5310,2026-05-08 15:43:51.000,2026-05-08 19:43:51.000,You are 50 points away from your next reward!,482,,,1664,72,CUSTOM
5311,2026-05-08 12:43:51.000,2026-05-08 19:43:51.000,We miss you! Come back and earn double points this week.,482,,,1664,48,CUSTOM
5312,2026-05-07 03:43:51.000,2026-05-08 19:43:51.000,Bring a friend and both of you earn bonus points.,482,,,,72,AUTOMATED
5313,2026-05-06 20:43:51.000,2026-05-08 19:43:51.000,You have a reward waiting for you. Claim it now!,482,1444,,1667,168,CUSTOM
5314,2026-05-07 23:43:51.000,2026-05-08 19:43:51.000,You have a reward waiting for you. Claim it now!,482,,,1665,72,AUTOMATED
5315,2026-05-08 00:43:51.000,2026-05-08 19:43:51.000,Bring a friend and both of you earn bonus points.,482,1444,,1663,72,CUSTOM
5316,2026-05-08 10:43:51.000,2026-05-08 19:43:51.000,We miss you! Come back and earn double points this week.,482,1445,,,24,AUTOMATED
5317,2026-05-08 12:43:51.000,2026-05-08 19:43:51.000,We miss you! Come back and earn double points this week.,482,,,1663,24,CUSTOM
5318,2026-05-08 08:43:51.000,2026-05-08 19:43:51.000,Happy birthday! Enjoy your special gift from us.,482,,,,168,AUTOMATED
5319,2026-05-08 17:43:51.000,2026-05-08 19:43:51.000,You have a reward waiting for you. Claim it now!,482,1444,,,72,CUSTOM
5320,2026-05-07 18:43:51.000,2026-05-08 19:43:51.000,New products just arrived. Be the first to check them out.,482,1446,,,168,AUTOMATED
5321,2026-05-07 01:43:51.000,2026-05-08 19:43:51.000,Bring a friend and both of you earn bonus points.,482,1446,,,48,CUSTOM
5322,2026-05-07 07:43:51.000,2026-05-08 19:43:51.000,Flash sale today only. Use your points for extra savings.,482,1445,,1667,24,AUTOMATED
5323,2026-05-07 17:43:51.000,2026-05-08 19:43:51.000,Flash sale today only. Use your points for extra savings.,482,,,1663,72,AUTOMATED
5324,2026-05-07 23:43:51.000,2026-05-08 19:43:51.000,New products just arrived. Be the first to check them out.,482,,,1664,168,CUSTOM
5325,2026-05-07 22:43:51.000,2026-05-08 19:43:51.000,Flash sale today only. Use your points for extra savings.,482,,,1667,72,AUTOMATED
5326,2026-05-08 10:43:51.000,2026-05-08 19:43:51.000,Flash sale today only. Use your points for extra savings.,482,,,1663,72,CUSTOM
5327,2026-05-07 19:43:51.000,2026-05-08 19:43:51.000,Flash sale today only. Use your points for extra savings.,482,1445,,1665,48,AUTOMATED
5328,2026-05-08 08:43:51.000,2026-05-08 19:43:51.000,Happy birthday! Enjoy your special gift from us.,482,,,,24,AUTOMATED
5329,2026-05-07 05:43:51.000,2026-05-08 19:43:51.000,You have a reward waiting for you. Claim it now!,482,1446,,1663,72,AUTOMATED
5330,2026-05-08 10:43:51.000,2026-05-08 19:43:51.000,Happy birthday! Enjoy your special gift from us.,483,1449,,,168,AUTOMATED
5331,2026-05-07 13:43:51.000,2026-05-08 19:43:51.000,New products just arrived. Be the first to check them out.,483,,,,72,CUSTOM
5332,2026-05-08 09:43:51.000,2026-05-08 19:43:51.000,Happy birthday! Enjoy your special gift from us.,483,1447,,,168,AUTOMATED
5333,2026-05-07 10:43:51.000,2026-05-08 19:43:51.000,Bring a friend and both of you earn bonus points.,483,1447,,1668,168,AUTOMATED
5334,2026-05-08 09:43:51.000,2026-05-08 19:43:51.000,Your loyalty card has a new benefit. Tap to discover.,483,1449,,,168,AUTOMATED
5335,2026-05-07 05:43:51.000,2026-05-08 19:43:51.000,We miss you! Come back and earn double points this week.,483,1447,,1671,168,CUSTOM
5336,2026-05-07 20:43:51.000,2026-05-08 19:43:51.000,Flash sale today only. Use your points for extra savings.,484,1452,,,168,CUSTOM
5337,2026-05-07 11:43:51.000,2026-05-08 19:43:51.000,We miss you! Come back and earn double points this week.,484,,,,48,CUSTOM
5338,2026-05-08 06:43:51.000,2026-05-08 19:43:51.000,Happy birthday! Enjoy your special gift from us.,484,,,1676,168,AUTOMATED
5339,2026-05-07 21:43:51.000,2026-05-08 19:43:51.000,Bring a friend and both of you earn bonus points.,485,,,,48,AUTOMATED
5340,2026-05-08 00:43:51.000,2026-05-08 19:43:51.000,Happy birthday! Enjoy your special gift from us.,485,,,1678,168,CUSTOM
5341,2026-05-06 21:43:51.000,2026-05-08 19:43:51.000,New products just arrived. Be the first to check them out.,485,,,1678,168,CUSTOM
5342,2026-05-08 14:43:51.000,2026-05-08 19:43:51.000,You are 50 points away from your next reward!,485,1453,,,168,CUSTOM
5343,2026-05-08 07:43:51.000,2026-05-08 19:43:51.000,Happy birthday! Enjoy your special gift from us.,485,1455,,,24,AUTOMATED
5344,2026-05-08 14:43:51.000,2026-05-08 19:43:51.000,New products just arrived. Be the first to check them out.,485,,,,72,AUTOMATED
5345,2026-05-06 23:43:51.000,2026-05-08 19:43:51.000,Bring a friend and both of you earn bonus points.,485,,,,72,CUSTOM
5346,2026-05-08 08:43:51.000,2026-05-08 19:43:51.000,Flash sale today only. Use your points for extra savings.,486,1456,,,168,AUTOMATED
5347,2026-05-06 20:43:51.000,2026-05-08 19:43:51.000,New products just arrived. Be the first to check them out.,486,,,,72,AUTOMATED
5348,2026-05-08 10:43:51.000,2026-05-08 19:43:51.000,New products just arrived. Be the first to check them out.,486,,,,48,AUTOMATED
5349,2026-05-08 10:43:51.000,2026-05-08 19:43:51.000,Your loyalty card has a new benefit. Tap to discover.,486,,,,72,CUSTOM
5350,2026-05-07 03:43:51.000,2026-05-08 19:43:51.000,Flash sale today only. Use your points for extra savings.,486,1457,,,72,CUSTOM
5351,2026-05-06 19:43:51.000,2026-05-08 19:43:51.000,You have a reward waiting for you. Claim it now!,486,1458,,1680,48,AUTOMATED
5352,2026-05-07 01:43:51.000,2026-05-08 19:43:51.000,We miss you! Come back and earn double points this week.,486,,,,48,CUSTOM
5353,2026-05-07 02:43:51.000,2026-05-08 19:43:51.000,Bring a friend and both of you earn bonus points.,486,1457,,,48,AUTOMATED
5354,2026-05-07 00:43:51.000,2026-05-08 19:43:51.000,New products just arrived. Be the first to check them out.,486,,,,168,CUSTOM
5355,2026-05-07 23:43:51.000,2026-05-08 19:43:51.000,You are 50 points away from your next reward!,487,1459,,1683,72,CUSTOM
5356,2026-05-07 19:43:51.000,2026-05-08 19:43:51.000,Flash sale today only. Use your points for extra savings.,487,1459,,,72,CUSTOM
5357,2026-05-08 04:43:51.000,2026-05-08 19:43:51.000,You are 50 points away from your next reward!,487,,,,72,CUSTOM
5358,2026-05-07 03:43:51.000,2026-05-08 19:43:51.000,You are 50 points away from your next reward!,487,1461,,1684,48,CUSTOM
5359,2026-05-07 18:43:51.000,2026-05-08 19:43:51.000,You have a reward waiting for you. Claim it now!,487,,,,48,AUTOMATED
5360,2026-05-07 20:43:51.000,2026-05-08 19:43:51.000,Flash sale today only. Use your points for extra savings.,487,1460,,1684,72,AUTOMATED
5361,2026-05-07 08:43:51.000,2026-05-08 19:43:51.000,Happy birthday! Enjoy your special gift from us.,487,,,1682,168,AUTOMATED
5362,2026-05-07 14:43:51.000,2026-05-08 19:43:51.000,New products just arrived. Be the first to check them out.,487,,,1683,48,AUTOMATED
5363,2026-05-07 16:43:51.000,2026-05-08 19:43:51.000,New products just arrived. Be the first to check them out.,487,,,1682,168,AUTOMATED
5364,2026-05-07 07:43:51.000,2026-05-08 19:43:51.000,New products just arrived. Be the first to check them out.,487,,,,24,CUSTOM
5365,2026-05-07 14:43:51.000,2026-05-08 19:43:51.000,Your loyalty card has a new benefit. Tap to discover.,487,,,,168,AUTOMATED
5366,2026-05-07 16:43:51.000,2026-05-08 19:43:51.000,New products just arrived. Be the first to check them out.,487,,,,72,AUTOMATED
5367,2026-05-07 06:43:51.000,2026-05-08 19:43:51.000,Your loyalty card has a new benefit. Tap to discover.,488,,,,72,CUSTOM
5368,2026-05-07 15:43:51.000,2026-05-08 19:43:51.000,Flash sale today only. Use your points for extra savings.,488,1462,,1685,72,AUTOMATED
5369,2026-05-07 20:43:51.000,2026-05-08 19:43:51.000,We miss you! Come back and earn double points this week.,488,,,,168,AUTOMATED
5370,2026-05-07 01:43:51.000,2026-05-08 19:43:51.000,New products just arrived. Be the first to check them out.,488,,,,48,CUSTOM
5371,2026-05-07 07:43:51.000,2026-05-08 19:43:51.000,Happy birthday! Enjoy your special gift from us.,488,,,1685,72,CUSTOM
5372,2026-05-06 19:43:51.000,2026-05-08 19:43:51.000,Your loyalty card has a new benefit. Tap to discover.,488,1462,,1686,72,AUTOMATED
5373,2026-05-08 13:43:51.000,2026-05-08 19:43:51.000,Flash sale today only. Use your points for extra savings.,488,1462,,,168,AUTOMATED
5374,2026-05-08 17:43:51.000,2026-05-08 19:43:51.000,You have a reward waiting for you. Claim it now!,488,,,,48,AUTOMATED
5375,2026-05-07 01:43:51.000,2026-05-08 19:43:51.000,Your loyalty card has a new benefit. Tap to discover.,489,,,1687,24,CUSTOM
5376,2026-05-08 05:43:51.000,2026-05-08 19:43:51.000,Bring a friend and both of you earn bonus points.,489,,,1688,168,AUTOMATED
5377,2026-05-07 23:43:51.000,2026-05-08 19:43:51.000,You are 50 points away from your next reward!,489,1466,,1688,168,AUTOMATED
5378,2026-05-07 23:43:51.000,2026-05-08 19:43:51.000,New products just arrived. Be the first to check them out.,490,,,,72,CUSTOM
5379,2026-05-06 20:43:51.000,2026-05-08 19:43:51.000,We miss you! Come back and earn double points this week.,490,,,,24,AUTOMATED
5380,2026-05-07 07:43:51.000,2026-05-08 19:43:51.000,You are 50 points away from your next reward!,490,1470,,,168,AUTOMATED
5381,2026-05-06 20:43:51.000,2026-05-08 19:43:51.000,Flash sale today only. Use your points for extra savings.,490,,,,24,AUTOMATED
5382,2026-05-07 14:43:51.000,2026-05-08 19:43:51.000,We miss you! Come back and earn double points this week.,491,1472,,,24,AUTOMATED
5383,2026-05-08 18:43:51.000,2026-05-08 19:43:51.000,You are 50 points away from your next reward!,491,,,,72,CUSTOM
5384,2026-05-07 04:43:51.000,2026-05-08 19:43:51.000,Flash sale today only. Use your points for extra savings.,491,1473,,,72,AUTOMATED
5385,2026-05-08 04:43:51.000,2026-05-08 19:43:51.000,Bring a friend and both of you earn bonus points.,491,,,1692,72,AUTOMATED
5386,2026-05-08 15:43:51.000,2026-05-08 19:43:51.000,New products just arrived. Be the first to check them out.,491,1473,,1691,48,AUTOMATED
5387,2026-05-07 22:43:51.000,2026-05-08 19:43:51.000,Flash sale today only. Use your points for extra savings.,491,1471,,,168,CUSTOM
5388,2026-05-07 16:43:51.000,2026-05-08 19:43:51.000,You have a reward waiting for you. Claim it now!,491,,,1691,24,CUSTOM
5389,2026-05-07 05:43:51.000,2026-05-08 19:43:51.000,You have a reward waiting for you. Claim it now!,491,,,,24,AUTOMATED
5390,2026-05-08 10:43:51.000,2026-05-08 19:43:51.000,Bring a friend and both of you earn bonus points.,491,,,,168,AUTOMATED
5391,2026-05-07 05:43:51.000,2026-05-08 19:43:51.000,We miss you! Come back and earn double points this week.,491,1471,,,72,AUTOMATED
5392,2026-05-08 16:43:51.000,2026-05-08 19:43:51.000,Flash sale today only. Use your points for extra savings.,491,,,1692,168,CUSTOM
5393,2026-05-07 19:43:51.000,2026-05-08 19:43:51.000,New products just arrived. Be the first to check them out.,491,1473,,,24,CUSTOM
5394,2026-05-07 16:43:51.000,2026-05-08 19:43:51.000,You have a reward waiting for you. Claim it now!,491,1471,,,48,CUSTOM
5395,2026-05-08 00:43:51.000,2026-05-08 19:43:51.000,Happy birthday! Enjoy your special gift from us.,491,,,,72,AUTOMATED
5396,2026-05-07 01:43:51.000,2026-05-08 19:43:51.000,Your loyalty card has a new benefit. Tap to discover.,491,1472,,1692,48,AUTOMATED
5397,2026-05-08 11:43:51.000,2026-05-08 19:43:51.000,You are 50 points away from your next reward!,492,1476,,,72,AUTOMATED
5398,2026-05-07 08:43:51.000,2026-05-08 19:43:51.000,Happy birthday! Enjoy your special gift from us.,492,1474,,1693,72,CUSTOM
5399,2026-05-08 06:43:51.000,2026-05-08 19:43:51.000,We miss you! Come back and earn double points this week.,492,1474,,,168,AUTOMATED
5400,2026-05-06 23:43:51.000,2026-05-08 19:43:51.000,Your loyalty card has a new benefit. Tap to discover.,492,,,,24,AUTOMATED
5401,2026-05-07 10:43:51.000,2026-05-08 19:43:51.000,Flash sale today only. Use your points for extra savings.,493,1479,,,72,AUTOMATED
5402,2026-05-07 09:43:51.000,2026-05-08 19:43:51.000,Happy birthday! Enjoy your special gift from us.,493,1478,,,48,AUTOMATED
5403,2026-05-07 03:43:51.000,2026-05-08 19:43:51.000,Happy birthday! Enjoy your special gift from us.,493,,,,24,AUTOMATED
5404,2026-05-08 10:43:51.000,2026-05-08 19:43:51.000,You have a reward waiting for you. Claim it now!,493,1479,,,24,CUSTOM
5405,2026-05-07 12:43:51.000,2026-05-08 19:43:51.000,Happy birthday! Enjoy your special gift from us.,493,1477,,,72,CUSTOM
5406,2026-05-08 04:43:51.000,2026-05-08 19:43:51.000,Your loyalty card has a new benefit. Tap to discover.,493,,,,168,AUTOMATED
5407,2026-05-07 21:43:51.000,2026-05-08 19:43:51.000,Bring a friend and both of you earn bonus points.,493,,,,168,AUTOMATED
5408,2026-05-07 13:43:51.000,2026-05-08 19:43:51.000,Your loyalty card has a new benefit. Tap to discover.,493,1479,,1696,48,AUTOMATED
5409,2026-05-07 14:43:51.000,2026-05-08 19:43:51.000,Flash sale today only. Use your points for extra savings.,493,,,,72,CUSTOM
5410,2026-05-06 21:43:51.000,2026-05-08 19:43:51.000,We miss you! Come back and earn double points this week.,493,1478,,,48,CUSTOM
5411,2026-05-07 09:43:51.000,2026-05-08 19:43:51.000,Happy birthday! Enjoy your special gift from us.,493,1478,,,168,AUTOMATED
5412,2026-05-07 22:43:51.000,2026-05-08 19:43:51.000,We miss you! Come back and earn double points this week.,493,1478,,1697,72,CUSTOM
5413,2026-05-07 10:43:51.000,2026-05-08 19:43:51.000,Happy birthday! Enjoy your special gift from us.,494,,,,48,CUSTOM
5414,2026-05-07 08:43:51.000,2026-05-08 19:43:51.000,Your loyalty card has a new benefit. Tap to discover.,494,,,,24,CUSTOM
5415,2026-05-08 17:43:51.000,2026-05-08 19:43:51.000,Happy birthday! Enjoy your special gift from us.,494,1481,,,168,CUSTOM
5416,2026-05-08 03:43:51.000,2026-05-08 19:43:51.000,Flash sale today only. Use your points for extra savings.,494,1482,,,168,AUTOMATED
5417,2026-05-08 05:43:51.000,2026-05-08 19:43:51.000,Bring a friend and both of you earn bonus points.,494,,,,24,AUTOMATED
5418,2026-05-08 14:43:51.000,2026-05-08 19:43:51.000,New products just arrived. Be the first to check them out.,494,1481,,1698,72,AUTOMATED
5419,2026-05-07 07:43:51.000,2026-05-08 19:43:51.000,Happy birthday! Enjoy your special gift from us.,494,1482,,,48,AUTOMATED
5420,2026-05-07 00:43:51.000,2026-05-08 19:43:51.000,Your loyalty card has a new benefit. Tap to discover.,495,,,,48,CUSTOM
5421,2026-05-08 06:43:51.000,2026-05-08 19:43:51.000,Bring a friend and both of you earn bonus points.,495,1485,,,72,AUTOMATED
5422,2026-05-07 18:43:51.000,2026-05-08 19:43:51.000,You are 50 points away from your next reward!,495,,,1703,24,AUTOMATED
5423,2026-05-07 11:43:51.000,2026-05-08 19:43:51.000,Happy birthday! Enjoy your special gift from us.,495,1485,,,48,CUSTOM
5424,2026-05-07 07:43:51.000,2026-05-08 19:43:51.000,Bring a friend and both of you earn bonus points.,495,1485,,,168,CUSTOM
5425,2026-05-08 00:43:51.000,2026-05-08 19:43:51.000,Your loyalty card has a new benefit. Tap to discover.,495,1484,,,72,CUSTOM
5426,2026-05-06 19:43:51.000,2026-05-08 19:43:51.000,You have a reward waiting for you. Claim it now!,495,1485,,,24,CUSTOM
5427,2026-05-08 01:43:51.000,2026-05-08 19:43:51.000,We miss you! Come back and earn double points this week.,495,,,1703,48,CUSTOM
5428,2026-05-07 01:43:51.000,2026-05-08 19:43:51.000,Your loyalty card has a new benefit. Tap to discover.,495,1483,,,24,CUSTOM
5429,2026-05-06 20:43:51.000,2026-05-08 19:43:51.000,Happy birthday! Enjoy your special gift from us.,495,,,,168,AUTOMATED
5430,2026-05-06 21:43:51.000,2026-05-08 19:43:51.000,Bring a friend and both of you earn bonus points.,496,,,1708,24,CUSTOM
5431,2026-05-08 13:43:51.000,2026-05-08 19:43:51.000,Flash sale today only. Use your points for extra savings.,496,,,,48,CUSTOM
5432,2026-05-07 07:43:51.000,2026-05-08 19:43:51.000,You have a reward waiting for you. Claim it now!,496,,,,24,CUSTOM
5433,2026-05-07 14:43:51.000,2026-05-08 19:43:51.000,New products just arrived. Be the first to check them out.,496,1487,,,24,AUTOMATED
5434,2026-05-08 08:43:51.000,2026-05-08 19:43:51.000,New products just arrived. Be the first to check them out.,496,1487,,1705,168,AUTOMATED
5435,2026-05-07 16:43:51.000,2026-05-08 19:43:51.000,You are 50 points away from your next reward!,496,,,,48,AUTOMATED
5436,2026-05-07 17:43:51.000,2026-05-08 19:43:51.000,You are 50 points away from your next reward!,496,1486,,,72,CUSTOM
5437,2026-05-07 22:43:51.000,2026-05-08 19:43:51.000,Happy birthday! Enjoy your special gift from us.,496,1487,,,168,AUTOMATED
5438,2026-05-07 18:43:51.000,2026-05-08 19:43:51.000,Bring a friend and both of you earn bonus points.,496,,,,72,CUSTOM
5439,2026-05-08 12:43:51.000,2026-05-08 19:43:51.000,We miss you! Come back and earn double points this week.,496,,,,168,AUTOMATED
5440,2026-05-06 23:43:51.000,2026-05-08 19:43:51.000,You are 50 points away from your next reward!,496,,,,48,CUSTOM
5441,2026-05-08 14:43:51.000,2026-05-08 19:43:51.000,We miss you! Come back and earn double points this week.,496,,,,168,CUSTOM
5442,2026-05-07 09:43:51.000,2026-05-08 19:43:51.000,Happy birthday! Enjoy your special gift from us.,497,1489,,,24,AUTOMATED
5443,2026-05-07 14:43:51.000,2026-05-08 19:43:51.000,Flash sale today only. Use your points for extra savings.,497,,,,24,CUSTOM
5444,2026-05-07 08:43:51.000,2026-05-08 19:43:51.000,Flash sale today only. Use your points for extra savings.,497,,,,48,AUTOMATED
5445,2026-05-07 15:43:51.000,2026-05-08 19:43:51.000,We miss you! Come back and earn double points this week.,497,1489,,1709,48,CUSTOM
5446,2026-05-08 15:43:51.000,2026-05-08 19:43:51.000,Flash sale today only. Use your points for extra savings.,497,,,,48,AUTOMATED
5447,2026-05-08 01:43:51.000,2026-05-08 19:43:51.000,You have a reward waiting for you. Claim it now!,497,,,,72,CUSTOM
5448,2026-05-07 16:43:51.000,2026-05-08 19:43:51.000,You have a reward waiting for you. Claim it now!,497,,,1709,24,AUTOMATED
5449,2026-05-07 19:43:51.000,2026-05-08 19:43:51.000,Flash sale today only. Use your points for extra savings.,497,1491,,1711,48,CUSTOM
5450,2026-05-06 20:43:51.000,2026-05-08 19:43:51.000,Flash sale today only. Use your points for extra savings.,497,1489,,,24,CUSTOM
5451,2026-05-08 12:43:51.000,2026-05-08 19:43:51.000,Bring a friend and both of you earn bonus points.,497,,,,48,AUTOMATED
5452,2026-05-07 21:43:51.000,2026-05-08 19:43:51.000,Flash sale today only. Use your points for extra savings.,497,,,,168,CUSTOM
5453,2026-05-07 04:43:51.000,2026-05-08 19:43:51.000,New products just arrived. Be the first to check them out.,497,,,1711,168,CUSTOM
5454,2026-05-07 08:43:51.000,2026-05-08 19:43:51.000,Bring a friend and both of you earn bonus points.,498,1492,,,72,AUTOMATED
5455,2026-05-07 22:43:51.000,2026-05-08 19:43:51.000,Your loyalty card has a new benefit. Tap to discover.,498,1494,,,48,AUTOMATED
5456,2026-05-07 00:43:51.000,2026-05-08 19:43:51.000,You have a reward waiting for you. Claim it now!,498,,,,72,CUSTOM
5457,2026-05-07 08:43:51.000,2026-05-08 19:43:51.000,New products just arrived. Be the first to check them out.,498,1494,,,72,AUTOMATED
5458,2026-05-07 06:43:51.000,2026-05-08 19:43:51.000,We miss you! Come back and earn double points this week.,499,1497,,1717,72,CUSTOM
5459,2026-05-07 12:43:51.000,2026-05-08 19:43:51.000,Your loyalty card has a new benefit. Tap to discover.,499,,,,168,CUSTOM
5460,2026-05-08 09:43:51.000,2026-05-08 19:43:51.000,You have a reward waiting for you. Claim it now!,499,1496,,1719,168,AUTOMATED
5461,2026-05-06 19:43:51.000,2026-05-08 19:43:51.000,New products just arrived. Be the first to check them out.,500,,,,72,AUTOMATED
5462,2026-05-08 10:43:51.000,2026-05-08 19:43:51.000,We miss you! Come back and earn double points this week.,500,,,,24,AUTOMATED
5463,2026-05-08 06:43:51.000,2026-05-08 19:43:51.000,We miss you! Come back and earn double points this week.,500,,,1720,48,CUSTOM
5464,2026-05-06 23:43:51.000,2026-05-08 19:43:51.000,Flash sale today only. Use your points for extra savings.,500,,,,48,CUSTOM
5465,2026-05-07 08:43:51.000,2026-05-08 19:43:51.000,You have a reward waiting for you. Claim it now!,500,1498,,,72,AUTOMATED
5466,2026-05-07 18:43:51.000,2026-05-08 19:43:51.000,You have a reward waiting for you. Claim it now!,500,,,,24,AUTOMATED
5467,2026-05-07 12:43:51.000,2026-05-08 19:43:51.000,Flash sale today only. Use your points for extra savings.,500,,,,48,CUSTOM
5468,2026-05-07 22:43:51.000,2026-05-08 19:43:51.000,You are 50 points away from your next reward!,500,1498,,,168,AUTOMATED
5469,2026-05-08 00:43:51.000,2026-05-08 19:43:51.000,Your loyalty card has a new benefit. Tap to discover.,500,,,,48,CUSTOM
5470,2026-05-08 06:43:51.000,2026-05-08 19:43:51.000,Your loyalty card has a new benefit. Tap to discover.,500,,,1722,24,CUSTOM
5471,2026-05-08 03:43:51.000,2026-05-08 19:43:51.000,Happy birthday! Enjoy your special gift from us.,500,1499,,,168,AUTOMATED
5472,2026-05-07 21:43:51.000,2026-05-08 19:43:51.000,You are 50 points away from your next reward!,500,1498,,,168,CUSTOM
5473,2026-05-08 02:43:51.000,2026-05-08 19:43:51.000,Happy birthday! Enjoy your special gift from us.,500,1500,,,72,AUTOMATED
