id,created_at,type,rating,message,business_branch_id,customer_id
1,2025-07-11 04:52:32.000,REMOTE,5,"Best in the area, no doubt.",1,2
2,2026-04-01 08:33:50.000,REMOTE,3,"Average experience, nothing special.",2,5
3,2025-06-16 02:44:10.000,REMOTE,3,"Average experience, nothing special.",2,29
4,2025-08-28 00:20:31.000,REMOTE,5,Will definitely be back!,1,30
5,2025-09-11 12:25:41.000,LOCAL,4,"Very good, would come again.",1,31
6,2025-12-21 15:43:14.000,LOCAL,5,Always a pleasure coming here.,2,33
7,2026-03-02 02:43:02.000,REMOTE,4,Great service and friendly staff.,1,38
8,2025-10-30 04:36:14.000,LOCAL,4,Happy with my visit.,2,42
9,2025-09-21 18:33:55.000,LOCAL,5,Always a pleasure coming here.,3,55
10,2025-11-28 11:36:48.000,REMOTE,5,Excellent service! Highly recommended.,3,61
11,2026-02-14 09:29:51.000,REMOTE,3,OK but not outstanding.,3,63
12,2025-10-13 18:56:34.000,LOCAL,2,Disappointing visit.,4,72
13,2025-08-20 05:32:44.000,REMOTE,4,"Very good, would come again.",3,77
14,2026-04-02 09:49:21.000,REMOTE,3,OK but not outstanding.,3,80
15,2026-02-21 18:22:29.000,REMOTE,4,Solid experience overall.,3,89
16,2025-06-16 19:58:05.000,LOCAL,1,Not what I expected at all.,4,90
17,2025-08-07 10:08:33.000,REMOTE,3,"Decent, but could improve.",3,91
18,2025-08-21 10:45:59.000,REMOTE,3,"Decent, but could improve.",4,93
19,2026-03-07 13:49:12.000,LOCAL,5,Excellent service! Highly recommended.,3,94
20,2025-06-16 06:42:58.000,LOCAL,3,OK but not outstanding.,4,96
21,2025-08-29 09:41:04.000,LOCAL,4,"Very good, would come again.",3,104
22,2025-09-25 02:06:58.000,REMOTE,3,Expected a bit more to be honest.,3,105
23,2025-08-07 07:18:46.000,REMOTE,4,"Very good, would come again.",6,107
24,2026-01-11 15:05:53.000,LOCAL,2,Product did not meet my expectations.,6,108
25,2025-11-21 17:47:46.000,LOCAL,4,Great service and friendly staff.,5,110
26,2026-04-25 06:02:38.000,LOCAL,4,Great service and friendly staff.,5,113
27,2026-03-21 20:23:24.000,REMOTE,5,Excellent service! Highly recommended.,5,117
28,2026-03-14 21:51:08.000,REMOTE,1,Completely disappointed.,5,130
29,2025-08-04 04:15:41.000,LOCAL,5,Will definitely be back!,5,133
30,2025-08-30 07:19:06.000,REMOTE,4,Solid experience overall.,5,136
31,2026-01-04 13:48:51.000,LOCAL,5,Always a pleasure coming here.,6,138
32,2025-12-23 19:09:12.000,LOCAL,4,Happy with my visit.,6,144
33,2025-06-02 02:45:24.000,REMOTE,3,OK but not outstanding.,6,148
34,2026-01-21 02:09:21.000,REMOTE,5,Will definitely be back!,6,151
35,2025-05-13 23:37:16.000,REMOTE,3,OK but not outstanding.,5,158
36,2025-06-06 17:42:56.000,LOCAL,5,Will definitely be back!,5,164
37,2025-10-10 13:56:10.000,LOCAL,5,Will definitely be back!,6,175
38,2025-07-16 12:47:38.000,REMOTE,5,Excellent service! Highly recommended.,5,179
39,2025-10-06 01:34:09.000,REMOTE,5,"Best in the area, no doubt.",6,195
40,2025-09-04 16:19:41.000,LOCAL,5,Always a pleasure coming here.,6,204
41,2026-04-17 00:57:05.000,LOCAL,4,Great service and friendly staff.,5,207
42,2025-07-22 10:12:24.000,LOCAL,1,Completely disappointed.,5,226
43,2026-02-27 11:46:12.000,LOCAL,3,Expected a bit more to be honest.,5,230
44,2026-02-19 02:00:11.000,LOCAL,3,"Average experience, nothing special.",6,231
45,2025-10-28 17:42:27.000,REMOTE,3,"Average experience, nothing special.",6,232
46,2025-09-04 16:33:35.000,REMOTE,5,Will definitely be back!,6,234
47,2025-09-20 18:46:50.000,LOCAL,3,Expected a bit more to be honest.,5,235
48,2025-10-16 15:17:53.000,REMOTE,4,"Very good, would come again.",6,239
49,2025-10-22 10:00:53.000,REMOTE,5,"Best in the area, no doubt.",6,242
50,2025-08-27 19:05:02.000,REMOTE,5,Always a pleasure coming here.,10,248
51,2025-05-23 08:15:30.000,REMOTE,5,"Best in the area, no doubt.",10,263
52,2025-08-30 04:52:52.000,LOCAL,2,Service was quite slow today.,9,272
53,2026-04-30 16:43:33.000,REMOTE,5,Excellent service! Highly recommended.,10,285
54,2025-11-16 22:57:47.000,REMOTE,3,OK but not outstanding.,9,290
55,2025-07-15 04:29:10.000,REMOTE,1,Very poor service.,8,295
56,2025-07-16 19:16:57.000,REMOTE,4,Solid experience overall.,7,297
57,2025-08-02 22:14:37.000,LOCAL,4,"Very good, would come again.",10,301
58,2026-01-11 10:36:46.000,LOCAL,5,Excellent service! Highly recommended.,9,311
59,2025-05-27 10:43:07.000,REMOTE,5,Will definitely be back!,7,312
60,2025-11-28 07:08:14.000,LOCAL,5,Always a pleasure coming here.,9,313
61,2025-11-05 08:49:29.000,LOCAL,5,"Best in the area, no doubt.",9,318
62,2026-04-26 00:28:07.000,REMOTE,3,Expected a bit more to be honest.,8,324
63,2026-02-25 04:51:50.000,REMOTE,4,Solid experience overall.,10,326
64,2025-12-06 05:52:06.000,REMOTE,4,Happy with my visit.,9,329
65,2026-02-23 12:46:51.000,REMOTE,4,Solid experience overall.,7,336
66,2025-10-17 02:11:39.000,LOCAL,3,OK but not outstanding.,8,337
67,2026-01-27 01:15:55.000,LOCAL,4,Great service and friendly staff.,8,338
68,2025-06-21 16:09:56.000,LOCAL,5,Excellent service! Highly recommended.,10,339
69,2025-09-10 20:35:36.000,REMOTE,3,"Average experience, nothing special.",9,349
70,2025-09-29 22:33:33.000,REMOTE,4,Solid experience overall.,7,361
71,2025-09-10 05:07:23.000,LOCAL,5,Always a pleasure coming here.,10,364
72,2026-05-05 04:11:20.000,REMOTE,4,Happy with my visit.,8,366
73,2025-07-19 02:46:14.000,REMOTE,4,Happy with my visit.,9,374
74,2025-09-21 10:18:47.000,REMOTE,4,Happy with my visit.,10,378
75,2025-10-11 08:05:25.000,REMOTE,5,Will definitely be back!,9,379
76,2026-02-09 00:52:39.000,REMOTE,5,Will definitely be back!,7,383
77,2025-05-15 21:13:14.000,REMOTE,4,Happy with my visit.,10,390
78,2025-06-29 16:49:40.000,LOCAL,3,Expected a bit more to be honest.,10,399
79,2025-07-19 04:06:57.000,REMOTE,2,Service was quite slow today.,10,402
80,2025-09-05 03:09:37.000,LOCAL,4,Great service and friendly staff.,8,410
81,2026-02-07 19:57:46.000,REMOTE,4,Happy with my visit.,9,415
82,2025-07-31 16:27:23.000,REMOTE,4,"Very good, would come again.",9,420
83,2025-08-19 04:51:44.000,LOCAL,5,Will definitely be back!,9,430
84,2025-05-27 23:10:09.000,REMOTE,5,"Best in the area, no doubt.",8,442
85,2025-10-09 22:12:14.000,REMOTE,3,Expected a bit more to be honest.,7,445
86,2025-09-22 22:06:48.000,REMOTE,4,Happy with my visit.,14,451
87,2025-10-02 10:00:14.000,REMOTE,1,Completely disappointed.,14,455
88,2026-03-20 21:51:55.000,LOCAL,3,"Average experience, nothing special.",15,461
89,2025-06-06 06:33:43.000,LOCAL,5,Excellent service! Highly recommended.,12,468
90,2025-05-21 16:04:54.000,LOCAL,3,"Average experience, nothing special.",16,473
91,2026-03-26 19:52:30.000,LOCAL,3,Expected a bit more to be honest.,11,475
92,2025-10-17 13:22:24.000,LOCAL,5,Always a pleasure coming here.,13,478
93,2025-07-08 01:34:11.000,REMOTE,3,"Decent, but could improve.",14,479
94,2025-05-11 15:00:27.000,LOCAL,5,Will definitely be back!,14,480
95,2026-01-10 00:27:15.000,REMOTE,2,Product did not meet my expectations.,16,483
96,2026-02-17 12:37:42.000,REMOTE,3,Expected a bit more to be honest.,11,488
97,2025-12-12 15:15:49.000,REMOTE,2,Staff could be more attentive.,12,494
98,2026-03-15 17:17:06.000,LOCAL,4,Solid experience overall.,15,498
99,2025-06-18 03:50:18.000,REMOTE,1,Will not return.,11,502
100,2025-07-12 02:07:43.000,LOCAL,5,Will definitely be back!,14,504
101,2026-03-22 19:21:11.000,LOCAL,3,Expected a bit more to be honest.,16,510
102,2025-10-05 08:50:06.000,LOCAL,4,"Very good, would come again.",14,512
103,2025-07-07 09:10:25.000,LOCAL,5,Always a pleasure coming here.,11,520
104,2025-06-19 02:48:12.000,REMOTE,3,Expected a bit more to be honest.,14,521
105,2025-08-22 02:47:22.000,LOCAL,2,Product did not meet my expectations.,15,523
106,2026-03-11 16:29:31.000,REMOTE,1,Will not return.,15,534
107,2026-01-07 05:29:16.000,LOCAL,1,Not what I expected at all.,13,535
108,2025-10-19 03:21:36.000,REMOTE,4,Solid experience overall.,12,540
109,2025-06-14 02:54:15.000,LOCAL,4,Great service and friendly staff.,16,543
110,2025-07-28 00:48:26.000,REMOTE,5,"Best in the area, no doubt.",15,548
111,2025-06-21 03:35:19.000,REMOTE,5,Excellent service! Highly recommended.,11,551
112,2026-03-22 08:04:16.000,REMOTE,4,Happy with my visit.,16,552
113,2026-03-25 03:38:35.000,REMOTE,3,"Average experience, nothing special.",11,553
114,2025-07-15 19:20:29.000,LOCAL,4,Solid experience overall.,11,554
115,2026-03-07 17:40:29.000,REMOTE,2,Product did not meet my expectations.,14,558
116,2026-02-09 18:12:13.000,REMOTE,1,Will not return.,14,560
117,2025-06-21 10:38:23.000,LOCAL,5,Will definitely be back!,15,565
118,2026-01-20 08:07:23.000,LOCAL,5,Excellent service! Highly recommended.,12,570
119,2026-04-23 21:05:53.000,REMOTE,5,Excellent service! Highly recommended.,15,574
120,2025-05-26 22:04:50.000,LOCAL,4,Happy with my visit.,12,576
121,2025-07-15 17:00:32.000,LOCAL,1,Very poor service.,16,578
122,2026-01-10 17:34:38.000,REMOTE,4,Happy with my visit.,11,585
123,2025-10-06 11:14:58.000,REMOTE,1,Not what I expected at all.,13,586
124,2025-12-28 20:28:22.000,REMOTE,5,Excellent service! Highly recommended.,13,587
125,2025-08-31 21:45:30.000,LOCAL,4,"Very good, would come again.",13,591
126,2025-08-17 00:49:10.000,REMOTE,5,Excellent service! Highly recommended.,14,596
127,2025-06-04 01:53:26.000,LOCAL,1,Will not return.,12,597
128,2025-10-19 08:43:50.000,REMOTE,2,Service was quite slow today.,13,602
129,2025-07-19 01:18:02.000,REMOTE,4,Solid experience overall.,14,607
130,2025-10-05 23:16:00.000,REMOTE,5,"Best in the area, no doubt.",13,608
131,2026-01-26 07:55:45.000,LOCAL,1,Very poor service.,14,612
132,2025-10-25 14:13:08.000,REMOTE,4,Solid experience overall.,12,614
133,2025-07-10 20:19:12.000,REMOTE,5,Always a pleasure coming here.,15,624
134,2025-12-05 01:46:58.000,LOCAL,4,Happy with my visit.,16,627
135,2025-10-16 13:10:47.000,REMOTE,2,Service was quite slow today.,14,628
136,2025-09-17 14:46:33.000,LOCAL,5,Will definitely be back!,12,631
137,2025-05-18 03:51:06.000,LOCAL,4,Happy with my visit.,14,636
138,2025-07-04 14:48:40.000,REMOTE,4,Solid experience overall.,11,649
139,2026-02-13 12:29:13.000,REMOTE,5,"Best in the area, no doubt.",14,669
140,2026-04-23 01:51:14.000,LOCAL,4,Great service and friendly staff.,12,681
141,2026-01-17 16:45:14.000,LOCAL,3,Expected a bit more to be honest.,12,686
142,2026-02-28 17:15:44.000,REMOTE,3,"Decent, but could improve.",11,687
143,2025-07-14 04:07:50.000,LOCAL,4,"Very good, would come again.",13,694
144,2025-10-27 12:35:41.000,REMOTE,3,Expected a bit more to be honest.,11,695
145,2025-12-11 09:15:23.000,LOCAL,4,Great service and friendly staff.,14,700
146,2025-05-18 17:01:19.000,LOCAL,2,Service was quite slow today.,12,710
147,2025-10-09 03:26:28.000,LOCAL,2,Service was quite slow today.,13,716
148,2025-11-13 07:10:10.000,REMOTE,5,Always a pleasure coming here.,18,734
149,2025-12-21 03:46:40.000,REMOTE,5,Excellent service! Highly recommended.,17,746
150,2025-07-03 03:51:38.000,REMOTE,5,"Best in the area, no doubt.",18,747
151,2025-06-17 19:43:46.000,LOCAL,2,Service was quite slow today.,17,751
152,2026-01-17 16:12:53.000,REMOTE,4,Solid experience overall.,17,753
153,2025-10-21 15:14:31.000,LOCAL,4,Solid experience overall.,17,756
154,2025-11-08 00:34:11.000,REMOTE,3,"Decent, but could improve.",17,761
155,2025-10-11 23:49:04.000,LOCAL,2,Product did not meet my expectations.,18,762
156,2025-10-20 14:30:59.000,REMOTE,5,Excellent service! Highly recommended.,17,780
157,2025-08-30 04:13:06.000,LOCAL,2,Product did not meet my expectations.,17,782
158,2025-12-19 07:55:00.000,REMOTE,3,OK but not outstanding.,19,789
159,2026-04-05 16:44:24.000,LOCAL,4,Solid experience overall.,19,791
160,2025-10-19 13:09:18.000,REMOTE,3,OK but not outstanding.,19,793
161,2026-03-13 19:58:30.000,REMOTE,3,Expected a bit more to be honest.,19,794
162,2025-11-30 22:21:54.000,REMOTE,4,Great service and friendly staff.,19,798
163,2025-08-22 15:12:18.000,LOCAL,2,Product did not meet my expectations.,22,834
164,2026-01-08 14:51:29.000,REMOTE,4,"Very good, would come again.",23,838
165,2025-09-07 22:59:13.000,REMOTE,3,"Average experience, nothing special.",23,845
166,2025-08-10 00:08:06.000,LOCAL,5,Excellent service! Highly recommended.,21,847
167,2025-12-14 04:28:16.000,LOCAL,4,"Very good, would come again.",21,851
168,2026-01-29 00:37:16.000,REMOTE,3,"Decent, but could improve.",21,854
169,2026-01-08 05:13:06.000,LOCAL,4,Solid experience overall.,23,855
170,2025-12-27 21:22:14.000,REMOTE,5,Always a pleasure coming here.,23,867
171,2025-09-27 11:43:25.000,LOCAL,3,OK but not outstanding.,23,871
172,2026-03-04 04:26:58.000,LOCAL,4,"Very good, would come again.",23,872
173,2025-09-07 20:47:08.000,LOCAL,3,Expected a bit more to be honest.,21,873
174,2025-12-02 11:07:43.000,REMOTE,5,Always a pleasure coming here.,20,876
175,2026-03-24 01:05:41.000,REMOTE,3,OK but not outstanding.,23,883
176,2026-01-08 13:13:26.000,LOCAL,4,"Very good, would come again.",24,899
177,2026-02-01 00:20:45.000,LOCAL,5,Excellent service! Highly recommended.,24,911
178,2025-11-14 14:03:52.000,LOCAL,1,Very poor service.,25,918
179,2025-10-28 11:44:23.000,REMOTE,4,Great service and friendly staff.,27,919
180,2025-07-24 13:56:50.000,LOCAL,4,Great service and friendly staff.,26,925
181,2025-06-06 11:12:05.000,REMOTE,5,Always a pleasure coming here.,27,926
182,2025-09-26 09:41:31.000,LOCAL,5,Always a pleasure coming here.,25,938
183,2025-09-27 12:53:10.000,LOCAL,5,Will definitely be back!,26,939
184,2025-12-13 14:44:45.000,REMOTE,4,Great service and friendly staff.,25,947
185,2026-03-20 10:02:29.000,REMOTE,3,"Average experience, nothing special.",26,949
186,2026-01-29 23:43:16.000,LOCAL,5,Will definitely be back!,25,953
187,2026-02-22 11:49:00.000,LOCAL,5,Will definitely be back!,25,956
188,2026-04-27 19:03:34.000,REMOTE,3,Expected a bit more to be honest.,27,959
189,2025-06-25 15:10:08.000,REMOTE,5,Excellent service! Highly recommended.,27,963
190,2026-02-03 04:48:02.000,LOCAL,4,Solid experience overall.,26,968
191,2025-12-21 09:56:28.000,LOCAL,5,"Best in the area, no doubt.",25,972
192,2025-08-16 19:09:18.000,REMOTE,4,"Very good, would come again.",27,973
193,2026-04-30 23:44:28.000,LOCAL,1,Completely disappointed.,27,974
194,2025-07-23 21:12:34.000,LOCAL,5,"Best in the area, no doubt.",26,984
195,2025-09-05 19:46:04.000,LOCAL,4,Happy with my visit.,26,992
196,2025-12-07 20:46:17.000,LOCAL,5,Will definitely be back!,26,1000
197,2026-01-22 06:38:36.000,LOCAL,2,Product did not meet my expectations.,28,1014
198,2025-09-07 20:47:38.000,REMOTE,3,Expected a bit more to be honest.,28,1016
199,2025-10-22 22:06:49.000,LOCAL,4,Great service and friendly staff.,28,1017
200,2026-03-08 00:32:00.000,REMOTE,1,Very poor service.,28,1023
201,2025-08-03 10:56:25.000,LOCAL,2,Service was quite slow today.,28,1033
202,2025-05-09 02:19:23.000,REMOTE,4,Solid experience overall.,28,1038
203,2025-10-30 10:58:26.000,REMOTE,3,OK but not outstanding.,29,1040
204,2026-03-13 19:42:17.000,LOCAL,4,Happy with my visit.,29,1041
205,2025-10-30 23:15:36.000,LOCAL,5,"Best in the area, no doubt.",29,1042
206,2026-01-21 23:02:23.000,LOCAL,2,Staff could be more attentive.,29,1043
207,2025-06-24 19:06:53.000,REMOTE,4,"Very good, would come again.",29,1044
208,2026-04-02 18:51:00.000,LOCAL,4,Solid experience overall.,30,1047
209,2025-12-31 06:19:22.000,REMOTE,1,Very poor service.,30,1058
210,2026-01-24 18:40:01.000,LOCAL,4,Great service and friendly staff.,30,1061
211,2025-12-14 19:03:48.000,LOCAL,3,OK but not outstanding.,29,1069
212,2025-10-28 04:55:11.000,REMOTE,5,Will definitely be back!,29,1070
213,2025-08-01 01:52:58.000,REMOTE,1,Will not return.,30,1072
214,2026-03-19 23:59:41.000,LOCAL,5,Excellent service! Highly recommended.,29,1076
215,2025-12-28 13:57:10.000,LOCAL,4,Great service and friendly staff.,29,1080
216,2025-12-15 19:29:27.000,REMOTE,4,"Very good, would come again.",29,1100
217,2026-01-22 20:05:46.000,REMOTE,3,"Decent, but could improve.",30,1102
218,2025-11-23 00:28:13.000,REMOTE,4,Great service and friendly staff.,30,1105
219,2025-07-01 06:48:27.000,LOCAL,3,OK but not outstanding.,31,1112
220,2026-04-19 22:48:58.000,REMOTE,2,Disappointing visit.,31,1117
221,2025-07-27 15:06:37.000,LOCAL,1,Completely disappointed.,31,1118
222,2026-02-09 09:29:05.000,REMOTE,4,Happy with my visit.,31,1130
223,2025-12-18 06:05:32.000,REMOTE,4,Solid experience overall.,31,1145
224,2026-05-06 16:39:47.000,LOCAL,4,Great service and friendly staff.,31,1148
225,2026-04-28 08:55:57.000,REMOTE,5,Always a pleasure coming here.,31,1149
226,2025-09-18 23:59:41.000,REMOTE,3,Expected a bit more to be honest.,31,1151
227,2026-03-30 08:16:09.000,LOCAL,5,"Best in the area, no doubt.",31,1152
228,2026-03-12 16:20:16.000,REMOTE,4,Great service and friendly staff.,31,1156
229,2025-12-27 00:56:51.000,REMOTE,5,Excellent service! Highly recommended.,31,1161
230,2026-01-28 18:07:32.000,LOCAL,5,Will definitely be back!,31,1164
231,2025-12-21 15:03:44.000,LOCAL,4,Great service and friendly staff.,35,1173
232,2025-07-09 21:23:14.000,REMOTE,5,"Best in the area, no doubt.",33,1176
233,2026-03-25 19:11:17.000,REMOTE,1,Not what I expected at all.,32,1182
234,2026-01-25 05:49:50.000,REMOTE,1,Will not return.,32,1186
235,2026-05-02 11:58:52.000,LOCAL,2,Service was quite slow today.,35,1192
236,2025-07-05 10:17:00.000,LOCAL,5,Will definitely be back!,41,1214
237,2025-11-16 03:33:11.000,LOCAL,4,Happy with my visit.,38,1221
238,2025-05-24 08:12:44.000,LOCAL,4,"Very good, would come again.",39,1227
239,2025-06-24 15:19:43.000,REMOTE,2,Disappointing visit.,40,1249
240,2025-06-11 09:59:25.000,LOCAL,4,Solid experience overall.,41,1255
241,2025-05-16 00:06:42.000,REMOTE,5,Will definitely be back!,36,1257
242,2025-05-22 19:57:06.000,LOCAL,2,Product did not meet my expectations.,38,1258
243,2025-08-31 06:33:28.000,REMOTE,4,Solid experience overall.,37,1261
244,2026-03-25 09:59:54.000,REMOTE,5,Excellent service! Highly recommended.,39,1262
245,2025-08-05 09:58:32.000,LOCAL,5,Excellent service! Highly recommended.,41,1269
246,2026-01-08 08:31:43.000,REMOTE,1,Very poor service.,40,1275
247,2025-08-24 08:03:58.000,REMOTE,3,"Decent, but could improve.",41,1282
248,2025-11-26 01:03:15.000,REMOTE,4,Happy with my visit.,39,1285
249,2025-08-19 12:04:58.000,LOCAL,4,Solid experience overall.,37,1287
250,2025-12-04 00:32:50.000,LOCAL,4,"Very good, would come again.",42,1292
251,2026-03-21 01:26:38.000,REMOTE,5,Always a pleasure coming here.,39,1295
252,2025-06-07 03:33:33.000,LOCAL,2,Service was quite slow today.,39,1296
253,2025-05-28 16:45:49.000,LOCAL,4,Happy with my visit.,37,1299
254,2026-05-02 06:37:38.000,REMOTE,5,Will definitely be back!,39,1300
255,2025-06-05 17:00:07.000,REMOTE,3,Expected a bit more to be honest.,36,1302
256,2026-03-22 15:27:37.000,REMOTE,2,Staff could be more attentive.,39,1311
257,2025-09-10 05:19:38.000,REMOTE,4,Solid experience overall.,39,1323
258,2025-11-27 02:22:17.000,REMOTE,5,Excellent service! Highly recommended.,37,1334
259,2025-07-29 00:13:20.000,REMOTE,3,OK but not outstanding.,38,1340
260,2025-09-23 04:45:59.000,LOCAL,4,Solid experience overall.,38,1344
261,2026-05-05 13:35:05.000,REMOTE,2,Staff could be more attentive.,42,1352
262,2025-12-27 04:24:44.000,LOCAL,4,Great service and friendly staff.,36,1356
263,2025-08-09 02:44:10.000,REMOTE,3,OK but not outstanding.,40,1364
264,2026-01-02 05:55:15.000,LOCAL,3,Expected a bit more to be honest.,39,1368
265,2025-10-03 23:09:14.000,REMOTE,4,Great service and friendly staff.,37,1380
266,2025-10-20 15:39:16.000,LOCAL,1,Not what I expected at all.,41,1383
267,2025-07-10 21:26:48.000,REMOTE,4,Great service and friendly staff.,42,1385
268,2026-01-13 13:56:28.000,REMOTE,5,Excellent service! Highly recommended.,37,1386
269,2025-10-15 22:32:46.000,REMOTE,3,Expected a bit more to be honest.,37,1391
270,2025-10-27 04:29:29.000,LOCAL,4,Happy with my visit.,42,1401
271,2026-04-20 10:45:13.000,REMOTE,4,Great service and friendly staff.,42,1403
272,2025-11-21 04:46:41.000,LOCAL,4,Great service and friendly staff.,42,1407
273,2025-11-07 23:47:24.000,REMOTE,4,Great service and friendly staff.,38,1409
274,2026-03-29 00:35:24.000,REMOTE,4,Great service and friendly staff.,39,1415
275,2025-10-31 19:26:39.000,REMOTE,4,Great service and friendly staff.,40,1426
276,2025-07-30 15:00:40.000,LOCAL,2,Disappointing visit.,42,1430
277,2025-09-06 04:26:12.000,LOCAL,2,Product did not meet my expectations.,39,1433
278,2026-04-27 04:07:00.000,LOCAL,5,"Best in the area, no doubt.",39,1436
279,2025-09-26 15:28:50.000,REMOTE,3,OK but not outstanding.,41,1441
280,2026-02-28 07:55:37.000,LOCAL,5,Always a pleasure coming here.,37,1445
281,2025-07-02 12:44:59.000,LOCAL,5,"Best in the area, no doubt.",40,1448
282,2025-10-30 22:32:20.000,REMOTE,4,Happy with my visit.,36,1452
283,2025-11-30 10:10:02.000,LOCAL,2,Service was quite slow today.,40,1453
284,2025-07-10 16:33:34.000,REMOTE,5,"Best in the area, no doubt.",40,1464
285,2025-08-01 19:07:27.000,LOCAL,5,Will definitely be back!,41,1468
286,2026-02-21 18:55:42.000,REMOTE,5,Always a pleasure coming here.,40,1473
287,2026-03-27 23:10:11.000,LOCAL,3,Expected a bit more to be honest.,39,1477
288,2026-02-09 20:40:50.000,REMOTE,2,Product did not meet my expectations.,38,1480
289,2026-04-13 20:34:06.000,REMOTE,3,"Decent, but could improve.",36,1489
290,2025-07-23 17:39:04.000,LOCAL,2,Staff could be more attentive.,41,1491
291,2025-08-03 01:49:15.000,REMOTE,4,Happy with my visit.,37,1496
292,2026-03-22 23:11:09.000,LOCAL,5,Excellent service! Highly recommended.,36,1497
293,2026-04-08 09:45:31.000,LOCAL,5,Excellent service! Highly recommended.,37,1500
294,2025-05-26 00:29:01.000,REMOTE,5,Will definitely be back!,43,1512
295,2025-09-07 08:40:15.000,LOCAL,5,Always a pleasure coming here.,44,1513
296,2025-11-09 03:04:24.000,REMOTE,4,"Very good, would come again.",43,1516
297,2026-01-22 03:26:45.000,LOCAL,5,"Best in the area, no doubt.",44,1517
298,2025-09-10 21:15:52.000,REMOTE,3,OK but not outstanding.,43,1529
299,2026-01-03 20:28:53.000,REMOTE,3,Expected a bit more to be honest.,44,1533
300,2026-01-11 19:19:16.000,LOCAL,4,Happy with my visit.,43,1534
301,2025-06-25 09:23:50.000,REMOTE,2,Staff could be more attentive.,45,1557
302,2026-02-20 04:55:56.000,REMOTE,1,Completely disappointed.,45,1562
303,2025-08-14 19:52:13.000,LOCAL,1,Completely disappointed.,45,1564
304,2025-10-29 13:29:48.000,LOCAL,1,Completely disappointed.,45,1565
305,2025-08-04 00:27:46.000,LOCAL,2,Disappointing visit.,45,1568
306,2026-04-03 23:39:23.000,LOCAL,2,Service was quite slow today.,45,1570
307,2025-11-27 09:31:10.000,LOCAL,3,"Decent, but could improve.",45,1573
308,2026-03-13 01:02:49.000,REMOTE,2,Staff could be more attentive.,45,1574
309,2026-05-04 18:41:33.000,LOCAL,4,Solid experience overall.,45,1575
310,2026-04-01 14:03:00.000,REMOTE,4,Great service and friendly staff.,45,1576
311,2025-06-27 05:45:42.000,LOCAL,5,"Best in the area, no doubt.",46,1584
312,2026-03-07 20:49:43.000,REMOTE,4,Great service and friendly staff.,46,1586
313,2025-07-16 08:25:12.000,REMOTE,2,Disappointing visit.,46,1595
314,2026-02-23 05:14:34.000,REMOTE,3,Expected a bit more to be honest.,46,1604
315,2025-11-04 16:51:36.000,LOCAL,1,Will not return.,46,1614
316,2025-09-12 04:00:14.000,LOCAL,5,"Best in the area, no doubt.",47,1618
317,2025-09-27 18:56:17.000,LOCAL,2,Product did not meet my expectations.,46,1622
318,2026-01-02 19:51:48.000,REMOTE,3,"Average experience, nothing special.",47,1625
319,2026-03-03 04:06:47.000,LOCAL,2,Disappointing visit.,49,1627
320,2025-11-03 07:29:18.000,REMOTE,1,Not what I expected at all.,48,1632
321,2025-07-16 19:47:24.000,LOCAL,4,Happy with my visit.,46,1638
322,2026-04-17 14:53:44.000,REMOTE,5,Excellent service! Highly recommended.,49,1640
323,2026-02-07 18:30:08.000,LOCAL,4,Happy with my visit.,49,1641
324,2025-10-29 07:09:03.000,REMOTE,5,Always a pleasure coming here.,46,1645
325,2026-04-30 18:48:05.000,REMOTE,3,Expected a bit more to be honest.,47,1646
326,2025-06-22 02:13:30.000,REMOTE,3,OK but not outstanding.,49,1652
327,2025-09-04 13:19:14.000,REMOTE,5,"Best in the area, no doubt.",49,1654
328,2026-02-13 19:46:58.000,REMOTE,5,Always a pleasure coming here.,48,1658
329,2026-03-03 16:21:35.000,LOCAL,4,"Very good, would come again.",48,1661
330,2025-08-12 09:29:33.000,LOCAL,5,Excellent service! Highly recommended.,47,1670
331,2025-10-15 02:19:00.000,REMOTE,2,Staff could be more attentive.,46,1676
332,2025-06-30 09:30:52.000,LOCAL,3,"Decent, but could improve.",47,1677
333,2025-05-29 19:40:44.000,REMOTE,1,Completely disappointed.,47,1681
334,2026-01-22 22:01:31.000,LOCAL,4,Great service and friendly staff.,47,1685
335,2025-05-30 09:26:47.000,LOCAL,4,Solid experience overall.,46,1686
336,2025-11-26 02:21:35.000,LOCAL,3,Expected a bit more to be honest.,49,1697
337,2025-11-15 11:40:48.000,REMOTE,4,Great service and friendly staff.,46,1703
338,2025-07-17 14:27:57.000,REMOTE,1,Will not return.,46,1706
339,2025-09-18 04:27:16.000,LOCAL,4,Solid experience overall.,46,1718
340,2026-03-31 10:49:27.000,REMOTE,3,"Average experience, nothing special.",48,1720
341,2025-07-24 00:59:37.000,REMOTE,5,Always a pleasure coming here.,46,1721
342,2025-05-21 19:22:28.000,REMOTE,5,Excellent service! Highly recommended.,46,1723
343,2025-09-09 18:47:05.000,REMOTE,2,Disappointing visit.,49,1728
344,2026-04-20 10:31:11.000,LOCAL,5,Excellent service! Highly recommended.,47,1729
345,2026-02-10 12:04:31.000,LOCAL,5,Will definitely be back!,48,1730
346,2025-08-01 01:24:58.000,REMOTE,4,Happy with my visit.,46,1731
347,2025-08-29 21:02:45.000,LOCAL,3,"Decent, but could improve.",49,1733
348,2025-07-25 21:26:09.000,REMOTE,2,Disappointing visit.,49,1738
349,2025-05-09 02:31:58.000,REMOTE,2,Disappointing visit.,49,1742
350,2026-05-05 12:58:05.000,LOCAL,5,"Best in the area, no doubt.",46,1745
351,2025-11-14 16:44:32.000,REMOTE,4,Great service and friendly staff.,47,1746
352,2026-02-27 12:44:33.000,REMOTE,3,"Decent, but could improve.",47,1750
353,2026-03-30 16:45:54.000,LOCAL,3,"Average experience, nothing special.",47,1757
354,2026-04-07 22:27:22.000,LOCAL,3,"Average experience, nothing special.",49,1771
355,2025-07-21 01:52:31.000,LOCAL,2,Service was quite slow today.,46,1779
356,2025-12-07 18:43:02.000,LOCAL,5,Always a pleasure coming here.,48,1783
357,2026-03-09 00:48:06.000,REMOTE,1,Completely disappointed.,47,1787
358,2025-07-12 22:21:32.000,REMOTE,2,Service was quite slow today.,48,1791
359,2025-11-06 12:19:43.000,LOCAL,3,"Average experience, nothing special.",46,1798
360,2026-05-05 03:10:35.000,LOCAL,5,"Best in the area, no doubt.",49,1799
361,2026-01-13 00:29:15.000,LOCAL,4,Solid experience overall.,47,1802
362,2026-03-26 04:56:41.000,LOCAL,4,Solid experience overall.,48,1821
363,2026-03-07 19:21:26.000,REMOTE,5,"Best in the area, no doubt.",46,1825
364,2025-06-16 19:55:19.000,LOCAL,4,Solid experience overall.,47,1826
365,2025-06-12 05:25:49.000,REMOTE,4,"Very good, would come again.",47,1836
366,2025-05-11 03:50:01.000,LOCAL,3,"Decent, but could improve.",46,1837
367,2025-06-09 05:10:10.000,REMOTE,4,Solid experience overall.,50,1851
368,2026-03-28 15:05:29.000,LOCAL,4,Happy with my visit.,50,1854
369,2025-11-26 21:44:16.000,LOCAL,5,Will definitely be back!,50,1861
370,2025-10-22 05:56:19.000,REMOTE,4,Great service and friendly staff.,50,1863
371,2025-09-08 09:08:20.000,LOCAL,5,Excellent service! Highly recommended.,50,1864
372,2025-07-24 18:58:47.000,REMOTE,3,"Decent, but could improve.",50,1870
373,2025-06-30 08:51:48.000,REMOTE,4,"Very good, would come again.",50,1871
374,2026-01-17 11:46:00.000,LOCAL,5,Will definitely be back!,50,1872
375,2025-10-22 20:20:52.000,LOCAL,4,Solid experience overall.,50,1873
376,2025-06-18 05:37:54.000,REMOTE,5,Excellent service! Highly recommended.,51,1877
377,2025-07-20 11:37:49.000,LOCAL,5,"Best in the area, no doubt.",52,1880
378,2026-02-24 02:22:30.000,LOCAL,5,"Best in the area, no doubt.",52,1886
379,2026-01-31 11:37:25.000,LOCAL,3,Expected a bit more to be honest.,51,1887
380,2026-01-07 07:58:07.000,LOCAL,5,Always a pleasure coming here.,52,1905
381,2025-12-03 17:01:06.000,LOCAL,4,Great service and friendly staff.,52,1906
382,2025-09-26 11:23:00.000,LOCAL,5,"Best in the area, no doubt.",53,1907
383,2025-12-30 08:38:32.000,LOCAL,4,Solid experience overall.,51,1910
384,2025-05-29 20:06:08.000,REMOTE,4,Happy with my visit.,53,1911
385,2025-10-26 22:49:59.000,REMOTE,3,"Decent, but could improve.",51,1925
386,2025-06-28 04:15:43.000,LOCAL,4,Solid experience overall.,55,1944
387,2025-11-07 14:57:35.000,LOCAL,3,"Decent, but could improve.",54,1951
388,2025-12-04 08:48:34.000,REMOTE,5,"Best in the area, no doubt.",54,1952
389,2026-03-15 18:15:47.000,LOCAL,3,Expected a bit more to be honest.,55,1955
390,2025-07-27 15:50:42.000,LOCAL,4,"Very good, would come again.",54,1959
391,2026-03-22 07:03:24.000,REMOTE,3,Expected a bit more to be honest.,54,1964
392,2025-11-20 05:18:40.000,REMOTE,4,Solid experience overall.,54,1967
393,2026-02-22 07:35:06.000,LOCAL,5,Excellent service! Highly recommended.,57,1970
394,2026-03-16 01:36:33.000,REMOTE,1,Completely disappointed.,57,1976
395,2025-12-16 19:52:57.000,LOCAL,4,Happy with my visit.,57,1983
396,2025-07-17 03:02:26.000,REMOTE,3,"Decent, but could improve.",56,1986
397,2025-10-21 01:54:22.000,LOCAL,4,Solid experience overall.,56,1991
398,2026-01-10 15:57:02.000,LOCAL,5,Always a pleasure coming here.,60,2002
399,2026-02-06 07:22:25.000,REMOTE,1,Not what I expected at all.,58,2005
400,2026-01-11 01:31:28.000,LOCAL,4,Solid experience overall.,60,2012
401,2025-12-12 12:11:47.000,REMOTE,1,Very poor service.,58,2015
402,2025-07-18 14:25:57.000,REMOTE,4,Solid experience overall.,59,2025
403,2026-02-28 22:12:10.000,REMOTE,5,Always a pleasure coming here.,59,2037
404,2025-12-20 11:39:03.000,LOCAL,5,"Best in the area, no doubt.",60,2040
405,2025-10-26 20:41:45.000,REMOTE,5,"Best in the area, no doubt.",58,2043
406,2025-10-21 11:12:48.000,REMOTE,4,Solid experience overall.,58,2050
407,2026-03-04 18:47:25.000,REMOTE,1,Will not return.,58,2058
408,2026-04-15 08:30:49.000,LOCAL,5,Always a pleasure coming here.,58,2059
409,2025-12-26 19:12:14.000,REMOTE,5,"Best in the area, no doubt.",59,2060
410,2025-09-14 19:56:21.000,LOCAL,3,Expected a bit more to be honest.,59,2068
411,2025-12-21 12:39:27.000,REMOTE,4,Solid experience overall.,58,2076
412,2025-08-29 14:01:23.000,LOCAL,5,Excellent service! Highly recommended.,60,2078
413,2025-07-10 03:14:03.000,LOCAL,3,OK but not outstanding.,60,2082
414,2025-10-09 19:16:22.000,LOCAL,1,Very poor service.,59,2091
415,2025-09-26 17:51:26.000,LOCAL,4,Solid experience overall.,60,2092
416,2025-07-20 23:27:56.000,REMOTE,5,"Best in the area, no doubt.",59,2093
417,2025-08-30 19:27:08.000,REMOTE,4,Solid experience overall.,60,2101
418,2025-12-10 01:32:36.000,LOCAL,1,Completely disappointed.,60,2105
419,2026-02-10 22:08:50.000,LOCAL,4,Happy with my visit.,60,2106
420,2025-11-19 01:25:57.000,REMOTE,5,Always a pleasure coming here.,65,2125
421,2025-11-11 11:18:56.000,REMOTE,3,Expected a bit more to be honest.,65,2130
422,2025-06-24 19:35:30.000,REMOTE,4,Solid experience overall.,63,2142
423,2026-03-21 12:36:21.000,LOCAL,1,Will not return.,64,2150
424,2025-09-25 10:14:18.000,LOCAL,5,Will definitely be back!,63,2162
425,2025-11-17 11:13:10.000,REMOTE,3,OK but not outstanding.,63,2163
426,2026-02-23 17:58:39.000,LOCAL,3,"Average experience, nothing special.",64,2164
427,2025-10-19 06:37:42.000,REMOTE,4,Solid experience overall.,66,2173
428,2025-10-02 17:23:32.000,REMOTE,5,Will definitely be back!,63,2179
429,2025-10-24 16:23:16.000,REMOTE,3,Expected a bit more to be honest.,65,2181
430,2026-03-11 09:23:43.000,REMOTE,4,"Very good, would come again.",61,2184
431,2026-04-05 00:46:40.000,REMOTE,4,Happy with my visit.,64,2188
432,2026-05-02 09:58:59.000,REMOTE,4,Happy with my visit.,66,2192
433,2025-10-17 11:37:23.000,REMOTE,5,"Best in the area, no doubt.",68,2196
434,2025-09-18 00:54:27.000,REMOTE,4,Solid experience overall.,62,2197
435,2025-07-29 14:17:26.000,LOCAL,2,Service was quite slow today.,61,2200
436,2025-11-02 00:12:03.000,REMOTE,4,Great service and friendly staff.,62,2204
437,2026-04-23 19:12:58.000,LOCAL,1,Will not return.,64,2212
438,2026-01-07 22:18:48.000,LOCAL,5,"Best in the area, no doubt.",61,2213
439,2026-04-25 17:35:08.000,LOCAL,5,Will definitely be back!,61,2217
440,2025-06-20 15:53:19.000,LOCAL,2,Staff could be more attentive.,66,2225
441,2025-09-07 15:29:30.000,REMOTE,4,Happy with my visit.,61,2228
442,2025-10-27 10:25:45.000,LOCAL,4,Great service and friendly staff.,62,2231
443,2026-03-21 00:24:21.000,REMOTE,5,Will definitely be back!,63,2233
444,2025-12-15 14:54:50.000,REMOTE,3,"Average experience, nothing special.",67,2249
445,2026-03-24 03:12:42.000,LOCAL,3,"Decent, but could improve.",67,2262
446,2025-07-26 00:08:25.000,REMOTE,4,Solid experience overall.,65,2267
447,2025-09-17 03:25:29.000,LOCAL,2,Service was quite slow today.,63,2268
448,2025-10-08 23:30:11.000,LOCAL,3,"Decent, but could improve.",67,2274
449,2025-11-30 04:22:04.000,REMOTE,4,Solid experience overall.,65,2275
450,2025-12-19 01:46:43.000,LOCAL,3,"Decent, but could improve.",66,2278
451,2025-07-13 11:10:58.000,LOCAL,5,Will definitely be back!,68,2280
452,2025-12-18 07:40:34.000,REMOTE,5,Will definitely be back!,67,2282
453,2025-12-28 19:17:12.000,REMOTE,5,"Best in the area, no doubt.",63,2310
454,2025-12-22 07:00:53.000,LOCAL,5,Will definitely be back!,68,2314
455,2026-04-07 00:10:42.000,REMOTE,5,Excellent service! Highly recommended.,65,2328
456,2025-11-09 11:41:39.000,REMOTE,3,Expected a bit more to be honest.,66,2335
457,2026-04-24 16:53:36.000,REMOTE,3,Expected a bit more to be honest.,62,2336
458,2025-11-12 11:50:42.000,REMOTE,2,Product did not meet my expectations.,65,2339
459,2025-10-05 07:43:51.000,REMOTE,4,Happy with my visit.,61,2341
460,2025-10-18 17:47:57.000,LOCAL,3,Expected a bit more to be honest.,67,2345
461,2026-03-29 09:18:54.000,LOCAL,5,"Best in the area, no doubt.",66,2348
462,2025-10-08 22:28:02.000,LOCAL,3,OK but not outstanding.,63,2351
463,2025-07-01 16:12:20.000,REMOTE,4,Happy with my visit.,66,2356
464,2025-09-07 23:28:42.000,REMOTE,5,Will definitely be back!,63,2359
465,2025-11-30 07:36:09.000,REMOTE,4,Great service and friendly staff.,62,2367
466,2025-06-09 23:59:10.000,LOCAL,3,"Average experience, nothing special.",68,2370
467,2026-01-24 02:12:28.000,LOCAL,5,Always a pleasure coming here.,65,2377
468,2026-02-15 03:10:32.000,LOCAL,5,Will definitely be back!,63,2387
469,2025-08-23 08:28:42.000,REMOTE,3,"Decent, but could improve.",68,2399
470,2026-03-01 11:57:42.000,LOCAL,3,Expected a bit more to be honest.,66,2400
471,2026-02-12 07:43:36.000,REMOTE,1,Not what I expected at all.,69,2407
472,2025-07-08 11:50:08.000,LOCAL,3,Expected a bit more to be honest.,69,2410
473,2026-03-11 11:04:34.000,REMOTE,3,Expected a bit more to be honest.,69,2415
474,2026-04-11 17:16:30.000,REMOTE,2,Disappointing visit.,69,2417
475,2025-09-07 05:42:57.000,REMOTE,1,Not what I expected at all.,69,2422
476,2025-05-31 13:35:52.000,REMOTE,3,"Decent, but could improve.",69,2423
477,2026-03-24 13:44:07.000,REMOTE,1,Very poor service.,69,2427
478,2026-03-19 10:27:36.000,REMOTE,4,Great service and friendly staff.,69,2430
479,2025-08-24 13:35:24.000,REMOTE,2,Service was quite slow today.,69,2433
480,2026-01-06 18:33:40.000,REMOTE,5,Excellent service! Highly recommended.,69,2439
481,2025-11-17 17:55:20.000,LOCAL,1,Completely disappointed.,69,2444
482,2025-06-11 03:23:48.000,REMOTE,5,Excellent service! Highly recommended.,69,2445
483,2025-12-24 08:37:09.000,REMOTE,4,Great service and friendly staff.,69,2446
484,2026-03-26 22:51:53.000,LOCAL,4,Solid experience overall.,70,2454
485,2025-12-10 05:17:24.000,LOCAL,3,OK but not outstanding.,70,2461
486,2026-01-04 05:33:01.000,LOCAL,1,Will not return.,71,2466
487,2025-09-26 14:53:35.000,LOCAL,5,Excellent service! Highly recommended.,70,2468
488,2026-04-30 06:35:15.000,REMOTE,2,Service was quite slow today.,71,2469
489,2025-08-11 08:55:36.000,LOCAL,1,Very poor service.,70,2474
490,2025-06-04 16:06:55.000,LOCAL,2,Service was quite slow today.,70,2480
491,2025-07-13 07:08:53.000,REMOTE,3,OK but not outstanding.,70,2483
492,2026-03-27 05:31:28.000,LOCAL,5,Always a pleasure coming here.,71,2486
493,2025-06-05 19:53:24.000,LOCAL,5,"Best in the area, no doubt.",72,2489
494,2025-10-24 13:51:06.000,REMOTE,4,Happy with my visit.,72,2494
495,2025-06-03 17:11:27.000,REMOTE,5,"Best in the area, no doubt.",70,2495
496,2026-01-03 16:57:43.000,REMOTE,5,Will definitely be back!,72,2498
497,2025-08-02 18:04:45.000,REMOTE,5,Will definitely be back!,72,2504
498,2025-05-18 01:01:43.000,REMOTE,1,Not what I expected at all.,72,2505
499,2026-03-05 00:58:50.000,REMOTE,5,Will definitely be back!,72,2506
500,2025-08-02 18:24:34.000,LOCAL,4,Solid experience overall.,72,2512
501,2026-02-24 11:58:28.000,LOCAL,5,Always a pleasure coming here.,71,2516
502,2025-11-23 08:42:25.000,REMOTE,4,"Very good, would come again.",71,2528
503,2026-01-30 14:59:29.000,REMOTE,4,"Very good, would come again.",71,2530
504,2025-05-18 21:50:16.000,LOCAL,4,Great service and friendly staff.,71,2532
505,2025-05-30 09:03:15.000,LOCAL,5,Will definitely be back!,71,2542
506,2025-08-24 20:24:28.000,LOCAL,4,Solid experience overall.,71,2549
507,2025-05-24 00:24:44.000,REMOTE,5,Excellent service! Highly recommended.,72,2559
508,2025-11-30 04:28:33.000,LOCAL,5,Will definitely be back!,70,2563
509,2025-11-11 13:54:02.000,LOCAL,5,Always a pleasure coming here.,72,2565
510,2025-06-12 20:19:37.000,REMOTE,5,Excellent service! Highly recommended.,72,2566
511,2025-10-01 23:31:32.000,REMOTE,4,"Very good, would come again.",71,2571
512,2025-09-28 17:59:56.000,REMOTE,4,Happy with my visit.,71,2579
513,2025-11-13 22:33:45.000,REMOTE,4,"Very good, would come again.",72,2589
514,2025-07-14 01:08:30.000,LOCAL,4,Great service and friendly staff.,70,2591
515,2025-11-04 15:21:22.000,REMOTE,2,Staff could be more attentive.,77,2597
516,2025-05-13 05:28:00.000,LOCAL,4,Solid experience overall.,73,2602
517,2026-03-14 18:54:55.000,LOCAL,5,Will definitely be back!,75,2603
518,2026-03-20 15:11:43.000,LOCAL,3,OK but not outstanding.,74,2607
519,2025-11-13 10:09:59.000,LOCAL,4,Great service and friendly staff.,77,2610
520,2026-03-19 19:08:36.000,LOCAL,5,Always a pleasure coming here.,73,2614
521,2025-10-05 20:52:35.000,REMOTE,5,Always a pleasure coming here.,73,2630
522,2025-09-21 09:10:55.000,REMOTE,2,Disappointing visit.,76,2640
523,2025-11-12 18:56:47.000,LOCAL,4,Great service and friendly staff.,73,2648
524,2025-05-09 22:18:44.000,REMOTE,4,Solid experience overall.,77,2676
525,2025-05-28 16:04:03.000,REMOTE,5,Always a pleasure coming here.,74,2679
526,2026-04-15 11:49:49.000,REMOTE,4,"Very good, would come again.",77,2682
527,2025-09-10 06:05:37.000,LOCAL,3,"Average experience, nothing special.",76,2687
528,2025-12-07 15:03:29.000,REMOTE,5,Excellent service! Highly recommended.,74,2692
529,2025-05-10 14:44:14.000,LOCAL,2,Product did not meet my expectations.,76,2703
530,2026-02-22 07:52:54.000,REMOTE,4,Happy with my visit.,74,2705
531,2025-05-26 16:46:50.000,REMOTE,5,"Best in the area, no doubt.",75,2709
532,2026-01-01 17:30:23.000,LOCAL,1,Will not return.,75,2717
533,2026-03-01 06:50:45.000,REMOTE,1,Will not return.,75,2723
534,2025-10-28 01:57:59.000,LOCAL,5,"Best in the area, no doubt.",76,2725
535,2026-02-07 21:44:15.000,LOCAL,1,Will not return.,74,2728
536,2025-09-07 03:25:11.000,LOCAL,1,Will not return.,73,2729
537,2026-03-05 00:17:55.000,LOCAL,5,Always a pleasure coming here.,76,2730
538,2025-07-27 17:52:44.000,LOCAL,5,"Best in the area, no doubt.",75,2732
539,2025-10-17 22:16:18.000,REMOTE,2,Product did not meet my expectations.,77,2734
540,2026-02-27 00:31:00.000,REMOTE,5,Excellent service! Highly recommended.,76,2735
541,2025-10-16 15:04:25.000,REMOTE,3,"Average experience, nothing special.",77,2741
542,2025-09-29 19:14:31.000,REMOTE,4,Happy with my visit.,75,2764
543,2025-07-11 06:21:32.000,REMOTE,1,Not what I expected at all.,76,2768
544,2025-10-30 05:11:08.000,LOCAL,2,Staff could be more attentive.,74,2775
545,2026-04-28 09:32:57.000,LOCAL,1,Very poor service.,73,2777
546,2025-05-20 06:37:02.000,REMOTE,2,Staff could be more attentive.,77,2779
547,2025-09-17 19:33:20.000,LOCAL,3,Expected a bit more to be honest.,76,2780
548,2025-05-17 02:03:39.000,LOCAL,4,Great service and friendly staff.,76,2783
549,2025-07-19 13:15:38.000,LOCAL,4,Happy with my visit.,77,2785
550,2026-02-22 16:34:57.000,REMOTE,3,"Average experience, nothing special.",75,2787
551,2025-12-22 07:25:09.000,LOCAL,3,"Average experience, nothing special.",74,2788
552,2026-02-07 20:15:12.000,LOCAL,3,"Decent, but could improve.",77,2789
553,2025-07-01 05:07:07.000,LOCAL,3,OK but not outstanding.,73,2792
554,2026-01-02 00:50:04.000,REMOTE,5,Excellent service! Highly recommended.,77,2798
555,2025-10-18 02:11:10.000,LOCAL,5,Always a pleasure coming here.,77,2801
556,2026-04-20 03:01:42.000,REMOTE,3,OK but not outstanding.,77,2818
557,2026-02-21 10:06:41.000,LOCAL,4,Solid experience overall.,74,2819
558,2025-11-17 11:05:27.000,LOCAL,5,Excellent service! Highly recommended.,73,2825
559,2025-11-05 16:55:31.000,LOCAL,5,Excellent service! Highly recommended.,74,2843
560,2026-01-24 11:47:47.000,REMOTE,4,Great service and friendly staff.,75,2844
561,2025-11-06 09:25:21.000,REMOTE,5,Excellent service! Highly recommended.,77,2847
562,2026-01-30 00:48:09.000,REMOTE,3,"Average experience, nothing special.",74,2869
563,2025-09-03 08:58:55.000,LOCAL,5,Will definitely be back!,77,2875
564,2025-09-11 09:41:42.000,LOCAL,4,Happy with my visit.,74,2878
565,2026-03-06 07:43:47.000,REMOTE,4,Happy with my visit.,76,2881
566,2025-07-20 23:50:19.000,LOCAL,5,"Best in the area, no doubt.",73,2883
567,2025-06-01 07:03:03.000,LOCAL,4,"Very good, would come again.",75,2893
568,2026-03-24 15:36:55.000,LOCAL,1,Completely disappointed.,75,2894
569,2026-01-04 19:25:24.000,LOCAL,2,Disappointing visit.,73,2896
570,2026-04-21 23:31:36.000,LOCAL,4,Solid experience overall.,73,2901
571,2025-11-20 07:40:16.000,LOCAL,1,Completely disappointed.,75,2904
572,2026-02-09 10:23:20.000,REMOTE,4,Solid experience overall.,78,2906
573,2025-05-14 01:57:35.000,LOCAL,4,Great service and friendly staff.,78,2918
574,2025-07-25 08:37:10.000,REMOTE,5,Always a pleasure coming here.,78,2925
575,2026-02-19 17:30:05.000,REMOTE,5,Always a pleasure coming here.,78,2929
576,2025-12-09 21:44:19.000,REMOTE,1,Completely disappointed.,78,2938
577,2025-10-26 04:28:20.000,REMOTE,4,"Very good, would come again.",78,2943
578,2025-09-15 20:22:50.000,LOCAL,3,"Decent, but could improve.",78,2944
579,2026-02-22 05:03:18.000,LOCAL,1,Completely disappointed.,78,2954
580,2026-01-05 17:57:45.000,REMOTE,5,Will definitely be back!,78,2955
581,2025-06-11 20:10:41.000,REMOTE,5,Always a pleasure coming here.,78,2957
582,2026-03-14 23:12:42.000,LOCAL,5,"Best in the area, no doubt.",78,2962
583,2025-07-01 23:04:07.000,LOCAL,2,Service was quite slow today.,79,2969
584,2025-06-04 17:09:18.000,LOCAL,1,Will not return.,79,2977
585,2025-08-16 06:11:54.000,LOCAL,3,OK but not outstanding.,79,2984
586,2026-04-27 14:06:13.000,REMOTE,4,Solid experience overall.,79,2985
587,2025-09-04 18:05:33.000,REMOTE,4,"Very good, would come again.",79,2988
588,2026-01-21 08:55:15.000,REMOTE,4,Great service and friendly staff.,79,2995
589,2025-05-24 14:36:55.000,REMOTE,5,"Best in the area, no doubt.",79,2997
590,2026-04-02 03:08:30.000,REMOTE,4,Solid experience overall.,79,3002
591,2026-02-03 12:13:27.000,REMOTE,5,Excellent service! Highly recommended.,79,3006
592,2025-07-30 23:12:45.000,REMOTE,2,Disappointing visit.,79,3007
593,2025-10-06 17:45:54.000,LOCAL,5,"Best in the area, no doubt.",79,3017
594,2025-06-21 12:28:19.000,REMOTE,4,Happy with my visit.,79,3022
595,2025-12-20 18:17:49.000,LOCAL,5,Always a pleasure coming here.,79,3023
596,2025-07-19 02:33:22.000,REMOTE,5,"Best in the area, no doubt.",79,3026
597,2026-04-13 20:15:22.000,LOCAL,4,Happy with my visit.,82,3030
598,2025-05-17 12:25:36.000,LOCAL,4,Solid experience overall.,81,3031
599,2025-11-21 06:58:57.000,REMOTE,2,Staff could be more attentive.,82,3034
600,2025-09-15 06:18:16.000,LOCAL,2,Service was quite slow today.,80,3035
601,2025-06-12 15:26:29.000,REMOTE,1,Completely disappointed.,82,3049
602,2026-04-01 21:15:12.000,REMOTE,5,"Best in the area, no doubt.",80,3050
603,2025-05-24 06:07:32.000,LOCAL,2,Service was quite slow today.,82,3053
604,2025-06-30 11:14:31.000,REMOTE,3,OK but not outstanding.,80,3062
605,2026-04-14 02:59:39.000,LOCAL,5,"Best in the area, no doubt.",82,3069
606,2025-07-16 10:03:15.000,REMOTE,2,Staff could be more attentive.,80,3076
607,2025-11-23 17:03:16.000,LOCAL,5,Will definitely be back!,80,3088
608,2025-08-24 09:25:28.000,REMOTE,5,Excellent service! Highly recommended.,81,3090
609,2026-02-14 19:21:00.000,REMOTE,4,Solid experience overall.,82,3091
610,2026-04-12 08:07:02.000,LOCAL,5,Will definitely be back!,81,3099
611,2026-03-30 15:26:55.000,REMOTE,2,Service was quite slow today.,82,3100
612,2025-12-22 07:47:04.000,LOCAL,2,Service was quite slow today.,81,3101
613,2025-07-07 23:48:44.000,LOCAL,1,Very poor service.,81,3103
614,2025-08-15 14:50:39.000,LOCAL,4,"Very good, would come again.",82,3104
615,2025-12-18 16:04:19.000,REMOTE,3,OK but not outstanding.,80,3106
616,2025-05-11 12:16:15.000,REMOTE,5,Always a pleasure coming here.,81,3112
617,2025-09-25 09:46:13.000,LOCAL,5,Will definitely be back!,81,3113
618,2025-07-25 10:47:22.000,REMOTE,3,Expected a bit more to be honest.,81,3121
619,2026-03-07 05:16:02.000,LOCAL,1,Very poor service.,82,3127
620,2026-05-03 04:19:31.000,REMOTE,4,Happy with my visit.,80,3135
621,2025-07-09 10:04:57.000,LOCAL,3,OK but not outstanding.,82,3139
622,2025-05-28 15:22:32.000,REMOTE,5,Excellent service! Highly recommended.,80,3145
623,2025-07-13 18:04:54.000,LOCAL,3,OK but not outstanding.,81,3149
624,2026-05-06 19:38:16.000,REMOTE,4,"Very good, would come again.",80,3156
625,2025-06-28 19:41:44.000,REMOTE,2,Service was quite slow today.,80,3157
626,2025-08-06 20:34:06.000,LOCAL,4,Happy with my visit.,81,3158
627,2026-04-26 17:53:03.000,LOCAL,5,Excellent service! Highly recommended.,80,3168
628,2025-09-26 17:46:28.000,REMOTE,1,Not what I expected at all.,82,3175
629,2025-08-27 14:34:12.000,REMOTE,5,"Best in the area, no doubt.",80,3177
630,2026-03-07 09:46:22.000,LOCAL,4,Happy with my visit.,81,3186
631,2026-01-28 01:30:43.000,REMOTE,5,Will definitely be back!,80,3187
632,2025-11-09 00:05:57.000,LOCAL,5,Will definitely be back!,80,3189
633,2025-08-08 03:55:56.000,LOCAL,2,Staff could be more attentive.,80,3192
634,2025-05-13 15:55:43.000,LOCAL,5,"Best in the area, no doubt.",81,3202
635,2025-12-05 13:24:59.000,REMOTE,2,Staff could be more attentive.,82,3204
636,2025-11-11 22:28:43.000,LOCAL,4,Solid experience overall.,80,3213
637,2025-10-27 01:58:53.000,LOCAL,3,OK but not outstanding.,81,3215
638,2025-06-10 16:11:11.000,REMOTE,4,Happy with my visit.,81,3216
639,2025-07-25 08:03:09.000,LOCAL,4,Happy with my visit.,80,3217
640,2026-03-05 13:47:13.000,LOCAL,4,Solid experience overall.,82,3218
641,2025-11-02 21:08:15.000,REMOTE,4,Great service and friendly staff.,81,3224
642,2026-03-24 09:30:17.000,LOCAL,5,Will definitely be back!,82,3228
643,2025-06-25 20:47:55.000,REMOTE,5,Will definitely be back!,82,3246
644,2026-01-17 00:29:07.000,REMOTE,3,Expected a bit more to be honest.,82,3247
645,2026-04-05 05:26:38.000,REMOTE,4,"Very good, would come again.",82,3249
646,2025-06-29 11:09:49.000,LOCAL,3,Expected a bit more to be honest.,80,3264
647,2026-02-02 09:03:37.000,LOCAL,5,Always a pleasure coming here.,82,3271
648,2025-08-16 14:20:20.000,LOCAL,1,Very poor service.,81,3274
649,2025-07-23 11:13:20.000,REMOTE,5,Excellent service! Highly recommended.,82,3276
650,2025-08-15 10:59:39.000,REMOTE,4,Great service and friendly staff.,81,3289
651,2025-06-16 06:52:55.000,LOCAL,5,Always a pleasure coming here.,80,3292
652,2025-05-24 06:51:18.000,REMOTE,4,Great service and friendly staff.,80,3294
653,2025-06-29 22:12:40.000,REMOTE,4,"Very good, would come again.",80,3295
654,2025-05-18 08:57:42.000,LOCAL,5,Always a pleasure coming here.,82,3297
655,2025-06-04 19:56:48.000,REMOTE,5,Excellent service! Highly recommended.,81,3300
656,2025-07-25 15:58:01.000,LOCAL,4,Great service and friendly staff.,80,3304
657,2026-02-28 19:43:38.000,LOCAL,5,"Best in the area, no doubt.",81,3306
658,2026-01-03 04:16:12.000,LOCAL,5,"Best in the area, no doubt.",83,3314
659,2025-06-01 16:47:10.000,REMOTE,5,Always a pleasure coming here.,83,3316
660,2025-09-21 00:12:01.000,REMOTE,1,Will not return.,83,3317
661,2025-10-27 16:33:04.000,REMOTE,2,Service was quite slow today.,83,3325
662,2025-06-28 00:48:24.000,REMOTE,5,"Best in the area, no doubt.",83,3328
663,2025-07-21 21:18:37.000,LOCAL,4,Solid experience overall.,83,3334
664,2026-04-12 20:19:53.000,LOCAL,5,"Best in the area, no doubt.",83,3337
665,2025-10-29 22:30:13.000,LOCAL,5,"Best in the area, no doubt.",83,3346
666,2026-02-14 22:45:50.000,LOCAL,4,Happy with my visit.,83,3347
667,2025-12-22 03:16:01.000,REMOTE,5,Excellent service! Highly recommended.,83,3351
668,2026-03-15 05:27:48.000,REMOTE,2,Staff could be more attentive.,83,3352
669,2025-11-13 16:02:25.000,REMOTE,1,Not what I expected at all.,84,3355
670,2026-02-20 22:28:30.000,LOCAL,5,Will definitely be back!,85,3361
671,2026-02-20 07:57:19.000,REMOTE,4,Great service and friendly staff.,84,3366
672,2025-07-28 04:07:34.000,REMOTE,5,Always a pleasure coming here.,85,3367
673,2025-05-22 00:36:34.000,REMOTE,3,Expected a bit more to be honest.,86,3375
674,2025-12-03 16:43:01.000,LOCAL,3,"Decent, but could improve.",84,3381
675,2026-01-02 09:34:40.000,REMOTE,5,Excellent service! Highly recommended.,84,3385
676,2026-04-03 21:44:42.000,LOCAL,5,Will definitely be back!,84,3386
677,2025-05-14 09:27:46.000,REMOTE,5,"Best in the area, no doubt.",84,3395
678,2025-11-06 13:46:46.000,REMOTE,1,Very poor service.,84,3400
679,2026-01-15 23:44:48.000,REMOTE,5,Always a pleasure coming here.,86,3405
680,2025-06-19 18:19:49.000,REMOTE,4,Solid experience overall.,84,3407
681,2026-02-01 15:14:40.000,LOCAL,2,Staff could be more attentive.,84,3410
682,2025-08-17 04:05:19.000,REMOTE,3,Expected a bit more to be honest.,84,3416
683,2025-10-02 10:26:34.000,LOCAL,3,"Average experience, nothing special.",86,3419
684,2026-04-29 22:44:01.000,LOCAL,2,Staff could be more attentive.,85,3421
685,2025-08-03 04:03:41.000,LOCAL,4,"Very good, would come again.",86,3422
686,2025-07-04 06:09:47.000,REMOTE,4,"Very good, would come again.",86,3423
687,2025-09-25 08:00:08.000,REMOTE,2,Disappointing visit.,84,3430
688,2025-06-25 23:36:56.000,LOCAL,1,Completely disappointed.,84,3432
689,2026-02-01 03:57:14.000,REMOTE,4,Happy with my visit.,85,3435
690,2025-10-24 01:21:20.000,REMOTE,3,"Average experience, nothing special.",85,3436
691,2025-08-20 08:07:14.000,LOCAL,4,"Very good, would come again.",90,3437
692,2026-01-02 03:11:29.000,REMOTE,2,Disappointing visit.,90,3445
693,2026-04-07 11:38:47.000,LOCAL,1,Will not return.,87,3448
694,2026-02-21 01:55:32.000,LOCAL,5,Always a pleasure coming here.,87,3449
695,2025-08-03 23:51:53.000,LOCAL,4,"Very good, would come again.",89,3454
696,2025-11-27 10:41:56.000,LOCAL,2,Disappointing visit.,88,3455
697,2025-08-10 14:51:52.000,LOCAL,5,Excellent service! Highly recommended.,88,3457
698,2025-10-20 15:38:34.000,REMOTE,3,"Average experience, nothing special.",88,3460
699,2026-04-02 10:16:02.000,LOCAL,5,"Best in the area, no doubt.",88,3464
700,2025-12-06 18:16:56.000,LOCAL,3,OK but not outstanding.,90,3466
701,2026-03-28 18:19:09.000,LOCAL,5,Always a pleasure coming here.,88,3467
702,2025-11-23 21:13:33.000,LOCAL,1,Very poor service.,89,3480
703,2025-06-02 09:38:59.000,REMOTE,2,Product did not meet my expectations.,91,3496
704,2025-11-20 22:46:26.000,LOCAL,4,Solid experience overall.,89,3511
705,2026-04-06 05:09:20.000,LOCAL,4,"Very good, would come again.",91,3513
706,2026-01-08 17:34:47.000,LOCAL,2,Disappointing visit.,88,3520
707,2025-06-20 01:32:22.000,LOCAL,5,Excellent service! Highly recommended.,88,3523
708,2025-07-27 03:00:13.000,REMOTE,2,Disappointing visit.,87,3525
709,2025-07-28 15:12:25.000,REMOTE,5,Will definitely be back!,88,3528
710,2025-06-06 05:51:43.000,LOCAL,5,Will definitely be back!,87,3529
711,2025-08-12 01:00:43.000,REMOTE,5,Will definitely be back!,91,3533
712,2026-03-11 09:07:23.000,REMOTE,5,"Best in the area, no doubt.",87,3535
713,2026-01-29 13:16:34.000,REMOTE,3,"Decent, but could improve.",89,3547
714,2025-12-08 06:10:38.000,REMOTE,5,Excellent service! Highly recommended.,88,3550
715,2025-06-19 23:43:52.000,REMOTE,5,"Best in the area, no doubt.",90,3559
716,2025-05-22 07:15:28.000,LOCAL,3,OK but not outstanding.,89,3564
717,2025-05-28 17:26:36.000,LOCAL,5,Excellent service! Highly recommended.,90,3565
718,2025-12-12 03:49:36.000,REMOTE,4,Happy with my visit.,87,3568
719,2026-02-16 23:34:07.000,REMOTE,4,Happy with my visit.,87,3569
720,2025-10-15 04:59:05.000,REMOTE,3,Expected a bit more to be honest.,88,3574
721,2025-12-29 01:49:21.000,LOCAL,2,Staff could be more attentive.,89,3583
722,2025-08-12 04:41:14.000,REMOTE,3,Expected a bit more to be honest.,91,3592
723,2025-07-24 13:34:05.000,REMOTE,5,Excellent service! Highly recommended.,90,3593
724,2025-07-31 05:38:51.000,LOCAL,4,Great service and friendly staff.,87,3594
725,2025-09-27 07:20:38.000,REMOTE,3,Expected a bit more to be honest.,88,3599
726,2025-08-26 21:13:21.000,REMOTE,4,Solid experience overall.,87,3600
727,2025-07-09 15:06:46.000,REMOTE,3,OK but not outstanding.,88,3609
728,2025-09-03 01:08:03.000,LOCAL,1,Completely disappointed.,89,3615
729,2026-02-17 02:53:21.000,LOCAL,5,Will definitely be back!,87,3618
730,2025-07-12 06:28:25.000,LOCAL,2,Service was quite slow today.,91,3623
731,2025-06-28 14:52:09.000,REMOTE,3,Expected a bit more to be honest.,87,3624
732,2026-04-03 20:47:03.000,LOCAL,5,Always a pleasure coming here.,91,3627
733,2025-09-07 13:37:12.000,LOCAL,3,"Average experience, nothing special.",89,3633
734,2026-03-17 05:03:20.000,LOCAL,4,Great service and friendly staff.,91,3639
735,2025-10-13 20:06:47.000,LOCAL,4,"Very good, would come again.",90,3646
736,2026-02-11 22:50:27.000,REMOTE,5,Will definitely be back!,87,3648
737,2026-01-17 01:42:13.000,REMOTE,5,Always a pleasure coming here.,87,3666
738,2026-01-21 11:21:41.000,REMOTE,3,"Decent, but could improve.",89,3670
739,2025-11-03 16:28:42.000,LOCAL,1,Not what I expected at all.,89,3680
740,2025-07-12 13:44:17.000,REMOTE,5,Will definitely be back!,88,3683
741,2025-09-15 16:58:42.000,REMOTE,3,"Decent, but could improve.",88,3691
742,2026-05-06 18:17:15.000,REMOTE,5,Excellent service! Highly recommended.,87,3699
743,2025-09-21 19:17:45.000,REMOTE,3,Expected a bit more to be honest.,90,3708
744,2025-10-14 08:03:30.000,REMOTE,1,Not what I expected at all.,89,3709
745,2025-06-16 01:14:16.000,LOCAL,5,Always a pleasure coming here.,91,3714
746,2025-07-10 06:03:05.000,LOCAL,5,Excellent service! Highly recommended.,90,3715
747,2025-10-01 23:46:29.000,LOCAL,4,Great service and friendly staff.,87,3716
748,2025-12-08 17:48:18.000,REMOTE,4,Great service and friendly staff.,90,3718
749,2025-06-15 22:02:29.000,LOCAL,5,Excellent service! Highly recommended.,92,3723
750,2025-10-24 10:34:06.000,REMOTE,3,"Decent, but could improve.",92,3724
751,2026-01-19 22:12:27.000,REMOTE,2,Disappointing visit.,92,3726
752,2025-12-12 03:07:31.000,REMOTE,5,Always a pleasure coming here.,92,3730
753,2026-02-24 19:54:18.000,LOCAL,5,"Best in the area, no doubt.",92,3739
754,2026-01-09 15:48:32.000,REMOTE,4,Happy with my visit.,92,3740
755,2025-07-26 05:41:41.000,LOCAL,3,OK but not outstanding.,92,3751
756,2025-11-12 10:51:11.000,REMOTE,5,"Best in the area, no doubt.",92,3753
757,2026-01-16 16:04:59.000,LOCAL,4,Great service and friendly staff.,92,3758
758,2025-08-10 03:03:08.000,REMOTE,3,"Decent, but could improve.",92,3767
759,2026-04-22 19:40:56.000,REMOTE,5,Always a pleasure coming here.,92,3771
760,2025-07-18 21:21:47.000,LOCAL,4,Great service and friendly staff.,92,3773
761,2025-11-05 06:41:02.000,LOCAL,5,Will definitely be back!,92,3779
762,2026-01-05 00:51:34.000,LOCAL,3,OK but not outstanding.,92,3780
763,2025-09-10 05:25:34.000,REMOTE,5,"Best in the area, no doubt.",92,3782
764,2026-01-26 18:57:40.000,LOCAL,3,"Average experience, nothing special.",92,3786
765,2025-11-09 02:01:47.000,REMOTE,4,"Very good, would come again.",92,3789
766,2026-02-02 23:35:12.000,LOCAL,5,"Best in the area, no doubt.",92,3790
767,2026-03-26 01:22:11.000,REMOTE,5,Will definitely be back!,92,3799
768,2025-07-19 19:56:46.000,LOCAL,4,"Very good, would come again.",92,3803
769,2026-03-01 15:45:18.000,REMOTE,5,Excellent service! Highly recommended.,92,3810
770,2025-09-04 10:13:32.000,LOCAL,1,Very poor service.,92,3811
771,2025-12-19 03:22:55.000,LOCAL,5,Excellent service! Highly recommended.,92,3815
772,2025-06-15 07:01:43.000,LOCAL,1,Completely disappointed.,92,3816
773,2026-03-21 23:37:44.000,REMOTE,5,Always a pleasure coming here.,92,3829
774,2025-09-01 01:05:53.000,REMOTE,4,"Very good, would come again.",92,3830
775,2026-01-29 17:38:16.000,LOCAL,3,"Decent, but could improve.",92,3833
776,2025-12-05 09:43:56.000,LOCAL,3,"Average experience, nothing special.",92,3841
777,2025-11-18 10:31:51.000,LOCAL,4,Great service and friendly staff.,92,3850
778,2026-01-02 04:06:16.000,LOCAL,4,Great service and friendly staff.,94,3869
779,2026-01-18 00:00:48.000,REMOTE,3,Expected a bit more to be honest.,94,3883
780,2025-08-11 09:35:29.000,LOCAL,3,"Decent, but could improve.",94,3889
781,2025-06-13 12:12:40.000,REMOTE,2,Disappointing visit.,95,3891
782,2025-10-10 07:38:08.000,REMOTE,4,Solid experience overall.,95,3894
783,2025-05-22 06:29:24.000,REMOTE,5,Excellent service! Highly recommended.,95,3901
784,2025-09-10 16:24:08.000,LOCAL,4,Great service and friendly staff.,95,3908
785,2025-06-05 11:02:15.000,REMOTE,5,Excellent service! Highly recommended.,95,3921
786,2025-11-07 15:37:25.000,REMOTE,4,Solid experience overall.,95,3922
787,2026-01-28 04:35:26.000,REMOTE,5,"Best in the area, no doubt.",95,3923
788,2025-12-04 03:42:55.000,LOCAL,3,OK but not outstanding.,95,3925
789,2026-03-08 16:45:06.000,LOCAL,3,"Decent, but could improve.",95,3930
790,2025-10-17 06:12:50.000,REMOTE,2,Disappointing visit.,95,3945
791,2026-03-12 02:46:13.000,LOCAL,5,"Best in the area, no doubt.",98,3949
792,2025-07-04 17:48:56.000,LOCAL,4,Solid experience overall.,98,3953
793,2026-01-11 11:04:55.000,LOCAL,4,"Very good, would come again.",96,3956
794,2025-06-09 11:12:39.000,LOCAL,1,Not what I expected at all.,96,3960
795,2025-08-03 04:43:26.000,LOCAL,4,Great service and friendly staff.,97,3962
796,2025-10-30 23:18:56.000,LOCAL,3,OK but not outstanding.,96,3963
797,2026-02-28 20:10:23.000,LOCAL,5,"Best in the area, no doubt.",96,3976
798,2025-05-25 05:56:41.000,REMOTE,3,OK but not outstanding.,96,3988
799,2025-09-02 16:23:51.000,LOCAL,4,Solid experience overall.,97,3995
800,2025-08-30 17:39:57.000,LOCAL,2,Disappointing visit.,98,3998
801,2025-06-23 12:27:59.000,REMOTE,4,Solid experience overall.,96,4001
802,2025-06-26 16:03:19.000,REMOTE,1,Completely disappointed.,97,4003
803,2026-01-03 04:39:42.000,REMOTE,1,Will not return.,96,4006
804,2025-06-20 18:07:42.000,REMOTE,4,Great service and friendly staff.,98,4007
805,2025-11-27 17:26:06.000,LOCAL,4,Solid experience overall.,98,4008
806,2025-11-11 18:15:35.000,LOCAL,3,Expected a bit more to be honest.,97,4010
807,2025-06-19 03:13:03.000,REMOTE,4,Great service and friendly staff.,98,4025
808,2025-09-13 15:02:26.000,LOCAL,5,Always a pleasure coming here.,98,4031
809,2025-07-03 19:56:02.000,LOCAL,2,Staff could be more attentive.,98,4038
810,2025-12-27 08:34:05.000,LOCAL,5,"Best in the area, no doubt.",98,4039
811,2025-10-02 15:25:14.000,REMOTE,5,"Best in the area, no doubt.",98,4042
812,2026-03-18 23:37:38.000,REMOTE,1,Will not return.,97,4047
813,2025-07-03 13:44:18.000,LOCAL,5,"Best in the area, no doubt.",96,4050
814,2026-03-20 12:19:17.000,REMOTE,4,Solid experience overall.,98,4059
815,2025-09-04 23:13:53.000,REMOTE,2,Disappointing visit.,96,4060
816,2026-03-07 02:09:10.000,REMOTE,5,Will definitely be back!,96,4062
817,2026-04-14 17:01:57.000,REMOTE,4,"Very good, would come again.",96,4064
818,2026-05-07 20:54:53.000,LOCAL,3,"Decent, but could improve.",97,4065
819,2026-02-16 13:56:40.000,REMOTE,5,"Best in the area, no doubt.",97,4074
820,2025-07-03 05:24:48.000,LOCAL,2,Staff could be more attentive.,99,4084
821,2025-12-11 06:44:23.000,REMOTE,5,Always a pleasure coming here.,99,4085
822,2025-06-22 20:04:25.000,LOCAL,5,Excellent service! Highly recommended.,99,4087
823,2025-10-18 11:25:55.000,REMOTE,4,Solid experience overall.,99,4104
824,2026-04-05 13:30:52.000,LOCAL,5,Always a pleasure coming here.,99,4112
825,2025-09-21 06:48:35.000,LOCAL,3,OK but not outstanding.,99,4114
826,2025-11-28 00:45:36.000,REMOTE,3,"Average experience, nothing special.",99,4122
827,2025-12-04 12:59:33.000,REMOTE,5,Always a pleasure coming here.,99,4125
828,2025-08-21 01:50:17.000,REMOTE,4,Happy with my visit.,99,4132
829,2025-06-24 05:04:17.000,REMOTE,4,Great service and friendly staff.,99,4135
830,2025-05-24 07:27:37.000,LOCAL,4,Happy with my visit.,99,4137
831,2025-08-06 05:59:19.000,REMOTE,4,Solid experience overall.,100,4146
832,2026-04-01 06:16:24.000,REMOTE,5,Excellent service! Highly recommended.,102,4153
833,2025-07-29 14:39:25.000,LOCAL,3,Expected a bit more to be honest.,101,4155
834,2025-11-11 06:34:23.000,LOCAL,2,Staff could be more attentive.,102,4158
835,2026-04-11 14:42:54.000,REMOTE,3,"Decent, but could improve.",102,4159
836,2025-11-02 20:59:42.000,REMOTE,5,Will definitely be back!,103,4162
837,2025-06-15 05:23:52.000,REMOTE,3,"Decent, but could improve.",101,4167
838,2025-09-16 01:48:50.000,REMOTE,5,Excellent service! Highly recommended.,104,4169
839,2025-06-03 15:56:49.000,LOCAL,4,Great service and friendly staff.,102,4172
840,2025-06-18 20:33:03.000,REMOTE,4,Solid experience overall.,102,4178
841,2025-08-11 15:10:17.000,REMOTE,5,Always a pleasure coming here.,104,4193
842,2025-08-04 12:32:30.000,REMOTE,4,"Very good, would come again.",101,4195
843,2025-11-06 19:04:05.000,LOCAL,2,Service was quite slow today.,100,4196
844,2026-03-27 08:33:02.000,REMOTE,5,"Best in the area, no doubt.",105,4200
845,2025-11-14 23:14:24.000,REMOTE,4,Happy with my visit.,105,4204
846,2025-11-03 07:23:44.000,LOCAL,3,"Average experience, nothing special.",100,4206
847,2025-11-04 20:09:07.000,LOCAL,5,Always a pleasure coming here.,104,4232
848,2025-07-03 09:33:17.000,REMOTE,4,Happy with my visit.,101,4236
849,2025-12-17 21:38:04.000,LOCAL,2,Service was quite slow today.,105,4242
850,2026-05-02 11:48:09.000,REMOTE,5,Always a pleasure coming here.,105,4244
851,2026-02-05 07:06:04.000,LOCAL,5,"Best in the area, no doubt.",105,4245
852,2025-10-02 07:57:19.000,REMOTE,1,Not what I expected at all.,105,4254
853,2025-06-26 01:42:08.000,REMOTE,4,Solid experience overall.,104,4263
854,2025-08-22 05:28:52.000,REMOTE,4,Solid experience overall.,101,4268
855,2025-07-13 15:57:55.000,REMOTE,2,Staff could be more attentive.,104,4269
856,2025-10-16 11:57:06.000,LOCAL,5,Always a pleasure coming here.,101,4270
857,2025-07-25 19:12:38.000,REMOTE,5,"Best in the area, no doubt.",100,4276
858,2025-06-08 18:41:45.000,LOCAL,5,Always a pleasure coming here.,102,4281
859,2026-04-07 03:48:39.000,LOCAL,5,Always a pleasure coming here.,102,4282
860,2026-03-08 08:12:04.000,LOCAL,3,"Decent, but could improve.",100,4288
861,2025-12-18 20:50:11.000,LOCAL,5,"Best in the area, no doubt.",101,4294
862,2025-06-10 05:37:42.000,REMOTE,5,Always a pleasure coming here.,102,4298
863,2025-08-06 08:06:36.000,LOCAL,2,Product did not meet my expectations.,102,4300
864,2026-04-13 21:03:27.000,REMOTE,3,OK but not outstanding.,104,4304
865,2026-03-28 04:11:26.000,LOCAL,2,Disappointing visit.,100,4319
866,2025-05-26 15:30:58.000,REMOTE,3,Expected a bit more to be honest.,102,4332
867,2025-07-16 15:28:45.000,LOCAL,5,"Best in the area, no doubt.",100,4334
868,2025-12-11 07:29:16.000,REMOTE,5,Excellent service! Highly recommended.,103,4345
869,2025-06-14 10:58:31.000,LOCAL,5,Will definitely be back!,103,4348
870,2025-11-28 03:44:13.000,REMOTE,5,Excellent service! Highly recommended.,100,4354
871,2025-07-04 16:38:47.000,REMOTE,4,Happy with my visit.,103,4358
872,2025-05-23 03:29:47.000,REMOTE,2,Disappointing visit.,104,4359
873,2025-06-28 13:15:40.000,LOCAL,4,Solid experience overall.,105,4362
874,2025-05-10 16:11:29.000,REMOTE,1,Not what I expected at all.,105,4366
875,2026-01-28 02:11:25.000,REMOTE,2,Product did not meet my expectations.,105,4370
876,2025-11-23 22:10:37.000,LOCAL,5,"Best in the area, no doubt.",104,4371
877,2026-04-20 04:41:16.000,LOCAL,2,Disappointing visit.,104,4377
878,2025-12-23 11:27:42.000,LOCAL,4,Happy with my visit.,100,4379
879,2025-12-27 02:35:10.000,LOCAL,5,Always a pleasure coming here.,101,4387
880,2026-05-01 13:02:42.000,REMOTE,4,Happy with my visit.,103,4394
881,2026-02-06 14:10:24.000,REMOTE,5,Will definitely be back!,102,4398
882,2025-07-22 06:28:09.000,LOCAL,5,Will definitely be back!,101,4401
883,2025-09-15 20:27:08.000,LOCAL,4,Great service and friendly staff.,102,4402
884,2025-10-27 21:33:07.000,REMOTE,5,Excellent service! Highly recommended.,104,4412
885,2025-10-22 14:25:03.000,REMOTE,5,Always a pleasure coming here.,101,4414
886,2026-02-18 08:45:07.000,LOCAL,5,Excellent service! Highly recommended.,104,4417
887,2025-07-13 23:54:17.000,LOCAL,2,Product did not meet my expectations.,102,4422
888,2025-05-19 21:36:15.000,REMOTE,4,"Very good, would come again.",105,4440
889,2025-11-20 01:19:22.000,REMOTE,2,Staff could be more attentive.,106,4454
890,2025-09-14 01:01:10.000,REMOTE,4,Great service and friendly staff.,106,4455
891,2026-02-12 07:45:01.000,REMOTE,5,Excellent service! Highly recommended.,108,4465
892,2025-09-01 16:41:25.000,REMOTE,4,"Very good, would come again.",108,4495
893,2025-08-23 16:33:03.000,REMOTE,2,Product did not meet my expectations.,108,4503
894,2025-08-23 06:45:13.000,LOCAL,3,Expected a bit more to be honest.,109,4507
895,2025-05-22 00:15:24.000,LOCAL,5,Excellent service! Highly recommended.,108,4511
896,2025-05-21 10:22:46.000,LOCAL,4,Solid experience overall.,108,4514
897,2025-10-12 16:01:55.000,REMOTE,2,Service was quite slow today.,110,4515
898,2026-04-21 11:32:40.000,LOCAL,5,Will definitely be back!,110,4518
899,2026-01-21 10:18:37.000,LOCAL,5,Always a pleasure coming here.,111,4520
900,2025-10-14 06:11:23.000,REMOTE,5,Always a pleasure coming here.,111,4527
901,2026-01-06 13:01:38.000,REMOTE,5,Excellent service! Highly recommended.,111,4542
902,2025-12-13 08:23:51.000,REMOTE,4,Happy with my visit.,111,4544
903,2025-05-28 00:47:15.000,REMOTE,3,"Decent, but could improve.",111,4545
904,2026-04-06 15:47:59.000,REMOTE,5,Always a pleasure coming here.,110,4546
905,2025-11-08 14:37:46.000,REMOTE,4,Great service and friendly staff.,111,4548
906,2025-06-01 00:15:55.000,LOCAL,4,Solid experience overall.,110,4552
907,2025-07-17 19:44:25.000,LOCAL,5,Excellent service! Highly recommended.,111,4558
908,2025-10-18 15:28:51.000,LOCAL,2,Disappointing visit.,113,4563
909,2026-03-11 21:26:15.000,LOCAL,3,"Average experience, nothing special.",112,4580
910,2025-12-01 05:43:24.000,REMOTE,2,Staff could be more attentive.,113,4582
911,2025-08-13 10:27:24.000,REMOTE,3,Expected a bit more to be honest.,113,4585
912,2026-02-24 17:17:40.000,LOCAL,1,Not what I expected at all.,113,4586
913,2026-03-05 12:49:26.000,REMOTE,5,Excellent service! Highly recommended.,114,4595
914,2025-08-22 12:29:22.000,LOCAL,5,Always a pleasure coming here.,114,4603
915,2025-11-23 16:16:07.000,LOCAL,5,"Best in the area, no doubt.",112,4613
916,2026-02-15 02:10:26.000,LOCAL,5,Excellent service! Highly recommended.,116,4637
917,2025-09-12 17:06:47.000,LOCAL,5,Will definitely be back!,116,4644
918,2025-10-21 12:37:20.000,LOCAL,4,Solid experience overall.,115,4651
919,2026-02-12 02:24:56.000,LOCAL,3,"Decent, but could improve.",116,4654
920,2026-02-06 09:11:09.000,LOCAL,3,"Decent, but could improve.",115,4665
921,2025-10-17 14:40:58.000,REMOTE,3,"Average experience, nothing special.",116,4668
922,2026-02-11 17:12:20.000,REMOTE,5,"Best in the area, no doubt.",115,4674
923,2025-09-28 01:12:38.000,LOCAL,5,Always a pleasure coming here.,116,4678
924,2025-05-15 06:31:22.000,LOCAL,5,Always a pleasure coming here.,115,4681
925,2025-06-26 13:43:01.000,LOCAL,5,Always a pleasure coming here.,118,4699
926,2026-01-15 04:42:21.000,LOCAL,3,"Decent, but could improve.",123,4701
927,2025-12-05 00:14:16.000,REMOTE,3,"Decent, but could improve.",120,4703
928,2025-11-17 08:50:50.000,LOCAL,5,Always a pleasure coming here.,121,4705
929,2025-07-03 20:14:47.000,LOCAL,5,Always a pleasure coming here.,120,4709
930,2025-07-14 07:52:44.000,LOCAL,3,"Average experience, nothing special.",117,4711
931,2025-11-11 04:06:35.000,LOCAL,4,Happy with my visit.,120,4712
932,2025-07-14 16:27:15.000,LOCAL,4,Great service and friendly staff.,123,4715
933,2025-09-17 14:49:46.000,REMOTE,3,Expected a bit more to be honest.,118,4716
934,2025-07-11 11:26:30.000,REMOTE,1,Very poor service.,119,4717
935,2026-03-30 09:48:19.000,REMOTE,4,Solid experience overall.,119,4719
936,2026-04-11 17:44:13.000,LOCAL,3,Expected a bit more to be honest.,120,4724
937,2025-10-16 22:48:44.000,REMOTE,5,Will definitely be back!,117,4728
938,2025-10-15 04:09:42.000,REMOTE,5,Excellent service! Highly recommended.,123,4738
939,2026-04-22 15:06:52.000,LOCAL,5,Will definitely be back!,122,4739
940,2025-07-22 04:06:20.000,REMOTE,4,"Very good, would come again.",121,4742
941,2025-06-22 15:22:42.000,LOCAL,5,"Best in the area, no doubt.",120,4759
942,2026-03-14 15:58:00.000,REMOTE,5,Will definitely be back!,118,4761
943,2026-04-09 12:10:47.000,LOCAL,4,"Very good, would come again.",119,4773
944,2025-09-03 20:36:58.000,LOCAL,3,OK but not outstanding.,123,4775
945,2025-07-10 18:20:21.000,LOCAL,3,Expected a bit more to be honest.,118,4786
946,2025-05-20 21:49:01.000,LOCAL,1,Completely disappointed.,122,4788
947,2025-05-16 03:13:03.000,REMOTE,5,Always a pleasure coming here.,121,4789
948,2025-11-26 10:09:01.000,LOCAL,3,Expected a bit more to be honest.,118,4799
949,2026-04-10 18:32:31.000,LOCAL,2,Disappointing visit.,121,4801
950,2025-07-06 21:18:51.000,REMOTE,3,Expected a bit more to be honest.,122,4807
951,2025-10-18 13:45:13.000,REMOTE,4,Happy with my visit.,120,4809
952,2025-12-17 09:39:30.000,REMOTE,4,"Very good, would come again.",117,4811
953,2025-07-02 03:00:20.000,REMOTE,3,"Average experience, nothing special.",123,4824
954,2026-01-08 12:27:25.000,LOCAL,1,Completely disappointed.,119,4825
955,2025-06-25 16:45:35.000,LOCAL,4,"Very good, would come again.",117,4831
956,2026-03-26 02:47:38.000,LOCAL,3,Expected a bit more to be honest.,122,4834
957,2025-12-14 03:04:31.000,LOCAL,4,Happy with my visit.,123,4835
958,2026-03-19 10:36:56.000,REMOTE,5,Will definitely be back!,123,4836
959,2025-09-05 02:35:31.000,REMOTE,4,Great service and friendly staff.,118,4837
960,2025-10-19 08:25:11.000,REMOTE,4,Great service and friendly staff.,118,4839
961,2026-04-23 19:48:21.000,REMOTE,5,Will definitely be back!,120,4846
962,2025-12-04 14:11:03.000,LOCAL,5,"Best in the area, no doubt.",117,4852
963,2026-01-28 07:20:05.000,LOCAL,3,"Average experience, nothing special.",118,4853
964,2026-03-11 06:41:12.000,LOCAL,3,"Decent, but could improve.",119,4857
965,2025-12-12 10:11:51.000,LOCAL,3,Expected a bit more to be honest.,122,4859
966,2025-07-24 16:50:13.000,REMOTE,5,"Best in the area, no doubt.",123,4860
967,2026-03-18 04:31:35.000,LOCAL,4,Great service and friendly staff.,119,4866
968,2026-04-13 07:53:39.000,LOCAL,4,Happy with my visit.,121,4868
969,2025-08-24 13:09:05.000,REMOTE,3,"Decent, but could improve.",121,4872
970,2026-03-14 23:17:51.000,REMOTE,5,Will definitely be back!,120,4874
971,2025-09-17 04:12:25.000,LOCAL,4,Solid experience overall.,119,4878
972,2026-04-07 02:32:23.000,LOCAL,4,Happy with my visit.,122,4883
973,2025-12-02 11:04:59.000,LOCAL,4,Solid experience overall.,121,4884
974,2025-08-05 22:59:20.000,LOCAL,3,"Decent, but could improve.",125,4909
975,2025-12-13 10:44:17.000,REMOTE,4,Solid experience overall.,124,4915
976,2025-12-16 14:19:46.000,LOCAL,5,Excellent service! Highly recommended.,124,4919
977,2026-04-06 23:04:54.000,REMOTE,4,Happy with my visit.,124,4924
978,2025-11-21 23:48:28.000,LOCAL,5,Will definitely be back!,125,4931
979,2026-03-24 15:17:28.000,REMOTE,4,Great service and friendly staff.,124,4935
980,2025-10-20 09:38:40.000,LOCAL,5,Will definitely be back!,125,4942
981,2025-07-12 14:27:11.000,LOCAL,3,Expected a bit more to be honest.,125,4946
982,2025-09-19 19:18:22.000,REMOTE,3,Expected a bit more to be honest.,124,4951
983,2025-05-17 03:07:52.000,LOCAL,3,Expected a bit more to be honest.,124,4953
984,2025-08-01 08:03:47.000,REMOTE,5,Always a pleasure coming here.,124,4958
985,2026-03-26 13:51:08.000,LOCAL,4,Solid experience overall.,124,4960
986,2025-12-10 06:29:57.000,REMOTE,5,Will definitely be back!,125,4973
987,2025-09-18 18:26:25.000,LOCAL,4,Happy with my visit.,125,4981
988,2025-08-16 00:40:14.000,LOCAL,2,Product did not meet my expectations.,125,4984
989,2025-09-11 21:19:16.000,REMOTE,4,Great service and friendly staff.,124,4987
990,2026-01-12 12:49:51.000,REMOTE,5,Always a pleasure coming here.,124,4991
991,2025-09-28 05:24:35.000,REMOTE,5,Excellent service! Highly recommended.,124,4995
992,2025-05-19 14:28:11.000,LOCAL,4,Solid experience overall.,124,5002
993,2025-12-30 01:05:46.000,LOCAL,4,Happy with my visit.,124,5004
994,2026-01-12 02:05:21.000,REMOTE,5,Always a pleasure coming here.,125,5005
995,2025-12-07 10:43:05.000,REMOTE,3,"Decent, but could improve.",125,5006
996,2025-08-28 19:03:05.000,REMOTE,4,Solid experience overall.,124,5015
997,2026-01-11 20:49:09.000,LOCAL,5,"Best in the area, no doubt.",125,5017
998,2025-07-05 09:32:34.000,REMOTE,1,Completely disappointed.,124,5029
999,2025-11-08 17:13:27.000,LOCAL,5,Will definitely be back!,125,5030
1000,2026-04-25 10:32:10.000,REMOTE,4,"Very good, would come again.",124,5044
1001,2026-02-23 18:59:02.000,REMOTE,5,Always a pleasure coming here.,125,5045
1002,2025-05-15 19:07:54.000,LOCAL,3,Expected a bit more to be honest.,125,5047
1003,2026-04-05 05:21:23.000,REMOTE,5,Will definitely be back!,125,5054
1004,2025-07-12 11:45:02.000,LOCAL,1,Will not return.,125,5064
1005,2025-05-25 00:21:09.000,LOCAL,4,Happy with my visit.,124,5077
1006,2026-02-15 11:55:17.000,LOCAL,5,Always a pleasure coming here.,124,5079
1007,2025-12-13 10:38:46.000,REMOTE,3,"Average experience, nothing special.",124,5086
1008,2026-02-02 17:55:37.000,REMOTE,5,Will definitely be back!,125,5087
1009,2025-11-18 06:49:18.000,REMOTE,3,"Decent, but could improve.",124,5092
1010,2026-01-16 18:09:34.000,LOCAL,1,Will not return.,124,5103
1011,2025-11-07 06:37:32.000,REMOTE,5,"Best in the area, no doubt.",125,5105
1012,2026-01-11 01:03:26.000,LOCAL,4,Great service and friendly staff.,124,5107
1013,2025-10-27 02:10:33.000,REMOTE,3,OK but not outstanding.,124,5110
1014,2026-03-27 16:36:27.000,LOCAL,2,Staff could be more attentive.,125,5113
1015,2026-02-12 20:12:08.000,LOCAL,5,"Best in the area, no doubt.",124,5116
1016,2026-03-05 04:28:21.000,LOCAL,4,Great service and friendly staff.,125,5117
1017,2026-03-24 02:50:43.000,LOCAL,4,Solid experience overall.,124,5124
1018,2026-03-06 05:14:58.000,LOCAL,5,Will definitely be back!,124,5127
1019,2026-03-24 06:40:26.000,LOCAL,4,Happy with my visit.,125,5130
1020,2025-12-18 11:50:00.000,LOCAL,4,"Very good, would come again.",125,5132
1021,2025-06-16 18:30:48.000,LOCAL,2,Disappointing visit.,124,5136
1022,2026-04-12 15:33:37.000,REMOTE,4,Happy with my visit.,124,5137
1023,2025-08-10 11:38:59.000,REMOTE,3,"Decent, but could improve.",125,5142
1024,2026-03-17 09:26:47.000,REMOTE,5,Excellent service! Highly recommended.,124,5148
1025,2025-10-25 12:14:19.000,LOCAL,5,Always a pleasure coming here.,124,5150
1026,2026-02-08 12:10:53.000,REMOTE,5,"Best in the area, no doubt.",126,5156
1027,2025-05-25 19:03:14.000,LOCAL,3,Expected a bit more to be honest.,126,5158
1028,2025-10-07 20:47:07.000,LOCAL,1,Completely disappointed.,126,5160
1029,2025-11-15 09:17:08.000,LOCAL,4,Solid experience overall.,126,5167
1030,2026-03-11 23:59:22.000,REMOTE,2,Service was quite slow today.,126,5172
1031,2025-07-21 22:04:53.000,REMOTE,5,Always a pleasure coming here.,126,5178
1032,2025-10-24 12:06:44.000,REMOTE,3,Expected a bit more to be honest.,126,5185
1033,2025-09-04 10:28:20.000,REMOTE,5,"Best in the area, no doubt.",128,5193
1034,2025-06-21 09:19:38.000,LOCAL,4,Happy with my visit.,128,5199
1035,2025-06-23 16:06:30.000,LOCAL,5,Always a pleasure coming here.,129,5209
1036,2026-01-04 13:53:23.000,LOCAL,3,"Average experience, nothing special.",129,5211
1037,2025-09-22 13:45:09.000,LOCAL,4,Solid experience overall.,128,5213
1038,2026-03-18 18:20:02.000,LOCAL,4,Great service and friendly staff.,128,5217
1039,2026-01-26 19:47:12.000,LOCAL,5,Will definitely be back!,128,5222
1040,2025-07-04 00:34:24.000,LOCAL,2,Service was quite slow today.,127,5224
1041,2026-03-27 15:45:30.000,LOCAL,2,Service was quite slow today.,129,5225
1042,2026-03-07 16:59:48.000,REMOTE,5,Will definitely be back!,128,5229
1043,2026-03-14 22:08:27.000,LOCAL,3,"Average experience, nothing special.",127,5233
1044,2025-06-16 14:44:15.000,REMOTE,2,Disappointing visit.,129,5235
1045,2025-12-11 22:00:56.000,REMOTE,1,Will not return.,130,5241
1046,2025-07-06 21:51:09.000,REMOTE,5,Always a pleasure coming here.,130,5243
1047,2026-03-24 02:13:45.000,LOCAL,3,"Decent, but could improve.",130,5249
1048,2025-05-20 02:28:56.000,LOCAL,2,Product did not meet my expectations.,130,5258
1049,2025-10-31 14:11:25.000,LOCAL,5,Will definitely be back!,135,5263
1050,2026-04-17 13:53:52.000,REMOTE,5,"Best in the area, no doubt.",133,5264
1051,2025-10-07 17:59:41.000,REMOTE,3,"Average experience, nothing special.",134,5269
1052,2025-06-01 04:48:04.000,REMOTE,4,"Very good, would come again.",134,5271
1053,2025-05-19 18:38:55.000,LOCAL,4,Happy with my visit.,134,5272
1054,2025-12-21 20:05:59.000,LOCAL,4,Happy with my visit.,131,5276
1055,2026-04-09 09:09:15.000,LOCAL,5,"Best in the area, no doubt.",135,5277
1056,2026-03-26 01:37:57.000,LOCAL,4,Happy with my visit.,132,5278
1057,2025-06-29 06:57:20.000,LOCAL,2,Product did not meet my expectations.,131,5283
1058,2025-06-08 00:03:26.000,LOCAL,5,Will definitely be back!,134,5285
1059,2026-04-09 05:01:07.000,LOCAL,3,Expected a bit more to be honest.,133,5286
1060,2026-03-07 08:13:27.000,REMOTE,5,"Best in the area, no doubt.",133,5296
1061,2026-01-03 14:51:52.000,LOCAL,2,Staff could be more attentive.,131,5302
1062,2025-07-24 03:19:21.000,REMOTE,2,Product did not meet my expectations.,135,5304
1063,2025-05-23 10:11:09.000,LOCAL,4,Solid experience overall.,135,5307
1064,2026-01-20 20:04:57.000,REMOTE,4,Solid experience overall.,131,5308
1065,2025-11-08 15:14:18.000,REMOTE,4,Solid experience overall.,132,5310
1066,2025-10-25 21:30:46.000,REMOTE,2,Disappointing visit.,131,5320
1067,2026-01-19 03:09:59.000,REMOTE,5,Always a pleasure coming here.,132,5323
1068,2026-01-24 22:13:43.000,LOCAL,3,"Average experience, nothing special.",132,5331
1069,2026-01-30 16:53:17.000,REMOTE,2,Staff could be more attentive.,134,5345
1070,2025-10-19 00:59:23.000,REMOTE,3,Expected a bit more to be honest.,131,5346
1071,2025-06-30 16:53:55.000,REMOTE,1,Completely disappointed.,131,5357
1072,2025-06-20 04:06:46.000,LOCAL,5,Will definitely be back!,131,5363
1073,2025-11-20 07:38:03.000,LOCAL,2,Staff could be more attentive.,134,5366
1074,2026-04-03 02:01:04.000,LOCAL,4,"Very good, would come again.",133,5367
1075,2026-04-15 06:17:47.000,REMOTE,5,Always a pleasure coming here.,131,5372
1076,2026-02-18 21:55:37.000,LOCAL,1,Will not return.,131,5380
1077,2025-08-24 13:23:02.000,LOCAL,3,Expected a bit more to be honest.,131,5382
1078,2026-01-07 03:47:59.000,LOCAL,5,"Best in the area, no doubt.",132,5384
1079,2025-09-11 22:28:41.000,REMOTE,5,"Best in the area, no doubt.",133,5386
1080,2025-10-31 12:12:24.000,REMOTE,5,Always a pleasure coming here.,133,5396
1081,2025-05-21 08:14:06.000,LOCAL,5,Will definitely be back!,132,5400
1082,2026-03-29 21:04:48.000,REMOTE,5,Always a pleasure coming here.,131,5404
1083,2025-05-21 06:21:55.000,LOCAL,4,Happy with my visit.,132,5405
1084,2025-10-19 19:41:15.000,LOCAL,3,Expected a bit more to be honest.,132,5411
1085,2026-01-29 05:34:32.000,LOCAL,5,Always a pleasure coming here.,133,5414
1086,2025-12-30 19:24:41.000,LOCAL,4,Solid experience overall.,131,5418
1087,2025-05-10 12:02:59.000,LOCAL,3,"Decent, but could improve.",134,5420
1088,2025-10-16 02:09:53.000,REMOTE,3,Expected a bit more to be honest.,132,5421
1089,2025-11-19 14:03:58.000,REMOTE,3,"Decent, but could improve.",131,5423
1090,2025-05-20 13:44:40.000,LOCAL,2,Service was quite slow today.,132,5425
1091,2026-03-26 17:42:37.000,REMOTE,3,"Average experience, nothing special.",131,5429
1092,2026-03-10 22:17:21.000,LOCAL,5,Always a pleasure coming here.,134,5432
1093,2026-04-05 00:52:35.000,REMOTE,4,"Very good, would come again.",134,5434
1094,2025-07-29 15:54:46.000,REMOTE,3,"Decent, but could improve.",137,5440
1095,2025-05-11 15:10:16.000,LOCAL,5,Always a pleasure coming here.,137,5446
1096,2025-12-10 21:23:29.000,LOCAL,5,Excellent service! Highly recommended.,137,5448
1097,2025-12-04 01:46:22.000,LOCAL,5,"Best in the area, no doubt.",137,5451
1098,2025-07-28 03:05:12.000,REMOTE,5,Will definitely be back!,136,5453
1099,2025-11-14 04:34:30.000,REMOTE,4,Solid experience overall.,137,5455
1100,2025-06-08 01:16:24.000,REMOTE,5,Will definitely be back!,136,5463
1101,2026-01-20 20:22:57.000,REMOTE,5,"Best in the area, no doubt.",136,5470
1102,2025-10-08 17:34:08.000,LOCAL,5,"Best in the area, no doubt.",137,5472
1103,2025-05-19 11:26:39.000,REMOTE,5,Will definitely be back!,136,5475
1104,2025-08-27 20:40:53.000,LOCAL,5,Excellent service! Highly recommended.,136,5476
1105,2025-10-04 05:08:53.000,LOCAL,4,"Very good, would come again.",137,5480
1106,2025-12-24 20:13:55.000,LOCAL,4,Happy with my visit.,136,5492
1107,2026-02-01 05:07:23.000,LOCAL,5,Will definitely be back!,136,5495
1108,2025-07-08 19:06:13.000,REMOTE,4,Happy with my visit.,136,5501
1109,2026-02-26 16:05:46.000,LOCAL,5,"Best in the area, no doubt.",136,5507
1110,2026-03-26 01:38:54.000,LOCAL,5,Excellent service! Highly recommended.,136,5508
1111,2025-11-01 22:36:38.000,LOCAL,4,Solid experience overall.,136,5511
1112,2025-08-07 21:23:32.000,REMOTE,3,"Average experience, nothing special.",136,5522
1113,2025-06-24 20:05:32.000,REMOTE,4,Solid experience overall.,136,5523
1114,2025-06-23 00:32:53.000,REMOTE,5,Always a pleasure coming here.,137,5530
1115,2025-08-29 20:02:44.000,LOCAL,2,Staff could be more attentive.,136,5531
1116,2025-07-07 02:42:02.000,REMOTE,5,Excellent service! Highly recommended.,136,5535
1117,2025-09-20 23:59:50.000,REMOTE,5,Will definitely be back!,136,5537
1118,2025-05-13 13:13:15.000,REMOTE,5,Excellent service! Highly recommended.,136,5538
1119,2025-11-14 07:57:37.000,LOCAL,3,"Average experience, nothing special.",136,5547
1120,2026-03-11 03:09:10.000,LOCAL,2,Disappointing visit.,137,5553
1121,2026-02-22 11:06:41.000,LOCAL,2,Staff could be more attentive.,137,5555
1122,2025-12-20 14:01:03.000,LOCAL,5,Will definitely be back!,136,5558
1123,2026-01-21 17:34:44.000,REMOTE,4,"Very good, would come again.",136,5562
1124,2026-01-23 12:46:27.000,REMOTE,3,"Average experience, nothing special.",137,5564
1125,2026-05-03 14:01:30.000,LOCAL,3,"Average experience, nothing special.",137,5574
1126,2025-10-16 03:15:43.000,REMOTE,5,Always a pleasure coming here.,138,5576
1127,2025-05-26 10:56:33.000,LOCAL,5,"Best in the area, no doubt.",138,5582
1128,2026-03-08 19:55:03.000,REMOTE,5,Excellent service! Highly recommended.,138,5583
1129,2026-01-16 06:25:46.000,REMOTE,4,"Very good, would come again.",138,5585
1130,2025-06-19 18:16:54.000,LOCAL,4,Solid experience overall.,138,5593
1131,2025-08-06 12:33:58.000,LOCAL,3,"Average experience, nothing special.",138,5594
1132,2026-03-12 09:38:10.000,REMOTE,4,"Very good, would come again.",138,5602
1133,2025-05-29 23:07:42.000,LOCAL,5,Always a pleasure coming here.,138,5606
1134,2025-12-14 06:52:23.000,LOCAL,5,Always a pleasure coming here.,138,5610
1135,2025-07-04 09:39:48.000,LOCAL,4,Great service and friendly staff.,138,5615
1136,2025-07-07 14:16:09.000,LOCAL,1,Very poor service.,138,5621
1137,2025-05-13 12:32:55.000,REMOTE,5,"Best in the area, no doubt.",138,5629
1138,2025-09-20 00:08:16.000,LOCAL,5,Will definitely be back!,140,5638
1139,2026-03-13 20:22:52.000,LOCAL,2,Staff could be more attentive.,139,5640
1140,2025-11-25 19:09:53.000,LOCAL,2,Disappointing visit.,141,5645
1141,2025-09-10 21:25:55.000,LOCAL,4,Happy with my visit.,140,5646
1142,2025-10-27 20:31:09.000,REMOTE,3,OK but not outstanding.,141,5647
1143,2025-08-11 11:53:26.000,REMOTE,1,Will not return.,141,5650
1144,2025-08-26 07:13:48.000,LOCAL,4,Happy with my visit.,141,5652
1145,2025-06-26 08:01:35.000,LOCAL,5,Will definitely be back!,139,5653
1146,2026-01-05 18:24:09.000,LOCAL,3,OK but not outstanding.,139,5654
1147,2026-03-28 12:12:50.000,REMOTE,5,Will definitely be back!,139,5655
1148,2025-08-20 04:12:27.000,LOCAL,5,Will definitely be back!,141,5671
1149,2025-06-15 13:10:24.000,REMOTE,3,"Decent, but could improve.",141,5676
1150,2025-12-08 18:30:15.000,REMOTE,5,Excellent service! Highly recommended.,139,5683
1151,2026-03-30 09:46:09.000,REMOTE,4,Happy with my visit.,140,5700
1152,2026-02-01 12:33:37.000,REMOTE,3,"Average experience, nothing special.",142,5709
1153,2025-11-25 17:17:31.000,REMOTE,5,Always a pleasure coming here.,142,5713
1154,2025-06-08 14:21:24.000,LOCAL,3,"Average experience, nothing special.",142,5714
1155,2025-06-30 14:22:28.000,LOCAL,2,Product did not meet my expectations.,142,5719
1156,2025-11-14 21:15:20.000,LOCAL,5,Always a pleasure coming here.,142,5724
1157,2026-01-18 23:35:55.000,LOCAL,4,Solid experience overall.,142,5727
1158,2026-04-12 12:21:17.000,LOCAL,4,Great service and friendly staff.,142,5728
1159,2025-11-16 17:21:06.000,REMOTE,4,Happy with my visit.,142,5736
1160,2025-07-22 14:25:55.000,REMOTE,4,Solid experience overall.,142,5737
1161,2025-11-08 06:02:26.000,LOCAL,5,Always a pleasure coming here.,142,5743
1162,2025-09-26 02:09:22.000,REMOTE,5,Always a pleasure coming here.,142,5746
1163,2026-04-15 21:43:36.000,LOCAL,5,Excellent service! Highly recommended.,142,5752
1164,2025-12-22 16:30:56.000,REMOTE,3,OK but not outstanding.,142,5753
1165,2025-11-26 08:36:09.000,LOCAL,4,Happy with my visit.,142,5770
1166,2026-02-27 19:16:59.000,LOCAL,3,Expected a bit more to be honest.,142,5776
1167,2025-06-09 07:04:35.000,REMOTE,4,Solid experience overall.,142,5780
1168,2025-11-18 06:43:50.000,LOCAL,4,Great service and friendly staff.,142,5784
1169,2025-06-13 05:26:13.000,LOCAL,4,Solid experience overall.,142,5786
1170,2025-11-12 13:36:57.000,REMOTE,4,Great service and friendly staff.,142,5799
1171,2025-08-28 23:21:08.000,LOCAL,4,Solid experience overall.,142,5800
1172,2025-12-28 14:56:29.000,REMOTE,3,OK but not outstanding.,142,5815
1173,2026-04-13 19:06:09.000,REMOTE,3,Expected a bit more to be honest.,142,5816
1174,2026-02-05 20:35:29.000,REMOTE,2,Staff could be more attentive.,142,5821
1175,2026-02-02 03:24:29.000,LOCAL,1,Very poor service.,142,5825
1176,2025-05-18 23:28:46.000,REMOTE,4,Great service and friendly staff.,142,5843
1177,2025-10-27 20:57:40.000,REMOTE,4,Great service and friendly staff.,142,5846
1178,2025-08-09 20:30:43.000,LOCAL,3,"Average experience, nothing special.",144,5855
1179,2025-11-17 08:27:06.000,LOCAL,1,Very poor service.,148,5859
1180,2025-11-03 19:01:56.000,REMOTE,3,"Average experience, nothing special.",147,5861
1181,2025-05-29 03:29:25.000,REMOTE,5,"Best in the area, no doubt.",144,5865
1182,2026-03-19 23:20:31.000,REMOTE,5,Always a pleasure coming here.,147,5867
1183,2025-12-10 01:53:34.000,LOCAL,5,"Best in the area, no doubt.",146,5877
1184,2025-08-17 08:05:15.000,LOCAL,5,Always a pleasure coming here.,145,5887
1185,2026-01-21 13:58:21.000,LOCAL,2,Disappointing visit.,147,5890
1186,2025-05-30 18:39:25.000,LOCAL,5,Always a pleasure coming here.,148,5893
1187,2026-02-08 08:50:15.000,REMOTE,4,Great service and friendly staff.,144,5895
1188,2026-03-14 05:40:05.000,LOCAL,3,"Average experience, nothing special.",143,5910
1189,2026-04-02 02:58:57.000,REMOTE,2,Product did not meet my expectations.,143,5915
1190,2025-12-14 09:08:10.000,LOCAL,4,Great service and friendly staff.,145,5923
1191,2025-07-16 23:58:49.000,REMOTE,4,Happy with my visit.,147,5930
1192,2025-11-23 10:52:28.000,LOCAL,4,"Very good, would come again.",147,5932
1193,2026-01-25 19:17:45.000,LOCAL,4,Solid experience overall.,147,5936
1194,2025-06-10 15:56:37.000,REMOTE,1,Will not return.,144,5937
1195,2025-07-05 14:39:56.000,LOCAL,4,Happy with my visit.,148,5953
1196,2026-03-18 18:59:15.000,LOCAL,2,Disappointing visit.,145,5954
1197,2026-01-29 18:26:40.000,LOCAL,1,Will not return.,144,5955
1198,2026-01-31 05:33:56.000,REMOTE,5,Excellent service! Highly recommended.,143,5956
1199,2025-06-25 02:27:48.000,LOCAL,5,Always a pleasure coming here.,145,5963
1200,2025-06-24 08:31:56.000,LOCAL,3,OK but not outstanding.,146,5971
1201,2025-06-18 23:38:20.000,LOCAL,4,Solid experience overall.,144,5974
1202,2026-03-29 20:34:21.000,REMOTE,2,Product did not meet my expectations.,144,5976
1203,2025-06-29 13:11:21.000,LOCAL,4,Solid experience overall.,144,5977
1204,2025-06-27 20:21:07.000,REMOTE,4,Happy with my visit.,143,5988
1205,2026-01-15 17:26:49.000,LOCAL,5,Excellent service! Highly recommended.,144,5991
1206,2025-05-17 15:39:10.000,REMOTE,5,Excellent service! Highly recommended.,146,5992
1207,2025-12-03 09:53:02.000,REMOTE,5,"Best in the area, no doubt.",148,5993
1208,2025-10-17 09:09:22.000,REMOTE,4,"Very good, would come again.",144,5999
1209,2025-08-20 15:34:52.000,REMOTE,4,"Very good, would come again.",150,6016
1210,2025-06-27 21:52:03.000,LOCAL,4,Great service and friendly staff.,149,6023
1211,2025-10-22 10:16:20.000,REMOTE,1,Not what I expected at all.,149,6024
1212,2025-10-02 00:14:54.000,REMOTE,4,"Very good, would come again.",149,6029
1213,2026-04-28 04:02:47.000,REMOTE,5,Excellent service! Highly recommended.,150,6030
1214,2026-04-12 12:24:21.000,REMOTE,4,"Very good, would come again.",149,6031
1215,2026-05-01 22:35:31.000,LOCAL,4,Solid experience overall.,149,6034
1216,2025-09-10 07:27:33.000,REMOTE,3,OK but not outstanding.,150,6037
1217,2026-03-18 23:12:48.000,LOCAL,3,Expected a bit more to be honest.,150,6041
1218,2025-09-24 09:18:55.000,LOCAL,5,Excellent service! Highly recommended.,150,6045
1219,2025-10-25 22:16:53.000,REMOTE,5,Will definitely be back!,149,6055
1220,2025-06-27 04:36:22.000,LOCAL,5,Always a pleasure coming here.,150,6057
1221,2026-05-01 09:10:21.000,REMOTE,4,Great service and friendly staff.,151,6063
1222,2026-02-24 07:08:13.000,REMOTE,3,"Decent, but could improve.",151,6065
1223,2025-11-04 03:55:10.000,REMOTE,4,Solid experience overall.,151,6066
1224,2026-05-02 19:59:28.000,LOCAL,2,Service was quite slow today.,151,6079
1225,2025-11-27 17:13:26.000,REMOTE,5,Excellent service! Highly recommended.,151,6080
1226,2026-03-02 17:52:47.000,LOCAL,5,"Best in the area, no doubt.",151,6082
1227,2026-04-01 07:03:36.000,REMOTE,3,OK but not outstanding.,151,6083
1228,2025-12-01 21:06:14.000,LOCAL,3,"Decent, but could improve.",151,6089
1229,2025-08-11 15:34:49.000,LOCAL,1,Very poor service.,154,6104
1230,2025-07-07 01:14:37.000,REMOTE,4,"Very good, would come again.",152,6118
1231,2026-04-07 14:59:28.000,LOCAL,3,Expected a bit more to be honest.,153,6121
1232,2025-07-03 00:32:37.000,REMOTE,5,Will definitely be back!,153,6122
1233,2025-07-26 02:04:14.000,REMOTE,1,Completely disappointed.,153,6125
1234,2025-12-18 06:07:52.000,REMOTE,5,Excellent service! Highly recommended.,152,6138
1235,2026-01-28 17:53:00.000,REMOTE,5,Excellent service! Highly recommended.,154,6139
1236,2025-07-19 00:58:47.000,REMOTE,4,Solid experience overall.,154,6144
1237,2025-08-09 06:03:41.000,LOCAL,4,Happy with my visit.,153,6147
1238,2025-09-15 17:40:43.000,REMOTE,5,Always a pleasure coming here.,152,6148
1239,2025-05-16 22:48:39.000,LOCAL,2,Disappointing visit.,153,6155
1240,2026-02-19 23:37:38.000,LOCAL,4,Solid experience overall.,154,6156
1241,2025-07-03 20:34:29.000,REMOTE,4,"Very good, would come again.",156,6162
1242,2025-10-27 17:39:07.000,REMOTE,4,Great service and friendly staff.,156,6166
1243,2026-01-05 10:21:55.000,LOCAL,3,Expected a bit more to be honest.,155,6170
1244,2025-07-09 03:55:28.000,LOCAL,4,Solid experience overall.,155,6171
1245,2025-11-17 20:31:57.000,REMOTE,5,Always a pleasure coming here.,156,6172
1246,2025-12-19 09:16:53.000,LOCAL,3,OK but not outstanding.,155,6175
1247,2026-04-23 09:30:51.000,REMOTE,4,Great service and friendly staff.,156,6179
1248,2025-10-09 05:57:24.000,REMOTE,4,Great service and friendly staff.,155,6182
1249,2025-10-08 06:27:56.000,LOCAL,4,Great service and friendly staff.,155,6183
1250,2026-03-19 13:55:12.000,LOCAL,5,"Best in the area, no doubt.",155,6187
1251,2025-11-27 10:47:49.000,REMOTE,4,Happy with my visit.,155,6188
1252,2025-08-02 21:48:25.000,REMOTE,5,"Best in the area, no doubt.",158,6202
1253,2026-03-29 21:10:16.000,LOCAL,5,"Best in the area, no doubt.",157,6205
1254,2026-03-30 05:11:04.000,LOCAL,4,Great service and friendly staff.,157,6211
1255,2026-04-16 21:05:03.000,REMOTE,5,Excellent service! Highly recommended.,158,6213
1256,2025-09-20 18:34:45.000,LOCAL,3,OK but not outstanding.,158,6218
1257,2025-09-04 17:55:13.000,LOCAL,3,"Average experience, nothing special.",157,6219
1258,2025-07-19 03:11:00.000,LOCAL,5,"Best in the area, no doubt.",158,6224
1259,2025-07-05 17:39:13.000,LOCAL,5,Always a pleasure coming here.,159,6229
1260,2025-09-22 23:22:10.000,LOCAL,4,Happy with my visit.,159,6230
1261,2026-03-06 14:02:22.000,REMOTE,3,"Decent, but could improve.",159,6234
1262,2026-02-19 11:37:08.000,LOCAL,5,"Best in the area, no doubt.",159,6240
1263,2025-10-15 10:22:08.000,LOCAL,4,Great service and friendly staff.,159,6243
1264,2025-09-02 20:09:28.000,LOCAL,5,Will definitely be back!,159,6245
1265,2025-07-08 11:05:42.000,REMOTE,5,Will definitely be back!,159,6248
1266,2026-04-10 15:46:09.000,LOCAL,4,Great service and friendly staff.,159,6257
1267,2025-07-28 18:11:48.000,REMOTE,3,OK but not outstanding.,161,6266
1268,2025-08-13 22:05:28.000,LOCAL,4,"Very good, would come again.",161,6271
1269,2025-10-27 10:35:14.000,REMOTE,4,Happy with my visit.,162,6281
1270,2025-07-04 10:06:34.000,REMOTE,5,Excellent service! Highly recommended.,163,6283
1271,2025-12-12 06:56:21.000,LOCAL,5,Will definitely be back!,163,6288
1272,2025-12-28 15:11:06.000,LOCAL,4,"Very good, would come again.",160,6292
1273,2025-06-26 13:29:09.000,LOCAL,3,OK but not outstanding.,161,6301
1274,2026-01-05 21:49:39.000,LOCAL,3,"Average experience, nothing special.",160,6312
1275,2026-01-03 14:23:20.000,LOCAL,5,Excellent service! Highly recommended.,161,6335
1276,2025-08-27 07:00:25.000,REMOTE,2,Staff could be more attentive.,160,6337
1277,2025-12-25 13:16:41.000,LOCAL,3,"Decent, but could improve.",160,6345
1278,2025-07-10 11:45:57.000,LOCAL,2,Product did not meet my expectations.,162,6347
1279,2025-05-21 09:14:29.000,REMOTE,4,"Very good, would come again.",160,6349
1280,2025-08-02 03:17:44.000,LOCAL,1,Very poor service.,160,6352
1281,2025-10-22 05:44:04.000,LOCAL,5,Always a pleasure coming here.,161,6355
1282,2026-04-05 12:11:11.000,LOCAL,1,Not what I expected at all.,163,6356
1283,2025-12-30 05:28:07.000,LOCAL,5,Will definitely be back!,162,6357
1284,2025-08-30 17:19:02.000,LOCAL,3,Expected a bit more to be honest.,160,6365
1285,2025-10-17 16:02:39.000,LOCAL,5,Will definitely be back!,163,6375
1286,2025-08-15 04:23:38.000,REMOTE,3,"Average experience, nothing special.",160,6384
1287,2025-06-09 19:54:13.000,LOCAL,1,Very poor service.,162,6386
1288,2025-05-15 14:32:49.000,REMOTE,4,"Very good, would come again.",161,6388
1289,2026-03-21 11:24:35.000,LOCAL,1,Not what I expected at all.,162,6396
1290,2025-10-11 11:57:51.000,REMOTE,5,Will definitely be back!,161,6398
1291,2025-12-02 05:49:38.000,LOCAL,5,"Best in the area, no doubt.",160,6407
1292,2026-03-03 04:35:07.000,LOCAL,2,Service was quite slow today.,163,6410
1293,2025-11-07 06:12:36.000,REMOTE,4,"Very good, would come again.",163,6414
1294,2025-12-05 02:35:10.000,LOCAL,2,Product did not meet my expectations.,163,6418
1295,2026-03-26 18:02:20.000,REMOTE,3,OK but not outstanding.,163,6420
1296,2025-08-23 06:13:31.000,REMOTE,3,"Decent, but could improve.",163,6430
1297,2026-01-29 21:21:37.000,REMOTE,3,"Decent, but could improve.",162,6440
1298,2025-06-03 00:39:08.000,LOCAL,2,Disappointing visit.,161,6445
1299,2025-12-04 15:17:50.000,REMOTE,4,"Very good, would come again.",164,6447
1300,2025-05-30 15:27:22.000,REMOTE,5,"Best in the area, no doubt.",166,6459
1301,2025-11-03 18:02:17.000,LOCAL,4,Great service and friendly staff.,167,6460
1302,2025-11-29 18:45:16.000,REMOTE,3,"Decent, but could improve.",166,6475
1303,2026-04-11 23:20:34.000,REMOTE,4,Solid experience overall.,165,6484
1304,2025-10-05 10:14:33.000,LOCAL,3,"Decent, but could improve.",166,6486
1305,2025-12-25 04:41:47.000,REMOTE,3,"Decent, but could improve.",170,6503
1306,2025-09-12 02:58:30.000,LOCAL,4,Solid experience overall.,170,6507
1307,2025-12-31 00:23:11.000,REMOTE,5,"Best in the area, no doubt.",169,6508
1308,2025-10-29 15:07:51.000,REMOTE,5,"Best in the area, no doubt.",171,6515
1309,2025-05-25 11:43:40.000,LOCAL,5,Always a pleasure coming here.,170,6521
1310,2025-05-14 06:51:55.000,LOCAL,1,Will not return.,170,6522
1311,2025-08-29 18:26:42.000,LOCAL,4,Great service and friendly staff.,171,6528
1312,2026-04-05 06:04:44.000,REMOTE,5,"Best in the area, no doubt.",171,6532
1313,2026-02-21 00:04:54.000,REMOTE,4,Solid experience overall.,170,6533
1314,2025-10-03 18:26:12.000,REMOTE,4,"Very good, would come again.",170,6539
1315,2025-10-04 07:50:57.000,REMOTE,5,"Best in the area, no doubt.",171,6548
1316,2026-01-28 00:21:54.000,LOCAL,2,Staff could be more attentive.,169,6551
1317,2025-07-01 09:43:38.000,REMOTE,2,Disappointing visit.,171,6562
1318,2026-05-01 22:01:07.000,LOCAL,3,Expected a bit more to be honest.,171,6571
1319,2026-02-09 00:58:09.000,LOCAL,4,"Very good, would come again.",171,6577
1320,2025-10-22 21:06:16.000,REMOTE,4,Happy with my visit.,171,6580
1321,2026-01-16 13:31:51.000,LOCAL,5,Excellent service! Highly recommended.,171,6582
1322,2025-07-08 12:39:03.000,REMOTE,4,"Very good, would come again.",171,6591
1323,2025-10-02 23:41:30.000,REMOTE,5,Excellent service! Highly recommended.,168,6594
1324,2025-10-09 17:09:27.000,REMOTE,3,"Average experience, nothing special.",171,6595
1325,2025-09-27 03:00:40.000,REMOTE,4,Happy with my visit.,169,6600
1326,2026-01-30 11:47:30.000,LOCAL,5,Will definitely be back!,168,6603
1327,2025-09-22 19:02:37.000,REMOTE,5,Excellent service! Highly recommended.,171,6610
1328,2025-05-27 19:45:42.000,LOCAL,4,"Very good, would come again.",168,6611
1329,2025-12-05 10:30:20.000,REMOTE,5,Excellent service! Highly recommended.,168,6613
1330,2025-11-05 07:05:14.000,LOCAL,5,Always a pleasure coming here.,171,6618
1331,2025-08-03 17:54:30.000,REMOTE,1,Completely disappointed.,169,6626
1332,2026-05-02 13:12:09.000,LOCAL,1,Very poor service.,168,6630
1333,2025-11-10 23:25:23.000,LOCAL,4,"Very good, would come again.",168,6631
1334,2025-11-13 05:13:47.000,LOCAL,3,"Decent, but could improve.",169,6637
1335,2025-08-02 14:00:01.000,LOCAL,5,Excellent service! Highly recommended.,168,6638
1336,2026-01-15 15:05:56.000,LOCAL,5,Will definitely be back!,171,6642
1337,2025-09-18 22:13:32.000,LOCAL,4,"Very good, would come again.",168,6646
1338,2026-03-18 10:22:53.000,REMOTE,4,Happy with my visit.,170,6653
1339,2025-06-11 06:12:43.000,REMOTE,3,Expected a bit more to be honest.,170,6655
1340,2026-01-26 12:25:41.000,REMOTE,5,"Best in the area, no doubt.",170,6663
1341,2026-04-20 07:28:35.000,REMOTE,1,Very poor service.,170,6667
1342,2026-01-27 22:35:35.000,LOCAL,5,Always a pleasure coming here.,168,6670
1343,2025-06-29 04:37:52.000,REMOTE,4,Happy with my visit.,169,6672
1344,2026-03-06 07:58:58.000,REMOTE,1,Not what I expected at all.,168,6673
1345,2025-08-18 07:18:09.000,LOCAL,4,"Very good, would come again.",173,6681
1346,2025-12-23 17:45:39.000,REMOTE,3,OK but not outstanding.,173,6685
1347,2026-03-19 00:40:54.000,LOCAL,4,Solid experience overall.,172,6689
1348,2026-02-03 23:44:45.000,LOCAL,4,"Very good, would come again.",173,6692
1349,2026-01-05 00:11:44.000,LOCAL,2,Product did not meet my expectations.,173,6702
1350,2025-06-14 03:40:12.000,REMOTE,4,Solid experience overall.,173,6703
1351,2026-04-04 13:39:25.000,REMOTE,5,Will definitely be back!,173,6705
1352,2026-05-08 08:54:00.000,LOCAL,5,Will definitely be back!,172,6719
1353,2025-12-31 20:55:04.000,LOCAL,2,Service was quite slow today.,172,6722
1354,2025-07-02 20:07:53.000,LOCAL,3,"Decent, but could improve.",172,6724
1355,2025-12-06 05:09:16.000,LOCAL,5,"Best in the area, no doubt.",173,6726
1356,2025-11-07 14:39:36.000,LOCAL,5,"Best in the area, no doubt.",172,6730
1357,2025-11-15 16:04:46.000,LOCAL,1,Will not return.,172,6733
1358,2026-03-23 03:01:51.000,REMOTE,4,Solid experience overall.,173,6735
1359,2025-11-18 23:27:18.000,REMOTE,2,Disappointing visit.,173,6743
1360,2025-12-23 14:27:49.000,REMOTE,4,Solid experience overall.,172,6746
1361,2025-08-31 19:24:41.000,REMOTE,1,Will not return.,172,6750
1362,2025-11-02 06:58:29.000,LOCAL,3,"Average experience, nothing special.",173,6752
1363,2025-11-09 06:16:25.000,LOCAL,5,Will definitely be back!,172,6761
1364,2025-10-25 07:54:54.000,REMOTE,5,"Best in the area, no doubt.",172,6762
1365,2025-07-07 11:32:53.000,REMOTE,4,Happy with my visit.,172,6764
1366,2026-01-26 15:45:28.000,LOCAL,3,"Average experience, nothing special.",173,6766
1367,2026-02-24 01:59:43.000,LOCAL,3,OK but not outstanding.,172,6770
1368,2026-03-09 10:20:26.000,REMOTE,4,Happy with my visit.,172,6779
1369,2026-04-06 09:06:04.000,REMOTE,5,"Best in the area, no doubt.",173,6780
1370,2025-10-08 21:38:24.000,REMOTE,3,"Decent, but could improve.",172,6781
1371,2025-10-01 00:42:02.000,LOCAL,4,Great service and friendly staff.,173,6786
1372,2026-01-29 16:26:28.000,REMOTE,5,Always a pleasure coming here.,172,6790
1373,2026-04-08 21:17:16.000,LOCAL,3,"Average experience, nothing special.",173,6791
1374,2025-06-17 10:17:33.000,LOCAL,5,Will definitely be back!,172,6793
1375,2025-09-30 09:04:10.000,LOCAL,4,"Very good, would come again.",173,6797
1376,2026-04-26 00:53:50.000,REMOTE,5,"Best in the area, no doubt.",173,6798
1377,2025-05-11 18:37:36.000,LOCAL,2,Product did not meet my expectations.,172,6816
1378,2025-06-25 05:09:56.000,REMOTE,5,Always a pleasure coming here.,173,6817
1379,2025-07-01 14:15:16.000,REMOTE,5,Always a pleasure coming here.,173,6819
1380,2026-04-27 00:01:48.000,REMOTE,4,Solid experience overall.,172,6821
1381,2025-05-29 14:10:31.000,LOCAL,4,Happy with my visit.,172,6828
1382,2025-05-22 16:16:25.000,REMOTE,5,"Best in the area, no doubt.",172,6829
1383,2025-10-30 14:13:26.000,LOCAL,5,Will definitely be back!,173,6835
1384,2026-02-18 10:40:48.000,LOCAL,5,Will definitely be back!,172,6842
1385,2025-11-22 22:33:45.000,REMOTE,2,Staff could be more attentive.,173,6846
1386,2026-03-08 09:22:49.000,LOCAL,5,"Best in the area, no doubt.",173,6852
1387,2025-11-09 22:55:58.000,LOCAL,5,Excellent service! Highly recommended.,174,6866
1388,2026-03-20 08:38:08.000,LOCAL,4,Great service and friendly staff.,175,6875
1389,2025-08-25 16:42:16.000,REMOTE,1,Will not return.,174,6876
1390,2025-05-10 07:06:22.000,LOCAL,5,"Best in the area, no doubt.",179,6878
1391,2025-09-06 09:17:39.000,LOCAL,4,Happy with my visit.,179,6883
1392,2026-02-17 08:21:05.000,REMOTE,5,Will definitely be back!,180,6890
1393,2025-08-18 14:14:04.000,LOCAL,4,"Very good, would come again.",179,6902
1394,2025-10-18 04:02:18.000,LOCAL,4,"Very good, would come again.",179,6909
1395,2026-03-16 20:33:50.000,LOCAL,2,Staff could be more attentive.,176,6911
1396,2026-02-15 19:53:36.000,REMOTE,3,OK but not outstanding.,176,6912
1397,2025-07-22 15:29:55.000,REMOTE,1,Completely disappointed.,174,6917
1398,2025-11-12 19:26:08.000,REMOTE,4,Solid experience overall.,178,6923
1399,2025-07-20 02:25:30.000,REMOTE,5,"Best in the area, no doubt.",180,6924
1400,2026-04-28 13:29:42.000,LOCAL,4,Solid experience overall.,177,6925
1401,2025-11-29 21:36:52.000,REMOTE,4,"Very good, would come again.",175,6927
1402,2025-10-16 01:43:42.000,LOCAL,4,"Very good, would come again.",177,6935
1403,2025-10-21 21:20:30.000,REMOTE,5,Excellent service! Highly recommended.,178,6939
1404,2026-03-17 15:31:13.000,REMOTE,5,Will definitely be back!,175,6940
1405,2025-07-26 08:08:47.000,REMOTE,2,Service was quite slow today.,177,6943
1406,2026-04-17 02:59:31.000,LOCAL,5,Excellent service! Highly recommended.,179,6947
1407,2026-04-25 18:50:05.000,REMOTE,4,Happy with my visit.,177,6951
1408,2025-10-10 21:45:37.000,LOCAL,2,Product did not meet my expectations.,179,6952
1409,2026-01-05 02:24:53.000,LOCAL,1,Very poor service.,179,6955
1410,2025-09-05 05:09:53.000,REMOTE,5,Excellent service! Highly recommended.,177,6960
1411,2026-03-19 12:43:06.000,LOCAL,5,Always a pleasure coming here.,174,6964
1412,2026-01-07 12:18:37.000,LOCAL,5,Will definitely be back!,174,6965
1413,2026-01-18 19:06:08.000,REMOTE,4,Great service and friendly staff.,180,6977
1414,2026-02-25 17:59:19.000,REMOTE,4,Happy with my visit.,175,6980
1415,2025-11-24 05:46:55.000,LOCAL,5,Will definitely be back!,180,6986
1416,2025-10-04 04:52:23.000,LOCAL,5,Will definitely be back!,175,6989
1417,2025-12-13 06:53:40.000,LOCAL,4,"Very good, would come again.",181,6992
1418,2025-11-22 14:01:56.000,LOCAL,5,Excellent service! Highly recommended.,182,6996
1419,2026-01-30 09:14:40.000,LOCAL,3,"Decent, but could improve.",182,6998
1420,2026-03-03 19:25:53.000,LOCAL,5,Always a pleasure coming here.,181,6999
1421,2026-01-24 15:26:41.000,REMOTE,1,Not what I expected at all.,182,7004
1422,2026-01-17 06:58:28.000,REMOTE,4,Happy with my visit.,181,7009
1423,2025-10-28 16:31:23.000,LOCAL,1,Not what I expected at all.,182,7010
1424,2025-12-31 16:05:22.000,LOCAL,2,Staff could be more attentive.,182,7025
1425,2025-10-04 07:08:54.000,LOCAL,5,"Best in the area, no doubt.",182,7026
1426,2026-01-25 21:41:14.000,REMOTE,1,Completely disappointed.,182,7027
1427,2025-09-14 03:33:36.000,REMOTE,4,Great service and friendly staff.,181,7029
1428,2026-04-05 17:00:11.000,LOCAL,4,Solid experience overall.,185,7032
1429,2026-04-11 15:50:07.000,REMOTE,3,OK but not outstanding.,186,7035
1430,2026-02-11 20:33:42.000,LOCAL,3,OK but not outstanding.,185,7044
1431,2026-01-12 09:15:22.000,LOCAL,4,"Very good, would come again.",183,7046
1432,2026-02-20 06:45:33.000,LOCAL,5,Will definitely be back!,185,7049
1433,2025-09-15 23:25:28.000,REMOTE,4,Great service and friendly staff.,185,7050
1434,2025-10-12 14:29:37.000,LOCAL,5,"Best in the area, no doubt.",186,7051
1435,2025-12-30 15:42:57.000,REMOTE,1,Completely disappointed.,185,7053
1436,2025-06-18 16:23:05.000,REMOTE,5,Will definitely be back!,184,7063
1437,2025-08-10 01:05:37.000,REMOTE,1,Very poor service.,186,7064
1438,2025-09-21 05:23:50.000,LOCAL,5,Always a pleasure coming here.,183,7066
1439,2026-04-29 02:34:17.000,LOCAL,4,Happy with my visit.,183,7071
1440,2025-05-11 12:08:42.000,LOCAL,4,Solid experience overall.,184,7080
1441,2025-06-04 20:10:54.000,REMOTE,4,Solid experience overall.,186,7083
1442,2026-03-18 11:32:46.000,REMOTE,5,Will definitely be back!,186,7106
1443,2026-04-09 00:56:35.000,LOCAL,1,Very poor service.,184,7109
1444,2025-11-27 09:27:18.000,LOCAL,5,Excellent service! Highly recommended.,183,7110
1445,2025-08-14 00:35:42.000,LOCAL,5,Always a pleasure coming here.,184,7113
1446,2025-07-26 15:14:09.000,LOCAL,5,Will definitely be back!,186,7115
1447,2025-11-10 12:12:13.000,LOCAL,5,Always a pleasure coming here.,183,7123
1448,2025-11-27 09:01:13.000,LOCAL,1,Will not return.,184,7127
1449,2026-01-11 19:17:06.000,REMOTE,2,Staff could be more attentive.,186,7134
1450,2025-05-13 12:35:47.000,LOCAL,5,Will definitely be back!,183,7139
1451,2026-03-26 21:01:28.000,REMOTE,3,Expected a bit more to be honest.,183,7140
1452,2025-09-10 11:17:33.000,LOCAL,4,"Very good, would come again.",183,7141
1453,2025-07-31 09:24:32.000,LOCAL,5,Excellent service! Highly recommended.,185,7142
1454,2025-10-05 00:35:22.000,LOCAL,3,"Decent, but could improve.",185,7145
1455,2025-08-10 23:47:01.000,REMOTE,2,Staff could be more attentive.,184,7146
1456,2025-11-30 12:41:16.000,REMOTE,1,Very poor service.,186,7149
1457,2025-10-12 23:38:46.000,LOCAL,2,Disappointing visit.,185,7153
1458,2025-08-13 01:24:48.000,LOCAL,4,Great service and friendly staff.,185,7160
1459,2025-12-13 17:14:06.000,REMOTE,5,Excellent service! Highly recommended.,186,7165
1460,2025-07-21 19:37:00.000,LOCAL,2,Product did not meet my expectations.,185,7166
1461,2025-09-10 21:41:45.000,REMOTE,5,Excellent service! Highly recommended.,184,7168
1462,2025-12-17 02:20:10.000,LOCAL,3,"Average experience, nothing special.",184,7176
1463,2026-03-11 03:13:13.000,LOCAL,5,"Best in the area, no doubt.",186,7180
1464,2026-02-20 16:08:18.000,REMOTE,1,Completely disappointed.,183,7184
1465,2026-01-30 07:10:40.000,REMOTE,3,"Average experience, nothing special.",185,7190
1466,2025-11-04 22:04:11.000,LOCAL,5,Excellent service! Highly recommended.,183,7204
1467,2026-05-06 08:51:03.000,LOCAL,5,Will definitely be back!,184,7211
1468,2025-12-14 07:12:16.000,REMOTE,5,Will definitely be back!,186,7212
1469,2025-07-17 13:42:57.000,LOCAL,5,Excellent service! Highly recommended.,183,7214
1470,2025-12-10 04:19:24.000,REMOTE,4,Happy with my visit.,186,7219
1471,2025-11-19 12:27:21.000,LOCAL,2,Service was quite slow today.,186,7224
1472,2025-11-29 05:44:51.000,REMOTE,5,"Best in the area, no doubt.",183,7228
1473,2025-10-15 23:19:45.000,REMOTE,3,OK but not outstanding.,185,7238
1474,2025-12-29 10:12:33.000,REMOTE,5,Always a pleasure coming here.,185,7240
1475,2025-07-03 05:49:56.000,LOCAL,4,Great service and friendly staff.,185,7241
1476,2026-02-06 08:22:34.000,REMOTE,5,Always a pleasure coming here.,185,7245
1477,2026-03-03 03:21:17.000,REMOTE,4,Solid experience overall.,185,7247
1478,2025-12-07 11:05:25.000,REMOTE,5,Will definitely be back!,183,7254
1479,2025-07-31 18:07:34.000,LOCAL,4,"Very good, would come again.",184,7264
1480,2025-08-20 20:46:23.000,LOCAL,4,Great service and friendly staff.,186,7267
1481,2026-03-21 23:25:00.000,LOCAL,5,"Best in the area, no doubt.",186,7269
1482,2025-12-27 07:59:50.000,LOCAL,4,Solid experience overall.,184,7276
1483,2026-02-18 16:28:28.000,REMOTE,4,Solid experience overall.,183,7279
1484,2025-11-06 07:52:53.000,LOCAL,5,Excellent service! Highly recommended.,186,7284
1485,2025-08-25 07:01:46.000,LOCAL,5,Excellent service! Highly recommended.,186,7285
1486,2026-02-11 11:50:19.000,REMOTE,5,"Best in the area, no doubt.",183,7288
1487,2026-02-03 18:44:19.000,REMOTE,4,Happy with my visit.,183,7298
1488,2025-11-29 10:43:08.000,REMOTE,2,Disappointing visit.,186,7302
1489,2025-12-12 23:07:24.000,REMOTE,4,"Very good, would come again.",184,7304
1490,2025-10-20 17:18:26.000,REMOTE,5,Excellent service! Highly recommended.,186,7305
1491,2026-02-05 04:55:46.000,LOCAL,2,Product did not meet my expectations.,183,7306
1492,2025-11-10 15:32:03.000,REMOTE,5,Will definitely be back!,185,7308
1493,2025-05-29 17:07:11.000,LOCAL,4,Great service and friendly staff.,185,7317
1494,2025-09-13 17:24:18.000,REMOTE,4,Happy with my visit.,183,7327
1495,2025-08-14 15:21:35.000,LOCAL,5,Excellent service! Highly recommended.,183,7336
1496,2025-09-23 23:38:10.000,LOCAL,5,"Best in the area, no doubt.",183,7347
1497,2025-05-29 21:45:42.000,REMOTE,5,"Best in the area, no doubt.",186,7349
1498,2026-04-05 17:44:27.000,LOCAL,5,Always a pleasure coming here.,183,7370
1499,2025-09-14 17:38:57.000,LOCAL,5,"Best in the area, no doubt.",183,7373
1500,2026-01-13 21:00:55.000,REMOTE,3,OK but not outstanding.,187,7379
1501,2025-07-18 02:33:53.000,REMOTE,5,Will definitely be back!,187,7380
1502,2025-06-16 08:49:59.000,REMOTE,5,Always a pleasure coming here.,187,7382
1503,2026-02-18 22:41:46.000,LOCAL,3,"Average experience, nothing special.",187,7390
1504,2026-03-03 15:22:01.000,REMOTE,5,Excellent service! Highly recommended.,187,7393
1505,2025-12-09 06:47:53.000,LOCAL,3,"Average experience, nothing special.",187,7396
1506,2025-08-24 16:48:23.000,LOCAL,4,Great service and friendly staff.,187,7397
1507,2025-10-14 18:03:25.000,REMOTE,4,Solid experience overall.,188,7400
1508,2026-01-02 21:30:32.000,REMOTE,4,Solid experience overall.,189,7407
1509,2025-08-21 04:37:37.000,REMOTE,5,"Best in the area, no doubt.",191,7410
1510,2026-01-15 00:57:40.000,REMOTE,5,Always a pleasure coming here.,189,7412
1511,2026-02-28 10:43:15.000,LOCAL,3,Expected a bit more to be honest.,192,7418
1512,2025-11-18 05:07:38.000,LOCAL,5,Always a pleasure coming here.,188,7423
1513,2026-04-12 14:06:07.000,REMOTE,1,Very poor service.,191,7430
1514,2025-08-08 13:39:51.000,REMOTE,3,"Average experience, nothing special.",190,7435
1515,2026-01-29 04:35:16.000,REMOTE,5,Always a pleasure coming here.,189,7442
1516,2025-06-22 14:59:54.000,LOCAL,2,Staff could be more attentive.,189,7448
1517,2025-09-20 23:37:08.000,LOCAL,3,OK but not outstanding.,192,7452
1518,2026-03-08 10:12:24.000,REMOTE,3,OK but not outstanding.,189,7455
1519,2025-10-07 05:30:42.000,REMOTE,3,Expected a bit more to be honest.,188,7459
1520,2025-08-22 08:29:20.000,REMOTE,4,Solid experience overall.,190,7460
1521,2025-07-27 10:03:19.000,REMOTE,4,Happy with my visit.,189,7463
1522,2026-03-20 22:26:14.000,LOCAL,4,"Very good, would come again.",191,7465
1523,2025-11-09 07:34:12.000,REMOTE,4,"Very good, would come again.",188,7467
1524,2025-10-22 03:22:22.000,LOCAL,3,"Decent, but could improve.",188,7470
1525,2026-02-27 21:37:58.000,LOCAL,5,Always a pleasure coming here.,188,7472
1526,2025-10-01 04:17:45.000,LOCAL,4,Great service and friendly staff.,188,7473
1527,2025-11-18 07:07:46.000,REMOTE,5,Will definitely be back!,191,7475
1528,2026-04-04 22:29:27.000,REMOTE,1,Not what I expected at all.,189,7477
1529,2025-06-17 03:59:00.000,REMOTE,3,OK but not outstanding.,190,7478
1530,2026-03-13 01:35:02.000,REMOTE,1,Will not return.,192,7492
1531,2025-08-21 15:11:02.000,LOCAL,3,"Decent, but could improve.",191,7493
1532,2025-11-29 03:09:09.000,REMOTE,5,Will definitely be back!,188,7499
1533,2025-09-12 21:02:22.000,LOCAL,5,Always a pleasure coming here.,189,7501
1534,2025-10-06 00:37:43.000,LOCAL,4,Happy with my visit.,192,7511
1535,2025-06-28 14:59:31.000,LOCAL,5,Always a pleasure coming here.,191,7513
1536,2025-10-18 12:30:07.000,LOCAL,3,"Decent, but could improve.",191,7517
1537,2025-08-04 11:32:10.000,LOCAL,5,Always a pleasure coming here.,190,7519
1538,2026-03-16 05:36:29.000,LOCAL,3,"Average experience, nothing special.",190,7525
1539,2026-01-19 01:23:51.000,LOCAL,2,Staff could be more attentive.,190,7529
1540,2025-06-26 15:57:47.000,LOCAL,1,Very poor service.,189,7531
1541,2025-08-27 12:57:06.000,REMOTE,3,OK but not outstanding.,190,7540
1542,2025-11-17 11:34:41.000,REMOTE,5,Excellent service! Highly recommended.,188,7545
1543,2025-11-23 15:51:30.000,LOCAL,3,"Average experience, nothing special.",188,7546
1544,2025-11-05 02:03:08.000,LOCAL,3,"Average experience, nothing special.",190,7558
1545,2025-12-08 23:03:13.000,LOCAL,4,Happy with my visit.,191,7561
1546,2025-09-15 03:38:21.000,REMOTE,2,Service was quite slow today.,189,7567
1547,2025-06-06 09:06:35.000,LOCAL,1,Not what I expected at all.,188,7573
1548,2025-08-19 12:46:06.000,REMOTE,4,Solid experience overall.,191,7582
1549,2025-10-04 15:03:24.000,REMOTE,5,Will definitely be back!,189,7583
1550,2025-07-08 17:32:06.000,LOCAL,2,Service was quite slow today.,189,7584
1551,2025-10-24 01:16:27.000,LOCAL,4,Solid experience overall.,189,7589
1552,2025-11-17 05:51:18.000,REMOTE,5,Always a pleasure coming here.,192,7592
1553,2025-07-11 03:35:29.000,REMOTE,1,Very poor service.,190,7594
1554,2025-06-02 08:23:06.000,LOCAL,5,"Best in the area, no doubt.",189,7598
1555,2025-07-09 09:09:02.000,LOCAL,1,Will not return.,189,7604
1556,2026-03-21 19:41:03.000,LOCAL,5,Will definitely be back!,192,7607
1557,2025-11-18 13:00:51.000,LOCAL,3,"Decent, but could improve.",191,7608
1558,2026-04-14 20:23:10.000,LOCAL,5,Always a pleasure coming here.,189,7617
1559,2026-04-23 20:39:15.000,REMOTE,5,"Best in the area, no doubt.",191,7631
1560,2025-09-24 08:52:46.000,LOCAL,5,Excellent service! Highly recommended.,193,7637
1561,2025-09-04 12:59:02.000,REMOTE,4,Solid experience overall.,193,7638
1562,2025-08-16 21:43:47.000,LOCAL,3,Expected a bit more to be honest.,194,7640
1563,2026-04-21 19:41:59.000,LOCAL,5,Will definitely be back!,193,7656
1564,2025-09-27 14:55:50.000,LOCAL,3,Expected a bit more to be honest.,193,7657
1565,2025-10-23 16:42:51.000,LOCAL,5,"Best in the area, no doubt.",193,7658
1566,2025-11-10 12:32:17.000,LOCAL,4,Solid experience overall.,193,7659
1567,2025-08-05 09:17:26.000,REMOTE,4,Solid experience overall.,194,7671
1568,2025-12-15 05:29:32.000,REMOTE,4,Solid experience overall.,194,7681
1569,2025-05-27 00:14:19.000,REMOTE,1,Completely disappointed.,194,7683
1570,2026-02-12 21:26:22.000,REMOTE,3,Expected a bit more to be honest.,193,7695
1571,2025-10-19 11:08:12.000,LOCAL,3,Expected a bit more to be honest.,193,7701
1572,2025-05-27 22:57:30.000,REMOTE,2,Disappointing visit.,193,7705
1573,2026-04-28 00:09:30.000,LOCAL,3,OK but not outstanding.,194,7707
1574,2026-01-03 19:44:20.000,LOCAL,5,Excellent service! Highly recommended.,194,7711
1575,2026-01-21 10:59:32.000,REMOTE,2,Staff could be more attentive.,194,7717
1576,2026-02-09 04:48:20.000,LOCAL,5,"Best in the area, no doubt.",193,7719
1577,2026-05-03 06:25:41.000,LOCAL,5,"Best in the area, no doubt.",194,7725
1578,2025-08-03 13:22:57.000,LOCAL,4,Happy with my visit.,194,7728
1579,2025-05-11 21:20:32.000,LOCAL,3,Expected a bit more to be honest.,193,7729
1580,2025-08-25 16:10:55.000,REMOTE,5,Will definitely be back!,193,7736
1581,2026-02-01 06:38:11.000,LOCAL,5,Excellent service! Highly recommended.,195,7737
1582,2025-05-14 12:00:20.000,REMOTE,3,OK but not outstanding.,195,7740
1583,2025-11-11 05:07:35.000,LOCAL,4,"Very good, would come again.",195,7752
1584,2025-11-01 22:51:15.000,LOCAL,3,Expected a bit more to be honest.,195,7755
1585,2026-01-26 19:05:35.000,LOCAL,5,"Best in the area, no doubt.",200,7762
1586,2025-10-08 14:47:51.000,REMOTE,3,"Decent, but could improve.",199,7763
1587,2025-07-20 01:02:45.000,REMOTE,4,"Very good, would come again.",196,7767
1588,2025-10-17 18:44:48.000,REMOTE,2,Service was quite slow today.,199,7773
1589,2025-06-12 07:56:29.000,REMOTE,4,Great service and friendly staff.,201,7779
1590,2026-02-14 12:26:14.000,LOCAL,1,Not what I expected at all.,199,7780
1591,2025-12-23 04:03:27.000,LOCAL,3,Expected a bit more to be honest.,203,7782
1592,2026-01-30 21:57:05.000,LOCAL,5,"Best in the area, no doubt.",202,7783
1593,2025-06-15 22:07:49.000,LOCAL,4,"Very good, would come again.",202,7785
1594,2026-01-25 05:05:41.000,REMOTE,5,"Best in the area, no doubt.",196,7793
1595,2025-07-27 12:08:11.000,REMOTE,4,Solid experience overall.,198,7799
1596,2025-06-15 20:52:22.000,REMOTE,4,Great service and friendly staff.,196,7802
1597,2025-09-29 08:05:50.000,LOCAL,3,"Decent, but could improve.",201,7806
1598,2026-03-05 07:04:55.000,LOCAL,4,Solid experience overall.,197,7809
1599,2026-03-18 03:40:30.000,REMOTE,3,"Decent, but could improve.",202,7812
1600,2025-06-19 03:14:30.000,REMOTE,2,Service was quite slow today.,203,7816
1601,2025-07-26 22:32:02.000,REMOTE,1,Completely disappointed.,197,7826
1602,2025-12-09 20:29:20.000,REMOTE,5,Excellent service! Highly recommended.,196,7831
1603,2026-03-14 14:26:25.000,LOCAL,4,Great service and friendly staff.,198,7832
1604,2025-08-29 21:20:38.000,LOCAL,4,Happy with my visit.,203,7833
1605,2025-12-31 19:31:49.000,REMOTE,4,Solid experience overall.,198,7838
1606,2025-08-01 21:48:26.000,REMOTE,5,"Best in the area, no doubt.",196,7861
1607,2026-04-23 05:06:06.000,LOCAL,2,Product did not meet my expectations.,202,7865
1608,2025-12-27 11:39:23.000,REMOTE,4,"Very good, would come again.",198,7872
1609,2025-09-11 09:38:57.000,LOCAL,5,"Best in the area, no doubt.",201,7890
1610,2025-11-16 13:51:47.000,LOCAL,5,Always a pleasure coming here.,200,7907
1611,2026-03-25 13:37:39.000,REMOTE,4,Solid experience overall.,197,7912
1612,2025-05-16 00:20:58.000,LOCAL,4,Happy with my visit.,200,7918
1613,2025-08-29 21:03:10.000,REMOTE,4,"Very good, would come again.",203,7921
1614,2025-08-18 05:58:08.000,REMOTE,1,Not what I expected at all.,200,7922
1615,2026-02-16 13:06:45.000,REMOTE,3,OK but not outstanding.,197,7928
1616,2026-03-01 06:51:27.000,LOCAL,5,Will definitely be back!,197,7929
1617,2025-07-13 21:27:18.000,REMOTE,5,Will definitely be back!,203,7937
1618,2026-03-20 13:07:16.000,REMOTE,2,Staff could be more attentive.,203,7944
1619,2025-07-16 05:55:09.000,LOCAL,5,"Best in the area, no doubt.",203,7955
1620,2026-04-04 19:14:37.000,LOCAL,5,"Best in the area, no doubt.",199,7962
1621,2025-07-20 23:32:35.000,REMOTE,3,OK but not outstanding.,203,7965
1622,2025-08-22 14:02:06.000,LOCAL,2,Product did not meet my expectations.,196,7969
1623,2026-05-05 14:49:00.000,REMOTE,3,"Decent, but could improve.",196,7970
1624,2025-07-30 07:21:23.000,LOCAL,5,Excellent service! Highly recommended.,196,7977
1625,2025-08-24 00:09:00.000,LOCAL,5,Always a pleasure coming here.,200,7979
1626,2025-08-09 21:34:40.000,LOCAL,5,Excellent service! Highly recommended.,202,7980
1627,2025-11-21 16:59:52.000,REMOTE,5,Excellent service! Highly recommended.,197,7987
1628,2025-06-06 19:27:12.000,REMOTE,5,Excellent service! Highly recommended.,196,7988
1629,2025-05-12 15:35:13.000,REMOTE,5,Excellent service! Highly recommended.,201,7992
1630,2025-07-17 03:18:28.000,REMOTE,2,Service was quite slow today.,203,8000
1631,2025-07-27 16:02:37.000,LOCAL,4,"Very good, would come again.",202,8012
1632,2025-06-16 20:20:52.000,LOCAL,1,Completely disappointed.,199,8013
1633,2025-11-07 04:43:21.000,LOCAL,2,Staff could be more attentive.,197,8023
1634,2025-09-11 05:12:10.000,REMOTE,4,Great service and friendly staff.,199,8035
1635,2025-08-29 13:47:47.000,REMOTE,3,OK but not outstanding.,197,8052
1636,2025-09-24 02:49:11.000,LOCAL,5,Excellent service! Highly recommended.,201,8057
1637,2025-11-30 09:44:10.000,LOCAL,4,Happy with my visit.,201,8075
1638,2025-12-10 07:34:02.000,LOCAL,4,Happy with my visit.,201,8076
1639,2025-11-14 10:52:18.000,LOCAL,4,Great service and friendly staff.,203,8077
1640,2025-07-23 16:46:46.000,REMOTE,4,Solid experience overall.,196,8086
1641,2025-06-07 20:13:09.000,REMOTE,5,"Best in the area, no doubt.",202,8090
1642,2025-10-22 12:51:11.000,REMOTE,5,"Best in the area, no doubt.",205,8091
1643,2025-05-25 22:35:49.000,REMOTE,5,"Best in the area, no doubt.",206,8103
1644,2025-05-28 17:21:27.000,REMOTE,5,Always a pleasure coming here.,204,8110
1645,2026-02-08 15:47:34.000,REMOTE,2,Disappointing visit.,206,8115
1646,2025-10-07 00:13:39.000,LOCAL,4,Great service and friendly staff.,206,8116
1647,2026-03-01 23:59:04.000,LOCAL,3,Expected a bit more to be honest.,204,8117
1648,2026-01-16 04:51:02.000,LOCAL,3,"Average experience, nothing special.",205,8119
1649,2025-12-09 05:50:18.000,REMOTE,3,OK but not outstanding.,204,8122
1650,2025-09-23 14:40:14.000,REMOTE,5,Will definitely be back!,204,8124
1651,2025-07-01 07:39:10.000,LOCAL,2,Disappointing visit.,205,8127
1652,2026-03-30 01:14:04.000,LOCAL,3,Expected a bit more to be honest.,204,8132
1653,2026-03-29 02:50:07.000,LOCAL,5,Excellent service! Highly recommended.,205,8137
1654,2025-06-03 07:20:13.000,REMOTE,5,Will definitely be back!,204,8141
1655,2025-08-18 12:36:07.000,LOCAL,3,OK but not outstanding.,204,8142
1656,2026-03-04 13:56:46.000,REMOTE,3,"Average experience, nothing special.",205,8151
1657,2025-05-24 13:39:35.000,LOCAL,5,Excellent service! Highly recommended.,206,8153
1658,2026-03-25 13:10:13.000,LOCAL,3,"Average experience, nothing special.",204,8154
1659,2025-05-17 07:51:39.000,LOCAL,4,Solid experience overall.,205,8162
1660,2026-04-15 09:30:32.000,LOCAL,4,Solid experience overall.,204,8169
1661,2026-03-30 17:53:11.000,REMOTE,5,Excellent service! Highly recommended.,205,8175
1662,2025-10-18 18:39:56.000,REMOTE,3,OK but not outstanding.,205,8188
1663,2026-02-07 18:01:25.000,LOCAL,4,Solid experience overall.,204,8189
1664,2025-06-18 11:18:12.000,REMOTE,1,Will not return.,205,8195
1665,2025-06-02 15:40:14.000,LOCAL,3,"Average experience, nothing special.",205,8197
1666,2025-09-19 08:46:34.000,REMOTE,2,Staff could be more attentive.,204,8200
1667,2025-11-20 02:06:29.000,LOCAL,4,"Very good, would come again.",206,8203
1668,2025-12-29 07:33:39.000,REMOTE,5,Excellent service! Highly recommended.,204,8204
1669,2025-09-14 11:01:42.000,LOCAL,4,Great service and friendly staff.,204,8214
1670,2025-10-07 06:14:01.000,REMOTE,5,Will definitely be back!,204,8215
1671,2026-04-26 11:25:13.000,REMOTE,3,"Average experience, nothing special.",207,8228
1672,2026-04-19 23:44:41.000,LOCAL,3,Expected a bit more to be honest.,207,8231
1673,2025-07-27 16:47:38.000,LOCAL,1,Very poor service.,208,8235
1674,2025-12-26 17:45:34.000,REMOTE,4,"Very good, would come again.",207,8240
1675,2025-10-21 03:00:02.000,LOCAL,5,Excellent service! Highly recommended.,207,8242
1676,2026-04-12 11:30:27.000,REMOTE,3,Expected a bit more to be honest.,208,8243
1677,2025-10-12 19:46:03.000,LOCAL,5,Will definitely be back!,208,8248
1678,2025-08-19 02:29:07.000,REMOTE,2,Staff could be more attentive.,207,8257
1679,2025-11-16 21:46:39.000,LOCAL,4,"Very good, would come again.",209,8261
1680,2026-04-21 21:53:57.000,REMOTE,5,Will definitely be back!,209,8263
1681,2025-11-14 03:51:41.000,LOCAL,2,Service was quite slow today.,209,8264
1682,2026-03-15 23:56:25.000,REMOTE,2,Disappointing visit.,209,8268
1683,2026-04-20 17:23:30.000,REMOTE,3,"Average experience, nothing special.",209,8277
1684,2025-07-25 15:58:16.000,LOCAL,3,"Decent, but could improve.",209,8278
1685,2025-05-23 16:56:53.000,LOCAL,3,OK but not outstanding.,209,8294
1686,2026-02-18 06:31:43.000,LOCAL,4,Great service and friendly staff.,209,8295
1687,2025-07-29 01:25:53.000,LOCAL,5,"Best in the area, no doubt.",210,8300
1688,2025-07-09 18:23:52.000,LOCAL,5,Excellent service! Highly recommended.,210,8311
1689,2025-07-06 06:30:31.000,LOCAL,4,Great service and friendly staff.,210,8316
1690,2026-03-02 12:34:48.000,REMOTE,5,Excellent service! Highly recommended.,210,8317
1691,2026-02-20 11:11:52.000,REMOTE,5,"Best in the area, no doubt.",210,8324
1692,2025-08-05 10:00:39.000,LOCAL,4,Great service and friendly staff.,210,8333
1693,2026-04-10 15:01:20.000,LOCAL,3,OK but not outstanding.,210,8343
1694,2026-01-02 04:37:54.000,LOCAL,5,"Best in the area, no doubt.",210,8346
1695,2025-10-31 16:35:21.000,LOCAL,5,Excellent service! Highly recommended.,211,8348
1696,2025-07-13 19:09:34.000,REMOTE,5,"Best in the area, no doubt.",211,8363
1697,2025-12-24 22:35:57.000,REMOTE,3,"Decent, but could improve.",211,8375
1698,2026-04-27 05:12:51.000,REMOTE,1,Completely disappointed.,211,8376
1699,2025-08-12 07:25:19.000,LOCAL,3,Expected a bit more to be honest.,211,8379
1700,2025-09-20 19:04:08.000,LOCAL,3,"Average experience, nothing special.",211,8380
1701,2025-10-18 02:30:03.000,LOCAL,3,OK but not outstanding.,213,8381
1702,2026-02-23 06:49:26.000,LOCAL,4,Great service and friendly staff.,212,8387
1703,2025-06-29 16:30:56.000,REMOTE,1,Not what I expected at all.,212,8389
1704,2025-08-19 22:09:08.000,REMOTE,2,Disappointing visit.,212,8406
1705,2026-02-15 03:28:52.000,LOCAL,3,OK but not outstanding.,212,8414
1706,2026-01-20 18:54:08.000,REMOTE,5,Excellent service! Highly recommended.,214,8422
1707,2025-11-29 21:58:21.000,REMOTE,3,OK but not outstanding.,214,8446
1708,2026-01-20 04:42:52.000,LOCAL,5,Excellent service! Highly recommended.,213,8447
1709,2026-04-19 09:31:27.000,REMOTE,4,Great service and friendly staff.,214,8450
1710,2025-11-23 04:35:17.000,LOCAL,1,Not what I expected at all.,212,8455
1711,2025-06-11 10:10:17.000,REMOTE,2,Service was quite slow today.,212,8465
1712,2026-04-07 10:03:33.000,LOCAL,5,"Best in the area, no doubt.",214,8472
1713,2025-09-13 19:30:39.000,LOCAL,3,Expected a bit more to be honest.,213,8474
1714,2025-07-08 09:42:31.000,LOCAL,4,Happy with my visit.,212,8479
1715,2026-01-02 04:17:42.000,REMOTE,3,"Decent, but could improve.",212,8480
1716,2025-06-17 04:51:06.000,REMOTE,4,"Very good, would come again.",212,8481
1717,2026-01-12 08:29:51.000,REMOTE,5,Will definitely be back!,214,8487
1718,2025-06-15 05:17:44.000,REMOTE,5,Always a pleasure coming here.,213,8488
1719,2025-06-14 19:44:54.000,LOCAL,4,Great service and friendly staff.,213,8490
1720,2025-12-26 02:02:34.000,LOCAL,3,"Average experience, nothing special.",214,8492
1721,2025-05-17 01:43:28.000,LOCAL,4,"Very good, would come again.",215,8508
1722,2025-08-12 04:38:46.000,LOCAL,4,"Very good, would come again.",215,8509
1723,2026-03-25 18:54:59.000,LOCAL,5,Excellent service! Highly recommended.,215,8510
1724,2025-08-17 23:23:18.000,LOCAL,3,"Average experience, nothing special.",215,8518
1725,2025-06-13 18:29:05.000,REMOTE,2,Product did not meet my expectations.,215,8523
1726,2025-09-13 18:16:54.000,LOCAL,3,"Decent, but could improve.",217,8526
1727,2025-08-07 15:45:37.000,LOCAL,5,"Best in the area, no doubt.",216,8527
1728,2026-03-25 17:07:22.000,REMOTE,5,Excellent service! Highly recommended.,218,8530
1729,2026-04-22 09:59:59.000,LOCAL,5,Always a pleasure coming here.,218,8532
1730,2025-05-28 08:38:27.000,REMOTE,1,Will not return.,217,8534
1731,2026-02-14 13:18:54.000,LOCAL,5,Will definitely be back!,217,8536
1732,2025-09-03 07:30:52.000,LOCAL,5,"Best in the area, no doubt.",216,8537
1733,2025-12-24 20:26:59.000,REMOTE,5,Will definitely be back!,216,8540
1734,2025-09-22 09:16:07.000,REMOTE,5,Excellent service! Highly recommended.,217,8542
1735,2025-05-16 00:27:25.000,LOCAL,1,Will not return.,217,8543
1736,2025-08-05 23:01:40.000,REMOTE,4,Happy with my visit.,218,8545
1737,2026-04-06 05:50:00.000,LOCAL,5,Will definitely be back!,218,8553
1738,2025-12-25 08:06:14.000,LOCAL,5,Excellent service! Highly recommended.,216,8558
1739,2025-11-16 18:47:21.000,REMOTE,3,"Average experience, nothing special.",216,8572
1740,2025-06-02 13:41:05.000,REMOTE,5,Always a pleasure coming here.,216,8574
1741,2025-07-23 01:51:20.000,LOCAL,5,Always a pleasure coming here.,216,8575
1742,2026-04-07 15:15:18.000,REMOTE,3,"Decent, but could improve.",216,8576
1743,2025-06-17 19:33:27.000,LOCAL,4,Happy with my visit.,218,8578
1744,2025-10-20 11:09:53.000,REMOTE,3,"Decent, but could improve.",218,8587
1745,2026-01-03 21:15:53.000,REMOTE,5,"Best in the area, no doubt.",216,8594
1746,2026-04-27 18:42:24.000,LOCAL,5,Always a pleasure coming here.,217,8600
1747,2025-12-21 02:32:24.000,LOCAL,5,Will definitely be back!,218,8602
1748,2025-10-10 16:34:25.000,LOCAL,4,Great service and friendly staff.,216,8603
1749,2025-12-08 01:50:12.000,LOCAL,5,Will definitely be back!,217,8607
1750,2026-03-02 10:16:17.000,LOCAL,4,Great service and friendly staff.,217,8611
1751,2025-07-30 02:49:50.000,LOCAL,5,"Best in the area, no doubt.",217,8614
1752,2025-05-09 16:20:14.000,REMOTE,5,Always a pleasure coming here.,218,8616
1753,2025-09-04 07:31:58.000,REMOTE,4,Happy with my visit.,216,8617
1754,2025-05-11 09:21:46.000,LOCAL,4,Solid experience overall.,218,8622
1755,2025-07-30 15:18:36.000,LOCAL,5,Will definitely be back!,218,8640
1756,2025-11-14 14:20:50.000,REMOTE,5,"Best in the area, no doubt.",220,8647
1757,2025-06-25 15:00:25.000,REMOTE,2,Staff could be more attentive.,219,8649
1758,2025-07-16 09:36:45.000,LOCAL,4,Great service and friendly staff.,220,8653
1759,2026-01-02 09:42:40.000,REMOTE,2,Service was quite slow today.,223,8654
1760,2025-10-31 18:05:07.000,REMOTE,3,Expected a bit more to be honest.,219,8655
1761,2025-12-07 02:46:28.000,REMOTE,3,Expected a bit more to be honest.,223,8656
1762,2025-07-09 08:15:01.000,REMOTE,5,"Best in the area, no doubt.",219,8659
1763,2026-01-21 06:25:13.000,LOCAL,5,"Best in the area, no doubt.",223,8661
1764,2026-04-23 05:37:04.000,LOCAL,4,"Very good, would come again.",223,8668
1765,2025-10-04 00:01:14.000,REMOTE,1,Will not return.,221,8675
1766,2025-06-14 08:13:37.000,REMOTE,4,Solid experience overall.,219,8685
1767,2025-08-26 19:12:51.000,REMOTE,4,Great service and friendly staff.,221,8690
1768,2025-12-08 13:05:02.000,REMOTE,3,"Decent, but could improve.",221,8698
1769,2025-12-21 14:56:15.000,REMOTE,5,Will definitely be back!,221,8699
1770,2025-07-11 13:12:23.000,LOCAL,5,Excellent service! Highly recommended.,220,8701
1771,2025-06-11 18:40:32.000,REMOTE,5,Excellent service! Highly recommended.,223,8711
1772,2025-11-01 18:42:11.000,REMOTE,3,"Decent, but could improve.",221,8712
1773,2026-03-14 19:48:00.000,LOCAL,5,"Best in the area, no doubt.",221,8719
1774,2025-07-31 01:22:49.000,LOCAL,4,Happy with my visit.,219,8721
1775,2025-11-17 06:59:30.000,REMOTE,1,Will not return.,223,8732
1776,2025-08-17 12:59:40.000,REMOTE,5,"Best in the area, no doubt.",219,8733
1777,2025-08-17 17:15:52.000,REMOTE,4,Solid experience overall.,219,8738
1778,2025-08-26 20:06:53.000,REMOTE,5,"Best in the area, no doubt.",220,8739
1779,2026-02-15 20:53:47.000,LOCAL,5,Excellent service! Highly recommended.,221,8741
1780,2025-08-02 12:52:36.000,LOCAL,5,Always a pleasure coming here.,219,8764
1781,2025-12-18 23:11:08.000,REMOTE,5,Always a pleasure coming here.,221,8772
1782,2026-03-13 23:12:59.000,LOCAL,5,Will definitely be back!,219,8773
1783,2025-12-19 22:36:09.000,REMOTE,1,Very poor service.,223,8775
1784,2025-12-29 22:36:31.000,REMOTE,3,"Decent, but could improve.",220,8780
1785,2025-05-10 17:15:07.000,REMOTE,5,Always a pleasure coming here.,221,8784
1786,2025-05-14 02:07:25.000,REMOTE,2,Service was quite slow today.,221,8788
1787,2025-09-27 20:28:17.000,REMOTE,4,Great service and friendly staff.,221,8789
1788,2025-05-13 19:56:31.000,LOCAL,5,Excellent service! Highly recommended.,219,8790
1789,2025-10-02 09:51:54.000,LOCAL,1,Will not return.,219,8792
1790,2025-09-28 18:45:48.000,REMOTE,4,Happy with my visit.,222,8793
1791,2025-10-16 16:39:55.000,LOCAL,2,Product did not meet my expectations.,223,8796
1792,2026-04-01 21:13:33.000,LOCAL,4,Solid experience overall.,222,8801
1793,2025-10-18 15:56:25.000,LOCAL,5,Excellent service! Highly recommended.,222,8804
1794,2025-05-26 05:45:16.000,REMOTE,3,"Decent, but could improve.",221,8805
1795,2025-07-31 01:24:06.000,REMOTE,3,"Average experience, nothing special.",221,8811
1796,2026-03-18 12:25:01.000,LOCAL,4,Great service and friendly staff.,223,8814
1797,2026-04-13 06:19:23.000,REMOTE,3,Expected a bit more to be honest.,219,8838
1798,2025-11-23 14:32:54.000,REMOTE,4,Solid experience overall.,220,8841
1799,2025-08-08 13:08:32.000,LOCAL,2,Staff could be more attentive.,219,8845
1800,2026-03-29 07:38:52.000,LOCAL,3,"Decent, but could improve.",219,8848
1801,2025-11-30 12:10:36.000,LOCAL,5,"Best in the area, no doubt.",220,8867
1802,2026-01-08 18:53:41.000,REMOTE,1,Will not return.,222,8873
1803,2025-05-12 08:56:42.000,REMOTE,5,Always a pleasure coming here.,223,8878
1804,2026-02-01 08:43:00.000,LOCAL,5,Will definitely be back!,219,8883
1805,2026-04-14 23:42:31.000,LOCAL,2,Staff could be more attentive.,223,8893
1806,2025-08-07 02:19:49.000,REMOTE,4,Happy with my visit.,220,8896
1807,2026-03-24 05:07:44.000,REMOTE,3,OK but not outstanding.,222,8904
1808,2025-10-04 12:17:04.000,LOCAL,5,Excellent service! Highly recommended.,223,8905
1809,2025-12-02 08:09:52.000,REMOTE,3,"Average experience, nothing special.",221,8912
1810,2025-05-11 21:25:54.000,LOCAL,3,"Decent, but could improve.",222,8917
1811,2025-09-04 23:03:39.000,LOCAL,2,Disappointing visit.,222,8918
1812,2025-12-12 06:15:18.000,REMOTE,5,Always a pleasure coming here.,219,8923
1813,2026-03-25 21:38:01.000,LOCAL,5,"Best in the area, no doubt.",220,8925
1814,2025-10-17 21:30:31.000,LOCAL,1,Will not return.,223,8927
1815,2025-12-26 07:38:30.000,LOCAL,5,Will definitely be back!,222,8933
1816,2025-12-09 21:45:56.000,LOCAL,1,Very poor service.,222,8934
1817,2026-02-27 03:33:27.000,REMOTE,2,Product did not meet my expectations.,221,8936
1818,2026-05-07 21:20:13.000,LOCAL,4,"Very good, would come again.",223,8950
1819,2025-05-23 03:14:00.000,REMOTE,4,"Very good, would come again.",223,8953
1820,2025-07-06 07:09:36.000,LOCAL,4,"Very good, would come again.",222,8954
1821,2026-04-05 02:28:40.000,REMOTE,4,"Very good, would come again.",223,8955
1822,2026-04-08 13:57:38.000,LOCAL,4,Solid experience overall.,222,8962
1823,2025-08-26 17:08:59.000,LOCAL,5,Excellent service! Highly recommended.,221,8967
1824,2026-05-02 12:04:48.000,REMOTE,2,Staff could be more attentive.,222,8972
1825,2025-11-07 19:10:32.000,LOCAL,5,"Best in the area, no doubt.",223,8974
1826,2025-07-31 06:07:03.000,REMOTE,4,Great service and friendly staff.,222,8977
1827,2026-01-04 14:37:30.000,REMOTE,4,Happy with my visit.,223,8978
1828,2025-06-10 11:53:26.000,REMOTE,5,Excellent service! Highly recommended.,222,8981
1829,2025-06-09 00:42:21.000,REMOTE,4,"Very good, would come again.",223,8986
1830,2025-12-04 00:18:45.000,LOCAL,5,Always a pleasure coming here.,225,8995
1831,2026-01-12 21:55:51.000,LOCAL,4,Great service and friendly staff.,224,8997
1832,2026-04-03 04:42:03.000,REMOTE,5,Excellent service! Highly recommended.,225,9000
1833,2026-01-30 11:18:30.000,REMOTE,4,Great service and friendly staff.,224,9008
1834,2026-01-25 06:59:31.000,LOCAL,3,Expected a bit more to be honest.,226,9030
1835,2025-11-22 11:04:50.000,LOCAL,4,Happy with my visit.,227,9035
1836,2026-04-15 21:02:02.000,LOCAL,4,Happy with my visit.,228,9045
1837,2026-01-19 02:58:59.000,LOCAL,3,Expected a bit more to be honest.,227,9054
1838,2026-01-28 16:03:27.000,REMOTE,5,"Best in the area, no doubt.",226,9059
1839,2025-05-29 21:59:17.000,LOCAL,4,Great service and friendly staff.,226,9063
1840,2026-02-24 04:31:47.000,REMOTE,4,"Very good, would come again.",226,9068
1841,2025-06-07 12:42:56.000,LOCAL,5,Always a pleasure coming here.,227,9074
1842,2026-03-19 23:37:53.000,REMOTE,3,OK but not outstanding.,230,9078
1843,2025-10-13 10:06:07.000,LOCAL,1,Completely disappointed.,229,9085
1844,2025-10-08 17:00:35.000,LOCAL,5,Excellent service! Highly recommended.,229,9097
1845,2026-03-29 14:49:07.000,REMOTE,4,Great service and friendly staff.,232,9103
1846,2025-10-30 18:46:19.000,REMOTE,4,"Very good, would come again.",233,9105
1847,2026-03-08 15:24:42.000,REMOTE,4,"Very good, would come again.",232,9107
1848,2026-02-19 19:38:27.000,LOCAL,5,"Best in the area, no doubt.",232,9120
1849,2025-08-20 18:21:57.000,LOCAL,4,"Very good, would come again.",233,9137
1850,2025-06-18 02:32:32.000,REMOTE,4,Solid experience overall.,234,9149
1851,2025-10-10 19:34:40.000,LOCAL,5,Will definitely be back!,234,9152
1852,2025-11-04 12:00:19.000,REMOTE,5,"Best in the area, no doubt.",233,9155
1853,2025-08-11 09:25:26.000,LOCAL,5,Excellent service! Highly recommended.,231,9165
1854,2025-09-18 12:23:52.000,REMOTE,4,Happy with my visit.,234,9168
1855,2025-11-29 07:11:41.000,LOCAL,5,Excellent service! Highly recommended.,232,9171
1856,2026-03-11 03:47:07.000,REMOTE,3,OK but not outstanding.,234,9177
1857,2025-05-19 06:25:46.000,REMOTE,4,Solid experience overall.,233,9184
1858,2026-03-12 08:08:13.000,LOCAL,5,Will definitely be back!,231,9185
1859,2025-12-28 03:00:17.000,REMOTE,4,Happy with my visit.,231,9188
1860,2026-04-09 06:52:16.000,LOCAL,5,Will definitely be back!,234,9189
1861,2025-05-27 09:44:59.000,REMOTE,2,Service was quite slow today.,233,9198
1862,2025-10-09 15:09:49.000,REMOTE,4,Great service and friendly staff.,232,9203
1863,2025-05-24 06:16:33.000,REMOTE,3,"Decent, but could improve.",234,9207
1864,2026-03-13 18:59:03.000,LOCAL,5,Will definitely be back!,231,9210
1865,2026-02-19 15:58:58.000,REMOTE,4,Great service and friendly staff.,232,9216
1866,2025-12-02 19:14:26.000,LOCAL,5,"Best in the area, no doubt.",240,9219
1867,2025-10-19 20:13:03.000,LOCAL,3,Expected a bit more to be honest.,237,9220
1868,2025-07-08 00:34:50.000,LOCAL,5,Will definitely be back!,240,9221
1869,2026-02-09 00:57:43.000,REMOTE,3,OK but not outstanding.,240,9222
1870,2025-06-15 10:13:04.000,REMOTE,2,Disappointing visit.,235,9228
1871,2026-02-02 12:55:09.000,REMOTE,2,Product did not meet my expectations.,240,9237
1872,2026-01-01 09:45:43.000,LOCAL,4,"Very good, would come again.",239,9239
1873,2025-12-26 11:20:05.000,REMOTE,5,Excellent service! Highly recommended.,240,9242
1874,2025-05-16 22:59:28.000,LOCAL,4,Happy with my visit.,239,9251
1875,2025-07-29 02:18:37.000,REMOTE,5,Excellent service! Highly recommended.,240,9256
1876,2026-01-13 13:39:57.000,REMOTE,4,"Very good, would come again.",235,9260
1877,2025-07-01 20:39:09.000,LOCAL,5,Excellent service! Highly recommended.,237,9271
1878,2025-05-28 19:22:49.000,LOCAL,4,Happy with my visit.,238,9272
1879,2026-01-17 16:11:03.000,REMOTE,5,Will definitely be back!,241,9278
1880,2025-12-05 04:04:13.000,LOCAL,4,"Very good, would come again.",239,9280
1881,2025-05-14 11:42:47.000,REMOTE,1,Completely disappointed.,241,9291
1882,2025-12-13 18:39:57.000,REMOTE,5,Will definitely be back!,240,9293
1883,2025-06-24 10:49:03.000,REMOTE,4,Solid experience overall.,237,9295
1884,2025-09-12 07:24:19.000,LOCAL,5,Always a pleasure coming here.,239,9297
1885,2026-04-11 04:24:27.000,LOCAL,5,Will definitely be back!,238,9300
1886,2025-11-24 04:04:11.000,LOCAL,2,Service was quite slow today.,239,9304
1887,2026-04-19 10:00:09.000,REMOTE,4,Great service and friendly staff.,235,9308
1888,2025-08-01 14:49:55.000,LOCAL,5,"Best in the area, no doubt.",240,9311
1889,2025-09-19 04:56:37.000,REMOTE,4,Happy with my visit.,237,9313
1890,2025-08-12 06:55:45.000,LOCAL,5,Will definitely be back!,240,9318
1891,2025-07-17 23:05:36.000,REMOTE,2,Product did not meet my expectations.,240,9341
1892,2026-01-09 11:09:51.000,LOCAL,5,Always a pleasure coming here.,238,9344
1893,2025-07-07 22:15:41.000,LOCAL,3,OK but not outstanding.,238,9346
1894,2025-09-02 00:08:33.000,REMOTE,3,Expected a bit more to be honest.,239,9351
1895,2026-03-26 09:46:18.000,LOCAL,3,OK but not outstanding.,241,9352
1896,2026-02-05 07:21:20.000,LOCAL,3,"Decent, but could improve.",236,9355
1897,2025-07-31 17:54:13.000,LOCAL,3,"Decent, but could improve.",240,9363
1898,2025-07-09 06:10:53.000,REMOTE,4,Happy with my visit.,235,9372
1899,2025-05-14 11:01:21.000,LOCAL,4,"Very good, would come again.",238,9379
1900,2026-01-20 13:18:33.000,LOCAL,5,Always a pleasure coming here.,236,9382
1901,2025-12-09 17:14:36.000,LOCAL,4,Happy with my visit.,241,9389
1902,2025-11-29 13:02:46.000,LOCAL,5,Excellent service! Highly recommended.,238,9391
1903,2025-09-22 09:00:39.000,REMOTE,4,Happy with my visit.,241,9408
1904,2026-01-14 16:40:14.000,LOCAL,3,"Decent, but could improve.",236,9412
1905,2026-04-11 07:59:31.000,LOCAL,5,Always a pleasure coming here.,235,9414
1906,2025-11-05 23:54:35.000,LOCAL,2,Disappointing visit.,235,9421
1907,2025-10-01 13:53:48.000,LOCAL,4,Solid experience overall.,235,9424
1908,2025-06-07 18:57:07.000,REMOTE,5,Excellent service! Highly recommended.,238,9429
1909,2025-10-21 09:34:31.000,REMOTE,1,Not what I expected at all.,239,9431
1910,2025-08-21 08:40:00.000,REMOTE,5,Always a pleasure coming here.,240,9432
1911,2025-06-14 09:13:29.000,LOCAL,2,Disappointing visit.,236,9433
1912,2026-02-19 03:47:33.000,REMOTE,4,Solid experience overall.,239,9436
1913,2025-09-08 10:11:31.000,LOCAL,5,Will definitely be back!,235,9444
1914,2025-07-27 18:44:47.000,REMOTE,2,Staff could be more attentive.,235,9454
1915,2025-10-13 13:04:04.000,LOCAL,5,"Best in the area, no doubt.",235,9456
1916,2026-01-21 02:18:00.000,LOCAL,5,Always a pleasure coming here.,239,9457
1917,2026-04-16 01:35:08.000,LOCAL,5,Will definitely be back!,236,9464
1918,2025-08-09 15:34:13.000,REMOTE,1,Very poor service.,240,9469
1919,2026-04-10 07:58:14.000,REMOTE,4,"Very good, would come again.",242,9479
1920,2025-11-28 09:46:54.000,REMOTE,2,Service was quite slow today.,242,9480
1921,2026-04-23 07:24:47.000,LOCAL,4,Solid experience overall.,242,9483
1922,2025-07-05 18:59:18.000,LOCAL,2,Disappointing visit.,242,9485
1923,2026-01-10 10:45:00.000,REMOTE,2,Disappointing visit.,242,9489
1924,2025-07-18 09:03:57.000,REMOTE,4,Great service and friendly staff.,242,9500
1925,2025-11-20 22:10:08.000,REMOTE,4,Great service and friendly staff.,242,9501
1926,2026-01-22 19:19:14.000,LOCAL,3,Expected a bit more to be honest.,242,9507
1927,2026-02-03 22:45:58.000,REMOTE,5,Excellent service! Highly recommended.,244,9530
1928,2025-05-25 16:25:08.000,REMOTE,3,"Average experience, nothing special.",244,9533
1929,2026-02-15 12:08:27.000,REMOTE,4,"Very good, would come again.",243,9534
1930,2025-07-30 16:52:58.000,REMOTE,5,Excellent service! Highly recommended.,244,9538
1931,2025-10-25 23:34:36.000,REMOTE,4,Solid experience overall.,244,9539
1932,2025-12-14 15:13:48.000,LOCAL,5,Will definitely be back!,244,9542
1933,2025-10-13 02:50:51.000,LOCAL,4,Solid experience overall.,244,9552
1934,2025-11-10 10:40:27.000,LOCAL,2,Product did not meet my expectations.,246,9574
1935,2025-08-18 05:52:39.000,REMOTE,1,Very poor service.,247,9584
1936,2026-03-21 21:18:38.000,LOCAL,5,Excellent service! Highly recommended.,248,9585
1937,2025-07-24 11:00:57.000,LOCAL,3,"Decent, but could improve.",248,9587
1938,2026-02-25 15:26:36.000,LOCAL,5,Always a pleasure coming here.,246,9593
1939,2026-04-28 23:26:46.000,LOCAL,5,Excellent service! Highly recommended.,246,9604
1940,2025-09-15 11:38:37.000,LOCAL,4,Happy with my visit.,246,9605
1941,2026-04-01 01:43:42.000,LOCAL,4,Solid experience overall.,246,9616
1942,2025-10-02 12:28:41.000,REMOTE,4,Great service and friendly staff.,246,9627
1943,2026-03-07 17:49:14.000,REMOTE,4,Solid experience overall.,249,9629
1944,2025-11-29 12:37:16.000,LOCAL,3,"Average experience, nothing special.",250,9637
1945,2025-07-08 21:25:58.000,LOCAL,5,Excellent service! Highly recommended.,250,9638
1946,2026-02-14 08:42:58.000,LOCAL,5,Always a pleasure coming here.,250,9641
1947,2026-02-19 12:57:24.000,LOCAL,1,Very poor service.,251,9647
1948,2025-10-30 05:29:05.000,LOCAL,4,"Very good, would come again.",250,9658
1949,2026-02-12 04:39:59.000,REMOTE,3,Expected a bit more to be honest.,251,9659
1950,2025-07-07 13:18:06.000,LOCAL,4,"Very good, would come again.",250,9661
1951,2026-02-21 14:42:50.000,LOCAL,5,Will definitely be back!,251,9663
1952,2025-11-19 00:24:21.000,LOCAL,2,Staff could be more attentive.,251,9664
1953,2025-08-06 16:10:27.000,REMOTE,4,Solid experience overall.,251,9665
1954,2025-08-30 13:32:31.000,LOCAL,4,"Very good, would come again.",250,9666
1955,2025-10-10 03:05:42.000,REMOTE,3,Expected a bit more to be honest.,250,9671
1956,2025-12-12 03:59:16.000,LOCAL,5,Will definitely be back!,249,9678
1957,2025-06-18 01:07:36.000,REMOTE,5,Will definitely be back!,251,9679
1958,2025-11-18 00:03:02.000,LOCAL,5,Will definitely be back!,251,9681
1959,2026-02-28 09:52:46.000,REMOTE,4,Happy with my visit.,251,9695
1960,2025-11-08 23:37:12.000,REMOTE,1,Not what I expected at all.,250,9701
1961,2026-03-08 10:02:36.000,LOCAL,5,Will definitely be back!,250,9706
1962,2026-04-26 05:13:55.000,REMOTE,5,Always a pleasure coming here.,250,9708
1963,2025-06-07 18:34:02.000,REMOTE,2,Service was quite slow today.,251,9719
1964,2025-09-02 22:49:53.000,REMOTE,4,Great service and friendly staff.,249,9723
1965,2025-10-29 02:03:07.000,REMOTE,3,"Decent, but could improve.",250,9725
1966,2025-06-04 20:37:19.000,LOCAL,5,Always a pleasure coming here.,252,9726
1967,2025-08-01 15:03:51.000,REMOTE,3,"Decent, but could improve.",253,9728
1968,2026-04-27 13:19:26.000,LOCAL,5,Always a pleasure coming here.,253,9731
1969,2025-12-31 19:04:44.000,LOCAL,5,Will definitely be back!,253,9736
1970,2025-10-21 13:10:02.000,LOCAL,2,Disappointing visit.,254,9740
1971,2026-04-20 02:17:31.000,REMOTE,4,Great service and friendly staff.,253,9741
1972,2026-03-18 01:20:05.000,REMOTE,4,Happy with my visit.,252,9750
1973,2025-09-07 06:15:15.000,REMOTE,1,Very poor service.,253,9753
1974,2025-07-20 05:12:26.000,LOCAL,5,Will definitely be back!,254,9756
1975,2025-07-23 21:40:36.000,REMOTE,5,Will definitely be back!,252,9757
1976,2026-04-15 00:13:27.000,LOCAL,4,Happy with my visit.,254,9758
1977,2025-12-25 20:38:56.000,LOCAL,4,Happy with my visit.,254,9761
1978,2025-11-06 07:50:24.000,REMOTE,4,Solid experience overall.,252,9763
1979,2026-04-21 00:36:37.000,LOCAL,4,"Very good, would come again.",254,9764
1980,2026-02-08 00:56:58.000,REMOTE,5,"Best in the area, no doubt.",254,9766
1981,2026-03-10 00:45:07.000,REMOTE,5,"Best in the area, no doubt.",253,9768
1982,2026-02-21 14:42:07.000,REMOTE,4,Happy with my visit.,253,9769
1983,2025-11-21 14:18:37.000,REMOTE,4,Solid experience overall.,254,9776
1984,2025-08-30 05:37:13.000,LOCAL,3,OK but not outstanding.,254,9777
1985,2026-01-25 13:47:21.000,REMOTE,4,"Very good, would come again.",252,9784
1986,2025-11-20 18:41:51.000,LOCAL,4,Great service and friendly staff.,254,9787
1987,2026-04-02 00:31:02.000,REMOTE,4,Happy with my visit.,254,9790
1988,2025-11-17 18:02:02.000,REMOTE,3,"Decent, but could improve.",253,9793
1989,2025-07-02 03:38:00.000,REMOTE,3,"Average experience, nothing special.",252,9799
1990,2025-09-23 12:23:10.000,REMOTE,5,Excellent service! Highly recommended.,253,9800
1991,2026-04-16 05:12:38.000,REMOTE,5,Always a pleasure coming here.,253,9806
1992,2025-12-06 18:51:01.000,LOCAL,2,Staff could be more attentive.,254,9831
1993,2025-12-30 15:47:49.000,LOCAL,4,Happy with my visit.,253,9834
1994,2025-07-09 17:49:51.000,REMOTE,3,OK but not outstanding.,253,9841
1995,2025-06-13 10:07:40.000,REMOTE,4,Happy with my visit.,252,9847
1996,2025-08-23 16:47:22.000,LOCAL,3,"Average experience, nothing special.",252,9848
1997,2025-06-23 06:59:08.000,LOCAL,4,Solid experience overall.,254,9853
1998,2025-08-11 07:53:44.000,REMOTE,5,Will definitely be back!,252,9855
1999,2025-08-24 22:59:54.000,LOCAL,3,"Average experience, nothing special.",252,9856
2000,2025-12-15 14:17:30.000,LOCAL,4,Solid experience overall.,252,9859
2001,2025-07-02 20:51:38.000,LOCAL,1,Will not return.,254,9861
2002,2026-04-03 11:45:31.000,REMOTE,5,Excellent service! Highly recommended.,255,9871
2003,2025-10-03 13:20:55.000,LOCAL,3,"Average experience, nothing special.",257,9884
2004,2025-11-21 10:17:52.000,REMOTE,1,Very poor service.,257,9885
2005,2025-12-07 08:54:57.000,REMOTE,3,"Average experience, nothing special.",255,9894
2006,2025-08-26 15:09:31.000,LOCAL,2,Staff could be more attentive.,256,9899
2007,2025-09-15 01:27:54.000,REMOTE,1,Will not return.,255,9903
2008,2026-01-11 03:39:55.000,LOCAL,3,"Average experience, nothing special.",255,9909
2009,2025-09-01 17:52:18.000,LOCAL,4,Great service and friendly staff.,255,9916
2010,2025-11-15 03:37:21.000,LOCAL,5,"Best in the area, no doubt.",256,9918
2011,2026-03-23 21:04:26.000,REMOTE,1,Very poor service.,255,9919
2012,2025-07-03 21:43:59.000,REMOTE,5,Excellent service! Highly recommended.,257,9920
2013,2025-11-02 03:51:32.000,REMOTE,3,"Decent, but could improve.",256,9923
2014,2026-01-25 01:00:05.000,REMOTE,1,Very poor service.,255,9926
2015,2025-09-22 11:18:06.000,REMOTE,4,"Very good, would come again.",255,9937
2016,2025-10-24 00:00:46.000,REMOTE,4,"Very good, would come again.",257,9951
2017,2025-05-13 05:25:57.000,LOCAL,5,Will definitely be back!,255,9960
2018,2025-06-08 11:40:08.000,LOCAL,4,Solid experience overall.,256,9964
2019,2026-01-26 23:06:25.000,LOCAL,3,"Decent, but could improve.",256,9971
2020,2026-02-27 20:19:29.000,REMOTE,4,"Very good, would come again.",257,9977
2021,2025-12-09 21:28:07.000,REMOTE,2,Product did not meet my expectations.,255,9979
2022,2025-06-02 02:50:06.000,REMOTE,5,Excellent service! Highly recommended.,256,9982
2023,2025-12-24 18:30:30.000,LOCAL,5,Always a pleasure coming here.,258,9996
2024,2025-12-27 20:32:03.000,REMOTE,5,Excellent service! Highly recommended.,258,10005
2025,2025-08-31 04:37:24.000,LOCAL,4,"Very good, would come again.",258,10012
2026,2025-11-25 21:35:05.000,LOCAL,3,OK but not outstanding.,258,10015
2027,2025-09-25 06:24:55.000,REMOTE,3,OK but not outstanding.,258,10023
2028,2025-06-19 21:22:28.000,LOCAL,5,Excellent service! Highly recommended.,258,10032
2029,2025-11-09 03:34:16.000,LOCAL,4,Solid experience overall.,258,10037
2030,2025-07-29 10:36:44.000,REMOTE,5,Always a pleasure coming here.,258,10038
2031,2026-01-22 19:28:00.000,REMOTE,2,Product did not meet my expectations.,259,10048
2032,2025-07-31 18:05:06.000,LOCAL,4,Great service and friendly staff.,259,10049
2033,2026-04-28 09:50:30.000,REMOTE,2,Service was quite slow today.,259,10056
2034,2026-02-23 07:35:32.000,LOCAL,5,"Best in the area, no doubt.",260,10062
2035,2025-07-31 19:05:35.000,LOCAL,4,"Very good, would come again.",259,10065
2036,2025-11-22 13:11:08.000,REMOTE,3,"Average experience, nothing special.",259,10067
2037,2025-07-24 20:27:45.000,REMOTE,5,"Best in the area, no doubt.",260,10071
2038,2025-10-18 09:20:37.000,REMOTE,3,OK but not outstanding.,260,10083
2039,2026-03-09 19:02:22.000,REMOTE,5,Excellent service! Highly recommended.,260,10085
2040,2025-12-27 04:09:33.000,REMOTE,5,Always a pleasure coming here.,259,10086
2041,2026-04-05 03:45:31.000,REMOTE,4,Great service and friendly staff.,260,10089
2042,2025-07-09 09:44:37.000,LOCAL,4,Solid experience overall.,260,10094
2043,2025-10-10 12:58:09.000,REMOTE,2,Service was quite slow today.,260,10096
2044,2026-01-06 22:35:16.000,REMOTE,4,Solid experience overall.,260,10101
2045,2025-09-30 01:55:05.000,LOCAL,4,Happy with my visit.,259,10110
2046,2025-08-14 16:04:36.000,LOCAL,4,Great service and friendly staff.,259,10111
2047,2026-04-23 14:31:43.000,LOCAL,5,Always a pleasure coming here.,260,10122
2048,2025-11-28 10:56:51.000,LOCAL,4,Solid experience overall.,259,10130
2049,2026-02-19 07:27:30.000,REMOTE,3,Expected a bit more to be honest.,259,10131
2050,2026-01-16 04:22:30.000,REMOTE,2,Service was quite slow today.,259,10133
2051,2025-09-10 22:44:27.000,REMOTE,4,Great service and friendly staff.,259,10136
2052,2025-12-06 10:05:37.000,REMOTE,4,Solid experience overall.,261,10156
2053,2026-04-29 14:55:14.000,REMOTE,4,Great service and friendly staff.,261,10161
2054,2025-10-23 15:14:36.000,REMOTE,4,Great service and friendly staff.,261,10163
2055,2026-04-03 04:20:08.000,REMOTE,5,Will definitely be back!,261,10172
2056,2026-01-13 01:21:45.000,REMOTE,5,"Best in the area, no doubt.",261,10184
2057,2025-06-29 05:23:48.000,LOCAL,4,Happy with my visit.,261,10185
2058,2025-09-11 16:44:53.000,LOCAL,3,"Average experience, nothing special.",261,10187
2059,2025-10-11 17:26:47.000,LOCAL,4,"Very good, would come again.",261,10191
2060,2025-09-29 01:39:14.000,REMOTE,4,Happy with my visit.,263,10196
2061,2025-06-21 11:40:26.000,LOCAL,4,Great service and friendly staff.,263,10211
2062,2026-03-24 01:11:55.000,LOCAL,3,OK but not outstanding.,263,10212
2063,2026-05-07 22:26:13.000,REMOTE,5,"Best in the area, no doubt.",262,10213
2064,2025-09-29 04:34:35.000,LOCAL,3,"Average experience, nothing special.",262,10219
2065,2026-03-26 18:46:16.000,REMOTE,2,Service was quite slow today.,267,10226
2066,2025-11-04 12:41:46.000,LOCAL,4,Great service and friendly staff.,267,10233
2067,2025-09-06 04:56:46.000,LOCAL,1,Not what I expected at all.,263,10234
2068,2026-04-30 17:09:43.000,REMOTE,4,Happy with my visit.,264,10236
2069,2026-02-02 04:05:20.000,LOCAL,4,Great service and friendly staff.,263,10239
2070,2026-02-06 13:39:49.000,REMOTE,4,Great service and friendly staff.,267,10242
2071,2025-08-23 03:23:25.000,LOCAL,5,Excellent service! Highly recommended.,263,10244
2072,2026-05-02 06:24:17.000,LOCAL,5,"Best in the area, no doubt.",265,10254
2073,2025-10-16 11:33:06.000,LOCAL,3,OK but not outstanding.,266,10256
2074,2025-12-23 18:44:49.000,REMOTE,5,Always a pleasure coming here.,265,10263
2075,2025-08-05 07:14:56.000,LOCAL,2,Service was quite slow today.,263,10264
2076,2026-01-07 13:32:01.000,REMOTE,5,Excellent service! Highly recommended.,263,10277
2077,2025-08-28 14:13:56.000,LOCAL,2,Staff could be more attentive.,263,10283
2078,2025-08-10 08:47:18.000,REMOTE,1,Very poor service.,264,10288
2079,2026-01-05 05:58:57.000,REMOTE,4,Solid experience overall.,264,10289
2080,2025-09-15 01:46:57.000,LOCAL,5,Always a pleasure coming here.,264,10294
2081,2026-04-21 18:41:47.000,LOCAL,3,OK but not outstanding.,267,10297
2082,2025-06-17 01:50:49.000,REMOTE,4,"Very good, would come again.",266,10298
2083,2025-07-30 10:36:06.000,LOCAL,3,OK but not outstanding.,267,10303
2084,2025-06-29 03:29:31.000,REMOTE,5,"Best in the area, no doubt.",266,10313
2085,2026-01-09 21:18:23.000,REMOTE,5,Excellent service! Highly recommended.,263,10314
2086,2026-04-20 05:17:26.000,REMOTE,3,OK but not outstanding.,264,10330
2087,2025-10-02 07:30:33.000,REMOTE,4,Solid experience overall.,266,10338
2088,2025-08-29 18:30:07.000,LOCAL,4,Solid experience overall.,265,10340
2089,2025-10-27 22:41:16.000,REMOTE,3,Expected a bit more to be honest.,264,10341
2090,2025-09-21 13:51:56.000,LOCAL,3,"Decent, but could improve.",264,10342
2091,2026-02-17 11:55:28.000,REMOTE,3,"Decent, but could improve.",264,10343
2092,2025-06-03 17:57:50.000,LOCAL,3,"Decent, but could improve.",264,10345
2093,2026-03-21 06:17:33.000,REMOTE,4,Great service and friendly staff.,265,10350
2094,2025-12-18 05:16:06.000,LOCAL,5,Excellent service! Highly recommended.,265,10356
2095,2026-01-30 05:37:50.000,REMOTE,3,Expected a bit more to be honest.,267,10357
2096,2025-11-11 23:09:37.000,LOCAL,3,"Average experience, nothing special.",262,10359
2097,2025-07-27 05:55:37.000,LOCAL,5,"Best in the area, no doubt.",266,10361
2098,2026-04-22 07:53:27.000,REMOTE,4,Solid experience overall.,268,10364
2099,2026-01-31 22:14:32.000,REMOTE,4,Solid experience overall.,268,10366
2100,2025-08-27 19:35:59.000,LOCAL,4,"Very good, would come again.",268,10367
2101,2025-05-22 12:00:32.000,LOCAL,4,Solid experience overall.,268,10372
2102,2025-08-08 00:18:37.000,REMOTE,3,OK but not outstanding.,269,10374
2103,2025-07-21 12:28:43.000,LOCAL,3,"Average experience, nothing special.",269,10383
2104,2026-02-03 21:43:33.000,REMOTE,3,OK but not outstanding.,268,10385
2105,2026-04-18 20:34:33.000,REMOTE,3,OK but not outstanding.,268,10388
2106,2025-09-21 04:20:25.000,REMOTE,4,Great service and friendly staff.,268,10405
2107,2025-09-26 18:23:56.000,LOCAL,4,Solid experience overall.,268,10406
2108,2025-10-20 15:00:13.000,LOCAL,5,Will definitely be back!,270,10418
2109,2025-09-25 11:17:04.000,REMOTE,3,OK but not outstanding.,270,10420
2110,2025-07-28 11:54:12.000,LOCAL,2,Disappointing visit.,270,10421
2111,2026-05-02 12:52:26.000,REMOTE,4,Great service and friendly staff.,271,10422
2112,2025-07-06 07:29:33.000,REMOTE,4,Happy with my visit.,271,10428
2113,2026-05-01 08:07:05.000,REMOTE,4,"Very good, would come again.",270,10438
2114,2026-04-09 13:05:30.000,REMOTE,5,Will definitely be back!,270,10445
2115,2025-06-03 11:06:10.000,LOCAL,2,Product did not meet my expectations.,270,10458
2116,2025-09-04 09:15:18.000,REMOTE,5,"Best in the area, no doubt.",270,10464
2117,2026-03-13 21:20:37.000,LOCAL,5,Will definitely be back!,272,10466
2118,2025-11-15 00:59:50.000,LOCAL,5,Will definitely be back!,270,10475
2119,2026-01-11 23:06:58.000,REMOTE,3,"Average experience, nothing special.",271,10476
2120,2025-07-28 13:46:53.000,LOCAL,1,Completely disappointed.,272,10479
2121,2025-07-06 08:52:38.000,REMOTE,1,Completely disappointed.,270,10480
2122,2026-04-21 12:28:18.000,REMOTE,2,Disappointing visit.,271,10485
2123,2025-08-31 05:20:50.000,LOCAL,5,Excellent service! Highly recommended.,271,10486
2124,2026-05-05 04:12:48.000,LOCAL,5,Excellent service! Highly recommended.,272,10504
2125,2026-03-23 21:27:09.000,REMOTE,4,Great service and friendly staff.,271,10505
2126,2025-11-20 09:39:44.000,LOCAL,4,Great service and friendly staff.,270,10509
2127,2025-10-05 00:46:06.000,REMOTE,4,Great service and friendly staff.,272,10510
2128,2026-02-01 23:28:13.000,REMOTE,3,Expected a bit more to be honest.,270,10515
2129,2025-09-01 03:06:15.000,LOCAL,4,Happy with my visit.,272,10517
2130,2026-03-30 22:58:32.000,REMOTE,5,Will definitely be back!,271,10521
2131,2025-08-23 18:42:34.000,LOCAL,4,Solid experience overall.,274,10567
2132,2025-10-14 02:22:44.000,REMOTE,3,OK but not outstanding.,275,10569
2133,2025-05-30 12:59:50.000,REMOTE,4,Happy with my visit.,275,10573
2134,2026-04-02 22:46:08.000,LOCAL,3,"Decent, but could improve.",274,10576
2135,2025-08-21 04:31:04.000,REMOTE,1,Very poor service.,274,10578
2136,2026-04-08 14:43:28.000,LOCAL,2,Product did not meet my expectations.,275,10579
2137,2026-04-09 06:51:59.000,LOCAL,1,Very poor service.,274,10580
2138,2026-04-24 20:38:56.000,LOCAL,4,Happy with my visit.,275,10582
2139,2026-01-05 16:04:44.000,LOCAL,4,Great service and friendly staff.,275,10592
2140,2026-04-29 06:59:22.000,LOCAL,2,Staff could be more attentive.,276,10595
2141,2026-01-30 20:35:08.000,REMOTE,5,Always a pleasure coming here.,276,10598
2142,2026-04-24 22:47:04.000,REMOTE,4,Happy with my visit.,276,10599
2143,2025-07-12 19:56:39.000,LOCAL,5,"Best in the area, no doubt.",276,10607
2144,2026-01-15 22:04:03.000,REMOTE,3,OK but not outstanding.,276,10612
2145,2025-12-15 06:14:16.000,REMOTE,4,"Very good, would come again.",278,10631
2146,2026-01-06 03:11:56.000,LOCAL,1,Completely disappointed.,277,10636
2147,2026-04-16 00:26:55.000,LOCAL,3,OK but not outstanding.,278,10644
2148,2025-12-25 22:53:55.000,REMOTE,1,Completely disappointed.,277,10648
2149,2026-02-11 07:38:47.000,REMOTE,3,Expected a bit more to be honest.,278,10657
2150,2026-01-29 03:17:18.000,LOCAL,3,OK but not outstanding.,278,10669
2151,2026-01-12 23:47:06.000,REMOTE,3,Expected a bit more to be honest.,280,10672
2152,2026-01-03 22:25:50.000,LOCAL,4,Great service and friendly staff.,280,10674
2153,2026-05-04 14:48:04.000,REMOTE,4,Happy with my visit.,280,10685
2154,2025-08-25 14:46:40.000,REMOTE,2,Service was quite slow today.,279,10693
2155,2025-09-15 21:51:43.000,REMOTE,5,Always a pleasure coming here.,280,10698
2156,2025-09-07 17:41:46.000,REMOTE,5,Excellent service! Highly recommended.,280,10707
2157,2025-07-21 00:35:21.000,LOCAL,4,"Very good, would come again.",280,10708
2158,2025-10-08 12:29:13.000,LOCAL,5,Excellent service! Highly recommended.,279,10709
2159,2025-11-26 20:07:45.000,REMOTE,5,Excellent service! Highly recommended.,279,10716
2160,2026-03-12 04:55:35.000,REMOTE,2,Service was quite slow today.,279,10723
2161,2025-10-29 00:15:33.000,REMOTE,5,"Best in the area, no doubt.",279,10725
2162,2025-11-16 05:53:30.000,REMOTE,4,Great service and friendly staff.,279,10726
2163,2025-08-15 04:14:57.000,REMOTE,5,Excellent service! Highly recommended.,279,10741
2164,2025-07-19 08:41:11.000,LOCAL,3,Expected a bit more to be honest.,279,10742
2165,2025-08-19 13:59:09.000,LOCAL,3,"Decent, but could improve.",279,10743
2166,2026-04-13 21:16:15.000,LOCAL,4,Solid experience overall.,280,10753
2167,2026-03-04 23:41:24.000,LOCAL,5,Excellent service! Highly recommended.,280,10755
2168,2025-05-24 19:10:12.000,REMOTE,5,Always a pleasure coming here.,280,10756
2169,2025-10-26 16:13:59.000,LOCAL,4,"Very good, would come again.",280,10757
2170,2025-07-18 11:31:32.000,LOCAL,3,OK but not outstanding.,280,10761
2171,2025-09-01 03:05:18.000,LOCAL,1,Not what I expected at all.,280,10769
2172,2025-12-22 05:40:35.000,REMOTE,2,Disappointing visit.,280,10779
2173,2026-02-01 02:28:23.000,LOCAL,4,"Very good, would come again.",280,10781
2174,2026-01-03 04:33:19.000,REMOTE,5,Will definitely be back!,279,10799
2175,2026-04-04 09:03:12.000,REMOTE,5,Excellent service! Highly recommended.,281,10807
2176,2025-11-13 06:28:25.000,LOCAL,4,Great service and friendly staff.,281,10809
2177,2026-02-23 17:16:23.000,REMOTE,1,Completely disappointed.,281,10811
2178,2026-04-01 17:14:13.000,REMOTE,5,Excellent service! Highly recommended.,281,10812
2179,2026-04-09 02:45:56.000,REMOTE,5,Always a pleasure coming here.,281,10814
2180,2026-02-05 00:34:13.000,REMOTE,4,Solid experience overall.,281,10829
2181,2025-06-29 04:02:22.000,LOCAL,5,Always a pleasure coming here.,281,10833
2182,2026-03-20 20:37:38.000,REMOTE,4,Solid experience overall.,281,10834
2183,2025-07-25 11:47:17.000,LOCAL,3,"Decent, but could improve.",281,10836
2184,2025-09-27 13:46:30.000,LOCAL,3,OK but not outstanding.,281,10837
2185,2025-07-31 13:37:54.000,LOCAL,5,Always a pleasure coming here.,281,10838
2186,2025-05-15 10:49:41.000,LOCAL,4,Great service and friendly staff.,281,10839
2187,2026-02-18 04:27:42.000,REMOTE,2,Product did not meet my expectations.,281,10840
2188,2026-02-22 05:37:22.000,LOCAL,4,"Very good, would come again.",281,10841
2189,2025-08-22 21:46:14.000,REMOTE,4,Happy with my visit.,281,10845
2190,2026-04-26 04:25:33.000,LOCAL,5,Excellent service! Highly recommended.,281,10850
2191,2025-05-28 20:57:32.000,REMOTE,5,Will definitely be back!,281,10854
2192,2025-11-26 04:52:52.000,REMOTE,2,Disappointing visit.,282,10861
2193,2026-03-12 14:10:03.000,LOCAL,1,Not what I expected at all.,282,10877
2194,2026-04-06 15:12:32.000,LOCAL,3,Expected a bit more to be honest.,282,10880
2195,2026-01-25 08:51:47.000,REMOTE,4,"Very good, would come again.",282,10882
2196,2025-08-23 19:41:44.000,REMOTE,2,Product did not meet my expectations.,282,10885
2197,2025-12-12 23:28:06.000,LOCAL,4,Great service and friendly staff.,282,10886
2198,2026-01-24 04:37:38.000,REMOTE,1,Completely disappointed.,282,10887
2199,2026-01-08 17:03:12.000,LOCAL,5,Always a pleasure coming here.,282,10888
2200,2025-11-24 05:10:37.000,LOCAL,4,Great service and friendly staff.,283,10891
2201,2026-04-19 19:09:32.000,LOCAL,5,"Best in the area, no doubt.",283,10893
2202,2026-04-24 08:11:31.000,LOCAL,5,"Best in the area, no doubt.",285,10894
2203,2025-11-20 04:38:55.000,REMOTE,3,"Average experience, nothing special.",287,10895
2204,2025-10-16 10:53:58.000,REMOTE,3,OK but not outstanding.,285,10896
2205,2025-05-08 21:30:56.000,REMOTE,4,Solid experience overall.,287,10903
2206,2025-06-27 11:17:00.000,LOCAL,5,"Best in the area, no doubt.",285,10905
2207,2026-01-30 19:47:29.000,LOCAL,4,Great service and friendly staff.,283,10906
2208,2025-11-03 09:21:23.000,LOCAL,2,Service was quite slow today.,283,10907
2209,2025-05-31 15:39:48.000,LOCAL,2,Product did not meet my expectations.,286,10927
2210,2025-11-20 04:40:33.000,LOCAL,4,Happy with my visit.,286,10946
2211,2025-10-28 06:59:10.000,LOCAL,5,Always a pleasure coming here.,283,10952
2212,2025-09-23 20:02:16.000,LOCAL,3,Expected a bit more to be honest.,287,10954
2213,2026-05-05 15:07:45.000,REMOTE,3,Expected a bit more to be honest.,285,10957
2214,2025-12-19 03:38:25.000,REMOTE,5,Will definitely be back!,287,10964
2215,2026-01-16 07:26:49.000,LOCAL,5,"Best in the area, no doubt.",283,10965
2216,2025-12-23 21:44:15.000,REMOTE,4,Great service and friendly staff.,284,10969
2217,2026-04-10 04:30:32.000,REMOTE,5,Always a pleasure coming here.,284,10971
2218,2025-06-16 06:48:54.000,REMOTE,5,"Best in the area, no doubt.",286,10978
2219,2025-05-17 18:44:50.000,LOCAL,2,Product did not meet my expectations.,285,10992
2220,2025-09-15 16:59:47.000,REMOTE,4,Solid experience overall.,284,11008
2221,2025-06-07 17:11:59.000,LOCAL,3,"Decent, but could improve.",286,11009
2222,2026-01-31 20:25:40.000,LOCAL,4,Solid experience overall.,284,11010
2223,2026-04-05 11:46:11.000,REMOTE,1,Will not return.,287,11012
2224,2026-05-01 14:25:25.000,LOCAL,3,OK but not outstanding.,285,11020
2225,2025-10-31 04:42:40.000,LOCAL,4,Great service and friendly staff.,285,11024
2226,2025-12-24 04:54:22.000,REMOTE,5,Excellent service! Highly recommended.,286,11026
2227,2025-11-12 22:05:23.000,LOCAL,4,"Very good, would come again.",288,11029
2228,2025-05-20 22:11:03.000,REMOTE,3,"Average experience, nothing special.",284,11035
2229,2025-11-24 04:11:49.000,LOCAL,5,Excellent service! Highly recommended.,285,11038
2230,2025-08-26 11:55:54.000,REMOTE,4,Solid experience overall.,285,11039
2231,2025-10-08 11:51:01.000,LOCAL,3,OK but not outstanding.,286,11049
2232,2025-09-19 20:32:14.000,LOCAL,5,Excellent service! Highly recommended.,284,11050
2233,2026-03-16 19:20:27.000,REMOTE,4,Solid experience overall.,287,11054
2234,2025-06-23 07:52:53.000,REMOTE,1,Very poor service.,283,11056
2235,2025-07-01 04:32:13.000,REMOTE,5,Excellent service! Highly recommended.,288,11060
2236,2026-03-10 21:44:23.000,REMOTE,5,Will definitely be back!,287,11063
2237,2025-08-22 09:36:55.000,REMOTE,5,Always a pleasure coming here.,283,11064
2238,2025-11-23 06:13:17.000,LOCAL,3,"Average experience, nothing special.",287,11071
2239,2026-01-12 23:12:22.000,REMOTE,3,"Decent, but could improve.",288,11072
2240,2025-12-30 10:53:24.000,LOCAL,4,Solid experience overall.,283,11078
2241,2025-07-26 03:51:42.000,LOCAL,3,"Average experience, nothing special.",287,11081
2242,2025-09-30 12:58:42.000,LOCAL,5,Will definitely be back!,285,11090
2243,2025-07-12 18:23:38.000,LOCAL,3,"Average experience, nothing special.",286,11096
2244,2025-09-17 17:44:38.000,REMOTE,5,Always a pleasure coming here.,284,11098
2245,2026-05-02 21:02:10.000,LOCAL,4,"Very good, would come again.",286,11102
2246,2025-07-13 14:12:05.000,LOCAL,4,Solid experience overall.,292,11105
2247,2025-07-14 13:47:29.000,REMOTE,5,Will definitely be back!,291,11112
2248,2026-02-25 18:37:25.000,LOCAL,5,Will definitely be back!,292,11120
2249,2025-08-27 13:38:37.000,REMOTE,2,Disappointing visit.,290,11128
2250,2025-05-13 07:32:57.000,REMOTE,3,OK but not outstanding.,291,11129
2251,2025-06-03 17:46:00.000,REMOTE,5,Always a pleasure coming here.,289,11141
2252,2025-05-17 01:18:30.000,LOCAL,3,"Decent, but could improve.",290,11146
2253,2026-01-26 06:42:31.000,LOCAL,5,Always a pleasure coming here.,292,11150
2254,2025-07-18 19:15:11.000,REMOTE,4,"Very good, would come again.",292,11151
2255,2026-04-28 22:36:16.000,LOCAL,4,Solid experience overall.,290,11154
2256,2025-06-12 10:17:55.000,LOCAL,5,Will definitely be back!,289,11157
2257,2026-04-09 17:28:36.000,LOCAL,4,Solid experience overall.,289,11158
2258,2025-06-22 04:22:24.000,REMOTE,5,Excellent service! Highly recommended.,292,11165
2259,2025-09-07 17:33:40.000,LOCAL,3,"Decent, but could improve.",289,11173
2260,2025-10-06 16:31:37.000,REMOTE,4,"Very good, would come again.",292,11174
2261,2026-02-04 08:39:17.000,REMOTE,5,Will definitely be back!,292,11191
2262,2025-07-27 07:55:56.000,REMOTE,4,Great service and friendly staff.,291,11194
2263,2026-02-02 09:12:02.000,REMOTE,3,"Average experience, nothing special.",291,11203
2264,2025-07-10 13:12:55.000,REMOTE,3,Expected a bit more to be honest.,291,11204
2265,2026-02-04 06:51:33.000,LOCAL,4,Great service and friendly staff.,292,11205
2266,2025-06-30 13:22:27.000,LOCAL,3,OK but not outstanding.,289,11209
2267,2026-02-06 07:45:48.000,REMOTE,5,Will definitely be back!,290,11228
2268,2025-07-05 10:22:15.000,LOCAL,2,Product did not meet my expectations.,292,11230
2269,2025-05-24 04:19:22.000,LOCAL,3,OK but not outstanding.,293,11241
2270,2025-12-06 02:14:36.000,REMOTE,2,Staff could be more attentive.,293,11251
2271,2025-06-25 14:40:53.000,REMOTE,3,"Decent, but could improve.",293,11253
2272,2026-04-05 21:39:07.000,REMOTE,5,Always a pleasure coming here.,293,11276
2273,2026-04-18 09:40:16.000,LOCAL,5,Excellent service! Highly recommended.,293,11279
2274,2025-12-31 00:41:15.000,LOCAL,5,Excellent service! Highly recommended.,293,11280
2275,2026-04-17 15:10:52.000,REMOTE,3,"Average experience, nothing special.",293,11283
2276,2026-04-16 04:09:46.000,LOCAL,4,Happy with my visit.,293,11284
2277,2025-10-05 16:45:04.000,REMOTE,3,OK but not outstanding.,294,11287
2278,2025-05-31 10:48:52.000,LOCAL,5,Will definitely be back!,298,11289
2279,2025-05-24 07:15:11.000,REMOTE,4,Solid experience overall.,294,11301
2280,2025-09-28 16:14:44.000,REMOTE,1,Very poor service.,297,11302
2281,2026-03-28 15:17:39.000,REMOTE,1,Not what I expected at all.,294,11303
2282,2025-05-24 20:50:26.000,LOCAL,3,Expected a bit more to be honest.,298,11304
2283,2025-06-25 15:26:44.000,REMOTE,4,"Very good, would come again.",298,11315
2284,2025-11-25 18:55:20.000,LOCAL,1,Not what I expected at all.,295,11319
2285,2026-04-21 15:11:49.000,REMOTE,3,"Decent, but could improve.",298,11320
2286,2026-01-22 00:37:44.000,REMOTE,4,Solid experience overall.,296,11322
2287,2025-09-15 14:32:38.000,REMOTE,2,Disappointing visit.,296,11323
2288,2025-08-29 17:54:56.000,LOCAL,3,OK but not outstanding.,298,11327
2289,2026-04-05 08:39:42.000,REMOTE,2,Service was quite slow today.,296,11330
2290,2026-03-22 14:31:09.000,LOCAL,2,Disappointing visit.,297,11336
2291,2025-08-13 19:47:33.000,LOCAL,4,Happy with my visit.,294,11338
2292,2025-11-02 16:48:52.000,REMOTE,3,Expected a bit more to be honest.,297,11340
2293,2026-02-10 20:36:55.000,LOCAL,1,Completely disappointed.,298,11341
2294,2025-08-30 05:41:14.000,REMOTE,1,Will not return.,298,11348
2295,2025-12-08 20:41:20.000,LOCAL,3,Expected a bit more to be honest.,296,11351
2296,2025-10-14 14:01:20.000,REMOTE,5,Excellent service! Highly recommended.,297,11354
2297,2025-12-27 16:35:31.000,REMOTE,5,Always a pleasure coming here.,298,11356
2298,2025-06-02 21:49:55.000,REMOTE,3,Expected a bit more to be honest.,295,11359
2299,2026-02-07 20:39:59.000,LOCAL,4,Solid experience overall.,296,11361
2300,2026-04-23 15:57:18.000,LOCAL,4,Solid experience overall.,296,11366
2301,2025-08-12 08:51:43.000,LOCAL,5,Excellent service! Highly recommended.,297,11368
2302,2025-10-12 20:26:50.000,LOCAL,5,"Best in the area, no doubt.",296,11371
2303,2025-08-09 19:47:14.000,REMOTE,3,"Decent, but could improve.",294,11373
2304,2025-06-20 10:09:46.000,LOCAL,3,"Decent, but could improve.",298,11380
2305,2025-06-01 00:04:26.000,REMOTE,4,Solid experience overall.,295,11381
2306,2025-11-08 06:11:42.000,LOCAL,5,Always a pleasure coming here.,297,11382
2307,2025-10-20 07:21:04.000,REMOTE,4,Solid experience overall.,294,11383
2308,2025-05-31 16:20:13.000,REMOTE,4,Happy with my visit.,295,11385
2309,2025-08-16 06:48:26.000,REMOTE,2,Staff could be more attentive.,294,11389
2310,2026-03-17 06:42:48.000,LOCAL,5,"Best in the area, no doubt.",294,11395
2311,2025-10-25 00:02:14.000,REMOTE,1,Completely disappointed.,297,11397
2312,2025-08-03 01:52:40.000,REMOTE,4,Great service and friendly staff.,297,11398
2313,2026-02-12 17:35:02.000,LOCAL,5,"Best in the area, no doubt.",297,11410
2314,2025-12-28 10:06:33.000,REMOTE,3,"Average experience, nothing special.",294,11419
2315,2026-04-27 16:21:57.000,LOCAL,4,Happy with my visit.,294,11424
2316,2025-08-01 05:23:35.000,REMOTE,3,OK but not outstanding.,294,11425
2317,2026-04-27 10:50:36.000,REMOTE,4,"Very good, would come again.",297,11427
2318,2025-05-25 15:31:30.000,REMOTE,2,Product did not meet my expectations.,296,11442
2319,2026-03-26 02:55:04.000,LOCAL,5,"Best in the area, no doubt.",294,11444
2320,2026-02-11 15:48:39.000,LOCAL,1,Will not return.,296,11445
2321,2025-05-21 05:59:40.000,LOCAL,4,Great service and friendly staff.,298,11446
2322,2026-04-19 22:18:06.000,REMOTE,3,"Decent, but could improve.",294,11448
2323,2026-03-13 08:01:23.000,REMOTE,5,Will definitely be back!,296,11455
2324,2025-06-30 02:59:46.000,LOCAL,4,Solid experience overall.,294,11460
2325,2025-05-10 17:08:02.000,REMOTE,3,OK but not outstanding.,296,11466
2326,2026-01-05 15:44:28.000,REMOTE,5,Always a pleasure coming here.,297,11472
2327,2026-02-10 05:04:30.000,REMOTE,3,Expected a bit more to be honest.,297,11476
2328,2025-05-19 19:06:41.000,LOCAL,4,Happy with my visit.,302,11490
2329,2025-07-16 14:00:45.000,REMOTE,4,"Very good, would come again.",302,11491
2330,2026-03-23 13:34:17.000,REMOTE,4,"Very good, would come again.",301,11492
2331,2026-02-12 09:08:00.000,LOCAL,1,Completely disappointed.,302,11495
2332,2025-11-28 13:08:10.000,REMOTE,3,"Average experience, nothing special.",301,11497
2333,2026-03-31 00:52:11.000,REMOTE,2,Disappointing visit.,299,11501
2334,2025-12-17 05:36:49.000,REMOTE,5,Excellent service! Highly recommended.,299,11502
2335,2025-09-10 21:36:38.000,REMOTE,4,Solid experience overall.,301,11505
2336,2025-06-23 14:08:42.000,REMOTE,5,Will definitely be back!,300,11514
2337,2025-06-22 09:53:06.000,REMOTE,4,Happy with my visit.,301,11518
2338,2026-01-06 04:41:18.000,REMOTE,5,Will definitely be back!,300,11520
2339,2025-12-02 13:10:14.000,REMOTE,5,"Best in the area, no doubt.",305,11527
2340,2025-08-08 15:26:21.000,REMOTE,4,"Very good, would come again.",303,11530
2341,2025-11-15 14:39:37.000,LOCAL,3,OK but not outstanding.,303,11534
2342,2026-01-17 18:54:45.000,REMOTE,4,Solid experience overall.,303,11542
2343,2025-08-25 04:39:04.000,REMOTE,5,Will definitely be back!,303,11543
2344,2025-09-01 08:32:07.000,LOCAL,5,Always a pleasure coming here.,305,11544
2345,2026-04-14 13:41:22.000,LOCAL,4,Great service and friendly staff.,305,11547
2346,2025-11-19 03:02:32.000,LOCAL,3,Expected a bit more to be honest.,305,11561
2347,2025-05-29 21:03:52.000,LOCAL,4,"Very good, would come again.",304,11563
2348,2025-08-18 23:45:56.000,LOCAL,5,Will definitely be back!,305,11564
2349,2025-11-23 11:42:04.000,LOCAL,4,Great service and friendly staff.,305,11565
2350,2025-12-03 21:46:51.000,REMOTE,2,Product did not meet my expectations.,305,11572
2351,2025-07-05 18:08:15.000,LOCAL,5,"Best in the area, no doubt.",305,11585
2352,2025-10-28 17:22:36.000,REMOTE,5,Will definitely be back!,304,11586
2353,2026-03-05 23:53:28.000,LOCAL,2,Service was quite slow today.,303,11591
2354,2026-02-10 13:44:13.000,REMOTE,5,Always a pleasure coming here.,307,11594
2355,2025-10-27 07:09:05.000,REMOTE,2,Service was quite slow today.,306,11596
2356,2026-02-01 00:12:38.000,REMOTE,2,Service was quite slow today.,307,11601
2357,2026-04-06 19:29:01.000,LOCAL,5,Will definitely be back!,306,11605
2358,2025-11-12 22:08:34.000,REMOTE,2,Disappointing visit.,306,11606
2359,2025-08-11 16:39:59.000,LOCAL,4,Great service and friendly staff.,306,11608
2360,2026-02-05 20:17:24.000,LOCAL,4,Great service and friendly staff.,307,11610
2361,2026-04-03 15:34:51.000,REMOTE,4,Solid experience overall.,307,11612
2362,2026-02-18 17:46:24.000,LOCAL,5,Excellent service! Highly recommended.,307,11615
2363,2025-11-13 10:12:29.000,REMOTE,5,Always a pleasure coming here.,306,11618
2364,2025-06-23 00:00:30.000,REMOTE,3,OK but not outstanding.,306,11622
2365,2025-06-07 09:24:11.000,REMOTE,5,Excellent service! Highly recommended.,307,11624
2366,2025-06-28 20:10:22.000,REMOTE,4,Great service and friendly staff.,307,11629
2367,2026-03-04 19:40:54.000,REMOTE,5,"Best in the area, no doubt.",307,11632
2368,2026-03-02 23:00:44.000,REMOTE,1,Will not return.,306,11635
2369,2025-12-04 04:02:52.000,REMOTE,4,Great service and friendly staff.,306,11636
2370,2025-05-30 06:55:12.000,LOCAL,5,"Best in the area, no doubt.",307,11639
2371,2026-04-20 11:02:57.000,REMOTE,3,"Decent, but could improve.",307,11641
2372,2025-05-24 19:09:29.000,LOCAL,4,"Very good, would come again.",307,11653
2373,2025-05-16 22:41:25.000,LOCAL,4,Solid experience overall.,306,11655
2374,2025-08-19 03:59:08.000,REMOTE,1,Very poor service.,306,11660
2375,2025-06-14 13:59:07.000,LOCAL,5,Always a pleasure coming here.,306,11666
2376,2025-12-14 17:00:40.000,LOCAL,4,Great service and friendly staff.,306,11667
2377,2026-04-21 11:11:43.000,REMOTE,4,Happy with my visit.,307,11674
2378,2026-04-26 23:17:12.000,LOCAL,5,Will definitely be back!,307,11679
2379,2025-07-28 10:32:40.000,LOCAL,4,Great service and friendly staff.,306,11687
2380,2026-04-12 15:11:34.000,REMOTE,4,Happy with my visit.,307,11689
2381,2025-09-29 23:16:09.000,LOCAL,5,Excellent service! Highly recommended.,307,11691
2382,2025-11-19 01:22:40.000,REMOTE,5,Always a pleasure coming here.,306,11692
2383,2025-09-29 08:25:02.000,LOCAL,4,"Very good, would come again.",306,11694
2384,2025-12-28 18:23:43.000,LOCAL,3,"Average experience, nothing special.",306,11698
2385,2026-04-19 12:23:20.000,LOCAL,1,Will not return.,306,11700
2386,2025-09-04 22:18:27.000,REMOTE,3,OK but not outstanding.,306,11702
2387,2025-11-03 20:16:02.000,LOCAL,2,Staff could be more attentive.,306,11706
2388,2026-04-16 23:38:16.000,REMOTE,2,Disappointing visit.,306,11711
2389,2025-06-27 19:24:13.000,REMOTE,5,Always a pleasure coming here.,306,11716
2390,2025-08-12 03:30:39.000,LOCAL,2,Staff could be more attentive.,308,11725
2391,2025-07-29 18:21:50.000,LOCAL,4,"Very good, would come again.",309,11728
2392,2026-02-16 10:05:16.000,REMOTE,4,Great service and friendly staff.,308,11731
2393,2026-02-04 13:43:12.000,LOCAL,2,Product did not meet my expectations.,308,11740
2394,2026-01-26 12:05:05.000,REMOTE,3,OK but not outstanding.,308,11744
2395,2025-07-20 16:40:19.000,REMOTE,5,"Best in the area, no doubt.",308,11747
2396,2026-02-07 23:39:41.000,LOCAL,4,Great service and friendly staff.,309,11751
2397,2025-09-28 11:18:04.000,REMOTE,5,Will definitely be back!,308,11758
2398,2025-10-17 09:16:53.000,REMOTE,5,Excellent service! Highly recommended.,308,11760
2399,2025-06-26 21:37:24.000,REMOTE,5,Excellent service! Highly recommended.,308,11765
2400,2025-12-04 23:06:56.000,REMOTE,3,"Decent, but could improve.",308,11773
2401,2025-12-06 18:25:28.000,REMOTE,3,Expected a bit more to be honest.,308,11774
2402,2025-07-14 23:39:05.000,LOCAL,5,Excellent service! Highly recommended.,309,11795
2403,2025-07-13 20:55:37.000,REMOTE,4,Great service and friendly staff.,309,11800
2404,2025-05-14 09:34:06.000,REMOTE,4,"Very good, would come again.",309,11801
2405,2026-04-29 12:33:14.000,REMOTE,4,Solid experience overall.,309,11803
2406,2026-01-13 19:49:28.000,LOCAL,5,"Best in the area, no doubt.",309,11805
2407,2025-12-12 21:39:04.000,REMOTE,5,"Best in the area, no doubt.",308,11806
2408,2026-03-18 11:04:28.000,LOCAL,2,Service was quite slow today.,309,11810
2409,2025-07-04 05:04:31.000,LOCAL,4,Happy with my visit.,311,11822
2410,2025-07-28 12:57:03.000,REMOTE,5,Excellent service! Highly recommended.,311,11828
2411,2025-07-10 05:14:55.000,REMOTE,3,"Decent, but could improve.",311,11829
2412,2025-08-14 09:15:15.000,REMOTE,5,Excellent service! Highly recommended.,310,11831
2413,2025-08-24 02:18:45.000,LOCAL,3,"Decent, but could improve.",311,11832
2414,2025-08-05 13:11:07.000,LOCAL,4,Great service and friendly staff.,311,11849
2415,2025-06-30 07:47:32.000,LOCAL,3,OK but not outstanding.,311,11850
2416,2026-03-26 22:46:22.000,REMOTE,4,"Very good, would come again.",311,11862
2417,2025-09-05 17:51:32.000,LOCAL,5,Will definitely be back!,310,11869
2418,2026-02-16 01:04:18.000,LOCAL,4,Great service and friendly staff.,313,11873
2419,2025-11-02 03:51:36.000,LOCAL,5,"Best in the area, no doubt.",313,11880
2420,2025-10-19 22:26:29.000,REMOTE,4,Solid experience overall.,313,11886
2421,2025-12-30 19:00:54.000,REMOTE,5,Will definitely be back!,313,11893
2422,2025-06-02 16:50:37.000,LOCAL,2,Disappointing visit.,313,11898
2423,2025-10-05 09:06:43.000,LOCAL,5,Excellent service! Highly recommended.,313,11903
2424,2025-08-05 19:49:40.000,REMOTE,4,Great service and friendly staff.,313,11907
2425,2026-01-19 05:00:34.000,LOCAL,4,Great service and friendly staff.,313,11909
2426,2026-03-12 13:14:19.000,REMOTE,3,"Average experience, nothing special.",313,11915
2427,2026-01-31 05:56:22.000,REMOTE,4,Great service and friendly staff.,313,11921
2428,2026-05-02 20:27:49.000,REMOTE,5,Will definitely be back!,313,11923
2429,2026-04-27 11:54:54.000,LOCAL,5,Always a pleasure coming here.,313,11925
2430,2026-04-24 09:40:21.000,REMOTE,3,"Average experience, nothing special.",312,11930
2431,2025-07-28 05:18:18.000,REMOTE,3,"Average experience, nothing special.",313,11933
2432,2025-11-11 13:01:49.000,LOCAL,4,Great service and friendly staff.,312,11935
2433,2025-08-05 23:43:17.000,REMOTE,5,"Best in the area, no doubt.",314,11946
2434,2026-04-12 00:41:13.000,LOCAL,1,Not what I expected at all.,314,11950
2435,2026-02-07 07:04:57.000,REMOTE,4,Solid experience overall.,314,11957
2436,2025-06-08 08:56:21.000,REMOTE,2,Staff could be more attentive.,314,11959
2437,2025-10-13 09:38:04.000,REMOTE,5,"Best in the area, no doubt.",314,11960
2438,2025-12-22 20:51:25.000,REMOTE,5,Excellent service! Highly recommended.,314,11963
2439,2025-09-24 22:10:11.000,LOCAL,4,Great service and friendly staff.,314,11965
2440,2025-12-24 00:43:16.000,REMOTE,2,Staff could be more attentive.,314,11968
2441,2025-11-24 19:41:16.000,REMOTE,3,"Decent, but could improve.",314,11969
2442,2026-01-11 18:58:40.000,LOCAL,1,Completely disappointed.,314,11973
2443,2025-08-03 03:10:31.000,LOCAL,3,"Average experience, nothing special.",314,11979
2444,2025-08-15 12:10:36.000,REMOTE,5,Will definitely be back!,314,11981
2445,2025-11-13 14:43:52.000,LOCAL,3,"Decent, but could improve.",314,11983
2446,2026-01-28 21:07:27.000,LOCAL,1,Completely disappointed.,314,11986
2447,2025-06-19 21:36:27.000,REMOTE,2,Disappointing visit.,316,11991
2448,2025-05-29 08:53:54.000,REMOTE,4,Solid experience overall.,317,11992
2449,2026-02-10 07:56:46.000,LOCAL,2,Product did not meet my expectations.,318,12005
2450,2025-12-07 09:29:14.000,LOCAL,5,"Best in the area, no doubt.",315,12009
2451,2026-02-08 03:37:55.000,REMOTE,5,Always a pleasure coming here.,316,12011
2452,2025-06-01 15:08:44.000,REMOTE,2,Product did not meet my expectations.,317,12012
2453,2025-08-21 20:28:43.000,LOCAL,3,"Average experience, nothing special.",316,12015
2454,2025-08-15 00:04:29.000,LOCAL,5,Always a pleasure coming here.,318,12016
2455,2025-05-17 12:56:17.000,REMOTE,5,Always a pleasure coming here.,315,12021
2456,2026-01-14 12:20:37.000,LOCAL,4,Great service and friendly staff.,316,12024
2457,2025-09-25 07:24:01.000,REMOTE,3,OK but not outstanding.,316,12029
2458,2026-03-25 23:21:06.000,LOCAL,2,Service was quite slow today.,318,12032
2459,2025-09-27 18:46:19.000,LOCAL,3,OK but not outstanding.,318,12035
2460,2026-01-06 15:11:41.000,LOCAL,3,"Average experience, nothing special.",315,12039
2461,2025-10-15 07:57:57.000,LOCAL,5,Excellent service! Highly recommended.,318,12042
2462,2025-05-10 09:42:31.000,REMOTE,5,Excellent service! Highly recommended.,316,12043
2463,2026-04-16 21:10:54.000,REMOTE,4,Solid experience overall.,316,12049
2464,2025-09-30 17:40:51.000,LOCAL,2,Disappointing visit.,315,12057
2465,2025-09-20 15:57:09.000,LOCAL,3,"Average experience, nothing special.",317,12068
2466,2026-04-09 09:05:46.000,REMOTE,4,Solid experience overall.,316,12074
2467,2025-08-08 01:46:56.000,REMOTE,5,Always a pleasure coming here.,317,12092
2468,2025-12-31 18:33:22.000,REMOTE,5,"Best in the area, no doubt.",315,12093
2469,2026-04-18 19:01:56.000,LOCAL,4,Solid experience overall.,317,12096
2470,2025-05-13 15:31:53.000,REMOTE,3,"Average experience, nothing special.",322,12106
2471,2025-10-16 14:20:30.000,REMOTE,5,Excellent service! Highly recommended.,320,12110
2472,2025-12-25 05:35:48.000,LOCAL,5,Excellent service! Highly recommended.,321,12113
2473,2025-08-28 01:49:02.000,REMOTE,4,Happy with my visit.,321,12115
2474,2025-11-13 19:33:28.000,REMOTE,2,Product did not meet my expectations.,321,12116
2475,2025-06-12 17:10:02.000,REMOTE,3,"Decent, but could improve.",320,12118
2476,2026-03-04 00:31:05.000,REMOTE,4,"Very good, would come again.",319,12129
2477,2026-04-07 11:30:31.000,LOCAL,4,Great service and friendly staff.,321,12132
2478,2026-02-21 22:40:35.000,LOCAL,2,Disappointing visit.,321,12143
2479,2025-07-04 16:01:55.000,LOCAL,4,Solid experience overall.,320,12144
2480,2025-12-20 07:45:02.000,REMOTE,5,Always a pleasure coming here.,322,12150
2481,2025-06-28 15:42:55.000,REMOTE,5,Will definitely be back!,319,12154
2482,2025-09-25 18:08:09.000,REMOTE,4,Great service and friendly staff.,319,12157
2483,2025-09-04 22:45:23.000,LOCAL,4,"Very good, would come again.",323,12167
2484,2025-08-07 12:12:54.000,LOCAL,5,"Best in the area, no doubt.",323,12168
2485,2025-06-19 18:21:09.000,REMOTE,4,"Very good, would come again.",323,12179
2486,2026-01-16 03:46:16.000,LOCAL,4,Happy with my visit.,323,12184
2487,2025-06-25 08:20:13.000,LOCAL,1,Will not return.,323,12190
2488,2025-08-13 20:42:03.000,LOCAL,5,Excellent service! Highly recommended.,323,12203
2489,2026-03-15 03:55:30.000,REMOTE,2,Staff could be more attentive.,323,12204
2490,2025-11-07 07:21:24.000,LOCAL,5,Excellent service! Highly recommended.,323,12206
2491,2025-10-05 10:41:41.000,REMOTE,4,"Very good, would come again.",323,12211
2492,2026-03-27 13:37:10.000,LOCAL,5,"Best in the area, no doubt.",323,12224
2493,2025-10-25 01:51:26.000,LOCAL,5,Always a pleasure coming here.,324,12228
2494,2025-12-24 00:33:36.000,REMOTE,4,"Very good, would come again.",324,12232
2495,2025-10-27 22:55:51.000,LOCAL,4,Solid experience overall.,325,12237
2496,2026-02-23 08:41:31.000,LOCAL,3,OK but not outstanding.,324,12239
2497,2025-06-11 12:42:13.000,REMOTE,5,"Best in the area, no doubt.",324,12246
2498,2025-06-10 22:53:35.000,REMOTE,2,Staff could be more attentive.,324,12251
2499,2025-12-10 03:17:08.000,LOCAL,5,Always a pleasure coming here.,325,12253
2500,2025-12-17 08:40:11.000,REMOTE,2,Disappointing visit.,325,12254
2501,2026-04-08 19:06:42.000,REMOTE,5,Will definitely be back!,324,12257
2502,2026-01-04 03:28:09.000,LOCAL,5,Will definitely be back!,324,12260
2503,2026-02-16 16:14:51.000,LOCAL,5,Always a pleasure coming here.,325,12269
2504,2025-08-16 17:30:19.000,REMOTE,2,Service was quite slow today.,324,12274
2505,2026-04-26 08:30:05.000,LOCAL,5,Excellent service! Highly recommended.,324,12282
2506,2025-05-20 11:37:42.000,REMOTE,4,"Very good, would come again.",324,12283
2507,2025-09-24 04:37:50.000,LOCAL,3,Expected a bit more to be honest.,325,12289
2508,2025-08-26 11:50:01.000,REMOTE,5,Excellent service! Highly recommended.,325,12298
2509,2025-09-19 10:05:04.000,REMOTE,3,"Average experience, nothing special.",325,12300
2510,2025-05-12 18:30:44.000,LOCAL,3,Expected a bit more to be honest.,324,12306
2511,2026-05-01 22:47:05.000,LOCAL,4,Happy with my visit.,324,12309
2512,2025-06-24 17:17:12.000,LOCAL,3,OK but not outstanding.,325,12310
2513,2026-04-14 23:44:54.000,REMOTE,1,Will not return.,324,12312
2514,2025-09-18 04:54:13.000,LOCAL,3,"Decent, but could improve.",325,12315
2515,2026-02-21 04:07:39.000,REMOTE,5,Excellent service! Highly recommended.,325,12328
2516,2025-06-02 00:40:16.000,REMOTE,4,Happy with my visit.,325,12331
2517,2025-07-25 15:16:06.000,LOCAL,4,Great service and friendly staff.,325,12336
2518,2026-01-15 12:06:17.000,REMOTE,4,Happy with my visit.,325,12344
2519,2025-11-05 19:19:06.000,LOCAL,3,Expected a bit more to be honest.,326,12357
2520,2026-05-04 12:38:10.000,REMOTE,5,Will definitely be back!,326,12358
2521,2025-11-01 14:24:19.000,LOCAL,2,Disappointing visit.,326,12365
2522,2026-04-06 00:30:34.000,REMOTE,1,Very poor service.,326,12367
2523,2025-12-20 06:29:02.000,REMOTE,4,Solid experience overall.,326,12369
2524,2025-07-06 09:30:18.000,LOCAL,5,Always a pleasure coming here.,326,12373
2525,2025-12-15 01:28:33.000,LOCAL,3,OK but not outstanding.,326,12377
2526,2026-04-26 13:01:37.000,LOCAL,2,Service was quite slow today.,326,12379
2527,2025-09-16 07:48:50.000,REMOTE,5,Always a pleasure coming here.,326,12382
2528,2025-06-24 03:10:21.000,LOCAL,5,Always a pleasure coming here.,326,12387
2529,2025-12-24 08:31:04.000,REMOTE,4,Solid experience overall.,326,12394
2530,2025-07-01 17:57:45.000,REMOTE,5,Always a pleasure coming here.,326,12395
2531,2026-03-15 10:02:43.000,REMOTE,3,OK but not outstanding.,326,12398
2532,2025-07-06 20:23:37.000,REMOTE,1,Will not return.,326,12399
2533,2025-08-23 03:49:34.000,LOCAL,5,"Best in the area, no doubt.",330,12404
2534,2025-10-07 10:12:38.000,REMOTE,3,OK but not outstanding.,329,12405
2535,2025-11-02 22:28:28.000,LOCAL,5,Excellent service! Highly recommended.,330,12407
2536,2025-08-22 20:23:57.000,REMOTE,5,Always a pleasure coming here.,327,12408
2537,2026-01-21 10:03:24.000,LOCAL,2,Staff could be more attentive.,327,12411
2538,2025-05-18 00:49:23.000,LOCAL,4,"Very good, would come again.",327,12416
2539,2025-08-24 20:14:21.000,REMOTE,5,"Best in the area, no doubt.",329,12417
2540,2025-06-26 17:37:55.000,LOCAL,4,Solid experience overall.,329,12423
2541,2026-04-25 18:11:46.000,REMOTE,4,Happy with my visit.,329,12426
2542,2026-02-09 20:45:19.000,LOCAL,4,Happy with my visit.,327,12434
2543,2025-06-21 03:57:04.000,REMOTE,4,"Very good, would come again.",330,12466
2544,2026-04-02 22:46:59.000,REMOTE,4,"Very good, would come again.",329,12472
2545,2025-12-16 06:54:18.000,REMOTE,3,"Average experience, nothing special.",329,12475
2546,2025-06-03 11:28:00.000,LOCAL,1,Completely disappointed.,329,12477
2547,2025-12-20 14:20:28.000,LOCAL,4,"Very good, would come again.",328,12479
2548,2026-01-12 14:33:47.000,REMOTE,1,Not what I expected at all.,328,12484
2549,2026-03-16 17:58:13.000,LOCAL,4,Great service and friendly staff.,328,12489
2550,2026-02-02 13:02:13.000,REMOTE,5,Always a pleasure coming here.,327,12491
2551,2025-05-23 06:37:51.000,REMOTE,5,Always a pleasure coming here.,329,12500
2552,2026-04-09 13:00:01.000,REMOTE,2,Service was quite slow today.,328,12505
2553,2026-02-23 00:51:58.000,LOCAL,5,Will definitely be back!,330,12508
2554,2025-07-26 11:12:29.000,REMOTE,1,Completely disappointed.,331,12512
2555,2026-01-07 19:12:10.000,REMOTE,4,Happy with my visit.,331,12523
2556,2025-10-18 17:25:53.000,REMOTE,4,Solid experience overall.,331,12529
2557,2025-11-20 20:46:12.000,REMOTE,5,Always a pleasure coming here.,331,12536
2558,2025-05-31 17:05:24.000,REMOTE,4,Happy with my visit.,331,12540
2559,2025-10-08 07:21:02.000,REMOTE,4,Solid experience overall.,331,12543
2560,2025-07-31 19:25:51.000,LOCAL,1,Will not return.,331,12544
2561,2025-06-24 01:48:10.000,REMOTE,2,Disappointing visit.,331,12554
2562,2025-11-20 06:46:37.000,LOCAL,3,"Average experience, nothing special.",332,12557
2563,2026-03-21 08:51:20.000,LOCAL,3,"Average experience, nothing special.",332,12560
2564,2026-02-15 11:06:44.000,REMOTE,4,Happy with my visit.,335,12561
2565,2026-02-05 02:27:39.000,REMOTE,4,"Very good, would come again.",334,12562
2566,2025-06-23 19:12:55.000,LOCAL,3,"Decent, but could improve.",335,12567
2567,2025-06-25 15:38:09.000,LOCAL,1,Very poor service.,334,12571
2568,2025-11-19 02:37:37.000,REMOTE,5,Will definitely be back!,332,12574
2569,2025-05-19 23:31:01.000,REMOTE,1,Very poor service.,335,12580
2570,2026-01-28 18:50:51.000,REMOTE,4,"Very good, would come again.",335,12590
2571,2026-02-10 17:42:42.000,LOCAL,5,Always a pleasure coming here.,333,12603
2572,2025-12-20 03:15:19.000,REMOTE,3,"Average experience, nothing special.",334,12606
2573,2025-08-04 07:45:02.000,LOCAL,1,Completely disappointed.,332,12618
2574,2026-01-17 23:25:15.000,LOCAL,4,"Very good, would come again.",335,12619
2575,2026-01-04 13:05:42.000,LOCAL,1,Will not return.,332,12636
2576,2026-03-23 07:08:53.000,LOCAL,1,Completely disappointed.,332,12640
2577,2025-12-16 23:53:25.000,LOCAL,3,OK but not outstanding.,334,12642
2578,2026-03-19 19:52:31.000,LOCAL,5,Always a pleasure coming here.,334,12645
2579,2025-10-17 15:21:57.000,LOCAL,5,Always a pleasure coming here.,332,12648
2580,2025-08-29 16:58:31.000,LOCAL,5,"Best in the area, no doubt.",335,12652
2581,2025-06-12 05:13:19.000,REMOTE,4,"Very good, would come again.",334,12665
2582,2025-10-11 20:46:30.000,REMOTE,4,Happy with my visit.,334,12669
2583,2025-07-15 22:00:45.000,REMOTE,4,Great service and friendly staff.,332,12680
2584,2025-12-09 07:31:49.000,LOCAL,2,Disappointing visit.,333,12681
2585,2025-11-22 06:31:17.000,REMOTE,5,Always a pleasure coming here.,334,12682
2586,2025-10-29 01:27:27.000,REMOTE,2,Staff could be more attentive.,332,12683
2587,2025-12-29 08:33:57.000,REMOTE,4,Solid experience overall.,335,12688
2588,2025-12-14 21:24:54.000,REMOTE,5,Excellent service! Highly recommended.,333,12691
2589,2026-01-15 23:38:19.000,LOCAL,4,Solid experience overall.,332,12693
2590,2026-04-29 03:06:25.000,REMOTE,5,"Best in the area, no doubt.",334,12699
2591,2025-05-26 16:53:05.000,REMOTE,4,"Very good, would come again.",333,12701
2592,2025-06-26 22:48:46.000,REMOTE,4,"Very good, would come again.",335,12705
2593,2025-12-13 11:20:39.000,REMOTE,3,OK but not outstanding.,334,12707
2594,2025-05-26 01:25:19.000,LOCAL,5,"Best in the area, no doubt.",336,12708
2595,2025-07-14 08:31:17.000,LOCAL,4,Solid experience overall.,336,12709
2596,2025-05-19 06:24:51.000,LOCAL,4,Great service and friendly staff.,336,12712
2597,2025-06-11 00:26:09.000,LOCAL,4,"Very good, would come again.",336,12717
2598,2026-02-03 01:18:21.000,REMOTE,5,"Best in the area, no doubt.",336,12718
2599,2025-06-25 07:09:49.000,REMOTE,4,Great service and friendly staff.,336,12732
2600,2026-01-25 10:30:21.000,REMOTE,5,"Best in the area, no doubt.",336,12734
2601,2025-12-02 11:31:53.000,REMOTE,5,Will definitely be back!,337,12739
2602,2026-03-15 13:17:10.000,REMOTE,4,Great service and friendly staff.,338,12741
2603,2025-09-24 14:35:00.000,LOCAL,2,Disappointing visit.,338,12744
2604,2025-11-05 02:01:09.000,LOCAL,3,Expected a bit more to be honest.,338,12756
2605,2025-09-03 19:50:56.000,LOCAL,1,Will not return.,337,12763
2606,2025-05-14 11:16:01.000,REMOTE,3,"Decent, but could improve.",338,12771
2607,2026-03-07 10:56:42.000,LOCAL,4,Great service and friendly staff.,338,12777
2608,2026-05-07 10:07:06.000,LOCAL,2,Disappointing visit.,337,12778
2609,2026-04-18 07:24:34.000,REMOTE,1,Very poor service.,337,12779
2610,2025-06-28 23:01:58.000,REMOTE,5,"Best in the area, no doubt.",338,12782
2611,2025-10-30 09:38:24.000,LOCAL,1,Very poor service.,337,12787
2612,2026-03-31 16:42:22.000,REMOTE,1,Completely disappointed.,337,12791
2613,2025-11-14 05:51:26.000,REMOTE,3,OK but not outstanding.,337,12793
2614,2026-02-06 10:47:20.000,REMOTE,4,"Very good, would come again.",338,12799
2615,2026-03-04 09:31:26.000,LOCAL,4,Solid experience overall.,339,12801
2616,2026-04-03 11:05:32.000,REMOTE,5,Always a pleasure coming here.,339,12804
2617,2025-12-20 03:47:45.000,REMOTE,5,Excellent service! Highly recommended.,340,12806
2618,2025-12-30 05:56:14.000,LOCAL,2,Product did not meet my expectations.,340,12810
2619,2026-02-09 12:01:09.000,LOCAL,2,Disappointing visit.,340,12814
2620,2025-10-10 13:03:06.000,REMOTE,5,Excellent service! Highly recommended.,340,12815
2621,2025-09-02 15:50:39.000,REMOTE,4,Great service and friendly staff.,339,12822
2622,2025-07-23 07:13:21.000,LOCAL,5,"Best in the area, no doubt.",341,12830
2623,2026-05-04 19:15:17.000,LOCAL,5,Always a pleasure coming here.,341,12836
2624,2025-07-27 09:49:22.000,LOCAL,2,Disappointing visit.,341,12842
2625,2026-02-09 14:13:26.000,LOCAL,3,"Average experience, nothing special.",341,12843
2626,2026-02-06 18:58:17.000,LOCAL,4,"Very good, would come again.",341,12853
2627,2025-08-20 13:21:31.000,REMOTE,4,"Very good, would come again.",341,12858
2628,2025-06-11 13:23:52.000,LOCAL,5,"Best in the area, no doubt.",341,12861
2629,2025-10-07 03:44:33.000,LOCAL,4,Solid experience overall.,341,12864
2630,2025-12-27 01:39:10.000,LOCAL,5,Will definitely be back!,341,12870
2631,2026-03-18 08:55:49.000,LOCAL,4,Great service and friendly staff.,341,12874
2632,2025-05-27 11:12:35.000,LOCAL,4,Happy with my visit.,341,12875
2633,2026-03-19 00:09:04.000,LOCAL,4,Solid experience overall.,341,12882
2634,2025-10-10 04:41:41.000,REMOTE,4,Solid experience overall.,341,12883
2635,2025-07-16 13:37:49.000,REMOTE,4,"Very good, would come again.",341,12887
2636,2026-03-21 09:12:04.000,REMOTE,3,OK but not outstanding.,341,12895
2637,2025-05-27 19:19:35.000,LOCAL,3,Expected a bit more to be honest.,341,12896
2638,2025-08-03 02:53:52.000,LOCAL,5,Always a pleasure coming here.,341,12904
2639,2026-04-23 10:10:14.000,REMOTE,1,Very poor service.,341,12930
2640,2026-03-19 01:05:49.000,LOCAL,4,"Very good, would come again.",341,12942
2641,2025-09-01 13:02:53.000,REMOTE,2,Disappointing visit.,342,12948
2642,2026-04-02 13:18:06.000,LOCAL,4,Solid experience overall.,342,12950
2643,2025-05-26 17:34:17.000,LOCAL,4,"Very good, would come again.",342,12951
2644,2025-09-14 18:31:51.000,REMOTE,5,Always a pleasure coming here.,342,12953
2645,2025-07-23 01:10:49.000,REMOTE,3,"Average experience, nothing special.",342,12957
2646,2026-02-12 06:47:37.000,REMOTE,2,Disappointing visit.,345,12969
2647,2025-12-01 08:46:28.000,REMOTE,3,"Average experience, nothing special.",344,12970
2648,2025-08-21 09:16:37.000,LOCAL,3,"Average experience, nothing special.",343,12979
2649,2025-11-27 01:58:17.000,REMOTE,5,Will definitely be back!,343,12985
2650,2026-01-30 16:50:01.000,REMOTE,3,Expected a bit more to be honest.,345,12989
2651,2025-10-29 16:32:21.000,REMOTE,4,Great service and friendly staff.,345,12991
2652,2026-04-16 14:48:39.000,REMOTE,3,OK but not outstanding.,344,12997
2653,2025-09-27 07:24:42.000,LOCAL,5,"Best in the area, no doubt.",344,12999
2654,2025-11-27 19:50:29.000,LOCAL,5,Will definitely be back!,345,13009
2655,2025-09-05 19:23:04.000,REMOTE,4,Great service and friendly staff.,343,13016
2656,2025-10-17 14:59:48.000,LOCAL,5,Always a pleasure coming here.,343,13022
2657,2026-02-28 09:51:50.000,LOCAL,3,"Decent, but could improve.",345,13027
2658,2026-02-09 01:22:18.000,REMOTE,5,Excellent service! Highly recommended.,345,13028
2659,2025-09-12 11:21:50.000,REMOTE,3,Expected a bit more to be honest.,344,13034
2660,2025-10-21 05:09:33.000,REMOTE,2,Product did not meet my expectations.,345,13039
2661,2025-05-09 07:39:42.000,LOCAL,5,Will definitely be back!,346,13045
2662,2026-01-17 17:32:25.000,REMOTE,5,"Best in the area, no doubt.",346,13049
2663,2026-01-19 01:36:12.000,REMOTE,5,Will definitely be back!,346,13056
2664,2026-04-09 11:31:57.000,REMOTE,4,"Very good, would come again.",347,13058
2665,2025-07-09 19:09:16.000,LOCAL,2,Service was quite slow today.,346,13076
2666,2025-11-21 08:25:39.000,LOCAL,4,Solid experience overall.,347,13082
2667,2025-09-28 14:23:00.000,LOCAL,4,Solid experience overall.,347,13086
2668,2026-05-04 08:10:00.000,REMOTE,1,Not what I expected at all.,346,13087
2669,2025-07-07 00:37:46.000,LOCAL,5,Always a pleasure coming here.,346,13089
2670,2026-01-27 13:42:14.000,LOCAL,5,Will definitely be back!,348,13103
2671,2026-02-10 15:14:43.000,REMOTE,4,Solid experience overall.,348,13104
2672,2025-08-12 09:12:47.000,LOCAL,4,"Very good, would come again.",348,13105
2673,2025-12-10 10:50:49.000,LOCAL,5,Excellent service! Highly recommended.,348,13106
2674,2026-02-20 11:56:26.000,LOCAL,2,Service was quite slow today.,348,13109
2675,2026-01-30 10:46:38.000,LOCAL,4,Happy with my visit.,348,13110
2676,2025-10-08 22:56:12.000,LOCAL,3,OK but not outstanding.,348,13113
2677,2025-06-13 14:39:32.000,LOCAL,4,Solid experience overall.,348,13116
2678,2025-11-17 07:37:44.000,LOCAL,4,Solid experience overall.,348,13117
2679,2025-10-23 17:40:53.000,LOCAL,4,Solid experience overall.,348,13119
2680,2026-04-11 04:13:52.000,LOCAL,4,Happy with my visit.,348,13125
2681,2025-12-06 02:14:44.000,LOCAL,2,Service was quite slow today.,348,13127
2682,2025-12-30 11:32:36.000,REMOTE,1,Completely disappointed.,348,13141
2683,2026-01-17 07:23:57.000,REMOTE,4,"Very good, would come again.",348,13142
2684,2026-02-09 11:21:58.000,LOCAL,5,Excellent service! Highly recommended.,348,13149
2685,2026-02-16 05:11:30.000,LOCAL,3,Expected a bit more to be honest.,350,13151
2686,2025-09-01 02:15:07.000,REMOTE,2,Product did not meet my expectations.,349,13166
2687,2025-06-27 17:06:22.000,REMOTE,4,Solid experience overall.,350,13167
2688,2026-01-26 19:20:41.000,REMOTE,4,Solid experience overall.,353,13175
2689,2026-01-27 22:11:34.000,LOCAL,5,Excellent service! Highly recommended.,351,13189
2690,2025-08-16 11:15:59.000,REMOTE,2,Service was quite slow today.,349,13190
2691,2025-07-29 20:47:19.000,LOCAL,3,"Average experience, nothing special.",354,13197
2692,2025-06-05 05:57:30.000,REMOTE,5,Always a pleasure coming here.,354,13202
2693,2026-01-02 21:19:58.000,LOCAL,5,Excellent service! Highly recommended.,354,13203
2694,2026-03-26 19:18:42.000,REMOTE,5,Excellent service! Highly recommended.,350,13211
2695,2026-04-14 01:29:46.000,REMOTE,3,OK but not outstanding.,351,13217
2696,2025-10-24 12:54:30.000,REMOTE,5,"Best in the area, no doubt.",353,13218
2697,2025-12-18 23:53:50.000,LOCAL,5,Will definitely be back!,353,13220
2698,2026-05-06 04:47:02.000,REMOTE,5,Will definitely be back!,349,13222
2699,2025-06-28 10:34:10.000,LOCAL,3,OK but not outstanding.,349,13243
2700,2026-01-18 20:41:01.000,LOCAL,5,Always a pleasure coming here.,352,13256
2701,2025-06-21 18:02:25.000,REMOTE,4,Great service and friendly staff.,354,13269
2702,2025-12-13 22:31:15.000,LOCAL,4,"Very good, would come again.",354,13272
2703,2026-04-03 17:38:51.000,LOCAL,2,Product did not meet my expectations.,351,13281
2704,2026-01-31 10:22:35.000,REMOTE,4,"Very good, would come again.",354,13288
2705,2025-10-07 08:50:52.000,REMOTE,4,Solid experience overall.,349,13306
2706,2026-01-28 04:01:18.000,LOCAL,5,"Best in the area, no doubt.",350,13307
2707,2026-04-30 06:32:36.000,REMOTE,4,Solid experience overall.,351,13317
2708,2025-09-15 12:19:46.000,LOCAL,3,Expected a bit more to be honest.,354,13322
2709,2025-08-03 16:43:57.000,LOCAL,5,Always a pleasure coming here.,350,13326
2710,2026-03-02 18:36:29.000,LOCAL,4,Great service and friendly staff.,352,13328
2711,2025-07-30 14:45:28.000,REMOTE,3,Expected a bit more to be honest.,349,13331
2712,2026-02-19 06:51:03.000,REMOTE,1,Completely disappointed.,349,13334
2713,2025-08-30 12:55:26.000,REMOTE,3,Expected a bit more to be honest.,353,13339
2714,2025-08-16 20:36:25.000,LOCAL,5,Excellent service! Highly recommended.,355,13361
2715,2025-09-09 19:52:56.000,REMOTE,5,Excellent service! Highly recommended.,355,13370
2716,2025-08-11 09:48:03.000,LOCAL,3,Expected a bit more to be honest.,356,13379
2717,2025-12-11 08:57:49.000,LOCAL,4,"Very good, would come again.",356,13394
2718,2025-06-17 10:51:25.000,LOCAL,5,"Best in the area, no doubt.",355,13403
2719,2026-01-18 06:01:57.000,LOCAL,2,Staff could be more attentive.,355,13407
2720,2025-12-07 08:57:30.000,LOCAL,4,Great service and friendly staff.,356,13411
2721,2026-04-29 02:43:55.000,REMOTE,4,Happy with my visit.,356,13416
2722,2025-06-07 20:14:21.000,LOCAL,5,Always a pleasure coming here.,356,13423
2723,2025-08-28 06:05:53.000,REMOTE,5,"Best in the area, no doubt.",355,13426
2724,2025-08-16 04:55:19.000,LOCAL,4,"Very good, would come again.",356,13442
2725,2025-11-25 21:29:02.000,LOCAL,5,Excellent service! Highly recommended.,355,13448
2726,2025-08-16 01:59:48.000,REMOTE,5,Excellent service! Highly recommended.,356,13452
2727,2025-05-17 21:25:47.000,LOCAL,5,Always a pleasure coming here.,355,13459
2728,2026-05-02 19:57:42.000,REMOTE,3,OK but not outstanding.,355,13464
2729,2025-07-15 16:43:50.000,LOCAL,3,Expected a bit more to be honest.,355,13466
2730,2026-02-28 06:02:29.000,REMOTE,3,"Average experience, nothing special.",358,13483
2731,2025-10-21 22:59:28.000,LOCAL,4,Solid experience overall.,359,13488
2732,2025-08-17 05:06:19.000,REMOTE,3,Expected a bit more to be honest.,358,13490
2733,2025-09-27 22:23:26.000,REMOTE,4,Solid experience overall.,358,13492
2734,2026-02-01 06:12:27.000,LOCAL,5,Always a pleasure coming here.,358,13493
2735,2026-04-27 22:36:39.000,LOCAL,3,OK but not outstanding.,358,13494
2736,2026-02-04 07:19:31.000,LOCAL,3,Expected a bit more to be honest.,359,13503
2737,2026-01-28 23:07:46.000,LOCAL,2,Product did not meet my expectations.,358,13505
2738,2025-07-15 02:03:54.000,LOCAL,3,"Decent, but could improve.",357,13513
2739,2025-11-14 20:57:28.000,LOCAL,5,Excellent service! Highly recommended.,357,13515
2740,2025-09-25 04:27:02.000,REMOTE,3,"Average experience, nothing special.",357,13517
2741,2026-04-28 14:05:08.000,LOCAL,5,"Best in the area, no doubt.",358,13524
2742,2025-11-30 18:24:58.000,REMOTE,4,Great service and friendly staff.,357,13537
2743,2026-04-05 06:12:05.000,REMOTE,5,Excellent service! Highly recommended.,358,13541
2744,2025-10-16 15:44:19.000,LOCAL,5,"Best in the area, no doubt.",358,13545
2745,2026-03-01 04:07:31.000,LOCAL,3,OK but not outstanding.,359,13550
2746,2025-07-16 06:51:10.000,LOCAL,3,Expected a bit more to be honest.,358,13552
2747,2026-04-20 18:39:21.000,REMOTE,3,"Decent, but could improve.",357,13561
2748,2025-09-30 05:35:30.000,REMOTE,5,Will definitely be back!,361,13567
2749,2025-06-22 09:48:00.000,LOCAL,4,Solid experience overall.,360,13573
2750,2025-11-20 14:34:59.000,REMOTE,2,Staff could be more attentive.,360,13574
2751,2025-10-09 07:24:27.000,REMOTE,4,"Very good, would come again.",360,13580
2752,2025-10-16 00:34:52.000,LOCAL,5,Excellent service! Highly recommended.,361,13582
2753,2025-07-08 08:16:03.000,REMOTE,3,OK but not outstanding.,361,13584
2754,2025-09-20 17:17:00.000,LOCAL,5,Always a pleasure coming here.,360,13585
2755,2025-06-21 01:08:58.000,LOCAL,5,Excellent service! Highly recommended.,361,13588
2756,2025-05-21 23:48:30.000,REMOTE,4,Great service and friendly staff.,360,13591
2757,2025-12-18 06:24:10.000,REMOTE,5,Excellent service! Highly recommended.,360,13597
2758,2025-10-27 06:10:37.000,REMOTE,1,Not what I expected at all.,361,13599
2759,2025-10-12 20:23:19.000,REMOTE,4,Happy with my visit.,361,13601
2760,2025-11-08 04:45:44.000,REMOTE,4,Happy with my visit.,361,13603
2761,2026-03-13 08:55:01.000,REMOTE,2,Disappointing visit.,360,13604
2762,2026-04-14 16:46:00.000,LOCAL,1,Not what I expected at all.,361,13607
2763,2026-01-23 05:58:19.000,REMOTE,5,"Best in the area, no doubt.",360,13609
2764,2025-05-24 17:45:14.000,REMOTE,3,"Decent, but could improve.",361,13610
2765,2026-02-25 02:37:02.000,LOCAL,5,"Best in the area, no doubt.",360,13623
2766,2025-07-09 11:44:18.000,REMOTE,2,Product did not meet my expectations.,360,13625
2767,2026-03-19 15:22:39.000,REMOTE,4,Happy with my visit.,360,13628
2768,2026-04-04 04:32:05.000,LOCAL,2,Disappointing visit.,361,13629
2769,2025-07-25 22:11:50.000,LOCAL,4,Happy with my visit.,360,13632
2770,2025-12-02 03:20:02.000,LOCAL,3,"Average experience, nothing special.",361,13639
2771,2026-01-03 00:18:53.000,REMOTE,5,Will definitely be back!,361,13640
2772,2025-10-14 20:19:19.000,REMOTE,4,Happy with my visit.,361,13644
2773,2025-08-20 19:31:11.000,REMOTE,4,"Very good, would come again.",361,13647
2774,2025-06-17 23:09:25.000,LOCAL,4,Solid experience overall.,360,13648
2775,2026-03-14 13:14:55.000,REMOTE,1,Will not return.,360,13650
2776,2025-09-11 14:36:23.000,REMOTE,4,Happy with my visit.,360,13658
2777,2025-12-18 15:37:17.000,LOCAL,3,"Decent, but could improve.",360,13663
2778,2025-11-08 13:56:55.000,REMOTE,4,Happy with my visit.,361,13668
2779,2026-04-19 19:04:01.000,LOCAL,2,Product did not meet my expectations.,360,13671
2780,2025-05-18 12:02:51.000,LOCAL,4,Great service and friendly staff.,360,13672
2781,2025-12-04 23:44:23.000,REMOTE,5,"Best in the area, no doubt.",361,13674
2782,2026-01-29 15:56:39.000,LOCAL,1,Completely disappointed.,361,13677
2783,2025-06-16 11:26:24.000,LOCAL,3,"Decent, but could improve.",361,13678
2784,2025-11-05 11:29:26.000,LOCAL,2,Service was quite slow today.,361,13682
2785,2025-08-04 10:10:04.000,REMOTE,1,Very poor service.,361,13683
2786,2025-08-01 14:19:03.000,REMOTE,1,Will not return.,360,13691
2787,2026-01-07 11:06:37.000,LOCAL,5,Always a pleasure coming here.,361,13693
2788,2025-11-20 09:14:05.000,LOCAL,5,Excellent service! Highly recommended.,361,13697
2789,2026-03-21 13:33:39.000,REMOTE,4,Solid experience overall.,361,13701
2790,2025-10-07 13:13:03.000,LOCAL,2,Product did not meet my expectations.,361,13707
2791,2025-10-13 00:31:55.000,LOCAL,5,Excellent service! Highly recommended.,360,13714
2792,2025-09-06 12:44:42.000,LOCAL,3,"Average experience, nothing special.",361,13715
2793,2026-03-18 21:57:05.000,REMOTE,3,"Decent, but could improve.",360,13720
2794,2025-12-13 14:10:42.000,LOCAL,5,Excellent service! Highly recommended.,360,13721
2795,2026-04-03 20:54:20.000,REMOTE,1,Very poor service.,360,13731
2796,2025-07-28 09:46:32.000,LOCAL,4,Happy with my visit.,360,13737
2797,2026-01-16 05:20:08.000,REMOTE,5,"Best in the area, no doubt.",361,13738
2798,2026-03-27 00:56:16.000,LOCAL,4,Solid experience overall.,361,13745
2799,2025-06-07 08:36:02.000,LOCAL,4,Great service and friendly staff.,360,13746
2800,2025-09-26 15:31:09.000,REMOTE,3,"Decent, but could improve.",361,13755
2801,2025-08-24 06:26:58.000,LOCAL,5,Excellent service! Highly recommended.,360,13767
2802,2026-04-22 02:02:44.000,LOCAL,1,Completely disappointed.,361,13768
2803,2025-06-30 04:13:06.000,LOCAL,3,"Average experience, nothing special.",361,13779
2804,2025-10-28 12:26:05.000,REMOTE,5,Excellent service! Highly recommended.,360,13781
2805,2026-01-15 00:03:09.000,REMOTE,2,Disappointing visit.,361,13785
2806,2025-08-13 09:29:18.000,REMOTE,3,"Average experience, nothing special.",360,13793
2807,2025-12-03 04:56:33.000,LOCAL,5,Always a pleasure coming here.,361,13799
2808,2025-09-13 09:36:53.000,LOCAL,5,Excellent service! Highly recommended.,360,13802
2809,2026-03-07 01:49:29.000,LOCAL,3,"Decent, but could improve.",361,13807
2810,2025-08-20 13:25:30.000,LOCAL,5,Excellent service! Highly recommended.,360,13810
2811,2025-11-25 15:17:29.000,REMOTE,3,"Average experience, nothing special.",361,13814
2812,2025-11-02 01:36:56.000,REMOTE,5,Excellent service! Highly recommended.,361,13815
2813,2025-11-14 09:43:46.000,LOCAL,3,Expected a bit more to be honest.,361,13819
2814,2025-09-24 00:15:14.000,LOCAL,5,Will definitely be back!,361,13820
2815,2026-05-07 11:49:36.000,REMOTE,1,Completely disappointed.,361,13822
2816,2026-04-03 17:58:28.000,REMOTE,4,Solid experience overall.,360,13824
2817,2025-06-16 05:17:40.000,REMOTE,4,Solid experience overall.,360,13827
2818,2025-05-24 18:39:09.000,LOCAL,4,Great service and friendly staff.,361,13830
2819,2025-08-01 09:10:07.000,LOCAL,2,Service was quite slow today.,360,13831
2820,2026-03-08 22:56:08.000,REMOTE,5,"Best in the area, no doubt.",360,13833
2821,2025-10-16 00:21:46.000,REMOTE,4,Solid experience overall.,360,13835
2822,2025-10-24 03:00:59.000,REMOTE,3,Expected a bit more to be honest.,360,13837
2823,2025-10-27 13:18:33.000,LOCAL,5,"Best in the area, no doubt.",361,13839
2824,2026-03-13 04:47:29.000,REMOTE,3,"Average experience, nothing special.",361,13842
2825,2025-09-08 06:35:54.000,REMOTE,2,Disappointing visit.,360,13843
2826,2025-05-09 20:08:52.000,REMOTE,2,Staff could be more attentive.,361,13844
2827,2025-07-15 12:50:25.000,REMOTE,5,Will definitely be back!,360,13849
2828,2026-04-21 01:34:42.000,LOCAL,2,Staff could be more attentive.,360,13853
2829,2025-06-16 22:29:25.000,LOCAL,2,Service was quite slow today.,362,13858
2830,2025-11-16 01:35:08.000,LOCAL,5,Excellent service! Highly recommended.,362,13874
2831,2025-09-28 12:07:55.000,LOCAL,5,Excellent service! Highly recommended.,362,13877
2832,2026-01-15 13:35:56.000,REMOTE,4,Great service and friendly staff.,362,13899
2833,2025-07-14 19:01:09.000,LOCAL,5,Will definitely be back!,362,13908
2834,2025-10-14 15:36:55.000,REMOTE,5,"Best in the area, no doubt.",362,13909
2835,2025-12-25 08:16:58.000,REMOTE,5,Always a pleasure coming here.,363,13919
2836,2025-12-07 21:10:42.000,REMOTE,4,Great service and friendly staff.,363,13920
2837,2025-09-03 01:44:22.000,LOCAL,3,"Decent, but could improve.",363,13931
2838,2026-03-29 23:30:07.000,LOCAL,5,Excellent service! Highly recommended.,364,13934
2839,2025-07-31 16:51:17.000,LOCAL,4,Solid experience overall.,363,13936
2840,2025-10-01 06:53:21.000,REMOTE,5,Excellent service! Highly recommended.,363,13939
2841,2026-04-06 06:48:03.000,LOCAL,5,Will definitely be back!,363,13940
2842,2025-12-12 13:44:18.000,REMOTE,4,Great service and friendly staff.,364,13941
2843,2025-12-25 04:48:59.000,REMOTE,3,"Average experience, nothing special.",365,13945
2844,2025-12-29 03:09:44.000,LOCAL,5,"Best in the area, no doubt.",365,13947
2845,2025-06-23 00:40:55.000,REMOTE,4,Solid experience overall.,366,13949
2846,2026-03-08 17:47:42.000,LOCAL,5,Will definitely be back!,366,13950
2847,2025-10-19 06:13:20.000,LOCAL,2,Staff could be more attentive.,366,13962
2848,2026-01-19 18:23:53.000,LOCAL,4,Solid experience overall.,365,13966
2849,2026-04-16 18:17:15.000,REMOTE,5,Always a pleasure coming here.,366,13968
2850,2025-10-06 10:57:27.000,REMOTE,2,Disappointing visit.,365,13975
2851,2026-01-17 17:34:11.000,REMOTE,2,Service was quite slow today.,365,13979
2852,2025-05-22 19:55:12.000,REMOTE,3,OK but not outstanding.,365,13982
2853,2026-01-03 18:34:25.000,REMOTE,5,Will definitely be back!,366,13986
2854,2025-08-03 12:05:17.000,REMOTE,3,"Average experience, nothing special.",366,13987
2855,2025-07-03 18:08:07.000,REMOTE,5,Will definitely be back!,365,13990
2856,2026-03-29 14:58:23.000,LOCAL,3,OK but not outstanding.,365,13992
2857,2025-11-29 23:45:08.000,REMOTE,2,Product did not meet my expectations.,366,13994
2858,2025-06-11 07:12:47.000,LOCAL,5,"Best in the area, no doubt.",366,13995
2859,2025-09-12 13:16:45.000,LOCAL,5,"Best in the area, no doubt.",366,13997
2860,2026-02-05 15:23:50.000,LOCAL,5,Will definitely be back!,366,14002
2861,2025-09-04 18:13:47.000,REMOTE,5,Always a pleasure coming here.,367,14011
2862,2026-03-23 14:16:15.000,LOCAL,5,Always a pleasure coming here.,367,14013
2863,2026-02-01 14:40:02.000,REMOTE,5,Will definitely be back!,367,14028
2864,2025-06-18 07:57:26.000,REMOTE,5,Excellent service! Highly recommended.,367,14034
2865,2025-08-02 16:11:44.000,LOCAL,4,Great service and friendly staff.,367,14038
2866,2025-08-16 15:50:15.000,REMOTE,4,"Very good, would come again.",367,14040
2867,2025-07-15 04:27:08.000,LOCAL,2,Service was quite slow today.,367,14043
2868,2026-03-24 16:09:03.000,REMOTE,4,Happy with my visit.,367,14046
2869,2026-02-20 00:08:59.000,REMOTE,3,"Average experience, nothing special.",368,14054
2870,2025-05-30 22:21:56.000,REMOTE,4,Great service and friendly staff.,368,14056
2871,2025-08-07 15:13:31.000,LOCAL,5,"Best in the area, no doubt.",368,14063
2872,2025-09-17 06:21:32.000,REMOTE,2,Staff could be more attentive.,368,14065
2873,2025-07-09 10:13:53.000,LOCAL,5,Always a pleasure coming here.,368,14070
2874,2026-04-12 18:42:39.000,REMOTE,5,Excellent service! Highly recommended.,368,14071
2875,2025-05-11 08:42:43.000,REMOTE,3,OK but not outstanding.,368,14078
2876,2025-09-23 05:20:10.000,REMOTE,4,Great service and friendly staff.,368,14080
2877,2025-05-25 01:26:58.000,REMOTE,4,Solid experience overall.,368,14083
2878,2026-03-29 20:52:45.000,REMOTE,4,"Very good, would come again.",368,14087
2879,2025-07-04 08:57:49.000,LOCAL,4,Solid experience overall.,368,14095
2880,2025-10-31 07:11:01.000,LOCAL,5,Will definitely be back!,368,14097
2881,2025-07-03 16:56:13.000,LOCAL,3,Expected a bit more to be honest.,368,14101
2882,2026-05-04 06:41:25.000,LOCAL,3,Expected a bit more to be honest.,368,14104
2883,2025-07-03 09:23:23.000,LOCAL,5,Excellent service! Highly recommended.,368,14105
2884,2025-08-18 21:43:52.000,REMOTE,4,Great service and friendly staff.,369,14111
2885,2026-02-18 13:37:50.000,LOCAL,4,Great service and friendly staff.,371,14115
2886,2025-07-29 21:13:55.000,LOCAL,4,Solid experience overall.,370,14117
2887,2025-11-16 20:42:30.000,LOCAL,5,Will definitely be back!,370,14132
2888,2026-02-12 06:06:16.000,REMOTE,5,"Best in the area, no doubt.",369,14137
2889,2025-05-16 23:09:08.000,LOCAL,5,"Best in the area, no doubt.",370,14139
2890,2026-02-22 09:53:47.000,REMOTE,4,"Very good, would come again.",371,14140
2891,2026-03-17 14:48:30.000,LOCAL,5,"Best in the area, no doubt.",371,14141
2892,2026-02-22 02:09:26.000,REMOTE,4,Solid experience overall.,369,14144
2893,2026-05-01 15:12:19.000,REMOTE,2,Disappointing visit.,371,14145
2894,2025-05-12 06:29:02.000,REMOTE,2,Product did not meet my expectations.,371,14155
2895,2025-12-29 19:53:01.000,REMOTE,5,Always a pleasure coming here.,369,14156
2896,2026-03-21 08:38:45.000,REMOTE,1,Will not return.,369,14160
2897,2025-09-10 19:22:52.000,LOCAL,5,"Best in the area, no doubt.",371,14161
2898,2025-12-23 17:43:18.000,LOCAL,1,Not what I expected at all.,370,14167
2899,2025-08-08 13:54:44.000,REMOTE,5,Will definitely be back!,372,14176
2900,2026-01-01 04:49:47.000,REMOTE,4,"Very good, would come again.",374,14180
2901,2025-05-23 18:17:27.000,LOCAL,5,"Best in the area, no doubt.",372,14189
2902,2026-02-02 08:05:17.000,REMOTE,4,Happy with my visit.,372,14195
2903,2025-09-07 01:58:25.000,LOCAL,4,"Very good, would come again.",372,14198
2904,2026-03-01 20:45:41.000,LOCAL,2,Staff could be more attentive.,373,14208
2905,2025-06-13 04:41:51.000,LOCAL,4,Happy with my visit.,373,14212
2906,2026-01-01 21:54:57.000,REMOTE,4,"Very good, would come again.",374,14218
2907,2026-04-03 11:42:06.000,LOCAL,4,Solid experience overall.,372,14219
2908,2025-07-27 21:40:03.000,LOCAL,4,Happy with my visit.,373,14224
2909,2026-02-17 00:14:19.000,LOCAL,3,Expected a bit more to be honest.,373,14231
2910,2026-03-09 18:33:25.000,LOCAL,3,"Decent, but could improve.",373,14232
2911,2025-09-13 08:59:05.000,LOCAL,5,Always a pleasure coming here.,372,14235
2912,2025-10-16 16:13:36.000,LOCAL,5,Excellent service! Highly recommended.,374,14243
2913,2025-10-22 17:44:36.000,LOCAL,5,"Best in the area, no doubt.",374,14244
2914,2025-06-29 21:21:21.000,REMOTE,4,"Very good, would come again.",372,14248
2915,2026-01-25 16:09:11.000,LOCAL,4,Happy with my visit.,373,14251
2916,2025-06-18 18:27:30.000,REMOTE,4,"Very good, would come again.",374,14256
2917,2025-07-02 19:09:57.000,REMOTE,2,Disappointing visit.,374,14259
2918,2026-03-16 04:10:17.000,REMOTE,2,Service was quite slow today.,372,14266
2919,2026-01-12 02:02:36.000,LOCAL,1,Very poor service.,374,14269
2920,2026-02-17 16:52:22.000,LOCAL,3,OK but not outstanding.,374,14270
2921,2025-05-14 09:16:23.000,REMOTE,5,"Best in the area, no doubt.",373,14278
2922,2026-04-13 20:47:47.000,LOCAL,2,Disappointing visit.,374,14280
2923,2026-03-08 12:56:34.000,REMOTE,4,Great service and friendly staff.,372,14290
2924,2025-10-11 12:50:49.000,REMOTE,2,Disappointing visit.,372,14294
2925,2025-07-14 11:45:05.000,REMOTE,4,Solid experience overall.,373,14296
2926,2025-08-28 00:37:29.000,REMOTE,5,Excellent service! Highly recommended.,372,14299
2927,2025-08-23 15:18:05.000,REMOTE,1,Very poor service.,373,14304
2928,2025-10-22 15:13:04.000,LOCAL,3,OK but not outstanding.,373,14306
2929,2025-12-17 23:45:11.000,REMOTE,5,Excellent service! Highly recommended.,372,14308
2930,2025-06-25 14:07:25.000,LOCAL,5,Will definitely be back!,374,14315
2931,2025-10-08 05:54:34.000,REMOTE,5,Always a pleasure coming here.,372,14316
2932,2026-03-15 15:54:09.000,REMOTE,4,Solid experience overall.,374,14317
2933,2026-03-18 06:10:55.000,REMOTE,3,"Average experience, nothing special.",374,14318
2934,2025-11-21 09:39:06.000,REMOTE,4,Happy with my visit.,372,14322
2935,2025-12-15 02:06:37.000,REMOTE,3,Expected a bit more to be honest.,374,14326
2936,2026-01-28 22:02:37.000,REMOTE,5,Excellent service! Highly recommended.,373,14332
2937,2026-02-11 03:41:30.000,REMOTE,3,Expected a bit more to be honest.,373,14341
2938,2025-12-12 17:30:09.000,LOCAL,4,Solid experience overall.,373,14342
2939,2025-07-16 15:20:17.000,REMOTE,5,Will definitely be back!,379,14363
2940,2025-06-03 07:03:21.000,REMOTE,3,Expected a bit more to be honest.,375,14376
2941,2025-10-02 15:31:37.000,LOCAL,4,Solid experience overall.,375,14383
2942,2025-11-06 13:01:21.000,REMOTE,5,"Best in the area, no doubt.",377,14387
2943,2025-11-12 11:56:25.000,REMOTE,2,Disappointing visit.,376,14394
2944,2026-02-21 09:25:22.000,LOCAL,4,"Very good, would come again.",377,14395
2945,2025-10-07 08:24:18.000,REMOTE,3,"Decent, but could improve.",378,14405
2946,2025-06-24 15:51:01.000,REMOTE,2,Staff could be more attentive.,378,14410
2947,2025-09-12 23:24:11.000,LOCAL,5,"Best in the area, no doubt.",375,14411
2948,2025-07-01 01:24:15.000,LOCAL,2,Staff could be more attentive.,378,14412
2949,2025-10-03 04:04:54.000,REMOTE,5,Will definitely be back!,378,14415
2950,2025-10-16 02:01:14.000,REMOTE,1,Not what I expected at all.,376,14420
2951,2026-01-25 05:33:17.000,REMOTE,3,OK but not outstanding.,379,14422
2952,2025-09-03 13:53:08.000,LOCAL,3,"Average experience, nothing special.",377,14432
2953,2025-09-27 03:05:08.000,LOCAL,4,Solid experience overall.,376,14437
2954,2026-02-01 03:28:52.000,REMOTE,2,Disappointing visit.,379,14450
2955,2025-11-04 03:26:25.000,LOCAL,4,Solid experience overall.,379,14460
2956,2025-06-27 16:35:29.000,LOCAL,4,"Very good, would come again.",377,14466
2957,2026-03-10 20:19:01.000,REMOTE,5,Always a pleasure coming here.,378,14470
2958,2025-07-20 20:03:06.000,REMOTE,2,Service was quite slow today.,376,14471
2959,2026-03-06 03:59:22.000,LOCAL,3,"Average experience, nothing special.",377,14472
2960,2026-02-09 05:25:31.000,LOCAL,3,"Decent, but could improve.",379,14485
2961,2025-10-02 12:00:47.000,LOCAL,5,Excellent service! Highly recommended.,378,14513
2962,2025-07-03 06:47:01.000,LOCAL,4,Great service and friendly staff.,376,14517
2963,2026-02-15 13:21:40.000,REMOTE,5,Will definitely be back!,378,14519
2964,2025-08-03 04:11:09.000,REMOTE,5,"Best in the area, no doubt.",375,14527
2965,2026-03-12 12:43:56.000,REMOTE,4,"Very good, would come again.",379,14529
2966,2025-12-15 23:57:46.000,LOCAL,4,"Very good, would come again.",375,14531
2967,2026-03-28 09:25:05.000,LOCAL,4,"Very good, would come again.",375,14540
2968,2026-02-04 08:20:55.000,REMOTE,3,"Average experience, nothing special.",377,14545
2969,2026-03-16 01:21:18.000,REMOTE,5,Excellent service! Highly recommended.,378,14551
2970,2025-12-25 02:57:58.000,LOCAL,1,Not what I expected at all.,375,14555
2971,2025-12-22 20:21:47.000,REMOTE,5,Will definitely be back!,378,14560
2972,2026-04-17 11:35:45.000,LOCAL,3,Expected a bit more to be honest.,378,14562
2973,2025-05-28 17:36:15.000,LOCAL,5,Always a pleasure coming here.,379,14564
2974,2025-09-05 09:37:31.000,REMOTE,5,Will definitely be back!,379,14565
2975,2026-04-18 13:42:16.000,LOCAL,3,"Decent, but could improve.",377,14566
2976,2025-08-11 13:19:06.000,REMOTE,2,Disappointing visit.,375,14575
2977,2025-10-12 01:55:12.000,REMOTE,4,"Very good, would come again.",375,14577
2978,2026-01-30 05:00:47.000,LOCAL,3,Expected a bit more to be honest.,379,14584
2979,2025-11-30 16:16:33.000,LOCAL,4,"Very good, would come again.",378,14586
2980,2025-12-31 05:51:00.000,REMOTE,3,"Average experience, nothing special.",375,14592
2981,2025-08-13 03:27:07.000,REMOTE,5,Excellent service! Highly recommended.,377,14599
2982,2025-05-21 23:05:06.000,REMOTE,5,Always a pleasure coming here.,376,14602
2983,2025-08-24 13:40:13.000,REMOTE,4,Happy with my visit.,377,14603
2984,2026-01-03 17:45:40.000,LOCAL,5,Excellent service! Highly recommended.,376,14606
2985,2025-06-20 06:17:22.000,REMOTE,5,"Best in the area, no doubt.",377,14618
2986,2025-11-21 20:16:54.000,REMOTE,4,Happy with my visit.,378,14625
2987,2026-03-16 06:17:25.000,REMOTE,3,Expected a bit more to be honest.,376,14629
2988,2025-05-27 09:54:15.000,REMOTE,4,"Very good, would come again.",375,14634
2989,2026-02-20 22:28:22.000,REMOTE,3,"Decent, but could improve.",380,14639
2990,2025-05-28 08:36:38.000,REMOTE,5,Will definitely be back!,380,14646
2991,2025-11-06 06:43:59.000,REMOTE,5,Will definitely be back!,380,14650
2992,2026-01-24 08:28:27.000,LOCAL,1,Not what I expected at all.,380,14652
2993,2025-05-09 20:19:37.000,REMOTE,2,Disappointing visit.,380,14653
2994,2026-01-25 01:23:58.000,LOCAL,2,Service was quite slow today.,380,14658
2995,2026-04-28 06:00:11.000,LOCAL,2,Service was quite slow today.,380,14659
2996,2026-02-26 01:57:11.000,REMOTE,5,Will definitely be back!,382,14677
2997,2025-06-27 01:36:19.000,LOCAL,2,Product did not meet my expectations.,382,14680
2998,2026-05-02 03:40:08.000,REMOTE,3,OK but not outstanding.,381,14681
2999,2025-10-28 00:41:31.000,LOCAL,3,"Average experience, nothing special.",381,14685
3000,2026-01-27 19:49:58.000,REMOTE,3,"Average experience, nothing special.",381,14691
3001,2026-05-07 02:41:05.000,REMOTE,4,"Very good, would come again.",382,14700
3002,2026-03-15 15:55:12.000,LOCAL,4,Happy with my visit.,382,14702
3003,2026-05-03 06:04:58.000,LOCAL,4,Great service and friendly staff.,381,14703
3004,2026-04-20 07:54:53.000,LOCAL,3,Expected a bit more to be honest.,382,14717
3005,2025-08-10 16:19:52.000,REMOTE,4,Happy with my visit.,381,14718
3006,2026-04-28 04:22:32.000,LOCAL,2,Service was quite slow today.,381,14720
3007,2025-09-06 18:02:31.000,REMOTE,3,Expected a bit more to be honest.,381,14724
3008,2026-02-14 10:00:23.000,LOCAL,4,Solid experience overall.,382,14729
3009,2026-01-12 13:39:22.000,REMOTE,5,Excellent service! Highly recommended.,382,14733
3010,2026-03-05 03:36:43.000,REMOTE,3,"Average experience, nothing special.",381,14734
3011,2025-07-02 09:02:47.000,REMOTE,4,Happy with my visit.,382,14735
3012,2025-07-21 21:16:44.000,LOCAL,4,"Very good, would come again.",381,14740
3013,2025-09-12 01:37:23.000,REMOTE,3,Expected a bit more to be honest.,382,14744
3014,2026-04-09 20:30:57.000,LOCAL,5,Always a pleasure coming here.,381,14752
3015,2025-06-18 07:07:30.000,LOCAL,4,Happy with my visit.,382,14755
3016,2025-05-29 22:33:09.000,LOCAL,5,"Best in the area, no doubt.",381,14762
3017,2025-12-05 15:57:07.000,REMOTE,2,Service was quite slow today.,382,14765
3018,2026-04-19 05:49:56.000,REMOTE,3,"Average experience, nothing special.",382,14768
3019,2025-07-30 09:56:41.000,REMOTE,5,Will definitely be back!,382,14772
3020,2025-08-23 05:39:32.000,REMOTE,1,Not what I expected at all.,381,14776
3021,2025-10-08 16:23:34.000,LOCAL,3,"Average experience, nothing special.",381,14778
3022,2025-09-02 16:55:43.000,REMOTE,4,"Very good, would come again.",381,14785
3023,2025-11-06 09:30:57.000,LOCAL,5,Always a pleasure coming here.,382,14790
3024,2025-12-11 05:55:23.000,LOCAL,5,Will definitely be back!,382,14797
3025,2025-06-27 21:52:15.000,LOCAL,3,OK but not outstanding.,382,14800
3026,2025-08-22 19:11:32.000,REMOTE,4,"Very good, would come again.",385,14802
3027,2026-02-15 03:53:08.000,REMOTE,5,"Best in the area, no doubt.",385,14804
3028,2025-08-13 17:57:02.000,REMOTE,5,Excellent service! Highly recommended.,383,14805
3029,2026-01-17 04:50:56.000,LOCAL,5,Always a pleasure coming here.,383,14815
3030,2026-02-22 20:35:43.000,LOCAL,4,Happy with my visit.,384,14825
3031,2026-01-11 21:51:52.000,REMOTE,1,Completely disappointed.,384,14829
3032,2026-01-08 14:03:16.000,LOCAL,5,Will definitely be back!,385,14832
3033,2025-06-05 11:05:41.000,LOCAL,3,"Decent, but could improve.",383,14841
3034,2026-02-19 12:11:04.000,LOCAL,4,Great service and friendly staff.,383,14851
3035,2025-09-13 14:07:52.000,REMOTE,5,"Best in the area, no doubt.",385,14853
3036,2025-12-23 09:37:04.000,LOCAL,2,Staff could be more attentive.,383,14854
3037,2025-05-17 01:13:51.000,REMOTE,3,"Average experience, nothing special.",384,14859
3038,2026-03-21 05:42:40.000,REMOTE,5,Excellent service! Highly recommended.,384,14861
3039,2025-11-08 09:03:54.000,REMOTE,5,Always a pleasure coming here.,384,14864
3040,2025-12-20 12:23:14.000,REMOTE,5,Excellent service! Highly recommended.,383,14865
3041,2025-11-20 22:56:27.000,REMOTE,5,"Best in the area, no doubt.",385,14869
3042,2025-11-23 08:30:55.000,REMOTE,3,"Decent, but could improve.",384,14870
3043,2026-01-02 20:15:30.000,LOCAL,4,Solid experience overall.,385,14871
3044,2025-12-25 06:00:04.000,LOCAL,4,Great service and friendly staff.,384,14873
3045,2025-10-20 20:37:09.000,REMOTE,5,Will definitely be back!,385,14875
3046,2025-10-15 14:00:31.000,LOCAL,5,Will definitely be back!,384,14877
3047,2026-01-09 15:34:12.000,REMOTE,3,Expected a bit more to be honest.,383,14884
3048,2025-06-28 05:21:02.000,LOCAL,2,Product did not meet my expectations.,385,14892
3049,2025-06-03 19:22:51.000,REMOTE,2,Disappointing visit.,385,14894
3050,2026-03-01 11:33:28.000,REMOTE,4,Solid experience overall.,384,14897
3051,2026-03-25 01:52:41.000,LOCAL,5,"Best in the area, no doubt.",384,14900
3052,2025-09-10 09:30:38.000,REMOTE,5,Always a pleasure coming here.,383,14903
3053,2025-11-26 09:49:23.000,REMOTE,5,"Best in the area, no doubt.",383,14904
3054,2026-04-09 11:13:06.000,REMOTE,1,Very poor service.,385,14905
3055,2026-03-07 07:31:50.000,REMOTE,3,"Decent, but could improve.",385,14906
3056,2025-11-07 23:12:37.000,REMOTE,4,Happy with my visit.,384,14908
3057,2025-12-04 01:09:37.000,LOCAL,1,Will not return.,391,14919
3058,2025-07-23 23:46:09.000,REMOTE,4,Happy with my visit.,387,14925
3059,2026-01-14 02:21:15.000,LOCAL,3,"Decent, but could improve.",391,14928
3060,2025-10-31 00:15:06.000,REMOTE,5,Always a pleasure coming here.,392,14938
3061,2026-03-04 06:01:50.000,REMOTE,2,Product did not meet my expectations.,387,14940
3062,2025-07-19 22:22:44.000,LOCAL,4,Happy with my visit.,388,14944
3063,2025-05-17 07:11:38.000,REMOTE,5,"Best in the area, no doubt.",388,14952
3064,2025-12-02 01:17:34.000,LOCAL,4,"Very good, would come again.",389,14958
3065,2025-07-13 07:46:55.000,REMOTE,1,Will not return.,389,14959
3066,2025-06-30 17:05:35.000,LOCAL,4,Happy with my visit.,388,14960
3067,2026-01-26 13:45:34.000,LOCAL,3,"Average experience, nothing special.",387,14977
3068,2026-02-10 02:39:36.000,LOCAL,5,Excellent service! Highly recommended.,388,14985
3069,2025-06-13 09:12:00.000,LOCAL,4,Happy with my visit.,388,14988
3070,2025-10-11 16:23:37.000,LOCAL,5,Always a pleasure coming here.,386,14991
3071,2025-07-17 08:17:35.000,LOCAL,4,Happy with my visit.,387,14992
3072,2026-02-15 04:34:41.000,LOCAL,5,Always a pleasure coming here.,391,14995
3073,2026-02-24 19:43:55.000,LOCAL,4,Great service and friendly staff.,388,14996
3074,2026-02-13 06:14:33.000,REMOTE,5,Always a pleasure coming here.,391,14999
3075,2026-02-25 04:12:28.000,REMOTE,5,Always a pleasure coming here.,389,15003
3076,2025-11-06 15:17:49.000,REMOTE,5,"Best in the area, no doubt.",388,15005
3077,2025-08-30 16:39:35.000,LOCAL,4,Happy with my visit.,391,15007
3078,2025-12-17 21:27:21.000,REMOTE,5,Will definitely be back!,389,15016
3079,2026-01-19 11:40:03.000,REMOTE,3,Expected a bit more to be honest.,390,15021
3080,2025-12-11 20:18:15.000,LOCAL,3,"Average experience, nothing special.",388,15037
3081,2025-11-02 10:54:19.000,LOCAL,4,Great service and friendly staff.,389,15038
3082,2025-08-23 13:51:21.000,REMOTE,5,"Best in the area, no doubt.",391,15058
3083,2025-11-18 16:05:47.000,REMOTE,4,Solid experience overall.,388,15073
3084,2025-06-24 22:13:22.000,LOCAL,4,Great service and friendly staff.,386,15075
3085,2026-02-12 16:21:21.000,REMOTE,1,Not what I expected at all.,389,15078
3086,2025-05-26 07:06:09.000,LOCAL,5,"Best in the area, no doubt.",386,15082
3087,2026-04-10 14:16:15.000,REMOTE,2,Disappointing visit.,391,15084
3088,2025-05-15 03:32:16.000,LOCAL,1,Will not return.,389,15093
3089,2026-04-17 03:07:34.000,REMOTE,4,Solid experience overall.,390,15103
3090,2025-12-18 01:34:32.000,REMOTE,4,"Very good, would come again.",391,15104
3091,2025-12-08 05:27:58.000,REMOTE,4,Solid experience overall.,386,15105
3092,2025-08-07 00:46:43.000,LOCAL,3,"Average experience, nothing special.",389,15119
3093,2026-04-21 06:46:52.000,REMOTE,4,Happy with my visit.,386,15123
3094,2025-07-31 21:14:11.000,LOCAL,5,Will definitely be back!,391,15130
3095,2025-06-18 00:43:06.000,LOCAL,5,"Best in the area, no doubt.",392,15135
3096,2025-08-18 06:18:46.000,REMOTE,5,Always a pleasure coming here.,388,15136
3097,2025-09-21 20:27:19.000,LOCAL,5,Excellent service! Highly recommended.,390,15140
3098,2025-07-16 23:29:39.000,LOCAL,5,Always a pleasure coming here.,390,15148
3099,2025-06-08 13:12:08.000,LOCAL,3,Expected a bit more to be honest.,392,15151
3100,2025-10-31 04:34:50.000,REMOTE,5,Excellent service! Highly recommended.,392,15156
3101,2025-12-15 09:01:08.000,LOCAL,5,"Best in the area, no doubt.",392,15162
3102,2025-08-15 08:09:25.000,LOCAL,5,Always a pleasure coming here.,389,15163
3103,2025-11-03 21:35:09.000,REMOTE,4,Happy with my visit.,391,15175
3104,2025-10-11 13:42:22.000,LOCAL,5,Will definitely be back!,395,15200
3105,2025-08-03 13:42:18.000,REMOTE,5,Excellent service! Highly recommended.,395,15203
3106,2025-12-02 11:20:41.000,REMOTE,4,Happy with my visit.,394,15204
3107,2025-06-20 18:18:14.000,REMOTE,3,OK but not outstanding.,394,15212
3108,2025-07-17 20:26:04.000,LOCAL,4,Great service and friendly staff.,393,15220
3109,2026-05-07 02:37:14.000,LOCAL,5,Will definitely be back!,393,15221
3110,2026-01-20 14:39:55.000,LOCAL,4,"Very good, would come again.",395,15223
3111,2026-01-04 17:22:14.000,LOCAL,2,Staff could be more attentive.,394,15236
3112,2025-06-10 07:23:23.000,LOCAL,4,Great service and friendly staff.,395,15241
3113,2025-11-11 02:44:09.000,REMOTE,3,Expected a bit more to be honest.,394,15242
3114,2025-08-10 00:17:40.000,REMOTE,4,Happy with my visit.,393,15250
3115,2025-05-24 10:27:38.000,LOCAL,5,Will definitely be back!,393,15257
3116,2025-12-08 04:12:07.000,REMOTE,5,Will definitely be back!,395,15261
3117,2025-12-18 14:07:30.000,LOCAL,4,"Very good, would come again.",394,15272
3118,2025-07-11 17:58:37.000,LOCAL,2,Disappointing visit.,394,15275
3119,2026-03-25 06:49:30.000,REMOTE,5,Always a pleasure coming here.,398,15281
3120,2026-04-20 03:37:24.000,REMOTE,5,Always a pleasure coming here.,396,15283
3121,2026-02-09 23:18:16.000,LOCAL,3,"Decent, but could improve.",399,15288
3122,2025-12-09 14:24:17.000,REMOTE,5,Excellent service! Highly recommended.,396,15293
3123,2025-10-20 11:48:57.000,REMOTE,4,Great service and friendly staff.,399,15295
3124,2025-10-21 12:58:50.000,REMOTE,4,Happy with my visit.,398,15304
3125,2025-11-09 10:07:42.000,REMOTE,5,Excellent service! Highly recommended.,399,15312
3126,2026-03-12 18:56:21.000,LOCAL,4,Great service and friendly staff.,399,15317
3127,2025-08-23 11:14:24.000,REMOTE,5,"Best in the area, no doubt.",403,15337
3128,2025-08-25 06:55:10.000,LOCAL,5,Always a pleasure coming here.,403,15344
3129,2025-05-16 02:27:08.000,REMOTE,5,Always a pleasure coming here.,403,15347
3130,2025-12-29 17:25:27.000,LOCAL,2,Staff could be more attentive.,403,15357
3131,2025-10-03 01:37:31.000,REMOTE,1,Completely disappointed.,400,15358
3132,2025-11-19 23:44:58.000,LOCAL,5,Will definitely be back!,403,15363
3133,2026-02-21 23:39:40.000,LOCAL,4,Solid experience overall.,401,15370
3134,2025-11-12 01:03:24.000,REMOTE,5,"Best in the area, no doubt.",402,15374
3135,2025-08-26 03:16:34.000,REMOTE,4,Happy with my visit.,403,15378
3136,2025-11-13 18:07:57.000,LOCAL,3,OK but not outstanding.,402,15380
3137,2025-05-10 21:41:00.000,LOCAL,5,Excellent service! Highly recommended.,403,15382
3138,2025-05-18 10:03:25.000,LOCAL,4,Happy with my visit.,400,15383
3139,2025-08-17 21:06:13.000,LOCAL,5,"Best in the area, no doubt.",403,15384
3140,2025-06-04 01:18:49.000,REMOTE,3,OK but not outstanding.,401,15391
3141,2025-10-18 17:31:29.000,REMOTE,1,Will not return.,402,15392
3142,2026-04-25 04:14:11.000,REMOTE,3,OK but not outstanding.,401,15403
3143,2025-11-28 18:36:54.000,REMOTE,5,Always a pleasure coming here.,401,15404
3144,2025-09-10 19:11:49.000,LOCAL,4,Great service and friendly staff.,400,15406
3145,2026-04-29 04:15:01.000,LOCAL,4,Solid experience overall.,401,15415
3146,2025-05-13 14:10:20.000,LOCAL,3,"Decent, but could improve.",402,15417
3147,2025-08-03 15:15:02.000,REMOTE,2,Disappointing visit.,400,15418
3148,2025-06-26 04:19:57.000,REMOTE,4,Solid experience overall.,403,15419
3149,2025-08-20 20:18:39.000,LOCAL,5,Excellent service! Highly recommended.,402,15420
3150,2026-04-23 11:07:11.000,LOCAL,4,Great service and friendly staff.,403,15422
3151,2026-04-15 14:18:29.000,REMOTE,5,Will definitely be back!,400,15424
3152,2025-09-15 15:40:30.000,REMOTE,5,Will definitely be back!,401,15427
3153,2025-09-04 11:50:16.000,LOCAL,2,Disappointing visit.,403,15429
3154,2025-07-16 18:57:56.000,LOCAL,5,"Best in the area, no doubt.",403,15443
3155,2026-03-25 03:43:21.000,LOCAL,5,Always a pleasure coming here.,403,15445
3156,2026-01-02 10:23:37.000,REMOTE,5,"Best in the area, no doubt.",400,15447
3157,2026-02-01 05:15:14.000,REMOTE,4,Great service and friendly staff.,402,15451
3158,2026-04-07 06:12:38.000,LOCAL,3,Expected a bit more to be honest.,400,15455
3159,2025-11-09 01:39:24.000,LOCAL,5,Will definitely be back!,402,15460
3160,2025-12-05 01:08:57.000,REMOTE,4,"Very good, would come again.",401,15473
3161,2025-12-05 04:28:01.000,REMOTE,4,Solid experience overall.,400,15477
3162,2026-03-05 19:23:30.000,REMOTE,5,"Best in the area, no doubt.",403,15482
3163,2025-06-09 05:08:32.000,LOCAL,5,Excellent service! Highly recommended.,403,15483
3164,2026-01-03 20:39:01.000,LOCAL,5,Will definitely be back!,402,15486
3165,2025-11-17 07:15:59.000,REMOTE,4,Solid experience overall.,401,15488
3166,2026-02-06 15:35:47.000,LOCAL,3,"Average experience, nothing special.",403,15492
3167,2025-10-14 15:02:27.000,LOCAL,4,Great service and friendly staff.,403,15494
3168,2025-11-22 10:58:35.000,LOCAL,5,Always a pleasure coming here.,401,15500
3169,2026-04-23 12:17:38.000,LOCAL,4,Happy with my visit.,401,15505
3170,2026-01-08 06:22:12.000,LOCAL,4,Solid experience overall.,402,15509
3171,2026-03-04 03:38:30.000,LOCAL,3,"Average experience, nothing special.",403,15515
3172,2025-05-15 15:38:22.000,REMOTE,5,Will definitely be back!,403,15519
3173,2025-12-07 13:43:26.000,LOCAL,3,"Decent, but could improve.",402,15522
3174,2025-05-09 00:01:37.000,LOCAL,1,Very poor service.,401,15524
3175,2025-06-07 18:21:58.000,LOCAL,4,Great service and friendly staff.,403,15531
3176,2025-09-17 04:34:07.000,REMOTE,2,Staff could be more attentive.,400,15533
3177,2025-10-24 15:30:13.000,REMOTE,5,Excellent service! Highly recommended.,403,15549
3178,2026-03-13 04:15:05.000,LOCAL,5,Will definitely be back!,401,15551
3179,2026-04-14 17:00:34.000,REMOTE,4,Great service and friendly staff.,402,15552
3180,2026-04-13 16:51:22.000,LOCAL,3,"Decent, but could improve.",402,15557
3181,2025-09-20 03:33:53.000,LOCAL,4,Happy with my visit.,400,15563
3182,2025-09-06 22:45:06.000,REMOTE,4,Solid experience overall.,402,15571
3183,2025-11-23 20:44:56.000,REMOTE,3,"Average experience, nothing special.",403,15572
3184,2026-02-14 20:14:47.000,REMOTE,5,Excellent service! Highly recommended.,401,15578
3185,2025-12-16 10:21:39.000,LOCAL,5,Always a pleasure coming here.,400,15579
3186,2026-02-10 23:29:08.000,REMOTE,1,Will not return.,401,15581
3187,2026-04-19 04:06:10.000,REMOTE,5,Excellent service! Highly recommended.,403,15587
3188,2026-04-26 09:24:00.000,LOCAL,3,OK but not outstanding.,400,15588
3189,2025-10-21 10:54:00.000,LOCAL,5,Always a pleasure coming here.,401,15599
3190,2025-11-22 09:26:31.000,REMOTE,3,"Average experience, nothing special.",400,15603
3191,2025-09-26 19:00:55.000,REMOTE,5,"Best in the area, no doubt.",401,15604
3192,2026-01-04 15:59:15.000,LOCAL,4,"Very good, would come again.",400,15618
3193,2026-05-01 01:56:45.000,LOCAL,5,"Best in the area, no doubt.",404,15619
3194,2025-07-31 23:07:09.000,REMOTE,2,Product did not meet my expectations.,410,15620
3195,2025-10-25 12:05:46.000,LOCAL,4,Solid experience overall.,409,15624
3196,2026-03-30 06:01:21.000,LOCAL,4,Happy with my visit.,411,15625
3197,2025-08-28 00:38:46.000,REMOTE,4,"Very good, would come again.",406,15629
3198,2025-09-19 03:22:09.000,REMOTE,4,Happy with my visit.,411,15634
3199,2025-11-03 13:13:05.000,LOCAL,5,Excellent service! Highly recommended.,409,15635
3200,2025-05-27 08:41:15.000,LOCAL,3,"Average experience, nothing special.",409,15637
3201,2025-06-30 03:46:23.000,REMOTE,3,OK but not outstanding.,405,15644
3202,2025-05-11 20:17:26.000,REMOTE,4,Great service and friendly staff.,405,15646
3203,2026-03-08 19:00:33.000,LOCAL,4,Happy with my visit.,405,15649
3204,2025-12-15 09:48:06.000,REMOTE,2,Service was quite slow today.,409,15656
3205,2026-04-04 02:29:11.000,LOCAL,4,Great service and friendly staff.,408,15658
3206,2025-07-22 04:04:04.000,REMOTE,5,Excellent service! Highly recommended.,404,15664
3207,2025-10-12 11:12:01.000,LOCAL,5,Excellent service! Highly recommended.,407,15667
3208,2025-12-18 18:16:54.000,REMOTE,5,Always a pleasure coming here.,411,15670
3209,2025-12-23 10:36:11.000,LOCAL,2,Product did not meet my expectations.,404,15684
3210,2026-01-02 14:23:27.000,REMOTE,2,Product did not meet my expectations.,411,15686
3211,2026-03-24 15:33:32.000,LOCAL,4,Happy with my visit.,404,15691
3212,2026-01-02 17:13:20.000,REMOTE,2,Service was quite slow today.,405,15692
3213,2025-10-11 17:07:15.000,LOCAL,1,Very poor service.,409,15694
3214,2026-02-20 17:38:36.000,LOCAL,4,"Very good, would come again.",411,15710
3215,2026-04-06 22:17:19.000,LOCAL,5,Always a pleasure coming here.,404,15713
3216,2025-06-29 19:00:41.000,REMOTE,5,Excellent service! Highly recommended.,409,15724
3217,2025-06-20 02:07:59.000,LOCAL,1,Not what I expected at all.,408,15725
3218,2025-10-22 16:53:29.000,REMOTE,4,Great service and friendly staff.,407,15727
3219,2026-03-20 08:18:55.000,LOCAL,2,Product did not meet my expectations.,405,15730
3220,2026-02-16 03:11:12.000,LOCAL,5,Always a pleasure coming here.,408,15732
3221,2026-03-22 05:05:02.000,LOCAL,5,"Best in the area, no doubt.",405,15737
3222,2026-04-15 06:26:37.000,REMOTE,3,OK but not outstanding.,406,15739
3223,2025-12-24 14:56:22.000,REMOTE,4,"Very good, would come again.",405,15741
3224,2025-10-06 15:26:24.000,LOCAL,1,Will not return.,406,15743
3225,2026-04-04 16:54:55.000,LOCAL,3,OK but not outstanding.,406,15748
3226,2025-11-06 21:02:12.000,LOCAL,5,Will definitely be back!,411,15759
3227,2026-03-27 17:38:04.000,REMOTE,5,Always a pleasure coming here.,410,15762
3228,2026-05-07 00:26:51.000,LOCAL,5,Will definitely be back!,406,15764
3229,2026-05-04 06:27:47.000,REMOTE,5,Excellent service! Highly recommended.,409,15765
3230,2025-10-01 01:59:17.000,REMOTE,3,Expected a bit more to be honest.,404,15771
3231,2025-06-18 00:46:30.000,LOCAL,5,Will definitely be back!,407,15791
3232,2025-09-24 20:41:32.000,REMOTE,1,Very poor service.,407,15793
3233,2026-03-19 13:08:35.000,REMOTE,4,Solid experience overall.,411,15797
3234,2025-10-20 01:55:44.000,LOCAL,3,"Decent, but could improve.",404,15800
3235,2025-11-04 16:10:03.000,LOCAL,4,"Very good, would come again.",410,15806
3236,2025-06-30 11:53:26.000,LOCAL,4,Solid experience overall.,410,15813
3237,2026-04-27 10:13:07.000,REMOTE,5,Always a pleasure coming here.,410,15831
3238,2025-06-18 04:43:57.000,REMOTE,4,Great service and friendly staff.,406,15842
3239,2026-03-01 14:00:55.000,REMOTE,4,Solid experience overall.,410,15847
3240,2025-08-16 12:19:15.000,LOCAL,4,Great service and friendly staff.,409,15854
3241,2026-04-08 17:19:03.000,LOCAL,1,Will not return.,410,15856
3242,2025-09-21 06:39:00.000,LOCAL,4,"Very good, would come again.",406,15858
3243,2025-09-12 03:08:25.000,LOCAL,3,Expected a bit more to be honest.,407,15862
3244,2026-01-10 05:39:55.000,LOCAL,1,Will not return.,407,15874
3245,2026-04-23 09:26:00.000,LOCAL,3,"Average experience, nothing special.",407,15875
3246,2025-06-15 15:20:34.000,LOCAL,5,"Best in the area, no doubt.",408,15882
3247,2026-01-08 21:52:08.000,REMOTE,2,Product did not meet my expectations.,412,15886
3248,2025-06-23 13:06:34.000,LOCAL,5,Will definitely be back!,412,15892
3249,2025-06-28 12:11:39.000,REMOTE,4,Happy with my visit.,412,15902
3250,2025-10-01 13:54:45.000,LOCAL,5,Excellent service! Highly recommended.,412,15911
3251,2026-05-01 08:00:02.000,REMOTE,5,Always a pleasure coming here.,412,15914
3252,2025-07-03 13:29:25.000,LOCAL,2,Disappointing visit.,412,15916
3253,2025-12-18 12:06:14.000,REMOTE,4,Great service and friendly staff.,412,15917
3254,2025-10-25 14:58:42.000,REMOTE,5,Excellent service! Highly recommended.,412,15921
3255,2025-06-17 13:15:58.000,LOCAL,4,Happy with my visit.,412,15929
3256,2025-06-10 17:57:46.000,REMOTE,4,Great service and friendly staff.,412,15930
3257,2025-10-14 22:00:11.000,REMOTE,3,OK but not outstanding.,412,15935
3258,2025-09-24 11:20:08.000,REMOTE,3,"Average experience, nothing special.",412,15939
3259,2026-04-04 16:39:44.000,REMOTE,1,Will not return.,412,15946
3260,2025-09-25 06:03:26.000,REMOTE,5,Will definitely be back!,412,15947
3261,2025-12-31 09:15:02.000,REMOTE,3,OK but not outstanding.,412,15949
3262,2026-03-31 08:26:10.000,LOCAL,5,Will definitely be back!,412,15962
3263,2026-03-05 21:54:09.000,LOCAL,1,Not what I expected at all.,412,15965
3264,2025-11-14 22:38:15.000,REMOTE,5,Excellent service! Highly recommended.,412,15979
3265,2026-01-13 23:14:49.000,LOCAL,1,Not what I expected at all.,412,15986
3266,2026-02-10 06:23:53.000,REMOTE,2,Product did not meet my expectations.,412,15987
3267,2025-11-08 10:15:27.000,LOCAL,4,Happy with my visit.,412,15995
3268,2026-04-07 14:18:25.000,REMOTE,5,Excellent service! Highly recommended.,412,16007
3269,2025-11-02 21:43:53.000,REMOTE,3,OK but not outstanding.,412,16008
3270,2025-05-14 21:59:36.000,LOCAL,4,Solid experience overall.,412,16020
3271,2025-10-11 12:18:46.000,LOCAL,4,Great service and friendly staff.,412,16027
3272,2025-11-06 23:10:06.000,REMOTE,5,Always a pleasure coming here.,412,16034
3273,2025-08-11 22:12:37.000,REMOTE,5,Excellent service! Highly recommended.,412,16041
3274,2025-08-02 21:20:19.000,REMOTE,4,Solid experience overall.,412,16042
3275,2026-03-13 19:42:35.000,LOCAL,1,Will not return.,412,16044
3276,2025-05-30 14:32:30.000,LOCAL,4,"Very good, would come again.",412,16047
3277,2025-11-21 10:33:14.000,REMOTE,5,Always a pleasure coming here.,412,16050
3278,2025-05-14 22:40:05.000,REMOTE,5,"Best in the area, no doubt.",412,16059
3279,2025-10-23 05:47:42.000,REMOTE,4,Happy with my visit.,412,16071
3280,2025-06-25 01:19:28.000,LOCAL,4,"Very good, would come again.",413,16076
3281,2026-03-26 14:51:08.000,REMOTE,4,"Very good, would come again.",414,16080
3282,2026-04-25 15:17:02.000,LOCAL,5,Always a pleasure coming here.,416,16088
3283,2025-12-30 10:15:27.000,LOCAL,1,Completely disappointed.,415,16090
3284,2026-02-28 08:58:48.000,LOCAL,4,Happy with my visit.,416,16093
3285,2025-08-15 06:31:03.000,LOCAL,3,OK but not outstanding.,416,16096
3286,2025-09-15 02:32:53.000,LOCAL,1,Not what I expected at all.,413,16099
3287,2025-10-22 06:24:04.000,REMOTE,2,Disappointing visit.,416,16101
3288,2026-01-07 16:32:55.000,REMOTE,5,"Best in the area, no doubt.",417,16114
3289,2026-03-15 17:02:33.000,LOCAL,4,Great service and friendly staff.,417,16117
3290,2025-10-25 16:56:57.000,REMOTE,1,Will not return.,417,16119
3291,2026-03-02 09:42:27.000,LOCAL,3,"Average experience, nothing special.",417,16123
3292,2026-01-19 09:58:28.000,LOCAL,5,Will definitely be back!,417,16124
3293,2026-01-20 05:03:26.000,REMOTE,5,Always a pleasure coming here.,417,16128
3294,2025-09-02 15:06:42.000,LOCAL,5,Always a pleasure coming here.,417,16140
3295,2026-03-27 13:20:00.000,REMOTE,3,OK but not outstanding.,417,16146
3296,2025-11-26 04:25:43.000,REMOTE,5,Excellent service! Highly recommended.,417,16151
3297,2026-01-06 19:54:44.000,LOCAL,5,"Best in the area, no doubt.",417,16155
3298,2026-03-01 04:54:52.000,LOCAL,2,Disappointing visit.,417,16161
3299,2025-09-18 19:14:10.000,LOCAL,1,Will not return.,418,16164
3300,2026-03-03 13:32:46.000,REMOTE,3,OK but not outstanding.,418,16173
3301,2025-11-15 02:22:22.000,REMOTE,3,"Average experience, nothing special.",419,16179
3302,2025-08-06 05:23:27.000,LOCAL,5,Will definitely be back!,418,16184
3303,2026-03-13 20:53:41.000,LOCAL,4,Happy with my visit.,418,16187
3304,2025-09-04 14:01:38.000,REMOTE,2,Service was quite slow today.,419,16189
3305,2026-03-27 09:01:18.000,LOCAL,4,Happy with my visit.,418,16190
3306,2025-12-09 17:07:22.000,REMOTE,5,"Best in the area, no doubt.",418,16203
3307,2026-02-22 17:25:48.000,LOCAL,1,Very poor service.,418,16207
3308,2026-01-26 12:07:57.000,LOCAL,1,Very poor service.,419,16211
3309,2025-07-12 09:32:26.000,LOCAL,2,Service was quite slow today.,418,16217
3310,2025-08-19 17:10:23.000,LOCAL,5,"Best in the area, no doubt.",419,16219
3311,2026-04-06 21:51:27.000,LOCAL,4,Happy with my visit.,419,16235
3312,2025-09-02 13:24:03.000,LOCAL,1,Completely disappointed.,418,16241
3313,2026-04-28 13:06:56.000,LOCAL,2,Product did not meet my expectations.,419,16259
3314,2025-07-21 03:48:08.000,REMOTE,5,Excellent service! Highly recommended.,418,16265
3315,2026-01-12 02:49:38.000,LOCAL,5,"Best in the area, no doubt.",418,16277
3316,2025-11-19 14:44:18.000,LOCAL,3,"Decent, but could improve.",420,16287
3317,2025-09-22 18:01:16.000,LOCAL,3,"Average experience, nothing special.",422,16288
3318,2026-02-25 10:05:57.000,REMOTE,4,Solid experience overall.,421,16290
3319,2025-06-01 07:32:03.000,REMOTE,4,Happy with my visit.,422,16293
3320,2025-06-29 23:49:01.000,REMOTE,2,Product did not meet my expectations.,423,16295
3321,2025-12-16 18:35:10.000,REMOTE,4,Happy with my visit.,420,16304
3322,2026-01-07 23:06:04.000,LOCAL,1,Very poor service.,421,16306
3323,2025-11-14 18:15:43.000,LOCAL,5,Will definitely be back!,420,16310
3324,2025-11-26 02:08:48.000,LOCAL,5,Will definitely be back!,423,16312
3325,2025-05-29 21:43:19.000,REMOTE,3,OK but not outstanding.,422,16316
3326,2025-12-14 01:01:56.000,REMOTE,4,Great service and friendly staff.,422,16319
3327,2025-12-24 01:28:42.000,LOCAL,4,Happy with my visit.,420,16326
3328,2026-04-13 01:03:21.000,REMOTE,4,Happy with my visit.,420,16333
3329,2026-02-04 09:20:43.000,LOCAL,4,Solid experience overall.,423,16345
3330,2025-12-10 12:04:53.000,REMOTE,3,OK but not outstanding.,422,16347
3331,2025-09-27 17:41:04.000,LOCAL,5,Will definitely be back!,423,16356
3332,2026-02-22 16:18:52.000,REMOTE,5,Excellent service! Highly recommended.,420,16365
3333,2025-08-02 10:06:12.000,LOCAL,3,"Decent, but could improve.",421,16370
3334,2026-02-14 20:44:34.000,REMOTE,3,OK but not outstanding.,420,16371
3335,2025-06-27 07:26:43.000,REMOTE,4,Solid experience overall.,421,16372
3336,2025-07-14 07:24:25.000,LOCAL,1,Not what I expected at all.,421,16381
3337,2026-03-01 07:49:01.000,REMOTE,3,Expected a bit more to be honest.,421,16390
3338,2025-10-02 01:24:57.000,LOCAL,5,Excellent service! Highly recommended.,421,16392
3339,2026-02-15 17:35:25.000,LOCAL,3,"Average experience, nothing special.",421,16396
3340,2026-01-08 10:58:27.000,REMOTE,5,Will definitely be back!,421,16403
3341,2025-07-04 04:41:19.000,REMOTE,3,"Average experience, nothing special.",421,16407
3342,2026-01-06 05:31:31.000,LOCAL,5,Always a pleasure coming here.,422,16410
3343,2026-01-01 12:49:09.000,LOCAL,4,Great service and friendly staff.,424,16421
3344,2025-10-26 21:18:42.000,LOCAL,4,Happy with my visit.,424,16424
3345,2025-10-22 17:42:52.000,REMOTE,4,Great service and friendly staff.,424,16435
3346,2025-07-02 05:01:50.000,LOCAL,3,OK but not outstanding.,424,16442
3347,2026-01-22 01:59:38.000,REMOTE,3,"Average experience, nothing special.",424,16446
3348,2026-01-23 01:09:05.000,LOCAL,5,"Best in the area, no doubt.",424,16454
3349,2025-12-16 23:40:06.000,REMOTE,3,"Average experience, nothing special.",424,16455
3350,2025-05-15 08:53:49.000,LOCAL,5,"Best in the area, no doubt.",424,16460
3351,2025-12-07 11:13:54.000,LOCAL,4,Happy with my visit.,424,16465
3352,2026-04-28 22:15:28.000,REMOTE,5,Excellent service! Highly recommended.,424,16467
3353,2026-01-26 15:36:12.000,LOCAL,4,Solid experience overall.,424,16475
3354,2026-04-05 20:11:22.000,REMOTE,2,Disappointing visit.,424,16481
3355,2025-11-18 19:17:37.000,REMOTE,3,OK but not outstanding.,424,16485
3356,2026-04-20 12:04:29.000,REMOTE,5,"Best in the area, no doubt.",424,16495
3357,2025-05-17 21:16:26.000,REMOTE,2,Product did not meet my expectations.,425,16499
3358,2025-09-30 11:46:50.000,LOCAL,5,Excellent service! Highly recommended.,426,16507
3359,2025-08-21 08:18:08.000,LOCAL,5,Will definitely be back!,429,16550
3360,2026-01-23 12:53:03.000,LOCAL,5,Always a pleasure coming here.,428,16553
3361,2025-07-12 10:10:10.000,REMOTE,5,Will definitely be back!,428,16556
3362,2025-05-19 06:30:14.000,LOCAL,4,Solid experience overall.,429,16561
3363,2025-10-02 14:39:51.000,REMOTE,4,"Very good, would come again.",427,16566
3364,2025-08-01 06:42:13.000,REMOTE,5,"Best in the area, no doubt.",429,16572
3365,2025-08-22 21:29:24.000,LOCAL,3,"Average experience, nothing special.",429,16576
3366,2025-08-10 22:30:06.000,LOCAL,5,Always a pleasure coming here.,428,16578
3367,2025-10-10 09:03:21.000,LOCAL,4,Solid experience overall.,428,16582
3368,2025-09-23 07:30:05.000,LOCAL,2,Service was quite slow today.,427,16583
3369,2026-02-21 17:35:20.000,LOCAL,5,Always a pleasure coming here.,428,16585
3370,2026-04-15 08:08:39.000,REMOTE,5,Will definitely be back!,428,16594
3371,2025-08-24 04:13:52.000,LOCAL,4,"Very good, would come again.",427,16595
3372,2026-04-22 04:01:50.000,LOCAL,5,"Best in the area, no doubt.",430,16603
3373,2025-12-28 05:51:30.000,REMOTE,4,Solid experience overall.,430,16604
3374,2026-04-08 16:28:52.000,REMOTE,5,Always a pleasure coming here.,430,16605
3375,2025-05-29 18:27:27.000,REMOTE,3,Expected a bit more to be honest.,430,16607
3376,2026-02-15 21:59:19.000,LOCAL,5,Will definitely be back!,430,16613
3377,2025-09-16 19:56:20.000,LOCAL,3,OK but not outstanding.,430,16618
3378,2025-11-02 00:17:19.000,LOCAL,3,"Decent, but could improve.",430,16620
3379,2025-09-15 10:31:55.000,REMOTE,5,"Best in the area, no doubt.",430,16628
3380,2025-06-11 15:58:01.000,LOCAL,1,Completely disappointed.,430,16641
3381,2026-01-11 15:58:53.000,LOCAL,5,Excellent service! Highly recommended.,430,16645
3382,2025-06-19 06:32:50.000,REMOTE,5,Will definitely be back!,430,16649
3383,2026-02-23 11:19:06.000,REMOTE,1,Very poor service.,430,16662
3384,2026-02-24 11:05:59.000,REMOTE,1,Will not return.,430,16677
3385,2025-12-15 11:21:41.000,LOCAL,1,Not what I expected at all.,430,16681
3386,2025-12-18 11:24:52.000,LOCAL,5,Excellent service! Highly recommended.,430,16686
3387,2025-10-15 19:18:42.000,LOCAL,3,Expected a bit more to be honest.,431,16699
3388,2025-05-24 12:32:13.000,LOCAL,5,Always a pleasure coming here.,432,16701
3389,2026-04-25 13:25:12.000,LOCAL,2,Service was quite slow today.,431,16703
3390,2026-04-12 20:01:22.000,REMOTE,4,Solid experience overall.,432,16704
3391,2025-11-16 08:53:10.000,LOCAL,1,Completely disappointed.,431,16722
3392,2025-11-24 17:26:20.000,LOCAL,3,"Decent, but could improve.",431,16738
3393,2025-10-21 22:19:40.000,REMOTE,3,"Decent, but could improve.",431,16744
3394,2026-03-04 14:57:44.000,REMOTE,4,Happy with my visit.,438,16746
3395,2026-02-22 12:36:54.000,LOCAL,5,"Best in the area, no doubt.",437,16747
3396,2026-05-04 11:21:00.000,REMOTE,5,Excellent service! Highly recommended.,438,16748
3397,2026-01-30 13:55:54.000,LOCAL,5,Will definitely be back!,437,16751
3398,2026-01-03 00:14:34.000,LOCAL,5,Excellent service! Highly recommended.,437,16755
3399,2026-02-25 15:24:16.000,REMOTE,5,Excellent service! Highly recommended.,437,16758
3400,2025-07-05 03:15:29.000,LOCAL,4,Solid experience overall.,438,16763
3401,2025-09-12 18:27:10.000,LOCAL,3,"Decent, but could improve.",438,16766
3402,2025-08-09 15:51:07.000,LOCAL,4,Happy with my visit.,435,16768
3403,2025-08-24 14:32:09.000,LOCAL,5,"Best in the area, no doubt.",433,16775
3404,2025-08-10 03:09:26.000,LOCAL,5,Always a pleasure coming here.,434,16777
3405,2025-11-25 07:28:00.000,REMOTE,2,Service was quite slow today.,436,16780
3406,2025-06-15 20:39:58.000,REMOTE,5,"Best in the area, no doubt.",435,16781
3407,2025-10-01 12:00:22.000,LOCAL,4,"Very good, would come again.",439,16782
3408,2026-02-20 23:01:08.000,REMOTE,4,Great service and friendly staff.,437,16793
3409,2025-07-11 05:09:23.000,LOCAL,3,OK but not outstanding.,438,16808
3410,2025-11-26 16:06:05.000,LOCAL,4,Solid experience overall.,435,16813
3411,2026-01-02 23:22:07.000,REMOTE,4,Great service and friendly staff.,433,16821
3412,2025-11-11 22:18:24.000,REMOTE,4,Happy with my visit.,437,16832
3413,2025-06-02 06:13:20.000,REMOTE,3,Expected a bit more to be honest.,435,16834
3414,2025-11-21 17:47:30.000,REMOTE,4,Solid experience overall.,438,16840
3415,2025-07-20 12:07:59.000,REMOTE,3,"Decent, but could improve.",435,16852
3416,2025-06-20 06:46:00.000,LOCAL,1,Not what I expected at all.,440,16854
3417,2025-10-07 11:12:09.000,REMOTE,1,Not what I expected at all.,441,16856
3418,2025-06-29 22:02:15.000,LOCAL,5,"Best in the area, no doubt.",441,16857
3419,2025-10-02 12:32:40.000,LOCAL,4,"Very good, would come again.",442,16863
3420,2026-01-12 15:05:02.000,REMOTE,3,"Average experience, nothing special.",443,16866
3421,2025-06-12 22:03:40.000,LOCAL,5,Excellent service! Highly recommended.,441,16874
3422,2026-02-06 01:16:10.000,REMOTE,3,"Average experience, nothing special.",442,16882
3423,2025-06-24 07:20:08.000,LOCAL,2,Service was quite slow today.,441,16888
3424,2025-05-30 16:55:45.000,LOCAL,4,Happy with my visit.,442,16892
3425,2025-08-26 15:56:30.000,LOCAL,3,Expected a bit more to be honest.,443,16899
3426,2025-12-17 15:00:07.000,LOCAL,3,"Average experience, nothing special.",441,16902
3427,2026-03-16 12:14:17.000,REMOTE,4,Happy with my visit.,443,16906
3428,2025-11-02 19:58:09.000,LOCAL,1,Very poor service.,442,16920
3429,2026-03-27 06:54:41.000,REMOTE,5,Will definitely be back!,441,16921
3430,2026-02-20 21:49:19.000,LOCAL,4,Great service and friendly staff.,442,16923
3431,2026-05-04 20:20:11.000,REMOTE,5,Will definitely be back!,441,16925
3432,2025-08-15 08:27:12.000,REMOTE,4,"Very good, would come again.",441,16927
3433,2026-04-27 06:26:25.000,LOCAL,5,Excellent service! Highly recommended.,441,16930
3434,2025-06-12 20:53:55.000,REMOTE,4,"Very good, would come again.",445,16941
3435,2025-12-11 08:05:25.000,LOCAL,5,"Best in the area, no doubt.",445,16949
3436,2025-09-06 10:43:01.000,REMOTE,1,Not what I expected at all.,444,16950
3437,2025-07-10 15:24:04.000,REMOTE,4,"Very good, would come again.",445,16954
3438,2025-07-17 04:35:19.000,LOCAL,4,Solid experience overall.,445,16964
3439,2025-12-14 00:11:22.000,LOCAL,5,Excellent service! Highly recommended.,445,16967
3440,2025-12-14 15:32:01.000,LOCAL,4,"Very good, would come again.",444,16970
3441,2026-01-27 22:36:50.000,REMOTE,4,Happy with my visit.,444,16977
3442,2025-10-24 02:53:49.000,REMOTE,3,Expected a bit more to be honest.,444,16983
3443,2026-02-11 14:45:19.000,REMOTE,2,Staff could be more attentive.,445,16986
3444,2026-03-27 18:32:34.000,LOCAL,5,Excellent service! Highly recommended.,444,16987
3445,2026-02-13 14:25:38.000,LOCAL,1,Will not return.,444,16997
3446,2025-10-31 00:26:26.000,REMOTE,3,"Average experience, nothing special.",444,17007
3447,2026-04-28 02:11:50.000,REMOTE,2,Service was quite slow today.,445,17010
3448,2025-08-03 17:30:09.000,REMOTE,5,Will definitely be back!,445,17016
3449,2025-09-12 02:24:22.000,LOCAL,1,Not what I expected at all.,444,17018
3450,2025-08-19 10:54:38.000,LOCAL,4,"Very good, would come again.",445,17019
3451,2025-07-03 22:50:43.000,REMOTE,5,Excellent service! Highly recommended.,444,17027
3452,2026-02-01 07:35:56.000,LOCAL,5,Will definitely be back!,445,17029
3453,2025-08-07 22:20:49.000,LOCAL,2,Product did not meet my expectations.,445,17030
3454,2026-02-17 11:22:06.000,REMOTE,5,Excellent service! Highly recommended.,445,17032
3455,2025-07-11 20:55:19.000,REMOTE,5,Excellent service! Highly recommended.,445,17033
3456,2025-05-30 13:36:11.000,REMOTE,3,OK but not outstanding.,444,17036
3457,2026-01-08 11:07:32.000,REMOTE,5,"Best in the area, no doubt.",444,17038
3458,2026-01-16 12:23:15.000,LOCAL,5,Always a pleasure coming here.,444,17039
3459,2026-04-04 08:55:50.000,REMOTE,4,Great service and friendly staff.,444,17042
3460,2025-12-26 12:52:52.000,LOCAL,1,Very poor service.,446,17056
3461,2026-01-10 06:27:49.000,LOCAL,2,Staff could be more attentive.,446,17084
3462,2025-06-28 11:04:18.000,REMOTE,5,Excellent service! Highly recommended.,446,17086
3463,2025-06-10 07:22:11.000,LOCAL,4,Solid experience overall.,446,17088
3464,2026-03-29 19:01:28.000,REMOTE,3,"Decent, but could improve.",447,17091
3465,2025-10-10 18:45:11.000,REMOTE,2,Service was quite slow today.,447,17092
3466,2025-11-15 05:29:35.000,REMOTE,1,Completely disappointed.,447,17094
3467,2025-07-21 10:07:40.000,REMOTE,5,Will definitely be back!,447,17103
3468,2025-12-01 06:02:35.000,REMOTE,2,Staff could be more attentive.,447,17106
3469,2026-02-19 17:13:40.000,LOCAL,2,Staff could be more attentive.,447,17116
3470,2025-07-22 00:24:08.000,REMOTE,2,Service was quite slow today.,447,17117
3471,2025-05-19 22:07:41.000,REMOTE,5,"Best in the area, no doubt.",447,17122
3472,2026-02-07 01:49:01.000,LOCAL,3,OK but not outstanding.,447,17123
3473,2025-09-28 02:43:56.000,REMOTE,5,Will definitely be back!,447,17124
3474,2026-03-08 21:48:39.000,LOCAL,2,Service was quite slow today.,447,17125
3475,2025-09-12 23:09:23.000,REMOTE,3,Expected a bit more to be honest.,449,17132
3476,2026-01-15 22:44:47.000,REMOTE,5,Always a pleasure coming here.,448,17142
3477,2025-08-25 15:20:59.000,REMOTE,3,OK but not outstanding.,449,17143
3478,2025-11-26 18:05:59.000,LOCAL,1,Very poor service.,449,17145
3479,2025-11-03 12:35:48.000,REMOTE,4,"Very good, would come again.",449,17153
3480,2025-11-08 00:41:44.000,LOCAL,2,Product did not meet my expectations.,449,17156
3481,2026-03-29 05:34:02.000,REMOTE,3,"Average experience, nothing special.",449,17167
3482,2026-02-12 20:09:17.000,REMOTE,4,Great service and friendly staff.,448,17172
3483,2025-06-21 14:33:03.000,REMOTE,1,Not what I expected at all.,448,17173
3484,2025-11-29 00:28:51.000,LOCAL,4,Solid experience overall.,448,17183
3485,2025-10-23 08:01:24.000,REMOTE,4,Happy with my visit.,448,17186
3486,2025-10-31 00:29:56.000,LOCAL,4,Solid experience overall.,452,17194
3487,2025-11-20 16:43:09.000,LOCAL,1,Very poor service.,453,17199
3488,2025-12-27 06:10:10.000,REMOTE,5,Always a pleasure coming here.,450,17208
3489,2026-01-22 00:11:52.000,REMOTE,5,Always a pleasure coming here.,454,17220
3490,2025-11-24 06:52:03.000,REMOTE,3,"Decent, but could improve.",452,17222
3491,2026-01-12 01:16:00.000,LOCAL,5,"Best in the area, no doubt.",451,17230
3492,2025-12-23 21:06:42.000,LOCAL,3,"Average experience, nothing special.",451,17231
3493,2025-10-05 16:18:27.000,REMOTE,4,Happy with my visit.,453,17234
3494,2026-02-23 13:50:08.000,REMOTE,4,Great service and friendly staff.,450,17237
3495,2025-05-26 05:05:50.000,REMOTE,3,"Average experience, nothing special.",452,17241
3496,2025-12-31 08:01:34.000,LOCAL,4,Happy with my visit.,450,17246
3497,2026-03-13 23:04:58.000,LOCAL,5,Will definitely be back!,454,17252
3498,2026-02-26 20:04:16.000,LOCAL,5,Excellent service! Highly recommended.,450,17253
3499,2026-04-10 03:49:55.000,REMOTE,5,Always a pleasure coming here.,453,17259
3500,2025-08-15 13:37:02.000,REMOTE,5,Will definitely be back!,452,17266
3501,2025-11-29 04:01:54.000,LOCAL,5,"Best in the area, no doubt.",452,17269
3502,2025-06-08 20:29:49.000,LOCAL,5,Always a pleasure coming here.,454,17274
3503,2026-01-04 21:29:03.000,REMOTE,3,OK but not outstanding.,451,17275
3504,2025-07-24 07:51:36.000,LOCAL,5,"Best in the area, no doubt.",453,17297
3505,2025-05-29 10:48:27.000,REMOTE,4,Solid experience overall.,453,17298
3506,2026-01-16 23:50:56.000,LOCAL,1,Very poor service.,450,17305
3507,2025-06-29 11:53:44.000,LOCAL,5,Will definitely be back!,452,17309
3508,2025-10-08 21:39:27.000,LOCAL,5,Excellent service! Highly recommended.,452,17310
3509,2025-11-12 09:21:18.000,REMOTE,2,Staff could be more attentive.,453,17313
3510,2025-06-13 10:49:38.000,REMOTE,5,Always a pleasure coming here.,452,17314
3511,2026-02-02 15:33:05.000,LOCAL,4,Solid experience overall.,450,17316
3512,2026-04-09 14:51:28.000,REMOTE,2,Service was quite slow today.,452,17320
3513,2025-06-16 06:20:04.000,REMOTE,2,Product did not meet my expectations.,450,17350
3514,2025-10-02 00:57:20.000,REMOTE,1,Will not return.,454,17353
3515,2026-05-05 14:50:19.000,REMOTE,3,OK but not outstanding.,450,17357
3516,2026-04-11 08:22:35.000,LOCAL,4,"Very good, would come again.",452,17358
3517,2026-01-21 08:46:43.000,REMOTE,5,"Best in the area, no doubt.",452,17361
3518,2025-05-15 03:50:24.000,LOCAL,5,"Best in the area, no doubt.",452,17364
3519,2025-08-30 15:19:45.000,REMOTE,4,Great service and friendly staff.,451,17365
3520,2026-02-25 16:32:32.000,LOCAL,5,Will definitely be back!,451,17369
3521,2026-01-08 19:40:12.000,LOCAL,5,Excellent service! Highly recommended.,453,17378
3522,2025-09-03 10:21:55.000,REMOTE,4,"Very good, would come again.",450,17381
3523,2025-09-28 04:26:38.000,REMOTE,4,"Very good, would come again.",451,17386
3524,2025-08-16 08:12:11.000,REMOTE,5,Excellent service! Highly recommended.,455,17390
3525,2026-02-12 21:52:02.000,REMOTE,4,Happy with my visit.,455,17395
3526,2025-07-15 21:07:13.000,REMOTE,3,"Average experience, nothing special.",455,17397
3527,2026-01-31 21:24:36.000,REMOTE,3,Expected a bit more to be honest.,455,17398
3528,2025-06-17 16:39:36.000,LOCAL,3,"Average experience, nothing special.",455,17400
3529,2026-02-27 04:16:49.000,LOCAL,4,Happy with my visit.,455,17413
3530,2025-10-24 08:53:25.000,LOCAL,4,"Very good, would come again.",455,17417
3531,2025-12-03 03:57:56.000,LOCAL,1,Will not return.,455,17425
3532,2025-07-21 22:18:06.000,LOCAL,4,"Very good, would come again.",455,17427
3533,2026-03-27 01:27:45.000,LOCAL,3,"Decent, but could improve.",455,17443
3534,2025-08-02 22:42:53.000,LOCAL,4,Solid experience overall.,455,17444
3535,2025-07-13 10:50:32.000,LOCAL,4,Great service and friendly staff.,455,17447
3536,2025-12-23 22:51:59.000,LOCAL,4,"Very good, would come again.",455,17448
3537,2025-10-03 00:16:41.000,LOCAL,5,Excellent service! Highly recommended.,455,17452
3538,2025-10-14 21:03:03.000,REMOTE,1,Will not return.,455,17454
3539,2025-08-25 00:41:16.000,LOCAL,4,Solid experience overall.,455,17460
3540,2025-11-18 04:33:12.000,REMOTE,4,Solid experience overall.,455,17461
3541,2026-04-16 22:03:25.000,REMOTE,2,Service was quite slow today.,455,17466
3542,2025-09-11 08:05:23.000,LOCAL,4,"Very good, would come again.",455,17467
3543,2025-06-21 18:18:26.000,LOCAL,5,"Best in the area, no doubt.",455,17468
3544,2025-07-22 23:29:27.000,LOCAL,4,Great service and friendly staff.,455,17472
3545,2026-01-09 13:50:19.000,REMOTE,3,Expected a bit more to be honest.,456,17477
3546,2025-07-22 09:30:02.000,REMOTE,4,"Very good, would come again.",456,17488
3547,2025-05-18 01:45:48.000,REMOTE,1,Will not return.,456,17491
3548,2025-11-20 06:39:13.000,REMOTE,4,"Very good, would come again.",456,17498
3549,2026-01-15 16:11:05.000,LOCAL,3,"Decent, but could improve.",456,17500
3550,2025-12-30 09:47:59.000,REMOTE,4,Great service and friendly staff.,456,17508
3551,2026-01-05 13:59:02.000,LOCAL,4,Happy with my visit.,456,17515
3552,2026-03-29 00:36:22.000,LOCAL,4,Great service and friendly staff.,456,17518
3553,2026-04-15 09:33:32.000,REMOTE,5,Excellent service! Highly recommended.,456,17519
3554,2026-02-13 10:28:05.000,REMOTE,4,Great service and friendly staff.,456,17526
3555,2025-08-29 13:11:11.000,LOCAL,5,Always a pleasure coming here.,456,17527
3556,2025-12-14 05:36:12.000,REMOTE,2,Product did not meet my expectations.,456,17528
3557,2025-09-19 12:36:34.000,LOCAL,5,Will definitely be back!,456,17530
3558,2025-12-02 05:43:08.000,LOCAL,5,Excellent service! Highly recommended.,456,17531
3559,2025-09-06 01:31:58.000,LOCAL,5,"Best in the area, no doubt.",456,17540
3560,2025-06-23 07:46:02.000,REMOTE,4,Solid experience overall.,456,17541
3561,2025-07-08 22:57:57.000,LOCAL,2,Product did not meet my expectations.,456,17542
3562,2025-09-25 20:03:38.000,LOCAL,5,Always a pleasure coming here.,456,17550
3563,2025-10-05 23:04:23.000,LOCAL,4,Great service and friendly staff.,456,17557
3564,2025-09-20 13:46:40.000,REMOTE,3,OK but not outstanding.,456,17566
3565,2025-08-07 17:37:02.000,LOCAL,4,Solid experience overall.,456,17580
3566,2025-07-03 22:03:11.000,LOCAL,5,Will definitely be back!,456,17581
3567,2026-02-13 12:06:42.000,LOCAL,3,"Decent, but could improve.",456,17582
3568,2025-10-23 04:43:40.000,LOCAL,5,Will definitely be back!,456,17588
3569,2025-07-02 20:01:42.000,LOCAL,4,"Very good, would come again.",456,17592
3570,2025-10-18 16:18:26.000,LOCAL,4,Great service and friendly staff.,456,17593
3571,2026-04-18 02:49:09.000,LOCAL,4,Happy with my visit.,456,17601
3572,2025-11-28 17:59:48.000,REMOTE,4,"Very good, would come again.",456,17608
3573,2026-01-05 07:13:15.000,REMOTE,1,Not what I expected at all.,456,17609
3574,2025-06-18 02:52:27.000,REMOTE,5,Always a pleasure coming here.,456,17616
3575,2026-01-29 09:43:27.000,LOCAL,5,Excellent service! Highly recommended.,458,17620
3576,2026-01-06 15:33:28.000,REMOTE,2,Product did not meet my expectations.,458,17621
3577,2025-12-24 10:16:31.000,REMOTE,3,"Average experience, nothing special.",458,17633
3578,2026-01-29 21:43:35.000,LOCAL,4,"Very good, would come again.",457,17643
3579,2025-09-11 12:14:59.000,REMOTE,3,"Decent, but could improve.",458,17646
3580,2025-07-13 20:39:33.000,LOCAL,5,"Best in the area, no doubt.",459,17654
3581,2025-11-14 17:22:28.000,REMOTE,3,Expected a bit more to be honest.,460,17655
3582,2026-02-25 02:07:00.000,REMOTE,3,"Average experience, nothing special.",459,17658
3583,2026-03-14 17:19:11.000,REMOTE,4,"Very good, would come again.",460,17659
3584,2025-07-26 17:47:26.000,LOCAL,3,Expected a bit more to be honest.,461,17663
3585,2026-01-02 16:30:00.000,LOCAL,4,Solid experience overall.,461,17667
3586,2025-06-08 12:37:05.000,REMOTE,5,Excellent service! Highly recommended.,461,17677
3587,2025-08-13 20:37:20.000,LOCAL,5,Will definitely be back!,461,17686
3588,2025-10-29 13:47:09.000,LOCAL,2,Service was quite slow today.,460,17699
3589,2025-05-22 05:48:50.000,LOCAL,5,Excellent service! Highly recommended.,460,17705
3590,2025-05-27 09:07:01.000,LOCAL,2,Disappointing visit.,460,17712
3591,2025-10-01 15:39:56.000,REMOTE,4,Great service and friendly staff.,459,17713
3592,2025-07-15 14:06:51.000,LOCAL,5,Will definitely be back!,460,17715
3593,2025-07-08 12:30:23.000,REMOTE,5,"Best in the area, no doubt.",459,17730
3594,2026-04-16 06:17:01.000,LOCAL,2,Staff could be more attentive.,461,17731
3595,2025-11-04 06:08:23.000,REMOTE,2,Product did not meet my expectations.,459,17737
3596,2026-03-08 20:12:32.000,LOCAL,5,Always a pleasure coming here.,459,17746
3597,2025-08-31 00:19:49.000,REMOTE,5,Will definitely be back!,459,17756
3598,2026-02-13 23:03:56.000,LOCAL,5,Always a pleasure coming here.,460,17765
3599,2025-11-25 04:48:43.000,LOCAL,5,Excellent service! Highly recommended.,461,17771
3600,2026-04-22 21:05:46.000,REMOTE,5,"Best in the area, no doubt.",461,17774
3601,2025-11-21 05:28:15.000,LOCAL,2,Disappointing visit.,459,17776
3602,2026-01-09 19:27:48.000,REMOTE,4,Happy with my visit.,461,17790
3603,2025-08-13 01:33:35.000,LOCAL,3,"Average experience, nothing special.",460,17793
3604,2026-04-28 21:52:17.000,REMOTE,4,Great service and friendly staff.,461,17796
3605,2025-08-01 04:11:32.000,LOCAL,4,Happy with my visit.,459,17809
3606,2025-10-18 23:03:29.000,LOCAL,4,"Very good, would come again.",459,17811
3607,2025-09-20 19:24:20.000,REMOTE,5,Will definitely be back!,459,17812
3608,2025-09-09 10:11:30.000,LOCAL,3,Expected a bit more to be honest.,460,17813
3609,2026-04-08 11:25:14.000,REMOTE,5,"Best in the area, no doubt.",461,17814
3610,2025-10-23 12:35:47.000,LOCAL,5,Always a pleasure coming here.,459,17819
3611,2025-11-08 10:51:38.000,REMOTE,3,"Average experience, nothing special.",461,17824
3612,2026-04-13 18:46:19.000,LOCAL,1,Completely disappointed.,459,17825
3613,2025-05-21 06:41:14.000,LOCAL,3,"Average experience, nothing special.",460,17827
3614,2025-05-23 16:25:18.000,LOCAL,1,Very poor service.,460,17838
3615,2026-04-22 08:17:30.000,LOCAL,1,Very poor service.,461,17844
3616,2026-03-26 09:29:03.000,LOCAL,4,Great service and friendly staff.,460,17858
3617,2025-10-15 01:50:22.000,LOCAL,5,"Best in the area, no doubt.",459,17860
3618,2025-05-23 02:31:45.000,REMOTE,5,Always a pleasure coming here.,461,17863
3619,2025-08-22 20:38:38.000,REMOTE,5,Always a pleasure coming here.,459,17865
3620,2025-09-11 02:14:51.000,REMOTE,5,Always a pleasure coming here.,460,17869
3621,2025-09-13 11:06:17.000,LOCAL,3,Expected a bit more to be honest.,461,17871
3622,2025-09-01 04:10:18.000,REMOTE,4,Happy with my visit.,460,17876
3623,2026-01-14 05:35:08.000,REMOTE,5,Excellent service! Highly recommended.,461,17878
3624,2025-11-04 16:21:37.000,REMOTE,5,Will definitely be back!,460,17879
3625,2025-10-16 07:44:29.000,LOCAL,3,"Average experience, nothing special.",459,17881
3626,2026-01-21 04:26:56.000,LOCAL,4,Solid experience overall.,459,17890
3627,2026-02-20 22:02:00.000,REMOTE,3,OK but not outstanding.,461,17896
3628,2025-05-26 00:48:32.000,LOCAL,5,Will definitely be back!,459,17898
3629,2025-07-04 08:31:44.000,REMOTE,5,Excellent service! Highly recommended.,459,17901
3630,2026-04-15 16:42:12.000,LOCAL,2,Service was quite slow today.,460,17909
3631,2026-04-25 00:46:28.000,LOCAL,4,Happy with my visit.,459,17914
3632,2025-07-23 01:40:46.000,LOCAL,2,Product did not meet my expectations.,459,17915
3633,2026-01-26 15:11:28.000,REMOTE,4,"Very good, would come again.",459,17916
3634,2025-11-14 18:27:45.000,LOCAL,5,"Best in the area, no doubt.",459,17918
3635,2026-02-05 00:10:55.000,REMOTE,3,"Average experience, nothing special.",459,17931
3636,2026-04-14 02:42:14.000,LOCAL,5,"Best in the area, no doubt.",461,17932
3637,2025-07-11 13:33:17.000,LOCAL,5,Excellent service! Highly recommended.,460,17951
3638,2025-11-03 05:07:37.000,REMOTE,3,"Average experience, nothing special.",459,17952
3639,2025-09-30 11:45:37.000,REMOTE,5,"Best in the area, no doubt.",462,17968
3640,2025-09-08 15:52:34.000,LOCAL,4,"Very good, would come again.",462,17972
3641,2025-06-30 10:06:56.000,LOCAL,1,Will not return.,462,17975
3642,2025-07-05 20:19:03.000,LOCAL,4,Solid experience overall.,463,17991
3643,2026-02-28 18:34:39.000,LOCAL,3,OK but not outstanding.,462,17998
3644,2025-12-19 10:15:39.000,REMOTE,5,Will definitely be back!,463,18002
3645,2026-05-07 08:54:08.000,REMOTE,5,Always a pleasure coming here.,462,18003
3646,2025-12-26 15:45:50.000,LOCAL,5,Excellent service! Highly recommended.,463,18004
3647,2026-01-01 03:26:35.000,LOCAL,1,Not what I expected at all.,462,18010
3648,2026-02-19 00:22:13.000,LOCAL,5,"Best in the area, no doubt.",464,18016
3649,2025-08-19 10:45:39.000,LOCAL,5,"Best in the area, no doubt.",464,18030
3650,2026-04-17 17:57:04.000,LOCAL,5,"Best in the area, no doubt.",464,18034
3651,2026-03-21 18:55:22.000,LOCAL,5,"Best in the area, no doubt.",464,18041
3652,2026-04-23 02:43:24.000,REMOTE,5,Excellent service! Highly recommended.,464,18042
3653,2025-11-20 05:23:02.000,LOCAL,4,Solid experience overall.,469,18044
3654,2026-01-10 20:48:53.000,LOCAL,5,Will definitely be back!,465,18048
3655,2025-09-20 18:26:15.000,REMOTE,2,Staff could be more attentive.,469,18058
3656,2026-03-22 06:50:56.000,REMOTE,4,"Very good, would come again.",465,18072
3657,2026-01-23 16:54:13.000,LOCAL,2,Disappointing visit.,465,18073
3658,2026-02-13 20:06:37.000,LOCAL,4,Happy with my visit.,472,18078
3659,2025-10-02 12:37:09.000,LOCAL,5,Excellent service! Highly recommended.,470,18085
3660,2026-03-20 11:03:30.000,REMOTE,2,Disappointing visit.,466,18087
3661,2025-09-13 16:12:00.000,REMOTE,1,Not what I expected at all.,472,18095
3662,2026-03-06 16:14:28.000,LOCAL,4,Great service and friendly staff.,466,18097
3663,2026-01-04 08:04:53.000,REMOTE,1,Not what I expected at all.,472,18098
3664,2025-06-03 14:30:34.000,REMOTE,4,Happy with my visit.,470,18104
3665,2025-10-18 08:46:56.000,REMOTE,5,Will definitely be back!,467,18107
3666,2025-12-05 03:06:46.000,REMOTE,5,Excellent service! Highly recommended.,470,18110
3667,2025-07-18 09:57:02.000,REMOTE,2,Staff could be more attentive.,466,18113
3668,2026-02-07 14:15:17.000,LOCAL,4,Great service and friendly staff.,465,18119
3669,2025-06-06 15:09:22.000,LOCAL,5,Always a pleasure coming here.,470,18120
3670,2026-01-08 00:41:53.000,REMOTE,4,Solid experience overall.,470,18127
3671,2025-10-12 04:51:37.000,REMOTE,5,Excellent service! Highly recommended.,469,18132
3672,2026-01-09 03:46:59.000,REMOTE,5,Will definitely be back!,471,18141
3673,2026-01-13 17:49:42.000,REMOTE,4,"Very good, would come again.",472,18150
3674,2025-11-04 15:31:13.000,REMOTE,4,Great service and friendly staff.,472,18160
3675,2026-02-03 16:43:12.000,REMOTE,5,Will definitely be back!,472,18162
3676,2025-08-12 06:13:05.000,LOCAL,3,"Decent, but could improve.",465,18164
3677,2025-09-09 16:29:06.000,REMOTE,3,"Average experience, nothing special.",469,18170
3678,2026-04-16 07:50:27.000,LOCAL,3,OK but not outstanding.,466,18179
3679,2025-05-08 22:59:41.000,LOCAL,4,Happy with my visit.,465,18188
3680,2025-08-17 21:40:41.000,LOCAL,3,Expected a bit more to be honest.,467,18189
3681,2026-03-26 21:14:13.000,REMOTE,5,Excellent service! Highly recommended.,471,18204
3682,2025-09-12 17:41:54.000,LOCAL,3,Expected a bit more to be honest.,467,18215
3683,2026-05-02 11:34:48.000,LOCAL,3,"Decent, but could improve.",466,18218
3684,2025-08-18 18:26:52.000,REMOTE,5,Excellent service! Highly recommended.,466,18221
3685,2026-04-21 23:16:33.000,LOCAL,5,Will definitely be back!,467,18232
3686,2025-05-18 00:31:13.000,LOCAL,4,Solid experience overall.,467,18233
3687,2025-08-16 04:43:13.000,LOCAL,5,Always a pleasure coming here.,469,18234
3688,2025-05-18 06:19:59.000,REMOTE,1,Very poor service.,471,18236
3689,2025-11-11 01:36:42.000,REMOTE,5,Will definitely be back!,467,18237
3690,2025-10-16 07:25:02.000,REMOTE,5,Always a pleasure coming here.,472,18240
3691,2025-07-18 20:14:10.000,LOCAL,4,"Very good, would come again.",469,18244
3692,2025-07-29 20:41:45.000,LOCAL,5,Always a pleasure coming here.,472,18258
3693,2025-06-19 18:18:36.000,LOCAL,5,Will definitely be back!,468,18262
3694,2026-01-11 19:46:34.000,LOCAL,4,Solid experience overall.,472,18270
3695,2026-05-01 04:40:28.000,LOCAL,3,Expected a bit more to be honest.,470,18274
3696,2025-10-12 14:27:46.000,REMOTE,2,Disappointing visit.,471,18276
3697,2026-01-21 03:42:27.000,REMOTE,5,Excellent service! Highly recommended.,470,18277
3698,2025-10-20 06:07:28.000,REMOTE,4,Happy with my visit.,473,18283
3699,2025-07-17 11:57:38.000,LOCAL,5,"Best in the area, no doubt.",475,18286
3700,2026-04-02 08:41:57.000,LOCAL,4,Happy with my visit.,476,18294
3701,2025-12-07 13:36:19.000,REMOTE,4,Great service and friendly staff.,475,18297
3702,2025-05-23 06:56:41.000,LOCAL,3,Expected a bit more to be honest.,475,18300
3703,2025-05-20 03:17:32.000,LOCAL,4,Happy with my visit.,473,18307
3704,2025-10-25 09:13:36.000,REMOTE,4,"Very good, would come again.",475,18311
3705,2025-12-14 20:43:57.000,LOCAL,4,Solid experience overall.,476,18313
3706,2025-10-11 09:55:01.000,LOCAL,4,"Very good, would come again.",473,18316
3707,2025-06-15 05:05:00.000,REMOTE,4,"Very good, would come again.",474,18321
3708,2025-11-28 02:26:46.000,REMOTE,4,Solid experience overall.,475,18323
3709,2025-09-27 20:57:05.000,REMOTE,4,Happy with my visit.,474,18325
3710,2026-03-04 13:35:27.000,REMOTE,3,OK but not outstanding.,474,18326
3711,2026-01-19 16:53:28.000,LOCAL,5,"Best in the area, no doubt.",474,18340
3712,2026-03-03 09:33:17.000,LOCAL,5,Always a pleasure coming here.,473,18354
3713,2026-02-10 17:33:25.000,LOCAL,3,Expected a bit more to be honest.,473,18355
3714,2025-07-31 10:06:00.000,REMOTE,4,Happy with my visit.,475,18364
3715,2026-01-29 05:09:55.000,REMOTE,4,Great service and friendly staff.,473,18376
3716,2026-01-15 00:51:00.000,LOCAL,5,Will definitely be back!,473,18379
3717,2025-10-06 18:06:03.000,LOCAL,1,Completely disappointed.,475,18383
3718,2025-10-24 04:56:10.000,REMOTE,5,Excellent service! Highly recommended.,475,18386
3719,2025-10-03 09:28:56.000,LOCAL,3,"Decent, but could improve.",476,18388
3720,2026-03-24 05:01:57.000,REMOTE,4,"Very good, would come again.",475,18389
3721,2025-07-06 05:53:34.000,REMOTE,5,Excellent service! Highly recommended.,475,18391
3722,2025-09-09 02:44:42.000,LOCAL,5,Always a pleasure coming here.,476,18399
3723,2025-09-20 09:59:59.000,REMOTE,3,"Average experience, nothing special.",475,18405
3724,2026-02-03 16:47:12.000,REMOTE,4,Great service and friendly staff.,476,18407
3725,2026-03-12 23:56:10.000,REMOTE,4,"Very good, would come again.",475,18411
3726,2025-09-28 13:30:51.000,LOCAL,5,"Best in the area, no doubt.",475,18412
3727,2025-07-22 01:55:13.000,LOCAL,5,"Best in the area, no doubt.",478,18433
3728,2025-12-05 23:07:10.000,LOCAL,3,Expected a bit more to be honest.,477,18435
3729,2025-08-05 06:01:53.000,LOCAL,2,Disappointing visit.,478,18436
3730,2026-03-06 00:53:59.000,LOCAL,4,Solid experience overall.,478,18438
3731,2026-03-20 19:05:50.000,REMOTE,2,Disappointing visit.,478,18444
3732,2025-05-28 03:26:19.000,REMOTE,2,Product did not meet my expectations.,478,18453
3733,2025-12-22 19:35:36.000,REMOTE,3,"Decent, but could improve.",477,18456
3734,2025-12-13 08:18:01.000,LOCAL,1,Very poor service.,478,18463
3735,2026-04-04 23:45:05.000,REMOTE,4,"Very good, would come again.",477,18464
3736,2026-01-09 00:07:54.000,LOCAL,1,Very poor service.,477,18466
3737,2025-09-24 11:48:19.000,LOCAL,1,Will not return.,479,18471
3738,2026-03-23 15:56:01.000,LOCAL,5,Excellent service! Highly recommended.,479,18474
3739,2025-07-29 11:40:08.000,LOCAL,3,OK but not outstanding.,479,18476
3740,2025-12-24 09:55:20.000,REMOTE,5,Will definitely be back!,479,18478
3741,2025-08-25 04:11:21.000,REMOTE,4,"Very good, would come again.",479,18485
3742,2025-11-19 09:40:15.000,LOCAL,5,"Best in the area, no doubt.",479,18486
3743,2025-06-22 19:07:20.000,REMOTE,3,OK but not outstanding.,479,18490
3744,2026-04-04 18:50:32.000,REMOTE,2,Product did not meet my expectations.,479,18492
3745,2026-04-27 17:53:24.000,REMOTE,4,"Very good, would come again.",479,18493
3746,2025-06-03 19:16:05.000,REMOTE,4,Solid experience overall.,479,18500
3747,2025-05-25 08:15:10.000,REMOTE,4,Happy with my visit.,479,18504
3748,2025-09-29 23:19:07.000,REMOTE,4,Great service and friendly staff.,479,18509
3749,2026-03-29 01:23:13.000,LOCAL,3,"Average experience, nothing special.",479,18510
3750,2026-04-17 12:09:00.000,REMOTE,1,Will not return.,479,18521
3751,2025-10-25 15:35:26.000,LOCAL,5,Always a pleasure coming here.,479,18528
3752,2025-06-29 04:20:25.000,LOCAL,5,Excellent service! Highly recommended.,479,18530
3753,2025-08-28 18:42:32.000,LOCAL,5,"Best in the area, no doubt.",480,18541
3754,2026-01-19 00:21:49.000,LOCAL,2,Product did not meet my expectations.,480,18545
3755,2025-11-02 07:26:31.000,LOCAL,3,"Decent, but could improve.",480,18552
3756,2026-04-25 01:29:32.000,LOCAL,5,Always a pleasure coming here.,480,18562
3757,2026-03-18 12:25:16.000,REMOTE,5,Will definitely be back!,480,18565
3758,2025-05-30 10:14:00.000,REMOTE,4,"Very good, would come again.",480,18571
3759,2025-08-23 22:43:36.000,REMOTE,5,Always a pleasure coming here.,480,18572
3760,2025-10-21 11:44:54.000,REMOTE,5,Always a pleasure coming here.,480,18590
3761,2025-09-18 12:31:30.000,REMOTE,1,Completely disappointed.,480,18597
3762,2025-08-23 21:21:01.000,REMOTE,3,"Decent, but could improve.",480,18603
3763,2025-08-19 13:36:46.000,LOCAL,5,Always a pleasure coming here.,480,18609
3764,2026-01-12 22:29:59.000,LOCAL,5,Will definitely be back!,480,18614
3765,2026-04-26 23:59:39.000,REMOTE,1,Not what I expected at all.,480,18617
3766,2026-02-12 01:48:39.000,LOCAL,4,Great service and friendly staff.,480,18618
3767,2026-02-11 01:49:41.000,LOCAL,4,Great service and friendly staff.,480,18619
3768,2025-10-21 18:56:57.000,LOCAL,2,Disappointing visit.,480,18621
3769,2026-03-29 03:45:28.000,LOCAL,3,OK but not outstanding.,485,18636
3770,2025-09-10 15:21:58.000,REMOTE,5,"Best in the area, no doubt.",485,18638
3771,2026-03-01 23:10:22.000,REMOTE,3,"Average experience, nothing special.",482,18655
3772,2025-12-15 17:28:55.000,LOCAL,4,Great service and friendly staff.,482,18657
3773,2026-01-23 01:03:38.000,LOCAL,5,Always a pleasure coming here.,483,18674
3774,2025-08-04 02:36:54.000,LOCAL,5,Excellent service! Highly recommended.,485,18680
3775,2026-02-22 22:22:53.000,LOCAL,4,Great service and friendly staff.,483,18682
3776,2026-03-17 23:36:16.000,REMOTE,5,Excellent service! Highly recommended.,481,18686
3777,2025-07-18 10:41:15.000,LOCAL,2,Product did not meet my expectations.,484,18699
3778,2025-07-29 18:43:07.000,REMOTE,1,Not what I expected at all.,482,18701
3779,2025-09-29 07:08:57.000,LOCAL,3,OK but not outstanding.,484,18704
3780,2025-11-27 04:17:23.000,LOCAL,3,Expected a bit more to be honest.,483,18715
3781,2025-08-04 14:09:32.000,LOCAL,3,OK but not outstanding.,481,18716
3782,2026-02-22 20:58:21.000,LOCAL,5,Will definitely be back!,485,18718
3783,2026-01-05 15:03:31.000,LOCAL,4,Happy with my visit.,482,18729
3784,2025-09-12 02:58:17.000,REMOTE,1,Not what I expected at all.,485,18735
3785,2025-06-16 18:36:05.000,REMOTE,3,"Average experience, nothing special.",481,18739
3786,2025-05-22 08:01:43.000,REMOTE,4,"Very good, would come again.",483,18766
3787,2025-10-10 10:58:11.000,LOCAL,3,OK but not outstanding.,484,18776
3788,2025-12-05 21:09:58.000,LOCAL,5,"Best in the area, no doubt.",482,18777
3789,2025-06-25 18:05:07.000,REMOTE,2,Product did not meet my expectations.,482,18779
3790,2025-11-05 09:55:08.000,LOCAL,5,Excellent service! Highly recommended.,483,18793
3791,2025-08-14 21:58:19.000,REMOTE,4,"Very good, would come again.",481,18798
3792,2025-11-07 08:08:57.000,LOCAL,2,Staff could be more attentive.,481,18805
3793,2026-01-11 05:18:31.000,LOCAL,4,Happy with my visit.,485,18816
3794,2025-08-19 09:13:07.000,REMOTE,5,Excellent service! Highly recommended.,481,18817
3795,2025-06-21 00:12:21.000,LOCAL,4,"Very good, would come again.",485,18824
3796,2025-09-15 16:37:41.000,LOCAL,5,Will definitely be back!,484,18826
3797,2025-09-16 12:13:35.000,LOCAL,3,Expected a bit more to be honest.,482,18829
3798,2025-11-23 09:01:25.000,LOCAL,4,Great service and friendly staff.,483,18836
3799,2026-03-20 00:33:11.000,REMOTE,3,Expected a bit more to be honest.,482,18840
3800,2026-04-02 11:37:16.000,REMOTE,3,"Average experience, nothing special.",483,18848
3801,2025-08-25 14:58:31.000,LOCAL,4,Great service and friendly staff.,485,18858
3802,2025-05-13 15:24:19.000,REMOTE,2,Service was quite slow today.,485,18861
3803,2026-03-31 19:40:06.000,REMOTE,3,OK but not outstanding.,484,18868
3804,2026-01-10 11:15:54.000,REMOTE,5,Always a pleasure coming here.,482,18872
3805,2025-10-03 07:48:31.000,LOCAL,3,Expected a bit more to be honest.,484,18874
3806,2025-10-08 05:22:39.000,REMOTE,3,OK but not outstanding.,481,18876
3807,2025-11-07 11:22:31.000,LOCAL,3,"Average experience, nothing special.",483,18880
3808,2025-12-25 07:47:42.000,LOCAL,5,Always a pleasure coming here.,481,18882
3809,2025-07-17 09:25:15.000,REMOTE,1,Not what I expected at all.,483,18884
3810,2025-05-25 19:44:08.000,LOCAL,1,Not what I expected at all.,481,18885
3811,2025-08-14 19:38:58.000,REMOTE,5,"Best in the area, no doubt.",481,18888
3812,2025-08-21 15:30:55.000,REMOTE,5,Will definitely be back!,483,18889
3813,2025-06-11 13:22:34.000,LOCAL,5,Excellent service! Highly recommended.,481,18891
3814,2025-11-23 08:43:08.000,LOCAL,4,Great service and friendly staff.,481,18893
3815,2025-10-20 19:00:24.000,REMOTE,3,Expected a bit more to be honest.,481,18901
3816,2025-11-06 16:07:33.000,LOCAL,2,Disappointing visit.,489,18902
3817,2025-05-26 21:49:44.000,REMOTE,5,Excellent service! Highly recommended.,489,18904
3818,2025-11-19 11:24:10.000,LOCAL,4,Solid experience overall.,488,18906
3819,2025-08-04 08:06:11.000,REMOTE,5,Will definitely be back!,486,18908
3820,2026-01-07 07:31:40.000,REMOTE,5,Always a pleasure coming here.,487,18923
3821,2025-08-12 21:38:45.000,REMOTE,5,Excellent service! Highly recommended.,488,18929
3822,2026-04-07 05:22:56.000,LOCAL,4,Solid experience overall.,490,18930
3823,2025-05-25 00:50:57.000,REMOTE,4,Solid experience overall.,489,18934
3824,2026-01-17 19:41:26.000,LOCAL,4,"Very good, would come again.",493,18938
3825,2026-03-22 04:34:34.000,REMOTE,4,"Very good, would come again.",491,18948
3826,2026-04-28 21:25:23.000,LOCAL,4,Happy with my visit.,490,18954
3827,2025-06-14 19:49:04.000,REMOTE,3,"Average experience, nothing special.",490,18955
3828,2025-10-08 09:44:12.000,REMOTE,4,Great service and friendly staff.,492,18956
3829,2025-07-16 01:52:10.000,REMOTE,3,"Average experience, nothing special.",490,18963
3830,2025-05-16 16:01:47.000,REMOTE,5,Always a pleasure coming here.,493,18971
3831,2025-11-10 19:31:39.000,LOCAL,1,Not what I expected at all.,492,18975
3832,2025-08-20 13:18:19.000,LOCAL,4,Great service and friendly staff.,489,18978
3833,2025-05-11 21:45:03.000,LOCAL,2,Staff could be more attentive.,490,18979
3834,2025-07-11 12:19:52.000,REMOTE,4,Happy with my visit.,492,18983
3835,2026-02-07 17:10:05.000,LOCAL,2,Product did not meet my expectations.,492,18985
3836,2026-01-14 02:54:35.000,REMOTE,3,"Average experience, nothing special.",486,18986
3837,2026-02-03 23:46:19.000,LOCAL,5,Always a pleasure coming here.,490,18993
3838,2026-03-14 05:10:43.000,REMOTE,4,Happy with my visit.,491,18998
3839,2026-05-03 02:33:53.000,LOCAL,5,Always a pleasure coming here.,493,19006
3840,2025-12-08 12:49:58.000,REMOTE,4,Great service and friendly staff.,493,19009
3841,2025-06-12 16:39:37.000,REMOTE,2,Disappointing visit.,493,19015
3842,2025-11-30 06:22:01.000,REMOTE,3,OK but not outstanding.,492,19023
3843,2025-07-02 00:18:42.000,REMOTE,3,Expected a bit more to be honest.,493,19024
3844,2026-01-08 04:09:36.000,REMOTE,3,OK but not outstanding.,488,19028
3845,2025-07-03 12:39:54.000,REMOTE,1,Not what I expected at all.,486,19042
3846,2025-12-26 02:55:02.000,LOCAL,3,"Average experience, nothing special.",489,19052
3847,2026-01-20 17:11:28.000,REMOTE,4,Great service and friendly staff.,496,19060
3848,2025-07-29 18:00:55.000,REMOTE,4,Great service and friendly staff.,495,19064
3849,2026-03-25 06:49:49.000,LOCAL,5,Excellent service! Highly recommended.,494,19065
3850,2026-02-14 18:56:26.000,REMOTE,5,"Best in the area, no doubt.",494,19071
3851,2025-09-02 18:33:18.000,LOCAL,3,"Decent, but could improve.",495,19076
3852,2025-06-08 05:52:36.000,REMOTE,3,OK but not outstanding.,496,19085
3853,2026-04-04 10:47:29.000,REMOTE,4,Great service and friendly staff.,494,19094
3854,2025-10-07 18:35:32.000,REMOTE,5,Always a pleasure coming here.,495,19106
3855,2025-10-25 11:42:03.000,LOCAL,3,"Decent, but could improve.",496,19108
3856,2025-12-06 04:10:14.000,LOCAL,4,Solid experience overall.,496,19127
3857,2025-07-29 06:55:46.000,REMOTE,5,"Best in the area, no doubt.",495,19129
3858,2025-12-07 04:45:59.000,REMOTE,4,Great service and friendly staff.,495,19132
3859,2025-11-12 00:28:50.000,LOCAL,5,Excellent service! Highly recommended.,494,19138
3860,2026-01-19 11:01:28.000,LOCAL,5,Always a pleasure coming here.,497,19171
3861,2026-03-24 12:37:54.000,REMOTE,5,Will definitely be back!,497,19180
3862,2025-11-08 03:26:39.000,REMOTE,2,Staff could be more attentive.,499,19186
3863,2026-02-01 07:54:31.000,LOCAL,5,"Best in the area, no doubt.",502,19196
3864,2025-10-29 19:16:54.000,LOCAL,5,Always a pleasure coming here.,499,19203
3865,2025-08-20 05:33:24.000,REMOTE,2,Staff could be more attentive.,499,19204
3866,2025-12-23 10:55:49.000,REMOTE,5,Excellent service! Highly recommended.,501,19215
3867,2025-10-15 23:36:20.000,REMOTE,5,Always a pleasure coming here.,500,19219
3868,2025-07-21 13:18:22.000,LOCAL,3,OK but not outstanding.,500,19221
3869,2026-02-23 14:13:06.000,REMOTE,4,Solid experience overall.,501,19227
3870,2025-09-14 09:07:56.000,LOCAL,4,Great service and friendly staff.,502,19230
3871,2026-02-01 10:12:03.000,LOCAL,5,Always a pleasure coming here.,502,19231
3872,2025-12-08 08:30:23.000,REMOTE,2,Disappointing visit.,500,19235
3873,2026-01-08 04:52:51.000,LOCAL,1,Not what I expected at all.,500,19238
3874,2025-12-08 16:04:59.000,REMOTE,5,Will definitely be back!,500,19240
3875,2026-04-24 06:27:15.000,REMOTE,5,Always a pleasure coming here.,501,19248
3876,2025-08-25 21:49:31.000,REMOTE,4,Happy with my visit.,502,19249
3877,2026-04-27 13:34:02.000,REMOTE,5,Will definitely be back!,499,19257
3878,2025-12-04 05:10:39.000,REMOTE,5,Will definitely be back!,500,19259
3879,2025-12-04 23:03:09.000,REMOTE,4,Great service and friendly staff.,501,19261
3880,2025-06-29 22:06:35.000,REMOTE,5,Will definitely be back!,501,19266
3881,2025-12-06 09:29:13.000,LOCAL,5,Will definitely be back!,502,19269
3882,2025-07-27 12:54:58.000,LOCAL,4,Happy with my visit.,500,19271
3883,2025-12-18 21:06:29.000,LOCAL,5,Excellent service! Highly recommended.,499,19275
3884,2026-02-04 02:41:42.000,LOCAL,4,Great service and friendly staff.,500,19277
3885,2025-08-24 09:59:30.000,LOCAL,5,"Best in the area, no doubt.",500,19284
3886,2025-07-24 10:47:07.000,REMOTE,3,"Decent, but could improve.",500,19288
3887,2025-05-13 12:47:20.000,REMOTE,5,Always a pleasure coming here.,502,19289
3888,2025-08-31 17:53:27.000,LOCAL,4,Great service and friendly staff.,502,19315
3889,2025-09-08 16:51:00.000,REMOTE,5,Will definitely be back!,504,19332
3890,2025-08-07 10:33:35.000,REMOTE,5,"Best in the area, no doubt.",507,19335
3891,2025-08-10 15:57:46.000,REMOTE,5,Always a pleasure coming here.,508,19339
3892,2025-06-26 19:32:12.000,REMOTE,2,Product did not meet my expectations.,505,19341
3893,2026-03-05 19:44:27.000,REMOTE,2,Disappointing visit.,508,19347
3894,2025-08-23 14:29:24.000,REMOTE,5,"Best in the area, no doubt.",508,19356
3895,2025-11-18 01:50:48.000,LOCAL,1,Very poor service.,503,19360
3896,2026-01-01 02:28:51.000,LOCAL,3,"Average experience, nothing special.",506,19361
3897,2025-08-30 11:25:45.000,LOCAL,1,Not what I expected at all.,507,19364
3898,2026-05-01 01:44:43.000,REMOTE,5,Always a pleasure coming here.,508,19369
3899,2026-02-25 02:07:17.000,LOCAL,5,"Best in the area, no doubt.",507,19371
3900,2025-05-18 21:06:19.000,REMOTE,3,"Decent, but could improve.",508,19384
3901,2026-03-27 22:07:49.000,LOCAL,5,Always a pleasure coming here.,507,19402
3902,2025-11-16 05:09:45.000,REMOTE,5,Will definitely be back!,504,19406
3903,2025-07-02 15:56:48.000,REMOTE,5,Excellent service! Highly recommended.,507,19409
3904,2025-11-22 19:34:25.000,LOCAL,5,Excellent service! Highly recommended.,508,19420
3905,2026-02-06 03:41:00.000,LOCAL,4,"Very good, would come again.",503,19423
3906,2025-06-09 21:46:23.000,REMOTE,1,Completely disappointed.,507,19428
3907,2025-07-02 15:08:09.000,REMOTE,3,"Decent, but could improve.",505,19431
3908,2026-05-04 20:20:29.000,LOCAL,1,Completely disappointed.,503,19432
3909,2026-01-21 00:47:43.000,REMOTE,5,"Best in the area, no doubt.",507,19433
3910,2026-03-07 14:16:35.000,REMOTE,2,Service was quite slow today.,505,19440
3911,2026-04-08 19:42:40.000,REMOTE,2,Service was quite slow today.,506,19444
3912,2025-11-12 09:22:02.000,REMOTE,1,Not what I expected at all.,508,19449
3913,2025-05-09 16:16:34.000,REMOTE,1,Completely disappointed.,507,19452
3914,2025-10-03 21:59:04.000,LOCAL,2,Service was quite slow today.,507,19453
3915,2025-12-17 02:07:38.000,REMOTE,5,Always a pleasure coming here.,508,19454
3916,2026-01-28 01:33:40.000,LOCAL,4,Solid experience overall.,505,19459
3917,2026-03-21 08:32:31.000,LOCAL,5,Always a pleasure coming here.,506,19466
3918,2025-09-15 02:15:36.000,LOCAL,5,Always a pleasure coming here.,507,19475
3919,2025-09-27 19:11:00.000,LOCAL,4,Happy with my visit.,506,19478
3920,2025-06-20 02:00:36.000,LOCAL,3,"Average experience, nothing special.",504,19486
3921,2026-01-29 22:50:04.000,REMOTE,4,Happy with my visit.,507,19501
3922,2026-01-25 01:33:50.000,LOCAL,5,"Best in the area, no doubt.",503,19503
3923,2026-02-10 12:32:40.000,REMOTE,5,"Best in the area, no doubt.",504,19506
3924,2025-12-10 14:21:14.000,REMOTE,1,Completely disappointed.,503,19509
3925,2026-04-27 14:18:44.000,REMOTE,4,Solid experience overall.,503,19511
3926,2025-09-09 07:32:50.000,LOCAL,3,"Decent, but could improve.",505,19518
3927,2025-06-09 22:47:38.000,LOCAL,3,"Decent, but could improve.",505,19524
3928,2025-12-24 05:25:13.000,REMOTE,1,Very poor service.,503,19526
3929,2025-09-18 19:38:50.000,REMOTE,1,Very poor service.,504,19534
3930,2026-01-01 05:50:01.000,REMOTE,5,Will definitely be back!,503,19537
3931,2026-03-31 14:05:13.000,LOCAL,3,OK but not outstanding.,508,19539
3932,2026-03-25 00:14:20.000,REMOTE,5,"Best in the area, no doubt.",505,19541
3933,2026-05-05 23:56:07.000,REMOTE,4,Great service and friendly staff.,508,19542
3934,2025-07-07 16:28:11.000,REMOTE,4,Great service and friendly staff.,508,19552
3935,2025-11-12 03:00:35.000,LOCAL,5,Always a pleasure coming here.,505,19577
3936,2025-05-14 05:47:21.000,REMOTE,5,Excellent service! Highly recommended.,503,19580
3937,2026-04-05 22:30:32.000,LOCAL,4,Happy with my visit.,510,19583
3938,2026-04-15 02:29:29.000,REMOTE,4,Solid experience overall.,510,19590
3939,2025-12-29 13:50:04.000,LOCAL,3,Expected a bit more to be honest.,509,19592
3940,2025-06-21 12:05:28.000,LOCAL,3,Expected a bit more to be honest.,509,19598
3941,2025-06-05 20:54:46.000,REMOTE,5,Will definitely be back!,510,19612
3942,2025-12-21 19:05:59.000,LOCAL,5,Will definitely be back!,510,19619
3943,2026-05-05 05:09:02.000,REMOTE,5,Always a pleasure coming here.,510,19628
3944,2025-05-31 00:22:41.000,LOCAL,4,Great service and friendly staff.,509,19629
3945,2026-03-05 01:41:21.000,REMOTE,3,Expected a bit more to be honest.,509,19638
3946,2025-10-08 19:44:03.000,REMOTE,4,Solid experience overall.,509,19640
3947,2025-06-14 04:05:40.000,REMOTE,3,Expected a bit more to be honest.,509,19654
3948,2025-08-16 14:50:40.000,LOCAL,5,Will definitely be back!,510,19663
3949,2025-07-14 03:21:03.000,LOCAL,3,"Decent, but could improve.",510,19667
3950,2025-11-29 06:40:35.000,LOCAL,3,OK but not outstanding.,509,19671
3951,2026-05-07 08:00:34.000,REMOTE,4,"Very good, would come again.",511,19679
3952,2026-02-05 07:25:14.000,LOCAL,2,Service was quite slow today.,511,19682
3953,2025-07-08 17:19:34.000,LOCAL,5,Excellent service! Highly recommended.,511,19685
3954,2025-11-03 20:42:09.000,LOCAL,3,OK but not outstanding.,511,19689
3955,2026-01-07 00:20:36.000,REMOTE,5,Excellent service! Highly recommended.,511,19698
3956,2025-12-21 15:57:56.000,LOCAL,3,"Decent, but could improve.",511,19703
3957,2025-07-13 18:48:04.000,LOCAL,4,Solid experience overall.,511,19705
3958,2025-11-22 09:04:06.000,REMOTE,3,"Decent, but could improve.",511,19710
3959,2025-07-05 05:48:42.000,REMOTE,5,Will definitely be back!,511,19722
3960,2026-02-28 22:02:27.000,LOCAL,4,Solid experience overall.,511,19723
3961,2025-12-30 10:31:13.000,REMOTE,4,Great service and friendly staff.,511,19731
3962,2025-08-19 04:52:12.000,REMOTE,3,Expected a bit more to be honest.,511,19736
3963,2025-11-27 18:37:29.000,LOCAL,4,Solid experience overall.,511,19737
3964,2025-11-02 08:34:47.000,LOCAL,4,"Very good, would come again.",511,19738
3965,2026-05-07 04:04:39.000,REMOTE,4,"Very good, would come again.",512,19748
3966,2026-04-08 22:18:24.000,REMOTE,3,"Average experience, nothing special.",512,19755
3967,2025-11-15 19:22:34.000,LOCAL,5,Excellent service! Highly recommended.,513,19757
3968,2025-08-08 18:26:43.000,LOCAL,4,Great service and friendly staff.,512,19762
3969,2025-07-29 15:34:00.000,LOCAL,5,"Best in the area, no doubt.",512,19763
3970,2026-03-16 22:06:32.000,LOCAL,5,Will definitely be back!,515,19765
3971,2025-09-04 22:02:11.000,REMOTE,5,Will definitely be back!,518,19769
3972,2026-02-22 12:40:32.000,LOCAL,3,OK but not outstanding.,517,19775
3973,2026-04-21 07:55:19.000,LOCAL,3,"Decent, but could improve.",514,19777
3974,2025-12-16 04:46:42.000,REMOTE,4,Great service and friendly staff.,515,19779
3975,2026-02-28 08:25:18.000,REMOTE,4,Happy with my visit.,518,19781
3976,2026-03-17 09:00:41.000,LOCAL,1,Not what I expected at all.,514,19786
3977,2025-10-19 23:39:43.000,LOCAL,4,Great service and friendly staff.,515,19788
3978,2026-03-21 02:46:19.000,LOCAL,4,Happy with my visit.,516,19789
3979,2025-11-10 01:13:39.000,LOCAL,5,"Best in the area, no doubt.",515,19792
3980,2025-09-21 22:07:57.000,REMOTE,5,Will definitely be back!,515,19793
3981,2026-04-20 09:21:56.000,LOCAL,5,Always a pleasure coming here.,516,19794
3982,2025-12-21 17:32:26.000,LOCAL,2,Staff could be more attentive.,518,19803
3983,2025-06-10 07:27:50.000,LOCAL,2,Product did not meet my expectations.,515,19807
3984,2026-03-14 12:12:40.000,LOCAL,4,Great service and friendly staff.,515,19811
3985,2026-02-26 11:47:44.000,REMOTE,5,Will definitely be back!,516,19819
3986,2026-01-01 09:42:48.000,REMOTE,3,OK but not outstanding.,516,19820
3987,2026-04-21 20:51:17.000,REMOTE,4,Solid experience overall.,516,19824
3988,2026-05-08 16:12:18.000,LOCAL,5,"Best in the area, no doubt.",516,19827
3989,2025-06-19 04:24:39.000,REMOTE,5,Always a pleasure coming here.,517,19839
3990,2025-05-29 15:16:32.000,LOCAL,3,"Decent, but could improve.",517,19840
3991,2025-12-03 18:19:21.000,LOCAL,4,Solid experience overall.,514,19853
3992,2025-06-19 05:38:59.000,LOCAL,1,Not what I expected at all.,514,19862
3993,2025-09-11 23:32:45.000,LOCAL,5,Always a pleasure coming here.,515,19867
3994,2025-09-30 21:13:46.000,LOCAL,1,Not what I expected at all.,515,19870
3995,2025-08-13 23:33:36.000,REMOTE,2,Disappointing visit.,517,19874
3996,2025-07-16 16:55:44.000,REMOTE,4,Happy with my visit.,518,19884
3997,2026-02-27 04:53:13.000,LOCAL,3,OK but not outstanding.,518,19893
3998,2026-01-01 07:03:38.000,LOCAL,5,Always a pleasure coming here.,515,19895
3999,2025-12-11 16:20:16.000,REMOTE,1,Not what I expected at all.,515,19906
4000,2026-01-27 09:18:56.000,REMOTE,3,"Decent, but could improve.",514,19908
4001,2026-02-06 10:36:37.000,LOCAL,4,Solid experience overall.,518,19938
4002,2026-04-15 20:26:03.000,REMOTE,3,"Average experience, nothing special.",514,19941
4003,2025-07-03 22:21:44.000,REMOTE,2,Service was quite slow today.,517,19942
4004,2025-10-11 12:33:57.000,LOCAL,3,"Decent, but could improve.",519,19952
4005,2025-11-02 04:19:49.000,REMOTE,4,Solid experience overall.,521,19954
4006,2025-07-18 15:17:01.000,REMOTE,5,Will definitely be back!,520,19958
4007,2025-07-29 06:54:43.000,REMOTE,3,Expected a bit more to be honest.,521,19964
4008,2025-05-24 14:39:59.000,REMOTE,3,"Average experience, nothing special.",519,19968
4009,2025-11-20 11:36:47.000,REMOTE,3,OK but not outstanding.,521,19969
4010,2025-06-02 03:00:00.000,REMOTE,4,Great service and friendly staff.,520,19974
4011,2026-04-10 08:10:42.000,LOCAL,2,Staff could be more attentive.,520,19976
4012,2025-08-13 10:51:19.000,REMOTE,2,Service was quite slow today.,521,19979
4013,2026-01-06 17:50:31.000,REMOTE,4,"Very good, would come again.",520,19982
4014,2025-11-15 23:05:49.000,LOCAL,1,Completely disappointed.,521,19987
4015,2025-06-28 09:46:52.000,REMOTE,1,Very poor service.,521,19988
4016,2026-04-02 08:35:55.000,REMOTE,5,Excellent service! Highly recommended.,521,19992
4017,2026-03-25 07:53:05.000,LOCAL,1,Not what I expected at all.,521,20005
4018,2025-07-03 23:55:25.000,LOCAL,5,Excellent service! Highly recommended.,520,20022
4019,2025-10-20 01:43:27.000,REMOTE,5,Always a pleasure coming here.,521,20023
4020,2025-05-30 11:19:51.000,LOCAL,5,"Best in the area, no doubt.",520,20025
4021,2026-04-12 03:11:53.000,REMOTE,5,Always a pleasure coming here.,521,20027
4022,2025-11-28 13:48:59.000,LOCAL,4,"Very good, would come again.",519,20030
4023,2025-05-11 11:04:39.000,LOCAL,4,Happy with my visit.,521,20048
4024,2025-11-26 05:43:59.000,REMOTE,2,Service was quite slow today.,520,20050
4025,2026-01-01 05:53:23.000,REMOTE,2,Staff could be more attentive.,519,20054
4026,2026-04-10 19:09:03.000,REMOTE,3,OK but not outstanding.,521,20058
4027,2026-03-31 10:57:26.000,LOCAL,3,"Decent, but could improve.",519,20065
4028,2025-09-01 10:47:43.000,REMOTE,5,Always a pleasure coming here.,521,20075
4029,2025-10-08 21:33:31.000,REMOTE,3,"Average experience, nothing special.",519,20080
4030,2025-12-04 11:48:18.000,REMOTE,5,Excellent service! Highly recommended.,519,20087
4031,2025-05-22 14:02:45.000,LOCAL,5,"Best in the area, no doubt.",519,20091
4032,2025-09-25 01:35:12.000,LOCAL,5,Excellent service! Highly recommended.,522,20099
4033,2026-01-29 19:12:53.000,LOCAL,4,Great service and friendly staff.,522,20102
4034,2025-11-06 15:18:04.000,REMOTE,4,"Very good, would come again.",522,20103
4035,2026-03-29 08:22:56.000,LOCAL,3,"Decent, but could improve.",522,20104
4036,2025-11-10 07:26:54.000,LOCAL,4,"Very good, would come again.",522,20105
4037,2026-03-20 03:27:48.000,LOCAL,4,Great service and friendly staff.,522,20107
4038,2025-12-05 08:20:12.000,REMOTE,3,OK but not outstanding.,522,20109
4039,2025-08-22 23:26:34.000,REMOTE,5,Excellent service! Highly recommended.,522,20124
4040,2025-11-26 07:39:47.000,REMOTE,2,Staff could be more attentive.,522,20127
4041,2026-04-24 06:06:03.000,REMOTE,5,Excellent service! Highly recommended.,522,20128
4042,2025-10-16 02:57:04.000,REMOTE,5,"Best in the area, no doubt.",522,20129
4043,2025-08-26 18:28:16.000,LOCAL,4,Solid experience overall.,522,20133
4044,2026-02-02 10:51:52.000,LOCAL,5,Excellent service! Highly recommended.,522,20137
4045,2025-10-23 14:05:25.000,REMOTE,5,Excellent service! Highly recommended.,522,20151
4046,2025-07-22 06:19:25.000,LOCAL,3,Expected a bit more to be honest.,522,20157
4047,2025-10-18 09:34:53.000,REMOTE,5,"Best in the area, no doubt.",522,20169
4048,2026-02-13 15:44:03.000,LOCAL,5,Excellent service! Highly recommended.,522,20170
4049,2025-10-30 08:29:07.000,LOCAL,3,Expected a bit more to be honest.,522,20172
4050,2026-04-24 10:21:35.000,LOCAL,1,Will not return.,522,20173
4051,2025-06-12 03:40:20.000,REMOTE,4,Solid experience overall.,522,20189
4052,2025-12-23 22:21:27.000,LOCAL,3,OK but not outstanding.,522,20194
4053,2026-05-08 04:21:03.000,REMOTE,5,Will definitely be back!,522,20196
4054,2026-03-27 00:38:53.000,LOCAL,4,"Very good, would come again.",522,20202
4055,2026-01-27 05:37:24.000,REMOTE,3,Expected a bit more to be honest.,522,20204
4056,2025-12-18 10:10:08.000,LOCAL,3,OK but not outstanding.,522,20206
4057,2026-04-12 02:20:54.000,LOCAL,3,Expected a bit more to be honest.,522,20207
4058,2025-08-31 11:47:57.000,REMOTE,5,Will definitely be back!,522,20211
4059,2026-01-08 10:10:41.000,LOCAL,5,"Best in the area, no doubt.",522,20212
4060,2026-01-21 08:38:59.000,LOCAL,5,Always a pleasure coming here.,522,20228
4061,2025-10-03 15:30:49.000,LOCAL,3,Expected a bit more to be honest.,522,20231
4062,2025-10-27 18:18:16.000,LOCAL,1,Will not return.,522,20235
4063,2025-11-22 04:29:00.000,LOCAL,5,Will definitely be back!,523,20248
4064,2026-01-05 01:06:17.000,LOCAL,3,OK but not outstanding.,523,20253
4065,2026-02-11 05:03:50.000,LOCAL,1,Very poor service.,523,20254
4066,2025-07-01 18:22:31.000,REMOTE,5,Will definitely be back!,523,20260
4067,2025-11-02 10:47:01.000,REMOTE,1,Not what I expected at all.,523,20275
4068,2026-01-31 13:30:46.000,LOCAL,4,Happy with my visit.,524,20276
4069,2025-09-13 17:36:35.000,LOCAL,3,Expected a bit more to be honest.,524,20277
4070,2026-05-05 17:23:50.000,REMOTE,3,"Decent, but could improve.",525,20279
4071,2026-03-03 14:51:44.000,REMOTE,4,Great service and friendly staff.,524,20280
4072,2025-05-19 10:19:37.000,REMOTE,3,OK but not outstanding.,525,20281
4073,2025-12-03 10:32:03.000,REMOTE,3,Expected a bit more to be honest.,525,20285
4074,2025-07-01 07:15:51.000,REMOTE,4,Great service and friendly staff.,525,20286
4075,2025-06-06 09:28:43.000,REMOTE,2,Staff could be more attentive.,524,20291
4076,2025-09-13 15:55:29.000,LOCAL,4,"Very good, would come again.",524,20299
4077,2025-07-16 10:38:27.000,LOCAL,5,"Best in the area, no doubt.",525,20303
4078,2026-01-14 16:49:05.000,REMOTE,2,Product did not meet my expectations.,525,20306
4079,2025-12-10 00:19:42.000,LOCAL,3,"Decent, but could improve.",524,20317
4080,2025-07-03 10:26:12.000,REMOTE,5,Always a pleasure coming here.,524,20319
4081,2025-11-08 20:25:55.000,LOCAL,2,Service was quite slow today.,525,20321
4082,2025-08-11 16:59:18.000,REMOTE,1,Will not return.,525,20323
4083,2025-06-01 14:25:45.000,LOCAL,5,"Best in the area, no doubt.",525,20328
4084,2026-04-21 08:54:12.000,LOCAL,5,Always a pleasure coming here.,524,20332
4085,2025-07-19 19:08:30.000,REMOTE,2,Disappointing visit.,526,20343
4086,2026-01-21 10:14:34.000,LOCAL,5,Excellent service! Highly recommended.,526,20351
4087,2026-04-16 12:31:57.000,REMOTE,3,"Average experience, nothing special.",526,20354
4088,2025-09-04 21:32:22.000,LOCAL,5,Excellent service! Highly recommended.,526,20363
4089,2025-07-03 21:42:07.000,LOCAL,1,Completely disappointed.,526,20364
4090,2026-02-27 14:14:02.000,LOCAL,5,Always a pleasure coming here.,526,20365
4091,2025-11-02 12:19:58.000,REMOTE,5,Will definitely be back!,527,20374
4092,2026-04-03 22:29:40.000,LOCAL,4,"Very good, would come again.",527,20383
4093,2025-09-26 00:31:08.000,LOCAL,5,Will definitely be back!,528,20391
4094,2025-06-22 11:02:27.000,LOCAL,5,Will definitely be back!,527,20395
4095,2025-05-12 19:57:42.000,LOCAL,3,Expected a bit more to be honest.,528,20398
4096,2025-07-08 07:06:30.000,REMOTE,3,"Decent, but could improve.",528,20399
4097,2025-11-16 18:43:34.000,REMOTE,1,Not what I expected at all.,527,20402
4098,2025-10-20 01:33:45.000,LOCAL,5,Always a pleasure coming here.,528,20404
4099,2025-08-17 21:23:47.000,LOCAL,5,Always a pleasure coming here.,527,20405
4100,2026-02-07 02:14:30.000,LOCAL,3,OK but not outstanding.,529,20412
4101,2026-04-04 13:40:22.000,LOCAL,4,Solid experience overall.,530,20417
4102,2025-11-29 02:23:01.000,REMOTE,5,Always a pleasure coming here.,529,20419
4103,2025-12-16 17:09:28.000,REMOTE,3,"Decent, but could improve.",530,20420
4104,2025-10-05 15:11:07.000,REMOTE,5,Always a pleasure coming here.,530,20424
4105,2025-06-14 16:03:10.000,REMOTE,4,Happy with my visit.,529,20428
4106,2025-08-29 23:10:07.000,REMOTE,5,Will definitely be back!,529,20435
4107,2026-03-12 11:14:57.000,LOCAL,1,Not what I expected at all.,530,20437
4108,2025-08-31 04:56:12.000,LOCAL,5,Always a pleasure coming here.,529,20440
4109,2025-08-07 19:17:46.000,REMOTE,5,"Best in the area, no doubt.",530,20450
4110,2025-08-20 03:22:44.000,LOCAL,4,Solid experience overall.,529,20458
4111,2026-02-26 03:06:19.000,REMOTE,5,Always a pleasure coming here.,529,20461
4112,2025-08-12 00:39:01.000,REMOTE,4,"Very good, would come again.",530,20464
4113,2026-01-24 10:36:16.000,REMOTE,5,Always a pleasure coming here.,530,20467
4114,2025-05-28 12:13:27.000,REMOTE,5,Will definitely be back!,530,20482
4115,2025-11-05 08:36:33.000,REMOTE,5,Always a pleasure coming here.,529,20485
4116,2026-02-11 05:50:29.000,REMOTE,4,Happy with my visit.,529,20497
4117,2026-03-25 06:07:54.000,LOCAL,4,Solid experience overall.,530,20500
4118,2026-01-11 20:19:17.000,LOCAL,5,Will definitely be back!,530,20501
4119,2026-01-12 17:46:13.000,REMOTE,5,"Best in the area, no doubt.",529,20508
4120,2025-09-13 01:51:58.000,REMOTE,4,Great service and friendly staff.,530,20510
4121,2026-01-24 03:51:47.000,REMOTE,4,Solid experience overall.,529,20511
4122,2025-08-11 23:14:43.000,REMOTE,5,Always a pleasure coming here.,529,20521
4123,2026-01-16 09:57:50.000,REMOTE,1,Very poor service.,530,20523
4124,2025-06-10 00:10:53.000,REMOTE,4,Solid experience overall.,529,20532
4125,2025-05-15 14:29:26.000,LOCAL,3,"Decent, but could improve.",530,20536
4126,2025-11-30 09:45:53.000,REMOTE,3,OK but not outstanding.,530,20539
4127,2026-04-23 08:44:11.000,REMOTE,1,Will not return.,530,20540
4128,2026-05-06 15:31:25.000,REMOTE,5,Excellent service! Highly recommended.,529,20542
4129,2025-12-23 06:08:30.000,REMOTE,4,"Very good, would come again.",529,20553
4130,2026-01-08 09:02:39.000,REMOTE,3,Expected a bit more to be honest.,529,20555
4131,2025-09-05 17:19:47.000,REMOTE,2,Disappointing visit.,530,20561
4132,2025-06-12 05:24:50.000,LOCAL,2,Product did not meet my expectations.,530,20563
4133,2026-01-15 10:44:26.000,LOCAL,4,"Very good, would come again.",530,20565
4134,2025-05-26 08:23:26.000,LOCAL,4,Great service and friendly staff.,530,20572
4135,2025-05-29 07:55:18.000,REMOTE,4,Great service and friendly staff.,529,20578
4136,2026-01-30 02:44:38.000,LOCAL,4,Great service and friendly staff.,529,20580
4137,2025-11-26 03:59:29.000,LOCAL,5,Will definitely be back!,530,20581
4138,2025-12-10 19:20:17.000,REMOTE,4,Happy with my visit.,530,20584
4139,2025-08-01 09:24:26.000,REMOTE,4,Happy with my visit.,529,20586
4140,2025-11-21 05:30:44.000,REMOTE,2,Service was quite slow today.,529,20597
4141,2025-08-26 21:42:01.000,LOCAL,3,"Average experience, nothing special.",530,20600
4142,2025-07-30 08:29:26.000,LOCAL,3,"Decent, but could improve.",529,20604
4143,2025-06-22 15:24:40.000,LOCAL,5,Always a pleasure coming here.,529,20605
4144,2026-01-16 05:28:11.000,LOCAL,4,"Very good, would come again.",530,20610
4145,2025-09-30 07:20:05.000,REMOTE,5,Always a pleasure coming here.,529,20622
4146,2026-02-26 22:32:31.000,REMOTE,5,Will definitely be back!,529,20629
4147,2025-07-24 18:59:04.000,REMOTE,4,Solid experience overall.,529,20634
4148,2025-07-04 15:37:29.000,REMOTE,4,Happy with my visit.,530,20641
4149,2025-08-28 22:11:45.000,LOCAL,4,Solid experience overall.,529,20644
4150,2025-12-09 13:39:18.000,REMOTE,5,Will definitely be back!,529,20655
4151,2026-04-22 08:27:10.000,LOCAL,4,Solid experience overall.,529,20676
4152,2025-10-23 15:00:30.000,LOCAL,3,"Average experience, nothing special.",529,20678
4153,2025-08-11 17:50:47.000,LOCAL,5,"Best in the area, no doubt.",530,20679
4154,2025-08-15 09:41:16.000,REMOTE,4,Great service and friendly staff.,530,20681
4155,2025-12-02 12:16:21.000,REMOTE,1,Will not return.,531,20689
4156,2025-11-17 19:09:15.000,REMOTE,2,Service was quite slow today.,531,20695
4157,2025-09-22 03:32:21.000,REMOTE,3,OK but not outstanding.,532,20700
4158,2025-08-30 13:20:51.000,REMOTE,1,Very poor service.,533,20704
4159,2025-10-02 04:56:34.000,REMOTE,1,Not what I expected at all.,533,20709
4160,2026-04-17 03:01:49.000,REMOTE,3,Expected a bit more to be honest.,531,20712
4161,2025-05-21 06:48:01.000,REMOTE,2,Product did not meet my expectations.,531,20713
4162,2025-10-06 11:26:27.000,REMOTE,2,Disappointing visit.,532,20715
4163,2025-05-31 13:41:48.000,LOCAL,4,Happy with my visit.,533,20718
4164,2025-07-14 06:38:12.000,LOCAL,3,OK but not outstanding.,532,20721
4165,2025-05-31 05:14:40.000,LOCAL,5,Always a pleasure coming here.,532,20729
4166,2025-09-16 02:37:30.000,REMOTE,5,"Best in the area, no doubt.",531,20732
4167,2025-11-06 15:49:21.000,REMOTE,1,Very poor service.,532,20734
4168,2025-11-27 06:28:34.000,LOCAL,5,Always a pleasure coming here.,533,20735
4169,2025-06-24 23:29:34.000,REMOTE,1,Completely disappointed.,532,20738
4170,2025-10-19 01:25:34.000,REMOTE,4,"Very good, would come again.",532,20739
4171,2025-11-04 19:17:48.000,REMOTE,4,"Very good, would come again.",532,20744
4172,2025-10-22 18:25:04.000,LOCAL,5,"Best in the area, no doubt.",533,20750
4173,2025-12-27 20:38:40.000,LOCAL,5,Will definitely be back!,531,20754
4174,2025-06-18 04:02:04.000,LOCAL,3,"Decent, but could improve.",531,20759
4175,2025-10-24 04:10:47.000,LOCAL,4,Happy with my visit.,533,20764
4176,2026-01-24 03:16:11.000,REMOTE,5,Always a pleasure coming here.,534,20770
4177,2025-05-18 12:31:17.000,LOCAL,5,"Best in the area, no doubt.",536,20773
4178,2025-07-04 05:56:30.000,LOCAL,4,Great service and friendly staff.,535,20782
4179,2025-10-20 12:45:22.000,LOCAL,5,Will definitely be back!,535,20800
4180,2025-08-28 13:34:01.000,LOCAL,1,Very poor service.,534,20809
4181,2025-08-25 13:35:10.000,LOCAL,4,Solid experience overall.,536,20817
4182,2026-04-12 06:25:57.000,LOCAL,5,Always a pleasure coming here.,534,20821
4183,2025-11-22 02:52:52.000,REMOTE,2,Product did not meet my expectations.,536,20822
4184,2025-05-12 22:04:20.000,LOCAL,5,Excellent service! Highly recommended.,536,20828
4185,2025-10-16 17:32:29.000,LOCAL,4,"Very good, would come again.",535,20830
4186,2025-05-10 22:06:27.000,REMOTE,3,OK but not outstanding.,536,20834
4187,2026-03-08 09:13:14.000,LOCAL,4,Happy with my visit.,534,20836
4188,2026-03-19 17:04:37.000,LOCAL,3,Expected a bit more to be honest.,535,20845
4189,2025-11-05 08:59:30.000,LOCAL,5,Always a pleasure coming here.,534,20853
4190,2026-04-16 01:54:42.000,LOCAL,4,Solid experience overall.,536,20856
4191,2026-03-13 08:16:27.000,REMOTE,3,"Decent, but could improve.",537,20861
4192,2025-05-12 00:37:08.000,REMOTE,4,Happy with my visit.,538,20873
4193,2025-05-13 00:27:21.000,REMOTE,5,Always a pleasure coming here.,537,20874
4194,2025-10-19 06:38:16.000,LOCAL,3,Expected a bit more to be honest.,538,20875
4195,2025-11-25 11:28:49.000,REMOTE,5,Will definitely be back!,537,20887
4196,2025-06-09 20:32:07.000,LOCAL,4,Great service and friendly staff.,538,20897
4197,2026-01-24 22:54:59.000,REMOTE,1,Completely disappointed.,537,20898
4198,2025-11-27 14:16:01.000,LOCAL,5,Always a pleasure coming here.,538,20901
4199,2025-10-31 05:09:43.000,REMOTE,4,Happy with my visit.,537,20903
4200,2025-07-03 11:58:34.000,LOCAL,4,Happy with my visit.,537,20909
4201,2025-10-02 02:27:23.000,LOCAL,4,Solid experience overall.,538,20912
4202,2025-09-07 06:10:00.000,REMOTE,2,Product did not meet my expectations.,537,20913
4203,2026-02-21 15:37:33.000,REMOTE,5,Will definitely be back!,537,20916
4204,2025-10-13 18:24:53.000,LOCAL,5,"Best in the area, no doubt.",537,20921
4205,2025-12-27 19:58:36.000,LOCAL,5,Always a pleasure coming here.,539,20925
4206,2025-05-17 17:49:15.000,REMOTE,1,Not what I expected at all.,542,20926
4207,2026-05-02 10:30:20.000,REMOTE,2,Product did not meet my expectations.,545,20928
4208,2025-06-12 02:45:42.000,REMOTE,4,Solid experience overall.,543,20932
4209,2026-03-29 06:46:03.000,REMOTE,3,"Average experience, nothing special.",540,20934
4210,2025-07-16 05:14:23.000,LOCAL,2,Disappointing visit.,544,20937
4211,2026-05-03 02:16:43.000,LOCAL,5,Always a pleasure coming here.,542,20940
4212,2025-12-26 08:01:25.000,LOCAL,3,"Average experience, nothing special.",539,20949
4213,2026-01-20 16:39:52.000,LOCAL,3,"Average experience, nothing special.",542,20950
4214,2026-03-11 09:59:07.000,REMOTE,4,"Very good, would come again.",540,20955
4215,2026-04-29 20:58:34.000,LOCAL,1,Not what I expected at all.,542,20957
4216,2026-04-12 07:00:55.000,REMOTE,5,Always a pleasure coming here.,540,20963
4217,2025-12-23 23:40:33.000,LOCAL,5,"Best in the area, no doubt.",539,20974
4218,2026-03-17 14:47:45.000,LOCAL,4,"Very good, would come again.",540,20985
4219,2025-10-10 16:27:15.000,LOCAL,4,Solid experience overall.,540,20986
4220,2026-02-01 11:02:24.000,LOCAL,1,Will not return.,542,20988
4221,2025-12-03 01:00:21.000,LOCAL,3,Expected a bit more to be honest.,543,20989
4222,2025-08-28 01:32:39.000,LOCAL,1,Not what I expected at all.,544,20993
4223,2026-04-20 09:43:54.000,LOCAL,5,Will definitely be back!,540,20998
4224,2025-05-29 04:41:52.000,REMOTE,2,Product did not meet my expectations.,545,21000
4225,2025-09-06 19:26:39.000,LOCAL,4,Solid experience overall.,540,21001
4226,2026-04-08 07:21:58.000,REMOTE,5,Always a pleasure coming here.,539,21003
4227,2026-02-26 19:18:29.000,REMOTE,5,Excellent service! Highly recommended.,545,21008
4228,2026-03-31 20:43:46.000,REMOTE,4,Happy with my visit.,542,21022
4229,2025-06-05 06:33:08.000,REMOTE,5,Always a pleasure coming here.,544,21024
4230,2026-04-01 07:44:12.000,REMOTE,4,"Very good, would come again.",540,21029
4231,2025-08-14 01:36:13.000,REMOTE,4,Solid experience overall.,544,21035
4232,2026-02-01 23:37:31.000,LOCAL,5,Always a pleasure coming here.,544,21037
4233,2025-06-07 14:52:24.000,REMOTE,4,Solid experience overall.,543,21042
4234,2025-10-16 18:34:41.000,REMOTE,3,"Decent, but could improve.",540,21046
4235,2025-09-26 12:19:20.000,REMOTE,5,Excellent service! Highly recommended.,543,21048
4236,2025-06-11 20:47:34.000,REMOTE,5,Will definitely be back!,540,21050
4237,2025-10-13 01:35:57.000,REMOTE,5,"Best in the area, no doubt.",539,21051
4238,2025-09-07 20:18:36.000,LOCAL,3,OK but not outstanding.,543,21052
4239,2025-10-26 10:01:07.000,REMOTE,4,Happy with my visit.,545,21053
4240,2025-11-28 22:32:56.000,REMOTE,4,Solid experience overall.,546,21055
4241,2025-06-28 10:34:26.000,LOCAL,5,Excellent service! Highly recommended.,546,21057
4242,2025-11-24 05:51:59.000,REMOTE,2,Product did not meet my expectations.,546,21060
4243,2026-04-10 21:11:58.000,LOCAL,4,Solid experience overall.,546,21078
4244,2025-05-27 07:51:25.000,REMOTE,3,"Decent, but could improve.",547,21085
4245,2026-04-14 02:30:48.000,REMOTE,5,Excellent service! Highly recommended.,547,21086
4246,2025-07-18 01:16:05.000,LOCAL,5,Will definitely be back!,547,21091
4247,2025-11-21 17:48:45.000,LOCAL,1,Completely disappointed.,547,21092
4248,2025-07-25 14:39:07.000,REMOTE,5,Excellent service! Highly recommended.,547,21105
4249,2025-10-17 02:12:25.000,REMOTE,5,Always a pleasure coming here.,547,21108
4250,2025-12-30 00:55:45.000,REMOTE,2,Service was quite slow today.,547,21121
4251,2026-04-27 23:49:06.000,REMOTE,5,Always a pleasure coming here.,547,21133
4252,2025-07-29 00:11:02.000,REMOTE,3,"Decent, but could improve.",547,21141
4253,2026-04-27 03:04:16.000,LOCAL,4,Great service and friendly staff.,547,21143
4254,2026-01-14 16:05:13.000,REMOTE,5,Always a pleasure coming here.,547,21147
4255,2025-09-16 22:15:21.000,LOCAL,4,"Very good, would come again.",547,21148
4256,2026-03-15 03:32:23.000,LOCAL,3,Expected a bit more to be honest.,547,21149
4257,2026-02-13 20:38:12.000,LOCAL,4,"Very good, would come again.",547,21150
4258,2025-11-13 05:03:15.000,LOCAL,5,Always a pleasure coming here.,547,21151
4259,2025-10-16 08:32:11.000,REMOTE,4,Great service and friendly staff.,547,21155
4260,2026-02-08 21:16:28.000,REMOTE,5,"Best in the area, no doubt.",547,21163
4261,2025-09-22 02:43:41.000,REMOTE,5,Always a pleasure coming here.,547,21164
4262,2025-10-29 18:48:59.000,LOCAL,4,Solid experience overall.,547,21174
4263,2026-05-08 19:37:19.000,LOCAL,5,Always a pleasure coming here.,547,21177
4264,2025-09-23 13:02:25.000,LOCAL,3,OK but not outstanding.,547,21185
4265,2025-07-09 06:25:45.000,LOCAL,2,Service was quite slow today.,547,21186
4266,2025-06-17 15:56:26.000,REMOTE,1,Very poor service.,547,21188
4267,2025-11-07 10:14:35.000,LOCAL,4,"Very good, would come again.",547,21193
4268,2025-10-16 13:07:44.000,LOCAL,2,Disappointing visit.,547,21211
4269,2025-12-15 18:28:14.000,REMOTE,4,Happy with my visit.,547,21212
4270,2025-09-21 14:10:55.000,LOCAL,5,"Best in the area, no doubt.",549,21217
4271,2025-11-10 12:46:46.000,REMOTE,4,Happy with my visit.,549,21219
4272,2025-06-08 03:30:52.000,LOCAL,1,Completely disappointed.,549,21236
4273,2025-12-05 21:46:26.000,REMOTE,4,Solid experience overall.,548,21239
4274,2025-10-28 14:14:09.000,LOCAL,1,Not what I expected at all.,550,21243
4275,2025-06-30 08:41:46.000,LOCAL,5,Will definitely be back!,548,21248
4276,2026-01-22 04:05:22.000,REMOTE,2,Service was quite slow today.,549,21249
4277,2025-09-27 16:58:40.000,LOCAL,4,Great service and friendly staff.,550,21255
4278,2025-10-20 23:01:05.000,LOCAL,2,Service was quite slow today.,549,21257
4279,2025-11-30 08:12:54.000,REMOTE,3,OK but not outstanding.,548,21258
4280,2025-11-16 23:34:39.000,REMOTE,5,Excellent service! Highly recommended.,549,21260
4281,2025-12-05 11:16:40.000,LOCAL,4,"Very good, would come again.",552,21268
4282,2025-12-22 10:27:39.000,REMOTE,5,Excellent service! Highly recommended.,551,21275
4283,2026-01-01 06:28:33.000,REMOTE,4,"Very good, would come again.",552,21278
4284,2026-04-28 00:11:41.000,REMOTE,4,Solid experience overall.,551,21281
4285,2025-11-10 05:20:20.000,REMOTE,5,Will definitely be back!,552,21282
4286,2026-04-23 16:56:48.000,REMOTE,4,Great service and friendly staff.,555,21289
4287,2025-06-25 00:17:11.000,REMOTE,5,Excellent service! Highly recommended.,554,21292
4288,2025-12-04 20:53:10.000,REMOTE,4,"Very good, would come again.",555,21293
4289,2025-07-10 12:35:05.000,LOCAL,4,Happy with my visit.,553,21296
4290,2026-04-26 10:11:20.000,LOCAL,4,Great service and friendly staff.,556,21299
4291,2026-02-21 17:25:52.000,REMOTE,4,Great service and friendly staff.,554,21310
4292,2025-07-17 20:13:24.000,LOCAL,1,Not what I expected at all.,555,21311
4293,2026-04-25 10:46:52.000,REMOTE,2,Staff could be more attentive.,553,21319
4294,2026-04-07 11:06:28.000,LOCAL,5,"Best in the area, no doubt.",554,21320
4295,2025-09-11 09:05:30.000,LOCAL,4,"Very good, would come again.",553,21323
4296,2025-10-15 16:17:00.000,LOCAL,4,"Very good, would come again.",555,21324
4297,2025-05-31 22:03:09.000,LOCAL,4,Solid experience overall.,554,21329
4298,2025-09-23 17:40:39.000,REMOTE,5,Excellent service! Highly recommended.,556,21330
4299,2026-01-21 19:46:02.000,REMOTE,3,OK but not outstanding.,553,21342
4300,2025-05-14 17:13:07.000,REMOTE,3,Expected a bit more to be honest.,554,21352
4301,2025-12-23 12:23:53.000,LOCAL,5,Will definitely be back!,555,21354
4302,2025-08-20 13:35:28.000,REMOTE,5,"Best in the area, no doubt.",555,21355
4303,2026-02-12 07:27:11.000,LOCAL,4,Happy with my visit.,554,21361
4304,2026-04-27 05:33:57.000,LOCAL,4,Solid experience overall.,555,21364
4305,2025-09-11 18:06:07.000,REMOTE,4,Great service and friendly staff.,556,21373
4306,2026-02-20 01:00:53.000,LOCAL,1,Not what I expected at all.,555,21375
4307,2025-07-25 19:00:48.000,LOCAL,3,"Average experience, nothing special.",554,21380
4308,2026-03-20 20:59:27.000,LOCAL,4,Happy with my visit.,556,21383
4309,2025-12-11 03:05:37.000,LOCAL,4,Solid experience overall.,554,21385
4310,2026-05-06 23:01:16.000,LOCAL,5,"Best in the area, no doubt.",555,21389
4311,2026-03-25 19:56:45.000,REMOTE,4,"Very good, would come again.",555,21393
4312,2025-07-20 16:51:57.000,LOCAL,2,Staff could be more attentive.,557,21406
4313,2026-02-25 20:48:35.000,LOCAL,4,Happy with my visit.,557,21407
4314,2025-11-01 04:57:25.000,REMOTE,2,Staff could be more attentive.,557,21411
4315,2026-01-04 08:59:51.000,LOCAL,5,Excellent service! Highly recommended.,557,21416
4316,2025-10-21 10:04:32.000,REMOTE,4,"Very good, would come again.",557,21418
4317,2025-06-05 00:43:50.000,REMOTE,4,"Very good, would come again.",560,21425
4318,2025-10-17 10:46:21.000,LOCAL,1,Very poor service.,560,21430
4319,2025-08-18 12:25:55.000,LOCAL,5,Always a pleasure coming here.,558,21436
4320,2026-02-25 09:52:42.000,REMOTE,5,Excellent service! Highly recommended.,561,21438
4321,2025-12-07 02:28:44.000,LOCAL,3,"Average experience, nothing special.",558,21442
4322,2026-01-09 20:38:12.000,LOCAL,3,OK but not outstanding.,560,21445
4323,2026-02-11 07:46:15.000,LOCAL,4,Solid experience overall.,559,21450
4324,2025-10-24 12:29:08.000,LOCAL,5,Will definitely be back!,559,21456
4325,2025-11-06 08:35:14.000,LOCAL,4,Solid experience overall.,560,21469
4326,2025-06-23 04:42:39.000,LOCAL,4,Great service and friendly staff.,561,21473
4327,2026-01-12 19:01:21.000,REMOTE,5,"Best in the area, no doubt.",558,21477
4328,2025-11-24 18:46:17.000,REMOTE,3,OK but not outstanding.,561,21486
4329,2026-02-12 22:33:52.000,LOCAL,1,Very poor service.,560,21487
4330,2026-05-01 06:03:43.000,LOCAL,3,OK but not outstanding.,559,21490
4331,2026-01-10 16:10:01.000,REMOTE,4,Solid experience overall.,558,21496
4332,2025-11-05 09:24:46.000,REMOTE,4,Great service and friendly staff.,561,21497
4333,2025-09-07 06:30:17.000,LOCAL,4,Great service and friendly staff.,558,21498
4334,2026-05-05 21:12:33.000,REMOTE,5,Will definitely be back!,561,21500
4335,2025-11-02 22:02:35.000,LOCAL,3,OK but not outstanding.,560,21509
4336,2026-03-26 20:17:56.000,REMOTE,3,"Decent, but could improve.",559,21518
4337,2025-10-29 14:51:50.000,REMOTE,4,Happy with my visit.,560,21522
4338,2026-04-04 15:00:25.000,REMOTE,5,Always a pleasure coming here.,561,21523
4339,2025-08-22 04:38:27.000,LOCAL,2,Disappointing visit.,559,21524
4340,2025-06-06 20:44:25.000,REMOTE,4,Solid experience overall.,558,21528
4341,2025-08-24 03:35:38.000,REMOTE,3,OK but not outstanding.,560,21536
4342,2025-07-02 14:52:33.000,REMOTE,4,Solid experience overall.,559,21539
4343,2025-10-25 17:40:21.000,LOCAL,5,Excellent service! Highly recommended.,560,21545
4344,2025-08-06 11:01:59.000,REMOTE,3,OK but not outstanding.,560,21547
4345,2025-09-09 12:51:56.000,LOCAL,5,Will definitely be back!,559,21551
4346,2026-04-26 04:25:57.000,LOCAL,1,Not what I expected at all.,558,21554
4347,2026-02-21 22:12:30.000,REMOTE,3,"Average experience, nothing special.",558,21558
4348,2025-07-11 20:38:02.000,LOCAL,4,Solid experience overall.,560,21560
4349,2026-05-06 23:31:17.000,LOCAL,4,Great service and friendly staff.,561,21567
4350,2025-07-28 22:08:37.000,LOCAL,5,Excellent service! Highly recommended.,561,21573
4351,2026-04-27 03:20:37.000,REMOTE,3,Expected a bit more to be honest.,561,21575
4352,2025-07-16 20:45:14.000,LOCAL,5,"Best in the area, no doubt.",559,21583
4353,2025-06-22 07:55:29.000,LOCAL,4,"Very good, would come again.",562,21587
4354,2026-03-23 18:22:00.000,LOCAL,2,Disappointing visit.,562,21588
4355,2025-10-14 20:05:35.000,REMOTE,2,Disappointing visit.,562,21597
4356,2026-03-14 03:06:05.000,LOCAL,2,Disappointing visit.,562,21600
4357,2025-12-29 21:00:36.000,REMOTE,5,"Best in the area, no doubt.",562,21604
4358,2026-01-09 06:45:01.000,REMOTE,4,Happy with my visit.,562,21613
4359,2025-06-27 01:19:53.000,LOCAL,2,Disappointing visit.,562,21618
4360,2026-01-22 01:36:32.000,REMOTE,5,Always a pleasure coming here.,562,21621
4361,2026-05-05 11:24:09.000,LOCAL,5,Excellent service! Highly recommended.,562,21623
4362,2025-10-28 22:53:56.000,LOCAL,4,Happy with my visit.,562,21625
4363,2026-01-30 14:05:57.000,LOCAL,2,Service was quite slow today.,564,21641
4364,2026-04-22 04:53:13.000,LOCAL,5,Always a pleasure coming here.,564,21642
4365,2026-01-12 15:13:54.000,LOCAL,4,Great service and friendly staff.,563,21643
4366,2025-09-21 05:52:47.000,LOCAL,3,"Decent, but could improve.",563,21662
4367,2026-03-18 08:28:17.000,LOCAL,3,"Average experience, nothing special.",563,21664
4368,2025-10-28 10:44:07.000,LOCAL,5,"Best in the area, no doubt.",564,21667
4369,2025-09-16 04:41:10.000,LOCAL,3,Expected a bit more to be honest.,563,21671
4370,2025-09-03 05:36:19.000,LOCAL,5,Excellent service! Highly recommended.,570,21675
4371,2026-04-09 06:37:44.000,REMOTE,4,Happy with my visit.,568,21678
4372,2025-12-17 06:45:32.000,LOCAL,2,Staff could be more attentive.,565,21682
4373,2025-08-01 18:17:12.000,LOCAL,3,"Decent, but could improve.",567,21683
4374,2026-03-13 17:37:22.000,REMOTE,5,"Best in the area, no doubt.",571,21685
4375,2025-11-19 15:40:21.000,LOCAL,5,Excellent service! Highly recommended.,567,21686
4376,2026-01-07 21:55:43.000,LOCAL,5,Excellent service! Highly recommended.,569,21689
4377,2025-12-17 15:56:36.000,REMOTE,5,Excellent service! Highly recommended.,569,21692
4378,2025-10-06 01:50:32.000,REMOTE,4,Solid experience overall.,566,21693
4379,2025-07-22 13:58:08.000,LOCAL,1,Very poor service.,566,21699
4380,2025-09-22 02:44:14.000,REMOTE,5,Will definitely be back!,568,21713
4381,2025-05-16 11:12:03.000,LOCAL,4,Happy with my visit.,571,21715
4382,2025-08-08 08:20:13.000,REMOTE,5,Will definitely be back!,568,21720
4383,2025-07-04 10:37:36.000,LOCAL,3,Expected a bit more to be honest.,566,21721
4384,2026-04-01 02:12:18.000,LOCAL,3,OK but not outstanding.,566,21722
4385,2025-09-06 17:00:18.000,REMOTE,5,"Best in the area, no doubt.",571,21723
4386,2025-09-16 08:12:27.000,LOCAL,4,Solid experience overall.,569,21726
4387,2025-10-16 23:22:21.000,LOCAL,5,Excellent service! Highly recommended.,571,21734
4388,2026-02-10 04:05:27.000,LOCAL,5,Will definitely be back!,568,21742
4389,2025-06-19 19:42:03.000,LOCAL,4,Solid experience overall.,571,21743
4390,2025-12-03 01:51:44.000,REMOTE,4,Happy with my visit.,567,21749
4391,2025-08-07 10:39:20.000,REMOTE,5,"Best in the area, no doubt.",568,21766
4392,2025-09-28 14:11:42.000,REMOTE,3,"Decent, but could improve.",569,21773
4393,2025-12-03 07:22:44.000,REMOTE,4,Great service and friendly staff.,568,21778
4394,2025-12-12 14:23:45.000,REMOTE,5,"Best in the area, no doubt.",567,21782
4395,2026-02-17 08:10:57.000,REMOTE,4,"Very good, would come again.",569,21783
4396,2026-02-02 14:38:51.000,REMOTE,4,Solid experience overall.,569,21784
4397,2025-11-06 22:41:30.000,LOCAL,4,Happy with my visit.,565,21787
4398,2025-06-10 20:22:37.000,LOCAL,5,Will definitely be back!,565,21788
4399,2025-08-28 01:50:34.000,LOCAL,4,Happy with my visit.,569,21792
4400,2025-07-01 22:34:23.000,REMOTE,1,Very poor service.,569,21800
4401,2025-06-15 23:20:23.000,REMOTE,5,Excellent service! Highly recommended.,568,21826
4402,2025-07-20 08:34:24.000,LOCAL,2,Service was quite slow today.,571,21829
4403,2026-02-26 10:13:52.000,LOCAL,1,Very poor service.,571,21853
4404,2026-03-10 10:42:09.000,LOCAL,4,Great service and friendly staff.,568,21856
4405,2025-09-07 17:05:07.000,REMOTE,3,OK but not outstanding.,565,21857
4406,2026-02-26 21:37:43.000,LOCAL,3,Expected a bit more to be honest.,565,21862
4407,2026-03-13 04:15:07.000,REMOTE,5,"Best in the area, no doubt.",568,21864
4408,2025-07-30 11:19:30.000,REMOTE,5,Will definitely be back!,565,21869
4409,2025-10-14 13:36:36.000,REMOTE,4,Solid experience overall.,568,21884
4410,2025-08-03 16:41:40.000,LOCAL,3,Expected a bit more to be honest.,574,21894
4411,2026-04-20 17:19:15.000,REMOTE,5,Will definitely be back!,573,21899
4412,2025-09-01 00:17:06.000,REMOTE,4,Solid experience overall.,573,21905
4413,2026-05-02 04:36:27.000,REMOTE,5,Always a pleasure coming here.,572,21908
4414,2026-02-12 05:13:25.000,REMOTE,4,"Very good, would come again.",572,21918
4415,2025-12-29 21:07:45.000,REMOTE,4,"Very good, would come again.",574,21919
4416,2025-06-02 00:28:53.000,REMOTE,5,Excellent service! Highly recommended.,574,21920
4417,2025-07-13 08:41:58.000,REMOTE,5,"Best in the area, no doubt.",573,21922
4418,2025-12-28 06:25:08.000,LOCAL,5,Always a pleasure coming here.,572,21923
4419,2026-02-03 12:25:48.000,REMOTE,3,"Average experience, nothing special.",574,21936
4420,2025-06-27 09:52:20.000,LOCAL,4,"Very good, would come again.",572,21938
4421,2025-06-17 13:37:45.000,REMOTE,5,Always a pleasure coming here.,574,21942
4422,2025-05-10 01:01:03.000,REMOTE,5,Will definitely be back!,573,21943
4423,2025-09-27 06:08:06.000,REMOTE,2,Disappointing visit.,572,21946
4424,2025-12-17 09:21:12.000,REMOTE,5,Always a pleasure coming here.,573,21947
4425,2026-01-19 04:12:01.000,LOCAL,5,Excellent service! Highly recommended.,574,21949
4426,2025-05-09 15:53:53.000,REMOTE,5,Excellent service! Highly recommended.,572,21954
4427,2025-12-22 04:58:07.000,REMOTE,5,"Best in the area, no doubt.",574,21968
4428,2026-03-15 10:17:03.000,REMOTE,4,Great service and friendly staff.,574,21971
4429,2025-08-19 22:11:18.000,LOCAL,5,Always a pleasure coming here.,574,21979
4430,2026-02-07 11:52:08.000,REMOTE,4,"Very good, would come again.",573,21983
4431,2025-09-27 10:13:23.000,REMOTE,5,Excellent service! Highly recommended.,572,21987
4432,2025-07-15 20:03:09.000,LOCAL,5,Excellent service! Highly recommended.,574,21997
4433,2025-07-29 17:28:06.000,LOCAL,3,Expected a bit more to be honest.,573,21999
4434,2025-06-14 03:42:16.000,LOCAL,5,Will definitely be back!,574,22002
4435,2025-10-27 04:57:05.000,REMOTE,4,Great service and friendly staff.,572,22015
4436,2026-03-29 01:59:41.000,LOCAL,4,Great service and friendly staff.,572,22017
4437,2025-09-26 05:57:28.000,REMOTE,4,Solid experience overall.,574,22029
4438,2026-04-22 11:57:16.000,LOCAL,4,Great service and friendly staff.,573,22031
4439,2026-01-17 20:09:29.000,LOCAL,4,Great service and friendly staff.,575,22040
4440,2026-04-26 21:49:38.000,REMOTE,5,"Best in the area, no doubt.",577,22041
4441,2026-01-01 20:15:30.000,LOCAL,1,Very poor service.,575,22053
4442,2025-05-21 06:25:56.000,LOCAL,3,"Decent, but could improve.",575,22058
4443,2025-06-02 10:24:48.000,REMOTE,3,OK but not outstanding.,575,22060
4444,2025-10-26 06:07:20.000,LOCAL,3,OK but not outstanding.,576,22062
4445,2025-08-17 06:16:18.000,LOCAL,1,Completely disappointed.,575,22073
4446,2026-01-28 13:42:59.000,LOCAL,1,Very poor service.,576,22074
4447,2025-10-06 10:26:24.000,LOCAL,5,Will definitely be back!,576,22083
4448,2025-11-17 15:20:03.000,LOCAL,2,Product did not meet my expectations.,576,22094
4449,2026-02-01 15:29:49.000,LOCAL,3,OK but not outstanding.,576,22103
4450,2026-04-11 00:25:02.000,REMOTE,5,Excellent service! Highly recommended.,576,22107
4451,2025-07-25 21:00:15.000,REMOTE,2,Staff could be more attentive.,576,22109
4452,2026-01-26 20:43:10.000,LOCAL,5,"Best in the area, no doubt.",577,22114
4453,2025-10-27 16:08:37.000,REMOTE,1,Very poor service.,576,22115
4454,2025-12-24 05:22:26.000,LOCAL,5,"Best in the area, no doubt.",577,22124
4455,2025-09-11 20:41:22.000,LOCAL,3,Expected a bit more to be honest.,576,22125
4456,2026-01-01 10:38:13.000,LOCAL,5,Excellent service! Highly recommended.,577,22128
4457,2025-09-16 18:16:03.000,LOCAL,5,"Best in the area, no doubt.",575,22133
4458,2026-03-11 21:32:27.000,REMOTE,5,"Best in the area, no doubt.",576,22135
4459,2025-06-16 01:23:18.000,REMOTE,5,Always a pleasure coming here.,577,22136
4460,2025-09-22 10:18:56.000,LOCAL,4,"Very good, would come again.",577,22141
4461,2025-06-20 05:49:17.000,LOCAL,3,OK but not outstanding.,575,22154
4462,2025-06-17 22:19:40.000,REMOTE,5,Excellent service! Highly recommended.,575,22164
4463,2026-03-08 05:40:13.000,REMOTE,3,"Decent, but could improve.",576,22171
4464,2026-04-19 13:37:45.000,LOCAL,1,Will not return.,577,22176
4465,2026-01-13 04:36:00.000,LOCAL,5,Will definitely be back!,577,22181
4466,2026-05-04 08:43:23.000,LOCAL,5,Always a pleasure coming here.,575,22190
4467,2025-07-19 08:12:09.000,LOCAL,5,Excellent service! Highly recommended.,577,22197
4468,2026-01-07 18:51:05.000,LOCAL,3,"Decent, but could improve.",576,22210
4469,2025-08-27 23:11:43.000,REMOTE,3,OK but not outstanding.,577,22214
4470,2025-09-04 10:40:46.000,REMOTE,5,Always a pleasure coming here.,577,22220
4471,2025-11-22 14:38:09.000,LOCAL,5,Always a pleasure coming here.,575,22223
4472,2026-01-15 04:24:20.000,LOCAL,4,Great service and friendly staff.,575,22227
4473,2026-03-23 20:07:12.000,LOCAL,5,Always a pleasure coming here.,575,22230
4474,2025-07-28 20:12:22.000,REMOTE,1,Very poor service.,575,22232
4475,2025-11-25 19:13:10.000,LOCAL,3,"Average experience, nothing special.",578,22236
4476,2025-07-17 19:04:34.000,REMOTE,5,Excellent service! Highly recommended.,578,22243
4477,2025-09-28 16:07:41.000,LOCAL,3,"Decent, but could improve.",579,22244
4478,2025-07-18 09:09:37.000,LOCAL,4,Solid experience overall.,578,22245
4479,2025-09-27 04:41:13.000,LOCAL,5,"Best in the area, no doubt.",579,22246
4480,2025-12-29 19:09:28.000,LOCAL,5,Will definitely be back!,579,22248
4481,2025-05-15 15:18:54.000,REMOTE,3,Expected a bit more to be honest.,578,22250
4482,2026-04-15 06:26:44.000,LOCAL,5,"Best in the area, no doubt.",578,22260
4483,2025-06-13 13:54:19.000,LOCAL,3,OK but not outstanding.,579,22262
4484,2025-12-17 00:46:23.000,LOCAL,4,Happy with my visit.,578,22269
4485,2025-05-11 00:17:15.000,LOCAL,5,"Best in the area, no doubt.",578,22276
4486,2025-12-01 19:03:10.000,LOCAL,3,OK but not outstanding.,579,22283
4487,2026-01-13 11:18:54.000,LOCAL,3,"Decent, but could improve.",579,22289
4488,2025-08-24 22:55:06.000,LOCAL,4,Great service and friendly staff.,579,22295
4489,2026-04-11 17:34:26.000,REMOTE,5,Always a pleasure coming here.,579,22297
4490,2026-02-13 00:52:37.000,LOCAL,2,Service was quite slow today.,578,22302
4491,2026-03-09 08:16:53.000,LOCAL,3,Expected a bit more to be honest.,578,22303
4492,2026-02-09 15:48:16.000,LOCAL,4,"Very good, would come again.",579,22304
4493,2026-04-21 04:44:39.000,LOCAL,4,Solid experience overall.,579,22305
4494,2026-01-25 16:59:53.000,LOCAL,3,OK but not outstanding.,579,22310
4495,2025-05-12 06:31:28.000,REMOTE,4,Solid experience overall.,579,22315
4496,2026-05-07 09:58:46.000,REMOTE,2,Staff could be more attentive.,578,22317
4497,2026-02-22 15:42:00.000,REMOTE,5,Excellent service! Highly recommended.,578,22318
4498,2025-08-06 00:35:21.000,LOCAL,4,Happy with my visit.,578,22319
4499,2026-04-22 16:03:11.000,REMOTE,4,"Very good, would come again.",579,22320
4500,2025-09-23 19:02:31.000,LOCAL,5,Will definitely be back!,579,22330
4501,2026-05-02 05:50:02.000,REMOTE,5,"Best in the area, no doubt.",579,22333
4502,2025-11-19 06:52:27.000,REMOTE,4,Solid experience overall.,579,22337
4503,2026-02-20 08:27:57.000,REMOTE,5,Will definitely be back!,579,22345
4504,2025-08-05 03:27:13.000,LOCAL,4,Great service and friendly staff.,579,22347
4505,2025-08-19 11:12:50.000,LOCAL,3,"Decent, but could improve.",580,22359
4506,2026-04-07 06:22:21.000,REMOTE,5,"Best in the area, no doubt.",581,22360
4507,2026-04-10 04:04:12.000,REMOTE,5,Excellent service! Highly recommended.,581,22369
4508,2025-12-04 06:40:23.000,REMOTE,4,Happy with my visit.,582,22373
4509,2026-05-08 01:27:34.000,REMOTE,1,Completely disappointed.,582,22402
4510,2025-07-05 03:26:04.000,REMOTE,3,Expected a bit more to be honest.,580,22405
4511,2025-06-11 15:21:55.000,LOCAL,4,"Very good, would come again.",586,22413
4512,2025-08-19 13:19:00.000,LOCAL,5,Excellent service! Highly recommended.,584,22430
4513,2026-01-22 12:55:37.000,LOCAL,4,Great service and friendly staff.,588,22431
4514,2025-05-21 19:16:15.000,LOCAL,4,"Very good, would come again.",587,22434
4515,2025-07-08 00:12:11.000,REMOTE,4,Solid experience overall.,586,22436
4516,2025-05-19 00:36:27.000,LOCAL,5,Excellent service! Highly recommended.,584,22440
4517,2026-02-01 22:18:34.000,LOCAL,5,"Best in the area, no doubt.",588,22442
4518,2026-04-29 05:05:25.000,REMOTE,4,"Very good, would come again.",586,22447
4519,2025-06-18 13:05:46.000,LOCAL,4,Great service and friendly staff.,587,22459
4520,2026-04-22 16:02:47.000,LOCAL,5,Always a pleasure coming here.,585,22465
4521,2026-02-13 10:10:05.000,LOCAL,5,"Best in the area, no doubt.",586,22466
4522,2025-12-08 19:40:08.000,REMOTE,3,OK but not outstanding.,583,22469
4523,2026-01-02 07:29:23.000,LOCAL,4,Great service and friendly staff.,586,22475
4524,2025-11-04 09:11:03.000,REMOTE,5,Always a pleasure coming here.,584,22478
4525,2026-02-25 20:42:57.000,LOCAL,5,Excellent service! Highly recommended.,585,22485
4526,2026-04-01 23:03:22.000,LOCAL,4,"Very good, would come again.",588,22490
4527,2025-08-27 02:58:46.000,REMOTE,5,"Best in the area, no doubt.",586,22499
4528,2026-02-02 23:20:10.000,LOCAL,2,Disappointing visit.,585,22500
4529,2026-04-16 00:29:23.000,REMOTE,5,Will definitely be back!,585,22505
4530,2025-06-05 16:19:02.000,REMOTE,2,Product did not meet my expectations.,588,22512
4531,2025-08-20 04:21:07.000,LOCAL,5,Excellent service! Highly recommended.,585,22513
4532,2025-09-24 02:17:37.000,LOCAL,3,"Decent, but could improve.",584,22520
4533,2025-09-25 04:38:52.000,REMOTE,3,"Decent, but could improve.",585,22522
4534,2026-04-08 16:40:00.000,REMOTE,5,"Best in the area, no doubt.",583,22531
4535,2025-09-07 06:37:55.000,REMOTE,3,"Average experience, nothing special.",587,22533
4536,2025-06-14 11:12:14.000,LOCAL,5,Always a pleasure coming here.,585,22534
4537,2025-12-03 12:20:27.000,REMOTE,5,Excellent service! Highly recommended.,583,22535
4538,2026-02-18 22:23:16.000,LOCAL,5,Will definitely be back!,583,22536
4539,2025-08-26 18:04:33.000,LOCAL,5,Always a pleasure coming here.,588,22541
4540,2025-05-12 09:27:34.000,REMOTE,1,Not what I expected at all.,586,22547
4541,2026-01-12 22:19:04.000,LOCAL,5,Excellent service! Highly recommended.,584,22550
4542,2025-10-23 17:40:52.000,LOCAL,2,Disappointing visit.,588,22557
4543,2026-03-20 13:56:07.000,LOCAL,5,Always a pleasure coming here.,587,22570
4544,2026-01-13 20:40:04.000,REMOTE,5,"Best in the area, no doubt.",583,22572
4545,2025-08-11 00:59:45.000,REMOTE,5,Always a pleasure coming here.,588,22577
4546,2025-05-21 15:59:23.000,LOCAL,5,Will definitely be back!,584,22580
4547,2026-01-09 20:02:48.000,REMOTE,5,Will definitely be back!,588,22582
4548,2025-05-30 17:23:29.000,REMOTE,4,Happy with my visit.,586,22588
4549,2025-12-15 11:00:15.000,REMOTE,5,Will definitely be back!,585,22595
4550,2026-05-07 15:15:48.000,LOCAL,3,OK but not outstanding.,583,22606
4551,2025-10-21 10:05:19.000,LOCAL,5,"Best in the area, no doubt.",588,22610
4552,2025-11-29 15:25:43.000,REMOTE,5,Excellent service! Highly recommended.,587,22618
4553,2026-02-02 12:12:06.000,REMOTE,3,"Decent, but could improve.",584,22621
4554,2025-06-02 00:43:40.000,REMOTE,3,"Decent, but could improve.",588,22628
4555,2025-11-02 04:05:14.000,REMOTE,4,Great service and friendly staff.,584,22629
4556,2025-07-09 00:18:03.000,REMOTE,5,Excellent service! Highly recommended.,588,22636
4557,2026-03-10 04:02:05.000,REMOTE,4,Solid experience overall.,586,22644
4558,2026-03-31 06:19:47.000,REMOTE,1,Not what I expected at all.,586,22647
4559,2026-01-11 23:29:53.000,LOCAL,3,"Average experience, nothing special.",586,22649
4560,2026-03-07 08:53:09.000,LOCAL,2,Service was quite slow today.,588,22655
4561,2026-02-15 05:20:44.000,LOCAL,5,Will definitely be back!,585,22657
4562,2026-02-06 04:03:03.000,REMOTE,4,Happy with my visit.,588,22660
4563,2026-04-30 09:54:49.000,REMOTE,1,Very poor service.,585,22664
4564,2025-12-22 15:40:25.000,REMOTE,5,Always a pleasure coming here.,586,22675
4565,2025-09-08 18:14:03.000,LOCAL,5,Excellent service! Highly recommended.,584,22676
4566,2025-07-04 05:20:38.000,REMOTE,4,Happy with my visit.,586,22684
4567,2025-08-31 13:11:21.000,LOCAL,3,OK but not outstanding.,586,22686
4568,2025-10-02 03:08:03.000,REMOTE,5,Excellent service! Highly recommended.,587,22687
4569,2025-05-31 02:59:56.000,LOCAL,2,Product did not meet my expectations.,583,22692
4570,2025-07-16 15:48:27.000,LOCAL,3,"Average experience, nothing special.",590,22697
4571,2025-10-15 01:58:46.000,LOCAL,5,Always a pleasure coming here.,589,22698
4572,2026-02-03 17:43:29.000,LOCAL,5,"Best in the area, no doubt.",590,22699
4573,2025-07-23 13:40:15.000,REMOTE,4,Great service and friendly staff.,589,22706
4574,2025-11-02 11:35:13.000,LOCAL,5,"Best in the area, no doubt.",590,22710
4575,2025-12-04 01:51:19.000,LOCAL,2,Disappointing visit.,590,22724
4576,2025-11-06 19:18:47.000,LOCAL,5,Excellent service! Highly recommended.,589,22738
4577,2025-09-17 22:36:34.000,LOCAL,1,Will not return.,591,22740
4578,2026-01-16 12:53:08.000,REMOTE,5,Excellent service! Highly recommended.,590,22742
4579,2026-03-11 23:29:08.000,REMOTE,5,Excellent service! Highly recommended.,590,22744
4580,2025-06-14 12:38:46.000,REMOTE,4,Happy with my visit.,591,22745
4581,2025-12-23 19:45:56.000,LOCAL,5,Excellent service! Highly recommended.,591,22760
4582,2025-12-18 16:09:42.000,REMOTE,5,"Best in the area, no doubt.",590,22761
4583,2025-11-02 15:28:26.000,LOCAL,1,Not what I expected at all.,591,22762
4584,2025-07-03 03:40:50.000,LOCAL,2,Staff could be more attentive.,590,22765
4585,2026-03-27 05:40:20.000,LOCAL,3,OK but not outstanding.,589,22768
4586,2025-09-09 04:24:59.000,REMOTE,5,Always a pleasure coming here.,591,22774
4587,2025-08-19 00:59:40.000,REMOTE,4,"Very good, would come again.",590,22778
4588,2025-06-07 21:10:01.000,LOCAL,5,Excellent service! Highly recommended.,590,22781
4589,2025-12-24 11:21:45.000,LOCAL,5,Will definitely be back!,590,22785
4590,2025-06-15 02:16:21.000,REMOTE,2,Staff could be more attentive.,591,22794
4591,2025-12-18 02:11:03.000,LOCAL,5,"Best in the area, no doubt.",590,22800
4592,2026-02-19 21:11:24.000,REMOTE,5,Always a pleasure coming here.,592,22806
4593,2026-02-13 21:52:25.000,REMOTE,3,Expected a bit more to be honest.,597,22807
4594,2025-09-20 23:43:44.000,LOCAL,5,Will definitely be back!,597,22809
4595,2026-01-13 23:33:53.000,REMOTE,3,Expected a bit more to be honest.,593,22811
4596,2025-08-12 23:09:39.000,REMOTE,2,Product did not meet my expectations.,597,22812
4597,2025-12-01 04:58:17.000,LOCAL,5,Always a pleasure coming here.,592,22813
4598,2025-12-29 15:59:24.000,LOCAL,4,Solid experience overall.,597,22820
4599,2025-06-18 20:41:03.000,REMOTE,5,Always a pleasure coming here.,594,22821
4600,2025-07-21 05:39:22.000,REMOTE,5,Will definitely be back!,595,22823
4601,2025-09-15 21:37:13.000,REMOTE,3,OK but not outstanding.,594,22831
4602,2025-09-21 10:33:19.000,REMOTE,5,"Best in the area, no doubt.",594,22833
4603,2025-05-13 15:32:18.000,LOCAL,5,"Best in the area, no doubt.",595,22838
4604,2025-11-05 02:53:00.000,REMOTE,3,Expected a bit more to be honest.,595,22840
4605,2025-08-08 11:56:05.000,LOCAL,1,Not what I expected at all.,595,22843
4606,2025-08-26 11:47:31.000,REMOTE,3,"Decent, but could improve.",597,22845
4607,2025-06-23 01:24:55.000,REMOTE,2,Product did not meet my expectations.,594,22848
4608,2025-08-25 13:28:00.000,REMOTE,4,Great service and friendly staff.,596,22849
4609,2025-05-22 05:05:07.000,LOCAL,2,Product did not meet my expectations.,596,22851
4610,2025-07-01 05:50:36.000,LOCAL,5,Excellent service! Highly recommended.,592,22855
4611,2026-04-11 01:01:50.000,REMOTE,5,Always a pleasure coming here.,592,22861
4612,2026-03-30 00:59:40.000,LOCAL,2,Staff could be more attentive.,592,22862
4613,2025-05-29 10:51:49.000,REMOTE,3,"Decent, but could improve.",593,22865
4614,2026-04-18 19:01:07.000,REMOTE,5,Always a pleasure coming here.,595,22869
4615,2026-04-12 07:49:08.000,LOCAL,3,Expected a bit more to be honest.,595,22871
4616,2026-02-08 09:37:36.000,LOCAL,3,"Average experience, nothing special.",594,22874
4617,2025-09-05 10:42:53.000,REMOTE,3,"Average experience, nothing special.",594,22879
4618,2025-09-09 14:06:33.000,LOCAL,5,Always a pleasure coming here.,596,22884
4619,2026-04-30 17:29:51.000,REMOTE,2,Product did not meet my expectations.,594,22885
4620,2025-12-08 04:25:04.000,REMOTE,1,Not what I expected at all.,593,22887
4621,2025-06-06 19:32:09.000,LOCAL,4,"Very good, would come again.",595,22903
4622,2025-12-04 11:31:10.000,REMOTE,3,Expected a bit more to be honest.,597,22905
4623,2026-03-10 18:59:52.000,REMOTE,3,Expected a bit more to be honest.,594,22909
4624,2025-11-25 17:59:53.000,LOCAL,3,"Average experience, nothing special.",593,22912
4625,2025-07-13 19:53:54.000,LOCAL,5,Will definitely be back!,597,22914
4626,2025-09-08 08:19:01.000,REMOTE,5,Excellent service! Highly recommended.,597,22931
4627,2025-11-26 18:31:20.000,REMOTE,2,Service was quite slow today.,594,22936
4628,2025-06-15 06:52:06.000,LOCAL,5,Always a pleasure coming here.,597,22938
4629,2025-06-21 06:58:19.000,REMOTE,5,Excellent service! Highly recommended.,593,22941
4630,2025-08-11 06:11:49.000,REMOTE,4,Solid experience overall.,596,22942
4631,2025-07-18 00:18:59.000,REMOTE,5,Will definitely be back!,595,22950
4632,2025-09-05 00:14:34.000,REMOTE,5,Will definitely be back!,593,22951
4633,2025-08-27 04:52:00.000,REMOTE,4,Happy with my visit.,594,22952
4634,2025-07-06 10:42:25.000,REMOTE,5,Always a pleasure coming here.,592,22955
4635,2026-02-12 05:24:45.000,REMOTE,5,"Best in the area, no doubt.",597,22956
4636,2025-07-13 13:44:51.000,REMOTE,4,Happy with my visit.,596,22973
4637,2025-06-16 13:16:48.000,LOCAL,5,Will definitely be back!,596,22980
4638,2025-08-29 23:28:57.000,LOCAL,4,Happy with my visit.,596,22983
4639,2026-01-29 18:00:53.000,REMOTE,4,Happy with my visit.,594,22985
4640,2026-03-05 06:56:02.000,LOCAL,5,"Best in the area, no doubt.",596,22986
4641,2025-07-19 00:05:53.000,LOCAL,2,Disappointing visit.,598,22991
4642,2026-02-13 08:08:51.000,LOCAL,5,Will definitely be back!,598,22995
4643,2025-10-25 17:54:11.000,LOCAL,4,Happy with my visit.,598,22997
4644,2026-01-12 15:24:04.000,REMOTE,4,Solid experience overall.,598,22998
4645,2025-09-29 04:03:19.000,LOCAL,3,Expected a bit more to be honest.,598,23000
4646,2025-09-28 23:33:49.000,LOCAL,2,Service was quite slow today.,598,23019
4647,2025-08-03 06:41:16.000,REMOTE,2,Staff could be more attentive.,598,23021
4648,2025-07-15 13:45:43.000,LOCAL,1,Completely disappointed.,598,23024
4649,2026-03-26 22:43:24.000,LOCAL,1,Very poor service.,598,23035
4650,2025-09-01 14:41:45.000,REMOTE,5,Excellent service! Highly recommended.,598,23041
4651,2025-06-19 09:01:51.000,LOCAL,3,"Decent, but could improve.",600,23048
4652,2025-08-25 04:58:02.000,REMOTE,1,Will not return.,599,23049
4653,2025-12-31 11:16:27.000,REMOTE,4,Happy with my visit.,599,23050
4654,2025-05-24 15:53:52.000,LOCAL,2,Service was quite slow today.,599,23056
4655,2025-12-24 04:51:44.000,LOCAL,4,Solid experience overall.,599,23063
4656,2025-11-20 03:31:53.000,REMOTE,5,"Best in the area, no doubt.",600,23083
4657,2026-02-15 01:59:28.000,REMOTE,3,OK but not outstanding.,599,23084
4658,2025-10-05 09:41:03.000,REMOTE,5,"Best in the area, no doubt.",599,23089
4659,2025-09-16 02:42:18.000,REMOTE,4,Great service and friendly staff.,602,23094
4660,2025-08-20 04:09:59.000,REMOTE,4,Great service and friendly staff.,604,23100
4661,2025-12-12 16:25:42.000,REMOTE,5,Always a pleasure coming here.,608,23109
4662,2025-07-19 11:55:42.000,LOCAL,5,"Best in the area, no doubt.",605,23111
4663,2025-11-22 03:09:02.000,LOCAL,5,"Best in the area, no doubt.",604,23118
4664,2026-02-12 23:56:40.000,LOCAL,5,"Best in the area, no doubt.",604,23119
4665,2026-03-14 19:41:18.000,LOCAL,4,Great service and friendly staff.,608,23121
4666,2025-05-23 09:11:15.000,LOCAL,4,Solid experience overall.,603,23125
4667,2025-11-25 16:04:38.000,LOCAL,4,Solid experience overall.,602,23137
4668,2026-03-12 10:32:45.000,REMOTE,1,Will not return.,605,23150
4669,2025-06-24 14:02:12.000,LOCAL,5,Always a pleasure coming here.,608,23156
4670,2025-06-20 02:06:43.000,REMOTE,3,Expected a bit more to be honest.,607,23157
4671,2025-05-28 05:19:21.000,REMOTE,4,Great service and friendly staff.,605,23165
4672,2026-04-24 21:56:57.000,LOCAL,4,Happy with my visit.,602,23167
4673,2026-03-16 10:10:58.000,REMOTE,5,"Best in the area, no doubt.",607,23182
4674,2025-11-04 04:22:12.000,REMOTE,4,"Very good, would come again.",604,23184
4675,2025-12-20 06:57:13.000,LOCAL,2,Disappointing visit.,603,23185
4676,2025-11-25 04:51:39.000,REMOTE,1,Will not return.,604,23186
4677,2025-10-29 03:56:36.000,REMOTE,3,Expected a bit more to be honest.,608,23187
4678,2026-01-24 17:38:42.000,LOCAL,2,Service was quite slow today.,608,23189
4679,2025-09-08 13:20:01.000,REMOTE,3,OK but not outstanding.,606,23197
4680,2025-12-11 08:37:30.000,LOCAL,2,Disappointing visit.,602,23198
4681,2025-11-02 07:00:56.000,LOCAL,4,"Very good, would come again.",608,23201
4682,2026-03-01 22:59:31.000,REMOTE,3,Expected a bit more to be honest.,604,23205
4683,2025-07-09 16:05:56.000,LOCAL,5,Always a pleasure coming here.,604,23206
4684,2026-03-14 08:46:49.000,REMOTE,1,Will not return.,606,23207
4685,2025-10-01 22:13:00.000,REMOTE,5,"Best in the area, no doubt.",603,23212
4686,2026-01-17 03:56:47.000,REMOTE,5,Always a pleasure coming here.,607,23217
4687,2025-11-05 03:48:01.000,REMOTE,4,Happy with my visit.,604,23221
4688,2026-03-16 05:51:15.000,REMOTE,2,Service was quite slow today.,604,23229
4689,2025-08-13 12:20:04.000,REMOTE,5,Will definitely be back!,607,23233
4690,2026-01-07 16:09:15.000,REMOTE,4,Solid experience overall.,602,23243
4691,2026-03-03 05:17:37.000,REMOTE,4,Happy with my visit.,606,23247
4692,2025-10-25 00:00:00.000,LOCAL,4,Great service and friendly staff.,606,23250
4693,2026-03-26 12:06:20.000,LOCAL,4,"Very good, would come again.",601,23251
4694,2025-12-19 11:04:49.000,REMOTE,4,"Very good, would come again.",603,23265
4695,2025-09-28 06:14:45.000,LOCAL,1,Completely disappointed.,603,23272
4696,2025-11-01 13:48:59.000,REMOTE,5,Excellent service! Highly recommended.,605,23275
4697,2025-09-21 05:32:01.000,REMOTE,3,OK but not outstanding.,606,23284
4698,2025-07-06 14:47:48.000,LOCAL,3,"Decent, but could improve.",606,23285
4699,2026-02-09 23:06:18.000,REMOTE,5,Will definitely be back!,607,23296
4700,2026-03-03 23:45:16.000,REMOTE,4,Happy with my visit.,605,23299
4701,2026-02-12 17:56:17.000,LOCAL,1,Not what I expected at all.,606,23309
4702,2026-03-12 07:39:27.000,REMOTE,4,Great service and friendly staff.,601,23310
4703,2025-10-30 21:10:46.000,REMOTE,3,"Average experience, nothing special.",601,23315
4704,2026-01-08 15:38:58.000,LOCAL,5,"Best in the area, no doubt.",608,23317
4705,2025-06-19 10:43:39.000,LOCAL,5,"Best in the area, no doubt.",605,23325
4706,2025-10-20 05:43:32.000,REMOTE,2,Product did not meet my expectations.,602,23331
4707,2026-02-02 01:50:36.000,LOCAL,2,Staff could be more attentive.,604,23333
4708,2025-05-27 05:09:35.000,LOCAL,3,"Average experience, nothing special.",602,23334
4709,2025-08-24 09:44:21.000,REMOTE,5,Excellent service! Highly recommended.,605,23335
4710,2026-04-30 16:56:35.000,REMOTE,3,"Decent, but could improve.",606,23337
4711,2025-08-19 20:44:41.000,LOCAL,2,Disappointing visit.,603,23343
4712,2025-10-16 17:56:47.000,LOCAL,1,Very poor service.,604,23345
4713,2025-12-09 21:31:39.000,LOCAL,5,"Best in the area, no doubt.",606,23347
4714,2026-04-19 05:17:31.000,LOCAL,5,Always a pleasure coming here.,605,23348
4715,2025-06-27 00:54:53.000,LOCAL,5,"Best in the area, no doubt.",607,23351
4716,2025-09-20 09:05:17.000,LOCAL,5,Will definitely be back!,605,23352
4717,2025-12-07 21:20:56.000,LOCAL,2,Product did not meet my expectations.,606,23359
4718,2025-12-07 05:35:25.000,REMOTE,5,Will definitely be back!,604,23366
4719,2026-01-15 21:01:05.000,REMOTE,4,Solid experience overall.,601,23376
4720,2026-01-14 07:35:17.000,REMOTE,3,Expected a bit more to be honest.,604,23394
4721,2025-05-27 18:34:27.000,LOCAL,5,"Best in the area, no doubt.",602,23407
4722,2025-09-22 22:11:38.000,LOCAL,3,Expected a bit more to be honest.,603,23410
4723,2025-08-30 13:59:08.000,REMOTE,4,Great service and friendly staff.,604,23418
4724,2025-08-14 14:07:04.000,REMOTE,5,"Best in the area, no doubt.",602,23421
4725,2025-08-22 03:00:48.000,REMOTE,4,Great service and friendly staff.,606,23433
4726,2025-09-16 17:44:21.000,LOCAL,1,Completely disappointed.,601,23434
4727,2025-12-10 02:37:51.000,LOCAL,4,Happy with my visit.,608,23439
4728,2026-03-24 21:04:23.000,REMOTE,5,"Best in the area, no doubt.",605,23440
4729,2026-03-12 04:13:44.000,LOCAL,5,"Best in the area, no doubt.",608,23454
4730,2025-05-13 03:03:14.000,LOCAL,5,Will definitely be back!,608,23467
4731,2025-08-18 10:47:43.000,LOCAL,5,Excellent service! Highly recommended.,601,23469
4732,2026-03-17 20:51:57.000,LOCAL,5,Excellent service! Highly recommended.,603,23475
4733,2026-01-22 16:52:07.000,LOCAL,2,Product did not meet my expectations.,601,23483
4734,2025-08-24 00:21:53.000,LOCAL,5,"Best in the area, no doubt.",606,23489
4735,2025-09-21 06:23:28.000,LOCAL,3,OK but not outstanding.,605,23500
4736,2025-07-05 17:18:30.000,LOCAL,5,Will definitely be back!,601,23501
4737,2025-06-01 11:10:06.000,REMOTE,3,Expected a bit more to be honest.,606,23503
4738,2026-04-07 20:54:59.000,REMOTE,5,Will definitely be back!,610,23509
4739,2025-10-05 02:51:45.000,LOCAL,5,"Best in the area, no doubt.",611,23519
4740,2025-05-17 09:21:28.000,REMOTE,2,Service was quite slow today.,612,23524
4741,2025-09-05 13:45:05.000,REMOTE,4,Solid experience overall.,609,23535
4742,2025-11-14 14:43:38.000,REMOTE,4,Solid experience overall.,610,23536
4743,2026-02-20 16:51:30.000,REMOTE,1,Not what I expected at all.,610,23539
4744,2026-04-24 19:40:30.000,LOCAL,5,Always a pleasure coming here.,613,23551
4745,2026-01-01 04:30:33.000,REMOTE,4,Solid experience overall.,613,23553
4746,2026-03-29 03:01:26.000,REMOTE,4,Great service and friendly staff.,613,23555
4747,2025-10-26 10:10:00.000,REMOTE,3,"Decent, but could improve.",613,23557
4748,2026-02-04 17:03:14.000,REMOTE,2,Service was quite slow today.,613,23562
4749,2025-07-29 14:27:21.000,REMOTE,3,"Decent, but could improve.",613,23565
4750,2026-03-10 16:11:04.000,REMOTE,3,"Average experience, nothing special.",613,23570
4751,2025-12-06 06:13:19.000,REMOTE,1,Will not return.,613,23580
4752,2025-07-18 16:09:41.000,REMOTE,5,Will definitely be back!,613,23583
4753,2025-09-08 14:23:47.000,REMOTE,3,Expected a bit more to be honest.,613,23585
4754,2025-12-27 07:29:50.000,REMOTE,3,OK but not outstanding.,613,23587
4755,2025-11-28 02:41:03.000,REMOTE,5,Will definitely be back!,613,23601
4756,2025-06-02 14:51:30.000,REMOTE,5,Will definitely be back!,613,23603
4757,2025-08-04 22:19:59.000,LOCAL,5,Always a pleasure coming here.,613,23604
4758,2025-06-18 10:19:48.000,REMOTE,3,"Average experience, nothing special.",613,23608
4759,2025-10-22 17:31:05.000,LOCAL,5,Excellent service! Highly recommended.,613,23614
4760,2025-09-11 15:14:44.000,REMOTE,5,Excellent service! Highly recommended.,614,23625
4761,2025-11-01 11:24:45.000,REMOTE,3,"Decent, but could improve.",617,23636
4762,2025-09-28 15:09:59.000,LOCAL,3,"Average experience, nothing special.",616,23644
4763,2025-11-21 02:51:50.000,LOCAL,3,OK but not outstanding.,617,23652
4764,2025-10-17 23:00:24.000,LOCAL,4,Solid experience overall.,617,23656
4765,2025-10-29 23:28:36.000,REMOTE,3,OK but not outstanding.,614,23658
4766,2025-08-28 15:56:31.000,LOCAL,4,Happy with my visit.,614,23669
4767,2025-06-11 13:35:46.000,REMOTE,1,Will not return.,615,23674
4768,2025-11-23 22:28:13.000,LOCAL,5,Excellent service! Highly recommended.,616,23675
4769,2025-08-01 13:51:47.000,REMOTE,3,"Decent, but could improve.",616,23677
4770,2025-10-16 17:02:01.000,REMOTE,4,"Very good, would come again.",614,23678
4771,2025-11-24 13:07:31.000,LOCAL,4,Great service and friendly staff.,616,23681
4772,2025-07-27 19:41:36.000,REMOTE,3,"Decent, but could improve.",615,23696
4773,2025-08-12 11:34:30.000,REMOTE,5,Will definitely be back!,614,23698
4774,2025-08-19 13:58:47.000,REMOTE,3,"Average experience, nothing special.",616,23700
4775,2025-05-22 15:59:16.000,LOCAL,2,Disappointing visit.,616,23714
4776,2025-10-21 13:08:44.000,REMOTE,5,"Best in the area, no doubt.",614,23721
4777,2025-12-08 22:48:57.000,REMOTE,5,Always a pleasure coming here.,616,23728
4778,2025-09-17 08:50:37.000,LOCAL,4,Great service and friendly staff.,617,23729
4779,2025-09-17 01:06:04.000,REMOTE,2,Staff could be more attentive.,617,23730
4780,2026-05-08 18:25:06.000,REMOTE,5,Will definitely be back!,616,23733
4781,2026-03-18 12:29:29.000,LOCAL,5,Will definitely be back!,616,23739
4782,2025-05-20 18:05:13.000,LOCAL,1,Very poor service.,617,23748
4783,2026-05-06 06:58:35.000,LOCAL,5,"Best in the area, no doubt.",617,23749
4784,2025-09-02 02:10:17.000,REMOTE,5,Always a pleasure coming here.,615,23752
4785,2026-01-16 15:28:03.000,REMOTE,4,Solid experience overall.,617,23768
4786,2025-08-09 17:13:24.000,REMOTE,5,Always a pleasure coming here.,619,23770
4787,2025-11-09 05:50:20.000,REMOTE,4,Happy with my visit.,619,23771
4788,2025-06-13 03:42:54.000,REMOTE,2,Product did not meet my expectations.,621,23772
4789,2026-04-13 12:49:31.000,REMOTE,1,Very poor service.,618,23773
4790,2025-05-16 17:13:15.000,LOCAL,4,Solid experience overall.,620,23777
4791,2025-10-16 10:43:50.000,REMOTE,4,Great service and friendly staff.,619,23783
4792,2026-01-22 13:47:26.000,LOCAL,2,Service was quite slow today.,621,23789
4793,2026-02-03 01:17:16.000,REMOTE,2,Staff could be more attentive.,621,23798
4794,2026-04-15 17:32:00.000,REMOTE,5,Excellent service! Highly recommended.,620,23801
4795,2025-05-12 11:38:56.000,REMOTE,4,"Very good, would come again.",619,23803
4796,2025-07-29 12:15:58.000,REMOTE,2,Disappointing visit.,621,23805
4797,2025-07-12 01:46:25.000,LOCAL,5,"Best in the area, no doubt.",621,23809
4798,2025-05-22 16:44:54.000,REMOTE,5,"Best in the area, no doubt.",619,23819
4799,2026-01-15 16:10:02.000,REMOTE,5,Always a pleasure coming here.,619,23823
4800,2026-01-12 21:01:07.000,LOCAL,5,Excellent service! Highly recommended.,620,23825
4801,2025-09-15 11:13:36.000,LOCAL,5,Will definitely be back!,619,23826
4802,2025-12-09 17:07:12.000,REMOTE,4,"Very good, would come again.",618,23829
4803,2025-08-08 11:26:59.000,REMOTE,3,"Average experience, nothing special.",620,23839
4804,2026-02-12 02:44:15.000,LOCAL,4,"Very good, would come again.",619,23845
4805,2025-07-19 19:01:09.000,REMOTE,3,OK but not outstanding.,619,23847
4806,2025-09-26 16:20:42.000,REMOTE,3,"Decent, but could improve.",621,23848
4807,2025-12-23 00:17:06.000,REMOTE,4,Solid experience overall.,619,23855
4808,2025-07-05 19:19:43.000,REMOTE,5,Always a pleasure coming here.,618,23862
4809,2025-11-10 08:53:42.000,LOCAL,3,Expected a bit more to be honest.,620,23867
4810,2026-03-03 04:34:12.000,LOCAL,5,"Best in the area, no doubt.",621,23871
4811,2025-10-13 05:56:53.000,LOCAL,4,"Very good, would come again.",618,23880
4812,2026-01-17 09:47:26.000,REMOTE,1,Will not return.,618,23887
4813,2025-05-13 05:50:00.000,LOCAL,5,"Best in the area, no doubt.",623,23896
4814,2026-01-11 09:10:52.000,LOCAL,3,OK but not outstanding.,622,23905
4815,2025-05-28 13:09:05.000,LOCAL,3,"Average experience, nothing special.",622,23908
4816,2026-03-31 20:51:41.000,LOCAL,5,Excellent service! Highly recommended.,623,23909
4817,2025-07-04 06:49:21.000,LOCAL,3,"Decent, but could improve.",623,23912
4818,2026-03-17 10:52:20.000,REMOTE,5,"Best in the area, no doubt.",622,23913
4819,2025-06-06 12:08:10.000,REMOTE,5,Excellent service! Highly recommended.,622,23933
4820,2025-05-14 08:06:48.000,LOCAL,4,"Very good, would come again.",622,23937
4821,2025-11-08 23:01:31.000,LOCAL,2,Service was quite slow today.,623,23944
4822,2025-09-29 06:42:41.000,LOCAL,1,Not what I expected at all.,623,23954
4823,2026-01-16 11:22:36.000,LOCAL,4,Happy with my visit.,623,23956
4824,2025-11-20 04:35:33.000,REMOTE,5,Always a pleasure coming here.,623,23960
4825,2025-08-04 12:57:48.000,LOCAL,1,Very poor service.,623,23964
4826,2025-08-09 09:58:51.000,REMOTE,2,Service was quite slow today.,623,23973
4827,2025-10-04 22:02:30.000,REMOTE,5,Will definitely be back!,623,23976
4828,2025-05-13 13:18:42.000,LOCAL,1,Completely disappointed.,623,23982
4829,2026-04-10 03:09:34.000,LOCAL,4,Happy with my visit.,622,23983
4830,2026-01-13 04:29:47.000,REMOTE,5,"Best in the area, no doubt.",623,23984
4831,2026-04-28 02:40:54.000,LOCAL,5,Excellent service! Highly recommended.,623,23985
4832,2026-03-14 00:47:17.000,LOCAL,4,Great service and friendly staff.,622,23986
4833,2025-06-06 17:44:57.000,REMOTE,1,Completely disappointed.,628,24029
4834,2026-01-08 23:43:28.000,REMOTE,3,OK but not outstanding.,627,24038
4835,2025-10-14 19:56:47.000,REMOTE,2,Product did not meet my expectations.,625,24039
4836,2025-07-19 07:53:59.000,REMOTE,5,Excellent service! Highly recommended.,624,24042
4837,2026-04-02 18:11:20.000,REMOTE,5,Excellent service! Highly recommended.,628,24047
4838,2025-09-29 09:54:05.000,LOCAL,5,Always a pleasure coming here.,625,24056
4839,2026-04-09 19:15:38.000,LOCAL,1,Completely disappointed.,624,24063
4840,2025-10-13 04:03:44.000,LOCAL,5,Will definitely be back!,628,24064
4841,2026-02-02 19:47:22.000,REMOTE,5,Excellent service! Highly recommended.,626,24065
4842,2026-02-04 23:57:56.000,REMOTE,3,"Average experience, nothing special.",627,24070
4843,2025-12-16 21:46:48.000,REMOTE,5,Always a pleasure coming here.,627,24072
4844,2025-12-31 06:16:27.000,REMOTE,1,Very poor service.,626,24074
4845,2026-03-29 15:56:04.000,LOCAL,3,"Average experience, nothing special.",625,24076
4846,2026-05-01 08:31:42.000,LOCAL,5,Will definitely be back!,627,24078
4847,2025-12-24 12:07:03.000,REMOTE,4,Great service and friendly staff.,625,24079
4848,2026-03-05 08:28:28.000,REMOTE,4,"Very good, would come again.",626,24089
4849,2025-07-10 22:19:06.000,REMOTE,3,"Average experience, nothing special.",627,24101
4850,2025-06-25 18:12:53.000,REMOTE,4,"Very good, would come again.",626,24112
4851,2025-07-20 20:29:11.000,REMOTE,2,Disappointing visit.,625,24113
4852,2025-10-01 12:20:12.000,REMOTE,3,Expected a bit more to be honest.,624,24117
4853,2025-11-11 02:00:03.000,REMOTE,4,Happy with my visit.,628,24120
4854,2025-08-03 02:13:49.000,REMOTE,5,"Best in the area, no doubt.",627,24121
4855,2025-10-09 10:53:41.000,REMOTE,4,Great service and friendly staff.,626,24122
4856,2026-02-27 04:49:30.000,REMOTE,2,Disappointing visit.,626,24123
4857,2026-03-30 04:10:12.000,REMOTE,5,"Best in the area, no doubt.",625,24125
4858,2025-07-23 14:27:43.000,REMOTE,4,"Very good, would come again.",624,24127
4859,2025-11-01 07:38:10.000,REMOTE,4,Happy with my visit.,624,24129
4860,2025-05-09 20:20:30.000,REMOTE,4,"Very good, would come again.",628,24134
4861,2026-04-10 08:21:29.000,REMOTE,5,"Best in the area, no doubt.",626,24136
4862,2025-10-05 20:40:25.000,REMOTE,1,Not what I expected at all.,627,24143
4863,2025-07-18 13:59:14.000,REMOTE,5,Will definitely be back!,626,24148
4864,2026-01-31 16:51:57.000,REMOTE,5,Always a pleasure coming here.,625,24152
4865,2025-11-08 13:16:26.000,LOCAL,5,Excellent service! Highly recommended.,624,24154
4866,2025-11-03 20:03:54.000,LOCAL,3,OK but not outstanding.,624,24155
4867,2025-09-29 20:39:47.000,LOCAL,5,"Best in the area, no doubt.",628,24157
4868,2026-04-28 21:08:56.000,LOCAL,4,Solid experience overall.,626,24160
4869,2026-04-11 10:52:25.000,REMOTE,5,"Best in the area, no doubt.",628,24165
4870,2026-03-08 04:44:19.000,REMOTE,4,Solid experience overall.,625,24173
4871,2025-10-07 14:16:20.000,REMOTE,1,Completely disappointed.,625,24178
4872,2025-11-17 17:04:10.000,REMOTE,4,Happy with my visit.,624,24179
4873,2026-01-30 04:09:26.000,REMOTE,5,Always a pleasure coming here.,625,24183
4874,2025-11-17 09:09:51.000,REMOTE,4,Solid experience overall.,625,24188
4875,2026-04-20 04:13:06.000,LOCAL,2,Staff could be more attentive.,626,24192
4876,2026-01-06 15:40:30.000,LOCAL,3,Expected a bit more to be honest.,626,24194
4877,2025-06-15 13:51:22.000,LOCAL,2,Product did not meet my expectations.,626,24200
4878,2025-06-05 13:46:31.000,LOCAL,5,Always a pleasure coming here.,628,24203
4879,2025-06-03 09:57:21.000,REMOTE,5,Excellent service! Highly recommended.,625,24210
4880,2026-01-22 00:11:09.000,REMOTE,5,Will definitely be back!,625,24224
4881,2026-03-31 12:37:25.000,REMOTE,4,Great service and friendly staff.,624,24227
4882,2025-12-13 21:29:59.000,LOCAL,5,Excellent service! Highly recommended.,624,24230
4883,2025-07-09 07:18:31.000,LOCAL,3,Expected a bit more to be honest.,627,24239
4884,2025-05-19 12:43:30.000,LOCAL,1,Will not return.,626,24243
4885,2025-07-06 04:09:35.000,LOCAL,3,"Average experience, nothing special.",627,24248
4886,2026-01-29 05:23:48.000,LOCAL,4,Happy with my visit.,624,24250
4887,2025-12-24 18:31:14.000,LOCAL,5,Excellent service! Highly recommended.,624,24274
4888,2025-10-21 05:13:12.000,REMOTE,4,"Very good, would come again.",626,24276
4889,2025-12-19 01:13:39.000,REMOTE,5,Excellent service! Highly recommended.,624,24277
4890,2025-05-16 09:59:41.000,LOCAL,3,OK but not outstanding.,627,24310
4891,2025-07-04 11:22:25.000,REMOTE,4,"Very good, would come again.",625,24315
4892,2025-07-28 20:56:38.000,LOCAL,5,"Best in the area, no doubt.",626,24320
4893,2025-07-08 04:38:21.000,LOCAL,5,"Best in the area, no doubt.",625,24325
4894,2026-01-02 04:49:54.000,LOCAL,3,Expected a bit more to be honest.,628,24337
4895,2025-12-24 16:49:42.000,REMOTE,1,Completely disappointed.,630,24342
4896,2025-08-03 02:57:48.000,LOCAL,5,"Best in the area, no doubt.",632,24343
4897,2025-06-29 16:42:40.000,LOCAL,3,"Average experience, nothing special.",631,24344
4898,2026-01-19 03:11:15.000,LOCAL,5,Will definitely be back!,636,24345
4899,2025-12-29 12:45:10.000,REMOTE,5,Always a pleasure coming here.,629,24349
4900,2026-05-07 15:36:58.000,LOCAL,4,Happy with my visit.,632,24353
4901,2025-08-09 10:58:16.000,LOCAL,5,Will definitely be back!,629,24358
4902,2025-12-22 11:55:57.000,LOCAL,1,Very poor service.,631,24378
4903,2026-01-14 13:11:22.000,LOCAL,1,Very poor service.,636,24391
4904,2026-03-31 15:53:09.000,REMOTE,2,Staff could be more attentive.,634,24396
4905,2026-04-26 18:51:47.000,REMOTE,2,Disappointing visit.,630,24399
4906,2025-05-31 10:11:04.000,REMOTE,3,"Average experience, nothing special.",632,24400
4907,2025-11-12 18:47:23.000,REMOTE,5,"Best in the area, no doubt.",635,24405
4908,2026-04-25 11:31:04.000,REMOTE,3,"Average experience, nothing special.",630,24408
4909,2026-04-19 11:05:44.000,REMOTE,3,"Average experience, nothing special.",629,24410
4910,2026-03-28 15:05:21.000,LOCAL,3,Expected a bit more to be honest.,631,24411
4911,2026-01-18 07:12:04.000,REMOTE,3,"Average experience, nothing special.",633,24421
4912,2025-09-26 10:02:29.000,REMOTE,5,Excellent service! Highly recommended.,636,24424
4913,2025-07-05 01:07:24.000,REMOTE,3,Expected a bit more to be honest.,634,24426
4914,2026-03-03 20:28:34.000,LOCAL,4,Great service and friendly staff.,631,24429
4915,2025-09-27 21:23:03.000,LOCAL,5,Will definitely be back!,629,24436
4916,2026-04-15 20:00:53.000,LOCAL,5,Will definitely be back!,635,24438
4917,2025-09-19 12:00:19.000,LOCAL,5,Excellent service! Highly recommended.,631,24445
4918,2025-11-14 01:12:40.000,LOCAL,5,Always a pleasure coming here.,632,24447
4919,2025-11-14 19:36:40.000,LOCAL,4,Happy with my visit.,633,24451
4920,2026-03-12 16:09:33.000,LOCAL,2,Disappointing visit.,630,24464
4921,2026-04-29 11:00:47.000,REMOTE,3,Expected a bit more to be honest.,633,24475
4922,2026-02-23 22:10:24.000,REMOTE,2,Product did not meet my expectations.,635,24492
4923,2025-08-20 14:55:17.000,REMOTE,5,Always a pleasure coming here.,636,24494
4924,2025-10-18 16:21:21.000,LOCAL,5,Will definitely be back!,634,24514
4925,2025-09-03 15:06:06.000,REMOTE,4,Solid experience overall.,634,24516
4926,2025-10-26 12:46:10.000,REMOTE,1,Very poor service.,632,24519
4927,2025-05-17 15:47:51.000,LOCAL,3,"Average experience, nothing special.",634,24525
4928,2025-11-30 15:16:02.000,LOCAL,5,Excellent service! Highly recommended.,635,24526
4929,2025-07-04 07:02:19.000,REMOTE,5,Excellent service! Highly recommended.,629,24532
4930,2026-01-04 23:16:58.000,LOCAL,5,"Best in the area, no doubt.",634,24533
4931,2025-06-04 04:47:44.000,LOCAL,5,Always a pleasure coming here.,633,24541
4932,2025-11-15 17:54:46.000,LOCAL,2,Product did not meet my expectations.,634,24542
4933,2025-09-22 00:02:59.000,REMOTE,3,OK but not outstanding.,636,24550
4934,2026-04-24 11:22:03.000,LOCAL,5,"Best in the area, no doubt.",633,24552
4935,2025-07-24 14:47:50.000,LOCAL,1,Will not return.,631,24556
4936,2025-08-08 23:45:36.000,REMOTE,4,"Very good, would come again.",632,24563
4937,2025-05-11 07:37:17.000,REMOTE,3,"Average experience, nothing special.",635,24564
4938,2025-09-27 15:47:05.000,LOCAL,4,Great service and friendly staff.,634,24575
4939,2025-12-13 13:22:35.000,REMOTE,5,"Best in the area, no doubt.",636,24587
4940,2026-01-14 11:09:26.000,REMOTE,1,Not what I expected at all.,630,24591
4941,2025-08-09 11:43:30.000,LOCAL,2,Service was quite slow today.,632,24600
4942,2025-12-06 10:37:33.000,REMOTE,2,Service was quite slow today.,636,24605
4943,2026-02-21 12:57:02.000,LOCAL,1,Will not return.,629,24606
4944,2025-05-29 02:48:13.000,LOCAL,5,Always a pleasure coming here.,635,24607
4945,2025-09-14 00:02:21.000,REMOTE,5,"Best in the area, no doubt.",634,24610
4946,2025-09-13 19:54:35.000,REMOTE,4,"Very good, would come again.",636,24613
4947,2025-12-06 09:25:52.000,REMOTE,3,"Decent, but could improve.",632,24616
4948,2026-01-02 17:00:32.000,LOCAL,1,Not what I expected at all.,632,24627
4949,2026-03-09 09:13:19.000,LOCAL,5,Always a pleasure coming here.,635,24634
4950,2025-12-10 17:05:10.000,REMOTE,4,Solid experience overall.,635,24638
4951,2026-03-29 11:49:48.000,REMOTE,1,Not what I expected at all.,632,24640
4952,2025-06-13 23:43:33.000,LOCAL,4,Great service and friendly staff.,636,24645
4953,2025-06-08 12:00:37.000,LOCAL,4,Happy with my visit.,631,24646
4954,2026-04-15 00:39:50.000,LOCAL,5,"Best in the area, no doubt.",634,24652
4955,2025-07-23 20:30:38.000,REMOTE,4,Happy with my visit.,630,24653
4956,2026-01-04 21:06:53.000,REMOTE,5,Will definitely be back!,631,24654
4957,2025-05-24 18:31:23.000,LOCAL,1,Very poor service.,633,24659
4958,2026-04-12 12:06:38.000,REMOTE,3,"Decent, but could improve.",635,24661
4959,2025-08-14 06:44:37.000,LOCAL,5,"Best in the area, no doubt.",633,24667
4960,2025-11-13 09:11:20.000,LOCAL,5,Will definitely be back!,629,24670
4961,2025-05-27 21:04:52.000,LOCAL,3,"Decent, but could improve.",634,24674
4962,2025-06-30 06:29:19.000,REMOTE,5,"Best in the area, no doubt.",629,24676
4963,2025-10-12 06:24:36.000,LOCAL,1,Not what I expected at all.,634,24677
4964,2025-05-29 02:11:29.000,LOCAL,5,Will definitely be back!,631,24681
4965,2026-04-16 10:42:29.000,LOCAL,1,Not what I expected at all.,635,24684
4966,2026-01-02 22:30:07.000,LOCAL,4,Solid experience overall.,631,24690
4967,2025-09-06 15:02:41.000,LOCAL,5,"Best in the area, no doubt.",636,24691
4968,2025-07-04 16:18:14.000,LOCAL,5,Excellent service! Highly recommended.,635,24695
4969,2025-12-20 12:44:05.000,LOCAL,3,Expected a bit more to be honest.,634,24697
4970,2025-07-07 00:32:04.000,LOCAL,5,Will definitely be back!,634,24699
4971,2025-07-31 20:49:58.000,LOCAL,3,"Decent, but could improve.",636,24721
4972,2026-01-08 18:10:59.000,LOCAL,5,Excellent service! Highly recommended.,634,24734
4973,2025-10-24 20:33:29.000,REMOTE,4,Solid experience overall.,633,24746
4974,2026-02-23 21:49:08.000,LOCAL,4,Great service and friendly staff.,635,24750
4975,2025-07-05 09:05:24.000,REMOTE,3,"Decent, but could improve.",634,24772
4976,2025-12-16 13:25:58.000,REMOTE,2,Staff could be more attentive.,636,24774
4977,2025-10-14 12:55:33.000,LOCAL,5,"Best in the area, no doubt.",638,24777
4978,2026-01-05 12:35:40.000,REMOTE,5,"Best in the area, no doubt.",638,24779
4979,2025-10-14 11:12:42.000,LOCAL,3,"Decent, but could improve.",639,24780
4980,2025-07-16 08:45:13.000,LOCAL,5,Always a pleasure coming here.,639,24781
4981,2026-01-29 07:53:14.000,REMOTE,4,Great service and friendly staff.,638,24782
4982,2025-10-15 17:25:29.000,LOCAL,5,"Best in the area, no doubt.",638,24790
4983,2025-10-18 03:58:46.000,LOCAL,3,"Average experience, nothing special.",638,24794
4984,2026-02-25 03:16:19.000,REMOTE,4,"Very good, would come again.",638,24795
4985,2026-01-04 14:08:46.000,LOCAL,5,Will definitely be back!,638,24803
4986,2026-02-10 00:32:37.000,REMOTE,3,Expected a bit more to be honest.,639,24809
4987,2026-04-13 11:55:26.000,LOCAL,4,Solid experience overall.,637,24815
4988,2025-08-20 01:26:47.000,LOCAL,5,Will definitely be back!,639,24819
4989,2025-08-07 15:54:45.000,LOCAL,4,"Very good, would come again.",637,24830
4990,2025-06-23 03:43:53.000,LOCAL,3,Expected a bit more to be honest.,638,24838
4991,2026-03-07 09:34:40.000,REMOTE,2,Product did not meet my expectations.,640,24847
4992,2025-12-28 05:13:39.000,REMOTE,3,"Average experience, nothing special.",642,24852
4993,2025-09-10 16:15:43.000,LOCAL,4,Solid experience overall.,641,24858
4994,2025-12-27 21:38:19.000,LOCAL,2,Service was quite slow today.,642,24859
4995,2025-05-23 08:58:47.000,REMOTE,4,Happy with my visit.,641,24869
4996,2025-11-18 01:31:06.000,REMOTE,4,Great service and friendly staff.,642,24870
4997,2025-10-30 19:34:56.000,REMOTE,5,Excellent service! Highly recommended.,641,24873
4998,2025-06-09 05:35:50.000,REMOTE,2,Product did not meet my expectations.,642,24881
4999,2025-06-12 02:55:15.000,REMOTE,4,Happy with my visit.,642,24882
5000,2025-10-09 15:59:40.000,LOCAL,5,"Best in the area, no doubt.",642,24892
5001,2026-05-04 18:38:12.000,LOCAL,2,Product did not meet my expectations.,641,24895
5002,2026-03-01 19:41:35.000,REMOTE,3,"Average experience, nothing special.",641,24896
5003,2025-06-28 23:42:15.000,REMOTE,2,Staff could be more attentive.,642,24902
5004,2026-04-19 16:00:23.000,REMOTE,2,Disappointing visit.,642,24903
5005,2026-03-16 15:47:19.000,LOCAL,5,Will definitely be back!,640,24905
5006,2025-05-16 02:49:11.000,REMOTE,5,"Best in the area, no doubt.",642,24907
5007,2025-11-05 19:24:58.000,LOCAL,5,Always a pleasure coming here.,642,24911
5008,2025-11-05 11:09:32.000,REMOTE,3,"Decent, but could improve.",640,24913
5009,2025-08-26 03:13:49.000,LOCAL,3,Expected a bit more to be honest.,641,24914
5010,2025-06-07 23:23:14.000,LOCAL,4,Happy with my visit.,640,24919
5011,2025-10-24 04:36:04.000,REMOTE,5,Excellent service! Highly recommended.,640,24922
5012,2026-03-05 23:10:42.000,LOCAL,5,Excellent service! Highly recommended.,640,24924
5013,2025-08-09 10:44:01.000,REMOTE,3,"Decent, but could improve.",641,24927
5014,2025-10-03 00:29:04.000,REMOTE,3,Expected a bit more to be honest.,641,24929
5015,2025-08-15 16:12:26.000,LOCAL,3,OK but not outstanding.,641,24943
5016,2026-03-06 09:32:42.000,REMOTE,4,"Very good, would come again.",640,24945
5017,2025-05-31 12:35:24.000,LOCAL,4,Great service and friendly staff.,642,24948
5018,2025-07-29 21:16:08.000,LOCAL,3,OK but not outstanding.,641,24952
5019,2025-07-04 02:02:51.000,REMOTE,5,Will definitely be back!,642,24953
5020,2025-09-22 23:57:16.000,REMOTE,4,Happy with my visit.,640,24954
5021,2025-11-09 07:28:11.000,REMOTE,5,Always a pleasure coming here.,641,24960
5022,2025-12-06 02:17:37.000,LOCAL,4,Happy with my visit.,641,24961
5023,2026-02-27 09:45:15.000,LOCAL,4,Happy with my visit.,641,24965
5024,2025-09-29 05:29:08.000,LOCAL,5,Excellent service! Highly recommended.,641,24967
5025,2025-09-15 12:14:37.000,REMOTE,3,Expected a bit more to be honest.,640,24968
5026,2025-10-27 10:17:32.000,LOCAL,5,Excellent service! Highly recommended.,643,24971
5027,2025-11-01 01:07:52.000,LOCAL,4,Happy with my visit.,643,24973
5028,2025-09-06 07:42:30.000,REMOTE,5,Excellent service! Highly recommended.,643,24977
5029,2025-06-07 08:51:20.000,LOCAL,3,Expected a bit more to be honest.,643,24979
5030,2026-03-12 21:05:37.000,REMOTE,4,Solid experience overall.,643,24984
5031,2025-09-03 17:27:23.000,REMOTE,5,Excellent service! Highly recommended.,643,24989
5032,2025-06-07 15:25:32.000,REMOTE,3,OK but not outstanding.,644,24990
5033,2025-12-17 11:15:26.000,LOCAL,5,"Best in the area, no doubt.",643,24993
5034,2025-05-09 17:52:53.000,REMOTE,2,Staff could be more attentive.,643,24994
5035,2025-10-18 05:27:15.000,LOCAL,5,Excellent service! Highly recommended.,643,25004
5036,2025-08-06 21:33:16.000,REMOTE,4,"Very good, would come again.",644,25009
5037,2026-04-08 11:32:16.000,REMOTE,2,Service was quite slow today.,643,25016
5038,2025-10-11 02:56:02.000,REMOTE,5,Will definitely be back!,644,25020
5039,2025-12-14 22:01:38.000,LOCAL,5,Always a pleasure coming here.,644,25025
5040,2025-08-02 02:20:17.000,LOCAL,4,Happy with my visit.,644,25029
5041,2026-02-17 16:19:22.000,REMOTE,3,OK but not outstanding.,644,25039
5042,2026-04-03 07:51:47.000,REMOTE,5,Will definitely be back!,643,25041
5043,2025-07-19 03:28:59.000,LOCAL,4,Solid experience overall.,643,25042
5044,2026-04-06 01:03:59.000,LOCAL,1,Completely disappointed.,643,25043
5045,2025-12-17 10:20:58.000,LOCAL,1,Will not return.,643,25045
5046,2026-01-22 19:47:05.000,REMOTE,3,"Decent, but could improve.",644,25049
5047,2026-04-11 06:36:43.000,REMOTE,4,Solid experience overall.,643,25057
5048,2025-11-29 01:34:42.000,REMOTE,1,Not what I expected at all.,643,25062
5049,2025-12-27 02:10:30.000,LOCAL,5,Excellent service! Highly recommended.,643,25067
5050,2025-11-21 14:11:04.000,REMOTE,4,Great service and friendly staff.,644,25069
5051,2026-03-10 00:59:20.000,LOCAL,4,Solid experience overall.,643,25071
5052,2025-12-15 18:04:20.000,REMOTE,2,Staff could be more attentive.,643,25073
5053,2025-11-10 06:09:09.000,REMOTE,3,OK but not outstanding.,646,25079
5054,2025-07-29 23:54:53.000,REMOTE,5,Excellent service! Highly recommended.,646,25087
5055,2025-08-17 23:21:15.000,REMOTE,4,Great service and friendly staff.,645,25090
5056,2026-01-15 19:33:56.000,REMOTE,2,Product did not meet my expectations.,645,25092
5057,2025-08-02 14:32:46.000,LOCAL,3,Expected a bit more to be honest.,645,25100
5058,2026-04-03 00:37:36.000,LOCAL,2,Disappointing visit.,646,25102
5059,2026-01-18 12:16:35.000,LOCAL,4,Happy with my visit.,646,25105
5060,2025-06-15 07:17:11.000,REMOTE,3,"Average experience, nothing special.",646,25107
5061,2025-10-04 06:51:44.000,REMOTE,2,Staff could be more attentive.,645,25113
5062,2025-11-15 02:25:58.000,LOCAL,5,"Best in the area, no doubt.",645,25122
5063,2026-03-31 09:58:29.000,LOCAL,5,Will definitely be back!,646,25123
5064,2026-04-18 08:05:38.000,REMOTE,5,Excellent service! Highly recommended.,646,25126
5065,2026-04-24 14:02:26.000,REMOTE,4,"Very good, would come again.",645,25135
5066,2026-04-25 01:58:35.000,REMOTE,2,Staff could be more attentive.,646,25147
5067,2025-09-02 14:34:30.000,LOCAL,5,Excellent service! Highly recommended.,646,25151
5068,2026-01-11 19:05:25.000,REMOTE,3,OK but not outstanding.,645,25153
5069,2025-12-25 08:54:04.000,REMOTE,2,Product did not meet my expectations.,645,25154
5070,2025-11-26 15:44:59.000,LOCAL,5,Excellent service! Highly recommended.,645,25157
5071,2025-08-20 19:01:14.000,REMOTE,4,"Very good, would come again.",647,25158
5072,2025-10-10 04:03:08.000,LOCAL,4,"Very good, would come again.",647,25165
5073,2026-01-13 14:41:43.000,REMOTE,5,Excellent service! Highly recommended.,647,25166
5074,2026-03-25 08:06:05.000,LOCAL,3,"Decent, but could improve.",647,25174
5075,2025-07-05 04:13:11.000,LOCAL,5,Excellent service! Highly recommended.,647,25176
5076,2025-06-20 16:24:41.000,REMOTE,4,Great service and friendly staff.,647,25178
5077,2026-04-26 13:12:45.000,REMOTE,3,OK but not outstanding.,647,25180
5078,2026-01-06 17:55:59.000,LOCAL,1,Completely disappointed.,647,25196
5079,2026-01-27 15:13:01.000,REMOTE,1,Not what I expected at all.,647,25201
5080,2025-06-18 00:37:20.000,LOCAL,5,Excellent service! Highly recommended.,647,25202
5081,2026-01-02 23:14:38.000,LOCAL,5,Will definitely be back!,647,25203
5082,2026-01-02 08:55:06.000,REMOTE,1,Completely disappointed.,647,25207
5083,2026-03-17 05:59:18.000,REMOTE,3,"Average experience, nothing special.",647,25222
5084,2025-07-26 01:25:46.000,LOCAL,4,Great service and friendly staff.,647,25229
5085,2025-08-24 20:39:50.000,LOCAL,4,Happy with my visit.,647,25239
5086,2025-10-06 04:45:10.000,REMOTE,5,Excellent service! Highly recommended.,647,25244
5087,2025-08-07 09:36:09.000,LOCAL,5,Excellent service! Highly recommended.,647,25245
5088,2025-06-14 22:36:26.000,REMOTE,5,Excellent service! Highly recommended.,647,25249
5089,2025-06-19 13:43:53.000,REMOTE,4,Solid experience overall.,647,25252
5090,2026-05-06 22:04:56.000,LOCAL,4,Happy with my visit.,647,25256
5091,2026-01-12 15:28:07.000,REMOTE,5,"Best in the area, no doubt.",647,25261
5092,2025-09-27 14:12:47.000,REMOTE,3,"Average experience, nothing special.",647,25262
5093,2025-12-31 07:00:57.000,LOCAL,5,"Best in the area, no doubt.",647,25263
5094,2025-07-02 18:13:03.000,LOCAL,5,Always a pleasure coming here.,647,25264
5095,2025-10-03 14:20:07.000,REMOTE,5,Excellent service! Highly recommended.,647,25266
5096,2026-03-23 01:59:54.000,LOCAL,1,Will not return.,647,25268
5097,2025-09-14 14:27:33.000,LOCAL,5,Always a pleasure coming here.,647,25275
5098,2026-01-16 03:31:17.000,LOCAL,3,"Average experience, nothing special.",647,25279
5099,2025-09-19 18:30:27.000,REMOTE,1,Not what I expected at all.,647,25291
5100,2025-08-15 23:46:46.000,LOCAL,3,"Decent, but could improve.",647,25293
5101,2026-01-15 07:14:50.000,REMOTE,4,Happy with my visit.,647,25299
5102,2025-12-20 08:46:54.000,REMOTE,5,Always a pleasure coming here.,647,25301
5103,2025-10-20 10:45:27.000,REMOTE,5,Excellent service! Highly recommended.,647,25304
5104,2025-05-29 03:02:35.000,LOCAL,5,"Best in the area, no doubt.",650,25313
5105,2026-01-27 02:47:51.000,REMOTE,5,"Best in the area, no doubt.",649,25327
5106,2026-01-31 01:51:31.000,LOCAL,4,Solid experience overall.,648,25333
5107,2025-09-23 22:55:50.000,REMOTE,3,"Decent, but could improve.",648,25334
5108,2026-03-15 08:46:43.000,LOCAL,4,Great service and friendly staff.,648,25337
5109,2025-09-02 03:40:25.000,REMOTE,4,"Very good, would come again.",650,25339
5110,2025-05-25 01:31:26.000,REMOTE,2,Staff could be more attentive.,648,25340
5111,2025-08-14 20:12:22.000,LOCAL,5,"Best in the area, no doubt.",648,25342
5112,2025-07-17 11:12:18.000,REMOTE,4,Great service and friendly staff.,649,25345
5113,2025-08-31 16:05:52.000,REMOTE,5,Will definitely be back!,649,25347
5114,2025-10-19 18:07:58.000,REMOTE,4,Solid experience overall.,649,25350
5115,2026-01-17 15:02:51.000,REMOTE,5,Always a pleasure coming here.,648,25361
5116,2026-01-26 02:52:03.000,REMOTE,3,Expected a bit more to be honest.,649,25378
5117,2025-07-06 18:28:38.000,REMOTE,4,"Very good, would come again.",649,25379
5118,2026-04-03 19:13:37.000,LOCAL,5,Will definitely be back!,650,25382
5119,2026-02-23 03:22:58.000,LOCAL,1,Completely disappointed.,650,25385
5120,2025-09-01 20:36:35.000,LOCAL,5,Excellent service! Highly recommended.,648,25394
5121,2025-11-29 06:25:13.000,LOCAL,4,Solid experience overall.,650,25408
5122,2025-05-19 06:27:13.000,REMOTE,5,Always a pleasure coming here.,650,25411
5123,2025-08-07 02:00:19.000,LOCAL,4,Happy with my visit.,649,25413
5124,2025-11-03 10:39:23.000,REMOTE,4,Happy with my visit.,650,25421
5125,2025-05-12 03:52:29.000,REMOTE,4,Solid experience overall.,648,25423
5126,2025-09-25 21:33:14.000,REMOTE,4,"Very good, would come again.",650,25424
5127,2025-08-29 13:37:30.000,REMOTE,2,Service was quite slow today.,650,25426
5128,2025-07-23 06:13:25.000,REMOTE,3,"Decent, but could improve.",650,25429
5129,2026-02-21 11:21:22.000,LOCAL,2,Staff could be more attentive.,650,25433
5130,2025-05-24 13:33:56.000,REMOTE,4,"Very good, would come again.",649,25443
5131,2025-08-15 16:08:17.000,REMOTE,5,Will definitely be back!,650,25450
5132,2025-12-13 07:49:35.000,REMOTE,5,Excellent service! Highly recommended.,650,25452
5133,2026-03-25 01:46:24.000,LOCAL,5,"Best in the area, no doubt.",649,25454
5134,2025-07-05 22:21:21.000,LOCAL,2,Staff could be more attentive.,650,25455
5135,2025-07-16 05:12:13.000,REMOTE,1,Completely disappointed.,648,25464
5136,2025-06-24 19:20:58.000,LOCAL,2,Product did not meet my expectations.,650,25465
5137,2025-12-30 14:34:30.000,LOCAL,5,Always a pleasure coming here.,654,25473
5138,2025-05-14 03:24:20.000,REMOTE,4,Happy with my visit.,654,25474
5139,2025-11-22 00:59:44.000,REMOTE,4,Great service and friendly staff.,652,25479
5140,2025-06-15 20:26:36.000,REMOTE,3,Expected a bit more to be honest.,654,25480
5141,2025-11-06 15:55:52.000,REMOTE,4,Happy with my visit.,653,25482
5142,2026-02-26 17:29:33.000,LOCAL,3,"Average experience, nothing special.",654,25489
5143,2025-06-01 12:36:09.000,LOCAL,5,Always a pleasure coming here.,653,25492
5144,2025-11-25 02:21:13.000,LOCAL,4,Great service and friendly staff.,651,25513
5145,2026-03-18 15:00:15.000,LOCAL,3,OK but not outstanding.,653,25519
5146,2025-09-23 12:00:16.000,REMOTE,4,Great service and friendly staff.,654,25529
5147,2025-11-12 13:33:22.000,REMOTE,3,OK but not outstanding.,654,25532
5148,2025-08-29 00:16:00.000,REMOTE,5,Excellent service! Highly recommended.,652,25537
5149,2025-12-15 14:12:48.000,REMOTE,4,Great service and friendly staff.,653,25543
5150,2025-05-23 23:56:27.000,REMOTE,5,"Best in the area, no doubt.",653,25548
5151,2025-06-07 06:18:58.000,LOCAL,5,Always a pleasure coming here.,651,25558
5152,2025-10-28 07:26:24.000,LOCAL,3,"Decent, but could improve.",652,25560
5153,2026-02-18 22:37:50.000,REMOTE,4,Great service and friendly staff.,652,25561
5154,2025-08-09 14:14:13.000,LOCAL,4,Great service and friendly staff.,654,25568
5155,2025-12-06 20:35:58.000,LOCAL,4,"Very good, would come again.",654,25576
5156,2025-05-15 06:44:04.000,REMOTE,4,Solid experience overall.,653,25580
5157,2026-02-15 03:21:01.000,REMOTE,2,Disappointing visit.,651,25587
5158,2026-05-05 01:55:14.000,LOCAL,3,Expected a bit more to be honest.,654,25590
5159,2025-12-08 00:44:25.000,LOCAL,4,Solid experience overall.,652,25593
5160,2025-11-27 21:44:01.000,REMOTE,1,Very poor service.,652,25596
5161,2025-10-07 03:22:59.000,LOCAL,4,Solid experience overall.,651,25602
5162,2025-06-22 10:12:55.000,LOCAL,5,"Best in the area, no doubt.",654,25604
5163,2025-10-09 12:34:14.000,REMOTE,5,Always a pleasure coming here.,655,25605
5164,2025-06-10 16:58:13.000,LOCAL,5,Always a pleasure coming here.,655,25606
5165,2025-11-21 21:55:24.000,LOCAL,3,"Decent, but could improve.",655,25608
5166,2025-09-28 04:38:44.000,REMOTE,3,OK but not outstanding.,655,25618
5167,2025-10-06 07:49:27.000,LOCAL,2,Service was quite slow today.,655,25625
5168,2025-12-16 13:28:57.000,LOCAL,4,Solid experience overall.,655,25626
5169,2026-01-23 12:24:42.000,REMOTE,5,"Best in the area, no doubt.",655,25630
5170,2025-07-31 10:57:05.000,LOCAL,5,Excellent service! Highly recommended.,655,25631
5171,2025-08-23 18:05:28.000,REMOTE,4,Solid experience overall.,655,25632
5172,2025-10-26 18:54:16.000,LOCAL,3,Expected a bit more to be honest.,656,25644
5173,2025-12-08 00:30:17.000,LOCAL,4,Solid experience overall.,656,25649
5174,2025-05-10 19:04:24.000,LOCAL,4,Solid experience overall.,656,25657
5175,2025-06-15 16:00:42.000,REMOTE,3,"Average experience, nothing special.",656,25659
5176,2025-07-21 20:59:21.000,REMOTE,4,Happy with my visit.,656,25665
5177,2025-11-26 07:29:50.000,REMOTE,5,Always a pleasure coming here.,656,25669
5178,2026-01-24 06:30:11.000,LOCAL,1,Will not return.,656,25673
5179,2026-04-29 13:02:47.000,LOCAL,4,Solid experience overall.,656,25675
5180,2026-02-01 06:31:26.000,REMOTE,3,OK but not outstanding.,657,25681
5181,2026-02-20 06:03:58.000,LOCAL,4,Great service and friendly staff.,657,25684
5182,2025-11-11 23:17:34.000,REMOTE,1,Not what I expected at all.,657,25690
5183,2026-02-22 19:31:20.000,LOCAL,1,Will not return.,657,25693
5184,2025-10-26 19:36:01.000,REMOTE,4,Solid experience overall.,657,25699
5185,2026-04-14 21:40:15.000,LOCAL,2,Disappointing visit.,657,25700
5186,2025-07-07 14:31:33.000,LOCAL,5,Always a pleasure coming here.,657,25703
5187,2025-08-13 07:52:27.000,REMOTE,2,Product did not meet my expectations.,657,25704
5188,2025-10-28 09:57:20.000,REMOTE,5,"Best in the area, no doubt.",657,25707
5189,2025-05-23 12:18:11.000,REMOTE,3,"Decent, but could improve.",657,25708
5190,2025-11-18 08:04:20.000,REMOTE,5,"Best in the area, no doubt.",657,25709
5191,2025-11-10 07:49:33.000,LOCAL,4,"Very good, would come again.",657,25710
5192,2026-01-03 15:55:52.000,LOCAL,5,Always a pleasure coming here.,657,25712
5193,2026-02-13 00:58:17.000,REMOTE,4,Great service and friendly staff.,657,25714
5194,2025-11-12 02:14:57.000,REMOTE,4,Great service and friendly staff.,657,25715
5195,2025-08-10 01:28:51.000,REMOTE,3,"Decent, but could improve.",657,25733
5196,2025-12-12 20:04:45.000,REMOTE,5,Always a pleasure coming here.,657,25736
5197,2025-05-25 12:02:48.000,REMOTE,4,Great service and friendly staff.,657,25746
5198,2025-09-27 22:28:36.000,LOCAL,5,Excellent service! Highly recommended.,657,25752
5199,2026-04-14 16:06:30.000,REMOTE,5,Will definitely be back!,657,25753
5200,2025-10-31 21:46:49.000,REMOTE,4,"Very good, would come again.",659,25760
5201,2025-07-10 10:43:40.000,LOCAL,3,Expected a bit more to be honest.,659,25763
5202,2025-05-29 09:41:24.000,REMOTE,3,OK but not outstanding.,658,25773
5203,2026-04-04 02:00:16.000,REMOTE,5,Will definitely be back!,659,25775
5204,2025-09-14 20:09:05.000,REMOTE,5,"Best in the area, no doubt.",659,25778
5205,2025-08-12 10:05:52.000,REMOTE,3,Expected a bit more to be honest.,658,25780
5206,2025-07-12 16:15:00.000,LOCAL,5,Always a pleasure coming here.,658,25781
5207,2025-07-28 09:47:46.000,REMOTE,2,Product did not meet my expectations.,658,25783
5208,2025-07-22 14:20:04.000,LOCAL,4,"Very good, would come again.",659,25790
5209,2025-07-30 12:16:30.000,REMOTE,5,Excellent service! Highly recommended.,660,25794
5210,2025-11-11 09:25:35.000,LOCAL,3,OK but not outstanding.,660,25797
5211,2026-04-30 10:34:35.000,REMOTE,4,Great service and friendly staff.,660,25801
5212,2025-12-26 20:58:23.000,LOCAL,4,"Very good, would come again.",660,25804
5213,2026-04-19 07:07:44.000,REMOTE,5,Will definitely be back!,660,25817
5214,2025-07-24 05:17:23.000,LOCAL,3,"Decent, but could improve.",660,25818
5215,2025-09-21 06:44:14.000,LOCAL,1,Not what I expected at all.,660,25829
5216,2026-04-05 09:15:38.000,REMOTE,2,Disappointing visit.,660,25832
5217,2025-09-22 14:51:38.000,REMOTE,5,Excellent service! Highly recommended.,660,25835
5218,2025-11-03 09:29:04.000,REMOTE,4,"Very good, would come again.",660,25839
5219,2025-09-12 08:23:31.000,LOCAL,4,Solid experience overall.,660,25840
5220,2026-03-07 08:45:55.000,LOCAL,3,Expected a bit more to be honest.,660,25842
5221,2025-06-08 00:34:23.000,LOCAL,2,Product did not meet my expectations.,660,25847
5222,2025-08-26 01:19:43.000,LOCAL,2,Staff could be more attentive.,660,25848
5223,2026-04-03 17:46:01.000,REMOTE,5,Always a pleasure coming here.,661,25853
5224,2026-01-28 16:15:44.000,REMOTE,5,Always a pleasure coming here.,662,25867
5225,2025-08-24 08:01:15.000,LOCAL,3,"Average experience, nothing special.",662,25869
5226,2026-02-16 22:38:24.000,LOCAL,5,"Best in the area, no doubt.",664,25871
5227,2025-07-29 08:01:31.000,LOCAL,4,Great service and friendly staff.,663,25872
5228,2025-07-26 20:24:22.000,REMOTE,5,Always a pleasure coming here.,661,25874
5229,2026-03-20 21:12:40.000,REMOTE,3,"Average experience, nothing special.",664,25878
5230,2026-02-01 17:09:23.000,REMOTE,5,Will definitely be back!,663,25883
5231,2025-12-25 04:00:05.000,REMOTE,2,Product did not meet my expectations.,661,25887
5232,2026-01-21 15:39:03.000,REMOTE,5,"Best in the area, no doubt.",662,25888
5233,2025-06-10 07:57:27.000,REMOTE,2,Service was quite slow today.,664,25893
5234,2026-04-06 13:00:37.000,REMOTE,5,"Best in the area, no doubt.",662,25898
5235,2025-05-17 19:22:35.000,LOCAL,4,Happy with my visit.,662,25902
5236,2025-06-29 13:14:27.000,REMOTE,3,OK but not outstanding.,662,25904
5237,2026-01-07 05:45:56.000,REMOTE,5,"Best in the area, no doubt.",662,25909
5238,2025-12-30 12:29:56.000,LOCAL,3,OK but not outstanding.,662,25912
5239,2025-06-05 07:36:15.000,REMOTE,5,Excellent service! Highly recommended.,664,25913
5240,2025-11-15 17:58:33.000,REMOTE,3,OK but not outstanding.,662,25914
5241,2025-08-09 17:37:46.000,REMOTE,3,Expected a bit more to be honest.,664,25926
5242,2025-06-08 20:28:37.000,REMOTE,5,Will definitely be back!,661,25930
5243,2025-11-19 09:19:50.000,LOCAL,4,"Very good, would come again.",661,25934
5244,2025-10-28 20:13:25.000,REMOTE,1,Not what I expected at all.,663,25936
5245,2026-04-05 20:29:36.000,LOCAL,3,OK but not outstanding.,663,25937
5246,2026-01-30 05:53:13.000,REMOTE,3,OK but not outstanding.,661,25945
5247,2025-06-19 14:26:41.000,REMOTE,4,Great service and friendly staff.,663,25947
5248,2025-06-26 22:10:21.000,REMOTE,4,Great service and friendly staff.,664,25950
5249,2025-05-18 17:38:19.000,LOCAL,5,"Best in the area, no doubt.",661,25952
5250,2025-05-20 10:38:57.000,LOCAL,3,"Decent, but could improve.",662,25959
5251,2025-09-21 15:38:46.000,LOCAL,5,Will definitely be back!,664,25962
5252,2025-09-06 21:36:40.000,LOCAL,4,Solid experience overall.,663,25985
5253,2025-11-27 14:12:48.000,LOCAL,2,Service was quite slow today.,664,26001
5254,2026-04-09 01:31:19.000,REMOTE,5,Will definitely be back!,661,26002
5255,2026-04-21 12:03:34.000,REMOTE,5,Always a pleasure coming here.,661,26004
5256,2025-12-30 19:57:31.000,REMOTE,5,Always a pleasure coming here.,664,26008
5257,2026-02-28 21:04:11.000,LOCAL,5,Always a pleasure coming here.,664,26009
5258,2026-03-26 22:25:04.000,REMOTE,5,"Best in the area, no doubt.",663,26011
5259,2025-12-26 19:56:15.000,REMOTE,5,Always a pleasure coming here.,664,26012
5260,2026-02-04 22:05:52.000,REMOTE,4,Great service and friendly staff.,662,26016
5261,2025-10-12 20:20:48.000,LOCAL,4,Happy with my visit.,663,26021
5262,2026-02-09 16:54:38.000,LOCAL,5,"Best in the area, no doubt.",662,26026
5263,2025-06-11 06:44:39.000,LOCAL,5,"Best in the area, no doubt.",662,26029
5264,2025-11-03 21:10:32.000,LOCAL,5,Always a pleasure coming here.,661,26031
5265,2026-04-05 16:04:09.000,LOCAL,5,"Best in the area, no doubt.",661,26032
5266,2026-02-26 17:20:30.000,LOCAL,3,"Average experience, nothing special.",661,26035
5267,2026-02-18 09:10:34.000,REMOTE,2,Product did not meet my expectations.,664,26038
5268,2025-11-16 05:49:01.000,LOCAL,4,Happy with my visit.,661,26047
5269,2025-12-31 03:16:27.000,REMOTE,4,"Very good, would come again.",663,26053
5270,2025-06-29 00:25:34.000,LOCAL,5,"Best in the area, no doubt.",662,26063
5271,2025-08-10 03:17:00.000,LOCAL,3,"Decent, but could improve.",662,26066
5272,2025-07-14 09:50:07.000,LOCAL,5,Excellent service! Highly recommended.,664,26067
5273,2026-03-29 18:36:06.000,LOCAL,2,Disappointing visit.,662,26068
5274,2025-06-28 11:38:54.000,REMOTE,4,Solid experience overall.,663,26071
5275,2025-10-05 04:47:51.000,LOCAL,3,OK but not outstanding.,662,26072
5276,2026-03-12 22:02:06.000,LOCAL,4,Happy with my visit.,663,26079
5277,2025-05-31 15:01:40.000,REMOTE,5,Will definitely be back!,662,26080
5278,2025-05-10 22:40:13.000,REMOTE,1,Will not return.,662,26081
5279,2025-05-29 10:28:35.000,LOCAL,5,Always a pleasure coming here.,661,26085
5280,2025-09-17 23:32:30.000,LOCAL,2,Disappointing visit.,662,26087
5281,2026-04-30 04:08:45.000,LOCAL,4,Solid experience overall.,661,26088
5282,2026-02-04 11:40:53.000,LOCAL,2,Staff could be more attentive.,663,26091
5283,2025-12-29 01:18:25.000,REMOTE,3,"Decent, but could improve.",662,26099
5284,2026-02-03 13:18:31.000,REMOTE,5,Will definitely be back!,661,26100
5285,2025-07-21 16:32:56.000,LOCAL,4,Great service and friendly staff.,664,26106
5286,2026-04-29 07:31:40.000,LOCAL,3,"Average experience, nothing special.",661,26110
5287,2025-08-06 00:44:30.000,REMOTE,4,"Very good, would come again.",664,26111
5288,2025-07-24 15:26:03.000,LOCAL,3,"Decent, but could improve.",663,26115
5289,2025-09-29 18:44:09.000,LOCAL,5,"Best in the area, no doubt.",662,26120
5290,2025-10-08 16:26:07.000,LOCAL,2,Product did not meet my expectations.,661,26122
5291,2025-11-11 22:34:58.000,LOCAL,2,Staff could be more attentive.,663,26124
5292,2026-04-09 12:20:00.000,REMOTE,4,Solid experience overall.,663,26128
5293,2025-09-17 06:40:26.000,REMOTE,3,OK but not outstanding.,661,26134
5294,2026-02-24 10:57:24.000,REMOTE,1,Very poor service.,662,26144
5295,2025-12-01 03:52:44.000,REMOTE,3,"Decent, but could improve.",663,26150
5296,2025-06-06 20:50:49.000,LOCAL,5,Excellent service! Highly recommended.,661,26151
5297,2025-07-23 11:09:56.000,REMOTE,4,Great service and friendly staff.,663,26153
5298,2025-07-13 08:09:17.000,REMOTE,3,Expected a bit more to be honest.,665,26158
5299,2025-09-12 13:58:09.000,LOCAL,3,"Average experience, nothing special.",665,26161
5300,2026-05-04 05:56:37.000,REMOTE,3,"Average experience, nothing special.",665,26162
5301,2025-12-06 08:31:56.000,REMOTE,3,"Average experience, nothing special.",665,26171
5302,2026-01-18 08:08:26.000,LOCAL,5,Always a pleasure coming here.,665,26173
5303,2025-05-22 00:11:37.000,LOCAL,5,Will definitely be back!,665,26185
5304,2026-04-06 00:54:58.000,LOCAL,3,OK but not outstanding.,665,26191
5305,2026-04-16 11:38:16.000,LOCAL,4,Happy with my visit.,665,26197
5306,2025-05-12 13:03:18.000,LOCAL,4,Happy with my visit.,665,26202
5307,2025-12-17 19:34:10.000,LOCAL,5,Will definitely be back!,665,26206
5308,2025-10-22 03:46:39.000,REMOTE,1,Very poor service.,665,26213
5309,2025-09-28 15:05:52.000,REMOTE,3,"Average experience, nothing special.",665,26215
5310,2025-12-31 22:14:18.000,REMOTE,4,Great service and friendly staff.,665,26218
5311,2025-09-11 21:38:40.000,LOCAL,5,Excellent service! Highly recommended.,665,26220
5312,2026-03-11 10:45:55.000,REMOTE,4,Great service and friendly staff.,667,26225
5313,2025-07-10 11:53:16.000,LOCAL,1,Will not return.,669,26231
5314,2026-01-21 12:48:43.000,LOCAL,5,Will definitely be back!,667,26242
5315,2025-11-19 23:35:48.000,REMOTE,3,"Decent, but could improve.",669,26250
5316,2025-12-25 00:00:59.000,REMOTE,4,Solid experience overall.,667,26254
5317,2025-07-07 17:26:47.000,LOCAL,5,Will definitely be back!,669,26261
5318,2025-10-09 00:37:06.000,REMOTE,3,"Average experience, nothing special.",669,26273
5319,2025-08-01 22:13:31.000,REMOTE,2,Disappointing visit.,669,26284
5320,2025-05-26 10:20:08.000,REMOTE,5,Will definitely be back!,671,26289
5321,2026-05-07 15:57:22.000,LOCAL,2,Service was quite slow today.,671,26292
5322,2025-09-25 15:53:12.000,REMOTE,5,Excellent service! Highly recommended.,671,26293
5323,2025-11-23 02:42:35.000,LOCAL,3,"Average experience, nothing special.",670,26297
5324,2026-02-20 09:07:07.000,REMOTE,4,Happy with my visit.,670,26299
5325,2026-04-10 12:43:15.000,LOCAL,5,Will definitely be back!,670,26306
5326,2026-05-06 10:22:41.000,LOCAL,5,Excellent service! Highly recommended.,671,26308
5327,2025-07-16 16:12:29.000,REMOTE,5,Always a pleasure coming here.,671,26311
5328,2026-01-26 17:50:04.000,REMOTE,2,Disappointing visit.,670,26318
5329,2025-11-19 19:57:09.000,REMOTE,4,Solid experience overall.,671,26319
5330,2025-08-26 07:05:46.000,REMOTE,3,"Decent, but could improve.",671,26321
5331,2025-11-16 01:46:49.000,LOCAL,1,Completely disappointed.,670,26323
5332,2026-04-16 09:47:43.000,REMOTE,2,Service was quite slow today.,675,26361
5333,2026-04-15 23:36:13.000,REMOTE,4,Solid experience overall.,672,26373
5334,2026-04-10 19:13:55.000,LOCAL,3,Expected a bit more to be honest.,672,26379
5335,2026-01-21 18:57:50.000,REMOTE,4,Great service and friendly staff.,676,26385
5336,2025-07-08 02:52:33.000,LOCAL,4,"Very good, would come again.",678,26389
5337,2025-10-28 20:52:25.000,LOCAL,5,Always a pleasure coming here.,677,26393
5338,2025-08-31 03:22:46.000,LOCAL,5,"Best in the area, no doubt.",673,26395
5339,2025-07-26 23:24:41.000,REMOTE,5,Excellent service! Highly recommended.,675,26400
5340,2025-05-29 18:36:40.000,LOCAL,3,"Decent, but could improve.",676,26401
5341,2025-10-05 12:06:22.000,LOCAL,5,"Best in the area, no doubt.",677,26409
5342,2026-04-22 19:56:41.000,LOCAL,5,Will definitely be back!,673,26410
5343,2025-12-31 00:50:13.000,REMOTE,5,"Best in the area, no doubt.",674,26412
5344,2025-11-19 23:02:37.000,REMOTE,5,Excellent service! Highly recommended.,679,26419
5345,2025-07-28 01:01:47.000,REMOTE,4,Great service and friendly staff.,675,26425
5346,2025-09-07 14:15:59.000,REMOTE,3,"Decent, but could improve.",674,26432
5347,2025-05-14 08:49:28.000,LOCAL,4,Happy with my visit.,677,26434
5348,2026-02-16 17:14:15.000,LOCAL,2,Service was quite slow today.,673,26439
5349,2026-04-14 01:33:53.000,LOCAL,3,"Average experience, nothing special.",678,26442
5350,2026-02-06 21:21:58.000,REMOTE,4,Solid experience overall.,678,26444
5351,2026-01-11 18:37:59.000,LOCAL,4,Solid experience overall.,677,26447
5352,2025-05-22 16:26:25.000,REMOTE,4,"Very good, would come again.",678,26450
5353,2025-06-02 08:44:26.000,REMOTE,5,Excellent service! Highly recommended.,679,26456
5354,2025-11-19 23:15:22.000,LOCAL,4,"Very good, would come again.",679,26458
5355,2025-09-27 23:01:24.000,LOCAL,4,Solid experience overall.,673,26464
5356,2026-01-26 05:29:30.000,REMOTE,5,"Best in the area, no doubt.",677,26466
5357,2025-10-26 04:35:01.000,REMOTE,5,Always a pleasure coming here.,677,26471
5358,2026-02-28 03:18:54.000,LOCAL,4,Great service and friendly staff.,675,26474
5359,2025-06-03 05:01:30.000,REMOTE,4,"Very good, would come again.",677,26482
5360,2025-11-27 17:22:06.000,REMOTE,1,Completely disappointed.,679,26489
5361,2025-06-06 12:35:20.000,REMOTE,4,Great service and friendly staff.,683,26491
5362,2026-04-30 17:35:24.000,LOCAL,3,Expected a bit more to be honest.,686,26505
5363,2025-12-08 06:02:00.000,LOCAL,5,Will definitely be back!,685,26515
5364,2025-07-31 12:38:39.000,LOCAL,5,Always a pleasure coming here.,683,26528
5365,2025-05-12 14:43:03.000,LOCAL,2,Disappointing visit.,686,26529
5366,2025-10-16 12:12:43.000,LOCAL,2,Staff could be more attentive.,686,26532
5367,2026-03-30 02:18:52.000,LOCAL,1,Will not return.,680,26538
5368,2025-05-15 20:12:17.000,REMOTE,5,"Best in the area, no doubt.",683,26545
5369,2025-11-03 17:19:30.000,REMOTE,5,Will definitely be back!,687,26548
5370,2025-07-10 19:49:58.000,REMOTE,5,Will definitely be back!,680,26557
5371,2025-05-12 06:22:48.000,LOCAL,3,"Average experience, nothing special.",682,26559
5372,2025-10-18 21:02:23.000,REMOTE,4,Happy with my visit.,682,26561
5373,2026-03-12 08:42:08.000,REMOTE,4,Happy with my visit.,680,26562
5374,2026-01-01 19:32:57.000,REMOTE,4,"Very good, would come again.",686,26563
5375,2025-10-31 22:29:42.000,LOCAL,2,Service was quite slow today.,685,26565
5376,2025-08-15 06:19:24.000,REMOTE,4,Solid experience overall.,683,26575
5377,2025-11-11 04:34:36.000,REMOTE,4,Great service and friendly staff.,682,26578
5378,2025-06-02 01:18:31.000,LOCAL,5,Excellent service! Highly recommended.,686,26583
5379,2025-07-20 01:04:09.000,REMOTE,3,"Decent, but could improve.",683,26588
5380,2026-03-04 17:39:18.000,LOCAL,3,Expected a bit more to be honest.,684,26595
5381,2026-03-21 11:26:05.000,REMOTE,4,Solid experience overall.,682,26602
5382,2025-12-15 14:56:17.000,LOCAL,2,Disappointing visit.,685,26612
5383,2025-05-26 19:55:34.000,REMOTE,4,Happy with my visit.,681,26617
5384,2025-08-25 02:02:18.000,REMOTE,5,Excellent service! Highly recommended.,686,26621
5385,2026-05-04 20:29:50.000,REMOTE,4,Great service and friendly staff.,682,26622
5386,2025-10-01 16:13:37.000,REMOTE,5,Always a pleasure coming here.,687,26624
5387,2025-07-07 23:09:58.000,REMOTE,5,Excellent service! Highly recommended.,683,26629
5388,2025-08-10 06:59:30.000,REMOTE,3,OK but not outstanding.,682,26642
5389,2025-07-12 11:22:58.000,REMOTE,5,Always a pleasure coming here.,684,26644
5390,2026-02-20 04:12:24.000,LOCAL,5,"Best in the area, no doubt.",682,26661
5391,2026-03-31 07:25:30.000,REMOTE,5,Excellent service! Highly recommended.,684,26663
5392,2026-05-08 12:17:19.000,REMOTE,3,Expected a bit more to be honest.,682,26665
5393,2025-06-04 05:09:26.000,LOCAL,5,Will definitely be back!,686,26666
5394,2025-10-07 08:39:20.000,REMOTE,5,Always a pleasure coming here.,684,26676
5395,2025-07-11 21:03:43.000,REMOTE,5,Always a pleasure coming here.,681,26688
5396,2026-03-02 12:46:03.000,LOCAL,4,Great service and friendly staff.,685,26689
5397,2025-12-22 14:46:51.000,REMOTE,5,"Best in the area, no doubt.",683,26695
5398,2025-12-18 15:06:16.000,LOCAL,3,OK but not outstanding.,684,26697
5399,2026-01-04 00:08:02.000,LOCAL,5,"Best in the area, no doubt.",682,26699
5400,2026-01-19 08:43:50.000,REMOTE,3,"Average experience, nothing special.",685,26700
5401,2025-12-07 16:41:59.000,LOCAL,5,Always a pleasure coming here.,681,26707
5402,2025-10-28 06:15:42.000,REMOTE,3,"Decent, but could improve.",681,26717
5403,2026-01-21 13:02:37.000,LOCAL,2,Service was quite slow today.,683,26723
5404,2026-01-15 07:29:19.000,REMOTE,4,"Very good, would come again.",685,26724
5405,2025-08-17 05:45:29.000,REMOTE,5,"Best in the area, no doubt.",687,26726
5406,2025-12-16 08:56:32.000,LOCAL,4,Happy with my visit.,686,26739
5407,2025-11-09 21:58:39.000,LOCAL,3,"Average experience, nothing special.",682,26743
5408,2025-05-20 02:20:51.000,LOCAL,4,Solid experience overall.,680,26750
5409,2025-12-04 23:34:26.000,LOCAL,3,"Average experience, nothing special.",680,26757
5410,2025-10-13 23:42:14.000,REMOTE,4,Solid experience overall.,685,26761
5411,2025-07-25 18:34:51.000,LOCAL,4,Solid experience overall.,689,26775
5412,2026-02-16 10:57:55.000,REMOTE,3,OK but not outstanding.,688,26777
5413,2025-07-06 10:16:32.000,REMOTE,4,Solid experience overall.,689,26779
5414,2025-06-13 12:28:19.000,REMOTE,5,Excellent service! Highly recommended.,688,26793
5415,2025-07-06 12:38:58.000,REMOTE,2,Service was quite slow today.,689,26797
5416,2025-12-13 14:20:32.000,REMOTE,4,Solid experience overall.,688,26798
5417,2026-05-03 02:24:38.000,LOCAL,3,"Average experience, nothing special.",690,26810
5418,2026-04-20 08:24:34.000,LOCAL,2,Disappointing visit.,690,26816
5419,2026-04-01 07:52:38.000,REMOTE,5,Excellent service! Highly recommended.,690,26817
5420,2026-01-05 02:46:17.000,REMOTE,4,Great service and friendly staff.,690,26822
5421,2026-03-07 10:39:56.000,LOCAL,2,Staff could be more attentive.,690,26825
5422,2025-12-13 21:48:33.000,REMOTE,5,Will definitely be back!,690,26830
5423,2025-05-20 21:27:25.000,REMOTE,4,Happy with my visit.,690,26831
5424,2026-04-24 05:49:35.000,REMOTE,4,Great service and friendly staff.,690,26838
5425,2025-09-20 00:17:58.000,REMOTE,5,Excellent service! Highly recommended.,690,26841
5426,2025-08-15 09:31:13.000,LOCAL,5,Always a pleasure coming here.,690,26844
5427,2025-12-19 04:24:21.000,LOCAL,1,Very poor service.,690,26846
5428,2025-12-12 03:27:20.000,REMOTE,4,Happy with my visit.,690,26849
5429,2026-04-04 23:50:01.000,REMOTE,2,Service was quite slow today.,690,26850
5430,2026-01-29 08:25:09.000,REMOTE,2,Disappointing visit.,691,26854
5431,2025-06-18 03:53:45.000,LOCAL,4,Happy with my visit.,691,26868
5432,2025-09-09 14:23:32.000,LOCAL,3,OK but not outstanding.,691,26872
5433,2026-01-28 04:33:13.000,REMOTE,5,Always a pleasure coming here.,692,26878
5434,2026-03-01 21:35:12.000,REMOTE,4,Happy with my visit.,692,26882
5435,2026-05-07 04:15:42.000,REMOTE,3,"Decent, but could improve.",692,26883
5436,2025-11-15 08:16:18.000,REMOTE,3,OK but not outstanding.,692,26900
5437,2025-09-17 06:18:28.000,LOCAL,5,Will definitely be back!,691,26904
5438,2025-07-27 05:00:14.000,REMOTE,3,"Decent, but could improve.",691,26905
5439,2025-11-09 13:26:51.000,REMOTE,5,Excellent service! Highly recommended.,692,26909
5440,2025-06-16 10:56:18.000,LOCAL,5,Will definitely be back!,695,26931
5441,2026-02-07 23:21:05.000,REMOTE,2,Staff could be more attentive.,699,26933
5442,2026-03-14 00:32:00.000,LOCAL,4,Happy with my visit.,695,26939
5443,2025-10-16 07:17:34.000,LOCAL,4,Great service and friendly staff.,696,26944
5444,2025-08-09 07:24:02.000,REMOTE,3,"Average experience, nothing special.",699,26951
5445,2025-07-18 22:09:24.000,REMOTE,4,"Very good, would come again.",698,26958
5446,2026-03-23 23:34:58.000,LOCAL,5,"Best in the area, no doubt.",695,26979
5447,2025-12-19 12:56:05.000,LOCAL,5,"Best in the area, no doubt.",695,26983
5448,2025-11-13 08:53:13.000,REMOTE,5,"Best in the area, no doubt.",698,26988
5449,2025-06-18 11:34:51.000,REMOTE,5,Always a pleasure coming here.,698,26994
5450,2025-09-16 22:08:13.000,LOCAL,5,Excellent service! Highly recommended.,697,27000
5451,2026-04-03 21:41:30.000,LOCAL,5,Always a pleasure coming here.,693,27004
5452,2026-01-09 04:33:47.000,REMOTE,2,Product did not meet my expectations.,699,27006
5453,2025-07-29 11:13:32.000,REMOTE,4,Happy with my visit.,697,27012
5454,2026-03-17 12:50:09.000,LOCAL,5,"Best in the area, no doubt.",695,27014
5455,2026-01-15 17:27:11.000,REMOTE,1,Not what I expected at all.,694,27020
5456,2026-04-25 20:49:40.000,LOCAL,4,"Very good, would come again.",697,27022
5457,2025-06-22 21:58:38.000,REMOTE,5,"Best in the area, no doubt.",694,27025
5458,2025-11-16 19:13:42.000,LOCAL,4,Happy with my visit.,699,27030
5459,2026-04-08 06:47:34.000,REMOTE,5,Will definitely be back!,694,27035
5460,2025-09-04 16:46:30.000,LOCAL,5,"Best in the area, no doubt.",697,27037
5461,2025-12-22 02:08:52.000,REMOTE,4,Solid experience overall.,694,27038
5462,2025-05-18 16:06:05.000,LOCAL,5,Excellent service! Highly recommended.,694,27039
5463,2025-10-18 12:47:22.000,LOCAL,3,Expected a bit more to be honest.,697,27047
5464,2025-09-05 11:38:03.000,REMOTE,4,"Very good, would come again.",694,27048
5465,2025-11-09 21:55:14.000,REMOTE,5,Will definitely be back!,696,27054
5466,2025-07-02 00:45:35.000,LOCAL,2,Product did not meet my expectations.,699,27057
5467,2026-03-15 21:04:58.000,REMOTE,2,Service was quite slow today.,693,27058
5468,2025-09-23 18:08:09.000,REMOTE,4,Happy with my visit.,697,27059
5469,2025-07-12 04:12:18.000,LOCAL,4,Solid experience overall.,700,27064
5470,2026-02-18 08:12:01.000,LOCAL,4,Great service and friendly staff.,699,27072
5471,2026-01-26 01:16:21.000,LOCAL,5,Will definitely be back!,699,27074
5472,2025-12-12 14:00:33.000,LOCAL,5,"Best in the area, no doubt.",697,27075
5473,2025-06-02 16:21:57.000,LOCAL,4,Solid experience overall.,700,27079
5474,2025-05-20 20:40:49.000,LOCAL,1,Completely disappointed.,700,27082
5475,2025-06-17 09:37:44.000,LOCAL,4,"Very good, would come again.",699,27083
5476,2026-04-21 00:55:00.000,REMOTE,4,Happy with my visit.,694,27095
5477,2025-07-05 05:47:39.000,LOCAL,1,Completely disappointed.,693,27102
5478,2025-11-19 21:22:11.000,REMOTE,1,Very poor service.,699,27104
5479,2025-07-21 22:09:42.000,REMOTE,5,Will definitely be back!,693,27105
5480,2025-12-13 06:52:42.000,REMOTE,4,"Very good, would come again.",698,27107
5481,2025-11-15 14:25:03.000,LOCAL,3,Expected a bit more to be honest.,694,27109
5482,2025-05-19 22:54:21.000,REMOTE,2,Disappointing visit.,694,27110
5483,2025-10-01 08:49:44.000,LOCAL,1,Not what I expected at all.,699,27123
5484,2026-02-10 11:12:53.000,LOCAL,4,"Very good, would come again.",694,27129
5485,2026-01-02 14:55:47.000,LOCAL,3,"Average experience, nothing special.",698,27140
5486,2026-04-05 12:26:02.000,REMOTE,1,Very poor service.,693,27149
5487,2025-12-03 20:00:45.000,LOCAL,5,Excellent service! Highly recommended.,694,27151
5488,2026-04-10 18:21:26.000,REMOTE,5,Excellent service! Highly recommended.,693,27153
5489,2025-05-12 22:12:34.000,LOCAL,5,"Best in the area, no doubt.",696,27163
5490,2025-09-13 08:58:33.000,REMOTE,3,"Decent, but could improve.",696,27165
5491,2025-06-14 05:00:54.000,REMOTE,4,"Very good, would come again.",697,27174
5492,2025-06-06 06:15:48.000,LOCAL,5,Will definitely be back!,693,27177
5493,2026-02-17 17:41:39.000,REMOTE,2,Staff could be more attentive.,696,27178
5494,2026-03-31 09:46:56.000,LOCAL,1,Will not return.,694,27179
5495,2026-02-22 20:53:23.000,REMOTE,3,Expected a bit more to be honest.,699,27184
5496,2025-09-02 15:25:16.000,REMOTE,4,"Very good, would come again.",699,27193
5497,2025-09-24 14:26:51.000,REMOTE,4,Great service and friendly staff.,699,27198
5498,2025-07-01 11:11:00.000,REMOTE,4,"Very good, would come again.",696,27201
5499,2025-08-21 11:04:06.000,REMOTE,4,"Very good, would come again.",702,27215
5500,2026-02-28 06:54:42.000,REMOTE,5,Will definitely be back!,701,27220
5501,2026-03-14 12:11:06.000,REMOTE,4,Happy with my visit.,701,27224
5502,2026-03-10 19:39:10.000,REMOTE,5,Excellent service! Highly recommended.,701,27231
5503,2025-07-07 00:37:27.000,LOCAL,5,Always a pleasure coming here.,702,27240
5504,2025-09-26 14:52:55.000,LOCAL,5,"Best in the area, no doubt.",702,27249
5505,2025-06-23 18:37:08.000,REMOTE,4,Great service and friendly staff.,702,27258
5506,2026-02-23 05:30:31.000,LOCAL,1,Will not return.,701,27259
5507,2025-08-23 13:00:12.000,REMOTE,3,Expected a bit more to be honest.,701,27261
5508,2026-04-12 16:44:43.000,REMOTE,2,Disappointing visit.,701,27262
5509,2025-06-26 19:21:49.000,LOCAL,2,Disappointing visit.,701,27263
5510,2025-07-16 09:02:16.000,REMOTE,4,"Very good, would come again.",702,27264
5511,2025-05-14 13:27:12.000,REMOTE,3,OK but not outstanding.,701,27268
5512,2026-01-15 09:32:36.000,LOCAL,4,"Very good, would come again.",702,27269
5513,2026-01-05 01:18:29.000,REMOTE,5,Will definitely be back!,701,27271
5514,2025-09-17 22:27:30.000,REMOTE,5,Excellent service! Highly recommended.,701,27272
5515,2025-07-06 19:49:49.000,REMOTE,3,"Decent, but could improve.",701,27274
5516,2025-11-02 22:06:00.000,LOCAL,1,Completely disappointed.,702,27278
5517,2026-04-28 20:46:41.000,REMOTE,4,Solid experience overall.,702,27280
5518,2025-05-15 14:39:34.000,LOCAL,3,"Decent, but could improve.",701,27281
5519,2025-07-11 12:52:02.000,REMOTE,2,Disappointing visit.,701,27285
5520,2025-10-12 11:18:02.000,LOCAL,2,Staff could be more attentive.,701,27292
5521,2025-07-23 17:34:08.000,LOCAL,1,Not what I expected at all.,701,27295
5522,2026-05-08 02:45:08.000,LOCAL,4,Happy with my visit.,701,27298
5523,2025-06-11 16:51:58.000,LOCAL,5,"Best in the area, no doubt.",701,27300
5524,2026-05-08 03:52:13.000,LOCAL,4,"Very good, would come again.",702,27309
5525,2026-04-08 14:44:38.000,REMOTE,4,Happy with my visit.,701,27311
5526,2025-07-15 19:04:23.000,REMOTE,3,OK but not outstanding.,703,27321
5527,2026-04-19 14:40:11.000,LOCAL,4,"Very good, would come again.",704,27323
5528,2025-06-22 06:55:53.000,LOCAL,3,Expected a bit more to be honest.,703,27329
5529,2025-05-24 22:53:03.000,REMOTE,5,"Best in the area, no doubt.",703,27331
5530,2025-08-11 23:39:31.000,REMOTE,5,Always a pleasure coming here.,703,27334
5531,2025-08-31 05:36:05.000,LOCAL,3,OK but not outstanding.,704,27340
5532,2026-02-21 17:41:39.000,REMOTE,5,Will definitely be back!,703,27342
5533,2026-02-10 16:59:50.000,LOCAL,4,Great service and friendly staff.,704,27346
5534,2025-12-20 09:20:44.000,LOCAL,5,Will definitely be back!,704,27365
5535,2025-10-27 05:10:04.000,LOCAL,4,"Very good, would come again.",703,27376
5536,2025-11-01 05:50:51.000,LOCAL,1,Not what I expected at all.,704,27379
5537,2025-06-04 23:16:02.000,REMOTE,5,Excellent service! Highly recommended.,704,27384
5538,2026-01-08 21:11:33.000,LOCAL,4,Solid experience overall.,704,27388
5539,2025-11-07 09:32:27.000,LOCAL,4,Solid experience overall.,703,27390
5540,2025-05-15 07:28:50.000,REMOTE,5,"Best in the area, no doubt.",704,27392
5541,2025-10-25 06:26:12.000,REMOTE,5,Will definitely be back!,704,27399
5542,2026-04-30 22:48:06.000,REMOTE,5,"Best in the area, no doubt.",707,27405
5543,2025-07-13 16:50:26.000,REMOTE,5,Excellent service! Highly recommended.,705,27406
5544,2026-04-24 23:53:18.000,LOCAL,2,Disappointing visit.,707,27408
5545,2026-04-18 21:52:28.000,REMOTE,5,Will definitely be back!,706,27414
5546,2025-07-24 19:03:30.000,REMOTE,3,"Average experience, nothing special.",706,27417
5547,2025-05-31 22:10:36.000,LOCAL,5,Excellent service! Highly recommended.,705,27418
5548,2025-08-31 15:26:27.000,REMOTE,2,Disappointing visit.,707,27421
5549,2026-01-20 02:27:59.000,LOCAL,5,"Best in the area, no doubt.",707,27424
5550,2026-02-15 17:01:00.000,LOCAL,5,Always a pleasure coming here.,706,27426
5551,2026-02-24 21:57:31.000,LOCAL,2,Product did not meet my expectations.,706,27437
5552,2025-06-18 14:11:33.000,REMOTE,5,Will definitely be back!,707,27439
5553,2025-11-30 13:44:24.000,REMOTE,3,Expected a bit more to be honest.,707,27445
5554,2025-08-04 19:52:43.000,LOCAL,4,Solid experience overall.,706,27448
5555,2026-02-16 04:20:28.000,LOCAL,4,Great service and friendly staff.,705,27452
5556,2025-10-13 10:20:51.000,REMOTE,4,Great service and friendly staff.,705,27455
5557,2025-06-02 02:28:25.000,LOCAL,2,Disappointing visit.,705,27464
5558,2025-06-02 23:02:33.000,REMOTE,3,Expected a bit more to be honest.,706,27476
5559,2026-01-23 00:32:55.000,REMOTE,4,"Very good, would come again.",706,27484
5560,2026-02-28 05:30:10.000,REMOTE,5,Excellent service! Highly recommended.,706,27491
5561,2025-09-05 18:26:20.000,LOCAL,3,OK but not outstanding.,706,27494
5562,2025-07-25 16:19:56.000,LOCAL,2,Disappointing visit.,707,27497
5563,2026-01-17 10:13:12.000,REMOTE,2,Product did not meet my expectations.,706,27503
5564,2025-07-25 01:24:18.000,LOCAL,5,Will definitely be back!,706,27504
5565,2025-08-14 20:06:07.000,REMOTE,5,Excellent service! Highly recommended.,707,27508
5566,2025-09-21 16:38:19.000,REMOTE,3,"Average experience, nothing special.",707,27518
5567,2025-12-24 14:18:29.000,REMOTE,4,"Very good, would come again.",706,27522
5568,2025-08-02 20:52:50.000,LOCAL,1,Will not return.,705,27523
5569,2026-02-23 03:05:42.000,REMOTE,5,Excellent service! Highly recommended.,706,27527
5570,2025-11-12 10:47:23.000,LOCAL,5,Always a pleasure coming here.,705,27536
5571,2026-04-21 00:09:24.000,REMOTE,2,Staff could be more attentive.,705,27537
5572,2025-06-09 20:13:59.000,LOCAL,3,"Decent, but could improve.",706,27544
5573,2025-12-20 10:58:01.000,REMOTE,4,Happy with my visit.,706,27545
5574,2026-02-14 22:23:03.000,REMOTE,5,Always a pleasure coming here.,705,27551
5575,2025-12-07 20:47:17.000,LOCAL,5,"Best in the area, no doubt.",709,27554
5576,2025-10-25 13:24:22.000,LOCAL,5,Always a pleasure coming here.,709,27556
5577,2026-01-25 06:52:58.000,REMOTE,5,Excellent service! Highly recommended.,709,27557
5578,2026-01-04 07:39:36.000,REMOTE,2,Staff could be more attentive.,709,27560
5579,2025-10-06 18:41:19.000,REMOTE,4,Solid experience overall.,709,27561
5580,2025-11-22 01:57:58.000,REMOTE,2,Staff could be more attentive.,708,27565
5581,2025-10-27 16:48:08.000,REMOTE,5,Always a pleasure coming here.,709,27568
5582,2025-11-19 21:42:34.000,REMOTE,5,"Best in the area, no doubt.",708,27572
5583,2025-06-11 16:19:10.000,REMOTE,4,Happy with my visit.,709,27573
5584,2025-09-12 12:30:46.000,REMOTE,5,"Best in the area, no doubt.",708,27575
5585,2025-08-17 08:16:18.000,REMOTE,4,Happy with my visit.,709,27581
5586,2025-05-30 03:07:34.000,LOCAL,3,"Decent, but could improve.",710,27585
5587,2026-04-15 10:26:44.000,LOCAL,5,Always a pleasure coming here.,710,27586
5588,2025-10-22 02:01:53.000,REMOTE,2,Staff could be more attentive.,710,27590
5589,2025-06-27 16:54:49.000,REMOTE,4,"Very good, would come again.",710,27591
5590,2025-06-20 14:47:40.000,REMOTE,4,Happy with my visit.,711,27593
5591,2026-03-10 05:09:50.000,REMOTE,5,Always a pleasure coming here.,710,27596
5592,2025-05-14 14:48:17.000,LOCAL,4,Solid experience overall.,711,27609
5593,2025-07-19 05:28:46.000,LOCAL,3,OK but not outstanding.,710,27611
5594,2025-05-20 10:31:23.000,REMOTE,1,Completely disappointed.,710,27627
5595,2026-05-04 17:51:29.000,REMOTE,4,Solid experience overall.,711,27629
5596,2025-10-04 06:43:02.000,REMOTE,4,"Very good, would come again.",711,27636
5597,2025-11-10 01:50:00.000,LOCAL,4,Great service and friendly staff.,711,27641
5598,2025-07-26 03:27:03.000,REMOTE,5,Always a pleasure coming here.,711,27650
5599,2025-05-09 20:17:35.000,REMOTE,4,Happy with my visit.,710,27658
5600,2025-11-09 15:57:03.000,LOCAL,5,Excellent service! Highly recommended.,711,27674
5601,2025-12-19 17:30:21.000,LOCAL,4,Solid experience overall.,711,27687
5602,2025-05-31 14:56:31.000,LOCAL,5,Always a pleasure coming here.,711,27688
5603,2025-11-03 03:19:01.000,REMOTE,5,Will definitely be back!,710,27702
5604,2025-11-16 13:43:18.000,LOCAL,1,Very poor service.,711,27704
5605,2025-09-18 12:37:09.000,REMOTE,4,Solid experience overall.,710,27715
5606,2026-01-26 04:44:44.000,REMOTE,5,Will definitely be back!,711,27718
5607,2025-11-05 12:24:36.000,LOCAL,5,Will definitely be back!,711,27719
5608,2025-09-04 08:32:57.000,REMOTE,4,Happy with my visit.,711,27728
5609,2026-02-19 05:21:51.000,REMOTE,5,Always a pleasure coming here.,711,27729
5610,2025-08-08 15:21:02.000,REMOTE,4,"Very good, would come again.",711,27735
5611,2025-11-16 20:55:52.000,REMOTE,4,Happy with my visit.,710,27736
5612,2025-11-06 16:24:06.000,REMOTE,3,"Decent, but could improve.",710,27739
5613,2026-01-22 05:04:24.000,REMOTE,4,Great service and friendly staff.,711,27742
5614,2025-10-23 04:49:03.000,REMOTE,3,OK but not outstanding.,711,27752
5615,2025-07-05 19:46:01.000,REMOTE,4,"Very good, would come again.",711,27754
5616,2025-12-16 17:30:09.000,REMOTE,4,"Very good, would come again.",711,27755
5617,2025-06-22 17:31:22.000,LOCAL,3,"Decent, but could improve.",710,27758
5618,2025-07-29 08:19:03.000,LOCAL,5,Excellent service! Highly recommended.,710,27760
5619,2026-02-12 10:41:51.000,LOCAL,5,Always a pleasure coming here.,711,27761
5620,2026-02-28 12:47:51.000,REMOTE,1,Will not return.,711,27764
5621,2025-11-14 03:16:38.000,REMOTE,3,"Average experience, nothing special.",710,27765
5622,2025-12-26 14:34:15.000,REMOTE,5,Excellent service! Highly recommended.,710,27772
5623,2026-04-10 01:25:39.000,LOCAL,2,Staff could be more attentive.,710,27774
5624,2026-02-25 23:13:20.000,LOCAL,4,Solid experience overall.,711,27789
5625,2026-03-04 17:29:02.000,LOCAL,4,Happy with my visit.,710,27790
5626,2025-10-12 21:01:55.000,REMOTE,1,Not what I expected at all.,710,27794
5627,2026-03-03 16:02:38.000,LOCAL,3,OK but not outstanding.,711,27795
5628,2025-09-10 06:06:50.000,REMOTE,5,Will definitely be back!,711,27797
5629,2025-09-12 19:32:38.000,LOCAL,5,Excellent service! Highly recommended.,710,27798
5630,2026-04-26 11:26:35.000,LOCAL,3,"Decent, but could improve.",711,27799
5631,2025-06-06 01:37:41.000,REMOTE,1,Not what I expected at all.,711,27801
5632,2025-05-12 14:18:01.000,LOCAL,4,Great service and friendly staff.,711,27806
5633,2026-04-13 15:29:34.000,REMOTE,1,Will not return.,710,27815
5634,2025-08-26 16:04:28.000,LOCAL,4,"Very good, would come again.",710,27819
5635,2026-05-04 05:53:34.000,LOCAL,2,Product did not meet my expectations.,711,27820
5636,2025-07-07 04:51:45.000,REMOTE,3,OK but not outstanding.,711,27823
5637,2025-10-03 02:49:48.000,REMOTE,5,"Best in the area, no doubt.",710,27824
5638,2026-02-09 21:44:42.000,LOCAL,4,Happy with my visit.,711,27841
5639,2025-11-30 23:52:49.000,LOCAL,5,Excellent service! Highly recommended.,710,27850
5640,2025-12-09 23:41:12.000,LOCAL,5,Will definitely be back!,710,27851
5641,2026-03-26 03:01:17.000,REMOTE,5,"Best in the area, no doubt.",711,27852
5642,2025-11-26 01:40:42.000,LOCAL,5,Will definitely be back!,711,27856
5643,2025-07-31 14:20:38.000,LOCAL,3,"Decent, but could improve.",711,27859
5644,2025-10-08 22:12:14.000,LOCAL,5,"Best in the area, no doubt.",710,27863
5645,2025-07-21 00:42:32.000,REMOTE,4,Happy with my visit.,710,27871
5646,2025-11-07 07:08:59.000,LOCAL,1,Not what I expected at all.,711,27874
5647,2026-04-21 21:05:51.000,REMOTE,5,Always a pleasure coming here.,711,27886
5648,2025-11-09 11:22:04.000,REMOTE,5,Always a pleasure coming here.,712,27891
5649,2025-07-29 21:14:07.000,LOCAL,4,Happy with my visit.,713,27893
5650,2025-06-21 04:59:02.000,LOCAL,4,"Very good, would come again.",713,27897
5651,2026-03-25 10:33:13.000,REMOTE,4,Happy with my visit.,712,27900
5652,2025-07-28 16:50:39.000,REMOTE,3,Expected a bit more to be honest.,712,27901
5653,2026-01-10 16:58:12.000,LOCAL,5,Excellent service! Highly recommended.,713,27911
5654,2026-03-16 16:51:28.000,REMOTE,2,Service was quite slow today.,712,27914
5655,2025-06-09 21:55:51.000,REMOTE,5,"Best in the area, no doubt.",713,27915
5656,2025-12-19 09:49:16.000,LOCAL,5,Always a pleasure coming here.,712,27920
5657,2025-08-29 08:59:30.000,LOCAL,4,Solid experience overall.,717,27922
5658,2025-07-08 14:37:55.000,LOCAL,3,OK but not outstanding.,714,27928
5659,2026-01-28 15:55:50.000,REMOTE,3,"Decent, but could improve.",714,27937
5660,2025-09-11 21:34:09.000,LOCAL,4,Solid experience overall.,714,27939
5661,2025-07-13 20:13:29.000,LOCAL,4,Happy with my visit.,716,27940
5662,2025-08-30 12:31:05.000,LOCAL,2,Product did not meet my expectations.,716,27947
5663,2026-05-06 17:56:23.000,LOCAL,5,Excellent service! Highly recommended.,715,27951
5664,2025-06-29 22:27:22.000,REMOTE,4,Solid experience overall.,717,27953
5665,2025-11-25 12:00:04.000,REMOTE,4,Happy with my visit.,717,27957
5666,2025-07-11 23:14:04.000,REMOTE,5,Always a pleasure coming here.,714,27959
5667,2025-10-05 12:34:53.000,LOCAL,4,"Very good, would come again.",715,27962
5668,2025-10-26 09:52:06.000,LOCAL,3,"Average experience, nothing special.",715,27971
5669,2025-11-17 02:44:08.000,LOCAL,4,Solid experience overall.,716,27972
5670,2025-12-02 01:51:49.000,LOCAL,2,Staff could be more attentive.,716,27974
5671,2025-07-01 15:09:00.000,REMOTE,5,Always a pleasure coming here.,717,27979
5672,2025-08-13 22:07:19.000,REMOTE,5,"Best in the area, no doubt.",714,27981
5673,2026-01-04 06:00:21.000,REMOTE,3,Expected a bit more to be honest.,714,27984
5674,2026-02-18 03:10:12.000,LOCAL,4,"Very good, would come again.",716,27986
5675,2026-04-10 18:38:17.000,LOCAL,3,OK but not outstanding.,716,27994
5676,2025-05-21 07:20:13.000,LOCAL,3,Expected a bit more to be honest.,717,28003
5677,2025-12-15 07:53:35.000,LOCAL,2,Disappointing visit.,716,28005
5678,2026-04-02 01:28:24.000,REMOTE,5,Excellent service! Highly recommended.,716,28019
5679,2025-07-18 16:54:39.000,LOCAL,1,Not what I expected at all.,717,28021
5680,2025-07-28 19:40:49.000,LOCAL,3,"Decent, but could improve.",715,28023
5681,2025-09-16 21:50:48.000,LOCAL,2,Service was quite slow today.,718,28044
5682,2026-04-17 08:13:37.000,LOCAL,2,Service was quite slow today.,722,28050
5683,2025-07-23 17:18:49.000,REMOTE,3,"Decent, but could improve.",719,28055
5684,2026-04-18 23:12:24.000,REMOTE,4,Happy with my visit.,721,28057
5685,2026-02-09 10:49:31.000,REMOTE,2,Service was quite slow today.,720,28062
5686,2025-07-23 23:39:47.000,LOCAL,4,Happy with my visit.,721,28064
5687,2026-02-10 05:29:47.000,LOCAL,5,Always a pleasure coming here.,718,28070
5688,2025-05-26 13:46:24.000,LOCAL,4,"Very good, would come again.",718,28071
5689,2025-09-30 06:43:09.000,REMOTE,5,Always a pleasure coming here.,721,28074
5690,2025-08-27 22:37:47.000,REMOTE,4,Solid experience overall.,721,28076
5691,2025-10-12 17:39:28.000,LOCAL,4,"Very good, would come again.",719,28080
5692,2026-05-01 20:03:24.000,LOCAL,4,Solid experience overall.,719,28083
5693,2025-07-12 00:13:25.000,REMOTE,2,Product did not meet my expectations.,724,28096
5694,2025-07-29 02:28:34.000,REMOTE,5,"Best in the area, no doubt.",718,28104
5695,2025-09-24 14:21:37.000,REMOTE,3,"Average experience, nothing special.",724,28114
5696,2026-05-01 08:53:28.000,LOCAL,5,Excellent service! Highly recommended.,718,28115
5697,2026-02-15 09:20:36.000,REMOTE,5,"Best in the area, no doubt.",723,28117
5698,2026-03-26 02:56:17.000,LOCAL,5,"Best in the area, no doubt.",724,28120
5699,2026-03-03 10:41:07.000,LOCAL,4,Great service and friendly staff.,722,28125
5700,2026-03-10 17:21:06.000,LOCAL,5,Excellent service! Highly recommended.,720,28133
5701,2026-05-08 04:46:02.000,LOCAL,3,OK but not outstanding.,721,28137
5702,2025-08-31 18:26:44.000,LOCAL,4,"Very good, would come again.",722,28138
5703,2026-03-28 22:41:07.000,LOCAL,5,Excellent service! Highly recommended.,718,28144
5704,2025-11-03 04:28:46.000,REMOTE,4,"Very good, would come again.",721,28146
5705,2025-07-09 07:22:24.000,REMOTE,5,"Best in the area, no doubt.",720,28157
5706,2025-10-22 20:01:24.000,REMOTE,5,Will definitely be back!,724,28166
5707,2025-05-08 22:28:09.000,REMOTE,2,Staff could be more attentive.,718,28169
5708,2025-08-16 23:13:34.000,LOCAL,3,"Decent, but could improve.",718,28186
5709,2025-05-24 22:15:43.000,LOCAL,5,Always a pleasure coming here.,722,28187
5710,2025-12-24 19:33:41.000,LOCAL,5,Excellent service! Highly recommended.,720,28196
5711,2026-02-26 14:39:17.000,LOCAL,2,Staff could be more attentive.,723,28200
5712,2025-05-15 08:26:34.000,REMOTE,2,Product did not meet my expectations.,724,28203
5713,2026-01-30 02:12:39.000,LOCAL,1,Completely disappointed.,721,28204
5714,2025-10-22 16:52:22.000,REMOTE,4,Solid experience overall.,722,28208
5715,2026-01-03 21:52:32.000,LOCAL,4,Solid experience overall.,719,28214
5716,2026-03-28 17:06:10.000,REMOTE,5,Always a pleasure coming here.,718,28215
5717,2025-07-12 12:44:30.000,LOCAL,4,Happy with my visit.,719,28216
5718,2025-06-14 13:03:07.000,LOCAL,5,"Best in the area, no doubt.",720,28217
5719,2026-02-20 03:31:01.000,LOCAL,2,Disappointing visit.,719,28232
5720,2025-12-09 20:20:16.000,LOCAL,5,Will definitely be back!,723,28237
5721,2025-10-26 09:27:56.000,LOCAL,5,Will definitely be back!,720,28251
5722,2026-01-11 10:20:05.000,REMOTE,3,OK but not outstanding.,720,28256
5723,2025-10-20 19:45:08.000,REMOTE,5,Excellent service! Highly recommended.,718,28258
5724,2025-06-16 07:54:33.000,LOCAL,2,Disappointing visit.,722,28260
5725,2026-03-13 11:34:44.000,REMOTE,4,Happy with my visit.,722,28261
5726,2026-05-04 11:48:57.000,REMOTE,3,OK but not outstanding.,721,28262
5727,2025-12-01 17:46:20.000,LOCAL,4,Great service and friendly staff.,719,28267
5728,2026-03-11 07:28:33.000,LOCAL,2,Staff could be more attentive.,719,28294
5729,2025-08-19 01:58:47.000,REMOTE,5,Always a pleasure coming here.,722,28299
5730,2026-01-10 15:07:12.000,REMOTE,5,Excellent service! Highly recommended.,722,28309
5731,2025-09-09 06:51:27.000,LOCAL,5,Excellent service! Highly recommended.,722,28314
5732,2026-05-05 23:12:44.000,REMOTE,5,Excellent service! Highly recommended.,719,28323
5733,2026-01-01 11:27:13.000,LOCAL,3,"Decent, but could improve.",722,28329
5734,2026-04-01 20:32:04.000,LOCAL,3,Expected a bit more to be honest.,719,28333
5735,2025-09-03 16:59:43.000,REMOTE,3,"Decent, but could improve.",724,28337
5736,2025-10-17 08:39:57.000,LOCAL,4,"Very good, would come again.",719,28345
5737,2025-07-17 02:25:21.000,LOCAL,3,Expected a bit more to be honest.,719,28353
5738,2025-05-25 12:51:03.000,LOCAL,5,"Best in the area, no doubt.",724,28354
5739,2026-02-05 07:28:03.000,REMOTE,4,Solid experience overall.,721,28361
5740,2025-12-19 02:59:28.000,REMOTE,4,"Very good, would come again.",721,28364
5741,2025-12-27 07:57:39.000,LOCAL,5,Will definitely be back!,724,28370
5742,2025-11-29 02:28:35.000,REMOTE,5,Always a pleasure coming here.,719,28381
5743,2025-08-15 14:42:59.000,LOCAL,3,"Average experience, nothing special.",724,28392
5744,2025-05-13 06:35:18.000,LOCAL,4,Great service and friendly staff.,721,28404
5745,2026-01-31 12:33:29.000,REMOTE,3,OK but not outstanding.,718,28407
5746,2026-01-24 11:41:07.000,REMOTE,3,"Average experience, nothing special.",718,28408
5747,2025-07-27 08:32:29.000,REMOTE,3,Expected a bit more to be honest.,718,28415
5748,2026-01-09 20:26:02.000,REMOTE,5,Excellent service! Highly recommended.,719,28419
5749,2025-08-03 18:49:51.000,LOCAL,3,OK but not outstanding.,723,28421
5750,2025-07-30 10:39:38.000,LOCAL,1,Very poor service.,725,28426
5751,2025-06-27 13:58:47.000,LOCAL,5,"Best in the area, no doubt.",726,28429
5752,2025-11-19 00:29:46.000,REMOTE,5,"Best in the area, no doubt.",726,28432
5753,2025-11-05 06:13:24.000,REMOTE,4,Great service and friendly staff.,725,28439
5754,2025-12-29 23:03:13.000,REMOTE,4,Solid experience overall.,725,28442
5755,2025-07-16 18:55:31.000,LOCAL,1,Completely disappointed.,726,28450
5756,2025-09-30 19:02:19.000,REMOTE,4,Happy with my visit.,726,28452
5757,2026-04-07 01:19:06.000,LOCAL,1,Will not return.,726,28463
5758,2025-10-29 20:23:44.000,REMOTE,4,Solid experience overall.,727,28472
5759,2025-09-24 06:12:25.000,LOCAL,4,Happy with my visit.,727,28488
5760,2025-10-26 05:15:45.000,REMOTE,5,Excellent service! Highly recommended.,727,28496
5761,2026-02-25 07:35:26.000,LOCAL,3,Expected a bit more to be honest.,727,28504
5762,2025-06-09 22:01:40.000,LOCAL,5,"Best in the area, no doubt.",727,28516
5763,2025-12-13 16:15:03.000,LOCAL,5,Always a pleasure coming here.,727,28519
5764,2025-11-24 05:49:20.000,REMOTE,5,Excellent service! Highly recommended.,727,28522
5765,2025-10-23 01:58:37.000,REMOTE,3,"Average experience, nothing special.",727,28526
5766,2025-12-18 05:20:10.000,LOCAL,3,"Average experience, nothing special.",727,28533
5767,2026-04-24 14:01:02.000,LOCAL,4,Happy with my visit.,728,28542
5768,2026-02-25 13:01:57.000,REMOTE,4,Great service and friendly staff.,728,28548
5769,2025-05-09 08:20:18.000,LOCAL,5,Always a pleasure coming here.,728,28558
5770,2025-09-20 03:35:23.000,LOCAL,1,Very poor service.,728,28560
5771,2025-09-11 04:10:09.000,LOCAL,4,Happy with my visit.,728,28571
5772,2025-10-21 09:13:40.000,LOCAL,5,Always a pleasure coming here.,728,28572
5773,2025-12-17 22:08:19.000,LOCAL,2,Disappointing visit.,728,28573
5774,2026-01-03 18:22:20.000,LOCAL,5,"Best in the area, no doubt.",728,28585
5775,2025-09-08 17:33:53.000,REMOTE,5,Will definitely be back!,728,28586
5776,2026-03-07 06:18:03.000,LOCAL,5,Excellent service! Highly recommended.,728,28588
5777,2025-06-12 22:34:42.000,REMOTE,5,Will definitely be back!,728,28592
5778,2025-11-13 19:43:24.000,LOCAL,5,Will definitely be back!,728,28594
5779,2025-08-18 02:55:01.000,REMOTE,5,Excellent service! Highly recommended.,728,28595
5780,2025-06-16 09:10:16.000,REMOTE,4,"Very good, would come again.",728,28599
5781,2026-01-27 18:29:40.000,LOCAL,5,Excellent service! Highly recommended.,728,28606
5782,2026-01-18 07:31:13.000,REMOTE,5,Will definitely be back!,732,28616
5783,2026-02-07 09:50:42.000,REMOTE,1,Completely disappointed.,731,28617
5784,2025-10-21 03:42:47.000,LOCAL,2,Service was quite slow today.,731,28621
5785,2025-10-25 00:04:18.000,LOCAL,3,OK but not outstanding.,729,28627
5786,2025-08-25 19:20:47.000,LOCAL,5,Will definitely be back!,729,28632
5787,2026-01-19 16:08:22.000,REMOTE,2,Disappointing visit.,735,28637
5788,2025-11-27 11:04:47.000,REMOTE,3,Expected a bit more to be honest.,736,28640
5789,2026-04-12 09:40:24.000,LOCAL,3,Expected a bit more to be honest.,733,28644
5790,2025-08-01 20:02:01.000,REMOTE,3,"Decent, but could improve.",729,28647
5791,2026-02-05 15:46:47.000,REMOTE,4,Great service and friendly staff.,736,28651
5792,2026-01-15 17:55:13.000,REMOTE,5,Will definitely be back!,733,28654
5793,2025-09-29 03:34:56.000,REMOTE,5,Always a pleasure coming here.,732,28656
5794,2025-12-14 12:32:02.000,LOCAL,4,Happy with my visit.,730,28658
5795,2025-05-28 21:31:08.000,REMOTE,4,Happy with my visit.,731,28661
5796,2025-05-16 18:48:39.000,REMOTE,3,OK but not outstanding.,735,28664
5797,2026-01-06 17:53:25.000,LOCAL,1,Will not return.,733,28673
5798,2026-05-04 03:17:43.000,LOCAL,5,Excellent service! Highly recommended.,729,28675
5799,2025-11-06 06:29:27.000,LOCAL,5,Will definitely be back!,734,28677
5800,2026-02-04 06:51:29.000,REMOTE,4,Solid experience overall.,733,28679
5801,2026-01-13 11:22:35.000,REMOTE,4,Happy with my visit.,733,28688
5802,2025-12-08 14:29:29.000,LOCAL,4,Happy with my visit.,733,28690
5803,2025-10-13 00:32:44.000,LOCAL,1,Not what I expected at all.,733,28693
5804,2026-03-15 19:24:12.000,LOCAL,5,Always a pleasure coming here.,731,28706
5805,2026-04-06 13:10:44.000,REMOTE,2,Product did not meet my expectations.,734,28711
5806,2025-09-21 17:53:20.000,REMOTE,5,Always a pleasure coming here.,730,28724
5807,2025-07-31 22:49:22.000,LOCAL,4,Solid experience overall.,736,28727
5808,2026-04-02 09:40:50.000,LOCAL,4,Solid experience overall.,730,28730
5809,2025-12-28 19:39:15.000,REMOTE,4,Great service and friendly staff.,735,28732
5810,2025-05-27 01:00:55.000,LOCAL,4,Solid experience overall.,731,28740
5811,2026-03-07 14:44:27.000,LOCAL,4,Solid experience overall.,734,28741
5812,2026-02-10 20:15:56.000,REMOTE,4,Happy with my visit.,734,28746
5813,2025-09-26 22:04:14.000,REMOTE,4,"Very good, would come again.",729,28755
5814,2026-02-23 08:47:30.000,LOCAL,5,Will definitely be back!,735,28756
5815,2025-08-24 13:52:27.000,LOCAL,3,OK but not outstanding.,729,28759
5816,2025-10-25 21:19:57.000,LOCAL,3,Expected a bit more to be honest.,730,28766
5817,2026-01-17 16:12:34.000,LOCAL,5,Always a pleasure coming here.,734,28770
5818,2025-07-23 17:59:34.000,LOCAL,4,"Very good, would come again.",729,28771
5819,2026-02-05 08:58:13.000,LOCAL,4,Great service and friendly staff.,734,28776
5820,2025-05-24 20:30:58.000,LOCAL,3,"Average experience, nothing special.",733,28783
5821,2026-01-25 13:11:37.000,REMOTE,1,Will not return.,731,28785
5822,2025-11-29 18:44:05.000,LOCAL,5,"Best in the area, no doubt.",732,28789
5823,2025-12-16 21:13:11.000,LOCAL,5,Will definitely be back!,732,28792
5824,2025-09-24 09:15:23.000,LOCAL,4,Solid experience overall.,732,28797
5825,2026-03-06 18:09:46.000,LOCAL,4,Happy with my visit.,735,28800
5826,2026-02-11 02:49:55.000,REMOTE,4,Happy with my visit.,731,28801
5827,2025-11-14 08:15:09.000,LOCAL,3,OK but not outstanding.,732,28804
5828,2025-06-03 02:58:16.000,REMOTE,4,"Very good, would come again.",729,28805
5829,2025-10-30 21:57:16.000,REMOTE,1,Very poor service.,735,28813
5830,2026-03-28 15:56:44.000,REMOTE,5,Will definitely be back!,736,28815
5831,2026-03-17 20:18:52.000,LOCAL,4,Solid experience overall.,733,28816
5832,2025-08-15 02:59:37.000,LOCAL,4,Great service and friendly staff.,735,28819
5833,2025-12-09 14:37:17.000,LOCAL,5,Will definitely be back!,730,28821
5834,2025-11-04 03:53:25.000,LOCAL,5,Excellent service! Highly recommended.,731,28824
5835,2025-12-20 07:41:25.000,REMOTE,1,Very poor service.,731,28840
5836,2025-11-17 17:54:34.000,REMOTE,5,Always a pleasure coming here.,733,28842
5837,2025-07-11 11:21:25.000,REMOTE,3,"Decent, but could improve.",737,28852
5838,2026-03-12 08:01:59.000,LOCAL,4,Happy with my visit.,737,28853
5839,2025-11-03 20:07:26.000,REMOTE,2,Product did not meet my expectations.,738,28854
5840,2026-01-07 21:46:45.000,LOCAL,4,Happy with my visit.,737,28856
5841,2025-08-19 04:22:54.000,REMOTE,4,"Very good, would come again.",738,28859
5842,2026-02-06 18:24:58.000,LOCAL,4,"Very good, would come again.",737,28864
5843,2025-06-01 14:50:44.000,LOCAL,3,Expected a bit more to be honest.,739,28868
5844,2025-12-14 00:53:05.000,LOCAL,3,"Average experience, nothing special.",739,28872
5845,2025-09-21 06:43:14.000,LOCAL,4,Solid experience overall.,739,28879
5846,2026-03-26 21:08:14.000,REMOTE,5,Will definitely be back!,737,28881
5847,2026-03-22 19:54:40.000,REMOTE,2,Product did not meet my expectations.,739,28882
5848,2026-04-01 11:52:18.000,REMOTE,2,Product did not meet my expectations.,738,28889
5849,2025-09-02 21:32:56.000,REMOTE,2,Staff could be more attentive.,737,28890
5850,2025-11-18 03:28:17.000,LOCAL,4,Solid experience overall.,738,28902
5851,2026-03-24 07:14:20.000,LOCAL,2,Disappointing visit.,738,28905
5852,2026-02-06 16:52:07.000,REMOTE,3,Expected a bit more to be honest.,739,28908
5853,2026-05-04 04:45:44.000,LOCAL,5,Excellent service! Highly recommended.,739,28910
5854,2025-10-26 15:23:35.000,LOCAL,4,Happy with my visit.,737,28913
5855,2025-11-25 04:56:04.000,LOCAL,4,Solid experience overall.,738,28917
5856,2025-11-28 02:06:30.000,LOCAL,2,Product did not meet my expectations.,737,28919
5857,2026-05-03 03:39:44.000,LOCAL,4,"Very good, would come again.",739,28920
5858,2025-05-11 11:32:39.000,REMOTE,3,OK but not outstanding.,739,28927
5859,2025-07-10 10:05:29.000,REMOTE,3,Expected a bit more to be honest.,737,28930
5860,2026-03-17 00:40:03.000,REMOTE,4,"Very good, would come again.",739,28933
5861,2025-08-10 19:58:55.000,LOCAL,5,Will definitely be back!,738,28937
5862,2025-05-13 15:43:10.000,LOCAL,3,OK but not outstanding.,738,28939
5863,2025-06-04 13:28:52.000,REMOTE,4,Happy with my visit.,738,28942
5864,2025-09-30 02:03:29.000,REMOTE,5,"Best in the area, no doubt.",738,28947
5865,2026-03-14 03:26:55.000,LOCAL,4,"Very good, would come again.",740,28949
5866,2025-06-11 01:53:21.000,LOCAL,2,Product did not meet my expectations.,740,28952
5867,2026-04-03 13:16:15.000,REMOTE,5,Always a pleasure coming here.,740,28954
5868,2025-08-22 12:17:27.000,REMOTE,5,Excellent service! Highly recommended.,740,28955
5869,2025-07-08 02:25:51.000,LOCAL,3,Expected a bit more to be honest.,740,28972
5870,2025-09-09 05:12:54.000,LOCAL,4,"Very good, would come again.",740,28973
5871,2025-08-24 15:44:04.000,REMOTE,4,Great service and friendly staff.,740,28979
5872,2025-07-18 01:41:15.000,REMOTE,3,OK but not outstanding.,740,28985
5873,2026-02-23 08:42:12.000,REMOTE,4,Happy with my visit.,740,28996
5874,2025-12-04 15:30:39.000,LOCAL,4,Happy with my visit.,740,29000
5875,2026-02-22 20:23:20.000,LOCAL,3,"Average experience, nothing special.",741,29002
5876,2025-06-19 08:16:13.000,REMOTE,5,Always a pleasure coming here.,741,29006
5877,2026-03-16 11:27:44.000,LOCAL,3,"Decent, but could improve.",742,29016
5878,2025-05-17 16:19:22.000,LOCAL,5,Always a pleasure coming here.,742,29017
5879,2025-08-23 09:29:18.000,LOCAL,4,Great service and friendly staff.,741,29033
5880,2026-01-11 18:55:59.000,LOCAL,5,Excellent service! Highly recommended.,741,29038
5881,2025-09-02 15:47:37.000,LOCAL,5,Excellent service! Highly recommended.,742,29039
5882,2025-05-09 05:43:21.000,REMOTE,3,"Decent, but could improve.",744,29047
5883,2025-08-04 16:23:10.000,REMOTE,5,Excellent service! Highly recommended.,743,29054
5884,2025-08-08 22:40:05.000,REMOTE,5,Always a pleasure coming here.,744,29057
5885,2025-07-27 05:10:36.000,REMOTE,5,Will definitely be back!,743,29060
5886,2025-12-14 14:31:06.000,LOCAL,4,Great service and friendly staff.,743,29078
5887,2025-08-31 20:55:47.000,REMOTE,1,Completely disappointed.,744,29082
5888,2026-02-11 09:59:22.000,LOCAL,4,Happy with my visit.,744,29097
5889,2026-03-23 12:21:36.000,REMOTE,1,Completely disappointed.,744,29099
5890,2026-04-02 02:22:02.000,LOCAL,3,"Average experience, nothing special.",744,29106
5891,2025-05-30 16:22:19.000,REMOTE,5,Excellent service! Highly recommended.,743,29108
5892,2026-01-14 01:54:51.000,LOCAL,3,"Decent, but could improve.",743,29113
5893,2025-12-20 04:13:03.000,REMOTE,5,Excellent service! Highly recommended.,744,29114
5894,2025-09-25 22:00:29.000,REMOTE,5,Excellent service! Highly recommended.,744,29135
5895,2025-11-13 23:03:04.000,LOCAL,1,Very poor service.,744,29138
5896,2025-06-21 00:34:18.000,LOCAL,5,Excellent service! Highly recommended.,743,29142
5897,2025-08-25 14:47:42.000,LOCAL,5,Always a pleasure coming here.,744,29147
5898,2025-09-03 01:41:40.000,LOCAL,5,"Best in the area, no doubt.",743,29148
5899,2025-11-22 06:11:27.000,REMOTE,5,"Best in the area, no doubt.",743,29158
5900,2025-08-23 15:09:16.000,LOCAL,4,"Very good, would come again.",744,29161
5901,2025-12-03 09:45:58.000,LOCAL,5,"Best in the area, no doubt.",744,29170
5902,2025-09-19 19:11:42.000,REMOTE,5,Always a pleasure coming here.,744,29174
5903,2025-11-02 13:39:33.000,REMOTE,5,"Best in the area, no doubt.",744,29181
5904,2025-06-06 03:17:25.000,REMOTE,4,Happy with my visit.,748,29199
5905,2025-07-08 14:24:10.000,LOCAL,4,Solid experience overall.,748,29204
5906,2025-08-18 17:44:06.000,REMOTE,4,Great service and friendly staff.,745,29207
5907,2025-12-15 05:50:28.000,LOCAL,5,Excellent service! Highly recommended.,745,29209
5908,2025-08-06 20:16:58.000,REMOTE,4,Happy with my visit.,747,29210
5909,2026-05-08 13:13:19.000,LOCAL,4,"Very good, would come again.",748,29217
5910,2025-08-16 06:10:48.000,LOCAL,5,Excellent service! Highly recommended.,748,29218
5911,2026-02-17 05:46:34.000,LOCAL,4,Solid experience overall.,746,29220
5912,2026-03-20 08:40:54.000,LOCAL,2,Disappointing visit.,747,29221
5913,2025-06-27 17:39:05.000,REMOTE,4,Happy with my visit.,748,29227
5914,2025-11-22 09:39:08.000,LOCAL,5,Excellent service! Highly recommended.,745,29233
5915,2025-05-29 23:13:51.000,LOCAL,2,Staff could be more attentive.,747,29240
5916,2026-01-06 17:01:48.000,REMOTE,5,Will definitely be back!,747,29250
5917,2026-03-26 21:16:07.000,LOCAL,4,"Very good, would come again.",745,29252
5918,2025-09-29 15:08:32.000,REMOTE,2,Product did not meet my expectations.,745,29263
5919,2025-11-15 11:49:55.000,LOCAL,5,Excellent service! Highly recommended.,745,29268
5920,2026-01-15 00:44:08.000,REMOTE,4,Solid experience overall.,747,29269
5921,2025-09-08 22:43:12.000,REMOTE,3,Expected a bit more to be honest.,745,29272
5922,2026-03-26 16:31:48.000,LOCAL,1,Not what I expected at all.,745,29276
5923,2025-08-30 03:21:44.000,REMOTE,3,"Average experience, nothing special.",745,29290
5924,2025-05-12 09:19:53.000,REMOTE,4,Great service and friendly staff.,745,29292
5925,2025-07-20 09:27:03.000,REMOTE,4,"Very good, would come again.",748,29293
5926,2025-09-22 03:34:57.000,REMOTE,5,Excellent service! Highly recommended.,746,29300
5927,2026-03-27 03:08:29.000,REMOTE,4,"Very good, would come again.",747,29302
5928,2025-09-13 05:18:16.000,LOCAL,2,Disappointing visit.,750,29313
5929,2026-01-19 21:07:46.000,LOCAL,3,OK but not outstanding.,749,29318
5930,2026-01-22 04:39:03.000,LOCAL,5,Will definitely be back!,749,29330
5931,2025-11-22 08:30:01.000,REMOTE,5,"Best in the area, no doubt.",752,29332
5932,2026-02-19 13:16:26.000,REMOTE,3,OK but not outstanding.,751,29333
5933,2025-11-01 00:27:02.000,REMOTE,3,Expected a bit more to be honest.,749,29336
5934,2025-12-05 03:25:18.000,REMOTE,5,Will definitely be back!,752,29340
5935,2025-10-17 22:02:19.000,LOCAL,4,Happy with my visit.,752,29344
5936,2025-11-01 01:39:13.000,LOCAL,4,Solid experience overall.,749,29345
5937,2025-07-27 22:10:27.000,LOCAL,5,Always a pleasure coming here.,752,29363
5938,2025-09-22 01:29:21.000,REMOTE,5,"Best in the area, no doubt.",751,29371
5939,2026-01-28 23:32:57.000,LOCAL,3,"Average experience, nothing special.",752,29376
5940,2026-03-03 13:42:03.000,LOCAL,5,Excellent service! Highly recommended.,749,29378
5941,2026-02-10 14:00:41.000,LOCAL,1,Not what I expected at all.,750,29391
5942,2026-02-23 01:56:36.000,LOCAL,2,Staff could be more attentive.,749,29402
5943,2026-03-20 02:26:16.000,REMOTE,4,Happy with my visit.,749,29413
5944,2025-11-11 10:08:57.000,REMOTE,2,Staff could be more attentive.,750,29415
5945,2026-01-13 14:36:58.000,LOCAL,5,Excellent service! Highly recommended.,751,29438
5946,2025-12-15 15:00:59.000,REMOTE,5,Will definitely be back!,752,29439
5947,2025-07-26 06:01:10.000,LOCAL,4,"Very good, would come again.",752,29440
5948,2025-08-02 23:00:31.000,REMOTE,4,Happy with my visit.,749,29444
5949,2025-07-11 04:57:52.000,LOCAL,4,Happy with my visit.,751,29449
5950,2026-02-18 06:05:56.000,REMOTE,5,"Best in the area, no doubt.",752,29457
5951,2026-03-21 12:11:05.000,LOCAL,4,Solid experience overall.,749,29459
5952,2025-05-17 05:18:50.000,LOCAL,1,Will not return.,750,29462
5953,2025-11-06 06:39:38.000,REMOTE,5,Always a pleasure coming here.,750,29468
5954,2026-01-11 13:37:28.000,REMOTE,5,Always a pleasure coming here.,753,29472
5955,2025-12-03 07:17:41.000,LOCAL,4,Happy with my visit.,753,29480
5956,2026-01-30 19:55:42.000,REMOTE,3,Expected a bit more to be honest.,753,29495
5957,2025-08-27 17:49:10.000,LOCAL,4,Happy with my visit.,753,29503
5958,2025-11-12 22:42:05.000,LOCAL,3,OK but not outstanding.,753,29517
5959,2025-07-24 12:06:09.000,REMOTE,2,Disappointing visit.,755,29526
5960,2025-12-19 15:54:27.000,LOCAL,4,Happy with my visit.,755,29534
5961,2025-06-18 09:07:48.000,LOCAL,5,Always a pleasure coming here.,755,29535
5962,2026-03-13 13:42:31.000,REMOTE,4,Solid experience overall.,755,29536
5963,2025-08-29 08:31:50.000,REMOTE,5,Always a pleasure coming here.,755,29537
5964,2025-06-08 13:54:50.000,REMOTE,1,Very poor service.,755,29541
5965,2026-02-19 17:02:51.000,REMOTE,5,Always a pleasure coming here.,755,29545
5966,2026-02-17 00:40:52.000,LOCAL,3,"Decent, but could improve.",755,29551
5967,2025-09-23 03:36:59.000,LOCAL,4,Great service and friendly staff.,755,29556
5968,2025-11-02 20:47:49.000,LOCAL,2,Staff could be more attentive.,755,29557
5969,2026-03-03 14:42:24.000,LOCAL,4,Great service and friendly staff.,755,29571
5970,2025-10-19 03:45:02.000,REMOTE,1,Very poor service.,755,29573
5971,2026-03-28 16:54:46.000,LOCAL,5,Excellent service! Highly recommended.,755,29579
5972,2025-12-27 15:48:07.000,LOCAL,3,"Decent, but could improve.",755,29582
5973,2025-10-02 15:50:30.000,REMOTE,2,Staff could be more attentive.,755,29589
5974,2026-03-23 08:06:09.000,LOCAL,5,Excellent service! Highly recommended.,755,29592
5975,2026-02-23 07:42:21.000,REMOTE,5,Will definitely be back!,755,29594
5976,2026-01-17 01:19:02.000,LOCAL,5,Always a pleasure coming here.,755,29600
5977,2025-07-03 09:45:58.000,REMOTE,1,Not what I expected at all.,755,29605
5978,2026-04-03 21:31:30.000,LOCAL,5,"Best in the area, no doubt.",755,29614
5979,2025-06-30 13:41:54.000,LOCAL,4,"Very good, would come again.",755,29616
5980,2025-10-08 13:53:26.000,REMOTE,4,Great service and friendly staff.,755,29623
5981,2026-04-20 10:40:20.000,LOCAL,3,OK but not outstanding.,755,29628
5982,2025-11-23 07:13:14.000,REMOTE,5,"Best in the area, no doubt.",755,29630
5983,2025-06-13 15:30:30.000,REMOTE,5,"Best in the area, no doubt.",755,29632
5984,2026-01-05 08:13:05.000,REMOTE,3,"Decent, but could improve.",758,29661
5985,2025-11-19 02:56:48.000,LOCAL,4,Happy with my visit.,758,29662
5986,2025-10-18 20:33:43.000,LOCAL,2,Disappointing visit.,758,29667
5987,2025-10-28 07:38:58.000,REMOTE,2,Staff could be more attentive.,756,29675
5988,2025-08-02 19:59:12.000,REMOTE,3,Expected a bit more to be honest.,758,29677
5989,2025-10-02 18:48:51.000,REMOTE,5,Will definitely be back!,756,29679
5990,2026-01-25 11:15:56.000,LOCAL,4,Solid experience overall.,758,29682
5991,2026-01-25 15:12:10.000,LOCAL,4,Great service and friendly staff.,758,29683
5992,2026-04-06 17:02:33.000,LOCAL,5,"Best in the area, no doubt.",756,29686
5993,2026-03-16 20:46:34.000,REMOTE,2,Product did not meet my expectations.,758,29692
5994,2025-08-02 08:29:11.000,LOCAL,5,Excellent service! Highly recommended.,758,29697
5995,2025-10-12 08:26:09.000,REMOTE,2,Product did not meet my expectations.,756,29698
5996,2026-04-29 02:13:11.000,LOCAL,5,Excellent service! Highly recommended.,758,29700
5997,2026-02-16 20:29:30.000,LOCAL,4,Solid experience overall.,756,29702
5998,2025-07-24 23:06:30.000,LOCAL,2,Product did not meet my expectations.,758,29705
5999,2026-01-02 22:02:14.000,REMOTE,3,Expected a bit more to be honest.,757,29716
6000,2026-02-07 21:22:35.000,REMOTE,5,Always a pleasure coming here.,758,29717
6001,2025-05-29 04:02:24.000,LOCAL,4,Great service and friendly staff.,756,29723
6002,2025-09-23 15:49:54.000,REMOTE,5,Excellent service! Highly recommended.,758,29727
6003,2025-11-11 16:45:10.000,LOCAL,1,Very poor service.,756,29732
6004,2025-09-09 06:38:11.000,LOCAL,4,Great service and friendly staff.,758,29734
6005,2025-12-05 04:59:13.000,LOCAL,5,Always a pleasure coming here.,758,29740
6006,2026-01-30 11:01:31.000,LOCAL,5,"Best in the area, no doubt.",758,29748
6007,2026-01-15 20:12:53.000,LOCAL,4,Solid experience overall.,760,29760
6008,2025-11-17 07:01:17.000,REMOTE,4,Happy with my visit.,762,29768
6009,2026-01-12 03:26:23.000,REMOTE,3,"Average experience, nothing special.",761,29775
6010,2026-03-16 19:38:18.000,REMOTE,2,Staff could be more attentive.,761,29781
6011,2025-10-28 04:58:00.000,LOCAL,3,OK but not outstanding.,759,29782
6012,2026-01-04 13:28:42.000,LOCAL,5,Always a pleasure coming here.,762,29783
6013,2026-04-11 09:01:09.000,REMOTE,3,Expected a bit more to be honest.,761,29786
6014,2025-11-09 17:01:56.000,REMOTE,2,Disappointing visit.,762,29810
6015,2026-01-11 13:01:20.000,REMOTE,5,Excellent service! Highly recommended.,759,29811
6016,2025-05-30 16:31:47.000,REMOTE,5,Excellent service! Highly recommended.,760,29813
6017,2025-05-15 16:13:45.000,REMOTE,4,Great service and friendly staff.,759,29814
6018,2026-04-02 21:40:55.000,LOCAL,5,"Best in the area, no doubt.",763,29818
6019,2025-06-14 09:27:25.000,LOCAL,5,Will definitely be back!,763,29823
6020,2025-11-21 00:18:07.000,REMOTE,3,OK but not outstanding.,763,29829
6021,2026-01-20 16:19:21.000,REMOTE,4,Solid experience overall.,763,29832
6022,2025-08-29 02:07:23.000,REMOTE,3,"Average experience, nothing special.",763,29833
6023,2025-07-10 10:40:52.000,LOCAL,5,"Best in the area, no doubt.",763,29835
6024,2025-06-03 14:09:35.000,REMOTE,2,Staff could be more attentive.,763,29841
6025,2025-06-05 17:38:18.000,REMOTE,3,Expected a bit more to be honest.,763,29842
6026,2025-09-19 06:06:51.000,LOCAL,4,Happy with my visit.,763,29843
6027,2025-11-27 02:41:08.000,LOCAL,4,"Very good, would come again.",763,29845
6028,2026-02-28 17:55:24.000,REMOTE,3,Expected a bit more to be honest.,763,29851
6029,2026-01-28 08:43:01.000,REMOTE,3,OK but not outstanding.,763,29854
6030,2025-05-13 11:05:06.000,REMOTE,4,"Very good, would come again.",763,29856
6031,2026-03-11 01:45:23.000,REMOTE,5,"Best in the area, no doubt.",764,29861
6032,2025-12-02 17:38:32.000,LOCAL,4,Happy with my visit.,764,29862
6033,2025-11-28 23:14:13.000,LOCAL,1,Very poor service.,764,29865
6034,2025-07-18 21:00:01.000,REMOTE,4,Great service and friendly staff.,764,29867
6035,2026-01-12 13:47:48.000,LOCAL,3,Expected a bit more to be honest.,764,29877
6036,2025-07-28 04:48:05.000,REMOTE,4,"Very good, would come again.",764,29879
6037,2026-04-05 15:56:15.000,LOCAL,3,"Average experience, nothing special.",764,29880
6038,2026-04-08 16:17:47.000,REMOTE,4,Great service and friendly staff.,764,29888
6039,2026-05-01 03:53:00.000,LOCAL,4,"Very good, would come again.",764,29906
6040,2025-11-16 02:51:38.000,REMOTE,2,Service was quite slow today.,764,29911
6041,2026-03-03 04:26:53.000,REMOTE,5,Always a pleasure coming here.,764,29914
6042,2026-02-21 15:02:07.000,REMOTE,4,Happy with my visit.,767,29922
6043,2025-06-17 23:34:48.000,LOCAL,5,Always a pleasure coming here.,768,29924
6044,2026-05-02 01:40:10.000,REMOTE,3,"Average experience, nothing special.",766,29927
6045,2025-09-02 04:18:15.000,LOCAL,1,Completely disappointed.,766,29928
6046,2026-03-01 07:11:50.000,REMOTE,2,Disappointing visit.,771,29941
6047,2025-08-04 16:22:13.000,REMOTE,4,Great service and friendly staff.,771,29944
6048,2026-01-24 18:52:30.000,LOCAL,5,Excellent service! Highly recommended.,766,29957
6049,2025-05-22 15:21:02.000,LOCAL,4,"Very good, would come again.",769,29962
6050,2026-03-13 22:50:48.000,REMOTE,1,Not what I expected at all.,767,29963
6051,2025-10-05 16:10:47.000,LOCAL,4,Great service and friendly staff.,770,29978
6052,2025-07-26 12:24:13.000,REMOTE,2,Disappointing visit.,765,29984
6053,2026-03-06 14:19:07.000,LOCAL,2,Disappointing visit.,765,29993
6054,2026-04-22 06:44:11.000,LOCAL,3,"Average experience, nothing special.",765,30000
6055,2026-05-01 02:45:22.000,LOCAL,2,Product did not meet my expectations.,765,30006
6056,2025-07-31 11:14:40.000,LOCAL,5,"Best in the area, no doubt.",768,30008
6057,2025-07-08 21:22:32.000,REMOTE,4,Great service and friendly staff.,771,30009
6058,2026-04-25 13:26:40.000,LOCAL,3,"Average experience, nothing special.",765,30015
6059,2025-08-16 10:41:17.000,REMOTE,3,"Average experience, nothing special.",771,30016
6060,2025-09-14 21:01:00.000,LOCAL,3,OK but not outstanding.,765,30020
6061,2026-03-05 18:33:16.000,LOCAL,3,OK but not outstanding.,767,30021
6062,2026-04-05 21:01:14.000,REMOTE,4,Happy with my visit.,770,30025
6063,2025-11-03 09:22:52.000,LOCAL,4,Great service and friendly staff.,766,30027
6064,2026-04-12 10:19:00.000,REMOTE,5,Always a pleasure coming here.,771,30028
6065,2026-04-21 21:33:14.000,REMOTE,5,Always a pleasure coming here.,766,30034
6066,2026-01-05 19:54:17.000,LOCAL,3,"Average experience, nothing special.",768,30037
6067,2026-01-24 10:15:18.000,REMOTE,5,Excellent service! Highly recommended.,766,30052
6068,2025-05-29 00:27:12.000,REMOTE,3,"Decent, but could improve.",767,30054
6069,2026-04-08 08:07:35.000,LOCAL,3,"Decent, but could improve.",770,30059
6070,2026-05-06 00:46:34.000,LOCAL,5,Will definitely be back!,766,30067
6071,2025-07-24 15:43:05.000,REMOTE,3,OK but not outstanding.,765,30072
6072,2025-07-23 09:36:10.000,LOCAL,4,Solid experience overall.,773,30079
6073,2025-05-29 11:26:05.000,REMOTE,1,Very poor service.,772,30081
6074,2026-02-04 22:05:40.000,REMOTE,1,Completely disappointed.,773,30082
6075,2025-10-02 00:30:46.000,LOCAL,5,Excellent service! Highly recommended.,772,30084
6076,2026-03-27 17:45:54.000,REMOTE,3,"Average experience, nothing special.",772,30087
6077,2026-04-30 13:37:47.000,LOCAL,3,"Average experience, nothing special.",772,30091
6078,2026-01-26 15:50:54.000,LOCAL,2,Service was quite slow today.,772,30093
6079,2025-10-27 10:41:01.000,LOCAL,5,Excellent service! Highly recommended.,773,30094
6080,2026-05-01 13:58:50.000,REMOTE,5,Always a pleasure coming here.,773,30095
6081,2025-07-01 03:59:32.000,LOCAL,3,OK but not outstanding.,772,30105
6082,2025-11-04 15:48:54.000,LOCAL,4,Happy with my visit.,772,30111
6083,2026-01-30 19:47:11.000,LOCAL,5,Always a pleasure coming here.,778,30115
6084,2025-06-12 12:57:43.000,REMOTE,5,Will definitely be back!,778,30116
6085,2025-09-10 14:46:42.000,REMOTE,4,Happy with my visit.,776,30121
6086,2025-12-30 06:42:39.000,REMOTE,5,Will definitely be back!,777,30122
6087,2026-01-25 23:46:00.000,REMOTE,5,Always a pleasure coming here.,780,30125
6088,2026-02-13 02:26:28.000,LOCAL,4,Great service and friendly staff.,777,30127
6089,2025-10-04 17:11:53.000,LOCAL,5,"Best in the area, no doubt.",777,30143
6090,2025-11-09 20:58:03.000,REMOTE,5,Will definitely be back!,780,30157
6091,2025-11-06 15:50:57.000,REMOTE,4,Happy with my visit.,777,30162
6092,2026-02-13 08:06:45.000,REMOTE,3,Expected a bit more to be honest.,775,30172
6093,2026-03-16 10:41:34.000,LOCAL,2,Product did not meet my expectations.,779,30183
6094,2026-03-02 11:38:35.000,REMOTE,5,Always a pleasure coming here.,775,30190
6095,2026-03-18 11:28:44.000,LOCAL,4,Great service and friendly staff.,774,30192
6096,2026-03-14 16:47:21.000,LOCAL,5,Excellent service! Highly recommended.,780,30196
6097,2025-10-04 05:56:15.000,LOCAL,5,Always a pleasure coming here.,779,30199
6098,2026-03-27 11:29:59.000,REMOTE,3,"Average experience, nothing special.",779,30223
6099,2026-01-22 13:10:35.000,LOCAL,2,Product did not meet my expectations.,778,30225
6100,2025-06-08 11:31:16.000,REMOTE,1,Not what I expected at all.,780,30233
6101,2025-10-22 09:23:33.000,LOCAL,3,"Decent, but could improve.",774,30234
6102,2025-09-26 13:09:48.000,REMOTE,4,Happy with my visit.,778,30237
6103,2025-06-14 21:00:08.000,REMOTE,5,Always a pleasure coming here.,776,30242
6104,2025-05-23 04:14:23.000,REMOTE,5,"Best in the area, no doubt.",780,30250
6105,2025-06-11 03:14:18.000,LOCAL,5,Will definitely be back!,777,30255
6106,2025-10-29 03:25:14.000,REMOTE,4,Great service and friendly staff.,778,30258
6107,2025-08-17 02:10:50.000,LOCAL,4,Solid experience overall.,778,30259
6108,2025-06-15 09:49:21.000,LOCAL,4,Solid experience overall.,776,30266
6109,2026-04-11 08:39:56.000,LOCAL,1,Not what I expected at all.,781,30280
6110,2025-08-30 16:31:55.000,LOCAL,2,Disappointing visit.,781,30281
6111,2025-08-27 07:14:00.000,REMOTE,4,"Very good, would come again.",781,30290
6112,2025-09-19 06:38:31.000,REMOTE,5,"Best in the area, no doubt.",781,30293
6113,2026-01-02 06:01:14.000,LOCAL,2,Disappointing visit.,781,30295
6114,2025-11-18 20:38:26.000,REMOTE,3,Expected a bit more to be honest.,781,30299
6115,2026-03-28 07:06:00.000,REMOTE,4,Great service and friendly staff.,781,30315
6116,2025-06-06 20:35:36.000,LOCAL,5,Always a pleasure coming here.,781,30319
6117,2025-10-05 22:05:23.000,LOCAL,3,Expected a bit more to be honest.,782,30326
6118,2025-10-15 17:17:28.000,REMOTE,4,Solid experience overall.,782,30330
6119,2025-10-03 20:13:39.000,REMOTE,4,Happy with my visit.,782,30337
6120,2026-02-15 03:37:12.000,LOCAL,3,"Decent, but could improve.",782,30339
6121,2026-02-15 09:20:08.000,LOCAL,5,Always a pleasure coming here.,782,30350
6122,2026-02-17 04:27:17.000,REMOTE,5,Will definitely be back!,782,30352
6123,2025-12-09 11:51:31.000,LOCAL,3,OK but not outstanding.,782,30357
6124,2025-12-09 19:11:27.000,LOCAL,3,OK but not outstanding.,782,30358
6125,2025-09-24 05:51:37.000,LOCAL,5,Always a pleasure coming here.,782,30359
6126,2026-04-19 14:59:51.000,LOCAL,3,OK but not outstanding.,782,30368
6127,2025-06-23 05:27:34.000,LOCAL,4,"Very good, would come again.",783,30378
6128,2025-10-10 12:29:41.000,REMOTE,5,Always a pleasure coming here.,784,30386
6129,2025-11-08 04:51:54.000,REMOTE,5,Excellent service! Highly recommended.,784,30395
6130,2025-12-06 21:18:31.000,LOCAL,5,Will definitely be back!,783,30404
6131,2025-12-15 00:23:16.000,LOCAL,5,Excellent service! Highly recommended.,783,30411
6132,2025-08-23 11:26:23.000,REMOTE,2,Disappointing visit.,788,30415
6133,2025-05-19 17:45:59.000,LOCAL,3,"Average experience, nothing special.",785,30438
6134,2025-08-02 22:18:14.000,REMOTE,5,Always a pleasure coming here.,788,30444
6135,2025-05-09 04:37:17.000,REMOTE,1,Very poor service.,787,30445
6136,2025-12-31 14:17:26.000,REMOTE,1,Very poor service.,791,30448
6137,2025-05-12 03:29:26.000,REMOTE,4,"Very good, would come again.",788,30455
6138,2025-10-30 05:17:59.000,LOCAL,5,"Best in the area, no doubt.",787,30456
6139,2026-02-17 07:30:22.000,LOCAL,4,Happy with my visit.,787,30458
6140,2026-05-03 15:34:44.000,LOCAL,3,Expected a bit more to be honest.,786,30466
6141,2025-12-18 13:39:30.000,LOCAL,5,Always a pleasure coming here.,790,30476
6142,2026-01-27 08:29:27.000,LOCAL,3,"Decent, but could improve.",790,30484
6143,2026-05-01 09:38:01.000,LOCAL,4,Happy with my visit.,789,30485
6144,2025-08-08 15:32:36.000,LOCAL,5,Will definitely be back!,786,30492
6145,2025-05-27 01:08:48.000,REMOTE,4,"Very good, would come again.",786,30501
6146,2026-01-13 00:19:40.000,REMOTE,5,Will definitely be back!,787,30511
6147,2026-02-28 19:32:58.000,REMOTE,2,Service was quite slow today.,791,30519
6148,2026-04-22 01:50:39.000,LOCAL,3,"Decent, but could improve.",788,30521
6149,2025-11-25 23:12:30.000,REMOTE,3,OK but not outstanding.,787,30523
6150,2025-08-13 15:44:38.000,REMOTE,4,"Very good, would come again.",787,30524
6151,2026-04-26 19:49:17.000,LOCAL,4,Happy with my visit.,790,30525
6152,2025-07-24 16:09:05.000,LOCAL,4,Happy with my visit.,793,30546
6153,2025-05-11 02:59:25.000,REMOTE,4,Great service and friendly staff.,793,30548
6154,2026-05-07 18:51:53.000,LOCAL,3,"Average experience, nothing special.",792,30552
6155,2025-11-02 04:25:55.000,LOCAL,5,Always a pleasure coming here.,793,30553
6156,2025-09-08 07:26:51.000,REMOTE,3,"Average experience, nothing special.",792,30559
6157,2025-08-02 04:22:09.000,REMOTE,4,Solid experience overall.,792,30563
6158,2026-04-13 19:12:31.000,REMOTE,3,"Decent, but could improve.",793,30564
6159,2026-02-07 04:41:46.000,REMOTE,4,Happy with my visit.,792,30569
6160,2026-03-28 14:31:24.000,LOCAL,4,Great service and friendly staff.,793,30576
6161,2025-09-23 13:05:53.000,REMOTE,3,"Decent, but could improve.",793,30585
6162,2025-09-28 15:26:58.000,LOCAL,4,Great service and friendly staff.,792,30594
6163,2025-12-28 06:24:42.000,LOCAL,5,Excellent service! Highly recommended.,793,30595
6164,2025-05-12 01:15:59.000,LOCAL,5,Always a pleasure coming here.,792,30597
6165,2025-05-20 13:13:58.000,REMOTE,2,Staff could be more attentive.,793,30600
6166,2026-03-22 00:55:29.000,REMOTE,4,Happy with my visit.,793,30619
6167,2025-10-03 15:31:52.000,REMOTE,2,Staff could be more attentive.,792,30624
6168,2026-04-27 16:26:26.000,LOCAL,5,"Best in the area, no doubt.",792,30632
6169,2025-12-23 03:30:50.000,REMOTE,4,"Very good, would come again.",793,30634
6170,2025-09-25 00:43:28.000,REMOTE,4,Great service and friendly staff.,793,30637
6171,2025-05-12 22:10:44.000,LOCAL,4,Solid experience overall.,793,30638
6172,2025-06-15 00:29:09.000,LOCAL,3,"Average experience, nothing special.",792,30641
6173,2025-11-05 18:52:04.000,LOCAL,3,OK but not outstanding.,793,30648
6174,2026-03-09 01:29:15.000,REMOTE,4,Solid experience overall.,793,30653
6175,2025-11-13 23:07:31.000,REMOTE,4,Solid experience overall.,793,30655
6176,2025-08-29 15:37:12.000,LOCAL,5,Excellent service! Highly recommended.,794,30664
6177,2025-10-31 14:54:36.000,LOCAL,2,Disappointing visit.,797,30676
6178,2026-02-12 23:40:13.000,LOCAL,3,"Decent, but could improve.",798,30680
6179,2026-03-02 20:49:30.000,REMOTE,1,Will not return.,796,30689
6180,2026-02-25 02:46:10.000,REMOTE,3,"Decent, but could improve.",798,30699
6181,2026-04-16 03:15:46.000,LOCAL,4,Great service and friendly staff.,797,30700
6182,2025-06-24 01:13:29.000,REMOTE,1,Completely disappointed.,796,30712
6183,2025-10-19 17:11:05.000,REMOTE,2,Product did not meet my expectations.,797,30713
6184,2025-08-13 08:22:06.000,REMOTE,2,Product did not meet my expectations.,797,30716
6185,2025-10-25 21:36:36.000,LOCAL,4,Happy with my visit.,799,30718
6186,2025-06-16 02:16:23.000,REMOTE,2,Service was quite slow today.,800,30724
6187,2025-06-21 02:07:48.000,REMOTE,2,Service was quite slow today.,800,30728
6188,2025-05-14 05:15:46.000,REMOTE,5,Will definitely be back!,801,30731
6189,2025-11-30 18:06:37.000,LOCAL,4,Solid experience overall.,802,30733
6190,2025-06-06 20:43:33.000,LOCAL,5,Always a pleasure coming here.,802,30750
6191,2026-02-03 01:00:04.000,REMOTE,3,"Average experience, nothing special.",801,30753
6192,2026-02-09 05:07:04.000,REMOTE,4,Happy with my visit.,801,30756
6193,2025-09-29 03:42:53.000,LOCAL,1,Will not return.,800,30763
6194,2026-02-14 18:54:01.000,LOCAL,5,"Best in the area, no doubt.",802,30764
6195,2025-06-18 18:24:46.000,REMOTE,2,Service was quite slow today.,802,30771
6196,2025-07-20 14:15:36.000,REMOTE,4,Happy with my visit.,801,30773
6197,2026-03-26 13:17:22.000,REMOTE,4,Solid experience overall.,800,30775
6198,2025-07-04 06:52:57.000,LOCAL,3,"Average experience, nothing special.",802,30776
6199,2025-11-26 19:02:55.000,REMOTE,4,Happy with my visit.,801,30777
6200,2025-06-22 11:23:23.000,REMOTE,5,"Best in the area, no doubt.",803,30791
6201,2025-05-17 05:12:36.000,REMOTE,4,Happy with my visit.,803,30799
6202,2025-07-24 07:02:15.000,LOCAL,5,Always a pleasure coming here.,803,30801
6203,2025-05-10 04:58:35.000,REMOTE,3,"Average experience, nothing special.",803,30805
6204,2026-04-21 07:22:46.000,REMOTE,5,"Best in the area, no doubt.",803,30806
6205,2026-01-04 23:46:07.000,REMOTE,4,Great service and friendly staff.,803,30810
6206,2025-11-02 21:32:56.000,LOCAL,2,Service was quite slow today.,803,30827
6207,2025-05-29 17:43:25.000,REMOTE,3,"Average experience, nothing special.",803,30829
6208,2025-10-06 08:11:45.000,LOCAL,4,Solid experience overall.,803,30844
6209,2025-11-25 14:05:02.000,LOCAL,1,Not what I expected at all.,803,30847
6210,2026-04-21 09:38:52.000,REMOTE,4,Happy with my visit.,803,30848
6211,2025-08-31 03:13:48.000,REMOTE,4,"Very good, would come again.",803,30854
6212,2025-10-28 00:39:48.000,LOCAL,4,"Very good, would come again.",803,30869
6213,2026-03-18 04:17:51.000,LOCAL,4,"Very good, would come again.",803,30871
6214,2026-04-06 23:51:09.000,LOCAL,4,"Very good, would come again.",803,30872
6215,2026-02-02 01:07:43.000,REMOTE,5,"Best in the area, no doubt.",803,30874
6216,2025-07-14 09:19:41.000,LOCAL,5,Always a pleasure coming here.,803,30883
6217,2025-07-15 08:07:05.000,REMOTE,3,Expected a bit more to be honest.,803,30888
6218,2025-09-18 00:26:16.000,REMOTE,3,OK but not outstanding.,803,30889
6219,2025-12-08 16:33:34.000,REMOTE,4,Happy with my visit.,803,30893
6220,2025-08-04 01:15:17.000,REMOTE,4,"Very good, would come again.",803,30894
6221,2025-05-23 04:40:40.000,LOCAL,5,Excellent service! Highly recommended.,803,30895
6222,2025-12-24 20:34:58.000,LOCAL,3,"Average experience, nothing special.",803,30910
6223,2026-03-24 19:56:58.000,LOCAL,4,Solid experience overall.,806,30924
6224,2025-11-06 10:45:42.000,REMOTE,5,Excellent service! Highly recommended.,805,30926
6225,2026-03-27 15:58:52.000,REMOTE,5,Will definitely be back!,804,30928
6226,2026-04-03 02:01:10.000,LOCAL,3,"Average experience, nothing special.",805,30930
6227,2025-06-29 08:09:09.000,LOCAL,4,Solid experience overall.,806,30935
6228,2026-04-11 12:25:40.000,LOCAL,4,Happy with my visit.,804,30940
6229,2026-02-10 14:02:34.000,LOCAL,1,Not what I expected at all.,806,30943
6230,2026-01-12 20:09:34.000,REMOTE,5,Excellent service! Highly recommended.,807,30954
6231,2025-09-30 22:11:06.000,LOCAL,3,Expected a bit more to be honest.,807,30956
6232,2025-09-24 09:51:00.000,LOCAL,4,Happy with my visit.,806,30958
6233,2026-01-30 11:45:43.000,REMOTE,5,Excellent service! Highly recommended.,804,30968
6234,2025-07-07 00:38:05.000,LOCAL,4,Great service and friendly staff.,804,30971
6235,2025-11-24 11:20:11.000,REMOTE,5,Always a pleasure coming here.,806,30974
6236,2025-09-09 12:56:50.000,REMOTE,5,Will definitely be back!,804,30976
6237,2026-05-04 09:34:31.000,REMOTE,2,Disappointing visit.,807,30984
6238,2026-04-28 10:26:15.000,LOCAL,5,Excellent service! Highly recommended.,807,30987
6239,2025-08-02 02:23:09.000,LOCAL,5,Excellent service! Highly recommended.,804,30992
6240,2025-05-22 07:11:13.000,REMOTE,1,Very poor service.,806,30993
6241,2025-07-31 06:18:45.000,REMOTE,4,"Very good, would come again.",806,31000
6242,2026-03-24 13:15:43.000,REMOTE,4,Solid experience overall.,808,31009
6243,2025-10-16 12:57:27.000,REMOTE,5,"Best in the area, no doubt.",810,31010
6244,2026-01-27 22:20:01.000,REMOTE,5,Always a pleasure coming here.,809,31011
6245,2025-09-20 17:13:34.000,LOCAL,4,Great service and friendly staff.,809,31023
6246,2025-11-15 19:38:42.000,LOCAL,1,Very poor service.,811,31025
6247,2025-07-02 23:19:48.000,REMOTE,5,Excellent service! Highly recommended.,810,31027
6248,2026-01-02 07:26:24.000,REMOTE,5,"Best in the area, no doubt.",810,31037
6249,2026-02-19 04:29:27.000,LOCAL,5,Always a pleasure coming here.,809,31038
6250,2025-05-10 08:57:54.000,LOCAL,2,Product did not meet my expectations.,809,31045
6251,2025-07-26 06:51:45.000,LOCAL,4,Solid experience overall.,809,31047
6252,2026-04-26 23:53:28.000,REMOTE,3,Expected a bit more to be honest.,809,31052
6253,2026-02-14 04:50:04.000,REMOTE,5,Excellent service! Highly recommended.,811,31056
6254,2025-08-27 14:29:46.000,REMOTE,1,Completely disappointed.,808,31059
6255,2025-12-06 10:26:01.000,REMOTE,4,Happy with my visit.,810,31065
6256,2025-09-19 19:32:36.000,LOCAL,5,"Best in the area, no doubt.",810,31067
6257,2026-02-16 10:00:06.000,LOCAL,3,"Decent, but could improve.",808,31072
6258,2025-07-08 06:43:29.000,REMOTE,3,OK but not outstanding.,808,31080
6259,2025-09-14 22:42:48.000,LOCAL,5,Always a pleasure coming here.,811,31081
6260,2025-09-22 19:21:47.000,REMOTE,3,Expected a bit more to be honest.,810,31082
6261,2026-02-22 21:51:42.000,LOCAL,5,"Best in the area, no doubt.",809,31084
6262,2025-06-22 17:28:16.000,LOCAL,4,Great service and friendly staff.,809,31092
6263,2026-03-04 21:53:28.000,LOCAL,4,"Very good, would come again.",809,31094
6264,2025-07-30 00:17:52.000,LOCAL,4,"Very good, would come again.",810,31099
6265,2025-11-18 08:31:57.000,LOCAL,5,"Best in the area, no doubt.",808,31104
6266,2025-07-02 10:25:20.000,REMOTE,5,Will definitely be back!,810,31119
6267,2025-12-16 18:11:12.000,REMOTE,4,Great service and friendly staff.,809,31127
6268,2026-01-10 20:37:22.000,REMOTE,4,Great service and friendly staff.,810,31133
6269,2025-11-21 05:48:08.000,REMOTE,5,"Best in the area, no doubt.",809,31140
6270,2025-12-26 05:38:33.000,REMOTE,5,Always a pleasure coming here.,812,31155
6271,2026-02-17 19:22:20.000,LOCAL,4,Happy with my visit.,812,31161
6272,2025-07-08 08:12:48.000,REMOTE,5,Excellent service! Highly recommended.,812,31162
6273,2025-06-03 00:06:33.000,LOCAL,3,Expected a bit more to be honest.,812,31166
6274,2026-03-07 01:15:24.000,LOCAL,5,Always a pleasure coming here.,812,31175
6275,2025-10-06 13:44:59.000,REMOTE,5,"Best in the area, no doubt.",813,31177
6276,2026-03-11 08:51:40.000,REMOTE,3,Expected a bit more to be honest.,813,31182
6277,2026-03-22 21:35:21.000,REMOTE,3,OK but not outstanding.,813,31196
6278,2026-03-11 07:45:44.000,LOCAL,2,Service was quite slow today.,813,31201
6279,2025-05-21 16:47:14.000,REMOTE,4,"Very good, would come again.",813,31203
6280,2026-04-23 06:43:59.000,REMOTE,5,"Best in the area, no doubt.",813,31204
6281,2026-04-12 14:52:38.000,LOCAL,4,Great service and friendly staff.,814,31206
6282,2025-10-24 08:36:05.000,LOCAL,5,Always a pleasure coming here.,814,31208
6283,2025-06-25 18:23:08.000,LOCAL,5,Excellent service! Highly recommended.,814,31210
6284,2026-03-29 15:45:38.000,REMOTE,5,Excellent service! Highly recommended.,814,31224
6285,2025-08-05 22:44:12.000,REMOTE,2,Disappointing visit.,814,31225
6286,2025-09-04 15:06:39.000,REMOTE,4,Happy with my visit.,814,31226
6287,2025-06-26 07:31:25.000,LOCAL,3,"Decent, but could improve.",814,31229
6288,2026-03-20 08:21:15.000,LOCAL,4,Happy with my visit.,814,31231
6289,2025-06-22 13:41:13.000,LOCAL,3,OK but not outstanding.,814,31237
6290,2025-07-05 02:31:53.000,REMOTE,2,Disappointing visit.,814,31242
6291,2025-10-18 14:32:02.000,LOCAL,5,"Best in the area, no doubt.",814,31244
6292,2025-11-14 15:29:04.000,LOCAL,4,Solid experience overall.,814,31249
6293,2025-12-31 23:31:56.000,REMOTE,3,"Average experience, nothing special.",814,31258
6294,2025-11-26 10:22:09.000,REMOTE,4,Solid experience overall.,814,31260
6295,2025-05-20 10:13:46.000,LOCAL,4,Happy with my visit.,814,31263
6296,2026-02-05 05:02:18.000,REMOTE,5,Will definitely be back!,814,31264
6297,2025-08-20 20:22:11.000,REMOTE,5,Always a pleasure coming here.,814,31274
6298,2026-04-05 09:42:38.000,LOCAL,3,"Decent, but could improve.",814,31298
6299,2025-07-13 19:54:58.000,REMOTE,4,"Very good, would come again.",814,31301
6300,2025-07-24 08:01:39.000,REMOTE,4,Great service and friendly staff.,814,31306
6301,2025-07-15 02:47:36.000,REMOTE,4,Great service and friendly staff.,814,31310
6302,2025-05-10 06:57:31.000,LOCAL,3,OK but not outstanding.,814,31313
6303,2025-12-30 18:33:31.000,REMOTE,5,Will definitely be back!,814,31324
6304,2026-01-08 15:25:16.000,LOCAL,1,Completely disappointed.,814,31330
6305,2025-07-04 19:38:35.000,LOCAL,3,"Decent, but could improve.",814,31333
6306,2026-03-11 00:26:59.000,REMOTE,4,Great service and friendly staff.,814,31335
6307,2026-03-21 22:11:55.000,REMOTE,5,Always a pleasure coming here.,814,31337
6308,2025-12-21 05:17:12.000,REMOTE,4,Great service and friendly staff.,816,31347
6309,2025-11-14 15:49:14.000,LOCAL,5,Excellent service! Highly recommended.,816,31348
6310,2025-10-13 13:25:20.000,LOCAL,4,"Very good, would come again.",816,31351
6311,2025-12-05 14:51:34.000,REMOTE,5,Always a pleasure coming here.,816,31361
6312,2026-02-20 11:10:11.000,LOCAL,3,Expected a bit more to be honest.,815,31379
6313,2026-02-09 07:10:15.000,REMOTE,3,OK but not outstanding.,816,31388
6314,2025-11-01 00:11:14.000,LOCAL,5,Always a pleasure coming here.,816,31394
6315,2025-11-22 18:46:22.000,REMOTE,5,Excellent service! Highly recommended.,815,31395
6316,2026-02-22 14:32:24.000,LOCAL,3,OK but not outstanding.,815,31401
6317,2026-04-18 12:46:54.000,LOCAL,1,Not what I expected at all.,816,31405
6318,2025-09-10 02:56:01.000,LOCAL,4,Great service and friendly staff.,817,31409
6319,2026-03-02 22:15:39.000,REMOTE,4,Solid experience overall.,819,31411
6320,2025-09-10 07:56:03.000,LOCAL,5,Always a pleasure coming here.,817,31418
6321,2025-08-23 09:09:47.000,LOCAL,5,Will definitely be back!,819,31431
6322,2026-05-06 20:26:31.000,LOCAL,4,Great service and friendly staff.,819,31435
6323,2026-03-03 20:40:33.000,REMOTE,5,Always a pleasure coming here.,817,31442
6324,2026-03-31 23:53:46.000,LOCAL,4,"Very good, would come again.",818,31446
6325,2026-02-28 12:09:48.000,REMOTE,5,"Best in the area, no doubt.",817,31447
6326,2026-02-09 23:45:49.000,LOCAL,3,"Decent, but could improve.",817,31449
6327,2025-06-13 21:28:57.000,LOCAL,3,OK but not outstanding.,818,31456
6328,2025-08-19 17:55:45.000,LOCAL,4,Solid experience overall.,817,31461
6329,2025-11-23 10:12:17.000,LOCAL,3,Expected a bit more to be honest.,817,31468
6330,2026-04-22 01:43:48.000,LOCAL,5,Always a pleasure coming here.,819,31469
6331,2026-04-10 17:09:05.000,REMOTE,4,Great service and friendly staff.,819,31471
6332,2026-04-04 20:05:48.000,REMOTE,4,Great service and friendly staff.,817,31474
6333,2025-08-28 11:32:58.000,LOCAL,3,OK but not outstanding.,819,31483
6334,2025-09-05 03:47:04.000,REMOTE,1,Very poor service.,818,31487
6335,2026-03-25 15:09:05.000,REMOTE,3,"Decent, but could improve.",817,31494
6336,2025-12-11 20:10:05.000,LOCAL,5,Always a pleasure coming here.,818,31497
6337,2025-07-11 02:49:51.000,REMOTE,4,Great service and friendly staff.,819,31498
6338,2025-07-03 17:38:47.000,REMOTE,1,Will not return.,818,31513
6339,2025-12-27 09:09:31.000,LOCAL,4,Great service and friendly staff.,819,31517
6340,2026-05-08 08:01:22.000,REMOTE,5,Always a pleasure coming here.,818,31522
6341,2025-05-31 03:11:19.000,LOCAL,5,Will definitely be back!,817,31523
6342,2025-06-26 07:15:00.000,REMOTE,2,Staff could be more attentive.,818,31524
6343,2025-05-29 06:24:12.000,LOCAL,4,Happy with my visit.,819,31526
6344,2026-03-18 18:41:13.000,LOCAL,5,Will definitely be back!,817,31535
6345,2026-03-29 10:17:27.000,LOCAL,4,Great service and friendly staff.,821,31548
6346,2026-01-21 19:55:47.000,LOCAL,5,Always a pleasure coming here.,821,31550
6347,2026-04-28 09:07:50.000,REMOTE,4,Solid experience overall.,820,31551
6348,2025-08-20 10:23:07.000,REMOTE,5,Always a pleasure coming here.,820,31556
6349,2026-01-26 14:01:37.000,LOCAL,3,OK but not outstanding.,823,31565
6350,2025-07-19 20:42:35.000,REMOTE,3,"Decent, but could improve.",822,31567
6351,2025-10-05 10:11:06.000,REMOTE,3,"Decent, but could improve.",822,31569
6352,2025-09-03 17:24:59.000,LOCAL,4,Great service and friendly staff.,825,31582
6353,2025-08-27 04:05:52.000,LOCAL,5,Excellent service! Highly recommended.,825,31592
6354,2026-03-21 13:15:56.000,REMOTE,5,"Best in the area, no doubt.",824,31593
6355,2025-07-31 17:32:28.000,REMOTE,3,"Average experience, nothing special.",825,31607
6356,2025-09-08 08:24:18.000,LOCAL,2,Product did not meet my expectations.,824,31620
6357,2025-07-08 08:32:18.000,REMOTE,3,"Average experience, nothing special.",825,31622
6358,2026-05-04 21:07:11.000,LOCAL,4,"Very good, would come again.",825,31624
6359,2025-10-23 13:59:30.000,REMOTE,5,Will definitely be back!,824,31629
6360,2025-10-24 00:07:45.000,LOCAL,1,Will not return.,825,31639
6361,2026-04-12 18:23:23.000,LOCAL,5,Will definitely be back!,825,31652
6362,2026-04-11 23:43:56.000,LOCAL,5,Always a pleasure coming here.,825,31659
6363,2025-10-17 09:27:22.000,LOCAL,3,"Average experience, nothing special.",825,31664
6364,2025-06-18 10:59:45.000,LOCAL,4,Solid experience overall.,824,31665
6365,2025-07-28 21:30:39.000,LOCAL,5,"Best in the area, no doubt.",825,31674
6366,2025-09-10 03:39:45.000,REMOTE,3,Expected a bit more to be honest.,824,31675
6367,2025-10-26 01:27:56.000,REMOTE,5,Always a pleasure coming here.,824,31679
6368,2025-07-02 14:36:31.000,LOCAL,5,Always a pleasure coming here.,824,31680
6369,2025-12-17 20:23:46.000,REMOTE,5,Will definitely be back!,824,31682
6370,2026-03-13 18:02:37.000,LOCAL,5,"Best in the area, no doubt.",824,31683
6371,2025-07-29 06:50:57.000,LOCAL,3,"Average experience, nothing special.",824,31684
6372,2025-09-07 08:53:18.000,REMOTE,4,Happy with my visit.,825,31685
6373,2025-10-29 05:37:58.000,REMOTE,2,Service was quite slow today.,825,31688
6374,2025-08-05 23:26:57.000,REMOTE,3,OK but not outstanding.,824,31700
6375,2026-02-17 11:16:59.000,REMOTE,1,Completely disappointed.,825,31707
6376,2025-08-26 16:45:29.000,REMOTE,5,Always a pleasure coming here.,824,31708
6377,2025-10-22 06:45:51.000,REMOTE,3,Expected a bit more to be honest.,824,31713
6378,2025-06-08 11:51:14.000,REMOTE,5,"Best in the area, no doubt.",824,31715
6379,2025-10-23 11:04:11.000,LOCAL,1,Very poor service.,825,31720
6380,2025-10-10 13:35:44.000,LOCAL,2,Service was quite slow today.,824,31727
6381,2026-02-14 13:36:38.000,LOCAL,3,"Decent, but could improve.",824,31741
6382,2025-10-29 22:33:53.000,LOCAL,5,Excellent service! Highly recommended.,824,31742
6383,2025-06-04 14:28:17.000,LOCAL,5,Always a pleasure coming here.,825,31744
6384,2026-01-22 04:54:04.000,REMOTE,3,Expected a bit more to be honest.,825,31751
6385,2026-02-07 19:32:41.000,LOCAL,4,"Very good, would come again.",824,31753
6386,2026-04-05 03:45:10.000,REMOTE,4,Solid experience overall.,824,31756
6387,2026-03-02 16:47:58.000,LOCAL,5,Excellent service! Highly recommended.,825,31759
6388,2025-11-12 21:38:06.000,LOCAL,4,"Very good, would come again.",824,31766
6389,2026-01-17 22:25:51.000,REMOTE,5,Always a pleasure coming here.,824,31767
6390,2025-08-17 00:10:07.000,REMOTE,3,Expected a bit more to be honest.,824,31772
6391,2025-05-24 08:46:28.000,REMOTE,4,Great service and friendly staff.,824,31778
6392,2025-07-27 06:31:47.000,REMOTE,4,Solid experience overall.,825,31779
6393,2025-11-25 06:02:06.000,LOCAL,5,Always a pleasure coming here.,825,31789
6394,2025-07-10 19:16:20.000,LOCAL,2,Product did not meet my expectations.,825,31790
6395,2025-08-17 03:09:34.000,LOCAL,1,Completely disappointed.,824,31794
6396,2025-05-21 01:33:14.000,REMOTE,3,"Decent, but could improve.",824,31795
6397,2025-11-06 03:41:15.000,REMOTE,4,Solid experience overall.,824,31798
6398,2025-12-30 10:18:19.000,REMOTE,2,Staff could be more attentive.,824,31800
6399,2026-01-06 15:00:01.000,REMOTE,4,Great service and friendly staff.,825,31812
6400,2025-11-28 02:56:37.000,REMOTE,4,Solid experience overall.,825,31816
6401,2026-04-16 14:25:50.000,LOCAL,5,Will definitely be back!,824,31820
6402,2025-09-09 13:13:14.000,LOCAL,4,Happy with my visit.,825,31822
6403,2025-08-22 11:57:19.000,REMOTE,5,Always a pleasure coming here.,825,31823
6404,2025-07-09 22:20:30.000,REMOTE,1,Completely disappointed.,824,31825
6405,2026-02-27 09:49:20.000,LOCAL,3,OK but not outstanding.,824,31833
6406,2026-03-21 11:55:51.000,REMOTE,2,Service was quite slow today.,825,31838
6407,2025-07-16 20:16:13.000,LOCAL,4,"Very good, would come again.",825,31842
6408,2026-01-11 08:01:08.000,REMOTE,4,Solid experience overall.,825,31847
6409,2025-11-27 23:50:37.000,REMOTE,4,Solid experience overall.,824,31848
6410,2025-06-26 04:46:40.000,REMOTE,2,Product did not meet my expectations.,824,31849
6411,2025-11-24 10:43:11.000,LOCAL,1,Will not return.,827,31856
6412,2025-06-18 09:52:05.000,LOCAL,4,Happy with my visit.,826,31863
6413,2025-12-05 16:12:25.000,LOCAL,4,"Very good, would come again.",826,31887
6414,2025-09-25 17:16:16.000,LOCAL,4,Happy with my visit.,827,31895
6415,2025-10-24 07:54:07.000,LOCAL,3,"Average experience, nothing special.",828,31896
6416,2026-03-20 04:39:58.000,LOCAL,2,Product did not meet my expectations.,826,31900
6417,2025-08-28 17:55:35.000,LOCAL,3,"Average experience, nothing special.",827,31903
6418,2026-02-10 12:15:31.000,LOCAL,5,Always a pleasure coming here.,826,31906
6419,2025-10-02 11:13:22.000,REMOTE,2,Product did not meet my expectations.,826,31914
6420,2026-05-01 05:03:31.000,LOCAL,5,Will definitely be back!,828,31925
6421,2026-05-08 05:14:28.000,REMOTE,2,Staff could be more attentive.,827,31931
6422,2025-06-30 07:15:16.000,REMOTE,5,Will definitely be back!,826,31939
6423,2025-05-19 22:27:23.000,REMOTE,3,"Average experience, nothing special.",828,31950
6424,2025-06-18 15:01:36.000,LOCAL,3,"Average experience, nothing special.",828,31953
6425,2026-04-15 11:44:15.000,LOCAL,3,"Average experience, nothing special.",827,31966
6426,2025-05-26 07:17:21.000,LOCAL,5,Always a pleasure coming here.,826,31968
6427,2026-04-27 21:00:08.000,LOCAL,4,"Very good, would come again.",827,31976
6428,2025-07-19 13:08:31.000,REMOTE,4,Solid experience overall.,828,31978
6429,2026-03-25 08:18:15.000,REMOTE,5,Excellent service! Highly recommended.,827,31980
6430,2026-01-21 02:31:43.000,LOCAL,5,Will definitely be back!,827,31983
6431,2026-01-29 06:49:12.000,REMOTE,4,Happy with my visit.,828,31992
6432,2025-10-08 21:31:33.000,LOCAL,5,"Best in the area, no doubt.",826,31998
6433,2026-04-17 15:58:53.000,LOCAL,5,Excellent service! Highly recommended.,826,32001
6434,2025-08-15 10:06:12.000,REMOTE,4,Solid experience overall.,827,32002
6435,2026-01-28 03:51:01.000,LOCAL,5,"Best in the area, no doubt.",827,32003
6436,2025-05-22 14:47:45.000,REMOTE,4,Happy with my visit.,828,32006
6437,2025-06-20 03:18:49.000,LOCAL,3,"Average experience, nothing special.",827,32008
6438,2026-02-08 15:54:20.000,REMOTE,4,Solid experience overall.,827,32009
6439,2025-11-07 08:42:54.000,REMOTE,5,Will definitely be back!,828,32014
6440,2026-03-05 03:25:21.000,LOCAL,3,"Average experience, nothing special.",828,32024
6441,2025-07-26 23:16:19.000,REMOTE,5,"Best in the area, no doubt.",828,32025
6442,2025-05-13 08:54:42.000,LOCAL,2,Staff could be more attentive.,826,32027
6443,2025-06-23 00:29:36.000,REMOTE,5,"Best in the area, no doubt.",828,32029
6444,2025-06-20 01:12:52.000,REMOTE,4,Solid experience overall.,828,32033
6445,2025-10-24 06:40:13.000,REMOTE,5,"Best in the area, no doubt.",827,32038
6446,2025-08-26 12:37:23.000,LOCAL,5,"Best in the area, no doubt.",826,32042
6447,2025-07-23 12:38:50.000,LOCAL,3,OK but not outstanding.,826,32047
6448,2026-05-02 22:17:54.000,LOCAL,3,"Average experience, nothing special.",826,32051
6449,2025-09-05 01:48:35.000,LOCAL,3,OK but not outstanding.,827,32053
6450,2025-09-13 02:16:46.000,REMOTE,3,"Average experience, nothing special.",827,32056
6451,2025-11-29 04:33:04.000,LOCAL,5,Always a pleasure coming here.,828,32073
6452,2025-06-30 08:22:18.000,REMOTE,5,Always a pleasure coming here.,827,32076
6453,2026-02-12 03:18:00.000,LOCAL,4,Solid experience overall.,828,32082
6454,2025-08-26 00:00:24.000,LOCAL,5,Always a pleasure coming here.,826,32083
6455,2026-04-21 13:41:58.000,REMOTE,4,Solid experience overall.,827,32090
6456,2026-01-24 16:56:07.000,REMOTE,3,OK but not outstanding.,827,32093
6457,2026-04-17 04:04:51.000,REMOTE,3,OK but not outstanding.,827,32097
6458,2025-06-07 23:37:14.000,LOCAL,3,"Decent, but could improve.",826,32100
6459,2025-06-19 10:47:49.000,LOCAL,1,Completely disappointed.,827,32104
6460,2025-09-05 03:41:56.000,REMOTE,2,Disappointing visit.,828,32111
6461,2025-10-02 03:03:10.000,REMOTE,2,Staff could be more attentive.,827,32114
6462,2025-05-22 15:13:57.000,REMOTE,5,"Best in the area, no doubt.",827,32118
6463,2025-07-07 09:57:12.000,REMOTE,4,Happy with my visit.,826,32119
6464,2025-07-27 04:58:20.000,REMOTE,5,Will definitely be back!,826,32123
6465,2025-07-30 05:26:54.000,LOCAL,4,"Very good, would come again.",828,32126
6466,2025-08-07 17:39:38.000,LOCAL,3,Expected a bit more to be honest.,828,32128
6467,2025-09-14 01:15:01.000,REMOTE,3,OK but not outstanding.,826,32130
6468,2026-02-18 09:42:56.000,REMOTE,4,Solid experience overall.,827,32134
6469,2025-05-10 08:35:58.000,REMOTE,5,"Best in the area, no doubt.",827,32135
6470,2026-03-19 18:12:59.000,REMOTE,4,Solid experience overall.,826,32137
6471,2026-04-23 22:51:16.000,REMOTE,2,Staff could be more attentive.,827,32139
6472,2025-11-06 18:40:31.000,LOCAL,3,"Average experience, nothing special.",827,32140
6473,2026-01-24 22:24:50.000,LOCAL,4,Happy with my visit.,827,32141
6474,2025-05-18 15:02:44.000,LOCAL,5,Will definitely be back!,826,32143
6475,2026-03-27 06:56:11.000,REMOTE,5,Excellent service! Highly recommended.,827,32156
6476,2025-07-16 02:40:46.000,REMOTE,3,"Average experience, nothing special.",827,32157
6477,2025-09-06 17:09:19.000,LOCAL,4,Solid experience overall.,827,32163
6478,2025-08-30 19:33:02.000,REMOTE,4,Happy with my visit.,827,32166
6479,2026-04-26 13:28:34.000,REMOTE,4,Happy with my visit.,827,32169
6480,2025-10-30 17:05:48.000,LOCAL,3,"Average experience, nothing special.",827,32172
6481,2026-04-30 04:10:05.000,LOCAL,4,Happy with my visit.,828,32175
6482,2025-06-16 18:21:38.000,LOCAL,5,"Best in the area, no doubt.",826,32176
6483,2025-11-29 07:59:37.000,LOCAL,5,"Best in the area, no doubt.",826,32178
6484,2025-12-23 02:09:47.000,LOCAL,3,Expected a bit more to be honest.,828,32188
6485,2026-01-21 20:17:36.000,REMOTE,4,Solid experience overall.,828,32196
6486,2026-03-22 13:53:29.000,REMOTE,4,Great service and friendly staff.,828,32206
6487,2025-05-21 12:14:11.000,REMOTE,4,Solid experience overall.,827,32207
6488,2026-02-05 02:20:03.000,LOCAL,1,Completely disappointed.,828,32213
6489,2025-12-27 06:32:18.000,REMOTE,5,Will definitely be back!,827,32216
6490,2026-02-21 21:07:31.000,LOCAL,3,Expected a bit more to be honest.,828,32219
6491,2025-10-17 00:57:42.000,LOCAL,4,Solid experience overall.,828,32222
6492,2026-03-25 20:55:18.000,REMOTE,4,"Very good, would come again.",828,32223
6493,2025-11-22 13:13:26.000,LOCAL,1,Will not return.,828,32224
6494,2025-06-08 03:25:07.000,REMOTE,3,Expected a bit more to be honest.,827,32226
6495,2025-06-27 16:36:18.000,REMOTE,4,Solid experience overall.,826,32233
6496,2025-05-16 12:44:47.000,LOCAL,3,"Average experience, nothing special.",829,32246
6497,2026-01-03 23:02:36.000,LOCAL,5,Always a pleasure coming here.,829,32248
6498,2025-10-18 14:28:10.000,LOCAL,3,OK but not outstanding.,829,32253
6499,2026-01-10 16:10:49.000,LOCAL,5,Always a pleasure coming here.,829,32267
6500,2025-11-23 14:41:15.000,REMOTE,5,Will definitely be back!,829,32270
6501,2026-03-31 22:25:08.000,LOCAL,5,Will definitely be back!,829,32273
6502,2025-07-20 12:22:04.000,LOCAL,4,"Very good, would come again.",830,32281
6503,2025-08-16 17:38:42.000,LOCAL,4,Great service and friendly staff.,831,32282
6504,2025-09-05 11:30:31.000,REMOTE,4,Solid experience overall.,830,32283
6505,2025-07-30 23:36:05.000,REMOTE,2,Product did not meet my expectations.,831,32286
6506,2025-11-17 16:59:16.000,LOCAL,5,Always a pleasure coming here.,830,32291
6507,2026-01-15 12:01:58.000,LOCAL,4,"Very good, would come again.",830,32295
6508,2026-02-10 21:25:57.000,LOCAL,5,Excellent service! Highly recommended.,833,32297
6509,2026-03-06 05:03:54.000,REMOTE,4,Happy with my visit.,834,32298
6510,2026-04-10 00:04:57.000,REMOTE,4,Solid experience overall.,835,32309
6511,2025-11-06 14:21:13.000,REMOTE,5,Excellent service! Highly recommended.,837,32320
6512,2025-07-27 00:26:40.000,LOCAL,5,Always a pleasure coming here.,838,32330
6513,2025-05-30 06:32:46.000,REMOTE,4,"Very good, would come again.",835,32332
6514,2026-02-13 15:57:53.000,LOCAL,2,Staff could be more attentive.,833,32333
6515,2026-05-05 17:19:25.000,REMOTE,3,"Average experience, nothing special.",838,32336
6516,2025-05-20 07:05:20.000,LOCAL,5,Excellent service! Highly recommended.,838,32340
6517,2025-12-20 01:40:18.000,LOCAL,4,"Very good, would come again.",834,32341
6518,2025-11-30 23:12:15.000,LOCAL,5,Always a pleasure coming here.,832,32342
6519,2025-07-06 21:42:14.000,REMOTE,5,Always a pleasure coming here.,834,32348
6520,2025-11-08 21:01:49.000,REMOTE,3,Expected a bit more to be honest.,837,32351
6521,2025-07-03 20:22:27.000,LOCAL,2,Service was quite slow today.,836,32362
6522,2025-09-26 21:03:57.000,LOCAL,3,"Average experience, nothing special.",838,32363
6523,2025-08-17 17:28:49.000,REMOTE,3,"Average experience, nothing special.",833,32365
6524,2025-06-08 18:17:55.000,LOCAL,3,"Average experience, nothing special.",832,32366
6525,2026-04-06 19:18:56.000,REMOTE,4,Great service and friendly staff.,839,32380
6526,2025-12-06 16:43:13.000,LOCAL,4,Solid experience overall.,834,32391
6527,2026-01-05 12:12:18.000,LOCAL,5,Will definitely be back!,832,32394
6528,2025-08-28 22:26:16.000,LOCAL,4,Solid experience overall.,836,32400
6529,2026-03-23 12:31:00.000,LOCAL,5,Always a pleasure coming here.,835,32401
6530,2026-03-28 13:27:16.000,REMOTE,2,Service was quite slow today.,834,32402
6531,2025-09-15 06:54:15.000,REMOTE,3,"Average experience, nothing special.",835,32403
6532,2026-01-09 14:41:36.000,LOCAL,2,Service was quite slow today.,839,32405
6533,2026-04-15 11:36:16.000,REMOTE,5,Will definitely be back!,839,32411
6534,2026-03-09 16:02:13.000,REMOTE,3,Expected a bit more to be honest.,832,32415
6535,2025-12-04 08:55:52.000,LOCAL,5,"Best in the area, no doubt.",835,32419
6536,2025-10-12 17:51:59.000,REMOTE,4,"Very good, would come again.",832,32423
6537,2025-07-22 04:40:58.000,LOCAL,5,Always a pleasure coming here.,836,32430
6538,2025-05-29 09:57:30.000,REMOTE,3,OK but not outstanding.,835,32434
6539,2025-07-12 19:02:56.000,LOCAL,3,OK but not outstanding.,835,32436
6540,2025-09-30 05:44:27.000,LOCAL,5,Will definitely be back!,832,32443
6541,2026-02-13 03:11:42.000,LOCAL,5,Excellent service! Highly recommended.,836,32444
6542,2025-11-13 22:39:12.000,LOCAL,4,Solid experience overall.,837,32460
6543,2026-01-25 09:39:41.000,REMOTE,4,Great service and friendly staff.,837,32465
6544,2025-08-10 04:08:45.000,REMOTE,2,Staff could be more attentive.,833,32467
6545,2025-09-22 01:59:09.000,LOCAL,5,Will definitely be back!,834,32473
6546,2026-01-25 15:47:59.000,LOCAL,3,"Decent, but could improve.",837,32474
6547,2026-05-01 09:00:20.000,REMOTE,4,"Very good, would come again.",833,32481
6548,2025-08-20 05:42:15.000,LOCAL,5,Excellent service! Highly recommended.,833,32483
6549,2025-09-03 05:59:01.000,REMOTE,3,"Decent, but could improve.",837,32484
6550,2025-09-14 07:53:10.000,REMOTE,3,OK but not outstanding.,837,32485
6551,2026-03-28 12:53:07.000,LOCAL,3,Expected a bit more to be honest.,833,32492
6552,2025-10-22 00:05:32.000,REMOTE,4,Great service and friendly staff.,835,32493
6553,2025-11-11 06:50:33.000,LOCAL,5,Will definitely be back!,836,32498
6554,2026-01-28 15:10:45.000,REMOTE,4,"Very good, would come again.",838,32503
6555,2025-09-10 17:09:36.000,REMOTE,4,Solid experience overall.,833,32507
6556,2025-10-18 22:23:10.000,REMOTE,4,Solid experience overall.,838,32508
6557,2025-12-19 01:36:45.000,REMOTE,5,Excellent service! Highly recommended.,833,32509
6558,2026-04-05 17:56:22.000,REMOTE,3,OK but not outstanding.,837,32512
6559,2025-10-31 03:05:19.000,REMOTE,3,"Decent, but could improve.",836,32515
6560,2025-11-24 14:01:13.000,LOCAL,5,Always a pleasure coming here.,839,32521
6561,2025-05-23 18:38:01.000,LOCAL,4,Great service and friendly staff.,834,32523
6562,2025-10-25 03:31:51.000,LOCAL,3,Expected a bit more to be honest.,835,32525
6563,2025-07-18 05:06:47.000,REMOTE,5,"Best in the area, no doubt.",832,32529
6564,2025-09-05 08:23:13.000,LOCAL,5,Always a pleasure coming here.,839,32536
6565,2026-02-08 18:13:20.000,LOCAL,5,Will definitely be back!,835,32545
6566,2026-04-26 07:37:54.000,LOCAL,4,Great service and friendly staff.,838,32554
6567,2025-09-20 13:23:55.000,REMOTE,5,"Best in the area, no doubt.",838,32559
6568,2026-04-09 03:17:29.000,LOCAL,4,Happy with my visit.,836,32560
6569,2025-10-22 21:53:58.000,LOCAL,4,Solid experience overall.,835,32576
6570,2026-01-11 16:29:44.000,REMOTE,5,Always a pleasure coming here.,838,32583
6571,2025-07-22 01:54:45.000,LOCAL,5,Excellent service! Highly recommended.,833,32584
6572,2025-11-10 23:03:02.000,LOCAL,4,Great service and friendly staff.,833,32595
6573,2026-02-01 06:06:29.000,LOCAL,3,Expected a bit more to be honest.,832,32604
6574,2025-07-15 03:05:16.000,REMOTE,3,Expected a bit more to be honest.,838,32607
6575,2025-09-11 01:58:50.000,LOCAL,1,Not what I expected at all.,833,32617
6576,2025-09-11 21:59:02.000,REMOTE,4,Great service and friendly staff.,838,32618
6577,2026-04-06 22:00:04.000,REMOTE,5,Will definitely be back!,838,32620
6578,2025-09-13 14:00:05.000,REMOTE,2,Product did not meet my expectations.,837,32621
6579,2025-08-16 19:54:10.000,LOCAL,4,"Very good, would come again.",835,32624
6580,2026-03-06 12:30:11.000,REMOTE,3,OK but not outstanding.,836,32625
6581,2025-06-26 10:39:20.000,LOCAL,4,"Very good, would come again.",837,32629
6582,2026-01-21 21:04:44.000,REMOTE,1,Not what I expected at all.,834,32632
6583,2025-06-24 23:54:07.000,LOCAL,4,Solid experience overall.,840,32641
6584,2026-03-15 08:05:54.000,REMOTE,4,"Very good, would come again.",840,32643
6585,2025-12-30 17:21:00.000,LOCAL,4,Solid experience overall.,842,32644
6586,2025-08-13 06:55:36.000,LOCAL,3,OK but not outstanding.,840,32645
6587,2025-08-07 09:23:20.000,LOCAL,5,Always a pleasure coming here.,842,32653
6588,2025-08-06 09:02:41.000,LOCAL,5,"Best in the area, no doubt.",841,32655
6589,2025-07-10 15:20:37.000,REMOTE,5,"Best in the area, no doubt.",842,32666
6590,2025-07-21 20:09:01.000,LOCAL,3,OK but not outstanding.,841,32667
6591,2025-07-01 10:16:48.000,REMOTE,2,Disappointing visit.,840,32680
6592,2025-06-02 05:42:50.000,LOCAL,3,OK but not outstanding.,841,32686
6593,2025-08-27 23:02:01.000,REMOTE,4,Happy with my visit.,840,32689
6594,2025-11-23 04:28:18.000,LOCAL,1,Completely disappointed.,840,32692
6595,2025-10-13 14:44:14.000,REMOTE,4,"Very good, would come again.",840,32699
6596,2025-10-07 01:00:08.000,REMOTE,2,Staff could be more attentive.,842,32706
6597,2025-09-26 22:01:44.000,REMOTE,5,Always a pleasure coming here.,841,32707
6598,2026-01-05 18:44:38.000,LOCAL,1,Not what I expected at all.,841,32709
6599,2025-11-17 21:41:17.000,LOCAL,2,Service was quite slow today.,841,32710
6600,2025-11-19 08:37:08.000,LOCAL,2,Staff could be more attentive.,842,32713
6601,2025-10-09 10:49:03.000,REMOTE,3,Expected a bit more to be honest.,842,32715
6602,2026-01-27 03:47:00.000,REMOTE,3,Expected a bit more to be honest.,841,32716
6603,2026-03-05 00:36:20.000,REMOTE,4,Happy with my visit.,842,32722
6604,2026-02-24 02:46:56.000,REMOTE,4,Solid experience overall.,842,32725
6605,2025-06-23 17:25:40.000,LOCAL,4,Great service and friendly staff.,840,32732
6606,2025-08-21 14:28:10.000,REMOTE,1,Will not return.,840,32736
6607,2025-10-29 02:16:27.000,REMOTE,2,Product did not meet my expectations.,843,32755
6608,2026-04-27 22:10:57.000,LOCAL,5,Excellent service! Highly recommended.,843,32764
6609,2025-08-24 22:44:52.000,LOCAL,4,"Very good, would come again.",844,32765
6610,2026-03-10 00:39:34.000,REMOTE,5,"Best in the area, no doubt.",843,32766
6611,2025-10-12 19:55:34.000,REMOTE,5,Always a pleasure coming here.,844,32767
6612,2026-02-21 15:46:48.000,REMOTE,3,OK but not outstanding.,844,32768
6613,2025-06-11 03:39:54.000,REMOTE,4,Happy with my visit.,844,32775
6614,2025-09-15 17:57:52.000,REMOTE,3,Expected a bit more to be honest.,844,32777
6615,2025-07-18 11:52:03.000,LOCAL,3,"Average experience, nothing special.",848,32788
6616,2025-11-19 15:09:58.000,REMOTE,5,Will definitely be back!,847,32789
6617,2025-07-08 14:24:35.000,LOCAL,5,Excellent service! Highly recommended.,845,32799
6618,2025-07-26 04:33:30.000,REMOTE,2,Staff could be more attentive.,846,32801
6619,2025-06-30 12:55:58.000,LOCAL,3,OK but not outstanding.,847,32816
6620,2026-03-23 21:16:35.000,REMOTE,4,Happy with my visit.,846,32818
6621,2025-12-26 09:56:38.000,REMOTE,1,Very poor service.,848,32824
6622,2025-07-25 16:33:06.000,REMOTE,5,"Best in the area, no doubt.",848,32828
6623,2026-02-19 07:50:12.000,REMOTE,2,Staff could be more attentive.,847,32831
6624,2026-01-23 17:49:27.000,LOCAL,4,Happy with my visit.,847,32833
6625,2025-06-27 11:36:16.000,REMOTE,2,Staff could be more attentive.,848,32834
6626,2025-05-13 12:45:58.000,LOCAL,3,Expected a bit more to be honest.,846,32838
6627,2025-09-09 13:27:21.000,REMOTE,2,Product did not meet my expectations.,847,32841
6628,2026-01-07 02:11:37.000,REMOTE,5,Always a pleasure coming here.,846,32843
6629,2026-04-29 04:09:52.000,REMOTE,4,Happy with my visit.,848,32851
6630,2025-05-15 19:35:25.000,REMOTE,2,Staff could be more attentive.,846,32853
6631,2025-11-20 01:07:01.000,REMOTE,5,Always a pleasure coming here.,846,32855
6632,2025-12-06 21:09:48.000,REMOTE,5,Excellent service! Highly recommended.,848,32869
6633,2025-07-05 13:43:46.000,LOCAL,5,Will definitely be back!,850,32878
6634,2025-12-06 09:47:45.000,LOCAL,5,Always a pleasure coming here.,849,32881
6635,2025-09-27 12:21:19.000,LOCAL,3,"Decent, but could improve.",850,32883
6636,2026-04-12 04:40:47.000,LOCAL,1,Completely disappointed.,850,32896
6637,2026-03-01 02:02:31.000,LOCAL,1,Very poor service.,849,32899
6638,2025-05-31 15:04:13.000,LOCAL,5,Excellent service! Highly recommended.,850,32905
6639,2025-06-22 17:15:28.000,LOCAL,5,Always a pleasure coming here.,849,32907
6640,2026-01-19 14:11:14.000,REMOTE,1,Completely disappointed.,849,32913
6641,2026-05-02 02:37:22.000,REMOTE,4,Happy with my visit.,850,32916
6642,2026-05-03 13:39:13.000,REMOTE,5,Will definitely be back!,849,32923
6643,2025-11-11 21:19:31.000,REMOTE,5,"Best in the area, no doubt.",850,32932
6644,2025-05-30 01:01:59.000,REMOTE,4,Great service and friendly staff.,849,32935
6645,2025-11-20 16:12:47.000,LOCAL,3,Expected a bit more to be honest.,850,32936
6646,2025-07-28 05:39:39.000,LOCAL,3,"Decent, but could improve.",850,32940
6647,2026-02-19 08:58:56.000,LOCAL,4,Happy with my visit.,849,32947
6648,2025-09-22 13:00:50.000,LOCAL,5,"Best in the area, no doubt.",849,32958
6649,2025-06-03 15:55:46.000,REMOTE,2,Disappointing visit.,850,32964
6650,2025-07-28 22:25:04.000,LOCAL,4,"Very good, would come again.",850,32968
6651,2025-12-18 03:06:02.000,REMOTE,5,Will definitely be back!,849,32969
6652,2025-07-18 18:32:26.000,REMOTE,2,Disappointing visit.,852,32972
6653,2026-04-05 09:19:09.000,LOCAL,4,"Very good, would come again.",851,32978
6654,2025-05-25 03:26:37.000,REMOTE,3,"Decent, but could improve.",851,32983
6655,2026-05-08 01:35:52.000,LOCAL,4,Happy with my visit.,852,32985
6656,2026-03-16 11:14:49.000,REMOTE,5,"Best in the area, no doubt.",853,32987
6657,2026-05-06 12:49:39.000,LOCAL,4,Great service and friendly staff.,853,32992
6658,2026-04-06 18:41:14.000,LOCAL,4,"Very good, would come again.",853,33001
6659,2025-10-14 15:51:05.000,REMOTE,3,OK but not outstanding.,852,33016
6660,2025-11-28 09:39:28.000,REMOTE,5,"Best in the area, no doubt.",853,33022
6661,2026-02-02 23:00:51.000,LOCAL,4,Happy with my visit.,851,33023
6662,2025-08-29 10:01:07.000,REMOTE,5,Excellent service! Highly recommended.,853,33025
6663,2025-10-04 12:35:13.000,LOCAL,3,OK but not outstanding.,853,33028
6664,2025-05-15 18:51:42.000,LOCAL,5,Always a pleasure coming here.,852,33032
6665,2026-02-27 05:58:10.000,REMOTE,4,"Very good, would come again.",853,33035
6666,2025-08-09 06:50:15.000,REMOTE,4,"Very good, would come again.",852,33050
6667,2026-03-10 18:46:18.000,REMOTE,4,Happy with my visit.,852,33058
6668,2025-05-28 18:24:46.000,REMOTE,5,Always a pleasure coming here.,851,33069
6669,2025-11-23 11:54:39.000,REMOTE,4,Happy with my visit.,851,33070
6670,2026-02-11 02:01:11.000,REMOTE,2,Service was quite slow today.,851,33078
6671,2026-01-30 23:56:48.000,LOCAL,5,Will definitely be back!,851,33082
6672,2025-08-14 20:44:10.000,LOCAL,5,Will definitely be back!,851,33090
6673,2025-12-09 20:54:41.000,REMOTE,5,"Best in the area, no doubt.",853,33101
6674,2025-06-20 22:12:03.000,REMOTE,2,Product did not meet my expectations.,853,33105
6675,2026-02-23 13:32:15.000,LOCAL,3,Expected a bit more to be honest.,852,33111
6676,2026-03-15 18:02:48.000,LOCAL,5,"Best in the area, no doubt.",852,33115
6677,2025-11-23 20:13:09.000,LOCAL,5,Always a pleasure coming here.,852,33122
6678,2025-12-21 13:01:18.000,REMOTE,4,Great service and friendly staff.,851,33126
6679,2025-05-14 18:47:50.000,REMOTE,3,"Decent, but could improve.",852,33135
6680,2026-05-06 06:30:24.000,REMOTE,5,Excellent service! Highly recommended.,851,33138
6681,2026-03-19 05:52:27.000,LOCAL,4,Great service and friendly staff.,851,33145
6682,2025-12-13 23:51:41.000,LOCAL,5,Excellent service! Highly recommended.,852,33149
6683,2025-07-10 13:41:25.000,LOCAL,4,Happy with my visit.,852,33154
6684,2026-03-18 19:01:17.000,REMOTE,4,"Very good, would come again.",851,33161
6685,2025-11-27 05:25:21.000,LOCAL,5,"Best in the area, no doubt.",852,33177
6686,2025-12-06 08:41:06.000,REMOTE,2,Product did not meet my expectations.,853,33181
6687,2025-12-16 17:50:30.000,LOCAL,1,Not what I expected at all.,852,33185
6688,2026-02-22 17:18:07.000,REMOTE,1,Will not return.,854,33188
6689,2025-08-03 02:44:09.000,LOCAL,4,Great service and friendly staff.,854,33194
6690,2026-05-02 20:08:11.000,LOCAL,4,Great service and friendly staff.,854,33200
6691,2025-06-20 03:08:52.000,LOCAL,4,Solid experience overall.,854,33206
6692,2026-01-22 08:34:17.000,REMOTE,4,"Very good, would come again.",854,33213
6693,2025-07-26 08:14:48.000,REMOTE,5,Excellent service! Highly recommended.,854,33217
6694,2025-10-30 17:54:13.000,REMOTE,2,Product did not meet my expectations.,855,33221
6695,2025-11-09 23:15:17.000,LOCAL,2,Disappointing visit.,855,33222
6696,2025-09-04 20:57:53.000,REMOTE,3,"Decent, but could improve.",857,33232
6697,2025-05-16 11:01:25.000,LOCAL,5,Always a pleasure coming here.,856,33239
6698,2025-06-29 17:02:52.000,REMOTE,3,Expected a bit more to be honest.,856,33240
6699,2025-06-17 12:24:34.000,LOCAL,5,Always a pleasure coming here.,857,33244
6700,2025-06-20 15:19:29.000,LOCAL,5,Excellent service! Highly recommended.,856,33250
6701,2025-08-21 07:49:03.000,LOCAL,2,Disappointing visit.,857,33251
6702,2025-07-01 16:36:32.000,LOCAL,5,Excellent service! Highly recommended.,856,33258
6703,2025-07-15 17:38:07.000,LOCAL,3,Expected a bit more to be honest.,856,33265
6704,2026-03-25 16:33:09.000,REMOTE,4,Solid experience overall.,855,33283
6705,2025-09-29 10:14:21.000,LOCAL,4,Great service and friendly staff.,862,33291
6706,2025-08-27 14:06:15.000,REMOTE,3,Expected a bit more to be honest.,859,33309
6707,2026-01-28 09:52:44.000,LOCAL,5,Always a pleasure coming here.,861,33311
6708,2026-02-28 00:15:26.000,REMOTE,5,Excellent service! Highly recommended.,863,33317
6709,2026-03-10 21:36:39.000,LOCAL,3,Expected a bit more to be honest.,862,33318
6710,2025-07-08 01:54:45.000,LOCAL,1,Will not return.,859,33319
6711,2026-04-13 18:07:18.000,REMOTE,3,"Average experience, nothing special.",861,33321
6712,2026-01-10 14:14:41.000,LOCAL,4,Solid experience overall.,859,33328
6713,2026-03-14 11:25:17.000,LOCAL,4,"Very good, would come again.",860,33331
6714,2026-04-23 03:21:02.000,LOCAL,2,Disappointing visit.,859,33335
6715,2026-01-08 11:09:56.000,LOCAL,2,Staff could be more attentive.,860,33337
6716,2025-09-10 03:24:07.000,LOCAL,3,Expected a bit more to be honest.,858,33345
6717,2025-11-04 22:16:15.000,REMOTE,3,OK but not outstanding.,858,33352
6718,2025-12-13 00:25:32.000,REMOTE,5,Excellent service! Highly recommended.,860,33354
6719,2025-05-12 12:47:58.000,REMOTE,2,Staff could be more attentive.,863,33363
6720,2025-05-18 15:20:42.000,REMOTE,5,Always a pleasure coming here.,861,33366
6721,2025-12-23 10:54:25.000,LOCAL,5,"Best in the area, no doubt.",862,33368
6722,2025-10-30 04:18:49.000,LOCAL,3,"Average experience, nothing special.",859,33373
6723,2025-10-23 19:06:08.000,REMOTE,3,Expected a bit more to be honest.,858,33374
6724,2025-11-24 22:14:15.000,REMOTE,4,Great service and friendly staff.,858,33376
6725,2026-03-03 20:49:34.000,REMOTE,5,Always a pleasure coming here.,861,33378
6726,2025-10-12 21:29:49.000,LOCAL,3,"Decent, but could improve.",858,33380
6727,2025-12-01 00:55:19.000,REMOTE,2,Disappointing visit.,863,33383
6728,2026-04-29 14:40:57.000,REMOTE,5,Will definitely be back!,858,33385
6729,2026-01-15 15:16:40.000,LOCAL,5,Always a pleasure coming here.,858,33386
6730,2025-07-17 19:00:45.000,REMOTE,3,Expected a bit more to be honest.,860,33390
6731,2025-11-18 05:16:55.000,LOCAL,2,Disappointing visit.,859,33402
6732,2026-04-03 10:42:35.000,LOCAL,4,Happy with my visit.,859,33407
6733,2026-04-04 21:22:53.000,REMOTE,3,OK but not outstanding.,861,33411
6734,2026-04-18 04:54:20.000,LOCAL,3,"Decent, but could improve.",859,33422
6735,2025-12-14 06:45:12.000,REMOTE,5,Always a pleasure coming here.,862,33434
6736,2026-05-06 06:11:37.000,LOCAL,4,Solid experience overall.,858,33442
6737,2026-03-07 12:40:34.000,REMOTE,5,"Best in the area, no doubt.",862,33444
6738,2026-01-27 05:02:42.000,REMOTE,5,Always a pleasure coming here.,860,33445
6739,2025-07-21 06:09:26.000,LOCAL,4,Solid experience overall.,858,33447
6740,2025-06-10 10:00:16.000,LOCAL,4,Great service and friendly staff.,861,33465
6741,2025-12-31 21:04:06.000,REMOTE,4,Happy with my visit.,863,33467
6742,2025-06-08 14:36:29.000,REMOTE,3,OK but not outstanding.,859,33471
6743,2025-06-24 11:38:04.000,LOCAL,4,Great service and friendly staff.,859,33485
6744,2025-10-16 09:09:53.000,REMOTE,4,"Very good, would come again.",859,33488
6745,2025-12-27 23:14:46.000,LOCAL,4,Solid experience overall.,863,33490
6746,2025-07-30 01:25:32.000,LOCAL,5,Always a pleasure coming here.,860,33491
6747,2026-02-25 18:03:03.000,LOCAL,3,"Average experience, nothing special.",860,33492
6748,2026-04-30 01:42:10.000,REMOTE,5,"Best in the area, no doubt.",861,33496
6749,2025-11-21 13:24:25.000,LOCAL,4,Happy with my visit.,859,33501
6750,2025-05-28 12:25:01.000,REMOTE,5,Always a pleasure coming here.,861,33503
6751,2025-05-21 22:39:13.000,LOCAL,5,Will definitely be back!,859,33512
6752,2025-12-13 09:22:43.000,REMOTE,2,Service was quite slow today.,862,33526
6753,2025-11-06 09:08:57.000,LOCAL,1,Completely disappointed.,864,33530
6754,2025-08-13 18:51:35.000,REMOTE,3,Expected a bit more to be honest.,864,33545
6755,2025-09-05 09:52:07.000,LOCAL,4,Great service and friendly staff.,864,33550
6756,2026-02-10 08:33:16.000,REMOTE,2,Disappointing visit.,864,33551
6757,2025-07-22 04:16:02.000,LOCAL,4,Happy with my visit.,864,33553
6758,2026-01-17 09:35:40.000,REMOTE,3,Expected a bit more to be honest.,864,33554
6759,2026-02-18 14:37:31.000,LOCAL,4,"Very good, would come again.",864,33557
6760,2025-06-16 13:28:53.000,LOCAL,4,"Very good, would come again.",864,33571
6761,2026-04-13 21:15:20.000,REMOTE,5,Will definitely be back!,866,33574
6762,2025-07-27 12:00:28.000,LOCAL,3,OK but not outstanding.,867,33582
6763,2025-10-12 23:55:38.000,REMOTE,5,Always a pleasure coming here.,868,33588
6764,2026-05-08 15:51:05.000,REMOTE,4,Great service and friendly staff.,868,33589
6765,2025-06-27 22:16:52.000,REMOTE,4,Solid experience overall.,865,33590
6766,2025-12-24 12:42:07.000,REMOTE,5,Excellent service! Highly recommended.,866,33592
6767,2025-08-26 15:36:16.000,REMOTE,3,"Decent, but could improve.",866,33596
6768,2026-03-09 01:27:04.000,LOCAL,4,Solid experience overall.,868,33598
6769,2026-04-28 07:27:03.000,REMOTE,3,"Decent, but could improve.",867,33599
6770,2025-11-02 22:32:43.000,REMOTE,3,OK but not outstanding.,867,33600
6771,2026-01-07 13:13:11.000,REMOTE,1,Not what I expected at all.,866,33601
6772,2025-07-09 15:53:22.000,REMOTE,5,Excellent service! Highly recommended.,868,33604
6773,2025-07-28 05:36:33.000,REMOTE,1,Not what I expected at all.,866,33605
6774,2025-10-30 15:11:34.000,REMOTE,4,Great service and friendly staff.,866,33615
6775,2025-09-06 16:48:49.000,LOCAL,3,"Decent, but could improve.",868,33619
6776,2026-04-27 17:33:42.000,REMOTE,4,Happy with my visit.,868,33631
6777,2026-02-22 09:41:08.000,REMOTE,4,"Very good, would come again.",867,33632
6778,2025-08-20 16:25:53.000,REMOTE,2,Disappointing visit.,867,33633
6779,2025-05-27 19:08:51.000,REMOTE,5,Always a pleasure coming here.,865,33645
6780,2025-10-24 06:25:22.000,LOCAL,4,Solid experience overall.,867,33647
6781,2026-03-19 05:35:23.000,LOCAL,2,Staff could be more attentive.,867,33649
6782,2025-09-05 11:04:19.000,LOCAL,5,Will definitely be back!,866,33654
6783,2025-10-10 03:00:47.000,LOCAL,5,Always a pleasure coming here.,867,33658
6784,2025-05-10 12:01:25.000,LOCAL,5,Excellent service! Highly recommended.,866,33663
6785,2025-11-20 01:33:22.000,REMOTE,5,Always a pleasure coming here.,865,33665
6786,2025-06-12 13:23:05.000,LOCAL,2,Disappointing visit.,869,33670
6787,2026-04-18 08:30:04.000,REMOTE,5,Excellent service! Highly recommended.,869,33677
6788,2026-01-22 10:03:58.000,LOCAL,4,Happy with my visit.,869,33692
6789,2025-11-14 00:52:24.000,REMOTE,3,Expected a bit more to be honest.,873,33695
6790,2026-02-04 22:44:41.000,LOCAL,1,Completely disappointed.,870,33700
6791,2026-03-19 05:13:01.000,REMOTE,3,Expected a bit more to be honest.,873,33701
6792,2025-12-14 01:59:30.000,REMOTE,3,"Decent, but could improve.",871,33706
6793,2026-03-11 19:11:57.000,REMOTE,5,Will definitely be back!,870,33707
6794,2025-12-18 21:13:57.000,REMOTE,3,Expected a bit more to be honest.,875,33714
6795,2025-06-05 21:18:24.000,LOCAL,3,"Decent, but could improve.",876,33718
6796,2025-06-19 21:50:48.000,LOCAL,2,Service was quite slow today.,871,33729
6797,2026-03-09 02:23:32.000,LOCAL,5,"Best in the area, no doubt.",876,33732
6798,2025-10-14 07:46:00.000,LOCAL,3,"Average experience, nothing special.",874,33743
6799,2025-06-09 04:46:28.000,LOCAL,5,"Best in the area, no doubt.",872,33744
6800,2025-10-11 00:25:18.000,LOCAL,4,Happy with my visit.,870,33746
6801,2025-11-03 10:10:19.000,LOCAL,4,Great service and friendly staff.,873,33750
6802,2026-02-17 11:06:26.000,LOCAL,1,Will not return.,870,33752
6803,2025-06-06 03:09:36.000,REMOTE,4,Solid experience overall.,873,33758
6804,2025-09-26 23:45:52.000,LOCAL,5,Will definitely be back!,874,33759
6805,2025-12-18 21:18:33.000,LOCAL,5,Will definitely be back!,873,33761
6806,2025-06-30 17:45:57.000,REMOTE,5,"Best in the area, no doubt.",871,33767
6807,2026-01-04 12:22:02.000,LOCAL,4,"Very good, would come again.",871,33768
6808,2026-03-24 09:25:32.000,REMOTE,2,Product did not meet my expectations.,873,33779
6809,2026-02-13 23:47:36.000,LOCAL,5,Excellent service! Highly recommended.,874,33782
6810,2025-10-20 19:28:15.000,LOCAL,5,Will definitely be back!,876,33785
6811,2026-01-12 08:42:58.000,REMOTE,5,Always a pleasure coming here.,874,33793
6812,2025-05-11 01:28:19.000,REMOTE,3,OK but not outstanding.,871,33805
6813,2025-07-15 17:13:36.000,REMOTE,4,Happy with my visit.,876,33811
6814,2026-02-24 13:48:55.000,LOCAL,4,Solid experience overall.,871,33817
6815,2025-06-03 08:46:25.000,LOCAL,3,"Decent, but could improve.",872,33819
6816,2025-11-07 23:25:47.000,LOCAL,5,Will definitely be back!,872,33821
6817,2025-08-07 14:06:59.000,REMOTE,1,Completely disappointed.,872,33830
6818,2025-12-17 01:11:26.000,LOCAL,5,Excellent service! Highly recommended.,876,33838
6819,2026-04-27 12:32:26.000,REMOTE,2,Staff could be more attentive.,874,33861
6820,2025-09-25 10:05:15.000,LOCAL,3,"Average experience, nothing special.",874,33862
6821,2026-01-06 07:45:13.000,REMOTE,5,Will definitely be back!,872,33867
6822,2026-04-03 00:42:46.000,REMOTE,5,Excellent service! Highly recommended.,876,33870
6823,2025-08-04 21:29:44.000,LOCAL,5,Excellent service! Highly recommended.,873,33873
6824,2025-07-07 00:54:27.000,REMOTE,4,"Very good, would come again.",874,33876
6825,2025-10-11 13:52:32.000,REMOTE,4,Solid experience overall.,874,33877
6826,2026-01-16 18:38:21.000,REMOTE,2,Service was quite slow today.,874,33878
6827,2025-09-08 13:34:55.000,LOCAL,2,Product did not meet my expectations.,873,33883
6828,2025-10-18 16:08:47.000,REMOTE,5,Excellent service! Highly recommended.,875,33885
6829,2026-02-06 23:59:28.000,REMOTE,5,"Best in the area, no doubt.",870,33888
6830,2025-08-31 00:11:18.000,LOCAL,5,Will definitely be back!,873,33892
6831,2025-10-03 07:16:22.000,REMOTE,5,Always a pleasure coming here.,871,33893
6832,2026-04-29 00:00:40.000,REMOTE,4,Solid experience overall.,870,33897
6833,2026-03-22 00:36:48.000,LOCAL,5,Always a pleasure coming here.,872,33900
6834,2025-08-09 17:26:49.000,REMOTE,2,Disappointing visit.,873,33908
6835,2025-07-07 03:38:09.000,LOCAL,5,Always a pleasure coming here.,872,33914
6836,2025-10-19 15:46:15.000,LOCAL,2,Product did not meet my expectations.,876,33923
6837,2026-02-20 15:25:07.000,REMOTE,5,Excellent service! Highly recommended.,873,33931
6838,2025-09-28 08:19:27.000,LOCAL,3,"Average experience, nothing special.",871,33932
6839,2026-02-03 20:40:49.000,REMOTE,3,Expected a bit more to be honest.,877,33942
6840,2026-02-07 20:11:59.000,LOCAL,5,"Best in the area, no doubt.",877,33944
6841,2026-01-17 11:32:14.000,LOCAL,5,Excellent service! Highly recommended.,877,33949
6842,2026-02-08 10:17:08.000,REMOTE,4,Great service and friendly staff.,877,33950
6843,2026-04-11 09:13:51.000,REMOTE,3,"Average experience, nothing special.",877,33956
6844,2025-09-27 08:33:27.000,LOCAL,4,"Very good, would come again.",877,33963
6845,2025-08-06 17:50:03.000,LOCAL,5,Excellent service! Highly recommended.,877,33965
6846,2025-09-24 23:18:54.000,LOCAL,4,Great service and friendly staff.,877,33967
6847,2025-07-11 01:15:06.000,LOCAL,5,"Best in the area, no doubt.",877,33969
6848,2025-07-13 19:50:20.000,REMOTE,3,Expected a bit more to be honest.,879,34004
6849,2025-10-27 11:03:45.000,LOCAL,5,"Best in the area, no doubt.",879,34007
6850,2026-03-26 06:17:22.000,REMOTE,3,Expected a bit more to be honest.,879,34008
6851,2025-06-24 08:42:33.000,LOCAL,5,"Best in the area, no doubt.",879,34017
6852,2025-07-24 09:05:04.000,REMOTE,5,"Best in the area, no doubt.",878,34020
6853,2025-09-16 15:03:55.000,LOCAL,1,Will not return.,879,34024
6854,2025-08-20 16:03:19.000,REMOTE,1,Not what I expected at all.,879,34025
6855,2025-05-31 16:22:54.000,REMOTE,2,Service was quite slow today.,878,34027
6856,2025-07-09 05:46:15.000,REMOTE,1,Will not return.,879,34029
6857,2025-12-04 06:57:01.000,REMOTE,4,Solid experience overall.,879,34035
6858,2025-05-24 09:13:40.000,REMOTE,3,OK but not outstanding.,878,34039
6859,2026-03-19 10:41:02.000,REMOTE,1,Not what I expected at all.,879,34043
6860,2025-07-07 03:23:30.000,LOCAL,5,Always a pleasure coming here.,879,34058
6861,2026-04-18 13:10:20.000,REMOTE,5,Excellent service! Highly recommended.,878,34061
6862,2025-05-11 20:19:53.000,LOCAL,2,Service was quite slow today.,878,34063
6863,2026-04-27 01:08:20.000,REMOTE,3,Expected a bit more to be honest.,878,34066
6864,2025-11-27 10:45:52.000,LOCAL,2,Staff could be more attentive.,879,34071
6865,2025-12-22 20:58:28.000,REMOTE,4,"Very good, would come again.",878,34077
6866,2025-12-08 06:00:31.000,LOCAL,5,Will definitely be back!,878,34080
6867,2025-12-03 22:28:29.000,REMOTE,4,Happy with my visit.,878,34085
6868,2025-11-17 14:14:31.000,LOCAL,4,"Very good, would come again.",878,34086
6869,2025-08-12 21:42:11.000,REMOTE,1,Not what I expected at all.,878,34087
6870,2026-01-11 22:39:48.000,REMOTE,5,Always a pleasure coming here.,879,34088
6871,2026-01-07 03:15:10.000,LOCAL,4,Great service and friendly staff.,879,34093
6872,2025-12-28 04:55:05.000,LOCAL,2,Disappointing visit.,878,34094
6873,2025-07-06 16:23:44.000,REMOTE,3,"Decent, but could improve.",879,34096
6874,2025-08-17 16:01:34.000,LOCAL,4,"Very good, would come again.",878,34097
6875,2025-10-09 11:08:59.000,REMOTE,5,"Best in the area, no doubt.",878,34101
6876,2026-01-17 22:40:12.000,LOCAL,1,Will not return.,879,34107
6877,2026-01-23 01:56:44.000,REMOTE,3,Expected a bit more to be honest.,879,34111
6878,2026-02-01 22:02:50.000,REMOTE,4,"Very good, would come again.",879,34115
6879,2026-04-01 14:41:07.000,REMOTE,1,Completely disappointed.,879,34116
6880,2025-07-23 23:48:59.000,REMOTE,4,Great service and friendly staff.,878,34121
6881,2025-05-16 21:26:48.000,LOCAL,4,Great service and friendly staff.,878,34131
6882,2025-07-12 21:24:09.000,REMOTE,4,Happy with my visit.,878,34133
6883,2025-06-21 05:21:32.000,REMOTE,3,"Average experience, nothing special.",879,34143
6884,2025-11-29 04:44:33.000,LOCAL,3,"Decent, but could improve.",878,34146
6885,2025-10-26 18:13:31.000,REMOTE,5,Always a pleasure coming here.,879,34150
6886,2025-07-08 04:34:16.000,REMOTE,5,Excellent service! Highly recommended.,879,34151
6887,2025-09-26 12:54:08.000,REMOTE,5,Always a pleasure coming here.,878,34173
6888,2025-08-06 12:14:13.000,LOCAL,5,"Best in the area, no doubt.",878,34175
6889,2025-10-18 04:51:21.000,LOCAL,5,Always a pleasure coming here.,879,34185
6890,2025-08-26 13:33:12.000,REMOTE,5,Always a pleasure coming here.,879,34187
6891,2025-12-12 05:56:35.000,LOCAL,2,Product did not meet my expectations.,879,34199
6892,2025-11-21 04:46:05.000,LOCAL,4,Great service and friendly staff.,878,34203
6893,2025-07-15 05:18:19.000,REMOTE,3,"Decent, but could improve.",878,34207
6894,2025-11-13 17:00:59.000,REMOTE,2,Staff could be more attentive.,878,34211
6895,2025-08-02 03:30:25.000,LOCAL,4,Solid experience overall.,879,34217
6896,2026-02-22 00:39:55.000,LOCAL,5,Excellent service! Highly recommended.,878,34220
6897,2025-10-01 18:02:12.000,REMOTE,5,"Best in the area, no doubt.",879,34222
6898,2025-05-31 19:48:39.000,LOCAL,3,"Average experience, nothing special.",878,34226
6899,2025-07-21 08:32:03.000,REMOTE,5,Will definitely be back!,879,34232
6900,2025-12-23 10:44:30.000,LOCAL,5,Always a pleasure coming here.,878,34234
6901,2025-11-04 16:39:53.000,REMOTE,4,"Very good, would come again.",879,34235
6902,2025-08-03 07:50:33.000,LOCAL,4,"Very good, would come again.",879,34250
6903,2025-05-30 10:17:37.000,REMOTE,4,"Very good, would come again.",878,34251
6904,2026-01-05 10:01:15.000,REMOTE,4,Great service and friendly staff.,878,34259
6905,2025-09-16 13:09:40.000,REMOTE,5,Excellent service! Highly recommended.,879,34265
6906,2025-10-19 10:06:11.000,REMOTE,5,Will definitely be back!,878,34268
6907,2026-01-19 05:18:29.000,REMOTE,4,Happy with my visit.,878,34271
6908,2025-06-27 01:19:03.000,LOCAL,4,Solid experience overall.,879,34277
6909,2025-10-24 18:53:07.000,LOCAL,4,Solid experience overall.,878,34280
6910,2025-07-02 01:13:16.000,LOCAL,4,Solid experience overall.,878,34289
6911,2026-01-07 14:42:39.000,REMOTE,4,"Very good, would come again.",879,34293
6912,2025-12-21 08:01:58.000,REMOTE,5,Will definitely be back!,879,34294
6913,2025-12-17 01:55:52.000,REMOTE,5,Excellent service! Highly recommended.,879,34297
6914,2026-02-21 04:57:29.000,LOCAL,5,Excellent service! Highly recommended.,880,34303
6915,2025-09-06 08:53:24.000,REMOTE,5,"Best in the area, no doubt.",881,34307
6916,2026-04-27 01:30:50.000,LOCAL,4,Happy with my visit.,881,34316
6917,2026-01-30 17:16:04.000,REMOTE,2,Product did not meet my expectations.,881,34322
6918,2025-08-27 11:57:53.000,REMOTE,2,Service was quite slow today.,880,34324
6919,2025-06-28 14:40:30.000,LOCAL,4,Great service and friendly staff.,880,34327
6920,2025-08-30 10:10:34.000,REMOTE,3,Expected a bit more to be honest.,880,34332
6921,2025-07-19 07:28:36.000,REMOTE,5,"Best in the area, no doubt.",881,34333
6922,2025-12-26 12:37:44.000,LOCAL,4,Solid experience overall.,880,34343
6923,2025-07-08 11:41:21.000,LOCAL,2,Staff could be more attentive.,880,34347
6924,2025-12-07 05:53:43.000,REMOTE,5,Will definitely be back!,881,34354
6925,2026-04-12 09:38:20.000,LOCAL,5,Always a pleasure coming here.,880,34362
6926,2025-11-02 02:37:58.000,REMOTE,3,OK but not outstanding.,882,34374
6927,2026-01-26 19:56:18.000,REMOTE,5,Excellent service! Highly recommended.,882,34376
6928,2026-03-23 23:09:55.000,LOCAL,3,"Average experience, nothing special.",882,34382
6929,2025-05-18 06:59:07.000,LOCAL,3,"Decent, but could improve.",884,34387
6930,2026-01-12 17:32:16.000,REMOTE,2,Staff could be more attentive.,884,34394
6931,2025-09-15 02:11:35.000,LOCAL,4,Great service and friendly staff.,884,34398
6932,2025-12-04 00:00:30.000,REMOTE,4,"Very good, would come again.",884,34403
6933,2025-08-18 15:07:58.000,LOCAL,3,"Average experience, nothing special.",884,34407
6934,2025-06-03 23:15:53.000,LOCAL,4,"Very good, would come again.",884,34409
6935,2026-04-06 06:08:17.000,REMOTE,5,"Best in the area, no doubt.",884,34423
6936,2025-05-24 15:23:01.000,LOCAL,4,Great service and friendly staff.,884,34425
6937,2026-02-18 14:14:33.000,REMOTE,5,Will definitely be back!,884,34426
6938,2026-03-18 07:34:15.000,REMOTE,4,Happy with my visit.,884,34427
6939,2025-06-11 12:00:59.000,LOCAL,1,Very poor service.,887,34433
6940,2025-10-20 21:13:39.000,LOCAL,4,Solid experience overall.,885,34435
6941,2025-08-10 11:55:59.000,LOCAL,2,Service was quite slow today.,887,34436
6942,2025-09-20 15:12:11.000,REMOTE,2,Product did not meet my expectations.,886,34437
6943,2026-04-03 06:44:43.000,REMOTE,4,Happy with my visit.,885,34441
6944,2025-09-23 04:00:11.000,LOCAL,4,Great service and friendly staff.,887,34443
6945,2025-09-14 14:14:24.000,REMOTE,3,Expected a bit more to be honest.,885,34446
6946,2025-07-03 03:20:25.000,REMOTE,5,Will definitely be back!,885,34449
6947,2026-04-05 13:33:08.000,REMOTE,1,Will not return.,887,34472
6948,2025-10-19 13:36:16.000,LOCAL,3,OK but not outstanding.,887,34475
6949,2025-09-01 07:39:38.000,LOCAL,5,Always a pleasure coming here.,886,34476
6950,2025-10-13 18:04:48.000,LOCAL,5,Always a pleasure coming here.,886,34481
6951,2025-06-18 08:44:46.000,LOCAL,4,"Very good, would come again.",887,34486
6952,2026-04-24 23:24:28.000,LOCAL,4,Great service and friendly staff.,886,34503
6953,2026-01-28 11:10:33.000,LOCAL,4,"Very good, would come again.",885,34510
6954,2025-06-07 20:40:17.000,LOCAL,4,Great service and friendly staff.,885,34517
6955,2025-08-25 08:48:08.000,REMOTE,1,Will not return.,887,34524
6956,2025-12-04 01:57:06.000,LOCAL,5,Excellent service! Highly recommended.,887,34531
6957,2025-11-02 04:25:10.000,LOCAL,3,"Average experience, nothing special.",886,34545
6958,2025-09-16 00:32:45.000,LOCAL,3,"Average experience, nothing special.",885,34547
6959,2025-08-18 18:09:45.000,LOCAL,4,Great service and friendly staff.,890,34556
6960,2025-08-11 07:01:19.000,LOCAL,5,Always a pleasure coming here.,888,34559
6961,2026-02-27 14:00:45.000,LOCAL,4,"Very good, would come again.",888,34565
6962,2026-01-11 12:36:27.000,REMOTE,5,Excellent service! Highly recommended.,890,34571
6963,2025-08-15 22:46:38.000,REMOTE,2,Disappointing visit.,889,34574
6964,2025-09-10 05:56:26.000,REMOTE,3,Expected a bit more to be honest.,889,34577
6965,2025-11-30 09:47:11.000,REMOTE,4,Solid experience overall.,890,34578
6966,2025-06-29 07:21:49.000,LOCAL,5,Will definitely be back!,890,34581
6967,2025-05-12 01:38:56.000,LOCAL,5,Will definitely be back!,889,34587
6968,2025-05-09 21:59:14.000,REMOTE,2,Staff could be more attentive.,888,34591
6969,2025-05-13 04:20:13.000,LOCAL,5,Always a pleasure coming here.,888,34598
6970,2025-07-15 15:42:08.000,REMOTE,1,Very poor service.,888,34600
6971,2025-09-17 22:44:02.000,LOCAL,5,"Best in the area, no doubt.",890,34606
6972,2025-07-16 06:10:31.000,REMOTE,1,Will not return.,889,34610
6973,2025-08-11 18:46:05.000,REMOTE,3,"Average experience, nothing special.",891,34612
6974,2025-07-31 15:34:09.000,LOCAL,5,Will definitely be back!,892,34613
6975,2025-12-14 13:16:38.000,REMOTE,4,Great service and friendly staff.,891,34614
6976,2025-12-29 05:25:35.000,REMOTE,5,"Best in the area, no doubt.",892,34626
6977,2025-09-21 10:31:45.000,REMOTE,5,Always a pleasure coming here.,892,34627
6978,2025-07-14 08:00:41.000,REMOTE,5,Will definitely be back!,892,34628
6979,2026-01-18 00:36:23.000,REMOTE,4,Great service and friendly staff.,891,34633
6980,2025-11-25 19:38:29.000,LOCAL,1,Very poor service.,892,34636
6981,2025-07-29 22:31:30.000,REMOTE,5,Always a pleasure coming here.,892,34639
6982,2025-07-02 02:23:31.000,REMOTE,4,Great service and friendly staff.,891,34640
6983,2026-01-22 04:34:50.000,REMOTE,5,"Best in the area, no doubt.",891,34643
6984,2025-08-21 02:58:11.000,LOCAL,4,Great service and friendly staff.,891,34647
6985,2026-05-03 15:01:02.000,LOCAL,3,"Decent, but could improve.",892,34651
6986,2025-12-02 20:39:18.000,REMOTE,4,Happy with my visit.,892,34655
6987,2026-01-27 08:16:21.000,REMOTE,4,Great service and friendly staff.,891,34658
6988,2025-09-28 17:53:05.000,REMOTE,4,Solid experience overall.,891,34661
6989,2025-05-16 20:20:13.000,REMOTE,3,"Decent, but could improve.",892,34662
6990,2025-09-16 09:28:16.000,LOCAL,5,Always a pleasure coming here.,891,34663
6991,2026-04-07 05:04:16.000,REMOTE,1,Not what I expected at all.,892,34664
6992,2025-11-17 13:37:49.000,REMOTE,5,"Best in the area, no doubt.",891,34671
6993,2026-01-25 20:57:53.000,LOCAL,1,Very poor service.,892,34672
6994,2025-07-01 21:33:49.000,LOCAL,5,Always a pleasure coming here.,891,34680
6995,2025-10-04 08:15:01.000,REMOTE,5,"Best in the area, no doubt.",892,34691
6996,2026-04-10 06:52:46.000,REMOTE,4,"Very good, would come again.",892,34706
6997,2025-06-15 19:58:06.000,LOCAL,3,OK but not outstanding.,893,34712
6998,2026-03-09 10:14:54.000,LOCAL,3,Expected a bit more to be honest.,893,34719
6999,2025-08-31 11:15:05.000,REMOTE,3,OK but not outstanding.,893,34722
7000,2025-07-26 04:13:35.000,LOCAL,3,"Decent, but could improve.",893,34736
7001,2026-02-05 22:49:56.000,REMOTE,4,Great service and friendly staff.,893,34749
7002,2025-10-21 10:06:36.000,REMOTE,2,Product did not meet my expectations.,893,34755
7003,2025-09-15 21:45:27.000,LOCAL,5,"Best in the area, no doubt.",893,34757
7004,2026-05-08 10:43:35.000,LOCAL,3,"Average experience, nothing special.",893,34759
7005,2026-03-29 23:31:42.000,LOCAL,2,Service was quite slow today.,893,34762
7006,2026-04-03 14:17:33.000,REMOTE,4,Solid experience overall.,893,34771
7007,2025-11-08 17:38:53.000,LOCAL,5,Will definitely be back!,893,34773
7008,2025-10-27 02:13:45.000,LOCAL,2,Service was quite slow today.,893,34783
7009,2025-06-28 05:04:40.000,LOCAL,5,Excellent service! Highly recommended.,893,34785
7010,2025-07-22 01:56:05.000,REMOTE,5,"Best in the area, no doubt.",894,34793
7011,2026-04-01 21:46:30.000,REMOTE,2,Product did not meet my expectations.,894,34797
7012,2025-05-18 20:22:53.000,REMOTE,3,OK but not outstanding.,894,34798
7013,2025-10-07 00:35:02.000,REMOTE,4,Happy with my visit.,894,34802
7014,2026-04-06 00:10:44.000,LOCAL,4,Great service and friendly staff.,894,34809
7015,2025-08-11 00:52:19.000,REMOTE,4,Solid experience overall.,894,34817
7016,2025-12-20 19:42:38.000,REMOTE,1,Completely disappointed.,894,34831
7017,2025-06-23 04:29:20.000,REMOTE,4,"Very good, would come again.",894,34834
7018,2025-06-30 01:06:48.000,LOCAL,5,"Best in the area, no doubt.",894,34835
7019,2026-04-22 12:21:20.000,REMOTE,4,Great service and friendly staff.,894,34838
7020,2025-05-21 05:22:48.000,LOCAL,5,Always a pleasure coming here.,897,34840
7021,2025-05-30 09:03:34.000,REMOTE,3,"Average experience, nothing special.",895,34852
7022,2026-01-09 06:29:25.000,REMOTE,5,Always a pleasure coming here.,896,34857
7023,2026-04-26 17:33:18.000,LOCAL,5,Always a pleasure coming here.,896,34862
7024,2025-10-23 07:04:03.000,LOCAL,3,"Average experience, nothing special.",896,34871
7025,2025-12-10 19:39:04.000,LOCAL,3,OK but not outstanding.,898,34874
7026,2025-06-28 07:09:12.000,LOCAL,1,Completely disappointed.,896,34876
7027,2025-09-14 10:27:59.000,REMOTE,5,"Best in the area, no doubt.",897,34886
7028,2026-03-23 17:17:33.000,REMOTE,5,Excellent service! Highly recommended.,895,34890
7029,2025-10-08 15:38:16.000,REMOTE,4,Happy with my visit.,895,34893
7030,2025-06-28 19:29:28.000,REMOTE,5,Always a pleasure coming here.,898,34899
7031,2025-09-22 02:12:18.000,REMOTE,2,Product did not meet my expectations.,895,34904
7032,2026-02-11 11:09:03.000,LOCAL,5,Always a pleasure coming here.,896,34905
7033,2025-06-28 19:40:30.000,REMOTE,5,Will definitely be back!,897,34909
7034,2025-07-17 02:00:53.000,REMOTE,4,Great service and friendly staff.,897,34912
7035,2025-07-02 09:31:39.000,REMOTE,5,Will definitely be back!,896,34915
7036,2025-07-12 02:03:16.000,REMOTE,4,Solid experience overall.,895,34921
7037,2025-10-22 09:42:00.000,REMOTE,5,Always a pleasure coming here.,897,34926
7038,2026-02-26 10:26:13.000,REMOTE,5,Will definitely be back!,896,34933
7039,2025-11-28 07:52:15.000,REMOTE,5,Will definitely be back!,896,34935
7040,2026-03-08 00:52:43.000,LOCAL,5,Excellent service! Highly recommended.,898,34941
7041,2025-11-26 20:38:02.000,LOCAL,5,Will definitely be back!,896,34945
7042,2025-07-10 11:06:54.000,LOCAL,3,"Decent, but could improve.",895,34952
7043,2026-04-04 08:59:45.000,LOCAL,3,OK but not outstanding.,895,34958
7044,2025-06-07 09:04:05.000,LOCAL,4,"Very good, would come again.",895,34962
7045,2025-12-24 07:31:06.000,LOCAL,5,Excellent service! Highly recommended.,895,34970
7046,2025-05-18 11:47:39.000,LOCAL,4,"Very good, would come again.",898,34973
7047,2026-02-12 01:10:29.000,REMOTE,4,Solid experience overall.,898,34978
7048,2025-09-16 18:11:23.000,REMOTE,5,Will definitely be back!,897,34980
7049,2025-09-05 20:36:37.000,REMOTE,3,OK but not outstanding.,896,34988
7050,2025-12-20 16:11:51.000,LOCAL,2,Disappointing visit.,895,34989
7051,2025-08-20 04:12:24.000,LOCAL,3,OK but not outstanding.,897,34990
7052,2025-12-21 00:23:38.000,LOCAL,5,Excellent service! Highly recommended.,898,34998
7053,2025-06-25 03:10:21.000,REMOTE,5,"Best in the area, no doubt.",896,35006
7054,2025-07-20 02:05:04.000,LOCAL,5,"Best in the area, no doubt.",898,35007
7055,2025-11-19 03:38:07.000,REMOTE,5,Always a pleasure coming here.,897,35013
7056,2025-08-17 06:06:25.000,REMOTE,3,OK but not outstanding.,896,35017
7057,2025-11-14 14:36:34.000,LOCAL,4,Great service and friendly staff.,895,35024
7058,2025-06-16 03:34:58.000,LOCAL,2,Product did not meet my expectations.,899,35028
7059,2026-03-17 14:48:48.000,LOCAL,4,Solid experience overall.,900,35029
7060,2025-10-27 01:57:52.000,REMOTE,4,Happy with my visit.,899,35034
7061,2026-04-23 03:41:15.000,REMOTE,5,Will definitely be back!,900,35035
7062,2026-04-15 19:23:21.000,LOCAL,5,Always a pleasure coming here.,900,35044
7063,2025-05-28 19:41:56.000,REMOTE,4,Solid experience overall.,899,35046
7064,2026-03-24 00:03:14.000,REMOTE,4,Happy with my visit.,899,35048
7065,2025-08-05 20:44:38.000,REMOTE,5,Excellent service! Highly recommended.,899,35051
7066,2026-02-11 07:19:07.000,LOCAL,5,Will definitely be back!,899,35056
7067,2026-01-10 03:06:37.000,REMOTE,3,"Average experience, nothing special.",899,35058
7068,2026-01-11 14:18:13.000,LOCAL,4,Solid experience overall.,900,35060
7069,2025-11-12 10:45:03.000,LOCAL,5,Always a pleasure coming here.,900,35063
7070,2025-09-04 11:23:38.000,REMOTE,5,"Best in the area, no doubt.",899,35064
7071,2025-08-09 01:41:21.000,LOCAL,4,Happy with my visit.,899,35067
7072,2025-07-25 07:12:04.000,REMOTE,5,"Best in the area, no doubt.",899,35072
7073,2025-08-03 00:08:04.000,REMOTE,5,Always a pleasure coming here.,899,35074
7074,2025-06-14 04:04:55.000,LOCAL,5,Will definitely be back!,900,35076
7075,2026-01-23 16:33:49.000,REMOTE,3,"Decent, but could improve.",899,35079
7076,2025-12-18 02:53:55.000,REMOTE,4,Happy with my visit.,902,35090
7077,2025-11-11 22:11:31.000,LOCAL,2,Product did not meet my expectations.,902,35096
7078,2026-04-12 08:30:18.000,REMOTE,3,"Decent, but could improve.",901,35107
7079,2025-08-08 15:23:28.000,REMOTE,5,Always a pleasure coming here.,902,35112
7080,2025-10-29 11:43:21.000,LOCAL,3,Expected a bit more to be honest.,901,35113
7081,2025-05-13 18:30:53.000,REMOTE,2,Disappointing visit.,901,35114
7082,2025-11-25 22:49:27.000,LOCAL,4,Great service and friendly staff.,902,35116
7083,2025-08-25 02:54:25.000,REMOTE,2,Service was quite slow today.,901,35117
7084,2025-07-24 19:55:21.000,LOCAL,2,Service was quite slow today.,901,35120
7085,2026-03-04 11:38:40.000,REMOTE,2,Staff could be more attentive.,904,35129
7086,2026-04-08 06:59:29.000,LOCAL,5,Will definitely be back!,904,35131
7087,2025-10-04 21:00:03.000,REMOTE,5,Will definitely be back!,903,35133
7088,2026-03-09 11:17:08.000,LOCAL,3,"Decent, but could improve.",904,35136
7089,2025-11-28 10:08:10.000,LOCAL,5,Excellent service! Highly recommended.,904,35139
7090,2025-12-01 18:13:58.000,LOCAL,5,Will definitely be back!,904,35143
7091,2026-04-07 06:23:43.000,REMOTE,4,Great service and friendly staff.,903,35144
7092,2026-01-06 22:49:18.000,LOCAL,5,Excellent service! Highly recommended.,904,35146
7093,2026-04-12 08:06:07.000,REMOTE,3,OK but not outstanding.,903,35152
7094,2025-09-02 11:14:23.000,REMOTE,5,"Best in the area, no doubt.",905,35154
7095,2025-06-24 10:28:29.000,REMOTE,5,Excellent service! Highly recommended.,908,35156
7096,2025-08-23 22:19:59.000,LOCAL,1,Will not return.,907,35162
7097,2025-11-26 12:11:42.000,REMOTE,4,Solid experience overall.,908,35164
7098,2025-12-19 21:37:44.000,LOCAL,5,Excellent service! Highly recommended.,908,35167
7099,2025-06-09 00:21:53.000,REMOTE,5,"Best in the area, no doubt.",909,35172
7100,2025-09-20 19:01:16.000,LOCAL,2,Staff could be more attentive.,906,35173
7101,2025-11-23 12:55:32.000,LOCAL,4,Solid experience overall.,906,35177
7102,2025-12-11 22:01:53.000,LOCAL,3,"Decent, but could improve.",908,35185
7103,2026-01-18 15:14:27.000,LOCAL,5,"Best in the area, no doubt.",907,35187
7104,2026-03-15 13:51:04.000,LOCAL,5,"Best in the area, no doubt.",907,35192
7105,2025-12-30 08:22:11.000,LOCAL,4,"Very good, would come again.",909,35201
7106,2025-12-23 02:07:13.000,REMOTE,5,Will definitely be back!,909,35203
7107,2025-09-27 23:40:00.000,LOCAL,5,"Best in the area, no doubt.",906,35206
7108,2025-12-01 12:25:19.000,REMOTE,4,Solid experience overall.,905,35208
7109,2026-03-30 21:36:34.000,LOCAL,4,"Very good, would come again.",908,35209
7110,2025-05-17 03:21:57.000,LOCAL,1,Completely disappointed.,906,35215
7111,2025-08-07 03:26:45.000,REMOTE,5,Excellent service! Highly recommended.,906,35219
7112,2025-06-16 10:56:40.000,REMOTE,5,"Best in the area, no doubt.",906,35226
7113,2025-09-09 16:52:40.000,LOCAL,1,Completely disappointed.,909,35229
7114,2025-06-01 18:43:41.000,LOCAL,4,Great service and friendly staff.,907,35235
7115,2025-07-10 15:51:49.000,LOCAL,2,Disappointing visit.,907,35237
7116,2026-04-11 02:38:27.000,LOCAL,1,Completely disappointed.,907,35259
7117,2025-07-10 04:51:03.000,LOCAL,3,"Decent, but could improve.",906,35268
7118,2025-10-04 12:32:01.000,LOCAL,4,Happy with my visit.,907,35271
7119,2025-07-31 01:12:43.000,REMOTE,3,"Average experience, nothing special.",906,35272
7120,2025-06-23 04:48:56.000,LOCAL,1,Very poor service.,907,35276
7121,2026-02-16 18:49:12.000,LOCAL,2,Product did not meet my expectations.,907,35282
7122,2025-06-15 03:12:28.000,LOCAL,5,Always a pleasure coming here.,909,35284
7123,2025-11-01 02:37:14.000,REMOTE,4,Solid experience overall.,908,35307
7124,2025-10-02 07:28:28.000,REMOTE,4,"Very good, would come again.",906,35331
7125,2025-06-25 10:22:53.000,LOCAL,2,Service was quite slow today.,906,35334
7126,2025-05-20 20:53:05.000,REMOTE,2,Service was quite slow today.,909,35343
7127,2026-03-17 09:42:31.000,LOCAL,3,OK but not outstanding.,908,35345
7128,2026-02-02 02:32:43.000,REMOTE,4,Happy with my visit.,905,35349
7129,2025-10-10 16:06:10.000,LOCAL,3,Expected a bit more to be honest.,906,35356
7130,2025-11-25 20:33:23.000,LOCAL,2,Product did not meet my expectations.,909,35363
7131,2026-02-19 17:11:58.000,REMOTE,1,Completely disappointed.,908,35365
7132,2025-08-08 12:30:55.000,REMOTE,2,Staff could be more attentive.,909,35372
7133,2025-07-08 20:30:09.000,LOCAL,1,Not what I expected at all.,907,35373
7134,2026-01-10 05:08:35.000,LOCAL,4,Great service and friendly staff.,909,35384
7135,2025-06-18 04:25:30.000,REMOTE,5,Will definitely be back!,910,35397
7136,2026-01-05 03:30:43.000,REMOTE,5,"Best in the area, no doubt.",910,35414
7137,2026-05-05 08:05:50.000,LOCAL,4,Happy with my visit.,910,35416
7138,2025-06-05 15:49:49.000,LOCAL,5,Will definitely be back!,910,35425
7139,2026-01-09 05:51:07.000,LOCAL,5,Will definitely be back!,910,35430
7140,2026-04-02 14:19:28.000,REMOTE,5,Will definitely be back!,910,35435
7141,2026-02-12 08:29:07.000,LOCAL,5,Excellent service! Highly recommended.,910,35439
7142,2025-08-30 11:35:46.000,REMOTE,3,"Decent, but could improve.",910,35441
7143,2025-06-05 15:44:19.000,LOCAL,5,Always a pleasure coming here.,910,35445
7144,2025-11-07 18:36:37.000,LOCAL,1,Very poor service.,910,35446
7145,2026-01-17 07:17:53.000,REMOTE,5,Excellent service! Highly recommended.,910,35448
7146,2025-11-28 09:14:45.000,LOCAL,4,Great service and friendly staff.,910,35454
7147,2025-12-24 22:54:13.000,REMOTE,5,Will definitely be back!,910,35456
7148,2025-08-17 12:49:12.000,REMOTE,4,"Very good, would come again.",910,35463
7149,2026-01-18 05:51:52.000,LOCAL,4,Happy with my visit.,910,35464
7150,2026-04-27 02:39:37.000,LOCAL,5,Excellent service! Highly recommended.,910,35468
7151,2026-04-26 07:20:06.000,LOCAL,5,Will definitely be back!,910,35479
7152,2026-03-10 10:03:29.000,LOCAL,5,"Best in the area, no doubt.",910,35480
7153,2025-06-01 08:52:50.000,REMOTE,4,Happy with my visit.,910,35482
7154,2025-10-16 16:08:31.000,REMOTE,2,Staff could be more attentive.,910,35491
7155,2025-07-07 18:27:28.000,LOCAL,4,Solid experience overall.,911,35504
7156,2025-11-15 20:52:00.000,LOCAL,5,Will definitely be back!,911,35512
7157,2025-11-30 05:09:29.000,LOCAL,4,"Very good, would come again.",911,35516
7158,2025-09-25 10:44:46.000,LOCAL,4,Happy with my visit.,911,35521
7159,2025-11-11 08:26:32.000,LOCAL,4,"Very good, would come again.",913,35524
7160,2025-07-14 01:22:38.000,LOCAL,4,"Very good, would come again.",912,35525
7161,2025-08-22 01:41:02.000,LOCAL,5,Excellent service! Highly recommended.,913,35543
7162,2025-08-16 00:41:59.000,REMOTE,4,"Very good, would come again.",912,35552
7163,2025-06-13 02:35:23.000,LOCAL,2,Staff could be more attentive.,913,35564
7164,2025-10-26 21:45:20.000,LOCAL,5,Always a pleasure coming here.,913,35567
7165,2025-11-25 08:18:24.000,LOCAL,4,Happy with my visit.,912,35570
7166,2026-01-04 09:24:07.000,LOCAL,4,"Very good, would come again.",913,35571
7167,2026-02-04 05:23:51.000,REMOTE,5,Always a pleasure coming here.,913,35573
7168,2025-12-03 10:57:45.000,REMOTE,5,Will definitely be back!,913,35578
7169,2026-01-19 02:56:03.000,REMOTE,5,Will definitely be back!,914,35591
7170,2026-01-18 05:49:10.000,REMOTE,5,Always a pleasure coming here.,915,35598
7171,2025-11-24 17:27:05.000,LOCAL,2,Product did not meet my expectations.,915,35604
7172,2025-05-29 04:46:33.000,LOCAL,5,Will definitely be back!,914,35620
7173,2025-10-14 02:28:46.000,REMOTE,5,Always a pleasure coming here.,914,35621
7174,2025-11-07 14:39:47.000,LOCAL,3,"Average experience, nothing special.",914,35623
7175,2026-03-20 10:50:45.000,LOCAL,4,Solid experience overall.,917,35629
7176,2025-09-11 19:30:05.000,REMOTE,4,Great service and friendly staff.,917,35633
7177,2026-03-07 15:35:22.000,LOCAL,5,Will definitely be back!,916,35639
7178,2025-06-29 05:08:39.000,REMOTE,2,Staff could be more attentive.,919,35645
7179,2025-05-27 05:07:10.000,LOCAL,5,"Best in the area, no doubt.",918,35647
7180,2026-03-19 03:35:49.000,REMOTE,2,Product did not meet my expectations.,918,35652
7181,2025-09-27 05:21:50.000,REMOTE,4,"Very good, would come again.",918,35658
7182,2025-08-05 16:29:41.000,REMOTE,4,"Very good, would come again.",919,35671
7183,2025-12-19 00:11:32.000,LOCAL,5,Always a pleasure coming here.,919,35676
7184,2025-10-27 08:27:39.000,LOCAL,3,"Decent, but could improve.",919,35677
7185,2025-10-02 16:50:07.000,REMOTE,4,Happy with my visit.,918,35683
7186,2025-06-18 19:00:56.000,LOCAL,5,Excellent service! Highly recommended.,918,35685
7187,2026-01-09 03:12:47.000,REMOTE,4,Happy with my visit.,919,35687
7188,2025-11-06 20:42:39.000,LOCAL,2,Product did not meet my expectations.,921,35698
7189,2025-06-17 13:12:08.000,REMOTE,4,Great service and friendly staff.,923,35700
7190,2025-10-06 16:15:48.000,REMOTE,5,"Best in the area, no doubt.",920,35701
7191,2026-04-05 22:33:46.000,REMOTE,3,"Decent, but could improve.",922,35702
7192,2026-03-06 07:40:01.000,LOCAL,1,Will not return.,921,35704
7193,2026-03-27 07:10:51.000,LOCAL,4,Solid experience overall.,921,35706
7194,2025-07-22 20:08:59.000,REMOTE,4,Great service and friendly staff.,921,35710
7195,2026-03-21 05:06:04.000,LOCAL,5,Excellent service! Highly recommended.,922,35722
7196,2025-08-18 01:27:52.000,LOCAL,4,"Very good, would come again.",921,35736
7197,2026-02-10 08:20:03.000,LOCAL,1,Very poor service.,920,35737
7198,2026-02-09 07:38:42.000,LOCAL,4,Solid experience overall.,920,35740
7199,2026-03-01 16:41:02.000,LOCAL,5,Always a pleasure coming here.,922,35741
7200,2025-11-02 02:25:30.000,REMOTE,5,"Best in the area, no doubt.",920,35743
7201,2025-08-20 03:29:06.000,REMOTE,5,Always a pleasure coming here.,923,35744
7202,2025-11-11 15:23:41.000,REMOTE,4,Great service and friendly staff.,920,35746
7203,2026-03-15 10:45:11.000,LOCAL,3,"Average experience, nothing special.",921,35749
7204,2025-09-28 02:59:47.000,REMOTE,4,Great service and friendly staff.,921,35750
7205,2025-11-16 07:37:33.000,REMOTE,5,Always a pleasure coming here.,921,35751
7206,2026-01-26 00:19:54.000,LOCAL,5,Will definitely be back!,920,35752
7207,2026-01-13 23:15:16.000,LOCAL,4,Solid experience overall.,922,35765
7208,2025-09-08 08:29:21.000,LOCAL,4,Solid experience overall.,920,35774
7209,2025-08-20 01:27:14.000,REMOTE,4,"Very good, would come again.",920,35784
7210,2025-10-19 16:55:09.000,REMOTE,5,Always a pleasure coming here.,921,35794
7211,2025-09-13 04:45:37.000,LOCAL,5,Will definitely be back!,921,35795
7212,2025-12-23 21:31:11.000,REMOTE,3,"Decent, but could improve.",922,35808
7213,2025-10-28 10:10:38.000,LOCAL,5,Will definitely be back!,922,35809
7214,2025-12-05 00:50:14.000,REMOTE,1,Very poor service.,922,35812
7215,2025-09-06 21:44:15.000,LOCAL,5,Always a pleasure coming here.,922,35815
7216,2026-02-28 01:42:06.000,REMOTE,3,"Average experience, nothing special.",921,35817
7217,2025-05-10 17:22:03.000,LOCAL,2,Service was quite slow today.,921,35818
7218,2025-08-21 08:31:27.000,REMOTE,5,Will definitely be back!,921,35821
7219,2025-07-07 09:06:22.000,REMOTE,4,Solid experience overall.,920,35841
7220,2025-08-20 17:59:35.000,REMOTE,3,Expected a bit more to be honest.,923,35852
7221,2025-11-08 17:45:39.000,REMOTE,5,Always a pleasure coming here.,923,35857
7222,2025-09-27 05:43:05.000,REMOTE,4,Solid experience overall.,922,35859
7223,2026-01-12 19:43:43.000,LOCAL,1,Not what I expected at all.,921,35884
7224,2026-02-08 09:28:04.000,REMOTE,5,Will definitely be back!,920,35886
7225,2025-05-27 12:03:11.000,LOCAL,2,Product did not meet my expectations.,923,35887
7226,2025-11-20 11:32:05.000,LOCAL,5,Will definitely be back!,921,35895
7227,2026-03-15 05:04:06.000,REMOTE,5,"Best in the area, no doubt.",923,35896
7228,2025-07-17 17:14:30.000,LOCAL,5,"Best in the area, no doubt.",925,35899
7229,2026-01-22 17:27:45.000,REMOTE,4,Solid experience overall.,925,35901
7230,2025-05-15 08:04:09.000,REMOTE,2,Service was quite slow today.,924,35913
7231,2026-01-09 22:08:34.000,REMOTE,1,Very poor service.,924,35914
7232,2026-02-22 08:00:48.000,LOCAL,3,OK but not outstanding.,924,35918
7233,2025-06-08 08:30:06.000,REMOTE,3,Expected a bit more to be honest.,924,35921
7234,2025-10-05 18:51:56.000,LOCAL,4,Solid experience overall.,925,35922
7235,2025-06-26 13:39:02.000,REMOTE,4,"Very good, would come again.",925,35924
7236,2025-10-24 20:04:17.000,REMOTE,5,Excellent service! Highly recommended.,924,35926
7237,2025-05-11 20:21:14.000,REMOTE,5,Always a pleasure coming here.,924,35928
7238,2026-04-22 16:08:23.000,LOCAL,4,Great service and friendly staff.,925,35933
7239,2026-04-23 21:14:25.000,REMOTE,3,"Decent, but could improve.",925,35936
7240,2025-09-21 05:09:36.000,REMOTE,2,Disappointing visit.,924,35938
7241,2026-04-09 08:12:51.000,LOCAL,5,Will definitely be back!,925,35942
7242,2025-06-27 11:27:45.000,REMOTE,4,Happy with my visit.,925,35943
7243,2025-10-27 14:08:06.000,REMOTE,5,"Best in the area, no doubt.",924,35944
7244,2026-03-21 03:00:02.000,LOCAL,4,Great service and friendly staff.,928,35951
7245,2025-06-16 07:48:43.000,REMOTE,5,"Best in the area, no doubt.",928,35953
7246,2026-04-02 13:44:12.000,LOCAL,5,"Best in the area, no doubt.",929,35957
7247,2025-08-31 00:05:40.000,LOCAL,5,Excellent service! Highly recommended.,928,35962
7248,2025-05-11 11:52:10.000,REMOTE,5,"Best in the area, no doubt.",927,35966
7249,2025-12-21 05:07:42.000,LOCAL,5,Always a pleasure coming here.,928,35967
7250,2025-12-19 02:45:45.000,LOCAL,5,Always a pleasure coming here.,928,35971
7251,2025-06-02 16:11:37.000,REMOTE,4,"Very good, would come again.",926,35977
7252,2025-12-17 16:14:47.000,REMOTE,3,"Decent, but could improve.",927,35979
7253,2025-11-17 07:55:22.000,LOCAL,5,Always a pleasure coming here.,926,35980
7254,2025-11-21 21:34:55.000,LOCAL,2,Disappointing visit.,928,35988
7255,2025-07-14 10:36:32.000,REMOTE,5,"Best in the area, no doubt.",928,35989
7256,2025-09-19 11:23:32.000,LOCAL,1,Not what I expected at all.,926,35997
7257,2026-03-22 06:28:59.000,LOCAL,5,"Best in the area, no doubt.",928,35998
7258,2026-04-14 22:22:09.000,LOCAL,4,Happy with my visit.,927,35999
7259,2026-01-10 11:15:20.000,LOCAL,4,Happy with my visit.,929,36007
7260,2025-05-19 23:25:20.000,LOCAL,2,Product did not meet my expectations.,927,36010
7261,2026-04-05 16:01:35.000,LOCAL,2,Staff could be more attentive.,928,36012
7262,2025-12-19 06:11:33.000,REMOTE,3,"Decent, but could improve.",928,36025
7263,2025-07-17 09:36:02.000,LOCAL,1,Completely disappointed.,926,36026
7264,2026-01-05 14:34:38.000,REMOTE,5,Always a pleasure coming here.,926,36028
7265,2025-11-18 10:43:25.000,REMOTE,5,"Best in the area, no doubt.",928,36034
7266,2026-03-06 02:16:54.000,REMOTE,4,"Very good, would come again.",928,36035
7267,2026-04-19 12:30:45.000,REMOTE,5,Excellent service! Highly recommended.,927,36036
7268,2025-10-16 06:56:46.000,LOCAL,4,Happy with my visit.,927,36040
7269,2025-12-18 21:34:59.000,LOCAL,3,OK but not outstanding.,929,36048
7270,2025-06-23 16:21:03.000,REMOTE,5,Will definitely be back!,926,36054
7271,2025-06-05 21:41:16.000,REMOTE,5,Excellent service! Highly recommended.,928,36057
7272,2025-12-01 08:45:07.000,LOCAL,4,Great service and friendly staff.,926,36060
7273,2025-12-18 18:16:10.000,LOCAL,4,"Very good, would come again.",927,36061
7274,2026-04-07 06:14:15.000,REMOTE,5,Will definitely be back!,930,36068
7275,2025-06-27 23:38:07.000,LOCAL,5,"Best in the area, no doubt.",930,36072
7276,2025-10-21 16:33:29.000,LOCAL,5,"Best in the area, no doubt.",930,36075
7277,2025-05-19 18:20:31.000,LOCAL,5,Always a pleasure coming here.,930,36082
7278,2025-10-12 07:56:33.000,LOCAL,4,Happy with my visit.,930,36084
7279,2026-03-09 01:46:08.000,REMOTE,2,Staff could be more attentive.,930,36086
7280,2025-11-17 00:17:00.000,LOCAL,4,Great service and friendly staff.,930,36094
7281,2025-08-28 23:33:14.000,REMOTE,3,"Decent, but could improve.",930,36095
7282,2025-07-15 17:39:14.000,LOCAL,4,Happy with my visit.,930,36105
7283,2025-06-30 06:20:28.000,LOCAL,5,Always a pleasure coming here.,930,36108
7284,2025-09-18 06:45:07.000,LOCAL,4,Happy with my visit.,930,36114
7285,2025-07-24 21:36:23.000,LOCAL,5,"Best in the area, no doubt.",930,36117
7286,2025-07-24 17:29:47.000,REMOTE,4,Solid experience overall.,930,36123
7287,2025-12-30 08:48:54.000,REMOTE,5,Will definitely be back!,930,36124
7288,2026-04-23 07:54:36.000,LOCAL,5,"Best in the area, no doubt.",930,36129
7289,2025-07-20 20:49:28.000,LOCAL,1,Not what I expected at all.,930,36131
7290,2026-02-01 01:34:14.000,LOCAL,4,Happy with my visit.,930,36132
7291,2025-11-29 14:02:19.000,REMOTE,1,Very poor service.,930,36134
7292,2025-11-21 01:24:31.000,REMOTE,4,Great service and friendly staff.,930,36142
7293,2025-07-27 05:33:20.000,REMOTE,2,Disappointing visit.,933,36153
7294,2025-11-20 12:23:40.000,LOCAL,5,Will definitely be back!,933,36163
7295,2025-12-01 05:38:06.000,LOCAL,4,Great service and friendly staff.,933,36165
7296,2026-03-13 12:13:48.000,LOCAL,4,Happy with my visit.,931,36166
7297,2025-10-30 02:25:25.000,REMOTE,2,Product did not meet my expectations.,932,36167
7298,2026-04-20 09:05:07.000,REMOTE,4,Solid experience overall.,931,36172
7299,2025-08-23 22:40:38.000,LOCAL,3,"Decent, but could improve.",931,36176
7300,2025-11-17 08:24:08.000,LOCAL,5,"Best in the area, no doubt.",931,36183
7301,2025-05-27 14:04:08.000,LOCAL,3,"Decent, but could improve.",933,36195
7302,2025-09-09 18:09:50.000,LOCAL,4,Solid experience overall.,931,36206
7303,2026-03-31 14:09:35.000,LOCAL,3,Expected a bit more to be honest.,933,36207
7304,2026-04-17 15:10:28.000,REMOTE,3,"Decent, but could improve.",933,36218
7305,2025-06-25 13:13:52.000,LOCAL,2,Service was quite slow today.,932,36234
7306,2026-04-23 07:00:51.000,LOCAL,1,Completely disappointed.,931,36237
7307,2025-08-10 09:12:17.000,REMOTE,5,Will definitely be back!,931,36241
7308,2025-07-23 18:27:37.000,LOCAL,5,Always a pleasure coming here.,932,36246
7309,2025-10-01 16:37:31.000,LOCAL,1,Will not return.,933,36254
7310,2025-12-17 07:23:19.000,REMOTE,4,Solid experience overall.,933,36265
7311,2025-12-30 18:55:37.000,LOCAL,1,Very poor service.,933,36276
7312,2025-10-25 03:53:14.000,REMOTE,5,Excellent service! Highly recommended.,932,36281
7313,2025-06-04 03:22:01.000,LOCAL,1,Very poor service.,932,36282
7314,2025-07-31 10:44:51.000,LOCAL,2,Staff could be more attentive.,933,36289
7315,2025-08-06 04:59:54.000,LOCAL,4,Happy with my visit.,933,36311
7316,2026-04-25 07:08:49.000,LOCAL,3,"Average experience, nothing special.",931,36313
7317,2025-10-15 16:56:10.000,REMOTE,5,"Best in the area, no doubt.",931,36314
7318,2026-04-01 10:34:36.000,REMOTE,5,Excellent service! Highly recommended.,933,36315
7319,2026-04-23 23:18:25.000,REMOTE,4,Great service and friendly staff.,933,36319
7320,2025-12-04 02:12:20.000,REMOTE,4,"Very good, would come again.",932,36339
7321,2026-02-02 07:16:44.000,LOCAL,1,Very poor service.,932,36344
7322,2026-04-02 09:00:48.000,REMOTE,5,Excellent service! Highly recommended.,932,36348
7323,2026-01-18 14:53:13.000,REMOTE,5,Always a pleasure coming here.,933,36349
7324,2026-02-16 03:55:01.000,REMOTE,3,"Decent, but could improve.",932,36351
7325,2025-07-02 11:04:35.000,LOCAL,4,"Very good, would come again.",931,36353
7326,2025-12-09 16:45:04.000,LOCAL,4,Happy with my visit.,931,36355
7327,2025-12-03 05:24:19.000,REMOTE,5,"Best in the area, no doubt.",932,36360
7328,2025-05-22 14:05:14.000,LOCAL,1,Not what I expected at all.,933,36361
7329,2025-10-19 22:37:16.000,LOCAL,4,Great service and friendly staff.,933,36363
7330,2025-06-04 00:06:32.000,REMOTE,5,Excellent service! Highly recommended.,933,36365
7331,2025-08-29 13:15:44.000,LOCAL,3,Expected a bit more to be honest.,931,36371
7332,2026-03-28 19:31:18.000,LOCAL,4,Happy with my visit.,931,36374
7333,2025-07-08 15:48:06.000,REMOTE,4,Happy with my visit.,931,36397
7334,2025-07-05 05:35:03.000,REMOTE,5,Will definitely be back!,932,36413
7335,2025-11-22 19:02:05.000,LOCAL,5,Will definitely be back!,931,36418
7336,2026-04-25 04:30:19.000,LOCAL,2,Service was quite slow today.,934,36421
7337,2026-03-29 02:42:36.000,REMOTE,1,Very poor service.,934,36422
7338,2025-11-12 15:00:44.000,REMOTE,5,"Best in the area, no doubt.",935,36424
7339,2025-06-24 11:53:10.000,REMOTE,5,"Best in the area, no doubt.",935,36430
7340,2025-10-14 10:11:40.000,LOCAL,5,Always a pleasure coming here.,934,36431
7341,2026-01-01 17:30:18.000,LOCAL,3,"Average experience, nothing special.",934,36433
7342,2026-05-08 03:30:43.000,LOCAL,3,Expected a bit more to be honest.,934,36435
7343,2025-10-31 09:07:15.000,LOCAL,2,Product did not meet my expectations.,935,36442
7344,2026-04-19 13:43:35.000,REMOTE,4,Great service and friendly staff.,935,36445
7345,2026-04-09 17:58:56.000,REMOTE,4,Great service and friendly staff.,934,36447
7346,2026-03-28 00:38:29.000,REMOTE,5,Excellent service! Highly recommended.,934,36451
7347,2025-10-17 22:00:21.000,LOCAL,4,Happy with my visit.,935,36452
7348,2025-06-28 01:24:20.000,REMOTE,2,Service was quite slow today.,934,36455
7349,2025-11-22 20:38:14.000,LOCAL,5,Will definitely be back!,935,36457
7350,2026-02-27 09:05:55.000,LOCAL,3,Expected a bit more to be honest.,934,36459
7351,2025-06-15 03:19:13.000,REMOTE,4,Great service and friendly staff.,934,36461
7352,2025-07-25 06:20:40.000,REMOTE,4,"Very good, would come again.",936,36469
7353,2025-12-17 01:59:01.000,LOCAL,4,"Very good, would come again.",936,36480
7354,2025-07-17 01:46:05.000,LOCAL,5,"Best in the area, no doubt.",936,36488
7355,2025-10-13 04:55:30.000,REMOTE,4,"Very good, would come again.",936,36490
7356,2025-09-25 08:19:41.000,REMOTE,5,Always a pleasure coming here.,936,36503
7357,2025-11-11 06:02:24.000,LOCAL,4,Solid experience overall.,936,36506
7358,2026-01-17 18:41:08.000,REMOTE,3,OK but not outstanding.,938,36513
7359,2025-09-18 11:10:51.000,REMOTE,4,Happy with my visit.,937,36514
7360,2026-01-04 00:52:40.000,LOCAL,5,"Best in the area, no doubt.",937,36515
7361,2025-07-02 17:35:31.000,LOCAL,4,Solid experience overall.,938,36518
7362,2026-01-05 20:28:14.000,LOCAL,5,Excellent service! Highly recommended.,937,36523
7363,2025-10-28 16:07:15.000,LOCAL,1,Very poor service.,938,36524
7364,2026-02-18 13:07:01.000,LOCAL,4,Great service and friendly staff.,939,36541
7365,2025-11-01 05:30:57.000,REMOTE,4,Great service and friendly staff.,939,36542
7366,2026-03-05 20:01:12.000,LOCAL,2,Service was quite slow today.,939,36544
7367,2025-06-03 16:37:49.000,LOCAL,5,"Best in the area, no doubt.",939,36545
7368,2026-05-02 17:30:54.000,REMOTE,5,Always a pleasure coming here.,939,36550
7369,2025-09-22 14:29:41.000,REMOTE,4,Happy with my visit.,939,36556
7370,2026-01-09 17:51:13.000,LOCAL,1,Will not return.,939,36557
7371,2025-11-16 21:04:37.000,LOCAL,5,Excellent service! Highly recommended.,939,36562
7372,2026-02-09 23:30:51.000,REMOTE,3,OK but not outstanding.,939,36573
7373,2025-10-05 22:23:19.000,REMOTE,4,Happy with my visit.,939,36574
7374,2025-09-29 19:29:53.000,LOCAL,3,"Average experience, nothing special.",939,36579
7375,2026-02-06 17:22:38.000,REMOTE,3,Expected a bit more to be honest.,939,36580
7376,2025-11-05 11:08:30.000,LOCAL,3,"Average experience, nothing special.",939,36581
7377,2025-06-19 13:05:25.000,LOCAL,5,Will definitely be back!,939,36585
7378,2025-09-01 10:47:45.000,REMOTE,4,Great service and friendly staff.,942,36589
7379,2025-11-16 08:29:59.000,REMOTE,3,OK but not outstanding.,941,36591
7380,2025-09-21 10:51:12.000,REMOTE,1,Completely disappointed.,943,36596
7381,2025-08-03 19:39:00.000,LOCAL,3,OK but not outstanding.,940,36606
7382,2025-08-07 10:58:13.000,LOCAL,3,OK but not outstanding.,941,36617
7383,2025-12-28 06:07:27.000,LOCAL,4,Great service and friendly staff.,940,36623
7384,2025-12-04 20:16:58.000,REMOTE,4,"Very good, would come again.",941,36633
7385,2025-10-20 19:18:12.000,LOCAL,3,"Average experience, nothing special.",941,36636
7386,2026-02-09 13:20:27.000,REMOTE,3,OK but not outstanding.,943,36641
7387,2025-08-17 16:52:58.000,REMOTE,4,"Very good, would come again.",943,36647
7388,2026-01-06 22:42:00.000,REMOTE,2,Product did not meet my expectations.,942,36650
7389,2026-03-23 09:14:09.000,REMOTE,4,"Very good, would come again.",941,36654
7390,2025-06-12 20:53:52.000,REMOTE,5,Always a pleasure coming here.,943,36655
7391,2025-07-10 20:50:15.000,REMOTE,5,Will definitely be back!,940,36664
7392,2026-01-19 11:18:19.000,LOCAL,5,Excellent service! Highly recommended.,940,36666
7393,2026-04-28 10:14:00.000,REMOTE,4,Happy with my visit.,942,36672
7394,2025-06-19 22:21:35.000,LOCAL,4,Happy with my visit.,946,36679
7395,2026-02-24 00:02:39.000,REMOTE,2,Service was quite slow today.,950,36687
7396,2025-11-12 20:16:55.000,REMOTE,5,Excellent service! Highly recommended.,950,36693
7397,2025-12-05 05:22:00.000,REMOTE,3,Expected a bit more to be honest.,948,36702
7398,2025-05-14 21:08:51.000,LOCAL,3,"Average experience, nothing special.",950,36704
7399,2025-11-17 21:17:10.000,LOCAL,5,Will definitely be back!,945,36715
7400,2026-05-01 04:10:35.000,LOCAL,5,"Best in the area, no doubt.",948,36729
7401,2026-03-09 04:34:04.000,REMOTE,4,Solid experience overall.,948,36734
7402,2025-07-30 21:13:06.000,LOCAL,5,"Best in the area, no doubt.",944,36747
7403,2025-07-05 19:15:02.000,LOCAL,5,Excellent service! Highly recommended.,946,36750
7404,2026-05-07 15:03:23.000,REMOTE,3,"Average experience, nothing special.",945,36751
7405,2025-07-14 02:16:51.000,LOCAL,3,"Average experience, nothing special.",950,36762
7406,2026-01-02 10:51:25.000,LOCAL,2,Service was quite slow today.,945,36776
7407,2026-01-10 20:30:16.000,REMOTE,1,Not what I expected at all.,948,36780
7408,2025-05-24 23:24:54.000,LOCAL,5,Always a pleasure coming here.,946,36784
7409,2025-10-15 04:57:14.000,LOCAL,3,OK but not outstanding.,946,36795
7410,2026-03-23 20:40:23.000,LOCAL,4,Happy with my visit.,946,36796
7411,2025-11-03 05:34:46.000,LOCAL,3,OK but not outstanding.,948,36807
7412,2025-06-02 10:22:25.000,LOCAL,5,Excellent service! Highly recommended.,948,36809
7413,2026-04-04 16:00:20.000,REMOTE,4,Solid experience overall.,946,36821
7414,2025-11-24 20:57:25.000,LOCAL,4,Great service and friendly staff.,947,36827
7415,2026-02-16 23:44:08.000,LOCAL,1,Completely disappointed.,946,36832
7416,2025-09-10 01:55:55.000,LOCAL,5,Excellent service! Highly recommended.,945,36838
7417,2026-02-26 20:54:16.000,REMOTE,5,Excellent service! Highly recommended.,944,36839
7418,2025-09-28 11:54:05.000,REMOTE,3,"Decent, but could improve.",945,36850
7419,2025-12-29 10:44:14.000,REMOTE,4,Great service and friendly staff.,945,36857
7420,2025-12-03 23:17:07.000,LOCAL,3,"Average experience, nothing special.",950,36860
7421,2026-02-21 13:45:38.000,REMOTE,4,Great service and friendly staff.,946,36861
7422,2025-12-16 23:28:28.000,REMOTE,5,Always a pleasure coming here.,945,36862
7423,2025-10-27 09:09:31.000,REMOTE,5,"Best in the area, no doubt.",948,36866
7424,2026-04-01 18:16:03.000,REMOTE,1,Will not return.,946,36868
7425,2026-01-05 14:38:57.000,REMOTE,4,"Very good, would come again.",944,36875
7426,2025-05-13 08:04:10.000,REMOTE,5,Always a pleasure coming here.,946,36878
7427,2025-12-15 16:46:05.000,REMOTE,5,Will definitely be back!,949,36879
7428,2026-03-22 17:34:34.000,LOCAL,5,Will definitely be back!,950,36898
7429,2025-08-25 02:27:05.000,LOCAL,1,Very poor service.,948,36907
7430,2025-06-25 09:57:29.000,LOCAL,5,Always a pleasure coming here.,948,36908
7431,2026-03-30 23:38:48.000,REMOTE,5,Excellent service! Highly recommended.,944,36911
7432,2025-12-31 17:17:21.000,LOCAL,5,Always a pleasure coming here.,945,36918
7433,2025-12-30 02:34:56.000,LOCAL,5,Excellent service! Highly recommended.,944,36921
7434,2026-03-05 05:31:52.000,REMOTE,2,Disappointing visit.,950,36925
7435,2026-03-24 06:39:38.000,REMOTE,5,Will definitely be back!,950,36926
7436,2026-03-26 22:09:07.000,REMOTE,4,Solid experience overall.,944,36928
7437,2025-08-03 07:42:54.000,REMOTE,5,Always a pleasure coming here.,951,36931
7438,2026-01-28 05:38:36.000,LOCAL,5,Excellent service! Highly recommended.,951,36932
7439,2025-05-20 08:21:06.000,LOCAL,2,Product did not meet my expectations.,951,36935
7440,2026-04-28 08:02:35.000,LOCAL,4,Great service and friendly staff.,951,36936
7441,2026-02-24 23:03:51.000,LOCAL,5,Excellent service! Highly recommended.,951,36939
7442,2026-03-08 13:35:22.000,REMOTE,4,Great service and friendly staff.,951,36943
7443,2026-01-28 00:27:56.000,LOCAL,5,Always a pleasure coming here.,951,36954
7444,2026-03-10 22:40:09.000,REMOTE,2,Staff could be more attentive.,951,36961
7445,2025-08-07 14:39:43.000,LOCAL,4,"Very good, would come again.",951,36962
7446,2025-08-25 12:19:27.000,LOCAL,4,Solid experience overall.,951,36963
7447,2025-05-10 14:36:06.000,LOCAL,2,Staff could be more attentive.,951,36970
7448,2025-12-31 14:29:55.000,REMOTE,2,Product did not meet my expectations.,951,36971
7449,2025-07-20 04:18:01.000,REMOTE,4,Happy with my visit.,951,36972
7450,2025-10-15 14:04:56.000,LOCAL,4,"Very good, would come again.",951,36975
7451,2026-01-08 14:22:15.000,LOCAL,4,Happy with my visit.,951,36977
7452,2025-07-01 15:39:36.000,REMOTE,3,Expected a bit more to be honest.,951,36981
7453,2025-05-31 22:22:04.000,LOCAL,4,Happy with my visit.,951,36983
7454,2026-01-05 17:11:08.000,REMOTE,3,"Average experience, nothing special.",952,36992
7455,2025-09-25 15:06:23.000,REMOTE,3,"Average experience, nothing special.",952,36993
7456,2025-11-02 13:10:15.000,REMOTE,5,Will definitely be back!,952,36994
7457,2026-03-16 23:45:59.000,LOCAL,3,"Average experience, nothing special.",952,36995
7458,2026-03-11 21:43:30.000,LOCAL,3,Expected a bit more to be honest.,952,36997
7459,2025-11-02 15:37:03.000,REMOTE,2,Disappointing visit.,952,37001
7460,2026-04-17 08:43:29.000,LOCAL,1,Not what I expected at all.,952,37002
7461,2026-01-18 04:17:07.000,LOCAL,5,Always a pleasure coming here.,952,37010
7462,2025-09-02 19:54:46.000,LOCAL,5,"Best in the area, no doubt.",952,37018
7463,2025-07-01 10:09:51.000,LOCAL,4,Solid experience overall.,952,37019
7464,2025-09-12 01:07:05.000,REMOTE,5,Always a pleasure coming here.,952,37022
7465,2025-08-02 11:08:43.000,REMOTE,4,Great service and friendly staff.,952,37023
7466,2025-11-05 01:01:42.000,LOCAL,4,"Very good, would come again.",952,37026
7467,2025-07-18 10:44:22.000,REMOTE,5,Excellent service! Highly recommended.,952,37027
7468,2025-11-29 15:34:39.000,LOCAL,4,Happy with my visit.,953,37033
7469,2026-03-05 22:46:31.000,LOCAL,5,Excellent service! Highly recommended.,954,37034
7470,2025-08-17 21:20:35.000,REMOTE,5,Will definitely be back!,954,37042
7471,2025-10-14 13:21:59.000,REMOTE,5,Will definitely be back!,953,37049
7472,2026-03-26 06:56:10.000,REMOTE,5,Excellent service! Highly recommended.,953,37050
7473,2025-05-18 11:25:41.000,REMOTE,4,Solid experience overall.,954,37051
7474,2025-09-20 02:36:54.000,REMOTE,5,Excellent service! Highly recommended.,953,37056
7475,2025-10-20 21:25:04.000,LOCAL,4,"Very good, would come again.",954,37063
7476,2025-05-09 07:31:50.000,LOCAL,5,Will definitely be back!,953,37064
7477,2025-07-18 07:54:00.000,LOCAL,2,Staff could be more attentive.,953,37067
7478,2025-12-17 12:00:22.000,REMOTE,5,Always a pleasure coming here.,954,37079
7479,2026-05-08 08:47:52.000,REMOTE,2,Staff could be more attentive.,955,37088
7480,2025-06-27 00:25:45.000,REMOTE,3,"Decent, but could improve.",957,37092
7481,2025-09-15 20:34:17.000,REMOTE,5,"Best in the area, no doubt.",957,37097
7482,2025-05-31 19:28:01.000,LOCAL,5,"Best in the area, no doubt.",957,37104
7483,2025-09-29 21:36:07.000,REMOTE,4,Solid experience overall.,957,37106
7484,2025-08-26 21:25:10.000,REMOTE,4,"Very good, would come again.",955,37107
7485,2025-08-03 02:08:11.000,REMOTE,4,Solid experience overall.,956,37127
7486,2026-02-12 12:08:28.000,LOCAL,4,Happy with my visit.,955,37128
7487,2025-10-23 14:19:15.000,REMOTE,2,Disappointing visit.,956,37130
7488,2025-09-21 18:16:12.000,LOCAL,2,Product did not meet my expectations.,956,37134
7489,2026-03-12 01:10:18.000,LOCAL,4,"Very good, would come again.",955,37141
7490,2026-02-05 13:09:08.000,REMOTE,5,Excellent service! Highly recommended.,957,37144
7491,2025-09-25 10:42:51.000,REMOTE,1,Not what I expected at all.,955,37145
7492,2025-07-02 13:09:11.000,REMOTE,2,Staff could be more attentive.,955,37150
7493,2025-11-20 05:18:16.000,REMOTE,4,Happy with my visit.,956,37157
7494,2025-07-30 17:03:53.000,LOCAL,4,Great service and friendly staff.,956,37164
7495,2025-05-14 20:52:40.000,REMOTE,5,Will definitely be back!,957,37169
7496,2025-07-10 11:30:01.000,REMOTE,1,Very poor service.,956,37175
7497,2026-04-14 16:05:39.000,REMOTE,3,"Average experience, nothing special.",957,37179
7498,2025-09-14 01:28:27.000,LOCAL,3,Expected a bit more to be honest.,955,37186
7499,2026-04-08 12:08:21.000,REMOTE,5,"Best in the area, no doubt.",957,37198
7500,2026-02-11 21:22:18.000,LOCAL,5,Always a pleasure coming here.,956,37201
7501,2025-07-17 13:15:02.000,REMOTE,4,Happy with my visit.,957,37207
7502,2025-05-25 08:09:39.000,LOCAL,4,Solid experience overall.,957,37213
7503,2026-03-31 03:38:42.000,REMOTE,2,Disappointing visit.,956,37218
7504,2026-02-01 16:21:47.000,LOCAL,5,Will definitely be back!,956,37223
7505,2026-01-22 19:55:57.000,LOCAL,2,Product did not meet my expectations.,956,37224
7506,2025-07-11 23:35:14.000,REMOTE,4,"Very good, would come again.",956,37234
7507,2026-02-18 16:23:31.000,REMOTE,5,Will definitely be back!,957,37237
7508,2025-05-31 05:03:36.000,LOCAL,4,Great service and friendly staff.,955,37238
7509,2026-01-18 09:14:32.000,LOCAL,5,"Best in the area, no doubt.",956,37242
7510,2025-05-09 22:30:48.000,LOCAL,5,Always a pleasure coming here.,956,37244
7511,2025-11-11 14:41:23.000,LOCAL,5,Excellent service! Highly recommended.,955,37247
7512,2025-07-09 10:40:25.000,LOCAL,5,Always a pleasure coming here.,956,37253
7513,2026-04-29 16:05:56.000,LOCAL,5,Always a pleasure coming here.,956,37259
7514,2025-06-24 09:32:59.000,REMOTE,5,"Best in the area, no doubt.",955,37260
7515,2025-06-29 04:47:11.000,LOCAL,5,Always a pleasure coming here.,957,37271
7516,2025-08-31 14:38:47.000,LOCAL,4,Great service and friendly staff.,956,37277
7517,2026-01-03 15:12:02.000,LOCAL,5,Excellent service! Highly recommended.,957,37283
7518,2025-06-13 04:10:45.000,LOCAL,4,"Very good, would come again.",958,37287
7519,2025-09-21 21:25:48.000,REMOTE,2,Product did not meet my expectations.,958,37290
7520,2025-06-10 16:01:43.000,REMOTE,1,Will not return.,958,37297
7521,2026-02-26 21:20:11.000,REMOTE,5,"Best in the area, no doubt.",958,37302
7522,2026-02-18 22:23:34.000,LOCAL,1,Very poor service.,960,37305
7523,2026-01-28 07:31:14.000,REMOTE,2,Disappointing visit.,961,37309
7524,2025-09-12 15:45:34.000,REMOTE,4,Happy with my visit.,961,37313
7525,2025-09-14 03:50:30.000,REMOTE,5,Excellent service! Highly recommended.,961,37316
7526,2025-09-22 04:14:44.000,REMOTE,5,Will definitely be back!,959,37325
7527,2025-11-11 09:13:29.000,REMOTE,5,Excellent service! Highly recommended.,960,37342
7528,2025-06-04 21:29:45.000,REMOTE,5,"Best in the area, no doubt.",960,37343
7529,2026-04-09 08:31:13.000,REMOTE,4,"Very good, would come again.",961,37346
7530,2025-07-01 04:36:00.000,REMOTE,4,Happy with my visit.,961,37359
7531,2026-01-29 06:20:03.000,REMOTE,4,Solid experience overall.,961,37368
7532,2026-04-02 03:41:18.000,REMOTE,3,OK but not outstanding.,961,37369
7533,2026-04-03 09:58:24.000,REMOTE,4,Happy with my visit.,961,37371
7534,2025-05-25 15:32:46.000,REMOTE,4,Happy with my visit.,961,37373
7535,2025-10-12 05:50:37.000,REMOTE,1,Will not return.,959,37379
7536,2026-04-25 02:56:34.000,LOCAL,3,Expected a bit more to be honest.,960,37385
7537,2025-11-30 14:31:45.000,REMOTE,2,Disappointing visit.,960,37388
7538,2025-05-23 09:47:17.000,REMOTE,4,Solid experience overall.,959,37390
7539,2026-02-17 10:18:56.000,LOCAL,5,Excellent service! Highly recommended.,960,37392
7540,2026-02-27 03:37:54.000,REMOTE,3,"Average experience, nothing special.",959,37395
7541,2025-10-14 20:15:39.000,REMOTE,4,Great service and friendly staff.,961,37413
7542,2025-05-30 13:17:31.000,LOCAL,5,Will definitely be back!,961,37423
7543,2025-06-13 20:43:30.000,LOCAL,4,Great service and friendly staff.,961,37432
7544,2025-10-22 17:27:43.000,LOCAL,4,Happy with my visit.,959,37435
7545,2025-09-17 07:02:58.000,REMOTE,5,"Best in the area, no doubt.",960,37441
7546,2025-10-25 21:51:37.000,LOCAL,5,Excellent service! Highly recommended.,962,37458
7547,2026-03-10 11:50:28.000,LOCAL,2,Service was quite slow today.,962,37463
7548,2025-09-23 06:06:18.000,LOCAL,5,Always a pleasure coming here.,962,37465
7549,2025-08-13 10:05:57.000,REMOTE,3,"Average experience, nothing special.",962,37470
7550,2025-12-08 01:14:47.000,LOCAL,5,"Best in the area, no doubt.",962,37473
7551,2025-06-11 04:09:39.000,REMOTE,4,Happy with my visit.,962,37482
7552,2026-02-11 07:20:36.000,LOCAL,4,"Very good, would come again.",962,37484
7553,2025-11-22 17:02:29.000,LOCAL,4,"Very good, would come again.",962,37489
7554,2025-09-28 01:43:59.000,LOCAL,5,Always a pleasure coming here.,963,37500
7555,2026-04-19 10:23:14.000,REMOTE,5,Will definitely be back!,963,37501
7556,2025-09-07 19:10:20.000,LOCAL,2,Disappointing visit.,963,37503
7557,2025-06-08 11:48:11.000,REMOTE,5,"Best in the area, no doubt.",963,37508
7558,2026-03-12 15:33:18.000,LOCAL,5,Will definitely be back!,963,37517
7559,2025-05-26 18:06:07.000,LOCAL,3,"Average experience, nothing special.",963,37522
7560,2026-03-22 16:41:35.000,REMOTE,2,Disappointing visit.,964,37528
7561,2026-01-14 12:08:36.000,REMOTE,5,"Best in the area, no doubt.",966,37535
7562,2025-05-15 16:12:57.000,LOCAL,5,Will definitely be back!,966,37543
7563,2025-08-10 03:45:30.000,LOCAL,1,Completely disappointed.,966,37547
7564,2026-02-09 23:06:09.000,REMOTE,3,Expected a bit more to be honest.,964,37550
7565,2026-01-30 05:02:22.000,REMOTE,5,"Best in the area, no doubt.",967,37552
7566,2025-06-13 16:06:39.000,REMOTE,5,Will definitely be back!,965,37553
7567,2026-01-11 09:09:20.000,REMOTE,5,Will definitely be back!,965,37554
7568,2025-08-25 16:42:03.000,LOCAL,3,OK but not outstanding.,964,37560
7569,2026-04-16 23:19:15.000,REMOTE,3,"Average experience, nothing special.",965,37562
7570,2025-12-18 02:46:58.000,LOCAL,4,Solid experience overall.,964,37564
7571,2026-03-01 03:59:55.000,REMOTE,3,OK but not outstanding.,967,37565
7572,2025-07-01 02:56:15.000,REMOTE,4,Great service and friendly staff.,967,37566
7573,2026-03-21 04:30:04.000,REMOTE,4,Great service and friendly staff.,965,37569
7574,2026-02-10 19:33:45.000,LOCAL,5,"Best in the area, no doubt.",966,37570
7575,2025-12-01 19:32:49.000,LOCAL,4,Great service and friendly staff.,967,37580
7576,2025-10-22 13:17:08.000,REMOTE,3,Expected a bit more to be honest.,965,37586
7577,2025-10-09 09:22:49.000,REMOTE,5,Always a pleasure coming here.,966,37592
7578,2025-12-04 22:58:13.000,REMOTE,5,Excellent service! Highly recommended.,967,37603
7579,2025-11-08 09:27:54.000,LOCAL,4,Happy with my visit.,967,37611
7580,2025-10-17 21:37:30.000,REMOTE,4,Great service and friendly staff.,964,37623
7581,2025-10-31 11:52:59.000,LOCAL,5,"Best in the area, no doubt.",967,37633
7582,2025-08-27 23:53:12.000,REMOTE,5,Excellent service! Highly recommended.,966,37636
7583,2026-01-05 23:53:34.000,LOCAL,3,Expected a bit more to be honest.,967,37637
7584,2025-05-26 10:00:24.000,LOCAL,5,Always a pleasure coming here.,968,37639
7585,2026-03-04 08:02:38.000,LOCAL,2,Staff could be more attentive.,968,37644
7586,2025-10-29 19:42:08.000,LOCAL,4,"Very good, would come again.",968,37662
7587,2026-02-15 00:20:05.000,REMOTE,5,"Best in the area, no doubt.",968,37667
7588,2026-03-14 12:52:40.000,REMOTE,5,Will definitely be back!,968,37677
7589,2025-11-17 19:56:11.000,LOCAL,5,"Best in the area, no doubt.",968,37682
7590,2025-12-26 17:23:27.000,REMOTE,4,Great service and friendly staff.,968,37690
7591,2026-05-01 20:11:48.000,LOCAL,4,Solid experience overall.,968,37697
7592,2025-06-21 22:30:35.000,LOCAL,4,"Very good, would come again.",968,37703
7593,2025-08-08 19:23:05.000,LOCAL,4,Solid experience overall.,968,37706
7594,2026-03-23 22:01:25.000,LOCAL,3,Expected a bit more to be honest.,968,37713
7595,2026-02-06 14:04:42.000,REMOTE,4,Happy with my visit.,968,37715
7596,2025-11-12 09:52:06.000,LOCAL,4,Great service and friendly staff.,968,37718
7597,2025-10-08 08:48:35.000,REMOTE,5,Will definitely be back!,968,37723
7598,2025-07-25 01:47:29.000,LOCAL,2,Staff could be more attentive.,968,37730
7599,2025-06-26 00:53:33.000,REMOTE,5,"Best in the area, no doubt.",968,37731
7600,2025-06-12 16:32:45.000,REMOTE,4,Great service and friendly staff.,968,37732
7601,2025-12-09 00:39:25.000,LOCAL,5,Excellent service! Highly recommended.,968,37734
7602,2025-06-27 19:32:47.000,REMOTE,5,Will definitely be back!,968,37737
7603,2025-10-25 22:37:49.000,LOCAL,3,OK but not outstanding.,968,37743
7604,2025-12-17 14:33:47.000,LOCAL,5,Always a pleasure coming here.,968,37753
7605,2025-10-11 23:34:24.000,REMOTE,4,Happy with my visit.,968,37759
7606,2025-12-10 09:48:00.000,LOCAL,5,Always a pleasure coming here.,968,37767
7607,2025-10-16 21:15:57.000,LOCAL,5,Always a pleasure coming here.,968,37768
7608,2025-05-17 14:02:21.000,REMOTE,3,"Average experience, nothing special.",968,37770
7609,2026-04-23 20:37:00.000,LOCAL,3,"Decent, but could improve.",968,37776
7610,2026-01-02 09:03:30.000,LOCAL,5,"Best in the area, no doubt.",968,37782
7611,2025-06-29 16:53:24.000,LOCAL,2,Disappointing visit.,968,37789
7612,2026-01-07 12:59:34.000,REMOTE,1,Not what I expected at all.,968,37793
7613,2025-10-26 18:03:49.000,REMOTE,3,Expected a bit more to be honest.,968,37801
7614,2025-07-04 17:09:01.000,LOCAL,2,Service was quite slow today.,971,37813
7615,2025-06-10 15:03:10.000,REMOTE,5,Will definitely be back!,971,37814
7616,2025-09-19 11:54:36.000,REMOTE,5,Always a pleasure coming here.,969,37821
7617,2025-12-07 17:14:58.000,LOCAL,4,"Very good, would come again.",970,37822
7618,2026-04-21 09:13:43.000,REMOTE,4,Solid experience overall.,970,37826
7619,2025-09-04 13:47:22.000,REMOTE,4,Happy with my visit.,971,37827
7620,2025-12-06 19:51:11.000,REMOTE,3,"Decent, but could improve.",971,37828
7621,2026-01-28 19:55:16.000,REMOTE,4,Solid experience overall.,969,37830
7622,2025-09-07 01:43:53.000,LOCAL,3,Expected a bit more to be honest.,970,37831
7623,2025-10-24 12:46:05.000,REMOTE,5,Will definitely be back!,971,37832
7624,2026-01-06 21:19:28.000,REMOTE,1,Not what I expected at all.,971,37833
7625,2026-02-27 03:21:41.000,REMOTE,5,Excellent service! Highly recommended.,970,37834
7626,2025-11-27 17:56:54.000,REMOTE,3,OK but not outstanding.,971,37835
7627,2025-11-29 03:44:53.000,LOCAL,5,Excellent service! Highly recommended.,971,37848
7628,2025-08-22 11:46:28.000,LOCAL,5,"Best in the area, no doubt.",969,37857
7629,2025-06-18 18:55:08.000,LOCAL,1,Very poor service.,970,37860
7630,2025-09-23 19:43:21.000,LOCAL,4,Solid experience overall.,970,37866
7631,2025-06-23 21:42:35.000,REMOTE,4,Happy with my visit.,972,37894
7632,2025-10-20 18:38:52.000,REMOTE,2,Service was quite slow today.,972,37895
7633,2026-03-16 08:48:14.000,LOCAL,5,Always a pleasure coming here.,972,37902
7634,2025-09-16 21:35:54.000,REMOTE,3,OK but not outstanding.,972,37904
7635,2025-11-27 03:15:15.000,LOCAL,4,Great service and friendly staff.,972,37911
7636,2026-05-04 06:20:18.000,LOCAL,3,OK but not outstanding.,972,37912
7637,2026-02-15 11:19:47.000,LOCAL,5,"Best in the area, no doubt.",973,37922
7638,2026-04-22 19:19:48.000,REMOTE,3,Expected a bit more to be honest.,974,37923
7639,2025-09-24 16:46:18.000,REMOTE,2,Service was quite slow today.,975,37925
7640,2025-09-19 02:19:30.000,REMOTE,1,Very poor service.,976,37927
7641,2025-10-05 03:03:07.000,REMOTE,4,"Very good, would come again.",973,37931
7642,2026-03-19 22:07:32.000,REMOTE,5,Will definitely be back!,977,37939
7643,2025-05-26 21:24:26.000,REMOTE,3,"Average experience, nothing special.",974,37948
7644,2026-03-28 04:24:40.000,LOCAL,2,Product did not meet my expectations.,975,37951
7645,2025-07-08 18:50:52.000,REMOTE,3,OK but not outstanding.,977,37955
7646,2025-07-13 03:25:13.000,LOCAL,5,Excellent service! Highly recommended.,977,37956
7647,2025-09-27 00:15:29.000,LOCAL,4,Solid experience overall.,976,37960
7648,2025-10-03 16:15:28.000,REMOTE,1,Will not return.,976,37961
7649,2026-03-10 18:08:21.000,REMOTE,3,"Average experience, nothing special.",975,37964
7650,2025-08-17 02:54:29.000,REMOTE,5,"Best in the area, no doubt.",976,37970
7651,2025-09-21 08:15:16.000,LOCAL,5,Excellent service! Highly recommended.,976,37971
7652,2025-11-03 05:13:17.000,LOCAL,1,Will not return.,977,37975
7653,2025-06-14 19:54:23.000,LOCAL,3,Expected a bit more to be honest.,977,37991
7654,2025-11-05 16:18:24.000,LOCAL,2,Product did not meet my expectations.,975,37992
7655,2025-08-22 20:14:01.000,LOCAL,1,Will not return.,973,37993
7656,2026-03-30 09:54:28.000,REMOTE,2,Staff could be more attentive.,975,37995
7657,2026-02-01 20:06:32.000,REMOTE,5,"Best in the area, no doubt.",975,37998
7658,2025-05-14 07:58:43.000,REMOTE,5,"Best in the area, no doubt.",977,38007
7659,2025-09-18 14:44:14.000,REMOTE,5,Excellent service! Highly recommended.,975,38022
7660,2025-08-14 01:19:16.000,REMOTE,5,Will definitely be back!,975,38023
7661,2025-09-25 05:45:16.000,REMOTE,1,Completely disappointed.,976,38026
7662,2025-11-18 23:31:40.000,REMOTE,5,"Best in the area, no doubt.",976,38032
7663,2026-02-21 15:34:51.000,REMOTE,5,"Best in the area, no doubt.",973,38037
7664,2026-01-10 18:40:09.000,REMOTE,3,"Average experience, nothing special.",976,38042
7665,2025-08-08 00:39:49.000,LOCAL,5,Always a pleasure coming here.,975,38045
7666,2025-05-20 21:28:45.000,LOCAL,4,Happy with my visit.,974,38049
7667,2025-09-13 20:46:00.000,REMOTE,5,Always a pleasure coming here.,977,38051
7668,2025-05-23 19:20:25.000,LOCAL,4,"Very good, would come again.",973,38055
7669,2026-01-07 04:10:02.000,REMOTE,2,Disappointing visit.,976,38059
7670,2025-12-12 20:20:37.000,LOCAL,4,"Very good, would come again.",976,38062
7671,2026-04-14 21:18:21.000,LOCAL,5,"Best in the area, no doubt.",977,38063
7672,2025-12-04 17:37:59.000,LOCAL,1,Completely disappointed.,973,38073
7673,2025-08-01 03:17:36.000,LOCAL,3,Expected a bit more to be honest.,974,38077
7674,2026-01-04 23:48:38.000,LOCAL,3,Expected a bit more to be honest.,974,38083
7675,2025-09-12 20:22:06.000,REMOTE,4,Solid experience overall.,974,38084
7676,2026-02-06 13:20:46.000,LOCAL,5,"Best in the area, no doubt.",976,38089
7677,2025-05-29 02:14:58.000,LOCAL,3,Expected a bit more to be honest.,974,38091
7678,2026-01-09 03:45:56.000,REMOTE,3,"Decent, but could improve.",977,38099
7679,2026-04-10 17:55:11.000,LOCAL,5,Will definitely be back!,975,38101
7680,2025-06-11 19:46:57.000,LOCAL,3,OK but not outstanding.,976,38105
7681,2026-04-23 02:55:15.000,LOCAL,4,"Very good, would come again.",974,38109
7682,2025-12-31 19:53:34.000,LOCAL,2,Service was quite slow today.,978,38113
7683,2025-05-09 08:33:10.000,REMOTE,4,"Very good, would come again.",978,38115
7684,2025-07-31 09:07:58.000,LOCAL,5,"Best in the area, no doubt.",978,38116
7685,2025-10-16 13:14:32.000,REMOTE,5,Excellent service! Highly recommended.,978,38118
7686,2025-08-14 20:25:24.000,REMOTE,3,Expected a bit more to be honest.,978,38123
7687,2025-09-29 23:19:57.000,LOCAL,1,Very poor service.,978,38128
7688,2026-01-07 12:11:29.000,REMOTE,1,Very poor service.,978,38131
7689,2026-02-04 13:25:17.000,LOCAL,4,Solid experience overall.,978,38133
7690,2026-02-11 15:39:10.000,LOCAL,4,"Very good, would come again.",978,38135
7691,2026-04-06 06:50:31.000,LOCAL,4,Happy with my visit.,978,38136
7692,2025-06-28 00:34:22.000,REMOTE,5,Will definitely be back!,978,38145
7693,2025-07-22 23:19:38.000,LOCAL,3,"Decent, but could improve.",978,38151
7694,2025-09-30 09:36:12.000,LOCAL,3,Expected a bit more to be honest.,978,38154
7695,2025-10-17 07:17:56.000,LOCAL,5,Will definitely be back!,978,38158
7696,2025-06-21 15:18:43.000,REMOTE,1,Will not return.,978,38163
7697,2025-09-08 14:51:13.000,REMOTE,3,"Average experience, nothing special.",978,38167
7698,2026-04-24 18:19:05.000,LOCAL,5,"Best in the area, no doubt.",978,38171
7699,2025-05-11 23:19:25.000,REMOTE,5,Always a pleasure coming here.,978,38173
7700,2025-09-15 13:41:59.000,REMOTE,5,Always a pleasure coming here.,978,38174
7701,2025-07-18 07:46:36.000,LOCAL,5,Excellent service! Highly recommended.,978,38178
7702,2026-01-02 07:17:05.000,REMOTE,4,Happy with my visit.,978,38180
7703,2025-06-01 14:08:13.000,LOCAL,4,Happy with my visit.,978,38185
7704,2025-09-22 20:13:59.000,REMOTE,3,Expected a bit more to be honest.,978,38187
7705,2025-10-19 20:20:17.000,LOCAL,3,OK but not outstanding.,978,38193
7706,2025-09-08 03:25:52.000,REMOTE,5,"Best in the area, no doubt.",978,38202
7707,2026-03-25 05:59:44.000,REMOTE,4,Great service and friendly staff.,978,38203
7708,2026-03-21 15:37:29.000,REMOTE,4,Happy with my visit.,978,38204
7709,2025-09-09 05:15:23.000,LOCAL,5,Excellent service! Highly recommended.,978,38207
7710,2026-04-12 03:53:42.000,LOCAL,4,Great service and friendly staff.,978,38208
7711,2025-09-27 14:16:34.000,REMOTE,2,Staff could be more attentive.,978,38214
7712,2025-12-16 23:40:49.000,REMOTE,4,Great service and friendly staff.,978,38218
7713,2025-11-21 23:51:18.000,REMOTE,3,"Decent, but could improve.",978,38235
7714,2025-11-06 14:30:14.000,LOCAL,1,Very poor service.,978,38254
7715,2025-10-01 02:29:11.000,LOCAL,5,Always a pleasure coming here.,978,38257
7716,2026-02-20 19:44:21.000,REMOTE,3,OK but not outstanding.,978,38270
7717,2025-05-23 06:24:39.000,REMOTE,3,Expected a bit more to be honest.,978,38280
7718,2025-11-05 18:05:47.000,LOCAL,3,"Decent, but could improve.",978,38282
7719,2026-03-02 09:44:00.000,LOCAL,4,Solid experience overall.,978,38289
7720,2025-10-03 11:06:00.000,REMOTE,3,"Decent, but could improve.",978,38292
7721,2025-11-21 20:52:18.000,REMOTE,4,Great service and friendly staff.,978,38295
7722,2025-07-30 17:20:27.000,REMOTE,1,Very poor service.,978,38299
7723,2025-09-01 10:06:40.000,LOCAL,3,OK but not outstanding.,979,38300
7724,2026-04-05 05:21:30.000,LOCAL,4,Solid experience overall.,979,38304
7725,2025-10-22 11:03:50.000,LOCAL,3,OK but not outstanding.,979,38306
7726,2025-10-17 09:32:37.000,REMOTE,5,Always a pleasure coming here.,979,38311
7727,2025-06-18 17:01:09.000,LOCAL,4,Solid experience overall.,979,38312
7728,2026-02-24 20:01:02.000,REMOTE,1,Completely disappointed.,979,38315
7729,2025-09-20 22:36:40.000,LOCAL,4,"Very good, would come again.",980,38321
7730,2025-09-17 21:38:39.000,REMOTE,3,"Average experience, nothing special.",982,38326
7731,2026-03-03 12:18:59.000,REMOTE,5,Will definitely be back!,980,38332
7732,2025-11-06 01:08:14.000,LOCAL,4,"Very good, would come again.",982,38333
7733,2025-06-04 08:06:39.000,REMOTE,4,Great service and friendly staff.,982,38336
7734,2025-08-18 01:49:30.000,REMOTE,3,OK but not outstanding.,980,38339
7735,2026-01-25 08:50:37.000,LOCAL,4,Solid experience overall.,980,38343
7736,2026-04-28 18:30:35.000,REMOTE,4,Great service and friendly staff.,981,38344
7737,2026-02-22 00:07:12.000,LOCAL,5,"Best in the area, no doubt.",982,38346
7738,2025-11-17 00:53:51.000,REMOTE,3,"Decent, but could improve.",981,38356
7739,2025-12-13 06:19:38.000,LOCAL,5,Will definitely be back!,981,38357
7740,2025-09-16 06:55:10.000,REMOTE,5,"Best in the area, no doubt.",980,38360
7741,2025-09-13 16:46:41.000,LOCAL,4,Happy with my visit.,983,38379
7742,2026-03-18 15:48:57.000,REMOTE,3,Expected a bit more to be honest.,980,38385
7743,2025-12-13 19:19:46.000,LOCAL,4,Great service and friendly staff.,982,38398
7744,2025-06-22 17:42:53.000,LOCAL,5,"Best in the area, no doubt.",981,38405
7745,2025-12-01 04:47:53.000,REMOTE,3,"Decent, but could improve.",981,38408
7746,2025-08-21 13:03:51.000,REMOTE,2,Staff could be more attentive.,981,38416
7747,2025-06-10 09:43:37.000,LOCAL,4,Solid experience overall.,980,38422
7748,2025-08-08 22:01:47.000,LOCAL,5,Excellent service! Highly recommended.,982,38424
7749,2025-05-10 05:24:12.000,REMOTE,3,"Decent, but could improve.",980,38428
7750,2026-02-16 00:14:16.000,LOCAL,1,Not what I expected at all.,980,38449
7751,2026-03-07 20:24:12.000,REMOTE,3,Expected a bit more to be honest.,984,38457
7752,2025-06-09 22:26:40.000,REMOTE,5,Always a pleasure coming here.,984,38460
7753,2026-05-02 00:04:38.000,LOCAL,4,Happy with my visit.,984,38461
7754,2026-04-03 07:35:20.000,LOCAL,1,Completely disappointed.,984,38476
7755,2025-10-08 08:02:53.000,LOCAL,3,"Average experience, nothing special.",984,38484
7756,2026-04-14 10:56:46.000,LOCAL,5,Excellent service! Highly recommended.,985,38487
7757,2026-02-06 05:47:52.000,REMOTE,5,Always a pleasure coming here.,985,38489
7758,2025-09-08 08:31:46.000,REMOTE,5,"Best in the area, no doubt.",985,38497
7759,2025-11-22 05:56:04.000,REMOTE,3,"Average experience, nothing special.",985,38500
7760,2026-03-05 14:56:44.000,LOCAL,5,Excellent service! Highly recommended.,986,38501
7761,2025-06-11 03:06:17.000,LOCAL,3,"Average experience, nothing special.",985,38502
7762,2026-03-17 07:20:29.000,REMOTE,1,Completely disappointed.,987,38508
7763,2026-02-22 09:31:00.000,LOCAL,4,Solid experience overall.,986,38519
7764,2026-03-06 17:09:59.000,REMOTE,3,OK but not outstanding.,987,38523
7765,2025-07-24 19:42:16.000,LOCAL,5,Excellent service! Highly recommended.,985,38524
7766,2025-11-01 10:59:44.000,REMOTE,3,OK but not outstanding.,986,38527
7767,2025-09-18 22:41:49.000,LOCAL,5,Will definitely be back!,986,38529
7768,2025-08-29 16:08:10.000,REMOTE,4,Great service and friendly staff.,987,38531
7769,2025-11-24 06:54:43.000,REMOTE,5,"Best in the area, no doubt.",986,38532
7770,2025-10-18 10:09:25.000,LOCAL,5,Always a pleasure coming here.,987,38542
7771,2026-05-06 04:02:04.000,REMOTE,3,Expected a bit more to be honest.,985,38543
7772,2025-06-07 06:04:59.000,REMOTE,5,Excellent service! Highly recommended.,985,38550
7773,2025-07-03 13:24:06.000,LOCAL,5,Excellent service! Highly recommended.,987,38552
7774,2026-04-03 02:19:39.000,REMOTE,4,"Very good, would come again.",986,38555
7775,2026-03-27 23:10:47.000,LOCAL,4,Solid experience overall.,986,38556
7776,2025-08-29 02:54:27.000,LOCAL,2,Disappointing visit.,986,38559
7777,2025-12-16 03:18:32.000,LOCAL,4,"Very good, would come again.",987,38563
7778,2026-05-06 11:21:57.000,REMOTE,3,"Average experience, nothing special.",987,38575
7779,2026-02-26 16:34:28.000,LOCAL,4,Happy with my visit.,987,38579
7780,2026-03-03 15:02:27.000,REMOTE,4,Solid experience overall.,986,38586
7781,2025-11-25 06:33:18.000,REMOTE,1,Very poor service.,986,38589
7782,2025-12-05 20:24:36.000,REMOTE,5,Excellent service! Highly recommended.,987,38591
7783,2025-09-04 20:19:54.000,REMOTE,1,Very poor service.,985,38593
7784,2026-04-24 03:52:14.000,REMOTE,1,Will not return.,985,38594
7785,2026-01-13 11:28:10.000,REMOTE,3,OK but not outstanding.,986,38598
7786,2026-03-09 13:43:44.000,REMOTE,5,Will definitely be back!,985,38599
7787,2025-08-11 13:01:41.000,REMOTE,4,Happy with my visit.,990,38605
7788,2025-12-18 17:54:50.000,LOCAL,3,"Decent, but could improve.",988,38606
7789,2026-04-29 18:57:20.000,LOCAL,1,Completely disappointed.,988,38610
7790,2025-10-17 02:04:35.000,REMOTE,5,Will definitely be back!,989,38613
7791,2025-08-10 00:25:00.000,REMOTE,3,OK but not outstanding.,988,38618
7792,2025-06-18 19:56:03.000,LOCAL,5,Excellent service! Highly recommended.,990,38620
7793,2026-01-02 14:34:36.000,LOCAL,4,Happy with my visit.,989,38626
7794,2025-12-26 15:11:20.000,LOCAL,5,Will definitely be back!,989,38627
7795,2025-07-21 05:38:08.000,LOCAL,3,"Average experience, nothing special.",989,38636
7796,2026-04-28 14:46:01.000,LOCAL,5,Always a pleasure coming here.,989,38637
7797,2025-08-22 07:40:26.000,REMOTE,5,"Best in the area, no doubt.",988,38641
7798,2025-12-27 01:23:30.000,LOCAL,5,"Best in the area, no doubt.",989,38642
7799,2026-02-02 08:19:50.000,REMOTE,2,Staff could be more attentive.,990,38647
7800,2026-05-02 21:18:27.000,REMOTE,3,Expected a bit more to be honest.,990,38649
7801,2026-03-08 16:34:39.000,LOCAL,1,Very poor service.,990,38654
7802,2026-04-01 05:24:21.000,REMOTE,5,Will definitely be back!,990,38655
7803,2026-02-04 16:14:53.000,LOCAL,4,"Very good, would come again.",988,38657
7804,2025-12-11 21:45:38.000,LOCAL,2,Service was quite slow today.,988,38662
7805,2025-06-13 10:38:20.000,REMOTE,3,"Average experience, nothing special.",988,38663
7806,2025-07-09 18:20:36.000,REMOTE,5,"Best in the area, no doubt.",990,38672
7807,2025-06-18 13:52:39.000,LOCAL,5,Excellent service! Highly recommended.,990,38673
7808,2025-09-28 21:54:05.000,REMOTE,5,Will definitely be back!,988,38677
7809,2025-07-13 01:14:13.000,REMOTE,4,"Very good, would come again.",991,38686
7810,2026-01-26 00:16:23.000,LOCAL,3,"Average experience, nothing special.",991,38691
7811,2025-08-09 13:16:27.000,REMOTE,5,Always a pleasure coming here.,991,38696
7812,2025-11-09 02:01:06.000,LOCAL,2,Product did not meet my expectations.,991,38697
7813,2025-09-10 21:16:34.000,LOCAL,5,Will definitely be back!,991,38699
7814,2025-08-28 21:59:18.000,REMOTE,5,Always a pleasure coming here.,992,38701
7815,2025-10-04 11:29:57.000,REMOTE,2,Service was quite slow today.,992,38707
7816,2025-05-19 06:36:10.000,REMOTE,5,Always a pleasure coming here.,992,38713
7817,2025-06-26 13:23:05.000,REMOTE,5,"Best in the area, no doubt.",992,38720
7818,2025-08-04 12:49:49.000,LOCAL,3,"Decent, but could improve.",992,38723
7819,2025-07-20 00:54:36.000,REMOTE,4,Great service and friendly staff.,992,38730
7820,2026-04-19 02:16:26.000,REMOTE,4,"Very good, would come again.",992,38732
7821,2025-10-12 13:14:23.000,LOCAL,5,"Best in the area, no doubt.",992,38735
7822,2025-11-10 12:21:10.000,REMOTE,5,"Best in the area, no doubt.",993,38743
7823,2026-01-08 09:02:47.000,LOCAL,1,Not what I expected at all.,994,38753
7824,2025-10-24 12:32:53.000,REMOTE,4,Solid experience overall.,994,38758
7825,2025-08-11 21:07:06.000,LOCAL,3,Expected a bit more to be honest.,994,38764
7826,2026-04-23 15:27:38.000,LOCAL,5,Will definitely be back!,994,38765
7827,2026-02-04 17:25:25.000,LOCAL,4,"Very good, would come again.",994,38770
7828,2026-01-29 15:33:00.000,LOCAL,5,Will definitely be back!,995,38777
7829,2025-10-22 10:23:20.000,LOCAL,1,Very poor service.,995,38786
7830,2025-09-27 00:16:58.000,REMOTE,2,Service was quite slow today.,995,38801
7831,2025-12-28 14:39:40.000,REMOTE,4,Great service and friendly staff.,995,38809
7832,2025-08-14 15:23:10.000,REMOTE,3,"Decent, but could improve.",995,38813
7833,2025-05-23 11:37:01.000,REMOTE,4,Great service and friendly staff.,995,38814
7834,2025-09-01 14:44:11.000,LOCAL,5,Excellent service! Highly recommended.,995,38816
7835,2026-03-27 09:04:33.000,LOCAL,3,OK but not outstanding.,995,38821
7836,2025-08-11 14:47:16.000,REMOTE,5,Excellent service! Highly recommended.,995,38825
7837,2025-07-30 18:12:51.000,LOCAL,4,"Very good, would come again.",995,38827
7838,2025-11-23 14:41:32.000,REMOTE,3,"Average experience, nothing special.",995,38829
7839,2025-05-22 15:59:34.000,REMOTE,1,Will not return.,995,38830
7840,2025-07-21 16:53:37.000,LOCAL,3,"Decent, but could improve.",995,38833
7841,2026-02-22 22:22:38.000,LOCAL,3,OK but not outstanding.,995,38837
7842,2026-03-01 22:23:16.000,LOCAL,5,Always a pleasure coming here.,995,38839
7843,2026-03-02 08:32:39.000,LOCAL,4,Solid experience overall.,996,38863
7844,2025-10-23 00:41:09.000,REMOTE,5,"Best in the area, no doubt.",996,38870
7845,2025-06-20 16:01:54.000,REMOTE,2,Product did not meet my expectations.,996,38871
7846,2026-03-26 03:44:16.000,REMOTE,3,Expected a bit more to be honest.,996,38872
7847,2025-07-04 22:17:53.000,LOCAL,4,"Very good, would come again.",996,38873
7848,2026-03-21 10:02:49.000,REMOTE,5,Always a pleasure coming here.,996,38875
7849,2026-05-02 13:39:22.000,REMOTE,4,Happy with my visit.,996,38878
7850,2025-06-02 01:40:07.000,REMOTE,5,Excellent service! Highly recommended.,996,38880
7851,2025-10-16 16:21:54.000,REMOTE,4,Happy with my visit.,996,38892
7852,2026-01-13 04:26:52.000,LOCAL,5,Excellent service! Highly recommended.,996,38896
7853,2026-04-12 02:54:53.000,REMOTE,5,Always a pleasure coming here.,996,38906
7854,2025-06-30 08:23:20.000,LOCAL,3,"Average experience, nothing special.",996,38915
7855,2025-06-27 10:22:53.000,REMOTE,5,Always a pleasure coming here.,996,38919
7856,2026-01-01 11:37:02.000,LOCAL,4,Solid experience overall.,996,38922
7857,2025-10-05 14:00:55.000,REMOTE,1,Not what I expected at all.,996,38926
7858,2026-04-01 06:36:39.000,REMOTE,3,OK but not outstanding.,996,38935
7859,2025-07-09 05:43:05.000,LOCAL,5,Will definitely be back!,996,38955
7860,2025-08-02 15:53:56.000,LOCAL,3,OK but not outstanding.,996,38960
7861,2025-07-10 04:21:00.000,LOCAL,2,Product did not meet my expectations.,996,38962
7862,2026-03-31 00:34:23.000,REMOTE,4,"Very good, would come again.",996,38964
7863,2025-10-04 21:35:16.000,REMOTE,4,Happy with my visit.,1002,38972
7864,2025-06-05 05:00:53.000,LOCAL,5,Always a pleasure coming here.,999,38984
7865,2026-04-17 04:00:32.000,REMOTE,2,Product did not meet my expectations.,999,38988
7866,2025-09-18 00:29:54.000,LOCAL,4,"Very good, would come again.",998,39000
7867,2025-05-14 11:03:58.000,LOCAL,4,Great service and friendly staff.,999,39006
7868,2025-07-07 19:10:41.000,REMOTE,5,"Best in the area, no doubt.",1000,39016
7869,2026-04-05 18:39:17.000,LOCAL,3,Expected a bit more to be honest.,1000,39028
7870,2026-05-03 14:01:01.000,LOCAL,5,Will definitely be back!,998,39029
7871,2025-12-15 19:27:12.000,LOCAL,5,Will definitely be back!,999,39035
7872,2026-01-17 17:08:56.000,LOCAL,1,Very poor service.,1001,39038
7873,2026-01-27 16:19:27.000,REMOTE,3,OK but not outstanding.,1000,39039
7874,2025-08-28 04:43:05.000,REMOTE,4,Great service and friendly staff.,1002,39043
7875,2026-02-19 03:02:59.000,REMOTE,4,Solid experience overall.,997,39051
7876,2026-02-16 12:57:29.000,REMOTE,4,Happy with my visit.,997,39059
7877,2025-09-04 11:55:02.000,LOCAL,3,"Average experience, nothing special.",999,39061
7878,2026-02-25 10:39:59.000,REMOTE,5,Will definitely be back!,1000,39068
7879,2025-09-10 00:22:29.000,LOCAL,4,Great service and friendly staff.,1000,39071
7880,2025-10-29 07:54:09.000,REMOTE,5,Excellent service! Highly recommended.,1004,39082
7881,2026-01-13 09:44:02.000,REMOTE,2,Staff could be more attentive.,1003,39108
7882,2025-09-10 11:36:10.000,LOCAL,3,"Average experience, nothing special.",1004,39111
7883,2026-02-25 08:30:58.000,LOCAL,3,OK but not outstanding.,1005,39112
7884,2026-04-17 13:13:56.000,REMOTE,4,Solid experience overall.,1005,39117
7885,2025-06-21 05:13:13.000,REMOTE,4,Solid experience overall.,1004,39118
7886,2025-08-24 22:39:52.000,REMOTE,4,Happy with my visit.,1003,39122
7887,2025-12-06 13:11:29.000,LOCAL,4,Happy with my visit.,1005,39125
7888,2026-05-01 15:21:58.000,REMOTE,5,Excellent service! Highly recommended.,1004,39127
7889,2025-09-23 02:40:35.000,REMOTE,4,Great service and friendly staff.,1004,39129
7890,2026-01-29 15:54:53.000,REMOTE,5,Will definitely be back!,1005,39132
7891,2025-07-24 11:57:12.000,LOCAL,4,Great service and friendly staff.,1005,39140
7892,2025-07-19 00:03:32.000,REMOTE,4,Solid experience overall.,1005,39146
7893,2025-10-22 00:24:59.000,REMOTE,4,Solid experience overall.,1004,39147
7894,2025-12-04 05:47:23.000,LOCAL,4,Great service and friendly staff.,1005,39154
7895,2026-03-14 17:54:34.000,LOCAL,2,Product did not meet my expectations.,1005,39158
7896,2025-06-15 16:48:15.000,LOCAL,4,"Very good, would come again.",1005,39163
7897,2026-02-13 14:09:02.000,LOCAL,1,Very poor service.,1004,39165
7898,2025-06-11 18:24:55.000,LOCAL,1,Very poor service.,1003,39167
7899,2026-04-28 18:40:54.000,REMOTE,2,Staff could be more attentive.,1003,39170
7900,2025-08-11 06:03:44.000,REMOTE,5,Excellent service! Highly recommended.,1004,39174
7901,2025-06-29 17:00:28.000,REMOTE,3,"Average experience, nothing special.",1003,39177
7902,2025-05-21 22:02:37.000,LOCAL,3,"Decent, but could improve.",1005,39178
7903,2025-12-13 09:03:28.000,REMOTE,3,"Average experience, nothing special.",1005,39184
7904,2025-05-10 00:45:46.000,REMOTE,5,Always a pleasure coming here.,1003,39198
7905,2025-06-15 01:19:12.000,LOCAL,4,"Very good, would come again.",1004,39201
7906,2025-08-30 03:29:02.000,LOCAL,4,Great service and friendly staff.,1005,39202
7907,2026-01-15 00:39:14.000,REMOTE,4,"Very good, would come again.",1003,39210
7908,2025-09-24 07:51:11.000,REMOTE,3,Expected a bit more to be honest.,1004,39213
7909,2025-09-17 23:11:29.000,LOCAL,3,"Average experience, nothing special.",1004,39215
7910,2026-04-25 07:57:56.000,LOCAL,4,Happy with my visit.,1003,39225
7911,2025-12-09 12:06:53.000,LOCAL,4,Solid experience overall.,1004,39232
7912,2026-03-18 15:55:50.000,REMOTE,3,Expected a bit more to be honest.,1005,39241
7913,2026-02-27 12:42:16.000,LOCAL,4,Solid experience overall.,1005,39244
7914,2025-08-20 11:47:01.000,REMOTE,5,Will definitely be back!,1005,39250
7915,2025-12-30 07:12:06.000,LOCAL,5,"Best in the area, no doubt.",1005,39259
7916,2025-06-11 09:23:49.000,LOCAL,4,"Very good, would come again.",1003,39260
7917,2026-01-24 02:45:20.000,REMOTE,5,Always a pleasure coming here.,1004,39261
7918,2025-09-16 11:51:53.000,REMOTE,4,"Very good, would come again.",1003,39263
7919,2025-11-04 10:03:35.000,LOCAL,5,"Best in the area, no doubt.",1004,39281
7920,2025-06-20 07:28:53.000,REMOTE,1,Completely disappointed.,1004,39283
7921,2025-12-14 21:48:14.000,REMOTE,2,Service was quite slow today.,1004,39287
7922,2026-01-13 14:15:34.000,LOCAL,4,Solid experience overall.,1005,39289
7923,2025-11-19 10:29:30.000,REMOTE,5,Always a pleasure coming here.,1004,39291
7924,2026-01-17 14:53:25.000,REMOTE,5,Excellent service! Highly recommended.,1003,39295
7925,2025-05-16 05:53:30.000,REMOTE,2,Service was quite slow today.,1005,39297
7926,2025-07-12 18:30:45.000,LOCAL,1,Completely disappointed.,1004,39300
7927,2025-11-27 05:13:17.000,REMOTE,5,Will definitely be back!,1003,39301
7928,2025-07-16 18:33:58.000,LOCAL,5,Excellent service! Highly recommended.,1003,39302
7929,2026-04-06 15:22:48.000,REMOTE,5,Always a pleasure coming here.,1004,39311
7930,2025-06-21 11:15:46.000,LOCAL,3,"Average experience, nothing special.",1003,39313
7931,2026-01-27 03:48:59.000,REMOTE,1,Very poor service.,1004,39315
7932,2026-01-02 22:11:19.000,REMOTE,5,Excellent service! Highly recommended.,1004,39316
7933,2025-11-09 20:30:46.000,REMOTE,5,Excellent service! Highly recommended.,1003,39320
7934,2025-06-11 13:30:13.000,REMOTE,1,Completely disappointed.,1005,39324
7935,2025-07-21 06:47:58.000,REMOTE,5,Always a pleasure coming here.,1004,39325
7936,2026-05-06 19:23:11.000,REMOTE,4,Solid experience overall.,1006,39330
7937,2025-12-05 16:43:02.000,LOCAL,5,Always a pleasure coming here.,1006,39332
7938,2026-02-20 12:13:13.000,LOCAL,4,"Very good, would come again.",1006,39334
7939,2025-07-29 14:46:08.000,LOCAL,5,Will definitely be back!,1006,39338
7940,2025-09-06 02:58:38.000,LOCAL,4,Great service and friendly staff.,1006,39339
7941,2025-09-07 13:48:48.000,REMOTE,4,Great service and friendly staff.,1006,39340
7942,2026-01-23 10:23:07.000,REMOTE,4,Great service and friendly staff.,1006,39344
7943,2025-10-10 13:28:41.000,LOCAL,5,Excellent service! Highly recommended.,1006,39345
7944,2025-09-08 08:58:33.000,REMOTE,5,"Best in the area, no doubt.",1006,39346
7945,2025-08-24 22:44:46.000,REMOTE,4,Happy with my visit.,1006,39352
7946,2025-12-30 12:18:06.000,LOCAL,5,Always a pleasure coming here.,1006,39353
7947,2026-03-23 21:09:26.000,REMOTE,4,Happy with my visit.,1011,39355
7948,2025-10-14 17:00:17.000,LOCAL,5,Will definitely be back!,1009,39358
7949,2026-02-18 15:09:05.000,LOCAL,5,Always a pleasure coming here.,1010,39359
7950,2025-07-15 20:42:45.000,REMOTE,5,Will definitely be back!,1010,39364
7951,2025-08-08 13:18:19.000,LOCAL,3,Expected a bit more to be honest.,1010,39369
7952,2025-11-26 04:19:36.000,REMOTE,2,Disappointing visit.,1007,39373
7953,2025-08-06 19:28:21.000,LOCAL,2,Service was quite slow today.,1009,39376
7954,2026-03-25 03:38:04.000,LOCAL,4,"Very good, would come again.",1014,39377
7955,2026-04-10 16:23:24.000,LOCAL,4,Great service and friendly staff.,1014,39384
7956,2026-02-02 01:09:04.000,REMOTE,5,Will definitely be back!,1007,39397
7957,2026-03-09 12:23:55.000,REMOTE,3,"Average experience, nothing special.",1014,39404
7958,2025-08-01 21:55:28.000,REMOTE,5,Will definitely be back!,1007,39413
7959,2025-08-20 13:53:59.000,REMOTE,4,Great service and friendly staff.,1012,39415
7960,2025-11-21 18:02:03.000,LOCAL,3,"Decent, but could improve.",1012,39416
7961,2026-03-30 16:26:15.000,REMOTE,2,Disappointing visit.,1013,39418
7962,2026-03-27 09:03:01.000,LOCAL,4,Happy with my visit.,1012,39420
7963,2025-10-03 04:42:01.000,REMOTE,1,Not what I expected at all.,1009,39422
7964,2026-03-18 03:26:01.000,REMOTE,4,Solid experience overall.,1011,39428
7965,2025-10-13 09:08:29.000,REMOTE,1,Not what I expected at all.,1014,39435
7966,2025-08-05 04:10:28.000,REMOTE,1,Completely disappointed.,1011,39445
7967,2025-08-28 04:54:47.000,LOCAL,4,Happy with my visit.,1007,39447
7968,2026-04-08 19:47:07.000,LOCAL,5,"Best in the area, no doubt.",1014,39452
7969,2026-01-26 07:49:37.000,LOCAL,5,"Best in the area, no doubt.",1013,39454
7970,2025-07-17 07:24:49.000,LOCAL,5,Excellent service! Highly recommended.,1015,39468
7971,2025-06-05 00:46:18.000,REMOTE,5,"Best in the area, no doubt.",1015,39477
7972,2025-12-08 13:56:02.000,REMOTE,5,Will definitely be back!,1015,39479
7973,2025-06-11 04:11:32.000,REMOTE,4,"Very good, would come again.",1016,39484
7974,2025-07-19 11:06:50.000,REMOTE,2,Product did not meet my expectations.,1016,39487
7975,2026-05-02 03:59:24.000,REMOTE,5,Always a pleasure coming here.,1016,39494
7976,2025-10-26 01:14:30.000,LOCAL,2,Product did not meet my expectations.,1016,39501
7977,2025-06-04 23:14:39.000,REMOTE,3,OK but not outstanding.,1016,39515
7978,2025-10-13 21:35:19.000,REMOTE,3,Expected a bit more to be honest.,1016,39518
7979,2025-11-18 07:38:15.000,REMOTE,5,"Best in the area, no doubt.",1016,39522
7980,2026-03-22 00:33:14.000,LOCAL,4,Happy with my visit.,1016,39524
7981,2025-06-06 07:47:40.000,LOCAL,1,Will not return.,1016,39525
7982,2025-06-03 09:52:15.000,LOCAL,1,Very poor service.,1016,39533
7983,2025-06-23 17:38:52.000,REMOTE,4,Solid experience overall.,1016,39537
7984,2026-02-01 12:26:54.000,LOCAL,2,Product did not meet my expectations.,1016,39539
7985,2026-05-01 08:50:04.000,LOCAL,5,"Best in the area, no doubt.",1016,39544
7986,2026-02-18 13:33:33.000,LOCAL,5,Will definitely be back!,1016,39561
7987,2025-09-11 09:16:20.000,REMOTE,2,Staff could be more attentive.,1016,39566
7988,2026-04-30 12:02:28.000,REMOTE,5,"Best in the area, no doubt.",1018,39579
7989,2025-07-30 20:45:02.000,REMOTE,5,Excellent service! Highly recommended.,1017,39580
7990,2025-12-26 04:12:55.000,REMOTE,2,Disappointing visit.,1017,39590
7991,2025-09-03 16:00:29.000,REMOTE,3,OK but not outstanding.,1018,39594
7992,2025-10-21 22:55:04.000,LOCAL,4,Solid experience overall.,1018,39597
7993,2026-03-23 01:57:18.000,LOCAL,5,Excellent service! Highly recommended.,1018,39599
7994,2025-10-02 20:50:54.000,REMOTE,1,Will not return.,1018,39609
7995,2026-03-14 10:03:53.000,LOCAL,3,OK but not outstanding.,1017,39623
7996,2026-02-28 01:29:10.000,REMOTE,4,Great service and friendly staff.,1018,39625
7997,2025-12-09 06:21:56.000,REMOTE,5,Always a pleasure coming here.,1018,39626
7998,2026-01-19 21:09:27.000,LOCAL,4,"Very good, would come again.",1017,39629
7999,2025-11-21 15:31:34.000,LOCAL,4,Happy with my visit.,1018,39631
8000,2025-11-16 12:51:16.000,LOCAL,2,Staff could be more attentive.,1017,39634
8001,2025-05-26 20:16:36.000,LOCAL,5,"Best in the area, no doubt.",1017,39638
8002,2025-10-09 23:02:10.000,REMOTE,5,Will definitely be back!,1017,39642
8003,2025-08-08 02:00:40.000,LOCAL,5,Always a pleasure coming here.,1018,39644
8004,2026-03-30 09:47:01.000,REMOTE,4,"Very good, would come again.",1019,39650
8005,2026-05-03 10:34:16.000,REMOTE,5,Will definitely be back!,1021,39652
8006,2025-08-20 20:29:20.000,REMOTE,4,Great service and friendly staff.,1021,39655
8007,2025-11-10 19:10:27.000,REMOTE,5,Will definitely be back!,1019,39664
8008,2025-11-22 15:16:10.000,LOCAL,2,Service was quite slow today.,1019,39667
8009,2026-02-01 03:51:27.000,REMOTE,5,Excellent service! Highly recommended.,1019,39670
8010,2026-01-12 13:03:49.000,REMOTE,3,OK but not outstanding.,1019,39671
8011,2025-11-03 22:06:39.000,REMOTE,4,Happy with my visit.,1019,39677
8012,2026-03-14 03:49:28.000,REMOTE,5,Excellent service! Highly recommended.,1022,39680
8013,2026-02-26 11:50:13.000,LOCAL,2,Service was quite slow today.,1022,39683
8014,2025-07-28 16:24:33.000,REMOTE,5,"Best in the area, no doubt.",1019,39689
8015,2025-05-31 11:55:09.000,LOCAL,1,Very poor service.,1020,39702
8016,2026-01-30 03:18:00.000,REMOTE,3,Expected a bit more to be honest.,1021,39711
8017,2025-05-11 20:28:25.000,REMOTE,5,Excellent service! Highly recommended.,1023,39725
8018,2026-01-03 09:58:09.000,LOCAL,5,Excellent service! Highly recommended.,1023,39726
8019,2026-04-25 10:39:03.000,REMOTE,5,Excellent service! Highly recommended.,1023,39731
8020,2026-02-22 19:47:50.000,LOCAL,2,Disappointing visit.,1023,39734
8021,2025-09-07 20:59:35.000,REMOTE,4,Happy with my visit.,1023,39736
8022,2025-07-06 12:35:21.000,REMOTE,2,Staff could be more attentive.,1023,39740
8023,2025-06-28 11:10:40.000,REMOTE,4,"Very good, would come again.",1023,39742
8024,2026-01-17 18:45:19.000,LOCAL,5,"Best in the area, no doubt.",1023,39745
8025,2026-03-09 01:55:41.000,LOCAL,3,"Average experience, nothing special.",1023,39747
8026,2025-11-14 14:49:59.000,REMOTE,4,"Very good, would come again.",1023,39751
8027,2026-01-31 19:30:59.000,REMOTE,5,Always a pleasure coming here.,1023,39752
8028,2026-01-13 21:05:42.000,LOCAL,3,Expected a bit more to be honest.,1023,39753
8029,2026-04-21 03:40:52.000,LOCAL,4,"Very good, would come again.",1023,39766
8030,2025-11-24 20:41:50.000,REMOTE,4,Great service and friendly staff.,1023,39769
8031,2026-03-09 21:28:03.000,REMOTE,4,Happy with my visit.,1023,39771
8032,2025-07-13 12:24:21.000,REMOTE,5,"Best in the area, no doubt.",1023,39793
8033,2026-04-12 17:15:55.000,REMOTE,3,Expected a bit more to be honest.,1023,39799
8034,2026-03-02 20:26:21.000,REMOTE,4,"Very good, would come again.",1023,39800
8035,2025-12-24 08:15:33.000,REMOTE,5,Always a pleasure coming here.,1023,39803
8036,2026-02-27 00:58:16.000,REMOTE,5,Excellent service! Highly recommended.,1023,39809
8037,2025-09-26 05:17:48.000,LOCAL,4,Great service and friendly staff.,1023,39810
8038,2025-09-30 08:43:17.000,REMOTE,4,Great service and friendly staff.,1023,39813
8039,2026-05-05 15:32:44.000,LOCAL,5,Always a pleasure coming here.,1023,39814
8040,2026-03-31 00:04:10.000,REMOTE,4,Great service and friendly staff.,1023,39821
8041,2025-08-04 05:58:11.000,REMOTE,3,"Average experience, nothing special.",1023,39823
8042,2025-06-25 23:46:30.000,REMOTE,1,Completely disappointed.,1023,39831
8043,2025-06-02 00:09:54.000,REMOTE,3,"Decent, but could improve.",1023,39836
8044,2025-07-26 21:31:47.000,LOCAL,3,"Decent, but could improve.",1023,39840
8045,2025-10-14 20:47:24.000,LOCAL,1,Very poor service.,1023,39845
8046,2025-06-11 13:31:31.000,REMOTE,5,Always a pleasure coming here.,1024,39871
8047,2026-03-18 04:13:41.000,LOCAL,5,Will definitely be back!,1025,39872
8048,2025-08-26 22:06:06.000,LOCAL,5,"Best in the area, no doubt.",1025,39880
8049,2026-03-20 08:54:42.000,REMOTE,3,"Decent, but could improve.",1024,39885
8050,2026-03-16 06:34:03.000,LOCAL,5,Always a pleasure coming here.,1024,39892
8051,2025-09-22 01:45:15.000,LOCAL,4,"Very good, would come again.",1025,39893
8052,2026-01-30 00:38:47.000,REMOTE,4,Happy with my visit.,1025,39902
8053,2025-07-14 21:26:14.000,LOCAL,3,Expected a bit more to be honest.,1025,39907
8054,2026-01-13 22:32:25.000,LOCAL,5,"Best in the area, no doubt.",1024,39910
8055,2025-11-26 20:05:10.000,LOCAL,2,Service was quite slow today.,1025,39911
8056,2025-11-02 11:56:33.000,LOCAL,2,Staff could be more attentive.,1025,39916
8057,2025-12-13 01:33:00.000,LOCAL,3,"Average experience, nothing special.",1026,39940
8058,2025-10-31 09:40:25.000,REMOTE,4,Solid experience overall.,1027,39952
8059,2025-06-09 09:41:51.000,LOCAL,5,"Best in the area, no doubt.",1026,39955
8060,2026-01-14 09:17:48.000,LOCAL,2,Product did not meet my expectations.,1026,39959
8061,2026-03-12 22:16:14.000,LOCAL,4,"Very good, would come again.",1026,39960
8062,2025-05-24 18:19:09.000,LOCAL,3,"Decent, but could improve.",1026,39967
8063,2025-05-11 03:57:03.000,REMOTE,5,Will definitely be back!,1027,39968
8064,2025-05-25 00:58:08.000,LOCAL,5,Will definitely be back!,1027,39972
8065,2025-06-01 00:09:29.000,REMOTE,4,Happy with my visit.,1026,39973
8066,2026-02-13 10:51:07.000,LOCAL,3,Expected a bit more to be honest.,1027,39975
8067,2025-12-12 06:40:44.000,LOCAL,4,Solid experience overall.,1026,39985
8068,2025-08-14 12:14:58.000,LOCAL,3,Expected a bit more to be honest.,1027,39995
8069,2025-08-13 18:55:13.000,REMOTE,5,Excellent service! Highly recommended.,1026,40004
8070,2025-08-09 05:33:17.000,LOCAL,4,Solid experience overall.,1026,40006
8071,2026-02-05 20:30:05.000,REMOTE,4,Great service and friendly staff.,1029,40009
8072,2025-06-04 18:07:37.000,LOCAL,4,Great service and friendly staff.,1028,40014
8073,2025-06-23 05:36:26.000,REMOTE,5,"Best in the area, no doubt.",1029,40016
8074,2025-07-13 12:32:59.000,LOCAL,4,Happy with my visit.,1029,40019
8075,2025-05-31 07:52:57.000,LOCAL,5,Excellent service! Highly recommended.,1029,40025
8076,2026-02-21 15:17:45.000,LOCAL,4,Solid experience overall.,1028,40040
8077,2026-04-09 06:51:27.000,LOCAL,4,"Very good, would come again.",1028,40048
8078,2026-01-04 13:47:57.000,REMOTE,5,"Best in the area, no doubt.",1030,40070
8079,2025-07-20 06:41:07.000,REMOTE,5,Excellent service! Highly recommended.,1032,40072
8080,2025-08-20 01:14:31.000,LOCAL,2,Disappointing visit.,1031,40073
8081,2026-03-29 09:02:21.000,LOCAL,3,Expected a bit more to be honest.,1033,40080
8082,2025-08-10 18:04:13.000,REMOTE,5,"Best in the area, no doubt.",1032,40081
8083,2025-12-02 11:52:27.000,REMOTE,3,Expected a bit more to be honest.,1033,40082
8084,2025-11-21 06:46:39.000,REMOTE,5,"Best in the area, no doubt.",1030,40085
8085,2025-10-07 14:05:10.000,LOCAL,1,Very poor service.,1030,40086
8086,2025-10-14 10:45:22.000,LOCAL,2,Service was quite slow today.,1032,40087
8087,2025-09-19 16:28:37.000,LOCAL,2,Staff could be more attentive.,1031,40088
8088,2025-06-15 20:13:42.000,LOCAL,5,Excellent service! Highly recommended.,1031,40090
8089,2026-04-10 16:08:46.000,REMOTE,4,Great service and friendly staff.,1032,40093
8090,2025-07-10 20:15:19.000,REMOTE,3,Expected a bit more to be honest.,1030,40094
8091,2025-05-31 21:44:14.000,LOCAL,2,Product did not meet my expectations.,1031,40098
8092,2025-06-18 23:58:06.000,REMOTE,4,Solid experience overall.,1033,40102
8093,2025-09-11 21:36:25.000,LOCAL,2,Staff could be more attentive.,1031,40103
8094,2025-05-18 19:49:10.000,REMOTE,4,Great service and friendly staff.,1032,40112
8095,2026-05-01 17:18:43.000,LOCAL,4,"Very good, would come again.",1033,40117
8096,2025-05-28 06:14:51.000,LOCAL,4,Happy with my visit.,1031,40118
8097,2026-04-21 22:10:00.000,LOCAL,5,Always a pleasure coming here.,1033,40128
8098,2025-11-08 19:21:19.000,REMOTE,5,Excellent service! Highly recommended.,1032,40133
8099,2025-12-28 04:20:39.000,REMOTE,4,Solid experience overall.,1031,40139
8100,2025-05-21 07:11:27.000,LOCAL,2,Product did not meet my expectations.,1035,40147
8101,2026-02-18 05:27:47.000,REMOTE,4,Great service and friendly staff.,1034,40154
8102,2026-01-08 04:26:28.000,LOCAL,5,Will definitely be back!,1034,40161
8103,2025-11-26 08:38:49.000,LOCAL,5,Will definitely be back!,1035,40167
8104,2025-09-25 14:34:55.000,LOCAL,5,"Best in the area, no doubt.",1034,40185
8105,2025-07-16 12:49:57.000,LOCAL,5,Excellent service! Highly recommended.,1035,40198
8106,2025-07-20 02:38:09.000,LOCAL,2,Service was quite slow today.,1036,40205
8107,2026-04-08 07:37:51.000,LOCAL,5,Excellent service! Highly recommended.,1036,40213
8108,2025-07-24 06:54:21.000,LOCAL,4,Solid experience overall.,1036,40216
8109,2025-11-20 16:16:23.000,REMOTE,4,"Very good, would come again.",1036,40218
8110,2025-05-10 09:09:39.000,LOCAL,1,Very poor service.,1036,40236
8111,2025-07-02 23:17:56.000,REMOTE,5,Excellent service! Highly recommended.,1037,40246
8112,2026-01-30 05:20:16.000,LOCAL,4,Great service and friendly staff.,1037,40248
8113,2025-12-06 16:59:49.000,LOCAL,4,Solid experience overall.,1037,40253
8114,2025-09-22 16:40:03.000,LOCAL,5,Always a pleasure coming here.,1038,40254
8115,2025-05-19 18:11:49.000,LOCAL,5,Will definitely be back!,1037,40259
8116,2025-11-30 13:40:13.000,REMOTE,4,Solid experience overall.,1038,40262
8117,2026-04-06 19:58:55.000,LOCAL,3,Expected a bit more to be honest.,1038,40264
8118,2025-07-05 12:38:43.000,LOCAL,2,Disappointing visit.,1037,40268
8119,2026-03-26 08:03:58.000,LOCAL,5,Excellent service! Highly recommended.,1037,40269
8120,2025-12-13 00:22:15.000,REMOTE,4,Solid experience overall.,1037,40282
8121,2025-05-10 17:17:50.000,REMOTE,4,Solid experience overall.,1038,40284
8122,2025-07-03 12:31:25.000,LOCAL,3,"Average experience, nothing special.",1038,40285
8123,2025-10-09 10:37:35.000,REMOTE,1,Not what I expected at all.,1037,40286
8124,2025-09-03 05:07:12.000,REMOTE,5,Always a pleasure coming here.,1037,40289
8125,2026-03-31 15:48:00.000,LOCAL,4,Great service and friendly staff.,1039,40298
8126,2026-04-06 17:15:05.000,LOCAL,4,Solid experience overall.,1039,40304
8127,2025-11-08 23:23:04.000,LOCAL,5,Will definitely be back!,1039,40306
8128,2025-12-14 13:37:43.000,REMOTE,4,Happy with my visit.,1039,40308
8129,2025-12-08 08:48:28.000,LOCAL,4,"Very good, would come again.",1039,40309
8130,2025-10-14 17:28:48.000,LOCAL,5,Always a pleasure coming here.,1039,40313
8131,2025-05-18 00:41:31.000,LOCAL,2,Service was quite slow today.,1039,40315
8132,2025-09-11 15:59:07.000,LOCAL,3,"Decent, but could improve.",1039,40319
8133,2025-08-30 05:26:34.000,REMOTE,5,Will definitely be back!,1039,40324
8134,2025-06-23 15:59:06.000,LOCAL,3,"Decent, but could improve.",1039,40325
8135,2025-07-17 03:28:07.000,REMOTE,3,OK but not outstanding.,1039,40327
8136,2026-03-27 02:20:38.000,LOCAL,4,Happy with my visit.,1039,40330
8137,2025-06-06 12:06:28.000,LOCAL,3,Expected a bit more to be honest.,1039,40334
8138,2026-04-27 18:56:19.000,LOCAL,3,"Decent, but could improve.",1039,40335
8139,2026-01-30 17:12:28.000,REMOTE,2,Staff could be more attentive.,1039,40344
8140,2025-05-22 13:58:30.000,REMOTE,3,"Average experience, nothing special.",1039,40345
8141,2025-10-06 06:07:41.000,LOCAL,5,Will definitely be back!,1039,40346
8142,2025-10-06 02:28:02.000,REMOTE,4,Great service and friendly staff.,1039,40349
8143,2026-02-22 10:19:20.000,LOCAL,3,Expected a bit more to be honest.,1040,40352
8144,2025-10-11 20:59:56.000,LOCAL,5,Will definitely be back!,1040,40354
8145,2025-11-06 13:37:35.000,LOCAL,5,Will definitely be back!,1040,40359
8146,2025-12-07 04:01:06.000,LOCAL,5,Always a pleasure coming here.,1040,40363
8147,2025-09-19 21:47:37.000,LOCAL,1,Will not return.,1040,40364
8148,2025-11-09 00:15:08.000,REMOTE,5,"Best in the area, no doubt.",1040,40367
8149,2025-12-14 03:29:49.000,LOCAL,5,Always a pleasure coming here.,1040,40368
8150,2026-01-24 11:14:40.000,LOCAL,5,"Best in the area, no doubt.",1040,40370
8151,2025-09-28 10:29:56.000,REMOTE,5,Excellent service! Highly recommended.,1040,40378
8152,2026-04-05 03:51:08.000,LOCAL,5,Excellent service! Highly recommended.,1046,40385
8153,2026-03-27 10:19:51.000,LOCAL,1,Completely disappointed.,1046,40386
8154,2026-02-05 07:22:41.000,LOCAL,3,OK but not outstanding.,1042,40419
8155,2025-12-29 06:57:55.000,REMOTE,2,Disappointing visit.,1043,40421
8156,2025-11-01 00:37:10.000,LOCAL,5,"Best in the area, no doubt.",1044,40431
8157,2025-11-02 22:16:18.000,REMOTE,3,OK but not outstanding.,1042,40445
8158,2026-02-03 18:31:42.000,REMOTE,5,Excellent service! Highly recommended.,1044,40448
8159,2026-01-22 12:33:27.000,LOCAL,5,Always a pleasure coming here.,1044,40463
8160,2026-02-08 18:02:55.000,LOCAL,4,"Very good, would come again.",1046,40464
8161,2025-10-13 01:52:17.000,REMOTE,5,"Best in the area, no doubt.",1045,40468
8162,2025-07-01 06:41:17.000,LOCAL,3,"Average experience, nothing special.",1041,40473
8163,2025-07-24 13:05:01.000,REMOTE,4,Happy with my visit.,1044,40475
8164,2025-09-09 22:57:50.000,REMOTE,4,Solid experience overall.,1045,40482
8165,2025-12-21 14:01:57.000,REMOTE,3,"Average experience, nothing special.",1046,40484
8166,2025-05-08 20:33:50.000,REMOTE,1,Will not return.,1046,40486
8167,2025-12-07 00:16:43.000,LOCAL,4,Great service and friendly staff.,1044,40487
8168,2025-09-20 13:13:08.000,LOCAL,3,OK but not outstanding.,1041,40489
8169,2025-08-05 17:11:53.000,LOCAL,3,OK but not outstanding.,1041,40498
8170,2025-05-21 22:22:22.000,LOCAL,4,Happy with my visit.,1041,40499
8171,2025-07-21 20:54:35.000,LOCAL,5,Excellent service! Highly recommended.,1043,40504
8172,2025-09-06 06:21:30.000,REMOTE,1,Will not return.,1045,40505
8173,2025-11-24 23:14:50.000,LOCAL,5,Always a pleasure coming here.,1042,40509
8174,2025-11-23 22:02:58.000,REMOTE,2,Disappointing visit.,1045,40518
8175,2025-11-24 17:12:05.000,LOCAL,4,Great service and friendly staff.,1044,40519
8176,2025-12-30 01:29:57.000,LOCAL,4,"Very good, would come again.",1044,40520
8177,2025-09-20 01:53:12.000,LOCAL,5,Excellent service! Highly recommended.,1042,40522
8178,2025-05-30 02:21:25.000,REMOTE,2,Disappointing visit.,1046,40530
8179,2026-05-03 18:57:27.000,LOCAL,5,"Best in the area, no doubt.",1044,40533
8180,2026-02-07 20:31:11.000,LOCAL,4,Solid experience overall.,1042,40535
8181,2026-02-08 03:08:54.000,REMOTE,5,Always a pleasure coming here.,1044,40536
8182,2025-07-11 18:30:16.000,REMOTE,4,Great service and friendly staff.,1044,40540
8183,2026-05-01 11:44:04.000,LOCAL,1,Very poor service.,1042,40550
8184,2026-01-10 09:56:19.000,REMOTE,3,"Average experience, nothing special.",1045,40556
8185,2025-12-31 02:38:00.000,LOCAL,3,Expected a bit more to be honest.,1044,40557
8186,2025-07-10 15:18:36.000,LOCAL,2,Product did not meet my expectations.,1045,40573
8187,2025-08-22 14:47:32.000,REMOTE,4,Great service and friendly staff.,1044,40580
8188,2026-01-12 14:06:54.000,LOCAL,5,"Best in the area, no doubt.",1042,40591
8189,2026-04-01 21:39:27.000,LOCAL,5,Will definitely be back!,1042,40600
8190,2026-01-03 23:46:43.000,LOCAL,3,"Average experience, nothing special.",1045,40609
8191,2025-07-01 13:14:17.000,REMOTE,4,"Very good, would come again.",1041,40615
8192,2025-12-25 20:42:49.000,LOCAL,4,Happy with my visit.,1041,40616
8193,2026-01-22 09:53:05.000,REMOTE,5,Always a pleasure coming here.,1043,40619
8194,2025-08-11 01:00:31.000,LOCAL,5,"Best in the area, no doubt.",1045,40625
8195,2025-11-13 20:14:40.000,LOCAL,3,OK but not outstanding.,1042,40627
8196,2025-12-19 04:24:28.000,LOCAL,4,"Very good, would come again.",1042,40628
8197,2025-05-14 00:02:17.000,REMOTE,4,Great service and friendly staff.,1045,40635
8198,2025-05-13 08:41:21.000,REMOTE,5,"Best in the area, no doubt.",1042,40640
8199,2026-01-08 21:03:30.000,LOCAL,2,Service was quite slow today.,1042,40643
8200,2026-01-07 17:15:57.000,LOCAL,3,"Average experience, nothing special.",1043,40646
8201,2025-05-10 02:59:44.000,REMOTE,3,Expected a bit more to be honest.,1044,40660
8202,2025-06-17 19:16:05.000,LOCAL,4,Solid experience overall.,1045,40662
8203,2025-12-11 02:55:58.000,LOCAL,2,Disappointing visit.,1045,40663
8204,2026-03-18 22:36:41.000,LOCAL,5,Always a pleasure coming here.,1044,40669
8205,2026-01-02 08:19:58.000,REMOTE,1,Very poor service.,1042,40670
8206,2025-05-11 19:15:01.000,LOCAL,2,Product did not meet my expectations.,1042,40672
8207,2025-07-27 13:27:13.000,REMOTE,4,"Very good, would come again.",1045,40683
8208,2026-04-06 07:43:39.000,REMOTE,5,Excellent service! Highly recommended.,1043,40685
8209,2025-08-22 01:23:45.000,LOCAL,4,"Very good, would come again.",1046,40699
8210,2026-02-26 18:34:58.000,REMOTE,5,Will definitely be back!,1044,40704
8211,2025-08-20 07:58:44.000,REMOTE,5,Always a pleasure coming here.,1046,40706
8212,2025-09-09 19:58:01.000,REMOTE,1,Completely disappointed.,1046,40709
8213,2026-04-07 06:30:55.000,REMOTE,2,Product did not meet my expectations.,1042,40711
8214,2026-02-27 16:49:23.000,LOCAL,4,"Very good, would come again.",1047,40731
8215,2025-09-04 07:09:27.000,LOCAL,4,Solid experience overall.,1048,40740
8216,2025-09-22 03:14:12.000,LOCAL,2,Service was quite slow today.,1047,40751
8217,2025-12-23 03:55:28.000,REMOTE,3,OK but not outstanding.,1049,40754
8218,2026-02-16 22:09:09.000,LOCAL,5,Will definitely be back!,1049,40758
8219,2026-04-06 23:45:29.000,REMOTE,4,"Very good, would come again.",1049,40761
8220,2025-10-05 22:08:00.000,REMOTE,5,"Best in the area, no doubt.",1049,40763
8221,2026-05-05 14:27:22.000,LOCAL,1,Very poor service.,1049,40777
8222,2026-02-10 10:20:06.000,REMOTE,5,Excellent service! Highly recommended.,1049,40780
8223,2025-09-23 17:20:10.000,LOCAL,3,OK but not outstanding.,1051,40783
8224,2026-02-24 17:15:35.000,REMOTE,4,"Very good, would come again.",1051,40787
8225,2025-07-08 09:02:29.000,LOCAL,5,"Best in the area, no doubt.",1051,40788
8226,2026-01-15 05:16:47.000,LOCAL,5,Always a pleasure coming here.,1050,40790
8227,2025-07-26 17:52:43.000,REMOTE,2,Staff could be more attentive.,1051,40791
8228,2025-11-25 20:50:24.000,REMOTE,5,"Best in the area, no doubt.",1050,40792
8229,2025-06-15 14:04:27.000,LOCAL,3,OK but not outstanding.,1051,40801
8230,2026-04-07 02:13:06.000,REMOTE,2,Service was quite slow today.,1050,40804
8231,2026-04-01 09:09:20.000,REMOTE,4,Solid experience overall.,1052,40807
8232,2025-12-03 03:35:11.000,REMOTE,1,Completely disappointed.,1052,40815
8233,2025-05-09 00:11:41.000,REMOTE,4,Solid experience overall.,1050,40818
8234,2025-08-29 18:22:21.000,LOCAL,1,Completely disappointed.,1051,40821
8235,2025-12-11 20:43:11.000,LOCAL,4,"Very good, would come again.",1050,40822
8236,2025-11-01 10:14:21.000,REMOTE,5,"Best in the area, no doubt.",1051,40823
8237,2025-10-17 15:29:38.000,LOCAL,2,Disappointing visit.,1051,40835
8238,2025-10-27 22:28:42.000,REMOTE,3,"Average experience, nothing special.",1050,40836
8239,2026-03-19 13:01:09.000,LOCAL,5,"Best in the area, no doubt.",1052,40846
8240,2025-10-18 11:06:36.000,REMOTE,5,Will definitely be back!,1051,40852
8241,2025-07-13 00:06:18.000,REMOTE,3,"Decent, but could improve.",1051,40856
8242,2025-07-03 22:00:56.000,LOCAL,3,OK but not outstanding.,1052,40860
8243,2026-03-28 15:34:32.000,LOCAL,3,"Average experience, nothing special.",1052,40861
8244,2026-04-17 23:36:41.000,REMOTE,3,"Decent, but could improve.",1051,40870
8245,2025-06-01 06:44:50.000,LOCAL,5,"Best in the area, no doubt.",1051,40871
8246,2026-01-21 11:17:58.000,REMOTE,5,"Best in the area, no doubt.",1052,40872
8247,2025-11-19 02:46:26.000,REMOTE,4,"Very good, would come again.",1051,40885
8248,2026-02-01 07:58:58.000,REMOTE,3,"Decent, but could improve.",1050,40902
8249,2025-11-09 09:14:13.000,LOCAL,3,Expected a bit more to be honest.,1052,40905
8250,2025-12-26 13:47:39.000,LOCAL,1,Will not return.,1051,40910
8251,2026-03-26 22:58:33.000,LOCAL,2,Product did not meet my expectations.,1051,40912
8252,2025-09-26 21:49:07.000,REMOTE,5,Always a pleasure coming here.,1053,40930
8253,2025-08-05 14:56:16.000,LOCAL,4,Great service and friendly staff.,1053,40933
8254,2025-12-17 07:25:29.000,REMOTE,3,"Decent, but could improve.",1053,40934
8255,2025-09-21 10:45:51.000,REMOTE,5,Always a pleasure coming here.,1055,40945
8256,2025-09-02 21:45:24.000,REMOTE,5,"Best in the area, no doubt.",1054,40948
8257,2025-11-04 10:35:04.000,REMOTE,5,Excellent service! Highly recommended.,1054,40952
8258,2025-12-16 11:32:05.000,REMOTE,3,Expected a bit more to be honest.,1054,40960
8259,2025-09-03 03:57:18.000,LOCAL,2,Product did not meet my expectations.,1054,40964
8260,2025-07-08 07:04:02.000,REMOTE,3,"Decent, but could improve.",1055,40968
8261,2025-11-10 02:34:29.000,LOCAL,5,Always a pleasure coming here.,1054,40971
8262,2025-10-16 15:56:50.000,LOCAL,3,"Decent, but could improve.",1054,40972
8263,2026-01-23 09:04:16.000,REMOTE,1,Very poor service.,1055,40977
8264,2026-03-13 12:35:06.000,LOCAL,3,OK but not outstanding.,1056,40983
8265,2026-04-09 08:51:23.000,LOCAL,5,"Best in the area, no doubt.",1056,40986
8266,2025-11-27 07:03:21.000,LOCAL,3,OK but not outstanding.,1056,40994
8267,2025-07-24 23:37:45.000,REMOTE,5,Will definitely be back!,1056,40998
8268,2025-10-01 00:12:14.000,LOCAL,3,"Average experience, nothing special.",1056,41006
8269,2026-03-12 11:24:11.000,LOCAL,2,Staff could be more attentive.,1056,41015
8270,2025-05-19 04:03:28.000,REMOTE,4,Great service and friendly staff.,1056,41019
8271,2026-01-07 16:36:30.000,LOCAL,3,OK but not outstanding.,1058,41031
8272,2026-02-16 06:46:59.000,LOCAL,4,"Very good, would come again.",1058,41033
8273,2026-04-15 07:03:07.000,LOCAL,5,Excellent service! Highly recommended.,1058,41043
8274,2025-12-01 10:40:29.000,LOCAL,5,Excellent service! Highly recommended.,1057,41046
8275,2025-08-28 16:33:02.000,LOCAL,4,"Very good, would come again.",1058,41054
8276,2026-04-16 13:24:54.000,LOCAL,2,Staff could be more attentive.,1058,41061
8277,2025-09-11 06:24:07.000,LOCAL,4,"Very good, would come again.",1058,41062
8278,2026-02-24 18:39:31.000,REMOTE,4,Great service and friendly staff.,1058,41073
8279,2026-03-08 11:40:10.000,REMOTE,2,Product did not meet my expectations.,1057,41085
8280,2025-05-23 04:38:25.000,LOCAL,4,Solid experience overall.,1058,41087
8281,2025-10-06 09:41:54.000,REMOTE,4,Happy with my visit.,1059,41093
8282,2025-06-05 05:26:26.000,REMOTE,2,Service was quite slow today.,1059,41095
8283,2025-05-20 09:55:41.000,LOCAL,1,Very poor service.,1059,41097
8284,2025-11-21 15:23:22.000,LOCAL,5,Excellent service! Highly recommended.,1059,41102
8285,2025-12-26 04:20:43.000,REMOTE,5,Always a pleasure coming here.,1060,41113
8286,2025-07-21 04:14:16.000,LOCAL,4,Great service and friendly staff.,1063,41118
8287,2025-06-09 15:20:50.000,REMOTE,4,Great service and friendly staff.,1062,41119
8288,2026-01-06 05:06:28.000,REMOTE,3,"Decent, but could improve.",1060,41129
8289,2026-04-05 19:47:11.000,LOCAL,5,"Best in the area, no doubt.",1060,41130
8290,2025-08-12 17:50:06.000,LOCAL,2,Product did not meet my expectations.,1060,41131
8291,2025-12-26 21:31:18.000,LOCAL,5,"Best in the area, no doubt.",1062,41133
8292,2026-02-06 17:33:02.000,LOCAL,1,Will not return.,1061,41141
8293,2026-03-23 21:34:11.000,REMOTE,4,"Very good, would come again.",1061,41142
8294,2025-10-20 04:50:10.000,REMOTE,4,Solid experience overall.,1062,41143
8295,2025-11-03 10:09:42.000,REMOTE,5,Always a pleasure coming here.,1061,41149
8296,2025-06-25 11:05:49.000,REMOTE,3,"Average experience, nothing special.",1062,41152
8297,2026-04-25 16:46:41.000,REMOTE,4,Solid experience overall.,1061,41154
8298,2025-06-25 21:17:46.000,REMOTE,3,OK but not outstanding.,1062,41156
8299,2025-07-27 19:52:40.000,REMOTE,1,Will not return.,1060,41161
8300,2025-08-06 16:17:27.000,LOCAL,3,Expected a bit more to be honest.,1063,41163
8301,2026-03-30 12:45:03.000,REMOTE,3,OK but not outstanding.,1062,41165
8302,2026-03-03 11:28:56.000,REMOTE,4,Solid experience overall.,1062,41175
8303,2026-05-05 19:40:36.000,REMOTE,1,Completely disappointed.,1061,41184
8304,2025-07-16 02:43:27.000,LOCAL,5,"Best in the area, no doubt.",1061,41188
8305,2025-09-09 19:38:36.000,REMOTE,5,Excellent service! Highly recommended.,1062,41197
8306,2026-03-24 01:42:34.000,REMOTE,4,Solid experience overall.,1060,41206
8307,2025-06-24 19:02:14.000,LOCAL,4,Solid experience overall.,1062,41207
8308,2026-04-12 17:21:21.000,LOCAL,2,Staff could be more attentive.,1061,41208
8309,2025-06-10 17:35:35.000,LOCAL,4,"Very good, would come again.",1061,41209
8310,2025-09-23 08:31:17.000,REMOTE,3,OK but not outstanding.,1063,41217
8311,2026-01-11 06:47:21.000,REMOTE,4,Solid experience overall.,1062,41218
8312,2025-05-27 14:15:02.000,REMOTE,3,"Decent, but could improve.",1062,41219
8313,2026-04-04 05:00:02.000,REMOTE,3,"Decent, but could improve.",1060,41220
8314,2025-12-11 15:07:56.000,REMOTE,5,"Best in the area, no doubt.",1064,41227
8315,2025-11-12 13:14:22.000,LOCAL,1,Completely disappointed.,1064,41233
8316,2025-12-23 10:48:19.000,LOCAL,3,Expected a bit more to be honest.,1064,41241
8317,2025-07-21 19:09:38.000,REMOTE,5,Always a pleasure coming here.,1064,41243
8318,2026-01-22 21:53:45.000,REMOTE,3,OK but not outstanding.,1064,41246
8319,2025-12-17 16:01:25.000,REMOTE,5,Excellent service! Highly recommended.,1064,41250
8320,2026-01-12 07:25:40.000,REMOTE,3,"Decent, but could improve.",1064,41258
8321,2025-09-24 13:17:08.000,REMOTE,5,Will definitely be back!,1064,41259
8322,2025-12-02 00:37:14.000,REMOTE,3,"Decent, but could improve.",1064,41264
8323,2025-06-07 18:21:06.000,LOCAL,5,Will definitely be back!,1065,41268
8324,2025-07-12 09:43:01.000,LOCAL,5,Will definitely be back!,1065,41269
8325,2025-07-11 14:21:14.000,REMOTE,5,Always a pleasure coming here.,1065,41271
8326,2026-01-13 21:10:23.000,LOCAL,5,Will definitely be back!,1065,41277
8327,2025-05-11 19:44:10.000,REMOTE,3,OK but not outstanding.,1065,41281
8328,2026-01-18 13:04:03.000,REMOTE,4,"Very good, would come again.",1065,41291
8329,2025-11-22 22:43:37.000,LOCAL,5,"Best in the area, no doubt.",1065,41292
8330,2025-07-06 07:22:54.000,REMOTE,5,Will definitely be back!,1065,41300
8331,2026-04-13 23:37:02.000,LOCAL,3,OK but not outstanding.,1065,41301
8332,2026-01-03 12:40:10.000,LOCAL,2,Service was quite slow today.,1065,41310
8333,2026-01-11 12:19:19.000,REMOTE,4,Solid experience overall.,1065,41315
8334,2025-07-21 11:59:10.000,REMOTE,2,Disappointing visit.,1066,41317
8335,2026-05-03 04:52:39.000,LOCAL,3,OK but not outstanding.,1068,41327
8336,2026-01-05 14:01:49.000,REMOTE,5,Always a pleasure coming here.,1068,41338
8337,2025-05-09 18:15:03.000,REMOTE,4,"Very good, would come again.",1066,41339
8338,2025-05-17 12:38:18.000,REMOTE,4,Happy with my visit.,1067,41340
8339,2025-10-04 18:13:00.000,REMOTE,3,"Average experience, nothing special.",1066,41364
8340,2026-01-16 08:59:38.000,LOCAL,2,Product did not meet my expectations.,1067,41365
8341,2025-09-25 07:24:31.000,LOCAL,5,Will definitely be back!,1069,41366
8342,2026-03-10 15:31:01.000,LOCAL,5,Will definitely be back!,1067,41370
8343,2025-05-22 05:15:00.000,LOCAL,4,Solid experience overall.,1066,41371
8344,2025-07-12 11:27:29.000,REMOTE,3,"Decent, but could improve.",1069,41375
8345,2026-03-22 06:41:21.000,REMOTE,5,Always a pleasure coming here.,1066,41376
8346,2026-01-16 04:03:20.000,LOCAL,5,Always a pleasure coming here.,1067,41377
8347,2025-11-26 01:35:30.000,REMOTE,5,Will definitely be back!,1068,41379
8348,2025-07-24 01:09:04.000,REMOTE,1,Will not return.,1068,41382
8349,2025-06-10 09:31:25.000,LOCAL,4,Happy with my visit.,1066,41383
8350,2025-09-12 14:04:56.000,LOCAL,4,Solid experience overall.,1069,41384
8351,2025-09-22 10:07:38.000,REMOTE,4,Great service and friendly staff.,1066,41388
8352,2025-11-02 03:19:37.000,REMOTE,2,Service was quite slow today.,1068,41395
8353,2025-09-22 22:09:04.000,LOCAL,4,Solid experience overall.,1066,41398
8354,2026-03-21 15:23:47.000,REMOTE,3,OK but not outstanding.,1066,41399
8355,2025-10-19 04:42:00.000,REMOTE,1,Very poor service.,1069,41403
8356,2026-02-16 12:20:42.000,LOCAL,4,"Very good, would come again.",1066,41411
8357,2026-01-30 23:57:20.000,LOCAL,4,Solid experience overall.,1069,41413
8358,2025-09-15 03:48:07.000,LOCAL,5,Excellent service! Highly recommended.,1069,41433
8359,2026-03-06 11:30:18.000,LOCAL,5,Will definitely be back!,1068,41436
8360,2026-03-05 22:12:33.000,REMOTE,2,Disappointing visit.,1072,41442
8361,2026-02-05 05:37:29.000,LOCAL,5,Excellent service! Highly recommended.,1071,41447
8362,2026-01-04 20:14:41.000,LOCAL,4,Solid experience overall.,1070,41460
8363,2025-08-09 02:45:42.000,REMOTE,4,Great service and friendly staff.,1071,41461
8364,2026-05-07 18:40:20.000,REMOTE,4,Great service and friendly staff.,1072,41464
8365,2026-04-28 06:57:38.000,REMOTE,2,Staff could be more attentive.,1071,41466
8366,2025-07-08 12:11:52.000,REMOTE,5,Excellent service! Highly recommended.,1070,41478
8367,2025-09-30 11:18:08.000,REMOTE,5,"Best in the area, no doubt.",1071,41484
8368,2025-06-25 22:34:19.000,REMOTE,4,"Very good, would come again.",1072,41490
8369,2025-06-21 05:34:37.000,REMOTE,5,Excellent service! Highly recommended.,1072,41492
8370,2025-05-25 16:12:42.000,REMOTE,5,Always a pleasure coming here.,1071,41502
8371,2025-08-18 14:24:07.000,LOCAL,5,Excellent service! Highly recommended.,1070,41503
8372,2026-01-23 15:09:53.000,LOCAL,5,Always a pleasure coming here.,1072,41506
8373,2026-05-01 14:05:42.000,LOCAL,4,Solid experience overall.,1070,41516
8374,2025-09-21 22:09:56.000,REMOTE,3,OK but not outstanding.,1072,41521
8375,2025-07-26 18:31:51.000,LOCAL,3,OK but not outstanding.,1072,41522
8376,2026-03-16 09:54:37.000,LOCAL,2,Staff could be more attentive.,1070,41529
8377,2025-12-18 20:20:08.000,REMOTE,3,Expected a bit more to be honest.,1071,41530
8378,2025-06-09 21:03:01.000,LOCAL,4,Great service and friendly staff.,1072,41531
8379,2025-10-14 00:01:08.000,REMOTE,3,"Average experience, nothing special.",1071,41536
8380,2026-03-01 04:41:38.000,LOCAL,4,Solid experience overall.,1070,41537
8381,2026-01-16 21:15:34.000,REMOTE,4,Great service and friendly staff.,1070,41538
8382,2025-08-20 12:15:49.000,LOCAL,3,OK but not outstanding.,1073,41557
8383,2025-12-18 11:04:03.000,LOCAL,4,Solid experience overall.,1073,41569
8384,2025-12-06 20:06:20.000,REMOTE,5,Excellent service! Highly recommended.,1073,41576
8385,2025-06-17 18:12:49.000,LOCAL,5,Always a pleasure coming here.,1073,41587
8386,2026-03-17 14:16:58.000,LOCAL,5,Will definitely be back!,1073,41589
8387,2025-12-08 04:13:03.000,LOCAL,2,Disappointing visit.,1073,41594
8388,2025-11-22 00:19:19.000,LOCAL,4,Happy with my visit.,1074,41596
8389,2025-05-27 17:12:26.000,REMOTE,5,Will definitely be back!,1074,41597
8390,2026-01-16 14:44:49.000,REMOTE,3,"Average experience, nothing special.",1074,41599
8391,2026-01-14 19:50:36.000,LOCAL,2,Service was quite slow today.,1074,41604
8392,2025-05-28 17:51:05.000,REMOTE,5,"Best in the area, no doubt.",1074,41608
8393,2025-07-23 05:47:57.000,LOCAL,4,Solid experience overall.,1074,41609
8394,2025-12-27 13:56:07.000,LOCAL,1,Will not return.,1074,41613
8395,2025-08-13 02:56:08.000,LOCAL,3,Expected a bit more to be honest.,1074,41619
8396,2025-10-19 18:32:04.000,REMOTE,3,Expected a bit more to be honest.,1074,41620
8397,2025-12-20 15:14:56.000,LOCAL,2,Staff could be more attentive.,1074,41621
8398,2025-06-24 14:57:35.000,REMOTE,3,"Average experience, nothing special.",1074,41628
8399,2025-09-29 06:43:39.000,LOCAL,3,OK but not outstanding.,1074,41631
8400,2025-09-12 06:06:35.000,LOCAL,3,OK but not outstanding.,1074,41632
8401,2025-11-29 20:54:42.000,REMOTE,5,Excellent service! Highly recommended.,1074,41634
8402,2025-09-03 06:17:19.000,REMOTE,5,Will definitely be back!,1075,41639
8403,2025-10-14 17:02:28.000,LOCAL,2,Disappointing visit.,1075,41641
8404,2025-07-27 15:41:36.000,REMOTE,3,"Decent, but could improve.",1075,41648
8405,2025-10-11 20:23:15.000,LOCAL,5,"Best in the area, no doubt.",1076,41657
8406,2025-11-08 10:59:20.000,REMOTE,2,Service was quite slow today.,1076,41660
8407,2026-03-07 15:46:56.000,LOCAL,1,Completely disappointed.,1076,41663
8408,2026-02-17 13:04:56.000,LOCAL,2,Staff could be more attentive.,1076,41669
8409,2026-04-01 04:37:06.000,REMOTE,4,Happy with my visit.,1076,41682
8410,2026-03-01 16:30:11.000,LOCAL,3,"Average experience, nothing special.",1076,41687
8411,2026-04-12 12:00:02.000,LOCAL,4,Happy with my visit.,1078,41688
8412,2026-04-14 00:47:45.000,LOCAL,5,"Best in the area, no doubt.",1078,41696
8413,2025-10-01 22:23:46.000,LOCAL,5,"Best in the area, no doubt.",1078,41698
8414,2025-12-05 19:40:24.000,REMOTE,2,Product did not meet my expectations.,1078,41701
8415,2025-05-28 14:17:32.000,REMOTE,4,Happy with my visit.,1078,41704
8416,2025-08-27 07:55:51.000,REMOTE,5,"Best in the area, no doubt.",1078,41717
8417,2025-06-30 10:57:30.000,LOCAL,1,Completely disappointed.,1078,41721
8418,2025-06-02 00:46:39.000,REMOTE,2,Product did not meet my expectations.,1082,41727
8419,2025-10-21 08:19:11.000,LOCAL,3,OK but not outstanding.,1080,41728
8420,2025-05-15 04:03:36.000,REMOTE,3,"Decent, but could improve.",1081,41734
8421,2025-07-24 01:27:04.000,LOCAL,5,Always a pleasure coming here.,1081,41738
8422,2025-11-11 01:06:35.000,LOCAL,5,"Best in the area, no doubt.",1082,41740
8423,2026-04-15 21:04:23.000,REMOTE,5,Will definitely be back!,1081,41741
8424,2025-07-28 07:25:01.000,REMOTE,3,Expected a bit more to be honest.,1082,41742
8425,2025-09-28 05:28:36.000,LOCAL,3,"Decent, but could improve.",1080,41750
8426,2026-02-23 09:24:46.000,LOCAL,5,"Best in the area, no doubt.",1080,41752
8427,2025-05-10 01:56:14.000,LOCAL,2,Product did not meet my expectations.,1079,41758
8428,2025-06-06 10:55:50.000,LOCAL,1,Very poor service.,1079,41760
8429,2026-04-04 19:54:23.000,LOCAL,1,Will not return.,1080,41768
8430,2026-03-21 14:52:16.000,REMOTE,2,Service was quite slow today.,1083,41774
8431,2025-12-15 05:09:37.000,LOCAL,5,Will definitely be back!,1089,41778
8432,2025-12-12 05:50:57.000,REMOTE,1,Very poor service.,1086,41789
8433,2026-03-20 23:45:57.000,LOCAL,4,"Very good, would come again.",1087,41791
8434,2025-12-21 13:50:18.000,REMOTE,3,"Decent, but could improve.",1086,41793
8435,2025-11-06 13:15:08.000,LOCAL,3,Expected a bit more to be honest.,1089,41816
8436,2026-03-02 16:03:06.000,LOCAL,3,Expected a bit more to be honest.,1084,41826
8437,2025-05-24 12:23:52.000,REMOTE,4,Great service and friendly staff.,1087,41836
8438,2026-02-14 17:42:42.000,LOCAL,5,Will definitely be back!,1089,41837
8439,2025-07-10 03:31:54.000,LOCAL,5,Will definitely be back!,1087,41838
8440,2025-12-25 21:58:33.000,REMOTE,5,"Best in the area, no doubt.",1088,41840
8441,2025-10-21 03:13:53.000,LOCAL,4,"Very good, would come again.",1088,41843
8442,2025-10-26 16:08:23.000,REMOTE,2,Staff could be more attentive.,1084,41849
8443,2026-05-04 03:30:36.000,LOCAL,2,Disappointing visit.,1086,41856
8444,2025-09-08 02:35:59.000,REMOTE,5,"Best in the area, no doubt.",1085,41861
8445,2025-07-07 14:12:12.000,REMOTE,3,Expected a bit more to be honest.,1087,41863
8446,2026-04-22 07:40:46.000,LOCAL,3,"Decent, but could improve.",1087,41870
8447,2026-01-23 10:37:53.000,LOCAL,2,Staff could be more attentive.,1083,41872
8448,2025-08-05 15:16:59.000,LOCAL,2,Service was quite slow today.,1089,41874
8449,2025-12-24 10:07:51.000,REMOTE,1,Not what I expected at all.,1083,41878
8450,2025-08-07 01:25:29.000,REMOTE,5,"Best in the area, no doubt.",1085,41881
8451,2025-11-15 22:22:30.000,LOCAL,4,"Very good, would come again.",1089,41891
8452,2025-08-10 01:55:02.000,REMOTE,5,"Best in the area, no doubt.",1085,41900
8453,2025-05-09 14:23:39.000,REMOTE,4,"Very good, would come again.",1089,41902
8454,2026-03-08 14:26:49.000,REMOTE,5,"Best in the area, no doubt.",1088,41913
8455,2026-02-01 07:50:12.000,LOCAL,3,Expected a bit more to be honest.,1089,41920
8456,2025-08-24 17:25:39.000,REMOTE,4,Solid experience overall.,1087,41929
8457,2025-11-06 00:13:04.000,REMOTE,4,Happy with my visit.,1084,41947
8458,2025-08-25 02:52:35.000,LOCAL,4,Solid experience overall.,1088,41948
8459,2026-01-09 00:47:57.000,LOCAL,3,Expected a bit more to be honest.,1086,41953
8460,2026-01-16 18:13:56.000,LOCAL,5,Always a pleasure coming here.,1083,41969
8461,2025-11-04 22:12:08.000,REMOTE,4,Happy with my visit.,1083,41990
8462,2025-06-26 00:22:00.000,LOCAL,5,Always a pleasure coming here.,1087,41992
8463,2025-06-21 08:07:07.000,REMOTE,1,Completely disappointed.,1083,41995
8464,2025-05-24 01:33:49.000,LOCAL,4,Happy with my visit.,1086,42002
8465,2026-01-23 07:31:57.000,REMOTE,3,OK but not outstanding.,1084,42014
8466,2025-08-31 17:00:04.000,REMOTE,3,"Decent, but could improve.",1087,42015
8467,2026-02-05 21:06:23.000,REMOTE,4,Solid experience overall.,1087,42016
8468,2026-01-17 23:11:17.000,REMOTE,5,Excellent service! Highly recommended.,1089,42019
8469,2025-11-14 17:10:05.000,LOCAL,5,"Best in the area, no doubt.",1085,42021
8470,2025-09-28 13:11:07.000,LOCAL,4,Happy with my visit.,1087,42027
8471,2025-07-02 01:51:36.000,REMOTE,5,Will definitely be back!,1088,42029
8472,2025-10-24 09:56:31.000,REMOTE,3,OK but not outstanding.,1084,42031
8473,2025-12-14 08:34:08.000,LOCAL,2,Service was quite slow today.,1084,42039
8474,2026-02-16 23:28:03.000,LOCAL,4,Happy with my visit.,1087,42040
8475,2026-03-26 03:35:51.000,LOCAL,5,Will definitely be back!,1088,42045
8476,2026-02-16 06:20:54.000,REMOTE,5,Always a pleasure coming here.,1085,42050
8477,2026-04-16 06:56:51.000,LOCAL,5,"Best in the area, no doubt.",1084,42057
8478,2026-01-20 04:42:30.000,REMOTE,4,Solid experience overall.,1084,42068
8479,2025-08-22 10:27:58.000,REMOTE,3,"Decent, but could improve.",1088,42076
8480,2025-07-11 02:32:17.000,REMOTE,3,"Average experience, nothing special.",1092,42083
8481,2025-12-27 13:45:06.000,LOCAL,5,"Best in the area, no doubt.",1091,42084
8482,2025-10-15 19:01:41.000,REMOTE,4,"Very good, would come again.",1092,42085
8483,2025-08-23 00:04:51.000,LOCAL,5,"Best in the area, no doubt.",1092,42095
8484,2025-12-11 20:23:38.000,REMOTE,1,Will not return.,1091,42097
8485,2025-07-07 01:23:09.000,LOCAL,2,Product did not meet my expectations.,1091,42112
8486,2025-10-24 05:42:17.000,LOCAL,5,"Best in the area, no doubt.",1091,42119
8487,2025-05-15 21:40:59.000,LOCAL,5,"Best in the area, no doubt.",1091,42121
8488,2026-04-25 22:50:37.000,LOCAL,5,Will definitely be back!,1091,42142
8489,2025-07-05 02:10:10.000,LOCAL,4,Happy with my visit.,1091,42144
8490,2025-06-30 16:09:21.000,LOCAL,2,Product did not meet my expectations.,1092,42175
8491,2025-12-05 02:21:33.000,LOCAL,5,"Best in the area, no doubt.",1090,42179
8492,2025-12-12 08:12:09.000,REMOTE,4,"Very good, would come again.",1091,42186
8493,2025-08-23 13:54:44.000,LOCAL,4,Solid experience overall.,1090,42188
8494,2025-11-23 12:39:32.000,LOCAL,4,Great service and friendly staff.,1090,42194
8495,2025-06-29 16:56:31.000,LOCAL,4,Happy with my visit.,1090,42195
8496,2026-01-13 07:29:23.000,LOCAL,4,Happy with my visit.,1090,42196
8497,2025-11-17 07:12:59.000,REMOTE,5,Will definitely be back!,1091,42202
8498,2026-04-22 05:28:55.000,REMOTE,5,Will definitely be back!,1091,42211
8499,2026-03-15 07:58:58.000,LOCAL,5,Always a pleasure coming here.,1091,42212
8500,2025-11-28 12:50:14.000,REMOTE,4,Solid experience overall.,1090,42219
8501,2025-06-18 08:26:54.000,REMOTE,5,"Best in the area, no doubt.",1090,42220
8502,2025-06-19 03:21:17.000,LOCAL,4,Solid experience overall.,1093,42224
8503,2026-01-26 04:04:01.000,REMOTE,5,Excellent service! Highly recommended.,1093,42228
8504,2025-08-21 12:01:44.000,LOCAL,5,Always a pleasure coming here.,1093,42232
8505,2026-04-03 11:55:18.000,REMOTE,2,Disappointing visit.,1093,42247
8506,2025-10-07 06:55:43.000,REMOTE,4,"Very good, would come again.",1095,42250
8507,2026-01-25 16:10:53.000,REMOTE,5,"Best in the area, no doubt.",1095,42254
8508,2025-05-29 16:41:07.000,REMOTE,4,Solid experience overall.,1094,42258
8509,2026-02-27 23:43:32.000,LOCAL,3,Expected a bit more to be honest.,1094,42259
8510,2025-11-15 02:47:13.000,LOCAL,3,"Average experience, nothing special.",1094,42260
8511,2025-10-23 09:15:21.000,LOCAL,5,Excellent service! Highly recommended.,1094,42261
8512,2025-09-17 13:57:14.000,REMOTE,1,Completely disappointed.,1095,42264
8513,2025-10-24 11:36:55.000,REMOTE,3,OK but not outstanding.,1094,42271
8514,2026-02-02 11:18:34.000,REMOTE,3,"Average experience, nothing special.",1094,42272
8515,2025-12-19 14:33:49.000,LOCAL,4,Solid experience overall.,1094,42273
8516,2026-04-13 23:49:07.000,REMOTE,2,Service was quite slow today.,1094,42280
8517,2025-05-17 06:13:04.000,LOCAL,5,"Best in the area, no doubt.",1095,42284
8518,2025-07-06 10:27:08.000,REMOTE,2,Disappointing visit.,1094,42286
8519,2025-10-20 10:28:02.000,REMOTE,3,"Average experience, nothing special.",1095,42288
8520,2025-11-28 10:19:11.000,LOCAL,3,"Decent, but could improve.",1094,42291
8521,2026-03-21 22:34:16.000,LOCAL,4,Solid experience overall.,1095,42298
8522,2025-06-02 21:07:25.000,REMOTE,5,Always a pleasure coming here.,1095,42300
8523,2025-12-01 08:51:18.000,REMOTE,4,Solid experience overall.,1095,42301
8524,2025-05-11 08:56:03.000,LOCAL,2,Disappointing visit.,1095,42302
8525,2026-01-15 07:14:09.000,REMOTE,3,"Average experience, nothing special.",1094,42303
8526,2025-09-12 10:49:58.000,REMOTE,4,Great service and friendly staff.,1094,42304
8527,2025-08-14 05:00:22.000,REMOTE,3,"Decent, but could improve.",1094,42315
8528,2026-02-22 17:51:31.000,REMOTE,3,OK but not outstanding.,1094,42318
8529,2025-07-06 22:24:03.000,LOCAL,3,OK but not outstanding.,1094,42322
8530,2025-05-18 11:23:04.000,REMOTE,4,"Very good, would come again.",1094,42323
8531,2025-11-29 20:07:44.000,LOCAL,5,"Best in the area, no doubt.",1094,42329
8532,2025-05-24 20:42:11.000,REMOTE,5,Always a pleasure coming here.,1095,42342
8533,2025-09-13 00:58:11.000,LOCAL,4,Solid experience overall.,1095,42347
8534,2026-03-22 01:30:14.000,LOCAL,3,"Decent, but could improve.",1095,42363
8535,2026-01-09 11:51:11.000,LOCAL,1,Very poor service.,1101,42375
8536,2026-04-09 00:34:35.000,LOCAL,4,Happy with my visit.,1100,42376
8537,2026-04-09 00:21:42.000,LOCAL,5,"Best in the area, no doubt.",1097,42378
8538,2026-03-10 15:47:00.000,REMOTE,5,"Best in the area, no doubt.",1098,42391
8539,2026-03-01 16:35:12.000,REMOTE,4,Happy with my visit.,1098,42393
8540,2026-02-03 14:19:02.000,LOCAL,2,Staff could be more attentive.,1101,42399
8541,2025-06-24 21:43:36.000,LOCAL,4,Solid experience overall.,1097,42401
8542,2025-10-30 05:22:32.000,REMOTE,3,OK but not outstanding.,1100,42402
8543,2026-04-03 07:01:09.000,LOCAL,4,Solid experience overall.,1096,42403
8544,2025-12-24 05:17:34.000,REMOTE,5,Always a pleasure coming here.,1096,42408
8545,2025-06-05 17:21:43.000,REMOTE,3,"Average experience, nothing special.",1097,42416
8546,2026-04-24 09:47:24.000,REMOTE,5,Always a pleasure coming here.,1096,42419
8547,2026-03-22 13:36:59.000,REMOTE,5,Excellent service! Highly recommended.,1101,42426
8548,2026-04-25 07:12:17.000,REMOTE,3,Expected a bit more to be honest.,1096,42430
8549,2025-11-21 23:25:47.000,LOCAL,2,Service was quite slow today.,1096,42434
8550,2026-05-04 15:27:42.000,LOCAL,1,Completely disappointed.,1098,42438
8551,2025-05-19 05:42:02.000,REMOTE,5,Will definitely be back!,1097,42447
8552,2026-01-02 11:33:27.000,REMOTE,4,Happy with my visit.,1101,42448
8553,2025-05-14 07:47:07.000,REMOTE,4,Happy with my visit.,1096,42451
8554,2025-08-20 16:30:31.000,LOCAL,4,Happy with my visit.,1098,42455
8555,2025-08-10 06:46:53.000,LOCAL,4,"Very good, would come again.",1100,42457
8556,2025-10-27 17:51:31.000,LOCAL,2,Product did not meet my expectations.,1099,42465
8557,2025-07-03 09:59:21.000,REMOTE,3,"Average experience, nothing special.",1102,42468
8558,2025-08-04 23:46:55.000,LOCAL,4,"Very good, would come again.",1102,42471
8559,2025-11-17 14:37:22.000,REMOTE,4,"Very good, would come again.",1100,42473
8560,2025-08-30 16:08:27.000,LOCAL,5,Excellent service! Highly recommended.,1096,42483
8561,2025-06-30 19:18:18.000,REMOTE,5,Excellent service! Highly recommended.,1100,42493
8562,2025-07-07 02:03:24.000,LOCAL,5,Will definitely be back!,1101,42500
8563,2026-04-26 07:39:46.000,REMOTE,5,"Best in the area, no doubt.",1100,42504
8564,2025-08-11 19:07:17.000,LOCAL,5,Will definitely be back!,1102,42505
8565,2026-05-04 18:45:32.000,REMOTE,3,OK but not outstanding.,1098,42510
8566,2025-11-02 21:43:54.000,REMOTE,3,"Decent, but could improve.",1097,42521
8567,2025-11-15 04:02:17.000,REMOTE,1,Will not return.,1100,42532
8568,2025-09-04 11:52:52.000,LOCAL,1,Will not return.,1100,42535
8569,2025-06-28 12:07:44.000,LOCAL,2,Disappointing visit.,1100,42536
8570,2025-07-25 04:27:25.000,REMOTE,3,OK but not outstanding.,1097,42537
8571,2026-03-11 21:19:07.000,LOCAL,4,Happy with my visit.,1099,42540
8572,2025-07-28 20:57:07.000,REMOTE,3,OK but not outstanding.,1098,42542
8573,2026-01-23 08:34:33.000,LOCAL,1,Will not return.,1102,42555
8574,2025-11-04 10:36:11.000,REMOTE,3,"Decent, but could improve.",1097,42560
8575,2025-05-12 19:03:00.000,LOCAL,3,"Decent, but could improve.",1097,42568
8576,2025-10-27 20:19:49.000,LOCAL,4,Happy with my visit.,1102,42571
8577,2026-03-02 12:34:17.000,REMOTE,2,Staff could be more attentive.,1096,42572
8578,2026-04-09 09:34:17.000,REMOTE,4,Great service and friendly staff.,1098,42582
8579,2025-07-01 10:15:46.000,LOCAL,1,Not what I expected at all.,1099,42587
8580,2026-01-23 08:15:11.000,REMOTE,5,Always a pleasure coming here.,1098,42591
8581,2025-10-23 07:59:06.000,REMOTE,4,"Very good, would come again.",1097,42593
8582,2025-08-23 02:54:43.000,REMOTE,5,Will definitely be back!,1102,42599
8583,2026-04-26 12:42:29.000,REMOTE,2,Product did not meet my expectations.,1096,42601
8584,2026-02-09 15:37:52.000,LOCAL,4,Solid experience overall.,1100,42605
8585,2025-12-29 09:53:11.000,LOCAL,4,Great service and friendly staff.,1102,42620
8586,2025-10-15 07:53:08.000,REMOTE,5,Will definitely be back!,1098,42621
8587,2026-03-06 16:06:45.000,LOCAL,5,Always a pleasure coming here.,1103,42624
8588,2026-03-09 10:07:36.000,LOCAL,4,Great service and friendly staff.,1103,42628
8589,2025-08-10 11:06:13.000,REMOTE,4,Happy with my visit.,1103,42630
8590,2026-03-06 21:09:52.000,LOCAL,1,Not what I expected at all.,1103,42636
8591,2025-12-12 09:22:43.000,LOCAL,1,Will not return.,1103,42642
8592,2025-07-31 17:11:01.000,REMOTE,5,"Best in the area, no doubt.",1103,42643
8593,2026-01-15 04:04:51.000,REMOTE,2,Product did not meet my expectations.,1103,42647
8594,2025-08-26 10:50:55.000,REMOTE,2,Staff could be more attentive.,1103,42657
8595,2025-08-23 19:27:00.000,REMOTE,4,Solid experience overall.,1103,42659
8596,2025-10-21 19:08:54.000,REMOTE,5,Will definitely be back!,1103,42665
8597,2026-02-27 17:20:58.000,REMOTE,4,Happy with my visit.,1104,42687
8598,2026-02-13 05:31:09.000,REMOTE,4,Solid experience overall.,1104,42691
8599,2026-02-09 20:26:24.000,LOCAL,4,Happy with my visit.,1104,42694
8600,2025-12-08 03:12:17.000,LOCAL,1,Not what I expected at all.,1104,42695
8601,2025-10-04 12:00:38.000,REMOTE,5,"Best in the area, no doubt.",1104,42702
8602,2025-09-08 09:11:43.000,LOCAL,4,"Very good, would come again.",1104,42710
8603,2025-07-14 08:09:15.000,REMOTE,4,"Very good, would come again.",1104,42716
8604,2025-06-18 04:28:31.000,LOCAL,1,Completely disappointed.,1104,42718
8605,2026-02-02 05:41:08.000,REMOTE,4,"Very good, would come again.",1104,42719
8606,2025-05-24 18:53:47.000,LOCAL,2,Product did not meet my expectations.,1104,42730
8607,2025-08-08 09:03:28.000,REMOTE,4,Great service and friendly staff.,1106,42740
8608,2025-09-18 13:33:23.000,LOCAL,3,"Average experience, nothing special.",1106,42742
8609,2026-04-18 15:10:02.000,REMOTE,5,"Best in the area, no doubt.",1105,42743
8610,2025-05-10 11:32:57.000,REMOTE,4,"Very good, would come again.",1105,42744
8611,2026-01-07 07:03:54.000,LOCAL,5,Will definitely be back!,1106,42756
8612,2025-12-18 18:59:52.000,LOCAL,3,Expected a bit more to be honest.,1106,42764
8613,2025-10-13 22:47:53.000,REMOTE,2,Service was quite slow today.,1106,42768
8614,2025-11-20 19:33:38.000,LOCAL,5,Always a pleasure coming here.,1106,42769
8615,2025-12-20 21:05:58.000,LOCAL,3,"Average experience, nothing special.",1105,42779
8616,2026-02-19 13:13:33.000,REMOTE,4,Great service and friendly staff.,1106,42781
8617,2025-09-28 10:26:36.000,REMOTE,2,Service was quite slow today.,1106,42784
8618,2026-02-06 00:18:42.000,REMOTE,1,Very poor service.,1106,42790
8619,2026-03-01 22:05:06.000,LOCAL,4,Great service and friendly staff.,1105,42794
8620,2025-08-23 21:26:57.000,LOCAL,5,Will definitely be back!,1106,42795
8621,2025-09-06 14:02:15.000,REMOTE,5,Will definitely be back!,1105,42798
8622,2026-01-23 12:53:57.000,REMOTE,4,Great service and friendly staff.,1106,42803
8623,2025-09-15 23:09:45.000,LOCAL,3,"Decent, but could improve.",1105,42807
8624,2026-02-28 04:27:28.000,REMOTE,3,"Decent, but could improve.",1106,42821
8625,2025-09-14 16:27:26.000,REMOTE,3,OK but not outstanding.,1105,42828
8626,2026-01-20 00:42:46.000,LOCAL,3,OK but not outstanding.,1105,42832
8627,2025-08-17 01:58:28.000,REMOTE,2,Service was quite slow today.,1105,42840
8628,2026-03-17 05:26:17.000,REMOTE,4,Solid experience overall.,1106,42850
8629,2025-12-22 23:46:10.000,REMOTE,5,Will definitely be back!,1106,42852
8630,2026-01-11 07:16:30.000,REMOTE,2,Disappointing visit.,1105,42856
8631,2025-07-21 17:34:32.000,LOCAL,4,Happy with my visit.,1105,42857
8632,2025-10-05 07:40:58.000,LOCAL,1,Completely disappointed.,1106,42859
8633,2025-05-31 09:33:01.000,REMOTE,4,Great service and friendly staff.,1106,42862
8634,2025-12-15 16:54:14.000,LOCAL,1,Very poor service.,1108,42869
8635,2025-10-30 15:30:39.000,LOCAL,2,Service was quite slow today.,1108,42877
8636,2025-11-27 08:24:17.000,REMOTE,4,Solid experience overall.,1108,42882
8637,2026-04-30 16:39:53.000,LOCAL,5,Excellent service! Highly recommended.,1107,42890
8638,2026-03-30 19:05:15.000,LOCAL,4,Solid experience overall.,1108,42892
8639,2026-03-28 08:37:34.000,LOCAL,3,"Average experience, nothing special.",1107,42896
8640,2025-09-23 03:25:50.000,REMOTE,3,"Average experience, nothing special.",1111,42903
8641,2026-03-11 20:41:22.000,REMOTE,1,Very poor service.,1110,42906
8642,2025-05-14 11:03:27.000,REMOTE,4,Happy with my visit.,1109,42907
8643,2026-04-25 01:57:09.000,LOCAL,2,Disappointing visit.,1111,42908
8644,2026-01-17 23:30:47.000,LOCAL,1,Completely disappointed.,1111,42909
8645,2025-12-28 07:51:44.000,LOCAL,5,Excellent service! Highly recommended.,1109,42910
8646,2026-04-11 12:13:15.000,REMOTE,3,OK but not outstanding.,1110,42921
8647,2026-03-12 07:05:20.000,LOCAL,4,"Very good, would come again.",1109,42922
8648,2025-09-15 03:03:01.000,REMOTE,5,Always a pleasure coming here.,1111,42926
8649,2025-06-19 00:26:30.000,REMOTE,4,Happy with my visit.,1112,42936
8650,2025-09-19 11:03:07.000,REMOTE,5,Will definitely be back!,1109,42943
8651,2025-11-21 08:17:16.000,REMOTE,4,Solid experience overall.,1109,42946
8652,2026-03-05 19:04:16.000,REMOTE,4,Solid experience overall.,1110,42948
8653,2025-08-07 04:52:35.000,REMOTE,4,"Very good, would come again.",1112,42952
8654,2026-03-14 07:37:44.000,LOCAL,5,"Best in the area, no doubt.",1112,42955
8655,2025-11-26 21:14:47.000,REMOTE,5,Will definitely be back!,1110,42970
8656,2026-02-20 10:18:46.000,REMOTE,3,"Decent, but could improve.",1114,42975
8657,2025-09-30 07:34:50.000,REMOTE,5,Excellent service! Highly recommended.,1114,42977
8658,2026-04-03 10:12:59.000,LOCAL,4,"Very good, would come again.",1113,42985
8659,2026-03-19 04:58:25.000,LOCAL,5,Always a pleasure coming here.,1114,42987
8660,2026-01-25 19:58:51.000,LOCAL,3,OK but not outstanding.,1114,42988
8661,2026-02-18 16:04:55.000,LOCAL,4,Great service and friendly staff.,1114,42994
8662,2025-11-21 02:00:04.000,REMOTE,4,Great service and friendly staff.,1113,42995
8663,2025-06-27 10:21:39.000,LOCAL,4,Solid experience overall.,1113,43000
8664,2025-08-09 09:28:13.000,REMOTE,5,Always a pleasure coming here.,1117,43002
8665,2025-10-19 02:14:51.000,LOCAL,5,Will definitely be back!,1116,43003
8666,2026-02-14 12:02:30.000,LOCAL,5,"Best in the area, no doubt.",1117,43004
8667,2025-07-02 07:17:37.000,REMOTE,3,"Decent, but could improve.",1117,43007
8668,2025-06-04 01:16:56.000,LOCAL,3,"Decent, but could improve.",1115,43009
8669,2025-08-15 18:43:45.000,REMOTE,3,"Average experience, nothing special.",1117,43014
8670,2026-04-11 21:12:30.000,LOCAL,4,Happy with my visit.,1117,43028
8671,2026-04-07 18:40:31.000,REMOTE,3,"Average experience, nothing special.",1117,43036
8672,2026-01-14 17:57:07.000,REMOTE,2,Service was quite slow today.,1117,43037
8673,2025-08-10 07:48:27.000,REMOTE,4,"Very good, would come again.",1116,43044
8674,2026-03-30 08:27:16.000,LOCAL,3,OK but not outstanding.,1117,43045
8675,2025-08-17 08:23:32.000,REMOTE,3,"Decent, but could improve.",1116,43059
8676,2025-08-25 02:58:03.000,LOCAL,3,Expected a bit more to be honest.,1115,43064
8677,2026-01-16 07:56:09.000,REMOTE,4,"Very good, would come again.",1115,43066
8678,2026-02-14 03:25:15.000,REMOTE,4,Solid experience overall.,1116,43069
8679,2026-05-07 23:51:23.000,LOCAL,5,Always a pleasure coming here.,1116,43074
8680,2025-06-10 16:45:20.000,REMOTE,3,Expected a bit more to be honest.,1116,43079
8681,2026-02-24 14:54:58.000,REMOTE,5,Will definitely be back!,1115,43084
8682,2025-08-28 00:17:09.000,REMOTE,2,Product did not meet my expectations.,1115,43096
8683,2025-05-26 03:16:33.000,REMOTE,3,OK but not outstanding.,1117,43100
8684,2025-09-30 05:16:46.000,REMOTE,4,"Very good, would come again.",1115,43102
8685,2026-03-06 14:06:20.000,REMOTE,5,Excellent service! Highly recommended.,1115,43110
8686,2025-05-12 18:27:55.000,LOCAL,5,Will definitely be back!,1117,43119
8687,2025-10-04 19:05:08.000,REMOTE,3,"Decent, but could improve.",1116,43125
8688,2026-03-04 16:12:03.000,REMOTE,5,Excellent service! Highly recommended.,1115,43126
8689,2026-01-16 19:42:48.000,LOCAL,5,Always a pleasure coming here.,1117,43129
8690,2025-05-21 17:45:11.000,LOCAL,5,"Best in the area, no doubt.",1117,43132
8691,2025-08-17 01:07:16.000,LOCAL,4,Happy with my visit.,1117,43134
8692,2026-02-22 23:15:57.000,LOCAL,5,Will definitely be back!,1115,43135
8693,2025-10-01 07:26:05.000,REMOTE,5,Always a pleasure coming here.,1115,43139
8694,2025-10-11 06:22:57.000,REMOTE,5,Will definitely be back!,1115,43141
8695,2026-04-19 11:34:04.000,REMOTE,3,"Average experience, nothing special.",1115,43145
8696,2025-11-03 06:06:04.000,REMOTE,5,Excellent service! Highly recommended.,1115,43149
8697,2025-05-28 08:53:29.000,REMOTE,3,OK but not outstanding.,1116,43174
8698,2025-07-21 06:08:22.000,LOCAL,5,Always a pleasure coming here.,1116,43182
8699,2025-09-15 13:02:06.000,LOCAL,5,Will definitely be back!,1117,43193
8700,2025-12-06 02:21:53.000,LOCAL,2,Service was quite slow today.,1115,43194
8701,2025-08-11 02:16:05.000,REMOTE,4,Solid experience overall.,1117,43195
8702,2026-01-23 15:52:40.000,LOCAL,5,Will definitely be back!,1116,43200
8703,2026-02-10 10:22:36.000,LOCAL,5,Will definitely be back!,1115,43205
8704,2026-03-19 06:24:38.000,REMOTE,2,Service was quite slow today.,1115,43207
8705,2025-06-11 23:37:38.000,REMOTE,5,Always a pleasure coming here.,1115,43208
8706,2025-08-03 16:36:10.000,REMOTE,4,Great service and friendly staff.,1115,43215
8707,2026-01-06 15:58:02.000,REMOTE,5,Will definitely be back!,1115,43220
8708,2026-05-03 15:08:57.000,LOCAL,5,Always a pleasure coming here.,1117,43231
8709,2025-08-26 06:00:12.000,LOCAL,4,Solid experience overall.,1115,43251
8710,2026-04-17 23:23:37.000,LOCAL,5,"Best in the area, no doubt.",1116,43262
8711,2025-10-19 15:15:00.000,REMOTE,4,Solid experience overall.,1115,43266
8712,2025-10-27 18:04:37.000,LOCAL,4,Great service and friendly staff.,1117,43273
8713,2026-04-26 12:39:35.000,LOCAL,5,Excellent service! Highly recommended.,1115,43277
8714,2025-05-29 18:32:13.000,LOCAL,5,"Best in the area, no doubt.",1117,43300
8715,2025-11-17 11:40:32.000,REMOTE,5,Excellent service! Highly recommended.,1115,43302
8716,2026-04-19 15:16:23.000,REMOTE,3,"Average experience, nothing special.",1116,43306
8717,2025-10-17 00:53:14.000,REMOTE,5,Will definitely be back!,1115,43307
8718,2025-06-09 21:28:32.000,REMOTE,4,Solid experience overall.,1115,43309
8719,2026-01-23 19:59:34.000,REMOTE,5,Always a pleasure coming here.,1115,43310
8720,2026-01-17 09:09:27.000,REMOTE,1,Not what I expected at all.,1115,43316
8721,2026-04-05 06:00:27.000,LOCAL,5,Always a pleasure coming here.,1119,43320
8722,2026-03-19 11:58:32.000,REMOTE,3,OK but not outstanding.,1118,43324
8723,2025-06-15 06:15:58.000,REMOTE,5,"Best in the area, no doubt.",1119,43328
8724,2026-02-18 02:10:56.000,REMOTE,4,Happy with my visit.,1118,43347
8725,2025-10-05 08:58:41.000,REMOTE,3,"Average experience, nothing special.",1119,43349
8726,2025-12-17 01:24:11.000,REMOTE,3,"Decent, but could improve.",1119,43354
8727,2026-02-16 22:18:35.000,LOCAL,5,Always a pleasure coming here.,1119,43355
8728,2025-09-15 19:51:28.000,REMOTE,4,Solid experience overall.,1119,43356
8729,2025-07-13 11:48:53.000,LOCAL,4,"Very good, would come again.",1118,43365
8730,2025-10-08 07:07:51.000,LOCAL,5,Excellent service! Highly recommended.,1118,43371
8731,2025-06-13 08:11:42.000,REMOTE,5,Will definitely be back!,1119,43372
8732,2025-12-12 00:01:00.000,REMOTE,4,Great service and friendly staff.,1119,43382
8733,2025-06-11 04:55:14.000,LOCAL,2,Service was quite slow today.,1118,43389
8734,2025-05-13 17:30:37.000,REMOTE,5,"Best in the area, no doubt.",1118,43398
8735,2026-02-25 19:12:25.000,LOCAL,4,Solid experience overall.,1119,43399
8736,2026-02-14 23:34:17.000,LOCAL,4,"Very good, would come again.",1118,43402
8737,2026-02-20 17:28:44.000,REMOTE,2,Service was quite slow today.,1119,43408
8738,2026-02-11 09:01:57.000,LOCAL,4,Solid experience overall.,1119,43410
8739,2026-02-28 12:04:57.000,LOCAL,5,Always a pleasure coming here.,1118,43412
8740,2026-05-03 18:56:42.000,LOCAL,2,Staff could be more attentive.,1118,43424
8741,2025-05-26 19:19:49.000,REMOTE,5,"Best in the area, no doubt.",1118,43428
8742,2025-12-02 10:50:08.000,LOCAL,5,Always a pleasure coming here.,1118,43434
8743,2026-03-16 01:48:30.000,REMOTE,5,Excellent service! Highly recommended.,1120,43440
8744,2026-01-17 09:18:12.000,REMOTE,5,Excellent service! Highly recommended.,1120,43441
8745,2025-08-06 17:14:41.000,REMOTE,5,Excellent service! Highly recommended.,1120,43443
8746,2025-11-10 18:35:10.000,LOCAL,5,Always a pleasure coming here.,1120,43445
8747,2026-02-13 07:34:20.000,LOCAL,4,Solid experience overall.,1120,43447
8748,2025-11-10 15:56:19.000,REMOTE,4,"Very good, would come again.",1120,43452
8749,2025-10-09 12:57:06.000,LOCAL,3,OK but not outstanding.,1120,43461
8750,2025-06-21 15:13:51.000,LOCAL,4,Solid experience overall.,1120,43464
8751,2026-04-30 00:51:23.000,REMOTE,4,Great service and friendly staff.,1120,43471
8752,2025-06-12 08:46:09.000,REMOTE,4,"Very good, would come again.",1120,43472
8753,2025-06-03 03:37:21.000,REMOTE,4,"Very good, would come again.",1120,43475
8754,2026-01-31 15:59:08.000,LOCAL,3,Expected a bit more to be honest.,1120,43477
8755,2025-06-11 11:01:52.000,LOCAL,4,Great service and friendly staff.,1120,43484
8756,2025-05-21 16:17:22.000,REMOTE,3,"Decent, but could improve.",1120,43488
8757,2025-11-06 06:56:51.000,REMOTE,4,Great service and friendly staff.,1120,43489
8758,2025-10-31 15:59:57.000,REMOTE,5,Always a pleasure coming here.,1120,43491
8759,2026-03-24 13:12:50.000,LOCAL,2,Staff could be more attentive.,1120,43507
8760,2026-03-24 15:57:04.000,REMOTE,5,Excellent service! Highly recommended.,1120,43508
8761,2025-05-30 11:55:35.000,REMOTE,2,Staff could be more attentive.,1120,43513
8762,2026-03-08 04:47:03.000,LOCAL,5,Excellent service! Highly recommended.,1120,43515
8763,2025-07-12 23:59:28.000,LOCAL,4,"Very good, would come again.",1120,43520
8764,2026-03-01 06:21:56.000,REMOTE,5,Will definitely be back!,1120,43524
8765,2026-02-12 03:40:07.000,LOCAL,4,"Very good, would come again.",1120,43525
8766,2026-02-22 08:41:08.000,REMOTE,2,Disappointing visit.,1120,43528
8767,2025-11-16 22:40:59.000,LOCAL,2,Service was quite slow today.,1120,43529
8768,2025-10-28 17:38:53.000,LOCAL,3,"Decent, but could improve.",1120,43531
8769,2025-10-10 17:20:29.000,REMOTE,2,Service was quite slow today.,1120,43540
8770,2025-07-18 05:34:50.000,REMOTE,2,Staff could be more attentive.,1121,43556
8771,2026-03-23 21:35:03.000,REMOTE,4,"Very good, would come again.",1121,43568
8772,2026-04-15 17:16:33.000,REMOTE,5,Always a pleasure coming here.,1121,43570
8773,2025-10-23 10:00:05.000,REMOTE,4,Happy with my visit.,1121,43577
8774,2026-01-16 07:42:59.000,REMOTE,5,"Best in the area, no doubt.",1121,43579
8775,2026-04-05 00:37:20.000,REMOTE,4,Happy with my visit.,1121,43581
8776,2026-03-04 04:41:56.000,REMOTE,5,Always a pleasure coming here.,1121,43583
8777,2025-05-09 17:13:45.000,LOCAL,1,Very poor service.,1121,43586
8778,2025-10-11 13:22:36.000,REMOTE,3,"Decent, but could improve.",1121,43590
8779,2025-07-17 16:09:36.000,REMOTE,2,Product did not meet my expectations.,1121,43599
8780,2025-08-01 01:49:31.000,LOCAL,2,Disappointing visit.,1121,43602
8781,2025-06-01 15:51:51.000,REMOTE,4,"Very good, would come again.",1121,43604
8782,2026-05-07 21:58:02.000,LOCAL,4,"Very good, would come again.",1121,43608
8783,2026-01-20 06:53:31.000,LOCAL,5,Always a pleasure coming here.,1122,43610
8784,2025-09-15 06:58:12.000,LOCAL,5,Excellent service! Highly recommended.,1122,43626
8785,2026-05-03 08:56:18.000,REMOTE,4,Solid experience overall.,1123,43638
8786,2026-04-28 18:46:32.000,LOCAL,5,"Best in the area, no doubt.",1124,43645
8787,2026-03-14 10:21:45.000,REMOTE,5,Always a pleasure coming here.,1123,43648
8788,2025-06-23 22:11:39.000,LOCAL,1,Not what I expected at all.,1124,43650
8789,2026-04-11 04:35:14.000,REMOTE,4,"Very good, would come again.",1124,43655
8790,2025-06-29 15:41:47.000,REMOTE,5,Excellent service! Highly recommended.,1124,43659
8791,2025-08-13 05:27:47.000,LOCAL,1,Very poor service.,1123,43663
8792,2026-01-18 02:56:40.000,LOCAL,5,Excellent service! Highly recommended.,1123,43664
8793,2026-03-11 00:44:33.000,LOCAL,4,Solid experience overall.,1124,43666
8794,2025-05-30 14:30:36.000,LOCAL,4,Happy with my visit.,1123,43668
8795,2025-11-28 05:35:01.000,LOCAL,5,Excellent service! Highly recommended.,1125,43681
8796,2026-04-28 17:09:35.000,LOCAL,4,Great service and friendly staff.,1125,43687
8797,2026-05-02 17:25:06.000,LOCAL,5,"Best in the area, no doubt.",1126,43688
8798,2025-05-24 11:05:48.000,REMOTE,4,Great service and friendly staff.,1126,43692
8799,2026-05-04 21:44:39.000,LOCAL,4,Solid experience overall.,1125,43704
8800,2026-02-23 23:10:22.000,REMOTE,3,Expected a bit more to be honest.,1126,43711
8801,2025-09-22 13:18:31.000,LOCAL,5,Always a pleasure coming here.,1126,43717
8802,2025-10-30 13:40:25.000,REMOTE,5,Excellent service! Highly recommended.,1125,43718
8803,2025-10-12 10:18:56.000,LOCAL,4,Happy with my visit.,1126,43719
8804,2025-09-05 17:54:09.000,LOCAL,2,Disappointing visit.,1125,43720
8805,2026-03-30 02:33:27.000,LOCAL,3,OK but not outstanding.,1126,43736
8806,2025-11-21 10:16:28.000,LOCAL,5,Always a pleasure coming here.,1126,43737
8807,2025-08-06 19:29:56.000,REMOTE,5,Excellent service! Highly recommended.,1126,43738
8808,2025-10-10 14:52:11.000,LOCAL,2,Product did not meet my expectations.,1126,43740
8809,2025-08-16 20:59:51.000,LOCAL,5,Excellent service! Highly recommended.,1126,43753
8810,2025-11-22 08:48:37.000,REMOTE,3,"Decent, but could improve.",1126,43754
8811,2025-05-19 13:38:04.000,REMOTE,5,Will definitely be back!,1126,43766
8812,2026-03-21 16:51:49.000,REMOTE,5,Excellent service! Highly recommended.,1125,43767
8813,2025-09-19 12:11:25.000,LOCAL,2,Product did not meet my expectations.,1127,43770
8814,2025-12-24 11:48:37.000,LOCAL,3,"Decent, but could improve.",1127,43771
8815,2025-09-30 10:40:31.000,REMOTE,5,Will definitely be back!,1128,43774
8816,2025-12-11 01:00:09.000,LOCAL,4,Happy with my visit.,1127,43780
8817,2025-05-30 05:42:41.000,LOCAL,3,OK but not outstanding.,1128,43792
8818,2025-11-02 16:12:01.000,REMOTE,5,"Best in the area, no doubt.",1128,43802
8819,2026-01-02 15:27:35.000,LOCAL,2,Staff could be more attentive.,1127,43806
8820,2026-02-26 09:06:02.000,REMOTE,3,OK but not outstanding.,1127,43813
8821,2026-04-01 05:05:23.000,REMOTE,5,Will definitely be back!,1129,43820
8822,2025-12-27 10:21:28.000,REMOTE,3,"Average experience, nothing special.",1129,43822
8823,2025-11-16 05:32:25.000,REMOTE,2,Staff could be more attentive.,1129,43824
8824,2025-10-18 14:06:15.000,REMOTE,5,Excellent service! Highly recommended.,1130,43827
8825,2025-06-22 08:18:27.000,REMOTE,5,Always a pleasure coming here.,1129,43829
8826,2025-05-30 00:49:10.000,LOCAL,1,Will not return.,1129,43831
8827,2026-02-23 06:44:10.000,LOCAL,4,Great service and friendly staff.,1130,43848
8828,2025-12-27 11:04:20.000,LOCAL,4,"Very good, would come again.",1130,43855
8829,2025-07-20 06:46:12.000,LOCAL,2,Staff could be more attentive.,1130,43856
8830,2025-11-01 04:25:36.000,REMOTE,4,Happy with my visit.,1130,43861
8831,2025-09-29 16:47:07.000,LOCAL,3,OK but not outstanding.,1129,43864
8832,2025-10-18 12:59:56.000,LOCAL,5,Will definitely be back!,1129,43866
8833,2026-02-28 16:50:25.000,REMOTE,5,Always a pleasure coming here.,1130,43868
8834,2026-04-09 04:26:33.000,REMOTE,3,OK but not outstanding.,1130,43870
8835,2025-08-26 08:22:43.000,LOCAL,1,Will not return.,1129,43871
8836,2025-06-30 10:50:18.000,LOCAL,4,Great service and friendly staff.,1130,43873
8837,2025-11-24 09:51:01.000,REMOTE,5,Always a pleasure coming here.,1129,43889
8838,2025-12-02 15:57:40.000,LOCAL,4,Great service and friendly staff.,1129,43890
8839,2026-05-01 07:23:09.000,LOCAL,3,OK but not outstanding.,1132,43901
8840,2025-12-04 11:28:06.000,REMOTE,3,"Decent, but could improve.",1132,43903
8841,2025-10-24 23:25:10.000,REMOTE,4,Happy with my visit.,1132,43912
8842,2025-11-14 16:44:23.000,LOCAL,5,Always a pleasure coming here.,1131,43919
8843,2025-07-07 06:21:17.000,REMOTE,2,Disappointing visit.,1131,43926
8844,2026-05-05 18:02:36.000,LOCAL,2,Product did not meet my expectations.,1133,43940
8845,2026-04-11 01:34:54.000,LOCAL,2,Disappointing visit.,1133,43944
8846,2026-04-08 19:24:45.000,LOCAL,5,"Best in the area, no doubt.",1133,43946
8847,2025-10-11 05:41:41.000,REMOTE,5,Will definitely be back!,1133,43948
8848,2026-04-27 13:28:47.000,REMOTE,4,Happy with my visit.,1133,43952
8849,2025-10-17 07:02:29.000,LOCAL,3,OK but not outstanding.,1133,43956
8850,2025-08-16 08:03:20.000,REMOTE,5,"Best in the area, no doubt.",1133,43964
8851,2026-03-23 08:52:18.000,LOCAL,1,Very poor service.,1133,43965
8852,2025-05-10 03:14:05.000,REMOTE,5,"Best in the area, no doubt.",1133,43969
8853,2025-07-20 00:58:23.000,REMOTE,4,Solid experience overall.,1133,43979
8854,2026-02-08 08:10:24.000,REMOTE,3,"Average experience, nothing special.",1133,43981
8855,2025-09-19 10:18:14.000,REMOTE,4,Happy with my visit.,1133,43986
8856,2025-07-19 22:17:48.000,LOCAL,3,"Average experience, nothing special.",1133,43990
8857,2025-09-27 02:05:26.000,LOCAL,4,"Very good, would come again.",1133,43996
8858,2026-02-18 08:18:34.000,LOCAL,3,OK but not outstanding.,1133,44000
8859,2026-03-27 17:58:22.000,LOCAL,1,Not what I expected at all.,1133,44001
8860,2026-03-24 08:54:07.000,REMOTE,4,Solid experience overall.,1133,44003
8861,2025-11-15 22:24:36.000,REMOTE,5,"Best in the area, no doubt.",1133,44008
8862,2025-05-22 04:11:25.000,LOCAL,5,Always a pleasure coming here.,1136,44021
8863,2025-05-23 07:44:38.000,REMOTE,5,"Best in the area, no doubt.",1134,44029
8864,2025-12-26 08:12:16.000,LOCAL,5,Will definitely be back!,1137,44036
8865,2025-10-08 06:16:23.000,LOCAL,3,OK but not outstanding.,1136,44037
8866,2025-10-10 15:57:04.000,LOCAL,4,Happy with my visit.,1136,44059
8867,2025-10-19 13:49:40.000,LOCAL,5,Always a pleasure coming here.,1137,44063
8868,2026-02-16 05:17:28.000,LOCAL,5,"Best in the area, no doubt.",1138,44066
8869,2025-08-12 07:06:00.000,LOCAL,3,OK but not outstanding.,1134,44068
8870,2025-09-19 23:47:38.000,REMOTE,4,"Very good, would come again.",1136,44069
8871,2026-03-14 13:56:44.000,REMOTE,5,Will definitely be back!,1138,44070
8872,2026-04-02 14:55:00.000,LOCAL,5,Always a pleasure coming here.,1138,44078
8873,2026-04-11 11:55:01.000,REMOTE,5,Will definitely be back!,1134,44086
8874,2025-08-01 08:32:09.000,REMOTE,2,Staff could be more attentive.,1138,44090
8875,2025-06-06 03:52:42.000,LOCAL,5,Always a pleasure coming here.,1135,44091
8876,2026-04-25 14:42:04.000,LOCAL,3,"Decent, but could improve.",1137,44098
8877,2026-04-15 01:49:52.000,REMOTE,2,Staff could be more attentive.,1136,44102
8878,2026-04-21 01:47:05.000,REMOTE,2,Product did not meet my expectations.,1138,44111
8879,2025-06-04 15:14:34.000,LOCAL,2,Staff could be more attentive.,1137,44115
8880,2026-05-06 04:56:12.000,LOCAL,3,"Average experience, nothing special.",1135,44118
8881,2025-07-06 02:59:10.000,LOCAL,2,Service was quite slow today.,1134,44119
8882,2025-12-04 12:34:24.000,REMOTE,1,Completely disappointed.,1134,44130
8883,2025-12-15 11:09:06.000,REMOTE,2,Product did not meet my expectations.,1135,44134
8884,2025-12-31 11:59:34.000,LOCAL,5,Excellent service! Highly recommended.,1136,44135
8885,2025-09-05 18:06:45.000,LOCAL,4,"Very good, would come again.",1137,44136
8886,2025-08-14 11:21:54.000,LOCAL,4,"Very good, would come again.",1138,44141
8887,2025-06-05 01:15:35.000,REMOTE,3,"Average experience, nothing special.",1137,44142
8888,2025-05-23 12:32:05.000,LOCAL,5,Excellent service! Highly recommended.,1135,44146
8889,2026-01-02 07:38:14.000,REMOTE,5,Excellent service! Highly recommended.,1134,44147
8890,2025-12-27 12:36:02.000,REMOTE,5,Always a pleasure coming here.,1138,44154
8891,2026-04-25 13:04:02.000,LOCAL,3,"Decent, but could improve.",1138,44155
8892,2025-09-07 03:23:49.000,LOCAL,4,Happy with my visit.,1134,44158
8893,2025-08-27 23:50:32.000,REMOTE,1,Very poor service.,1138,44161
8894,2025-08-28 13:07:51.000,REMOTE,1,Will not return.,1137,44164
8895,2025-10-11 19:27:29.000,REMOTE,5,"Best in the area, no doubt.",1138,44167
8896,2025-07-23 07:31:21.000,LOCAL,5,Will definitely be back!,1135,44175
8897,2025-08-04 07:51:30.000,REMOTE,4,Solid experience overall.,1134,44179
8898,2025-12-06 02:59:18.000,REMOTE,5,Excellent service! Highly recommended.,1135,44189
8899,2025-06-20 20:58:43.000,REMOTE,4,"Very good, would come again.",1138,44192
8900,2025-05-16 15:44:46.000,REMOTE,2,Disappointing visit.,1138,44197
8901,2026-03-02 05:53:56.000,REMOTE,1,Not what I expected at all.,1134,44198
8902,2025-12-20 12:07:00.000,REMOTE,2,Service was quite slow today.,1134,44203
8903,2025-07-03 09:34:40.000,REMOTE,5,"Best in the area, no doubt.",1134,44206
8904,2025-08-21 01:53:31.000,REMOTE,2,Service was quite slow today.,1136,44215
8905,2026-02-12 01:19:45.000,REMOTE,4,Solid experience overall.,1134,44219
8906,2025-11-20 16:03:24.000,REMOTE,4,Great service and friendly staff.,1136,44220
8907,2025-11-21 18:11:28.000,REMOTE,5,Excellent service! Highly recommended.,1134,44228
8908,2025-12-20 08:58:48.000,REMOTE,4,Happy with my visit.,1134,44232
8909,2025-07-31 15:36:22.000,REMOTE,3,"Average experience, nothing special.",1136,44233
8910,2025-05-08 23:02:16.000,REMOTE,5,"Best in the area, no doubt.",1137,44242
8911,2026-02-12 18:42:07.000,LOCAL,3,OK but not outstanding.,1136,44248
8912,2025-12-03 03:33:57.000,LOCAL,2,Product did not meet my expectations.,1134,44252
8913,2026-03-17 22:40:58.000,LOCAL,5,Will definitely be back!,1138,44262
8914,2026-02-02 13:38:26.000,LOCAL,3,Expected a bit more to be honest.,1138,44265
8915,2025-06-27 15:52:30.000,REMOTE,4,Happy with my visit.,1134,44267
8916,2026-02-18 16:20:25.000,LOCAL,5,"Best in the area, no doubt.",1135,44272
8917,2025-10-01 04:07:57.000,REMOTE,2,Staff could be more attentive.,1135,44276
8918,2025-08-03 17:10:19.000,REMOTE,2,Product did not meet my expectations.,1136,44277
8919,2025-06-26 09:40:03.000,LOCAL,3,"Average experience, nothing special.",1138,44286
8920,2026-01-19 08:59:43.000,LOCAL,4,Happy with my visit.,1135,44291
8921,2025-05-14 03:47:17.000,LOCAL,5,"Best in the area, no doubt.",1138,44300
8922,2025-07-14 05:18:56.000,LOCAL,2,Disappointing visit.,1136,44301
8923,2025-11-05 10:55:44.000,LOCAL,5,Always a pleasure coming here.,1138,44306
8924,2026-01-08 23:05:46.000,LOCAL,4,"Very good, would come again.",1135,44310
8925,2025-10-16 10:21:52.000,LOCAL,3,"Average experience, nothing special.",1138,44315
8926,2026-02-20 04:11:17.000,REMOTE,4,Great service and friendly staff.,1137,44317
8927,2025-12-01 23:43:30.000,REMOTE,5,Will definitely be back!,1134,44319
8928,2025-05-23 16:37:04.000,REMOTE,3,"Decent, but could improve.",1137,44326
8929,2025-12-30 20:41:24.000,REMOTE,4,"Very good, would come again.",1137,44334
8930,2026-03-14 01:59:28.000,LOCAL,5,Will definitely be back!,1134,44335
8931,2026-01-03 12:32:08.000,LOCAL,5,Always a pleasure coming here.,1140,44343
8932,2026-02-04 02:48:46.000,LOCAL,4,Solid experience overall.,1140,44352
8933,2026-01-29 06:07:07.000,REMOTE,4,Happy with my visit.,1139,44353
8934,2026-02-22 17:37:39.000,LOCAL,5,Always a pleasure coming here.,1140,44356
8935,2025-08-29 10:07:19.000,LOCAL,4,"Very good, would come again.",1140,44360
8936,2026-01-19 22:34:49.000,REMOTE,5,Will definitely be back!,1139,44366
8937,2026-01-13 23:54:13.000,LOCAL,5,Always a pleasure coming here.,1139,44369
8938,2025-09-16 09:51:02.000,REMOTE,1,Will not return.,1139,44389
8939,2025-09-01 10:51:47.000,REMOTE,5,Excellent service! Highly recommended.,1139,44393
8940,2026-02-25 05:53:14.000,LOCAL,4,Happy with my visit.,1140,44397
8941,2026-02-23 22:58:31.000,LOCAL,5,Will definitely be back!,1140,44405
8942,2025-08-07 06:33:12.000,REMOTE,2,Service was quite slow today.,1139,44410
8943,2026-02-24 16:54:23.000,REMOTE,5,Will definitely be back!,1140,44411
8944,2025-06-19 00:48:42.000,REMOTE,1,Will not return.,1139,44412
8945,2026-01-10 21:40:35.000,REMOTE,4,Happy with my visit.,1139,44416
8946,2025-06-13 14:05:01.000,LOCAL,5,Excellent service! Highly recommended.,1139,44420
8947,2025-06-09 23:42:01.000,LOCAL,4,Happy with my visit.,1140,44425
8948,2026-02-24 09:59:43.000,REMOTE,1,Will not return.,1141,44430
8949,2026-03-02 09:42:54.000,REMOTE,1,Completely disappointed.,1144,44442
8950,2025-08-13 10:40:18.000,REMOTE,5,Will definitely be back!,1144,44443
8951,2025-08-12 16:55:19.000,LOCAL,5,"Best in the area, no doubt.",1142,44454
8952,2026-01-01 14:14:02.000,REMOTE,5,"Best in the area, no doubt.",1144,44464
8953,2025-09-02 08:08:34.000,LOCAL,5,Excellent service! Highly recommended.,1141,44466
8954,2026-02-05 22:31:34.000,LOCAL,5,Excellent service! Highly recommended.,1143,44468
8955,2026-02-16 08:05:47.000,REMOTE,5,Will definitely be back!,1142,44474
8956,2025-07-22 17:43:08.000,LOCAL,1,Completely disappointed.,1141,44477
8957,2025-07-08 04:37:37.000,REMOTE,2,Product did not meet my expectations.,1142,44486
8958,2025-10-14 16:23:50.000,LOCAL,5,Excellent service! Highly recommended.,1144,44493
8959,2025-06-02 12:45:25.000,LOCAL,1,Will not return.,1142,44497
8960,2025-12-17 00:26:09.000,LOCAL,5,"Best in the area, no doubt.",1142,44498
8961,2025-06-20 20:54:56.000,LOCAL,4,"Very good, would come again.",1141,44499
8962,2025-06-05 08:04:30.000,REMOTE,4,Great service and friendly staff.,1142,44512
8963,2025-07-29 01:35:25.000,REMOTE,5,Always a pleasure coming here.,1141,44519
8964,2025-12-08 21:41:51.000,LOCAL,5,Always a pleasure coming here.,1141,44532
8965,2026-03-29 10:19:40.000,LOCAL,4,"Very good, would come again.",1143,44534
8966,2025-06-18 12:58:43.000,REMOTE,5,Will definitely be back!,1143,44539
8967,2026-04-09 20:05:29.000,LOCAL,3,Expected a bit more to be honest.,1144,44542
8968,2025-05-29 23:10:01.000,LOCAL,4,"Very good, would come again.",1142,44545
8969,2025-07-09 14:35:39.000,REMOTE,4,Solid experience overall.,1141,44561
8970,2026-03-03 20:04:16.000,REMOTE,4,Happy with my visit.,1144,44563
8971,2026-04-11 16:10:42.000,LOCAL,2,Disappointing visit.,1147,44573
8972,2025-05-18 16:26:19.000,LOCAL,1,Not what I expected at all.,1146,44577
8973,2025-10-08 23:32:05.000,LOCAL,4,Great service and friendly staff.,1147,44578
8974,2025-07-04 17:21:10.000,REMOTE,2,Disappointing visit.,1149,44579
8975,2026-01-09 19:08:13.000,REMOTE,5,Will definitely be back!,1150,44582
8976,2026-01-27 18:02:45.000,REMOTE,4,"Very good, would come again.",1147,44584
8977,2026-04-04 16:02:30.000,LOCAL,4,Great service and friendly staff.,1146,44585
8978,2025-12-14 03:50:12.000,REMOTE,2,Staff could be more attentive.,1147,44586
8979,2026-01-24 07:19:04.000,LOCAL,5,"Best in the area, no doubt.",1149,44587
8980,2025-11-07 14:38:55.000,REMOTE,4,Great service and friendly staff.,1148,44588
8981,2025-06-16 16:34:21.000,LOCAL,4,Happy with my visit.,1146,44590
8982,2026-03-03 11:43:00.000,LOCAL,4,Solid experience overall.,1149,44605
8983,2026-01-18 16:18:50.000,REMOTE,5,Excellent service! Highly recommended.,1150,44610
8984,2025-06-22 08:08:10.000,LOCAL,5,Always a pleasure coming here.,1146,44612
8985,2026-03-14 14:21:33.000,REMOTE,3,Expected a bit more to be honest.,1149,44615
8986,2026-02-09 11:55:09.000,LOCAL,4,"Very good, would come again.",1149,44622
8987,2025-09-03 04:02:49.000,LOCAL,3,"Average experience, nothing special.",1149,44627
8988,2025-09-30 12:24:21.000,LOCAL,3,"Average experience, nothing special.",1146,44633
8989,2025-05-10 21:12:48.000,REMOTE,4,Solid experience overall.,1148,44645
8990,2025-05-26 22:22:24.000,REMOTE,4,Solid experience overall.,1148,44654
8991,2026-01-02 12:03:21.000,LOCAL,5,Excellent service! Highly recommended.,1150,44658
8992,2025-07-23 02:24:42.000,REMOTE,5,Always a pleasure coming here.,1148,44660
8993,2025-06-23 07:59:42.000,LOCAL,5,Always a pleasure coming here.,1147,44664
8994,2025-10-04 14:41:11.000,REMOTE,4,Happy with my visit.,1147,44669
8995,2025-07-18 06:25:31.000,LOCAL,2,Disappointing visit.,1149,44682
8996,2025-09-11 08:44:52.000,LOCAL,3,Expected a bit more to be honest.,1149,44687
8997,2025-10-24 13:57:09.000,LOCAL,4,Happy with my visit.,1150,44698
8998,2025-08-07 10:41:00.000,LOCAL,3,OK but not outstanding.,1150,44699
8999,2025-12-08 08:02:08.000,REMOTE,2,Disappointing visit.,1149,44705
9000,2026-03-07 06:38:18.000,REMOTE,5,Will definitely be back!,1149,44719
9001,2026-02-22 21:01:07.000,REMOTE,2,Product did not meet my expectations.,1148,44720
9002,2025-09-04 14:00:40.000,LOCAL,5,Will definitely be back!,1145,44723
9003,2025-12-30 19:20:33.000,REMOTE,5,Will definitely be back!,1150,44727
9004,2025-09-08 23:12:14.000,REMOTE,3,"Average experience, nothing special.",1145,44732
9005,2026-03-16 04:04:30.000,REMOTE,1,Completely disappointed.,1145,44733
9006,2025-07-24 14:27:27.000,LOCAL,5,Will definitely be back!,1146,44734
9007,2026-04-08 17:37:59.000,LOCAL,1,Completely disappointed.,1146,44739
9008,2025-05-24 18:12:10.000,REMOTE,5,Excellent service! Highly recommended.,1146,44740
9009,2025-12-24 10:52:08.000,REMOTE,3,OK but not outstanding.,1147,44747
9010,2025-12-31 22:16:58.000,REMOTE,5,Will definitely be back!,1146,44748
9011,2026-02-04 02:47:20.000,LOCAL,3,"Decent, but could improve.",1145,44752
9012,2025-09-28 20:44:54.000,LOCAL,4,Happy with my visit.,1150,44754
9013,2026-02-04 00:55:57.000,LOCAL,5,Excellent service! Highly recommended.,1145,44764
9014,2025-06-10 06:48:55.000,REMOTE,1,Will not return.,1145,44765
9015,2025-12-19 12:34:35.000,LOCAL,3,OK but not outstanding.,1149,44776
9016,2026-03-07 01:42:01.000,LOCAL,2,Service was quite slow today.,1149,44777
9017,2025-11-16 14:25:52.000,REMOTE,3,OK but not outstanding.,1146,44781
9018,2025-05-22 16:14:41.000,LOCAL,5,Will definitely be back!,1150,44785
9019,2025-09-22 14:08:30.000,REMOTE,4,Great service and friendly staff.,1145,44794
9020,2025-05-16 00:15:18.000,LOCAL,3,OK but not outstanding.,1149,44800
9021,2025-12-14 09:22:07.000,LOCAL,2,Staff could be more attentive.,1147,44801
9022,2026-02-18 01:44:50.000,REMOTE,1,Not what I expected at all.,1146,44803
9023,2025-08-02 21:59:49.000,LOCAL,4,Solid experience overall.,1147,44808
9024,2026-03-06 12:12:54.000,LOCAL,2,Product did not meet my expectations.,1147,44810
9025,2026-02-03 10:22:26.000,LOCAL,4,Great service and friendly staff.,1148,44811
9026,2025-09-14 14:39:13.000,LOCAL,4,Great service and friendly staff.,1148,44814
9027,2025-05-22 20:24:38.000,REMOTE,5,"Best in the area, no doubt.",1147,44815
9028,2025-07-07 12:06:17.000,LOCAL,5,Always a pleasure coming here.,1145,44824
9029,2026-01-26 15:13:10.000,REMOTE,4,Solid experience overall.,1150,44838
9030,2026-04-06 23:21:01.000,LOCAL,4,Solid experience overall.,1147,44839
9031,2026-03-14 23:09:26.000,LOCAL,3,OK but not outstanding.,1146,44840
9032,2025-07-15 11:45:14.000,LOCAL,4,"Very good, would come again.",1146,44844
9033,2026-03-21 09:01:57.000,LOCAL,3,"Decent, but could improve.",1147,44846
9034,2025-10-06 05:51:49.000,LOCAL,3,OK but not outstanding.,1145,44848
9035,2025-05-15 15:03:17.000,LOCAL,1,Will not return.,1146,44856
9036,2025-08-26 07:59:29.000,LOCAL,4,Great service and friendly staff.,1149,44860
9037,2026-04-05 12:32:21.000,LOCAL,1,Will not return.,1147,44861
9038,2025-08-01 17:31:58.000,LOCAL,3,"Decent, but could improve.",1150,44864
9039,2026-03-09 08:06:28.000,REMOTE,2,Service was quite slow today.,1149,44865
9040,2025-06-16 01:01:57.000,LOCAL,3,OK but not outstanding.,1145,44867
9041,2025-06-29 07:23:51.000,LOCAL,2,Service was quite slow today.,1149,44868
9042,2025-07-29 20:37:49.000,LOCAL,4,"Very good, would come again.",1146,44873
9043,2025-06-10 18:05:19.000,REMOTE,2,Product did not meet my expectations.,1151,44877
9044,2025-09-09 18:44:14.000,LOCAL,4,Happy with my visit.,1151,44882
9045,2025-06-15 22:34:04.000,LOCAL,4,"Very good, would come again.",1152,44894
9046,2026-02-02 07:04:04.000,REMOTE,4,Happy with my visit.,1151,44895
9047,2025-06-03 18:18:15.000,REMOTE,4,Great service and friendly staff.,1152,44898
9048,2025-10-09 03:07:59.000,LOCAL,2,Staff could be more attentive.,1151,44901
9049,2026-03-20 19:11:20.000,LOCAL,4,Great service and friendly staff.,1152,44903
9050,2025-07-29 16:15:51.000,LOCAL,3,Expected a bit more to be honest.,1151,44912
9051,2026-04-19 16:34:04.000,LOCAL,1,Completely disappointed.,1153,44914
9052,2025-11-13 09:18:32.000,LOCAL,3,"Average experience, nothing special.",1153,44919
9053,2026-01-26 16:16:12.000,LOCAL,4,Solid experience overall.,1153,44923
9054,2025-10-04 13:21:40.000,REMOTE,5,Will definitely be back!,1153,44925
9055,2026-02-17 18:05:18.000,REMOTE,2,Service was quite slow today.,1153,44928
9056,2025-07-07 05:54:11.000,LOCAL,4,Happy with my visit.,1153,44930
9057,2026-04-28 15:13:41.000,LOCAL,5,Will definitely be back!,1153,44934
9058,2025-09-14 01:30:27.000,LOCAL,4,Solid experience overall.,1153,44936
9059,2025-06-18 05:32:14.000,REMOTE,5,Will definitely be back!,1153,44943
9060,2026-04-10 07:58:42.000,REMOTE,4,Great service and friendly staff.,1153,44950
9061,2025-06-23 16:28:47.000,LOCAL,5,Will definitely be back!,1153,44954
9062,2025-08-28 23:07:36.000,LOCAL,2,Staff could be more attentive.,1153,44958
9063,2025-07-17 01:54:12.000,LOCAL,4,"Very good, would come again.",1153,44962
9064,2025-08-31 18:39:44.000,REMOTE,5,Always a pleasure coming here.,1156,44968
9065,2025-07-14 21:37:24.000,LOCAL,1,Will not return.,1154,44970
9066,2026-04-13 16:40:49.000,REMOTE,2,Service was quite slow today.,1155,44971
9067,2025-07-22 01:15:13.000,LOCAL,5,Excellent service! Highly recommended.,1156,44976
9068,2025-06-26 12:33:42.000,LOCAL,4,Solid experience overall.,1157,44993
9069,2025-11-09 12:14:49.000,REMOTE,3,"Decent, but could improve.",1156,44995
9070,2025-10-18 08:51:12.000,REMOTE,4,Great service and friendly staff.,1157,45005
9071,2025-07-11 07:34:12.000,LOCAL,3,OK but not outstanding.,1155,45006
9072,2025-10-18 13:15:29.000,REMOTE,1,Not what I expected at all.,1156,45007
9073,2025-08-22 10:05:31.000,REMOTE,2,Staff could be more attentive.,1155,45011
9074,2025-08-25 13:06:44.000,REMOTE,5,"Best in the area, no doubt.",1158,45019
9075,2025-11-22 06:18:40.000,REMOTE,4,Great service and friendly staff.,1158,45028
9076,2025-11-10 06:23:15.000,REMOTE,5,"Best in the area, no doubt.",1158,45031
9077,2025-05-27 19:10:08.000,LOCAL,5,Excellent service! Highly recommended.,1158,45032
9078,2025-05-15 03:09:53.000,REMOTE,3,OK but not outstanding.,1158,45038
9079,2025-05-13 06:50:41.000,LOCAL,5,"Best in the area, no doubt.",1158,45039
9080,2026-01-18 07:14:26.000,LOCAL,4,Happy with my visit.,1158,45041
9081,2025-06-11 16:50:08.000,REMOTE,4,Happy with my visit.,1158,45043
9082,2026-01-29 11:33:32.000,LOCAL,4,"Very good, would come again.",1158,45044
9083,2025-06-20 12:07:09.000,LOCAL,4,Happy with my visit.,1158,45051
9084,2025-09-29 01:00:25.000,LOCAL,5,Excellent service! Highly recommended.,1161,45062
9085,2025-10-01 11:35:21.000,LOCAL,4,Happy with my visit.,1162,45065
9086,2025-09-08 03:53:59.000,REMOTE,5,"Best in the area, no doubt.",1159,45071
9087,2025-09-17 09:21:25.000,REMOTE,3,"Average experience, nothing special.",1162,45073
9088,2025-05-22 16:46:09.000,LOCAL,4,Happy with my visit.,1160,45076
9089,2025-10-17 13:33:55.000,REMOTE,3,OK but not outstanding.,1159,45080
9090,2025-11-01 04:53:58.000,REMOTE,3,Expected a bit more to be honest.,1160,45081
9091,2025-05-23 09:57:13.000,REMOTE,2,Product did not meet my expectations.,1162,45086
9092,2025-06-20 05:25:49.000,LOCAL,3,Expected a bit more to be honest.,1160,45087
9093,2025-11-02 13:21:45.000,LOCAL,3,"Average experience, nothing special.",1161,45089
9094,2025-06-26 10:01:43.000,LOCAL,5,Will definitely be back!,1160,45092
9095,2026-01-10 16:14:08.000,LOCAL,5,Excellent service! Highly recommended.,1159,45095
9096,2025-11-20 19:32:49.000,REMOTE,5,"Best in the area, no doubt.",1161,45102
9097,2025-06-30 21:15:29.000,LOCAL,4,Solid experience overall.,1159,45107
9098,2025-11-30 04:12:47.000,LOCAL,5,"Best in the area, no doubt.",1160,45110
9099,2025-07-17 15:31:36.000,LOCAL,1,Will not return.,1162,45129
9100,2025-05-15 23:10:34.000,REMOTE,5,Excellent service! Highly recommended.,1162,45136
9101,2026-03-19 21:09:53.000,REMOTE,2,Staff could be more attentive.,1159,45153
9102,2025-11-30 09:23:29.000,LOCAL,5,Will definitely be back!,1160,45154
9103,2025-07-24 18:31:55.000,REMOTE,3,"Average experience, nothing special.",1160,45162
9104,2026-04-18 00:47:51.000,LOCAL,5,Excellent service! Highly recommended.,1159,45174
9105,2025-09-17 00:59:47.000,LOCAL,3,OK but not outstanding.,1160,45180
9106,2025-05-22 03:28:13.000,REMOTE,5,"Best in the area, no doubt.",1160,45181
9107,2025-07-31 11:59:44.000,REMOTE,5,Excellent service! Highly recommended.,1162,45185
9108,2026-04-10 17:20:54.000,REMOTE,2,Product did not meet my expectations.,1163,45188
9109,2026-02-09 02:24:17.000,REMOTE,3,OK but not outstanding.,1164,45203
9110,2025-11-30 10:57:18.000,LOCAL,4,Great service and friendly staff.,1164,45204
9111,2025-06-16 23:27:10.000,REMOTE,5,Always a pleasure coming here.,1164,45206
9112,2025-11-30 19:45:11.000,LOCAL,1,Completely disappointed.,1163,45216
9113,2025-07-08 12:16:51.000,LOCAL,4,Great service and friendly staff.,1163,45223
9114,2025-05-15 12:42:17.000,LOCAL,1,Very poor service.,1164,45237
9115,2026-01-22 07:55:05.000,LOCAL,3,"Decent, but could improve.",1163,45238
9116,2026-02-16 02:38:22.000,REMOTE,5,"Best in the area, no doubt.",1165,45253
9117,2025-12-30 17:51:06.000,LOCAL,4,"Very good, would come again.",1165,45260
9118,2026-02-11 16:58:53.000,REMOTE,5,Always a pleasure coming here.,1165,45261
9119,2025-08-22 01:12:22.000,LOCAL,3,"Average experience, nothing special.",1165,45263
9120,2025-06-20 01:24:07.000,LOCAL,5,"Best in the area, no doubt.",1165,45267
9121,2026-01-31 13:24:09.000,REMOTE,5,Always a pleasure coming here.,1165,45272
9122,2025-06-05 07:06:18.000,REMOTE,5,Always a pleasure coming here.,1165,45282
9123,2025-11-08 03:15:21.000,LOCAL,2,Disappointing visit.,1165,45287
9124,2025-06-23 11:13:55.000,REMOTE,4,Solid experience overall.,1165,45288
9125,2025-11-10 19:01:29.000,REMOTE,5,Always a pleasure coming here.,1165,45294
9126,2026-03-11 15:59:10.000,REMOTE,4,Great service and friendly staff.,1166,45310
9127,2026-02-14 13:49:33.000,LOCAL,4,Great service and friendly staff.,1166,45314
9128,2026-04-05 11:45:22.000,REMOTE,2,Service was quite slow today.,1166,45321
9129,2025-06-23 11:58:53.000,REMOTE,4,Happy with my visit.,1166,45324
9130,2026-03-11 09:29:30.000,LOCAL,5,"Best in the area, no doubt.",1166,45325
9131,2026-02-28 09:31:05.000,REMOTE,2,Staff could be more attentive.,1166,45326
9132,2025-07-05 18:08:44.000,LOCAL,5,Always a pleasure coming here.,1166,45328
9133,2026-01-10 08:23:09.000,LOCAL,4,"Very good, would come again.",1166,45334
9134,2025-12-05 06:20:55.000,REMOTE,5,Excellent service! Highly recommended.,1166,45338
9135,2025-11-12 14:31:07.000,LOCAL,5,Will definitely be back!,1166,45342
9136,2026-03-02 11:02:41.000,REMOTE,5,Always a pleasure coming here.,1167,45347
9137,2026-02-06 03:10:40.000,REMOTE,4,Happy with my visit.,1169,45377
9138,2025-06-02 09:00:16.000,REMOTE,3,"Average experience, nothing special.",1169,45388
9139,2025-12-20 05:09:29.000,REMOTE,5,Will definitely be back!,1170,45389
9140,2026-03-12 14:41:01.000,REMOTE,2,Disappointing visit.,1170,45392
9141,2025-07-11 07:14:14.000,LOCAL,4,Great service and friendly staff.,1169,45397
9142,2025-07-14 19:07:21.000,LOCAL,5,Always a pleasure coming here.,1170,45401
9143,2025-10-27 10:48:15.000,REMOTE,5,"Best in the area, no doubt.",1171,45403
9144,2025-06-16 19:29:39.000,LOCAL,4,Great service and friendly staff.,1171,45407
9145,2025-11-12 14:58:01.000,LOCAL,3,"Decent, but could improve.",1170,45408
9146,2026-02-27 00:29:41.000,REMOTE,2,Service was quite slow today.,1171,45410
9147,2025-09-21 11:02:08.000,LOCAL,4,"Very good, would come again.",1171,45411
9148,2025-08-18 14:00:28.000,LOCAL,4,Happy with my visit.,1170,45418
9149,2026-01-02 14:31:29.000,LOCAL,1,Will not return.,1171,45441
9150,2026-03-19 17:14:54.000,LOCAL,5,Always a pleasure coming here.,1170,45447
9151,2026-02-27 22:52:34.000,LOCAL,4,Happy with my visit.,1170,45450
9152,2025-09-20 12:16:32.000,LOCAL,4,Solid experience overall.,1170,45451
9153,2025-12-02 15:53:54.000,LOCAL,1,Very poor service.,1171,45456
9154,2025-12-19 15:41:12.000,LOCAL,4,Happy with my visit.,1170,45457
9155,2025-08-17 14:48:09.000,REMOTE,3,OK but not outstanding.,1170,45466
9156,2026-03-11 20:37:39.000,REMOTE,4,Great service and friendly staff.,1170,45467
9157,2025-07-24 07:28:30.000,REMOTE,4,Solid experience overall.,1172,45471
9158,2025-07-31 13:23:32.000,REMOTE,5,Always a pleasure coming here.,1175,45472
9159,2025-05-22 19:21:09.000,REMOTE,5,Always a pleasure coming here.,1172,45476
9160,2025-09-05 13:16:13.000,LOCAL,5,"Best in the area, no doubt.",1175,45488
9161,2026-01-03 00:44:19.000,REMOTE,5,Always a pleasure coming here.,1172,45492
9162,2026-04-02 01:05:14.000,REMOTE,5,Always a pleasure coming here.,1174,45500
9163,2026-04-11 02:53:54.000,REMOTE,4,Happy with my visit.,1172,45503
9164,2025-08-18 19:37:48.000,LOCAL,1,Completely disappointed.,1172,45506
9165,2025-11-05 06:58:07.000,LOCAL,1,Very poor service.,1174,45512
9166,2025-10-11 10:44:57.000,LOCAL,4,Great service and friendly staff.,1175,45513
9167,2026-04-05 07:24:42.000,REMOTE,2,Service was quite slow today.,1173,45514
9168,2025-08-13 15:17:39.000,REMOTE,1,Not what I expected at all.,1174,45525
9169,2025-09-21 13:34:41.000,REMOTE,4,Great service and friendly staff.,1173,45541
9170,2025-07-28 08:42:13.000,LOCAL,5,Excellent service! Highly recommended.,1175,45545
9171,2025-11-14 04:54:52.000,REMOTE,4,"Very good, would come again.",1174,45548
9172,2025-08-11 22:35:46.000,LOCAL,5,Excellent service! Highly recommended.,1172,45550
9173,2026-04-07 13:40:05.000,LOCAL,5,"Best in the area, no doubt.",1175,45555
9174,2025-05-24 04:45:03.000,LOCAL,4,Solid experience overall.,1173,45566
9175,2025-11-14 23:30:25.000,REMOTE,5,Excellent service! Highly recommended.,1172,45568
9176,2025-11-12 04:49:41.000,LOCAL,4,Solid experience overall.,1173,45569
9177,2025-06-10 06:37:24.000,LOCAL,5,"Best in the area, no doubt.",1175,45571
9178,2025-10-20 05:01:40.000,REMOTE,3,"Decent, but could improve.",1173,45577
9179,2025-06-30 16:43:19.000,REMOTE,4,Solid experience overall.,1173,45592
9180,2026-04-30 17:59:28.000,REMOTE,1,Completely disappointed.,1175,45595
9181,2026-04-12 03:36:14.000,REMOTE,2,Disappointing visit.,1174,45596
9182,2026-03-27 16:59:43.000,REMOTE,4,"Very good, would come again.",1173,45604
9183,2026-02-05 06:49:04.000,REMOTE,2,Staff could be more attentive.,1174,45614
9184,2025-09-29 22:22:34.000,REMOTE,5,Always a pleasure coming here.,1173,45620
9185,2026-04-28 05:38:51.000,LOCAL,1,Completely disappointed.,1174,45626
9186,2026-02-21 10:04:15.000,REMOTE,2,Product did not meet my expectations.,1172,45629
9187,2025-10-12 18:17:17.000,REMOTE,3,Expected a bit more to be honest.,1173,45630
9188,2025-10-12 21:33:22.000,LOCAL,4,"Very good, would come again.",1173,45639
9189,2025-08-11 16:20:23.000,REMOTE,4,Happy with my visit.,1173,45646
9190,2025-10-28 18:09:59.000,REMOTE,5,Excellent service! Highly recommended.,1173,45653
9191,2025-08-13 18:17:33.000,LOCAL,3,"Decent, but could improve.",1173,45654
9192,2025-08-13 20:10:32.000,LOCAL,3,OK but not outstanding.,1173,45655
9193,2025-09-26 00:21:31.000,REMOTE,3,Expected a bit more to be honest.,1174,45663
9194,2025-11-20 10:06:44.000,REMOTE,1,Not what I expected at all.,1172,45666
9195,2026-02-26 20:12:59.000,REMOTE,2,Product did not meet my expectations.,1173,45673
9196,2026-02-05 16:08:59.000,REMOTE,2,Disappointing visit.,1172,45674
9197,2025-08-21 20:09:15.000,LOCAL,4,Solid experience overall.,1172,45675
9198,2026-04-26 15:16:18.000,LOCAL,4,Great service and friendly staff.,1174,45677
9199,2025-07-22 07:15:55.000,LOCAL,5,"Best in the area, no doubt.",1173,45678
9200,2025-07-07 12:17:46.000,LOCAL,4,Solid experience overall.,1174,45679
9201,2026-03-13 19:51:29.000,REMOTE,3,OK but not outstanding.,1173,45689
9202,2025-08-23 16:49:35.000,REMOTE,3,"Decent, but could improve.",1172,45692
9203,2026-02-13 06:36:45.000,REMOTE,3,OK but not outstanding.,1175,45696
9204,2025-07-07 08:47:40.000,LOCAL,4,Happy with my visit.,1174,45699
9205,2025-08-09 16:58:17.000,REMOTE,4,Happy with my visit.,1174,45707
9206,2025-10-16 07:34:01.000,REMOTE,2,Service was quite slow today.,1174,45708
9207,2025-10-07 06:41:02.000,LOCAL,4,Happy with my visit.,1172,45720
9208,2025-05-21 19:57:23.000,REMOTE,5,Always a pleasure coming here.,1172,45721
9209,2025-12-28 06:26:17.000,REMOTE,3,"Decent, but could improve.",1172,45730
9210,2025-10-14 23:16:37.000,LOCAL,4,Solid experience overall.,1174,45737
9211,2025-12-23 22:07:15.000,REMOTE,3,Expected a bit more to be honest.,1175,45740
9212,2026-01-19 07:37:28.000,REMOTE,4,"Very good, would come again.",1173,45743
9213,2025-10-10 15:53:32.000,REMOTE,5,Will definitely be back!,1174,45746
9214,2025-12-25 02:57:16.000,LOCAL,1,Very poor service.,1172,45752
9215,2026-02-16 18:48:35.000,LOCAL,4,Happy with my visit.,1177,45757
9216,2025-12-21 02:27:17.000,LOCAL,3,"Decent, but could improve.",1176,45760
9217,2025-09-28 23:42:06.000,REMOTE,5,"Best in the area, no doubt.",1179,45764
9218,2025-07-05 14:13:26.000,LOCAL,3,OK but not outstanding.,1178,45768
9219,2025-10-16 01:37:51.000,REMOTE,4,Solid experience overall.,1178,45771
9220,2025-07-18 01:21:05.000,REMOTE,4,Happy with my visit.,1177,45781
9221,2025-08-27 00:53:33.000,LOCAL,3,OK but not outstanding.,1179,45793
9222,2025-07-19 23:21:06.000,REMOTE,5,"Best in the area, no doubt.",1176,45807
9223,2026-02-11 16:15:52.000,REMOTE,1,Completely disappointed.,1178,45810
9224,2025-10-09 11:01:37.000,REMOTE,1,Will not return.,1176,45812
9225,2026-01-27 03:29:26.000,LOCAL,4,Great service and friendly staff.,1177,45819
9226,2026-05-03 15:03:54.000,REMOTE,3,"Decent, but could improve.",1179,45826
9227,2026-04-24 10:16:38.000,LOCAL,5,"Best in the area, no doubt.",1178,45828
9228,2025-07-26 05:34:56.000,LOCAL,2,Disappointing visit.,1178,45831
9229,2025-12-15 04:56:07.000,LOCAL,4,Great service and friendly staff.,1179,45835
9230,2025-10-28 00:10:55.000,LOCAL,4,Solid experience overall.,1177,45843
9231,2025-08-24 14:16:35.000,LOCAL,5,Always a pleasure coming here.,1177,45847
9232,2025-12-06 02:46:13.000,REMOTE,5,Excellent service! Highly recommended.,1176,45848
9233,2025-06-01 22:54:28.000,REMOTE,3,"Decent, but could improve.",1179,45854
9234,2025-07-08 19:39:16.000,REMOTE,4,Happy with my visit.,1179,45855
9235,2025-05-27 13:33:18.000,LOCAL,3,OK but not outstanding.,1179,45860
9236,2026-04-06 04:45:41.000,REMOTE,5,"Best in the area, no doubt.",1178,45862
9237,2025-06-05 22:47:00.000,REMOTE,4,Happy with my visit.,1176,45863
9238,2025-06-30 18:13:31.000,REMOTE,5,"Best in the area, no doubt.",1177,45866
9239,2025-12-17 20:55:59.000,REMOTE,3,"Decent, but could improve.",1176,45871
9240,2025-08-11 06:00:58.000,LOCAL,5,Excellent service! Highly recommended.,1179,45872
9241,2025-07-01 09:43:34.000,LOCAL,3,OK but not outstanding.,1178,45874
9242,2025-09-08 08:47:03.000,REMOTE,3,Expected a bit more to be honest.,1178,45875
9243,2026-03-30 06:25:25.000,LOCAL,4,Solid experience overall.,1179,45880
9244,2025-06-30 10:11:36.000,REMOTE,4,Happy with my visit.,1177,45882
9245,2025-08-11 09:37:51.000,REMOTE,2,Service was quite slow today.,1176,45883
9246,2026-04-20 01:57:37.000,LOCAL,2,Service was quite slow today.,1178,45884
9247,2025-12-03 02:32:09.000,REMOTE,1,Very poor service.,1178,45888
9248,2025-11-16 20:35:52.000,LOCAL,3,Expected a bit more to be honest.,1177,45893
9249,2025-09-01 17:15:56.000,LOCAL,5,Always a pleasure coming here.,1176,45897
9250,2025-09-16 19:18:44.000,LOCAL,4,"Very good, would come again.",1180,45899
9251,2026-03-13 19:12:13.000,REMOTE,1,Very poor service.,1180,45902
9252,2026-01-16 04:05:51.000,REMOTE,5,Excellent service! Highly recommended.,1181,45904
9253,2026-01-11 22:35:48.000,REMOTE,2,Disappointing visit.,1180,45905
9254,2026-03-04 15:03:14.000,REMOTE,5,Will definitely be back!,1180,45907
9255,2026-04-07 15:24:17.000,REMOTE,4,"Very good, would come again.",1181,45908
9256,2025-07-16 20:11:31.000,LOCAL,3,OK but not outstanding.,1181,45911
9257,2025-11-01 11:55:46.000,LOCAL,2,Disappointing visit.,1180,45915
9258,2025-09-18 17:42:16.000,REMOTE,4,Solid experience overall.,1180,45919
9259,2025-10-03 07:20:30.000,REMOTE,2,Staff could be more attentive.,1181,45925
9260,2025-11-05 06:03:00.000,LOCAL,5,"Best in the area, no doubt.",1181,45931
9261,2026-03-04 02:36:57.000,LOCAL,5,"Best in the area, no doubt.",1180,45938
9262,2025-10-06 05:52:17.000,LOCAL,1,Completely disappointed.,1181,45939
9263,2025-05-15 06:56:15.000,LOCAL,3,OK but not outstanding.,1180,45940
9264,2026-04-08 08:15:53.000,REMOTE,2,Disappointing visit.,1181,45944
9265,2025-12-21 19:34:28.000,REMOTE,5,"Best in the area, no doubt.",1181,45945
9266,2026-04-17 00:03:49.000,REMOTE,1,Will not return.,1180,45949
9267,2025-12-03 01:04:19.000,LOCAL,3,OK but not outstanding.,1180,45956
9268,2025-12-05 23:51:00.000,REMOTE,3,"Average experience, nothing special.",1181,45960
9269,2025-12-03 20:31:46.000,LOCAL,4,Happy with my visit.,1181,45961
9270,2025-09-10 00:05:19.000,LOCAL,4,Happy with my visit.,1180,45962
9271,2026-05-06 08:24:20.000,REMOTE,5,"Best in the area, no doubt.",1181,45964
9272,2026-01-17 05:51:33.000,LOCAL,4,"Very good, would come again.",1181,45971
9273,2025-07-04 20:51:17.000,LOCAL,5,Excellent service! Highly recommended.,1181,45972
9274,2026-02-28 16:07:37.000,LOCAL,2,Service was quite slow today.,1181,45975
9275,2025-08-08 19:02:51.000,LOCAL,5,Always a pleasure coming here.,1180,45991
9276,2026-04-25 04:58:29.000,LOCAL,4,Solid experience overall.,1180,46010
9277,2026-04-19 00:23:53.000,LOCAL,4,"Very good, would come again.",1180,46012
9278,2025-09-19 18:13:44.000,LOCAL,5,Always a pleasure coming here.,1180,46014
9279,2025-12-29 05:38:16.000,LOCAL,4,"Very good, would come again.",1180,46017
9280,2025-09-07 10:46:30.000,REMOTE,5,Always a pleasure coming here.,1181,46023
9281,2026-03-19 16:42:23.000,LOCAL,2,Disappointing visit.,1181,46033
9282,2025-09-29 13:06:36.000,REMOTE,4,Happy with my visit.,1181,46034
9283,2025-10-12 13:02:22.000,LOCAL,4,Great service and friendly staff.,1180,46037
9284,2025-06-11 12:26:42.000,REMOTE,1,Will not return.,1181,46044
9285,2025-09-19 18:48:21.000,LOCAL,5,Always a pleasure coming here.,1180,46055
9286,2026-04-18 09:53:53.000,REMOTE,3,OK but not outstanding.,1181,46057
9287,2026-03-14 12:40:21.000,LOCAL,5,"Best in the area, no doubt.",1180,46058
9288,2026-01-24 07:38:04.000,LOCAL,5,Always a pleasure coming here.,1180,46063
9289,2025-08-24 20:22:30.000,REMOTE,3,Expected a bit more to be honest.,1181,46064
9290,2026-04-04 01:26:23.000,LOCAL,4,Solid experience overall.,1180,46069
9291,2025-10-02 02:10:32.000,REMOTE,2,Product did not meet my expectations.,1180,46078
9292,2026-04-20 06:35:22.000,REMOTE,4,"Very good, would come again.",1180,46084
9293,2025-07-26 01:00:47.000,LOCAL,4,Happy with my visit.,1181,46085
9294,2025-12-30 01:25:25.000,LOCAL,3,OK but not outstanding.,1180,46087
9295,2025-09-23 03:37:35.000,REMOTE,5,"Best in the area, no doubt.",1180,46091
9296,2025-11-14 19:01:00.000,LOCAL,5,"Best in the area, no doubt.",1181,46094
9297,2025-06-19 04:29:19.000,LOCAL,4,Great service and friendly staff.,1180,46108
9298,2025-12-31 05:06:12.000,REMOTE,2,Product did not meet my expectations.,1181,46114
9299,2025-05-23 05:21:58.000,LOCAL,5,Excellent service! Highly recommended.,1181,46121
9300,2026-01-23 16:44:03.000,LOCAL,5,Excellent service! Highly recommended.,1181,46123
9301,2025-10-31 15:40:09.000,REMOTE,4,"Very good, would come again.",1181,46124
9302,2026-04-14 15:22:56.000,LOCAL,2,Disappointing visit.,1180,46130
9303,2025-09-26 14:36:34.000,LOCAL,5,Always a pleasure coming here.,1180,46135
9304,2025-08-27 15:29:16.000,LOCAL,5,Will definitely be back!,1181,46137
9305,2025-06-16 07:00:22.000,REMOTE,5,"Best in the area, no doubt.",1181,46146
9306,2025-10-10 08:43:48.000,REMOTE,1,Will not return.,1181,46158
9307,2026-02-14 07:03:23.000,REMOTE,5,"Best in the area, no doubt.",1181,46171
9308,2025-07-16 02:13:04.000,REMOTE,4,"Very good, would come again.",1185,46183
9309,2025-10-16 16:32:03.000,LOCAL,2,Disappointing visit.,1183,46184
9310,2025-12-26 10:32:18.000,REMOTE,4,Happy with my visit.,1182,46186
9311,2025-05-10 15:39:51.000,REMOTE,2,Disappointing visit.,1184,46187
9312,2025-09-20 19:26:14.000,LOCAL,5,"Best in the area, no doubt.",1182,46194
9313,2025-08-23 16:32:00.000,LOCAL,3,"Average experience, nothing special.",1184,46207
9314,2026-01-06 10:31:46.000,LOCAL,4,Great service and friendly staff.,1185,46209
9315,2025-05-25 06:00:35.000,REMOTE,5,Will definitely be back!,1183,46219
9316,2026-02-22 04:52:54.000,LOCAL,5,"Best in the area, no doubt.",1184,46228
9317,2025-10-24 19:56:51.000,LOCAL,5,Excellent service! Highly recommended.,1182,46229
9318,2025-05-13 08:22:16.000,REMOTE,3,Expected a bit more to be honest.,1185,46238
9319,2026-03-21 19:07:39.000,REMOTE,4,"Very good, would come again.",1185,46240
9320,2026-04-04 00:08:13.000,LOCAL,2,Staff could be more attentive.,1183,46245
9321,2026-03-11 00:56:47.000,REMOTE,2,Disappointing visit.,1183,46247
9322,2025-09-01 23:22:58.000,LOCAL,4,"Very good, would come again.",1185,46254
9323,2026-04-11 16:24:34.000,LOCAL,5,Will definitely be back!,1185,46256
9324,2026-03-06 12:08:27.000,LOCAL,4,"Very good, would come again.",1182,46259
9325,2025-12-17 17:53:53.000,LOCAL,3,"Decent, but could improve.",1183,46260
9326,2025-11-01 19:27:15.000,LOCAL,4,Great service and friendly staff.,1183,46267
9327,2025-06-09 04:24:47.000,LOCAL,3,OK but not outstanding.,1183,46269
9328,2026-02-05 19:31:47.000,LOCAL,5,Always a pleasure coming here.,1185,46276
9329,2025-12-11 00:27:28.000,REMOTE,4,Happy with my visit.,1185,46281
9330,2025-12-27 14:34:54.000,LOCAL,4,Solid experience overall.,1183,46287
9331,2025-06-22 11:26:11.000,REMOTE,5,Excellent service! Highly recommended.,1185,46293
9332,2025-08-09 17:56:49.000,REMOTE,3,"Decent, but could improve.",1185,46294
9333,2026-04-04 22:38:32.000,LOCAL,5,Always a pleasure coming here.,1185,46295
9334,2025-11-04 01:21:42.000,REMOTE,5,Will definitely be back!,1184,46296
9335,2025-11-02 21:10:54.000,LOCAL,3,OK but not outstanding.,1183,46298
9336,2026-01-09 12:32:12.000,LOCAL,3,"Decent, but could improve.",1183,46301
9337,2026-03-25 23:58:31.000,REMOTE,5,Always a pleasure coming here.,1184,46302
9338,2025-06-23 09:07:32.000,LOCAL,3,OK but not outstanding.,1182,46314
9339,2026-02-28 11:44:23.000,LOCAL,5,"Best in the area, no doubt.",1184,46327
9340,2025-05-12 09:22:03.000,REMOTE,3,Expected a bit more to be honest.,1183,46329
9341,2026-03-01 12:12:22.000,REMOTE,5,Excellent service! Highly recommended.,1184,46340
9342,2025-05-11 19:20:12.000,LOCAL,5,Will definitely be back!,1184,46359
9343,2026-05-06 06:44:04.000,LOCAL,4,"Very good, would come again.",1184,46365
9344,2025-12-26 20:33:13.000,LOCAL,5,"Best in the area, no doubt.",1182,46371
9345,2025-11-12 00:26:44.000,REMOTE,4,Great service and friendly staff.,1182,46377
9346,2025-12-12 02:26:04.000,REMOTE,5,"Best in the area, no doubt.",1185,46380
9347,2026-03-21 09:46:02.000,REMOTE,4,Happy with my visit.,1185,46381
9348,2025-11-09 05:28:13.000,LOCAL,5,"Best in the area, no doubt.",1185,46393
9349,2025-12-20 13:57:33.000,LOCAL,1,Not what I expected at all.,1184,46400
9350,2025-10-23 11:18:22.000,REMOTE,4,Happy with my visit.,1183,46402
9351,2025-05-23 04:30:42.000,LOCAL,3,OK but not outstanding.,1184,46409
9352,2026-01-14 18:57:24.000,REMOTE,1,Not what I expected at all.,1184,46415
9353,2026-01-02 18:27:11.000,LOCAL,4,Happy with my visit.,1184,46418
9354,2025-09-15 04:59:30.000,REMOTE,4,"Very good, would come again.",1183,46421
9355,2025-06-12 17:41:14.000,REMOTE,4,Great service and friendly staff.,1182,46430
9356,2025-09-17 14:45:22.000,LOCAL,5,Will definitely be back!,1182,46431
9357,2026-03-25 18:26:51.000,LOCAL,3,"Decent, but could improve.",1187,46450
9358,2026-04-14 19:17:35.000,REMOTE,4,"Very good, would come again.",1187,46454
9359,2026-04-16 03:38:46.000,REMOTE,5,Always a pleasure coming here.,1186,46460
9360,2025-09-02 07:03:40.000,REMOTE,3,"Decent, but could improve.",1186,46464
9361,2025-06-30 20:04:50.000,REMOTE,2,Product did not meet my expectations.,1186,46490
9362,2025-11-24 10:01:27.000,REMOTE,4,Solid experience overall.,1187,46491
9363,2025-09-12 23:36:44.000,LOCAL,3,Expected a bit more to be honest.,1186,46492
9364,2026-04-21 16:48:50.000,REMOTE,5,Always a pleasure coming here.,1187,46493
9365,2025-12-14 03:20:35.000,REMOTE,5,Excellent service! Highly recommended.,1187,46494
9366,2025-05-09 03:44:45.000,REMOTE,5,"Best in the area, no doubt.",1189,46501
9367,2026-02-02 07:38:48.000,LOCAL,5,Excellent service! Highly recommended.,1188,46504
9368,2025-07-16 18:45:08.000,LOCAL,4,Solid experience overall.,1188,46505
9369,2026-01-14 08:32:19.000,LOCAL,1,Not what I expected at all.,1189,46507
9370,2025-12-02 21:59:16.000,REMOTE,3,"Decent, but could improve.",1189,46509
9371,2025-10-29 21:07:00.000,REMOTE,5,Excellent service! Highly recommended.,1189,46515
9372,2025-05-11 05:44:43.000,REMOTE,4,Solid experience overall.,1188,46517
9373,2025-08-01 21:16:47.000,REMOTE,3,Expected a bit more to be honest.,1188,46520
9374,2025-06-06 18:48:44.000,LOCAL,2,Product did not meet my expectations.,1188,46523
9375,2025-12-05 19:02:29.000,REMOTE,4,Solid experience overall.,1189,46530
9376,2026-03-09 13:49:35.000,REMOTE,4,Happy with my visit.,1188,46533
9377,2025-11-15 18:46:49.000,REMOTE,1,Will not return.,1189,46534
9378,2025-10-15 03:07:51.000,LOCAL,1,Completely disappointed.,1189,46537
9379,2025-12-31 02:35:09.000,LOCAL,5,Excellent service! Highly recommended.,1188,46553
9380,2026-01-09 17:27:52.000,LOCAL,2,Disappointing visit.,1189,46554
9381,2025-09-10 11:40:07.000,REMOTE,5,Excellent service! Highly recommended.,1188,46555
9382,2025-09-05 00:36:58.000,REMOTE,2,Disappointing visit.,1189,46556
9383,2025-12-17 16:49:13.000,REMOTE,5,Always a pleasure coming here.,1188,46557
9384,2026-01-26 10:12:23.000,REMOTE,4,Happy with my visit.,1188,46567
9385,2025-06-15 07:53:20.000,REMOTE,1,Very poor service.,1189,46578
9386,2025-08-14 19:59:14.000,LOCAL,5,Will definitely be back!,1188,46583
9387,2026-04-16 22:19:40.000,REMOTE,5,Excellent service! Highly recommended.,1188,46587
9388,2026-02-11 19:57:55.000,REMOTE,4,Happy with my visit.,1189,46589
9389,2026-01-19 13:38:29.000,LOCAL,5,Will definitely be back!,1189,46597
9390,2025-07-10 00:46:56.000,REMOTE,4,Happy with my visit.,1190,46600
9391,2025-08-10 18:56:03.000,REMOTE,4,Great service and friendly staff.,1191,46606
9392,2026-04-11 20:57:24.000,REMOTE,5,Will definitely be back!,1191,46608
9393,2026-03-03 10:14:36.000,REMOTE,1,Completely disappointed.,1190,46614
9394,2026-03-17 02:32:55.000,LOCAL,4,Great service and friendly staff.,1191,46620
9395,2025-11-22 22:53:26.000,REMOTE,5,Always a pleasure coming here.,1192,46631
9396,2026-03-31 22:57:16.000,REMOTE,5,Always a pleasure coming here.,1192,46635
9397,2025-06-24 16:22:56.000,REMOTE,5,Always a pleasure coming here.,1192,46636
9398,2025-07-01 19:55:28.000,REMOTE,5,"Best in the area, no doubt.",1192,46641
9399,2025-05-31 01:03:05.000,REMOTE,2,Service was quite slow today.,1192,46656
9400,2025-06-24 09:32:52.000,LOCAL,4,Great service and friendly staff.,1192,46658
9401,2026-02-14 11:52:22.000,LOCAL,4,Great service and friendly staff.,1192,46659
9402,2025-06-27 14:12:48.000,LOCAL,4,Solid experience overall.,1192,46660
9403,2025-06-19 09:20:17.000,REMOTE,4,Happy with my visit.,1192,46663
9404,2025-09-15 22:56:26.000,LOCAL,5,Always a pleasure coming here.,1192,46665
9405,2025-07-15 08:27:03.000,LOCAL,5,Will definitely be back!,1194,46666
9406,2025-07-28 18:52:33.000,REMOTE,3,"Average experience, nothing special.",1194,46667
9407,2025-12-24 22:37:59.000,LOCAL,5,"Best in the area, no doubt.",1196,46669
9408,2025-05-19 23:15:17.000,REMOTE,2,Staff could be more attentive.,1195,46674
9409,2026-03-11 22:46:26.000,LOCAL,4,Happy with my visit.,1194,46676
9410,2025-12-16 13:30:07.000,LOCAL,1,Will not return.,1194,46679
9411,2026-05-06 06:45:01.000,REMOTE,4,Solid experience overall.,1195,46681
9412,2025-07-03 03:39:45.000,LOCAL,4,Happy with my visit.,1193,46685
9413,2026-01-09 17:07:13.000,REMOTE,4,"Very good, would come again.",1195,46691
9414,2026-03-22 09:34:17.000,LOCAL,4,"Very good, would come again.",1193,46695
9415,2026-04-24 01:23:47.000,LOCAL,4,Solid experience overall.,1193,46697
9416,2025-12-10 15:57:38.000,LOCAL,5,Will definitely be back!,1196,46701
9417,2026-03-04 03:40:31.000,LOCAL,4,Happy with my visit.,1195,46702
9418,2026-04-26 06:38:20.000,REMOTE,4,Happy with my visit.,1196,46712
9419,2025-09-25 07:12:39.000,LOCAL,3,"Decent, but could improve.",1196,46713
9420,2025-08-20 22:12:56.000,LOCAL,3,Expected a bit more to be honest.,1195,46715
9421,2025-10-29 09:55:26.000,REMOTE,5,Will definitely be back!,1196,46722
9422,2025-05-13 22:40:06.000,LOCAL,3,"Average experience, nothing special.",1194,46723
9423,2025-10-04 22:34:01.000,REMOTE,3,"Average experience, nothing special.",1196,46732
9424,2026-03-25 19:33:59.000,LOCAL,5,"Best in the area, no doubt.",1194,46735
9425,2025-05-21 05:03:56.000,LOCAL,5,"Best in the area, no doubt.",1196,46748
9426,2026-02-01 20:25:43.000,LOCAL,5,Will definitely be back!,1193,46756
9427,2025-09-24 01:52:08.000,REMOTE,3,"Decent, but could improve.",1194,46758
9428,2025-10-13 11:53:15.000,REMOTE,5,Will definitely be back!,1193,46761
9429,2026-04-06 07:25:43.000,LOCAL,5,"Best in the area, no doubt.",1196,46770
9430,2025-06-27 00:25:57.000,REMOTE,2,Service was quite slow today.,1196,46778
9431,2026-05-05 02:29:08.000,REMOTE,5,Always a pleasure coming here.,1196,46790
9432,2025-11-07 11:39:06.000,LOCAL,2,Disappointing visit.,1196,46796
9433,2025-09-05 13:25:48.000,REMOTE,3,"Average experience, nothing special.",1196,46806
9434,2025-11-15 19:58:52.000,REMOTE,4,Solid experience overall.,1195,46809
9435,2026-01-28 12:09:18.000,LOCAL,4,Solid experience overall.,1194,46813
9436,2025-07-13 08:01:21.000,LOCAL,4,"Very good, would come again.",1193,46814
9437,2025-09-11 18:21:49.000,REMOTE,1,Very poor service.,1194,46815
9438,2025-06-17 12:01:50.000,REMOTE,3,OK but not outstanding.,1196,46818
9439,2026-02-17 16:39:43.000,REMOTE,3,"Decent, but could improve.",1193,46819
9440,2025-05-27 22:10:10.000,REMOTE,4,Great service and friendly staff.,1193,46827
9441,2025-07-29 05:47:33.000,LOCAL,5,Excellent service! Highly recommended.,1193,46831
9442,2026-04-29 07:51:04.000,LOCAL,5,Excellent service! Highly recommended.,1193,46838
9443,2026-03-26 03:19:00.000,REMOTE,3,OK but not outstanding.,1194,46839
9444,2026-04-11 07:02:45.000,LOCAL,3,"Decent, but could improve.",1195,46846
9445,2025-07-17 06:15:15.000,REMOTE,5,Will definitely be back!,1196,46849
9446,2025-11-09 13:30:48.000,LOCAL,4,"Very good, would come again.",1195,46852
9447,2026-03-22 21:18:08.000,LOCAL,1,Not what I expected at all.,1193,46853
9448,2026-01-24 00:31:14.000,REMOTE,3,Expected a bit more to be honest.,1193,46859
9449,2025-05-10 05:08:18.000,LOCAL,5,Will definitely be back!,1195,46861
9450,2026-01-14 20:05:48.000,REMOTE,4,Happy with my visit.,1198,46873
9451,2025-08-02 17:33:20.000,REMOTE,5,"Best in the area, no doubt.",1199,46875
9452,2025-06-06 19:57:24.000,REMOTE,5,Will definitely be back!,1197,46880
9453,2025-05-25 22:48:25.000,LOCAL,3,Expected a bit more to be honest.,1198,46885
9454,2025-12-10 16:04:48.000,REMOTE,5,Excellent service! Highly recommended.,1198,46887
9455,2026-04-25 16:08:07.000,REMOTE,4,"Very good, would come again.",1197,46901
9456,2025-10-13 22:13:39.000,LOCAL,5,Will definitely be back!,1197,46903
9457,2025-11-21 07:46:38.000,LOCAL,5,Always a pleasure coming here.,1197,46919
9458,2025-11-10 12:27:28.000,REMOTE,3,Expected a bit more to be honest.,1198,46925
9459,2026-01-02 06:14:32.000,REMOTE,4,Happy with my visit.,1197,46928
9460,2025-07-16 20:17:18.000,REMOTE,5,Excellent service! Highly recommended.,1201,46934
9461,2025-11-26 15:29:00.000,REMOTE,2,Service was quite slow today.,1201,46936
9462,2026-02-17 14:42:45.000,REMOTE,4,Happy with my visit.,1201,46939
9463,2026-04-19 02:53:50.000,LOCAL,4,"Very good, would come again.",1201,46945
9464,2025-07-13 07:26:56.000,LOCAL,4,Great service and friendly staff.,1201,46957
9465,2025-12-13 04:12:39.000,LOCAL,5,Always a pleasure coming here.,1201,46961
9466,2026-03-17 21:14:44.000,REMOTE,1,Not what I expected at all.,1201,46963
9467,2026-01-21 09:19:31.000,LOCAL,5,"Best in the area, no doubt.",1201,46965
9468,2025-11-08 19:27:50.000,LOCAL,3,"Average experience, nothing special.",1201,46974
9469,2026-03-20 14:39:54.000,LOCAL,4,Solid experience overall.,1201,46986
9470,2026-01-25 08:04:36.000,LOCAL,2,Staff could be more attentive.,1201,46987
9471,2026-03-15 03:35:47.000,REMOTE,3,OK but not outstanding.,1201,46991
9472,2025-06-16 09:22:28.000,LOCAL,4,Happy with my visit.,1201,46994
9473,2026-04-06 16:45:56.000,LOCAL,5,Always a pleasure coming here.,1201,47001
9474,2025-07-27 18:28:02.000,REMOTE,2,Product did not meet my expectations.,1201,47011
9475,2025-06-01 10:40:47.000,LOCAL,4,"Very good, would come again.",1201,47013
9476,2025-12-07 10:40:33.000,REMOTE,4,"Very good, would come again.",1201,47017
9477,2026-03-30 03:35:24.000,LOCAL,5,Will definitely be back!,1201,47021
9478,2025-05-28 16:42:40.000,LOCAL,2,Disappointing visit.,1201,47023
9479,2025-05-28 07:33:01.000,LOCAL,5,"Best in the area, no doubt.",1201,47027
9480,2025-09-27 15:57:25.000,LOCAL,3,OK but not outstanding.,1201,47028
9481,2025-07-06 03:15:41.000,REMOTE,3,Expected a bit more to be honest.,1201,47039
9482,2026-04-26 06:54:38.000,LOCAL,5,Will definitely be back!,1201,47044
9483,2025-07-12 12:02:07.000,LOCAL,3,"Average experience, nothing special.",1201,47045
9484,2026-05-05 05:07:41.000,LOCAL,5,Always a pleasure coming here.,1201,47047
9485,2025-11-25 22:11:00.000,REMOTE,5,Excellent service! Highly recommended.,1201,47053
9486,2025-12-19 17:04:24.000,LOCAL,4,Happy with my visit.,1202,47060
9487,2026-05-07 02:24:00.000,REMOTE,3,Expected a bit more to be honest.,1202,47062
9488,2025-07-31 14:35:21.000,REMOTE,3,"Average experience, nothing special.",1202,47072
9489,2025-12-12 10:55:46.000,REMOTE,4,"Very good, would come again.",1203,47074
9490,2026-02-12 23:47:35.000,LOCAL,5,"Best in the area, no doubt.",1203,47076
9491,2026-04-23 06:59:06.000,REMOTE,4,Solid experience overall.,1203,47082
9492,2026-01-25 05:36:10.000,LOCAL,5,Always a pleasure coming here.,1202,47085
9493,2026-01-27 19:08:19.000,REMOTE,5,"Best in the area, no doubt.",1203,47095
9494,2025-05-22 13:40:32.000,REMOTE,1,Very poor service.,1202,47100
9495,2025-09-21 08:01:44.000,LOCAL,2,Staff could be more attentive.,1202,47104
9496,2025-11-28 16:28:58.000,REMOTE,4,Solid experience overall.,1203,47105
9497,2025-06-19 15:44:57.000,LOCAL,3,OK but not outstanding.,1203,47108
9498,2025-05-31 23:21:27.000,REMOTE,3,"Average experience, nothing special.",1202,47109
9499,2025-09-15 03:39:37.000,LOCAL,5,"Best in the area, no doubt.",1203,47110
9500,2025-10-17 21:14:22.000,REMOTE,5,Always a pleasure coming here.,1204,47113
9501,2026-03-05 22:07:08.000,REMOTE,4,Great service and friendly staff.,1204,47117
9502,2025-12-14 14:32:53.000,REMOTE,3,"Decent, but could improve.",1204,47126
9503,2025-12-24 02:17:26.000,LOCAL,4,Solid experience overall.,1204,47136
9504,2025-05-27 11:36:04.000,LOCAL,4,Great service and friendly staff.,1204,47141
9505,2025-12-26 11:37:00.000,LOCAL,5,Always a pleasure coming here.,1204,47147
9506,2025-06-28 06:51:37.000,REMOTE,5,"Best in the area, no doubt.",1204,47150
9507,2025-05-17 01:51:59.000,LOCAL,4,"Very good, would come again.",1205,47154
9508,2025-12-25 09:30:59.000,REMOTE,5,Excellent service! Highly recommended.,1205,47162
9509,2026-02-20 12:57:11.000,LOCAL,4,Great service and friendly staff.,1205,47164
9510,2025-09-23 04:52:12.000,LOCAL,4,Happy with my visit.,1205,47167
9511,2025-05-19 12:38:02.000,LOCAL,5,Excellent service! Highly recommended.,1205,47168
9512,2026-04-18 23:46:34.000,REMOTE,4,Happy with my visit.,1205,47173
9513,2025-10-19 05:17:32.000,REMOTE,3,OK but not outstanding.,1205,47180
9514,2026-04-28 13:15:20.000,REMOTE,5,"Best in the area, no doubt.",1205,47193
9515,2025-10-22 15:00:36.000,REMOTE,3,"Average experience, nothing special.",1205,47196
9516,2026-02-06 19:26:50.000,REMOTE,5,Always a pleasure coming here.,1205,47203
9517,2025-10-31 22:31:04.000,REMOTE,5,Always a pleasure coming here.,1206,47206
9518,2025-11-16 05:09:00.000,LOCAL,2,Disappointing visit.,1207,47210
9519,2026-04-10 20:56:33.000,REMOTE,3,Expected a bit more to be honest.,1207,47211
9520,2025-08-24 14:37:58.000,REMOTE,2,Disappointing visit.,1206,47212
9521,2025-08-05 01:32:08.000,REMOTE,1,Will not return.,1207,47216
9522,2025-10-28 08:07:41.000,REMOTE,4,Solid experience overall.,1206,47222
9523,2025-06-07 04:16:59.000,LOCAL,5,Always a pleasure coming here.,1207,47228
9524,2025-08-04 17:12:27.000,REMOTE,4,Great service and friendly staff.,1207,47234
9525,2025-06-10 09:30:14.000,LOCAL,1,Will not return.,1206,47245
9526,2026-04-17 01:37:41.000,LOCAL,4,"Very good, would come again.",1207,47246
9527,2026-02-22 06:53:26.000,REMOTE,4,Great service and friendly staff.,1207,47247
9528,2025-12-01 03:31:47.000,LOCAL,3,"Decent, but could improve.",1206,47249
9529,2026-01-31 15:05:37.000,LOCAL,4,Happy with my visit.,1206,47251
9530,2025-12-02 06:11:31.000,REMOTE,1,Very poor service.,1206,47252
9531,2025-09-21 12:07:19.000,LOCAL,5,Always a pleasure coming here.,1206,47258
9532,2025-07-20 19:05:43.000,REMOTE,5,Excellent service! Highly recommended.,1206,47259
9533,2025-09-11 02:08:05.000,REMOTE,2,Service was quite slow today.,1207,47267
9534,2026-02-12 12:56:28.000,REMOTE,3,"Decent, but could improve.",1206,47269
9535,2026-02-02 22:09:51.000,REMOTE,4,Solid experience overall.,1207,47276
9536,2025-10-07 02:58:44.000,REMOTE,4,Happy with my visit.,1206,47281
9537,2025-07-20 20:33:32.000,REMOTE,3,OK but not outstanding.,1207,47282
9538,2026-05-06 01:47:30.000,REMOTE,3,OK but not outstanding.,1206,47288
9539,2025-09-01 05:11:22.000,LOCAL,5,Always a pleasure coming here.,1207,47303
9540,2025-07-10 16:59:56.000,LOCAL,3,OK but not outstanding.,1208,47306
9541,2025-09-18 08:03:20.000,LOCAL,4,"Very good, would come again.",1208,47307
9542,2026-01-16 01:42:15.000,LOCAL,5,"Best in the area, no doubt.",1208,47308
9543,2025-06-04 22:41:44.000,LOCAL,4,Great service and friendly staff.,1208,47325
9544,2026-02-18 08:59:43.000,LOCAL,2,Disappointing visit.,1208,47342
9545,2025-08-17 13:42:56.000,REMOTE,1,Completely disappointed.,1215,47345
9546,2025-10-30 02:09:06.000,REMOTE,3,"Decent, but could improve.",1213,47349
9547,2026-03-28 22:47:10.000,LOCAL,4,Solid experience overall.,1210,47351
9548,2025-10-06 14:21:16.000,LOCAL,3,"Decent, but could improve.",1212,47352
9549,2025-08-19 08:45:04.000,LOCAL,4,Solid experience overall.,1209,47368
9550,2026-04-08 05:03:12.000,REMOTE,5,Always a pleasure coming here.,1210,47373
9551,2026-01-12 11:34:08.000,REMOTE,5,Excellent service! Highly recommended.,1211,47376
9552,2025-05-17 16:00:48.000,LOCAL,4,"Very good, would come again.",1212,47392
9553,2025-09-30 23:50:27.000,LOCAL,5,Excellent service! Highly recommended.,1209,47403
9554,2026-01-12 11:56:15.000,REMOTE,2,Staff could be more attentive.,1215,47404
9555,2025-08-18 00:14:04.000,LOCAL,5,Will definitely be back!,1212,47415
9556,2025-11-08 16:30:43.000,LOCAL,5,"Best in the area, no doubt.",1212,47417
9557,2026-04-17 18:20:11.000,LOCAL,3,OK but not outstanding.,1214,47419
9558,2025-12-07 00:46:21.000,REMOTE,3,Expected a bit more to be honest.,1214,47435
9559,2025-09-09 10:21:44.000,REMOTE,4,Great service and friendly staff.,1210,47436
9560,2026-04-08 06:06:35.000,LOCAL,5,Always a pleasure coming here.,1211,47440
9561,2025-06-07 03:07:26.000,LOCAL,2,Staff could be more attentive.,1214,47443
9562,2025-09-09 09:07:47.000,LOCAL,4,Great service and friendly staff.,1210,47453
9563,2025-07-13 15:59:20.000,REMOTE,4,"Very good, would come again.",1217,47459
9564,2026-04-27 09:02:27.000,REMOTE,5,Will definitely be back!,1217,47467
9565,2026-01-13 18:42:54.000,REMOTE,4,Solid experience overall.,1217,47470
9566,2026-04-06 18:39:10.000,LOCAL,5,Will definitely be back!,1217,47472
9567,2026-02-06 14:25:33.000,REMOTE,4,Solid experience overall.,1217,47474
9568,2025-10-31 04:53:01.000,LOCAL,5,Excellent service! Highly recommended.,1217,47478
9569,2026-04-10 20:03:43.000,REMOTE,3,Expected a bit more to be honest.,1217,47480
9570,2025-06-18 10:51:16.000,LOCAL,4,"Very good, would come again.",1217,47490
9571,2026-04-07 02:07:45.000,LOCAL,3,"Average experience, nothing special.",1217,47498
9572,2025-08-11 04:19:43.000,REMOTE,4,Happy with my visit.,1217,47499
9573,2026-01-06 21:08:04.000,REMOTE,4,Happy with my visit.,1217,47503
9574,2026-03-30 04:00:28.000,REMOTE,4,Happy with my visit.,1217,47510
9575,2026-04-21 10:02:47.000,REMOTE,1,Will not return.,1217,47513
9576,2025-07-16 17:39:22.000,REMOTE,4,"Very good, would come again.",1217,47520
9577,2025-07-18 10:12:02.000,LOCAL,2,Staff could be more attentive.,1217,47521
9578,2025-09-30 00:28:07.000,REMOTE,4,Great service and friendly staff.,1217,47532
9579,2025-07-10 11:13:33.000,REMOTE,5,Always a pleasure coming here.,1217,47533
9580,2026-02-26 05:23:26.000,LOCAL,2,Product did not meet my expectations.,1217,47536
9581,2025-10-24 03:13:25.000,LOCAL,3,Expected a bit more to be honest.,1217,47550
9582,2025-11-27 00:21:46.000,REMOTE,3,OK but not outstanding.,1217,47551
9583,2026-03-06 21:09:31.000,REMOTE,4,Great service and friendly staff.,1217,47553
9584,2026-03-31 19:55:45.000,LOCAL,3,OK but not outstanding.,1217,47564
9585,2025-05-29 07:55:50.000,LOCAL,3,Expected a bit more to be honest.,1218,47571
9586,2025-11-18 16:47:40.000,LOCAL,4,Solid experience overall.,1221,47589
9587,2025-09-22 01:30:27.000,LOCAL,2,Service was quite slow today.,1219,47590
9588,2025-10-12 00:31:03.000,REMOTE,4,Happy with my visit.,1218,47593
9589,2026-03-28 07:38:55.000,LOCAL,4,Happy with my visit.,1220,47600
9590,2025-06-05 19:22:54.000,REMOTE,2,Service was quite slow today.,1220,47602
9591,2025-10-22 19:05:54.000,LOCAL,4,Happy with my visit.,1220,47603
9592,2026-01-12 17:29:25.000,REMOTE,4,"Very good, would come again.",1220,47604
9593,2026-03-17 20:12:27.000,LOCAL,5,Will definitely be back!,1219,47605
9594,2025-06-09 15:51:27.000,LOCAL,5,Always a pleasure coming here.,1220,47606
9595,2025-05-11 23:11:21.000,LOCAL,4,Happy with my visit.,1219,47611
9596,2026-03-05 12:17:33.000,LOCAL,2,Disappointing visit.,1218,47615
9597,2025-08-07 11:51:14.000,LOCAL,3,Expected a bit more to be honest.,1218,47616
9598,2025-09-02 02:38:33.000,REMOTE,4,Happy with my visit.,1219,47620
9599,2026-01-07 17:53:25.000,REMOTE,5,Excellent service! Highly recommended.,1219,47622
9600,2026-05-01 23:57:56.000,LOCAL,2,Disappointing visit.,1219,47627
9601,2026-03-03 10:05:00.000,REMOTE,3,"Average experience, nothing special.",1220,47630
9602,2026-01-19 15:30:25.000,REMOTE,4,Great service and friendly staff.,1220,47631
9603,2026-03-03 00:23:10.000,REMOTE,5,"Best in the area, no doubt.",1218,47632
9604,2026-02-19 02:57:43.000,LOCAL,5,Always a pleasure coming here.,1221,47636
9605,2026-01-31 07:03:11.000,REMOTE,5,Always a pleasure coming here.,1219,47639
9606,2025-10-31 04:13:26.000,REMOTE,5,Excellent service! Highly recommended.,1220,47642
9607,2026-04-08 06:39:20.000,LOCAL,2,Disappointing visit.,1219,47652
9608,2025-05-13 17:08:13.000,LOCAL,5,Will definitely be back!,1218,47660
9609,2025-09-21 22:17:57.000,LOCAL,3,OK but not outstanding.,1220,47662
9610,2026-01-12 02:23:05.000,REMOTE,4,Solid experience overall.,1220,47668
9611,2025-09-28 14:53:21.000,LOCAL,3,OK but not outstanding.,1221,47675
9612,2026-01-13 11:36:47.000,REMOTE,4,Great service and friendly staff.,1218,47677
9613,2026-04-25 03:18:13.000,REMOTE,4,Solid experience overall.,1221,47678
9614,2026-01-02 05:37:54.000,REMOTE,5,Will definitely be back!,1220,47679
9615,2026-03-29 06:16:22.000,LOCAL,3,"Average experience, nothing special.",1219,47680
9616,2026-03-27 12:53:01.000,LOCAL,3,"Decent, but could improve.",1218,47692
9617,2026-03-25 15:41:22.000,LOCAL,4,"Very good, would come again.",1218,47697
9618,2025-12-26 12:00:18.000,REMOTE,5,"Best in the area, no doubt.",1219,47698
9619,2025-10-18 16:56:39.000,LOCAL,1,Not what I expected at all.,1219,47701
9620,2025-06-16 23:17:11.000,LOCAL,5,Will definitely be back!,1218,47708
9621,2025-07-19 05:06:27.000,REMOTE,4,"Very good, would come again.",1221,47709
9622,2025-11-20 07:07:25.000,LOCAL,5,Excellent service! Highly recommended.,1219,47710
9623,2026-02-05 09:41:55.000,REMOTE,4,"Very good, would come again.",1219,47713
9624,2025-10-03 17:41:03.000,LOCAL,5,Always a pleasure coming here.,1220,47724
9625,2025-11-25 14:05:26.000,LOCAL,3,Expected a bit more to be honest.,1219,47725
9626,2026-02-07 18:26:50.000,REMOTE,4,Solid experience overall.,1220,47727
9627,2025-06-30 12:15:30.000,REMOTE,5,Will definitely be back!,1218,47728
9628,2025-11-17 10:22:25.000,REMOTE,1,Not what I expected at all.,1218,47734
9629,2025-06-01 08:38:58.000,LOCAL,2,Staff could be more attentive.,1219,47736
9630,2025-10-05 11:32:57.000,REMOTE,2,Disappointing visit.,1220,47741
9631,2025-06-11 21:51:27.000,REMOTE,3,"Decent, but could improve.",1220,47747
9632,2026-03-28 13:09:47.000,REMOTE,5,Excellent service! Highly recommended.,1220,47762
9633,2025-11-27 13:46:38.000,REMOTE,5,Excellent service! Highly recommended.,1219,47767
9634,2025-06-19 02:00:12.000,LOCAL,4,"Very good, would come again.",1220,47777
9635,2025-11-12 02:03:42.000,LOCAL,5,Excellent service! Highly recommended.,1218,47779
9636,2026-04-10 15:28:34.000,LOCAL,2,Disappointing visit.,1221,47793
9637,2025-10-27 01:51:19.000,LOCAL,4,Solid experience overall.,1219,47798
9638,2025-10-26 07:03:25.000,LOCAL,5,Will definitely be back!,1221,47799
9639,2026-01-20 00:37:42.000,LOCAL,5,Always a pleasure coming here.,1220,47801
9640,2025-10-25 21:57:48.000,LOCAL,5,"Best in the area, no doubt.",1221,47802
9641,2026-03-30 02:18:02.000,LOCAL,5,Excellent service! Highly recommended.,1221,47803
9642,2025-10-03 01:40:32.000,LOCAL,4,Great service and friendly staff.,1219,47809
9643,2025-11-06 01:24:18.000,LOCAL,5,Excellent service! Highly recommended.,1218,47810
9644,2025-06-26 14:29:47.000,REMOTE,4,"Very good, would come again.",1219,47815
9645,2026-02-19 09:17:49.000,REMOTE,5,Excellent service! Highly recommended.,1218,47817
9646,2025-07-21 17:12:28.000,LOCAL,5,Will definitely be back!,1221,47821
9647,2025-07-07 16:02:34.000,LOCAL,3,OK but not outstanding.,1219,47835
9648,2026-02-19 02:25:35.000,REMOTE,5,Will definitely be back!,1218,47844
9649,2025-07-02 13:00:43.000,REMOTE,3,OK but not outstanding.,1220,47850
9650,2025-11-30 08:49:50.000,LOCAL,2,Disappointing visit.,1221,47853
9651,2026-01-08 11:14:37.000,REMOTE,1,Not what I expected at all.,1221,47856
9652,2025-07-14 22:31:39.000,LOCAL,4,Great service and friendly staff.,1220,47858
9653,2025-10-20 06:46:05.000,LOCAL,4,Great service and friendly staff.,1219,47861
9654,2026-01-30 04:43:56.000,REMOTE,2,Service was quite slow today.,1219,47864
9655,2026-03-24 10:22:34.000,REMOTE,5,Will definitely be back!,1218,47867
9656,2025-10-17 10:41:20.000,REMOTE,5,"Best in the area, no doubt.",1222,47868
9657,2025-08-10 20:46:10.000,REMOTE,3,"Average experience, nothing special.",1223,47881
9658,2026-03-04 04:59:32.000,REMOTE,4,Solid experience overall.,1222,47895
9659,2025-06-07 01:59:28.000,REMOTE,4,Great service and friendly staff.,1223,47899
9660,2026-01-16 06:42:09.000,LOCAL,4,Solid experience overall.,1222,47908
9661,2026-03-31 09:50:38.000,LOCAL,4,Solid experience overall.,1223,47915
9662,2026-04-09 15:56:11.000,REMOTE,5,Excellent service! Highly recommended.,1223,47920
9663,2026-01-22 05:55:25.000,LOCAL,4,Solid experience overall.,1222,47921
9664,2025-07-16 14:27:57.000,REMOTE,2,Disappointing visit.,1223,47924
9665,2025-06-09 03:38:12.000,LOCAL,2,Staff could be more attentive.,1223,47925
9666,2025-12-07 22:37:14.000,REMOTE,3,OK but not outstanding.,1223,47928
9667,2025-12-30 14:59:32.000,REMOTE,5,Excellent service! Highly recommended.,1222,47930
9668,2026-03-01 17:04:58.000,REMOTE,3,"Average experience, nothing special.",1223,47934
9669,2026-04-13 21:40:02.000,LOCAL,3,"Average experience, nothing special.",1223,47937
9670,2025-09-11 08:16:02.000,LOCAL,5,Will definitely be back!,1222,47941
9671,2026-01-22 23:21:05.000,REMOTE,5,Excellent service! Highly recommended.,1223,47952
9672,2026-04-29 03:28:33.000,LOCAL,2,Service was quite slow today.,1223,47955
9673,2025-12-01 11:25:45.000,LOCAL,5,"Best in the area, no doubt.",1223,47958
9674,2025-06-03 22:37:12.000,LOCAL,1,Will not return.,1222,47966
9675,2025-08-06 02:12:47.000,REMOTE,2,Product did not meet my expectations.,1223,47971
9676,2025-10-13 07:15:50.000,LOCAL,4,Great service and friendly staff.,1222,47975
9677,2025-07-18 05:08:24.000,LOCAL,1,Will not return.,1223,47976
9678,2025-06-14 22:57:00.000,REMOTE,3,"Decent, but could improve.",1224,47989
9679,2026-02-09 23:33:30.000,LOCAL,5,"Best in the area, no doubt.",1224,48005
9680,2025-10-05 05:35:22.000,REMOTE,5,Excellent service! Highly recommended.,1224,48021
9681,2026-01-13 16:38:47.000,REMOTE,3,"Average experience, nothing special.",1225,48028
9682,2025-10-19 18:18:31.000,REMOTE,5,Excellent service! Highly recommended.,1225,48044
9683,2025-12-30 09:47:31.000,LOCAL,5,Excellent service! Highly recommended.,1225,48046
9684,2026-04-08 07:05:06.000,LOCAL,3,OK but not outstanding.,1225,48059
9685,2025-09-15 12:21:39.000,REMOTE,4,Solid experience overall.,1225,48060
9686,2025-11-24 11:03:52.000,LOCAL,5,"Best in the area, no doubt.",1225,48062
9687,2025-12-07 08:40:03.000,REMOTE,5,Excellent service! Highly recommended.,1224,48065
9688,2025-10-05 03:32:11.000,LOCAL,5,Always a pleasure coming here.,1224,48067
9689,2025-07-22 13:03:10.000,REMOTE,2,Staff could be more attentive.,1224,48070
9690,2025-12-14 04:43:36.000,LOCAL,1,Very poor service.,1225,48078
9691,2026-03-16 14:10:11.000,REMOTE,4,Happy with my visit.,1224,48083
9692,2026-05-05 15:33:35.000,LOCAL,1,Will not return.,1225,48092
9693,2025-12-24 16:11:38.000,REMOTE,3,OK but not outstanding.,1225,48093
9694,2026-05-06 19:16:56.000,REMOTE,5,Excellent service! Highly recommended.,1224,48094
9695,2026-01-27 15:25:16.000,REMOTE,1,Will not return.,1224,48095
9696,2025-09-01 06:03:35.000,LOCAL,5,Will definitely be back!,1225,48096
9697,2025-11-22 06:19:52.000,REMOTE,5,"Best in the area, no doubt.",1225,48097
9698,2025-09-02 06:26:06.000,REMOTE,3,"Average experience, nothing special.",1224,48109
9699,2025-07-19 10:03:12.000,REMOTE,4,Happy with my visit.,1224,48111
9700,2025-08-21 21:05:18.000,REMOTE,1,Will not return.,1224,48112
9701,2025-08-30 08:24:43.000,LOCAL,3,OK but not outstanding.,1225,48118
9702,2025-10-31 21:31:47.000,LOCAL,5,"Best in the area, no doubt.",1224,48132
9703,2025-12-26 00:41:20.000,LOCAL,4,Great service and friendly staff.,1225,48134
9704,2025-10-04 03:30:18.000,REMOTE,4,Great service and friendly staff.,1225,48136
9705,2026-01-31 13:10:25.000,LOCAL,4,"Very good, would come again.",1224,48142
9706,2025-10-22 23:47:12.000,LOCAL,4,"Very good, would come again.",1225,48148
9707,2026-04-10 13:32:46.000,LOCAL,3,OK but not outstanding.,1224,48150
9708,2025-08-16 10:35:07.000,REMOTE,1,Very poor service.,1224,48154
9709,2026-03-24 05:19:48.000,REMOTE,4,"Very good, would come again.",1225,48161
9710,2025-10-12 04:17:49.000,LOCAL,5,Will definitely be back!,1224,48163
9711,2026-02-12 09:42:58.000,REMOTE,5,Always a pleasure coming here.,1224,48169
9712,2026-04-29 22:14:01.000,REMOTE,4,"Very good, would come again.",1225,48170
9713,2025-12-19 02:07:21.000,REMOTE,5,Will definitely be back!,1225,48185
9714,2025-05-18 16:54:21.000,REMOTE,4,Solid experience overall.,1225,48187
9715,2026-03-08 19:20:29.000,REMOTE,5,"Best in the area, no doubt.",1224,48188
9716,2025-10-19 19:17:16.000,REMOTE,4,"Very good, would come again.",1224,48192
9717,2026-04-03 15:04:31.000,LOCAL,1,Will not return.,1224,48195
9718,2025-12-13 11:20:07.000,REMOTE,4,Great service and friendly staff.,1224,48197
9719,2026-02-23 18:32:58.000,LOCAL,4,Happy with my visit.,1224,48209
9720,2025-08-02 20:50:27.000,LOCAL,3,Expected a bit more to be honest.,1225,48211
9721,2026-01-18 19:33:58.000,REMOTE,3,OK but not outstanding.,1225,48215
9722,2026-05-01 22:17:05.000,REMOTE,4,Great service and friendly staff.,1224,48222
9723,2025-08-24 05:36:28.000,LOCAL,4,"Very good, would come again.",1225,48224
9724,2025-08-08 10:26:53.000,REMOTE,3,Expected a bit more to be honest.,1225,48226
9725,2026-04-06 08:47:06.000,LOCAL,4,"Very good, would come again.",1225,48231
9726,2026-03-30 22:48:43.000,LOCAL,4,Solid experience overall.,1224,48233
9727,2025-12-20 10:57:24.000,REMOTE,4,Solid experience overall.,1225,48235
9728,2025-05-26 08:01:00.000,LOCAL,4,Great service and friendly staff.,1224,48238
9729,2025-12-10 04:08:46.000,REMOTE,1,Not what I expected at all.,1225,48246
9730,2025-06-11 15:06:07.000,LOCAL,1,Completely disappointed.,1224,48247
9731,2025-09-11 17:44:59.000,REMOTE,3,Expected a bit more to be honest.,1224,48248
9732,2026-02-13 21:54:23.000,LOCAL,3,Expected a bit more to be honest.,1224,48250
9733,2025-10-17 04:09:24.000,LOCAL,3,"Decent, but could improve.",1224,48259
9734,2025-09-20 21:52:42.000,REMOTE,2,Product did not meet my expectations.,1225,48263
9735,2026-04-02 12:00:41.000,REMOTE,5,Excellent service! Highly recommended.,1225,48267
9736,2025-12-07 22:18:11.000,LOCAL,4,Solid experience overall.,1225,48272
9737,2026-02-05 03:12:28.000,LOCAL,5,"Best in the area, no doubt.",1225,48287
9738,2025-05-25 00:10:18.000,LOCAL,4,Happy with my visit.,1224,48292
9739,2025-06-18 05:48:01.000,LOCAL,5,Always a pleasure coming here.,1225,48293
9740,2025-07-26 00:51:52.000,LOCAL,3,"Decent, but could improve.",1224,48295
9741,2025-09-26 06:53:53.000,REMOTE,5,Excellent service! Highly recommended.,1224,48308
9742,2025-11-19 18:47:59.000,LOCAL,5,Will definitely be back!,1225,48318
9743,2026-02-25 01:38:04.000,LOCAL,3,"Decent, but could improve.",1224,48322
9744,2025-08-17 00:21:53.000,LOCAL,5,Always a pleasure coming here.,1224,48323
9745,2025-07-20 12:33:42.000,REMOTE,4,Solid experience overall.,1227,48331
9746,2025-10-25 19:59:54.000,REMOTE,4,Great service and friendly staff.,1227,48338
9747,2026-04-27 23:54:11.000,LOCAL,2,Disappointing visit.,1226,48343
9748,2025-11-20 09:29:05.000,REMOTE,4,Great service and friendly staff.,1226,48348
9749,2025-10-26 06:05:15.000,LOCAL,4,"Very good, would come again.",1227,48358
9750,2025-08-10 08:32:09.000,LOCAL,1,Very poor service.,1227,48363
9751,2026-01-02 02:40:46.000,LOCAL,3,Expected a bit more to be honest.,1227,48364
9752,2025-10-17 22:32:43.000,LOCAL,5,Will definitely be back!,1227,48372
9753,2026-03-26 22:59:29.000,REMOTE,5,"Best in the area, no doubt.",1227,48375
9754,2025-05-28 07:40:43.000,LOCAL,3,OK but not outstanding.,1227,48378
9755,2026-02-10 04:47:44.000,REMOTE,5,Always a pleasure coming here.,1228,48387
9756,2025-06-17 09:39:49.000,LOCAL,3,"Average experience, nothing special.",1228,48392
9757,2026-03-25 12:43:09.000,LOCAL,5,"Best in the area, no doubt.",1228,48393
9758,2025-09-17 16:30:27.000,REMOTE,5,Will definitely be back!,1228,48395
9759,2025-05-18 16:32:50.000,REMOTE,5,Excellent service! Highly recommended.,1228,48399
9760,2026-03-30 23:58:04.000,REMOTE,3,Expected a bit more to be honest.,1228,48405
9761,2025-11-03 04:23:12.000,LOCAL,4,Great service and friendly staff.,1229,48413
9762,2025-06-13 12:05:46.000,LOCAL,4,Solid experience overall.,1229,48417
9763,2025-08-09 15:01:50.000,LOCAL,5,"Best in the area, no doubt.",1229,48422
9764,2025-06-21 11:20:24.000,LOCAL,4,Solid experience overall.,1229,48427
9765,2025-07-25 04:03:34.000,LOCAL,3,"Decent, but could improve.",1229,48429
9766,2026-03-03 01:49:15.000,LOCAL,5,Excellent service! Highly recommended.,1229,48432
9767,2025-09-27 16:13:08.000,REMOTE,3,Expected a bit more to be honest.,1229,48433
9768,2025-05-16 17:02:23.000,LOCAL,4,"Very good, would come again.",1229,48435
9769,2025-11-14 01:30:31.000,REMOTE,2,Disappointing visit.,1229,48440
9770,2025-07-21 06:10:42.000,REMOTE,5,Always a pleasure coming here.,1229,48451
9771,2026-04-30 22:16:09.000,REMOTE,5,"Best in the area, no doubt.",1229,48453
9772,2025-09-21 22:58:03.000,REMOTE,5,Will definitely be back!,1229,48460
9773,2026-04-05 21:03:49.000,REMOTE,2,Product did not meet my expectations.,1229,48462
9774,2025-05-28 00:58:07.000,REMOTE,5,Always a pleasure coming here.,1229,48464
9775,2026-01-06 20:28:07.000,LOCAL,2,Staff could be more attentive.,1230,48467
9776,2026-02-21 01:25:13.000,LOCAL,2,Staff could be more attentive.,1230,48468
9777,2025-08-13 02:04:21.000,REMOTE,2,Product did not meet my expectations.,1230,48469
9778,2025-12-17 04:13:15.000,LOCAL,3,Expected a bit more to be honest.,1230,48470
9779,2025-08-12 10:11:31.000,LOCAL,1,Completely disappointed.,1230,48474
9780,2025-09-15 13:20:30.000,LOCAL,4,Solid experience overall.,1230,48483
9781,2026-01-28 18:16:28.000,REMOTE,4,Solid experience overall.,1230,48484
9782,2025-08-06 01:07:24.000,REMOTE,5,Always a pleasure coming here.,1230,48489
9783,2026-04-03 00:33:32.000,REMOTE,4,"Very good, would come again.",1230,48493
9784,2025-07-22 09:41:04.000,LOCAL,4,Happy with my visit.,1230,48496
9785,2025-08-24 19:13:27.000,LOCAL,4,"Very good, would come again.",1230,48501
9786,2025-07-24 04:44:09.000,LOCAL,3,"Average experience, nothing special.",1230,48505
9787,2025-08-09 12:26:00.000,LOCAL,5,Excellent service! Highly recommended.,1230,48516
9788,2026-03-31 19:50:01.000,REMOTE,2,Staff could be more attentive.,1230,48518
9789,2025-10-18 17:31:09.000,REMOTE,3,"Average experience, nothing special.",1230,48519
9790,2025-07-04 14:29:29.000,REMOTE,4,Great service and friendly staff.,1230,48522
9791,2025-09-03 11:54:34.000,LOCAL,5,Always a pleasure coming here.,1232,48529
9792,2025-10-14 07:22:44.000,REMOTE,1,Not what I expected at all.,1231,48542
9793,2025-07-13 13:26:10.000,LOCAL,3,"Average experience, nothing special.",1231,48546
9794,2025-05-24 22:04:02.000,LOCAL,5,Excellent service! Highly recommended.,1232,48547
9795,2025-12-30 02:47:42.000,REMOTE,4,Happy with my visit.,1231,48548
9796,2026-02-21 13:21:27.000,LOCAL,1,Not what I expected at all.,1232,48554
9797,2026-03-27 03:58:27.000,LOCAL,5,Excellent service! Highly recommended.,1231,48560
9798,2026-01-17 14:35:31.000,LOCAL,5,Excellent service! Highly recommended.,1231,48566
9799,2026-04-17 20:03:22.000,REMOTE,3,Expected a bit more to be honest.,1232,48575
9800,2025-05-30 16:09:28.000,REMOTE,4,Great service and friendly staff.,1232,48577
9801,2025-05-31 16:41:52.000,LOCAL,1,Will not return.,1231,48583
9802,2026-02-26 12:29:22.000,LOCAL,5,Always a pleasure coming here.,1231,48585
9803,2025-10-27 03:16:16.000,LOCAL,3,"Decent, but could improve.",1231,48586
9804,2025-09-11 14:32:58.000,REMOTE,2,Staff could be more attentive.,1231,48589
9805,2025-05-18 03:24:46.000,REMOTE,3,"Average experience, nothing special.",1231,48591
9806,2025-05-12 19:10:14.000,REMOTE,2,Staff could be more attentive.,1231,48594
9807,2025-07-09 21:50:25.000,REMOTE,2,Service was quite slow today.,1231,48598
9808,2025-10-26 14:35:50.000,REMOTE,4,"Very good, would come again.",1232,48607
9809,2026-04-28 06:55:26.000,LOCAL,5,"Best in the area, no doubt.",1231,48608
9810,2026-01-09 12:31:59.000,LOCAL,1,Very poor service.,1231,48612
9811,2025-08-19 11:49:52.000,REMOTE,2,Staff could be more attentive.,1231,48625
9812,2025-08-29 16:23:59.000,LOCAL,5,Always a pleasure coming here.,1231,48629
9813,2025-06-24 06:38:56.000,LOCAL,4,Happy with my visit.,1231,48633
9814,2025-12-07 14:51:38.000,LOCAL,5,Excellent service! Highly recommended.,1233,48643
9815,2026-02-23 16:45:40.000,REMOTE,1,Not what I expected at all.,1234,48644
9816,2026-01-06 06:51:15.000,LOCAL,5,Will definitely be back!,1234,48650
9817,2025-08-31 12:24:05.000,REMOTE,4,Happy with my visit.,1234,48661
9818,2026-04-06 14:50:54.000,REMOTE,5,Always a pleasure coming here.,1234,48676
9819,2025-11-27 01:40:53.000,LOCAL,1,Completely disappointed.,1235,48678
9820,2025-10-11 05:36:28.000,REMOTE,5,Will definitely be back!,1233,48682
9821,2026-02-16 12:35:36.000,LOCAL,4,Great service and friendly staff.,1235,48683
9822,2025-11-12 05:32:40.000,REMOTE,5,Will definitely be back!,1233,48687
9823,2025-08-30 04:33:19.000,LOCAL,4,"Very good, would come again.",1235,48702
9824,2026-01-08 19:51:22.000,LOCAL,2,Product did not meet my expectations.,1233,48708
9825,2025-05-11 21:16:22.000,LOCAL,4,Great service and friendly staff.,1234,48709
9826,2025-06-05 00:50:36.000,REMOTE,3,Expected a bit more to be honest.,1233,48711
9827,2026-04-26 05:07:52.000,LOCAL,5,Will definitely be back!,1236,48735
9828,2025-12-31 05:18:48.000,REMOTE,5,Excellent service! Highly recommended.,1236,48736
9829,2026-04-19 01:20:17.000,REMOTE,5,Will definitely be back!,1236,48737
9830,2025-11-11 04:43:06.000,LOCAL,5,Always a pleasure coming here.,1236,48738
9831,2025-12-28 12:45:17.000,REMOTE,5,"Best in the area, no doubt.",1236,48744
9832,2025-12-06 19:16:31.000,REMOTE,2,Service was quite slow today.,1236,48748
9833,2026-03-07 21:38:33.000,REMOTE,3,Expected a bit more to be honest.,1236,48749
9834,2025-10-18 06:06:03.000,REMOTE,5,Will definitely be back!,1236,48751
9835,2026-01-06 23:18:08.000,LOCAL,3,"Average experience, nothing special.",1236,48754
9836,2025-11-13 20:30:34.000,REMOTE,5,Excellent service! Highly recommended.,1236,48755
9837,2026-02-09 07:55:14.000,LOCAL,4,Solid experience overall.,1236,48757
9838,2025-07-27 12:04:45.000,LOCAL,3,"Average experience, nothing special.",1236,48778
9839,2026-02-28 18:11:57.000,REMOTE,2,Staff could be more attentive.,1237,48787
9840,2026-01-06 16:09:47.000,REMOTE,4,Great service and friendly staff.,1237,48795
9841,2025-08-22 21:31:08.000,REMOTE,5,Excellent service! Highly recommended.,1237,48797
9842,2025-05-19 02:24:53.000,REMOTE,5,Will definitely be back!,1238,48803
9843,2025-12-27 07:35:44.000,LOCAL,4,Solid experience overall.,1237,48804
9844,2025-12-04 07:55:22.000,LOCAL,4,Solid experience overall.,1238,48806
9845,2025-09-15 09:35:19.000,REMOTE,5,Excellent service! Highly recommended.,1238,48812
9846,2026-03-08 14:13:50.000,LOCAL,4,"Very good, would come again.",1237,48814
9847,2026-02-16 10:12:31.000,REMOTE,4,"Very good, would come again.",1237,48816
9848,2025-08-19 11:19:41.000,REMOTE,3,Expected a bit more to be honest.,1238,48817
9849,2025-12-08 07:41:04.000,REMOTE,5,Excellent service! Highly recommended.,1238,48822
9850,2026-05-06 03:32:46.000,REMOTE,2,Disappointing visit.,1238,48823
9851,2026-02-20 11:29:15.000,LOCAL,4,"Very good, would come again.",1237,48829
9852,2025-12-01 19:39:16.000,LOCAL,2,Product did not meet my expectations.,1238,48839
9853,2026-02-09 21:02:26.000,LOCAL,2,Product did not meet my expectations.,1239,48851
9854,2025-07-17 04:16:31.000,LOCAL,5,Always a pleasure coming here.,1239,48857
9855,2025-08-01 21:31:41.000,LOCAL,4,Happy with my visit.,1239,48875
9856,2025-12-14 09:45:21.000,REMOTE,4,Great service and friendly staff.,1240,48881
9857,2025-07-14 10:33:24.000,LOCAL,3,"Average experience, nothing special.",1240,48886
9858,2025-10-24 16:34:36.000,LOCAL,5,Excellent service! Highly recommended.,1240,48900
9859,2025-12-02 15:35:31.000,LOCAL,3,OK but not outstanding.,1240,48904
9860,2025-10-30 08:50:19.000,REMOTE,2,Service was quite slow today.,1240,48906
9861,2025-12-29 08:24:22.000,REMOTE,5,Will definitely be back!,1240,48913
9862,2026-03-04 22:25:47.000,REMOTE,4,"Very good, would come again.",1240,48923
9863,2025-07-06 11:59:26.000,LOCAL,4,Great service and friendly staff.,1240,48925
9864,2025-08-11 17:07:46.000,REMOTE,5,Excellent service! Highly recommended.,1240,48926
9865,2026-04-04 05:58:45.000,REMOTE,5,Will definitely be back!,1240,48928
9866,2025-06-24 15:40:31.000,REMOTE,3,"Average experience, nothing special.",1240,48931
9867,2025-12-10 16:51:47.000,REMOTE,4,"Very good, would come again.",1240,48933
9868,2025-05-18 00:30:18.000,LOCAL,5,"Best in the area, no doubt.",1240,48935
9869,2025-12-03 17:09:37.000,LOCAL,3,OK but not outstanding.,1240,48952
9870,2026-01-27 10:03:11.000,REMOTE,3,Expected a bit more to be honest.,1240,48953
9871,2026-04-21 19:35:39.000,LOCAL,1,Will not return.,1240,48959
9872,2025-08-19 07:42:46.000,REMOTE,5,"Best in the area, no doubt.",1244,48967
9873,2025-11-25 02:14:48.000,REMOTE,5,Excellent service! Highly recommended.,1244,48969
9874,2026-04-28 04:55:06.000,LOCAL,4,Solid experience overall.,1244,48970
9875,2026-02-21 21:21:52.000,LOCAL,5,"Best in the area, no doubt.",1241,48971
9876,2026-04-21 13:18:39.000,REMOTE,4,"Very good, would come again.",1242,48974
9877,2025-08-11 18:03:34.000,LOCAL,4,Solid experience overall.,1242,48979
9878,2025-11-07 17:23:23.000,REMOTE,3,OK but not outstanding.,1242,48980
9879,2026-04-20 01:34:57.000,REMOTE,5,Excellent service! Highly recommended.,1241,48984
9880,2026-01-28 05:57:27.000,LOCAL,3,"Decent, but could improve.",1242,48987
9881,2025-06-24 03:14:30.000,REMOTE,2,Disappointing visit.,1243,48989
9882,2026-03-04 20:26:21.000,REMOTE,1,Not what I expected at all.,1243,48992
9883,2025-06-29 18:25:26.000,LOCAL,2,Service was quite slow today.,1241,49001
9884,2025-10-15 15:12:35.000,REMOTE,5,"Best in the area, no doubt.",1242,49014
9885,2026-03-06 02:43:58.000,LOCAL,3,"Decent, but could improve.",1244,49016
9886,2025-11-24 07:23:58.000,REMOTE,3,Expected a bit more to be honest.,1242,49027
9887,2025-07-10 19:45:45.000,REMOTE,3,OK but not outstanding.,1241,49028
9888,2026-01-07 08:51:52.000,LOCAL,1,Completely disappointed.,1241,49031
9889,2025-11-12 12:24:59.000,LOCAL,5,Will definitely be back!,1243,49037
9890,2026-04-15 18:12:56.000,LOCAL,4,Happy with my visit.,1243,49042
9891,2026-03-29 07:51:06.000,REMOTE,5,Always a pleasure coming here.,1244,49065
9892,2026-05-08 19:38:49.000,REMOTE,4,Great service and friendly staff.,1242,49066
9893,2026-01-11 09:41:23.000,LOCAL,3,"Average experience, nothing special.",1241,49078
9894,2026-01-07 05:36:41.000,LOCAL,5,Will definitely be back!,1244,49080
9895,2025-08-20 06:08:50.000,LOCAL,4,Great service and friendly staff.,1243,49082
9896,2025-08-09 04:14:23.000,REMOTE,5,Always a pleasure coming here.,1244,49089
9897,2025-10-24 05:19:13.000,LOCAL,2,Service was quite slow today.,1243,49090
9898,2025-12-04 21:06:58.000,LOCAL,5,Will definitely be back!,1249,49099
9899,2025-11-10 18:46:17.000,REMOTE,2,Disappointing visit.,1248,49109
9900,2026-04-25 23:15:35.000,LOCAL,5,"Best in the area, no doubt.",1251,49110
9901,2026-05-01 19:14:05.000,REMOTE,3,Expected a bit more to be honest.,1250,49118
9902,2026-05-06 20:41:39.000,REMOTE,4,Happy with my visit.,1249,49119
9903,2025-12-12 20:23:12.000,REMOTE,3,"Average experience, nothing special.",1251,49121
9904,2025-08-27 00:15:14.000,REMOTE,4,Great service and friendly staff.,1247,49125
9905,2026-01-26 16:38:03.000,LOCAL,5,"Best in the area, no doubt.",1250,49133
9906,2025-08-15 04:20:07.000,REMOTE,3,"Decent, but could improve.",1252,49140
9907,2025-07-07 07:02:01.000,REMOTE,5,"Best in the area, no doubt.",1252,49143
9908,2025-10-24 02:21:08.000,REMOTE,5,Excellent service! Highly recommended.,1248,49144
9909,2025-12-01 10:34:03.000,LOCAL,5,Excellent service! Highly recommended.,1250,49159
9910,2026-04-13 12:07:31.000,LOCAL,1,Completely disappointed.,1252,49160
9911,2026-02-14 12:07:48.000,LOCAL,4,Happy with my visit.,1245,49164
9912,2025-10-15 09:28:54.000,LOCAL,4,Happy with my visit.,1248,49182
9913,2025-10-01 04:37:18.000,LOCAL,5,Excellent service! Highly recommended.,1248,49185
9914,2025-05-20 11:55:12.000,LOCAL,5,Will definitely be back!,1249,49203
9915,2025-08-09 02:54:38.000,REMOTE,4,Happy with my visit.,1248,49207
9916,2025-08-18 10:49:44.000,REMOTE,5,"Best in the area, no doubt.",1246,49214
9917,2025-12-15 06:03:01.000,LOCAL,3,Expected a bit more to be honest.,1249,49218
9918,2025-08-28 06:26:41.000,LOCAL,5,"Best in the area, no doubt.",1245,49226
9919,2026-03-01 22:54:13.000,REMOTE,1,Will not return.,1246,49239
9920,2026-03-21 16:16:13.000,LOCAL,3,"Decent, but could improve.",1245,49242
9921,2025-11-23 07:02:31.000,LOCAL,3,"Decent, but could improve.",1250,49255
9922,2025-07-01 14:09:59.000,REMOTE,3,Expected a bit more to be honest.,1250,49258
9923,2025-06-08 10:20:23.000,LOCAL,2,Staff could be more attentive.,1248,49262
9924,2025-05-19 18:04:58.000,REMOTE,1,Will not return.,1252,49279
9925,2025-11-28 05:08:43.000,REMOTE,3,"Decent, but could improve.",1248,49289
9926,2025-10-27 06:14:20.000,REMOTE,3,"Decent, but could improve.",1250,49295
9927,2025-08-30 09:31:55.000,REMOTE,2,Service was quite slow today.,1245,49296
9928,2025-10-16 03:09:58.000,REMOTE,4,Great service and friendly staff.,1246,49298
9929,2025-10-01 08:05:49.000,REMOTE,2,Product did not meet my expectations.,1251,49306
9930,2025-07-15 17:23:55.000,REMOTE,5,"Best in the area, no doubt.",1247,49325
9931,2025-08-03 16:13:04.000,REMOTE,3,OK but not outstanding.,1252,49332
9932,2025-06-13 10:57:23.000,LOCAL,2,Staff could be more attentive.,1248,49336
9933,2026-03-25 19:45:49.000,LOCAL,2,Product did not meet my expectations.,1247,49346
9934,2025-11-28 21:22:26.000,LOCAL,4,"Very good, would come again.",1252,49347
9935,2026-01-24 00:37:03.000,REMOTE,5,Always a pleasure coming here.,1251,49356
9936,2026-02-26 05:21:54.000,REMOTE,3,"Average experience, nothing special.",1249,49357
9937,2025-11-03 03:45:33.000,REMOTE,5,Will definitely be back!,1245,49362
9938,2025-08-13 21:33:25.000,REMOTE,3,OK but not outstanding.,1248,49372
9939,2025-09-22 00:32:52.000,REMOTE,5,"Best in the area, no doubt.",1247,49384
9940,2025-10-01 23:27:59.000,REMOTE,3,OK but not outstanding.,1246,49388
9941,2026-05-06 22:50:27.000,REMOTE,5,Always a pleasure coming here.,1250,49390
9942,2025-07-27 15:16:57.000,LOCAL,4,Solid experience overall.,1249,49391
9943,2025-11-16 05:42:18.000,LOCAL,3,"Decent, but could improve.",1245,49393
9944,2025-10-15 08:31:05.000,REMOTE,5,Will definitely be back!,1245,49414
9945,2025-07-06 23:14:01.000,LOCAL,5,"Best in the area, no doubt.",1251,49415
9946,2025-11-05 17:48:40.000,LOCAL,2,Product did not meet my expectations.,1250,49419
9947,2025-09-19 15:00:23.000,REMOTE,5,Excellent service! Highly recommended.,1245,49425
9948,2026-04-20 23:07:45.000,LOCAL,3,OK but not outstanding.,1247,49427
9949,2025-10-20 08:24:19.000,LOCAL,3,Expected a bit more to be honest.,1250,49446
9950,2025-11-24 06:04:10.000,LOCAL,4,Great service and friendly staff.,1250,49448
9951,2025-05-28 21:22:05.000,LOCAL,5,"Best in the area, no doubt.",1252,49460
9952,2025-06-24 18:46:49.000,REMOTE,4,Great service and friendly staff.,1247,49461
9953,2025-09-14 09:45:30.000,LOCAL,5,Excellent service! Highly recommended.,1245,49462
9954,2025-06-08 05:18:48.000,LOCAL,2,Product did not meet my expectations.,1245,49464
9955,2026-02-17 22:25:01.000,LOCAL,3,"Decent, but could improve.",1252,49469
9956,2025-11-19 07:27:25.000,LOCAL,5,Excellent service! Highly recommended.,1245,49477
9957,2026-02-23 09:37:17.000,LOCAL,5,Excellent service! Highly recommended.,1247,49484
9958,2025-10-26 17:59:29.000,LOCAL,3,"Average experience, nothing special.",1252,49488
9959,2025-08-04 20:07:31.000,REMOTE,5,Will definitely be back!,1249,49491
9960,2025-05-15 12:25:19.000,REMOTE,3,"Decent, but could improve.",1248,49492
9961,2025-11-16 21:23:05.000,LOCAL,4,Great service and friendly staff.,1250,49494
9962,2025-08-28 05:48:30.000,REMOTE,2,Disappointing visit.,1245,49501
9963,2025-07-20 22:49:50.000,LOCAL,5,Excellent service! Highly recommended.,1250,49503
9964,2026-02-15 07:25:34.000,LOCAL,5,"Best in the area, no doubt.",1251,49504
9965,2025-08-28 11:51:36.000,REMOTE,4,Happy with my visit.,1249,49508
9966,2025-12-14 06:38:39.000,LOCAL,3,"Average experience, nothing special.",1246,49509
9967,2026-02-05 18:42:22.000,REMOTE,3,Expected a bit more to be honest.,1251,49528
9968,2026-03-11 04:20:54.000,LOCAL,4,Great service and friendly staff.,1247,49531
9969,2025-07-02 00:15:32.000,LOCAL,4,Happy with my visit.,1252,49538
9970,2025-09-17 22:38:05.000,LOCAL,5,"Best in the area, no doubt.",1248,49541
9971,2025-08-20 04:00:31.000,LOCAL,4,"Very good, would come again.",1253,49558
9972,2026-03-08 07:10:44.000,LOCAL,5,Always a pleasure coming here.,1253,49559
9973,2025-08-05 19:47:17.000,REMOTE,1,Will not return.,1254,49561
9974,2025-08-17 00:48:24.000,LOCAL,4,Great service and friendly staff.,1255,49563
9975,2026-04-01 12:16:27.000,REMOTE,4,Happy with my visit.,1257,49585
9976,2025-05-17 13:07:43.000,REMOTE,5,Excellent service! Highly recommended.,1256,49590
9977,2025-06-11 19:54:40.000,REMOTE,2,Disappointing visit.,1257,49595
9978,2025-07-05 03:30:20.000,REMOTE,1,Will not return.,1256,49598
9979,2025-07-13 06:18:09.000,LOCAL,3,Expected a bit more to be honest.,1259,49604
9980,2025-10-15 23:12:55.000,REMOTE,1,Completely disappointed.,1259,49605
9981,2025-06-19 11:10:34.000,REMOTE,3,OK but not outstanding.,1258,49607
9982,2025-07-13 10:25:02.000,REMOTE,4,Solid experience overall.,1258,49617
9983,2026-03-25 23:46:50.000,REMOTE,4,Great service and friendly staff.,1260,49661
9984,2026-02-10 23:14:27.000,REMOTE,3,"Average experience, nothing special.",1260,49665
9985,2026-03-22 06:50:36.000,LOCAL,5,Always a pleasure coming here.,1260,49672
9986,2025-12-08 11:00:23.000,LOCAL,3,Expected a bit more to be honest.,1260,49677
9987,2025-11-03 15:41:21.000,REMOTE,3,Expected a bit more to be honest.,1260,49690
9988,2025-10-22 14:41:34.000,LOCAL,4,"Very good, would come again.",1266,49699
9989,2025-10-23 03:16:05.000,LOCAL,3,"Average experience, nothing special.",1267,49705
9990,2025-07-24 02:33:41.000,REMOTE,5,"Best in the area, no doubt.",1264,49719
9991,2025-08-03 12:43:58.000,REMOTE,2,Staff could be more attentive.,1263,49723
9992,2025-07-12 06:15:05.000,LOCAL,3,"Decent, but could improve.",1267,49735
9993,2026-04-08 23:10:38.000,LOCAL,5,Always a pleasure coming here.,1267,49737
9994,2026-02-08 05:23:24.000,REMOTE,1,Completely disappointed.,1265,49746
9995,2025-11-18 08:53:58.000,REMOTE,3,"Average experience, nothing special.",1265,49747
9996,2026-03-22 08:23:50.000,REMOTE,5,"Best in the area, no doubt.",1264,49750
9997,2025-09-29 16:27:04.000,REMOTE,5,Will definitely be back!,1264,49766
9998,2025-07-24 05:33:58.000,LOCAL,4,Great service and friendly staff.,1261,49768
9999,2025-12-28 13:44:27.000,LOCAL,4,"Very good, would come again.",1265,49770
10000,2025-12-24 02:13:41.000,LOCAL,5,Excellent service! Highly recommended.,1261,49776
10001,2025-12-04 18:34:55.000,REMOTE,5,Will definitely be back!,1267,49788
10002,2025-11-14 05:08:48.000,REMOTE,3,"Average experience, nothing special.",1261,49792
10003,2025-09-28 11:15:17.000,REMOTE,2,Product did not meet my expectations.,1272,49804
10004,2025-08-16 09:16:26.000,REMOTE,5,Excellent service! Highly recommended.,1272,49805
10005,2025-10-07 11:22:45.000,REMOTE,5,"Best in the area, no doubt.",1269,49806
10006,2025-09-25 10:19:53.000,LOCAL,5,"Best in the area, no doubt.",1272,49811
10007,2026-01-19 00:40:00.000,REMOTE,4,Happy with my visit.,1270,49813
10008,2026-04-25 20:20:03.000,REMOTE,4,Solid experience overall.,1269,49818
10009,2026-05-04 12:18:08.000,REMOTE,4,Happy with my visit.,1269,49821
10010,2025-11-20 03:17:45.000,REMOTE,2,Service was quite slow today.,1272,49825
10011,2026-02-21 02:07:31.000,LOCAL,1,Not what I expected at all.,1271,49830
10012,2026-03-10 18:31:11.000,REMOTE,4,Great service and friendly staff.,1271,49833
10013,2025-06-23 07:31:17.000,LOCAL,5,Excellent service! Highly recommended.,1272,49834
10014,2025-07-05 16:44:07.000,LOCAL,4,Happy with my visit.,1268,49839
10015,2025-11-20 21:46:14.000,REMOTE,3,Expected a bit more to be honest.,1270,49844
10016,2025-09-05 13:24:58.000,REMOTE,5,"Best in the area, no doubt.",1272,49846
10017,2025-11-01 15:58:59.000,REMOTE,3,"Decent, but could improve.",1270,49863
10018,2025-08-21 08:04:09.000,LOCAL,3,OK but not outstanding.,1272,49867
10019,2025-06-30 16:42:42.000,REMOTE,5,Always a pleasure coming here.,1269,49871
10020,2025-12-11 22:16:24.000,LOCAL,2,Service was quite slow today.,1271,49873
10021,2025-06-13 10:57:37.000,LOCAL,5,Always a pleasure coming here.,1270,49876
10022,2025-11-15 18:05:06.000,REMOTE,2,Disappointing visit.,1272,49884
10023,2025-09-15 06:23:11.000,REMOTE,3,OK but not outstanding.,1268,49890
10024,2025-12-20 18:20:34.000,LOCAL,1,Very poor service.,1271,49894
10025,2026-04-07 05:13:54.000,LOCAL,4,Solid experience overall.,1271,49895
10026,2025-12-10 10:24:35.000,LOCAL,5,"Best in the area, no doubt.",1269,49897
10027,2026-01-16 01:32:36.000,LOCAL,5,Will definitely be back!,1273,49903
10028,2025-11-12 15:22:57.000,REMOTE,4,Solid experience overall.,1274,49904
10029,2025-07-03 08:30:15.000,LOCAL,5,Will definitely be back!,1274,49905
10030,2025-12-02 13:27:00.000,LOCAL,5,Will definitely be back!,1273,49906
10031,2025-07-29 03:56:50.000,LOCAL,3,Expected a bit more to be honest.,1273,49912
10032,2026-04-30 14:09:15.000,REMOTE,1,Will not return.,1273,49917
10033,2026-04-03 10:53:27.000,REMOTE,2,Service was quite slow today.,1274,49918
10034,2025-10-13 13:35:48.000,REMOTE,5,Always a pleasure coming here.,1274,49920
10035,2026-04-10 23:42:14.000,REMOTE,2,Service was quite slow today.,1273,49925
10036,2025-07-23 22:15:14.000,LOCAL,5,"Best in the area, no doubt.",1273,49926
10037,2025-07-22 15:44:02.000,LOCAL,2,Product did not meet my expectations.,1274,49932
10038,2025-09-09 10:29:10.000,REMOTE,5,Will definitely be back!,1274,49934
10039,2026-01-21 22:41:27.000,REMOTE,2,Service was quite slow today.,1273,49937
10040,2025-08-21 19:17:18.000,REMOTE,4,"Very good, would come again.",1273,49939
10041,2025-12-05 14:34:27.000,LOCAL,1,Completely disappointed.,1274,49941
10042,2026-04-12 06:21:50.000,LOCAL,1,Very poor service.,1275,49951
10043,2025-10-28 12:34:02.000,LOCAL,5,Will definitely be back!,1275,49962
10044,2026-04-03 17:07:04.000,REMOTE,1,Completely disappointed.,1275,49966
10045,2026-04-14 19:31:17.000,LOCAL,4,Happy with my visit.,1275,49975
10046,2025-11-28 07:29:06.000,REMOTE,3,"Decent, but could improve.",1275,49990
10047,2025-05-31 13:26:26.000,REMOTE,5,Will definitely be back!,1276,49996
10048,2025-11-09 07:50:44.000,LOCAL,3,Expected a bit more to be honest.,1276,50001
10049,2026-04-11 09:30:54.000,REMOTE,4,Solid experience overall.,1276,50002
10050,2025-06-18 10:51:01.000,REMOTE,4,"Very good, would come again.",1276,50011
10051,2025-11-14 17:05:45.000,LOCAL,5,Excellent service! Highly recommended.,1279,50016
10052,2025-08-16 22:07:51.000,REMOTE,3,"Average experience, nothing special.",1277,50025
10053,2025-08-07 04:26:51.000,LOCAL,4,Happy with my visit.,1278,50029
10054,2025-08-16 10:01:13.000,LOCAL,2,Service was quite slow today.,1277,50030
10055,2026-05-05 04:26:57.000,LOCAL,4,Great service and friendly staff.,1278,50031
10056,2025-08-31 13:01:14.000,LOCAL,5,Excellent service! Highly recommended.,1279,50034
10057,2025-09-07 15:14:41.000,LOCAL,4,Great service and friendly staff.,1279,50036
10058,2025-12-24 09:33:20.000,REMOTE,5,Will definitely be back!,1279,50051
10059,2025-05-23 23:24:33.000,REMOTE,2,Product did not meet my expectations.,1279,50074
10060,2025-11-10 14:25:40.000,REMOTE,3,Expected a bit more to be honest.,1277,50082
10061,2025-11-08 01:16:14.000,LOCAL,5,Always a pleasure coming here.,1279,50085
10062,2026-03-07 16:48:49.000,REMOTE,4,Great service and friendly staff.,1279,50086
10063,2025-05-31 10:37:12.000,LOCAL,5,Excellent service! Highly recommended.,1279,50088
10064,2025-07-27 04:30:41.000,LOCAL,2,Product did not meet my expectations.,1277,50089
10065,2025-11-29 02:47:46.000,LOCAL,1,Not what I expected at all.,1278,50092
10066,2026-03-10 05:23:19.000,LOCAL,5,Will definitely be back!,1277,50093
10067,2025-12-16 14:03:24.000,LOCAL,3,"Decent, but could improve.",1279,50102
10068,2025-09-24 02:37:01.000,LOCAL,4,"Very good, would come again.",1278,50105
10069,2026-04-06 16:28:27.000,LOCAL,5,"Best in the area, no doubt.",1279,50107
10070,2025-10-28 16:59:25.000,REMOTE,2,Disappointing visit.,1277,50112
10071,2026-01-07 10:41:07.000,REMOTE,4,Solid experience overall.,1278,50113
10072,2025-08-15 10:10:09.000,REMOTE,4,Solid experience overall.,1279,50117
10073,2025-07-29 12:35:59.000,REMOTE,1,Very poor service.,1279,50121
10074,2025-11-02 11:57:04.000,LOCAL,1,Not what I expected at all.,1278,50126
10075,2025-11-27 14:13:58.000,LOCAL,5,Always a pleasure coming here.,1279,50138
10076,2025-05-11 13:16:37.000,LOCAL,5,Excellent service! Highly recommended.,1278,50144
10077,2025-10-08 20:18:34.000,LOCAL,3,Expected a bit more to be honest.,1278,50147
10078,2026-02-19 20:29:10.000,LOCAL,3,OK but not outstanding.,1277,50151
10079,2026-01-01 00:22:59.000,LOCAL,4,"Very good, would come again.",1278,50159
10080,2026-02-24 05:39:54.000,LOCAL,2,Staff could be more attentive.,1277,50160
10081,2026-02-11 08:31:20.000,LOCAL,2,Disappointing visit.,1279,50165
10082,2025-09-01 20:43:15.000,REMOTE,5,Excellent service! Highly recommended.,1279,50172
10083,2025-06-29 01:47:31.000,LOCAL,4,"Very good, would come again.",1277,50188
10084,2025-11-20 10:17:21.000,REMOTE,1,Not what I expected at all.,1278,50190
10085,2025-11-19 06:54:16.000,LOCAL,4,"Very good, would come again.",1277,50196
10086,2026-04-23 02:46:17.000,LOCAL,5,"Best in the area, no doubt.",1278,50200
10087,2026-03-03 07:25:27.000,REMOTE,3,OK but not outstanding.,1281,50217
10088,2026-02-08 20:04:04.000,LOCAL,3,"Average experience, nothing special.",1282,50219
10089,2025-11-26 11:11:30.000,LOCAL,5,"Best in the area, no doubt.",1282,50222
10090,2025-07-19 10:13:33.000,LOCAL,3,Expected a bit more to be honest.,1281,50224
10091,2026-02-24 05:19:49.000,LOCAL,5,Will definitely be back!,1280,50229
10092,2025-11-01 08:40:12.000,REMOTE,3,OK but not outstanding.,1280,50230
10093,2026-03-17 01:38:23.000,REMOTE,5,Excellent service! Highly recommended.,1280,50236
10094,2026-03-26 10:20:52.000,REMOTE,4,Solid experience overall.,1282,50249
10095,2025-08-18 17:33:01.000,LOCAL,5,Always a pleasure coming here.,1280,50252
10096,2025-05-12 12:45:10.000,LOCAL,5,Will definitely be back!,1282,50260
10097,2026-01-28 17:22:40.000,LOCAL,3,Expected a bit more to be honest.,1282,50266
10098,2026-02-18 19:06:45.000,REMOTE,3,"Decent, but could improve.",1281,50272
10099,2026-01-19 19:32:34.000,REMOTE,5,Always a pleasure coming here.,1281,50276
10100,2025-08-03 00:12:28.000,REMOTE,5,Will definitely be back!,1281,50283
10101,2025-11-20 05:36:56.000,LOCAL,5,Always a pleasure coming here.,1282,50290
10102,2026-02-04 14:15:26.000,LOCAL,4,Happy with my visit.,1282,50293
10103,2025-11-08 20:26:13.000,LOCAL,5,Excellent service! Highly recommended.,1280,50294
10104,2025-11-17 15:30:43.000,LOCAL,5,Always a pleasure coming here.,1281,50299
10105,2025-12-27 18:53:41.000,REMOTE,5,Always a pleasure coming here.,1281,50301
10106,2025-10-23 15:06:28.000,REMOTE,5,Excellent service! Highly recommended.,1280,50306
10107,2025-09-08 17:53:06.000,LOCAL,5,"Best in the area, no doubt.",1282,50312
10108,2025-11-25 22:03:52.000,LOCAL,1,Not what I expected at all.,1283,50328
10109,2025-06-19 23:16:45.000,LOCAL,5,Excellent service! Highly recommended.,1283,50335
10110,2026-03-06 06:56:11.000,LOCAL,3,Expected a bit more to be honest.,1285,50347
10111,2025-12-13 04:20:04.000,LOCAL,4,Great service and friendly staff.,1285,50349
10112,2025-12-02 10:09:06.000,LOCAL,3,Expected a bit more to be honest.,1285,50351
10113,2025-06-23 04:18:19.000,REMOTE,5,"Best in the area, no doubt.",1285,50357
10114,2025-10-07 05:58:57.000,LOCAL,3,OK but not outstanding.,1285,50358
10115,2026-04-27 23:18:01.000,LOCAL,4,"Very good, would come again.",1285,50366
10116,2025-07-07 11:12:57.000,REMOTE,5,Excellent service! Highly recommended.,1285,50367
10117,2025-12-12 02:07:59.000,LOCAL,5,"Best in the area, no doubt.",1285,50370
10118,2026-04-06 01:19:02.000,LOCAL,5,"Best in the area, no doubt.",1285,50377
10119,2025-12-17 18:35:08.000,LOCAL,3,Expected a bit more to be honest.,1285,50380
10120,2025-10-29 16:11:10.000,REMOTE,5,Always a pleasure coming here.,1285,50381
10121,2025-08-09 04:44:46.000,LOCAL,1,Completely disappointed.,1285,50382
10122,2025-09-12 11:23:31.000,LOCAL,5,Always a pleasure coming here.,1285,50388
10123,2025-12-08 15:48:50.000,LOCAL,4,Happy with my visit.,1285,50390
10124,2025-08-05 06:21:43.000,REMOTE,2,Product did not meet my expectations.,1286,50401
10125,2025-07-09 10:23:13.000,REMOTE,4,Happy with my visit.,1287,50408
10126,2025-12-27 05:44:51.000,REMOTE,5,Excellent service! Highly recommended.,1287,50412
10127,2026-04-23 18:33:47.000,REMOTE,3,"Decent, but could improve.",1286,50425
10128,2026-02-17 15:59:23.000,REMOTE,4,"Very good, would come again.",1287,50427
10129,2026-02-21 06:41:54.000,LOCAL,5,"Best in the area, no doubt.",1287,50432
10130,2025-12-05 21:52:41.000,REMOTE,4,Solid experience overall.,1287,50434
10131,2026-03-18 01:28:29.000,REMOTE,3,OK but not outstanding.,1286,50437
10132,2025-10-04 08:42:15.000,LOCAL,4,Happy with my visit.,1286,50440
10133,2025-12-19 01:48:14.000,REMOTE,5,Always a pleasure coming here.,1287,50444
10134,2026-03-06 02:32:50.000,REMOTE,5,Always a pleasure coming here.,1290,50454
10135,2026-05-04 06:03:32.000,LOCAL,4,Great service and friendly staff.,1288,50455
10136,2026-02-25 05:49:53.000,REMOTE,3,"Decent, but could improve.",1288,50459
10137,2026-03-27 06:52:30.000,LOCAL,4,Happy with my visit.,1290,50461
10138,2025-05-29 08:47:25.000,LOCAL,3,OK but not outstanding.,1290,50464
10139,2025-10-16 03:29:20.000,REMOTE,3,"Average experience, nothing special.",1289,50483
10140,2026-01-01 05:44:54.000,LOCAL,2,Service was quite slow today.,1291,50484
10141,2025-07-12 22:39:18.000,REMOTE,4,Solid experience overall.,1288,50489
10142,2025-05-24 06:17:43.000,REMOTE,1,Very poor service.,1289,50500
10143,2025-08-15 09:39:30.000,LOCAL,4,Great service and friendly staff.,1288,50501
10144,2025-09-03 02:32:57.000,LOCAL,5,Will definitely be back!,1289,50504
10145,2026-01-22 23:02:00.000,LOCAL,5,Always a pleasure coming here.,1289,50513
10146,2025-05-22 01:42:05.000,REMOTE,5,"Best in the area, no doubt.",1288,50516
10147,2025-08-22 11:51:04.000,REMOTE,5,Excellent service! Highly recommended.,1289,50531
10148,2025-12-06 04:14:07.000,LOCAL,4,Solid experience overall.,1288,50539
10149,2025-12-31 06:39:34.000,REMOTE,3,OK but not outstanding.,1291,50540
10150,2025-10-25 15:56:56.000,REMOTE,5,Will definitely be back!,1292,50547
10151,2025-12-20 20:25:06.000,REMOTE,5,"Best in the area, no doubt.",1292,50558
10152,2026-04-30 21:41:08.000,LOCAL,4,"Very good, would come again.",1292,50559
10153,2026-03-11 07:50:05.000,LOCAL,2,Staff could be more attentive.,1292,50564
10154,2025-10-09 17:47:03.000,LOCAL,5,Will definitely be back!,1292,50566
10155,2025-12-05 21:29:38.000,REMOTE,4,Solid experience overall.,1295,50568
10156,2026-02-05 01:50:40.000,LOCAL,5,Excellent service! Highly recommended.,1293,50571
10157,2025-07-11 20:49:26.000,LOCAL,5,Always a pleasure coming here.,1294,50578
10158,2025-10-27 15:45:10.000,LOCAL,4,Great service and friendly staff.,1295,50581
10159,2025-06-09 12:01:10.000,REMOTE,3,"Average experience, nothing special.",1294,50583
10160,2025-07-04 18:37:06.000,LOCAL,4,"Very good, would come again.",1293,50588
10161,2026-01-25 17:35:52.000,LOCAL,4,"Very good, would come again.",1295,50589
10162,2025-08-14 20:40:36.000,REMOTE,4,Happy with my visit.,1294,50590
10163,2025-07-06 14:43:00.000,LOCAL,5,Will definitely be back!,1295,50591
10164,2026-01-31 23:44:34.000,LOCAL,5,"Best in the area, no doubt.",1293,50593
10165,2026-01-30 16:27:01.000,LOCAL,4,Great service and friendly staff.,1295,50596
10166,2026-04-19 02:03:08.000,LOCAL,4,Solid experience overall.,1295,50603
10167,2026-02-25 17:35:57.000,LOCAL,2,Disappointing visit.,1295,50611
10168,2026-03-09 18:01:57.000,REMOTE,4,Happy with my visit.,1293,50615
10169,2025-08-19 19:11:10.000,REMOTE,4,"Very good, would come again.",1297,50642
10170,2025-05-22 23:21:50.000,LOCAL,4,Great service and friendly staff.,1297,50645
10171,2025-09-01 10:57:37.000,REMOTE,5,Will definitely be back!,1297,50647
10172,2025-05-28 02:29:18.000,REMOTE,4,Solid experience overall.,1297,50648
10173,2026-04-21 03:09:04.000,REMOTE,2,Product did not meet my expectations.,1297,50652
10174,2025-06-06 12:32:53.000,LOCAL,5,Excellent service! Highly recommended.,1297,50657
10175,2026-01-17 07:33:23.000,REMOTE,5,Excellent service! Highly recommended.,1297,50658
10176,2025-10-22 06:42:14.000,REMOTE,5,Will definitely be back!,1297,50665
10177,2025-10-16 06:02:05.000,LOCAL,2,Staff could be more attentive.,1297,50671
10178,2026-01-17 14:55:57.000,REMOTE,5,Always a pleasure coming here.,1297,50681
10179,2026-01-06 02:50:00.000,REMOTE,5,Excellent service! Highly recommended.,1297,50682
10180,2026-04-27 22:24:02.000,LOCAL,5,"Best in the area, no doubt.",1297,50685
10181,2025-10-01 10:08:00.000,REMOTE,3,OK but not outstanding.,1297,50690
10182,2025-12-31 14:50:04.000,LOCAL,4,Happy with my visit.,1297,50692
10183,2026-01-23 14:53:59.000,LOCAL,5,Always a pleasure coming here.,1297,50696
10184,2025-10-29 13:57:54.000,REMOTE,2,Disappointing visit.,1297,50717
10185,2025-09-30 13:27:26.000,REMOTE,5,Excellent service! Highly recommended.,1297,50723
10186,2026-03-14 20:44:56.000,LOCAL,4,Great service and friendly staff.,1297,50728
10187,2025-06-03 07:38:11.000,REMOTE,4,Happy with my visit.,1297,50735
10188,2026-01-20 22:39:34.000,LOCAL,4,Great service and friendly staff.,1297,50740
10189,2025-07-18 07:15:38.000,LOCAL,2,Disappointing visit.,1297,50743
10190,2026-01-30 13:39:24.000,LOCAL,3,"Decent, but could improve.",1297,50746
10191,2025-08-05 01:50:46.000,REMOTE,1,Completely disappointed.,1297,50764
10192,2025-06-13 08:35:11.000,LOCAL,4,"Very good, would come again.",1297,50766
10193,2025-07-14 19:34:50.000,LOCAL,3,"Average experience, nothing special.",1298,50769
10194,2025-05-30 13:25:23.000,REMOTE,5,Will definitely be back!,1298,50773
10195,2025-11-17 06:36:33.000,REMOTE,5,Excellent service! Highly recommended.,1298,50779
10196,2025-12-02 06:39:20.000,REMOTE,5,Will definitely be back!,1298,50788
10197,2026-04-27 08:23:40.000,REMOTE,4,Happy with my visit.,1298,50789
10198,2025-08-18 09:12:54.000,REMOTE,5,Will definitely be back!,1298,50791
10199,2025-11-26 13:51:46.000,LOCAL,5,Will definitely be back!,1298,50792
10200,2025-12-14 22:36:20.000,LOCAL,2,Disappointing visit.,1298,50804
10201,2025-07-21 09:25:27.000,REMOTE,4,Great service and friendly staff.,1298,50805
10202,2026-04-07 16:22:13.000,LOCAL,5,Always a pleasure coming here.,1298,50808
10203,2025-07-05 05:23:53.000,LOCAL,5,Excellent service! Highly recommended.,1298,50822
10204,2026-01-02 02:04:06.000,LOCAL,5,Will definitely be back!,1298,50824
10205,2026-01-13 18:36:28.000,REMOTE,1,Very poor service.,1298,50826
10206,2026-02-13 14:15:09.000,LOCAL,3,OK but not outstanding.,1298,50836
10207,2026-02-07 12:29:41.000,LOCAL,5,Always a pleasure coming here.,1298,50841
10208,2026-04-05 17:46:57.000,LOCAL,4,Solid experience overall.,1298,50844
10209,2026-03-26 03:55:07.000,REMOTE,3,Expected a bit more to be honest.,1298,50845
10210,2025-08-01 02:27:43.000,LOCAL,3,"Decent, but could improve.",1298,50857
10211,2025-11-03 01:24:59.000,LOCAL,4,"Very good, would come again.",1298,50861
10212,2026-04-02 14:22:53.000,REMOTE,4,Great service and friendly staff.,1298,50862
10213,2026-03-03 20:10:49.000,REMOTE,5,Always a pleasure coming here.,1298,50869
10214,2026-03-18 10:31:37.000,REMOTE,5,Excellent service! Highly recommended.,1298,50870
10215,2026-04-08 20:17:37.000,LOCAL,3,Expected a bit more to be honest.,1298,50872
10216,2025-06-06 07:27:02.000,REMOTE,2,Disappointing visit.,1298,50873
10217,2025-08-11 01:01:12.000,LOCAL,4,Happy with my visit.,1298,50874
10218,2025-10-30 18:32:48.000,REMOTE,5,"Best in the area, no doubt.",1298,50875
10219,2025-09-24 14:49:22.000,REMOTE,5,"Best in the area, no doubt.",1298,50878
10220,2026-04-02 13:20:49.000,REMOTE,3,"Average experience, nothing special.",1298,50881
10221,2026-05-04 16:40:13.000,LOCAL,5,Will definitely be back!,1298,50889
10222,2025-11-09 06:54:07.000,LOCAL,2,Service was quite slow today.,1299,50891
10223,2026-03-20 11:46:32.000,REMOTE,2,Disappointing visit.,1300,50893
10224,2026-03-01 09:31:06.000,LOCAL,5,"Best in the area, no doubt.",1299,50895
10225,2026-03-27 16:39:25.000,LOCAL,4,Solid experience overall.,1300,50898
10226,2025-06-21 06:22:23.000,LOCAL,3,Expected a bit more to be honest.,1301,50901
10227,2026-04-28 07:21:28.000,REMOTE,5,Will definitely be back!,1301,50905
10228,2026-02-26 12:25:12.000,REMOTE,4,Happy with my visit.,1301,50907
10229,2025-12-06 05:01:34.000,LOCAL,2,Staff could be more attentive.,1300,50909
10230,2026-02-20 07:45:12.000,REMOTE,4,"Very good, would come again.",1301,50918
10231,2025-06-18 16:56:55.000,REMOTE,5,Always a pleasure coming here.,1301,50920
10232,2026-01-15 10:23:39.000,REMOTE,5,Excellent service! Highly recommended.,1301,50923
10233,2025-09-25 23:55:42.000,REMOTE,3,Expected a bit more to be honest.,1300,50933
10234,2025-12-20 12:24:47.000,LOCAL,2,Service was quite slow today.,1299,50935
10235,2025-08-26 12:38:20.000,LOCAL,3,"Decent, but could improve.",1300,50941
10236,2026-02-04 20:08:40.000,REMOTE,3,OK but not outstanding.,1300,50943
10237,2025-12-08 14:10:15.000,REMOTE,3,OK but not outstanding.,1301,50945
10238,2025-05-27 16:39:23.000,REMOTE,5,Always a pleasure coming here.,1300,50946
10239,2026-02-02 09:58:36.000,LOCAL,5,"Best in the area, no doubt.",1299,50955
10240,2025-12-23 22:46:02.000,REMOTE,4,Happy with my visit.,1299,50957
10241,2025-05-26 03:47:56.000,REMOTE,4,Happy with my visit.,1301,50958
10242,2026-04-03 12:15:06.000,REMOTE,5,Excellent service! Highly recommended.,1300,50960
10243,2026-05-01 00:49:06.000,REMOTE,4,"Very good, would come again.",1301,50961
10244,2026-04-01 14:38:39.000,REMOTE,3,OK but not outstanding.,1299,50966
10245,2026-04-11 20:12:45.000,LOCAL,3,OK but not outstanding.,1299,50971
10246,2026-02-01 09:08:09.000,REMOTE,4,Solid experience overall.,1300,50972
10247,2026-03-18 13:08:52.000,REMOTE,3,"Average experience, nothing special.",1300,50976
10248,2025-11-07 17:17:17.000,LOCAL,3,OK but not outstanding.,1302,50993
10249,2025-08-06 14:44:01.000,REMOTE,5,Excellent service! Highly recommended.,1302,50994
10250,2025-06-27 06:32:31.000,LOCAL,5,Will definitely be back!,1302,50995
10251,2025-10-12 04:35:44.000,REMOTE,5,Always a pleasure coming here.,1302,50996
10252,2025-09-01 23:10:55.000,REMOTE,2,Product did not meet my expectations.,1302,50997
10253,2025-05-22 10:28:07.000,REMOTE,3,"Decent, but could improve.",1303,51005
10254,2025-11-01 09:34:53.000,LOCAL,5,"Best in the area, no doubt.",1302,51006
10255,2025-12-03 01:01:27.000,REMOTE,3,OK but not outstanding.,1303,51011
10256,2025-10-09 23:28:22.000,LOCAL,4,"Very good, would come again.",1303,51014
10257,2026-05-04 14:26:45.000,LOCAL,4,Great service and friendly staff.,1303,51030
10258,2025-07-17 10:17:19.000,REMOTE,5,Will definitely be back!,1303,51032
10259,2025-05-14 15:41:35.000,LOCAL,4,"Very good, would come again.",1303,51037
10260,2025-10-14 03:41:20.000,LOCAL,5,Excellent service! Highly recommended.,1302,51045
10261,2026-03-18 16:24:33.000,REMOTE,5,Excellent service! Highly recommended.,1302,51048
10262,2025-12-22 21:30:35.000,LOCAL,3,"Average experience, nothing special.",1304,51053
10263,2025-12-02 05:09:43.000,LOCAL,3,OK but not outstanding.,1304,51056
10264,2026-03-22 04:42:47.000,REMOTE,3,OK but not outstanding.,1304,51057
10265,2025-08-12 13:57:20.000,REMOTE,5,"Best in the area, no doubt.",1304,51058
10266,2026-04-09 17:09:43.000,REMOTE,3,"Average experience, nothing special.",1304,51060
10267,2025-08-14 22:17:23.000,LOCAL,5,Will definitely be back!,1304,51067
10268,2025-12-19 09:30:28.000,REMOTE,4,Solid experience overall.,1304,51070
10269,2025-11-25 16:36:38.000,LOCAL,5,Always a pleasure coming here.,1304,51073
10270,2025-09-27 00:02:14.000,LOCAL,4,Solid experience overall.,1304,51075
10271,2026-02-20 16:45:25.000,LOCAL,1,Will not return.,1304,51078
10272,2025-07-25 23:39:59.000,LOCAL,5,"Best in the area, no doubt.",1304,51084
10273,2026-01-12 07:49:29.000,LOCAL,5,"Best in the area, no doubt.",1305,51098
10274,2026-04-12 10:38:07.000,REMOTE,3,OK but not outstanding.,1306,51101
10275,2025-06-16 23:19:47.000,REMOTE,3,OK but not outstanding.,1305,51102
10276,2026-02-14 22:41:45.000,LOCAL,1,Very poor service.,1305,51105
10277,2025-10-14 16:43:58.000,REMOTE,3,Expected a bit more to be honest.,1306,51107
10278,2025-07-28 15:58:37.000,LOCAL,4,Solid experience overall.,1305,51111
10279,2025-06-30 07:49:33.000,REMOTE,5,Always a pleasure coming here.,1306,51120
10280,2025-09-13 00:07:37.000,LOCAL,4,Great service and friendly staff.,1306,51129
10281,2026-01-25 15:03:29.000,LOCAL,1,Will not return.,1306,51136
10282,2025-10-10 02:04:35.000,LOCAL,2,Disappointing visit.,1306,51139
10283,2025-06-25 08:26:37.000,REMOTE,4,Great service and friendly staff.,1305,51145
10284,2025-11-08 06:35:34.000,REMOTE,5,Excellent service! Highly recommended.,1305,51149
10285,2025-11-24 14:02:17.000,LOCAL,2,Service was quite slow today.,1305,51153
10286,2026-03-11 19:39:46.000,REMOTE,4,Happy with my visit.,1308,51164
10287,2026-02-07 05:05:44.000,REMOTE,5,Excellent service! Highly recommended.,1307,51167
10288,2025-12-25 03:13:44.000,LOCAL,4,Great service and friendly staff.,1307,51168
10289,2025-11-26 14:24:09.000,REMOTE,3,"Decent, but could improve.",1307,51169
10290,2025-11-28 08:01:07.000,LOCAL,2,Staff could be more attentive.,1307,51172
10291,2026-02-13 19:35:45.000,LOCAL,5,Excellent service! Highly recommended.,1307,51182
10292,2025-09-15 14:27:40.000,REMOTE,5,Excellent service! Highly recommended.,1307,51196
10293,2025-07-28 08:15:46.000,LOCAL,5,"Best in the area, no doubt.",1308,51197
10294,2025-11-03 14:15:06.000,REMOTE,3,"Decent, but could improve.",1307,51205
10295,2026-01-11 08:52:40.000,LOCAL,1,Will not return.,1308,51210
