id,name,business_id,created_at,externalReference,cost,type
1,Complimentary upgrade,1,2025-07-12 19:43:51.000,34f2b50e,0,OTHER
2,Free product,1,2025-07-12 19:43:51.000,e67d11d3,0,FREE_PRODUCT
3,15% discount,1,2025-07-12 19:43:51.000,1ca6bf74,0,DISCOUNT
4,Buy 9 get 1 free,1,2025-07-12 19:43:51.000,be81846c,0,FREE_PRODUCT
5,Free dessert,2,2025-07-12 19:43:51.000,3686aa11,500,FREE_PRODUCT
6,Free coffee,2,2025-07-12 19:43:51.000,bf8a8f28,150,FREE_PRODUCT
7,20% off any purchase,2,2025-07-12 19:43:51.000,03bbdcbb,800,DISCOUNT
8,20% off any purchase,3,2025-07-12 19:43:51.000,40103cef,800,DISCOUNT
9,Birthday bonus,3,2025-07-12 19:43:51.000,d18fa9ce,0,OTHER
10,10% off next visit,3,2025-07-12 19:43:51.000,3280ab49,300,DISCOUNT
11,Free coffee,3,2025-07-12 19:43:51.000,450ff586,150,FREE_PRODUCT
12,Free dessert,3,2025-07-12 19:43:51.000,71d2c6f9,500,FREE_PRODUCT
13,Free dessert,4,2025-07-12 19:43:51.000,acda324b,500,FREE_PRODUCT
14,Free coffee,4,2025-07-12 19:43:51.000,08d3a5c8,150,FREE_PRODUCT
15,10% off next visit,4,2025-07-12 19:43:51.000,79d6f970,300,DISCOUNT
16,Birthday bonus,4,2025-07-12 19:43:51.000,5bc51b9b,0,OTHER
17,20% off any purchase,4,2025-07-12 19:43:51.000,aa1fa150,800,DISCOUNT
18,Free product,5,2025-07-12 19:43:51.000,67f638a9,0,FREE_PRODUCT
19,Buy 9 get 1 free,5,2025-07-12 19:43:51.000,90a32506,0,FREE_PRODUCT
20,Complimentary upgrade,5,2025-07-12 19:43:51.000,5923adf3,0,OTHER
21,15% discount,5,2025-07-12 19:43:51.000,ec2323e6,0,DISCOUNT
22,Free dessert,6,2025-07-12 19:43:51.000,c1435b67,500,FREE_PRODUCT
23,10% off next visit,6,2025-07-12 19:43:51.000,d2da903b,300,DISCOUNT
24,20% off any purchase,6,2025-07-12 19:43:51.000,7997a6c4,800,DISCOUNT
25,10% off next visit,7,2025-07-12 19:43:51.000,3def3e5c,300,DISCOUNT
26,Free coffee,7,2025-07-12 19:43:51.000,c67cfad0,150,FREE_PRODUCT
27,20% off any purchase,7,2025-07-12 19:43:51.000,cb18d96e,800,DISCOUNT
28,Birthday bonus,7,2025-07-12 19:43:51.000,608d3d85,0,OTHER
29,Free dessert,7,2025-07-12 19:43:51.000,5e7c4b3b,500,FREE_PRODUCT
30,Free coffee,8,2025-07-12 19:43:51.000,4b45dc35,150,FREE_PRODUCT
31,Birthday bonus,8,2025-07-12 19:43:51.000,c16f50d8,0,OTHER
32,Buy 9 get 1 free,9,2025-07-12 19:43:51.000,28b7070b,0,FREE_PRODUCT
33,Complimentary upgrade,9,2025-07-12 19:43:51.000,7b916bd2,0,OTHER
34,Free product,9,2025-07-12 19:43:51.000,d555a8d9,0,FREE_PRODUCT
35,15% discount,9,2025-07-12 19:43:51.000,44040a74,0,DISCOUNT
36,Free coffee,10,2025-07-12 19:43:51.000,4d29083b,150,FREE_PRODUCT
37,20% off any purchase,10,2025-07-12 19:43:51.000,fd5f1646,800,DISCOUNT
38,10% off next visit,11,2025-07-12 19:43:51.000,665abe8b,300,DISCOUNT
39,Free dessert,11,2025-07-12 19:43:51.000,4393cb6b,500,FREE_PRODUCT
40,Free coffee,11,2025-07-12 19:43:51.000,e5d794d1,150,FREE_PRODUCT
41,20% off any purchase,11,2025-07-12 19:43:51.000,26ec3387,800,DISCOUNT
42,Complimentary upgrade,12,2025-07-12 19:43:51.000,e0af522d,0,OTHER
43,Buy 9 get 1 free,12,2025-07-12 19:43:51.000,2e632fe2,0,FREE_PRODUCT
44,Free product,12,2025-07-12 19:43:51.000,34074412,0,FREE_PRODUCT
45,Member discount 5%,13,2025-07-12 19:43:51.000,8f6322f7,0,DISCOUNT
46,Exclusive member offer,13,2025-07-12 19:43:51.000,d23478aa,0,OTHER
47,Free dessert,14,2025-07-12 19:43:51.000,e44edc5d,500,FREE_PRODUCT
48,Birthday bonus,14,2025-07-12 19:43:51.000,201b7684,0,OTHER
49,10% off next visit,14,2025-07-12 19:43:51.000,6ee61c7f,300,DISCOUNT
50,Buy 9 get 1 free,15,2025-07-12 19:43:51.000,caf999cd,0,FREE_PRODUCT
51,Free product,15,2025-07-12 19:43:51.000,ca625a8d,0,FREE_PRODUCT
52,Complimentary upgrade,15,2025-07-12 19:43:51.000,64de64d7,0,OTHER
53,15% discount,15,2025-07-12 19:43:51.000,c77cd119,0,DISCOUNT
54,Free product,16,2025-07-12 19:43:51.000,7ea95599,0,FREE_PRODUCT
55,Buy 9 get 1 free,16,2025-07-12 19:43:51.000,ccbc0cbe,0,FREE_PRODUCT
56,Complimentary upgrade,16,2025-07-12 19:43:51.000,39b4f60b,0,OTHER
57,Buy 9 get 1 free,17,2025-07-12 19:43:51.000,3c59e0fa,0,FREE_PRODUCT
58,Complimentary upgrade,17,2025-07-12 19:43:51.000,4165d0f2,0,OTHER
59,15% discount,17,2025-07-12 19:43:51.000,4562b3e7,0,DISCOUNT
60,Complimentary upgrade,18,2025-07-12 19:43:51.000,e9f462f9,0,OTHER
61,Free product,18,2025-07-12 19:43:51.000,08115c60,0,FREE_PRODUCT
62,15% discount,18,2025-07-12 19:43:51.000,a164c106,0,DISCOUNT
63,Buy 9 get 1 free,18,2025-07-12 19:43:51.000,238d1699,0,FREE_PRODUCT
64,Exclusive member offer,19,2025-07-12 19:43:51.000,18a030cf,0,OTHER
65,Member discount 5%,19,2025-07-12 19:43:51.000,133d40d9,0,DISCOUNT
66,20% off any purchase,20,2025-07-12 19:43:51.000,49bb5f6f,800,DISCOUNT
67,Free dessert,20,2025-07-12 19:43:51.000,8f0fb61d,500,FREE_PRODUCT
68,Birthday bonus,20,2025-07-12 19:43:51.000,46f691a2,0,OTHER
69,Free dessert,21,2025-07-12 19:43:51.000,df7219ce,500,FREE_PRODUCT
70,Free coffee,21,2025-07-12 19:43:51.000,e4cf45f7,150,FREE_PRODUCT
71,Free dessert,22,2025-07-12 19:43:51.000,59806fe9,500,FREE_PRODUCT
72,Free coffee,22,2025-07-12 19:43:51.000,11a34ed0,150,FREE_PRODUCT
73,Birthday bonus,22,2025-07-12 19:43:51.000,f3b0094b,0,OTHER
74,20% off any purchase,22,2025-07-12 19:43:51.000,7f068202,800,DISCOUNT
75,15% discount,23,2025-07-12 19:43:51.000,172301a9,0,DISCOUNT
76,Complimentary upgrade,23,2025-07-12 19:43:51.000,27ccb39f,0,OTHER
77,Free dessert,24,2025-07-12 19:43:51.000,c6dfab9a,500,FREE_PRODUCT
78,Birthday bonus,24,2025-07-12 19:43:51.000,4be7e072,0,OTHER
79,10% off next visit,24,2025-07-12 19:43:51.000,57b88ed2,300,DISCOUNT
80,Free coffee,24,2025-07-12 19:43:51.000,aa1be0a5,150,FREE_PRODUCT
81,20% off any purchase,24,2025-07-12 19:43:51.000,e00a2f76,800,DISCOUNT
82,Birthday bonus,25,2025-07-12 19:43:51.000,bfc8c240,0,OTHER
83,Free coffee,25,2025-07-12 19:43:51.000,a277a6f3,150,FREE_PRODUCT
84,10% off next visit,25,2025-07-12 19:43:51.000,956bf046,300,DISCOUNT
85,20% off any purchase,25,2025-07-12 19:43:51.000,79d452bf,800,DISCOUNT
86,20% off any purchase,26,2025-07-12 19:43:51.000,09d3e006,800,DISCOUNT
87,Free dessert,26,2025-07-12 19:43:51.000,a8d73eb7,500,FREE_PRODUCT
88,Birthday bonus,26,2025-07-12 19:43:51.000,c1da8d44,0,OTHER
89,Free coffee,26,2025-07-12 19:43:51.000,6f796fc9,150,FREE_PRODUCT
90,10% off next visit,26,2025-07-12 19:43:51.000,a64c2f94,300,DISCOUNT
91,Buy 9 get 1 free,27,2025-07-12 19:43:51.000,b1031789,0,FREE_PRODUCT
92,15% discount,27,2025-07-12 19:43:51.000,765d1658,0,DISCOUNT
93,Free product,27,2025-07-12 19:43:51.000,7a8dd1cb,0,FREE_PRODUCT
94,Complimentary upgrade,27,2025-07-12 19:43:51.000,d41253aa,0,OTHER
95,Free dessert,28,2025-07-12 19:43:51.000,5ddd5be6,500,FREE_PRODUCT
96,20% off any purchase,28,2025-07-12 19:43:51.000,56f055f5,800,DISCOUNT
97,Birthday bonus,28,2025-07-12 19:43:51.000,8a52c272,0,OTHER
98,15% discount,29,2025-07-12 19:43:51.000,fc1336ff,0,DISCOUNT
99,Complimentary upgrade,29,2025-07-12 19:43:51.000,e45614b4,0,OTHER
100,Free coffee,30,2025-07-12 19:43:51.000,4d5038e1,150,FREE_PRODUCT
101,10% off next visit,30,2025-07-12 19:43:51.000,3f660220,300,DISCOUNT
102,Free dessert,30,2025-07-12 19:43:51.000,350e731e,500,FREE_PRODUCT
103,20% off any purchase,30,2025-07-12 19:43:51.000,446cccaa,800,DISCOUNT
104,Birthday bonus,30,2025-07-12 19:43:51.000,e8ca3b95,0,OTHER
105,Free product,31,2025-07-12 19:43:51.000,15167eee,0,FREE_PRODUCT
106,15% discount,31,2025-07-12 19:43:51.000,dd06edfb,0,DISCOUNT
107,15% discount,32,2025-07-12 19:43:51.000,af5b9a8e,0,DISCOUNT
108,Buy 9 get 1 free,32,2025-07-12 19:43:51.000,d403b3a7,0,FREE_PRODUCT
109,Free product,32,2025-07-12 19:43:51.000,fa8e6bdb,0,FREE_PRODUCT
110,Complimentary upgrade,32,2025-07-12 19:43:51.000,06360e58,0,OTHER
111,10% off next visit,33,2025-07-12 19:43:51.000,90b1ee32,300,DISCOUNT
112,Free dessert,33,2025-07-12 19:43:51.000,3582ce29,500,FREE_PRODUCT
113,20% off any purchase,33,2025-07-12 19:43:51.000,1376b0ff,800,DISCOUNT
114,Free coffee,33,2025-07-12 19:43:51.000,40bb1fc0,150,FREE_PRODUCT
115,Birthday bonus,33,2025-07-12 19:43:51.000,dc8790c8,0,OTHER
116,Complimentary upgrade,34,2025-07-12 19:43:51.000,b5c9180e,0,OTHER
117,15% discount,34,2025-07-12 19:43:51.000,3294a4e2,0,DISCOUNT
118,Buy 9 get 1 free,34,2025-07-12 19:43:51.000,b7ad1cc3,0,FREE_PRODUCT
119,10% off next visit,35,2025-07-12 19:43:51.000,05b11482,300,DISCOUNT
120,Free coffee,35,2025-07-12 19:43:51.000,d17b45f3,150,FREE_PRODUCT
121,20% off any purchase,35,2025-07-12 19:43:51.000,9d3f42a9,800,DISCOUNT
122,Birthday bonus,35,2025-07-12 19:43:51.000,9d64743a,0,OTHER
123,Free dessert,35,2025-07-12 19:43:51.000,94b1d3d0,500,FREE_PRODUCT
124,20% off any purchase,36,2025-07-12 19:43:51.000,aa986436,800,DISCOUNT
125,Birthday bonus,36,2025-07-12 19:43:51.000,620b3588,0,OTHER
126,Free dessert,36,2025-07-12 19:43:51.000,544e5ccc,500,FREE_PRODUCT
127,Exclusive member offer,37,2025-07-12 19:43:51.000,2c5f1e52,0,OTHER
128,Member discount 5%,37,2025-07-12 19:43:51.000,47c9822a,0,DISCOUNT
129,Complimentary upgrade,38,2025-07-12 19:43:51.000,50c48b45,0,OTHER
130,15% discount,38,2025-07-12 19:43:51.000,c2e37e83,0,DISCOUNT
131,Buy 9 get 1 free,38,2025-07-12 19:43:51.000,7e7dc142,0,FREE_PRODUCT
132,Buy 9 get 1 free,39,2025-07-12 19:43:51.000,fd08d6ed,0,FREE_PRODUCT
133,Free product,39,2025-07-12 19:43:51.000,8c5c1b82,0,FREE_PRODUCT
134,Complimentary upgrade,39,2025-07-12 19:43:51.000,4b59ac7e,0,OTHER
135,15% discount,39,2025-07-12 19:43:51.000,a223883b,0,DISCOUNT
136,Free product,40,2025-07-12 19:43:51.000,1db06ae6,0,FREE_PRODUCT
137,Buy 9 get 1 free,40,2025-07-12 19:43:51.000,89eb8ab6,0,FREE_PRODUCT
138,Free product,41,2025-07-12 19:43:51.000,a22c8dab,0,FREE_PRODUCT
139,15% discount,41,2025-07-12 19:43:51.000,6c5a3d9e,0,DISCOUNT
140,Buy 9 get 1 free,41,2025-07-12 19:43:51.000,1c38820e,0,FREE_PRODUCT
141,Exclusive member offer,42,2025-07-12 19:43:51.000,ec4b407f,0,OTHER
142,Member discount 5%,42,2025-07-12 19:43:51.000,240e762d,0,DISCOUNT
143,10% off next visit,43,2025-07-12 19:43:51.000,cd3cfc3f,300,DISCOUNT
144,Free coffee,43,2025-07-12 19:43:51.000,cf191ad7,150,FREE_PRODUCT
145,20% off any purchase,43,2025-07-12 19:43:51.000,bc42c740,800,DISCOUNT
146,Free product,44,2025-07-12 19:43:51.000,f97696d1,0,FREE_PRODUCT
147,15% discount,44,2025-07-12 19:43:51.000,6ad83857,0,DISCOUNT
148,Complimentary upgrade,44,2025-07-12 19:43:51.000,c5ebaa93,0,OTHER
149,Buy 9 get 1 free,44,2025-07-12 19:43:51.000,ec9cbecb,0,FREE_PRODUCT
150,Complimentary upgrade,45,2025-07-12 19:43:51.000,be6a2e8b,0,OTHER
151,Free product,45,2025-07-12 19:43:51.000,d0525a0c,0,FREE_PRODUCT
152,15% discount,45,2025-07-12 19:43:51.000,7b4e9d7b,0,DISCOUNT
153,Buy 9 get 1 free,45,2025-07-12 19:43:51.000,8316b8c0,0,FREE_PRODUCT
154,20% off any purchase,46,2025-07-12 19:43:51.000,23078eeb,800,DISCOUNT
155,Birthday bonus,46,2025-07-12 19:43:51.000,0e08e9df,0,OTHER
156,10% off next visit,46,2025-07-12 19:43:51.000,80327cd6,300,DISCOUNT
157,Free dessert,46,2025-07-12 19:43:51.000,fe00efb7,500,FREE_PRODUCT
158,Free coffee,46,2025-07-12 19:43:51.000,8ffbd8ba,150,FREE_PRODUCT
159,Buy 9 get 1 free,47,2025-07-12 19:43:51.000,72c2d2b3,0,FREE_PRODUCT
160,Free product,47,2025-07-12 19:43:51.000,c74d4ab9,0,FREE_PRODUCT
161,Birthday bonus,48,2025-07-12 19:43:51.000,a8b591e5,0,OTHER
162,Free dessert,48,2025-07-12 19:43:51.000,d811304f,500,FREE_PRODUCT
163,20% off any purchase,48,2025-07-12 19:43:51.000,2659fca5,800,DISCOUNT
164,Free coffee,48,2025-07-12 19:43:51.000,00a248f3,150,FREE_PRODUCT
165,10% off next visit,49,2025-07-12 19:43:51.000,8821088e,300,DISCOUNT
166,Free dessert,49,2025-07-12 19:43:51.000,88e192c3,500,FREE_PRODUCT
167,Complimentary upgrade,50,2025-07-12 19:43:51.000,d7f13120,0,OTHER
168,15% discount,50,2025-07-12 19:43:51.000,61e254f5,0,DISCOUNT
169,Free product,50,2025-07-12 19:43:51.000,2b4eff1e,0,FREE_PRODUCT
170,Buy 9 get 1 free,50,2025-07-12 19:43:51.000,cec26e4a,0,FREE_PRODUCT
171,Buy 9 get 1 free,51,2025-07-12 19:43:51.000,39e91b84,0,FREE_PRODUCT
172,15% discount,51,2025-07-12 19:43:51.000,3efe0bd3,0,DISCOUNT
173,Free product,52,2025-07-12 19:43:51.000,0ce75823,0,FREE_PRODUCT
174,Complimentary upgrade,52,2025-07-12 19:43:51.000,93991737,0,OTHER
175,10% off next visit,53,2025-07-12 19:43:51.000,3d08a5e1,300,DISCOUNT
176,Free dessert,53,2025-07-12 19:43:51.000,61036f00,500,FREE_PRODUCT
177,Free coffee,53,2025-07-12 19:43:51.000,de4356f4,150,FREE_PRODUCT
178,Birthday bonus,53,2025-07-12 19:43:51.000,e61a8cd7,0,OTHER
179,20% off any purchase,53,2025-07-12 19:43:51.000,2ec750b7,800,DISCOUNT
180,10% off next visit,54,2025-07-12 19:43:51.000,cd290b01,300,DISCOUNT
181,Free coffee,54,2025-07-12 19:43:51.000,9b247e4e,150,FREE_PRODUCT
182,20% off any purchase,54,2025-07-12 19:43:51.000,560cb0e2,800,DISCOUNT
183,Birthday bonus,54,2025-07-12 19:43:51.000,2261cfdb,0,OTHER
184,Free dessert,54,2025-07-12 19:43:51.000,fb8ce664,500,FREE_PRODUCT
185,Free dessert,55,2025-07-12 19:43:51.000,477baf5b,500,FREE_PRODUCT
186,Free coffee,55,2025-07-12 19:43:51.000,4bc11273,150,FREE_PRODUCT
187,Birthday bonus,55,2025-07-12 19:43:51.000,c74a43bc,0,OTHER
188,10% off next visit,55,2025-07-12 19:43:51.000,49df9b92,300,DISCOUNT
189,20% off any purchase,55,2025-07-12 19:43:51.000,91083f59,800,DISCOUNT
190,Free coffee,56,2025-07-12 19:43:51.000,3cc97643,150,FREE_PRODUCT
191,Free dessert,56,2025-07-12 19:43:51.000,6d280568,500,FREE_PRODUCT
192,10% off next visit,56,2025-07-12 19:43:51.000,30aaad75,300,DISCOUNT
193,Free dessert,57,2025-07-12 19:43:51.000,caec67ae,500,FREE_PRODUCT
194,Birthday bonus,57,2025-07-12 19:43:51.000,6d86193a,0,OTHER
195,Free coffee,57,2025-07-12 19:43:51.000,51968d52,150,FREE_PRODUCT
196,20% off any purchase,57,2025-07-12 19:43:51.000,3c76eedd,800,DISCOUNT
197,10% off next visit,57,2025-07-12 19:43:51.000,a3ebdbaf,300,DISCOUNT
198,10% off next visit,58,2025-07-12 19:43:51.000,ec500900,300,DISCOUNT
199,Birthday bonus,58,2025-07-12 19:43:51.000,1a43f5a0,0,OTHER
200,Free coffee,58,2025-07-12 19:43:51.000,03419399,150,FREE_PRODUCT
201,Buy 9 get 1 free,59,2025-07-12 19:43:51.000,8a28abb7,0,FREE_PRODUCT
202,Complimentary upgrade,59,2025-07-12 19:43:51.000,31225dd1,0,OTHER
203,15% discount,59,2025-07-12 19:43:51.000,0f567b9b,0,DISCOUNT
204,Free dessert,60,2025-07-12 19:43:51.000,df3c5d21,500,FREE_PRODUCT
205,20% off any purchase,60,2025-07-12 19:43:51.000,af6a9f18,800,DISCOUNT
206,10% off next visit,60,2025-07-12 19:43:51.000,3ffcf552,300,DISCOUNT
207,10% off next visit,61,2025-07-12 19:43:51.000,9020a051,300,DISCOUNT
208,Birthday bonus,61,2025-07-12 19:43:51.000,b7385f6b,0,OTHER
209,20% off any purchase,61,2025-07-12 19:43:51.000,3042e12d,800,DISCOUNT
210,Free dessert,61,2025-07-12 19:43:51.000,fb1d5164,500,FREE_PRODUCT
211,10% off next visit,62,2025-07-12 19:43:51.000,26b37629,300,DISCOUNT
212,Free dessert,62,2025-07-12 19:43:51.000,d9da8a15,500,FREE_PRODUCT
213,Birthday bonus,62,2025-07-12 19:43:51.000,dc4115e4,0,OTHER
214,20% off any purchase,62,2025-07-12 19:43:51.000,7c81ad11,800,DISCOUNT
215,Free coffee,62,2025-07-12 19:43:51.000,554c0623,150,FREE_PRODUCT
216,Buy 9 get 1 free,63,2025-07-12 19:43:51.000,51da7a5c,0,FREE_PRODUCT
217,Complimentary upgrade,63,2025-07-12 19:43:51.000,8a6bd7a3,0,OTHER
218,15% discount,63,2025-07-12 19:43:51.000,fc4cb727,0,DISCOUNT
219,Free product,63,2025-07-12 19:43:51.000,127806e1,0,FREE_PRODUCT
220,Complimentary upgrade,64,2025-07-12 19:43:51.000,6ddf44eb,0,OTHER
221,Free product,64,2025-07-12 19:43:51.000,62a66f14,0,FREE_PRODUCT
222,15% discount,64,2025-07-12 19:43:51.000,00bff116,0,DISCOUNT
223,Member discount 5%,65,2025-07-12 19:43:51.000,ec17cfde,0,DISCOUNT
224,Exclusive member offer,65,2025-07-12 19:43:51.000,112a76a1,0,OTHER
225,Birthday bonus,66,2025-07-12 19:43:51.000,efcaa65f,0,OTHER
226,10% off next visit,66,2025-07-12 19:43:51.000,9f04e9ee,300,DISCOUNT
227,Free coffee,66,2025-07-12 19:43:51.000,ed9fc62c,150,FREE_PRODUCT
228,20% off any purchase,66,2025-07-12 19:43:51.000,ac7d7411,800,DISCOUNT
229,Free dessert,66,2025-07-12 19:43:51.000,558e4837,500,FREE_PRODUCT
230,Free dessert,67,2025-07-12 19:43:51.000,2f11fdbf,500,FREE_PRODUCT
231,20% off any purchase,67,2025-07-12 19:43:51.000,62eb9475,800,DISCOUNT
232,Birthday bonus,67,2025-07-12 19:43:51.000,a70089ce,0,OTHER
233,Free dessert,68,2025-07-12 19:43:51.000,0ba5667e,500,FREE_PRODUCT
234,10% off next visit,68,2025-07-12 19:43:51.000,f72ccf63,300,DISCOUNT
235,Birthday bonus,68,2025-07-12 19:43:51.000,b0d0810d,0,OTHER
236,20% off any purchase,68,2025-07-12 19:43:51.000,33d9f05c,800,DISCOUNT
237,Free coffee,68,2025-07-12 19:43:51.000,a6d8b865,150,FREE_PRODUCT
238,Birthday bonus,69,2025-07-12 19:43:51.000,622a1192,0,OTHER
239,20% off any purchase,69,2025-07-12 19:43:51.000,9390a326,800,DISCOUNT
240,Free dessert,69,2025-07-12 19:43:51.000,efbb2779,500,FREE_PRODUCT
241,10% off next visit,69,2025-07-12 19:43:51.000,b3b421a6,300,DISCOUNT
242,Birthday bonus,70,2025-07-12 19:43:51.000,b59e6d15,0,OTHER
243,20% off any purchase,70,2025-07-12 19:43:51.000,5c407a0a,800,DISCOUNT
244,Free dessert,70,2025-07-12 19:43:51.000,e96683a8,500,FREE_PRODUCT
245,Free coffee,70,2025-07-12 19:43:51.000,2487b099,150,FREE_PRODUCT
246,10% off next visit,70,2025-07-12 19:43:51.000,383a2e89,300,DISCOUNT
247,Free product,71,2025-07-12 19:43:51.000,20c04e96,0,FREE_PRODUCT
248,Complimentary upgrade,71,2025-07-12 19:43:51.000,68ee33ea,0,OTHER
249,Exclusive member offer,72,2025-07-12 19:43:51.000,4672a4a0,0,OTHER
250,Member discount 5%,72,2025-07-12 19:43:51.000,bf3c75c3,0,DISCOUNT
251,Free product,73,2025-07-12 19:43:51.000,b4af510e,0,FREE_PRODUCT
252,Complimentary upgrade,73,2025-07-12 19:43:51.000,1f2370e0,0,OTHER
253,15% discount,73,2025-07-12 19:43:51.000,c0613a8f,0,DISCOUNT
254,Buy 9 get 1 free,73,2025-07-12 19:43:51.000,fdd560e6,0,FREE_PRODUCT
255,Free dessert,74,2025-07-12 19:43:51.000,b7cdf5ff,500,FREE_PRODUCT
256,20% off any purchase,74,2025-07-12 19:43:51.000,921e1eaf,800,DISCOUNT
257,Free coffee,74,2025-07-12 19:43:51.000,49f6cf8c,150,FREE_PRODUCT
258,Birthday bonus,74,2025-07-12 19:43:51.000,91f2e2ac,0,OTHER
259,Free product,75,2025-07-12 19:43:51.000,2943f0f8,0,FREE_PRODUCT
260,15% discount,75,2025-07-12 19:43:51.000,61db9046,0,DISCOUNT
261,Buy 9 get 1 free,75,2025-07-12 19:43:51.000,ce8b1d79,0,FREE_PRODUCT
262,Complimentary upgrade,75,2025-07-12 19:43:51.000,cd250067,0,OTHER
263,Member discount 5%,76,2025-07-12 19:43:51.000,8de3e4b9,0,DISCOUNT
264,Exclusive member offer,76,2025-07-12 19:43:51.000,5384882d,0,OTHER
265,Birthday bonus,77,2025-07-12 19:43:51.000,fdb2b96a,0,OTHER
266,Free coffee,77,2025-07-12 19:43:51.000,e4995d55,150,FREE_PRODUCT
267,10% off next visit,77,2025-07-12 19:43:51.000,7c742bf6,300,DISCOUNT
268,20% off any purchase,77,2025-07-12 19:43:51.000,68fc42df,800,DISCOUNT
269,Buy 9 get 1 free,78,2025-07-12 19:43:51.000,846bd24b,0,FREE_PRODUCT
270,15% discount,78,2025-07-12 19:43:51.000,d103c575,0,DISCOUNT
271,Buy 9 get 1 free,79,2025-07-12 19:43:51.000,93e47f01,0,FREE_PRODUCT
272,Free product,79,2025-07-12 19:43:51.000,37aaed23,0,FREE_PRODUCT
273,10% off next visit,80,2025-07-12 19:43:51.000,81bec5a3,300,DISCOUNT
274,20% off any purchase,80,2025-07-12 19:43:51.000,1fde0594,800,DISCOUNT
275,Free dessert,80,2025-07-12 19:43:51.000,00fe4606,500,FREE_PRODUCT
276,Birthday bonus,80,2025-07-12 19:43:51.000,d050d3d9,0,OTHER
277,20% off any purchase,81,2025-07-12 19:43:51.000,c505c7f8,800,DISCOUNT
278,Free dessert,81,2025-07-12 19:43:51.000,3c979ed1,500,FREE_PRODUCT
279,Free coffee,81,2025-07-12 19:43:51.000,0d8f3ff0,150,FREE_PRODUCT
280,Birthday bonus,81,2025-07-12 19:43:51.000,7e40843f,0,OTHER
281,Exclusive member offer,82,2025-07-12 19:43:51.000,a360bd7f,0,OTHER
282,Member discount 5%,82,2025-07-12 19:43:51.000,d1629b3c,0,DISCOUNT
283,Birthday bonus,83,2025-07-12 19:43:51.000,622a5d89,0,OTHER
284,Free coffee,83,2025-07-12 19:43:51.000,31bbecf2,150,FREE_PRODUCT
285,20% off any purchase,83,2025-07-12 19:43:51.000,da0c0028,800,DISCOUNT
286,Free dessert,83,2025-07-12 19:43:51.000,43a709ac,500,FREE_PRODUCT
287,Free dessert,84,2025-07-12 19:43:51.000,e2d8cc53,500,FREE_PRODUCT
288,20% off any purchase,84,2025-07-12 19:43:51.000,149862f8,800,DISCOUNT
289,Birthday bonus,84,2025-07-12 19:43:51.000,198f6c20,0,OTHER
290,Free coffee,84,2025-07-12 19:43:51.000,92795e5d,150,FREE_PRODUCT
291,10% off next visit,85,2025-07-12 19:43:51.000,8a342496,300,DISCOUNT
292,20% off any purchase,85,2025-07-12 19:43:51.000,aa4c614e,800,DISCOUNT
293,Free coffee,85,2025-07-12 19:43:51.000,fa87710e,150,FREE_PRODUCT
294,Birthday bonus,85,2025-07-12 19:43:51.000,33fb580f,0,OTHER
295,Free dessert,86,2025-07-12 19:43:51.000,52e35030,500,FREE_PRODUCT
296,Birthday bonus,86,2025-07-12 19:43:51.000,a5da2cbc,0,OTHER
297,10% off next visit,86,2025-07-12 19:43:51.000,0388f02a,300,DISCOUNT
298,20% off any purchase,86,2025-07-12 19:43:51.000,d1ca6486,800,DISCOUNT
299,Free coffee,86,2025-07-12 19:43:51.000,e754f52a,150,FREE_PRODUCT
300,Free coffee,87,2025-07-12 19:43:51.000,d50d6e30,150,FREE_PRODUCT
301,10% off next visit,87,2025-07-12 19:43:51.000,b5b454b3,300,DISCOUNT
302,Free dessert,87,2025-07-12 19:43:51.000,ad25a1b5,500,FREE_PRODUCT
303,Birthday bonus,87,2025-07-12 19:43:51.000,27c4d3a1,0,OTHER
304,20% off any purchase,87,2025-07-12 19:43:51.000,5dd03f6e,800,DISCOUNT
305,Exclusive member offer,88,2025-07-12 19:43:51.000,2f34e6c2,0,OTHER
306,Member discount 5%,88,2025-07-12 19:43:51.000,78ef9648,0,DISCOUNT
307,Buy 9 get 1 free,89,2025-07-12 19:43:51.000,7f9afe92,0,FREE_PRODUCT
308,Complimentary upgrade,89,2025-07-12 19:43:51.000,95dbde39,0,OTHER
309,Free product,89,2025-07-12 19:43:51.000,867f05d6,0,FREE_PRODUCT
310,15% discount,89,2025-07-12 19:43:51.000,d5739ff4,0,DISCOUNT
311,Free dessert,90,2025-07-12 19:43:51.000,0b4b5cb3,500,FREE_PRODUCT
312,10% off next visit,90,2025-07-12 19:43:51.000,4ca5b131,300,DISCOUNT
313,Birthday bonus,90,2025-07-12 19:43:51.000,57ca0ca7,0,OTHER
314,20% off any purchase,90,2025-07-12 19:43:51.000,86c56896,800,DISCOUNT
315,Free coffee,90,2025-07-12 19:43:51.000,bed214ca,150,FREE_PRODUCT
316,Free product,91,2025-07-12 19:43:51.000,c48df65b,0,FREE_PRODUCT
317,Buy 9 get 1 free,91,2025-07-12 19:43:51.000,7468e677,0,FREE_PRODUCT
318,15% discount,91,2025-07-12 19:43:51.000,1b4ba135,0,DISCOUNT
319,Complimentary upgrade,91,2025-07-12 19:43:51.000,a791b204,0,OTHER
320,20% off any purchase,92,2025-07-12 19:43:51.000,4186f436,800,DISCOUNT
321,Free coffee,92,2025-07-12 19:43:51.000,9042d7ec,150,FREE_PRODUCT
322,Birthday bonus,92,2025-07-12 19:43:51.000,43c1b835,0,OTHER
323,10% off next visit,92,2025-07-12 19:43:51.000,46ac220a,300,DISCOUNT
324,Free dessert,92,2025-07-12 19:43:51.000,75e0e0b0,500,FREE_PRODUCT
325,Complimentary upgrade,93,2025-07-12 19:43:51.000,3e7f3e50,0,OTHER
326,Free product,93,2025-07-12 19:43:51.000,c02f82a0,0,FREE_PRODUCT
327,Buy 9 get 1 free,93,2025-07-12 19:43:51.000,34837285,0,FREE_PRODUCT
328,20% off any purchase,94,2025-07-12 19:43:51.000,917f81b9,800,DISCOUNT
329,Birthday bonus,94,2025-07-12 19:43:51.000,15cc05df,0,OTHER
330,10% off next visit,94,2025-07-12 19:43:51.000,db261730,300,DISCOUNT
331,Free product,95,2025-07-12 19:43:51.000,bf195244,0,FREE_PRODUCT
332,Buy 9 get 1 free,95,2025-07-12 19:43:51.000,9908cd85,0,FREE_PRODUCT
333,20% off any purchase,96,2025-07-12 19:43:51.000,f72f4a81,800,DISCOUNT
334,10% off next visit,96,2025-07-12 19:43:51.000,47c148bc,300,DISCOUNT
335,Free coffee,96,2025-07-12 19:43:51.000,4a296e1d,150,FREE_PRODUCT
336,Free dessert,96,2025-07-12 19:43:51.000,b5d8f001,500,FREE_PRODUCT
337,15% discount,97,2025-07-12 19:43:51.000,dfeb47fc,0,DISCOUNT
338,Buy 9 get 1 free,97,2025-07-12 19:43:51.000,f670d3d8,0,FREE_PRODUCT
339,Free product,97,2025-07-12 19:43:51.000,85d44a34,0,FREE_PRODUCT
340,Complimentary upgrade,97,2025-07-12 19:43:51.000,b8484d02,0,OTHER
341,Exclusive member offer,98,2025-07-12 19:43:51.000,02c616f3,0,OTHER
342,Member discount 5%,98,2025-07-12 19:43:51.000,1126260a,0,DISCOUNT
343,Buy 9 get 1 free,99,2025-07-12 19:43:51.000,727e0c28,0,FREE_PRODUCT
344,Free product,99,2025-07-12 19:43:51.000,d50bca93,0,FREE_PRODUCT
345,Complimentary upgrade,99,2025-07-12 19:43:51.000,054de79a,0,OTHER
346,20% off any purchase,100,2025-07-12 19:43:51.000,71fb941c,800,DISCOUNT
347,Birthday bonus,100,2025-07-12 19:43:51.000,2b4632ac,0,OTHER
348,Free dessert,100,2025-07-12 19:43:51.000,155a2077,500,FREE_PRODUCT
349,Free product,101,2025-07-12 19:43:51.000,8d54f866,0,FREE_PRODUCT
350,Buy 9 get 1 free,101,2025-07-12 19:43:51.000,b9117a47,0,FREE_PRODUCT
351,15% discount,101,2025-07-12 19:43:51.000,97c22941,0,DISCOUNT
352,10% off next visit,102,2025-07-12 19:43:51.000,32bf9540,300,DISCOUNT
353,Free dessert,102,2025-07-12 19:43:51.000,8eb0345d,500,FREE_PRODUCT
354,Free coffee,102,2025-07-12 19:43:51.000,7ff147fb,150,FREE_PRODUCT
355,20% off any purchase,102,2025-07-12 19:43:51.000,ca9dc836,800,DISCOUNT
356,Birthday bonus,102,2025-07-12 19:43:51.000,f62e8dff,0,OTHER
357,Birthday bonus,103,2025-07-12 19:43:51.000,fd9ebe17,0,OTHER
358,Free dessert,103,2025-07-12 19:43:51.000,6c92cab8,500,FREE_PRODUCT
359,Free coffee,103,2025-07-12 19:43:51.000,0c7af967,150,FREE_PRODUCT
360,10% off next visit,103,2025-07-12 19:43:51.000,3a88041b,300,DISCOUNT
361,20% off any purchase,103,2025-07-12 19:43:51.000,b1d7f767,800,DISCOUNT
362,Birthday bonus,104,2025-07-12 19:43:51.000,9c521aaf,0,OTHER
363,Free coffee,104,2025-07-12 19:43:51.000,10dda985,150,FREE_PRODUCT
364,Free dessert,104,2025-07-12 19:43:51.000,2e087ffa,500,FREE_PRODUCT
365,10% off next visit,104,2025-07-12 19:43:51.000,61260b26,300,DISCOUNT
366,20% off any purchase,104,2025-07-12 19:43:51.000,ec828ff8,800,DISCOUNT
367,10% off next visit,105,2025-07-12 19:43:51.000,2323d8e1,300,DISCOUNT
368,20% off any purchase,105,2025-07-12 19:43:51.000,c22b755c,800,DISCOUNT
369,Free coffee,105,2025-07-12 19:43:51.000,fcb31b2c,150,FREE_PRODUCT
370,Birthday bonus,105,2025-07-12 19:43:51.000,c550312a,0,OTHER
371,Free dessert,105,2025-07-12 19:43:51.000,f282a871,500,FREE_PRODUCT
372,Complimentary upgrade,106,2025-07-12 19:43:51.000,d3e32a1f,0,OTHER
373,15% discount,106,2025-07-12 19:43:51.000,3f291087,0,DISCOUNT
374,Free product,106,2025-07-12 19:43:51.000,3ebf2865,0,FREE_PRODUCT
375,Buy 9 get 1 free,106,2025-07-12 19:43:51.000,3223930b,0,FREE_PRODUCT
376,Free dessert,107,2025-07-12 19:43:51.000,2d3c8036,500,FREE_PRODUCT
377,Free coffee,107,2025-07-12 19:43:51.000,227d1ffc,150,FREE_PRODUCT
378,10% off next visit,107,2025-07-12 19:43:51.000,6d29778d,300,DISCOUNT
379,Birthday bonus,107,2025-07-12 19:43:51.000,f7561839,0,OTHER
380,10% off next visit,108,2025-07-12 19:43:51.000,dbe45da9,300,DISCOUNT
381,Free dessert,108,2025-07-12 19:43:51.000,b074af3e,500,FREE_PRODUCT
382,Free coffee,108,2025-07-12 19:43:51.000,c76fedaf,150,FREE_PRODUCT
383,Free coffee,109,2025-07-12 19:43:51.000,f8941fe4,150,FREE_PRODUCT
384,10% off next visit,109,2025-07-12 19:43:51.000,2550b176,300,DISCOUNT
385,Free dessert,109,2025-07-12 19:43:51.000,30ac6dc7,500,FREE_PRODUCT
386,Birthday bonus,109,2025-07-12 19:43:51.000,d4a40749,0,OTHER
387,20% off any purchase,109,2025-07-12 19:43:51.000,6d484fdf,800,DISCOUNT
388,20% off any purchase,110,2025-07-12 19:43:51.000,dce9b587,800,DISCOUNT
389,Birthday bonus,110,2025-07-12 19:43:51.000,389cd543,0,OTHER
390,Free coffee,110,2025-07-12 19:43:51.000,40a79239,150,FREE_PRODUCT
391,Free dessert,110,2025-07-12 19:43:51.000,062902e7,500,FREE_PRODUCT
392,10% off next visit,110,2025-07-12 19:43:51.000,843a8abf,300,DISCOUNT
393,Member discount 5%,111,2025-07-12 19:43:51.000,839fdc81,0,DISCOUNT
394,Exclusive member offer,111,2025-07-12 19:43:51.000,1b615900,0,OTHER
395,Free dessert,112,2025-07-12 19:43:51.000,8ff533d7,500,FREE_PRODUCT
396,Birthday bonus,112,2025-07-12 19:43:51.000,3fdf8513,0,OTHER
397,Free coffee,113,2025-07-12 19:43:51.000,3394cad6,150,FREE_PRODUCT
398,10% off next visit,113,2025-07-12 19:43:51.000,b7e9ed24,300,DISCOUNT
399,Birthday bonus,113,2025-07-12 19:43:51.000,79bbcf85,0,OTHER
400,20% off any purchase,113,2025-07-12 19:43:51.000,fb5ad34b,800,DISCOUNT
401,20% off any purchase,114,2025-07-12 19:43:51.000,1d4b0486,800,DISCOUNT
402,10% off next visit,114,2025-07-12 19:43:51.000,4a417db4,300,DISCOUNT
403,Birthday bonus,114,2025-07-12 19:43:51.000,c3f2e29f,0,OTHER
404,Free dessert,114,2025-07-12 19:43:51.000,d9f86c83,500,FREE_PRODUCT
405,Buy 9 get 1 free,115,2025-07-12 19:43:51.000,96eb97b0,0,FREE_PRODUCT
406,Complimentary upgrade,115,2025-07-12 19:43:51.000,9267935b,0,OTHER
407,Exclusive member offer,116,2025-07-12 19:43:51.000,e74abbde,0,OTHER
408,Member discount 5%,116,2025-07-12 19:43:51.000,985b532b,0,DISCOUNT
409,Member discount 5%,117,2025-07-12 19:43:51.000,34a51386,0,DISCOUNT
410,Exclusive member offer,117,2025-07-12 19:43:51.000,8946e851,0,OTHER
411,Complimentary upgrade,118,2025-07-12 19:43:51.000,a3af767a,0,OTHER
412,Free product,118,2025-07-12 19:43:51.000,d3785b7e,0,FREE_PRODUCT
413,Exclusive member offer,119,2025-07-12 19:43:51.000,f676a0b7,0,OTHER
414,Member discount 5%,119,2025-07-12 19:43:51.000,62858489,0,DISCOUNT
415,Free coffee,120,2025-07-12 19:43:51.000,c81f6535,150,FREE_PRODUCT
416,Free dessert,120,2025-07-12 19:43:51.000,0023d8bd,500,FREE_PRODUCT
417,20% off any purchase,120,2025-07-12 19:43:51.000,ef9526a1,800,DISCOUNT
418,Birthday bonus,120,2025-07-12 19:43:51.000,1a01589b,0,OTHER
419,10% off next visit,120,2025-07-12 19:43:51.000,d295f196,300,DISCOUNT
420,20% off any purchase,121,2025-07-12 19:43:51.000,41366bca,800,DISCOUNT
421,Free dessert,121,2025-07-12 19:43:51.000,d5ca47bd,500,FREE_PRODUCT
422,Free product,122,2025-07-12 19:43:51.000,b48bc906,0,FREE_PRODUCT
423,Buy 9 get 1 free,122,2025-07-12 19:43:51.000,12335949,0,FREE_PRODUCT
424,Complimentary upgrade,123,2025-07-12 19:43:51.000,a0b6e5c1,0,OTHER
425,15% discount,123,2025-07-12 19:43:51.000,791f5a89,0,DISCOUNT
426,Buy 9 get 1 free,123,2025-07-12 19:43:51.000,f16272b8,0,FREE_PRODUCT
427,Free product,123,2025-07-12 19:43:51.000,935fb5dd,0,FREE_PRODUCT
428,Birthday bonus,124,2025-07-12 19:43:51.000,ab8d672b,0,OTHER
429,Free dessert,124,2025-07-12 19:43:51.000,3e3f1a79,500,FREE_PRODUCT
430,10% off next visit,124,2025-07-12 19:43:51.000,552b41e9,300,DISCOUNT
431,20% off any purchase,124,2025-07-12 19:43:51.000,9299fa76,800,DISCOUNT
432,Free coffee,124,2025-07-12 19:43:51.000,f56eb37c,150,FREE_PRODUCT
433,Birthday bonus,125,2025-07-12 19:43:51.000,5129dee7,0,OTHER
434,10% off next visit,125,2025-07-12 19:43:51.000,9de73569,300,DISCOUNT
435,Free dessert,125,2025-07-12 19:43:51.000,dffd458d,500,FREE_PRODUCT
436,20% off any purchase,125,2025-07-12 19:43:51.000,e989a3a9,800,DISCOUNT
437,Free coffee,125,2025-07-12 19:43:51.000,0c906f67,150,FREE_PRODUCT
438,Free coffee,126,2025-07-12 19:43:51.000,07dee0f0,150,FREE_PRODUCT
439,Free dessert,126,2025-07-12 19:43:51.000,ba3f9c62,500,FREE_PRODUCT
440,Birthday bonus,126,2025-07-12 19:43:51.000,0b90a3fc,0,OTHER
441,20% off any purchase,126,2025-07-12 19:43:51.000,2a92c776,800,DISCOUNT
442,10% off next visit,126,2025-07-12 19:43:51.000,962b8d0b,300,DISCOUNT
443,20% off any purchase,127,2025-07-12 19:43:51.000,9c1a88e2,800,DISCOUNT
444,Free coffee,127,2025-07-12 19:43:51.000,dd349313,150,FREE_PRODUCT
445,Free dessert,127,2025-07-12 19:43:51.000,13127128,500,FREE_PRODUCT
446,Birthday bonus,127,2025-07-12 19:43:51.000,e803e445,0,OTHER
447,10% off next visit,127,2025-07-12 19:43:51.000,706cea30,300,DISCOUNT
448,Free coffee,128,2025-07-12 19:43:51.000,746a4429,150,FREE_PRODUCT
449,Birthday bonus,128,2025-07-12 19:43:51.000,f99156b5,0,OTHER
450,20% off any purchase,128,2025-07-12 19:43:51.000,54b49388,800,DISCOUNT
451,Free dessert,128,2025-07-12 19:43:51.000,4d96d3d9,500,FREE_PRODUCT
452,15% discount,129,2025-07-12 19:43:51.000,2797f793,0,DISCOUNT
453,Buy 9 get 1 free,129,2025-07-12 19:43:51.000,91d440d0,0,FREE_PRODUCT
454,Complimentary upgrade,129,2025-07-12 19:43:51.000,44246a35,0,OTHER
455,Buy 9 get 1 free,130,2025-07-12 19:43:51.000,60acce8c,0,FREE_PRODUCT
456,Complimentary upgrade,130,2025-07-12 19:43:51.000,49ff6721,0,OTHER
457,Complimentary upgrade,131,2025-07-12 19:43:51.000,5e227ff8,0,OTHER
458,15% discount,131,2025-07-12 19:43:51.000,5ed851e5,0,DISCOUNT
459,Free product,131,2025-07-12 19:43:51.000,e4960688,0,FREE_PRODUCT
460,Buy 9 get 1 free,131,2025-07-12 19:43:51.000,142a6577,0,FREE_PRODUCT
461,Free product,132,2025-07-12 19:43:51.000,ed2c07bc,0,FREE_PRODUCT
462,15% discount,132,2025-07-12 19:43:51.000,93f3f970,0,DISCOUNT
463,Buy 9 get 1 free,132,2025-07-12 19:43:51.000,6f7908e3,0,FREE_PRODUCT
464,Buy 9 get 1 free,133,2025-07-12 19:43:51.000,8ec0a0c0,0,FREE_PRODUCT
465,Free product,133,2025-07-12 19:43:51.000,276f807c,0,FREE_PRODUCT
466,15% discount,133,2025-07-12 19:43:51.000,57ecc65c,0,DISCOUNT
467,Complimentary upgrade,133,2025-07-12 19:43:51.000,be81469a,0,OTHER
468,Complimentary upgrade,134,2025-07-12 19:43:51.000,e7a410b8,0,OTHER
469,15% discount,134,2025-07-12 19:43:51.000,7e94d66b,0,DISCOUNT
470,Buy 9 get 1 free,134,2025-07-12 19:43:51.000,4564075d,0,FREE_PRODUCT
471,20% off any purchase,135,2025-07-12 19:43:51.000,f15d878f,800,DISCOUNT
472,Birthday bonus,135,2025-07-12 19:43:51.000,c7777eb6,0,OTHER
473,Free dessert,135,2025-07-12 19:43:51.000,13384b76,500,FREE_PRODUCT
474,10% off next visit,135,2025-07-12 19:43:51.000,c61fcd86,300,DISCOUNT
475,Free dessert,136,2025-07-12 19:43:51.000,a830e9ef,500,FREE_PRODUCT
476,Birthday bonus,136,2025-07-12 19:43:51.000,76db2965,0,OTHER
477,20% off any purchase,136,2025-07-12 19:43:51.000,f032b94d,800,DISCOUNT
478,10% off next visit,136,2025-07-12 19:43:51.000,4d00ff60,300,DISCOUNT
479,Free coffee,136,2025-07-12 19:43:51.000,dd63b607,150,FREE_PRODUCT
480,Exclusive member offer,137,2025-07-12 19:43:51.000,5b08e673,0,OTHER
481,Member discount 5%,137,2025-07-12 19:43:51.000,8989f29b,0,DISCOUNT
482,Complimentary upgrade,138,2025-07-12 19:43:51.000,95816db0,0,OTHER
483,15% discount,138,2025-07-12 19:43:51.000,709fcfde,0,DISCOUNT
484,Free product,138,2025-07-12 19:43:51.000,e6ead09b,0,FREE_PRODUCT
485,Buy 9 get 1 free,138,2025-07-12 19:43:51.000,b27dc42b,0,FREE_PRODUCT
486,Complimentary upgrade,139,2025-07-12 19:43:51.000,c3bb48de,0,OTHER
487,Free product,139,2025-07-12 19:43:51.000,31cd19ba,0,FREE_PRODUCT
488,15% discount,139,2025-07-12 19:43:51.000,0168eab8,0,DISCOUNT
489,Free coffee,140,2025-07-12 19:43:51.000,a5de34db,150,FREE_PRODUCT
490,10% off next visit,140,2025-07-12 19:43:51.000,ab90c7f4,300,DISCOUNT
491,20% off any purchase,140,2025-07-12 19:43:51.000,f409f810,800,DISCOUNT
492,Birthday bonus,140,2025-07-12 19:43:51.000,83205408,0,OTHER
493,Free dessert,141,2025-07-12 19:43:51.000,3965821e,500,FREE_PRODUCT
494,10% off next visit,141,2025-07-12 19:43:51.000,90a33e40,300,DISCOUNT
495,20% off any purchase,141,2025-07-12 19:43:51.000,5098d960,800,DISCOUNT
496,Free coffee,141,2025-07-12 19:43:51.000,1de061af,150,FREE_PRODUCT
497,Birthday bonus,141,2025-07-12 19:43:51.000,e8902864,0,OTHER
498,15% discount,142,2025-07-12 19:43:51.000,bb919ea9,0,DISCOUNT
499,Free product,142,2025-07-12 19:43:51.000,b8c5e16c,0,FREE_PRODUCT
500,Buy 9 get 1 free,142,2025-07-12 19:43:51.000,c24decab,0,FREE_PRODUCT
501,20% off any purchase,143,2025-07-12 19:43:51.000,ebaa731a,800,DISCOUNT
502,10% off next visit,143,2025-07-12 19:43:51.000,1bf332f1,300,DISCOUNT
503,Free dessert,143,2025-07-12 19:43:51.000,233ec934,500,FREE_PRODUCT
504,Birthday bonus,143,2025-07-12 19:43:51.000,3374e32a,0,OTHER
505,Free coffee,143,2025-07-12 19:43:51.000,809deb28,150,FREE_PRODUCT
506,Free coffee,144,2025-07-12 19:43:51.000,40a0cf3a,150,FREE_PRODUCT
507,20% off any purchase,144,2025-07-12 19:43:51.000,80da8834,800,DISCOUNT
508,10% off next visit,144,2025-07-12 19:43:51.000,f597a4b7,300,DISCOUNT
509,Birthday bonus,144,2025-07-12 19:43:51.000,1db1d93d,0,OTHER
510,Free dessert,144,2025-07-12 19:43:51.000,1cb6ea02,500,FREE_PRODUCT
511,Free product,145,2025-07-12 19:43:51.000,401859a4,0,FREE_PRODUCT
512,15% discount,145,2025-07-12 19:43:51.000,27cf27ce,0,DISCOUNT
513,Complimentary upgrade,145,2025-07-12 19:43:51.000,da8f8902,0,OTHER
514,Buy 9 get 1 free,145,2025-07-12 19:43:51.000,bd9af22f,0,FREE_PRODUCT
515,10% off next visit,146,2025-07-12 19:43:51.000,a24b2a9f,300,DISCOUNT
516,Birthday bonus,146,2025-07-12 19:43:51.000,13e12339,0,OTHER
517,20% off any purchase,146,2025-07-12 19:43:51.000,48d46c2a,800,DISCOUNT
518,Free coffee,146,2025-07-12 19:43:51.000,8e7aeb45,150,FREE_PRODUCT
519,Exclusive member offer,147,2025-07-12 19:43:51.000,98ccf5ee,0,OTHER
520,Member discount 5%,147,2025-07-12 19:43:51.000,e274300d,0,DISCOUNT
521,Free coffee,148,2025-07-12 19:43:51.000,c3a92d67,150,FREE_PRODUCT
522,Free dessert,148,2025-07-12 19:43:51.000,a6a843e4,500,FREE_PRODUCT
523,Birthday bonus,148,2025-07-12 19:43:51.000,5eee7ec4,0,OTHER
524,10% off next visit,148,2025-07-12 19:43:51.000,2390d46e,300,DISCOUNT
525,20% off any purchase,148,2025-07-12 19:43:51.000,76d44a4b,800,DISCOUNT
526,10% off next visit,149,2025-07-12 19:43:51.000,1c72b194,300,DISCOUNT
527,Birthday bonus,149,2025-07-12 19:43:51.000,a91e1283,0,OTHER
528,20% off any purchase,149,2025-07-12 19:43:51.000,e4a7b04d,800,DISCOUNT
529,10% off next visit,150,2025-07-12 19:43:51.000,859c33b5,300,DISCOUNT
530,20% off any purchase,150,2025-07-12 19:43:51.000,a832ffb2,800,DISCOUNT
531,Birthday bonus,151,2025-07-12 19:43:51.000,3c6cbc17,0,OTHER
532,Free coffee,151,2025-07-12 19:43:51.000,1813ee95,150,FREE_PRODUCT
533,20% off any purchase,151,2025-07-12 19:43:51.000,34438640,800,DISCOUNT
534,Free dessert,151,2025-07-12 19:43:51.000,f0e7068d,500,FREE_PRODUCT
535,10% off next visit,151,2025-07-12 19:43:51.000,df54b154,300,DISCOUNT
536,Exclusive member offer,152,2025-07-12 19:43:51.000,4df143e7,0,OTHER
537,Member discount 5%,152,2025-07-12 19:43:51.000,ea6e999c,0,DISCOUNT
538,Free coffee,153,2025-07-12 19:43:51.000,159debcc,150,FREE_PRODUCT
539,Birthday bonus,153,2025-07-12 19:43:51.000,d21a251a,0,OTHER
540,15% discount,154,2025-07-12 19:43:51.000,19a526f3,0,DISCOUNT
541,Free product,154,2025-07-12 19:43:51.000,42cfb11a,0,FREE_PRODUCT
542,Buy 9 get 1 free,154,2025-07-12 19:43:51.000,5eac57d5,0,FREE_PRODUCT
543,Complimentary upgrade,154,2025-07-12 19:43:51.000,754780a0,0,OTHER
544,Birthday bonus,155,2025-07-12 19:43:51.000,b82995a3,0,OTHER
545,Free dessert,155,2025-07-12 19:43:51.000,2d9ed840,500,FREE_PRODUCT
546,10% off next visit,155,2025-07-12 19:43:51.000,5af2875f,300,DISCOUNT
547,20% off any purchase,155,2025-07-12 19:43:51.000,5b41b758,800,DISCOUNT
548,20% off any purchase,156,2025-07-12 19:43:51.000,b7c8dd39,800,DISCOUNT
549,Free coffee,156,2025-07-12 19:43:51.000,f06ee01a,150,FREE_PRODUCT
550,Birthday bonus,156,2025-07-12 19:43:51.000,8349cbb5,0,OTHER
551,10% off next visit,157,2025-07-12 19:43:51.000,2f504217,300,DISCOUNT
552,20% off any purchase,157,2025-07-12 19:43:51.000,7ccde271,800,DISCOUNT
553,Birthday bonus,157,2025-07-12 19:43:51.000,3307e059,0,OTHER
554,20% off any purchase,158,2025-07-12 19:43:51.000,8080cd93,800,DISCOUNT
555,Free dessert,158,2025-07-12 19:43:51.000,8b68c5ed,500,FREE_PRODUCT
556,Birthday bonus,158,2025-07-12 19:43:51.000,8aef2303,0,OTHER
557,Complimentary upgrade,159,2025-07-12 19:43:51.000,8a8824cc,0,OTHER
558,15% discount,159,2025-07-12 19:43:51.000,acfa445a,0,DISCOUNT
559,15% discount,160,2025-07-12 19:43:51.000,36207793,0,DISCOUNT
560,Buy 9 get 1 free,160,2025-07-12 19:43:51.000,cf644709,0,FREE_PRODUCT
561,15% discount,161,2025-07-12 19:43:51.000,1d1f1ebe,0,DISCOUNT
562,Complimentary upgrade,161,2025-07-12 19:43:51.000,0ecb2778,0,OTHER
563,Buy 9 get 1 free,162,2025-07-12 19:43:51.000,1ad2d125,0,FREE_PRODUCT
564,Complimentary upgrade,162,2025-07-12 19:43:51.000,2d837c2f,0,OTHER
565,15% discount,162,2025-07-12 19:43:51.000,daf3f635,0,DISCOUNT
566,Member discount 5%,163,2025-07-12 19:43:51.000,66c52ba3,0,DISCOUNT
567,Exclusive member offer,163,2025-07-12 19:43:51.000,d614de9f,0,OTHER
568,Free product,164,2025-07-12 19:43:51.000,ea004b58,0,FREE_PRODUCT
569,Complimentary upgrade,164,2025-07-12 19:43:51.000,5935b83b,0,OTHER
570,15% discount,164,2025-07-12 19:43:51.000,699093d1,0,DISCOUNT
571,Buy 9 get 1 free,164,2025-07-12 19:43:51.000,5afdcce8,0,FREE_PRODUCT
572,10% off next visit,165,2025-07-12 19:43:51.000,6077c8db,300,DISCOUNT
573,Birthday bonus,165,2025-07-12 19:43:51.000,96f02842,0,OTHER
574,Free coffee,165,2025-07-12 19:43:51.000,6d6e9d59,150,FREE_PRODUCT
575,Free dessert,165,2025-07-12 19:43:51.000,f898ca31,500,FREE_PRODUCT
576,Free dessert,166,2025-07-12 19:43:51.000,8ef7914e,500,FREE_PRODUCT
577,Birthday bonus,166,2025-07-12 19:43:51.000,12e43018,0,OTHER
578,Free product,167,2025-07-12 19:43:51.000,8e9834cf,0,FREE_PRODUCT
579,Buy 9 get 1 free,167,2025-07-12 19:43:51.000,3262e610,0,FREE_PRODUCT
580,15% discount,167,2025-07-12 19:43:51.000,18439b6d,0,DISCOUNT
581,Complimentary upgrade,167,2025-07-12 19:43:51.000,5d3c1f12,0,OTHER
582,Exclusive member offer,168,2025-07-12 19:43:51.000,5335bb33,0,OTHER
583,Member discount 5%,168,2025-07-12 19:43:51.000,6729f412,0,DISCOUNT
584,Free product,169,2025-07-12 19:43:51.000,25f41818,0,FREE_PRODUCT
585,Buy 9 get 1 free,169,2025-07-12 19:43:51.000,c83d688d,0,FREE_PRODUCT
586,15% discount,169,2025-07-12 19:43:51.000,c65f24e5,0,DISCOUNT
587,Complimentary upgrade,169,2025-07-12 19:43:51.000,d45fe04f,0,OTHER
588,Member discount 5%,170,2025-07-12 19:43:51.000,5022bea0,0,DISCOUNT
589,Exclusive member offer,170,2025-07-12 19:43:51.000,1a972faa,0,OTHER
590,Complimentary upgrade,171,2025-07-12 19:43:51.000,723539b2,0,OTHER
591,15% discount,171,2025-07-12 19:43:51.000,a18b095b,0,DISCOUNT
592,Buy 9 get 1 free,171,2025-07-12 19:43:51.000,51072dea,0,FREE_PRODUCT
593,Birthday bonus,172,2025-07-12 19:43:51.000,ff81115c,0,OTHER
594,Free dessert,172,2025-07-12 19:43:51.000,c360061a,500,FREE_PRODUCT
595,10% off next visit,172,2025-07-12 19:43:51.000,a9bce422,300,DISCOUNT
596,20% off any purchase,172,2025-07-12 19:43:51.000,f5425cc6,800,DISCOUNT
597,Free product,173,2025-07-12 19:43:51.000,1a684fbd,0,FREE_PRODUCT
598,Complimentary upgrade,173,2025-07-12 19:43:51.000,a94a4fd2,0,OTHER
599,Buy 9 get 1 free,173,2025-07-12 19:43:51.000,8cc808b0,0,FREE_PRODUCT
600,15% discount,173,2025-07-12 19:43:51.000,8a562234,0,DISCOUNT
601,Exclusive member offer,174,2025-07-12 19:43:51.000,6775e97e,0,OTHER
602,Member discount 5%,174,2025-07-12 19:43:51.000,7d562b8f,0,DISCOUNT
603,Complimentary upgrade,175,2025-07-12 19:43:51.000,de36f128,0,OTHER
604,Buy 9 get 1 free,175,2025-07-12 19:43:51.000,bf7e99fe,0,FREE_PRODUCT
605,Buy 9 get 1 free,176,2025-07-12 19:43:51.000,eb2df7b8,0,FREE_PRODUCT
606,Free product,176,2025-07-12 19:43:51.000,581a91bd,0,FREE_PRODUCT
607,15% discount,176,2025-07-12 19:43:51.000,37666458,0,DISCOUNT
608,Complimentary upgrade,176,2025-07-12 19:43:51.000,d721ae20,0,OTHER
609,15% discount,177,2025-07-12 19:43:51.000,61603be2,0,DISCOUNT
610,Free product,177,2025-07-12 19:43:51.000,6dd0d1c1,0,FREE_PRODUCT
611,15% discount,178,2025-07-12 19:43:51.000,f116ec13,0,DISCOUNT
612,Free product,178,2025-07-12 19:43:51.000,87098b94,0,FREE_PRODUCT
613,10% off next visit,179,2025-07-12 19:43:51.000,3a0633a8,300,DISCOUNT
614,Birthday bonus,179,2025-07-12 19:43:51.000,66945977,0,OTHER
615,Free dessert,179,2025-07-12 19:43:51.000,7ddad81a,500,FREE_PRODUCT
616,Free coffee,179,2025-07-12 19:43:51.000,8a51f802,150,FREE_PRODUCT
617,20% off any purchase,179,2025-07-12 19:43:51.000,a76c2392,800,DISCOUNT
618,Free dessert,180,2025-07-12 19:43:51.000,ab332aae,500,FREE_PRODUCT
619,10% off next visit,180,2025-07-12 19:43:51.000,30f49328,300,DISCOUNT
620,20% off any purchase,180,2025-07-12 19:43:51.000,94ae931d,800,DISCOUNT
621,Birthday bonus,180,2025-07-12 19:43:51.000,dd62b04c,0,OTHER
622,Free coffee,180,2025-07-12 19:43:51.000,dc0655fb,150,FREE_PRODUCT
623,Free coffee,181,2025-07-12 19:43:51.000,9d9a57b6,150,FREE_PRODUCT
624,20% off any purchase,181,2025-07-12 19:43:51.000,d6bfe13d,800,DISCOUNT
625,Birthday bonus,181,2025-07-12 19:43:51.000,ac2189b5,0,OTHER
626,Free dessert,181,2025-07-12 19:43:51.000,df3609a5,500,FREE_PRODUCT
627,10% off next visit,181,2025-07-12 19:43:51.000,56c78550,300,DISCOUNT
628,Exclusive member offer,182,2025-07-12 19:43:51.000,48f187e7,0,OTHER
629,Member discount 5%,182,2025-07-12 19:43:51.000,b55ffc18,0,DISCOUNT
630,Birthday bonus,183,2025-07-12 19:43:51.000,988f6748,0,OTHER
631,Free dessert,183,2025-07-12 19:43:51.000,11d15638,500,FREE_PRODUCT
632,Free dessert,184,2025-07-12 19:43:51.000,deed83cb,500,FREE_PRODUCT
633,10% off next visit,184,2025-07-12 19:43:51.000,886f92be,300,DISCOUNT
634,20% off any purchase,185,2025-07-12 19:43:51.000,db8ab336,800,DISCOUNT
635,Free coffee,185,2025-07-12 19:43:51.000,f1727d1d,150,FREE_PRODUCT
636,Birthday bonus,185,2025-07-12 19:43:51.000,64c571e6,0,OTHER
637,10% off next visit,185,2025-07-12 19:43:51.000,0b32027b,300,DISCOUNT
638,Free dessert,185,2025-07-12 19:43:51.000,c3cc0b73,500,FREE_PRODUCT
639,Birthday bonus,186,2025-07-12 19:43:51.000,3fcbf19a,0,OTHER
640,Free coffee,186,2025-07-12 19:43:51.000,c9ff2a2c,150,FREE_PRODUCT
641,10% off next visit,186,2025-07-12 19:43:51.000,8573b478,300,DISCOUNT
642,Free dessert,186,2025-07-12 19:43:51.000,4ee02605,500,FREE_PRODUCT
643,20% off any purchase,186,2025-07-12 19:43:51.000,804be484,800,DISCOUNT
644,Free product,187,2025-07-12 19:43:51.000,083d6732,0,FREE_PRODUCT
645,Complimentary upgrade,187,2025-07-12 19:43:51.000,3a2f0bdf,0,OTHER
646,15% discount,187,2025-07-12 19:43:51.000,e339cba4,0,DISCOUNT
647,Buy 9 get 1 free,187,2025-07-12 19:43:51.000,8641438c,0,FREE_PRODUCT
648,10% off next visit,188,2025-07-12 19:43:51.000,55ab95ca,300,DISCOUNT
649,Free coffee,188,2025-07-12 19:43:51.000,ac65db83,150,FREE_PRODUCT
650,Birthday bonus,188,2025-07-12 19:43:51.000,b48b7a12,0,OTHER
651,20% off any purchase,188,2025-07-12 19:43:51.000,e0eaf86f,800,DISCOUNT
652,Free dessert,188,2025-07-12 19:43:51.000,7c384fb6,500,FREE_PRODUCT
653,Free coffee,189,2025-07-12 19:43:51.000,02c4fb42,150,FREE_PRODUCT
654,Birthday bonus,189,2025-07-12 19:43:51.000,51d5de7f,0,OTHER
655,15% discount,190,2025-07-12 19:43:51.000,779a1219,0,DISCOUNT
656,Free product,190,2025-07-12 19:43:51.000,d1e0291a,0,FREE_PRODUCT
657,Buy 9 get 1 free,190,2025-07-12 19:43:51.000,b0ef501a,0,FREE_PRODUCT
658,Complimentary upgrade,190,2025-07-12 19:43:51.000,cf622020,0,OTHER
659,Member discount 5%,191,2025-07-12 19:43:51.000,2b1317d2,0,DISCOUNT
660,Exclusive member offer,191,2025-07-12 19:43:51.000,519cb4bc,0,OTHER
661,Birthday bonus,192,2025-07-12 19:43:51.000,07d2d2df,0,OTHER
662,20% off any purchase,192,2025-07-12 19:43:51.000,89347382,800,DISCOUNT
663,Free dessert,192,2025-07-12 19:43:51.000,fbcd247c,500,FREE_PRODUCT
664,10% off next visit,192,2025-07-12 19:43:51.000,7b283c38,300,DISCOUNT
665,Free product,193,2025-07-12 19:43:51.000,ce38d8ac,0,FREE_PRODUCT
666,Buy 9 get 1 free,193,2025-07-12 19:43:51.000,b1241fce,0,FREE_PRODUCT
667,15% discount,193,2025-07-12 19:43:51.000,af55ed32,0,DISCOUNT
668,Complimentary upgrade,193,2025-07-12 19:43:51.000,7b76fe26,0,OTHER
669,Free product,194,2025-07-12 19:43:51.000,0a65eb70,0,FREE_PRODUCT
670,Buy 9 get 1 free,194,2025-07-12 19:43:51.000,9ab39d77,0,FREE_PRODUCT
671,15% discount,194,2025-07-12 19:43:51.000,f40c80f7,0,DISCOUNT
672,Free dessert,195,2025-07-12 19:43:51.000,62c1d434,500,FREE_PRODUCT
673,10% off next visit,195,2025-07-12 19:43:51.000,4a9ea8d5,300,DISCOUNT
674,10% off next visit,196,2025-07-12 19:43:51.000,167a9a0b,300,DISCOUNT
675,Free coffee,196,2025-07-12 19:43:51.000,099cfa53,150,FREE_PRODUCT
676,20% off any purchase,196,2025-07-12 19:43:51.000,382f40da,800,DISCOUNT
677,Birthday bonus,196,2025-07-12 19:43:51.000,36c8beb0,0,OTHER
678,20% off any purchase,197,2025-07-12 19:43:51.000,285848b2,800,DISCOUNT
679,Free coffee,197,2025-07-12 19:43:51.000,3ae606cf,150,FREE_PRODUCT
680,10% off next visit,197,2025-07-12 19:43:51.000,34c0b401,300,DISCOUNT
681,Free dessert,197,2025-07-12 19:43:51.000,970766cb,500,FREE_PRODUCT
682,Birthday bonus,197,2025-07-12 19:43:51.000,1de2b969,0,OTHER
683,Complimentary upgrade,198,2025-07-12 19:43:51.000,c95306b9,0,OTHER
684,Buy 9 get 1 free,198,2025-07-12 19:43:51.000,6bf7c23e,0,FREE_PRODUCT
685,Complimentary upgrade,199,2025-07-12 19:43:51.000,c08b57f8,0,OTHER
686,15% discount,199,2025-07-12 19:43:51.000,a165ae9a,0,DISCOUNT
687,Buy 9 get 1 free,199,2025-07-12 19:43:51.000,269fff96,0,FREE_PRODUCT
688,Buy 9 get 1 free,200,2025-07-12 19:43:51.000,e3fa5d61,0,FREE_PRODUCT
689,Complimentary upgrade,200,2025-07-12 19:43:51.000,286ff957,0,OTHER
690,Free product,200,2025-07-12 19:43:51.000,dcc72ab0,0,FREE_PRODUCT
691,15% discount,200,2025-07-12 19:43:51.000,0af72fe5,0,DISCOUNT
692,Free coffee,201,2025-07-12 19:43:51.000,ea16fe87,150,FREE_PRODUCT
693,10% off next visit,201,2025-07-12 19:43:51.000,4d74370d,300,DISCOUNT
694,Birthday bonus,201,2025-07-12 19:43:51.000,52d4816b,0,OTHER
695,20% off any purchase,201,2025-07-12 19:43:51.000,90c4169d,800,DISCOUNT
696,Free dessert,201,2025-07-12 19:43:51.000,09052540,500,FREE_PRODUCT
697,Complimentary upgrade,202,2025-07-12 19:43:51.000,b52f3cd2,0,OTHER
698,15% discount,202,2025-07-12 19:43:51.000,170d7e02,0,DISCOUNT
699,Buy 9 get 1 free,202,2025-07-12 19:43:51.000,25066c07,0,FREE_PRODUCT
700,Free dessert,203,2025-07-12 19:43:51.000,0ec6e87d,500,FREE_PRODUCT
701,20% off any purchase,203,2025-07-12 19:43:51.000,4d895207,800,DISCOUNT
702,Buy 9 get 1 free,204,2025-07-12 19:43:51.000,5031ea7e,0,FREE_PRODUCT
703,15% discount,204,2025-07-12 19:43:51.000,29c4e02d,0,DISCOUNT
704,Free product,204,2025-07-12 19:43:51.000,4191eb49,0,FREE_PRODUCT
705,Free coffee,205,2025-07-12 19:43:51.000,81eb389c,150,FREE_PRODUCT
706,Birthday bonus,205,2025-07-12 19:43:51.000,2b8af34a,0,OTHER
707,Free dessert,205,2025-07-12 19:43:51.000,b24af376,500,FREE_PRODUCT
708,20% off any purchase,205,2025-07-12 19:43:51.000,5e057254,800,DISCOUNT
709,10% off next visit,205,2025-07-12 19:43:51.000,4f26cd47,300,DISCOUNT
710,Free product,206,2025-07-12 19:43:51.000,f069ddbf,0,FREE_PRODUCT
711,Buy 9 get 1 free,206,2025-07-12 19:43:51.000,25679018,0,FREE_PRODUCT
712,15% discount,206,2025-07-12 19:43:51.000,a25b7723,0,DISCOUNT
713,Free dessert,207,2025-07-12 19:43:51.000,7c0ea65a,500,FREE_PRODUCT
714,Birthday bonus,207,2025-07-12 19:43:51.000,20e443d3,0,OTHER
715,10% off next visit,207,2025-07-12 19:43:51.000,63a8cb61,300,DISCOUNT
716,Birthday bonus,208,2025-07-12 19:43:51.000,35f4a138,0,OTHER
717,10% off next visit,208,2025-07-12 19:43:51.000,39c259cb,300,DISCOUNT
718,Free coffee,208,2025-07-12 19:43:51.000,b905f682,150,FREE_PRODUCT
719,Free dessert,208,2025-07-12 19:43:51.000,ec7be232,500,FREE_PRODUCT
720,20% off any purchase,208,2025-07-12 19:43:51.000,3cac46d2,800,DISCOUNT
721,20% off any purchase,209,2025-07-12 19:43:51.000,1c405ab0,800,DISCOUNT
722,10% off next visit,209,2025-07-12 19:43:51.000,76aac3d0,300,DISCOUNT
723,Free coffee,209,2025-07-12 19:43:51.000,d5e4e977,150,FREE_PRODUCT
724,10% off next visit,210,2025-07-12 19:43:51.000,b21960ce,300,DISCOUNT
725,Free coffee,210,2025-07-12 19:43:51.000,37fe47fb,150,FREE_PRODUCT
726,Free dessert,210,2025-07-12 19:43:51.000,e459460f,500,FREE_PRODUCT
727,20% off any purchase,210,2025-07-12 19:43:51.000,8442a3ed,800,DISCOUNT
728,Birthday bonus,210,2025-07-12 19:43:51.000,65dbef08,0,OTHER
729,20% off any purchase,211,2025-07-12 19:43:51.000,ae6f06f0,800,DISCOUNT
730,10% off next visit,211,2025-07-12 19:43:51.000,2e1013fd,300,DISCOUNT
731,Free dessert,211,2025-07-12 19:43:51.000,ab6c627b,500,FREE_PRODUCT
732,Free coffee,211,2025-07-12 19:43:51.000,a2dd9a0d,150,FREE_PRODUCT
733,Birthday bonus,211,2025-07-12 19:43:51.000,076b9a40,0,OTHER
734,20% off any purchase,212,2025-07-12 19:43:51.000,f290b538,800,DISCOUNT
735,10% off next visit,212,2025-07-12 19:43:51.000,fbd5a3b1,300,DISCOUNT
736,Birthday bonus,212,2025-07-12 19:43:51.000,8d4f8fe1,0,OTHER
737,Free dessert,212,2025-07-12 19:43:51.000,c064de4b,500,FREE_PRODUCT
738,Free dessert,213,2025-07-12 19:43:51.000,d3fc9373,500,FREE_PRODUCT
739,Birthday bonus,213,2025-07-12 19:43:51.000,6b73efb1,0,OTHER
740,20% off any purchase,213,2025-07-12 19:43:51.000,30587b81,800,DISCOUNT
741,Free coffee,213,2025-07-12 19:43:51.000,b536bf28,150,FREE_PRODUCT
742,10% off next visit,213,2025-07-12 19:43:51.000,9bbd63b8,300,DISCOUNT
743,Buy 9 get 1 free,214,2025-07-12 19:43:51.000,355a7a30,0,FREE_PRODUCT
744,Complimentary upgrade,214,2025-07-12 19:43:51.000,4d18a301,0,OTHER
745,15% discount,214,2025-07-12 19:43:51.000,852dabef,0,DISCOUNT
746,Free dessert,215,2025-07-12 19:43:51.000,bbea7311,500,FREE_PRODUCT
747,10% off next visit,215,2025-07-12 19:43:51.000,59a5316e,300,DISCOUNT
748,Free coffee,215,2025-07-12 19:43:51.000,1af7e004,150,FREE_PRODUCT
749,20% off any purchase,215,2025-07-12 19:43:51.000,21df293b,800,DISCOUNT
750,Member discount 5%,216,2025-07-12 19:43:51.000,5fae1059,0,DISCOUNT
751,Exclusive member offer,216,2025-07-12 19:43:51.000,6f4b36ca,0,OTHER
752,Complimentary upgrade,217,2025-07-12 19:43:51.000,bcef12ea,0,OTHER
753,Free product,217,2025-07-12 19:43:51.000,9f44b4d2,0,FREE_PRODUCT
754,15% discount,218,2025-07-12 19:43:51.000,e2a45e87,0,DISCOUNT
755,Complimentary upgrade,218,2025-07-12 19:43:51.000,0c13dc5a,0,OTHER
756,Free product,218,2025-07-12 19:43:51.000,2d9c655b,0,FREE_PRODUCT
757,Buy 9 get 1 free,218,2025-07-12 19:43:51.000,b7b02b90,0,FREE_PRODUCT
758,15% discount,219,2025-07-12 19:43:51.000,237b0ec7,0,DISCOUNT
759,Free product,219,2025-07-12 19:43:51.000,8b4780ee,0,FREE_PRODUCT
760,Buy 9 get 1 free,219,2025-07-12 19:43:51.000,63138b98,0,FREE_PRODUCT
761,Complimentary upgrade,219,2025-07-12 19:43:51.000,6dc7777b,0,OTHER
762,Member discount 5%,220,2025-07-12 19:43:51.000,c7b6999f,0,DISCOUNT
763,Exclusive member offer,220,2025-07-12 19:43:51.000,3f3660e7,0,OTHER
764,Complimentary upgrade,221,2025-07-12 19:43:51.000,61f14987,0,OTHER
765,Buy 9 get 1 free,221,2025-07-12 19:43:51.000,48fd60ee,0,FREE_PRODUCT
766,15% discount,221,2025-07-12 19:43:51.000,923d8902,0,DISCOUNT
767,Free product,221,2025-07-12 19:43:51.000,fd92a906,0,FREE_PRODUCT
768,Birthday bonus,222,2025-07-12 19:43:51.000,f77ed5b2,0,OTHER
769,Free dessert,222,2025-07-12 19:43:51.000,51be544b,500,FREE_PRODUCT
770,20% off any purchase,222,2025-07-12 19:43:51.000,0ddf630f,800,DISCOUNT
771,Complimentary upgrade,223,2025-07-12 19:43:51.000,abf88f4d,0,OTHER
772,Free product,223,2025-07-12 19:43:51.000,8c3435dd,0,FREE_PRODUCT
773,15% discount,223,2025-07-12 19:43:51.000,8187cccf,0,DISCOUNT
774,Free dessert,224,2025-07-12 19:43:51.000,b723913c,500,FREE_PRODUCT
775,Birthday bonus,224,2025-07-12 19:43:51.000,1c4365bd,0,OTHER
776,10% off next visit,224,2025-07-12 19:43:51.000,55846367,300,DISCOUNT
777,Free coffee,224,2025-07-12 19:43:51.000,085b8c21,150,FREE_PRODUCT
778,20% off any purchase,224,2025-07-12 19:43:51.000,095d4dff,800,DISCOUNT
779,Buy 9 get 1 free,225,2025-07-12 19:43:51.000,f79a6405,0,FREE_PRODUCT
780,15% discount,225,2025-07-12 19:43:51.000,75778ab0,0,DISCOUNT
781,Free product,225,2025-07-12 19:43:51.000,1cb6f12a,0,FREE_PRODUCT
782,Complimentary upgrade,225,2025-07-12 19:43:51.000,79a91ecd,0,OTHER
783,Free dessert,226,2025-07-12 19:43:51.000,52643c03,500,FREE_PRODUCT
784,10% off next visit,226,2025-07-12 19:43:51.000,b9e27821,300,DISCOUNT
785,Birthday bonus,226,2025-07-12 19:43:51.000,685e7906,0,OTHER
786,20% off any purchase,226,2025-07-12 19:43:51.000,03f906ab,800,DISCOUNT
787,Free coffee,226,2025-07-12 19:43:51.000,fa477987,150,FREE_PRODUCT
788,20% off any purchase,227,2025-07-12 19:43:51.000,cd7b5e5b,800,DISCOUNT
789,Birthday bonus,227,2025-07-12 19:43:51.000,848cc5ee,0,OTHER
790,10% off next visit,227,2025-07-12 19:43:51.000,f18b71c0,300,DISCOUNT
791,Free coffee,227,2025-07-12 19:43:51.000,edf21b5d,150,FREE_PRODUCT
792,Free dessert,227,2025-07-12 19:43:51.000,7ab8aa78,500,FREE_PRODUCT
793,Free product,228,2025-07-12 19:43:51.000,47cb3179,0,FREE_PRODUCT
794,Complimentary upgrade,228,2025-07-12 19:43:51.000,1998688d,0,OTHER
795,15% discount,228,2025-07-12 19:43:51.000,b15c6f08,0,DISCOUNT
796,Buy 9 get 1 free,228,2025-07-12 19:43:51.000,f76bd828,0,FREE_PRODUCT
797,20% off any purchase,229,2025-07-12 19:43:51.000,21295b8f,800,DISCOUNT
798,Free coffee,229,2025-07-12 19:43:51.000,955e8441,150,FREE_PRODUCT
799,Birthday bonus,229,2025-07-12 19:43:51.000,ade4f997,0,OTHER
800,Free dessert,229,2025-07-12 19:43:51.000,ddeb04e3,500,FREE_PRODUCT
801,10% off next visit,229,2025-07-12 19:43:51.000,6217305c,300,DISCOUNT
802,15% discount,230,2025-07-12 19:43:51.000,3c005e08,0,DISCOUNT
803,Complimentary upgrade,230,2025-07-12 19:43:51.000,1dca1cc5,0,OTHER
804,Buy 9 get 1 free,230,2025-07-12 19:43:51.000,895343fc,0,FREE_PRODUCT
805,Free product,230,2025-07-12 19:43:51.000,11774a41,0,FREE_PRODUCT
806,Free coffee,231,2025-07-12 19:43:51.000,55451987,150,FREE_PRODUCT
807,10% off next visit,231,2025-07-12 19:43:51.000,68f4bb2f,300,DISCOUNT
808,20% off any purchase,231,2025-07-12 19:43:51.000,20eea533,800,DISCOUNT
809,Birthday bonus,231,2025-07-12 19:43:51.000,a1c73794,0,OTHER
810,20% off any purchase,232,2025-07-12 19:43:51.000,e18845d9,800,DISCOUNT
811,Free coffee,232,2025-07-12 19:43:51.000,58a0a97a,150,FREE_PRODUCT
812,15% discount,233,2025-07-12 19:43:51.000,8c309e31,0,DISCOUNT
813,Complimentary upgrade,233,2025-07-12 19:43:51.000,0ba88fde,0,OTHER
814,Free product,233,2025-07-12 19:43:51.000,18f99bb2,0,FREE_PRODUCT
815,Complimentary upgrade,234,2025-07-12 19:43:51.000,ddf77615,0,OTHER
816,15% discount,234,2025-07-12 19:43:51.000,ce42faa6,0,DISCOUNT
817,Buy 9 get 1 free,234,2025-07-12 19:43:51.000,6d4eb0bf,0,FREE_PRODUCT
818,Free product,234,2025-07-12 19:43:51.000,e415d03a,0,FREE_PRODUCT
819,20% off any purchase,235,2025-07-12 19:43:51.000,cf8dca39,800,DISCOUNT
820,Free dessert,235,2025-07-12 19:43:51.000,d563316d,500,FREE_PRODUCT
821,Exclusive member offer,236,2025-07-12 19:43:51.000,c19da001,0,OTHER
822,Member discount 5%,236,2025-07-12 19:43:51.000,01dff57b,0,DISCOUNT
823,Complimentary upgrade,237,2025-07-12 19:43:51.000,c1306007,0,OTHER
824,15% discount,237,2025-07-12 19:43:51.000,817dbbe7,0,DISCOUNT
825,Complimentary upgrade,238,2025-07-12 19:43:51.000,d3aee36b,0,OTHER
826,15% discount,238,2025-07-12 19:43:51.000,fbeeb10c,0,DISCOUNT
827,Buy 9 get 1 free,238,2025-07-12 19:43:51.000,acd16e96,0,FREE_PRODUCT
828,Free product,238,2025-07-12 19:43:51.000,6ea33878,0,FREE_PRODUCT
829,Buy 9 get 1 free,239,2025-07-12 19:43:51.000,9a7255e7,0,FREE_PRODUCT
830,Free product,239,2025-07-12 19:43:51.000,0b9b5260,0,FREE_PRODUCT
831,15% discount,239,2025-07-12 19:43:51.000,fd6e6269,0,DISCOUNT
832,Complimentary upgrade,239,2025-07-12 19:43:51.000,c3377f4c,0,OTHER
833,Free dessert,240,2025-07-12 19:43:51.000,54b2884b,500,FREE_PRODUCT
834,Free coffee,240,2025-07-12 19:43:51.000,f2d20f0c,150,FREE_PRODUCT
835,Birthday bonus,240,2025-07-12 19:43:51.000,0fdca844,0,OTHER
836,20% off any purchase,240,2025-07-12 19:43:51.000,ccf164db,800,DISCOUNT
837,10% off next visit,241,2025-07-12 19:43:51.000,15962cc6,300,DISCOUNT
838,20% off any purchase,241,2025-07-12 19:43:51.000,59112bd7,800,DISCOUNT
839,Birthday bonus,241,2025-07-12 19:43:51.000,60b4f21f,0,OTHER
840,Free coffee,241,2025-07-12 19:43:51.000,8543e806,150,FREE_PRODUCT
841,Free dessert,241,2025-07-12 19:43:51.000,a87b85b1,500,FREE_PRODUCT
842,20% off any purchase,242,2025-07-12 19:43:51.000,cfb9f0f6,800,DISCOUNT
843,Free dessert,242,2025-07-12 19:43:51.000,b1483d3f,500,FREE_PRODUCT
844,20% off any purchase,243,2025-07-12 19:43:51.000,042cc8db,800,DISCOUNT
845,Free coffee,243,2025-07-12 19:43:51.000,28941ee4,150,FREE_PRODUCT
846,10% off next visit,243,2025-07-12 19:43:51.000,f04e64e4,300,DISCOUNT
847,Free dessert,243,2025-07-12 19:43:51.000,3f78ae0a,500,FREE_PRODUCT
848,Birthday bonus,243,2025-07-12 19:43:51.000,fb68aed4,0,OTHER
849,10% off next visit,244,2025-07-12 19:43:51.000,43694d3d,300,DISCOUNT
850,Birthday bonus,244,2025-07-12 19:43:51.000,072b2abe,0,OTHER
851,Complimentary upgrade,245,2025-07-12 19:43:51.000,69429530,0,OTHER
852,Buy 9 get 1 free,245,2025-07-12 19:43:51.000,e62a5971,0,FREE_PRODUCT
853,15% discount,245,2025-07-12 19:43:51.000,d4fffcd2,0,DISCOUNT
854,Free product,245,2025-07-12 19:43:51.000,c64857d5,0,FREE_PRODUCT
855,Free coffee,246,2025-07-12 19:43:51.000,6348571d,150,FREE_PRODUCT
856,10% off next visit,246,2025-07-12 19:43:51.000,1d34dab4,300,DISCOUNT
857,20% off any purchase,246,2025-07-12 19:43:51.000,64b5d28d,800,DISCOUNT
858,Free dessert,246,2025-07-12 19:43:51.000,057eae5b,500,FREE_PRODUCT
859,Birthday bonus,246,2025-07-12 19:43:51.000,feafafb8,0,OTHER
860,Member discount 5%,247,2025-07-12 19:43:51.000,44351006,0,DISCOUNT
861,Exclusive member offer,247,2025-07-12 19:43:51.000,6cd95f63,0,OTHER
862,10% off next visit,248,2025-07-12 19:43:51.000,cfdcf26c,300,DISCOUNT
863,Free dessert,248,2025-07-12 19:43:51.000,13a703c5,500,FREE_PRODUCT
864,Birthday bonus,248,2025-07-12 19:43:51.000,27021f30,0,OTHER
865,Birthday bonus,249,2025-07-12 19:43:51.000,548e8ab5,0,OTHER
866,20% off any purchase,249,2025-07-12 19:43:51.000,0e103274,800,DISCOUNT
867,10% off next visit,249,2025-07-12 19:43:51.000,624914b3,300,DISCOUNT
868,Free dessert,249,2025-07-12 19:43:51.000,17f3fff3,500,FREE_PRODUCT
869,Free coffee,249,2025-07-12 19:43:51.000,56b5590c,150,FREE_PRODUCT
870,20% off any purchase,250,2025-07-12 19:43:51.000,e3ed8bea,800,DISCOUNT
871,Free dessert,250,2025-07-12 19:43:51.000,2bae7671,500,FREE_PRODUCT
872,Free coffee,250,2025-07-12 19:43:51.000,ce248b95,150,FREE_PRODUCT
873,Birthday bonus,250,2025-07-12 19:43:51.000,96b92e15,0,OTHER
874,10% off next visit,250,2025-07-12 19:43:51.000,65f4302a,300,DISCOUNT
875,Free product,251,2025-07-12 19:43:51.000,96b5af9a,0,FREE_PRODUCT
876,Complimentary upgrade,251,2025-07-12 19:43:51.000,caf0fc7d,0,OTHER
877,Buy 9 get 1 free,251,2025-07-12 19:43:51.000,75629dec,0,FREE_PRODUCT
878,15% discount,251,2025-07-12 19:43:51.000,c0024bd8,0,DISCOUNT
879,Exclusive member offer,252,2025-07-12 19:43:51.000,92290b85,0,OTHER
880,Member discount 5%,252,2025-07-12 19:43:51.000,b387e4d9,0,DISCOUNT
881,Free coffee,253,2025-07-12 19:43:51.000,1a4192dc,150,FREE_PRODUCT
882,20% off any purchase,253,2025-07-12 19:43:51.000,cb6a8a2c,800,DISCOUNT
883,10% off next visit,253,2025-07-12 19:43:51.000,a275bfc9,300,DISCOUNT
884,Free dessert,253,2025-07-12 19:43:51.000,f8e8b3f9,500,FREE_PRODUCT
885,15% discount,254,2025-07-12 19:43:51.000,2b3aa61b,0,DISCOUNT
886,Complimentary upgrade,254,2025-07-12 19:43:51.000,c207e626,0,OTHER
887,Buy 9 get 1 free,254,2025-07-12 19:43:51.000,c322e33a,0,FREE_PRODUCT
888,Free product,254,2025-07-12 19:43:51.000,54eb1b42,0,FREE_PRODUCT
889,Birthday bonus,255,2025-07-12 19:43:51.000,10d154f8,0,OTHER
890,Free coffee,255,2025-07-12 19:43:51.000,cfec3a6e,150,FREE_PRODUCT
891,Free dessert,255,2025-07-12 19:43:51.000,41a43a21,500,FREE_PRODUCT
892,10% off next visit,255,2025-07-12 19:43:51.000,00566d45,300,DISCOUNT
893,20% off any purchase,255,2025-07-12 19:43:51.000,69541985,800,DISCOUNT
894,15% discount,256,2025-07-12 19:43:51.000,80267913,0,DISCOUNT
895,Free product,256,2025-07-12 19:43:51.000,f6bda6f9,0,FREE_PRODUCT
896,Exclusive member offer,257,2025-07-12 19:43:51.000,4b88e58d,0,OTHER
897,Member discount 5%,257,2025-07-12 19:43:51.000,bf10b14e,0,DISCOUNT
898,Free coffee,258,2025-07-12 19:43:51.000,293bf318,150,FREE_PRODUCT
899,Free dessert,258,2025-07-12 19:43:51.000,e0c95ab4,500,FREE_PRODUCT
900,10% off next visit,258,2025-07-12 19:43:51.000,41b0d018,300,DISCOUNT
901,Birthday bonus,258,2025-07-12 19:43:51.000,a38f1451,0,OTHER
902,20% off any purchase,258,2025-07-12 19:43:51.000,64cec884,800,DISCOUNT
903,Free coffee,259,2025-07-12 19:43:51.000,8a67c696,150,FREE_PRODUCT
904,Free dessert,259,2025-07-12 19:43:51.000,566acea9,500,FREE_PRODUCT
905,20% off any purchase,259,2025-07-12 19:43:51.000,466d75d0,800,DISCOUNT
906,10% off next visit,259,2025-07-12 19:43:51.000,82625830,300,DISCOUNT
907,Complimentary upgrade,260,2025-07-12 19:43:51.000,e650a6da,0,OTHER
908,Free product,260,2025-07-12 19:43:51.000,510101d5,0,FREE_PRODUCT
909,Buy 9 get 1 free,260,2025-07-12 19:43:51.000,a2cf7676,0,FREE_PRODUCT
910,15% discount,260,2025-07-12 19:43:51.000,fe645613,0,DISCOUNT
911,Complimentary upgrade,261,2025-07-12 19:43:51.000,c001ac34,0,OTHER
912,Buy 9 get 1 free,261,2025-07-12 19:43:51.000,68051f78,0,FREE_PRODUCT
913,15% discount,261,2025-07-12 19:43:51.000,4842dc36,0,DISCOUNT
914,Free product,261,2025-07-12 19:43:51.000,ca8546f8,0,FREE_PRODUCT
915,Buy 9 get 1 free,262,2025-07-12 19:43:51.000,de9997dd,0,FREE_PRODUCT
916,Complimentary upgrade,262,2025-07-12 19:43:51.000,9e4dfed4,0,OTHER
917,Free product,262,2025-07-12 19:43:51.000,c0eea286,0,FREE_PRODUCT
918,15% discount,262,2025-07-12 19:43:51.000,1eff23b4,0,DISCOUNT
919,Free dessert,263,2025-07-12 19:43:51.000,4e3812d8,500,FREE_PRODUCT
920,20% off any purchase,263,2025-07-12 19:43:51.000,573fc2a0,800,DISCOUNT
921,10% off next visit,263,2025-07-12 19:43:51.000,c89a0892,300,DISCOUNT
922,Complimentary upgrade,264,2025-07-12 19:43:51.000,559a971b,0,OTHER
923,Free product,264,2025-07-12 19:43:51.000,39dea272,0,FREE_PRODUCT
924,Birthday bonus,265,2025-07-12 19:43:51.000,b4f18361,0,OTHER
925,20% off any purchase,265,2025-07-12 19:43:51.000,a1b63a78,800,DISCOUNT
926,Free dessert,266,2025-07-12 19:43:51.000,7d6b403e,500,FREE_PRODUCT
927,Free coffee,266,2025-07-12 19:43:51.000,0a815010,150,FREE_PRODUCT
928,20% off any purchase,266,2025-07-12 19:43:51.000,c9a31a5e,800,DISCOUNT
929,10% off next visit,266,2025-07-12 19:43:51.000,7dfac6ae,300,DISCOUNT
930,Birthday bonus,266,2025-07-12 19:43:51.000,0307a49c,0,OTHER
931,Free coffee,267,2025-07-12 19:43:51.000,493092a3,150,FREE_PRODUCT
932,20% off any purchase,267,2025-07-12 19:43:51.000,9216117b,800,DISCOUNT
933,Free dessert,267,2025-07-12 19:43:51.000,7efb1e28,500,FREE_PRODUCT
934,Birthday bonus,267,2025-07-12 19:43:51.000,fa8dae55,0,OTHER
935,10% off next visit,267,2025-07-12 19:43:51.000,90061a2c,300,DISCOUNT
936,Free coffee,268,2025-07-12 19:43:51.000,7366aac3,150,FREE_PRODUCT
937,10% off next visit,268,2025-07-12 19:43:51.000,d9923846,300,DISCOUNT
938,Birthday bonus,268,2025-07-12 19:43:51.000,d252b617,0,OTHER
939,Free dessert,268,2025-07-12 19:43:51.000,921da388,500,FREE_PRODUCT
940,20% off any purchase,268,2025-07-12 19:43:51.000,129eb0bf,800,DISCOUNT
941,20% off any purchase,269,2025-07-12 19:43:51.000,f8080d13,800,DISCOUNT
942,Birthday bonus,269,2025-07-12 19:43:51.000,335a13d2,0,OTHER
943,10% off next visit,270,2025-07-12 19:43:51.000,de64403b,300,DISCOUNT
944,Free dessert,270,2025-07-12 19:43:51.000,300d6bc4,500,FREE_PRODUCT
945,Birthday bonus,270,2025-07-12 19:43:51.000,b9af6788,0,OTHER
946,Free dessert,271,2025-07-12 19:43:51.000,baa6f238,500,FREE_PRODUCT
947,Birthday bonus,271,2025-07-12 19:43:51.000,febedb39,0,OTHER
948,20% off any purchase,271,2025-07-12 19:43:51.000,cc761ab4,800,DISCOUNT
949,Free coffee,272,2025-07-12 19:43:51.000,613764ba,150,FREE_PRODUCT
950,Free dessert,272,2025-07-12 19:43:51.000,a438488f,500,FREE_PRODUCT
951,10% off next visit,272,2025-07-12 19:43:51.000,9ff4cdd2,300,DISCOUNT
952,Birthday bonus,272,2025-07-12 19:43:51.000,ac0808d3,0,OTHER
953,20% off any purchase,272,2025-07-12 19:43:51.000,39a2cd1e,800,DISCOUNT
954,Member discount 5%,273,2025-07-12 19:43:51.000,ae896a47,0,DISCOUNT
955,Exclusive member offer,273,2025-07-12 19:43:51.000,aba770bc,0,OTHER
956,Free coffee,274,2025-07-12 19:43:51.000,d6a1b66b,150,FREE_PRODUCT
957,Birthday bonus,274,2025-07-12 19:43:51.000,6b46eba1,0,OTHER
958,10% off next visit,274,2025-07-12 19:43:51.000,a3328de2,300,DISCOUNT
959,20% off any purchase,274,2025-07-12 19:43:51.000,4f1add86,800,DISCOUNT
960,Free dessert,274,2025-07-12 19:43:51.000,0e4ba73d,500,FREE_PRODUCT
961,Free coffee,275,2025-07-12 19:43:51.000,5786c993,150,FREE_PRODUCT
962,Birthday bonus,275,2025-07-12 19:43:51.000,eed86a45,0,OTHER
963,20% off any purchase,275,2025-07-12 19:43:51.000,3f6b6bc7,800,DISCOUNT
964,Free dessert,275,2025-07-12 19:43:51.000,c4121411,500,FREE_PRODUCT
965,10% off next visit,275,2025-07-12 19:43:51.000,e4fe1a42,300,DISCOUNT
966,20% off any purchase,276,2025-07-12 19:43:51.000,c7d49dc6,800,DISCOUNT
967,Free coffee,276,2025-07-12 19:43:51.000,0c8fd07c,150,FREE_PRODUCT
968,20% off any purchase,277,2025-07-12 19:43:51.000,24451a33,800,DISCOUNT
969,10% off next visit,277,2025-07-12 19:43:51.000,c1c5cc40,300,DISCOUNT
970,Free dessert,277,2025-07-12 19:43:51.000,1c984582,500,FREE_PRODUCT
971,Birthday bonus,277,2025-07-12 19:43:51.000,4f52b480,0,OTHER
972,Free coffee,277,2025-07-12 19:43:51.000,5b41a941,150,FREE_PRODUCT
973,20% off any purchase,278,2025-07-12 19:43:51.000,9fb245d9,800,DISCOUNT
974,Birthday bonus,278,2025-07-12 19:43:51.000,17d16164,0,OTHER
975,10% off next visit,279,2025-07-12 19:43:51.000,50a766bb,300,DISCOUNT
976,Birthday bonus,279,2025-07-12 19:43:51.000,a769cf58,0,OTHER
977,Buy 9 get 1 free,280,2025-07-12 19:43:51.000,e8567d56,0,FREE_PRODUCT
978,15% discount,280,2025-07-12 19:43:51.000,b32c4da8,0,DISCOUNT
979,Complimentary upgrade,280,2025-07-12 19:43:51.000,a3b17ff7,0,OTHER
980,Free product,280,2025-07-12 19:43:51.000,17c0d149,0,FREE_PRODUCT
981,10% off next visit,281,2025-07-12 19:43:51.000,b433f806,300,DISCOUNT
982,20% off any purchase,281,2025-07-12 19:43:51.000,0a2e9e1e,800,DISCOUNT
983,Free dessert,281,2025-07-12 19:43:51.000,9a1ad2bd,500,FREE_PRODUCT
984,Free coffee,281,2025-07-12 19:43:51.000,4d38a11f,150,FREE_PRODUCT
985,Birthday bonus,281,2025-07-12 19:43:51.000,f65d9a32,0,OTHER
986,Buy 9 get 1 free,282,2025-07-12 19:43:51.000,57007a2e,0,FREE_PRODUCT
987,Free product,282,2025-07-12 19:43:51.000,5b7a6bff,0,FREE_PRODUCT
988,15% discount,283,2025-07-12 19:43:51.000,102a82df,0,DISCOUNT
989,Buy 9 get 1 free,283,2025-07-12 19:43:51.000,f3dd007f,0,FREE_PRODUCT
990,Free product,283,2025-07-12 19:43:51.000,bbcac098,0,FREE_PRODUCT
991,Complimentary upgrade,283,2025-07-12 19:43:51.000,532ac808,0,OTHER
992,Free coffee,284,2025-07-12 19:43:51.000,bb47672f,150,FREE_PRODUCT
993,20% off any purchase,284,2025-07-12 19:43:51.000,cca45ae0,800,DISCOUNT
994,Free dessert,284,2025-07-12 19:43:51.000,cd1a63e5,500,FREE_PRODUCT
995,Complimentary upgrade,285,2025-07-12 19:43:51.000,c5e3233d,0,OTHER
996,Free product,285,2025-07-12 19:43:51.000,667df8d9,0,FREE_PRODUCT
997,15% discount,285,2025-07-12 19:43:51.000,13f5c3e7,0,DISCOUNT
998,Buy 9 get 1 free,285,2025-07-12 19:43:51.000,4b3714b8,0,FREE_PRODUCT
999,15% discount,286,2025-07-12 19:43:51.000,accfa1dc,0,DISCOUNT
1000,Buy 9 get 1 free,286,2025-07-12 19:43:51.000,48b13414,0,FREE_PRODUCT
1001,Free product,286,2025-07-12 19:43:51.000,bc4c0937,0,FREE_PRODUCT
1002,Free coffee,287,2025-07-12 19:43:51.000,1dca132c,150,FREE_PRODUCT
1003,Free dessert,287,2025-07-12 19:43:51.000,004e8e45,500,FREE_PRODUCT
1004,10% off next visit,287,2025-07-12 19:43:51.000,35a90a98,300,DISCOUNT
1005,Free product,288,2025-07-12 19:43:51.000,8520fb9f,0,FREE_PRODUCT
1006,Complimentary upgrade,288,2025-07-12 19:43:51.000,4073bf2b,0,OTHER
1007,Free product,289,2025-07-12 19:43:51.000,15c41153,0,FREE_PRODUCT
1008,15% discount,289,2025-07-12 19:43:51.000,543ed247,0,DISCOUNT
1009,20% off any purchase,290,2025-07-12 19:43:51.000,812818fa,800,DISCOUNT
1010,Birthday bonus,290,2025-07-12 19:43:51.000,7d1edf21,0,OTHER
1011,Free dessert,290,2025-07-12 19:43:51.000,88349f03,500,FREE_PRODUCT
1012,Free coffee,290,2025-07-12 19:43:51.000,914b9946,150,FREE_PRODUCT
1013,Complimentary upgrade,291,2025-07-12 19:43:51.000,bbd4cb2b,0,OTHER
1014,15% discount,291,2025-07-12 19:43:51.000,ff2b19e9,0,DISCOUNT
1015,Free product,291,2025-07-12 19:43:51.000,0e75a50a,0,FREE_PRODUCT
1016,Free dessert,292,2025-07-12 19:43:51.000,04fd7db7,500,FREE_PRODUCT
1017,10% off next visit,292,2025-07-12 19:43:51.000,953c6860,300,DISCOUNT
1018,20% off any purchase,292,2025-07-12 19:43:51.000,82cf0938,800,DISCOUNT
1019,Free coffee,292,2025-07-12 19:43:51.000,7d929a72,150,FREE_PRODUCT
1020,Free coffee,293,2025-07-12 19:43:51.000,44a731de,150,FREE_PRODUCT
1021,Free dessert,293,2025-07-12 19:43:51.000,ee2bd449,500,FREE_PRODUCT
1022,10% off next visit,293,2025-07-12 19:43:51.000,d5bc8369,300,DISCOUNT
1023,Buy 9 get 1 free,294,2025-07-12 19:43:51.000,2af25a1d,0,FREE_PRODUCT
1024,15% discount,294,2025-07-12 19:43:51.000,83a785ee,0,DISCOUNT
1025,Complimentary upgrade,294,2025-07-12 19:43:51.000,d72c96ba,0,OTHER
1026,10% off next visit,295,2025-07-12 19:43:51.000,62779d9b,300,DISCOUNT
1027,Birthday bonus,295,2025-07-12 19:43:51.000,efe5b93c,0,OTHER
1028,Free coffee,295,2025-07-12 19:43:51.000,b9e7ddc4,150,FREE_PRODUCT
1029,Free coffee,296,2025-07-12 19:43:51.000,dfff9516,150,FREE_PRODUCT
1030,Birthday bonus,296,2025-07-12 19:43:51.000,265ae925,0,OTHER
1031,10% off next visit,296,2025-07-12 19:43:51.000,c70f49f6,300,DISCOUNT
1032,20% off any purchase,296,2025-07-12 19:43:51.000,d69d073b,800,DISCOUNT
1033,Free dessert,296,2025-07-12 19:43:51.000,6fcd1a65,500,FREE_PRODUCT
1034,Birthday bonus,297,2025-07-12 19:43:51.000,13366fc1,0,OTHER
1035,10% off next visit,297,2025-07-12 19:43:51.000,38c226e8,300,DISCOUNT
1036,20% off any purchase,297,2025-07-12 19:43:51.000,b1d59a5c,800,DISCOUNT
1037,Free dessert,297,2025-07-12 19:43:51.000,910462b5,500,FREE_PRODUCT
1038,Free coffee,297,2025-07-12 19:43:51.000,e0e2254c,150,FREE_PRODUCT
1039,15% discount,298,2025-07-12 19:43:51.000,fd6e68aa,0,DISCOUNT
1040,Buy 9 get 1 free,298,2025-07-12 19:43:51.000,35a670bb,0,FREE_PRODUCT
1041,20% off any purchase,299,2025-07-12 19:43:51.000,3e2a07a3,800,DISCOUNT
1042,10% off next visit,299,2025-07-12 19:43:51.000,77bd2185,300,DISCOUNT
1043,10% off next visit,300,2025-07-12 19:43:51.000,d21d9678,300,DISCOUNT
1044,Free dessert,300,2025-07-12 19:43:51.000,f9a5c54f,500,FREE_PRODUCT
1045,Birthday bonus,300,2025-07-12 19:43:51.000,85844f38,0,OTHER
1046,Free coffee,300,2025-07-12 19:43:51.000,575d8609,150,FREE_PRODUCT
1047,20% off any purchase,300,2025-07-12 19:43:51.000,5b06db76,800,DISCOUNT
1048,20% off any purchase,301,2025-07-12 19:43:51.000,396ca228,800,DISCOUNT
1049,10% off next visit,301,2025-07-12 19:43:51.000,fc005232,300,DISCOUNT
1050,Free coffee,301,2025-07-12 19:43:51.000,f4b29328,150,FREE_PRODUCT
1051,Birthday bonus,302,2025-07-12 19:43:51.000,a913b60e,0,OTHER
1052,10% off next visit,302,2025-07-12 19:43:51.000,d8ddbb35,300,DISCOUNT
1053,Free coffee,302,2025-07-12 19:43:51.000,cf444f6d,150,FREE_PRODUCT
1054,Free dessert,302,2025-07-12 19:43:51.000,9e66a2ef,500,FREE_PRODUCT
1055,Birthday bonus,303,2025-07-12 19:43:51.000,20ddee46,0,OTHER
1056,10% off next visit,303,2025-07-12 19:43:51.000,b042c770,300,DISCOUNT
1057,Complimentary upgrade,304,2025-07-12 19:43:51.000,af48e153,0,OTHER
1058,Free product,304,2025-07-12 19:43:51.000,02f3feaf,0,FREE_PRODUCT
1059,Buy 9 get 1 free,304,2025-07-12 19:43:51.000,27aa84b2,0,FREE_PRODUCT
1060,15% discount,304,2025-07-12 19:43:51.000,25c38e8b,0,DISCOUNT
1061,20% off any purchase,305,2025-07-12 19:43:51.000,d8b250b4,800,DISCOUNT
1062,Birthday bonus,305,2025-07-12 19:43:51.000,cc6aa643,0,OTHER
1063,Free dessert,305,2025-07-12 19:43:51.000,c4aa4833,500,FREE_PRODUCT
1064,10% off next visit,305,2025-07-12 19:43:51.000,ac442c87,300,DISCOUNT
1065,Free coffee,305,2025-07-12 19:43:51.000,a079e3b7,150,FREE_PRODUCT
1066,Free dessert,306,2025-07-12 19:43:51.000,3d21d644,500,FREE_PRODUCT
1067,20% off any purchase,306,2025-07-12 19:43:51.000,083e622d,800,DISCOUNT
1068,10% off next visit,306,2025-07-12 19:43:51.000,0beede15,300,DISCOUNT
1069,Free product,307,2025-07-12 19:43:51.000,4a72df99,0,FREE_PRODUCT
1070,Buy 9 get 1 free,307,2025-07-12 19:43:51.000,d10f53f3,0,FREE_PRODUCT
1071,15% discount,307,2025-07-12 19:43:51.000,90dac796,0,DISCOUNT
1072,Complimentary upgrade,307,2025-07-12 19:43:51.000,d9c4138a,0,OTHER
1073,Buy 9 get 1 free,308,2025-07-12 19:43:51.000,d51be29f,0,FREE_PRODUCT
1074,Free product,308,2025-07-12 19:43:51.000,ffe3c436,0,FREE_PRODUCT
1075,Complimentary upgrade,308,2025-07-12 19:43:51.000,8f46136b,0,OTHER
1076,15% discount,308,2025-07-12 19:43:51.000,fa6a7851,0,DISCOUNT
1077,20% off any purchase,309,2025-07-12 19:43:51.000,ecf0df68,800,DISCOUNT
1078,Free dessert,309,2025-07-12 19:43:51.000,5cf4fd03,500,FREE_PRODUCT
1079,10% off next visit,309,2025-07-12 19:43:51.000,351cf11a,300,DISCOUNT
1080,Free coffee,309,2025-07-12 19:43:51.000,5865c8d0,150,FREE_PRODUCT
1081,Exclusive member offer,310,2025-07-12 19:43:51.000,230590c6,0,OTHER
1082,Member discount 5%,310,2025-07-12 19:43:51.000,b1d9aa07,0,DISCOUNT
1083,Free product,311,2025-07-12 19:43:51.000,5849b2c9,0,FREE_PRODUCT
1084,15% discount,311,2025-07-12 19:43:51.000,c8406bb2,0,DISCOUNT
1085,Buy 9 get 1 free,311,2025-07-12 19:43:51.000,d163c8ec,0,FREE_PRODUCT
1086,Free dessert,312,2025-07-12 19:43:51.000,25a14193,500,FREE_PRODUCT
1087,20% off any purchase,312,2025-07-12 19:43:51.000,3c712d3e,800,DISCOUNT
1088,Free coffee,312,2025-07-12 19:43:51.000,67f9aaa1,150,FREE_PRODUCT
1089,10% off next visit,312,2025-07-12 19:43:51.000,10296040,300,DISCOUNT
1090,Birthday bonus,312,2025-07-12 19:43:51.000,1bf3152f,0,OTHER
1091,Buy 9 get 1 free,313,2025-07-12 19:43:51.000,6cbf354d,0,FREE_PRODUCT
1092,15% discount,313,2025-07-12 19:43:51.000,cf5fbc94,0,DISCOUNT
1093,Free product,313,2025-07-12 19:43:51.000,8d52468f,0,FREE_PRODUCT
1094,Free dessert,314,2025-07-12 19:43:51.000,5656e665,500,FREE_PRODUCT
1095,Free coffee,314,2025-07-12 19:43:51.000,3b2ad788,150,FREE_PRODUCT
1096,20% off any purchase,314,2025-07-12 19:43:51.000,be0b8c49,800,DISCOUNT
1097,10% off next visit,314,2025-07-12 19:43:51.000,fac72a44,300,DISCOUNT
1098,Birthday bonus,314,2025-07-12 19:43:51.000,cf5927b5,0,OTHER
1099,10% off next visit,315,2025-07-12 19:43:51.000,9f3a7096,300,DISCOUNT
1100,20% off any purchase,315,2025-07-12 19:43:51.000,c4edf04d,800,DISCOUNT
1101,10% off next visit,316,2025-07-12 19:43:51.000,2f771eaf,300,DISCOUNT
1102,Birthday bonus,316,2025-07-12 19:43:51.000,4069ee01,0,OTHER
1103,Free dessert,316,2025-07-12 19:43:51.000,7154464d,500,FREE_PRODUCT
1104,Buy 9 get 1 free,317,2025-07-12 19:43:51.000,48091082,0,FREE_PRODUCT
1105,15% discount,317,2025-07-12 19:43:51.000,02a483fa,0,DISCOUNT
1106,Complimentary upgrade,317,2025-07-12 19:43:51.000,7b5849a7,0,OTHER
1107,Free dessert,318,2025-07-12 19:43:51.000,b5d46c33,500,FREE_PRODUCT
1108,Birthday bonus,318,2025-07-12 19:43:51.000,288368eb,0,OTHER
1109,20% off any purchase,318,2025-07-12 19:43:51.000,307a6a12,800,DISCOUNT
1110,10% off next visit,318,2025-07-12 19:43:51.000,bea8e508,300,DISCOUNT
1111,15% discount,319,2025-07-12 19:43:51.000,7b60e8be,0,DISCOUNT
1112,Complimentary upgrade,319,2025-07-12 19:43:51.000,014130ba,0,OTHER
1113,Buy 9 get 1 free,319,2025-07-12 19:43:51.000,2d8d96f2,0,FREE_PRODUCT
1114,Free product,319,2025-07-12 19:43:51.000,74e34eee,0,FREE_PRODUCT
1115,Free dessert,320,2025-07-12 19:43:51.000,6977d3b4,500,FREE_PRODUCT
1116,20% off any purchase,320,2025-07-12 19:43:51.000,8c4bf096,800,DISCOUNT
1117,10% off next visit,320,2025-07-12 19:43:51.000,b6376666,300,DISCOUNT
1118,Birthday bonus,321,2025-07-12 19:43:51.000,e8915d93,0,OTHER
1119,20% off any purchase,321,2025-07-12 19:43:51.000,c34d94f8,800,DISCOUNT
1120,Free dessert,321,2025-07-12 19:43:51.000,cfacf610,500,FREE_PRODUCT
1121,Free coffee,321,2025-07-12 19:43:51.000,1145ac5e,150,FREE_PRODUCT
1122,10% off next visit,321,2025-07-12 19:43:51.000,2d92fca6,300,DISCOUNT
1123,15% discount,322,2025-07-12 19:43:51.000,9ff95298,0,DISCOUNT
1124,Buy 9 get 1 free,322,2025-07-12 19:43:51.000,145bae6d,0,FREE_PRODUCT
1125,20% off any purchase,323,2025-07-12 19:43:51.000,9b1d4d7d,800,DISCOUNT
1126,Birthday bonus,323,2025-07-12 19:43:51.000,2d231ad3,0,OTHER
1127,Free coffee,323,2025-07-12 19:43:51.000,08fb29f7,150,FREE_PRODUCT
1128,10% off next visit,323,2025-07-12 19:43:51.000,d34978ad,300,DISCOUNT
1129,Free dessert,323,2025-07-12 19:43:51.000,b9e6df8c,500,FREE_PRODUCT
1130,Free product,324,2025-07-12 19:43:51.000,c39d6b20,0,FREE_PRODUCT
1131,15% discount,324,2025-07-12 19:43:51.000,754f66f7,0,DISCOUNT
1132,Buy 9 get 1 free,324,2025-07-12 19:43:51.000,7de7643f,0,FREE_PRODUCT
1133,10% off next visit,325,2025-07-12 19:43:51.000,15a7c611,300,DISCOUNT
1134,20% off any purchase,325,2025-07-12 19:43:51.000,9e3c3d54,800,DISCOUNT
1135,Birthday bonus,325,2025-07-12 19:43:51.000,8a048ba3,0,OTHER
1136,Free product,326,2025-07-12 19:43:51.000,7a6fcbb9,0,FREE_PRODUCT
1137,15% discount,326,2025-07-12 19:43:51.000,ef3867bf,0,DISCOUNT
1138,Buy 9 get 1 free,326,2025-07-12 19:43:51.000,adfdedc6,0,FREE_PRODUCT
1139,20% off any purchase,327,2025-07-12 19:43:51.000,c6d3047e,800,DISCOUNT
1140,Free dessert,327,2025-07-12 19:43:51.000,4a16ecac,500,FREE_PRODUCT
1141,10% off next visit,327,2025-07-12 19:43:51.000,8cee8eae,300,DISCOUNT
1142,Free coffee,327,2025-07-12 19:43:51.000,f6a201ad,150,FREE_PRODUCT
1143,Birthday bonus,327,2025-07-12 19:43:51.000,8dc9df7f,0,OTHER
1144,20% off any purchase,328,2025-07-12 19:43:51.000,ffcc89ce,800,DISCOUNT
1145,10% off next visit,328,2025-07-12 19:43:51.000,07814b77,300,DISCOUNT
1146,Free dessert,328,2025-07-12 19:43:51.000,3d98c560,500,FREE_PRODUCT
1147,Free coffee,328,2025-07-12 19:43:51.000,f4f8c8fd,150,FREE_PRODUCT
1148,Birthday bonus,328,2025-07-12 19:43:51.000,e18cc4eb,0,OTHER
1149,10% off next visit,329,2025-07-12 19:43:51.000,988fe632,300,DISCOUNT
1150,Free coffee,329,2025-07-12 19:43:51.000,f806c90d,150,FREE_PRODUCT
1151,20% off any purchase,329,2025-07-12 19:43:51.000,289cd95f,800,DISCOUNT
1152,15% discount,330,2025-07-12 19:43:51.000,b4bf2364,0,DISCOUNT
1153,Complimentary upgrade,330,2025-07-12 19:43:51.000,2a26ff82,0,OTHER
1154,Buy 9 get 1 free,330,2025-07-12 19:43:51.000,6ce33790,0,FREE_PRODUCT
1155,Free product,330,2025-07-12 19:43:51.000,2fcfc75c,0,FREE_PRODUCT
1156,15% discount,331,2025-07-12 19:43:51.000,f1b9c14e,0,DISCOUNT
1157,Buy 9 get 1 free,331,2025-07-12 19:43:51.000,76fc3dd5,0,FREE_PRODUCT
1158,Complimentary upgrade,331,2025-07-12 19:43:51.000,f6a18870,0,OTHER
1159,Free product,331,2025-07-12 19:43:51.000,04f1a5e8,0,FREE_PRODUCT
1160,Complimentary upgrade,332,2025-07-12 19:43:51.000,de49ebc9,0,OTHER
1161,Free product,332,2025-07-12 19:43:51.000,9ac0bb14,0,FREE_PRODUCT
1162,15% discount,333,2025-07-12 19:43:51.000,d0d93537,0,DISCOUNT
1163,Complimentary upgrade,333,2025-07-12 19:43:51.000,cf8b6d00,0,OTHER
1164,Buy 9 get 1 free,333,2025-07-12 19:43:51.000,2c0b6b96,0,FREE_PRODUCT
1165,Free product,333,2025-07-12 19:43:51.000,d0633541,0,FREE_PRODUCT
1166,Free product,334,2025-07-12 19:43:51.000,cd5cdbd4,0,FREE_PRODUCT
1167,Complimentary upgrade,334,2025-07-12 19:43:51.000,64c66248,0,OTHER
1168,15% discount,334,2025-07-12 19:43:51.000,398a2589,0,DISCOUNT
1169,Buy 9 get 1 free,334,2025-07-12 19:43:51.000,0e61deb9,0,FREE_PRODUCT
1170,Free product,335,2025-07-12 19:43:51.000,ea08a630,0,FREE_PRODUCT
1171,Complimentary upgrade,335,2025-07-12 19:43:51.000,174f7351,0,OTHER
1172,Buy 9 get 1 free,335,2025-07-12 19:43:51.000,0a6f3343,0,FREE_PRODUCT
1173,15% discount,336,2025-07-12 19:43:51.000,132980d3,0,DISCOUNT
1174,Free product,336,2025-07-12 19:43:51.000,3f66de68,0,FREE_PRODUCT
1175,Buy 9 get 1 free,336,2025-07-12 19:43:51.000,1e58c5d0,0,FREE_PRODUCT
1176,Complimentary upgrade,336,2025-07-12 19:43:51.000,641880b8,0,OTHER
1177,Complimentary upgrade,337,2025-07-12 19:43:51.000,e76e2e3d,0,OTHER
1178,15% discount,337,2025-07-12 19:43:51.000,998acdcc,0,DISCOUNT
1179,Free product,337,2025-07-12 19:43:51.000,5a49f6ac,0,FREE_PRODUCT
1180,Buy 9 get 1 free,337,2025-07-12 19:43:51.000,54a9821f,0,FREE_PRODUCT
1181,15% discount,338,2025-07-12 19:43:51.000,6afcf923,0,DISCOUNT
1182,Buy 9 get 1 free,338,2025-07-12 19:43:51.000,23405060,0,FREE_PRODUCT
1183,Free product,338,2025-07-12 19:43:51.000,718752ae,0,FREE_PRODUCT
1184,Complimentary upgrade,338,2025-07-12 19:43:51.000,cb350dab,0,OTHER
1185,20% off any purchase,339,2025-07-12 19:43:51.000,e7c71def,800,DISCOUNT
1186,Free coffee,339,2025-07-12 19:43:51.000,b47ff2b9,150,FREE_PRODUCT
1187,10% off next visit,339,2025-07-12 19:43:51.000,b38c1dae,300,DISCOUNT
1188,Free dessert,339,2025-07-12 19:43:51.000,8ff07159,500,FREE_PRODUCT
1189,10% off next visit,340,2025-07-12 19:43:51.000,5586e6a0,300,DISCOUNT
1190,Free coffee,340,2025-07-12 19:43:51.000,5a16a838,150,FREE_PRODUCT
1191,20% off any purchase,340,2025-07-12 19:43:51.000,fb37370f,800,DISCOUNT
1192,Birthday bonus,340,2025-07-12 19:43:51.000,651483b7,0,OTHER
1193,Free coffee,341,2025-07-12 19:43:51.000,6d9b39c5,150,FREE_PRODUCT
1194,10% off next visit,341,2025-07-12 19:43:51.000,4fb3398e,300,DISCOUNT
1195,20% off any purchase,341,2025-07-12 19:43:51.000,dcec4a3e,800,DISCOUNT
1196,Free dessert,341,2025-07-12 19:43:51.000,8ff97b3d,500,FREE_PRODUCT
1197,Exclusive member offer,342,2025-07-12 19:43:51.000,5c4dc082,0,OTHER
1198,Member discount 5%,342,2025-07-12 19:43:51.000,772ca179,0,DISCOUNT
1199,Exclusive member offer,343,2025-07-12 19:43:51.000,75dd96cf,0,OTHER
1200,Member discount 5%,343,2025-07-12 19:43:51.000,23bf50e7,0,DISCOUNT
1201,15% discount,344,2025-07-12 19:43:51.000,9c078c64,0,DISCOUNT
1202,Buy 9 get 1 free,344,2025-07-12 19:43:51.000,2b0fdfbc,0,FREE_PRODUCT
1203,Complimentary upgrade,344,2025-07-12 19:43:51.000,5d96aa50,0,OTHER
1204,Free product,344,2025-07-12 19:43:51.000,d2593e8b,0,FREE_PRODUCT
1205,Buy 9 get 1 free,345,2025-07-12 19:43:51.000,2d851bcd,0,FREE_PRODUCT
1206,Complimentary upgrade,345,2025-07-12 19:43:51.000,47b7bc8a,0,OTHER
1207,15% discount,345,2025-07-12 19:43:51.000,edc8a724,0,DISCOUNT
1208,Free dessert,346,2025-07-12 19:43:51.000,b9328389,500,FREE_PRODUCT
1209,20% off any purchase,346,2025-07-12 19:43:51.000,2af3e04c,800,DISCOUNT
1210,Free coffee,346,2025-07-12 19:43:51.000,b51fefdd,150,FREE_PRODUCT
1211,Birthday bonus,346,2025-07-12 19:43:51.000,4a350708,0,OTHER
1212,10% off next visit,346,2025-07-12 19:43:51.000,a29cff5d,300,DISCOUNT
1213,10% off next visit,347,2025-07-12 19:43:51.000,787e5db6,300,DISCOUNT
1214,20% off any purchase,347,2025-07-12 19:43:51.000,b7c78d06,800,DISCOUNT
1215,Free dessert,347,2025-07-12 19:43:51.000,5f224661,500,FREE_PRODUCT
1216,Birthday bonus,347,2025-07-12 19:43:51.000,fe277194,0,OTHER
1217,Free coffee,347,2025-07-12 19:43:51.000,a545702d,150,FREE_PRODUCT
1218,Complimentary upgrade,348,2025-07-12 19:43:51.000,21ff6403,0,OTHER
1219,15% discount,348,2025-07-12 19:43:51.000,7e8f1652,0,DISCOUNT
1220,Free product,348,2025-07-12 19:43:51.000,8335cc84,0,FREE_PRODUCT
1221,Buy 9 get 1 free,348,2025-07-12 19:43:51.000,05a6610b,0,FREE_PRODUCT
1222,Free product,349,2025-07-12 19:43:51.000,f285912e,0,FREE_PRODUCT
1223,Complimentary upgrade,349,2025-07-12 19:43:51.000,20edfbf6,0,OTHER
1224,Buy 9 get 1 free,349,2025-07-12 19:43:51.000,aac830d3,0,FREE_PRODUCT
1225,15% discount,349,2025-07-12 19:43:51.000,4ab6f406,0,DISCOUNT
1226,10% off next visit,350,2025-07-12 19:43:51.000,d71ea887,300,DISCOUNT
1227,Free coffee,350,2025-07-12 19:43:51.000,9dbc4e10,150,FREE_PRODUCT
1228,Free dessert,350,2025-07-12 19:43:51.000,241f1917,500,FREE_PRODUCT
1229,20% off any purchase,350,2025-07-12 19:43:51.000,8d2fc58c,800,DISCOUNT
1230,Free coffee,351,2025-07-12 19:43:51.000,111ba3f1,150,FREE_PRODUCT
1231,Free dessert,351,2025-07-12 19:43:51.000,21386e52,500,FREE_PRODUCT
1232,10% off next visit,351,2025-07-12 19:43:51.000,63bed048,300,DISCOUNT
1233,20% off any purchase,351,2025-07-12 19:43:51.000,4599b990,800,DISCOUNT
1234,Birthday bonus,351,2025-07-12 19:43:51.000,ca849433,0,OTHER
1235,Free dessert,352,2025-07-12 19:43:51.000,a1f6c39e,500,FREE_PRODUCT
1236,Birthday bonus,352,2025-07-12 19:43:51.000,bf3c4a81,0,OTHER
1237,Free coffee,352,2025-07-12 19:43:51.000,c6518d67,150,FREE_PRODUCT
1238,20% off any purchase,353,2025-07-12 19:43:51.000,0a539679,800,DISCOUNT
1239,10% off next visit,353,2025-07-12 19:43:51.000,f6fdc092,300,DISCOUNT
1240,Free coffee,353,2025-07-12 19:43:51.000,c2a2c931,150,FREE_PRODUCT
1241,Birthday bonus,353,2025-07-12 19:43:51.000,bd6f60d5,0,OTHER
1242,Member discount 5%,354,2025-07-12 19:43:51.000,38e44fed,0,DISCOUNT
1243,Exclusive member offer,354,2025-07-12 19:43:51.000,b232ebfe,0,OTHER
1244,Complimentary upgrade,355,2025-07-12 19:43:51.000,aa710d6d,0,OTHER
1245,15% discount,355,2025-07-12 19:43:51.000,228bf8cc,0,DISCOUNT
1246,Buy 9 get 1 free,355,2025-07-12 19:43:51.000,4b5c37b4,0,FREE_PRODUCT
1247,Free product,355,2025-07-12 19:43:51.000,f2904daa,0,FREE_PRODUCT
1248,Free dessert,356,2025-07-12 19:43:51.000,e19ee54b,500,FREE_PRODUCT
1249,Birthday bonus,356,2025-07-12 19:43:51.000,c41348f7,0,OTHER
1250,10% off next visit,356,2025-07-12 19:43:51.000,c062517b,300,DISCOUNT
1251,20% off any purchase,356,2025-07-12 19:43:51.000,0115cf11,800,DISCOUNT
1252,Free dessert,357,2025-07-12 19:43:51.000,b6bfb219,500,FREE_PRODUCT
1253,Free coffee,357,2025-07-12 19:43:51.000,da1be48a,150,FREE_PRODUCT
1254,10% off next visit,357,2025-07-12 19:43:51.000,a300ce18,300,DISCOUNT
1255,Birthday bonus,357,2025-07-12 19:43:51.000,1a376290,0,OTHER
1256,20% off any purchase,357,2025-07-12 19:43:51.000,b3f457d1,800,DISCOUNT
1257,Buy 9 get 1 free,358,2025-07-12 19:43:51.000,08445181,0,FREE_PRODUCT
1258,Complimentary upgrade,358,2025-07-12 19:43:51.000,43baec4a,0,OTHER
1259,15% discount,358,2025-07-12 19:43:51.000,8480cef6,0,DISCOUNT
1260,Free dessert,359,2025-07-12 19:43:51.000,ecd2f90f,500,FREE_PRODUCT
1261,20% off any purchase,359,2025-07-12 19:43:51.000,b62eb6ba,800,DISCOUNT
1262,10% off next visit,360,2025-07-12 19:43:51.000,f97560ca,300,DISCOUNT
1263,Free coffee,360,2025-07-12 19:43:51.000,1b319eef,150,FREE_PRODUCT
1264,15% discount,361,2025-07-12 19:43:51.000,f29e6d22,0,DISCOUNT
1265,Complimentary upgrade,361,2025-07-12 19:43:51.000,0119cbb1,0,OTHER
1266,Buy 9 get 1 free,361,2025-07-12 19:43:51.000,0274a5ac,0,FREE_PRODUCT
1267,20% off any purchase,362,2025-07-12 19:43:51.000,7478eb0d,800,DISCOUNT
1268,Free coffee,362,2025-07-12 19:43:51.000,8bcabbef,150,FREE_PRODUCT
1269,10% off next visit,362,2025-07-12 19:43:51.000,efb1df2c,300,DISCOUNT
1270,20% off any purchase,363,2025-07-12 19:43:51.000,56efb7eb,800,DISCOUNT
1271,Free dessert,363,2025-07-12 19:43:51.000,b6ff8da7,500,FREE_PRODUCT
1272,Birthday bonus,363,2025-07-12 19:43:51.000,00db4781,0,OTHER
1273,Free coffee,363,2025-07-12 19:43:51.000,77bfcf40,150,FREE_PRODUCT
1274,10% off next visit,363,2025-07-12 19:43:51.000,49df55fc,300,DISCOUNT
1275,10% off next visit,364,2025-07-12 19:43:51.000,0e2fc2e6,300,DISCOUNT
1276,20% off any purchase,364,2025-07-12 19:43:51.000,bccefd13,800,DISCOUNT
1277,Birthday bonus,364,2025-07-12 19:43:51.000,2ca2cfb9,0,OTHER
1278,Free coffee,364,2025-07-12 19:43:51.000,0d819ef7,150,FREE_PRODUCT
1279,Birthday bonus,365,2025-07-12 19:43:51.000,25e6dca2,0,OTHER
1280,20% off any purchase,365,2025-07-12 19:43:51.000,34427215,800,DISCOUNT
1281,Free coffee,365,2025-07-12 19:43:51.000,c252079f,150,FREE_PRODUCT
1282,Free dessert,365,2025-07-12 19:43:51.000,127ba7b0,500,FREE_PRODUCT
1283,10% off next visit,365,2025-07-12 19:43:51.000,e546fdfc,300,DISCOUNT
1284,10% off next visit,366,2025-07-12 19:43:51.000,59068ddd,300,DISCOUNT
1285,Free coffee,366,2025-07-12 19:43:51.000,1cecff48,150,FREE_PRODUCT
1286,20% off any purchase,366,2025-07-12 19:43:51.000,f20e8e60,800,DISCOUNT
1287,Birthday bonus,366,2025-07-12 19:43:51.000,fda97ddb,0,OTHER
1288,Free dessert,367,2025-07-12 19:43:51.000,8c61bc54,500,FREE_PRODUCT
1289,20% off any purchase,367,2025-07-12 19:43:51.000,cf72bef6,800,DISCOUNT
1290,10% off next visit,367,2025-07-12 19:43:51.000,262ea57d,300,DISCOUNT
1291,Free coffee,368,2025-07-12 19:43:51.000,b982de89,150,FREE_PRODUCT
1292,20% off any purchase,368,2025-07-12 19:43:51.000,0dafd359,800,DISCOUNT
1293,Birthday bonus,368,2025-07-12 19:43:51.000,e038c286,0,OTHER
1294,Birthday bonus,369,2025-07-12 19:43:51.000,58798c06,0,OTHER
1295,20% off any purchase,369,2025-07-12 19:43:51.000,3c2999b4,800,DISCOUNT
1296,10% off next visit,369,2025-07-12 19:43:51.000,3c7e67c5,300,DISCOUNT
1297,Free coffee,369,2025-07-12 19:43:51.000,17741c64,150,FREE_PRODUCT
1298,Free dessert,369,2025-07-12 19:43:51.000,e97c1f13,500,FREE_PRODUCT
1299,Buy 9 get 1 free,370,2025-07-12 19:43:51.000,9a47ae7d,0,FREE_PRODUCT
1300,Complimentary upgrade,370,2025-07-12 19:43:51.000,f3491d93,0,OTHER
1301,15% discount,370,2025-07-12 19:43:51.000,96cf9db7,0,DISCOUNT
1302,Free product,370,2025-07-12 19:43:51.000,6f760270,0,FREE_PRODUCT
1303,20% off any purchase,371,2025-07-12 19:43:51.000,7fde6f67,800,DISCOUNT
1304,Free dessert,371,2025-07-12 19:43:51.000,475a0e6d,500,FREE_PRODUCT
1305,Free coffee,371,2025-07-12 19:43:51.000,abb42b9e,150,FREE_PRODUCT
1306,Birthday bonus,371,2025-07-12 19:43:51.000,b2e3de36,0,OTHER
1307,10% off next visit,371,2025-07-12 19:43:51.000,ae911247,300,DISCOUNT
1308,20% off any purchase,372,2025-07-12 19:43:51.000,cff9a53b,800,DISCOUNT
1309,Free dessert,372,2025-07-12 19:43:51.000,62f2a330,500,FREE_PRODUCT
1310,Birthday bonus,372,2025-07-12 19:43:51.000,a0309082,0,OTHER
1311,Free coffee,372,2025-07-12 19:43:51.000,bdfa326f,150,FREE_PRODUCT
1312,10% off next visit,372,2025-07-12 19:43:51.000,c707174f,300,DISCOUNT
1313,15% discount,373,2025-07-12 19:43:51.000,a56d3ec1,0,DISCOUNT
1314,Buy 9 get 1 free,373,2025-07-12 19:43:51.000,7c8b9761,0,FREE_PRODUCT
1315,Complimentary upgrade,373,2025-07-12 19:43:51.000,08c261c2,0,OTHER
1316,Free product,373,2025-07-12 19:43:51.000,671924f7,0,FREE_PRODUCT
1317,Free dessert,374,2025-07-12 19:43:51.000,6837e704,500,FREE_PRODUCT
1318,Birthday bonus,374,2025-07-12 19:43:51.000,620de855,0,OTHER
1319,Free coffee,374,2025-07-12 19:43:51.000,fc6213b0,150,FREE_PRODUCT
1320,20% off any purchase,374,2025-07-12 19:43:51.000,e809127b,800,DISCOUNT
1321,Birthday bonus,375,2025-07-12 19:43:51.000,192c0069,0,OTHER
1322,Free coffee,375,2025-07-12 19:43:51.000,9c994e28,150,FREE_PRODUCT
1323,Free dessert,375,2025-07-12 19:43:51.000,24f40f99,500,FREE_PRODUCT
1324,10% off next visit,375,2025-07-12 19:43:51.000,3f0a3a1e,300,DISCOUNT
1325,Free coffee,376,2025-07-12 19:43:51.000,a285156c,150,FREE_PRODUCT
1326,Birthday bonus,376,2025-07-12 19:43:51.000,2098c5a6,0,OTHER
1327,20% off any purchase,376,2025-07-12 19:43:51.000,0a3beb84,800,DISCOUNT
1328,10% off next visit,376,2025-07-12 19:43:51.000,04e5347f,300,DISCOUNT
1329,20% off any purchase,377,2025-07-12 19:43:51.000,f3c82276,800,DISCOUNT
1330,Birthday bonus,377,2025-07-12 19:43:51.000,f0cc648e,0,OTHER
1331,15% discount,378,2025-07-12 19:43:51.000,97ea9cc0,0,DISCOUNT
1332,Free product,378,2025-07-12 19:43:51.000,c8c1c91f,0,FREE_PRODUCT
1333,Free dessert,379,2025-07-12 19:43:51.000,7caa20c4,500,FREE_PRODUCT
1334,Free coffee,379,2025-07-12 19:43:51.000,a2c421af,150,FREE_PRODUCT
1335,20% off any purchase,379,2025-07-12 19:43:51.000,afc3f43f,800,DISCOUNT
1336,Birthday bonus,379,2025-07-12 19:43:51.000,8433a0c6,0,OTHER
1337,10% off next visit,379,2025-07-12 19:43:51.000,094a75f8,300,DISCOUNT
1338,Complimentary upgrade,380,2025-07-12 19:43:51.000,f3847736,0,OTHER
1339,15% discount,380,2025-07-12 19:43:51.000,bfc7518f,0,DISCOUNT
1340,Free product,380,2025-07-12 19:43:51.000,de495f80,0,FREE_PRODUCT
1341,Buy 9 get 1 free,380,2025-07-12 19:43:51.000,b1e80801,0,FREE_PRODUCT
1342,Buy 9 get 1 free,381,2025-07-12 19:43:51.000,a2a71d7a,0,FREE_PRODUCT
1343,Complimentary upgrade,381,2025-07-12 19:43:51.000,8ff10039,0,OTHER
1344,15% discount,381,2025-07-12 19:43:51.000,902e959d,0,DISCOUNT
1345,Free product,381,2025-07-12 19:43:51.000,8596cc13,0,FREE_PRODUCT
1346,Exclusive member offer,382,2025-07-12 19:43:51.000,d9de57ec,0,OTHER
1347,Member discount 5%,382,2025-07-12 19:43:51.000,f1ee4b85,0,DISCOUNT
1348,Exclusive member offer,383,2025-07-12 19:43:51.000,11ddce14,0,OTHER
1349,Member discount 5%,383,2025-07-12 19:43:51.000,b8d1919d,0,DISCOUNT
1350,Free product,384,2025-07-12 19:43:51.000,9d93dff5,0,FREE_PRODUCT
1351,Complimentary upgrade,384,2025-07-12 19:43:51.000,ef3e6145,0,OTHER
1352,Complimentary upgrade,385,2025-07-12 19:43:51.000,6b896f84,0,OTHER
1353,Free product,385,2025-07-12 19:43:51.000,f7142aa6,0,FREE_PRODUCT
1354,Buy 9 get 1 free,385,2025-07-12 19:43:51.000,f5bed7fb,0,FREE_PRODUCT
1355,Birthday bonus,386,2025-07-12 19:43:51.000,246f4c43,0,OTHER
1356,Free coffee,386,2025-07-12 19:43:51.000,74b2364c,150,FREE_PRODUCT
1357,Birthday bonus,387,2025-07-12 19:43:51.000,de5466e0,0,OTHER
1358,10% off next visit,387,2025-07-12 19:43:51.000,76f6e087,300,DISCOUNT
1359,Free coffee,387,2025-07-12 19:43:51.000,722ee86d,150,FREE_PRODUCT
1360,20% off any purchase,387,2025-07-12 19:43:51.000,71321a47,800,DISCOUNT
1361,Free dessert,387,2025-07-12 19:43:51.000,6faa564d,500,FREE_PRODUCT
1362,15% discount,388,2025-07-12 19:43:51.000,3a901cb8,0,DISCOUNT
1363,Free product,388,2025-07-12 19:43:51.000,a43ca5ba,0,FREE_PRODUCT
1364,Free product,389,2025-07-12 19:43:51.000,240d463e,0,FREE_PRODUCT
1365,Complimentary upgrade,389,2025-07-12 19:43:51.000,c0c6afce,0,OTHER
1366,15% discount,389,2025-07-12 19:43:51.000,5ebbfb9d,0,DISCOUNT
1367,Complimentary upgrade,390,2025-07-12 19:43:51.000,a0d0ba14,0,OTHER
1368,15% discount,390,2025-07-12 19:43:51.000,16075454,0,DISCOUNT
1369,Buy 9 get 1 free,390,2025-07-12 19:43:51.000,e241eb36,0,FREE_PRODUCT
1370,Free product,390,2025-07-12 19:43:51.000,1a748bd5,0,FREE_PRODUCT
1371,20% off any purchase,391,2025-07-12 19:43:51.000,a116b950,800,DISCOUNT
1372,Free dessert,391,2025-07-12 19:43:51.000,9c0717dc,500,FREE_PRODUCT
1373,Free coffee,391,2025-07-12 19:43:51.000,0124644a,150,FREE_PRODUCT
1374,10% off next visit,391,2025-07-12 19:43:51.000,a7460083,300,DISCOUNT
1375,Birthday bonus,391,2025-07-12 19:43:51.000,a2e7c9d7,0,OTHER
1376,20% off any purchase,392,2025-07-12 19:43:51.000,b15cbc26,800,DISCOUNT
1377,Birthday bonus,392,2025-07-12 19:43:51.000,978728b9,0,OTHER
1378,Free dessert,392,2025-07-12 19:43:51.000,c3a0124f,500,FREE_PRODUCT
1379,Free coffee,392,2025-07-12 19:43:51.000,ad96dfb5,150,FREE_PRODUCT
1380,10% off next visit,392,2025-07-12 19:43:51.000,a0fe02e8,300,DISCOUNT
1381,20% off any purchase,393,2025-07-12 19:43:51.000,53708580,800,DISCOUNT
1382,Free coffee,393,2025-07-12 19:43:51.000,16fdc3a0,150,FREE_PRODUCT
1383,Complimentary upgrade,394,2025-07-12 19:43:51.000,5f45840f,0,OTHER
1384,Buy 9 get 1 free,394,2025-07-12 19:43:51.000,a2d1969c,0,FREE_PRODUCT
1385,Member discount 5%,395,2025-07-12 19:43:51.000,3d319054,0,DISCOUNT
1386,Exclusive member offer,395,2025-07-12 19:43:51.000,b6877c47,0,OTHER
1387,Free dessert,396,2025-07-12 19:43:51.000,bc25c142,500,FREE_PRODUCT
1388,Birthday bonus,396,2025-07-12 19:43:51.000,9b608dd1,0,OTHER
1389,Free coffee,396,2025-07-12 19:43:51.000,892e739e,150,FREE_PRODUCT
1390,10% off next visit,396,2025-07-12 19:43:51.000,e83fd9a3,300,DISCOUNT
1391,20% off any purchase,396,2025-07-12 19:43:51.000,102fb62b,800,DISCOUNT
1392,Buy 9 get 1 free,397,2025-07-12 19:43:51.000,4d9ee752,0,FREE_PRODUCT
1393,15% discount,397,2025-07-12 19:43:51.000,965efc9f,0,DISCOUNT
1394,Complimentary upgrade,397,2025-07-12 19:43:51.000,4a3797d6,0,OTHER
1395,Free product,397,2025-07-12 19:43:51.000,4148cb33,0,FREE_PRODUCT
1396,10% off next visit,398,2025-07-12 19:43:51.000,f9ace87f,300,DISCOUNT
1397,Free coffee,398,2025-07-12 19:43:51.000,57c10c83,150,FREE_PRODUCT
1398,Free product,399,2025-07-12 19:43:51.000,82ca232e,0,FREE_PRODUCT
1399,Complimentary upgrade,399,2025-07-12 19:43:51.000,82fc8118,0,OTHER
1400,Buy 9 get 1 free,399,2025-07-12 19:43:51.000,a3f1c8f4,0,FREE_PRODUCT
1401,15% discount,399,2025-07-12 19:43:51.000,9e84958c,0,DISCOUNT
1402,Free product,400,2025-07-12 19:43:51.000,9ed0756a,0,FREE_PRODUCT
1403,15% discount,400,2025-07-12 19:43:51.000,aaf56d20,0,DISCOUNT
1404,Birthday bonus,401,2025-07-12 19:43:51.000,1578cebf,0,OTHER
1405,20% off any purchase,401,2025-07-12 19:43:51.000,c3d11c6a,800,DISCOUNT
1406,Free dessert,401,2025-07-12 19:43:51.000,27c59302,500,FREE_PRODUCT
1407,10% off next visit,401,2025-07-12 19:43:51.000,3f8ffe77,300,DISCOUNT
1408,Free coffee,401,2025-07-12 19:43:51.000,3a17c3a3,150,FREE_PRODUCT
1409,Birthday bonus,402,2025-07-12 19:43:51.000,44c8c6cc,0,OTHER
1410,Free dessert,402,2025-07-12 19:43:51.000,f8f05904,500,FREE_PRODUCT
1411,Complimentary upgrade,403,2025-07-12 19:43:51.000,51315175,0,OTHER
1412,Buy 9 get 1 free,403,2025-07-12 19:43:51.000,0cb17e49,0,FREE_PRODUCT
1413,Free product,403,2025-07-12 19:43:51.000,d654a3fa,0,FREE_PRODUCT
1414,15% discount,403,2025-07-12 19:43:51.000,a3dafc36,0,DISCOUNT
1415,Complimentary upgrade,404,2025-07-12 19:43:51.000,0bc41463,0,OTHER
1416,Free product,404,2025-07-12 19:43:51.000,d46cd7d3,0,FREE_PRODUCT
1417,Buy 9 get 1 free,404,2025-07-12 19:43:51.000,179c1eb5,0,FREE_PRODUCT
1418,15% discount,404,2025-07-12 19:43:51.000,a8e9f742,0,DISCOUNT
1419,Member discount 5%,405,2025-07-12 19:43:51.000,2d30a191,0,DISCOUNT
1420,Exclusive member offer,405,2025-07-12 19:43:51.000,17720750,0,OTHER
1421,Free product,406,2025-07-12 19:43:51.000,61e9c3f1,0,FREE_PRODUCT
1422,Complimentary upgrade,406,2025-07-12 19:43:51.000,6121576d,0,OTHER
1423,15% discount,406,2025-07-12 19:43:51.000,86c5625b,0,DISCOUNT
1424,Birthday bonus,407,2025-07-12 19:43:51.000,132bb96f,0,OTHER
1425,Free dessert,407,2025-07-12 19:43:51.000,ffa069ac,500,FREE_PRODUCT
1426,10% off next visit,407,2025-07-12 19:43:51.000,3ff7b292,300,DISCOUNT
1427,20% off any purchase,407,2025-07-12 19:43:51.000,385ca4eb,800,DISCOUNT
1428,Free coffee,407,2025-07-12 19:43:51.000,75dd4c39,150,FREE_PRODUCT
1429,Free product,408,2025-07-12 19:43:51.000,4201f34c,0,FREE_PRODUCT
1430,Buy 9 get 1 free,408,2025-07-12 19:43:51.000,bf7f6293,0,FREE_PRODUCT
1431,Complimentary upgrade,408,2025-07-12 19:43:51.000,f7f84bae,0,OTHER
1432,15% discount,408,2025-07-12 19:43:51.000,a806ed0a,0,DISCOUNT
1433,Member discount 5%,409,2025-07-12 19:43:51.000,5172174b,0,DISCOUNT
1434,Exclusive member offer,409,2025-07-12 19:43:51.000,ff9ae083,0,OTHER
1435,15% discount,410,2025-07-12 19:43:51.000,596e7e2b,0,DISCOUNT
1436,Free product,410,2025-07-12 19:43:51.000,61d99aee,0,FREE_PRODUCT
1437,15% discount,411,2025-07-12 19:43:51.000,e2b3d952,0,DISCOUNT
1438,Free product,411,2025-07-12 19:43:51.000,dc7e0720,0,FREE_PRODUCT
1439,Complimentary upgrade,411,2025-07-12 19:43:51.000,fab5224e,0,OTHER
1440,Buy 9 get 1 free,411,2025-07-12 19:43:51.000,74e9b201,0,FREE_PRODUCT
1441,20% off any purchase,412,2025-07-12 19:43:51.000,ad75a392,800,DISCOUNT
1442,Free coffee,412,2025-07-12 19:43:51.000,c7b6a4c8,150,FREE_PRODUCT
1443,Birthday bonus,412,2025-07-12 19:43:51.000,6154a253,0,OTHER
1444,Free dessert,413,2025-07-12 19:43:51.000,59f55dbd,500,FREE_PRODUCT
1445,Birthday bonus,413,2025-07-12 19:43:51.000,4cc693b8,0,OTHER
1446,10% off next visit,414,2025-07-12 19:43:51.000,788753d0,300,DISCOUNT
1447,Birthday bonus,414,2025-07-12 19:43:51.000,a235c313,0,OTHER
1448,Free coffee,415,2025-07-12 19:43:51.000,f2319217,150,FREE_PRODUCT
1449,Birthday bonus,415,2025-07-12 19:43:51.000,23b203c6,0,OTHER
1450,Free dessert,415,2025-07-12 19:43:51.000,49b54cec,500,FREE_PRODUCT
1451,20% off any purchase,416,2025-07-12 19:43:51.000,189e39de,800,DISCOUNT
1452,Birthday bonus,416,2025-07-12 19:43:51.000,e7bf2ded,0,OTHER
1453,Birthday bonus,417,2025-07-12 19:43:51.000,d25312f0,0,OTHER
1454,Free dessert,417,2025-07-12 19:43:51.000,04bf47a3,500,FREE_PRODUCT
1455,10% off next visit,417,2025-07-12 19:43:51.000,caea73f1,300,DISCOUNT
1456,Exclusive member offer,418,2025-07-12 19:43:51.000,88eb3862,0,OTHER
1457,Member discount 5%,418,2025-07-12 19:43:51.000,5e4d50ed,0,DISCOUNT
1458,Exclusive member offer,419,2025-07-12 19:43:51.000,ae9869f1,0,OTHER
1459,Member discount 5%,419,2025-07-12 19:43:51.000,8a955cbd,0,DISCOUNT
1460,20% off any purchase,420,2025-07-12 19:43:51.000,1e28dd89,800,DISCOUNT
1461,10% off next visit,420,2025-07-12 19:43:51.000,e022e08e,300,DISCOUNT
1462,Free coffee,420,2025-07-12 19:43:51.000,9ad14a53,150,FREE_PRODUCT
1463,Birthday bonus,420,2025-07-12 19:43:51.000,7bbbf03c,0,OTHER
1464,Free product,421,2025-07-12 19:43:51.000,2f7a08b3,0,FREE_PRODUCT
1465,Complimentary upgrade,421,2025-07-12 19:43:51.000,12d0163f,0,OTHER
1466,15% discount,421,2025-07-12 19:43:51.000,8823d8cc,0,DISCOUNT
1467,Free dessert,422,2025-07-12 19:43:51.000,ec689362,500,FREE_PRODUCT
1468,Birthday bonus,422,2025-07-12 19:43:51.000,3a8646b3,0,OTHER
1469,20% off any purchase,422,2025-07-12 19:43:51.000,fbcdbb66,800,DISCOUNT
1470,10% off next visit,422,2025-07-12 19:43:51.000,fb1c1fda,300,DISCOUNT
1471,Free coffee,422,2025-07-12 19:43:51.000,2cda240b,150,FREE_PRODUCT
1472,10% off next visit,423,2025-07-12 19:43:51.000,b076f860,300,DISCOUNT
1473,Free coffee,423,2025-07-12 19:43:51.000,96d9be13,150,FREE_PRODUCT
1474,20% off any purchase,423,2025-07-12 19:43:51.000,6ac52fa6,800,DISCOUNT
1475,Free product,424,2025-07-12 19:43:51.000,65ee1842,0,FREE_PRODUCT
1476,Buy 9 get 1 free,424,2025-07-12 19:43:51.000,3b372068,0,FREE_PRODUCT
1477,Complimentary upgrade,424,2025-07-12 19:43:51.000,ddebce1d,0,OTHER
1478,Exclusive member offer,425,2025-07-12 19:43:51.000,cd94d520,0,OTHER
1479,Member discount 5%,425,2025-07-12 19:43:51.000,b911b46b,0,DISCOUNT
1480,Complimentary upgrade,426,2025-07-12 19:43:51.000,aeefcfbc,0,OTHER
1481,Buy 9 get 1 free,426,2025-07-12 19:43:51.000,d94a8369,0,FREE_PRODUCT
1482,Free product,426,2025-07-12 19:43:51.000,23539c21,0,FREE_PRODUCT
1483,Free coffee,427,2025-07-12 19:43:51.000,75de9f03,150,FREE_PRODUCT
1484,Birthday bonus,427,2025-07-12 19:43:51.000,2aaf6d20,0,OTHER
1485,20% off any purchase,427,2025-07-12 19:43:51.000,deaa4cd5,800,DISCOUNT
1486,10% off next visit,427,2025-07-12 19:43:51.000,21dd0f69,300,DISCOUNT
1487,Free dessert,427,2025-07-12 19:43:51.000,0d03d8f4,500,FREE_PRODUCT
1488,Free dessert,428,2025-07-12 19:43:51.000,0824b849,500,FREE_PRODUCT
1489,10% off next visit,428,2025-07-12 19:43:51.000,68fe150f,300,DISCOUNT
1490,20% off any purchase,428,2025-07-12 19:43:51.000,82a05a33,800,DISCOUNT
1491,20% off any purchase,429,2025-07-12 19:43:51.000,fed8b70b,800,DISCOUNT
1492,Birthday bonus,429,2025-07-12 19:43:51.000,80990c5c,0,OTHER
1493,Free dessert,429,2025-07-12 19:43:51.000,d56210f9,500,FREE_PRODUCT
1494,Free coffee,429,2025-07-12 19:43:51.000,bca8aed3,150,FREE_PRODUCT
1495,10% off next visit,429,2025-07-12 19:43:51.000,43532ec2,300,DISCOUNT
1496,10% off next visit,430,2025-07-12 19:43:51.000,25aa78bf,300,DISCOUNT
1497,Free dessert,430,2025-07-12 19:43:51.000,bfa927ff,500,FREE_PRODUCT
1498,Free coffee,430,2025-07-12 19:43:51.000,a0f3aa5b,150,FREE_PRODUCT
1499,Birthday bonus,430,2025-07-12 19:43:51.000,1fb73d1a,0,OTHER
1500,10% off next visit,431,2025-07-12 19:43:51.000,3dcf2810,300,DISCOUNT
1501,20% off any purchase,431,2025-07-12 19:43:51.000,5a2ef63c,800,DISCOUNT
1502,Free dessert,431,2025-07-12 19:43:51.000,5dc3a6ae,500,FREE_PRODUCT
1503,Free coffee,431,2025-07-12 19:43:51.000,017f24f7,150,FREE_PRODUCT
1504,Free product,432,2025-07-12 19:43:51.000,679e7d88,0,FREE_PRODUCT
1505,15% discount,432,2025-07-12 19:43:51.000,080e1e4a,0,DISCOUNT
1506,Buy 9 get 1 free,432,2025-07-12 19:43:51.000,d9aef1e7,0,FREE_PRODUCT
1507,Complimentary upgrade,432,2025-07-12 19:43:51.000,3624f1dd,0,OTHER
1508,Free dessert,433,2025-07-12 19:43:51.000,ff05451f,500,FREE_PRODUCT
1509,Free coffee,433,2025-07-12 19:43:51.000,a64523c6,150,FREE_PRODUCT
1510,20% off any purchase,433,2025-07-12 19:43:51.000,9306cfaa,800,DISCOUNT
1511,Free dessert,434,2025-07-12 19:43:51.000,59d34c91,500,FREE_PRODUCT
1512,Birthday bonus,434,2025-07-12 19:43:51.000,1dcc2dc0,0,OTHER
1513,Free coffee,434,2025-07-12 19:43:51.000,4b7b0f99,150,FREE_PRODUCT
1514,Free dessert,435,2025-07-12 19:43:51.000,a467eb06,500,FREE_PRODUCT
1515,Free coffee,435,2025-07-12 19:43:51.000,41f3fcde,150,FREE_PRODUCT
1516,10% off next visit,435,2025-07-12 19:43:51.000,2f6d706b,300,DISCOUNT
1517,Free product,436,2025-07-12 19:43:51.000,a42d91d1,0,FREE_PRODUCT
1518,15% discount,436,2025-07-12 19:43:51.000,16185581,0,DISCOUNT
1519,Complimentary upgrade,436,2025-07-12 19:43:51.000,2d54da66,0,OTHER
1520,Buy 9 get 1 free,436,2025-07-12 19:43:51.000,91b0e311,0,FREE_PRODUCT
1521,10% off next visit,437,2025-07-12 19:43:51.000,ca2d5dc7,300,DISCOUNT
1522,20% off any purchase,437,2025-07-12 19:43:51.000,d59cb98e,800,DISCOUNT
1523,10% off next visit,438,2025-07-12 19:43:51.000,1cc4bda6,300,DISCOUNT
1524,Birthday bonus,438,2025-07-12 19:43:51.000,603dac26,0,OTHER
1525,Exclusive member offer,439,2025-07-12 19:43:51.000,de62ddee,0,OTHER
1526,Member discount 5%,439,2025-07-12 19:43:51.000,65c52e0c,0,DISCOUNT
1527,15% discount,440,2025-07-12 19:43:51.000,2819681b,0,DISCOUNT
1528,Free product,440,2025-07-12 19:43:51.000,b70d2974,0,FREE_PRODUCT
1529,Complimentary upgrade,440,2025-07-12 19:43:51.000,eb0b5b5d,0,OTHER
1530,Free product,441,2025-07-12 19:43:51.000,c24ba0f7,0,FREE_PRODUCT
1531,Complimentary upgrade,441,2025-07-12 19:43:51.000,b9a1c5c5,0,OTHER
1532,Buy 9 get 1 free,441,2025-07-12 19:43:51.000,94642869,0,FREE_PRODUCT
1533,15% discount,441,2025-07-12 19:43:51.000,89214930,0,DISCOUNT
1534,Exclusive member offer,442,2025-07-12 19:43:51.000,b92cc438,0,OTHER
1535,Member discount 5%,442,2025-07-12 19:43:51.000,5b40807a,0,DISCOUNT
1536,Complimentary upgrade,443,2025-07-12 19:43:51.000,558f78ac,0,OTHER
1537,Free product,443,2025-07-12 19:43:51.000,9c91cf30,0,FREE_PRODUCT
1538,Buy 9 get 1 free,443,2025-07-12 19:43:51.000,122b4c11,0,FREE_PRODUCT
1539,15% discount,443,2025-07-12 19:43:51.000,7e917a82,0,DISCOUNT
1540,Buy 9 get 1 free,444,2025-07-12 19:43:51.000,470c2ffd,0,FREE_PRODUCT
1541,Complimentary upgrade,444,2025-07-12 19:43:51.000,7e5d0292,0,OTHER
1542,Birthday bonus,445,2025-07-12 19:43:51.000,4e72f58f,0,OTHER
1543,10% off next visit,445,2025-07-12 19:43:51.000,d08b3347,300,DISCOUNT
1544,20% off any purchase,445,2025-07-12 19:43:51.000,5869930f,800,DISCOUNT
1545,Free coffee,445,2025-07-12 19:43:51.000,37058832,150,FREE_PRODUCT
1546,Free dessert,445,2025-07-12 19:43:51.000,3a3812ea,500,FREE_PRODUCT
1547,20% off any purchase,446,2025-07-12 19:43:51.000,ecbdf6c1,800,DISCOUNT
1548,Free coffee,446,2025-07-12 19:43:51.000,9cf09ed6,150,FREE_PRODUCT
1549,10% off next visit,446,2025-07-12 19:43:51.000,8aef3f82,300,DISCOUNT
1550,Free dessert,446,2025-07-12 19:43:51.000,b3d3855f,500,FREE_PRODUCT
1551,Birthday bonus,446,2025-07-12 19:43:51.000,150c6853,0,OTHER
1552,Free dessert,447,2025-07-12 19:43:51.000,6a0d8c6d,500,FREE_PRODUCT
1553,10% off next visit,447,2025-07-12 19:43:51.000,e41dcf8b,300,DISCOUNT
1554,20% off any purchase,447,2025-07-12 19:43:51.000,a581e136,800,DISCOUNT
1555,Birthday bonus,447,2025-07-12 19:43:51.000,0b7db3ca,0,OTHER
1556,Free dessert,448,2025-07-12 19:43:51.000,4bb74e7f,500,FREE_PRODUCT
1557,Free coffee,448,2025-07-12 19:43:51.000,3ff07ad3,150,FREE_PRODUCT
1558,20% off any purchase,448,2025-07-12 19:43:51.000,b83f0199,800,DISCOUNT
1559,Buy 9 get 1 free,449,2025-07-12 19:43:51.000,c8d2f764,0,FREE_PRODUCT
1560,15% discount,449,2025-07-12 19:43:51.000,48b27900,0,DISCOUNT
1561,Free product,449,2025-07-12 19:43:51.000,3e7e1522,0,FREE_PRODUCT
1562,Complimentary upgrade,449,2025-07-12 19:43:51.000,ad913ee8,0,OTHER
1563,Exclusive member offer,450,2025-07-12 19:43:51.000,29794b7a,0,OTHER
1564,Member discount 5%,450,2025-07-12 19:43:51.000,d6cbdbea,0,DISCOUNT
1565,15% discount,451,2025-07-12 19:43:51.000,4120f619,0,DISCOUNT
1566,Complimentary upgrade,451,2025-07-12 19:43:51.000,27323568,0,OTHER
1567,Free product,451,2025-07-12 19:43:51.000,47fdcb6d,0,FREE_PRODUCT
1568,Buy 9 get 1 free,451,2025-07-12 19:43:51.000,0840c1c1,0,FREE_PRODUCT
1569,Free coffee,452,2025-07-12 19:43:51.000,1b53ea4b,150,FREE_PRODUCT
1570,Birthday bonus,452,2025-07-12 19:43:51.000,d376ed13,0,OTHER
1571,10% off next visit,452,2025-07-12 19:43:51.000,24c95376,300,DISCOUNT
1572,Free dessert,453,2025-07-12 19:43:51.000,4747c391,500,FREE_PRODUCT
1573,Free coffee,453,2025-07-12 19:43:51.000,a80e1508,150,FREE_PRODUCT
1574,10% off next visit,453,2025-07-12 19:43:51.000,aab2e98e,300,DISCOUNT
1575,Birthday bonus,453,2025-07-12 19:43:51.000,6970372f,0,OTHER
1576,Birthday bonus,454,2025-07-12 19:43:51.000,ef412b06,0,OTHER
1577,20% off any purchase,454,2025-07-12 19:43:51.000,44e09512,800,DISCOUNT
1578,10% off next visit,454,2025-07-12 19:43:51.000,fbaf9f89,300,DISCOUNT
1579,Free dessert,454,2025-07-12 19:43:51.000,1f8df56d,500,FREE_PRODUCT
1580,Free coffee,454,2025-07-12 19:43:51.000,2c24ce4b,150,FREE_PRODUCT
1581,Buy 9 get 1 free,455,2025-07-12 19:43:51.000,ba73a1d7,0,FREE_PRODUCT
1582,15% discount,455,2025-07-12 19:43:51.000,9e8d3085,0,DISCOUNT
1583,Member discount 5%,456,2025-07-12 19:43:51.000,5243dab5,0,DISCOUNT
1584,Exclusive member offer,456,2025-07-12 19:43:51.000,cbc0fbfa,0,OTHER
1585,20% off any purchase,457,2025-07-12 19:43:51.000,49e09758,800,DISCOUNT
1586,Free coffee,457,2025-07-12 19:43:51.000,7fa988b4,150,FREE_PRODUCT
1587,Free dessert,457,2025-07-12 19:43:51.000,fb222e4c,500,FREE_PRODUCT
1588,Birthday bonus,458,2025-07-12 19:43:51.000,47c33a76,0,OTHER
1589,20% off any purchase,458,2025-07-12 19:43:51.000,5219e5d9,800,DISCOUNT
1590,Member discount 5%,459,2025-07-12 19:43:51.000,e3d5e865,0,DISCOUNT
1591,Exclusive member offer,459,2025-07-12 19:43:51.000,a657db28,0,OTHER
1592,Exclusive member offer,460,2025-07-12 19:43:51.000,ac7abb5f,0,OTHER
1593,Member discount 5%,460,2025-07-12 19:43:51.000,9102ddc3,0,DISCOUNT
1594,Birthday bonus,461,2025-07-12 19:43:51.000,9bc7fa10,0,OTHER
1595,20% off any purchase,461,2025-07-12 19:43:51.000,a0386ef6,800,DISCOUNT
1596,Free coffee,461,2025-07-12 19:43:51.000,00ef88bf,150,FREE_PRODUCT
1597,Free dessert,461,2025-07-12 19:43:51.000,5a6ee791,500,FREE_PRODUCT
1598,10% off next visit,461,2025-07-12 19:43:51.000,d26984c0,300,DISCOUNT
1599,10% off next visit,462,2025-07-12 19:43:51.000,cf909e78,300,DISCOUNT
1600,Free coffee,462,2025-07-12 19:43:51.000,b134faa5,150,FREE_PRODUCT
1601,20% off any purchase,463,2025-07-12 19:43:51.000,147846d7,800,DISCOUNT
1602,Birthday bonus,463,2025-07-12 19:43:51.000,f951ce4f,0,OTHER
1603,Free coffee,463,2025-07-12 19:43:51.000,a7a46ff4,150,FREE_PRODUCT
1604,Free dessert,463,2025-07-12 19:43:51.000,2df35d78,500,FREE_PRODUCT
1605,10% off next visit,463,2025-07-12 19:43:51.000,8e499479,300,DISCOUNT
1606,15% discount,464,2025-07-12 19:43:51.000,bd6e0415,0,DISCOUNT
1607,Buy 9 get 1 free,464,2025-07-12 19:43:51.000,f34671ba,0,FREE_PRODUCT
1608,Free product,464,2025-07-12 19:43:51.000,e299d370,0,FREE_PRODUCT
1609,Complimentary upgrade,464,2025-07-12 19:43:51.000,df8b70e3,0,OTHER
1610,20% off any purchase,465,2025-07-12 19:43:51.000,56ef02df,800,DISCOUNT
1611,Free coffee,465,2025-07-12 19:43:51.000,aec997b8,150,FREE_PRODUCT
1612,Free dessert,465,2025-07-12 19:43:51.000,0ce679f6,500,FREE_PRODUCT
1613,10% off next visit,465,2025-07-12 19:43:51.000,9e946ebb,300,DISCOUNT
1614,Birthday bonus,465,2025-07-12 19:43:51.000,60c7da43,0,OTHER
1615,10% off next visit,466,2025-07-12 19:43:51.000,25afb729,300,DISCOUNT
1616,Birthday bonus,466,2025-07-12 19:43:51.000,862af53b,0,OTHER
1617,Free coffee,466,2025-07-12 19:43:51.000,eb60c6bb,150,FREE_PRODUCT
1618,Free dessert,466,2025-07-12 19:43:51.000,1107a204,500,FREE_PRODUCT
1619,Member discount 5%,467,2025-07-12 19:43:51.000,b48d8ed1,0,DISCOUNT
1620,Exclusive member offer,467,2025-07-12 19:43:51.000,ab29ce05,0,OTHER
1621,Buy 9 get 1 free,468,2025-07-12 19:43:51.000,87902450,0,FREE_PRODUCT
1622,Complimentary upgrade,468,2025-07-12 19:43:51.000,eda26aea,0,OTHER
1623,Free product,468,2025-07-12 19:43:51.000,eb6d23af,0,FREE_PRODUCT
1624,15% discount,468,2025-07-12 19:43:51.000,94d31f96,0,DISCOUNT
1625,20% off any purchase,469,2025-07-12 19:43:51.000,05548734,800,DISCOUNT
1626,Free coffee,469,2025-07-12 19:43:51.000,84679de2,150,FREE_PRODUCT
1627,20% off any purchase,470,2025-07-12 19:43:51.000,84296804,800,DISCOUNT
1628,Free dessert,470,2025-07-12 19:43:51.000,24aae535,500,FREE_PRODUCT
1629,15% discount,471,2025-07-12 19:43:51.000,340388a1,0,DISCOUNT
1630,Free product,471,2025-07-12 19:43:51.000,b29e9fbc,0,FREE_PRODUCT
1631,Buy 9 get 1 free,471,2025-07-12 19:43:51.000,e7bc3369,0,FREE_PRODUCT
1632,10% off next visit,472,2025-07-12 19:43:51.000,4b72197a,300,DISCOUNT
1633,20% off any purchase,472,2025-07-12 19:43:51.000,f7e40eb9,800,DISCOUNT
1634,Birthday bonus,472,2025-07-12 19:43:51.000,7dcd38fb,0,OTHER
1635,Birthday bonus,473,2025-07-12 19:43:51.000,d93fc524,0,OTHER
1636,10% off next visit,473,2025-07-12 19:43:51.000,f0150f1d,300,DISCOUNT
1637,Free dessert,473,2025-07-12 19:43:51.000,eab63e49,500,FREE_PRODUCT
1638,20% off any purchase,473,2025-07-12 19:43:51.000,00d9e677,800,DISCOUNT
1639,Free coffee,473,2025-07-12 19:43:51.000,1a5f70e9,150,FREE_PRODUCT
1640,15% discount,474,2025-07-12 19:43:51.000,8defdb37,0,DISCOUNT
1641,Buy 9 get 1 free,474,2025-07-12 19:43:51.000,9f3ca9ca,0,FREE_PRODUCT
1642,Free product,474,2025-07-12 19:43:51.000,ce60fdc8,0,FREE_PRODUCT
1643,Free coffee,475,2025-07-12 19:43:51.000,acc95454,150,FREE_PRODUCT
1644,20% off any purchase,475,2025-07-12 19:43:51.000,078a3bc1,800,DISCOUNT
1645,10% off next visit,475,2025-07-12 19:43:51.000,6b7b1ce9,300,DISCOUNT
1646,Free dessert,475,2025-07-12 19:43:51.000,19e3f80f,500,FREE_PRODUCT
1647,Birthday bonus,475,2025-07-12 19:43:51.000,921ff90f,0,OTHER
1648,Exclusive member offer,476,2025-07-12 19:43:51.000,ee306e1a,0,OTHER
1649,Member discount 5%,476,2025-07-12 19:43:51.000,fcd64b1f,0,DISCOUNT
1650,10% off next visit,477,2025-07-12 19:43:51.000,81a77c66,300,DISCOUNT
1651,Free dessert,477,2025-07-12 19:43:51.000,9577ee7d,500,FREE_PRODUCT
1652,Birthday bonus,477,2025-07-12 19:43:51.000,0ec085d4,0,OTHER
1653,Free coffee,477,2025-07-12 19:43:51.000,9622376e,150,FREE_PRODUCT
1654,20% off any purchase,477,2025-07-12 19:43:51.000,a9daaefc,800,DISCOUNT
1655,Complimentary upgrade,478,2025-07-12 19:43:51.000,8556d98c,0,OTHER
1656,15% discount,478,2025-07-12 19:43:51.000,69f356e6,0,DISCOUNT
1657,Exclusive member offer,479,2025-07-12 19:43:51.000,1aadeaff,0,OTHER
1658,Member discount 5%,479,2025-07-12 19:43:51.000,2e904af0,0,DISCOUNT
1659,Birthday bonus,480,2025-07-12 19:43:51.000,422b3879,0,OTHER
1660,20% off any purchase,480,2025-07-12 19:43:51.000,3b2025cf,800,DISCOUNT
1661,Exclusive member offer,481,2025-07-12 19:43:51.000,ca1a4df5,0,OTHER
1662,Member discount 5%,481,2025-07-12 19:43:51.000,e55f1ab7,0,DISCOUNT
1663,Birthday bonus,482,2025-07-12 19:43:51.000,0f999508,0,OTHER
1664,20% off any purchase,482,2025-07-12 19:43:51.000,96aa8e2a,800,DISCOUNT
1665,Free coffee,482,2025-07-12 19:43:51.000,81b23a58,150,FREE_PRODUCT
1666,10% off next visit,482,2025-07-12 19:43:51.000,99e77633,300,DISCOUNT
1667,Free dessert,482,2025-07-12 19:43:51.000,93a05bb1,500,FREE_PRODUCT
1668,Birthday bonus,483,2025-07-12 19:43:51.000,03539d82,0,OTHER
1669,Free dessert,483,2025-07-12 19:43:51.000,1fabd6ad,500,FREE_PRODUCT
1670,Free coffee,483,2025-07-12 19:43:51.000,836f6404,150,FREE_PRODUCT
1671,20% off any purchase,483,2025-07-12 19:43:51.000,6c2f29b6,800,DISCOUNT
1672,10% off next visit,484,2025-07-12 19:43:51.000,b10815e1,300,DISCOUNT
1673,Free coffee,484,2025-07-12 19:43:51.000,00c75ec3,150,FREE_PRODUCT
1674,Free dessert,484,2025-07-12 19:43:51.000,7d00484f,500,FREE_PRODUCT
1675,Birthday bonus,484,2025-07-12 19:43:51.000,bb33368f,0,OTHER
1676,20% off any purchase,484,2025-07-12 19:43:51.000,5e8b1810,800,DISCOUNT
1677,15% discount,485,2025-07-12 19:43:51.000,f5ceb37c,0,DISCOUNT
1678,Complimentary upgrade,485,2025-07-12 19:43:51.000,c04c1dac,0,OTHER
1679,Free product,485,2025-07-12 19:43:51.000,9be47330,0,FREE_PRODUCT
1680,Free coffee,486,2025-07-12 19:43:51.000,70f158ae,150,FREE_PRODUCT
1681,10% off next visit,486,2025-07-12 19:43:51.000,84f7f698,300,DISCOUNT
1682,15% discount,487,2025-07-12 19:43:51.000,c8288e7b,0,DISCOUNT
1683,Free product,487,2025-07-12 19:43:51.000,bfaaf0af,0,FREE_PRODUCT
1684,Buy 9 get 1 free,487,2025-07-12 19:43:51.000,5173b7b5,0,FREE_PRODUCT
1685,15% discount,488,2025-07-12 19:43:51.000,e854242b,0,DISCOUNT
1686,Complimentary upgrade,488,2025-07-12 19:43:51.000,acf38cb8,0,OTHER
1687,10% off next visit,489,2025-07-12 19:43:51.000,5a7f193b,300,DISCOUNT
1688,20% off any purchase,489,2025-07-12 19:43:51.000,37b2503e,800,DISCOUNT
1689,Birthday bonus,490,2025-07-12 19:43:51.000,14331532,0,OTHER
1690,20% off any purchase,490,2025-07-12 19:43:51.000,fc2d7a7b,800,DISCOUNT
1691,Member discount 5%,491,2025-07-12 19:43:51.000,ae8424c1,0,DISCOUNT
1692,Exclusive member offer,491,2025-07-12 19:43:51.000,9615e804,0,OTHER
1693,Free dessert,492,2025-07-12 19:43:51.000,887030dc,500,FREE_PRODUCT
1694,20% off any purchase,492,2025-07-12 19:43:51.000,b9d2adb6,800,DISCOUNT
1695,10% off next visit,492,2025-07-12 19:43:51.000,09e724b8,300,DISCOUNT
1696,Exclusive member offer,493,2025-07-12 19:43:51.000,9b7d2e4c,0,OTHER
1697,Member discount 5%,493,2025-07-12 19:43:51.000,4438d2b4,0,DISCOUNT
1698,10% off next visit,494,2025-07-12 19:43:51.000,dda66ffd,300,DISCOUNT
1699,Free coffee,494,2025-07-12 19:43:51.000,d74df24b,150,FREE_PRODUCT
1700,20% off any purchase,494,2025-07-12 19:43:51.000,bb7d499c,800,DISCOUNT
1701,Birthday bonus,494,2025-07-12 19:43:51.000,1144e8aa,0,OTHER
1702,Free dessert,494,2025-07-12 19:43:51.000,86549156,500,FREE_PRODUCT
1703,Free product,495,2025-07-12 19:43:51.000,e7e7f99e,0,FREE_PRODUCT
1704,Buy 9 get 1 free,495,2025-07-12 19:43:51.000,ee5d5d82,0,FREE_PRODUCT
1705,20% off any purchase,496,2025-07-12 19:43:51.000,c6152b9b,800,DISCOUNT
1706,Free dessert,496,2025-07-12 19:43:51.000,1f1dff84,500,FREE_PRODUCT
1707,10% off next visit,496,2025-07-12 19:43:51.000,6ece9d22,300,DISCOUNT
1708,Birthday bonus,496,2025-07-12 19:43:51.000,392c759e,0,OTHER
1709,Free dessert,497,2025-07-12 19:43:51.000,c2b2f5a0,500,FREE_PRODUCT
1710,20% off any purchase,497,2025-07-12 19:43:51.000,fda292c7,800,DISCOUNT
1711,Free coffee,497,2025-07-12 19:43:51.000,584aee11,150,FREE_PRODUCT
1712,Birthday bonus,497,2025-07-12 19:43:51.000,eaa88687,0,OTHER
1713,Free product,498,2025-07-12 19:43:51.000,043cc003,0,FREE_PRODUCT
1714,Complimentary upgrade,498,2025-07-12 19:43:51.000,ef897cd9,0,OTHER
1715,15% discount,498,2025-07-12 19:43:51.000,24d5930b,0,DISCOUNT
1716,Buy 9 get 1 free,498,2025-07-12 19:43:51.000,9854da74,0,FREE_PRODUCT
1717,Free product,499,2025-07-12 19:43:51.000,cc106883,0,FREE_PRODUCT
1718,Complimentary upgrade,499,2025-07-12 19:43:51.000,4744f7d4,0,OTHER
1719,Buy 9 get 1 free,499,2025-07-12 19:43:51.000,92f50604,0,FREE_PRODUCT
1720,Free coffee,500,2025-07-12 19:43:51.000,c8993f05,150,FREE_PRODUCT
1721,10% off next visit,500,2025-07-12 19:43:51.000,510f5a95,300,DISCOUNT
1722,20% off any purchase,500,2025-07-12 19:43:51.000,96bcec83,800,DISCOUNT
1723,Birthday bonus,500,2025-07-12 19:43:51.000,9b0b1f2d,0,OTHER
