id,type,value,reward_id,business_id,enable,expiresInHours
1,TRANSACTION,1,1,1,1,1440
2,NEW_CLIENT,3,1,1,1,720
3,TRANSACTION,10,2,1,1,2160
4,BIRTHDAY,10,2,1,1,1440
5,TRANSACTION,2,3,1,1,2160
6,BIRTHDAY,10,3,1,1,2160
7,NEW_CLIENT,10,3,1,1,2160
8,BIRTHDAY,5,4,1,1,2160
9,NEW_CLIENT,2,4,1,1,4320
10,BIRTHDAY,2,5,2,1,2160
11,NEW_CLIENT,10,5,2,1,1440
12,BIRTHDAY,1,6,2,1,2160
13,NEW_CLIENT,5,6,2,1,1440
14,BIRTHDAY,1,7,2,1,720
15,NEW_CLIENT,3,7,2,1,720
16,BIRTHDAY,10,8,3,1,2160
17,NEW_CLIENT,5,9,3,1,720
18,TRANSACTION,10,10,3,1,1440
19,NEW_CLIENT,5,10,3,1,1440
20,BIRTHDAY,5,10,3,1,720
21,BIRTHDAY,10,11,3,1,720
22,BIRTHDAY,10,12,3,1,720
23,NEW_CLIENT,1,12,3,1,1440
24,TRANSACTION,5,12,3,1,720
25,NEW_CLIENT,10,13,4,1,1440
26,TRANSACTION,3,14,4,1,4320
27,NEW_CLIENT,1,14,4,1,1440
28,BIRTHDAY,1,14,4,1,2160
29,TRANSACTION,5,15,4,1,720
30,BIRTHDAY,5,16,4,1,720
31,TRANSACTION,2,16,4,1,720
32,TRANSACTION,3,17,4,1,4320
33,NEW_CLIENT,5,17,4,1,4320
34,BIRTHDAY,10,17,4,1,720
35,NEW_CLIENT,3,18,5,1,2160
36,BIRTHDAY,10,18,5,1,4320
37,NEW_CLIENT,5,19,5,1,4320
38,TRANSACTION,5,20,5,1,1440
39,NEW_CLIENT,10,21,5,1,720
40,BIRTHDAY,1,21,5,1,2160
41,TRANSACTION,2,21,5,1,1440
42,BIRTHDAY,2,22,6,1,4320
43,TRANSACTION,10,22,6,1,1440
44,NEW_CLIENT,10,22,6,1,1440
45,BIRTHDAY,2,23,6,1,720
46,TRANSACTION,10,23,6,1,4320
47,NEW_CLIENT,5,23,6,1,720
48,BIRTHDAY,10,24,6,1,720
49,NEW_CLIENT,1,24,6,1,4320
50,TRANSACTION,5,25,7,1,1440
51,BIRTHDAY,2,25,7,1,2160
52,NEW_CLIENT,1,26,7,1,1440
53,TRANSACTION,2,26,7,1,4320
54,BIRTHDAY,2,27,7,1,4320
55,TRANSACTION,3,27,7,1,2160
56,BIRTHDAY,3,28,7,1,4320
57,TRANSACTION,3,28,7,1,4320
58,NEW_CLIENT,3,28,7,1,720
59,NEW_CLIENT,3,29,7,1,720
60,TRANSACTION,3,29,7,1,1440
61,NEW_CLIENT,1,30,8,1,2160
62,TRANSACTION,10,30,8,1,2160
63,NEW_CLIENT,5,31,8,1,1440
64,NEW_CLIENT,2,32,9,1,4320
65,NEW_CLIENT,2,33,9,1,1440
66,TRANSACTION,1,33,9,1,720
67,TRANSACTION,10,34,9,1,1440
68,BIRTHDAY,3,34,9,1,2160
69,TRANSACTION,10,35,9,1,2160
70,NEW_CLIENT,3,35,9,1,720
71,BIRTHDAY,10,36,10,1,2160
72,TRANSACTION,10,37,10,1,720
73,NEW_CLIENT,10,37,10,1,4320
74,BIRTHDAY,5,38,11,1,720
75,TRANSACTION,2,38,11,1,1440
76,NEW_CLIENT,10,38,11,1,1440
77,TRANSACTION,1,39,11,1,720
78,NEW_CLIENT,1,39,11,1,2160
79,TRANSACTION,3,40,11,1,4320
80,TRANSACTION,10,41,11,1,4320
81,TRANSACTION,10,42,12,1,2160
82,NEW_CLIENT,3,42,12,1,2160
83,BIRTHDAY,5,42,12,1,1440
84,NEW_CLIENT,1,43,12,1,1440
85,TRANSACTION,5,43,12,1,720
86,BIRTHDAY,2,44,12,1,4320
87,TRANSACTION,1,44,12,1,4320
88,BIRTHDAY,3,45,13,1,2160
89,BIRTHDAY,1,46,13,1,720
90,TRANSACTION,5,46,13,1,1440
91,BIRTHDAY,3,47,14,1,1440
92,NEW_CLIENT,1,47,14,1,2160
93,BIRTHDAY,3,48,14,1,2160
94,NEW_CLIENT,1,48,14,1,1440
95,TRANSACTION,3,48,14,1,1440
96,BIRTHDAY,2,49,14,1,720
97,NEW_CLIENT,1,50,15,1,2160
98,BIRTHDAY,10,51,15,1,720
99,TRANSACTION,10,51,15,1,720
100,BIRTHDAY,5,52,15,1,1440
101,TRANSACTION,2,53,15,1,2160
102,BIRTHDAY,10,54,16,1,1440
103,NEW_CLIENT,1,54,16,1,1440
104,TRANSACTION,10,55,16,1,1440
105,BIRTHDAY,10,56,16,1,2160
106,TRANSACTION,5,57,17,1,4320
107,NEW_CLIENT,10,57,17,1,1440
108,BIRTHDAY,2,57,17,1,1440
109,BIRTHDAY,5,58,17,1,2160
110,NEW_CLIENT,5,58,17,1,2160
111,TRANSACTION,2,58,17,1,720
112,NEW_CLIENT,2,59,17,1,4320
113,BIRTHDAY,10,59,17,1,4320
114,TRANSACTION,5,59,17,1,1440
115,NEW_CLIENT,1,60,18,1,1440
116,BIRTHDAY,2,60,18,1,4320
117,BIRTHDAY,5,61,18,1,4320
118,TRANSACTION,2,61,18,1,2160
119,NEW_CLIENT,2,61,18,1,4320
120,TRANSACTION,5,62,18,1,4320
121,BIRTHDAY,5,62,18,1,4320
122,NEW_CLIENT,2,63,18,1,720
123,TRANSACTION,3,63,18,1,4320
124,TRANSACTION,10,64,19,1,4320
125,BIRTHDAY,10,64,19,1,1440
126,NEW_CLIENT,1,64,19,1,2160
127,NEW_CLIENT,10,65,19,1,4320
128,TRANSACTION,10,66,20,1,720
129,NEW_CLIENT,5,67,20,1,2160
130,NEW_CLIENT,5,68,20,1,4320
131,TRANSACTION,1,68,20,1,2160
132,BIRTHDAY,2,69,21,1,1440
133,BIRTHDAY,10,70,21,1,2160
134,NEW_CLIENT,10,70,21,1,4320
135,TRANSACTION,3,70,21,1,720
136,TRANSACTION,1,71,22,1,2160
137,BIRTHDAY,5,71,22,1,2160
138,TRANSACTION,2,72,22,1,4320
139,BIRTHDAY,10,72,22,1,2160
140,NEW_CLIENT,2,72,22,1,720
141,TRANSACTION,2,73,22,1,720
142,BIRTHDAY,10,73,22,1,4320
143,TRANSACTION,5,74,22,1,1440
144,BIRTHDAY,10,74,22,1,2160
145,NEW_CLIENT,1,75,23,1,4320
146,TRANSACTION,1,76,23,1,720
147,NEW_CLIENT,5,76,23,1,4320
148,BIRTHDAY,10,76,23,1,1440
149,BIRTHDAY,1,77,24,1,1440
150,NEW_CLIENT,2,77,24,1,2160
151,TRANSACTION,1,77,24,1,720
152,NEW_CLIENT,3,78,24,1,2160
153,BIRTHDAY,1,79,24,1,720
154,TRANSACTION,5,79,24,1,720
155,NEW_CLIENT,3,80,24,1,4320
156,NEW_CLIENT,3,81,24,1,1440
157,BIRTHDAY,10,81,24,1,2160
158,TRANSACTION,1,81,24,1,1440
159,BIRTHDAY,1,82,25,1,4320
160,NEW_CLIENT,2,82,25,1,4320
161,BIRTHDAY,1,83,25,1,2160
162,TRANSACTION,1,83,25,1,4320
163,BIRTHDAY,5,84,25,1,2160
164,TRANSACTION,2,84,25,1,2160
165,NEW_CLIENT,10,84,25,1,4320
166,NEW_CLIENT,10,85,25,1,1440
167,TRANSACTION,2,85,25,1,2160
168,BIRTHDAY,1,85,25,1,1440
169,TRANSACTION,3,86,26,1,1440
170,BIRTHDAY,5,86,26,1,2160
171,TRANSACTION,1,87,26,1,4320
172,BIRTHDAY,3,87,26,1,1440
173,NEW_CLIENT,2,87,26,1,1440
174,BIRTHDAY,1,88,26,1,720
175,BIRTHDAY,2,89,26,1,1440
176,NEW_CLIENT,3,89,26,1,1440
177,TRANSACTION,2,89,26,1,1440
178,BIRTHDAY,3,90,26,1,4320
179,NEW_CLIENT,2,90,26,1,1440
180,NEW_CLIENT,3,91,27,1,720
181,BIRTHDAY,5,91,27,1,4320
182,TRANSACTION,3,92,27,1,2160
183,BIRTHDAY,5,93,27,1,2160
184,TRANSACTION,10,94,27,1,1440
185,BIRTHDAY,3,94,27,1,720
186,NEW_CLIENT,10,95,28,1,4320
187,TRANSACTION,10,95,28,1,2160
188,BIRTHDAY,5,95,28,1,1440
189,BIRTHDAY,10,96,28,1,1440
190,NEW_CLIENT,5,96,28,1,2160
191,TRANSACTION,3,96,28,1,720
192,NEW_CLIENT,10,97,28,1,720
193,BIRTHDAY,1,97,28,1,720
194,TRANSACTION,5,97,28,1,720
195,TRANSACTION,1,98,29,1,2160
196,NEW_CLIENT,10,98,29,1,720
197,BIRTHDAY,2,98,29,1,4320
198,BIRTHDAY,2,99,29,1,4320
199,NEW_CLIENT,10,99,29,1,4320
200,TRANSACTION,10,99,29,1,4320
201,BIRTHDAY,2,100,30,1,1440
202,BIRTHDAY,2,101,30,1,4320
203,TRANSACTION,2,101,30,1,1440
204,TRANSACTION,1,102,30,1,4320
205,NEW_CLIENT,3,102,30,1,2160
206,BIRTHDAY,1,102,30,1,4320
207,TRANSACTION,3,103,30,1,4320
208,NEW_CLIENT,2,103,30,1,720
209,BIRTHDAY,2,104,30,1,2160
210,TRANSACTION,2,104,30,1,1440
211,NEW_CLIENT,1,105,31,1,1440
212,BIRTHDAY,3,106,31,1,2160
213,TRANSACTION,1,106,31,1,1440
214,BIRTHDAY,10,107,32,1,2160
215,TRANSACTION,1,107,32,1,4320
216,NEW_CLIENT,1,107,32,1,1440
217,TRANSACTION,1,108,32,1,1440
218,BIRTHDAY,5,109,32,1,2160
219,NEW_CLIENT,10,109,32,1,2160
220,NEW_CLIENT,10,110,32,1,720
221,TRANSACTION,3,110,32,1,1440
222,NEW_CLIENT,10,111,33,1,4320
223,BIRTHDAY,10,112,33,1,720
224,NEW_CLIENT,10,113,33,1,2160
225,TRANSACTION,5,114,33,1,720
226,TRANSACTION,10,115,33,1,720
227,NEW_CLIENT,5,115,33,1,720
228,BIRTHDAY,3,116,34,1,720
229,TRANSACTION,5,116,34,1,1440
230,NEW_CLIENT,5,116,34,1,4320
231,NEW_CLIENT,5,117,34,1,1440
232,BIRTHDAY,10,117,34,1,4320
233,TRANSACTION,1,117,34,1,1440
234,NEW_CLIENT,1,118,34,1,2160
235,TRANSACTION,3,118,34,1,1440
236,BIRTHDAY,5,119,35,1,1440
237,BIRTHDAY,1,120,35,1,2160
238,TRANSACTION,3,121,35,1,2160
239,NEW_CLIENT,1,122,35,1,4320
240,BIRTHDAY,2,122,35,1,4320
241,NEW_CLIENT,10,123,35,1,720
242,BIRTHDAY,10,123,35,1,2160
243,TRANSACTION,1,124,36,1,2160
244,BIRTHDAY,3,125,36,1,2160
245,NEW_CLIENT,1,125,36,1,2160
246,BIRTHDAY,1,126,36,1,4320
247,NEW_CLIENT,10,126,36,1,2160
248,NEW_CLIENT,10,127,37,1,720
249,NEW_CLIENT,5,128,37,1,2160
250,NEW_CLIENT,5,129,38,1,4320
251,TRANSACTION,3,129,38,1,720
252,BIRTHDAY,10,129,38,1,4320
253,TRANSACTION,3,130,38,1,2160
254,TRANSACTION,1,131,38,1,2160
255,BIRTHDAY,10,132,39,1,2160
256,BIRTHDAY,5,133,39,1,4320
257,TRANSACTION,2,133,39,1,4320
258,NEW_CLIENT,1,133,39,1,4320
259,NEW_CLIENT,1,134,39,1,1440
260,TRANSACTION,2,134,39,1,2160
261,BIRTHDAY,1,135,39,1,1440
262,TRANSACTION,5,135,39,1,1440
263,NEW_CLIENT,1,135,39,1,720
264,NEW_CLIENT,2,136,40,1,4320
265,BIRTHDAY,5,136,40,1,720
266,TRANSACTION,5,136,40,1,1440
267,NEW_CLIENT,1,137,40,1,2160
268,BIRTHDAY,10,137,40,1,4320
269,TRANSACTION,1,137,40,1,2160
270,NEW_CLIENT,3,138,41,1,2160
271,BIRTHDAY,5,138,41,1,1440
272,TRANSACTION,2,138,41,1,4320
273,NEW_CLIENT,1,139,41,1,2160
274,BIRTHDAY,1,140,41,1,720
275,TRANSACTION,2,141,42,1,1440
276,BIRTHDAY,3,141,42,1,4320
277,NEW_CLIENT,2,141,42,1,1440
278,NEW_CLIENT,1,142,42,1,2160
279,TRANSACTION,3,142,42,1,2160
280,BIRTHDAY,2,142,42,1,720
281,BIRTHDAY,3,143,43,1,720
282,NEW_CLIENT,5,143,43,1,720
283,TRANSACTION,5,143,43,1,720
284,BIRTHDAY,3,144,43,1,2160
285,TRANSACTION,2,144,43,1,2160
286,NEW_CLIENT,3,144,43,1,1440
287,NEW_CLIENT,2,145,43,1,720
288,BIRTHDAY,1,145,43,1,2160
289,TRANSACTION,1,145,43,1,720
290,NEW_CLIENT,10,146,44,1,1440
291,TRANSACTION,3,146,44,1,2160
292,BIRTHDAY,3,146,44,1,2160
293,TRANSACTION,3,147,44,1,720
294,BIRTHDAY,3,147,44,1,4320
295,TRANSACTION,1,148,44,1,1440
296,BIRTHDAY,5,148,44,1,2160
297,BIRTHDAY,3,149,44,1,1440
298,NEW_CLIENT,2,149,44,1,1440
299,TRANSACTION,3,149,44,1,1440
300,TRANSACTION,10,150,45,1,720
301,BIRTHDAY,3,151,45,1,4320
302,NEW_CLIENT,1,151,45,1,720
303,NEW_CLIENT,3,152,45,1,2160
304,TRANSACTION,10,153,45,1,4320
305,NEW_CLIENT,5,153,45,1,2160
306,BIRTHDAY,1,153,45,1,1440
307,NEW_CLIENT,10,154,46,1,1440
308,BIRTHDAY,3,154,46,1,1440
309,TRANSACTION,10,154,46,1,720
310,TRANSACTION,1,155,46,1,2160
311,NEW_CLIENT,3,155,46,1,4320
312,BIRTHDAY,3,156,46,1,720
313,TRANSACTION,5,156,46,1,720
314,BIRTHDAY,5,157,46,1,1440
315,TRANSACTION,2,157,46,1,1440
316,NEW_CLIENT,2,157,46,1,2160
317,TRANSACTION,3,158,46,1,720
318,NEW_CLIENT,5,158,46,1,1440
319,BIRTHDAY,1,158,46,1,4320
320,NEW_CLIENT,10,159,47,1,720
321,BIRTHDAY,3,159,47,1,720
322,NEW_CLIENT,1,160,47,1,1440
323,BIRTHDAY,2,160,47,1,720
324,NEW_CLIENT,3,161,48,1,720
325,TRANSACTION,2,162,48,1,720
326,NEW_CLIENT,1,162,48,1,1440
327,BIRTHDAY,10,163,48,1,4320
328,TRANSACTION,5,163,48,1,2160
329,BIRTHDAY,10,164,48,1,1440
330,BIRTHDAY,1,165,49,1,1440
331,TRANSACTION,10,165,49,1,2160
332,BIRTHDAY,1,166,49,1,720
333,BIRTHDAY,1,167,50,1,1440
334,TRANSACTION,3,167,50,1,720
335,NEW_CLIENT,3,167,50,1,1440
336,BIRTHDAY,3,168,50,1,2160
337,NEW_CLIENT,1,168,50,1,1440
338,TRANSACTION,5,169,50,1,720
339,BIRTHDAY,3,170,50,1,720
340,NEW_CLIENT,2,170,50,1,4320
341,TRANSACTION,3,170,50,1,1440
342,TRANSACTION,2,171,51,1,1440
343,NEW_CLIENT,1,171,51,1,4320
344,BIRTHDAY,1,171,51,1,2160
345,TRANSACTION,5,172,51,1,1440
346,TRANSACTION,1,173,52,1,4320
347,BIRTHDAY,2,173,52,1,2160
348,NEW_CLIENT,10,174,52,1,2160
349,TRANSACTION,1,174,52,1,1440
350,NEW_CLIENT,2,175,53,1,1440
351,TRANSACTION,10,175,53,1,1440
352,BIRTHDAY,10,175,53,1,4320
353,TRANSACTION,10,176,53,1,720
354,NEW_CLIENT,5,176,53,1,1440
355,BIRTHDAY,3,176,53,1,1440
356,TRANSACTION,1,177,53,1,1440
357,NEW_CLIENT,5,177,53,1,720
358,BIRTHDAY,1,177,53,1,1440
359,NEW_CLIENT,3,178,53,1,4320
360,TRANSACTION,1,178,53,1,720
361,BIRTHDAY,1,178,53,1,720
362,NEW_CLIENT,3,179,53,1,4320
363,BIRTHDAY,1,179,53,1,2160
364,TRANSACTION,5,180,54,1,4320
365,NEW_CLIENT,2,181,54,1,1440
366,TRANSACTION,2,181,54,1,2160
367,BIRTHDAY,5,182,54,1,2160
368,TRANSACTION,10,182,54,1,2160
369,NEW_CLIENT,2,182,54,1,720
370,TRANSACTION,10,183,54,1,1440
371,BIRTHDAY,5,184,54,1,4320
372,NEW_CLIENT,3,184,54,1,4320
373,TRANSACTION,2,184,54,1,720
374,TRANSACTION,10,185,55,1,2160
375,BIRTHDAY,5,185,55,1,1440
376,NEW_CLIENT,1,185,55,1,2160
377,TRANSACTION,1,186,55,1,4320
378,NEW_CLIENT,2,186,55,1,2160
379,NEW_CLIENT,2,187,55,1,2160
380,BIRTHDAY,10,187,55,1,2160
381,TRANSACTION,3,187,55,1,2160
382,TRANSACTION,1,188,55,1,2160
383,BIRTHDAY,10,189,55,1,720
384,TRANSACTION,1,189,55,1,1440
385,TRANSACTION,5,190,56,1,720
386,BIRTHDAY,5,190,56,1,4320
387,NEW_CLIENT,1,191,56,1,4320
388,TRANSACTION,10,191,56,1,720
389,BIRTHDAY,2,191,56,1,4320
390,NEW_CLIENT,1,192,56,1,2160
391,BIRTHDAY,10,192,56,1,4320
392,TRANSACTION,5,193,57,1,720
393,BIRTHDAY,2,193,57,1,720
394,TRANSACTION,2,194,57,1,1440
395,BIRTHDAY,2,195,57,1,720
396,BIRTHDAY,1,196,57,1,4320
397,TRANSACTION,1,196,57,1,4320
398,NEW_CLIENT,2,196,57,1,1440
399,TRANSACTION,1,197,57,1,4320
400,TRANSACTION,3,198,58,1,2160
401,BIRTHDAY,1,198,58,1,2160
402,NEW_CLIENT,2,199,58,1,2160
403,BIRTHDAY,1,199,58,1,1440
404,NEW_CLIENT,3,200,58,1,2160
405,TRANSACTION,5,201,59,1,720
406,BIRTHDAY,1,201,59,1,720
407,TRANSACTION,10,202,59,1,2160
408,TRANSACTION,3,203,59,1,720
409,BIRTHDAY,1,204,60,1,4320
410,NEW_CLIENT,10,205,60,1,4320
411,TRANSACTION,1,206,60,1,720
412,NEW_CLIENT,3,207,61,1,1440
413,NEW_CLIENT,10,208,61,1,2160
414,BIRTHDAY,1,208,61,1,1440
415,BIRTHDAY,10,209,61,1,720
416,TRANSACTION,5,210,61,1,2160
417,NEW_CLIENT,5,210,61,1,4320
418,BIRTHDAY,3,211,62,1,1440
419,NEW_CLIENT,3,211,62,1,720
420,TRANSACTION,2,211,62,1,1440
421,NEW_CLIENT,10,212,62,1,4320
422,TRANSACTION,5,212,62,1,4320
423,NEW_CLIENT,5,213,62,1,720
424,BIRTHDAY,10,213,62,1,2160
425,BIRTHDAY,5,214,62,1,4320
426,BIRTHDAY,10,215,62,1,1440
427,TRANSACTION,3,216,63,1,1440
428,NEW_CLIENT,5,216,63,1,2160
429,TRANSACTION,1,217,63,1,2160
430,BIRTHDAY,2,217,63,1,4320
431,NEW_CLIENT,10,217,63,1,2160
432,BIRTHDAY,2,218,63,1,4320
433,NEW_CLIENT,5,219,63,1,720
434,TRANSACTION,3,220,64,1,720
435,BIRTHDAY,10,220,64,1,720
436,NEW_CLIENT,1,221,64,1,4320
437,BIRTHDAY,1,221,64,1,2160
438,TRANSACTION,10,221,64,1,2160
439,BIRTHDAY,1,222,64,1,2160
440,NEW_CLIENT,5,222,64,1,720
441,NEW_CLIENT,3,223,65,1,1440
442,BIRTHDAY,10,223,65,1,1440
443,TRANSACTION,2,223,65,1,4320
444,BIRTHDAY,3,224,65,1,720
445,TRANSACTION,5,225,66,1,720
446,NEW_CLIENT,3,225,66,1,4320
447,BIRTHDAY,10,225,66,1,4320
448,TRANSACTION,5,226,66,1,720
449,NEW_CLIENT,3,226,66,1,2160
450,BIRTHDAY,2,226,66,1,720
451,NEW_CLIENT,2,227,66,1,720
452,TRANSACTION,10,227,66,1,1440
453,BIRTHDAY,2,228,66,1,1440
454,NEW_CLIENT,3,228,66,1,4320
455,NEW_CLIENT,10,229,66,1,2160
456,TRANSACTION,10,229,66,1,4320
457,TRANSACTION,2,230,67,1,2160
458,BIRTHDAY,3,231,67,1,720
459,NEW_CLIENT,2,231,67,1,4320
460,BIRTHDAY,3,232,67,1,2160
461,TRANSACTION,1,232,67,1,720
462,BIRTHDAY,2,233,68,1,1440
463,TRANSACTION,5,233,68,1,720
464,NEW_CLIENT,5,233,68,1,4320
465,NEW_CLIENT,5,234,68,1,1440
466,BIRTHDAY,2,234,68,1,2160
467,TRANSACTION,5,234,68,1,4320
468,NEW_CLIENT,10,235,68,1,2160
469,BIRTHDAY,5,235,68,1,2160
470,TRANSACTION,2,235,68,1,2160
471,BIRTHDAY,10,236,68,1,2160
472,NEW_CLIENT,3,236,68,1,2160
473,TRANSACTION,10,236,68,1,4320
474,TRANSACTION,3,237,68,1,2160
475,BIRTHDAY,5,237,68,1,1440
476,NEW_CLIENT,10,238,69,1,2160
477,TRANSACTION,5,238,69,1,1440
478,BIRTHDAY,2,238,69,1,720
479,TRANSACTION,5,239,69,1,4320
480,NEW_CLIENT,5,239,69,1,1440
481,BIRTHDAY,3,239,69,1,4320
482,NEW_CLIENT,5,240,69,1,1440
483,BIRTHDAY,3,240,69,1,720
484,NEW_CLIENT,2,241,69,1,720
485,NEW_CLIENT,3,242,70,1,720
486,BIRTHDAY,5,242,70,1,720
487,NEW_CLIENT,2,243,70,1,720
488,TRANSACTION,5,243,70,1,4320
489,BIRTHDAY,2,243,70,1,1440
490,BIRTHDAY,5,244,70,1,1440
491,BIRTHDAY,3,245,70,1,2160
492,TRANSACTION,10,245,70,1,2160
493,BIRTHDAY,1,246,70,1,2160
494,TRANSACTION,3,246,70,1,2160
495,NEW_CLIENT,5,246,70,1,720
496,BIRTHDAY,2,247,71,1,2160
497,NEW_CLIENT,5,247,71,1,1440
498,TRANSACTION,5,247,71,1,1440
499,NEW_CLIENT,2,248,71,1,2160
500,BIRTHDAY,5,248,71,1,720
501,BIRTHDAY,1,249,72,1,2160
502,TRANSACTION,1,249,72,1,2160
503,NEW_CLIENT,1,250,72,1,4320
504,TRANSACTION,2,250,72,1,2160
505,BIRTHDAY,1,250,72,1,4320
506,BIRTHDAY,5,251,73,1,2160
507,TRANSACTION,2,251,73,1,4320
508,NEW_CLIENT,10,251,73,1,2160
509,BIRTHDAY,5,252,73,1,1440
510,TRANSACTION,5,252,73,1,720
511,NEW_CLIENT,1,252,73,1,2160
512,BIRTHDAY,1,253,73,1,720
513,NEW_CLIENT,1,253,73,1,4320
514,TRANSACTION,1,253,73,1,720
515,BIRTHDAY,10,254,73,1,720
516,TRANSACTION,1,255,74,1,2160
517,BIRTHDAY,3,256,74,1,720
518,NEW_CLIENT,10,256,74,1,1440
519,TRANSACTION,5,256,74,1,2160
520,TRANSACTION,3,257,74,1,720
521,BIRTHDAY,10,258,74,1,2160
522,TRANSACTION,10,258,74,1,2160
523,NEW_CLIENT,3,258,74,1,720
524,TRANSACTION,3,259,75,1,2160
525,NEW_CLIENT,5,259,75,1,4320
526,BIRTHDAY,1,259,75,1,4320
527,TRANSACTION,2,260,75,1,2160
528,BIRTHDAY,3,260,75,1,2160
529,NEW_CLIENT,2,260,75,1,2160
530,NEW_CLIENT,1,261,75,1,4320
531,TRANSACTION,2,261,75,1,2160
532,BIRTHDAY,1,261,75,1,4320
533,BIRTHDAY,5,262,75,1,2160
534,TRANSACTION,5,262,75,1,2160
535,NEW_CLIENT,3,262,75,1,4320
536,BIRTHDAY,10,263,76,1,1440
537,NEW_CLIENT,3,263,76,1,720
538,TRANSACTION,5,263,76,1,720
539,BIRTHDAY,3,264,76,1,2160
540,TRANSACTION,2,264,76,1,720
541,NEW_CLIENT,10,264,76,1,720
542,NEW_CLIENT,2,265,77,1,720
543,TRANSACTION,5,265,77,1,720
544,NEW_CLIENT,5,266,77,1,720
545,BIRTHDAY,3,267,77,1,2160
546,NEW_CLIENT,1,267,77,1,4320
547,TRANSACTION,2,267,77,1,720
548,NEW_CLIENT,2,268,77,1,2160
549,NEW_CLIENT,10,269,78,1,720
550,TRANSACTION,1,270,78,1,2160
551,TRANSACTION,10,271,79,1,1440
552,NEW_CLIENT,5,271,79,1,1440
553,BIRTHDAY,5,271,79,1,4320
554,NEW_CLIENT,3,272,79,1,2160
555,BIRTHDAY,5,272,79,1,720
556,TRANSACTION,3,272,79,1,1440
557,NEW_CLIENT,10,273,80,1,2160
558,TRANSACTION,5,274,80,1,2160
559,NEW_CLIENT,3,274,80,1,2160
560,TRANSACTION,10,275,80,1,720
561,NEW_CLIENT,3,275,80,1,720
562,TRANSACTION,1,276,80,1,1440
563,NEW_CLIENT,10,276,80,1,1440
564,NEW_CLIENT,10,277,81,1,1440
565,TRANSACTION,3,277,81,1,720
566,BIRTHDAY,5,277,81,1,2160
567,TRANSACTION,2,278,81,1,4320
568,TRANSACTION,1,279,81,1,1440
569,BIRTHDAY,10,279,81,1,1440
570,NEW_CLIENT,2,279,81,1,2160
571,BIRTHDAY,3,280,81,1,2160
572,NEW_CLIENT,5,280,81,1,720
573,TRANSACTION,5,280,81,1,720
574,NEW_CLIENT,5,281,82,1,720
575,TRANSACTION,2,281,82,1,1440
576,BIRTHDAY,5,281,82,1,1440
577,TRANSACTION,10,282,82,1,4320
578,NEW_CLIENT,5,283,83,1,720
579,BIRTHDAY,5,283,83,1,4320
580,TRANSACTION,1,283,83,1,2160
581,BIRTHDAY,2,284,83,1,720
582,TRANSACTION,10,284,83,1,4320
583,NEW_CLIENT,2,284,83,1,1440
584,BIRTHDAY,10,285,83,1,720
585,NEW_CLIENT,2,285,83,1,720
586,TRANSACTION,5,286,83,1,4320
587,BIRTHDAY,3,286,83,1,720
588,NEW_CLIENT,2,286,83,1,1440
589,NEW_CLIENT,5,287,84,1,2160
590,TRANSACTION,2,288,84,1,720
591,BIRTHDAY,5,288,84,1,4320
592,TRANSACTION,1,289,84,1,2160
593,NEW_CLIENT,1,289,84,1,2160
594,TRANSACTION,3,290,84,1,720
595,NEW_CLIENT,3,291,85,1,1440
596,TRANSACTION,10,291,85,1,720
597,BIRTHDAY,1,291,85,1,4320
598,NEW_CLIENT,10,292,85,1,2160
599,NEW_CLIENT,3,293,85,1,1440
600,TRANSACTION,2,293,85,1,2160
601,BIRTHDAY,10,293,85,1,720
602,BIRTHDAY,1,294,85,1,1440
603,TRANSACTION,10,295,86,1,4320
604,NEW_CLIENT,1,295,86,1,4320
605,BIRTHDAY,10,295,86,1,2160
606,NEW_CLIENT,2,296,86,1,4320
607,BIRTHDAY,10,297,86,1,4320
608,NEW_CLIENT,1,298,86,1,1440
609,BIRTHDAY,10,299,86,1,2160
610,NEW_CLIENT,1,299,86,1,2160
611,TRANSACTION,10,300,87,1,720
612,TRANSACTION,2,301,87,1,1440
613,BIRTHDAY,5,301,87,1,720
614,TRANSACTION,1,302,87,1,4320
615,BIRTHDAY,3,302,87,1,4320
616,NEW_CLIENT,5,302,87,1,4320
617,TRANSACTION,2,303,87,1,720
618,BIRTHDAY,5,303,87,1,720
619,NEW_CLIENT,2,303,87,1,720
620,TRANSACTION,1,304,87,1,4320
621,BIRTHDAY,10,304,87,1,2160
622,NEW_CLIENT,5,304,87,1,1440
623,NEW_CLIENT,3,305,88,1,720
624,BIRTHDAY,3,306,88,1,4320
625,TRANSACTION,10,306,88,1,1440
626,TRANSACTION,3,307,89,1,1440
627,NEW_CLIENT,10,307,89,1,2160
628,BIRTHDAY,2,307,89,1,1440
629,BIRTHDAY,1,308,89,1,720
630,BIRTHDAY,5,309,89,1,720
631,BIRTHDAY,2,310,89,1,2160
632,TRANSACTION,3,311,90,1,2160
633,BIRTHDAY,1,311,90,1,1440
634,NEW_CLIENT,10,312,90,1,2160
635,TRANSACTION,5,313,90,1,2160
636,BIRTHDAY,5,313,90,1,720
637,TRANSACTION,1,314,90,1,2160
638,BIRTHDAY,5,314,90,1,720
639,TRANSACTION,5,315,90,1,720
640,TRANSACTION,2,316,91,1,2160
641,BIRTHDAY,10,316,91,1,1440
642,NEW_CLIENT,5,316,91,1,2160
643,BIRTHDAY,1,317,91,1,1440
644,TRANSACTION,3,317,91,1,4320
645,NEW_CLIENT,3,317,91,1,2160
646,NEW_CLIENT,5,318,91,1,1440
647,TRANSACTION,2,318,91,1,720
648,BIRTHDAY,1,318,91,1,720
649,BIRTHDAY,5,319,91,1,1440
650,NEW_CLIENT,5,319,91,1,2160
651,TRANSACTION,1,319,91,1,4320
652,BIRTHDAY,10,320,92,1,720
653,TRANSACTION,10,320,92,1,720
654,NEW_CLIENT,10,320,92,1,2160
655,NEW_CLIENT,5,321,92,1,720
656,BIRTHDAY,5,321,92,1,720
657,TRANSACTION,3,321,92,1,2160
658,TRANSACTION,5,322,92,1,2160
659,NEW_CLIENT,5,322,92,1,2160
660,NEW_CLIENT,10,323,92,1,4320
661,TRANSACTION,3,323,92,1,720
662,BIRTHDAY,2,323,92,1,4320
663,TRANSACTION,2,324,92,1,2160
664,BIRTHDAY,2,325,93,1,2160
665,NEW_CLIENT,5,325,93,1,4320
666,TRANSACTION,1,326,93,1,720
667,NEW_CLIENT,3,326,93,1,1440
668,BIRTHDAY,1,327,93,1,720
669,NEW_CLIENT,3,327,93,1,1440
670,TRANSACTION,3,328,94,1,720
671,TRANSACTION,1,329,94,1,4320
672,BIRTHDAY,3,329,94,1,720
673,TRANSACTION,1,330,94,1,720
674,NEW_CLIENT,10,331,95,1,720
675,BIRTHDAY,5,331,95,1,1440
676,TRANSACTION,2,331,95,1,720
677,BIRTHDAY,2,332,95,1,720
678,NEW_CLIENT,5,332,95,1,2160
679,NEW_CLIENT,10,333,96,1,2160
680,BIRTHDAY,3,333,96,1,1440
681,TRANSACTION,10,333,96,1,720
682,BIRTHDAY,2,334,96,1,4320
683,NEW_CLIENT,10,334,96,1,1440
684,BIRTHDAY,1,335,96,1,720
685,NEW_CLIENT,3,335,96,1,4320
686,TRANSACTION,3,336,96,1,2160
687,NEW_CLIENT,10,336,96,1,720
688,BIRTHDAY,3,336,96,1,1440
689,NEW_CLIENT,2,337,97,1,1440
690,TRANSACTION,1,338,97,1,4320
691,NEW_CLIENT,2,338,97,1,4320
692,BIRTHDAY,10,338,97,1,1440
693,TRANSACTION,10,339,97,1,720
694,BIRTHDAY,3,340,97,1,1440
695,NEW_CLIENT,1,340,97,1,2160
696,TRANSACTION,1,340,97,1,4320
697,TRANSACTION,2,341,98,1,2160
698,NEW_CLIENT,3,342,98,1,1440
699,TRANSACTION,2,342,98,1,720
700,BIRTHDAY,10,342,98,1,2160
701,BIRTHDAY,5,343,99,1,1440
702,TRANSACTION,1,343,99,1,1440
703,NEW_CLIENT,2,343,99,1,1440
704,TRANSACTION,1,344,99,1,2160
705,BIRTHDAY,1,344,99,1,4320
706,NEW_CLIENT,3,344,99,1,2160
707,BIRTHDAY,2,345,99,1,1440
708,NEW_CLIENT,5,345,99,1,720
709,TRANSACTION,3,345,99,1,2160
710,TRANSACTION,2,346,100,1,720
711,NEW_CLIENT,2,347,100,1,4320
712,BIRTHDAY,1,348,100,1,720
713,TRANSACTION,10,348,100,1,4320
714,NEW_CLIENT,5,348,100,1,4320
715,BIRTHDAY,5,349,101,1,1440
716,NEW_CLIENT,5,349,101,1,720
717,TRANSACTION,1,349,101,1,720
718,TRANSACTION,1,350,101,1,2160
719,NEW_CLIENT,2,350,101,1,720
720,BIRTHDAY,10,350,101,1,2160
721,BIRTHDAY,10,351,101,1,720
722,NEW_CLIENT,5,351,101,1,2160
723,TRANSACTION,10,351,101,1,4320
724,TRANSACTION,10,352,102,1,4320
725,NEW_CLIENT,10,352,102,1,1440
726,BIRTHDAY,5,352,102,1,1440
727,TRANSACTION,2,353,102,1,4320
728,BIRTHDAY,10,353,102,1,720
729,TRANSACTION,1,354,102,1,4320
730,TRANSACTION,10,355,102,1,1440
731,BIRTHDAY,1,355,102,1,720
732,TRANSACTION,2,356,102,1,2160
733,BIRTHDAY,10,356,102,1,4320
734,TRANSACTION,3,357,103,1,2160
735,NEW_CLIENT,10,357,103,1,1440
736,BIRTHDAY,5,357,103,1,2160
737,NEW_CLIENT,1,358,103,1,720
738,TRANSACTION,3,358,103,1,720
739,BIRTHDAY,2,358,103,1,4320
740,TRANSACTION,2,359,103,1,2160
741,BIRTHDAY,1,360,103,1,2160
742,NEW_CLIENT,10,360,103,1,720
743,BIRTHDAY,5,361,103,1,1440
744,NEW_CLIENT,1,361,103,1,2160
745,TRANSACTION,10,361,103,1,720
746,NEW_CLIENT,10,362,104,1,720
747,TRANSACTION,5,362,104,1,720
748,BIRTHDAY,5,362,104,1,1440
749,TRANSACTION,1,363,104,1,2160
750,NEW_CLIENT,1,364,104,1,720
751,BIRTHDAY,5,364,104,1,720
752,BIRTHDAY,2,365,104,1,720
753,TRANSACTION,1,366,104,1,720
754,NEW_CLIENT,3,367,105,1,2160
755,BIRTHDAY,3,367,105,1,2160
756,TRANSACTION,5,367,105,1,4320
757,TRANSACTION,2,368,105,1,2160
758,NEW_CLIENT,5,368,105,1,1440
759,BIRTHDAY,3,368,105,1,4320
760,BIRTHDAY,3,369,105,1,1440
761,NEW_CLIENT,1,369,105,1,2160
762,TRANSACTION,5,369,105,1,720
763,TRANSACTION,2,370,105,1,4320
764,BIRTHDAY,10,370,105,1,4320
765,NEW_CLIENT,10,371,105,1,1440
766,NEW_CLIENT,10,372,106,1,1440
767,NEW_CLIENT,2,373,106,1,2160
768,TRANSACTION,1,373,106,1,720
769,NEW_CLIENT,1,374,106,1,2160
770,BIRTHDAY,3,374,106,1,720
771,TRANSACTION,3,374,106,1,4320
772,TRANSACTION,2,375,106,1,2160
773,BIRTHDAY,1,375,106,1,2160
774,NEW_CLIENT,2,376,107,1,4320
775,TRANSACTION,10,376,107,1,4320
776,BIRTHDAY,1,376,107,1,4320
777,NEW_CLIENT,10,377,107,1,720
778,BIRTHDAY,10,377,107,1,1440
779,BIRTHDAY,1,378,107,1,2160
780,NEW_CLIENT,10,378,107,1,2160
781,BIRTHDAY,5,379,107,1,720
782,NEW_CLIENT,10,379,107,1,720
783,TRANSACTION,5,379,107,1,1440
784,NEW_CLIENT,10,380,108,1,1440
785,BIRTHDAY,1,381,108,1,720
786,TRANSACTION,5,382,108,1,4320
787,NEW_CLIENT,5,383,109,1,2160
788,TRANSACTION,10,383,109,1,4320
789,TRANSACTION,10,384,109,1,1440
790,BIRTHDAY,10,385,109,1,720
791,BIRTHDAY,5,386,109,1,1440
792,TRANSACTION,2,386,109,1,720
793,TRANSACTION,2,387,109,1,1440
794,BIRTHDAY,3,388,110,1,2160
795,TRANSACTION,10,388,110,1,2160
796,NEW_CLIENT,1,389,110,1,720
797,BIRTHDAY,3,389,110,1,2160
798,TRANSACTION,1,389,110,1,4320
799,BIRTHDAY,2,390,110,1,2160
800,TRANSACTION,5,391,110,1,4320
801,BIRTHDAY,5,391,110,1,1440
802,TRANSACTION,1,392,110,1,720
803,BIRTHDAY,2,392,110,1,2160
804,TRANSACTION,2,393,111,1,2160
805,NEW_CLIENT,3,393,111,1,4320
806,BIRTHDAY,2,393,111,1,4320
807,NEW_CLIENT,1,394,111,1,1440
808,BIRTHDAY,3,394,111,1,720
809,TRANSACTION,3,394,111,1,2160
810,BIRTHDAY,3,395,112,1,1440
811,TRANSACTION,1,395,112,1,4320
812,NEW_CLIENT,3,395,112,1,1440
813,NEW_CLIENT,5,396,112,1,720
814,BIRTHDAY,5,397,113,1,720
815,NEW_CLIENT,3,398,113,1,720
816,TRANSACTION,10,398,113,1,2160
817,BIRTHDAY,5,398,113,1,720
818,BIRTHDAY,1,399,113,1,4320
819,NEW_CLIENT,5,400,113,1,4320
820,BIRTHDAY,5,400,113,1,720
821,BIRTHDAY,2,401,114,1,720
822,NEW_CLIENT,3,402,114,1,720
823,TRANSACTION,3,402,114,1,2160
824,BIRTHDAY,3,402,114,1,1440
825,NEW_CLIENT,3,403,114,1,1440
826,TRANSACTION,1,403,114,1,720
827,BIRTHDAY,5,403,114,1,4320
828,TRANSACTION,10,404,114,1,2160
829,NEW_CLIENT,10,405,115,1,1440
830,BIRTHDAY,1,405,115,1,2160
831,NEW_CLIENT,2,406,115,1,1440
832,TRANSACTION,1,406,115,1,720
833,BIRTHDAY,1,406,115,1,720
834,TRANSACTION,2,407,116,1,720
835,BIRTHDAY,1,408,116,1,1440
836,TRANSACTION,1,408,116,1,2160
837,TRANSACTION,10,409,117,1,4320
838,BIRTHDAY,1,410,117,1,720
839,NEW_CLIENT,3,411,118,1,2160
840,TRANSACTION,5,412,118,1,1440
841,TRANSACTION,3,413,119,1,1440
842,BIRTHDAY,1,414,119,1,4320
843,NEW_CLIENT,5,414,119,1,720
844,TRANSACTION,5,414,119,1,720
845,TRANSACTION,3,415,120,1,4320
846,BIRTHDAY,10,415,120,1,720
847,NEW_CLIENT,2,415,120,1,2160
848,TRANSACTION,3,416,120,1,720
849,NEW_CLIENT,1,416,120,1,2160
850,BIRTHDAY,5,416,120,1,720
851,TRANSACTION,1,417,120,1,720
852,NEW_CLIENT,3,417,120,1,2160
853,BIRTHDAY,2,417,120,1,720
854,NEW_CLIENT,10,418,120,1,4320
855,BIRTHDAY,3,418,120,1,4320
856,TRANSACTION,3,419,120,1,2160
857,NEW_CLIENT,10,419,120,1,2160
858,TRANSACTION,5,420,121,1,1440
859,BIRTHDAY,2,420,121,1,4320
860,BIRTHDAY,5,421,121,1,720
861,NEW_CLIENT,5,422,122,1,1440
862,BIRTHDAY,2,423,122,1,2160
863,NEW_CLIENT,5,423,122,1,2160
864,TRANSACTION,10,423,122,1,4320
865,TRANSACTION,1,424,123,1,4320
866,NEW_CLIENT,3,424,123,1,2160
867,BIRTHDAY,5,425,123,1,4320
868,NEW_CLIENT,1,425,123,1,2160
869,TRANSACTION,1,425,123,1,2160
870,TRANSACTION,3,426,123,1,4320
871,NEW_CLIENT,5,427,123,1,4320
872,BIRTHDAY,3,427,123,1,720
873,BIRTHDAY,10,428,124,1,1440
874,TRANSACTION,5,428,124,1,4320
875,BIRTHDAY,5,429,124,1,720
876,NEW_CLIENT,3,429,124,1,4320
877,TRANSACTION,3,429,124,1,1440
878,TRANSACTION,5,430,124,1,2160
879,NEW_CLIENT,3,431,124,1,720
880,BIRTHDAY,10,432,124,1,2160
881,NEW_CLIENT,10,432,124,1,4320
882,BIRTHDAY,1,433,125,1,4320
883,BIRTHDAY,1,434,125,1,2160
884,NEW_CLIENT,3,434,125,1,1440
885,BIRTHDAY,3,435,125,1,720
886,NEW_CLIENT,10,435,125,1,720
887,TRANSACTION,2,435,125,1,720
888,TRANSACTION,2,436,125,1,4320
889,NEW_CLIENT,5,436,125,1,1440
890,BIRTHDAY,5,436,125,1,1440
891,BIRTHDAY,1,437,125,1,2160
892,TRANSACTION,1,438,126,1,720
893,NEW_CLIENT,3,438,126,1,4320
894,BIRTHDAY,10,438,126,1,2160
895,NEW_CLIENT,2,439,126,1,720
896,BIRTHDAY,2,439,126,1,720
897,BIRTHDAY,5,440,126,1,1440
898,TRANSACTION,1,441,126,1,1440
899,BIRTHDAY,10,441,126,1,720
900,NEW_CLIENT,3,441,126,1,720
901,NEW_CLIENT,1,442,126,1,1440
902,BIRTHDAY,5,442,126,1,4320
903,BIRTHDAY,2,443,127,1,4320
904,TRANSACTION,1,443,127,1,1440
905,TRANSACTION,2,444,127,1,720
906,NEW_CLIENT,10,444,127,1,1440
907,TRANSACTION,3,445,127,1,720
908,NEW_CLIENT,2,445,127,1,1440
909,TRANSACTION,3,446,127,1,1440
910,BIRTHDAY,10,446,127,1,720
911,NEW_CLIENT,5,446,127,1,4320
912,TRANSACTION,10,447,127,1,4320
913,BIRTHDAY,3,447,127,1,4320
914,NEW_CLIENT,10,447,127,1,720
915,NEW_CLIENT,2,448,128,1,4320
916,BIRTHDAY,1,448,128,1,720
917,NEW_CLIENT,1,449,128,1,4320
918,BIRTHDAY,10,449,128,1,1440
919,TRANSACTION,10,449,128,1,1440
920,TRANSACTION,10,450,128,1,2160
921,NEW_CLIENT,10,450,128,1,1440
922,BIRTHDAY,3,450,128,1,2160
923,NEW_CLIENT,5,451,128,1,4320
924,TRANSACTION,5,451,128,1,720
925,BIRTHDAY,2,451,128,1,1440
926,BIRTHDAY,3,452,129,1,720
927,TRANSACTION,3,452,129,1,4320
928,NEW_CLIENT,10,452,129,1,4320
929,NEW_CLIENT,2,453,129,1,1440
930,TRANSACTION,2,453,129,1,720
931,BIRTHDAY,2,454,129,1,720
932,NEW_CLIENT,5,454,129,1,4320
933,TRANSACTION,5,454,129,1,720
934,NEW_CLIENT,10,455,130,1,720
935,NEW_CLIENT,5,456,130,1,720
936,BIRTHDAY,2,457,131,1,1440
937,TRANSACTION,1,457,131,1,2160
938,NEW_CLIENT,3,457,131,1,4320
939,NEW_CLIENT,2,458,131,1,720
940,BIRTHDAY,3,458,131,1,1440
941,TRANSACTION,5,458,131,1,2160
942,NEW_CLIENT,2,459,131,1,720
943,BIRTHDAY,1,459,131,1,2160
944,TRANSACTION,10,459,131,1,4320
945,NEW_CLIENT,2,460,131,1,720
946,TRANSACTION,2,461,132,1,720
947,NEW_CLIENT,1,461,132,1,1440
948,BIRTHDAY,2,462,132,1,2160
949,NEW_CLIENT,2,462,132,1,720
950,BIRTHDAY,1,463,132,1,1440
951,TRANSACTION,5,464,133,1,4320
952,NEW_CLIENT,10,464,133,1,1440
953,BIRTHDAY,10,464,133,1,4320
954,TRANSACTION,5,465,133,1,4320
955,TRANSACTION,2,466,133,1,4320
956,NEW_CLIENT,1,466,133,1,4320
957,BIRTHDAY,2,467,133,1,2160
958,NEW_CLIENT,1,467,133,1,720
959,TRANSACTION,5,467,133,1,1440
960,TRANSACTION,5,468,134,1,2160
961,NEW_CLIENT,10,468,134,1,4320
962,NEW_CLIENT,2,469,134,1,720
963,TRANSACTION,10,470,134,1,4320
964,NEW_CLIENT,5,470,134,1,720
965,NEW_CLIENT,10,471,135,1,2160
966,BIRTHDAY,5,471,135,1,2160
967,TRANSACTION,5,471,135,1,1440
968,BIRTHDAY,3,472,135,1,4320
969,BIRTHDAY,10,473,135,1,720
970,NEW_CLIENT,3,473,135,1,1440
971,TRANSACTION,5,473,135,1,1440
972,TRANSACTION,2,474,135,1,2160
973,BIRTHDAY,2,474,135,1,4320
974,NEW_CLIENT,5,474,135,1,4320
975,NEW_CLIENT,10,475,136,1,720
976,NEW_CLIENT,3,476,136,1,4320
977,BIRTHDAY,2,476,136,1,720
978,TRANSACTION,2,477,136,1,720
979,TRANSACTION,2,478,136,1,4320
980,NEW_CLIENT,3,478,136,1,4320
981,BIRTHDAY,1,478,136,1,720
982,BIRTHDAY,5,479,136,1,1440
983,NEW_CLIENT,10,479,136,1,720
984,TRANSACTION,2,479,136,1,720
985,BIRTHDAY,5,480,137,1,720
986,TRANSACTION,1,481,137,1,1440
987,NEW_CLIENT,10,482,138,1,2160
988,BIRTHDAY,2,482,138,1,720
989,TRANSACTION,5,482,138,1,1440
990,NEW_CLIENT,10,483,138,1,720
991,BIRTHDAY,2,483,138,1,4320
992,TRANSACTION,3,483,138,1,4320
993,BIRTHDAY,1,484,138,1,4320
994,NEW_CLIENT,10,485,138,1,1440
995,BIRTHDAY,1,485,138,1,4320
996,TRANSACTION,2,485,138,1,2160
997,NEW_CLIENT,10,486,139,1,4320
998,TRANSACTION,10,487,139,1,4320
999,BIRTHDAY,5,487,139,1,720
1000,NEW_CLIENT,10,487,139,1,2160
1001,BIRTHDAY,1,488,139,1,4320
1002,BIRTHDAY,1,489,140,1,2160
1003,TRANSACTION,2,489,140,1,4320
1004,NEW_CLIENT,1,490,140,1,4320
1005,TRANSACTION,5,491,140,1,4320
1006,NEW_CLIENT,1,492,140,1,4320
1007,BIRTHDAY,3,492,140,1,1440
1008,TRANSACTION,3,493,141,1,1440
1009,NEW_CLIENT,10,493,141,1,2160
1010,BIRTHDAY,2,493,141,1,1440
1011,TRANSACTION,10,494,141,1,1440
1012,NEW_CLIENT,1,494,141,1,720
1013,BIRTHDAY,10,495,141,1,720
1014,NEW_CLIENT,2,495,141,1,1440
1015,TRANSACTION,10,495,141,1,4320
1016,NEW_CLIENT,10,496,141,1,720
1017,TRANSACTION,1,496,141,1,1440
1018,BIRTHDAY,2,496,141,1,2160
1019,TRANSACTION,10,497,141,1,720
1020,NEW_CLIENT,2,497,141,1,2160
1021,BIRTHDAY,2,497,141,1,720
1022,NEW_CLIENT,5,498,142,1,2160
1023,TRANSACTION,10,499,142,1,1440
1024,NEW_CLIENT,5,500,142,1,1440
1025,TRANSACTION,3,500,142,1,1440
1026,BIRTHDAY,5,500,142,1,720
1027,BIRTHDAY,3,501,143,1,720
1028,BIRTHDAY,1,502,143,1,720
1029,NEW_CLIENT,3,502,143,1,720
1030,TRANSACTION,5,502,143,1,1440
1031,NEW_CLIENT,10,503,143,1,720
1032,TRANSACTION,10,503,143,1,720
1033,NEW_CLIENT,5,504,143,1,1440
1034,TRANSACTION,10,504,143,1,2160
1035,BIRTHDAY,2,504,143,1,1440
1036,BIRTHDAY,3,505,143,1,4320
1037,NEW_CLIENT,10,505,143,1,1440
1038,TRANSACTION,10,506,144,1,1440
1039,NEW_CLIENT,5,506,144,1,2160
1040,TRANSACTION,3,507,144,1,720
1041,NEW_CLIENT,3,507,144,1,720
1042,BIRTHDAY,3,507,144,1,4320
1043,TRANSACTION,1,508,144,1,4320
1044,BIRTHDAY,10,508,144,1,4320
1045,BIRTHDAY,1,509,144,1,2160
1046,BIRTHDAY,10,510,144,1,1440
1047,NEW_CLIENT,3,511,145,1,2160
1048,TRANSACTION,2,512,145,1,1440
1049,NEW_CLIENT,2,513,145,1,1440
1050,TRANSACTION,5,513,145,1,1440
1051,BIRTHDAY,3,513,145,1,2160
1052,TRANSACTION,1,514,145,1,720
1053,NEW_CLIENT,10,514,145,1,4320
1054,BIRTHDAY,3,514,145,1,2160
1055,BIRTHDAY,3,515,146,1,2160
1056,TRANSACTION,10,515,146,1,4320
1057,NEW_CLIENT,3,515,146,1,4320
1058,NEW_CLIENT,3,516,146,1,1440
1059,NEW_CLIENT,1,517,146,1,2160
1060,TRANSACTION,2,517,146,1,720
1061,BIRTHDAY,5,517,146,1,2160
1062,BIRTHDAY,2,518,146,1,1440
1063,TRANSACTION,10,518,146,1,2160
1064,NEW_CLIENT,10,519,147,1,1440
1065,TRANSACTION,3,519,147,1,1440
1066,BIRTHDAY,5,520,147,1,1440
1067,NEW_CLIENT,1,520,147,1,720
1068,TRANSACTION,3,520,147,1,1440
1069,NEW_CLIENT,10,521,148,1,2160
1070,TRANSACTION,2,522,148,1,4320
1071,BIRTHDAY,2,523,148,1,720
1072,TRANSACTION,3,524,148,1,720
1073,NEW_CLIENT,3,524,148,1,720
1074,BIRTHDAY,1,524,148,1,4320
1075,BIRTHDAY,3,525,148,1,1440
1076,TRANSACTION,3,525,148,1,1440
1077,NEW_CLIENT,5,526,149,1,1440
1078,BIRTHDAY,5,526,149,1,2160
1079,TRANSACTION,5,526,149,1,4320
1080,TRANSACTION,1,527,149,1,1440
1081,NEW_CLIENT,5,527,149,1,4320
1082,BIRTHDAY,2,527,149,1,4320
1083,TRANSACTION,2,528,149,1,4320
1084,BIRTHDAY,10,528,149,1,1440
1085,NEW_CLIENT,10,528,149,1,2160
1086,BIRTHDAY,2,529,150,1,4320
1087,BIRTHDAY,3,530,150,1,720
1088,NEW_CLIENT,3,531,151,1,720
1089,BIRTHDAY,10,532,151,1,720
1090,NEW_CLIENT,10,532,151,1,1440
1091,BIRTHDAY,2,533,151,1,4320
1092,TRANSACTION,2,533,151,1,720
1093,NEW_CLIENT,5,533,151,1,720
1094,NEW_CLIENT,3,534,151,1,1440
1095,TRANSACTION,10,534,151,1,2160
1096,BIRTHDAY,5,534,151,1,4320
1097,BIRTHDAY,3,535,151,1,720
1098,NEW_CLIENT,2,536,152,1,4320
1099,TRANSACTION,2,536,152,1,2160
1100,TRANSACTION,3,537,152,1,720
1101,BIRTHDAY,10,537,152,1,720
1102,BIRTHDAY,2,538,153,1,1440
1103,NEW_CLIENT,2,538,153,1,2160
1104,TRANSACTION,1,539,153,1,720
1105,BIRTHDAY,5,540,154,1,4320
1106,NEW_CLIENT,5,540,154,1,4320
1107,TRANSACTION,3,541,154,1,1440
1108,BIRTHDAY,10,541,154,1,720
1109,NEW_CLIENT,10,541,154,1,2160
1110,BIRTHDAY,2,542,154,1,720
1111,NEW_CLIENT,5,542,154,1,2160
1112,NEW_CLIENT,10,543,154,1,2160
1113,BIRTHDAY,1,543,154,1,4320
1114,TRANSACTION,10,543,154,1,2160
1115,BIRTHDAY,2,544,155,1,720
1116,TRANSACTION,5,544,155,1,4320
1117,NEW_CLIENT,3,545,155,1,720
1118,BIRTHDAY,10,545,155,1,4320
1119,NEW_CLIENT,1,546,155,1,1440
1120,NEW_CLIENT,10,547,155,1,720
1121,TRANSACTION,2,547,155,1,1440
1122,NEW_CLIENT,10,548,156,1,2160
1123,BIRTHDAY,1,549,156,1,4320
1124,NEW_CLIENT,10,549,156,1,2160
1125,TRANSACTION,1,549,156,1,2160
1126,NEW_CLIENT,3,550,156,1,720
1127,BIRTHDAY,10,550,156,1,720
1128,BIRTHDAY,2,551,157,1,4320
1129,TRANSACTION,2,552,157,1,720
1130,BIRTHDAY,3,553,157,1,4320
1131,NEW_CLIENT,5,553,157,1,4320
1132,BIRTHDAY,2,554,158,1,2160
1133,NEW_CLIENT,2,554,158,1,2160
1134,TRANSACTION,10,555,158,1,1440
1135,BIRTHDAY,3,555,158,1,2160
1136,NEW_CLIENT,3,555,158,1,4320
1137,BIRTHDAY,2,556,158,1,1440
1138,NEW_CLIENT,10,556,158,1,1440
1139,NEW_CLIENT,1,557,159,1,4320
1140,BIRTHDAY,1,557,159,1,720
1141,NEW_CLIENT,1,558,159,1,2160
1142,BIRTHDAY,5,559,160,1,720
1143,TRANSACTION,3,560,160,1,4320
1144,NEW_CLIENT,5,560,160,1,2160
1145,BIRTHDAY,10,561,161,1,2160
1146,NEW_CLIENT,5,562,161,1,2160
1147,TRANSACTION,10,562,161,1,1440
1148,BIRTHDAY,3,562,161,1,720
1149,TRANSACTION,2,563,162,1,2160
1150,BIRTHDAY,3,563,162,1,1440
1151,NEW_CLIENT,1,563,162,1,2160
1152,BIRTHDAY,1,564,162,1,2160
1153,NEW_CLIENT,1,565,162,1,1440
1154,TRANSACTION,3,565,162,1,2160
1155,BIRTHDAY,3,565,162,1,2160
1156,TRANSACTION,2,566,163,1,2160
1157,BIRTHDAY,3,567,163,1,4320
1158,BIRTHDAY,1,568,164,1,720
1159,TRANSACTION,2,568,164,1,720
1160,BIRTHDAY,5,569,164,1,720
1161,TRANSACTION,1,569,164,1,1440
1162,NEW_CLIENT,3,569,164,1,2160
1163,TRANSACTION,5,570,164,1,1440
1164,BIRTHDAY,1,570,164,1,2160
1165,TRANSACTION,10,571,164,1,4320
1166,BIRTHDAY,5,571,164,1,2160
1167,NEW_CLIENT,10,571,164,1,720
1168,BIRTHDAY,2,572,165,1,2160
1169,NEW_CLIENT,1,572,165,1,720
1170,TRANSACTION,1,572,165,1,1440
1171,BIRTHDAY,10,573,165,1,1440
1172,NEW_CLIENT,3,573,165,1,2160
1173,TRANSACTION,2,573,165,1,720
1174,NEW_CLIENT,10,574,165,1,720
1175,TRANSACTION,3,574,165,1,1440
1176,NEW_CLIENT,1,575,165,1,720
1177,TRANSACTION,5,576,166,1,1440
1178,BIRTHDAY,1,576,166,1,4320
1179,NEW_CLIENT,3,577,166,1,4320
1180,BIRTHDAY,2,578,167,1,2160
1181,NEW_CLIENT,1,578,167,1,1440
1182,TRANSACTION,5,578,167,1,4320
1183,NEW_CLIENT,3,579,167,1,2160
1184,TRANSACTION,2,579,167,1,4320
1185,NEW_CLIENT,3,580,167,1,2160
1186,BIRTHDAY,1,580,167,1,720
1187,TRANSACTION,5,581,167,1,720
1188,NEW_CLIENT,2,581,167,1,2160
1189,BIRTHDAY,5,581,167,1,720
1190,TRANSACTION,5,582,168,1,720
1191,TRANSACTION,2,583,168,1,1440
1192,TRANSACTION,1,584,169,1,2160
1193,BIRTHDAY,1,584,169,1,720
1194,NEW_CLIENT,5,585,169,1,2160
1195,TRANSACTION,1,585,169,1,4320
1196,NEW_CLIENT,2,586,169,1,2160
1197,TRANSACTION,5,586,169,1,720
1198,BIRTHDAY,10,587,169,1,4320
1199,TRANSACTION,3,588,170,1,4320
1200,TRANSACTION,5,589,170,1,4320
1201,NEW_CLIENT,10,589,170,1,720
1202,BIRTHDAY,3,589,170,1,1440
1203,TRANSACTION,1,590,171,1,4320
1204,NEW_CLIENT,3,591,171,1,2160
1205,TRANSACTION,10,591,171,1,2160
1206,NEW_CLIENT,1,592,171,1,720
1207,BIRTHDAY,1,592,171,1,720
1208,TRANSACTION,2,592,171,1,720
1209,NEW_CLIENT,2,593,172,1,1440
1210,TRANSACTION,5,593,172,1,2160
1211,BIRTHDAY,2,593,172,1,1440
1212,NEW_CLIENT,5,594,172,1,2160
1213,BIRTHDAY,3,594,172,1,2160
1214,BIRTHDAY,2,595,172,1,720
1215,TRANSACTION,5,595,172,1,720
1216,NEW_CLIENT,3,596,172,1,2160
1217,BIRTHDAY,3,596,172,1,1440
1218,TRANSACTION,1,597,173,1,4320
1219,BIRTHDAY,2,598,173,1,2160
1220,BIRTHDAY,3,599,173,1,720
1221,TRANSACTION,10,599,173,1,720
1222,NEW_CLIENT,3,599,173,1,1440
1223,NEW_CLIENT,1,600,173,1,2160
1224,BIRTHDAY,1,600,173,1,720
1225,BIRTHDAY,5,601,174,1,1440
1226,TRANSACTION,2,601,174,1,2160
1227,NEW_CLIENT,2,601,174,1,720
1228,TRANSACTION,2,602,174,1,4320
1229,TRANSACTION,5,603,175,1,4320
1230,BIRTHDAY,2,603,175,1,2160
1231,NEW_CLIENT,10,604,175,1,1440
1232,TRANSACTION,10,605,176,1,2160
1233,BIRTHDAY,10,605,176,1,720
1234,TRANSACTION,1,606,176,1,2160
1235,BIRTHDAY,3,607,176,1,720
1236,TRANSACTION,10,607,176,1,720
1237,NEW_CLIENT,10,607,176,1,720
1238,NEW_CLIENT,10,608,176,1,1440
1239,BIRTHDAY,1,608,176,1,1440
1240,BIRTHDAY,3,609,177,1,2160
1241,NEW_CLIENT,3,609,177,1,2160
1242,TRANSACTION,3,609,177,1,1440
1243,NEW_CLIENT,10,610,177,1,720
1244,NEW_CLIENT,3,611,178,1,2160
1245,NEW_CLIENT,2,612,178,1,1440
1246,BIRTHDAY,10,612,178,1,720
1247,TRANSACTION,2,612,178,1,4320
1248,TRANSACTION,2,613,179,1,2160
1249,NEW_CLIENT,5,613,179,1,4320
1250,BIRTHDAY,1,613,179,1,1440
1251,TRANSACTION,3,614,179,1,720
1252,NEW_CLIENT,1,614,179,1,1440
1253,BIRTHDAY,10,614,179,1,720
1254,BIRTHDAY,3,615,179,1,4320
1255,NEW_CLIENT,2,615,179,1,1440
1256,NEW_CLIENT,5,616,179,1,4320
1257,BIRTHDAY,5,616,179,1,4320
1258,TRANSACTION,1,616,179,1,2160
1259,TRANSACTION,1,617,179,1,720
1260,NEW_CLIENT,1,617,179,1,720
1261,BIRTHDAY,2,617,179,1,1440
1262,TRANSACTION,1,618,180,1,720
1263,NEW_CLIENT,5,618,180,1,1440
1264,BIRTHDAY,10,618,180,1,4320
1265,NEW_CLIENT,3,619,180,1,1440
1266,TRANSACTION,3,619,180,1,1440
1267,TRANSACTION,3,620,180,1,2160
1268,NEW_CLIENT,5,620,180,1,4320
1269,BIRTHDAY,5,620,180,1,2160
1270,BIRTHDAY,2,621,180,1,1440
1271,TRANSACTION,3,621,180,1,720
1272,TRANSACTION,10,622,180,1,2160
1273,BIRTHDAY,3,623,181,1,720
1274,TRANSACTION,10,623,181,1,720
1275,BIRTHDAY,5,624,181,1,1440
1276,NEW_CLIENT,2,625,181,1,4320
1277,BIRTHDAY,3,625,181,1,720
1278,TRANSACTION,2,625,181,1,2160
1279,TRANSACTION,5,626,181,1,720
1280,NEW_CLIENT,1,626,181,1,720
1281,BIRTHDAY,3,626,181,1,1440
1282,NEW_CLIENT,5,627,181,1,4320
1283,BIRTHDAY,3,627,181,1,4320
1284,NEW_CLIENT,1,628,182,1,720
1285,TRANSACTION,10,628,182,1,4320
1286,NEW_CLIENT,3,629,182,1,720
1287,BIRTHDAY,2,630,183,1,720
1288,NEW_CLIENT,1,630,183,1,2160
1289,TRANSACTION,3,630,183,1,4320
1290,BIRTHDAY,5,631,183,1,1440
1291,NEW_CLIENT,5,631,183,1,2160
1292,BIRTHDAY,5,632,184,1,2160
1293,NEW_CLIENT,2,632,184,1,2160
1294,TRANSACTION,10,633,184,1,4320
1295,BIRTHDAY,2,633,184,1,4320
1296,NEW_CLIENT,5,633,184,1,2160
1297,TRANSACTION,5,634,185,1,1440
1298,NEW_CLIENT,10,635,185,1,4320
1299,TRANSACTION,1,635,185,1,4320
1300,BIRTHDAY,1,635,185,1,720
1301,BIRTHDAY,5,636,185,1,720
1302,TRANSACTION,10,636,185,1,720
1303,NEW_CLIENT,5,636,185,1,4320
1304,NEW_CLIENT,5,637,185,1,720
1305,TRANSACTION,2,637,185,1,1440
1306,TRANSACTION,3,638,185,1,2160
1307,NEW_CLIENT,1,638,185,1,1440
1308,TRANSACTION,10,639,186,1,4320
1309,NEW_CLIENT,5,639,186,1,720
1310,TRANSACTION,1,640,186,1,2160
1311,TRANSACTION,5,641,186,1,2160
1312,BIRTHDAY,5,641,186,1,2160
1313,NEW_CLIENT,2,641,186,1,2160
1314,TRANSACTION,3,642,186,1,4320
1315,NEW_CLIENT,3,643,186,1,4320
1316,BIRTHDAY,2,643,186,1,2160
1317,TRANSACTION,5,643,186,1,2160
1318,BIRTHDAY,10,644,187,1,4320
1319,NEW_CLIENT,10,644,187,1,2160
1320,BIRTHDAY,2,645,187,1,4320
1321,NEW_CLIENT,2,645,187,1,720
1322,TRANSACTION,5,645,187,1,1440
1323,BIRTHDAY,1,646,187,1,4320
1324,TRANSACTION,3,647,187,1,720
1325,BIRTHDAY,1,647,187,1,720
1326,BIRTHDAY,10,648,188,1,4320
1327,TRANSACTION,5,648,188,1,1440
1328,TRANSACTION,1,649,188,1,1440
1329,NEW_CLIENT,10,649,188,1,4320
1330,BIRTHDAY,1,649,188,1,4320
1331,NEW_CLIENT,10,650,188,1,1440
1332,BIRTHDAY,2,651,188,1,4320
1333,TRANSACTION,1,652,188,1,2160
1334,BIRTHDAY,2,653,189,1,1440
1335,NEW_CLIENT,2,653,189,1,720
1336,TRANSACTION,10,653,189,1,720
1337,NEW_CLIENT,3,654,189,1,1440
1338,TRANSACTION,2,655,190,1,4320
1339,NEW_CLIENT,1,655,190,1,720
1340,BIRTHDAY,1,655,190,1,720
1341,TRANSACTION,2,656,190,1,4320
1342,NEW_CLIENT,5,657,190,1,1440
1343,BIRTHDAY,5,657,190,1,4320
1344,TRANSACTION,3,657,190,1,1440
1345,BIRTHDAY,3,658,190,1,1440
1346,NEW_CLIENT,10,659,191,1,720
1347,BIRTHDAY,1,659,191,1,1440
1348,BIRTHDAY,10,660,191,1,1440
1349,NEW_CLIENT,10,660,191,1,720
1350,TRANSACTION,10,661,192,1,2160
1351,NEW_CLIENT,10,661,192,1,1440
1352,BIRTHDAY,2,661,192,1,2160
1353,NEW_CLIENT,2,662,192,1,2160
1354,TRANSACTION,10,662,192,1,2160
1355,BIRTHDAY,3,662,192,1,2160
1356,BIRTHDAY,1,663,192,1,2160
1357,NEW_CLIENT,1,663,192,1,1440
1358,TRANSACTION,1,663,192,1,1440
1359,NEW_CLIENT,2,664,192,1,4320
1360,TRANSACTION,1,665,193,1,2160
1361,BIRTHDAY,3,665,193,1,1440
1362,TRANSACTION,5,666,193,1,1440
1363,BIRTHDAY,1,667,193,1,720
1364,TRANSACTION,2,667,193,1,2160
1365,BIRTHDAY,5,668,193,1,1440
1366,TRANSACTION,3,668,193,1,1440
1367,NEW_CLIENT,10,668,193,1,1440
1368,NEW_CLIENT,1,669,194,1,1440
1369,BIRTHDAY,10,670,194,1,2160
1370,TRANSACTION,2,670,194,1,2160
1371,NEW_CLIENT,1,670,194,1,4320
1372,NEW_CLIENT,10,671,194,1,2160
1373,TRANSACTION,5,671,194,1,1440
1374,TRANSACTION,3,672,195,1,720
1375,BIRTHDAY,1,673,195,1,1440
1376,NEW_CLIENT,10,673,195,1,1440
1377,NEW_CLIENT,2,674,196,1,4320
1378,TRANSACTION,5,674,196,1,4320
1379,BIRTHDAY,10,675,196,1,1440
1380,NEW_CLIENT,5,675,196,1,1440
1381,TRANSACTION,1,675,196,1,2160
1382,BIRTHDAY,10,676,196,1,4320
1383,NEW_CLIENT,2,676,196,1,2160
1384,TRANSACTION,1,676,196,1,2160
1385,BIRTHDAY,5,677,196,1,720
1386,TRANSACTION,5,677,196,1,1440
1387,NEW_CLIENT,5,677,196,1,4320
1388,BIRTHDAY,5,678,197,1,2160
1389,NEW_CLIENT,1,678,197,1,1440
1390,TRANSACTION,3,678,197,1,4320
1391,TRANSACTION,2,679,197,1,720
1392,BIRTHDAY,2,679,197,1,2160
1393,TRANSACTION,5,680,197,1,2160
1394,NEW_CLIENT,5,680,197,1,1440
1395,BIRTHDAY,1,680,197,1,4320
1396,BIRTHDAY,3,681,197,1,2160
1397,NEW_CLIENT,2,681,197,1,4320
1398,TRANSACTION,2,682,197,1,2160
1399,NEW_CLIENT,5,682,197,1,720
1400,BIRTHDAY,10,683,198,1,4320
1401,NEW_CLIENT,5,683,198,1,4320
1402,BIRTHDAY,3,684,198,1,1440
1403,TRANSACTION,3,684,198,1,2160
1404,NEW_CLIENT,2,684,198,1,2160
1405,NEW_CLIENT,5,685,199,1,2160
1406,BIRTHDAY,2,686,199,1,4320
1407,TRANSACTION,1,687,199,1,720
1408,BIRTHDAY,5,687,199,1,1440
1409,NEW_CLIENT,3,687,199,1,720
1410,BIRTHDAY,5,688,200,1,1440
1411,NEW_CLIENT,3,689,200,1,4320
1412,BIRTHDAY,1,690,200,1,1440
1413,NEW_CLIENT,5,690,200,1,4320
1414,TRANSACTION,3,690,200,1,1440
1415,TRANSACTION,2,691,200,1,4320
1416,BIRTHDAY,10,691,200,1,1440
1417,NEW_CLIENT,3,691,200,1,1440
1418,BIRTHDAY,10,692,201,1,4320
1419,TRANSACTION,3,692,201,1,2160
1420,NEW_CLIENT,3,693,201,1,4320
1421,BIRTHDAY,1,694,201,1,4320
1422,TRANSACTION,2,695,201,1,1440
1423,NEW_CLIENT,2,695,201,1,2160
1424,BIRTHDAY,5,695,201,1,4320
1425,TRANSACTION,3,696,201,1,720
1426,NEW_CLIENT,3,697,202,1,720
1427,TRANSACTION,5,697,202,1,4320
1428,BIRTHDAY,3,698,202,1,1440
1429,NEW_CLIENT,1,698,202,1,1440
1430,TRANSACTION,5,698,202,1,4320
1431,NEW_CLIENT,2,699,202,1,2160
1432,TRANSACTION,3,699,202,1,720
1433,BIRTHDAY,10,699,202,1,1440
1434,BIRTHDAY,3,700,203,1,4320
1435,TRANSACTION,3,700,203,1,720
1436,BIRTHDAY,3,701,203,1,2160
1437,TRANSACTION,5,701,203,1,720
1438,NEW_CLIENT,5,701,203,1,1440
1439,BIRTHDAY,2,702,204,1,2160
1440,NEW_CLIENT,3,703,204,1,2160
1441,BIRTHDAY,2,703,204,1,4320
1442,TRANSACTION,1,703,204,1,2160
1443,TRANSACTION,10,704,204,1,720
1444,NEW_CLIENT,10,704,204,1,1440
1445,BIRTHDAY,3,704,204,1,2160
1446,BIRTHDAY,10,705,205,1,4320
1447,NEW_CLIENT,3,705,205,1,720
1448,TRANSACTION,1,705,205,1,1440
1449,BIRTHDAY,3,706,205,1,720
1450,TRANSACTION,10,706,205,1,720
1451,NEW_CLIENT,1,706,205,1,2160
1452,TRANSACTION,5,707,205,1,2160
1453,NEW_CLIENT,1,707,205,1,2160
1454,BIRTHDAY,10,707,205,1,4320
1455,NEW_CLIENT,10,708,205,1,2160
1456,BIRTHDAY,2,709,205,1,720
1457,NEW_CLIENT,1,709,205,1,2160
1458,TRANSACTION,10,709,205,1,720
1459,NEW_CLIENT,3,710,206,1,4320
1460,NEW_CLIENT,3,711,206,1,1440
1461,BIRTHDAY,2,712,206,1,2160
1462,NEW_CLIENT,2,713,207,1,720
1463,BIRTHDAY,3,713,207,1,1440
1464,TRANSACTION,5,714,207,1,4320
1465,NEW_CLIENT,3,715,207,1,720
1466,BIRTHDAY,3,715,207,1,2160
1467,TRANSACTION,1,716,208,1,2160
1468,NEW_CLIENT,5,717,208,1,1440
1469,BIRTHDAY,1,717,208,1,2160
1470,TRANSACTION,10,717,208,1,2160
1471,NEW_CLIENT,1,718,208,1,4320
1472,TRANSACTION,1,719,208,1,720
1473,BIRTHDAY,1,719,208,1,4320
1474,NEW_CLIENT,3,719,208,1,720
1475,TRANSACTION,2,720,208,1,720
1476,TRANSACTION,3,721,209,1,4320
1477,NEW_CLIENT,2,722,209,1,2160
1478,TRANSACTION,5,722,209,1,2160
1479,BIRTHDAY,10,723,209,1,1440
1480,NEW_CLIENT,1,723,209,1,720
1481,TRANSACTION,2,723,209,1,2160
1482,TRANSACTION,10,724,210,1,2160
1483,NEW_CLIENT,1,725,210,1,720
1484,BIRTHDAY,3,725,210,1,2160
1485,TRANSACTION,10,725,210,1,720
1486,TRANSACTION,2,726,210,1,4320
1487,NEW_CLIENT,10,726,210,1,4320
1488,BIRTHDAY,3,726,210,1,2160
1489,BIRTHDAY,10,727,210,1,2160
1490,TRANSACTION,2,728,210,1,4320
1491,TRANSACTION,2,729,211,1,4320
1492,NEW_CLIENT,10,730,211,1,2160
1493,NEW_CLIENT,10,731,211,1,4320
1494,BIRTHDAY,1,731,211,1,2160
1495,TRANSACTION,1,731,211,1,4320
1496,NEW_CLIENT,1,732,211,1,2160
1497,BIRTHDAY,10,732,211,1,1440
1498,TRANSACTION,5,733,211,1,1440
1499,NEW_CLIENT,10,734,212,1,2160
1500,TRANSACTION,2,734,212,1,1440
1501,NEW_CLIENT,2,735,212,1,720
1502,TRANSACTION,5,735,212,1,4320
1503,BIRTHDAY,10,736,212,1,4320
1504,NEW_CLIENT,1,736,212,1,2160
1505,TRANSACTION,5,736,212,1,720
1506,BIRTHDAY,2,737,212,1,720
1507,BIRTHDAY,5,738,213,1,4320
1508,NEW_CLIENT,3,738,213,1,720
1509,NEW_CLIENT,1,739,213,1,2160
1510,BIRTHDAY,10,739,213,1,4320
1511,NEW_CLIENT,1,740,213,1,4320
1512,TRANSACTION,2,740,213,1,4320
1513,TRANSACTION,10,741,213,1,2160
1514,NEW_CLIENT,5,741,213,1,1440
1515,BIRTHDAY,5,742,213,1,720
1516,NEW_CLIENT,3,742,213,1,2160
1517,TRANSACTION,10,743,214,1,720
1518,NEW_CLIENT,10,743,214,1,1440
1519,TRANSACTION,5,744,214,1,720
1520,BIRTHDAY,3,745,214,1,720
1521,BIRTHDAY,3,746,215,1,4320
1522,TRANSACTION,5,746,215,1,4320
1523,NEW_CLIENT,2,746,215,1,4320
1524,TRANSACTION,1,747,215,1,720
1525,BIRTHDAY,5,747,215,1,720
1526,NEW_CLIENT,5,747,215,1,4320
1527,NEW_CLIENT,3,748,215,1,720
1528,BIRTHDAY,5,748,215,1,720
1529,BIRTHDAY,1,749,215,1,4320
1530,NEW_CLIENT,3,750,216,1,2160
1531,NEW_CLIENT,10,751,216,1,2160
1532,BIRTHDAY,5,751,216,1,1440
1533,TRANSACTION,1,751,216,1,1440
1534,BIRTHDAY,1,752,217,1,2160
1535,NEW_CLIENT,5,752,217,1,4320
1536,TRANSACTION,1,753,217,1,1440
1537,NEW_CLIENT,10,754,218,1,720
1538,TRANSACTION,3,754,218,1,2160
1539,NEW_CLIENT,10,755,218,1,2160
1540,BIRTHDAY,2,755,218,1,2160
1541,TRANSACTION,1,755,218,1,4320
1542,TRANSACTION,2,756,218,1,4320
1543,NEW_CLIENT,3,756,218,1,720
1544,BIRTHDAY,5,757,218,1,1440
1545,TRANSACTION,5,757,218,1,720
1546,NEW_CLIENT,5,757,218,1,2160
1547,TRANSACTION,5,758,219,1,2160
1548,BIRTHDAY,1,758,219,1,1440
1549,NEW_CLIENT,5,759,219,1,4320
1550,TRANSACTION,10,759,219,1,2160
1551,BIRTHDAY,3,759,219,1,720
1552,NEW_CLIENT,3,760,219,1,2160
1553,NEW_CLIENT,5,761,219,1,2160
1554,TRANSACTION,10,761,219,1,1440
1555,NEW_CLIENT,5,762,220,1,720
1556,TRANSACTION,3,763,220,1,2160
1557,BIRTHDAY,10,763,220,1,2160
1558,BIRTHDAY,5,764,221,1,4320
1559,TRANSACTION,1,764,221,1,2160
1560,NEW_CLIENT,3,764,221,1,2160
1561,BIRTHDAY,1,765,221,1,4320
1562,BIRTHDAY,3,766,221,1,1440
1563,TRANSACTION,2,766,221,1,2160
1564,NEW_CLIENT,10,766,221,1,720
1565,BIRTHDAY,1,767,221,1,1440
1566,TRANSACTION,5,767,221,1,4320
1567,BIRTHDAY,10,768,222,1,720
1568,NEW_CLIENT,2,768,222,1,2160
1569,NEW_CLIENT,2,769,222,1,720
1570,BIRTHDAY,2,770,222,1,2160
1571,NEW_CLIENT,1,770,222,1,1440
1572,TRANSACTION,2,770,222,1,720
1573,TRANSACTION,2,771,223,1,4320
1574,BIRTHDAY,2,771,223,1,4320
1575,NEW_CLIENT,3,772,223,1,1440
1576,NEW_CLIENT,3,773,223,1,1440
1577,TRANSACTION,1,774,224,1,1440
1578,NEW_CLIENT,1,774,224,1,1440
1579,BIRTHDAY,10,774,224,1,1440
1580,TRANSACTION,5,775,224,1,2160
1581,BIRTHDAY,5,775,224,1,720
1582,NEW_CLIENT,5,775,224,1,4320
1583,NEW_CLIENT,10,776,224,1,4320
1584,TRANSACTION,5,776,224,1,4320
1585,BIRTHDAY,1,777,224,1,720
1586,TRANSACTION,2,777,224,1,4320
1587,BIRTHDAY,10,778,224,1,1440
1588,BIRTHDAY,10,779,225,1,1440
1589,NEW_CLIENT,5,779,225,1,2160
1590,TRANSACTION,5,779,225,1,2160
1591,TRANSACTION,2,780,225,1,1440
1592,NEW_CLIENT,1,781,225,1,720
1593,TRANSACTION,5,782,225,1,1440
1594,NEW_CLIENT,2,782,225,1,4320
1595,NEW_CLIENT,5,783,226,1,1440
1596,TRANSACTION,2,783,226,1,4320
1597,BIRTHDAY,10,784,226,1,720
1598,TRANSACTION,10,785,226,1,1440
1599,NEW_CLIENT,2,785,226,1,1440
1600,BIRTHDAY,1,786,226,1,1440
1601,BIRTHDAY,10,787,226,1,2160
1602,TRANSACTION,5,787,226,1,2160
1603,TRANSACTION,3,788,227,1,1440
1604,BIRTHDAY,3,788,227,1,2160
1605,NEW_CLIENT,5,788,227,1,1440
1606,NEW_CLIENT,1,789,227,1,720
1607,BIRTHDAY,5,790,227,1,2160
1608,NEW_CLIENT,5,790,227,1,2160
1609,TRANSACTION,3,790,227,1,2160
1610,NEW_CLIENT,1,791,227,1,2160
1611,TRANSACTION,3,791,227,1,2160
1612,TRANSACTION,3,792,227,1,720
1613,BIRTHDAY,3,793,228,1,720
1614,NEW_CLIENT,2,793,228,1,1440
1615,BIRTHDAY,10,794,228,1,720
1616,NEW_CLIENT,5,795,228,1,4320
1617,NEW_CLIENT,2,796,228,1,2160
1618,TRANSACTION,2,796,228,1,4320
1619,NEW_CLIENT,3,797,229,1,4320
1620,NEW_CLIENT,1,798,229,1,1440
1621,TRANSACTION,2,799,229,1,720
1622,NEW_CLIENT,3,799,229,1,4320
1623,BIRTHDAY,5,799,229,1,720
1624,BIRTHDAY,1,800,229,1,720
1625,NEW_CLIENT,3,801,229,1,1440
1626,BIRTHDAY,1,801,229,1,4320
1627,TRANSACTION,5,801,229,1,2160
1628,BIRTHDAY,3,802,230,1,4320
1629,TRANSACTION,5,803,230,1,2160
1630,NEW_CLIENT,1,803,230,1,720
1631,NEW_CLIENT,1,804,230,1,1440
1632,TRANSACTION,3,805,230,1,720
1633,NEW_CLIENT,2,806,231,1,1440
1634,BIRTHDAY,1,806,231,1,720
1635,TRANSACTION,1,806,231,1,4320
1636,BIRTHDAY,3,807,231,1,720
1637,NEW_CLIENT,5,807,231,1,720
1638,NEW_CLIENT,3,808,231,1,4320
1639,TRANSACTION,10,808,231,1,1440
1640,BIRTHDAY,10,809,231,1,1440
1641,TRANSACTION,10,809,231,1,4320
1642,NEW_CLIENT,2,810,232,1,720
1643,TRANSACTION,1,810,232,1,4320
1644,BIRTHDAY,3,811,232,1,720
1645,TRANSACTION,2,812,233,1,2160
1646,NEW_CLIENT,3,812,233,1,4320
1647,BIRTHDAY,5,812,233,1,2160
1648,BIRTHDAY,3,813,233,1,4320
1649,NEW_CLIENT,5,814,233,1,2160
1650,BIRTHDAY,1,814,233,1,4320
1651,TRANSACTION,3,815,234,1,2160
1652,BIRTHDAY,5,816,234,1,2160
1653,NEW_CLIENT,1,817,234,1,720
1654,TRANSACTION,5,818,234,1,720
1655,BIRTHDAY,5,818,234,1,720
1656,NEW_CLIENT,2,818,234,1,1440
1657,BIRTHDAY,3,819,235,1,2160
1658,NEW_CLIENT,2,819,235,1,4320
1659,TRANSACTION,2,819,235,1,2160
1660,TRANSACTION,3,820,235,1,2160
1661,BIRTHDAY,1,820,235,1,4320
1662,NEW_CLIENT,2,820,235,1,4320
1663,BIRTHDAY,5,821,236,1,720
1664,NEW_CLIENT,10,822,236,1,2160
1665,NEW_CLIENT,10,823,237,1,1440
1666,BIRTHDAY,5,823,237,1,4320
1667,TRANSACTION,1,823,237,1,1440
1668,BIRTHDAY,5,824,237,1,1440
1669,TRANSACTION,5,824,237,1,720
1670,NEW_CLIENT,1,824,237,1,720
1671,BIRTHDAY,5,825,238,1,2160
1672,NEW_CLIENT,2,826,238,1,2160
1673,TRANSACTION,5,827,238,1,720
1674,BIRTHDAY,5,827,238,1,720
1675,BIRTHDAY,1,828,238,1,720
1676,NEW_CLIENT,3,829,239,1,1440
1677,TRANSACTION,5,829,239,1,720
1678,NEW_CLIENT,2,830,239,1,1440
1679,BIRTHDAY,1,830,239,1,2160
1680,BIRTHDAY,1,831,239,1,1440
1681,NEW_CLIENT,1,831,239,1,4320
1682,NEW_CLIENT,2,832,239,1,1440
1683,BIRTHDAY,5,832,239,1,720
1684,TRANSACTION,2,832,239,1,1440
1685,NEW_CLIENT,3,833,240,1,1440
1686,TRANSACTION,3,833,240,1,720
1687,TRANSACTION,5,834,240,1,2160
1688,NEW_CLIENT,2,834,240,1,2160
1689,BIRTHDAY,10,834,240,1,1440
1690,BIRTHDAY,2,835,240,1,4320
1691,NEW_CLIENT,3,835,240,1,2160
1692,TRANSACTION,3,836,240,1,4320
1693,NEW_CLIENT,5,836,240,1,1440
1694,BIRTHDAY,2,836,240,1,720
1695,TRANSACTION,10,837,241,1,2160
1696,BIRTHDAY,3,838,241,1,4320
1697,TRANSACTION,10,838,241,1,2160
1698,NEW_CLIENT,2,838,241,1,720
1699,TRANSACTION,5,839,241,1,4320
1700,BIRTHDAY,10,839,241,1,720
1701,NEW_CLIENT,5,839,241,1,4320
1702,TRANSACTION,5,840,241,1,4320
1703,NEW_CLIENT,5,840,241,1,4320
1704,BIRTHDAY,2,841,241,1,1440
1705,BIRTHDAY,10,842,242,1,2160
1706,BIRTHDAY,2,843,242,1,1440
1707,NEW_CLIENT,10,844,243,1,2160
1708,TRANSACTION,10,844,243,1,720
1709,BIRTHDAY,3,844,243,1,4320
1710,TRANSACTION,5,845,243,1,720
1711,BIRTHDAY,10,846,243,1,1440
1712,TRANSACTION,2,846,243,1,720
1713,TRANSACTION,2,847,243,1,720
1714,BIRTHDAY,5,847,243,1,4320
1715,NEW_CLIENT,1,848,243,1,4320
1716,BIRTHDAY,1,849,244,1,720
1717,TRANSACTION,10,849,244,1,720
1718,NEW_CLIENT,3,850,244,1,4320
1719,TRANSACTION,5,850,244,1,2160
1720,NEW_CLIENT,1,851,245,1,1440
1721,BIRTHDAY,1,852,245,1,2160
1722,NEW_CLIENT,2,852,245,1,4320
1723,TRANSACTION,1,852,245,1,1440
1724,NEW_CLIENT,2,853,245,1,1440
1725,BIRTHDAY,2,853,245,1,720
1726,BIRTHDAY,1,854,245,1,720
1727,TRANSACTION,2,855,246,1,720
1728,BIRTHDAY,2,855,246,1,720
1729,NEW_CLIENT,1,855,246,1,2160
1730,TRANSACTION,10,856,246,1,2160
1731,NEW_CLIENT,3,856,246,1,2160
1732,BIRTHDAY,3,856,246,1,2160
1733,TRANSACTION,5,857,246,1,4320
1734,TRANSACTION,5,858,246,1,2160
1735,NEW_CLIENT,2,858,246,1,2160
1736,NEW_CLIENT,2,859,246,1,1440
1737,BIRTHDAY,10,859,246,1,720
1738,TRANSACTION,5,859,246,1,720
1739,TRANSACTION,2,860,247,1,4320
1740,TRANSACTION,2,861,247,1,4320
1741,BIRTHDAY,3,862,248,1,2160
1742,TRANSACTION,1,862,248,1,720
1743,TRANSACTION,5,863,248,1,720
1744,NEW_CLIENT,1,864,248,1,2160
1745,TRANSACTION,3,864,248,1,4320
1746,BIRTHDAY,3,864,248,1,720
1747,BIRTHDAY,3,865,249,1,720
1748,TRANSACTION,1,865,249,1,4320
1749,NEW_CLIENT,10,865,249,1,2160
1750,TRANSACTION,10,866,249,1,4320
1751,BIRTHDAY,1,866,249,1,1440
1752,NEW_CLIENT,1,866,249,1,2160
1753,NEW_CLIENT,5,867,249,1,4320
1754,BIRTHDAY,10,867,249,1,720
1755,NEW_CLIENT,1,868,249,1,720
1756,BIRTHDAY,3,868,249,1,1440
1757,TRANSACTION,5,869,249,1,720
1758,BIRTHDAY,10,870,250,1,4320
1759,BIRTHDAY,1,871,250,1,720
1760,TRANSACTION,3,872,250,1,720
1761,NEW_CLIENT,2,872,250,1,4320
1762,TRANSACTION,2,873,250,1,1440
1763,BIRTHDAY,3,873,250,1,2160
1764,NEW_CLIENT,5,873,250,1,720
1765,BIRTHDAY,5,874,250,1,720
1766,NEW_CLIENT,10,874,250,1,2160
1767,TRANSACTION,2,874,250,1,2160
1768,BIRTHDAY,1,875,251,1,720
1769,NEW_CLIENT,5,875,251,1,720
1770,NEW_CLIENT,10,876,251,1,720
1771,TRANSACTION,10,877,251,1,720
1772,NEW_CLIENT,3,878,251,1,2160
1773,BIRTHDAY,3,878,251,1,1440
1774,TRANSACTION,1,878,251,1,1440
1775,TRANSACTION,1,879,252,1,1440
1776,TRANSACTION,2,880,252,1,2160
1777,BIRTHDAY,10,880,252,1,720
1778,NEW_CLIENT,3,880,252,1,720
1779,NEW_CLIENT,2,881,253,1,720
1780,BIRTHDAY,1,881,253,1,1440
1781,TRANSACTION,10,881,253,1,2160
1782,NEW_CLIENT,10,882,253,1,4320
1783,BIRTHDAY,5,882,253,1,1440
1784,BIRTHDAY,3,883,253,1,4320
1785,TRANSACTION,2,883,253,1,1440
1786,NEW_CLIENT,10,883,253,1,720
1787,BIRTHDAY,3,884,253,1,2160
1788,TRANSACTION,2,885,254,1,720
1789,NEW_CLIENT,3,885,254,1,720
1790,NEW_CLIENT,2,886,254,1,2160
1791,TRANSACTION,5,886,254,1,1440
1792,BIRTHDAY,1,886,254,1,2160
1793,NEW_CLIENT,3,887,254,1,2160
1794,TRANSACTION,2,887,254,1,2160
1795,BIRTHDAY,1,887,254,1,1440
1796,NEW_CLIENT,3,888,254,1,1440
1797,BIRTHDAY,10,888,254,1,720
1798,TRANSACTION,5,888,254,1,720
1799,BIRTHDAY,2,889,255,1,1440
1800,BIRTHDAY,1,890,255,1,4320
1801,BIRTHDAY,5,891,255,1,4320
1802,TRANSACTION,3,891,255,1,2160
1803,NEW_CLIENT,10,892,255,1,4320
1804,BIRTHDAY,2,893,255,1,4320
1805,NEW_CLIENT,5,893,255,1,1440
1806,TRANSACTION,5,893,255,1,1440
1807,BIRTHDAY,5,894,256,1,720
1808,BIRTHDAY,2,895,256,1,2160
1809,TRANSACTION,5,895,256,1,1440
1810,NEW_CLIENT,2,895,256,1,4320
1811,BIRTHDAY,3,896,257,1,720
1812,NEW_CLIENT,5,896,257,1,1440
1813,NEW_CLIENT,1,897,257,1,4320
1814,BIRTHDAY,1,897,257,1,4320
1815,TRANSACTION,1,897,257,1,2160
1816,TRANSACTION,1,898,258,1,2160
1817,BIRTHDAY,5,898,258,1,4320
1818,NEW_CLIENT,3,898,258,1,1440
1819,BIRTHDAY,10,899,258,1,1440
1820,TRANSACTION,3,899,258,1,4320
1821,NEW_CLIENT,1,900,258,1,4320
1822,TRANSACTION,5,901,258,1,2160
1823,BIRTHDAY,2,901,258,1,720
1824,NEW_CLIENT,2,901,258,1,720
1825,NEW_CLIENT,10,902,258,1,2160
1826,TRANSACTION,1,902,258,1,4320
1827,BIRTHDAY,3,903,259,1,720
1828,TRANSACTION,10,903,259,1,720
1829,NEW_CLIENT,2,903,259,1,1440
1830,NEW_CLIENT,3,904,259,1,720
1831,NEW_CLIENT,1,905,259,1,2160
1832,BIRTHDAY,5,905,259,1,2160
1833,BIRTHDAY,5,906,259,1,1440
1834,BIRTHDAY,5,907,260,1,2160
1835,TRANSACTION,1,907,260,1,720
1836,TRANSACTION,3,908,260,1,720
1837,NEW_CLIENT,5,909,260,1,720
1838,BIRTHDAY,2,909,260,1,4320
1839,TRANSACTION,10,909,260,1,720
1840,TRANSACTION,1,910,260,1,2160
1841,NEW_CLIENT,3,910,260,1,2160
1842,BIRTHDAY,5,910,260,1,2160
1843,NEW_CLIENT,3,911,261,1,1440
1844,TRANSACTION,2,911,261,1,2160
1845,TRANSACTION,10,912,261,1,4320
1846,TRANSACTION,10,913,261,1,720
1847,TRANSACTION,5,914,261,1,720
1848,NEW_CLIENT,5,915,262,1,4320
1849,TRANSACTION,3,915,262,1,720
1850,BIRTHDAY,3,915,262,1,2160
1851,NEW_CLIENT,2,916,262,1,4320
1852,TRANSACTION,5,916,262,1,1440
1853,BIRTHDAY,3,917,262,1,720
1854,NEW_CLIENT,5,917,262,1,720
1855,TRANSACTION,2,917,262,1,1440
1856,TRANSACTION,5,918,262,1,720
1857,BIRTHDAY,1,918,262,1,2160
1858,NEW_CLIENT,2,918,262,1,4320
1859,BIRTHDAY,5,919,263,1,2160
1860,TRANSACTION,10,919,263,1,720
1861,NEW_CLIENT,5,919,263,1,2160
1862,TRANSACTION,3,920,263,1,2160
1863,BIRTHDAY,1,920,263,1,720
1864,NEW_CLIENT,3,920,263,1,1440
1865,NEW_CLIENT,10,921,263,1,720
1866,NEW_CLIENT,1,922,264,1,2160
1867,NEW_CLIENT,2,923,264,1,2160
1868,BIRTHDAY,1,923,264,1,1440
1869,TRANSACTION,1,924,265,1,720
1870,NEW_CLIENT,3,924,265,1,4320
1871,BIRTHDAY,3,925,265,1,720
1872,BIRTHDAY,5,926,266,1,1440
1873,TRANSACTION,2,926,266,1,2160
1874,NEW_CLIENT,2,926,266,1,2160
1875,TRANSACTION,3,927,266,1,1440
1876,BIRTHDAY,3,927,266,1,2160
1877,NEW_CLIENT,1,928,266,1,2160
1878,BIRTHDAY,5,929,266,1,1440
1879,TRANSACTION,3,929,266,1,1440
1880,BIRTHDAY,5,930,266,1,720
1881,BIRTHDAY,10,931,267,1,720
1882,NEW_CLIENT,2,932,267,1,4320
1883,TRANSACTION,1,932,267,1,2160
1884,NEW_CLIENT,3,933,267,1,720
1885,NEW_CLIENT,2,934,267,1,2160
1886,TRANSACTION,10,934,267,1,1440
1887,NEW_CLIENT,10,935,267,1,1440
1888,BIRTHDAY,5,935,267,1,720
1889,NEW_CLIENT,10,936,268,1,1440
1890,TRANSACTION,3,936,268,1,1440
1891,BIRTHDAY,5,937,268,1,2160
1892,NEW_CLIENT,10,937,268,1,1440
1893,TRANSACTION,3,937,268,1,4320
1894,BIRTHDAY,2,938,268,1,1440
1895,TRANSACTION,5,939,268,1,4320
1896,NEW_CLIENT,10,939,268,1,1440
1897,BIRTHDAY,3,939,268,1,720
1898,BIRTHDAY,2,940,268,1,720
1899,TRANSACTION,1,940,268,1,720
1900,TRANSACTION,3,941,269,1,1440
1901,TRANSACTION,10,942,269,1,2160
1902,BIRTHDAY,3,942,269,1,1440
1903,BIRTHDAY,10,943,270,1,2160
1904,BIRTHDAY,10,944,270,1,4320
1905,TRANSACTION,10,945,270,1,1440
1906,NEW_CLIENT,2,946,271,1,1440
1907,TRANSACTION,1,946,271,1,1440
1908,BIRTHDAY,1,947,271,1,1440
1909,NEW_CLIENT,3,947,271,1,4320
1910,TRANSACTION,2,947,271,1,4320
1911,NEW_CLIENT,5,948,271,1,2160
1912,BIRTHDAY,10,948,271,1,4320
1913,TRANSACTION,10,949,272,1,1440
1914,BIRTHDAY,10,949,272,1,720
1915,NEW_CLIENT,2,949,272,1,4320
1916,NEW_CLIENT,3,950,272,1,4320
1917,TRANSACTION,10,951,272,1,720
1918,BIRTHDAY,5,951,272,1,2160
1919,NEW_CLIENT,1,951,272,1,2160
1920,BIRTHDAY,10,952,272,1,2160
1921,TRANSACTION,10,952,272,1,720
1922,NEW_CLIENT,2,952,272,1,720
1923,BIRTHDAY,5,953,272,1,2160
1924,NEW_CLIENT,5,953,272,1,2160
1925,TRANSACTION,2,954,273,1,2160
1926,BIRTHDAY,5,954,273,1,4320
1927,NEW_CLIENT,2,954,273,1,720
1928,NEW_CLIENT,10,955,273,1,1440
1929,BIRTHDAY,10,955,273,1,4320
1930,BIRTHDAY,3,956,274,1,2160
1931,NEW_CLIENT,10,956,274,1,4320
1932,NEW_CLIENT,1,957,274,1,2160
1933,TRANSACTION,10,958,274,1,4320
1934,BIRTHDAY,2,958,274,1,720
1935,BIRTHDAY,10,959,274,1,4320
1936,NEW_CLIENT,10,959,274,1,4320
1937,TRANSACTION,10,959,274,1,4320
1938,TRANSACTION,3,960,274,1,2160
1939,NEW_CLIENT,10,960,274,1,720
1940,BIRTHDAY,3,960,274,1,720
1941,BIRTHDAY,1,961,275,1,1440
1942,NEW_CLIENT,2,961,275,1,4320
1943,NEW_CLIENT,5,962,275,1,2160
1944,BIRTHDAY,1,962,275,1,1440
1945,TRANSACTION,3,962,275,1,2160
1946,BIRTHDAY,10,963,275,1,720
1947,BIRTHDAY,10,964,275,1,4320
1948,TRANSACTION,10,964,275,1,2160
1949,NEW_CLIENT,1,965,275,1,1440
1950,BIRTHDAY,2,965,275,1,720
1951,TRANSACTION,10,965,275,1,1440
1952,BIRTHDAY,1,966,276,1,1440
1953,NEW_CLIENT,10,966,276,1,2160
1954,TRANSACTION,3,967,276,1,2160
1955,NEW_CLIENT,3,967,276,1,720
1956,BIRTHDAY,2,967,276,1,1440
1957,BIRTHDAY,1,968,277,1,2160
1958,TRANSACTION,10,969,277,1,2160
1959,BIRTHDAY,10,970,277,1,4320
1960,NEW_CLIENT,2,970,277,1,2160
1961,TRANSACTION,1,970,277,1,2160
1962,NEW_CLIENT,10,971,277,1,4320
1963,TRANSACTION,10,971,277,1,720
1964,BIRTHDAY,1,972,277,1,4320
1965,TRANSACTION,3,972,277,1,720
1966,NEW_CLIENT,1,973,278,1,720
1967,BIRTHDAY,10,974,278,1,2160
1968,NEW_CLIENT,10,974,278,1,4320
1969,BIRTHDAY,10,975,279,1,4320
1970,TRANSACTION,3,975,279,1,720
1971,BIRTHDAY,1,976,279,1,2160
1972,TRANSACTION,1,976,279,1,720
1973,BIRTHDAY,1,977,280,1,4320
1974,NEW_CLIENT,5,977,280,1,2160
1975,TRANSACTION,2,978,280,1,1440
1976,BIRTHDAY,2,979,280,1,2160
1977,NEW_CLIENT,5,980,280,1,720
1978,TRANSACTION,1,981,281,1,1440
1979,BIRTHDAY,3,982,281,1,1440
1980,TRANSACTION,10,983,281,1,1440
1981,NEW_CLIENT,1,983,281,1,2160
1982,BIRTHDAY,3,983,281,1,2160
1983,TRANSACTION,1,984,281,1,2160
1984,TRANSACTION,10,985,281,1,2160
1985,BIRTHDAY,5,985,281,1,1440
1986,NEW_CLIENT,3,986,282,1,2160
1987,TRANSACTION,3,987,282,1,2160
1988,BIRTHDAY,3,987,282,1,720
1989,NEW_CLIENT,1,988,283,1,4320
1990,BIRTHDAY,10,988,283,1,2160
1991,TRANSACTION,3,988,283,1,4320
1992,NEW_CLIENT,1,989,283,1,4320
1993,TRANSACTION,3,989,283,1,720
1994,TRANSACTION,2,990,283,1,720
1995,BIRTHDAY,3,990,283,1,720
1996,NEW_CLIENT,3,990,283,1,1440
1997,BIRTHDAY,3,991,283,1,720
1998,TRANSACTION,2,991,283,1,4320
1999,NEW_CLIENT,2,992,284,1,4320
2000,BIRTHDAY,2,993,284,1,2160
2001,TRANSACTION,1,993,284,1,1440
2002,NEW_CLIENT,10,993,284,1,1440
2003,TRANSACTION,3,994,284,1,2160
2004,NEW_CLIENT,10,994,284,1,2160
2005,BIRTHDAY,5,995,285,1,2160
2006,BIRTHDAY,10,996,285,1,2160
2007,TRANSACTION,1,996,285,1,1440
2008,NEW_CLIENT,5,997,285,1,2160
2009,TRANSACTION,10,997,285,1,4320
2010,BIRTHDAY,2,998,285,1,720
2011,NEW_CLIENT,5,999,286,1,4320
2012,TRANSACTION,1,999,286,1,4320
2013,BIRTHDAY,2,999,286,1,2160
2014,TRANSACTION,3,1000,286,1,4320
2015,NEW_CLIENT,2,1000,286,1,1440
2016,BIRTHDAY,10,1000,286,1,1440
2017,TRANSACTION,3,1001,286,1,720
2018,BIRTHDAY,3,1001,286,1,2160
2019,NEW_CLIENT,2,1002,287,1,720
2020,BIRTHDAY,1,1003,287,1,720
2021,TRANSACTION,1,1004,287,1,720
2022,BIRTHDAY,10,1004,287,1,2160
2023,NEW_CLIENT,2,1004,287,1,4320
2024,NEW_CLIENT,3,1005,288,1,2160
2025,BIRTHDAY,2,1005,288,1,720
2026,TRANSACTION,10,1005,288,1,720
2027,NEW_CLIENT,10,1006,288,1,1440
2028,BIRTHDAY,2,1006,288,1,1440
2029,TRANSACTION,1,1006,288,1,720
2030,NEW_CLIENT,2,1007,289,1,2160
2031,TRANSACTION,1,1008,289,1,1440
2032,BIRTHDAY,1,1008,289,1,720
2033,BIRTHDAY,1,1009,290,1,1440
2034,TRANSACTION,10,1009,290,1,2160
2035,NEW_CLIENT,3,1010,290,1,4320
2036,BIRTHDAY,1,1011,290,1,2160
2037,TRANSACTION,3,1011,290,1,1440
2038,NEW_CLIENT,3,1012,290,1,1440
2039,TRANSACTION,5,1012,290,1,720
2040,TRANSACTION,2,1013,291,1,4320
2041,NEW_CLIENT,10,1013,291,1,4320
2042,NEW_CLIENT,2,1014,291,1,4320
2043,BIRTHDAY,1,1015,291,1,2160
2044,NEW_CLIENT,10,1015,291,1,4320
2045,BIRTHDAY,5,1016,292,1,720
2046,BIRTHDAY,5,1017,292,1,720
2047,BIRTHDAY,5,1018,292,1,2160
2048,NEW_CLIENT,1,1018,292,1,4320
2049,TRANSACTION,1,1018,292,1,4320
2050,NEW_CLIENT,2,1019,292,1,2160
2051,BIRTHDAY,5,1019,292,1,720
2052,TRANSACTION,10,1020,293,1,1440
2053,NEW_CLIENT,1,1020,293,1,1440
2054,BIRTHDAY,5,1020,293,1,1440
2055,NEW_CLIENT,5,1021,293,1,720
2056,TRANSACTION,10,1022,293,1,720
2057,BIRTHDAY,10,1022,293,1,2160
2058,NEW_CLIENT,3,1023,294,1,1440
2059,BIRTHDAY,1,1023,294,1,4320
2060,TRANSACTION,1,1023,294,1,720
2061,BIRTHDAY,10,1024,294,1,4320
2062,TRANSACTION,2,1025,294,1,1440
2063,BIRTHDAY,5,1026,295,1,2160
2064,NEW_CLIENT,2,1026,295,1,2160
2065,TRANSACTION,5,1026,295,1,4320
2066,NEW_CLIENT,1,1027,295,1,1440
2067,TRANSACTION,10,1027,295,1,1440
2068,BIRTHDAY,3,1027,295,1,2160
2069,TRANSACTION,2,1028,295,1,2160
2070,NEW_CLIENT,3,1028,295,1,4320
2071,BIRTHDAY,2,1029,296,1,720
2072,NEW_CLIENT,10,1029,296,1,4320
2073,TRANSACTION,2,1030,296,1,720
2074,NEW_CLIENT,2,1030,296,1,1440
2075,NEW_CLIENT,2,1031,296,1,720
2076,BIRTHDAY,5,1032,296,1,1440
2077,NEW_CLIENT,3,1033,296,1,4320
2078,BIRTHDAY,2,1033,296,1,720
2079,NEW_CLIENT,10,1034,297,1,2160
2080,BIRTHDAY,1,1034,297,1,1440
2081,BIRTHDAY,5,1035,297,1,2160
2082,NEW_CLIENT,1,1036,297,1,1440
2083,BIRTHDAY,10,1037,297,1,2160
2084,NEW_CLIENT,10,1037,297,1,720
2085,TRANSACTION,2,1037,297,1,720
2086,NEW_CLIENT,2,1038,297,1,720
2087,BIRTHDAY,10,1038,297,1,720
2088,TRANSACTION,1,1038,297,1,2160
2089,TRANSACTION,2,1039,298,1,2160
2090,NEW_CLIENT,2,1039,298,1,4320
2091,TRANSACTION,2,1040,298,1,1440
2092,NEW_CLIENT,10,1040,298,1,4320
2093,BIRTHDAY,1,1040,298,1,720
2094,NEW_CLIENT,10,1041,299,1,720
2095,TRANSACTION,2,1041,299,1,1440
2096,NEW_CLIENT,2,1042,299,1,2160
2097,TRANSACTION,2,1042,299,1,4320
2098,BIRTHDAY,5,1042,299,1,4320
2099,TRANSACTION,1,1043,300,1,4320
2100,BIRTHDAY,1,1043,300,1,2160
2101,NEW_CLIENT,10,1043,300,1,2160
2102,BIRTHDAY,1,1044,300,1,720
2103,NEW_CLIENT,3,1044,300,1,720
2104,TRANSACTION,3,1044,300,1,720
2105,NEW_CLIENT,2,1045,300,1,2160
2106,BIRTHDAY,2,1045,300,1,2160
2107,BIRTHDAY,2,1046,300,1,4320
2108,NEW_CLIENT,2,1046,300,1,1440
2109,TRANSACTION,1,1046,300,1,720
2110,NEW_CLIENT,2,1047,300,1,1440
2111,NEW_CLIENT,2,1048,301,1,2160
2112,BIRTHDAY,1,1049,301,1,2160
2113,TRANSACTION,5,1049,301,1,4320
2114,NEW_CLIENT,3,1049,301,1,720
2115,TRANSACTION,2,1050,301,1,1440
2116,BIRTHDAY,2,1051,302,1,2160
2117,TRANSACTION,10,1052,302,1,720
2118,NEW_CLIENT,3,1052,302,1,1440
2119,TRANSACTION,3,1053,302,1,2160
2120,BIRTHDAY,10,1053,302,1,1440
2121,NEW_CLIENT,2,1053,302,1,2160
2122,BIRTHDAY,5,1054,302,1,720
2123,BIRTHDAY,10,1055,303,1,1440
2124,TRANSACTION,5,1056,303,1,4320
2125,BIRTHDAY,2,1057,304,1,1440
2126,TRANSACTION,2,1058,304,1,720
2127,BIRTHDAY,3,1058,304,1,4320
2128,NEW_CLIENT,10,1059,304,1,1440
2129,TRANSACTION,5,1059,304,1,1440
2130,BIRTHDAY,5,1059,304,1,2160
2131,BIRTHDAY,5,1060,304,1,1440
2132,TRANSACTION,10,1061,305,1,2160
2133,TRANSACTION,10,1062,305,1,2160
2134,NEW_CLIENT,3,1063,305,1,4320
2135,NEW_CLIENT,3,1064,305,1,720
2136,TRANSACTION,3,1064,305,1,1440
2137,BIRTHDAY,1,1064,305,1,1440
2138,NEW_CLIENT,10,1065,305,1,4320
2139,TRANSACTION,5,1065,305,1,1440
2140,BIRTHDAY,10,1065,305,1,1440
2141,NEW_CLIENT,3,1066,306,1,4320
2142,TRANSACTION,2,1066,306,1,720
2143,TRANSACTION,2,1067,306,1,720
2144,NEW_CLIENT,2,1067,306,1,1440
2145,TRANSACTION,10,1068,306,1,720
2146,NEW_CLIENT,10,1068,306,1,1440
2147,BIRTHDAY,5,1068,306,1,4320
2148,TRANSACTION,1,1069,307,1,720
2149,BIRTHDAY,10,1069,307,1,4320
2150,NEW_CLIENT,1,1069,307,1,1440
2151,BIRTHDAY,10,1070,307,1,1440
2152,TRANSACTION,2,1070,307,1,1440
2153,BIRTHDAY,3,1071,307,1,2160
2154,TRANSACTION,2,1071,307,1,720
2155,NEW_CLIENT,2,1071,307,1,720
2156,BIRTHDAY,5,1072,307,1,720
2157,NEW_CLIENT,1,1073,308,1,1440
2158,BIRTHDAY,5,1074,308,1,720
2159,NEW_CLIENT,10,1075,308,1,4320
2160,TRANSACTION,3,1075,308,1,1440
2161,BIRTHDAY,1,1075,308,1,2160
2162,BIRTHDAY,10,1076,308,1,4320
2163,TRANSACTION,10,1076,308,1,720
2164,NEW_CLIENT,3,1076,308,1,2160
2165,NEW_CLIENT,2,1077,309,1,4320
2166,BIRTHDAY,2,1077,309,1,4320
2167,TRANSACTION,3,1078,309,1,4320
2168,BIRTHDAY,2,1078,309,1,720
2169,TRANSACTION,10,1079,309,1,2160
2170,BIRTHDAY,10,1079,309,1,2160
2171,NEW_CLIENT,10,1080,309,1,2160
2172,TRANSACTION,10,1080,309,1,2160
2173,BIRTHDAY,2,1081,310,1,4320
2174,NEW_CLIENT,1,1081,310,1,1440
2175,TRANSACTION,1,1082,310,1,2160
2176,NEW_CLIENT,2,1083,311,1,720
2177,BIRTHDAY,10,1083,311,1,2160
2178,NEW_CLIENT,2,1084,311,1,1440
2179,TRANSACTION,3,1084,311,1,4320
2180,BIRTHDAY,5,1084,311,1,4320
2181,NEW_CLIENT,1,1085,311,1,1440
2182,BIRTHDAY,10,1086,312,1,720
2183,TRANSACTION,2,1086,312,1,720
2184,NEW_CLIENT,3,1086,312,1,2160
2185,BIRTHDAY,1,1087,312,1,1440
2186,NEW_CLIENT,5,1088,312,1,2160
2187,BIRTHDAY,3,1088,312,1,4320
2188,TRANSACTION,10,1088,312,1,4320
2189,BIRTHDAY,5,1089,312,1,720
2190,NEW_CLIENT,3,1089,312,1,720
2191,TRANSACTION,3,1089,312,1,2160
2192,TRANSACTION,10,1090,312,1,4320
2193,BIRTHDAY,1,1090,312,1,4320
2194,NEW_CLIENT,2,1091,313,1,4320
2195,TRANSACTION,5,1091,313,1,2160
2196,BIRTHDAY,3,1091,313,1,2160
2197,TRANSACTION,5,1092,313,1,720
2198,BIRTHDAY,1,1092,313,1,720
2199,NEW_CLIENT,1,1092,313,1,2160
2200,NEW_CLIENT,5,1093,313,1,720
2201,BIRTHDAY,5,1094,314,1,2160
2202,NEW_CLIENT,10,1094,314,1,720
2203,TRANSACTION,5,1094,314,1,720
2204,BIRTHDAY,1,1095,314,1,1440
2205,TRANSACTION,5,1095,314,1,2160
2206,NEW_CLIENT,2,1095,314,1,4320
2207,NEW_CLIENT,5,1096,314,1,1440
2208,BIRTHDAY,5,1096,314,1,2160
2209,BIRTHDAY,5,1097,314,1,4320
2210,TRANSACTION,3,1098,314,1,2160
2211,TRANSACTION,3,1099,315,1,1440
2212,TRANSACTION,5,1100,315,1,720
2213,NEW_CLIENT,10,1100,315,1,2160
2214,BIRTHDAY,1,1101,316,1,720
2215,NEW_CLIENT,3,1101,316,1,4320
2216,TRANSACTION,1,1101,316,1,4320
2217,TRANSACTION,5,1102,316,1,4320
2218,NEW_CLIENT,1,1102,316,1,2160
2219,BIRTHDAY,2,1102,316,1,4320
2220,TRANSACTION,3,1103,316,1,2160
2221,BIRTHDAY,1,1103,316,1,4320
2222,BIRTHDAY,5,1104,317,1,4320
2223,TRANSACTION,2,1104,317,1,720
2224,NEW_CLIENT,5,1104,317,1,2160
2225,NEW_CLIENT,5,1105,317,1,720
2226,BIRTHDAY,10,1105,317,1,4320
2227,TRANSACTION,5,1105,317,1,4320
2228,TRANSACTION,2,1106,317,1,2160
2229,NEW_CLIENT,10,1106,317,1,720
2230,NEW_CLIENT,2,1107,318,1,1440
2231,BIRTHDAY,3,1107,318,1,1440
2232,TRANSACTION,2,1107,318,1,720
2233,NEW_CLIENT,1,1108,318,1,4320
2234,TRANSACTION,10,1108,318,1,1440
2235,BIRTHDAY,5,1108,318,1,2160
2236,NEW_CLIENT,3,1109,318,1,2160
2237,TRANSACTION,2,1109,318,1,720
2238,BIRTHDAY,5,1110,318,1,1440
2239,NEW_CLIENT,2,1111,319,1,1440
2240,TRANSACTION,1,1111,319,1,2160
2241,BIRTHDAY,10,1111,319,1,1440
2242,TRANSACTION,3,1112,319,1,2160
2243,TRANSACTION,1,1113,319,1,4320
2244,NEW_CLIENT,1,1113,319,1,720
2245,BIRTHDAY,2,1113,319,1,4320
2246,NEW_CLIENT,10,1114,319,1,4320
2247,NEW_CLIENT,5,1115,320,1,1440
2248,TRANSACTION,3,1115,320,1,2160
2249,BIRTHDAY,2,1115,320,1,1440
2250,BIRTHDAY,5,1116,320,1,720
2251,TRANSACTION,3,1116,320,1,1440
2252,NEW_CLIENT,3,1116,320,1,1440
2253,BIRTHDAY,3,1117,320,1,2160
2254,TRANSACTION,10,1117,320,1,4320
2255,NEW_CLIENT,2,1117,320,1,720
2256,TRANSACTION,1,1118,321,1,1440
2257,BIRTHDAY,2,1118,321,1,4320
2258,TRANSACTION,3,1119,321,1,1440
2259,BIRTHDAY,1,1119,321,1,1440
2260,TRANSACTION,1,1120,321,1,4320
2261,BIRTHDAY,3,1120,321,1,1440
2262,NEW_CLIENT,2,1121,321,1,2160
2263,BIRTHDAY,1,1121,321,1,4320
2264,BIRTHDAY,5,1122,321,1,1440
2265,NEW_CLIENT,5,1122,321,1,1440
2266,NEW_CLIENT,10,1123,322,1,4320
2267,BIRTHDAY,5,1123,322,1,720
2268,BIRTHDAY,2,1124,322,1,1440
2269,TRANSACTION,10,1125,323,1,1440
2270,BIRTHDAY,5,1125,323,1,2160
2271,NEW_CLIENT,1,1125,323,1,720
2272,NEW_CLIENT,2,1126,323,1,720
2273,TRANSACTION,5,1127,323,1,720
2274,NEW_CLIENT,5,1128,323,1,4320
2275,BIRTHDAY,10,1128,323,1,720
2276,BIRTHDAY,5,1129,323,1,1440
2277,NEW_CLIENT,3,1129,323,1,1440
2278,NEW_CLIENT,2,1130,324,1,1440
2279,BIRTHDAY,3,1130,324,1,2160
2280,BIRTHDAY,1,1131,324,1,1440
2281,TRANSACTION,3,1131,324,1,4320
2282,NEW_CLIENT,3,1131,324,1,720
2283,TRANSACTION,10,1132,324,1,4320
2284,BIRTHDAY,10,1132,324,1,4320
2285,NEW_CLIENT,1,1132,324,1,720
2286,TRANSACTION,3,1133,325,1,720
2287,BIRTHDAY,5,1133,325,1,4320
2288,NEW_CLIENT,3,1133,325,1,4320
2289,TRANSACTION,3,1134,325,1,1440
2290,NEW_CLIENT,5,1134,325,1,720
2291,BIRTHDAY,1,1134,325,1,2160
2292,BIRTHDAY,2,1135,325,1,4320
2293,NEW_CLIENT,10,1135,325,1,4320
2294,TRANSACTION,3,1135,325,1,1440
2295,NEW_CLIENT,3,1136,326,1,2160
2296,TRANSACTION,3,1137,326,1,2160
2297,NEW_CLIENT,3,1137,326,1,720
2298,BIRTHDAY,10,1137,326,1,2160
2299,NEW_CLIENT,1,1138,326,1,1440
2300,BIRTHDAY,2,1139,327,1,4320
2301,TRANSACTION,10,1139,327,1,720
2302,NEW_CLIENT,1,1139,327,1,2160
2303,TRANSACTION,2,1140,327,1,4320
2304,NEW_CLIENT,10,1141,327,1,720
2305,BIRTHDAY,10,1142,327,1,4320
2306,NEW_CLIENT,2,1143,327,1,1440
2307,TRANSACTION,3,1143,327,1,1440
2308,NEW_CLIENT,10,1144,328,1,2160
2309,BIRTHDAY,3,1144,328,1,2160
2310,TRANSACTION,5,1144,328,1,1440
2311,NEW_CLIENT,3,1145,328,1,2160
2312,TRANSACTION,3,1145,328,1,2160
2313,BIRTHDAY,10,1145,328,1,4320
2314,BIRTHDAY,1,1146,328,1,720
2315,NEW_CLIENT,3,1146,328,1,1440
2316,TRANSACTION,5,1146,328,1,720
2317,BIRTHDAY,2,1147,328,1,4320
2318,NEW_CLIENT,1,1147,328,1,1440
2319,BIRTHDAY,1,1148,328,1,720
2320,TRANSACTION,5,1148,328,1,4320
2321,NEW_CLIENT,3,1149,329,1,4320
2322,NEW_CLIENT,2,1150,329,1,2160
2323,BIRTHDAY,5,1150,329,1,1440
2324,NEW_CLIENT,5,1151,329,1,2160
2325,TRANSACTION,2,1152,330,1,2160
2326,NEW_CLIENT,10,1153,330,1,1440
2327,BIRTHDAY,3,1154,330,1,4320
2328,TRANSACTION,1,1155,330,1,1440
2329,NEW_CLIENT,5,1155,330,1,1440
2330,NEW_CLIENT,1,1156,331,1,1440
2331,TRANSACTION,5,1156,331,1,720
2332,BIRTHDAY,10,1156,331,1,2160
2333,TRANSACTION,10,1157,331,1,720
2334,NEW_CLIENT,2,1158,331,1,1440
2335,TRANSACTION,1,1158,331,1,720
2336,BIRTHDAY,3,1158,331,1,720
2337,TRANSACTION,3,1159,331,1,2160
2338,TRANSACTION,2,1160,332,1,1440
2339,TRANSACTION,3,1161,332,1,2160
2340,BIRTHDAY,1,1161,332,1,1440
2341,NEW_CLIENT,3,1161,332,1,2160
2342,TRANSACTION,5,1162,333,1,2160
2343,BIRTHDAY,2,1162,333,1,4320
2344,NEW_CLIENT,3,1163,333,1,1440
2345,NEW_CLIENT,1,1164,333,1,4320
2346,BIRTHDAY,2,1164,333,1,1440
2347,TRANSACTION,3,1164,333,1,4320
2348,NEW_CLIENT,3,1165,333,1,2160
2349,TRANSACTION,5,1165,333,1,4320
2350,BIRTHDAY,3,1165,333,1,4320
2351,BIRTHDAY,1,1166,334,1,1440
2352,NEW_CLIENT,5,1166,334,1,720
2353,TRANSACTION,5,1167,334,1,4320
2354,NEW_CLIENT,1,1167,334,1,2160
2355,NEW_CLIENT,5,1168,334,1,720
2356,BIRTHDAY,2,1169,334,1,4320
2357,TRANSACTION,2,1169,334,1,720
2358,NEW_CLIENT,3,1169,334,1,720
2359,BIRTHDAY,1,1170,335,1,720
2360,NEW_CLIENT,2,1171,335,1,2160
2361,TRANSACTION,1,1171,335,1,720
2362,BIRTHDAY,2,1171,335,1,720
2363,NEW_CLIENT,3,1172,335,1,720
2364,TRANSACTION,1,1172,335,1,1440
2365,BIRTHDAY,10,1172,335,1,4320
2366,BIRTHDAY,1,1173,336,1,2160
2367,NEW_CLIENT,2,1173,336,1,2160
2368,TRANSACTION,1,1174,336,1,2160
2369,TRANSACTION,2,1175,336,1,720
2370,NEW_CLIENT,2,1176,336,1,2160
2371,BIRTHDAY,3,1177,337,1,1440
2372,BIRTHDAY,5,1178,337,1,720
2373,TRANSACTION,10,1178,337,1,4320
2374,NEW_CLIENT,1,1178,337,1,4320
2375,TRANSACTION,1,1179,337,1,2160
2376,BIRTHDAY,3,1179,337,1,720
2377,NEW_CLIENT,5,1179,337,1,720
2378,BIRTHDAY,2,1180,337,1,2160
2379,NEW_CLIENT,2,1180,337,1,1440
2380,TRANSACTION,3,1181,338,1,1440
2381,NEW_CLIENT,3,1182,338,1,2160
2382,TRANSACTION,1,1182,338,1,4320
2383,NEW_CLIENT,2,1183,338,1,4320
2384,NEW_CLIENT,3,1184,338,1,4320
2385,BIRTHDAY,3,1184,338,1,1440
2386,BIRTHDAY,5,1185,339,1,2160
2387,TRANSACTION,1,1186,339,1,720
2388,NEW_CLIENT,2,1186,339,1,1440
2389,BIRTHDAY,1,1186,339,1,2160
2390,BIRTHDAY,10,1187,339,1,4320
2391,TRANSACTION,2,1187,339,1,4320
2392,BIRTHDAY,10,1188,339,1,720
2393,BIRTHDAY,2,1189,340,1,2160
2394,BIRTHDAY,2,1190,340,1,1440
2395,BIRTHDAY,2,1191,340,1,2160
2396,TRANSACTION,10,1191,340,1,1440
2397,NEW_CLIENT,10,1191,340,1,2160
2398,NEW_CLIENT,10,1192,340,1,2160
2399,NEW_CLIENT,10,1193,341,1,4320
2400,NEW_CLIENT,5,1194,341,1,720
2401,TRANSACTION,5,1194,341,1,4320
2402,TRANSACTION,10,1195,341,1,2160
2403,BIRTHDAY,1,1195,341,1,720
2404,NEW_CLIENT,2,1195,341,1,1440
2405,NEW_CLIENT,1,1196,341,1,4320
2406,BIRTHDAY,5,1197,342,1,720
2407,NEW_CLIENT,5,1197,342,1,2160
2408,BIRTHDAY,3,1198,342,1,1440
2409,NEW_CLIENT,1,1199,343,1,1440
2410,TRANSACTION,5,1199,343,1,2160
2411,TRANSACTION,5,1200,343,1,2160
2412,BIRTHDAY,10,1200,343,1,720
2413,NEW_CLIENT,10,1200,343,1,720
2414,BIRTHDAY,5,1201,344,1,1440
2415,TRANSACTION,2,1201,344,1,720
2416,NEW_CLIENT,3,1201,344,1,720
2417,TRANSACTION,10,1202,344,1,1440
2418,NEW_CLIENT,2,1202,344,1,2160
2419,NEW_CLIENT,10,1203,344,1,2160
2420,BIRTHDAY,3,1203,344,1,4320
2421,TRANSACTION,10,1203,344,1,4320
2422,BIRTHDAY,1,1204,344,1,1440
2423,BIRTHDAY,10,1205,345,1,2160
2424,BIRTHDAY,5,1206,345,1,2160
2425,NEW_CLIENT,2,1207,345,1,720
2426,NEW_CLIENT,2,1208,346,1,1440
2427,TRANSACTION,2,1209,346,1,4320
2428,BIRTHDAY,1,1209,346,1,720
2429,NEW_CLIENT,2,1210,346,1,1440
2430,NEW_CLIENT,10,1211,346,1,4320
2431,TRANSACTION,1,1211,346,1,720
2432,NEW_CLIENT,1,1212,346,1,2160
2433,BIRTHDAY,10,1212,346,1,1440
2434,TRANSACTION,10,1212,346,1,720
2435,TRANSACTION,3,1213,347,1,720
2436,BIRTHDAY,2,1214,347,1,720
2437,TRANSACTION,3,1214,347,1,1440
2438,NEW_CLIENT,3,1214,347,1,1440
2439,TRANSACTION,5,1215,347,1,1440
2440,TRANSACTION,1,1216,347,1,1440
2441,TRANSACTION,2,1217,347,1,4320
2442,TRANSACTION,1,1218,348,1,1440
2443,NEW_CLIENT,2,1218,348,1,720
2444,BIRTHDAY,3,1218,348,1,2160
2445,NEW_CLIENT,3,1219,348,1,4320
2446,BIRTHDAY,2,1219,348,1,720
2447,TRANSACTION,3,1219,348,1,1440
2448,BIRTHDAY,5,1220,348,1,1440
2449,TRANSACTION,10,1220,348,1,2160
2450,NEW_CLIENT,1,1221,348,1,2160
2451,BIRTHDAY,10,1221,348,1,1440
2452,TRANSACTION,2,1221,348,1,2160
2453,NEW_CLIENT,3,1222,349,1,720
2454,TRANSACTION,3,1222,349,1,1440
2455,TRANSACTION,3,1223,349,1,2160
2456,TRANSACTION,2,1224,349,1,720
2457,NEW_CLIENT,1,1224,349,1,720
2458,NEW_CLIENT,2,1225,349,1,2160
2459,BIRTHDAY,5,1225,349,1,720
2460,TRANSACTION,3,1225,349,1,1440
2461,NEW_CLIENT,1,1226,350,1,4320
2462,BIRTHDAY,10,1226,350,1,720
2463,TRANSACTION,2,1226,350,1,1440
2464,TRANSACTION,10,1227,350,1,2160
2465,NEW_CLIENT,10,1227,350,1,1440
2466,TRANSACTION,1,1228,350,1,1440
2467,NEW_CLIENT,10,1229,350,1,720
2468,TRANSACTION,3,1229,350,1,4320
2469,BIRTHDAY,5,1229,350,1,720
2470,TRANSACTION,5,1230,351,1,2160
2471,NEW_CLIENT,5,1231,351,1,4320
2472,BIRTHDAY,5,1231,351,1,4320
2473,TRANSACTION,3,1231,351,1,4320
2474,TRANSACTION,3,1232,351,1,720
2475,BIRTHDAY,3,1232,351,1,4320
2476,NEW_CLIENT,3,1232,351,1,4320
2477,BIRTHDAY,1,1233,351,1,4320
2478,TRANSACTION,5,1233,351,1,4320
2479,NEW_CLIENT,5,1233,351,1,4320
2480,NEW_CLIENT,5,1234,351,1,720
2481,TRANSACTION,10,1235,352,1,2160
2482,BIRTHDAY,2,1236,352,1,4320
2483,NEW_CLIENT,2,1237,352,1,720
2484,TRANSACTION,3,1237,352,1,4320
2485,NEW_CLIENT,1,1238,353,1,2160
2486,TRANSACTION,5,1238,353,1,4320
2487,BIRTHDAY,1,1239,353,1,720
2488,NEW_CLIENT,10,1240,353,1,4320
2489,TRANSACTION,5,1241,353,1,4320
2490,NEW_CLIENT,3,1242,354,1,4320
2491,TRANSACTION,2,1243,354,1,720
2492,BIRTHDAY,3,1243,354,1,720
2493,TRANSACTION,10,1244,355,1,4320
2494,BIRTHDAY,3,1245,355,1,720
2495,TRANSACTION,2,1245,355,1,2160
2496,NEW_CLIENT,3,1245,355,1,2160
2497,TRANSACTION,1,1246,355,1,1440
2498,TRANSACTION,3,1247,355,1,1440
2499,NEW_CLIENT,5,1247,355,1,720
2500,BIRTHDAY,5,1248,356,1,4320
2501,NEW_CLIENT,1,1248,356,1,2160
2502,TRANSACTION,2,1248,356,1,720
2503,TRANSACTION,1,1249,356,1,2160
2504,BIRTHDAY,10,1249,356,1,4320
2505,BIRTHDAY,2,1250,356,1,1440
2506,NEW_CLIENT,5,1250,356,1,2160
2507,TRANSACTION,2,1250,356,1,4320
2508,BIRTHDAY,10,1251,356,1,1440
2509,TRANSACTION,3,1251,356,1,2160
2510,NEW_CLIENT,5,1251,356,1,4320
2511,BIRTHDAY,2,1252,357,1,2160
2512,NEW_CLIENT,10,1253,357,1,2160
2513,TRANSACTION,1,1254,357,1,4320
2514,NEW_CLIENT,2,1254,357,1,720
2515,BIRTHDAY,10,1255,357,1,4320
2516,NEW_CLIENT,1,1255,357,1,2160
2517,TRANSACTION,3,1256,357,1,4320
2518,NEW_CLIENT,3,1256,357,1,2160
2519,BIRTHDAY,5,1257,358,1,720
2520,TRANSACTION,3,1257,358,1,4320
2521,NEW_CLIENT,1,1257,358,1,4320
2522,NEW_CLIENT,2,1258,358,1,2160
2523,BIRTHDAY,3,1259,358,1,4320
2524,NEW_CLIENT,5,1260,359,1,2160
2525,BIRTHDAY,10,1260,359,1,4320
2526,TRANSACTION,1,1261,359,1,4320
2527,NEW_CLIENT,3,1261,359,1,1440
2528,BIRTHDAY,5,1261,359,1,720
2529,BIRTHDAY,10,1262,360,1,720
2530,BIRTHDAY,5,1263,360,1,1440
2531,NEW_CLIENT,5,1263,360,1,1440
2532,TRANSACTION,10,1263,360,1,1440
2533,TRANSACTION,5,1264,361,1,720
2534,NEW_CLIENT,5,1264,361,1,4320
2535,TRANSACTION,5,1265,361,1,1440
2536,NEW_CLIENT,2,1265,361,1,2160
2537,NEW_CLIENT,10,1266,361,1,1440
2538,BIRTHDAY,5,1266,361,1,4320
2539,TRANSACTION,1,1266,361,1,4320
2540,TRANSACTION,10,1267,362,1,720
2541,NEW_CLIENT,2,1267,362,1,4320
2542,BIRTHDAY,10,1267,362,1,1440
2543,NEW_CLIENT,1,1268,362,1,2160
2544,TRANSACTION,10,1268,362,1,1440
2545,BIRTHDAY,5,1268,362,1,4320
2546,TRANSACTION,10,1269,362,1,1440
2547,NEW_CLIENT,2,1269,362,1,720
2548,BIRTHDAY,1,1270,363,1,2160
2549,TRANSACTION,1,1270,363,1,2160
2550,NEW_CLIENT,3,1270,363,1,2160
2551,BIRTHDAY,3,1271,363,1,1440
2552,TRANSACTION,3,1272,363,1,1440
2553,NEW_CLIENT,10,1272,363,1,1440
2554,BIRTHDAY,10,1273,363,1,720
2555,NEW_CLIENT,2,1273,363,1,720
2556,TRANSACTION,3,1273,363,1,720
2557,NEW_CLIENT,2,1274,363,1,4320
2558,TRANSACTION,5,1274,363,1,2160
2559,BIRTHDAY,10,1275,364,1,720
2560,NEW_CLIENT,10,1276,364,1,1440
2561,BIRTHDAY,10,1276,364,1,2160
2562,BIRTHDAY,1,1277,364,1,1440
2563,NEW_CLIENT,10,1278,364,1,2160
2564,TRANSACTION,5,1278,364,1,720
2565,BIRTHDAY,2,1278,364,1,4320
2566,TRANSACTION,1,1279,365,1,4320
2567,BIRTHDAY,1,1279,365,1,720
2568,TRANSACTION,3,1280,365,1,2160
2569,BIRTHDAY,5,1280,365,1,4320
2570,BIRTHDAY,3,1281,365,1,2160
2571,TRANSACTION,5,1281,365,1,4320
2572,BIRTHDAY,10,1282,365,1,720
2573,BIRTHDAY,3,1283,365,1,720
2574,TRANSACTION,10,1283,365,1,2160
2575,NEW_CLIENT,10,1283,365,1,720
2576,NEW_CLIENT,10,1284,366,1,1440
2577,TRANSACTION,10,1284,366,1,1440
2578,BIRTHDAY,2,1284,366,1,2160
2579,TRANSACTION,2,1285,366,1,720
2580,NEW_CLIENT,5,1286,366,1,2160
2581,TRANSACTION,2,1287,366,1,720
2582,BIRTHDAY,3,1287,366,1,2160
2583,NEW_CLIENT,2,1287,366,1,720
2584,BIRTHDAY,2,1288,367,1,4320
2585,TRANSACTION,5,1288,367,1,2160
2586,NEW_CLIENT,3,1288,367,1,2160
2587,TRANSACTION,5,1289,367,1,720
2588,NEW_CLIENT,5,1289,367,1,720
2589,BIRTHDAY,10,1289,367,1,2160
2590,NEW_CLIENT,5,1290,367,1,1440
2591,BIRTHDAY,3,1290,367,1,720
2592,TRANSACTION,5,1291,368,1,4320
2593,BIRTHDAY,1,1291,368,1,4320
2594,NEW_CLIENT,10,1291,368,1,1440
2595,NEW_CLIENT,3,1292,368,1,720
2596,BIRTHDAY,3,1292,368,1,720
2597,NEW_CLIENT,10,1293,368,1,720
2598,NEW_CLIENT,5,1294,369,1,2160
2599,TRANSACTION,5,1294,369,1,2160
2600,NEW_CLIENT,10,1295,369,1,4320
2601,BIRTHDAY,10,1295,369,1,1440
2602,TRANSACTION,1,1295,369,1,1440
2603,TRANSACTION,10,1296,369,1,2160
2604,BIRTHDAY,2,1297,369,1,4320
2605,NEW_CLIENT,2,1297,369,1,4320
2606,NEW_CLIENT,10,1298,369,1,2160
2607,NEW_CLIENT,5,1299,370,1,1440
2608,BIRTHDAY,3,1299,370,1,720
2609,NEW_CLIENT,2,1300,370,1,720
2610,BIRTHDAY,1,1301,370,1,2160
2611,NEW_CLIENT,10,1301,370,1,2160
2612,BIRTHDAY,1,1302,370,1,2160
2613,NEW_CLIENT,1,1302,370,1,4320
2614,NEW_CLIENT,2,1303,371,1,4320
2615,TRANSACTION,3,1303,371,1,720
2616,NEW_CLIENT,5,1304,371,1,720
2617,TRANSACTION,10,1305,371,1,1440
2618,NEW_CLIENT,3,1305,371,1,4320
2619,BIRTHDAY,3,1306,371,1,4320
2620,TRANSACTION,2,1306,371,1,1440
2621,BIRTHDAY,5,1307,371,1,2160
2622,NEW_CLIENT,2,1307,371,1,2160
2623,TRANSACTION,2,1307,371,1,1440
2624,NEW_CLIENT,1,1308,372,1,2160
2625,BIRTHDAY,3,1308,372,1,4320
2626,NEW_CLIENT,5,1309,372,1,2160
2627,BIRTHDAY,2,1310,372,1,1440
2628,NEW_CLIENT,1,1310,372,1,2160
2629,BIRTHDAY,2,1311,372,1,4320
2630,BIRTHDAY,2,1312,372,1,2160
2631,NEW_CLIENT,3,1312,372,1,1440
2632,TRANSACTION,2,1312,372,1,2160
2633,NEW_CLIENT,2,1313,373,1,720
2634,BIRTHDAY,3,1313,373,1,2160
2635,TRANSACTION,3,1313,373,1,2160
2636,TRANSACTION,1,1314,373,1,2160
2637,NEW_CLIENT,5,1314,373,1,4320
2638,BIRTHDAY,1,1314,373,1,720
2639,TRANSACTION,3,1315,373,1,2160
2640,BIRTHDAY,5,1315,373,1,2160
2641,BIRTHDAY,5,1316,373,1,720
2642,TRANSACTION,3,1317,374,1,2160
2643,NEW_CLIENT,1,1318,374,1,2160
2644,BIRTHDAY,3,1319,374,1,720
2645,NEW_CLIENT,10,1319,374,1,2160
2646,TRANSACTION,3,1319,374,1,2160
2647,TRANSACTION,3,1320,374,1,2160
2648,BIRTHDAY,2,1320,374,1,2160
2649,NEW_CLIENT,5,1320,374,1,1440
2650,BIRTHDAY,3,1321,375,1,1440
2651,TRANSACTION,3,1321,375,1,720
2652,BIRTHDAY,3,1322,375,1,2160
2653,TRANSACTION,3,1322,375,1,720
2654,BIRTHDAY,1,1323,375,1,720
2655,TRANSACTION,2,1323,375,1,4320
2656,BIRTHDAY,3,1324,375,1,4320
2657,TRANSACTION,3,1324,375,1,4320
2658,NEW_CLIENT,1,1324,375,1,720
2659,TRANSACTION,3,1325,376,1,2160
2660,NEW_CLIENT,5,1325,376,1,4320
2661,BIRTHDAY,2,1325,376,1,1440
2662,TRANSACTION,5,1326,376,1,4320
2663,BIRTHDAY,5,1326,376,1,720
2664,BIRTHDAY,2,1327,376,1,4320
2665,NEW_CLIENT,10,1327,376,1,4320
2666,TRANSACTION,3,1327,376,1,720
2667,TRANSACTION,3,1328,376,1,720
2668,BIRTHDAY,10,1329,377,1,720
2669,NEW_CLIENT,5,1329,377,1,2160
2670,TRANSACTION,1,1330,377,1,2160
2671,BIRTHDAY,1,1331,378,1,4320
2672,NEW_CLIENT,10,1332,378,1,2160
2673,NEW_CLIENT,3,1333,379,1,2160
2674,BIRTHDAY,1,1333,379,1,720
2675,TRANSACTION,3,1333,379,1,2160
2676,BIRTHDAY,2,1334,379,1,1440
2677,TRANSACTION,10,1334,379,1,4320
2678,NEW_CLIENT,3,1334,379,1,2160
2679,BIRTHDAY,1,1335,379,1,720
2680,NEW_CLIENT,5,1335,379,1,720
2681,TRANSACTION,2,1335,379,1,720
2682,NEW_CLIENT,10,1336,379,1,1440
2683,BIRTHDAY,10,1336,379,1,720
2684,TRANSACTION,1,1336,379,1,4320
2685,BIRTHDAY,1,1337,379,1,720
2686,NEW_CLIENT,3,1337,379,1,1440
2687,NEW_CLIENT,5,1338,380,1,720
2688,TRANSACTION,10,1338,380,1,1440
2689,NEW_CLIENT,10,1339,380,1,1440
2690,NEW_CLIENT,2,1340,380,1,4320
2691,TRANSACTION,2,1340,380,1,1440
2692,BIRTHDAY,2,1341,380,1,720
2693,TRANSACTION,5,1341,380,1,2160
2694,BIRTHDAY,5,1342,381,1,4320
2695,NEW_CLIENT,5,1342,381,1,1440
2696,TRANSACTION,10,1342,381,1,1440
2697,NEW_CLIENT,3,1343,381,1,4320
2698,TRANSACTION,10,1343,381,1,1440
2699,BIRTHDAY,2,1344,381,1,1440
2700,TRANSACTION,10,1344,381,1,2160
2701,BIRTHDAY,5,1345,381,1,1440
2702,TRANSACTION,5,1345,381,1,4320
2703,NEW_CLIENT,5,1345,381,1,1440
2704,BIRTHDAY,5,1346,382,1,1440
2705,TRANSACTION,2,1346,382,1,2160
2706,BIRTHDAY,2,1347,382,1,720
2707,NEW_CLIENT,1,1347,382,1,1440
2708,NEW_CLIENT,1,1348,383,1,1440
2709,NEW_CLIENT,1,1349,383,1,1440
2710,NEW_CLIENT,3,1350,384,1,1440
2711,TRANSACTION,5,1350,384,1,4320
2712,BIRTHDAY,2,1350,384,1,1440
2713,NEW_CLIENT,5,1351,384,1,720
2714,BIRTHDAY,10,1352,385,1,4320
2715,TRANSACTION,3,1353,385,1,2160
2716,NEW_CLIENT,1,1353,385,1,720
2717,BIRTHDAY,3,1353,385,1,2160
2718,NEW_CLIENT,2,1354,385,1,2160
2719,TRANSACTION,5,1354,385,1,1440
2720,BIRTHDAY,3,1354,385,1,2160
2721,TRANSACTION,5,1355,386,1,2160
2722,BIRTHDAY,2,1355,386,1,1440
2723,NEW_CLIENT,10,1355,386,1,4320
2724,BIRTHDAY,5,1356,386,1,2160
2725,NEW_CLIENT,3,1356,386,1,2160
2726,BIRTHDAY,3,1357,387,1,720
2727,TRANSACTION,1,1357,387,1,720
2728,NEW_CLIENT,10,1357,387,1,2160
2729,TRANSACTION,5,1358,387,1,720
2730,BIRTHDAY,5,1358,387,1,2160
2731,TRANSACTION,2,1359,387,1,2160
2732,NEW_CLIENT,5,1360,387,1,1440
2733,BIRTHDAY,5,1360,387,1,2160
2734,NEW_CLIENT,10,1361,387,1,4320
2735,BIRTHDAY,1,1361,387,1,1440
2736,BIRTHDAY,5,1362,388,1,1440
2737,TRANSACTION,1,1363,388,1,4320
2738,BIRTHDAY,2,1364,389,1,1440
2739,TRANSACTION,5,1365,389,1,1440
2740,BIRTHDAY,10,1365,389,1,2160
2741,NEW_CLIENT,5,1365,389,1,2160
2742,TRANSACTION,5,1366,389,1,2160
2743,BIRTHDAY,3,1366,389,1,1440
2744,NEW_CLIENT,5,1366,389,1,1440
2745,TRANSACTION,2,1367,390,1,2160
2746,BIRTHDAY,10,1367,390,1,1440
2747,NEW_CLIENT,3,1367,390,1,4320
2748,TRANSACTION,2,1368,390,1,1440
2749,NEW_CLIENT,3,1368,390,1,4320
2750,BIRTHDAY,10,1368,390,1,720
2751,NEW_CLIENT,2,1369,390,1,2160
2752,BIRTHDAY,2,1369,390,1,2160
2753,TRANSACTION,1,1370,390,1,2160
2754,BIRTHDAY,1,1371,391,1,1440
2755,TRANSACTION,3,1371,391,1,720
2756,NEW_CLIENT,5,1372,391,1,2160
2757,BIRTHDAY,3,1372,391,1,720
2758,TRANSACTION,10,1372,391,1,2160
2759,BIRTHDAY,10,1373,391,1,4320
2760,TRANSACTION,2,1374,391,1,1440
2761,TRANSACTION,10,1375,391,1,4320
2762,BIRTHDAY,5,1375,391,1,1440
2763,BIRTHDAY,5,1376,392,1,2160
2764,TRANSACTION,1,1376,392,1,1440
2765,BIRTHDAY,3,1377,392,1,720
2766,TRANSACTION,10,1378,392,1,720
2767,BIRTHDAY,2,1379,392,1,720
2768,TRANSACTION,1,1379,392,1,2160
2769,NEW_CLIENT,3,1379,392,1,2160
2770,BIRTHDAY,3,1380,392,1,720
2771,NEW_CLIENT,5,1380,392,1,720
2772,TRANSACTION,3,1380,392,1,4320
2773,TRANSACTION,2,1381,393,1,4320
2774,TRANSACTION,5,1382,393,1,2160
2775,NEW_CLIENT,3,1382,393,1,1440
2776,NEW_CLIENT,1,1383,394,1,4320
2777,TRANSACTION,5,1383,394,1,4320
2778,TRANSACTION,10,1384,394,1,2160
2779,NEW_CLIENT,5,1384,394,1,1440
2780,BIRTHDAY,2,1384,394,1,1440
2781,BIRTHDAY,5,1385,395,1,4320
2782,BIRTHDAY,3,1386,395,1,4320
2783,TRANSACTION,5,1386,395,1,4320
2784,NEW_CLIENT,2,1386,395,1,720
2785,TRANSACTION,2,1387,396,1,4320
2786,TRANSACTION,3,1388,396,1,2160
2787,NEW_CLIENT,5,1388,396,1,1440
2788,NEW_CLIENT,2,1389,396,1,4320
2789,TRANSACTION,10,1389,396,1,1440
2790,BIRTHDAY,1,1389,396,1,1440
2791,TRANSACTION,1,1390,396,1,720
2792,NEW_CLIENT,10,1391,396,1,4320
2793,BIRTHDAY,1,1391,396,1,720
2794,BIRTHDAY,2,1392,397,1,1440
2795,NEW_CLIENT,5,1393,397,1,2160
2796,NEW_CLIENT,5,1394,397,1,2160
2797,TRANSACTION,5,1395,397,1,2160
2798,TRANSACTION,1,1396,398,1,4320
2799,BIRTHDAY,10,1397,398,1,720
2800,TRANSACTION,2,1397,398,1,720
2801,TRANSACTION,1,1398,399,1,720
2802,NEW_CLIENT,5,1398,399,1,4320
2803,BIRTHDAY,1,1398,399,1,2160
2804,BIRTHDAY,10,1399,399,1,720
2805,TRANSACTION,1,1399,399,1,720
2806,NEW_CLIENT,1,1399,399,1,2160
2807,BIRTHDAY,5,1400,399,1,2160
2808,BIRTHDAY,3,1401,399,1,2160
2809,NEW_CLIENT,2,1401,399,1,2160
2810,BIRTHDAY,1,1402,400,1,4320
2811,TRANSACTION,1,1403,400,1,1440
2812,TRANSACTION,1,1404,401,1,4320
2813,NEW_CLIENT,2,1405,401,1,720
2814,TRANSACTION,2,1405,401,1,1440
2815,TRANSACTION,1,1406,401,1,2160
2816,BIRTHDAY,10,1407,401,1,2160
2817,NEW_CLIENT,2,1408,401,1,2160
2818,TRANSACTION,3,1408,401,1,1440
2819,BIRTHDAY,5,1408,401,1,2160
2820,BIRTHDAY,2,1409,402,1,720
2821,BIRTHDAY,1,1410,402,1,1440
2822,TRANSACTION,2,1410,402,1,1440
2823,BIRTHDAY,5,1411,403,1,4320
2824,TRANSACTION,2,1411,403,1,1440
2825,NEW_CLIENT,5,1411,403,1,2160
2826,TRANSACTION,3,1412,403,1,4320
2827,NEW_CLIENT,2,1412,403,1,2160
2828,BIRTHDAY,3,1412,403,1,1440
2829,NEW_CLIENT,5,1413,403,1,1440
2830,TRANSACTION,10,1413,403,1,1440
2831,NEW_CLIENT,3,1414,403,1,1440
2832,BIRTHDAY,3,1414,403,1,4320
2833,TRANSACTION,5,1414,403,1,2160
2834,NEW_CLIENT,1,1415,404,1,720
2835,BIRTHDAY,5,1415,404,1,4320
2836,TRANSACTION,3,1415,404,1,720
2837,NEW_CLIENT,1,1416,404,1,720
2838,TRANSACTION,1,1416,404,1,2160
2839,TRANSACTION,3,1417,404,1,2160
2840,NEW_CLIENT,2,1417,404,1,2160
2841,BIRTHDAY,1,1417,404,1,4320
2842,TRANSACTION,3,1418,404,1,1440
2843,BIRTHDAY,2,1418,404,1,720
2844,BIRTHDAY,2,1419,405,1,1440
2845,TRANSACTION,2,1419,405,1,1440
2846,NEW_CLIENT,2,1420,405,1,720
2847,TRANSACTION,2,1420,405,1,2160
2848,BIRTHDAY,3,1421,406,1,1440
2849,TRANSACTION,5,1422,406,1,720
2850,NEW_CLIENT,10,1422,406,1,2160
2851,BIRTHDAY,10,1422,406,1,1440
2852,NEW_CLIENT,2,1423,406,1,2160
2853,TRANSACTION,3,1423,406,1,2160
2854,BIRTHDAY,3,1423,406,1,4320
2855,NEW_CLIENT,1,1424,407,1,1440
2856,TRANSACTION,2,1424,407,1,2160
2857,NEW_CLIENT,10,1425,407,1,720
2858,TRANSACTION,5,1425,407,1,2160
2859,BIRTHDAY,2,1426,407,1,720
2860,TRANSACTION,5,1426,407,1,4320
2861,NEW_CLIENT,5,1426,407,1,720
2862,TRANSACTION,3,1427,407,1,720
2863,NEW_CLIENT,5,1427,407,1,1440
2864,BIRTHDAY,1,1427,407,1,2160
2865,NEW_CLIENT,5,1428,407,1,720
2866,NEW_CLIENT,10,1429,408,1,4320
2867,BIRTHDAY,3,1429,408,1,720
2868,TRANSACTION,2,1430,408,1,1440
2869,BIRTHDAY,10,1430,408,1,2160
2870,NEW_CLIENT,2,1430,408,1,720
2871,TRANSACTION,10,1431,408,1,1440
2872,TRANSACTION,3,1432,408,1,720
2873,BIRTHDAY,5,1433,409,1,4320
2874,NEW_CLIENT,5,1433,409,1,1440
2875,NEW_CLIENT,10,1434,409,1,2160
2876,TRANSACTION,10,1435,410,1,1440
2877,NEW_CLIENT,5,1436,410,1,2160
2878,NEW_CLIENT,2,1437,411,1,1440
2879,TRANSACTION,5,1437,411,1,2160
2880,BIRTHDAY,1,1437,411,1,4320
2881,NEW_CLIENT,1,1438,411,1,4320
2882,BIRTHDAY,1,1439,411,1,2160
2883,NEW_CLIENT,2,1439,411,1,720
2884,BIRTHDAY,1,1440,411,1,720
2885,NEW_CLIENT,1,1440,411,1,2160
2886,TRANSACTION,1,1440,411,1,720
2887,NEW_CLIENT,1,1441,412,1,2160
2888,BIRTHDAY,3,1441,412,1,2160
2889,TRANSACTION,3,1441,412,1,1440
2890,NEW_CLIENT,2,1442,412,1,720
2891,NEW_CLIENT,2,1443,412,1,1440
2892,BIRTHDAY,1,1443,412,1,4320
2893,TRANSACTION,3,1443,412,1,2160
2894,TRANSACTION,1,1444,413,1,1440
2895,NEW_CLIENT,2,1444,413,1,1440
2896,BIRTHDAY,2,1444,413,1,1440
2897,TRANSACTION,2,1445,413,1,1440
2898,NEW_CLIENT,1,1445,413,1,2160
2899,TRANSACTION,1,1446,414,1,2160
2900,NEW_CLIENT,1,1446,414,1,2160
2901,BIRTHDAY,3,1446,414,1,1440
2902,NEW_CLIENT,5,1447,414,1,1440
2903,TRANSACTION,3,1448,415,1,4320
2904,BIRTHDAY,10,1448,415,1,4320
2905,TRANSACTION,10,1449,415,1,720
2906,BIRTHDAY,1,1449,415,1,4320
2907,NEW_CLIENT,5,1449,415,1,2160
2908,NEW_CLIENT,1,1450,415,1,1440
2909,BIRTHDAY,5,1450,415,1,720
2910,TRANSACTION,10,1450,415,1,4320
2911,TRANSACTION,10,1451,416,1,720
2912,BIRTHDAY,1,1452,416,1,4320
2913,TRANSACTION,1,1452,416,1,720
2914,NEW_CLIENT,10,1452,416,1,1440
2915,TRANSACTION,5,1453,417,1,4320
2916,NEW_CLIENT,5,1453,417,1,4320
2917,BIRTHDAY,1,1453,417,1,720
2918,TRANSACTION,10,1454,417,1,4320
2919,BIRTHDAY,3,1454,417,1,720
2920,NEW_CLIENT,5,1455,417,1,2160
2921,TRANSACTION,2,1455,417,1,2160
2922,BIRTHDAY,10,1455,417,1,1440
2923,NEW_CLIENT,2,1456,418,1,1440
2924,TRANSACTION,3,1456,418,1,720
2925,BIRTHDAY,2,1456,418,1,2160
2926,NEW_CLIENT,1,1457,418,1,720
2927,BIRTHDAY,2,1457,418,1,2160
2928,TRANSACTION,10,1457,418,1,720
2929,TRANSACTION,1,1458,419,1,2160
2930,NEW_CLIENT,5,1459,419,1,720
2931,TRANSACTION,1,1460,420,1,720
2932,BIRTHDAY,2,1461,420,1,720
2933,NEW_CLIENT,3,1462,420,1,1440
2934,TRANSACTION,10,1462,420,1,2160
2935,BIRTHDAY,3,1463,420,1,1440
2936,NEW_CLIENT,3,1463,420,1,1440
2937,TRANSACTION,5,1463,420,1,720
2938,TRANSACTION,5,1464,421,1,4320
2939,BIRTHDAY,1,1464,421,1,4320
2940,NEW_CLIENT,2,1464,421,1,2160
2941,NEW_CLIENT,2,1465,421,1,2160
2942,BIRTHDAY,3,1465,421,1,1440
2943,TRANSACTION,5,1465,421,1,4320
2944,TRANSACTION,3,1466,421,1,1440
2945,BIRTHDAY,1,1467,422,1,4320
2946,TRANSACTION,5,1467,422,1,4320
2947,TRANSACTION,5,1468,422,1,2160
2948,NEW_CLIENT,5,1468,422,1,1440
2949,NEW_CLIENT,1,1469,422,1,720
2950,BIRTHDAY,1,1469,422,1,1440
2951,TRANSACTION,10,1470,422,1,2160
2952,BIRTHDAY,1,1470,422,1,2160
2953,NEW_CLIENT,2,1470,422,1,2160
2954,TRANSACTION,1,1471,422,1,720
2955,BIRTHDAY,1,1472,423,1,1440
2956,TRANSACTION,5,1473,423,1,1440
2957,NEW_CLIENT,10,1473,423,1,720
2958,BIRTHDAY,1,1473,423,1,720
2959,BIRTHDAY,2,1474,423,1,1440
2960,NEW_CLIENT,10,1474,423,1,720
2961,TRANSACTION,1,1475,424,1,720
2962,BIRTHDAY,5,1475,424,1,1440
2963,NEW_CLIENT,1,1475,424,1,2160
2964,NEW_CLIENT,3,1476,424,1,720
2965,TRANSACTION,1,1476,424,1,1440
2966,BIRTHDAY,10,1477,424,1,720
2967,BIRTHDAY,3,1478,425,1,720
2968,NEW_CLIENT,2,1478,425,1,4320
2969,NEW_CLIENT,3,1479,425,1,1440
2970,TRANSACTION,1,1480,426,1,4320
2971,BIRTHDAY,3,1481,426,1,2160
2972,NEW_CLIENT,5,1482,426,1,4320
2973,BIRTHDAY,1,1483,427,1,2160
2974,NEW_CLIENT,3,1483,427,1,720
2975,BIRTHDAY,10,1484,427,1,1440
2976,TRANSACTION,2,1485,427,1,720
2977,NEW_CLIENT,2,1485,427,1,1440
2978,BIRTHDAY,10,1485,427,1,2160
2979,NEW_CLIENT,1,1486,427,1,2160
2980,TRANSACTION,5,1486,427,1,2160
2981,BIRTHDAY,2,1487,427,1,1440
2982,NEW_CLIENT,10,1487,427,1,1440
2983,TRANSACTION,1,1487,427,1,2160
2984,NEW_CLIENT,1,1488,428,1,2160
2985,BIRTHDAY,2,1488,428,1,720
2986,TRANSACTION,5,1488,428,1,4320
2987,TRANSACTION,3,1489,428,1,4320
2988,NEW_CLIENT,3,1489,428,1,720
2989,BIRTHDAY,5,1490,428,1,2160
2990,NEW_CLIENT,3,1490,428,1,1440
2991,BIRTHDAY,2,1491,429,1,720
2992,NEW_CLIENT,2,1491,429,1,2160
2993,TRANSACTION,10,1491,429,1,2160
2994,NEW_CLIENT,5,1492,429,1,720
2995,BIRTHDAY,3,1492,429,1,720
2996,TRANSACTION,5,1493,429,1,2160
2997,NEW_CLIENT,5,1493,429,1,2160
2998,TRANSACTION,2,1494,429,1,1440
2999,NEW_CLIENT,1,1494,429,1,1440
3000,BIRTHDAY,2,1494,429,1,1440
3001,BIRTHDAY,3,1495,429,1,2160
3002,TRANSACTION,1,1495,429,1,1440
3003,BIRTHDAY,1,1496,430,1,2160
3004,BIRTHDAY,10,1497,430,1,1440
3005,TRANSACTION,10,1497,430,1,2160
3006,NEW_CLIENT,2,1497,430,1,2160
3007,TRANSACTION,5,1498,430,1,720
3008,NEW_CLIENT,5,1498,430,1,2160
3009,NEW_CLIENT,5,1499,430,1,2160
3010,BIRTHDAY,5,1499,430,1,1440
3011,TRANSACTION,10,1499,430,1,4320
3012,TRANSACTION,5,1500,431,1,4320
3013,BIRTHDAY,10,1500,431,1,2160
3014,NEW_CLIENT,10,1500,431,1,2160
3015,BIRTHDAY,5,1501,431,1,4320
3016,TRANSACTION,10,1501,431,1,4320
3017,TRANSACTION,2,1502,431,1,2160
3018,NEW_CLIENT,2,1502,431,1,720
3019,BIRTHDAY,5,1502,431,1,2160
3020,NEW_CLIENT,10,1503,431,1,720
3021,NEW_CLIENT,3,1504,432,1,1440
3022,BIRTHDAY,1,1504,432,1,720
3023,TRANSACTION,1,1504,432,1,4320
3024,BIRTHDAY,2,1505,432,1,2160
3025,TRANSACTION,5,1505,432,1,4320
3026,BIRTHDAY,10,1506,432,1,4320
3027,TRANSACTION,3,1506,432,1,2160
3028,NEW_CLIENT,10,1507,432,1,4320
3029,NEW_CLIENT,3,1508,433,1,1440
3030,BIRTHDAY,5,1508,433,1,2160
3031,BIRTHDAY,5,1509,433,1,720
3032,BIRTHDAY,1,1510,433,1,1440
3033,TRANSACTION,3,1510,433,1,4320
3034,NEW_CLIENT,3,1510,433,1,1440
3035,NEW_CLIENT,10,1511,434,1,720
3036,TRANSACTION,3,1511,434,1,4320
3037,BIRTHDAY,5,1512,434,1,1440
3038,TRANSACTION,10,1512,434,1,2160
3039,BIRTHDAY,5,1513,434,1,1440
3040,BIRTHDAY,1,1514,435,1,4320
3041,TRANSACTION,5,1514,435,1,2160
3042,NEW_CLIENT,3,1514,435,1,720
3043,NEW_CLIENT,10,1515,435,1,1440
3044,BIRTHDAY,5,1516,435,1,2160
3045,NEW_CLIENT,1,1516,435,1,720
3046,TRANSACTION,3,1516,435,1,2160
3047,TRANSACTION,5,1517,436,1,1440
3048,BIRTHDAY,2,1518,436,1,720
3049,BIRTHDAY,5,1519,436,1,2160
3050,NEW_CLIENT,2,1519,436,1,4320
3051,NEW_CLIENT,5,1520,436,1,2160
3052,TRANSACTION,10,1521,437,1,1440
3053,NEW_CLIENT,2,1521,437,1,1440
3054,TRANSACTION,3,1522,437,1,2160
3055,TRANSACTION,3,1523,438,1,4320
3056,NEW_CLIENT,3,1523,438,1,4320
3057,NEW_CLIENT,2,1524,438,1,2160
3058,TRANSACTION,3,1524,438,1,2160
3059,NEW_CLIENT,10,1525,439,1,2160
3060,TRANSACTION,10,1525,439,1,720
3061,NEW_CLIENT,5,1526,439,1,720
3062,TRANSACTION,3,1527,440,1,1440
3063,BIRTHDAY,10,1528,440,1,2160
3064,TRANSACTION,3,1528,440,1,4320
3065,TRANSACTION,10,1529,440,1,4320
3066,BIRTHDAY,3,1529,440,1,2160
3067,NEW_CLIENT,2,1530,441,1,4320
3068,BIRTHDAY,10,1531,441,1,2160
3069,NEW_CLIENT,10,1531,441,1,2160
3070,NEW_CLIENT,1,1532,441,1,2160
3071,TRANSACTION,5,1532,441,1,1440
3072,BIRTHDAY,1,1532,441,1,4320
3073,NEW_CLIENT,2,1533,441,1,2160
3074,TRANSACTION,5,1533,441,1,1440
3075,BIRTHDAY,10,1534,442,1,1440
3076,NEW_CLIENT,1,1535,442,1,1440
3077,BIRTHDAY,3,1535,442,1,720
3078,TRANSACTION,1,1536,443,1,4320
3079,BIRTHDAY,2,1536,443,1,1440
3080,TRANSACTION,5,1537,443,1,2160
3081,NEW_CLIENT,3,1537,443,1,2160
3082,BIRTHDAY,3,1537,443,1,720
3083,NEW_CLIENT,5,1538,443,1,1440
3084,NEW_CLIENT,2,1539,443,1,1440
3085,BIRTHDAY,2,1539,443,1,720
3086,BIRTHDAY,2,1540,444,1,720
3087,NEW_CLIENT,2,1541,444,1,4320
3088,TRANSACTION,1,1541,444,1,2160
3089,BIRTHDAY,10,1542,445,1,1440
3090,NEW_CLIENT,10,1542,445,1,1440
3091,NEW_CLIENT,2,1543,445,1,4320
3092,NEW_CLIENT,5,1544,445,1,720
3093,TRANSACTION,10,1544,445,1,4320
3094,NEW_CLIENT,1,1545,445,1,4320
3095,BIRTHDAY,2,1545,445,1,720
3096,TRANSACTION,2,1545,445,1,4320
3097,TRANSACTION,5,1546,445,1,2160
3098,BIRTHDAY,2,1546,445,1,1440
3099,NEW_CLIENT,1,1547,446,1,2160
3100,BIRTHDAY,1,1547,446,1,1440
3101,NEW_CLIENT,2,1548,446,1,4320
3102,BIRTHDAY,2,1549,446,1,4320
3103,NEW_CLIENT,5,1549,446,1,4320
3104,BIRTHDAY,10,1550,446,1,4320
3105,NEW_CLIENT,5,1551,446,1,720
3106,TRANSACTION,10,1551,446,1,720
3107,BIRTHDAY,10,1551,446,1,1440
3108,TRANSACTION,10,1552,447,1,2160
3109,BIRTHDAY,3,1552,447,1,1440
3110,TRANSACTION,2,1553,447,1,720
3111,NEW_CLIENT,5,1554,447,1,720
3112,BIRTHDAY,1,1555,447,1,2160
3113,TRANSACTION,3,1555,447,1,1440
3114,TRANSACTION,3,1556,448,1,1440
3115,BIRTHDAY,10,1556,448,1,1440
3116,BIRTHDAY,10,1557,448,1,1440
3117,NEW_CLIENT,2,1558,448,1,4320
3118,TRANSACTION,2,1558,448,1,720
3119,BIRTHDAY,3,1558,448,1,720
3120,NEW_CLIENT,1,1559,449,1,720
3121,TRANSACTION,1,1559,449,1,1440
3122,BIRTHDAY,10,1559,449,1,1440
3123,TRANSACTION,2,1560,449,1,4320
3124,TRANSACTION,10,1561,449,1,1440
3125,BIRTHDAY,1,1561,449,1,2160
3126,BIRTHDAY,3,1562,449,1,720
3127,NEW_CLIENT,5,1562,449,1,4320
3128,NEW_CLIENT,3,1563,450,1,1440
3129,BIRTHDAY,2,1563,450,1,720
3130,TRANSACTION,5,1563,450,1,1440
3131,BIRTHDAY,3,1564,450,1,720
3132,NEW_CLIENT,1,1565,451,1,4320
3133,BIRTHDAY,10,1565,451,1,720
3134,TRANSACTION,5,1565,451,1,1440
3135,BIRTHDAY,2,1566,451,1,4320
3136,NEW_CLIENT,5,1566,451,1,1440
3137,TRANSACTION,3,1566,451,1,1440
3138,BIRTHDAY,10,1567,451,1,4320
3139,TRANSACTION,10,1567,451,1,4320
3140,BIRTHDAY,1,1568,451,1,2160
3141,NEW_CLIENT,10,1568,451,1,2160
3142,TRANSACTION,10,1568,451,1,1440
3143,NEW_CLIENT,3,1569,452,1,4320
3144,BIRTHDAY,5,1569,452,1,1440
3145,TRANSACTION,3,1569,452,1,2160
3146,NEW_CLIENT,10,1570,452,1,2160
3147,TRANSACTION,10,1570,452,1,720
3148,BIRTHDAY,1,1570,452,1,720
3149,BIRTHDAY,10,1571,452,1,720
3150,NEW_CLIENT,2,1571,452,1,4320
3151,TRANSACTION,10,1571,452,1,4320
3152,TRANSACTION,2,1572,453,1,720
3153,BIRTHDAY,3,1572,453,1,2160
3154,TRANSACTION,2,1573,453,1,1440
3155,TRANSACTION,10,1574,453,1,2160
3156,NEW_CLIENT,3,1575,453,1,720
3157,NEW_CLIENT,10,1576,454,1,720
3158,BIRTHDAY,5,1576,454,1,2160
3159,TRANSACTION,2,1576,454,1,2160
3160,BIRTHDAY,3,1577,454,1,2160
3161,NEW_CLIENT,1,1577,454,1,720
3162,TRANSACTION,5,1577,454,1,4320
3163,BIRTHDAY,3,1578,454,1,1440
3164,NEW_CLIENT,10,1579,454,1,720
3165,BIRTHDAY,1,1579,454,1,720
3166,TRANSACTION,5,1579,454,1,2160
3167,TRANSACTION,10,1580,454,1,2160
3168,NEW_CLIENT,3,1580,454,1,2160
3169,BIRTHDAY,5,1580,454,1,1440
3170,NEW_CLIENT,1,1581,455,1,2160
3171,BIRTHDAY,3,1582,455,1,1440
3172,TRANSACTION,1,1582,455,1,720
3173,NEW_CLIENT,3,1583,456,1,2160
3174,TRANSACTION,5,1583,456,1,720
3175,TRANSACTION,10,1584,456,1,2160
3176,BIRTHDAY,3,1584,456,1,2160
3177,TRANSACTION,5,1585,457,1,720
3178,BIRTHDAY,10,1586,457,1,4320
3179,BIRTHDAY,5,1587,457,1,2160
3180,BIRTHDAY,3,1588,458,1,1440
3181,NEW_CLIENT,10,1588,458,1,2160
3182,BIRTHDAY,3,1589,458,1,4320
3183,TRANSACTION,10,1589,458,1,1440
3184,NEW_CLIENT,10,1590,459,1,4320
3185,BIRTHDAY,5,1591,459,1,4320
3186,NEW_CLIENT,10,1592,460,1,720
3187,BIRTHDAY,3,1592,460,1,720
3188,BIRTHDAY,1,1593,460,1,1440
3189,TRANSACTION,5,1593,460,1,1440
3190,BIRTHDAY,5,1594,461,1,720
3191,NEW_CLIENT,3,1595,461,1,4320
3192,TRANSACTION,10,1595,461,1,720
3193,TRANSACTION,5,1596,461,1,2160
3194,NEW_CLIENT,3,1596,461,1,4320
3195,NEW_CLIENT,5,1597,461,1,1440
3196,NEW_CLIENT,1,1598,461,1,2160
3197,TRANSACTION,3,1599,462,1,4320
3198,TRANSACTION,2,1600,462,1,4320
3199,BIRTHDAY,3,1600,462,1,720
3200,NEW_CLIENT,5,1600,462,1,720
3201,TRANSACTION,10,1601,463,1,4320
3202,NEW_CLIENT,2,1601,463,1,1440
3203,BIRTHDAY,1,1601,463,1,2160
3204,BIRTHDAY,1,1602,463,1,4320
3205,NEW_CLIENT,2,1602,463,1,1440
3206,TRANSACTION,5,1602,463,1,720
3207,NEW_CLIENT,3,1603,463,1,2160
3208,TRANSACTION,5,1603,463,1,2160
3209,BIRTHDAY,5,1603,463,1,1440
3210,NEW_CLIENT,2,1604,463,1,1440
3211,TRANSACTION,5,1605,463,1,720
3212,NEW_CLIENT,2,1606,464,1,1440
3213,TRANSACTION,1,1606,464,1,1440
3214,BIRTHDAY,2,1606,464,1,2160
3215,TRANSACTION,2,1607,464,1,720
3216,NEW_CLIENT,10,1607,464,1,2160
3217,BIRTHDAY,1,1607,464,1,1440
3218,BIRTHDAY,3,1608,464,1,1440
3219,NEW_CLIENT,3,1608,464,1,720
3220,TRANSACTION,2,1608,464,1,2160
3221,TRANSACTION,1,1609,464,1,720
3222,NEW_CLIENT,10,1609,464,1,720
3223,TRANSACTION,1,1610,465,1,2160
3224,BIRTHDAY,5,1610,465,1,1440
3225,NEW_CLIENT,2,1610,465,1,2160
3226,BIRTHDAY,10,1611,465,1,1440
3227,NEW_CLIENT,1,1612,465,1,720
3228,BIRTHDAY,10,1612,465,1,720
3229,TRANSACTION,3,1613,465,1,2160
3230,NEW_CLIENT,10,1614,465,1,4320
3231,BIRTHDAY,10,1615,466,1,4320
3232,TRANSACTION,5,1615,466,1,1440
3233,BIRTHDAY,3,1616,466,1,2160
3234,BIRTHDAY,2,1617,466,1,720
3235,BIRTHDAY,1,1618,466,1,1440
3236,NEW_CLIENT,3,1618,466,1,1440
3237,TRANSACTION,5,1618,466,1,2160
3238,NEW_CLIENT,2,1619,467,1,4320
3239,TRANSACTION,10,1620,467,1,2160
3240,BIRTHDAY,10,1620,467,1,1440
3241,NEW_CLIENT,10,1620,467,1,720
3242,TRANSACTION,1,1621,468,1,4320
3243,BIRTHDAY,1,1621,468,1,1440
3244,TRANSACTION,10,1622,468,1,720
3245,NEW_CLIENT,10,1622,468,1,720
3246,BIRTHDAY,5,1622,468,1,1440
3247,BIRTHDAY,1,1623,468,1,1440
3248,NEW_CLIENT,3,1623,468,1,720
3249,BIRTHDAY,1,1624,468,1,4320
3250,TRANSACTION,3,1624,468,1,4320
3251,NEW_CLIENT,1,1624,468,1,720
3252,BIRTHDAY,3,1625,469,1,2160
3253,TRANSACTION,5,1625,469,1,2160
3254,NEW_CLIENT,5,1625,469,1,1440
3255,NEW_CLIENT,10,1626,469,1,720
3256,BIRTHDAY,5,1627,470,1,2160
3257,TRANSACTION,3,1627,470,1,2160
3258,NEW_CLIENT,10,1627,470,1,4320
3259,TRANSACTION,5,1628,470,1,4320
3260,TRANSACTION,1,1629,471,1,1440
3261,BIRTHDAY,2,1629,471,1,1440
3262,NEW_CLIENT,1,1629,471,1,720
3263,BIRTHDAY,1,1630,471,1,720
3264,TRANSACTION,3,1630,471,1,4320
3265,NEW_CLIENT,1,1631,471,1,720
3266,BIRTHDAY,3,1631,471,1,720
3267,TRANSACTION,2,1631,471,1,720
3268,BIRTHDAY,10,1632,472,1,720
3269,TRANSACTION,5,1632,472,1,4320
3270,TRANSACTION,5,1633,472,1,720
3271,BIRTHDAY,2,1633,472,1,1440
3272,NEW_CLIENT,1,1633,472,1,2160
3273,TRANSACTION,10,1634,472,1,1440
3274,NEW_CLIENT,5,1634,472,1,2160
3275,BIRTHDAY,5,1634,472,1,2160
3276,NEW_CLIENT,10,1635,473,1,720
3277,BIRTHDAY,3,1636,473,1,2160
3278,NEW_CLIENT,5,1636,473,1,720
3279,BIRTHDAY,1,1637,473,1,720
3280,TRANSACTION,10,1637,473,1,720
3281,NEW_CLIENT,10,1637,473,1,1440
3282,BIRTHDAY,10,1638,473,1,720
3283,BIRTHDAY,5,1639,473,1,1440
3284,NEW_CLIENT,10,1639,473,1,4320
3285,TRANSACTION,10,1639,473,1,4320
3286,NEW_CLIENT,5,1640,474,1,720
3287,TRANSACTION,5,1640,474,1,4320
3288,BIRTHDAY,3,1640,474,1,2160
3289,TRANSACTION,10,1641,474,1,720
3290,BIRTHDAY,10,1641,474,1,4320
3291,NEW_CLIENT,5,1641,474,1,1440
3292,TRANSACTION,1,1642,474,1,2160
3293,BIRTHDAY,3,1642,474,1,4320
3294,NEW_CLIENT,5,1642,474,1,4320
3295,BIRTHDAY,1,1643,475,1,4320
3296,NEW_CLIENT,2,1643,475,1,1440
3297,TRANSACTION,10,1644,475,1,4320
3298,BIRTHDAY,10,1644,475,1,720
3299,NEW_CLIENT,5,1644,475,1,720
3300,NEW_CLIENT,2,1645,475,1,4320
3301,TRANSACTION,10,1646,475,1,4320
3302,NEW_CLIENT,1,1646,475,1,2160
3303,TRANSACTION,10,1647,475,1,2160
3304,TRANSACTION,1,1648,476,1,1440
3305,BIRTHDAY,3,1648,476,1,720
3306,NEW_CLIENT,10,1648,476,1,720
3307,BIRTHDAY,3,1649,476,1,2160
3308,NEW_CLIENT,3,1649,476,1,4320
3309,TRANSACTION,3,1650,477,1,2160
3310,BIRTHDAY,2,1650,477,1,4320
3311,NEW_CLIENT,3,1650,477,1,4320
3312,BIRTHDAY,10,1651,477,1,4320
3313,TRANSACTION,3,1651,477,1,4320
3314,NEW_CLIENT,3,1652,477,1,1440
3315,TRANSACTION,2,1652,477,1,720
3316,NEW_CLIENT,5,1653,477,1,2160
3317,TRANSACTION,2,1653,477,1,720
3318,NEW_CLIENT,5,1654,477,1,720
3319,BIRTHDAY,10,1654,477,1,1440
3320,TRANSACTION,3,1654,477,1,2160
3321,TRANSACTION,2,1655,478,1,720
3322,BIRTHDAY,5,1655,478,1,4320
3323,TRANSACTION,3,1656,478,1,1440
3324,NEW_CLIENT,5,1657,479,1,4320
3325,BIRTHDAY,2,1657,479,1,2160
3326,NEW_CLIENT,2,1658,479,1,4320
3327,TRANSACTION,5,1659,480,1,720
3328,NEW_CLIENT,1,1659,480,1,2160
3329,TRANSACTION,1,1660,480,1,1440
3330,BIRTHDAY,1,1660,480,1,4320
3331,BIRTHDAY,2,1661,481,1,2160
3332,TRANSACTION,1,1662,481,1,2160
3333,BIRTHDAY,1,1662,481,1,2160
3334,BIRTHDAY,2,1663,482,1,2160
3335,NEW_CLIENT,2,1663,482,1,1440
3336,TRANSACTION,1,1663,482,1,4320
3337,BIRTHDAY,5,1664,482,1,720
3338,BIRTHDAY,10,1665,482,1,4320
3339,TRANSACTION,10,1665,482,1,720
3340,TRANSACTION,2,1666,482,1,720
3341,BIRTHDAY,3,1666,482,1,2160
3342,BIRTHDAY,3,1667,482,1,2160
3343,BIRTHDAY,1,1668,483,1,1440
3344,BIRTHDAY,1,1669,483,1,2160
3345,TRANSACTION,5,1669,483,1,1440
3346,BIRTHDAY,3,1670,483,1,720
3347,NEW_CLIENT,5,1670,483,1,720
3348,TRANSACTION,3,1670,483,1,2160
3349,TRANSACTION,5,1671,483,1,4320
3350,BIRTHDAY,3,1671,483,1,2160
3351,NEW_CLIENT,2,1672,484,1,2160
3352,BIRTHDAY,10,1672,484,1,2160
3353,BIRTHDAY,10,1673,484,1,720
3354,TRANSACTION,1,1674,484,1,1440
3355,BIRTHDAY,10,1674,484,1,720
3356,NEW_CLIENT,5,1674,484,1,2160
3357,TRANSACTION,3,1675,484,1,4320
3358,BIRTHDAY,10,1676,484,1,1440
3359,NEW_CLIENT,5,1676,484,1,720
3360,BIRTHDAY,1,1677,485,1,4320
3361,NEW_CLIENT,5,1677,485,1,4320
3362,TRANSACTION,1,1677,485,1,720
3363,BIRTHDAY,2,1678,485,1,1440
3364,TRANSACTION,1,1678,485,1,1440
3365,NEW_CLIENT,10,1678,485,1,1440
3366,TRANSACTION,5,1679,485,1,2160
3367,BIRTHDAY,5,1679,485,1,2160
3368,TRANSACTION,3,1680,486,1,720
3369,NEW_CLIENT,3,1680,486,1,2160
3370,BIRTHDAY,2,1680,486,1,2160
3371,NEW_CLIENT,5,1681,486,1,720
3372,BIRTHDAY,2,1681,486,1,1440
3373,TRANSACTION,2,1681,486,1,4320
3374,BIRTHDAY,10,1682,487,1,2160
3375,BIRTHDAY,1,1683,487,1,2160
3376,NEW_CLIENT,1,1683,487,1,1440
3377,NEW_CLIENT,3,1684,487,1,1440
3378,BIRTHDAY,10,1684,487,1,4320
3379,TRANSACTION,1,1685,488,1,1440
3380,BIRTHDAY,10,1685,488,1,720
3381,NEW_CLIENT,3,1685,488,1,4320
3382,TRANSACTION,5,1686,488,1,4320
3383,BIRTHDAY,2,1687,489,1,2160
3384,TRANSACTION,10,1688,489,1,1440
3385,BIRTHDAY,10,1688,489,1,4320
3386,BIRTHDAY,2,1689,490,1,1440
3387,TRANSACTION,1,1689,490,1,4320
3388,NEW_CLIENT,10,1690,490,1,4320
3389,TRANSACTION,3,1691,491,1,2160
3390,BIRTHDAY,1,1692,491,1,4320
3391,NEW_CLIENT,10,1692,491,1,2160
3392,TRANSACTION,5,1692,491,1,720
3393,NEW_CLIENT,2,1693,492,1,4320
3394,TRANSACTION,3,1694,492,1,1440
3395,NEW_CLIENT,2,1694,492,1,4320
3396,NEW_CLIENT,1,1695,492,1,720
3397,TRANSACTION,1,1695,492,1,720
3398,TRANSACTION,2,1696,493,1,2160
3399,NEW_CLIENT,1,1697,493,1,1440
3400,TRANSACTION,3,1697,493,1,4320
3401,BIRTHDAY,10,1697,493,1,720
3402,BIRTHDAY,5,1698,494,1,4320
3403,TRANSACTION,2,1698,494,1,720
3404,NEW_CLIENT,10,1698,494,1,4320
3405,BIRTHDAY,3,1699,494,1,2160
3406,TRANSACTION,1,1700,494,1,1440
3407,NEW_CLIENT,10,1700,494,1,720
3408,BIRTHDAY,5,1700,494,1,1440
3409,BIRTHDAY,2,1701,494,1,1440
3410,TRANSACTION,10,1701,494,1,2160
3411,NEW_CLIENT,10,1701,494,1,1440
3412,NEW_CLIENT,5,1702,494,1,4320
3413,TRANSACTION,10,1702,494,1,1440
3414,BIRTHDAY,10,1702,494,1,2160
3415,NEW_CLIENT,2,1703,495,1,2160
3416,BIRTHDAY,1,1703,495,1,2160
3417,TRANSACTION,5,1703,495,1,2160
3418,BIRTHDAY,2,1704,495,1,4320
3419,TRANSACTION,3,1704,495,1,2160
3420,NEW_CLIENT,3,1704,495,1,4320
3421,BIRTHDAY,10,1705,496,1,720
3422,NEW_CLIENT,10,1705,496,1,4320
3423,TRANSACTION,5,1705,496,1,4320
3424,NEW_CLIENT,1,1706,496,1,720
3425,TRANSACTION,2,1707,496,1,1440
3426,BIRTHDAY,3,1708,496,1,4320
3427,NEW_CLIENT,2,1708,496,1,720
3428,TRANSACTION,1,1709,497,1,4320
3429,NEW_CLIENT,3,1709,497,1,2160
3430,BIRTHDAY,3,1709,497,1,2160
3431,TRANSACTION,2,1710,497,1,1440
3432,NEW_CLIENT,10,1710,497,1,720
3433,BIRTHDAY,2,1710,497,1,720
3434,TRANSACTION,10,1711,497,1,1440
3435,NEW_CLIENT,2,1711,497,1,2160
3436,BIRTHDAY,10,1711,497,1,1440
3437,BIRTHDAY,3,1712,497,1,720
3438,TRANSACTION,1,1712,497,1,2160
3439,NEW_CLIENT,3,1712,497,1,720
3440,TRANSACTION,2,1713,498,1,2160
3441,NEW_CLIENT,2,1713,498,1,2160
3442,BIRTHDAY,2,1713,498,1,2160
3443,BIRTHDAY,1,1714,498,1,720
3444,TRANSACTION,10,1714,498,1,4320
3445,TRANSACTION,5,1715,498,1,4320
3446,NEW_CLIENT,1,1715,498,1,720
3447,TRANSACTION,3,1716,498,1,4320
3448,BIRTHDAY,2,1716,498,1,720
3449,NEW_CLIENT,2,1716,498,1,4320
3450,TRANSACTION,2,1717,499,1,720
3451,NEW_CLIENT,5,1717,499,1,720
3452,BIRTHDAY,3,1717,499,1,4320
3453,TRANSACTION,5,1718,499,1,2160
3454,TRANSACTION,3,1719,499,1,4320
3455,BIRTHDAY,5,1719,499,1,4320
3456,NEW_CLIENT,2,1719,499,1,720
3457,TRANSACTION,2,1720,500,1,4320
3458,BIRTHDAY,10,1720,500,1,1440
3459,NEW_CLIENT,3,1720,500,1,2160
3460,BIRTHDAY,10,1721,500,1,1440
3461,NEW_CLIENT,3,1721,500,1,2160
3462,TRANSACTION,1,1721,500,1,1440
3463,TRANSACTION,1,1722,500,1,1440
3464,NEW_CLIENT,2,1722,500,1,720
3465,BIRTHDAY,1,1722,500,1,720
3466,BIRTHDAY,1,1723,500,1,2160
