id,username,password,role,contact_email,active,created_at,last_login,last_password_change,preference_do_scan_animation
1,eileen42,2956470605fe66ed1fe8e753ea0fd1c739d7ccfc12be1927eb19543db184400a,OWNER,crystalyoung@example.net,1,2025-11-09 19:43:51.000,2026-05-06 08:09:04.000,2026-03-07 05:03:26.000,1
2,jamesbenson,8da58c0d550523d91975c3b5aa3eeb40096258f32f0c62d549d188907c8d4868,ADMIN,andersonadrian@example.net,1,2025-11-09 19:43:51.000,2026-04-11 03:50:38.000,2025-05-15 01:04:07.000,0
3,kingalexis,54554603b0869342e47c0e22ae1ed13aa5464e4fe3c2bbcfc744a35be4cf3fd1,MEMBER,hrichardson@example.net,1,2025-11-09 19:43:51.000,2026-04-15 05:57:27.000,2025-11-13 22:47:04.000,1
4,sherrievans,fdd9bdfdf4fe63c28caafc2ccba521f798ee5722b533c1d8d50dad607713764a,MEMBER,emarshall@example.net,1,2025-11-09 19:43:51.000,2026-03-28 20:07:24.000,2025-06-09 03:07:24.000,1
5,hallmichael,805b12dd46cb89d2655d4f7af9e9f6c53ce50407fe80a6274c33839c8a445fb2,OWNER,john22@example.net,1,2025-11-09 19:43:51.000,2026-04-26 18:17:58.000,2026-03-02 03:55:29.000,0
6,emilycunningham,913235e9c857e686a4c095e7965e9c850a87e0aadaf0a55f71cf969c33458360,ADMIN,lopezdawn@example.org,1,2025-11-09 19:43:51.000,2026-04-06 04:06:48.000,2025-12-14 04:56:50.000,0
7,matthew73,549284793960adcaa437bdea03d460dd2706c5257fbf4cf0181698ca9c798161,MEMBER,justin87@example.net,1,2025-11-09 19:43:51.000,2026-04-20 09:45:22.000,2025-09-02 02:59:31.000,1
8,curtis24,a04e7bcfedf48ef17a232de740a86e7ce6ef5715c1c901e507069bfbdf24e0f6,OWNER,sarahchung@example.com,1,2025-11-09 19:43:51.000,2026-04-12 10:47:20.000,2025-04-29 19:30:43.000,1
9,campbelldeborah,72f4e059fdbb40b4cd6eaaebbf5500e342a935b6f0814427374901ca37a5ae5f,ADMIN,millerangela@example.net,1,2025-11-09 19:43:51.000,2026-04-18 00:31:33.000,2025-10-26 14:18:52.000,1
10,kcampbell,0f22ad3ad3d0d0c418c35ef0f00578bd27a9d4729583d15f2f90a5ad2c3c92dd,MEMBER,jfrancis@example.org,1,2025-11-09 19:43:51.000,2026-04-26 00:00:31.000,2025-06-20 22:35:57.000,0
11,jennifer58,ee7b74ca43bcb543e1ea86d30b6c7029060de36d481334db46fb8db989a78bf1,MEMBER,heathernelson@example.com,1,2025-11-09 19:43:51.000,2026-05-04 08:45:47.000,2025-06-26 02:28:24.000,1
12,sarah06,295fed8dbbfceeba727da3ec9991e5d5fff28b0ba6b80595b33c70688a542370,MEMBER,donaldsonbreanna@example.com,1,2025-11-09 19:43:51.000,2026-04-19 06:26:32.000,2025-11-16 05:29:47.000,1
13,chadcox,4a756965a697d9ac329f1dcf05017e869c935d458d70b3d9c6d2ab0b6687342c,MEMBER,madisondavis@example.com,1,2025-11-09 19:43:51.000,2026-04-26 13:45:48.000,2025-07-28 22:57:24.000,0
14,monicawalker,90a7bd8ce45c22afaab3a071ecc134fb66170487a90a3f58ed5e00cd48180a0e,MEMBER,pchapman@example.net,1,2025-11-09 19:43:51.000,2026-03-14 17:05:58.000,2025-08-24 23:16:30.000,0
15,lopezchristina,01d3a4cff2c1dff93c611a84b84a7ed7286d741dd0319a338b8692190e74069e,MEMBER,ostanley@example.net,1,2025-11-09 19:43:51.000,2026-04-13 09:11:16.000,2025-11-04 21:59:23.000,0
16,gallagherpamela,c632b02fea56e2810a6447c127fbf933d2f5003993c675017e3d872877d25ccf,OWNER,laura72@example.net,1,2025-11-09 19:43:51.000,2026-03-19 19:52:51.000,2025-08-24 03:42:56.000,1
17,olopez,1178937c59c667b355d215b7b8e48f93beb8f434139106471500966767401994,ADMIN,kimmendoza@example.net,1,2025-11-09 19:43:51.000,2026-04-23 09:26:26.000,2025-05-16 19:08:17.000,0
18,johnkemp,885f571c54dbdaa909934bc2d6d68b0eefc844aa7518c21a5593e873041226a0,MEMBER,tammy67@example.net,1,2025-11-09 19:43:51.000,2026-04-28 20:29:13.000,2025-04-11 23:00:41.000,0
19,morenoapril,fdc17c63494a0ecad7c8df8712062673094c880b9099e8906ac163cffbeccdd9,MEMBER,markbenitez@example.org,1,2025-11-09 19:43:51.000,2026-05-08 05:14:06.000,2025-05-18 19:56:00.000,1
20,melissaking,a602a79ef331271ede3e52f693b5062d727887b555e5e9cfa94d0d92816bfe0b,MEMBER,lisaclark@example.com,1,2025-11-09 19:43:51.000,2026-05-03 01:51:57.000,2025-08-02 07:22:18.000,1
21,ograham,c5d46b27b7c7d07362f8375dd3194ee621457e74a0b682e783b168a150b61bbf,MEMBER,mathewsrussell@example.com,1,2025-11-09 19:43:51.000,2026-04-20 15:18:29.000,2025-06-24 21:50:23.000,1
22,geraldgillespie,712f6466e5b5b805dbec6f38d2b96c2fd77a78644cd5fe914086cd99db8f8fa8,OWNER,joanne43@example.org,1,2025-11-09 19:43:51.000,2026-05-02 17:21:37.000,2025-10-21 22:11:28.000,0
23,halljohn,5bf007dc5b90f11ddf59fef6f40055da559d736477a1c9470e9361c7a4fededf,ADMIN,jameswashington@example.org,1,2025-11-09 19:43:51.000,2026-05-08 11:17:02.000,2025-04-19 04:52:13.000,1
24,kreed,a8916d7ae99be0dae6f34b061170d85ab79c3670a1ec18fe8e2ca91bb00b1021,MEMBER,psimmons@example.net,1,2025-11-09 19:43:51.000,2026-05-05 19:36:51.000,2026-02-07 10:49:57.000,1
25,olivia24,eba22fa6f1a531b6237b2b97e6738beeca264ad0e362d950a925ff80971e9495,MEMBER,operez@example.org,1,2025-11-09 19:43:51.000,2026-04-23 06:20:06.000,2025-08-29 22:57:44.000,1
26,johnporter,325acbd94d4cf5b3d5b3838db86db0009ea4cdca3cca22443ef1dabe3451d80b,MEMBER,iconley@example.org,1,2025-11-09 19:43:51.000,2026-04-20 19:53:40.000,2025-12-09 04:37:36.000,0
27,melindagarcia,62ba9656b76d1b840842cfc8aa8a4f4482f6558e4879ad3bdc8107cd7a1b07d5,MEMBER,nsullivan@example.com,1,2025-11-09 19:43:51.000,2026-03-18 22:58:48.000,2025-04-06 11:14:46.000,1
28,markcoleman,b1f13f5847c2acc70ce33b585128a0fd668db58347692ea601500932922a5cb9,MEMBER,kristenbrown@example.net,1,2025-11-09 19:43:51.000,2026-04-19 06:09:25.000,2025-09-05 00:30:44.000,1
29,howardjohn,8dee65767a98dfa62a0c8aaf59370935018f1df2d4d7beec88a7f28cb5d9884c,MEMBER,ucurtis@example.com,1,2025-11-09 19:43:51.000,2026-04-05 03:17:46.000,2025-09-23 18:27:18.000,1
30,ucampbell,9a6d9a2404a76dd22c16b1cc524b0e8f887648836e4c35153e662dd24c8048dd,MEMBER,wcampbell@example.org,1,2025-11-09 19:43:51.000,2026-05-05 12:11:49.000,2025-05-06 18:25:24.000,1
31,brandon40,90966ff4612f1549c0830904d842056c134a16d73efea2cb752ddf1feab62cc6,MEMBER,ulucero@example.org,1,2025-11-09 19:43:51.000,2026-04-08 10:04:24.000,2025-04-20 05:45:37.000,1
32,donald56,c825961a9cafde8b4c800f288c9aaa9d7b31b1eafecf5af39a60638a7b75b978,MEMBER,charles98@example.org,1,2025-11-09 19:43:51.000,2026-03-26 22:30:04.000,2025-08-12 09:43:25.000,0
33,simonamy,cb901359807875cd95ecf044a4b6247a1b39dc99aef762c1738007d39ddf76c4,MEMBER,cody95@example.net,1,2025-11-09 19:43:51.000,2026-05-06 00:47:26.000,2025-04-18 01:54:56.000,0
34,megan96,ade34c3368f3c7a62b881c3415d3b825eca3f174b70dbab1a24ca158e3758041,OWNER,acevedobrandon@example.org,1,2025-11-09 19:43:51.000,2026-05-01 14:19:53.000,2025-07-19 16:58:07.000,1
35,robert70,a84d3ca68e08f9f72528bc9f119c6bb2487d3cf0c724524bfea2ff313ac3d9ee,ADMIN,joseph55@example.org,1,2025-11-09 19:43:51.000,2026-03-26 21:49:47.000,2025-05-14 03:06:27.000,1
36,robert37,b933c10184caa16cd79336237624487f67df337aaa2b87a42247f07dc7c8dd91,MEMBER,josephanderson@example.net,1,2025-11-09 19:43:51.000,2026-04-08 00:29:10.000,2025-06-18 20:34:44.000,0
37,guerraashley,66487e75bbe25696a89bf92e9a0ef481f2ca5ad9a9d77e9dd98c0dd69d1aacc7,MEMBER,raymondmcgee@example.net,1,2025-11-09 19:43:51.000,2026-03-27 03:08:25.000,2026-02-09 20:06:22.000,0
38,laura81,b576010ff6199351357334cc6b741642683ea7775c086a69d622bffe84e38ca8,OWNER,kennedyrachel@example.org,1,2025-11-09 19:43:51.000,2026-03-15 13:56:10.000,2025-10-08 13:23:04.000,0
39,leahhernandez,03a4870c5a17a5ff82563febaabc58c3bd09fee20132b9c8953029b95adc50c1,ADMIN,veronica63@example.org,1,2025-11-09 19:43:51.000,2026-03-11 11:06:54.000,2026-02-04 16:28:04.000,0
40,hillkyle,2156953006cc790d83e40872c475292ab599e79cdfb41299a95e8549a0325094,MEMBER,michael68@example.net,1,2025-11-09 19:43:51.000,2026-03-10 05:19:43.000,2026-01-11 20:58:03.000,0
41,garnercharles,6d8610e9eb6703a7573a6983d6f8226fd788df47640ce487031ff0ed499b6612,OWNER,emilybowman@example.com,1,2025-11-09 19:43:51.000,2026-05-05 07:55:53.000,2025-10-15 00:26:18.000,1
42,elizabethkeith,d0855b456e63f9ed0344559cc4f65ccefd487bf41debae4d55df3c613eb532c6,ADMIN,walterjuarez@example.org,1,2025-11-09 19:43:51.000,2026-04-10 01:49:05.000,2026-01-11 08:59:58.000,1
43,lawrence02,7109e6941e0a4d86d41cd6ab29cafc69851afc5b777339cd8d98acb8fe55fcfc,MEMBER,marybrooks@example.net,1,2025-11-09 19:43:51.000,2026-05-03 21:38:38.000,2025-12-03 08:20:17.000,0
44,ugrant,4e47c4035fe83372a094de9f50e9e39bb58721023ca93cc6e74fb1d73d9110d2,MEMBER,watkinsmary@example.com,1,2025-11-09 19:43:51.000,2026-04-05 11:40:27.000,2025-08-28 19:01:15.000,1
45,epena,42acbc0e37ad2cb08b5fa663fed685920c2900bb15512d4451b61ae4d5a0a9aa,MEMBER,daniel54@example.net,1,2025-11-09 19:43:51.000,2026-03-15 00:48:53.000,2025-05-20 08:09:57.000,1
46,sheila70,608a33b8b1f1ea5991f121c3d45c96c8da3314311a3cc354d6d8ba7d4b7fa86c,OWNER,tyronemills@example.org,1,2025-11-09 19:43:51.000,2026-04-27 00:58:26.000,2025-12-12 21:02:08.000,0
47,sueburgess,ef60ae2c1fb5871c88f4d028c3cdcc6c0fcd64533b2a8b296f41b126488007dc,ADMIN,matthewnixon@example.com,1,2025-11-09 19:43:51.000,2026-04-22 11:07:53.000,2025-07-24 00:59:42.000,1
48,lsmith,c1b584cf5d0a1691209cb88cc1eec3db3aeb24aaa9c0d9c057899315a2e416a6,MEMBER,david18@example.com,1,2025-11-09 19:43:51.000,2026-03-26 09:19:35.000,2025-11-04 05:37:20.000,0
49,tammy94,67109a75b817ad40d73a7c28484d528d910f6339a8f0f56887d14fcb0ff39af8,MEMBER,mcbridenicole@example.org,1,2025-11-09 19:43:51.000,2026-04-21 05:32:13.000,2025-07-19 20:34:47.000,0
50,colejennifer,3c698f81907d1fd65693484ff849ebc8b7a621ef84cc374212e849e717ebca4a,MEMBER,lisa65@example.com,1,2025-11-09 19:43:51.000,2026-04-04 19:47:40.000,2026-02-14 19:51:13.000,1
51,ychen,61a9d687144a815c4b3921485342bc82aba94b13b3a5bd6efa147a231994946a,OWNER,erin75@example.net,1,2025-11-09 19:43:51.000,2026-04-16 11:01:16.000,2025-06-26 10:23:12.000,1
52,george01,a89b74c49fcfaf3a74300073c34792b25f6af39a1a55378212e05b3b84266989,ADMIN,miranda66@example.net,1,2025-11-09 19:43:51.000,2026-05-01 03:34:34.000,2025-06-17 16:38:26.000,0
53,randy97,2d693d1395141e0951a7fa101b36bb4f7109dafaab946b9c50bbe347e5dae559,MEMBER,robertheath@example.net,1,2025-11-09 19:43:51.000,2026-03-25 17:44:34.000,2025-05-25 07:25:30.000,0
54,mcdanieljorge,5872f8220406bccb0a861a4ea85b96f6a487e1e38108354f3ee8ec1313550f15,MEMBER,williamsjasmine@example.com,1,2025-11-09 19:43:51.000,2026-04-22 20:03:29.000,2025-07-08 21:44:39.000,0
55,christopher80,2aedf0a5784dada5fc57e27c41af40244328953961c1d27d45bbc39dad5bcb76,OWNER,marcus35@example.com,1,2025-11-09 19:43:51.000,2026-04-30 06:02:12.000,2025-12-14 15:12:36.000,0
56,eduardosandoval,c7b45c9e638bbd30a6606d21f258c4a852c29cab392c86cc27b0696b1d1f298f,ADMIN,dvalenzuela@example.org,1,2025-11-09 19:43:51.000,2026-04-04 21:08:59.000,2025-09-17 15:46:14.000,0
57,jonathanallen,c96da3af2affa2c1a0984b16d9ed2c6418b65c9782c2100ab2896a7bd2ecd01e,MEMBER,austin32@example.com,1,2025-11-09 19:43:51.000,2026-04-21 10:07:01.000,2025-04-17 00:26:33.000,1
58,hcontreras,9df9c90bdfb448567e0a24629f91fccb100f075e33aeac61a635faa3a4080cc9,MEMBER,colemiles@example.com,1,2025-11-09 19:43:51.000,2026-04-15 14:59:43.000,2025-11-04 08:54:22.000,0
59,wandahopkins,526c94194506e1e201657c4d122153fbd14e7a8a4cf01aad94c2a60caca64cf4,MEMBER,chelsey77@example.net,1,2025-11-09 19:43:51.000,2026-04-17 02:02:23.000,2025-09-15 11:04:21.000,0
60,ywood,420b441d23d6e43eca23b35fff44f026edc4a5749eed69775759466eb538f263,OWNER,jasonthompson@example.org,1,2025-11-09 19:43:51.000,2026-04-18 21:36:57.000,2025-09-17 11:56:31.000,1
61,olopez,39c4550080bd6af24665fc9a5be5816966866356a78f61949b7201434f0862ba,ADMIN,cortezchristina@example.org,1,2025-11-09 19:43:51.000,2026-04-14 16:37:24.000,2025-10-05 13:59:00.000,1
62,jfowler,14fdb4e78d3677d53230decf705f63eb44f85569691f7e606bba66d556062486,MEMBER,jason39@example.org,1,2025-11-09 19:43:51.000,2026-03-15 14:44:19.000,2025-05-12 00:38:56.000,1
63,kmiller,e2d952854071431b14ef5900cdd321e95e1a3883bd9bf3098a88773f445b9730,MEMBER,stephenmorrison@example.net,1,2025-11-09 19:43:51.000,2026-04-03 23:56:46.000,2025-09-02 20:39:42.000,0
64,michellerodriguez,9ef814259a9803e1f9323ba254ee716e1788298cb9b2d51bbd65132b55dd948f,OWNER,sarah21@example.net,1,2025-11-09 19:43:51.000,2026-03-20 09:27:03.000,2026-02-22 23:15:56.000,0
65,margaret64,f073ad6cb3e039c1d0658961c889d8e7b1425db3d8aae648e5c97d8ddd1f3b23,ADMIN,shannonmartinez@example.net,1,2025-11-09 19:43:51.000,2026-03-30 16:14:38.000,2025-08-17 04:08:22.000,0
66,zmcgee,45c5ba8eeecc74f9d0fc5103bf2e913f65c5645d8f7b1bec096be75b80294944,MEMBER,atkinsryan@example.net,1,2025-11-09 19:43:51.000,2026-04-25 05:49:57.000,2025-09-15 07:02:20.000,1
67,ronald34,8fad3d472fb8bc524f024d454fd4276e7132a9b56727e15185fe07e941256f69,MEMBER,kirkcesar@example.org,1,2025-11-09 19:43:51.000,2026-04-14 21:15:19.000,2025-11-23 11:27:42.000,0
68,lowejohn,7b33bee42fe065b505717e0bdf946213dafe02cc3eb0666766cee9eddc389f14,MEMBER,lunajanice@example.org,1,2025-11-09 19:43:51.000,2026-03-27 06:40:13.000,2025-09-23 08:49:41.000,1
69,obrienjennifer,5dfcf51b821c63b1dc5a3d2b42fa4100583eebc67d2119e7d9e64b925c0f3c3c,OWNER,omann@example.org,1,2025-11-09 19:43:51.000,2026-04-19 07:42:54.000,2025-08-21 15:21:36.000,1
70,martinkatherine,996f3778b5cdac5169dd24742507535b04bfc35bd032273034bec7995db39ac7,ADMIN,gwilliams@example.com,1,2025-11-09 19:43:51.000,2026-04-04 08:01:04.000,2025-07-01 11:02:16.000,0
71,davidsims,542ec5f3318f7650156a103580f3e6052c1c0cee45b796401c93f002d36a61c8,MEMBER,matthewjones@example.net,1,2025-11-09 19:43:51.000,2026-03-25 22:06:27.000,2025-12-07 09:44:08.000,1
72,davisholly,3730673c402f508b6b4fd85d8040c3c73932d2cebfc890f93b36b62dfb88f7e0,MEMBER,veronica91@example.org,1,2025-11-09 19:43:51.000,2026-04-16 23:57:15.000,2025-04-19 08:03:35.000,1
73,chrisschmidt,da995d482e6731cfb4ff03c364dbe5c0111b84a39eeb93a921aa1d51679ad8f8,MEMBER,youngjennifer@example.net,1,2025-11-09 19:43:51.000,2026-04-03 09:51:34.000,2025-10-15 11:22:38.000,0
74,ljohnson,19171397af95f91d2e8d682298481a2f6f558bfed8afb683c1dade4608e62538,MEMBER,patrick39@example.org,1,2025-11-09 19:43:51.000,2026-04-10 23:35:23.000,2025-12-24 20:52:30.000,0
75,joanna98,096b501dac416eeb6e946087d416d4415856c6ed25ef3aaa0e475b38187e0bb8,OWNER,timothymatthews@example.net,1,2025-11-09 19:43:51.000,2026-04-15 02:52:30.000,2025-04-10 14:16:38.000,0
76,victorjones,66c9a76759dd3e121ab401612f149f1efb98072abde44d0d79158fc7199131bd,ADMIN,terri81@example.net,1,2025-11-09 19:43:51.000,2026-04-26 23:12:19.000,2025-05-04 12:11:34.000,1
77,williamsanita,27a4d848639422bcb7712bc5b47e923f8395656f08d65dd58e150b076e27bec8,MEMBER,sperry@example.org,1,2025-11-09 19:43:51.000,2026-05-03 13:20:24.000,2025-12-20 13:09:43.000,0
78,brian69,2f1bc8b0d40e6eb8257d894afcc241376c7cd6f0d18314614399a5919a9ddc25,MEMBER,jensenrenee@example.com,1,2025-11-09 19:43:51.000,2026-04-18 02:49:56.000,2025-09-27 03:54:24.000,1
79,thorntongregory,747b3d72da482417d75d987abe09396131eea3e147f2bc69ae584f1c3d4c7af2,MEMBER,rgonzalez@example.net,1,2025-11-09 19:43:51.000,2026-04-10 22:48:41.000,2026-03-04 19:06:14.000,1
80,kchen,35095ba4a7505dd17dbd410877f3546b3270d05b67dc95b2ef2c930487e0db3a,MEMBER,sball@example.org,1,2025-11-09 19:43:51.000,2026-04-30 09:43:54.000,2025-06-20 19:06:00.000,0
81,wcollins,2c8d247d6bd7422d626e7d361fb3dc9e6b0cfd7e98f196e1dc3b6e25704daa07,MEMBER,elizabethross@example.org,1,2025-11-09 19:43:51.000,2026-05-03 11:04:20.000,2025-07-25 12:47:17.000,0
82,terriprice,21016f8f6614c3d5b882eff5af4d4a4f7cd41068f9b71c9fff6f9c4b0f87b463,OWNER,randerson@example.net,1,2025-11-09 19:43:51.000,2026-03-11 23:40:43.000,2025-04-10 15:09:44.000,0
83,omendez,7714fc5b34625286a3188efa7434ce790e223cd2a3fb2089f3250c5b036dd891,ADMIN,evanskristina@example.org,1,2025-11-09 19:43:51.000,2026-04-08 21:53:23.000,2025-12-28 21:05:36.000,0
84,andersonallison,239d699ab853e078f1b34402c4123ae2f3117a2ff0fc051c9a90f32171d943f3,MEMBER,john73@example.net,1,2025-11-09 19:43:51.000,2026-03-19 05:43:56.000,2025-07-15 07:41:49.000,0
85,hendersonsarah,14e0513d7109b3d8a33683949d961ff489743e641312afebfba7c0ef30cd80b7,MEMBER,catherine69@example.org,1,2025-11-09 19:43:51.000,2026-04-16 17:10:14.000,2025-11-23 18:22:56.000,0
86,melinda28,23e16631b83fdc934babb11b0c0c3fce92bad1fc497ed086951b552545e0b6f1,MEMBER,zachary49@example.org,1,2025-11-09 19:43:51.000,2026-03-26 04:04:14.000,2025-05-15 20:39:22.000,1
87,ryangarcia,e007fb0425210ee927e9daa2601ab2e87cde696d1bc870423437acd1abb2df6a,OWNER,omoore@example.com,1,2025-11-09 19:43:51.000,2026-04-27 22:04:37.000,2026-01-26 20:57:48.000,0
88,zmurphy,f14b585151c0166f5cbff2a4422deb6ed519d59f041962a54f645faf4b91dc48,ADMIN,george97@example.net,1,2025-11-09 19:43:51.000,2026-03-14 09:55:47.000,2025-09-22 08:31:47.000,1
89,lbuckley,3b0f47f346a439ba37c68e81268a33c0626e6a7375d9da52ef21b7ce0239da21,MEMBER,john47@example.org,1,2025-11-09 19:43:51.000,2026-03-11 00:45:10.000,2025-12-12 07:46:15.000,0
90,rogersfranklin,dfe0ed81967cf9fd564288a7f8eeadbfaa4e0c233dc3032d85dd250ecbdeffce,MEMBER,paul46@example.net,1,2025-11-09 19:43:51.000,2026-03-15 13:19:56.000,2025-10-20 19:24:30.000,1
91,richardsonricardo,c4580e47160956b404f7b861c2f829c961254367aa2b5d0239c2202a5236947a,MEMBER,carpenterdon@example.net,1,2025-11-09 19:43:51.000,2026-03-21 11:29:59.000,2025-10-26 18:10:27.000,1
92,robert06,6d8f016c1c96caef984d7489488cf54aef5e21f6fe7ce6ffa190aecead462925,OWNER,tweaver@example.com,1,2025-11-09 19:43:51.000,2026-04-23 10:20:48.000,2025-07-15 13:18:26.000,1
93,lancejohnson,9c6edaff57152f00fe33310d9d27c3324a6b0e4ed2569f3176ba7dab2736242e,ADMIN,harrisyvonne@example.org,1,2025-11-09 19:43:51.000,2026-03-21 23:34:15.000,2025-07-02 16:10:25.000,1
94,catherine77,a4c972bcec7f329e0f24c479f08e11bceb1cd4ce210c506fcdfcf9709d8ad91f,MEMBER,saraaustin@example.net,1,2025-11-09 19:43:51.000,2026-04-01 10:00:25.000,2025-08-27 20:43:58.000,0
95,cevans,838e946816ca00cdea3d9f6f644f358432e8a42af3ace3c8526ee5276e3200b2,MEMBER,paul99@example.org,1,2025-11-09 19:43:51.000,2026-05-06 20:02:49.000,2025-10-11 13:27:37.000,1
96,martinezvictor,6bcf777bb0b99d8cf5cc6ffb9b6fb30e25981f50f175d1973a36c8206e0440ac,MEMBER,brittany38@example.com,1,2025-11-09 19:43:51.000,2026-03-26 21:17:59.000,2025-11-28 19:13:38.000,0
97,bchavez,cd755862e5085525a15f55ccbbc618285ac08cae0ece2323ae1cc09e34b01593,MEMBER,cunninghamsherry@example.org,1,2025-11-09 19:43:51.000,2026-04-01 18:23:55.000,2026-03-07 11:52:01.000,1
98,jasonthomas,046d6163fa50accf74aac93cb07a715b66794b9c0f8eb523421e31c377157a9f,MEMBER,gregoryglenn@example.net,1,2025-11-09 19:43:51.000,2026-05-05 21:49:46.000,2025-12-19 03:21:57.000,0
99,velazquezjodi,e25c99c2c45e73735085a2e2b5c5574b576120e5fcfa7e64e0bcff4d1227756e,MEMBER,carloslynch@example.org,1,2025-11-09 19:43:51.000,2026-04-05 23:00:00.000,2025-10-17 07:13:39.000,0
100,candice24,5f9bacacbab86570db2fded2310087a38a8656a140ce042fb29e7a1d2b4203b3,MEMBER,obowen@example.com,1,2025-11-09 19:43:51.000,2026-04-02 15:54:46.000,2025-06-21 17:47:37.000,1
101,nicholsdawn,22fadd435e03369f05240879c77686ba553262e07ee68aacaa144491688410dc,MEMBER,phernandez@example.net,1,2025-11-09 19:43:51.000,2026-04-07 10:19:55.000,2025-05-10 20:45:00.000,1
102,bryantkevin,bc6f05e3401fef6aae11442c8b5b51af593c6241e3e6fa78463d15de716a2025,OWNER,robert61@example.com,1,2025-11-09 19:43:51.000,2026-04-16 14:48:24.000,2025-05-02 06:11:19.000,0
103,druiz,abce0dda2c82f7fadb8b0d6b7fa3305d59bf04e8f9ef8f92d6c2b17cbe7d88f7,ADMIN,uwoods@example.com,1,2025-11-09 19:43:51.000,2026-03-22 06:47:33.000,2026-02-18 03:12:43.000,0
104,makaylataylor,6bd89dacd35188a1422b0d7c50f30b038dc1b9e54545a642d6423c36b9dab2b7,MEMBER,christopherbryant@example.net,1,2025-11-09 19:43:51.000,2026-03-14 20:31:50.000,2025-08-18 21:48:09.000,1
105,evelez,5508addd4f5c8d15ae523186d5fd5664b754e4752f991743dbcbaa8d0dc3535d,MEMBER,rodriguezshannon@example.net,1,2025-11-09 19:43:51.000,2026-04-10 05:26:06.000,2026-01-14 07:16:29.000,0
106,heidi69,3bafe64d310904e0edc9a8b174c4f634e7a7aad0713a5b2f25b743726ee83422,OWNER,frederick33@example.com,1,2025-11-09 19:43:51.000,2026-04-03 12:48:26.000,2025-12-11 14:18:06.000,0
107,vtorres,c1e594c8fba2e4098bfd9c88b573e00e23b7d907be2fc721f2b15500c245edea,ADMIN,lallen@example.net,1,2025-11-09 19:43:51.000,2026-03-12 00:18:17.000,2025-11-24 01:57:04.000,1
108,omendez,88f740f581c14cbb71b8cb16c08f2d9a34472c048c9abb3aa7aefb0f1b99a088,MEMBER,christy73@example.com,1,2025-11-09 19:43:51.000,2026-05-01 02:35:13.000,2025-07-03 23:47:35.000,0
109,allenchristina,1ddcb20a373baf0eeb5b9ea00c2d04cb4bcf84fb174bdbaac063429734f66e61,MEMBER,anthony16@example.net,1,2025-11-09 19:43:51.000,2026-04-24 02:59:07.000,2025-12-30 00:26:54.000,1
110,josephcrawford,489cd8e82e6c36e73e6f30e181890f75f6560325d876477c2d9cfa5e3f59d1a6,MEMBER,lindsayburgess@example.com,1,2025-11-09 19:43:51.000,2026-03-28 14:28:27.000,2025-11-11 12:07:16.000,1
111,zcoleman,8d7f7870bee00654bbe0a83de4039115d2ccc75d9410cce276c3c5719d4c4b99,MEMBER,lewiscurtis@example.com,1,2025-11-09 19:43:51.000,2026-04-06 12:06:23.000,2025-09-15 00:58:51.000,0
112,anthony10,fea95c20e8cc20f7b97e1fb668ff613874cf7bb0dfce5f89b6059907bc77228e,MEMBER,thomascharles@example.com,1,2025-11-09 19:43:51.000,2026-05-04 02:18:09.000,2025-08-26 13:27:33.000,0
113,michael57,b7c1e41d3796c09b95da5c8bf859f6f191e3724f03bc1638d963f988a8bab000,OWNER,harrisrichard@example.com,1,2025-11-09 19:43:51.000,2026-03-10 15:21:00.000,2025-09-27 14:25:59.000,0
114,lucerodiana,170dde13482f5d959c562665690f3ac258811d2915ef9cd3341524734fb02bd3,ADMIN,lisa57@example.net,1,2025-11-09 19:43:51.000,2026-03-19 19:03:16.000,2025-08-30 14:33:25.000,0
115,brenda80,7c53d2ad8b55abd00ad1fbca3ae7db5f653a891e4dbfd46a40722b909ea6d2b0,MEMBER,johnsonjames@example.net,1,2025-11-09 19:43:51.000,2026-03-12 03:58:48.000,2025-08-26 01:03:28.000,0
116,mcbriderebecca,8810e1dca56fc40759eac0c62ca707436ad6103ed933e764702d1af717a6647b,MEMBER,teresarobinson@example.net,1,2025-11-09 19:43:51.000,2026-04-16 09:24:30.000,2025-09-29 04:22:40.000,0
117,andrea36,6e1abc8fd424ec2c6b326200726ea7e89220829172a9826927ed4d45cba39307,OWNER,zjackson@example.org,1,2025-11-09 19:43:51.000,2026-03-10 09:03:47.000,2025-05-13 19:12:37.000,1
118,johncole,537cb4721cc374ca06f40cd885370718db6a10bef80a3ff3b4df23202bc58818,ADMIN,cherylwillis@example.org,1,2025-11-09 19:43:51.000,2026-04-22 00:26:55.000,2026-01-28 02:22:35.000,1
119,dawsonstephanie,fdab3f06c488ad17b38d409516a6e6ea709fdba479d2413106e4a962c3963888,MEMBER,patriciahammond@example.org,1,2025-11-09 19:43:51.000,2026-04-10 04:06:08.000,2025-10-29 22:57:03.000,1
120,mercermartin,8ea29a8f5460fb46c685ba06883fae62bf3f9bd96bd6ebf25f3d45a3546a02ed,MEMBER,mrobinson@example.org,1,2025-11-09 19:43:51.000,2026-04-12 15:37:04.000,2025-05-30 05:50:51.000,1
121,kevin79,d048cba4e8ad9299992384c6282769e345f6d42bd9ebb54c845afa25c13eed16,MEMBER,kburton@example.com,1,2025-11-09 19:43:51.000,2026-04-10 05:12:45.000,2025-06-12 08:08:22.000,1
122,icabrera,89d7ae344bf0df40afedefed58687be5c2d6487c710d8fc8098b9cd43f1a8bba,OWNER,pjohnson@example.org,1,2025-11-09 19:43:51.000,2026-04-06 14:16:41.000,2026-02-16 03:08:35.000,0
123,ronaldlopez,ff74871e219b1fca5991411d4b14fc2e6b641d9168364aab507e1702a3379ab7,ADMIN,andersonmaria@example.org,1,2025-11-09 19:43:51.000,2026-03-19 16:14:02.000,2025-12-02 22:47:43.000,1
124,dhart,144a2d6a3d2681aeba8203ba5779f748ea459ef00b619a65c991842121344d7b,MEMBER,williammoore@example.org,1,2025-11-09 19:43:51.000,2026-03-10 09:52:24.000,2025-08-23 08:45:46.000,0
125,iabbott,2b880582e1af3c13295b979ad034025408588405e517003fbcec035357ca81d8,MEMBER,curtislopez@example.org,1,2025-11-09 19:43:51.000,2026-04-07 01:14:29.000,2026-03-07 13:08:35.000,0
126,ubender,ac5cfc44dfb8cace176eb89e369b1ac82c5014c897b165130e0d498de6c0a223,MEMBER,lopeznicholas@example.com,1,2025-11-09 19:43:51.000,2026-03-28 12:46:52.000,2025-06-06 15:09:15.000,0
127,benjaminhardin,1bd20c852559352fbcb61138b16efab328c46f9c3df5c73fd9ac894e912bf014,MEMBER,joseph72@example.org,1,2025-11-09 19:43:51.000,2026-04-11 02:03:51.000,2025-07-25 08:58:39.000,0
128,clifford99,cc7e097e7c9f3b2d64f55760ebc4646fb32c6ac4a3d15dd5121e3969eb3d48c5,OWNER,danderson@example.net,1,2025-11-09 19:43:51.000,2026-03-19 05:01:23.000,2025-07-31 23:25:32.000,0
129,fisherrachel,24efea3c3a53429a08ac578d3b6fff7168b8b64f594ad9b1f885f3255ab46a20,ADMIN,bradshawanthony@example.org,1,2025-11-09 19:43:51.000,2026-03-30 12:28:10.000,2025-04-08 15:01:39.000,0
130,ellen21,0a6a2593d36b06fff6330ad722827d4e6679e6eb7b6514b13fdb8464178d023c,MEMBER,tony67@example.net,1,2025-11-09 19:43:51.000,2026-03-26 07:07:37.000,2026-01-07 21:05:13.000,1
131,dakotajames,39d4eee27ddaf354207aaa09c58e626f35b355d136126b1c329f1fd1b46db897,MEMBER,ballardashley@example.net,1,2025-11-09 19:43:51.000,2026-04-13 21:21:55.000,2025-07-16 18:39:12.000,1
132,lukemoore,a81ff8c54901029ae509de66fcfb18f601c25eec1f761c2a6d25015769af81fa,MEMBER,joshuamccann@example.com,1,2025-11-09 19:43:51.000,2026-05-04 21:08:03.000,2025-10-11 14:24:25.000,0
133,jose02,821671d5d42d79a1dc73c060e218f628c93acad62f8b424ef59b90f39fb242ed,MEMBER,cunninghamjessica@example.com,1,2025-11-09 19:43:51.000,2026-03-14 11:17:47.000,2025-05-25 15:29:34.000,0
134,marilynjohnson,83958ee74f302ae7635e2e048391e28191d22051b2c83d60e01385c8ec991783,MEMBER,wilkinsonkelly@example.com,1,2025-11-09 19:43:51.000,2026-03-26 14:54:36.000,2025-07-02 05:18:06.000,0
135,gabriellemanning,274e962ebebb049a6e6f5e538bc376c1eef041f61fc66f039268a9b4ea5113af,MEMBER,frankbailey@example.org,1,2025-11-09 19:43:51.000,2026-03-17 10:11:05.000,2025-09-28 09:50:38.000,1
136,scottjeffrey,f0a50c2beea9d8d0e971dd9cee7d14312158efc2a9898f0ff030841469d397e3,MEMBER,bryan51@example.com,1,2025-11-09 19:43:51.000,2026-03-29 15:09:41.000,2025-12-22 07:04:36.000,1
137,dhorn,d245902ed38f84c61a79fb26a3613e21aba8cfac4f9ca1f2bb75ee1fa39a89c7,MEMBER,chelseamendez@example.org,1,2025-11-09 19:43:51.000,2026-05-06 19:43:10.000,2025-12-10 11:49:03.000,1
138,todd84,a4219a2499994f01ba5d11e662dd3af7384b43ec5afc59e24f394d34332e7502,OWNER,george51@example.org,1,2025-11-09 19:43:51.000,2026-04-25 19:46:34.000,2026-03-06 02:40:57.000,0
139,jessicawhitehead,f911f9b8b32d67c1267b64ecdfbb15f7596a1384f22b53dbfa0e179b14a2cbc3,ADMIN,angelasmith@example.org,1,2025-11-09 19:43:51.000,2026-05-04 14:16:43.000,2025-10-29 21:30:29.000,0
140,ivanwatts,9127e400641a4f4cfce876b53f95bbcf734e9bcafeb6836d38978672b9f2249f,MEMBER,pevans@example.com,1,2025-11-09 19:43:51.000,2026-03-19 17:04:09.000,2026-01-26 04:34:54.000,1
141,jenkinslarry,93c14ef7d267c34223d271a4d315181fcce9c41d3b22e1869b4c003ac6c7c442,OWNER,leonard35@example.net,1,2025-11-09 19:43:51.000,2026-04-09 12:35:11.000,2025-08-31 07:35:35.000,1
142,richardpierce,e861c767a010c726fbbc3668b6c2622582bb2f60a5cfb9b95bdac73e5839f470,ADMIN,hesterchristina@example.com,1,2025-11-09 19:43:51.000,2026-03-29 10:44:22.000,2025-09-20 22:47:30.000,0
143,karenmills,87812a6f799089aedae53bdbeccb2ea0454aa4fdcb7a332adca21713dfca9938,MEMBER,kristenbrooks@example.org,1,2025-11-09 19:43:51.000,2026-03-24 06:26:37.000,2025-08-15 12:37:25.000,1
144,rebeccadodson,f6024557958b32c04091cab553544bb1409b2f899e177f5d6b609da63e8d3e71,MEMBER,millermichael@example.com,1,2025-11-09 19:43:51.000,2026-04-21 04:43:23.000,2025-08-02 12:27:45.000,1
145,johndavis,a07cdc8171ec6778246d177ee728af7761d3fd0ebe74c119ad38afc9b56b69b2,MEMBER,umartinez@example.org,1,2025-11-09 19:43:51.000,2026-04-10 15:55:04.000,2026-01-29 03:20:29.000,0
146,hartmanalexandria,6d7bd45b93427ccc4873066419ec6cdd4178dd12977f5de8a71315cd1a8ee0e0,MEMBER,emily81@example.org,1,2025-11-09 19:43:51.000,2026-05-06 03:26:58.000,2026-02-19 06:55:43.000,1
147,alexanderkaitlin,bfa6a351095ba3060ce6c55eeb3640a718fd85d9787d64f65eff4b15e3ddffce,MEMBER,reesegregory@example.org,1,2025-11-09 19:43:51.000,2026-04-21 12:04:17.000,2026-01-14 09:07:11.000,1
148,spencerrandall,bb6a854582f58ff5e6330317a281a87071722639743376917f735e76a78bdda2,OWNER,jacob45@example.org,1,2025-11-09 19:43:51.000,2026-03-17 00:52:34.000,2026-02-03 17:47:23.000,1
149,ggraham,76af650d51d1e697515455f6a001f41ce31672a7208a8337c2855d5b7da96cb8,ADMIN,douglas75@example.org,1,2025-11-09 19:43:51.000,2026-03-20 12:04:07.000,2026-01-23 07:25:13.000,1
150,alexanderwu,1f95b1fba965c878ca0d10ce441327bd8b2cc682f32bccf4c8e9a3f6f3e2e70d,MEMBER,virginia24@example.com,1,2025-11-09 19:43:51.000,2026-04-25 01:36:12.000,2025-07-30 11:01:19.000,1
151,fwarren,22b612c22d16b7e6d3d38cdeaa1a50c9bc4bcff8403fab24de259ac62ac95ea6,MEMBER,perezdana@example.org,1,2025-11-09 19:43:51.000,2026-03-22 15:34:26.000,2025-10-11 03:39:00.000,0
152,pamela18,0ec4f6df91a43dbbbe3ddd654ae90f58c895ad4be9d0d298e235bfbe6ca81051,MEMBER,jordan22@example.org,1,2025-11-09 19:43:51.000,2026-04-01 18:28:10.000,2025-06-03 16:24:59.000,0
153,gwood,df4ddfef44eef5e24c4e65a837509284181dc32d656b4db69fdbc3f1b54d3df3,MEMBER,whitestephen@example.org,1,2025-11-09 19:43:51.000,2026-03-21 13:44:05.000,2025-08-04 13:25:13.000,0
154,karacross,8403d64b8589b4eba86fe125fc7e897c951dff61f22b91009c264842902f4cef,MEMBER,tylerhaney@example.net,1,2025-11-09 19:43:51.000,2026-03-10 03:48:56.000,2025-07-18 08:31:08.000,0
155,david64,e81128de21228bbc07bffa9a1a48ea130d76fdcb4050e60de79cee4ad1642a41,MEMBER,grantlauren@example.org,1,2025-11-09 19:43:51.000,2026-05-03 11:37:46.000,2026-02-09 04:43:00.000,0
156,alison08,5cec273a191fcfe42c1f3af8afa4b0cb8d0b98a66fc3e84ba0cacae43d6767e6,MEMBER,melissacampbell@example.net,1,2025-11-09 19:43:51.000,2026-04-15 05:29:09.000,2025-04-15 05:19:15.000,1
157,michaelalexander,a2f16f6bc20de77a3327beb2876808828ab18a0e30464d814c895ec2cf448b89,MEMBER,carolbrooks@example.org,1,2025-11-09 19:43:51.000,2026-04-17 07:44:29.000,2025-08-17 05:48:35.000,1
158,kgonzalez,eedd898d5212d3b9efca1fe4fdd29f49d77f9fd849bc0548135e88b5f0ab114f,MEMBER,mackcasey@example.com,1,2025-11-09 19:43:51.000,2026-03-26 06:32:28.000,2025-04-23 06:42:11.000,0
159,maria97,33182766f6781b15988930bb20f3da1cf3bc6464d0a1a497bc3aa7ac92807c59,OWNER,leslie40@example.org,1,2025-11-09 19:43:51.000,2026-04-16 18:09:23.000,2025-09-17 12:34:58.000,1
160,francisco16,21e29cf7387c2e81767c2ca6e58b08eee5b590454597a856744623b57ed21777,ADMIN,justinchavez@example.org,1,2025-11-09 19:43:51.000,2026-04-23 19:38:19.000,2025-11-09 23:43:35.000,0
161,madisongibbs,25808463b1552fdfd2a4493abb345eba973d846613978129cf4f0441cbf17e67,MEMBER,cwillis@example.net,1,2025-11-09 19:43:51.000,2026-03-12 02:43:46.000,2025-04-13 15:02:26.000,0
162,sheenabishop,d51d899eac587c04f5c7f84e51925053b5964a6c879459639675ad93fa3cb8ef,MEMBER,rwade@example.net,1,2025-11-09 19:43:51.000,2026-04-21 03:51:06.000,2025-06-02 23:17:50.000,0
163,holmessherry,b45f83a5bcd4b5c8236d496f7e467c7faea0445fd9670d94a451eb57f23926a0,MEMBER,stantontammy@example.com,1,2025-11-09 19:43:51.000,2026-03-14 18:59:54.000,2026-01-12 09:41:47.000,0
164,andrewhood,74e7c37f3921a9a65facd85d4549787870daea7aff34a1a855b8780eaa24f9d7,OWNER,ganderson@example.net,1,2025-11-09 19:43:51.000,2026-04-21 10:58:54.000,2025-07-19 15:54:04.000,1
165,cochranjeffrey,9e7875a7721496e71f814a9f2ff356020bc8640dc69a0f37c0e89aac8588adc6,ADMIN,igriffith@example.net,1,2025-11-09 19:43:51.000,2026-05-07 19:49:54.000,2025-06-08 20:15:32.000,0
166,jonathan77,d13741b9fbc9bb649234d0810517bcbbd6ab2b459745511fbb7d2704e665fb2c,MEMBER,jimmymiller@example.org,1,2025-11-09 19:43:51.000,2026-03-29 18:46:06.000,2025-11-18 07:10:36.000,1
167,floreslaura,3586a693694a9ec49123b0a297c4543f8807004391d581245b919731ed76b2f5,OWNER,anna97@example.com,1,2025-11-09 19:43:51.000,2026-04-22 03:36:21.000,2025-08-06 08:23:04.000,0
168,ryan03,44325a5785194bd0bd081a9f85b605b889d77fb3a72261fa416b7895e33550ec,ADMIN,richard76@example.com,1,2025-11-09 19:43:51.000,2026-05-05 06:06:57.000,2025-08-18 21:37:23.000,0
169,gregoryramirez,d3bb74dd37f932b713ef5704da2aeb59988aabc23a2711309d3613b61f6c1c0d,MEMBER,carrgregory@example.org,1,2025-11-09 19:43:51.000,2026-03-13 17:15:57.000,2026-01-09 08:07:07.000,0
170,terrymorton,78821e70e19fe6313cd4588882561023091b4f0f53d304fe02e7187190b1cb2a,MEMBER,reginald98@example.net,1,2025-11-09 19:43:51.000,2026-04-22 13:25:44.000,2025-05-02 08:54:55.000,1
171,otorres,d3cb0abe1351c4c3e66c150f41d45ea3a9bdd3ab8c68baa9ce022875d63d024c,MEMBER,tamarachambers@example.com,1,2025-11-09 19:43:51.000,2026-03-12 11:49:22.000,2025-10-27 17:19:39.000,1
172,eugenegraves,c9d8d8cb5d129c2c88dc1ae916a0846081880ce10f55a248c22c9f23e488756a,MEMBER,cummingsmolly@example.org,1,2025-11-09 19:43:51.000,2026-03-20 04:48:18.000,2025-12-13 17:51:03.000,0
173,jennasoto,b10944d0b02e33290bf53404cf07cd3c14d4c4fea6afd63545fee9afdd2baa82,MEMBER,bcarter@example.org,1,2025-11-09 19:43:51.000,2026-03-28 11:48:28.000,2025-10-11 09:53:43.000,0
174,sophialewis,f7960dc26dfb319cdecbb1e72347a763d14ffa1b3b08ccc6cbe0c6f1b0d2e872,MEMBER,gwilliams@example.com,1,2025-11-09 19:43:51.000,2026-03-30 07:25:20.000,2025-10-14 00:01:29.000,0
175,rachel29,2602e493436bd159cc2c6e8b0b5b8366be2a338f9bd797941f5393678e0e6fa4,MEMBER,kevinchapman@example.org,1,2025-11-09 19:43:51.000,2026-04-12 19:02:36.000,2025-09-08 05:51:16.000,0
176,clinton98,cf2a6d075fa2cd50a4bc11cfd46a2beb1bff932e33b1dc912495393998fe9925,MEMBER,melindajohnson@example.com,1,2025-11-09 19:43:51.000,2026-05-03 21:40:00.000,2025-06-04 20:56:19.000,0
177,halldiana,71a22510e9cd39ba04d4c66c9f2a3416f4f5548c7329ab263dad10075c86c64a,OWNER,sharris@example.com,1,2025-11-09 19:43:51.000,2026-04-16 10:04:14.000,2025-04-10 15:48:25.000,0
178,zmcdowell,4977df7adfc5ecb384dbeeb7eec90e46d33d06ba877766f945014f617c12d55a,ADMIN,adiaz@example.com,1,2025-11-09 19:43:51.000,2026-04-26 03:30:42.000,2025-06-16 18:44:30.000,1
179,russelldana,970ac5ae2bd8e2a356cf4f74d1c3fdb756029a65372af03799ff8c42a275d763,MEMBER,vincentedwards@example.org,1,2025-11-09 19:43:51.000,2026-04-06 10:38:00.000,2026-01-27 01:40:11.000,0
180,tracywashington,729747a65d3ab8e8aa7a7a93d906c251ea6fdbff3e3aa1f272e7f8d739de2279,OWNER,xcook@example.net,1,2025-11-09 19:43:51.000,2026-04-24 04:07:47.000,2025-05-18 22:50:49.000,0
181,kevin70,424521f4abca269c45dc46782286a9079f72ec493b4f2f9861af876cc04a6774,ADMIN,samuel98@example.com,1,2025-11-09 19:43:51.000,2026-04-01 13:56:16.000,2025-07-10 10:16:32.000,1
182,hopkinssharon,afc956a192e41287626c3245e06d214d88058efb06d33cef87c0619f62b58330,MEMBER,anneschwartz@example.org,1,2025-11-09 19:43:51.000,2026-03-18 05:56:39.000,2025-07-20 02:32:43.000,0
183,bradyanthony,3ef62213e43963738d6dd6e2bcb6d9e9afb70e2b96fa8c97038c5404eed76fa3,MEMBER,kevinharris@example.org,1,2025-11-09 19:43:51.000,2026-04-28 22:31:38.000,2025-07-05 13:46:27.000,0
184,marco97,84450091a4f3280b433088f17e14b4117d241237dda15fd895a511edac8b7f21,MEMBER,kayla67@example.org,1,2025-11-09 19:43:51.000,2026-03-20 10:46:20.000,2025-07-13 02:22:43.000,1
185,joshua28,64ddbb5535073ea0c65b18043d82257418bad5bf7b0abdee6b4c649898f68452,OWNER,brownlisa@example.org,1,2025-11-09 19:43:51.000,2026-03-31 03:09:04.000,2025-08-05 10:48:52.000,1
186,lwilliams,36636cbf0127628e18904c3d9738ad64a7398714af9308d7415b78061b5a6aa2,ADMIN,jane24@example.com,1,2025-11-09 19:43:51.000,2026-04-28 14:12:39.000,2025-11-23 09:58:34.000,0
187,bcarey,13bf313eaeb6d01ae1c820b96dbc992c6ca267827ce0aa306a6302d1b99ff793,MEMBER,wilsonnatalie@example.net,1,2025-11-09 19:43:51.000,2026-03-12 00:37:25.000,2026-01-12 15:04:49.000,1
188,bryantedward,edf71c6a5339387c5a36406bc4d080ea4a53c7034a5e8c9e9d88df7de36abc01,MEMBER,yconley@example.com,1,2025-11-09 19:43:51.000,2026-03-19 03:56:41.000,2025-10-14 04:24:54.000,1
189,nicholas97,3ad38d6d4f1e10f2291131ce198747cbf5e7138fd8481dea25793bd360681716,MEMBER,hansonsuzanne@example.net,1,2025-11-09 19:43:51.000,2026-03-30 15:17:52.000,2026-01-04 12:44:34.000,1
190,tcoleman,99ba54abd07a13fb6cbca5eb775957fc939f520bce60f512093350256cda413c,MEMBER,elizabethgarcia@example.com,1,2025-11-09 19:43:51.000,2026-03-22 06:27:16.000,2025-11-27 16:54:21.000,1
191,danielle32,690b7214d92523897b97cceb3e15c3b8a82f915bc3b952c499b8870226cc6bd3,MEMBER,dannymiles@example.net,1,2025-11-09 19:43:51.000,2026-03-15 06:25:18.000,2025-12-22 18:44:53.000,1
192,harveycarlos,4f6543e2012bfafe299ed288240c3f01391437ecf2224e67c46b2a28b0a5edd0,MEMBER,andersonrachel@example.com,1,2025-11-09 19:43:51.000,2026-03-22 22:01:04.000,2025-07-01 12:14:00.000,0
193,brittany20,57ba712e7d0a5879b227f37d9e9b78139989c5311531e459992d4f4e70b7aaa8,MEMBER,alvarezscott@example.net,1,2025-11-09 19:43:51.000,2026-04-09 20:15:13.000,2025-11-04 09:37:06.000,1
194,nlynch,5bd6fe5130082ba3a357684ed9aeab172f1c50d3466c8e4ce89fc78284388529,OWNER,davidwatson@example.com,1,2025-11-09 19:43:51.000,2026-03-29 04:50:16.000,2025-10-12 12:05:21.000,0
195,mariehoward,d77ad05616c083c6d0a87ebf19067b19a25d59a113b26220464ffeb50761fe13,ADMIN,fcampbell@example.com,1,2025-11-09 19:43:51.000,2026-03-29 03:56:47.000,2025-05-09 09:22:21.000,1
196,taylorbryant,f3f5bda9e6ed42363eb1bbb423df940cfad7bc441b1049ad227d5811695cc2c8,MEMBER,donald87@example.org,1,2025-11-09 19:43:51.000,2026-04-30 23:33:53.000,2025-04-06 12:10:51.000,1
197,christine00,1acfbab759bfad1719acd26cf38ebcbababcda0a09e1de5611501414e8e48c2f,MEMBER,woodgwendolyn@example.net,1,2025-11-09 19:43:51.000,2026-04-07 08:26:42.000,2025-07-27 06:58:23.000,0
198,michaelswanson,ca50f39d92be7b70539ee60afaf466b17ba7db677084fb0283dfa1e183ca52b4,MEMBER,amy09@example.com,1,2025-11-09 19:43:51.000,2026-03-21 01:10:17.000,2025-08-03 13:02:52.000,0
199,martinezjoy,a853b33583a60f653b3754e57cbc3a5b6ac7f2d64b6d3ee0bd82a09080e79f86,MEMBER,paynejared@example.org,1,2025-11-09 19:43:51.000,2026-04-06 19:58:56.000,2025-06-06 02:48:08.000,0
200,michele68,5c8b44a6c1599f54cff3987b266a9a3cf7703d2bf978cea8405e2658784302f2,MEMBER,fwilliams@example.net,1,2025-11-09 19:43:51.000,2026-04-05 03:54:12.000,2025-10-30 11:17:14.000,1
201,debra00,1d7034e4e319211d676eb664005919bb529e18445b61c09c1bcf949f2704a8b1,OWNER,hollygarza@example.org,1,2025-11-09 19:43:51.000,2026-04-28 20:49:46.000,2025-06-28 16:44:27.000,1
202,davenportrachel,2fa3181c26c91290ab26dc189b94e1ba20057490b1df3b3c236120dad42e2775,ADMIN,ccrawford@example.com,1,2025-11-09 19:43:51.000,2026-04-14 21:05:14.000,2025-09-14 21:24:03.000,1
203,johnsonariel,05cae853ee4af36e7ccb932084f3f8692a536e0fa18d9605cd9cf44f538ad793,MEMBER,novakcynthia@example.net,1,2025-11-09 19:43:51.000,2026-03-27 19:58:49.000,2026-02-27 21:10:43.000,0
204,tiffany57,e9b845d7840bddc1c27f91945cf78a6c34ebc21e2b7198df2bcc9736b03f3dec,MEMBER,lisamedina@example.com,1,2025-11-09 19:43:51.000,2026-04-24 14:41:59.000,2026-02-04 02:47:36.000,0
205,hamiltoncorey,ffd29be3e6768988f8778ba1b7e4425b8e5040f14ca6efbffd46cb0c5fb475b8,MEMBER,hollowaymark@example.com,1,2025-11-09 19:43:51.000,2026-04-04 01:57:02.000,2025-12-23 00:09:43.000,1
206,davidyu,b955ba7806dda240ca66327c7bceb4854c9b82f1c713c62a9ce0e083395193b8,OWNER,richardsonkristin@example.com,1,2025-11-09 19:43:51.000,2026-04-09 13:18:18.000,2026-02-11 10:08:10.000,0
207,yolandamurray,65a2600ece4e1045e55cc155160db94471dc5576bfde7a62ed55d82535729a08,ADMIN,conniewhite@example.org,1,2025-11-09 19:43:51.000,2026-05-05 21:52:55.000,2025-10-13 22:30:54.000,0
208,kylekennedy,4033ecfc83831ae1a82fab2923a0dcd28f9e5b0b3b24b25acc1d39c1a3768dde,MEMBER,kcarter@example.net,1,2025-11-09 19:43:51.000,2026-03-17 14:46:25.000,2025-07-26 02:12:40.000,0
209,bartonamanda,114a9fe9fe8f19813504b87d71a8abd84c2db976e77de314da7f7c753900c8c2,MEMBER,zclark@example.org,1,2025-11-09 19:43:51.000,2026-05-07 00:59:56.000,2025-07-17 23:24:10.000,0
210,phull,30aa95968d3118286354828d84bcdea31486ece882d5f5682a2cff9247ccb54c,MEMBER,barbararoberts@example.org,1,2025-11-09 19:43:51.000,2026-04-26 21:52:33.000,2025-09-06 18:49:59.000,0
211,katiejohnson,9c2627d503cbbd17765bb294f1e822bf07a577faecad13352a53e2216397be7c,OWNER,thompsonrhonda@example.com,1,2025-11-09 19:43:51.000,2026-03-18 16:07:04.000,2026-01-29 00:38:29.000,1
212,xbrown,a87359bbd2e967788150fb280129d6e26fc64868f14b1bc2db6e7301d841a467,ADMIN,richardcarney@example.net,1,2025-11-09 19:43:51.000,2026-03-28 06:34:09.000,2025-06-05 14:00:54.000,0
213,kimberly76,370e4825072913bf9670819d360382a4e9c8bae3028550ebb2214d1399ff7d59,MEMBER,amandarose@example.org,1,2025-11-09 19:43:51.000,2026-04-05 00:21:40.000,2025-12-06 00:40:02.000,0
214,jessica91,a5ddea6a201d7de36952052f5f927bfc9ea40456a5869809fd0364c48d5a403c,MEMBER,diana39@example.net,1,2025-11-09 19:43:51.000,2026-04-19 21:43:06.000,2026-01-16 08:23:05.000,1
215,xjoseph,fa0e94eb4d503adfe8d7dda797636bb5e434a02dab78ccf4b5bc2c6168a90ee5,OWNER,james46@example.org,1,2025-11-09 19:43:51.000,2026-03-30 12:06:57.000,2025-09-10 21:27:52.000,1
216,christophermatthews,fd3733b84e2178f4ecbb1ebed4e1d7d6509a3d5ab871e3d44faa4f791c28beff,ADMIN,xhughes@example.net,1,2025-11-09 19:43:51.000,2026-04-20 17:58:25.000,2026-02-08 04:26:54.000,1
217,bryanmiller,649c424d3909aa94298d97bb2d65c824efc284574c2202a80f2d865743c491eb,MEMBER,erika44@example.net,1,2025-11-09 19:43:51.000,2026-04-28 16:52:13.000,2025-11-29 22:31:10.000,0
218,knightkristen,b208159c1c59c77d3609ad24e13df6af6168597e49b9fe15361e4074e6d90884,OWNER,eduardoclark@example.com,1,2025-11-09 19:43:51.000,2026-04-24 14:30:52.000,2025-05-19 05:18:18.000,1
219,mary03,ae52ff48fdd9cfe521043a0dedb733e6c65fe27f28666a950173c03b9f104f24,ADMIN,mullinsjesse@example.com,1,2025-11-09 19:43:51.000,2026-05-02 16:52:53.000,2026-01-07 13:13:33.000,1
220,floreselizabeth,680d8e828c46d71020e96422ed07633182f2e7dfe3d0d24e6aa8acf234f0d430,MEMBER,lucasdalton@example.net,1,2025-11-09 19:43:51.000,2026-04-14 15:19:22.000,2025-10-02 10:06:38.000,1
221,markwilliams,8f3276343b81d5ab7a3923b5d0335f5b3490b8c7e96b0a4ba498868c3676621e,MEMBER,ryancarr@example.net,1,2025-11-09 19:43:51.000,2026-04-08 02:53:46.000,2025-12-11 13:37:56.000,0
222,hrivas,6caaee754f88768cdc8c220bf6a53f5912896e6008ffe7e1ea072c1ee587ff64,MEMBER,jenniferwalker@example.net,1,2025-11-09 19:43:51.000,2026-03-23 02:58:13.000,2025-10-27 17:16:23.000,0
223,ylane,91c79bf4a6f6880f3ff116cb71d0d25d04e3ef871f90c30249707721944450bd,MEMBER,brianzimmerman@example.net,1,2025-11-09 19:43:51.000,2026-03-31 23:16:54.000,2025-07-28 08:54:52.000,0
224,brownpaul,59594c04cd6a4dcd1a29510d02b000b4010555ce8c230880e09d582433bb062d,MEMBER,hwatkins@example.org,1,2025-11-09 19:43:51.000,2026-04-15 10:56:48.000,2025-12-15 09:28:33.000,0
225,wsoto,a94965ce527519fc47eec1b095e161be254901787006152d80436e747453efd0,MEMBER,michael45@example.com,1,2025-11-09 19:43:51.000,2026-04-17 13:21:43.000,2025-05-20 18:27:46.000,0
226,brownmichael,a12ae0a0f9cb5ad646d6b0b03eb3c6c7f74e94be6b80ebe0dd6ac32d42ef0ae0,OWNER,daniellehensley@example.net,1,2025-11-09 19:43:51.000,2026-04-04 22:42:28.000,2025-07-28 06:45:28.000,0
227,evelynstein,acada21b99bce1cfad3e9e6cdf3135bb98c2bdd031c7128fac3d7c685b7d80b2,ADMIN,fcardenas@example.com,1,2025-11-09 19:43:51.000,2026-04-04 08:45:18.000,2025-07-09 17:02:17.000,1
228,ujackson,7f57e4fc8e340a8d95f2a46379bd8792572f941d2736a96d3931d41411dd005f,MEMBER,evelynsmith@example.com,1,2025-11-09 19:43:51.000,2026-04-19 08:07:26.000,2025-09-14 05:51:06.000,1
229,ljennings,54318fbd673bbc273b408cf0c5a310db19e5a2574cc006acc3023173f2d02907,OWNER,amy07@example.org,1,2025-11-09 19:43:51.000,2026-04-02 17:09:43.000,2025-09-26 17:17:42.000,0
230,murphyelizabeth,da180bd5077bccbd9536c4928831bd174a429b3f97bca64620538b255dd0e21c,ADMIN,tonyarmstrong@example.org,1,2025-11-09 19:43:51.000,2026-04-06 17:13:10.000,2025-05-01 22:04:37.000,0
231,ejohnson,b25a815ef5e94c8b64035e98073835e5827ac270a506bc18f676b27f4946fa67,MEMBER,nmiller@example.net,1,2025-11-09 19:43:51.000,2026-04-18 04:10:54.000,2025-08-19 08:14:06.000,0
232,alyssa89,33fed01f7be8061efc1cb57541fd1dbae7c4f0adcca0555d3dbfcdb41f1c6808,MEMBER,robertsanchez@example.org,1,2025-11-09 19:43:51.000,2026-03-19 11:24:12.000,2025-05-17 14:14:43.000,1
233,juliamatthews,c8b0ee8825fd757b70b57a239b71b74c42315c90abc4ccb2ca3d9e6f5682b5cb,OWNER,ryanfleming@example.com,1,2025-11-09 19:43:51.000,2026-04-07 23:46:17.000,2026-02-24 04:41:12.000,1
234,garciacarl,dd4bcf8f8504ca92ad5693c317768e11c0e03cd9c0e3881d031ed1a30fcc00a4,ADMIN,samanthahawkins@example.com,1,2025-11-09 19:43:51.000,2026-04-04 04:04:08.000,2025-04-22 08:32:34.000,1
235,ginamckay,477198af46caec3be2bab3e69ee1c11af98add4a24ab4646e795a04439b1bda4,MEMBER,janderson@example.org,1,2025-11-09 19:43:51.000,2026-03-25 08:11:07.000,2025-11-05 10:07:37.000,1
236,fday,4b6701361087e9e2c6feaafa95e67f8bf5e388a28e09c737fb18022006923129,MEMBER,dustin18@example.com,1,2025-11-09 19:43:51.000,2026-04-08 22:41:58.000,2025-12-25 08:43:10.000,1
237,riverachristopher,01fadbc6be15acbbafe1a69c8ce55933ddd0ebb0553d693153e0a4ef37c1f3ff,MEMBER,tina58@example.net,1,2025-11-09 19:43:51.000,2026-04-29 11:20:00.000,2026-02-28 05:22:33.000,0
238,matthew47,d64781961d9708be9a7b08b13edc3a4f736355e814fa3712438e70c70ad396c7,MEMBER,jaime49@example.net,1,2025-11-09 19:43:51.000,2026-04-25 22:50:35.000,2026-03-03 06:31:28.000,1
239,salazarbrenda,a114219577f9d1dafd4abbe5fce3d047677e35b0c04019804fc1bb7e9930d87e,MEMBER,jennifer96@example.org,1,2025-11-09 19:43:51.000,2026-05-01 00:59:00.000,2025-05-01 00:36:18.000,0
240,leah42,90993dd72e26e3d335725c07851831ac798450ec43dd1ee7346ddb6df5cf2956,OWNER,shepherdcarl@example.net,1,2025-11-09 19:43:51.000,2026-04-09 17:10:53.000,2025-10-29 18:12:54.000,1
241,nbarron,56feaafb17e100cdc9b690ff32671fdefb7aa24666df65d3d3ab5898f5872e89,ADMIN,jason20@example.net,1,2025-11-09 19:43:51.000,2026-04-04 21:58:10.000,2025-09-08 20:11:54.000,0
242,zmoreno,d8f5c11edc098f51e66a6407e575d258a8ca9d2fae80fb25fd73f2962f3b2175,MEMBER,laurenfloyd@example.org,1,2025-11-09 19:43:51.000,2026-03-17 02:45:53.000,2025-09-17 07:02:29.000,1
243,jamesharris,cd78c873eb5ede24a6f5c876a57da8e5c2d689d14ed758b0367124d9ca8bd79e,MEMBER,hallchristopher@example.com,1,2025-11-09 19:43:51.000,2026-03-12 19:50:12.000,2025-10-24 14:14:57.000,1
244,johnfreeman,108870b0d520624d6b7a3d7dee5c1ed10d7e9174940644c238cadf8a410062b9,MEMBER,morgan09@example.net,1,2025-11-09 19:43:51.000,2026-03-24 23:04:53.000,2025-07-27 13:25:07.000,1
245,wadealexis,690a5c0d2b582eb5aaac64d1fbef03cb0d629deee3a4106fadbbdc749698417f,MEMBER,hickmanjacqueline@example.net,1,2025-11-09 19:43:51.000,2026-04-24 19:58:17.000,2025-04-11 19:44:18.000,1
246,bernard43,8470532720ddebad91c748014845f8a17b58dcd369cc12ca912bd6f59e3dd643,OWNER,damon61@example.com,1,2025-11-09 19:43:51.000,2026-04-03 20:17:51.000,2025-09-02 17:22:31.000,1
247,moonchelsea,f95633062929b65d4575bf5a1bb32bd15885f741255943c016283f18e293fdd1,ADMIN,carlamartin@example.org,1,2025-11-09 19:43:51.000,2026-04-16 23:32:45.000,2025-10-23 09:17:12.000,1
248,paulshea,e644e8fd82f01cd092baf28fdd766aef3f33f7efe85dcc388768a2538dc90f19,MEMBER,jamiebaker@example.org,1,2025-11-09 19:43:51.000,2026-04-22 17:40:23.000,2025-10-01 10:52:55.000,1
249,jessica02,82f41d299744153c12b9c44f28dad670feaec3879a213781d7829e97338615b7,OWNER,kimberly18@example.org,1,2025-11-09 19:43:51.000,2026-04-10 22:06:34.000,2025-05-16 16:20:11.000,0
250,jeanneglover,43e5facccfd83308e3898cbe52eda72a8ba584490acb2f1834ffe69736668621,ADMIN,bperez@example.com,1,2025-11-09 19:43:51.000,2026-04-16 19:08:08.000,2025-08-28 09:30:40.000,1
251,connor96,20b8705459474f4b949a1af2e794cd81060cfbe4cd03f01beb0beaecdb919b0a,MEMBER,mcphersonmeghan@example.net,1,2025-11-09 19:43:51.000,2026-03-30 13:05:13.000,2025-09-06 13:15:46.000,0
252,othornton,28fea1a2771e0283e03d29af4d4a1a9bc0f5a43f12aeb57e7ccc1a512de61d0e,MEMBER,kayla22@example.net,1,2025-11-09 19:43:51.000,2026-05-03 22:46:01.000,2026-02-05 00:56:51.000,1
253,cwagner,e90f2279925ad2e82cdd8c0a82f7686a9b6f443f6b319fd1493bb591eda5ebfd,MEMBER,hoodjeremy@example.net,1,2025-11-09 19:43:51.000,2026-03-12 06:15:14.000,2025-07-23 20:41:34.000,0
254,iquinn,0cfeb546dca484e5eceb4a3247a2abc3b3a4f952a298d1caba1081103321d62f,MEMBER,wbutler@example.net,1,2025-11-09 19:43:51.000,2026-03-18 15:03:05.000,2026-03-01 22:46:20.000,0
255,alexandraryan,8ad94f075f3a43a35287f91382baaa1a7ed57fe0946ac03cdb65fe194d2fd0fc,OWNER,batespeter@example.com,1,2025-11-09 19:43:51.000,2026-05-04 11:14:42.000,2025-12-14 13:44:58.000,1
256,thomasphilip,85f1e1f0fa5f0d0b5c5d5b86c6827fd6b776b6b90273b6e0f6657514e33236b1,ADMIN,jennifer70@example.org,1,2025-11-09 19:43:51.000,2026-04-02 20:47:45.000,2025-06-05 08:36:09.000,1
257,rangelbryan,9f8dbf8cd2f7d8587033bfbf1dcb5f566f8554e7a4f13b775b1bb67f11114e31,MEMBER,russochristina@example.net,1,2025-11-09 19:43:51.000,2026-04-22 02:49:34.000,2025-12-12 08:02:23.000,0
258,walkerlaura,e6a9babca6f9b071a8df0833b746af6c1be3ca4bd390fddf2123d6783df2641f,MEMBER,jacqueline96@example.org,1,2025-11-09 19:43:51.000,2026-04-29 00:47:58.000,2025-08-29 04:33:46.000,0
259,osanchez,f748ecf7e42e68daf59e31498e7d1f3a6a2a22c59aaf436532efaa870652bf98,MEMBER,steven99@example.net,1,2025-11-09 19:43:51.000,2026-04-26 10:34:45.000,2025-10-14 22:14:06.000,1
260,hlucero,2a930e82a2c5c4e260f2e2659bee23bc70f4787bb4c159d2557429c95b984c3d,MEMBER,barbara07@example.org,1,2025-11-09 19:43:51.000,2026-04-15 18:10:05.000,2025-10-04 03:15:25.000,0
261,zadams,44d94c900c2bfeae05fd225b171cc75c2473ae4d0ac00f768f8e137aa5dff34f,MEMBER,webbdonald@example.net,1,2025-11-09 19:43:51.000,2026-04-20 11:27:40.000,2025-04-20 10:11:37.000,1
262,jillianwilson,09c0eebaa40eacebe5183c5e22f0215e85c7ef65280057726a36f226f5f92fb9,MEMBER,christopher73@example.net,1,2025-11-09 19:43:51.000,2026-03-22 17:37:56.000,2026-02-15 21:14:00.000,1
263,williamsvicki,a5b475ef05b509c06a90ab3d1688994bd2b5a862a6ab195a52f6218718fb1414,OWNER,andersonbernard@example.com,1,2025-11-09 19:43:51.000,2026-04-08 21:58:54.000,2025-04-19 08:59:13.000,1
264,jonesdonald,95c29939445cb66cd24b6af94063a1a7a52c56826e67a9badb04322399c871f4,ADMIN,colleen28@example.net,1,2025-11-09 19:43:51.000,2026-05-03 09:45:56.000,2025-11-20 09:54:36.000,1
265,isaac62,ec301be2e177c71c13ef38c304519ac541291afb2db7c65b32e4cf7874479f88,MEMBER,samuelscott@example.net,1,2025-11-09 19:43:51.000,2026-03-10 03:00:15.000,2025-06-13 05:57:48.000,1
266,david22,9ea5dcadc6f551e217d3397123fbb66b4091130ea899da33458bc97383097fac,MEMBER,onewton@example.org,1,2025-11-09 19:43:51.000,2026-04-18 06:07:02.000,2025-07-06 05:50:35.000,1
267,jessicataylor,8fd0ddc2f2f5b8baf305b9f4758a7c7c00ca2c4dfe3fe503114f1507e09e3935,MEMBER,youngkelly@example.org,1,2025-11-09 19:43:51.000,2026-04-14 18:24:19.000,2026-03-01 15:03:19.000,1
268,jacqueline93,6c337fc0828794beacbfe6f3268640e0387064d9abc8d34445c83cdde5560e4e,OWNER,sparkslinda@example.org,1,2025-11-09 19:43:51.000,2026-03-10 21:45:21.000,2025-07-23 04:32:20.000,0
269,uramirez,bba5053b2774807384e7688600f1934ccdbc23faf9c2f0a63b49ad22ce391c5b,ADMIN,patrickjames@example.org,1,2025-11-09 19:43:51.000,2026-04-15 12:07:37.000,2025-12-07 09:32:55.000,1
270,philipcrawford,01a7fe6139d0a4bd92bcbfb11cfbe0b90dee9986ac0afbcf6ac758757a0b2853,MEMBER,gardnerkathleen@example.org,1,2025-11-09 19:43:51.000,2026-04-14 02:19:38.000,2025-11-05 15:28:32.000,1
271,dalesmith,856e853fd3bcc36c68e37991c1d72779021e4bdfc439b6db050d2e82c464173f,MEMBER,kristi48@example.org,1,2025-11-09 19:43:51.000,2026-04-11 07:25:49.000,2025-09-12 12:39:01.000,0
272,timothyjackson,4cab925123046ea4ded24a3a37c3cae070433dcd334ffaf55c19bd16cb2e3fb4,MEMBER,zhenderson@example.org,1,2025-11-09 19:43:51.000,2026-03-30 09:34:47.000,2025-07-21 12:00:58.000,1
273,megan19,7ccae94db475fd388828bdba97f82487bdcac698397be2f2a7b548263dc36107,OWNER,travis14@example.net,1,2025-11-09 19:43:51.000,2026-04-23 09:02:00.000,2025-06-14 10:31:55.000,0
274,hpage,e7aad2fc6e41636129610e2e443082f32d6475a53e345d31681a4e62e762378c,ADMIN,samuel30@example.net,1,2025-11-09 19:43:51.000,2026-04-19 04:49:50.000,2025-06-29 18:10:56.000,0
275,roger55,f832d07b3f14ed76531040c62b665a5378a68860761441f85aaa002abb8ba901,MEMBER,nholmes@example.org,1,2025-11-09 19:43:51.000,2026-04-18 11:08:12.000,2025-10-15 01:38:50.000,0
276,megan87,41bb43b770b7bb0228f2e734484ab7339656a12973de87a1954196fc9cbe97d5,OWNER,wardsara@example.net,1,2025-11-09 19:43:51.000,2026-05-07 22:03:17.000,2025-05-02 01:45:41.000,1
277,jonesstephanie,75a843c085bcac796bb16f409ff71d4d5a0ac027da7a7d70a0606978dadd4acc,ADMIN,zmorris@example.com,1,2025-11-09 19:43:51.000,2026-03-28 01:32:16.000,2025-12-15 02:43:41.000,1
278,woodchristy,e44b29bcba46798d44e6d33246a8c8b7407ffa6f46aa6a6a5f877f6d2fd59ad2,MEMBER,burnsyolanda@example.net,1,2025-11-09 19:43:51.000,2026-04-19 07:00:46.000,2025-04-13 20:58:39.000,0
279,danielarias,3375debb965e4b50eabdf3faf6d4e5f92e41d1e6edcd5ddf28f1157d034a432d,MEMBER,johnsontanya@example.org,1,2025-11-09 19:43:51.000,2026-04-16 06:40:21.000,2025-10-12 21:15:11.000,1
280,michael02,9ad8fbc44f793ea07b9d70198773014591c2995a1a83f098c323572319680380,MEMBER,oorozco@example.org,1,2025-11-09 19:43:51.000,2026-05-08 13:43:12.000,2025-04-11 18:44:34.000,1
281,rebeccakirk,e61a42f0fba06499aeb824bb35ccbeb9bffe89d0743c94473c5d737c9eaddc58,MEMBER,megan71@example.org,1,2025-11-09 19:43:51.000,2026-04-12 05:00:13.000,2025-09-17 16:18:25.000,0
282,cummingslaura,fc6f92bd544179cbb810f234a85f747ded1fa6472ef8f0b357aee66f31febe12,MEMBER,gday@example.net,1,2025-11-09 19:43:51.000,2026-04-01 08:08:25.000,2025-10-03 14:29:14.000,1
283,sara21,c6276d8f0683805b8e5b6b34568276431ece499a54ebfe2f5e837c71ca761952,MEMBER,wanderson@example.com,1,2025-11-09 19:43:51.000,2026-04-15 05:59:10.000,2026-01-17 17:01:23.000,0
284,youngaaron,9b0f76e25fbde306147eed9345a081aa52e2db262a03df0e9a776673af140d30,MEMBER,adawson@example.com,1,2025-11-09 19:43:51.000,2026-04-02 13:36:37.000,2025-06-14 15:58:51.000,0
285,hollowaytrevor,1cf7e7a53cfdb33041619e23ca42712bce013a8d51f87a9b338ddff5cd23aa72,MEMBER,john74@example.org,1,2025-11-09 19:43:51.000,2026-04-13 01:36:13.000,2025-06-03 13:17:23.000,0
286,iallison,60c25e91b35874e4a3b41fc742e9c4f5a052cfd012f27bcd65c82609f0a794e4,OWNER,jamesgross@example.net,1,2025-11-09 19:43:51.000,2026-04-03 07:59:39.000,2025-12-15 06:10:59.000,1
287,freemanjade,3f14f5ff8e2065014c61ce7c365b1277f871936f74145df341abefc2f60cd911,ADMIN,johncoleman@example.net,1,2025-11-09 19:43:51.000,2026-05-02 20:23:30.000,2025-07-07 15:23:21.000,1
288,kyle54,8ab1108a03a1955c83886ddec03fad8034da8cc82da42f62e5c3cfb827ca3e17,MEMBER,melendezlaura@example.net,1,2025-11-09 19:43:51.000,2026-04-16 15:19:40.000,2025-11-15 15:53:06.000,1
289,murphypamela,e0b5eefe9dbecd4a36a719dbfe67d4d0d39608ea1cb9ebb0b3c43299b489755d,MEMBER,nathan32@example.org,1,2025-11-09 19:43:51.000,2026-04-08 23:02:58.000,2025-10-01 20:59:57.000,0
290,lucasshawn,dab2dedd1418e69a092970205a9c864775dad894af79fa5badaa0372134c801c,MEMBER,diazcindy@example.net,1,2025-11-09 19:43:51.000,2026-04-30 08:46:20.000,2025-09-19 01:34:11.000,1
291,anne09,9681e9b4af39b1461d38088137eddffb6b4a56872d950ee8bf8d3c2a4194ac0c,MEMBER,seanroy@example.org,1,2025-11-09 19:43:51.000,2026-03-26 23:58:44.000,2026-02-12 04:03:41.000,0
292,luke99,aa59d9f2eab32883e469193077aa1abc1e1a7767974b46be0cb1acb3a3aa96fd,MEMBER,teresa21@example.com,1,2025-11-09 19:43:51.000,2026-05-04 06:09:43.000,2025-06-03 05:09:50.000,1
293,bonnie19,2a67c5858d7ffdf49a79f320563ca7c6c2c91611511608e448ffa87c301c5ead,OWNER,amber14@example.com,1,2025-11-09 19:43:51.000,2026-04-06 15:55:18.000,2025-06-01 09:27:34.000,0
294,williamlee,ec650eef59e2e9e3f97f437bc16de42458b67d4ad8d1240f6fc1888965c5b30d,ADMIN,anthony77@example.net,1,2025-11-09 19:43:51.000,2026-04-01 19:45:35.000,2025-11-11 21:03:41.000,1
295,bdouglas,50d7dc4f2820eb31fedc9c1273249b7365efcecbe168a34645f5da7f17d79048,MEMBER,qvalentine@example.org,1,2025-11-09 19:43:51.000,2026-04-03 10:33:14.000,2025-11-06 04:53:33.000,0
296,benjamin22,2a53dcff795e310e2d4422a6c0100b632f8799d6618ca68747c7e477d59c6c08,OWNER,clementschristina@example.org,1,2025-11-09 19:43:51.000,2026-04-13 01:22:22.000,2025-08-20 19:20:13.000,0
297,morganjeffery,43fae9cfcab98b2316422dfa10c89d73049e2985f18452f769fc49f768e6d36c,ADMIN,smithandrea@example.com,1,2025-11-09 19:43:51.000,2026-03-29 07:45:36.000,2025-06-27 19:14:50.000,1
298,cannonsydney,a4a251fd8788dce003fed4b7433ff3da771994e57b78628dfc9625340c99f1a5,MEMBER,jenna33@example.org,1,2025-11-09 19:43:51.000,2026-04-19 21:12:49.000,2026-02-21 10:47:41.000,0
299,david67,e699a1cbff25f7969e597caba400c1573fe96ebef9358dc4d2669dd06f0b93de,MEMBER,heatherbutler@example.net,1,2025-11-09 19:43:51.000,2026-04-23 09:36:03.000,2026-01-29 05:11:33.000,1
300,jessicamayo,34d8a142793fc9d10be2863414b805dd068a22b07d284036f7b032b124113ff2,OWNER,todd35@example.net,1,2025-11-09 19:43:51.000,2026-05-03 14:44:55.000,2025-09-06 11:07:30.000,0
301,desireesingleton,794a299a97d6013aed99b2e445f063a9ff4fc3066d10a2a9825da4e0d365ad3f,ADMIN,vramirez@example.org,1,2025-11-09 19:43:51.000,2026-03-20 08:02:04.000,2026-02-16 10:48:01.000,0
302,davistheresa,d36858300a68fb48187ab7090b540c8eed33d4ae8504f0abe9edf4278b9ebffa,MEMBER,wpena@example.org,1,2025-11-09 19:43:51.000,2026-03-29 04:27:13.000,2025-07-12 10:27:47.000,0
303,jeff71,7b623f2835cd1844fb5ab26eef43e34d9a4b9d5fb3bbba7f3da776a805b2b4f4,MEMBER,michael22@example.org,1,2025-11-09 19:43:51.000,2026-03-22 05:49:16.000,2025-09-07 14:57:22.000,0
304,xday,a6666bc0b5cd770d5b7c1ad8b6377395ea63bc3a0b6904360d95a6886116989a,MEMBER,ramseyfrancis@example.org,1,2025-11-09 19:43:51.000,2026-04-19 20:13:02.000,2025-09-01 15:56:27.000,0
305,ewood,9f5f99ef6b0a3c208cbdbabb2ba3c76fda9fa9e3428be18f31432bb92da76aff,OWNER,edward32@example.net,1,2025-11-09 19:43:51.000,2026-04-17 07:19:01.000,2026-01-02 01:48:59.000,1
306,cmcdaniel,0e39417ffa63dda23911175de6ac080f6b30285322f30fe70f7f42e95d2af2ac,ADMIN,rayjordan@example.org,1,2025-11-09 19:43:51.000,2026-05-01 03:32:02.000,2026-02-06 20:10:49.000,0
307,wmontoya,9dabf247c1c0a26da5b6ed380d836986261e0c1be71994291d6cfe204ab475b1,MEMBER,andrew96@example.org,1,2025-11-09 19:43:51.000,2026-04-06 13:18:59.000,2026-02-25 01:31:08.000,0
308,kiarawood,85dc41ae1b9f2b7361ae8b2987c0c4699ee684de5850bdc847e93ad50ea70536,MEMBER,lori14@example.org,1,2025-11-09 19:43:51.000,2026-04-23 17:43:38.000,2025-11-21 17:02:36.000,1
309,cynthiadavis,c9f2ea21d2bba58dc446fe47280606768974b56f1d035f355352eed6078701b6,MEMBER,linkelsey@example.org,1,2025-11-09 19:43:51.000,2026-04-30 20:18:04.000,2026-03-08 07:17:34.000,1
310,kenneth69,69664d7fca94996563eebbb958021ac689b1703984c5a6cbdef2cf562d405297,MEMBER,alex92@example.com,1,2025-11-09 19:43:51.000,2026-03-14 01:03:26.000,2025-08-23 15:10:55.000,1
311,campbelljessica,9dcf4855a2c7be0fc678af5a404cbfd0fbc6f06fdb8a60554bea872a0a7a4c26,MEMBER,stewartrobert@example.org,1,2025-11-09 19:43:51.000,2026-05-01 19:45:54.000,2025-10-03 12:26:13.000,0
312,adrianabailey,c72b37b70844cd3dd7463c992c0cd49a85f1bcb9b28013143ff0854152ed2988,MEMBER,conraddouglas@example.com,1,2025-11-09 19:43:51.000,2026-04-05 03:12:04.000,2026-01-10 06:12:07.000,0
313,ykim,3c5c72fb2d611d1499638d26a0ef02675feb1d499f50fc4872619372a8bad02c,MEMBER,tiffany06@example.net,1,2025-11-09 19:43:51.000,2026-03-27 09:35:51.000,2025-08-17 06:38:53.000,0
314,valeriesexton,498e4c857b8b5b7b3b35ce9d00bc02a2a51d6057abaf2c56b79d127b97de90c9,MEMBER,johnmacdonald@example.net,1,2025-11-09 19:43:51.000,2026-03-31 14:59:18.000,2025-12-03 11:23:16.000,1
315,timothylee,745334c91b01594b19ae21d843c795f8387bb1de4c22b9e312fbc756dfc1f0c5,OWNER,oharris@example.net,1,2025-11-09 19:43:51.000,2026-03-18 13:56:50.000,2025-07-02 01:43:24.000,0
316,knoble,6ea88a00ce28e5443e54d63306d3375f079b1138001b0d99e2bc9c9590217fd7,ADMIN,aaron11@example.org,1,2025-11-09 19:43:51.000,2026-04-22 03:24:09.000,2025-08-06 10:04:52.000,1
317,pricemackenzie,98d8a085dc075efc1f2f38a9f418709806b0e6ddba515e10bcd02e9cd9b1f33c,MEMBER,elliottjoseph@example.com,1,2025-11-09 19:43:51.000,2026-03-18 08:08:20.000,2025-06-25 11:10:16.000,1
318,hross,029d345d7882020e8a0fb90638165d9f1575452e97d88452b9e03fef24cd4a24,MEMBER,seanharper@example.com,1,2025-11-09 19:43:51.000,2026-03-22 10:15:11.000,2025-05-06 20:16:35.000,0
319,melinda58,efe970e426ee729d2afed6f84eabd6b387ba9d3b55c5a4254102acfca78a482e,OWNER,stephanie20@example.net,1,2025-11-09 19:43:51.000,2026-03-24 12:08:23.000,2025-07-01 05:19:38.000,1
320,christianbates,239aba0b38ac80b2264fe5cf41e35f295627178eb11b432700b06c8a742debad,ADMIN,michael54@example.com,1,2025-11-09 19:43:51.000,2026-04-20 04:10:13.000,2025-07-25 05:55:34.000,1
321,evanskim,027f6090d8a805187d18d555b22b7360b79afb629f78fbc4127f0ace3b30198a,MEMBER,benjaminstewart@example.com,1,2025-11-09 19:43:51.000,2026-04-20 19:05:58.000,2025-10-14 00:29:50.000,0
322,hmorales,39cc2ddbb0dcfe8d9929197e85fc5b04772b5e71ddf5d383b596b6beb1ac2ded,MEMBER,chad28@example.org,1,2025-11-09 19:43:51.000,2026-04-24 12:02:08.000,2025-05-24 03:36:23.000,1
323,tammy10,04c736a82b24e13337f284e326dee5b3d97660983a4cd117254133acdae04448,OWNER,foxlisa@example.com,1,2025-11-09 19:43:51.000,2026-04-12 15:13:39.000,2025-12-02 12:21:51.000,1
324,davidhayes,324333d2b7d1086b481e744340fc7ba53bc5b8869094a198be644e909b0e9174,ADMIN,smolina@example.net,1,2025-11-09 19:43:51.000,2026-05-05 12:13:52.000,2025-05-27 15:28:43.000,1
325,deanrogers,5a5c98bdabbfcc5e9007323ab5c980988451d513bd6290966b48f31413be13d1,MEMBER,barrettsonya@example.net,1,2025-11-09 19:43:51.000,2026-04-07 08:08:27.000,2025-08-31 09:00:27.000,1
326,wallacewilliam,fbcc09fc4fec5c4b2cd60cbff29a46ddd86a57417e1e0ffd83293a4d2979366c,MEMBER,hollyesparza@example.com,1,2025-11-09 19:43:51.000,2026-03-19 02:07:34.000,2026-01-02 14:09:06.000,0
327,anthonysaunders,64759a4aa6b4c7c232a60e16cd871d6294e0e538b10bb76a2e3c031e9efa7b8d,MEMBER,wwaters@example.com,1,2025-11-09 19:43:51.000,2026-03-18 14:43:42.000,2025-07-12 05:10:01.000,1
328,sarahmaddox,33004bc2580855e9fb858e6b4c5862bc75799f7ffba4e9acf3540d72f2fce288,OWNER,ralphmooney@example.com,1,2025-11-09 19:43:51.000,2026-04-29 21:03:16.000,2025-10-19 02:53:26.000,0
329,acohen,75b702330f74149d61a078bdf749d56b480ea918f96d02043da05378f1ba2991,ADMIN,kimdawn@example.net,1,2025-11-09 19:43:51.000,2026-04-13 21:01:44.000,2025-07-01 00:36:27.000,1
330,ymontoya,9ca9c4901c449c7e8cd2f07a91aab0a7d72dc71730c0e6e5b2ce7ae90e4648db,MEMBER,holmesderek@example.org,1,2025-11-09 19:43:51.000,2026-04-07 10:34:26.000,2026-02-03 19:45:48.000,1
331,mckeejoyce,24deda3a0ea3680889e77cdddbb3106babfc7d38596928b1c4a14833721603aa,MEMBER,heatherbarrett@example.org,1,2025-11-09 19:43:51.000,2026-04-17 10:52:37.000,2025-10-20 10:45:21.000,1
332,johnsonkevin,8f34c6bc13e50edf04c42a5e284f998b62305a1df7b9b05c35ecdcc8b4b9a70c,OWNER,krystal21@example.net,1,2025-11-09 19:43:51.000,2026-04-30 17:55:09.000,2025-09-15 19:20:11.000,0
333,julie52,49e9ddbd211dc71285d8c3d0f10e4bb4475c0e0da164b917017dd9eabac874e3,ADMIN,john44@example.org,1,2025-11-09 19:43:51.000,2026-05-01 01:39:26.000,2025-09-14 17:16:44.000,1
334,justinbennett,6a9e955d63cc6ea8c89183fa86fb2a4592770202f54f10548387f37de9e47d47,MEMBER,russell07@example.com,1,2025-11-09 19:43:51.000,2026-05-02 15:36:11.000,2025-04-08 15:52:07.000,0
335,tinaferguson,7f5c70176bca5de91f69d9db37dfb948a7da76eb87e48af93d31b820acf5243e,MEMBER,cathystewart@example.com,1,2025-11-09 19:43:51.000,2026-03-30 08:44:21.000,2025-07-17 23:41:11.000,0
336,brownnathan,cffb003fd9e9043babc4d6e6b565491700b95379fdf72b73603a3d1ba0a6c165,MEMBER,joshuajennings@example.com,1,2025-11-09 19:43:51.000,2026-03-18 19:51:30.000,2025-10-27 18:14:36.000,0
337,baldwinjose,8fcfac433a256ec5d40947ce22da6f142d0494b00fac2d4a346a428efa52a9f6,OWNER,cgrant@example.com,1,2025-11-09 19:43:51.000,2026-04-08 17:59:19.000,2025-10-14 10:06:00.000,0
338,rhonda46,1408f28c3cf4bc228fa69c7744dd232db70ad5257854102ac5302919ac86215c,ADMIN,cvillegas@example.net,1,2025-11-09 19:43:51.000,2026-04-29 05:17:52.000,2026-01-16 09:01:03.000,0
339,cbishop,7dc4b7348e99358d3c27f050e8c169fe7662fab1757f6874a8512e76d8da2ccb,MEMBER,meganparker@example.net,1,2025-11-09 19:43:51.000,2026-04-23 07:18:54.000,2025-08-05 10:22:59.000,0
340,courtneyowens,831f436ef2bf652c05c86542391403133777a806bf08031cd5092ac5952b1be2,MEMBER,bradleyphilip@example.net,1,2025-11-09 19:43:51.000,2026-04-02 17:33:29.000,2025-05-07 10:15:55.000,1
341,scott96,a8b51b62fb351dd0bec0582b251041329bdfe88e4ef0331fb6557876209ee733,MEMBER,lopezbrandon@example.com,1,2025-11-09 19:43:51.000,2026-04-09 06:24:38.000,2025-07-05 02:57:18.000,0
342,sarah09,eede0246a0281594f2616492bc9d59b814584938ea98a8c317f5492b3cee9dce,OWNER,nancymoore@example.com,1,2025-11-09 19:43:51.000,2026-04-10 04:46:37.000,2025-06-26 00:25:10.000,0
343,nayala,0c625dbda674a4629add1513d257fa316553b0d68e81658cc515a7af88a27ba5,ADMIN,lynnsmith@example.org,1,2025-11-09 19:43:51.000,2026-04-20 04:53:50.000,2025-11-11 02:19:03.000,0
344,peggy85,ebe8dce45c77135348e55de9fb44c5d83e2fbec60d68a83b902d9bfa572b6f49,MEMBER,lsmith@example.org,1,2025-11-09 19:43:51.000,2026-03-23 12:32:25.000,2025-12-03 17:33:15.000,0
345,qjones,fbd5a247169a8130fe15029ea390d1b3c3aef4cdca38dca9f23efa8301e61736,MEMBER,patriciazimmerman@example.com,1,2025-11-09 19:43:51.000,2026-03-12 05:39:57.000,2025-10-27 22:17:40.000,1
346,zfrench,c55cbf203d241e71318b4cbbffdc6227597004dbdd9fe2dfb3cf629b87d696a4,MEMBER,ddavies@example.com,1,2025-11-09 19:43:51.000,2026-03-15 07:17:17.000,2025-06-07 10:14:47.000,0
347,kevin95,4b2fae7e364bca591de8ba6c38d352de44c6f6f3bc54397ba566f2bc76e2ee01,MEMBER,troyramirez@example.org,1,2025-11-09 19:43:51.000,2026-05-03 04:34:25.000,2025-05-18 21:19:48.000,1
348,adam55,403302ec1ae85b79de2be313cdeb693b3eb7abae04d5849aad5bb840e59b6265,MEMBER,obrennan@example.com,1,2025-11-09 19:43:51.000,2026-03-13 11:22:35.000,2025-06-20 04:50:04.000,1
349,donovanalicia,e6853f8ee7f1927c42fbdae55016797855f59c1044d5b6828d7a2975424bf16f,MEMBER,brandon42@example.com,1,2025-11-09 19:43:51.000,2026-04-06 16:16:53.000,2025-10-03 09:06:33.000,0
350,tstark,e87cb3716733363cfc04a5c40e4b4425a575fc4f7d277094fc44b519c8641c0c,MEMBER,vthompson@example.com,1,2025-11-09 19:43:51.000,2026-03-28 22:53:12.000,2025-11-05 08:24:05.000,0
351,wrightjerry,64b9b562af560fbe2298ba82a79ca9e727c3d9cb6dea3344961ee80df68f5bf7,MEMBER,andrew00@example.com,1,2025-11-09 19:43:51.000,2026-04-07 12:28:53.000,2025-09-01 01:37:08.000,1
352,padillajessica,6b9d65192e60789bdd77ceaa63cfe1e79fec57f4e2bf9dfa6a3c508e83349f2a,OWNER,brandon09@example.net,1,2025-11-09 19:43:51.000,2026-04-14 04:25:55.000,2025-10-24 05:48:28.000,1
353,hartgabriel,653bf18ca0c82b28e77cd6acb37255ce5cae1071d4e18af64b334db988a62483,ADMIN,jessesherman@example.com,1,2025-11-09 19:43:51.000,2026-04-12 23:33:54.000,2025-10-18 14:30:48.000,0
354,lallen,6b502646a9afa89efd0c32880691bfe03705b4df94425ab24a98a98886c69cfd,MEMBER,rodriguezkimberly@example.org,1,2025-11-09 19:43:51.000,2026-04-22 00:30:15.000,2025-09-01 07:41:17.000,0
355,guzmanlisa,4757cd55b4cc3083c45a7cbe24b3261a0d08074226a9c08f3cb560f75fed1f6e,MEMBER,davisanna@example.net,1,2025-11-09 19:43:51.000,2026-04-14 03:48:03.000,2025-11-05 16:46:49.000,1
356,nfoster,5bde0bcbc96e3c21390c5d786b8d6c1a52850e0ae1d3827acce34da0be62bb58,OWNER,christie82@example.org,1,2025-11-09 19:43:51.000,2026-04-03 06:03:14.000,2025-07-04 20:59:43.000,0
357,jenniferbrown,f307a7f267c7362d5a93e8adcbb2ded4ea24359c274ea6b867f29a6e7ca2290d,ADMIN,fcarpenter@example.com,1,2025-11-09 19:43:51.000,2026-03-29 12:58:17.000,2025-09-15 03:17:34.000,1
358,jonesdaniel,21f02ba666e848b3e6fa54816250569bd35ef804a04408670f4ecfde7b0140b8,MEMBER,carrrobert@example.com,1,2025-11-09 19:43:51.000,2026-05-05 21:47:53.000,2025-07-14 16:46:15.000,0
359,xgray,534721ad754788070ce7344f80ed5d60899d90986bcf9c76ef5a7c56367cbe0f,MEMBER,teresahebert@example.org,1,2025-11-09 19:43:51.000,2026-03-30 06:58:32.000,2025-11-20 06:55:34.000,1
360,gainesdaniel,9263bb99d07781752ba846a6fea9d932552278f75d37decfcea2312200939879,MEMBER,henry91@example.com,1,2025-11-09 19:43:51.000,2026-04-16 09:03:29.000,2025-05-11 17:19:35.000,0
361,carl65,b0677ae9e21b9c2a9a2493e61ba10ea5fbbf56d59492c238317616db09fe08b1,MEMBER,uclarke@example.org,1,2025-11-09 19:43:51.000,2026-04-08 01:50:48.000,2025-07-21 08:27:52.000,1
362,martinezkenneth,5e3aaf24dd0e37abf68337200fa39aa476f57ee2512969711577b8fcead17eaa,OWNER,jlong@example.org,1,2025-11-09 19:43:51.000,2026-03-13 18:08:11.000,2025-08-28 16:58:21.000,1
363,amandamcdonald,6cd26d6f064b94da040d02fe62f5daf8fb1b21d0bd591d1fad4313d126543a32,ADMIN,dannywright@example.com,1,2025-11-09 19:43:51.000,2026-03-15 11:54:31.000,2026-01-21 21:53:41.000,1
364,clarkkayla,a0383f9be36affb15f3c3269f30fcf040d5c4dcde3924f59908ee43663c4f501,MEMBER,nicholas78@example.org,1,2025-11-09 19:43:51.000,2026-04-17 02:16:56.000,2025-10-03 22:37:33.000,0
365,deborah31,04c88446e342518e97dc4c68146953a9a4311f19f0f2129e4c8dbf32ea23c05f,MEMBER,fwhite@example.org,1,2025-11-09 19:43:51.000,2026-03-21 10:30:30.000,2025-05-10 18:49:06.000,0
366,usparks,dba4975746a82f944c885f96d7d69228bef8b5c3be8981fe7d21b983180d9363,MEMBER,maciasjoyce@example.com,1,2025-11-09 19:43:51.000,2026-03-22 14:45:45.000,2025-09-21 10:15:10.000,1
367,donaldferguson,bc045423182f620bc9de8961eb701c1871601ba64a39d16d16b674363d87e108,OWNER,edward90@example.org,1,2025-11-09 19:43:51.000,2026-04-19 21:45:56.000,2026-02-13 04:33:03.000,0
368,riddlenathan,fbe216842977faf781b78e9e3d992f45446bd7e472ff6b705944a735b6decab8,ADMIN,jason77@example.org,1,2025-11-09 19:43:51.000,2026-04-13 01:58:58.000,2025-05-26 09:14:51.000,0
369,mwood,ee17f7811e625d73e56a04628cc4e7ac99b76ad083ccef6555695725993aba8d,MEMBER,dsmith@example.com,1,2025-11-09 19:43:51.000,2026-03-21 08:04:21.000,2025-08-16 13:02:57.000,0
370,kimberlyvillarreal,93b7ce9e728661725bae4270c87b8a5efcef72593162d9b5a8baeb019968fd54,MEMBER,dcooper@example.com,1,2025-11-09 19:43:51.000,2026-04-29 23:07:31.000,2025-10-28 06:20:11.000,0
371,johnsonmary,382c55d1ef45920b5afc0150ff5610aa5c7f817703f343e34c22327b2327c7f4,MEMBER,anthony56@example.com,1,2025-11-09 19:43:51.000,2026-03-29 08:42:42.000,2025-09-26 10:05:45.000,1
372,christianirwin,f64c2fd57b1304a2ed8f6b2b84ba02b752db775386f73351b4b097b186f959ac,MEMBER,urosales@example.org,1,2025-11-09 19:43:51.000,2026-04-18 00:45:26.000,2025-12-27 23:55:11.000,1
373,martinwilson,d48378b7784a4e543442d8b1d9c677ac48c641b8c8b63259c3496d77950db847,OWNER,ramirezalex@example.com,1,2025-11-09 19:43:51.000,2026-05-04 21:09:57.000,2026-01-12 12:45:12.000,1
374,jennifer98,122a020e6abce3b18778da532dc34071a19033b83ec6e699e0ab92237ad17b4d,ADMIN,imatthews@example.org,1,2025-11-09 19:43:51.000,2026-03-18 12:30:41.000,2025-07-26 06:54:13.000,1
375,kmorris,2507862c5caeb1a97da9dfc49489432d7cd6b6e4a5b1cfae3df3b5312e86462d,MEMBER,malonewendy@example.com,1,2025-11-09 19:43:51.000,2026-04-28 13:49:26.000,2025-07-20 00:57:34.000,1
376,carriecantrell,06b4b233c6e15e19b5fae377ca6eee6cc1996d6bc005f66480faba79b6367c7a,OWNER,jason25@example.net,1,2025-11-09 19:43:51.000,2026-04-03 20:23:20.000,2025-12-18 23:28:06.000,1
377,ediaz,3f98b224e62b2550aebc493a81b9417e5e9735b9a747a7ab220040bb60f4731d,ADMIN,william33@example.com,1,2025-11-09 19:43:51.000,2026-03-13 03:22:24.000,2025-08-20 19:26:20.000,0
378,dmoses,d162ebbbfe060292c93d5e457b0a16b337734bdfa2f124da78b7233940f7bc6a,MEMBER,leepaul@example.net,1,2025-11-09 19:43:51.000,2026-05-07 07:42:37.000,2025-12-20 14:50:50.000,0
379,andrew66,c59df707992b2e61b3779d2b258fbd646d72794aa880094ba0c7b663b2b28286,MEMBER,baileyshaun@example.com,1,2025-11-09 19:43:51.000,2026-04-27 22:25:06.000,2025-06-11 13:47:23.000,1
380,christinewilson,30d3c35d274b2d73c7add08f8b81a143e006d3ee4c5922c8f2bc1725c9fc8de8,MEMBER,shawn92@example.net,1,2025-11-09 19:43:51.000,2026-03-27 12:14:18.000,2025-08-08 19:17:18.000,1
381,charlesray,68ff31bc315b1b5a1539edaaa41fb3aba0ebdfbd400dd9defc32b83dc64f894b,MEMBER,matthew15@example.org,1,2025-11-09 19:43:51.000,2026-04-04 11:19:42.000,2025-08-11 20:09:59.000,0
382,nbrown,daeb7859840753d7717444db71dbeca529717e3f042225176f552135f02e88c0,MEMBER,klambert@example.org,1,2025-11-09 19:43:51.000,2026-04-26 16:05:39.000,2025-10-30 18:59:11.000,1
383,lrobles,ad9e0ae1d9409c56c368b3012cd8eea55df59c0521f72dd178e9655cdb68d01a,MEMBER,benjamin07@example.net,1,2025-11-09 19:43:51.000,2026-04-30 04:57:06.000,2025-05-10 03:30:03.000,0
384,robert50,1f434b47c7323c0d1bef8884b51812db81b46258e44f5d907e46fda6766fa61b,MEMBER,jonesbrent@example.org,1,2025-11-09 19:43:51.000,2026-03-19 10:43:57.000,2025-12-05 14:10:47.000,1
385,angelicaphillips,4f7e39f168d7e1962248af74580c88f840a55d4f9dc05822dc8c179177a2c2ae,MEMBER,brookeramirez@example.com,1,2025-11-09 19:43:51.000,2026-05-05 22:40:34.000,2026-02-19 16:52:08.000,1
386,rachel04,366c2f13c46e08da9405e3bf0294d1af383f104a36207879fd415f40c6c08d9f,MEMBER,rpeterson@example.org,1,2025-11-09 19:43:51.000,2026-04-20 02:09:51.000,2026-02-06 20:15:05.000,1
387,andrew90,78e10b220840da90a5e22a1dd85a4aec42f58170830bf73693a9908bc42bd188,MEMBER,karenphillips@example.net,1,2025-11-09 19:43:51.000,2026-03-24 19:30:33.000,2026-03-05 09:04:23.000,1
388,randallcourtney,746b76cf4e1028af04ae9d61fe4b4fb1a16a482a2b4e3da55e4ceae4818f451e,OWNER,wangroberto@example.org,1,2025-11-09 19:43:51.000,2026-04-17 04:47:46.000,2025-07-06 16:16:04.000,1
389,avargas,db9b59450b2cde708c2b8726fcb545f42eb9860cd3ae786d038fb4cb90304084,ADMIN,rgomez@example.net,1,2025-11-09 19:43:51.000,2026-04-05 02:37:47.000,2025-07-09 11:05:28.000,1
390,smckenzie,13582134ef8936091f6d8b83d2420c761e9e2a604150555e339b4f3b3dcda3a3,MEMBER,caitlinwhitaker@example.org,1,2025-11-09 19:43:51.000,2026-03-17 21:06:03.000,2025-12-14 18:18:45.000,1
391,bedwards,16100c56541f2a6aeebe670128a6bfeff4d90c228fd8b6e2fb8ddfe073dada63,OWNER,montgomerymichael@example.net,1,2025-11-09 19:43:51.000,2026-03-18 22:17:00.000,2025-05-24 23:09:16.000,1
392,michael54,97333b77ebedcfa2d79cf210c60150742e9bbe8789d80079e966fbcd16c62986,ADMIN,lisa71@example.net,1,2025-11-09 19:43:51.000,2026-04-13 06:25:03.000,2025-10-11 20:18:56.000,1
393,colleen17,0364c62946d8dbc13c77f6d939b62d0089d141062ca7ce1f487f869c852c9ff7,MEMBER,kdavis@example.net,1,2025-11-09 19:43:51.000,2026-03-24 12:51:26.000,2025-10-15 13:14:00.000,1
394,mary43,2cdaaae55c623f455a39cd95616a0ce9d77a35115783ae7580b384deef3f6df4,MEMBER,cadams@example.com,1,2025-11-09 19:43:51.000,2026-04-12 05:20:31.000,2026-01-06 16:58:49.000,0
395,jamesjacobson,4a5c27bf1cb8e7dcdeff97baec249a009a5daef4daae6661ff49af1ba02d022b,MEMBER,brooke44@example.net,1,2025-11-09 19:43:51.000,2026-03-18 06:00:15.000,2025-12-21 14:09:46.000,1
396,jake26,51de344e2de9086bd7201c43a089fa0146a586dbda64def31896f58b8fd5d393,MEMBER,nchavez@example.net,1,2025-11-09 19:43:51.000,2026-05-06 06:05:56.000,2025-08-04 15:21:52.000,1
397,lisahayes,749fe08aa0838d20b19c57332d440890df5584c46f3eb36d8f095c2e596a70a4,MEMBER,amy46@example.net,1,2025-11-09 19:43:51.000,2026-04-23 15:48:15.000,2025-06-15 20:36:12.000,1
398,kristinprice,2ed09d99aa565f522123fb7dd84d0981c6a910af74d9eaf03670587890a6c4c8,MEMBER,matthew24@example.com,1,2025-11-09 19:43:51.000,2026-04-06 22:07:15.000,2025-09-07 11:53:20.000,1
399,theodoreayala,f475d257ede3abef1600db0b089f0b70efc6afb628c51cf11ea51e0f0764cd1e,MEMBER,clarkkimberly@example.org,1,2025-11-09 19:43:51.000,2026-03-21 18:16:10.000,2026-02-28 02:40:13.000,1
400,nathaniel04,7e0728beaa8090ca6bde0d5d083d886e09ff8467fc9c1b3fe348f03089ac15ca,MEMBER,plloyd@example.net,1,2025-11-09 19:43:51.000,2026-03-25 03:26:45.000,2025-12-14 00:33:25.000,0
401,roy02,7556a2dc0e09f0f4eb7d68463615c2defa27776936d3a79ace04bd048d3d6bc7,MEMBER,mbonilla@example.net,1,2025-11-09 19:43:51.000,2026-03-18 05:43:10.000,2025-11-08 04:24:40.000,1
402,bryantmichelle,0d930360e80e6d96ad8f02ab861003e3bf8532dba28cd1f47ece8aaf9f80d818,MEMBER,ykelley@example.org,1,2025-11-09 19:43:51.000,2026-04-02 14:24:51.000,2025-09-16 04:24:30.000,0
403,davidwilliams,531e4fd50517ea9c93a869fb6018470aeb887f0364985f52eed73e92d72f0844,OWNER,matthew64@example.net,1,2025-11-09 19:43:51.000,2026-04-01 05:32:02.000,2025-10-13 03:57:43.000,0
404,lanewilliam,2f99292a64bca10baf6798f0c944e59ba91142fafb3da9c61a6f3291e5a47553,ADMIN,wsutton@example.net,1,2025-11-09 19:43:51.000,2026-05-06 09:49:33.000,2026-01-25 16:04:15.000,1
405,annette68,4a53a7548ec2da974957566351c8c023d32ab93819fc6249bbb5fadc5a6c1a8e,MEMBER,whitetrevor@example.com,1,2025-11-09 19:43:51.000,2026-04-26 05:31:43.000,2025-09-18 02:31:41.000,1
406,rhodeskatherine,1393e3a966d9826b3027715b175f9620ecbb84d3c4e678dad3da3adc6e07f1d2,MEMBER,heatherfoster@example.com,1,2025-11-09 19:43:51.000,2026-04-16 21:13:45.000,2025-12-09 12:42:38.000,0
407,anthonybarnes,94df27bbcc2b66664087fd2aaa1103c797cd730f04ca6f6c0228be671bf6d07d,OWNER,katrinaphillips@example.org,1,2025-11-09 19:43:51.000,2026-03-19 07:34:23.000,2025-09-25 09:53:37.000,0
408,sheena93,70f67535aff880f8ad40046dee8f0f46d6f78a64387ca6e0dfc9720a32176b12,ADMIN,meagan95@example.org,1,2025-11-09 19:43:51.000,2026-04-13 06:10:59.000,2025-09-10 02:15:24.000,0
409,mcgrathmelissa,bc441e4f84f8eb093881a873d9b5152eb8a704e9381de8e2ebd95e1436306c7f,MEMBER,gcarter@example.net,1,2025-11-09 19:43:51.000,2026-04-23 22:28:38.000,2025-12-20 15:23:29.000,1
410,stevensonshannon,876c09a69b14ce46bdb1042c800b4a11b6a2a41713f3333f7bcf30d89520f111,MEMBER,belinda99@example.com,1,2025-11-09 19:43:51.000,2026-04-27 21:17:57.000,2025-09-09 03:57:59.000,0
411,millermary,2a579d739f1743268a9004ebd8df2e5543b8121817ce5e6df3a5e2bab8cfcec4,MEMBER,joseph11@example.org,1,2025-11-09 19:43:51.000,2026-04-17 20:22:11.000,2025-04-28 15:37:16.000,1
412,downsstephanie,0c026f04978310c5d39f907e0823054f7f72292698d06453255b157de9a44793,OWNER,middletonbarbara@example.net,1,2025-11-09 19:43:51.000,2026-04-02 21:50:31.000,2025-07-12 17:15:04.000,1
413,melvin85,a309593bd48118bcfeffb8275be4b1e421938b7c76648077d5ef3e1cae903e2b,ADMIN,stewartmanuel@example.net,1,2025-11-09 19:43:51.000,2026-03-10 22:54:21.000,2025-06-19 09:36:25.000,1
414,alice23,4d4439a26d0be99f2cbd1b853b8312c110089c2b91dc9435f42ab38261263d0a,MEMBER,darrenmorales@example.com,1,2025-11-09 19:43:51.000,2026-03-18 20:26:36.000,2026-01-19 17:13:11.000,1
415,gary62,9dc1f07bf8dfb2035ba87633ec7ef03a93b7d7c0cfb8935bfabdc54f30d9e5c2,MEMBER,osbornedana@example.org,1,2025-11-09 19:43:51.000,2026-04-10 18:20:07.000,2025-11-12 01:12:37.000,0
416,john19,bc79ea77364091818ff2c7afb390a917de319d2a395dea9d9e40dbb633004cbe,MEMBER,ricky15@example.org,1,2025-11-09 19:43:51.000,2026-04-25 00:25:37.000,2025-10-16 03:08:54.000,1
417,erikamoon,6f0b7015414ca24a0ec4ddb4243518ae2a8e9cc355dea9917b829dd7135e00ba,MEMBER,johnsonjesse@example.com,1,2025-11-09 19:43:51.000,2026-05-02 10:00:05.000,2025-12-02 21:21:04.000,0
418,debrachang,cb897dd8a55bf499152a7638aac94a8e3450809e1b5b3b45f111361e5d8883e3,OWNER,hicksdaniel@example.com,1,2025-11-09 19:43:51.000,2026-03-28 07:56:40.000,2025-05-08 03:02:46.000,0
419,kevin92,70b71ac40747e092295243e25c7291aa02a4377138868a33df15985800cc8ad0,ADMIN,angelaturner@example.org,1,2025-11-09 19:43:51.000,2026-04-25 14:09:28.000,2025-10-04 10:45:11.000,0
420,erikjordan,742b8341302d34758a749d83169c271328cda3a369e4c8ac15167f43ed9d3352,MEMBER,mitchellvanessa@example.net,1,2025-11-09 19:43:51.000,2026-03-29 11:16:29.000,2025-07-20 00:52:28.000,0
421,christinepeters,9d82bd225c8f3c7a9ff64a0c13c37a681c4689636baff8bc5cd4c20afb541f46,MEMBER,michellechan@example.com,1,2025-11-09 19:43:51.000,2026-04-18 07:29:29.000,2025-06-11 09:36:52.000,0
422,russell15,7ee1c0881b87b5962b6ef0fc9c7cf01e0cdf5a2e021cf0d843a9d41180095fc0,MEMBER,ijones@example.net,1,2025-11-09 19:43:51.000,2026-04-04 06:41:57.000,2025-07-04 23:43:36.000,0
423,richardsonamy,a4908f11fe95fa229832ad62332460f0917365872eeada1f215e864d50983f12,OWNER,gary74@example.net,1,2025-11-09 19:43:51.000,2026-05-01 11:31:44.000,2026-02-18 21:55:32.000,0
424,jthomas,2cc7507f9580faa1676e70038d213dae8176031a60c4ee27736fff196cba22b8,ADMIN,courtney11@example.com,1,2025-11-09 19:43:51.000,2026-04-28 20:55:02.000,2025-08-09 08:39:38.000,1
425,zdouglas,87f6187265f6a03d7551448e98a7f69ff3f7d00072dd5075f6aceb3702a12dbe,MEMBER,melanieburgess@example.org,1,2025-11-09 19:43:51.000,2026-04-30 20:58:41.000,2026-01-19 05:54:21.000,0
426,bryan20,381c000b411e81780fcca4b860d6cb37ef3d220156321c45c952920c02363caa,MEMBER,coryriley@example.org,1,2025-11-09 19:43:51.000,2026-04-01 15:31:50.000,2025-09-02 17:43:11.000,1
427,sandovalcasey,b54d3d6dbf07aa14634073f343d0207217dee960e618b1351b42e9dc97848166,OWNER,sandy86@example.com,1,2025-11-09 19:43:51.000,2026-04-01 15:39:28.000,2026-01-05 18:02:46.000,0
428,orodriguez,ff2eb4bcd6e6ba8ed99c8158ae7a0763e3435e78579cb4b5c332c53091340fbd,ADMIN,danny74@example.org,1,2025-11-09 19:43:51.000,2026-05-06 23:26:30.000,2025-09-23 02:25:48.000,0
429,timothycarpenter,fc5322781cc1b83ed7d661469688baa7579e18c87721b0fe2b71283155333511,MEMBER,isavage@example.org,1,2025-11-09 19:43:51.000,2026-03-19 14:16:56.000,2025-06-14 02:22:36.000,1
430,wsoto,dd9cc885ab0436d0280c245a7842d14dd7760e0e24dd9b87108d06ff20cce4d5,OWNER,wyatteric@example.net,1,2025-11-09 19:43:51.000,2026-05-08 13:02:44.000,2025-08-22 23:10:27.000,0
431,adamschristopher,209a81d1409d0e15b3b722b40edeaeaa400b62dbc6b00914bc6466f878faca75,ADMIN,matthewestes@example.net,1,2025-11-09 19:43:51.000,2026-05-07 22:20:59.000,2025-12-31 18:01:37.000,1
432,nelsonjoe,d7feec82fab724d8bfe88a6e2d00e87cb62cdf44cfeca2286aea3c1b2904c4db,MEMBER,lstein@example.net,1,2025-11-09 19:43:51.000,2026-04-07 12:01:14.000,2025-09-23 19:00:38.000,1
433,sharoncook,27cc49b2bf642e9b0ffe2b27ec37c1081407cfae5f3168bb22ca17fa7dd46bbf,MEMBER,rjohnson@example.org,1,2025-11-09 19:43:51.000,2026-03-10 18:58:49.000,2025-08-11 00:46:06.000,1
434,christina37,6b979b81c99a9cf4619361db1f5ee736b56ee4cdc76f6b05d092669bb64a0dec,MEMBER,briannaandrews@example.com,1,2025-11-09 19:43:51.000,2026-04-02 20:10:29.000,2026-01-20 08:52:27.000,1
435,baldwinanna,85924af9e3dfa98ffb72c55e880f357a23f4f198dc8fde54fd1cddcc1916f30b,OWNER,stewartronald@example.com,1,2025-11-09 19:43:51.000,2026-03-13 17:46:15.000,2026-02-19 10:36:22.000,1
436,beltrankaren,df2af996958df9aea932a5dee4999d5a3acbca6d4fbcc75aec1c2d13475e6544,ADMIN,michael78@example.com,1,2025-11-09 19:43:51.000,2026-03-23 14:00:27.000,2025-11-28 05:38:11.000,1
437,nicolebenson,12c83c3e2f0d83950b5bc6d4c7a8fcf71e0c427948bb0ff483f4b1a825762588,MEMBER,christinacole@example.com,1,2025-11-09 19:43:51.000,2026-05-01 09:05:13.000,2025-04-09 05:04:01.000,1
438,obell,fad9f55569f57b55764a4e3c2b2b2500dd0ec2e8b6386f36aa093e96eb1dfa46,MEMBER,adavis@example.com,1,2025-11-09 19:43:51.000,2026-04-22 14:23:48.000,2026-02-02 21:57:12.000,0
439,davidzimmerman,bab8bceb79a73d4de04f85375cdd13d054d64de8473ef61800e8ffe811b8536c,OWNER,simonjohn@example.net,1,2025-11-09 19:43:51.000,2026-04-12 16:43:30.000,2025-05-17 07:47:20.000,0
440,elizabethmorales,1d295b4a668c2b8cbf113044606bceb65599360f52bdc8ab5245b156680c7e8e,ADMIN,barnesjames@example.net,1,2025-11-09 19:43:51.000,2026-03-18 05:38:53.000,2025-09-10 13:24:09.000,0
441,nicoleperez,d3387ee406a702b89983c09ea55b222c846eb8ccb7515b7c1f9b7e9ba1f76a62,MEMBER,jgamble@example.com,1,2025-11-09 19:43:51.000,2026-03-13 11:49:55.000,2026-01-01 15:09:14.000,1
442,ilowe,b9d695bb9863ced1cf074e33a9425e623e591c2a4a63c4b52e6cfaef09bef96a,MEMBER,uphillips@example.com,1,2025-11-09 19:43:51.000,2026-04-01 02:59:04.000,2025-08-22 21:07:19.000,0
443,vgonzalez,e562411f5b0a22549075d741bf39018c5e9783ba751c7cc97bf5ba5cd61ae4b5,MEMBER,gary85@example.net,1,2025-11-09 19:43:51.000,2026-04-03 23:26:06.000,2025-06-02 04:46:21.000,0
444,ygallagher,a2380dd17c390b97b8211a0295356bcba0b25a74ed883188e8008d540e14ec90,OWNER,molly96@example.com,1,2025-11-09 19:43:51.000,2026-05-01 13:36:08.000,2025-05-11 00:21:58.000,0
445,mmcdaniel,62fb8aae20f9128e16381c786e12f248eebfb8c1bf2ce1f03a39112c27f8b0ef,ADMIN,lgutierrez@example.com,1,2025-11-09 19:43:51.000,2026-03-11 14:54:08.000,2025-06-12 04:59:54.000,1
446,coxjoshua,c6a703a793536c2ab9200dd1612f8a3080537c32bd6935b2fb3fa8dda443176f,MEMBER,adam75@example.com,1,2025-11-09 19:43:51.000,2026-04-16 08:10:51.000,2026-02-06 21:00:52.000,1
447,kristy86,141494ca79a7188f2ad9cafeac1f99330e2dcb336436a95ba5a26d6f59b38bbd,MEMBER,brendamcintyre@example.net,1,2025-11-09 19:43:51.000,2026-04-16 03:17:11.000,2025-04-13 12:06:46.000,0
448,bwarren,a6538f2716ee0e4d109f5717d9e765a1b0f1dbb8ae3dab532b40d2200d32e5fe,MEMBER,stevenfrazier@example.net,1,2025-11-09 19:43:51.000,2026-03-29 17:12:32.000,2026-01-31 00:30:20.000,0
449,sonia16,6e7399eae220be9c4cd77186f1a253a51fab4fd551a33c70c07c6b38585a2a57,OWNER,thomassamantha@example.com,1,2025-11-09 19:43:51.000,2026-03-12 14:41:24.000,2025-08-10 00:21:03.000,0
450,grayjessica,4528b70249d92916d17d83b781309edce9b38fc6c4ac59c9470919ce2ed68519,ADMIN,zacharymartin@example.com,1,2025-11-09 19:43:51.000,2026-03-19 07:29:57.000,2025-04-08 21:37:43.000,0
451,mmeyers,775326267c67e6979c19e2cbf48d87f6233f2212d9ca2a3fb6994d1da4b69dd9,MEMBER,amandagross@example.com,1,2025-11-09 19:43:51.000,2026-03-15 08:23:21.000,2026-03-05 19:22:24.000,0
452,dmaddox,ec7bcf46139d92d568cad4c6d16e918a1271d903bead4fb41cddfebd9af2d6b0,MEMBER,bchapman@example.org,1,2025-11-09 19:43:51.000,2026-05-06 22:42:09.000,2025-09-08 17:30:24.000,1
453,rodriguezjose,22481c7691765d5b8fb7164fa25e76abf784be71f2654d0cf5231e78544c9c1b,MEMBER,victoriarussell@example.net,1,2025-11-09 19:43:51.000,2026-04-30 04:34:23.000,2025-10-03 07:25:29.000,0
454,zacharyboone,6c6ceeaff0860cb5484ee8faefb65da2f127e5d980f250e9cf3d24031f00f941,OWNER,andersonaudrey@example.com,1,2025-11-09 19:43:51.000,2026-04-07 09:31:17.000,2026-02-03 16:03:02.000,1
455,davidcunningham,4804f34ab5365d74ff1c5933c775d03a696cec0bd6ac19e7f6787430303dc85e,ADMIN,sandra00@example.org,1,2025-11-09 19:43:51.000,2026-03-17 12:20:12.000,2025-11-12 23:44:41.000,1
456,uwhite,579284f14b7c6021c8f317b3780e0c409d27487b4469311addfd0cdc95b00e29,MEMBER,andrew01@example.org,1,2025-11-09 19:43:51.000,2026-05-06 05:40:28.000,2025-11-17 02:08:08.000,0
457,kelly68,23ebef5f6086a12dc13c77a732b18ebd737b79093f41f980dc769014dbee36a3,MEMBER,amandamiller@example.com,1,2025-11-09 19:43:51.000,2026-04-07 11:44:53.000,2025-12-14 09:16:38.000,0
458,mendezannette,b569935a68e9d614c5ca4b955ac4d9e6895ee9ebc6575db0cf5d96ef75da3066,MEMBER,loricarlson@example.com,1,2025-11-09 19:43:51.000,2026-03-17 08:55:49.000,2025-09-25 19:57:38.000,0
459,iparks,08ba3d1c20ba68a431b71173fc2fd2a17bd8a84a1e866bfc2600b2e8f6a0495d,MEMBER,rasmussensophia@example.net,1,2025-11-09 19:43:51.000,2026-03-23 08:31:31.000,2025-05-01 18:23:34.000,0
460,mcleanheather,d8761e1d0657eea53038fe04dd8a3af77cfbfd99662b7dd92537e4ad4e31ec50,MEMBER,goodmandonald@example.org,1,2025-11-09 19:43:51.000,2026-04-21 20:35:48.000,2025-07-08 19:17:49.000,0
461,tmendoza,67bb201a746200fb265aee77942880f599e88ab4004cd52b69af7040f88e8881,MEMBER,kwilliams@example.net,1,2025-11-09 19:43:51.000,2026-03-24 19:24:44.000,2025-06-28 01:12:13.000,1
462,wellscynthia,5a7cd54b686d558fdd23a7b66cb22ff86b0cac92c82b00e23e56e84591371a1a,OWNER,jamesball@example.net,1,2025-11-09 19:43:51.000,2026-04-14 06:27:38.000,2025-09-26 13:40:13.000,1
463,rrowland,3ab663e04a07299d3483ffb61755bf8f1b1a8a33dabce68fddad25015fa53b58,ADMIN,kevin72@example.com,1,2025-11-09 19:43:51.000,2026-04-24 09:58:39.000,2025-05-18 14:27:38.000,1
464,millerfrank,432a8cbedb441816d747a78d1fb0ed9bf99b1999cd6a00539909b451794a1bfa,MEMBER,flittle@example.net,1,2025-11-09 19:43:51.000,2026-04-01 07:24:02.000,2025-05-23 04:44:03.000,0
465,george13,0bb086e32c05d4e26010845693fd736f619ce5cdc99ad51998ad8be0b6ae1119,MEMBER,ricardorichardson@example.com,1,2025-11-09 19:43:51.000,2026-04-23 16:45:31.000,2025-12-31 17:51:55.000,0
466,robinsongregory,b63de684a4bf054814618b546773f564a5b1add4c67b6142e279f6660e6ed589,OWNER,lauren23@example.net,1,2025-11-09 19:43:51.000,2026-03-18 09:35:07.000,2025-04-15 10:06:05.000,0
467,monica32,91d3a7813de3b2531ab0d89aae056d7ddd692f2da74c982365cbd8962af6f4a0,ADMIN,lboone@example.com,1,2025-11-09 19:43:51.000,2026-03-19 12:50:44.000,2025-07-22 11:35:42.000,1
468,joseph42,ba27d3b52ae9b60c292ad49af44bf16faf6b0a41dbb9b62208f3d90f000ef191,MEMBER,rhonda71@example.org,1,2025-11-09 19:43:51.000,2026-04-07 20:28:02.000,2025-07-29 17:58:09.000,1
469,robertjackson,a2e4827af25f6a9fbc082666652bb0f7121d84786738b85bdfeb9d459ac6ce1e,MEMBER,cassandra63@example.net,1,2025-11-09 19:43:51.000,2026-04-05 22:45:38.000,2025-06-15 20:47:39.000,1
470,stevenyates,23a1f43e18f91e7ffbe6b17dc5b991266a3f6afdd55437ba7a12ad32091aec61,MEMBER,yhines@example.org,1,2025-11-09 19:43:51.000,2026-04-11 13:47:50.000,2025-05-13 21:08:05.000,1
471,harrismiranda,44546534113f0247a91c23e73ec240da2011b1e1243277e865d4e750d677750f,OWNER,jennylewis@example.net,1,2025-11-09 19:43:51.000,2026-05-08 14:57:29.000,2025-06-06 04:05:49.000,1
472,christopherwilliams,1d2c4adc10c7cde13beb9f451efe1c43cd021681400e8bd43ebe5ec944d0e175,ADMIN,danny42@example.net,1,2025-11-09 19:43:51.000,2026-04-27 05:47:39.000,2025-09-16 12:32:56.000,1
473,elewis,b6f5cbbece47da1cb92dc0b9739fa65e3d8336c22ac51d76f8c09ecdcdcd302d,MEMBER,uscott@example.net,1,2025-11-09 19:43:51.000,2026-04-18 14:48:29.000,2025-11-16 22:42:51.000,1
474,brittanycortez,e97b129fcb145c62dcce0c424d8bab82d8a60b5e9079d9a8a4338c3a0bf17050,MEMBER,joshuamurphy@example.com,1,2025-11-09 19:43:51.000,2026-04-24 14:50:19.000,2025-07-02 04:41:44.000,1
475,hudsonkyle,f44f5b729433d18e61d9d07ca21e1260bc1dfd9505a25d7756a13695236e8c31,MEMBER,lhart@example.com,1,2025-11-09 19:43:51.000,2026-04-04 09:54:42.000,2025-04-12 11:06:32.000,0
476,kevinball,5671af545920dc3bb6b3786e4712e196c8738146492ce62c75b5332a32712444,OWNER,hollyhernandez@example.com,1,2025-11-09 19:43:51.000,2026-04-28 15:02:35.000,2025-05-14 17:11:50.000,1
477,smithtanya,0244ac24294788d8d7cb55c37513f58625487c65f94b5d7786315d34d3cc622e,ADMIN,yheath@example.org,1,2025-11-09 19:43:51.000,2026-03-17 09:36:06.000,2025-07-31 00:20:40.000,1
478,briannacrawford,db29223aadc7cd349efb7db95f05bf32f45037358bd72490f6785a7f9d43e9e5,MEMBER,umartin@example.net,1,2025-11-09 19:43:51.000,2026-04-04 23:48:25.000,2026-03-04 11:42:51.000,0
479,harperdonald,1c4b9635976c8fcf4572be44f22f412f93cb4a66196e48cb38fa6ddc6679e26d,MEMBER,charles03@example.net,1,2025-11-09 19:43:51.000,2026-05-06 19:11:31.000,2026-02-28 04:38:15.000,0
480,samanthahill,f77e78b2c84b5c90e2a553bf55245510d617095d4025c6c3a3c19c80afc0ae39,MEMBER,robin13@example.com,1,2025-11-09 19:43:51.000,2026-04-02 16:12:52.000,2026-02-17 20:19:42.000,0
481,cindy48,5c83b8496e7322cf2c6fa93ca85208d2a44d106e8b047db725785c09a7f81043,OWNER,ebarber@example.com,1,2025-11-09 19:43:51.000,2026-03-10 19:48:23.000,2025-12-09 04:22:31.000,1
482,thomas13,3f94b6d02e2b695961c90ad94e122939799a0914e1ce1baf36dc374dd1c61439,ADMIN,mcgeeerin@example.org,1,2025-11-09 19:43:51.000,2026-04-10 08:33:30.000,2025-12-25 00:01:20.000,0
483,zacharypreston,c6b771b2764bc3f492fb81de2f7d82db1e17894483a653d756e0675269729500,MEMBER,james55@example.org,1,2025-11-09 19:43:51.000,2026-04-26 20:06:18.000,2025-08-05 03:00:18.000,0
484,ujordan,343601bf3577ff6ebe69b55a0465f64f2c84feb38c4af7f5c0f617c72f233e71,MEMBER,jessica61@example.net,1,2025-11-09 19:43:51.000,2026-04-20 10:39:04.000,2026-03-08 20:40:39.000,0
485,emilyjames,9103a12977453e374bbb52d0732644b680494306ed9d437b69d7b020a9afbf98,MEMBER,fostercharles@example.com,1,2025-11-09 19:43:51.000,2026-04-01 06:58:14.000,2025-05-07 20:51:27.000,0
486,alancarpenter,901cfe4f54e86960c20d714f6fc89862aa637e3456707e108d0f403b4e5f7455,MEMBER,christopher41@example.com,1,2025-11-09 19:43:51.000,2026-04-16 21:59:50.000,2026-01-20 20:41:16.000,0
487,roachkristen,0ff8b1d2df652038181c29f628e5c5f71a190fb0039493009010523d57766291,MEMBER,mccartyshannon@example.com,1,2025-11-09 19:43:51.000,2026-04-29 09:59:41.000,2025-12-15 04:44:27.000,0
488,mitchell99,0af82a1950d331bb82b4fdea43ddc001cf141af23f1b3c98807945a9a4b36926,MEMBER,michael16@example.com,1,2025-11-09 19:43:51.000,2026-04-11 06:30:50.000,2026-02-22 13:35:43.000,1
489,jordankathleen,c21f1f7ac73a6fb1d0024169dbec29b372ca71aa35d839692a23dd81c5d29d59,MEMBER,victor18@example.org,1,2025-11-09 19:43:51.000,2026-04-30 07:40:33.000,2025-07-07 11:38:57.000,1
490,turnermichael,5c0762de10a408bbbc33379c6330f3110a26ab29c34322b13f6bb6c4e8fa78c7,MEMBER,gcasey@example.net,1,2025-11-09 19:43:51.000,2026-03-27 14:41:08.000,2026-02-04 03:32:12.000,1
491,spencerjordan,ab61ed930a1f1bfa015ec983f3ff19ebf55171bdc8eac30affc76b8aeb629cef,MEMBER,katherine68@example.com,1,2025-11-09 19:43:51.000,2026-05-02 10:43:22.000,2025-09-09 22:38:41.000,0
492,ksmith,96dfc86c517ef97f8d518943bc1f543a5d722dd1a3369284bc17783f0dc1013e,MEMBER,scottdeborah@example.com,1,2025-11-09 19:43:51.000,2026-04-22 02:45:34.000,2025-07-14 19:40:31.000,0
493,matthew91,99a0337b88cbe5b38dbf09384483c36d82824b6bae1eaadd4a325a0c09b85f5d,OWNER,tnielsen@example.net,1,2025-11-09 19:43:51.000,2026-05-04 04:55:33.000,2025-10-29 06:46:04.000,0
494,garciakristen,a8044105fa3821ef9edd23931dd944b2480991cf717a0043a92b650ca77daa29,ADMIN,lindsay71@example.org,1,2025-11-09 19:43:51.000,2026-03-13 09:00:39.000,2025-08-21 08:23:42.000,0
495,zimmermanstephen,f54d61cb9cd976b9f7e8df86090a6e6035985a21dfb28cf5f1f2afef9154a046,MEMBER,georgeprice@example.com,1,2025-11-09 19:43:51.000,2026-04-07 16:16:23.000,2025-05-28 07:23:42.000,0
496,markguzman,413d68115c77143f0df1bae1fe7458cfa132f698dbf12d9ab5c915bd87396937,MEMBER,yedwards@example.org,1,2025-11-09 19:43:51.000,2026-04-02 07:06:50.000,2025-05-28 00:47:09.000,1
497,diana91,7aadaa31f01a7a581715f4da8bb128ec41b64970e765e2adf1cd051e6cbdc869,OWNER,cummingselizabeth@example.net,1,2025-11-09 19:43:51.000,2026-04-28 21:09:52.000,2025-04-27 19:16:08.000,1
498,tmartin,0033640edf3750a4e2a59de7a254bb8d4c5af641c5ef4bbf1aedc7c4ff61bff0,ADMIN,ryan42@example.org,1,2025-11-09 19:43:51.000,2026-03-18 05:57:53.000,2025-08-18 07:29:08.000,0
499,timothywilliams,982925f3e41702016f86ff4fe74de367079f84e1815be1b5efbed4960c9b8bdf,MEMBER,ingramwilliam@example.net,1,2025-11-09 19:43:51.000,2026-03-22 04:07:39.000,2025-05-22 05:47:01.000,1
500,moorebrian,ecd694a56c3360cedb05d9592254d75c727618bcc86481c768c898aa66d80b77,MEMBER,rogerspeter@example.org,1,2025-11-09 19:43:51.000,2026-04-24 10:58:21.000,2025-04-07 11:36:22.000,0
501,karenmarshall,928ba177e923d06d71970cc6127534fc3cb14b6f5f7c591bac890d64b094ac5c,MEMBER,zfuller@example.com,1,2025-11-09 19:43:51.000,2026-04-10 01:25:26.000,2025-09-29 01:32:13.000,1
502,darren34,fa331fae1707182745c4d6b692ce727231edd7f5fc6886d9b4c3d6165c3fcb08,OWNER,sawyerjoseph@example.net,1,2025-11-09 19:43:51.000,2026-04-28 03:45:25.000,2025-10-04 20:24:29.000,1
503,tiffanyingram,4957b5b040d0d96066d154c3366f90de9d44e2a1b4f4b99381e79caf06b999b8,ADMIN,sanderswalter@example.net,1,2025-11-09 19:43:51.000,2026-03-19 01:01:30.000,2026-01-28 02:22:56.000,1
504,lisabright,7bda0b1b4777ba52d28c0eba566788b85a201e7529d28009108991f3ba144d67,MEMBER,smithdennis@example.net,1,2025-11-09 19:43:51.000,2026-05-01 08:04:11.000,2026-02-20 15:33:08.000,0
505,ddawson,a5583e48af9b38bcd26454b1389e1d86c343468a669a7bc4eebd13aeff31b539,MEMBER,john55@example.net,1,2025-11-09 19:43:51.000,2026-04-01 17:05:36.000,2026-01-31 19:14:36.000,0
506,nsanders,98bee88efa5dd86d58a0c0c2a9aab085327b8c82c80063d5d9f1a453883c0ea7,MEMBER,kathrynpineda@example.net,1,2025-11-09 19:43:51.000,2026-04-16 10:27:52.000,2025-08-26 15:09:40.000,0
507,fcooper,da9f1bf4b62b3a86a0eaad6e520e6363f46d5cd7f3e0611d86600ef0acdc5d33,MEMBER,barrythomas@example.com,1,2025-11-09 19:43:51.000,2026-05-01 09:31:11.000,2025-11-24 21:51:22.000,1
508,gilljames,c7ae054c66f7fb85b1e7d733719853e960f02e851b6504a6962d5d07e5f0103d,MEMBER,alexispotts@example.net,1,2025-11-09 19:43:51.000,2026-04-24 07:54:45.000,2025-06-19 04:44:22.000,0
509,alexanderjerry,4a2701890c70cfb1099e1bcfb780f812b34b0b75639e7e68583fe5683c9ebf68,OWNER,stephanie54@example.com,1,2025-11-09 19:43:51.000,2026-04-30 23:36:40.000,2025-11-15 21:24:05.000,1
510,mitchellchristopher,14d96e149c0806d5fa1f57c75175f3e68bc033ad3469c2223930b51a5619d5e1,ADMIN,brianna92@example.org,1,2025-11-09 19:43:51.000,2026-04-04 02:56:29.000,2025-11-06 18:17:59.000,1
511,zrodriguez,fa9f7a795cb7774d88f8d708ff6d4e5fa9827f158e2fa780d6405626694260e1,MEMBER,carlos26@example.net,1,2025-11-09 19:43:51.000,2026-04-29 08:40:43.000,2025-12-08 20:27:46.000,1
512,jeffreythompson,580cffa6414b4851931936c2721ec66fc623dfbeb0fe57fede340b7549027f69,MEMBER,saragoodwin@example.com,1,2025-11-09 19:43:51.000,2026-04-17 05:42:47.000,2025-07-24 14:58:51.000,1
513,ryandunn,47caed0df5017f5bb526017508db95af6ad50ff40d970b8660f900685d596e74,MEMBER,rrobbins@example.com,1,2025-11-09 19:43:51.000,2026-05-07 19:22:32.000,2025-05-02 01:46:21.000,0
514,dhuff,febde6f42c09a1d0fd0af8f17113eec0b33f587ce8f075538e8fad513aa94ee4,MEMBER,nicholasjohnson@example.org,1,2025-11-09 19:43:51.000,2026-04-21 14:35:18.000,2025-09-15 21:48:31.000,1
515,jennifer57,8791bc539be9dc2186eb8c20f640485a821cd96efcc353b42df972094729142c,OWNER,alicia87@example.org,1,2025-11-09 19:43:51.000,2026-03-25 18:25:00.000,2026-03-08 21:43:10.000,1
516,louis01,2adda030e6c48f8366edf36525305e9e1a1dcba97400ed0ae1f892d4f54cec15,ADMIN,averykyle@example.com,1,2025-11-09 19:43:51.000,2026-04-12 11:05:48.000,2026-01-13 13:00:46.000,1
517,mcdanieljesus,b5309cbc38ee90350a4b9c03d1247ce5d1894df424561a1e9bf6ee35cd82e5d6,MEMBER,bradleymichael@example.net,1,2025-11-09 19:43:51.000,2026-04-15 05:16:29.000,2026-01-24 18:08:29.000,1
518,kellyhelen,e98311387e0b20d0cea58952b2b5ffdbfe8d8e998b215904ba0d1f676756cf48,MEMBER,christopherbenton@example.org,1,2025-11-09 19:43:51.000,2026-03-12 08:21:23.000,2025-05-10 11:21:35.000,0
519,parker55,6d13f425f2dae9edf651b2fed28fcf9a3df53e9a84fbb5766b1c85907c070948,MEMBER,michael88@example.com,1,2025-11-09 19:43:51.000,2026-04-13 08:37:53.000,2025-05-13 18:18:48.000,0
520,mariopham,873fdb2f39efe7f2e66381e762da9d4f21be16516ec9bd7409996b99aca21fbc,MEMBER,ostevenson@example.org,1,2025-11-09 19:43:51.000,2026-03-31 11:08:24.000,2025-11-18 12:13:24.000,1
521,derrick84,d6227f1a3aa62aaad05473ba1244c79d835e93fbd602363dfd1b6f3a049a42da,MEMBER,wattsjulie@example.com,1,2025-11-09 19:43:51.000,2026-04-27 17:44:21.000,2025-12-04 00:58:08.000,0
522,randolphjoshua,01734815e838a2f1d580994e048725157f81dd33b471034884571d4f8938a95d,OWNER,rfields@example.net,1,2025-11-09 19:43:51.000,2026-04-06 11:12:02.000,2026-01-22 09:10:00.000,0
523,ellisstephanie,c895cc061683619f40ae11812f2516ce4b974c62db1f9df762e278239f7ae1fc,ADMIN,jameswilliams@example.org,1,2025-11-09 19:43:51.000,2026-05-05 05:36:52.000,2026-01-05 07:07:19.000,1
524,jennifer38,a883563ea2a277250f2791d3a6f073337740803611483b6592c846acc335942d,MEMBER,connieblevins@example.org,1,2025-11-09 19:43:51.000,2026-04-18 23:11:21.000,2025-04-12 12:57:28.000,0
525,amy62,f210df739a361a63df0b89b0cae6c339db5e5d9bb2e05566c755f560ed9cd893,MEMBER,eford@example.net,1,2025-11-09 19:43:51.000,2026-03-11 06:29:55.000,2026-02-19 10:40:51.000,0
526,dawn28,41489d4dfad6a7f45c744059a37126b2d827b6cffea0774eff4e5d039606ea4a,MEMBER,jefferyturner@example.net,1,2025-11-09 19:43:51.000,2026-03-27 08:36:34.000,2025-08-21 22:49:30.000,0
527,marymorales,af2b9721c54554e4053007d53bab168513286639127f11ef271fa8ce9b90d4c7,MEMBER,christianfranco@example.net,1,2025-11-09 19:43:51.000,2026-04-22 13:34:24.000,2026-01-17 15:04:49.000,1
528,phines,429ebdef9472e789938a981bd691fa34197ade39d3b8fefad635428bfd0c9002,MEMBER,cochranelizabeth@example.org,1,2025-11-09 19:43:51.000,2026-03-31 08:05:56.000,2025-11-22 01:06:22.000,1
529,danamason,b7243ea6e8869ddeba018e8033a784af6efc86b85e4c9e9abdb86ae56cad40ee,OWNER,baileychristina@example.org,1,2025-11-09 19:43:51.000,2026-04-25 20:16:22.000,2025-07-23 03:45:07.000,1
530,calderonblake,3e858d9e9710c5e961c24b97085ffb54a4f982b428ba8cc6d1ffd4808b949eb9,ADMIN,fgraham@example.com,1,2025-11-09 19:43:51.000,2026-04-24 22:31:51.000,2025-05-28 10:09:45.000,1
531,herickson,a335bc6d412fbf3a1f16de3c8e1e759287469f1c4acbde14705cc01dd3edd497,MEMBER,brookesmith@example.net,1,2025-11-09 19:43:51.000,2026-04-23 06:20:44.000,2025-12-15 22:48:54.000,0
532,alex71,7da2a864dc1ecbd7d7af6a4ea4affb2f0dc97db67522affc934f9a49073ab629,OWNER,douglas48@example.net,1,2025-11-09 19:43:51.000,2026-03-30 22:19:46.000,2025-10-03 19:43:35.000,0
533,ahatfield,7c498e7778739a6fbb3ded7b9f25ef81d2cd35748b9fd8d57512e171fed4eece,ADMIN,vanessa55@example.com,1,2025-11-09 19:43:51.000,2026-03-28 19:32:24.000,2025-07-16 19:20:45.000,0
534,alexanderteresa,1f018e18a76030513c4c2f59fbbf4e20d4c3d8727bdb9a813e548b4c6daba70d,MEMBER,alexander16@example.org,1,2025-11-09 19:43:51.000,2026-04-17 04:32:28.000,2025-07-19 05:11:36.000,1
535,xhill,3fa328a8f7d2bbd4ed5541226b9bb65773aba038f715198df4a4046373e9bbae,MEMBER,christianramirez@example.net,1,2025-11-09 19:43:51.000,2026-04-17 04:34:29.000,2025-12-17 01:17:49.000,0
536,mhernandez,08a0f01f0ded6ca732140c743ffff11951889131db19a66f68d21915c5171010,OWNER,stephaniewhitehead@example.com,1,2025-11-09 19:43:51.000,2026-03-30 01:00:45.000,2025-08-30 15:55:36.000,1
537,albertdiaz,18b11e8bf73d78f21e0821cdb7ea78cee4c29c37c305c6275ccf792a7295601e,ADMIN,hintonthomas@example.net,1,2025-11-09 19:43:51.000,2026-04-24 02:36:03.000,2026-02-23 23:41:12.000,1
538,uandrews,4cb655e0f68638172d9c175621d635dc92816d918913e94e3a13c1b3640c7e2f,MEMBER,douglasrobertson@example.com,1,2025-11-09 19:43:51.000,2026-03-10 18:39:58.000,2025-06-07 08:24:54.000,1
539,brookehardy,be74dfdb330c831d356e2bbc44d3cae47b226e6e1bb023b89afe83c3f2a5c398,MEMBER,esmith@example.com,1,2025-11-09 19:43:51.000,2026-05-03 08:26:47.000,2025-11-27 21:35:37.000,1
540,montescarl,fbae9c506fe11c10136538616045b9c4c50b26626c9c4377ca287a518628e6b3,OWNER,scott60@example.net,1,2025-11-09 19:43:51.000,2026-04-15 22:19:44.000,2025-04-29 15:21:48.000,0
541,kimkenneth,edec810799744398f770823111d84bd4d0574ea254400c154aca890774ef0953,ADMIN,sjones@example.com,1,2025-11-09 19:43:51.000,2026-03-15 06:06:42.000,2025-10-24 03:09:39.000,1
542,ibeard,6a5a330d9ffbbaaa957f0857f25556c5b9e0674cec1fc8d94a8a858dcd8d4e6a,MEMBER,alicia56@example.org,1,2025-11-09 19:43:51.000,2026-04-29 22:54:41.000,2025-05-23 09:10:36.000,1
543,robinsonfrank,9d9dd18e859c0ae46127ee5de8cd3cd7f5bc34bb3315636f1edd565d3c3dbe95,MEMBER,tony10@example.net,1,2025-11-09 19:43:51.000,2026-04-10 19:00:10.000,2025-08-16 17:15:57.000,1
544,danielanderson,428944a3fd1c7258f729f984c292a439242ce887d4f2e56c671e95d2c114bda6,MEMBER,reesetom@example.com,1,2025-11-09 19:43:51.000,2026-03-16 00:57:08.000,2026-02-22 21:18:09.000,1
545,mooneycurtis,2af1526c19003a72c4e6d6a125a7bda85a3fd6c8d71c37c27e718ac22e42058d,MEMBER,catherine25@example.net,1,2025-11-09 19:43:51.000,2026-04-15 15:03:20.000,2026-02-27 21:00:44.000,1
546,christophersnyder,513e283f46672ff2c95d27f06b3553e71a0cd9cefd78bac3f28b0996b5f82d46,MEMBER,gshort@example.net,1,2025-11-09 19:43:51.000,2026-05-08 18:55:22.000,2025-09-01 06:49:30.000,0
547,taylorjacob,b4f68b1361c2ab11b1a53c768b409093878ae8aff58a28de72b4d19f70a92ba3,MEMBER,khanashley@example.com,1,2025-11-09 19:43:51.000,2026-03-24 13:49:55.000,2025-05-26 12:37:38.000,1
548,joshua39,1b4f1dcadff4d1e93d621b1864c89a09788fe13e2da1238dacc2e2d8cf9cfe90,MEMBER,wjohnson@example.org,1,2025-11-09 19:43:51.000,2026-03-11 09:41:17.000,2025-06-19 03:23:40.000,0
549,harmonjesse,5d000d2bff1eba56996c1a134c6650f4113581383f4d591de7331b5135a5351c,OWNER,michael17@example.com,1,2025-11-09 19:43:51.000,2026-04-17 16:41:59.000,2025-06-16 06:01:49.000,0
550,jeffrey25,aecc5e26925e56f0405d9877c2701071196311d92e0ce6bd8265bf090e09af0e,ADMIN,heather92@example.com,1,2025-11-09 19:43:51.000,2026-03-27 15:06:46.000,2026-02-25 18:47:21.000,1
551,catherinewagner,221c6dc27412c171a76c8d242b18cdf88dc29a4d403d82db97b9ab31aede468a,MEMBER,usmith@example.com,1,2025-11-09 19:43:51.000,2026-04-29 02:21:04.000,2025-08-22 18:15:42.000,0
552,robinsonheather,cf7332c2afb1534a5474084166ce65a6d36c03e5c0211a3e430dea06e19a8ea0,OWNER,daviskatrina@example.net,1,2025-11-09 19:43:51.000,2026-04-09 22:28:25.000,2025-08-17 16:36:15.000,1
553,lhudson,c57458a1fa715f376736ad0efe44edf30b4c367c4adb3d9448ca9148eadb1e8b,ADMIN,andersonjesse@example.org,1,2025-11-09 19:43:51.000,2026-04-23 15:06:44.000,2025-11-30 02:46:39.000,1
554,renee46,2aa16134baef9e5ef3a64c0cae5014a4992ee374b574c14ae9feaedad32b1cc7,MEMBER,chloeknight@example.org,1,2025-11-09 19:43:51.000,2026-04-27 00:39:52.000,2025-07-02 10:21:31.000,1
555,dfloyd,681f93623137df5227496ed98685ea50a1bac9e121b8abffb60ffc77d1e200ee,MEMBER,xcollins@example.net,1,2025-11-09 19:43:51.000,2026-03-31 16:37:54.000,2026-02-12 11:51:30.000,0
556,michael96,3f9e213b7611c17add047379eea2f6b178bd2a41bf5d4871206ba19b6d5f991c,MEMBER,davidyoung@example.net,1,2025-11-09 19:43:51.000,2026-03-29 00:45:13.000,2025-08-03 05:27:22.000,0
557,millersharon,bf87d813e7eb55f983a0ac5dc38cf226e2a42ea19ad003e1f8963ebb2fb3cb59,OWNER,ksmith@example.org,1,2025-11-09 19:43:51.000,2026-04-11 02:50:50.000,2025-05-17 14:27:02.000,1
558,brad90,fa1162334827cca2710cd116d8814adf507e982d63bca1fee4be88aa00980c77,ADMIN,glennjeremy@example.org,1,2025-11-09 19:43:51.000,2026-04-10 22:38:56.000,2025-05-09 10:57:39.000,0
559,robin10,d2fb0edc53da2fdf98b18f50dd7652e109f352fb6f7c0c4b38e754d8ef74d060,MEMBER,johnnywallace@example.net,1,2025-11-09 19:43:51.000,2026-04-22 00:41:01.000,2025-12-03 19:03:26.000,0
560,lori59,1e241b664b30b54c42dce734c865695127caba96ff9bdc4fd6401b35fca51aee,MEMBER,brosales@example.net,1,2025-11-09 19:43:51.000,2026-04-06 17:44:36.000,2025-10-16 01:41:08.000,0
561,vgomez,f7c611d0326eaf44a8852f1cd298f3657a2194b17e1235e0c83b617966a8d252,OWNER,tiffany33@example.net,1,2025-11-09 19:43:51.000,2026-04-14 06:51:41.000,2025-04-25 19:20:17.000,0
562,stephanie16,ed901572ec909eba404d6282579f374371b08c1caa831f6c4dda3fcd576a4890,ADMIN,michaelday@example.org,1,2025-11-09 19:43:51.000,2026-03-11 03:34:36.000,2025-09-03 07:13:55.000,0
563,haileyreese,9981a0862776c581e4b7ed5a8ad712bb6c9e4bb462b27e813bb2fd05b585b442,MEMBER,matthew62@example.org,1,2025-11-09 19:43:51.000,2026-05-02 13:44:34.000,2025-09-12 21:00:09.000,0
564,mirandadustin,84224b53397624173ec143a32573b13988bf79f40c884fc2978b37592033f877,MEMBER,hreyes@example.net,1,2025-11-09 19:43:51.000,2026-03-13 15:34:10.000,2025-08-02 07:44:06.000,1
565,micheal65,acf33701360a39c50a0d8b59919671ba8ebe24d4255f140b3c5d98ee7cc51914,MEMBER,bmiller@example.org,1,2025-11-09 19:43:51.000,2026-04-13 00:10:33.000,2026-02-19 22:06:57.000,0
566,deniseanderson,db7994bd19f95c2348ed536cf1360b7b64a1285a0630b51fce073b3a4a665e25,MEMBER,vincent83@example.net,1,2025-11-09 19:43:51.000,2026-04-21 15:19:56.000,2025-09-17 16:44:20.000,0
567,joycewilliam,bbd04ddffedd8d7ee42edbffc908364d7d23bf48d3c6d0f6b912487dfd1ae325,MEMBER,taylor31@example.net,1,2025-11-09 19:43:51.000,2026-05-07 23:52:06.000,2025-06-15 23:47:47.000,1
568,christensenkenneth,c214c3526ca0a79f5250560c989cbcbf1f10e18cd7bee8c6eb5d2d6893c7fce2,OWNER,haleyscott@example.com,1,2025-11-09 19:43:51.000,2026-03-23 18:37:24.000,2025-12-31 06:48:29.000,1
569,ryan76,61503ffcdd1c946a917d02c70fb10b498f054b378b4194b238d1f1cca970dfb2,ADMIN,valerieperry@example.org,1,2025-11-09 19:43:51.000,2026-03-18 11:25:35.000,2025-10-04 06:58:11.000,1
570,zacharymercer,11513743af2a72f8855d1488151d247bdc7f10259c63d685bfdff5039c9e2d73,MEMBER,danamiller@example.com,1,2025-11-09 19:43:51.000,2026-04-30 14:04:04.000,2026-02-27 22:10:52.000,0
571,lisamiranda,0b8a1107701ae35876db45c9faf6013beaf5e51748cd2f1b789b54649aa8b185,MEMBER,michael25@example.org,1,2025-11-09 19:43:51.000,2026-04-21 13:10:28.000,2025-08-03 15:51:46.000,0
572,edward33,037a63e84c55df8cf343be394cc10d5f3f7a41456188e18f43fb24508bb76397,OWNER,middletonangelica@example.net,1,2025-11-09 19:43:51.000,2026-04-03 15:28:31.000,2025-05-28 15:10:54.000,0
573,david30,6a650a239895743143b17dd51361b1b30509abbf94021bf1215f5205130de76c,ADMIN,glenn96@example.com,1,2025-11-09 19:43:51.000,2026-03-24 18:00:07.000,2025-10-25 08:10:43.000,0
574,karen36,1c54bae6dfdfd8a24d8d05d0bccb5bc52d84a5bcbbd65610a70ac0793781e6f4,MEMBER,oscar93@example.com,1,2025-11-09 19:43:51.000,2026-04-28 23:11:44.000,2025-04-13 20:20:57.000,1
575,kathryn18,b94f18f9d72c8851402fb4e89a0abd91fae82cf6bd5b6f7738d08f2e1e7ef4ab,MEMBER,roberto09@example.org,1,2025-11-09 19:43:51.000,2026-04-22 13:00:41.000,2025-07-25 15:08:17.000,0
576,silvabrenda,b99389fdf61f06e3279406f07f67fe9fe7d3e000c2109da215daf7378094cfe9,OWNER,christine71@example.com,1,2025-11-09 19:43:51.000,2026-04-03 06:38:15.000,2025-11-26 14:28:39.000,0
577,edwardsmarilyn,9c3bf637f655456782792bf88a00f5f6d74f7665a07fe8f07860437db7e5131e,ADMIN,briannabutler@example.org,1,2025-11-09 19:43:51.000,2026-04-29 15:47:35.000,2025-06-05 00:55:33.000,1
578,ifigueroa,04177c41a852410af4d47a860396bb25b7a53468480a9456fda5534e2f995646,MEMBER,mccormickbryan@example.com,1,2025-11-09 19:43:51.000,2026-03-31 03:09:24.000,2025-11-30 06:59:47.000,1
579,lford,513eed192cd88eefaa7e7815ac1f756f8a96729c36a6a2d308e249ac89f2cd21,MEMBER,glowery@example.net,1,2025-11-09 19:43:51.000,2026-04-08 19:16:21.000,2025-06-05 13:47:33.000,1
580,robert66,d492e2461b237d42da5644929944777f9bd6907dc452252d250a1836547842c3,OWNER,mannjames@example.com,1,2025-11-09 19:43:51.000,2026-05-07 23:02:48.000,2025-11-05 01:04:14.000,1
581,kristy78,8a54fc636bfc34c845db48ef04183533243844d9422b7c4413e5a3ef79019189,ADMIN,tiffany17@example.net,1,2025-11-09 19:43:51.000,2026-04-05 22:13:06.000,2025-05-05 18:59:54.000,1
582,charles82,583b502178461f7ef23d08952275ca8d95b0fe7a6fdd7245fac6dcfb707d7378,MEMBER,oreilly@example.org,1,2025-11-09 19:43:51.000,2026-03-11 01:06:28.000,2025-10-26 21:59:30.000,0
583,eorozco,36323cfe6cc4f61fb4335bea665c0cd7dc4358f247b01e99eb35f41723f383f2,OWNER,hudsonjennifer@example.com,1,2025-11-09 19:43:51.000,2026-03-19 22:23:23.000,2026-02-25 10:42:17.000,0
584,williamsdeanna,d164a6f55638ac1aa8523ab73e3e3ae6ad70ee79517caeca34c873418ee64fea,ADMIN,danasutton@example.net,1,2025-11-09 19:43:51.000,2026-03-10 02:26:33.000,2025-08-12 15:19:10.000,0
585,dana87,2b72574efc9b69f18ad2956c11229902e58e94567945f79cd550b98c1fa9df84,MEMBER,hgarner@example.com,1,2025-11-09 19:43:51.000,2026-04-26 19:47:09.000,2025-10-13 23:15:09.000,1
586,carriemeyer,088c992da07136e28380a34bc2d6ccd6ad113937842bc28c6e4fbf63c0ab4d71,MEMBER,mcfarlandalan@example.net,1,2025-11-09 19:43:51.000,2026-04-30 09:12:26.000,2026-02-22 18:20:18.000,0
587,christopher98,7dcb7c19a8a49c847f4650d64ba8442d7edb7ca5bfba809fac0fc5a6eeeff63c,MEMBER,virginiahawkins@example.net,1,2025-11-09 19:43:51.000,2026-04-17 00:15:52.000,2025-09-20 05:03:14.000,0
588,audrey26,837d47d1abccd9c1371316c795a921bdb84cb55ce392d03cc1f1b67b8a23dcf6,MEMBER,emilywallace@example.com,1,2025-11-09 19:43:51.000,2026-05-07 08:50:45.000,2025-05-06 18:58:17.000,0
589,edwardsjacob,cc1c46fd29a84b751c3dff382df8b960f73672d766967933617507784e126f1b,OWNER,melissa46@example.org,1,2025-11-09 19:43:51.000,2026-03-20 10:30:27.000,2025-08-31 15:49:23.000,0
590,jessicamclean,d28e17b4b89f5b613cb079e6158484eb9a3e5b2d231b31cf239eb9e8f12551f6,ADMIN,perezsummer@example.org,1,2025-11-09 19:43:51.000,2026-04-09 06:17:03.000,2026-01-05 16:55:13.000,1
591,alyssachen,d23f36f56fcc6a09b0606eddbcb73d5d7f208cca623a7c0615dfdf908d04a4d1,MEMBER,otaylor@example.org,1,2025-11-09 19:43:51.000,2026-03-11 15:25:22.000,2025-04-17 00:07:44.000,0
592,juanpage,cef4261a2cae2cde92f546cd4642beef579a522f54ab344bb3ec38e7402bf25e,MEMBER,tuckersara@example.org,1,2025-11-09 19:43:51.000,2026-04-27 06:06:21.000,2025-07-18 18:55:12.000,1
593,melanie21,141d7794f9fd086f78a1231bdcd8b52d057782230dadce3d38e74fae98232150,MEMBER,duartefrank@example.net,1,2025-11-09 19:43:51.000,2026-03-16 06:55:36.000,2025-11-22 01:16:20.000,0
594,eric88,3f1e10f3518a6cf03e2608a6436b03d9257461212246c3f66074b11cc0ef8a1c,MEMBER,paul61@example.com,1,2025-11-09 19:43:51.000,2026-05-02 20:03:46.000,2025-09-20 00:33:48.000,0
595,amydillon,f14b07eb6e50a6d2daf2a7011c42a339ea2a16ce7b453b80dccbdd3dae1635c3,OWNER,nguyenchristopher@example.com,1,2025-11-09 19:43:51.000,2026-05-04 12:55:27.000,2025-10-07 03:15:04.000,1
596,eibarra,bed1f0f0d7236d7809e6628510fdda9ae45a905ad2e38b919087fc9c9a395998,ADMIN,nmiller@example.net,1,2025-11-09 19:43:51.000,2026-04-25 20:46:51.000,2026-02-18 18:51:41.000,0
597,qwilliams,4da3d32b42d693c90c327fdff6e61b66227f5b1a592eee8a1c673a5a8a2de9ea,MEMBER,ryan42@example.org,1,2025-11-09 19:43:51.000,2026-03-30 02:56:46.000,2025-08-06 03:47:23.000,0
598,navarrobenjamin,db9b554951a816e8363c2f44d53b96b02e7135a5aa60b299f789702c3c838c2d,MEMBER,john43@example.com,1,2025-11-09 19:43:51.000,2026-05-06 10:41:17.000,2025-09-17 16:23:56.000,1
599,jennifer34,5f3aa41060fe44ef065e26195627b43bcb437a46ea0fec930f868cb111dc3f08,MEMBER,raysamuel@example.org,1,2025-11-09 19:43:51.000,2026-03-12 07:37:15.000,2025-04-23 18:06:15.000,1
600,jenna97,9e071d9c585d3ff79657ac268e2479b7c6fbfb178b4c2134f8776fd490b6b323,MEMBER,usmith@example.net,1,2025-11-09 19:43:51.000,2026-04-27 11:26:14.000,2026-02-07 02:37:20.000,0
601,ztorres,e99df18d602da64da0607a0a29bda0d269652a58b0a3d0760dcc05be751443e9,OWNER,osborneheather@example.org,1,2025-11-09 19:43:51.000,2026-04-18 02:38:55.000,2026-02-07 20:33:56.000,1
602,tracybradshaw,15d4211089781e8faa540df111067f00fa5c01b913fb862bf6575f92b3514ecf,ADMIN,grobinson@example.org,1,2025-11-09 19:43:51.000,2026-04-24 05:42:02.000,2025-11-08 12:13:50.000,1
603,cummingsstacie,8e9e430d31d60cef4ac1a73735ce6b2e62f4a8e44a6bae3a1dcd6bdd07e70608,MEMBER,gregory64@example.org,1,2025-11-09 19:43:51.000,2026-03-29 00:59:11.000,2025-09-03 02:37:55.000,0
604,laurielewis,a8b6f2106f4164f93f2edc7960370e148ba2507911fe2ddf31bdf399eb4f68d8,MEMBER,wolfejason@example.com,1,2025-11-09 19:43:51.000,2026-03-27 09:35:31.000,2025-11-02 18:39:33.000,1
605,jennifer45,d1a2406f3ac3b675b56f462ef278807722787f52c32d2dd309d346d0b8f48d90,MEMBER,mario76@example.com,1,2025-11-09 19:43:51.000,2026-04-04 22:19:50.000,2025-05-01 20:01:27.000,0
606,lauren09,2adf73d8a1460953ea83174444feeef5c31c11d3054d39ad333e96bbc0be19f2,MEMBER,cartertiffany@example.org,1,2025-11-09 19:43:51.000,2026-04-08 07:06:56.000,2025-07-22 03:17:21.000,1
607,jared00,07ea672f2befcab8dbb50fc1ece151e592110596d0c1854ddfb0a9be23726484,MEMBER,baileyashley@example.com,1,2025-11-09 19:43:51.000,2026-04-15 09:38:45.000,2025-07-16 19:51:18.000,1
608,joycepreston,201645f144b81e709f5b2059cd6c41aeb74bcf079ed8c9623a9bda3f950471c0,MEMBER,dwaynejefferson@example.com,1,2025-11-09 19:43:51.000,2026-04-25 01:44:39.000,2025-11-27 10:46:06.000,0
609,walterstephen,3992d5ed6a920a892079a68f068d367cddcf790b47eb9388b9dafce2eedc545b,MEMBER,xbaker@example.com,1,2025-11-09 19:43:51.000,2026-03-21 02:33:52.000,2025-05-04 03:30:03.000,0
610,justinsmall,0a0c3a084cab689e1810b0c544d2b63aa5676f71ea34d424c1e794cfd8a3fb37,MEMBER,jking@example.org,1,2025-11-09 19:43:51.000,2026-04-17 06:40:24.000,2025-12-11 04:04:06.000,0
611,brodriguez,9081232a988cea7a183e14b394213be5ba8c7833458151a4b22ef4422d581152,MEMBER,donaldmitchell@example.org,1,2025-11-09 19:43:51.000,2026-03-12 15:42:35.000,2025-07-15 19:46:10.000,0
612,michael12,c13200060bf62ff30f1fc0b3882b6cc4ed6b5dc2f4c61d818c2bf9ba1f6d0d18,OWNER,heidicombs@example.org,1,2025-11-09 19:43:51.000,2026-04-28 08:17:54.000,2026-01-25 21:09:55.000,0
613,amyschultz,cb590d76f96905440f35d785143afc4b8cdeb6d985b8ab13288e8fc2e5a53d94,ADMIN,yclark@example.com,1,2025-11-09 19:43:51.000,2026-04-09 08:19:28.000,2025-11-21 09:46:45.000,0
614,esuarez,71fdda5ecf071451f56d0e0f72d91e7b941180bb95ef99a2e65f14a1431c3efe,MEMBER,michael99@example.org,1,2025-11-09 19:43:51.000,2026-05-03 11:05:03.000,2025-05-07 08:43:15.000,0
615,floresmichelle,0ef6cbb3e3bfad4c08ab3e508c854fbd773d199f7f50c6c4165dbdeef45d46a2,MEMBER,clewis@example.net,1,2025-11-09 19:43:51.000,2026-05-02 08:43:25.000,2025-12-02 01:00:04.000,0
616,imedina,f11c226630a8533ceaf5b20dabb1a10453a41b5f5fec0e4d38ed21f2e43efea5,OWNER,michael84@example.org,1,2025-11-09 19:43:51.000,2026-03-22 05:25:55.000,2025-11-07 13:34:02.000,0
617,njohnson,983364ec247ed88c105cbb07ce329ace612d17b7aa95f7b8dd1b895c80af432d,ADMIN,darin31@example.org,1,2025-11-09 19:43:51.000,2026-03-12 12:52:03.000,2025-08-11 12:40:44.000,0
618,brooke88,7653618b0853da7e2ecd36e2a19eadd94be40e775bba2c6d7fa23bcfcd7c8752,MEMBER,rossdeborah@example.org,1,2025-11-09 19:43:51.000,2026-05-04 06:44:25.000,2025-04-05 10:23:57.000,0
619,colejoshua,ab75c0d5aaa376c3f1ba81033081ba69f645968f937bb35bd72d0daa0cdbc294,MEMBER,kford@example.org,1,2025-11-09 19:43:51.000,2026-04-18 09:32:47.000,2026-02-09 00:07:47.000,1
620,jaredshaffer,b11ff0fd7d51532488ac22b3a5dd500a78398c9ad231e336bf06414b7f02cd33,MEMBER,chapmanmichael@example.net,1,2025-11-09 19:43:51.000,2026-05-07 21:16:10.000,2026-03-05 10:20:54.000,0
621,fisherrandy,aa271d69847da4ec441f60a2f3ef1fa9e0ff3d21724f38a01e8c14ff7cfd9551,OWNER,andersonelizabeth@example.com,1,2025-11-09 19:43:51.000,2026-03-19 04:16:07.000,2025-10-24 09:32:39.000,1
622,leachanthony,520f1ec119047c5373e0449290739fda3acdffd64818daca7c62f6055f2554a2,ADMIN,zsimpson@example.com,1,2025-11-09 19:43:51.000,2026-05-01 17:43:52.000,2025-08-25 14:06:36.000,1
623,watsonkimberly,3e48c6ec04a0341afacf5867fe050285679e20c2d672aa313b0cde1cdbda4c97,MEMBER,sreynolds@example.net,1,2025-11-09 19:43:51.000,2026-03-22 02:45:09.000,2026-01-27 13:46:05.000,1
624,courtney15,fe66625df33c10d4497f176b8f82997f08efbc9ad5194b7f4653e8aa9cd65eba,MEMBER,hunteramber@example.net,1,2025-11-09 19:43:51.000,2026-04-03 08:59:01.000,2025-04-07 07:11:11.000,1
625,carolnavarro,0629f6c69befbba1b15d16929504d5cf37d9fb2378957d5b9a97ac5d47f42efa,MEMBER,michael57@example.com,1,2025-11-09 19:43:51.000,2026-04-01 10:48:02.000,2026-01-15 07:37:34.000,0
626,kshort,d22a766eda60ae8bcd95e4e1f4e6e698a691c59b396caefff77afe1a081c8215,MEMBER,debranunez@example.org,1,2025-11-09 19:43:51.000,2026-04-27 19:48:51.000,2025-09-16 19:34:38.000,0
627,russell60,43d4623c5ab92d714c84a218934159077c9dfb47d1a65382e2fcf3b2670f4951,MEMBER,gmoore@example.com,1,2025-11-09 19:43:51.000,2026-04-16 09:56:39.000,2025-08-16 06:45:13.000,1
628,romerobrandi,1d3641bca475c46d44d330788425ecd8a2c0284b7f6f1414312c54b9482b2b13,OWNER,chill@example.org,1,2025-11-09 19:43:51.000,2026-04-17 01:52:14.000,2025-05-13 00:24:09.000,1
629,delgadoemily,a27b771187135d1e610fe5feffd8e5a9614de44015cb7cdea344612104afc034,ADMIN,davidpeterson@example.org,1,2025-11-09 19:43:51.000,2026-03-13 19:29:28.000,2025-10-03 09:09:31.000,0
630,william21,23baf7e839dda83374659123fea27fcab569fcda3c604650dbc7b436f6bed842,MEMBER,amandahess@example.net,1,2025-11-09 19:43:51.000,2026-05-05 10:22:31.000,2025-06-30 00:45:50.000,1
631,adam55,883879b56c2606856d26072b43656a98dce5753054189b4209e6caebf3f6e698,MEMBER,mcguiremicheal@example.net,1,2025-11-09 19:43:51.000,2026-03-26 21:51:09.000,2025-07-10 05:04:22.000,1
632,walkerelizabeth,21c8ce2c95d6b7dfcfab49adcdf41de8fffec5276947f220a680ec3b0ba1b96c,MEMBER,thernandez@example.net,1,2025-11-09 19:43:51.000,2026-03-16 07:57:33.000,2025-05-14 10:02:26.000,0
633,bberg,56b102ce28ce976f3325cd5cca983483e744c18882c7047e019b3a770e98df0a,OWNER,shawnreyes@example.org,1,2025-11-09 19:43:51.000,2026-03-17 10:46:35.000,2026-03-08 07:29:16.000,1
634,foxeric,ab3afba55f3fa32300116ba191446322399355c5860ad1a3df61ef95d1372b1f,ADMIN,jasonpalmer@example.com,1,2025-11-09 19:43:51.000,2026-04-07 13:13:52.000,2025-05-11 16:48:32.000,0
635,cynthia68,bff3ae7be1d92a1cde0ca817050caa9604de6917e596bd28d1db5adb92687644,MEMBER,jgriffin@example.com,1,2025-11-09 19:43:51.000,2026-04-28 19:23:14.000,2025-06-05 13:04:26.000,0
636,jonathanmartinez,94a0233f7c7d5705c220500073cd7c43906b4e2cada8cad4b44a1d00ecbe4460,OWNER,fgonzalez@example.net,1,2025-11-09 19:43:51.000,2026-04-01 01:49:46.000,2025-12-10 20:38:13.000,1
637,jeffrey78,197cf65536221b6588c4a063a1a72ce67c7ce08117c479f87473536b494e3d6b,ADMIN,oward@example.com,1,2025-11-09 19:43:51.000,2026-04-14 15:24:46.000,2025-04-17 18:42:51.000,0
638,jesus96,2237cc80afac7e65c6148eaa66b764dc82290727e352b81f99898c866fe323aa,MEMBER,lindsaysmith@example.com,1,2025-11-09 19:43:51.000,2026-04-24 22:26:30.000,2025-12-06 06:59:51.000,0
639,dcoleman,ea4fcc620a8daacf2a2c36bbd4890de53bb0747969218990d49232a306086615,MEMBER,tiffany92@example.com,1,2025-11-09 19:43:51.000,2026-04-12 22:48:17.000,2026-02-20 08:13:13.000,1
640,melvin45,8b41264e4fc000d301779c8712416726aae686d3f033fcc2832f5b4750e9e3d5,MEMBER,csmith@example.net,1,2025-11-09 19:43:51.000,2026-04-30 09:23:34.000,2025-06-28 02:16:35.000,0
641,qlong,6480aa013b65159c3b7a7edd6794d3349791b838dd0ae879e9a2ecc85c2b4999,MEMBER,ryanpowell@example.net,1,2025-11-09 19:43:51.000,2026-03-30 19:53:58.000,2025-06-11 01:01:44.000,0
642,jamesjimenez,5767c8f9aabc9f176019605def3cd5b5aaa18903610d71a650a41ee0e095f888,MEMBER,mathewsomar@example.com,1,2025-11-09 19:43:51.000,2026-04-02 07:13:11.000,2025-05-25 21:00:23.000,1
643,brownhannah,9f7b3f2d1076293008f65f9faf56f442c5857ea43394384fe79018e0028effc3,OWNER,bakerlisa@example.net,1,2025-11-09 19:43:51.000,2026-03-20 20:38:16.000,2025-06-08 21:32:16.000,1
644,sramirez,5f84c16adc2ffa855cefe26b4061ec8dc9d28bcf9a353fc2e23dfa75f3b6cadb,ADMIN,nicolechase@example.net,1,2025-11-09 19:43:51.000,2026-03-11 08:10:36.000,2025-08-31 14:27:34.000,0
645,isaiahwood,c5cb9f285adefe2076e76404c658f6bac072098a206361bacff4a26e3fa99a75,MEMBER,bgreen@example.org,1,2025-11-09 19:43:51.000,2026-04-14 22:07:16.000,2025-07-10 16:13:56.000,0
646,jeffreydelgado,3ade7eca49613212cb4c16d8e9294f0927c85d574de5823eb3857b9b82bbd87d,MEMBER,sosborn@example.org,1,2025-11-09 19:43:51.000,2026-03-18 10:10:27.000,2026-02-25 15:24:41.000,0
647,kevinblack,9d10f809a9bf7f4001a061cf143935bc38253601ad66ccc017c683b6b135c013,OWNER,mario91@example.net,1,2025-11-09 19:43:51.000,2026-04-09 21:43:08.000,2025-04-09 18:13:09.000,0
648,sandra84,bbd2801f99f8938c5c44942afa347cea04484b46d665a327194c639ce2b36b94,ADMIN,donnadunlap@example.net,1,2025-11-09 19:43:51.000,2026-04-22 06:24:18.000,2025-07-22 04:26:45.000,0
649,owilliams,08741b4efbc5bc706c6e739047e23bda8ad4257eed54bd2cfe86efd85f74b657,MEMBER,powellmichael@example.com,1,2025-11-09 19:43:51.000,2026-03-18 10:21:05.000,2025-05-09 02:40:42.000,0
650,melindabuchanan,f7880bb5657ae9efd5fe1abaf87354d11db21138197d77f242b167c050a7d711,MEMBER,ortizdaniel@example.org,1,2025-11-09 19:43:51.000,2026-03-10 04:13:45.000,2025-04-04 23:38:45.000,0
651,allensanchez,82a0bd1efa5db7fe5f3bbef30d72dc2bf8757cebd3f6b4c1997432b8c62c781a,OWNER,drogers@example.org,1,2025-11-09 19:43:51.000,2026-03-23 07:02:12.000,2025-11-03 10:32:58.000,0
652,joycewendy,df07a0136e6963a61012f310dc57ad015ec26f93ee3f64473c13629c27c949e5,ADMIN,tiffany19@example.com,1,2025-11-09 19:43:51.000,2026-03-11 00:13:59.000,2026-01-08 23:33:28.000,1
653,ucarlson,38ad1f93abbd72e9d00e320c131666b5d7b108ba436ab3acc689ce90ce55a3cc,MEMBER,hawkinsbrett@example.com,1,2025-11-09 19:43:51.000,2026-05-05 01:18:52.000,2025-11-09 01:13:06.000,1
654,brianna68,321138a7aa7bd7772415916e253ae8df018e575a3468b72cea0674809b9b8e54,MEMBER,hedwards@example.org,1,2025-11-09 19:43:51.000,2026-04-19 23:00:33.000,2025-08-13 07:45:02.000,0
655,louis02,cca2454a0929d8c2e82ade07debbaa7d003323111e1c18ee70509a3359202e9c,OWNER,clewis@example.org,1,2025-11-09 19:43:51.000,2026-03-24 19:47:30.000,2026-03-03 01:36:02.000,1
656,brandon08,4418aff9884f600abf92bbfd6fc187438f4433b5455dba6faadf0af3dae91a2c,ADMIN,daniellemclaughlin@example.net,1,2025-11-09 19:43:51.000,2026-04-07 13:40:36.000,2026-02-03 08:07:01.000,1
657,bball,088ccf21094d0acc9c1122215afc4bb7fc57ea4f2359281faca1893ce17626c8,MEMBER,laurenrussell@example.net,1,2025-11-09 19:43:51.000,2026-04-11 00:13:32.000,2025-08-04 06:26:01.000,0
658,gmorgan,7b4d6aebc77f7946a08e2ad1896d7615e2e80bd3863cd8e971d054f3e8237d13,MEMBER,moorekendra@example.net,1,2025-11-09 19:43:51.000,2026-03-27 00:48:51.000,2025-12-08 08:30:56.000,1
659,whitelance,424bc2fe0323c31aa03c0bf9c35607f6c078fa269f8233e492d45db099b61fc2,MEMBER,wilsonjeremy@example.net,1,2025-11-09 19:43:51.000,2026-05-08 18:29:35.000,2026-01-28 16:20:26.000,1
660,lisapowell,9599bc6b49921e2a1806d021fea063586ba6c7b49dcacdec4519936b6e2282b6,OWNER,kreyes@example.org,1,2025-11-09 19:43:51.000,2026-04-27 03:34:46.000,2025-05-22 18:38:18.000,1
661,linda00,04ac2ed59cf14f8e4d36f2bac5d35638f0df8f9241ec74652008493ee8fa695a,ADMIN,mmontoya@example.com,1,2025-11-09 19:43:51.000,2026-04-03 10:39:56.000,2026-01-27 22:56:23.000,0
662,christina05,ccf7537745b6ecc032a377ca287ef4225bec5c08bbd996dd1635cefd0310aa8d,MEMBER,angela12@example.org,1,2025-11-09 19:43:51.000,2026-05-08 01:42:56.000,2025-05-16 07:55:42.000,1
663,wthomas,7c89f36e4efe11a88c363e91a693cd5061aae2387607e58369e6b35edd82ad42,MEMBER,carrolljohn@example.org,1,2025-11-09 19:43:51.000,2026-03-22 07:23:46.000,2025-08-19 18:59:47.000,1
664,wallsarah,3fb264b8eb53727cd2308636e7531f1fb9fb38d583175bbb0eb9ddaf9f6ac014,MEMBER,meredith85@example.org,1,2025-11-09 19:43:51.000,2026-04-06 10:58:05.000,2025-09-04 14:35:42.000,1
665,denise10,32dd96be7b44cb6fbe75faa5eec06ca5a2ac5f786011afc447a9f0f1f5d2d862,MEMBER,elizabeth78@example.com,1,2025-11-09 19:43:51.000,2026-04-06 15:11:44.000,2025-07-27 16:11:23.000,1
666,jdavis,75cf6b7f1565b4eac3d08c1451dc8b2c707525002aed744a93b715fdb372c896,MEMBER,christine91@example.org,1,2025-11-09 19:43:51.000,2026-03-17 19:24:57.000,2025-10-01 00:00:53.000,0
667,ubell,0c430494034c881c9e60b969ba490f024ff65653812abc939a19f6fd5c99d5e3,MEMBER,bellrobert@example.com,1,2025-11-09 19:43:51.000,2026-03-22 20:09:08.000,2025-06-07 18:00:21.000,0
668,evan01,8fb93d53c2d7750ac45b26fafed6a6a83579ee39fc6a3c19042ef6db8356c354,MEMBER,antonioflowers@example.net,1,2025-11-09 19:43:51.000,2026-05-05 16:51:29.000,2025-12-07 18:52:27.000,1
669,jay96,90182f1d1069828581d04e94fffebc2b87e6b852da6e12f30274f733d279f6b9,OWNER,nelsonemily@example.com,1,2025-11-09 19:43:51.000,2026-04-17 11:05:27.000,2025-06-15 10:00:09.000,0
670,jodiescobar,f774a581898b3ad5288d56542bab5fd8aaf465dfd2f142247df921738788eeaf,ADMIN,lynchkaren@example.com,1,2025-11-09 19:43:51.000,2026-04-07 00:51:56.000,2025-10-05 09:12:47.000,1
671,cpatton,c9df3913516444ca4df765462ac277b6ee2b502fc6a1a16b82e98ce6e7af3264,MEMBER,browndavid@example.com,1,2025-11-09 19:43:51.000,2026-03-27 20:11:31.000,2026-01-12 00:05:45.000,1
672,moralesjessica,db0905f90f008c7b92b0f02ebad10f8e3cb6b0c73a095b7d915bbd92f73326b9,MEMBER,johnconner@example.com,1,2025-11-09 19:43:51.000,2026-03-12 21:00:22.000,2025-06-16 15:54:16.000,0
673,sancheznicholas,3afc9d83fdef8a3e5b3304e61ea71af822a9e3d86e0982f724403711220368ce,OWNER,lrhodes@example.net,1,2025-11-09 19:43:51.000,2026-04-04 17:29:58.000,2026-02-18 12:14:13.000,0
674,jenniferanderson,bbde9e493a243815a3457a749cc597e504c377eaddfa544afd27b7f9149d849b,ADMIN,jamesrice@example.com,1,2025-11-09 19:43:51.000,2026-04-20 11:02:49.000,2025-08-13 01:15:05.000,0
675,robert68,2708910b479d52683e3cc233ae0df3995d4a1a527b5fd1252d2b4b8a7fa2639c,MEMBER,monica54@example.com,1,2025-11-09 19:43:51.000,2026-03-26 05:18:41.000,2025-12-13 10:51:35.000,0
676,edward27,360c3ac06a7d20e27d15b36059098ddc43a13df42e65f83597e88840272420a7,MEMBER,kerrjennifer@example.org,1,2025-11-09 19:43:51.000,2026-04-17 07:06:49.000,2025-10-16 08:17:42.000,0
677,msmith,813209d123c68eba8a24cf4adec6f051e58d5b5df8ddbc2223dc8a851d0a947a,MEMBER,julie46@example.com,1,2025-11-09 19:43:51.000,2026-03-18 20:42:53.000,2025-07-20 10:17:41.000,0
678,rodriguezdestiny,dc2bfe5d531c0af381d44d61536cc23eb7d52a1278ff9ecb8c9f425ee4943700,MEMBER,nicholasdavis@example.net,1,2025-11-09 19:43:51.000,2026-04-30 21:41:39.000,2025-05-18 05:03:37.000,1
679,xmarquez,6c0afbb4edf9765efede04b62f10ce1b3b4ea3519961ed656e2dc31aaafab3bb,MEMBER,ejohnson@example.com,1,2025-11-09 19:43:51.000,2026-03-28 19:04:47.000,2026-02-15 01:10:33.000,0
680,dawnwall,04f9a8c68f1b6b1def9e858ac31e3eac62a735febef97f067d5ce07042f39ceb,OWNER,nguyenmatthew@example.com,1,2025-11-09 19:43:51.000,2026-03-13 17:50:52.000,2025-04-11 02:53:38.000,0
681,scottmartin,d9efe8c9fc7edb07b5a7e5008e13beea7acc1aff577adc82329836391c034f9b,ADMIN,rickyneal@example.com,1,2025-11-09 19:43:51.000,2026-03-29 17:06:11.000,2025-05-04 09:41:53.000,1
682,zgarner,38653ed45c09d788c0ade0c06abc94111f109cdd3157a18afb9a471ca6d39354,MEMBER,trobertson@example.com,1,2025-11-09 19:43:51.000,2026-03-22 00:03:39.000,2025-05-25 00:39:03.000,0
683,daviskenneth,eb3c8a0709274a217c0c4ed951a369db15088ad9dbfa7c33ec49c548e1cadc14,MEMBER,rodriguezstephanie@example.com,1,2025-11-09 19:43:51.000,2026-03-28 06:37:11.000,2025-04-26 06:28:45.000,1
684,novakrenee,7ead5f98eaba3cf57e67c7d1df7b4a1ba482f62c1ef4c5b0c505c6755af2bd5c,MEMBER,eramos@example.org,1,2025-11-09 19:43:51.000,2026-04-13 19:53:48.000,2026-01-10 10:17:15.000,1
685,welchstephanie,4a95d58fea0cc3b1c29c166a394df0940cea0520d325ae717cc16c2cda7696df,OWNER,eharmon@example.net,1,2025-11-09 19:43:51.000,2026-03-28 00:23:49.000,2026-01-01 14:47:31.000,0
686,williamsbrittney,75919043ee9535c1764d5c170bbea9aad92211116ba355e51a3b92ecbd642697,ADMIN,kevin51@example.com,1,2025-11-09 19:43:51.000,2026-05-02 20:54:26.000,2025-05-25 12:11:19.000,1
687,nmacdonald,5c6b7ef12b551634512ee71399f37d5c3d79c548865250a2e4827afe47ca502a,MEMBER,avelasquez@example.com,1,2025-11-09 19:43:51.000,2026-03-16 22:17:06.000,2026-02-07 07:13:11.000,1
688,cordovasean,12a70b39ec555131a9b2a1d1033124034af64dd7cbf8f212562e43af343a0718,MEMBER,michelle44@example.com,1,2025-11-09 19:43:51.000,2026-03-19 07:39:16.000,2025-10-08 14:40:18.000,1
689,hillvanessa,6bb964712178d587b4a20b2b1338be2509989c4cb78154a3f5d0f9bdcd959a70,MEMBER,kaylabeard@example.com,1,2025-11-09 19:43:51.000,2026-04-20 19:31:58.000,2025-07-08 10:36:19.000,0
690,leblancjames,67e15e83be4f04f5104c3105d9c88d96878680f51294622f342c25fe64adb36a,MEMBER,lorettawhite@example.net,1,2025-11-09 19:43:51.000,2026-05-07 09:21:01.000,2025-11-15 12:54:09.000,0
691,fharris,a6d4d7aa376f77aa2ecafcef44561c4c3caf92de63a00d4e3ab5185e7d69a805,MEMBER,russellallen@example.org,1,2025-11-09 19:43:51.000,2026-05-03 08:57:25.000,2025-05-06 19:48:48.000,0
692,sheryl47,6dcfc4a97fca539a06f6759197cbb122564a7aa044e007957189da89d747d916,MEMBER,nunezmelissa@example.com,1,2025-11-09 19:43:51.000,2026-03-17 22:59:35.000,2025-08-11 08:16:33.000,1
693,rford,a09d69cbd3b7fd3965d659f19f974976071b0278ac18effe3a20f99512e987d5,OWNER,stephenhanson@example.net,1,2025-11-09 19:43:51.000,2026-03-11 00:27:53.000,2025-11-23 18:48:08.000,1
694,michael95,392e2fd12d3009e8411bd9e10b9981b2c9f3607195061c03c06572621e61cbe3,ADMIN,thomasmatthew@example.org,1,2025-11-09 19:43:51.000,2026-05-04 16:17:15.000,2025-10-19 16:26:35.000,0
695,danaporter,e96d2078d3a27f65cd29bae9458adbb7704b9e72351c7238af29e573e048a108,MEMBER,michael80@example.org,1,2025-11-09 19:43:51.000,2026-04-05 15:53:27.000,2025-04-10 13:45:40.000,1
696,zsmith,d636619bf8d52a632b253fb57b82aa4092b22a7193c785226a8c5c214aa99f12,MEMBER,shelleyhoward@example.net,1,2025-11-09 19:43:51.000,2026-05-05 14:50:26.000,2025-10-13 12:40:48.000,1
697,mark30,8463340f8f5648a5bc85bd1bfc17787990cf3b08d4f28d49955c1ff57ab6c8a0,OWNER,ronaldjohnson@example.org,1,2025-11-09 19:43:51.000,2026-03-20 10:56:59.000,2025-11-01 23:49:28.000,1
698,bmoore,c18c8f270cf539767fcfa0032cca73c696e5aae658789323977d356816e78d31,ADMIN,marie77@example.org,1,2025-11-09 19:43:51.000,2026-05-03 19:52:15.000,2025-05-11 13:15:39.000,0
699,john94,e42e90caa860a48e16d2b371ba7fd4668c2f8a3187cd4ea28601721e70a244b8,MEMBER,fordaaron@example.net,1,2025-11-09 19:43:51.000,2026-05-06 12:23:56.000,2025-07-21 20:37:52.000,0
700,groach,8b6272535ccc599dd0a23d00af74b9bf3105c6920e0f5abed829e516ecf37dd4,MEMBER,nhendrix@example.net,1,2025-11-09 19:43:51.000,2026-03-31 02:30:57.000,2026-03-04 05:40:10.000,1
701,michael60,f18beda5ab15785a51f429d8c3a0de1f3938a40b78d9e8aaa46848e341913565,MEMBER,mvargas@example.net,1,2025-11-09 19:43:51.000,2026-03-10 18:42:24.000,2026-01-31 18:40:48.000,1
702,graydarlene,e5db6c6dc02509e621b1b1da1a02ac58759f1a59da6bcadcc69ab8942efce0d5,MEMBER,trevorpeters@example.org,1,2025-11-09 19:43:51.000,2026-05-08 07:46:53.000,2025-08-05 23:53:35.000,1
703,brownjennifer,31f5e954df9243376235447697b4b5247d2eef8e55d679865392b7a641e6d39a,OWNER,erincarr@example.org,1,2025-11-09 19:43:51.000,2026-05-03 01:53:38.000,2025-04-11 19:02:12.000,1
704,moralescrystal,53d8e6f850364027d139795e39db00bf6cadd6e1818b4e74d6ca175f21cb4dcf,ADMIN,andersonkyle@example.net,1,2025-11-09 19:43:51.000,2026-05-03 04:06:24.000,2025-04-21 12:08:28.000,0
705,stacytaylor,e796b2810183a0a0d0254534e8886822f3bc004999aa8b726193b92ddf7b4c92,MEMBER,blackwellchristina@example.org,1,2025-11-09 19:43:51.000,2026-04-20 20:28:20.000,2025-07-02 06:44:10.000,1
706,joshua45,10ca1967e64c05be6a24d94e86dcd9bf8efaca5d98a28bd7e86324d326c5cabb,OWNER,estradarachel@example.net,1,2025-11-09 19:43:51.000,2026-04-23 19:43:38.000,2025-12-18 03:24:49.000,1
707,jacksonwanda,5ce3476454bd730c727ce3ee541e9262331aed2c041829c3f963204f791680f9,ADMIN,natashakhan@example.com,1,2025-11-09 19:43:51.000,2026-04-18 09:16:55.000,2025-07-26 00:20:55.000,0
708,gandrews,86c6fee3f1e253ba9b2a03850a0a37a37781c91230e69afb9831f03a5f475557,MEMBER,wrightdesiree@example.org,1,2025-11-09 19:43:51.000,2026-03-17 15:52:00.000,2026-03-02 10:14:23.000,0
709,williamdunn,e70cd0217a97b1c46b6cad027725ca542cfc9f87c3005ba03bae94c9e6f1ce80,MEMBER,sullivanshawn@example.org,1,2025-11-09 19:43:51.000,2026-04-22 21:36:51.000,2025-04-10 08:30:07.000,1
710,christopherperez,8666857822ed6efc19afa94080fba899acca6c8d8b5d7053f567bc36ff0a1ec2,OWNER,kylesmith@example.org,1,2025-11-09 19:43:51.000,2026-04-02 03:01:21.000,2025-11-26 05:16:59.000,1
711,pcarrillo,00910723d631b81e26341c8af94eb8f015aeac7d8927142af03b271682fcf4c2,ADMIN,deborah29@example.net,1,2025-11-09 19:43:51.000,2026-04-20 15:12:13.000,2025-07-26 22:30:42.000,1
712,sheilamendez,df5b1f2c6ad3271dfd8f97bc0a6d7f29ebcb727fe946e1eedc65c51e38d1604d,MEMBER,brad56@example.org,1,2025-11-09 19:43:51.000,2026-04-03 06:05:30.000,2025-07-29 03:30:03.000,1
713,warrentabitha,e83cb0bcf14b7465a69a4e1dfd1bd41d687a71a28947ca4037b679972f81031b,OWNER,lrogers@example.com,1,2025-11-09 19:43:51.000,2026-03-21 09:30:42.000,2025-07-08 13:55:21.000,0
714,reginachaney,73e7429c7257298c2da5aa0bc2cbef2b27419a8f5bb7af68ae2adbf2eb394ce4,ADMIN,dawnmccormick@example.net,1,2025-11-09 19:43:51.000,2026-05-03 14:57:55.000,2026-02-10 04:56:38.000,0
715,bfields,83148b0ecb90f4566ffadd76652dc22d53632ad7e9ca00adb0b1426741d780fa,MEMBER,reneecobb@example.org,1,2025-11-09 19:43:51.000,2026-04-27 03:36:54.000,2026-02-08 08:35:56.000,0
716,lynn17,a1c4bb0fd4e4e76e6d4c90b5477ea82637b9f124667103cb8674b5ef9ae58fc8,MEMBER,john00@example.net,1,2025-11-09 19:43:51.000,2026-03-11 04:51:41.000,2025-05-17 12:30:05.000,0
717,alex18,2a11a97f584bc6d7460f7405b2858fb87ecd839b4649f7316bad550931ebeccc,MEMBER,yodergary@example.net,1,2025-11-09 19:43:51.000,2026-03-24 09:35:41.000,2025-06-03 00:55:32.000,0
718,kjones,0659ceb68978f5ea13f0aaf334521ba4906309456f1db07f0ce170304c671529,MEMBER,catherinecasey@example.com,1,2025-11-09 19:43:51.000,2026-03-19 01:29:58.000,2026-01-01 07:37:13.000,0
719,nelsonkenneth,d7f1b9e2600e241b44748d0417ebef7bce413d044e5b3829f4c00461e7a35386,OWNER,wandabird@example.org,1,2025-11-09 19:43:51.000,2026-03-10 15:05:41.000,2026-01-03 04:44:19.000,0
720,whill,a325393c6c02d9558ca92dc46bd6ae3a0aeb002f681383567eeb49ea07d0e423,ADMIN,coreysmith@example.com,1,2025-11-09 19:43:51.000,2026-03-19 04:43:18.000,2025-11-02 16:55:19.000,1
721,tabithavalenzuela,3b3bad73cd89109914ee2bdc82bf5cbad42f6d8c9e612842f3eb0255fdb91306,MEMBER,amanda59@example.com,1,2025-11-09 19:43:51.000,2026-04-16 16:22:30.000,2025-07-25 07:52:48.000,0
722,ocase,aace5197c0ac1d4f37fec31637db774ceaad92f4630c2eff879e218caea1c3b0,OWNER,robersonpaul@example.net,1,2025-11-09 19:43:51.000,2026-04-21 01:42:12.000,2025-06-10 15:49:29.000,0
723,wandathomas,015998f2fe278498bd9ee734a4812912f768f61f7b68475e52b88742903b0249,ADMIN,shepherdcarlos@example.org,1,2025-11-09 19:43:51.000,2026-03-20 22:57:30.000,2025-12-04 00:41:12.000,0
724,cdiaz,320d6f280e4f6a132c24b8472625af1e203c5133f796a497096064e055b97fd2,MEMBER,bdunn@example.com,1,2025-11-09 19:43:51.000,2026-03-10 01:15:43.000,2025-12-28 23:07:39.000,0
725,veronicaayers,c3c31fb9e20e7ddff69bcddb9c0b6303ddf1cd64081bac0e977aca75f7f7b492,MEMBER,william52@example.com,1,2025-11-09 19:43:51.000,2026-03-22 10:26:46.000,2025-12-03 14:16:51.000,1
726,milleranthony,59f97c2a73b5450857707c888928c4d44c1c254a8d914679581aace0594528ff,MEMBER,jennyedwards@example.org,1,2025-11-09 19:43:51.000,2026-03-29 01:06:50.000,2025-09-30 19:05:31.000,1
727,yrodriguez,a41939ac5d63c5a222cfe3a1c93f8414f02726781316c83c01acbbee6a730b1f,OWNER,cochranyolanda@example.com,1,2025-11-09 19:43:51.000,2026-04-21 04:45:55.000,2025-09-10 08:29:17.000,0
728,ncollins,3d40da56dccdf7b31af665f95ffbef1163f2571bee13feae7bb4753e01d94695,ADMIN,jillwilson@example.org,1,2025-11-09 19:43:51.000,2026-04-05 08:57:15.000,2025-09-23 09:37:10.000,0
729,gbender,9e5ba2735d53e9fd443500fb83b1e3f05e4e08f65d21af1cc05df638a07533c8,MEMBER,keith53@example.net,1,2025-11-09 19:43:51.000,2026-03-20 08:57:22.000,2025-06-10 01:07:48.000,0
730,lynchteresa,d7d4f1df10f43e656d1f7c7b54c468e64458949ecbd4bdb43d189866b7c93885,MEMBER,sandra07@example.net,1,2025-11-09 19:43:51.000,2026-05-01 12:18:18.000,2025-10-16 11:16:22.000,0
731,colleen55,24711d024936807a9b08734c4f3f278609352bacc6b1c9c5b360eeb3af53d486,MEMBER,nancy35@example.net,1,2025-11-09 19:43:51.000,2026-04-20 19:41:00.000,2025-11-28 19:08:04.000,0
732,kimharmon,5752085477089dd41e5f9fa0fa68896d5590510881c3ef5b30990c378be9ba1d,MEMBER,colesean@example.com,1,2025-11-09 19:43:51.000,2026-03-21 02:44:12.000,2026-01-17 08:26:23.000,0
733,leekara,cc09d725a224777a7b393262b47820638e762dd5f0c39c8d2bc7121729ebf553,MEMBER,lauragarrett@example.com,1,2025-11-09 19:43:51.000,2026-03-19 13:37:14.000,2025-11-05 19:45:13.000,1
734,michelle95,a9f35242ba68d4f836b64212a9677b8482dfdc1d15d042eabc1c43d4d672eacc,MEMBER,bryanpeggy@example.com,1,2025-11-09 19:43:51.000,2026-04-14 21:58:06.000,2025-09-23 02:01:52.000,1
735,michaelhudson,78ba37cbce7fc3a1b98e3de1cbbb67652005a74212a7f51c8261963207b46b4f,MEMBER,paul56@example.net,1,2025-11-09 19:43:51.000,2026-03-22 22:01:21.000,2025-06-28 03:28:52.000,1
736,danny55,14640f52517b6dfd736992f3c9e89da18ed5759e9a3742ed157e1cc479ca2b2a,MEMBER,milleranna@example.net,1,2025-11-09 19:43:51.000,2026-04-22 22:46:08.000,2025-10-01 05:01:32.000,1
737,bishopjason,32edc2f33f5b9fb30440f75535875e9224257926dded37648ba7be8907ec5c85,OWNER,elizabeth86@example.org,1,2025-11-09 19:43:51.000,2026-03-13 12:27:47.000,2025-09-18 18:08:34.000,0
738,alison48,265543266d312c3c888b50425ab87578f2567b0fe0fea3295e03e72227172e22,ADMIN,wintersjames@example.net,1,2025-11-09 19:43:51.000,2026-04-16 00:18:29.000,2026-01-06 20:11:29.000,0
739,fordclifford,b4077bb50dcd08e091b7b7aeba69c0fb5ed75813cf2372021bed361ca8429b73,MEMBER,allenlauren@example.com,1,2025-11-09 19:43:51.000,2026-04-19 06:20:28.000,2026-02-03 08:37:50.000,1
740,nicholaswallace,4ff4b39b1bd61e2b814ba56c9ea901e0864cadf146009d883d8b3ca523445ba0,MEMBER,sgarrett@example.org,1,2025-11-09 19:43:51.000,2026-03-10 13:00:33.000,2025-12-12 20:57:48.000,0
741,tinamejia,6cdfbdd7fb298d7c505f48e573a9006333a908b7382dfab3fd6bf81bb2732d7a,MEMBER,aaron88@example.com,1,2025-11-09 19:43:51.000,2026-03-28 22:13:26.000,2025-12-22 02:14:29.000,1
742,lyonsjennifer,ebbc0b8f717a4a2e944c376a2cee733b92abf99accaed08f42bd6e7ee47fd375,OWNER,joe20@example.org,1,2025-11-09 19:43:51.000,2026-03-25 13:38:26.000,2026-01-14 07:53:17.000,1
743,fmclean,e364d9f2ae7adcb7f84cc6c305604abb838790e208e7c8569b1d95a8e67e4b7a,ADMIN,cheryl17@example.net,1,2025-11-09 19:43:51.000,2026-03-31 07:24:46.000,2026-01-04 13:12:29.000,1
744,umoore,9e8ac966a940d4392972c42cca4b7f12b450efb0b0f924fe6ab8ca6bb64b6935,MEMBER,krausemanuel@example.net,1,2025-11-09 19:43:51.000,2026-04-08 19:17:29.000,2025-12-19 09:10:36.000,1
745,jjohnson,4eeb6418cf0a081ed686c258aebe003e2bc1922ac676c5326dd41ef16e828b33,MEMBER,palmerjoseph@example.org,1,2025-11-09 19:43:51.000,2026-04-11 13:51:04.000,2025-12-13 02:40:50.000,0
746,cory82,1a66913d4400f2b74d6ac3f489416b0ffbc978f6a1499bd7842ca72de0b71c63,OWNER,mjames@example.net,1,2025-11-09 19:43:51.000,2026-04-20 06:34:33.000,2025-08-21 03:08:50.000,1
747,wherrera,4b9227bbd92904a329c7fa843d2873453dd26775e3293fb34dde03fbd0237011,ADMIN,rebeccahowell@example.com,1,2025-11-09 19:43:51.000,2026-03-29 06:49:13.000,2025-12-30 13:08:39.000,1
748,jamie12,e2968aa2796c39cf28c1a9b5fb873168b6f2e2c4202eb333bccb41551de56c9e,MEMBER,patrickpowers@example.com,1,2025-11-09 19:43:51.000,2026-04-06 15:20:57.000,2026-02-03 12:18:06.000,1
749,wsherman,ad4788b68e9ef350da57e05bd1c27d34bbff24bdd1f2cb20c8c01b34b011d893,MEMBER,xwheeler@example.org,1,2025-11-09 19:43:51.000,2026-03-18 23:35:49.000,2025-12-10 16:39:42.000,1
750,joseph92,2fd29cee0f951ea44034ad9baae1988925aa9f3a412e49dbf5bb4270c579fd99,MEMBER,perryselena@example.net,1,2025-11-09 19:43:51.000,2026-04-03 23:57:02.000,2025-04-12 03:29:10.000,0
751,ogarcia,a9dced90fd2405c38859bda4d29eec6b9eae91cdbc76a46c2bc41d2f4eac15fc,MEMBER,kjennings@example.org,1,2025-11-09 19:43:51.000,2026-04-26 02:49:58.000,2025-08-11 12:25:22.000,0
752,sphelps,211b3a6d84011c3cb5d7401ff281b3cdd52f3553e4f6b809aae835b499758bbc,OWNER,laura28@example.org,1,2025-11-09 19:43:51.000,2026-04-04 21:14:23.000,2026-01-06 17:45:14.000,0
753,tsmith,d0ea7c4ba7a28a9c20caecb4384f234a82ba2d364d67161aa43c13631e8e9311,ADMIN,longkenneth@example.org,1,2025-11-09 19:43:51.000,2026-03-18 21:13:35.000,2026-02-19 11:26:28.000,0
754,lisa37,a8f8bc088715896a97fc912d8c420099b899e7b6895a855b118f0fb52319b16c,MEMBER,mmartinez@example.net,1,2025-11-09 19:43:51.000,2026-03-15 12:18:33.000,2025-08-14 20:40:14.000,0
755,caseykathy,be145773294b88373b5527ba4f5324fbc80cb736bb6191c8e2411d2b1914bd70,MEMBER,fosterkenneth@example.com,1,2025-11-09 19:43:51.000,2026-03-26 01:48:45.000,2025-06-10 01:25:25.000,1
756,oneilljacqueline,767882eab87da57547b0e2edd16de0dce741f4cc24204c25495ff6282ced8a50,OWNER,brownbrenda@example.org,1,2025-11-09 19:43:51.000,2026-04-28 14:36:41.000,2026-01-19 02:51:30.000,1
757,bowenjames,d9b3b854d34af60bd19dec5adb547ff61c9af80b6758dc510877108927c082f4,ADMIN,carrollmichael@example.org,1,2025-11-09 19:43:51.000,2026-03-23 11:40:31.000,2025-09-16 05:51:16.000,1
758,irwinchristina,b0fd126581cea385ed596cf0084a43b2615844a415c14372e6b1953b56717553,MEMBER,larrygray@example.com,1,2025-11-09 19:43:51.000,2026-04-04 19:02:37.000,2026-02-19 21:57:03.000,0
759,kevin09,2b637a2c0c73968722ad994523ffe5b1e2b55de8fe4b878718b85401617bee40,MEMBER,robert77@example.net,1,2025-11-09 19:43:51.000,2026-04-08 01:30:12.000,2025-11-16 04:34:14.000,1
760,qadams,0499e11e904ee7b8cffd5ea01b20ca18e117f47d1f30d414c79018c0000e2edb,OWNER,gbradley@example.org,1,2025-11-09 19:43:51.000,2026-04-21 04:24:20.000,2025-10-27 11:31:22.000,0
761,ikim,c0aa2c8906d53079d468e1e87935084eb6d5fd5f6871313489bb8783cb5714ce,ADMIN,ihudson@example.net,1,2025-11-09 19:43:51.000,2026-03-23 22:21:01.000,2026-02-18 13:22:07.000,0
762,stevenlee,fc4995d59dbaf468b7c936454000f061cf5dd0023bd08e631816dbbddfdc0a4a,MEMBER,tmurphy@example.com,1,2025-11-09 19:43:51.000,2026-04-03 19:16:05.000,2025-04-08 05:32:47.000,1
763,martinjames,199e68edac0c309662387d4db695418cdfc7178e6a77a8dfe00f49c5aafb9ae1,MEMBER,ndean@example.org,1,2025-11-09 19:43:51.000,2026-04-16 17:06:11.000,2025-07-27 22:32:52.000,1
764,markbrown,ce76331b34730c0b0ef68637d4b4c03d29d2bbe447a6636565258c00ed61843f,OWNER,emilycampbell@example.com,1,2025-11-09 19:43:51.000,2026-03-17 03:11:28.000,2025-05-17 19:51:50.000,1
765,brittany98,ff8923633aee5e5b05825418695b8e2317aa51381844536db71cfc3cdf91628c,ADMIN,briandiaz@example.net,1,2025-11-09 19:43:51.000,2026-03-30 06:54:39.000,2025-08-08 18:18:18.000,0
766,kennethmckee,4056a3ddc1b2d4a44b94b59864125127703dfc24cd17b2d06d1a6f537ca67fef,MEMBER,stephensjenny@example.org,1,2025-11-09 19:43:51.000,2026-03-31 23:54:29.000,2026-02-27 18:26:43.000,0
767,cathy62,f632cd13b0cc88697ec6e215f1430874861565c147af5c2a742e5bb341441cba,MEMBER,peter69@example.net,1,2025-11-09 19:43:51.000,2026-03-10 21:13:58.000,2025-08-07 15:00:01.000,0
768,brittany40,1b10ea47a6e2207f94b4ba27cc7e4f4ea235eba78e8f29fa2bb43589ac4d7a57,MEMBER,brianrussell@example.net,1,2025-11-09 19:43:51.000,2026-03-22 09:20:51.000,2025-07-23 17:31:40.000,0
769,terryalexandra,40206df570023dd6caabf72949b26a81bbf9026c0741f07dc5400003c33a62fc,OWNER,swansonmaria@example.com,1,2025-11-09 19:43:51.000,2026-03-26 15:41:45.000,2025-07-28 16:18:38.000,1
770,santosjoshua,554ea8988c7dbae3a788f621e9198a11fb052c9993536cb79bdfe0312b5c0a3f,ADMIN,williamlang@example.net,1,2025-11-09 19:43:51.000,2026-04-20 17:19:31.000,2026-02-04 10:52:27.000,1
771,ialvarez,9d6ba522cc52ca2d8a101cae973645b0a8c74567d5e2cd759b2a7250663758ea,MEMBER,robertgarza@example.org,1,2025-11-09 19:43:51.000,2026-04-25 17:13:40.000,2025-10-15 09:29:40.000,0
772,samanthamitchell,616472648c965c81d885e16411e82a6c86b003a5c546a8b2aed1b6c6026ca2ee,MEMBER,stephen96@example.org,1,2025-11-09 19:43:51.000,2026-04-21 07:24:06.000,2025-10-28 00:19:47.000,0
773,jose10,5018b3447082fa695944535bbd397beae28f30bd82a3b7927e0d3ef778a8d27a,OWNER,griffinstanley@example.net,1,2025-11-09 19:43:51.000,2026-03-28 15:06:48.000,2026-01-28 06:28:21.000,1
774,pcameron,d1a49cfba8dcf49ef86250a0986ea37e4cf641389b040bc4e6c9760b9d0bdf2a,ADMIN,cynthiaclark@example.com,1,2025-11-09 19:43:51.000,2026-04-23 20:00:28.000,2025-11-01 20:21:50.000,0
775,donaldsnyder,07958191a94dbadb79ff34d93e4cb41807f66a2ff4e1af52079b6bcf5203e772,MEMBER,justin60@example.org,1,2025-11-09 19:43:51.000,2026-04-10 13:49:48.000,2025-09-08 03:16:30.000,1
776,stephanie69,f49b315c56d09347677292549279f8039fe83a6e413249323cbe48564998a36f,MEMBER,kyle06@example.org,1,2025-11-09 19:43:51.000,2026-03-13 20:06:12.000,2025-08-14 06:40:29.000,0
777,monique68,b3b46630871e2349b2e7539c25d84186492824d7c8aa5d9ae445cd66e913cc35,MEMBER,nicholasyoder@example.org,1,2025-11-09 19:43:51.000,2026-04-26 07:10:34.000,2025-07-06 17:36:26.000,0
778,wmorgan,16b8657f95d8897eebd36a20757b70bf8177d8e5150e036fe55f17f9924144bf,MEMBER,rmartinez@example.org,1,2025-11-09 19:43:51.000,2026-03-31 15:34:39.000,2025-12-24 06:14:47.000,1
779,gutierrezcorey,d85d7c88c4d952dbf0e09743a97e4a9415244259172059c6f1c8845c52166a9f,MEMBER,jameslloyd@example.net,1,2025-11-09 19:43:51.000,2026-03-24 14:48:51.000,2025-11-05 01:34:50.000,1
780,caitlinmcconnell,e00a9dbeed13f4a86bd9feae56b4aa2162b1b274dc135ae5416b36f074a7a9ba,OWNER,suttonjustin@example.org,1,2025-11-09 19:43:51.000,2026-03-18 14:08:38.000,2025-07-05 13:25:57.000,1
781,mitchelldavis,d23be6d1d29736889967e400360a9f024f367cd3bfe0b82eed67fa4013f2d4d5,ADMIN,mboyle@example.net,1,2025-11-09 19:43:51.000,2026-04-07 21:41:44.000,2025-07-19 15:20:38.000,0
782,yleblanc,26dbfe9faa62ba307cfa4bd2b0b0fbd5827e101d2708f9dbba0928895b6efcbc,MEMBER,thomaslauren@example.net,1,2025-11-09 19:43:51.000,2026-04-28 06:29:14.000,2025-11-09 09:47:53.000,0
783,wilsoncolin,e16ea7447d18e4a6c824215b7f7db3e6ead25519b6cae76cf15cbdaadee333b2,MEMBER,jbass@example.com,1,2025-11-09 19:43:51.000,2026-03-27 13:25:23.000,2025-04-24 09:55:28.000,0
784,kfields,6ac8c0d5c41b24d1866338d1f9d11b4b8f9add6a98534987e5701fa589436cb2,MEMBER,patrick12@example.org,1,2025-11-09 19:43:51.000,2026-04-10 05:34:26.000,2025-09-22 05:25:31.000,0
785,hbailey,a270d6ea3d0d3712e67808866c936bfb9c16dcc24f04084d73e613ede0867cb3,MEMBER,jenningsglenn@example.org,1,2025-11-09 19:43:51.000,2026-04-26 06:21:08.000,2025-08-25 15:20:24.000,0
786,freed,5332f18864451cb6b778f35f55392ff1651c6ad2f7616a2d323a7b5f72d18254,MEMBER,albert95@example.com,1,2025-11-09 19:43:51.000,2026-03-27 17:06:20.000,2025-06-12 06:19:46.000,1
787,jgonzalez,67e5dd15c43f7d8a0269ba63b967a703dd96b258a43f2242eb0c00b774201c45,MEMBER,paul17@example.org,1,2025-11-09 19:43:51.000,2026-03-11 08:08:21.000,2025-11-11 09:04:19.000,1
788,cchambers,d22cedf4d500fad8259821db006e81f47997177704ceaa1b06746452b21b656c,MEMBER,derrick58@example.org,1,2025-11-09 19:43:51.000,2026-03-14 13:04:22.000,2025-09-08 21:38:13.000,0
789,margaretpotts,dad29eacebe90b12a87db8404f90adcce5c195383c0d24d0d9df3fb2d41f4d79,MEMBER,ngregory@example.com,1,2025-11-09 19:43:51.000,2026-04-05 14:57:26.000,2025-08-11 17:00:34.000,0
790,edwardcook,87620204487c631979d7270aca9d779e4319a194829fd7a4ece592030a1fe11f,OWNER,joycejason@example.net,1,2025-11-09 19:43:51.000,2026-03-28 16:00:58.000,2026-02-16 08:51:33.000,1
791,jhughes,d0040f9692ab006f434e5389ef94e44aac3b09fc1b9674aa27540286c5c93f12,ADMIN,jason19@example.org,1,2025-11-09 19:43:51.000,2026-03-26 09:05:53.000,2025-11-29 23:06:43.000,1
792,adamsandrea,0a2e5e4ae910bdd163d667362da52f27e6c2a1664de3c29536d93bf5fc05e715,MEMBER,huntermorgan@example.org,1,2025-11-09 19:43:51.000,2026-03-26 21:47:21.000,2025-10-20 05:24:37.000,1
793,griffinaaron,375aa960dcd5c12a6c2b4ae44b84c2441750b0ca46c2a6a8df0fe6028e2003ba,MEMBER,charles30@example.com,1,2025-11-09 19:43:51.000,2026-05-06 04:31:22.000,2025-05-15 22:52:36.000,1
794,charlesmcclain,dfe0d622bde046c23a061f1f3e0a04d73e184a308634409821bc19def5a077bf,MEMBER,anthony82@example.org,1,2025-11-09 19:43:51.000,2026-04-11 23:26:20.000,2025-08-07 05:19:06.000,1
795,caleb59,cd060dc1672d5101a7e885e3948b8f8beb7c29f86e6f87ac44766cf5f410e274,MEMBER,mlopez@example.com,1,2025-11-09 19:43:51.000,2026-04-28 17:31:44.000,2025-08-09 07:58:04.000,0
796,cthompson,bdf1491f35eb74de6650a5d69983da12788dd44009fc6fd56a35155f4b6974a8,MEMBER,wilkinsonmelissa@example.org,1,2025-11-09 19:43:51.000,2026-04-16 13:19:58.000,2025-11-09 13:46:11.000,1
797,chadjohnson,a6ea662d32232d723774f1d088f2bb11a5632b4ad7cbdb14f8cda760fd8f65b4,MEMBER,stephen71@example.net,1,2025-11-09 19:43:51.000,2026-03-20 12:02:55.000,2025-10-29 06:28:49.000,0
798,richardsonkristi,d3ad51aa744f741c785f54548bcda6201821d4ec8ff83de7f1662ecff08e317b,MEMBER,michael48@example.org,1,2025-11-09 19:43:51.000,2026-04-17 10:32:42.000,2025-07-22 23:41:11.000,0
799,bjohnson,d1539f3e902badbf1e8be47750ebe77c169dcfd3451a572322102c9b0b6c72fd,MEMBER,jlozano@example.net,1,2025-11-09 19:43:51.000,2026-05-01 19:37:29.000,2025-04-22 19:32:30.000,0
800,scottbrown,166a97d6cdaca8cdb39b27251f5dc0b4249148e694051964d3ee4fe2c161b395,MEMBER,garciamichael@example.com,1,2025-11-09 19:43:51.000,2026-04-08 14:56:42.000,2026-02-12 23:37:57.000,0
801,iwells,727054a1f74dbbf8696af3a47df431f79506d0d68b0de69fadf38d325335e55b,MEMBER,amills@example.com,1,2025-11-09 19:43:51.000,2026-03-18 21:59:29.000,2025-09-28 13:37:13.000,0
802,kurt53,afbfff8054bab95244978ca2d7037788193a37a0d56679b178607ddab65b783c,OWNER,chris11@example.org,1,2025-11-09 19:43:51.000,2026-03-30 02:40:42.000,2025-08-22 02:53:16.000,0
803,lindsaymunoz,227aeba4b29d0f26e77e89e26136542c46a92434dd11b2fc538076a59493e812,ADMIN,lovedaniel@example.com,1,2025-11-09 19:43:51.000,2026-04-08 08:52:01.000,2025-10-06 03:50:23.000,1
804,charles01,73f0601a41255825ffa10f5ec2602c7810b92a34a3192e4eede6b9701c0b9138,MEMBER,tsmith@example.org,1,2025-11-09 19:43:51.000,2026-04-17 07:56:59.000,2025-08-16 11:00:38.000,0
805,xking,8d2c62c37830f7329c3121f0fa32e42e7cea1a46f1016753a3533c354202821c,OWNER,uwhite@example.com,1,2025-11-09 19:43:51.000,2026-03-22 06:10:38.000,2025-05-27 21:39:51.000,1
806,michele72,77989d05df419cccb9fbe6f5e7b8bbfcffecc3e9b0fcf403be2f4a7fcfaed774,ADMIN,moranmary@example.net,1,2025-11-09 19:43:51.000,2026-03-23 11:10:52.000,2025-04-23 00:53:11.000,0
807,thomasrebecca,ff41a16c525ad35c4c6128f9de746b74c4a2763294de854aff974badca1b1b4f,MEMBER,amber46@example.com,1,2025-11-09 19:43:51.000,2026-03-12 23:18:23.000,2026-01-15 09:44:21.000,0
808,wagnerkimberly,c8a2b83d7c6bfc4e4c06ea727a1116cb2c0a45d6b30e005eac4f19a5bbc610e1,MEMBER,laurenmartin@example.org,1,2025-11-09 19:43:51.000,2026-04-07 13:02:56.000,2025-04-18 03:53:09.000,0
809,amy34,ae4b5dfe7669404a026d81e92b17458bfc0a71480d2154457e4477592d591251,OWNER,christinemorales@example.com,1,2025-11-09 19:43:51.000,2026-03-28 23:45:06.000,2025-08-13 13:56:13.000,1
810,shawnwhite,89ce3c3bcc9d4854e961c5740db3bf4177cd97653b681d40f0259c6d0bc6499c,ADMIN,poncealexis@example.net,1,2025-11-09 19:43:51.000,2026-03-10 23:27:32.000,2025-12-20 02:30:36.000,1
811,daniel73,5dbf203c6ea3975d78a836abd4b40b06b4964e079eefa5f0577d9b465e5f7c88,MEMBER,nolanjennifer@example.net,1,2025-11-09 19:43:51.000,2026-03-11 05:35:23.000,2025-12-02 20:01:37.000,1
812,ojordan,13c7618413494fa515877817c51a0b33cf43d38e0b73d3d638585421821a24f6,MEMBER,amandadunn@example.net,1,2025-11-09 19:43:51.000,2026-04-11 19:46:32.000,2025-04-17 11:11:30.000,0
813,fswanson,8ffe4df337bc477306e623a3d10e5e891e7e52c8d2a3a4c3484f334fac403617,MEMBER,pchase@example.com,1,2025-11-09 19:43:51.000,2026-03-22 08:27:20.000,2025-10-18 22:52:57.000,0
814,mitchell86,a9a6cca72c092f12a789247cdfdfa902644f367aaaaad03b7ad32be1d45e4585,OWNER,alan21@example.com,1,2025-11-09 19:43:51.000,2026-05-01 17:18:09.000,2025-09-23 22:23:01.000,0
815,nicholasbarber,c4353eed613cacf617d8a2c25d28dad3aacd60978d3d725190cc1ea22b3c99fd,ADMIN,matthew81@example.com,1,2025-11-09 19:43:51.000,2026-04-02 15:40:20.000,2025-05-25 14:08:19.000,0
816,millerbrittany,f440f370cd4a7d7c90743a6f8cbc36e0741305e52c376ef8a1701b89986f8042,MEMBER,jonesaustin@example.org,1,2025-11-09 19:43:51.000,2026-05-03 17:37:11.000,2025-12-12 20:50:33.000,1
817,marcus84,9f8e10001d242b102d1cda2eb8b504a7b731c489f2cd6d7c7f0e95ebe654e5ce,MEMBER,utucker@example.net,1,2025-11-09 19:43:51.000,2026-03-25 18:15:43.000,2025-08-09 02:01:25.000,1
818,suzannemays,b11c0ad0f2a0b746a8f518401381329c30be42be5701333a2a4105681f577381,MEMBER,kristendavis@example.org,1,2025-11-09 19:43:51.000,2026-03-19 09:56:02.000,2025-06-11 08:40:19.000,1
819,murrayjason,4f27247fa69623ad93b4f60996bb71672b8bb718b178f540555641dd7bb73223,MEMBER,bryantkevin@example.com,1,2025-11-09 19:43:51.000,2026-03-29 21:23:25.000,2025-07-24 00:31:29.000,1
820,lynnpatricia,e5c27bfb9f61447a00ff13573ae6daf81dc16e588d8843bd6641649b6cf49294,MEMBER,courtney22@example.com,1,2025-11-09 19:43:51.000,2026-04-02 09:07:17.000,2025-11-10 23:30:21.000,1
821,jacobsonchristina,2232aaff8e6f8bb49203c999dd61fa45032221f07794b651b5077bdcc7497f22,MEMBER,olsenalexander@example.org,1,2025-11-09 19:43:51.000,2026-03-11 13:13:40.000,2025-10-25 23:12:45.000,1
822,armstrongangela,e4d0977201332faa6010164d499d337f927ed5ec1bc03204869a4c8b5513203f,MEMBER,smurray@example.org,1,2025-11-09 19:43:51.000,2026-03-22 02:20:26.000,2025-05-12 03:18:35.000,1
823,jessica45,7d7ff206764c2f4bdee38a4ddc1893cac03cedd84dd8c51db48e56762dd1a5ca,MEMBER,kristygreer@example.com,1,2025-11-09 19:43:51.000,2026-04-27 02:24:23.000,2025-12-12 09:05:17.000,0
824,keith56,d960c3ecf43ee4a0b452e58b14d1811db651e6719a37c2e83cb936c4fdf9c40f,OWNER,brendan23@example.com,1,2025-11-09 19:43:51.000,2026-04-20 04:58:14.000,2025-06-15 16:45:54.000,1
825,jessica31,6cb45a7b1ac23162583840f93efad0f14a5185f8aca2c852f9fc79727f908abd,ADMIN,lbrooks@example.net,1,2025-11-09 19:43:51.000,2026-03-31 11:28:55.000,2025-04-22 07:22:12.000,0
826,mjohnson,e0ab3a82302d806ea1e0a6e2293c05ce9beeca0d0de1072eb62595143d921af6,MEMBER,youngkaitlyn@example.net,1,2025-11-09 19:43:51.000,2026-04-12 19:59:23.000,2026-01-29 12:16:30.000,1
827,moralesjeffrey,1b566c2ac57ca6190c4a519f7f7db444dc4fa2a349bef9309d0dedf27ee154db,MEMBER,kathleen22@example.com,1,2025-11-09 19:43:51.000,2026-03-22 19:55:53.000,2025-04-11 22:02:27.000,0
828,barbarathomas,f79a3cbf115250250c34316bbea6bdbb35d9ea5132c2cc5124ae32ce6be0fb14,MEMBER,zacharyweaver@example.com,1,2025-11-09 19:43:51.000,2026-03-22 19:22:50.000,2025-06-04 08:01:52.000,1
829,lmurray,dc6941af834ab45fe316e04f778768375a8ee8388cc0f6a1cf5f427df7ab896a,MEMBER,thompsonharold@example.com,1,2025-11-09 19:43:51.000,2026-03-22 04:52:43.000,2026-02-19 17:34:43.000,1
830,qmedina,bd84dd88d6aa7d1e47585b31164597170f37f57395d9713523eb5b0d6fe41b77,OWNER,jeffreydiaz@example.org,1,2025-11-09 19:43:51.000,2026-05-07 21:01:16.000,2025-10-25 10:31:29.000,0
831,luisrodriguez,5bc46dc9c6ac553150b538e5d7717fd3402736f8b7ecb375b8eabb6deeb412d6,ADMIN,nmedina@example.com,1,2025-11-09 19:43:51.000,2026-05-04 01:42:36.000,2025-09-14 01:57:48.000,1
832,smithtimothy,9bf9248b05e0ca23fe3fb293b5a3acd771d799abb4d08b2e1f9a3ecf3e3684e6,MEMBER,lloydtroy@example.net,1,2025-11-09 19:43:51.000,2026-04-26 12:32:07.000,2025-11-16 14:38:57.000,0
833,ian76,0a71ad0a326596a17c35b17a998b7489eca75685da85b0009995fe266591284d,MEMBER,jasonnichols@example.org,1,2025-11-09 19:43:51.000,2026-03-14 11:34:53.000,2025-05-10 06:59:07.000,0
834,mberg,662000ba0c4fbc14bfa675f741fcf21eebcede0b48e6da5f263ecab1784c57e2,MEMBER,wilsonfrank@example.org,1,2025-11-09 19:43:51.000,2026-04-29 23:35:31.000,2025-10-31 09:01:44.000,0
835,gmerritt,b71994732d85b3246bb3b4ae0d96b7eef182bb8e80a3eb23692639e33dad5464,MEMBER,john97@example.net,1,2025-11-09 19:43:51.000,2026-05-05 15:06:15.000,2026-02-14 01:49:54.000,1
836,rkelley,6a31f9838ca59880f91966bfeff58f447cf876cde45d91a48c4919846fa6a3b5,OWNER,herreravincent@example.net,1,2025-11-09 19:43:51.000,2026-04-12 21:48:38.000,2025-05-28 01:08:47.000,0
837,lindseyrodriguez,d5fe2ac21c25b5b81c70fd9ac5912129e01a83ad4a0fad209a8d4084a03560d3,ADMIN,marcus17@example.org,1,2025-11-09 19:43:51.000,2026-03-31 21:43:21.000,2025-11-09 09:13:52.000,1
838,william41,89783ae8c56cfe325e20d1d7a678c5f6c49f97c4c99cd2788bceea639cd0f15c,MEMBER,bowmanashley@example.org,1,2025-11-09 19:43:51.000,2026-04-23 07:59:23.000,2025-08-08 13:56:59.000,1
839,rodneyvelazquez,24aba4070053874594aa481822a5bf779f2d7dfbcf4402e7bb891e2e962fa523,MEMBER,heathergarcia@example.net,1,2025-11-09 19:43:51.000,2026-04-03 20:54:43.000,2025-04-11 10:28:12.000,0
840,ryangraham,60c58d0f0bd34f45f3065109956ff552e57edffa1490ff7438392bf6014e6298,MEMBER,rsingleton@example.com,1,2025-11-09 19:43:51.000,2026-05-02 17:36:07.000,2025-07-15 12:27:35.000,1
841,qhill,600033c9e9119ae1002ff1a42e6ec30784fd7b4776e07c2ff70b86aadc50bb70,MEMBER,martinlori@example.com,1,2025-11-09 19:43:51.000,2026-04-06 05:42:24.000,2026-02-14 18:51:19.000,0
842,ashley53,41e904ea8766917ff17bf03720e837affba7c78aa54c14a12d431d32bfbc9721,MEMBER,michael20@example.net,1,2025-11-09 19:43:51.000,2026-03-17 00:59:56.000,2025-11-06 07:16:57.000,0
843,joshua26,84d228fad42e4d5a2e00a6c2a66f71934c4390b44d4535ff1db0520c0f3b85fa,MEMBER,hallen@example.com,1,2025-11-09 19:43:51.000,2026-05-01 15:20:57.000,2026-02-14 17:12:11.000,0
844,dsullivan,c684555d19d99bf540a36e24f3e1ba519756224214c67c29cbde9d15bb0df006,MEMBER,kellyschwartz@example.org,1,2025-11-09 19:43:51.000,2026-03-10 16:23:10.000,2025-05-03 02:16:05.000,0
845,murphyjay,bd256bb44df1d49ce4dec644d92acd7b194be2039b1da052a11fcc725e2ddf5d,MEMBER,cummingssusan@example.net,1,2025-11-09 19:43:51.000,2026-04-06 03:16:59.000,2026-01-30 05:04:52.000,1
846,pmorrison,410d7af0399686540906e872b8a363419f67b5b3379c1b1a819817074297cbe3,MEMBER,christinarusso@example.org,1,2025-11-09 19:43:51.000,2026-03-26 00:37:37.000,2025-11-28 19:12:17.000,1
847,shelleyrose,9187c0bc0f39b07ba011f779bd283009ce04c3d4b03f2aea5751114743a40eba,OWNER,kim64@example.com,1,2025-11-09 19:43:51.000,2026-03-13 17:33:29.000,2025-11-20 08:22:05.000,0
848,william74,7369685e643b9fd65e775a37a53e94bb933906387a4c6bb87eae5a48cf539567,ADMIN,connor58@example.net,1,2025-11-09 19:43:51.000,2026-03-12 01:14:34.000,2025-08-28 20:49:44.000,1
849,rwade,c84f5124bfbb56051ea116a41b2f3f2a28e61ff93834de883e9cab746c188a30,MEMBER,justinkennedy@example.org,1,2025-11-09 19:43:51.000,2026-04-03 13:37:18.000,2026-02-28 14:39:10.000,0
850,ray93,4bab01e3c0843d8bad368b34d62d10b69eaca63ddf052f6c649b6e1ecb6c92e6,MEMBER,christophergrant@example.net,1,2025-11-09 19:43:51.000,2026-04-18 05:14:57.000,2026-02-24 00:40:14.000,1
851,sheilaneal,ff858b9800c8773bb53e48ec41718b0bf93e3a67126073970b5783aa4643e9d4,MEMBER,davidfoster@example.net,1,2025-11-09 19:43:51.000,2026-04-21 09:59:21.000,2025-12-04 05:43:00.000,0
852,rortega,a448060ee1ba2f1b7d71ab6bce351c56ae26df44b987745e86763aae659a82bb,MEMBER,jessica29@example.net,1,2025-11-09 19:43:51.000,2026-04-26 22:31:33.000,2025-04-12 02:56:23.000,1
853,destiny39,ec60845ee0e957542b218e83a58257c95bf54fb764b678e011020f1ac67fbcaa,MEMBER,lindahiggins@example.com,1,2025-11-09 19:43:51.000,2026-05-06 14:43:26.000,2025-06-06 18:22:50.000,1
854,timothycastro,d71c0cb675dbba7d7dc2d4139509ee25a79e9c9778dc73e9489ca73aafebbf6a,OWNER,gene08@example.com,1,2025-11-09 19:43:51.000,2026-04-12 14:45:22.000,2026-01-20 04:50:10.000,1
855,brittanytaylor,d9c7a24a2d502087b099286a711e414acdf50db56d3a62218bfc506e1143620c,ADMIN,colleensimpson@example.com,1,2025-11-09 19:43:51.000,2026-04-26 08:09:31.000,2025-12-03 02:46:35.000,0
856,imorse,aeda72e642857de4a5a3c52dc21dc951f934eafaa6ca71e6085f66b87e4fd5d4,MEMBER,christophermercado@example.com,1,2025-11-09 19:43:51.000,2026-03-27 00:18:55.000,2025-05-03 21:12:19.000,1
857,julie08,a488e9a5980d2d935988d037d4b1829d69826d3a2ec8bf552b3341c128e1c775,MEMBER,kara17@example.net,1,2025-11-09 19:43:51.000,2026-04-06 04:44:29.000,2025-09-11 11:07:42.000,0
858,ohall,eab20d2e766cbc6a671c438b44abf6611ae8a1cbea7e2be20ef1c0bbb155dd5a,OWNER,jeremyanderson@example.net,1,2025-11-09 19:43:51.000,2026-04-11 21:12:19.000,2025-05-23 08:36:27.000,1
859,wilsonjose,82b897f7042d65fa8666ef96f97df3b4b823a394482c8974a8eb37c5bd0e8eb0,ADMIN,donald82@example.org,1,2025-11-09 19:43:51.000,2026-04-03 05:48:47.000,2025-10-18 02:15:32.000,1
860,chaddurham,c87a7435811acfe1d8dcc0a6fe2afdbee297c4a948c5f5bee6e9c00bd24a513a,MEMBER,flemingaaron@example.com,1,2025-11-09 19:43:51.000,2026-04-06 20:54:29.000,2025-07-30 22:49:03.000,1
861,christine84,42ecb3df8124cda968fcc4f5e38b55c69d3ed37ab50ea8b0faacb29440a2e51d,MEMBER,foxsergio@example.net,1,2025-11-09 19:43:51.000,2026-03-18 16:19:21.000,2025-11-18 12:37:10.000,1
862,marilyn32,a7554444f891ab72d2c98513afe68a343d77085723159a32566fefd8f90306cb,MEMBER,fwilliams@example.net,1,2025-11-09 19:43:51.000,2026-04-19 08:45:15.000,2025-08-20 11:35:21.000,1
863,garciaerin,f80b2569dd395d690914f8f500e7165da468bf16d72af02af96419690b6cce69,MEMBER,christopher42@example.net,1,2025-11-09 19:43:51.000,2026-03-15 00:12:44.000,2025-06-28 21:50:43.000,0
864,robert37,66471b88049601d7046a805191bb7d7531334fc26c2c94edbfa450d10291e67e,OWNER,waltersderek@example.net,1,2025-11-09 19:43:51.000,2026-04-06 19:34:13.000,2025-12-16 01:56:59.000,0
865,collin20,a22665db9d5b3db207e0bd22c5a8fa9fbfc6873752ade9ce339c665938ee7ede,ADMIN,theresajohnson@example.net,1,2025-11-09 19:43:51.000,2026-05-02 04:57:28.000,2025-07-29 14:18:48.000,0
866,kimberly91,7c656eb92a3f7e3beeb3146c6a1bd34196cf6054b65771c0af564acb3b13062e,MEMBER,uwilliams@example.net,1,2025-11-09 19:43:51.000,2026-04-14 17:59:31.000,2025-10-04 11:51:10.000,0
867,john49,ccbfe39453fb0489cf97e0379ba00fa3f410a9b3fe5d00c3d336e07e022f9e03,MEMBER,rsantiago@example.net,1,2025-11-09 19:43:51.000,2026-04-29 21:18:42.000,2025-10-15 21:03:44.000,0
868,millerjulie,ee11bbb294a4e9d4c79b7edc9181fc805f9d3e8ab12f41a7aa072f0dfaf36e36,OWNER,jenniferjenkins@example.com,1,2025-11-09 19:43:51.000,2026-04-28 05:29:21.000,2026-01-28 06:25:50.000,0
869,donna48,97f3605621beef70b069039aadf0573f5077fd60cb53d293e561ec3e91444a00,ADMIN,stephaniewatson@example.net,1,2025-11-09 19:43:51.000,2026-04-09 23:54:36.000,2025-10-16 11:31:19.000,1
870,robinsonallison,3b10862c7b5bab9540655c9967b9df65dec5c8bfd7f2b30e83920e9c52332fa8,MEMBER,jacquelineyork@example.com,1,2025-11-09 19:43:51.000,2026-05-04 21:25:06.000,2025-11-15 19:10:05.000,0
871,cortezjacob,77d23159ffaad93ed9e4206877d8b4033e78da5905badcd929c204c2ed5cda35,MEMBER,jessicaschmitt@example.net,1,2025-11-09 19:43:51.000,2026-04-23 04:54:54.000,2025-11-22 09:15:29.000,1
872,shawnhendrix,82b3c72dd251a9620e9b06886eb60d29761edd6f86c40bad0061cbb9bf18ca17,MEMBER,doylewesley@example.net,1,2025-11-09 19:43:51.000,2026-04-08 04:09:00.000,2025-07-23 11:42:26.000,1
873,paul04,45161b8ba0c4a99e60247d94456449b642920aed45651285f2ac787e232bcc69,MEMBER,imann@example.net,1,2025-11-09 19:43:51.000,2026-04-11 17:29:59.000,2025-08-16 02:36:31.000,1
874,williamslawrence,4473bfd0e338e0e95208cc80abbe5a2e4ec178d08a6a798412b2a34652bfcda5,MEMBER,stewartbrenda@example.org,1,2025-11-09 19:43:51.000,2026-03-22 23:11:37.000,2025-08-01 04:59:14.000,1
875,gomezrandall,6a65aaa8cdb120d48578e47e7c0842a7a2e93208d88837beccc05bded87a76ea,OWNER,reginaldvasquez@example.com,1,2025-11-09 19:43:51.000,2026-04-17 06:00:24.000,2025-09-05 01:32:53.000,0
876,chad88,a1a380ce40835c16d85698d023008c77d8640062dc7f70a68ba51d377d471411,ADMIN,bridgeselizabeth@example.net,1,2025-11-09 19:43:51.000,2026-04-21 19:03:41.000,2026-02-01 12:06:30.000,0
877,rsimpson,ad2966872a92bb9012e9ae1d11dd4425d7ce5f7b026f0aa39fc083014643557b,MEMBER,mary35@example.net,1,2025-11-09 19:43:51.000,2026-04-08 12:49:23.000,2026-02-09 05:00:55.000,1
878,williammontes,398577a4d211c5bb7ee957d2dc996f9eb72ed147e84f4acec59064fdc497f1f8,MEMBER,davistheresa@example.org,1,2025-11-09 19:43:51.000,2026-03-24 07:58:15.000,2025-08-19 21:40:08.000,0
879,stantonmichael,57323597a5fd5214c695c880b6711287785202e172891062f1cbb82749dd3bb5,OWNER,pmitchell@example.org,1,2025-11-09 19:43:51.000,2026-03-21 06:46:49.000,2025-04-09 08:05:09.000,1
880,uhoover,50227d63f8af240190cbb7a4583e4b1bac9da45bd5a5224281232389530d7a84,ADMIN,frederick69@example.org,1,2025-11-09 19:43:51.000,2026-03-17 02:04:46.000,2025-06-05 23:09:29.000,0
881,richardswayne,1aafe80fff1e41f9ae0e9d32fdf4ae220c0ac79e8d4f3178b10159a747c5cbf3,MEMBER,peter69@example.org,1,2025-11-09 19:43:51.000,2026-03-13 20:14:32.000,2025-09-04 16:56:30.000,0
882,nhudson,8f1319c519d09e4bea83951693b11c4099846a1c680f51fa931885cea84a16f6,MEMBER,blackerin@example.org,1,2025-11-09 19:43:51.000,2026-04-04 03:17:31.000,2025-08-03 09:02:50.000,1
883,sarah93,57b933420c48d3693347b7bb7b418494e5b9567c0b71b19590c28090c92dfd80,OWNER,fmcdaniel@example.org,1,2025-11-09 19:43:51.000,2026-04-02 02:05:13.000,2025-06-13 16:40:11.000,1
884,nicholeyoung,3e2d40799e6019f9b625a8eb9ee48b8e88a247db800ba90bfa7d271bff11fb1d,ADMIN,arthurmartin@example.org,1,2025-11-09 19:43:51.000,2026-04-15 23:27:43.000,2026-02-10 11:18:19.000,0
885,kjones,e92aceaa8371c51a7cdfe866d147a470d09148e63bcedc04e6a63930bfe7b8e2,MEMBER,brittanyharris@example.net,1,2025-11-09 19:43:51.000,2026-04-19 13:39:35.000,2026-03-02 00:09:38.000,1
886,tchoi,b64ca6cea57621df12d93ccb975e1507bb589ea4206d17f0d47ddad9a753244b,OWNER,michelle11@example.org,1,2025-11-09 19:43:51.000,2026-03-25 04:03:25.000,2025-09-11 20:17:10.000,1
887,dwright,4bf10710d708a01bea979d9c9675afd853590c246b09da9ef1651f29d24c984c,ADMIN,xholden@example.net,1,2025-11-09 19:43:51.000,2026-04-23 23:55:57.000,2025-12-21 13:11:45.000,1
888,sawyersandra,57fa426831d6db86ff28603c7b1ef1027823a0e184771fcd10c36d0706630ad6,MEMBER,mariaalvarez@example.org,1,2025-11-09 19:43:51.000,2026-04-20 03:18:07.000,2025-10-31 16:49:18.000,1
889,nhunter,ab2360b490713f863e34a4e3d3a7a39f672851f656fbdcdc2067d83daf754aa1,MEMBER,grahamraymond@example.net,1,2025-11-09 19:43:51.000,2026-05-05 18:28:01.000,2025-11-22 16:05:31.000,0
890,swilliams,41a0d6c97a741ec1fa2824d4101575cb09f78ea01bfb1eda07ff078f99698a34,MEMBER,xbrown@example.com,1,2025-11-09 19:43:51.000,2026-04-01 14:53:01.000,2026-02-25 03:55:11.000,0
891,sliu,cab9332711ad518dcc7a8ee6102e37d5108a3c59de5536cc207f36627a9841b7,MEMBER,ssimpson@example.net,1,2025-11-09 19:43:51.000,2026-04-07 07:32:46.000,2025-10-05 16:36:29.000,0
892,walkerkimberly,c913a65e9a1f96f9a60aeea62d2dfd6409954f87fb6d8bbf036c2b48b0f77bce,OWNER,denisemorgan@example.net,1,2025-11-09 19:43:51.000,2026-04-01 14:42:59.000,2025-07-27 12:46:25.000,1
893,tina76,5e804937cd18f1315c73c6bc5f934d6a3d22312b4bd5f6ccc9898286397e264e,ADMIN,parkerrobert@example.net,1,2025-11-09 19:43:51.000,2026-03-11 21:11:00.000,2025-07-18 03:48:34.000,1
894,ivargas,af9a19a4a4582256c8f224f310f0e3f20d2895dec74a440e6fb4352c2291b69d,MEMBER,angel89@example.org,1,2025-11-09 19:43:51.000,2026-03-22 19:34:14.000,2025-08-21 10:17:05.000,0
895,philiprodriguez,748b9058b79c08f33893905ffba24ebd7525aaaf3a533ca96f1c74deb46e7b36,MEMBER,qpacheco@example.org,1,2025-11-09 19:43:51.000,2026-04-19 20:26:13.000,2025-10-22 14:06:43.000,0
896,crystaljarvis,f72b404cabd178ad6cf0ed04179a4e6cb01a5b67a3dda39cdaf10c40cb9905a2,OWNER,stacyford@example.net,1,2025-11-09 19:43:51.000,2026-04-08 22:42:55.000,2025-09-08 07:16:46.000,1
897,ericapatel,ad69a3f239ee90c8f1e7c095466d63aeeff0fad81c99421aca1eb4c72091f951,ADMIN,hallmatthew@example.com,1,2025-11-09 19:43:51.000,2026-04-26 21:36:50.000,2025-10-02 22:44:25.000,0
898,donna85,1a231db4beef8b37a5797e7a132ef457859edee7a55ced94e84d1c23660c5837,MEMBER,david45@example.com,1,2025-11-09 19:43:51.000,2026-03-25 00:20:42.000,2025-05-13 19:54:22.000,1
899,mcconnellamber,9ccff6433319a8b4eba4200b3e4bab9f9c00be46a191e6ee8478e2041e1b6811,MEMBER,sarah08@example.net,1,2025-11-09 19:43:51.000,2026-03-20 06:10:25.000,2025-09-04 09:48:52.000,0
900,sean66,596610f047f33a5bd3523599cc91820e6803c91efaf7411f9286d9527154c674,MEMBER,pamelajones@example.net,1,2025-11-09 19:43:51.000,2026-03-12 05:03:59.000,2025-10-25 04:52:22.000,1
901,mkirby,6a191244281f46d9e444e457d5c3ef2310e75803efdac57c228d8d82477e2976,MEMBER,roserandall@example.net,1,2025-11-09 19:43:51.000,2026-03-16 09:39:44.000,2025-05-26 10:52:04.000,0
902,brianmorgan,473624ab8de7fc87418ec24a091195f7f4642cd19f4fc2501850c37e4c9a995d,MEMBER,jeffpatel@example.org,1,2025-11-09 19:43:51.000,2026-03-21 18:28:05.000,2025-09-16 03:30:36.000,0
903,uwright,54ccedc6ddfc3b080c6275c96d512cf45af24e60101b42f0cb97e6c799dfd4e2,OWNER,rita04@example.net,1,2025-11-09 19:43:51.000,2026-04-01 10:12:25.000,2025-07-15 14:18:29.000,0
904,kelly90,5d75f97b921cc150e3381a12c2ada080e8e21daba6202a509bf30835ea9cbff4,ADMIN,lopezshawna@example.org,1,2025-11-09 19:43:51.000,2026-03-30 05:25:56.000,2025-11-22 01:16:52.000,1
905,garciaalan,75b34dc4aaa973ec10213f8cd2b640e8071ef79c1439943ddffbaaf4063014b1,MEMBER,webermelissa@example.net,1,2025-11-09 19:43:51.000,2026-03-23 13:06:20.000,2025-09-02 00:12:31.000,0
906,ramosmichael,168952afd1597368f7056ec1031df643f7fb852795854dcf1c90988c4e92d21d,MEMBER,teresamelendez@example.org,1,2025-11-09 19:43:51.000,2026-03-15 21:56:42.000,2025-05-21 03:38:46.000,0
907,robert01,61411767ba558fcd4fc14b47e718c8f0972a282ce75b49b829b8d51d472c6b54,MEMBER,zsantana@example.org,1,2025-11-09 19:43:51.000,2026-04-05 02:35:27.000,2025-08-06 11:48:14.000,1
908,vryan,9644f5ecd6089a6322471049b790499dd088d4b195574d4fa1cf7981b3ce2c25,MEMBER,caitlinvega@example.net,1,2025-11-09 19:43:51.000,2026-03-11 01:18:18.000,2025-09-29 09:09:38.000,1
909,singletonlarry,909f483a2e605d788cce26e7574c1cb31612dfbf3d0ee0f04353d4a2c54ab2a4,MEMBER,ramirezbarbara@example.org,1,2025-11-09 19:43:51.000,2026-04-16 21:53:20.000,2025-05-09 23:22:05.000,1
910,john28,00350ae7b11c00530bebd310331a70720c5e6434e15f0f66ed46724069810525,MEMBER,timothy30@example.org,1,2025-11-09 19:43:51.000,2026-03-11 20:01:26.000,2025-08-30 03:51:59.000,1
911,saravasquez,575376ffaba6c2c10fd7e0deb20161b89e78794c015b8da405908b33a422d249,MEMBER,lopeztheodore@example.com,1,2025-11-09 19:43:51.000,2026-03-13 20:07:20.000,2025-05-03 11:38:00.000,1
912,carolpratt,fe82220b8690aac15e92b076cdd54164855eb3e43f9770e51dd7e24de15a6755,MEMBER,kelleyjames@example.net,1,2025-11-09 19:43:51.000,2026-04-07 07:11:29.000,2025-09-23 05:46:39.000,0
913,perezlisa,130991dbe88371306fefe64ddb7c23a14496b16454cac4486810279374a2c92b,MEMBER,glenda64@example.org,1,2025-11-09 19:43:51.000,2026-05-03 05:15:29.000,2026-01-26 12:04:47.000,0
914,michelle23,2d2432eab513af2dcb8688439b91650c40caed49f4a41dc2868cc10316c9dc96,MEMBER,teresagonzales@example.org,1,2025-11-09 19:43:51.000,2026-03-11 06:26:53.000,2025-05-03 04:34:17.000,0
915,jclark,05d4f7925e00391261646c9a25c125723c8c0cc7221e30512139ab69631aeb6d,OWNER,rroth@example.net,1,2025-11-09 19:43:51.000,2026-04-18 09:55:55.000,2025-10-06 10:25:44.000,1
916,crobertson,6a68e89b36c8f6f75f6e99c225dbed6a0e1eb44db34252ea13f26d0bf92cfc8a,ADMIN,wigginsjames@example.com,1,2025-11-09 19:43:51.000,2026-04-07 11:52:39.000,2026-02-27 21:59:32.000,0
917,whitejamie,6fbe2ddc4022f9e8a5efa026364918ea7cf93093dcee862cab83ce14f035c603,MEMBER,gabriel07@example.org,1,2025-11-09 19:43:51.000,2026-04-13 17:59:03.000,2025-05-13 05:03:55.000,0
918,christophersmith,8b79a9594228e944b752caad9fb32ea2e04d50a82b48b7bd94fcad83b40323ae,MEMBER,laurenbryant@example.net,1,2025-11-09 19:43:51.000,2026-03-23 18:10:06.000,2025-05-23 22:24:38.000,0
919,douglasmary,74f3e97707e6b436ffe4fc9cee35614b1bc308a75ac1a62e056005f4483a3f70,MEMBER,joan03@example.net,1,2025-11-09 19:43:51.000,2026-04-23 14:53:44.000,2025-08-14 15:55:21.000,1
920,qhowell,c7e5b7a42e64f6618f877f8057e66d31166bed6b905896d6e6897a1b8572863f,OWNER,gregory71@example.org,1,2025-11-09 19:43:51.000,2026-04-10 07:06:06.000,2025-07-03 05:22:22.000,0
921,danasanchez,0dca9320f5c828501c876c63aed21c93fcfccd989d54c095049726ac43e3c594,ADMIN,carrie71@example.com,1,2025-11-09 19:43:51.000,2026-03-28 00:32:47.000,2026-01-04 17:15:31.000,1
922,icole,569bf71c4ea45d927b3418360b3a23ecba94b2f3388ae2e598a642c36c47e64f,MEMBER,martinchristina@example.org,1,2025-11-09 19:43:51.000,2026-05-04 01:35:04.000,2026-01-21 10:06:36.000,0
923,millertanya,490daa68179565668a55d777638b4e1805d1cdf9b2adc96e985f42884a802246,MEMBER,vchandler@example.org,1,2025-11-09 19:43:51.000,2026-03-21 03:24:40.000,2025-09-12 05:46:07.000,1
924,mhill,249965e5f17f48ca79619856d242e729e9198e767a2d781223d8290dce3b4f9f,OWNER,bradley55@example.org,1,2025-11-09 19:43:51.000,2026-04-02 02:14:44.000,2025-11-05 04:14:48.000,0
925,nelsondavid,fa1f7e2e62fa6bd3a2ba09652c6b15424c3105729cca770c8054911a19af791e,ADMIN,stephaniebridges@example.org,1,2025-11-09 19:43:51.000,2026-03-18 14:07:57.000,2025-05-16 23:41:18.000,0
926,arivera,d4b84e4e5478108a6d05bcf4723aadae0b9e96a6e42302b83b0910f1d191fdbc,MEMBER,christensenjose@example.net,1,2025-11-09 19:43:51.000,2026-04-30 11:50:16.000,2025-04-26 22:33:43.000,0
927,sschwartz,69352dc6ae6fb88bea72536bd0f3d0509083ed9ba247173da2974abdbc3bfeaa,OWNER,stokeszachary@example.net,1,2025-11-09 19:43:51.000,2026-04-16 10:31:33.000,2025-08-22 09:57:40.000,1
928,craigmelissa,4f85665b68a6dffc5a32225172184e56abc4352c8d1d99802eb7ec933ad7feed,ADMIN,bgarcia@example.org,1,2025-11-09 19:43:51.000,2026-05-05 01:53:13.000,2026-01-10 08:00:43.000,1
929,rkidd,6dbead71cdaa815dee2269641fd48d87916491df6fa4cd386054ede2db1ac17d,MEMBER,newtonjanice@example.org,1,2025-11-09 19:43:51.000,2026-03-13 09:39:36.000,2025-08-28 15:47:54.000,1
930,william26,9601699f75adca6c113a77070451aac9c8ef9aff6b471bd035ac7f7c86f29d3a,MEMBER,robinsonannette@example.com,1,2025-11-09 19:43:51.000,2026-04-25 15:50:27.000,2025-04-13 05:28:45.000,1
931,laurennguyen,f53a77b5b83d6d9dd9a50eee87622d53b992de1659bf5989597906dbbd680846,MEMBER,katie37@example.com,1,2025-11-09 19:43:51.000,2026-04-02 06:26:55.000,2025-10-27 00:15:10.000,0
932,thompsonmarcus,f44c581aa3631f7f38750353fe08b2eae8f3ff7919f65d99d0e7fae3ca5c4db8,OWNER,yrodriguez@example.org,1,2025-11-09 19:43:51.000,2026-04-15 17:10:50.000,2025-12-28 13:56:47.000,1
933,david86,948fccf048e9890e63d90e20806c5b664dd279d4562e0087f0047c2181d39841,ADMIN,xjones@example.org,1,2025-11-09 19:43:51.000,2026-04-17 14:01:47.000,2025-12-16 16:02:27.000,0
934,monique94,e51d1e01a9c05ae89dd501440fdbd1153d70e1b41965941974d552d1e2b691d5,MEMBER,alex21@example.org,1,2025-11-09 19:43:51.000,2026-03-24 07:15:40.000,2025-09-28 01:12:00.000,1
935,wujesse,9e342f64122855bed5cdafa23795f8b9ae4822dff8313d4a0c2000f47e7d0556,MEMBER,mary43@example.org,1,2025-11-09 19:43:51.000,2026-04-25 04:59:37.000,2025-08-28 22:54:06.000,0
936,hgomez,3e9a9ccf3e9dd4696b28cd161128a1b520e94d40ef3dd124c6bccab7aa0c1da8,MEMBER,gregory50@example.net,1,2025-11-09 19:43:51.000,2026-04-03 20:39:59.000,2025-10-11 19:05:38.000,0
937,pgarcia,a0ef860348f0cf7eb3aa98dcbda22f06469681c173896cefa157279f616b0b50,OWNER,obautista@example.org,1,2025-11-09 19:43:51.000,2026-03-26 11:10:17.000,2025-07-08 07:19:55.000,1
938,imelton,975a1ab2d3c6577f1cf5ff40d3297b4b736b4a49a999bdc096ee742ef5384b2c,ADMIN,david90@example.net,1,2025-11-09 19:43:51.000,2026-03-28 00:45:59.000,2025-10-02 19:42:18.000,1
939,williamsonmeghan,e2baf4c6d4ab8fb8497dfbef8693adbdbbf196643133788b7f1aacbe49ffd1de,MEMBER,robin56@example.net,1,2025-11-09 19:43:51.000,2026-05-03 23:33:41.000,2026-01-19 15:37:21.000,1
940,sharonbrady,050c82324aa1c2092ff203bf8c4dbc37c9694f58394bdd41db709bf521c0ddb7,MEMBER,odavis@example.com,1,2025-11-09 19:43:51.000,2026-04-09 12:12:15.000,2025-08-13 02:15:24.000,0
941,janice23,03f1ce6a4ba0b5f0e934bea2c7b18565ff0afb955eebff90e85fa24bcdfb9d51,MEMBER,jasonmartin@example.net,1,2025-11-09 19:43:51.000,2026-04-06 23:33:48.000,2025-05-04 18:11:25.000,1
942,ronaldpatel,01c78a4ee5fd04f50c23654b9d7cc8cadccc141f2cb4f94024f29a9eba3d5227,MEMBER,wesley28@example.org,1,2025-11-09 19:43:51.000,2026-05-07 08:03:26.000,2025-10-01 22:52:55.000,0
943,rachelperez,4d1651bb56809199322b441d56237566c7cbdec3803417de3c76ab9f23a4fd95,MEMBER,omoore@example.org,1,2025-11-09 19:43:51.000,2026-03-24 22:01:28.000,2025-07-04 00:20:15.000,1
944,brownlauren,e3a2299c6f1a99274077e920f0ce335f1be24045213383f25e8faf3127e7580b,MEMBER,williamsmith@example.com,1,2025-11-09 19:43:51.000,2026-05-01 07:22:23.000,2025-10-22 22:18:39.000,0
945,lauradavis,5b2eb3d2f2c23792fc6d33e9d5e8eaacc1625d9eb37d298ca8c2823d8b16b69c,OWNER,kwallace@example.com,1,2025-11-09 19:43:51.000,2026-04-12 18:47:32.000,2025-07-31 07:35:55.000,1
946,dennispeterson,3dfa4a324ebb58e544f4524c9a5c76f80eda02e614c49b239061684e36325b1d,ADMIN,richard04@example.org,1,2025-11-09 19:43:51.000,2026-03-21 07:59:23.000,2025-07-26 17:19:06.000,1
947,linda22,ce712e7d6b95b408b9419486dd7354a55de1d76b1a18ad2603c9a0b73e45f03c,MEMBER,jaclynparker@example.org,1,2025-11-09 19:43:51.000,2026-03-26 12:48:09.000,2025-10-24 01:27:23.000,0
948,strongchristy,33e007af3a6c916153d0566bcec5c188adf47f7450a6db23d044e4d449384c39,MEMBER,xallen@example.com,1,2025-11-09 19:43:51.000,2026-04-24 22:06:11.000,2026-01-31 14:37:19.000,0
949,youngerica,42f3bc8fba3fd67a00e6de918ce9607556d7cf58f8321c76ab90df51d7602011,MEMBER,ktorres@example.net,1,2025-11-09 19:43:51.000,2026-04-26 22:57:46.000,2025-11-23 20:31:17.000,0
950,stephanie49,0c0a25534cd7ba48858861f30573608cbf70a60e9e8642fb640faffcf906ee94,MEMBER,charles63@example.net,1,2025-11-09 19:43:51.000,2026-04-20 01:09:35.000,2025-08-04 17:27:51.000,1
951,tgay,2e20ea95af164f8a1173d7f458fd38d9c6ae003f34ab9b372638af90bd01a787,OWNER,candace10@example.org,1,2025-11-09 19:43:51.000,2026-04-10 00:41:35.000,2025-05-13 16:10:14.000,1
952,leslie69,d4ddacbb2d95b7e2573dc9e95c6b806d4d45dff6a1828ff5fac8dae3db94d743,ADMIN,morrisregina@example.com,1,2025-11-09 19:43:51.000,2026-04-17 03:18:29.000,2025-06-12 18:31:08.000,1
953,ksullivan,6ba17fdf2ce1dd009ac5521dedb9cdbc8ac38f4ef0402a7c37ffafb0b9b1c926,MEMBER,rita88@example.com,1,2025-11-09 19:43:51.000,2026-03-20 19:21:46.000,2025-11-09 23:08:45.000,1
954,stephen80,f6ae7cd506a68239a49f35446b8e4d881e53a98aac924ada58e2f3ae000107a8,MEMBER,brandonroberts@example.com,1,2025-11-09 19:43:51.000,2026-04-01 07:43:44.000,2025-08-14 23:26:00.000,1
955,thomasjose,216d06a7cd7b2dba047aca15f3362badc920f35a9d4a40a065c9266967355065,MEMBER,flopez@example.org,1,2025-11-09 19:43:51.000,2026-05-04 18:30:27.000,2025-09-06 21:49:02.000,1
956,hintonjohn,0fa7dcfd9b33f597a097a91e6796e4ffb39d3719a0de20cd024a6f1e871ece19,MEMBER,clifford34@example.com,1,2025-11-09 19:43:51.000,2026-03-18 14:27:37.000,2025-10-26 20:33:30.000,1
957,nguyenjessica,c325c70de3f58ecf1faefb24ade44b5b35a7b202e0e656b210d3a740183130e1,MEMBER,gabriel20@example.org,1,2025-11-09 19:43:51.000,2026-03-17 06:54:32.000,2025-08-09 20:28:37.000,1
958,mjackson,683c93f7ec3c6bccc6385f702b7b49914ca03daa82c06c788cac9fe082021d69,OWNER,hcarter@example.net,1,2025-11-09 19:43:51.000,2026-04-27 12:59:53.000,2025-06-29 10:59:15.000,1
959,omiller,856b00669e1077e3faa811f34b72a4fcfa085169b5b8af8d1bb13e7db286c6fa,ADMIN,iaustin@example.org,1,2025-11-09 19:43:51.000,2026-04-06 02:35:09.000,2026-03-06 17:05:51.000,1
960,sharongarcia,5576b4aa7e87716548cfefff7dab6b0ab5ee14d5194390baa1644cd3ccdfbdfa,MEMBER,petersmichael@example.com,1,2025-11-09 19:43:51.000,2026-04-09 11:44:29.000,2025-08-24 18:57:19.000,1
961,cynthia62,7e23a2d8d5328a85cd27a1ab8c5d92eb6249dc5f06af9d74414f70977656434d,OWNER,taraperez@example.org,1,2025-11-09 19:43:51.000,2026-05-07 17:22:26.000,2025-10-23 05:08:54.000,1
962,samanthasweeney,e7c857c2282832324a341a89c0fa79994a669bc9422c8989171e452d75073e3c,ADMIN,walkerbrittney@example.net,1,2025-11-09 19:43:51.000,2026-04-05 01:15:32.000,2025-07-19 06:58:09.000,0
963,petermanning,f1a52633f24ddefed506711bd92eef987c183059de0d13f5aba86d82f3ba7fc4,MEMBER,katherinemckinney@example.org,1,2025-11-09 19:43:51.000,2026-03-20 16:31:18.000,2025-08-04 16:13:26.000,0
964,daniellealvarez,df444f7c6eccb64f7305d26014069c3760045f95b838bd7322e4a4d0260146f8,MEMBER,parkerrobert@example.com,1,2025-11-09 19:43:51.000,2026-03-12 06:49:14.000,2025-04-27 17:12:55.000,0
965,antoniogallegos,a4211a7db8c925f60aab686dd5591948539e00faf09d383bf18b33fccef26f6b,MEMBER,sancheztonya@example.net,1,2025-11-09 19:43:51.000,2026-04-11 17:33:26.000,2025-07-04 01:59:29.000,0
966,robertcollins,2f6de1d3dbef95b291ab9fb011cc770079dad5cb69cedcd4b30a90432a1b064f,MEMBER,byrdcarolyn@example.net,1,2025-11-09 19:43:51.000,2026-05-04 08:48:27.000,2025-11-23 07:24:03.000,0
967,smithdavid,a04a7e8b3e41325ad4243e2dbdc31d79979265903986f0165b6d3c47ba078ff0,MEMBER,pagedaniel@example.net,1,2025-11-09 19:43:51.000,2026-03-12 05:14:26.000,2025-11-14 07:45:14.000,0
968,qzimmerman,9d91333eadfd7c02d706e996edd1d828fc404f3aec160270eac25e1dee9b90ae,MEMBER,zuniganicholas@example.net,1,2025-11-09 19:43:51.000,2026-03-10 09:55:25.000,2025-07-27 14:35:41.000,1
969,browndakota,41c0874f79ae3bc8c6200e5dbffd9409c86c5da94095ce54884fac3f078c5942,MEMBER,singhnicholas@example.net,1,2025-11-09 19:43:51.000,2026-03-26 20:57:42.000,2025-06-24 15:40:54.000,0
970,samuel62,709ff03c5af038628f7f031b2e93540f433bc69a2db19ee11eb765cc7daf6862,MEMBER,jeremymartinez@example.org,1,2025-11-09 19:43:51.000,2026-04-15 22:06:00.000,2025-10-14 19:57:59.000,1
971,destiny99,bd21f3e62631ce19009095308d0502feffe6c2c79dafd915100044627f290d40,MEMBER,baxterchelsea@example.net,1,2025-11-09 19:43:51.000,2026-05-04 11:50:13.000,2025-08-02 00:42:38.000,0
972,underwoodjohn,c10ea48f83e0930d9e883efa311d4d321c276a1e5493d81d6b17df9ba38fc506,OWNER,hughesbrittany@example.org,1,2025-11-09 19:43:51.000,2026-04-13 20:51:49.000,2025-12-19 00:31:00.000,0
973,danny21,d4fc1648b869e5977aa3909fcdc2224a0e3aeca34fa08eb3c1b8e347a4668d2d,ADMIN,carlsonerika@example.org,1,2025-11-09 19:43:51.000,2026-04-27 03:57:13.000,2026-01-09 08:42:17.000,0
974,yorksusan,cef173b5a0e27d320cc569b404c30b10349f745432c448f8ac5c8a16af2edfaa,MEMBER,luis54@example.org,1,2025-11-09 19:43:51.000,2026-04-11 07:47:42.000,2025-04-09 18:02:45.000,0
975,glengaines,10e6b2b813a9cc9657964a38e8c701cb5f1fd18afea7b915504f65bae92defc4,MEMBER,courtney09@example.org,1,2025-11-09 19:43:51.000,2026-03-15 07:01:36.000,2025-12-11 13:51:09.000,1
976,jonathan13,59c18558e26943211892ee86fcaf66b57e214d4b3a516efffeea61906ac7ac5b,OWNER,lindseymiller@example.com,1,2025-11-09 19:43:51.000,2026-03-24 14:14:55.000,2025-08-19 23:58:22.000,0
977,anthony76,948112e50161f5f30f375a9fce069fb5da2ea365ad08b3132cd71c85381fd6fd,ADMIN,ericmorgan@example.net,1,2025-11-09 19:43:51.000,2026-04-06 09:25:13.000,2025-05-30 03:22:26.000,0
978,emily80,ccd844479c9fbdeb79a647c1367a0967724e188eef2d0083730dc95a77ae6cc9,MEMBER,bennettjustin@example.com,1,2025-11-09 19:43:51.000,2026-05-03 21:06:41.000,2025-07-07 20:12:41.000,0
979,deannajimenez,ffd987d67b3c2b847f75cfcd645e8bc7d0fd4dc762161a76fbad27ba845af960,MEMBER,annajordan@example.org,1,2025-11-09 19:43:51.000,2026-03-24 03:33:38.000,2025-07-17 17:02:37.000,1
980,ygood,3cc76ee54dd3974eca86e94846c5cee458453a033a2824ca1d111fb0a857de9e,OWNER,gchang@example.net,1,2025-11-09 19:43:51.000,2026-03-15 20:15:31.000,2025-05-01 16:49:39.000,1
981,kerrmichele,fbe032f053fc3b342e1e980a81bdaf468308f1c561bec3bd4beb9be3defbd00f,ADMIN,williamsmichael@example.net,1,2025-11-09 19:43:51.000,2026-04-05 08:58:14.000,2025-12-11 03:18:44.000,1
982,davidbender,da5c3a765b2e7fcad85a416cff097f6654524031cfad4b40c286f808ee07d371,MEMBER,noblejoseph@example.org,1,2025-11-09 19:43:51.000,2026-04-29 20:34:30.000,2025-12-15 01:23:43.000,0
983,derekguerrero,b0da66234a4d6e05be56ae2df1ba10aa66e906c8713731117b8d3bf5dd8317f8,MEMBER,grahamalec@example.org,1,2025-11-09 19:43:51.000,2026-04-11 07:09:06.000,2025-07-05 04:59:34.000,1
984,erobbins,90f3787c779b9e2e9a5e48215e5befc33ece838104adbb82b78a57aeb90021a9,MEMBER,joshua38@example.org,1,2025-11-09 19:43:51.000,2026-04-05 00:30:26.000,2026-01-26 08:55:41.000,1
985,steven81,18c0b9ba6a63a872d6fa6669a293bb513f8adc7fe04661ecce68e8b2a2538dc7,MEMBER,bradleygreen@example.com,1,2025-11-09 19:43:51.000,2026-03-29 03:31:33.000,2025-09-20 11:49:59.000,1
986,sarahjenkins,f0d5a802fa5ca2dc7591f62362b95d025e64b98811e8288c3cd1183866311c9a,MEMBER,thomas29@example.com,1,2025-11-09 19:43:51.000,2026-04-29 02:45:58.000,2025-10-27 01:12:39.000,1
987,mendozashannon,b850fc3521433bf4b53dfd855e85a8a89f44f74a5ed45190da498d74efab24b4,OWNER,david07@example.com,1,2025-11-09 19:43:51.000,2026-04-29 00:55:26.000,2025-11-22 03:16:58.000,0
988,parker31,20cc20ab6ac926017d71f960e4bbc34d0e425359510236e919cac982d7ad82d2,ADMIN,brenda74@example.org,1,2025-11-09 19:43:51.000,2026-04-26 02:33:05.000,2025-06-13 05:55:08.000,1
989,davidreid,b90aea8cbf4e3f728d76d852f561b680ba5fc1bc591c0c686f64f2aa838fdd86,MEMBER,tcampbell@example.com,1,2025-11-09 19:43:51.000,2026-03-31 00:25:59.000,2025-07-06 00:43:39.000,1
990,tylerbrown,e507d7e1e4c3adbcf3ffd4585173b6bf9bf5b79e758c0dffe14f836dd9ef96da,MEMBER,dustinhurst@example.com,1,2025-11-09 19:43:51.000,2026-05-02 17:30:09.000,2025-08-10 19:59:39.000,1
991,josewalsh,51e5638a339d6976687403c231feb4237c7ff79f8a5517852714725312f9fbeb,OWNER,johnsonjames@example.com,1,2025-11-09 19:43:51.000,2026-04-20 16:14:50.000,2025-09-04 14:03:24.000,0
992,jason71,126afad991c17a9418dbd9ba66761f16844dbb5a96766d8d0385e66d7e189e0a,ADMIN,carolyn09@example.org,1,2025-11-09 19:43:51.000,2026-04-02 03:42:12.000,2025-07-30 04:26:00.000,1
993,troyclark,a204fb8e0d70eb4219d66ecc7c8a5be6b587913d8459bccddf7e467422084a5e,MEMBER,zcaldwell@example.net,1,2025-11-09 19:43:51.000,2026-03-11 01:14:32.000,2025-08-30 03:52:20.000,1
994,kimberlylittle,0e42b42a877eb0c19643ed2137c8d4cf0047937cc70edf80793fff97868a9a77,OWNER,gilmoreedward@example.net,1,2025-11-09 19:43:51.000,2026-03-25 02:49:26.000,2025-06-20 12:45:16.000,1
995,xwilliams,8445bd7dc1d70e2e131b4d3cf3099148583c85cf14443c078675c010a7cfd05d,ADMIN,megansmith@example.com,1,2025-11-09 19:43:51.000,2026-05-03 12:25:58.000,2025-07-01 04:10:51.000,0
996,christopherneal,313ed851a1ba6113f357b604abb0eee6659a75d61d3386b7420da8fa08ce7e31,MEMBER,crystalbuchanan@example.org,1,2025-11-09 19:43:51.000,2026-03-19 22:25:51.000,2026-01-19 01:29:23.000,0
997,james85,38f8b2126408d9c09a4dd0f0e3278d6c5c396ad68dca269b43865df6f15a6fe2,MEMBER,bennettbenjamin@example.org,1,2025-11-09 19:43:51.000,2026-04-29 13:49:49.000,2026-03-02 17:41:19.000,1
998,michael25,6abafd9db1ee3aaec3997248e11040693ff8fc90d315fc31c1946fb574ab242c,OWNER,sheilalamb@example.net,1,2025-11-09 19:43:51.000,2026-04-21 05:57:41.000,2025-05-27 19:09:39.000,0
999,jamie96,ecfd7d0ecba80928f8a0f154fb98275a4171a6f56ac5c70615f8b23bb8556247,ADMIN,michaelfrazier@example.org,1,2025-11-09 19:43:51.000,2026-03-24 20:17:38.000,2025-09-29 09:48:08.000,1
1000,moorecaitlin,43fb65f0c69f4d8c01ac1cf22a494d8f8bc9e7555bebe8462f919660d779fe35,MEMBER,michael57@example.net,1,2025-11-09 19:43:51.000,2026-04-06 00:11:45.000,2025-07-12 11:51:28.000,1
1001,angelica41,0ef1633805a9c74429ca5fcfe6f0dde097c2b92b1687fd298539ca3ce79a20ac,MEMBER,roydavid@example.net,1,2025-11-09 19:43:51.000,2026-03-26 12:47:24.000,2026-02-09 05:59:16.000,0
1002,mschmitt,60ff062d77fa98ad63938137753a47c7e6e09f87745c496957ec2e4680548774,MEMBER,robinharris@example.org,1,2025-11-09 19:43:51.000,2026-04-03 09:21:34.000,2025-05-30 11:25:18.000,0
1003,mstein,677dfeb3d1577aaa05e66279ace640db02649abae6016d7968b48f7291dd539e,OWNER,james59@example.org,1,2025-11-09 19:43:51.000,2026-03-12 22:49:18.000,2025-11-12 09:26:44.000,0
1004,bbonilla,919fbdbefd7a3205f61a3e4d1ae31d8e954b639d084ca843a90fea6e59c95c66,ADMIN,charleswarren@example.org,1,2025-11-09 19:43:51.000,2026-03-27 02:48:02.000,2025-09-10 16:57:27.000,1
1005,claudiapetersen,dc48012ef00206f78012b5ed3b21e902b9ed2c94bcab4437bd979a0365580f5e,MEMBER,kristinapotter@example.net,1,2025-11-09 19:43:51.000,2026-05-02 12:25:06.000,2025-06-23 03:29:30.000,0
1006,davidlevine,308ceb9e90b8c279d0f64919e631316589682a1999907b0223886695073fb6d8,MEMBER,wmathis@example.com,1,2025-11-09 19:43:51.000,2026-04-14 23:31:27.000,2025-04-30 00:26:17.000,0
1007,greglopez,3c4c9bda219df5e0d224011d8033bd5025458fc68751fcdbcee8a6fb16ef0d12,MEMBER,corey69@example.net,1,2025-11-09 19:43:51.000,2026-03-25 23:09:15.000,2025-12-26 02:10:57.000,0
1008,anitalawson,b618b805363f60afdd846e8aac8842f12d710b0afd2177cfda065d76626e5b69,MEMBER,autumn10@example.net,1,2025-11-09 19:43:51.000,2026-04-25 13:34:34.000,2025-10-08 23:47:25.000,1
1009,james62,9a088aa184ace7e066244a695ed64e9eb0d6f91bccef9813e448883e0565e356,MEMBER,romerojacob@example.net,1,2025-11-09 19:43:51.000,2026-04-22 05:09:04.000,2025-05-25 17:54:52.000,0
1010,ericrios,9d1f234a025bcde57ac0af7597c3ee9bc4a37aec233aea760ac60f14200df671,MEMBER,lindsey78@example.net,1,2025-11-09 19:43:51.000,2026-03-24 13:27:42.000,2025-04-06 19:06:08.000,0
1011,garymiller,147e358e2ed9df35678980b7459950fedab1de342f9bcd5d070101764e018322,MEMBER,ashley51@example.net,1,2025-11-09 19:43:51.000,2026-04-24 19:16:27.000,2025-09-25 07:49:03.000,0
1012,brownjose,bd024d8f2c0e255d62f935b3030ae9d86b456adf935170ec512b9bf859eedaef,MEMBER,whitneyseth@example.org,1,2025-11-09 19:43:51.000,2026-04-08 21:02:44.000,2026-02-02 01:36:37.000,1
1013,smorris,b79d6db32a749b617520f854628e9664cd46299803ddb20de6a9a2d8a00bbaed,OWNER,eileengallagher@example.org,1,2025-11-09 19:43:51.000,2026-04-06 23:11:13.000,2026-01-16 15:28:25.000,0
1014,drobertson,5902a5ff805b5b78d1988cc23703240f360b68d2d769c2aa1c8c7762a71a1ee6,ADMIN,lisa02@example.net,1,2025-11-09 19:43:51.000,2026-04-30 12:33:43.000,2026-01-12 11:27:18.000,1
1015,emccoy,91aa881c7d741e53ce8fe47cc2dbb2a6d96a47e7653ce3ee1cce72ad5bac6d40,MEMBER,smithangelica@example.org,1,2025-11-09 19:43:51.000,2026-04-06 13:35:39.000,2025-09-05 12:04:30.000,0
1016,josborne,fe72ceec333b4a3f0c1e029040737a8e69efadd59cfdee8768d186f1afe5a733,MEMBER,gblake@example.net,1,2025-11-09 19:43:51.000,2026-04-21 15:04:10.000,2025-05-28 22:21:35.000,0
1017,jefferymiller,cd2c1400f746dd50a434169f857d7ae30c663544e586bb838f32569e60671cbe,MEMBER,anelson@example.com,1,2025-11-09 19:43:51.000,2026-03-13 20:19:02.000,2025-08-10 03:31:10.000,0
1018,codybender,4f24552fef742c69af0b1b2f7d4e3639bef8ed9239d24be92eb30780ffce7be3,MEMBER,lisawilliamson@example.org,1,2025-11-09 19:43:51.000,2026-03-27 01:18:08.000,2025-09-30 15:29:53.000,1
1019,mosskimberly,58f7cb4a5677a6f4c86111bb23b6409f5760826e1ff644b69f212c61d26a2aa5,OWNER,robinsonwesley@example.com,1,2025-11-09 19:43:51.000,2026-04-11 07:26:46.000,2025-08-19 03:32:32.000,1
1020,wbrown,b7a39cb689fc98170c04b2554518138e300fd09aa6e04fdb69cd2773083b440a,ADMIN,bruce75@example.net,1,2025-11-09 19:43:51.000,2026-05-06 13:09:42.000,2026-02-18 12:56:21.000,1
1021,kjohnson,2c8011dedc1e0fc0ac881dc3cbcdadce4a56789ec2ec3a599be0781482d78c97,MEMBER,barnesrebecca@example.net,1,2025-11-09 19:43:51.000,2026-04-26 00:07:29.000,2025-10-17 03:54:05.000,1
1022,duranmarie,f9cc772bf872ca8631b2730aefa8684991a47870549fac195e0f2ce5111949c0,MEMBER,timothy11@example.org,1,2025-11-09 19:43:51.000,2026-04-23 22:04:47.000,2025-09-28 19:14:58.000,1
1023,ygray,4107b4b95b3e7996b70afbcb5b23d51dbeab4c62c4c5a655f7ee38116b89e3e9,MEMBER,victoria61@example.net,1,2025-11-09 19:43:51.000,2026-03-19 20:03:37.000,2026-01-20 12:24:49.000,0
1024,williamsjoseph,8453582eb611171101589fca09b41b428c77f0414c808cc47d7e7380560ae142,MEMBER,jody87@example.org,1,2025-11-09 19:43:51.000,2026-04-27 02:41:55.000,2025-06-13 03:58:40.000,1
1025,sabrinasmith,2a63749fd007d18ef22fc39d64a338ebac7466d7797ef3dfeef1968e1b3ca490,MEMBER,jacob11@example.org,1,2025-11-09 19:43:51.000,2026-04-29 08:07:59.000,2025-05-13 02:30:22.000,1
1026,martinperry,157f1aef5e6834561bfe6c11e50879b2c894fde8d57a27daad3bd8aace11d5d7,OWNER,walshdavid@example.org,1,2025-11-09 19:43:51.000,2026-04-01 05:44:54.000,2025-07-19 18:25:10.000,0
1027,mauricejames,c3ee17c1c40d00581e4c49fbf15d21cf7d339dab995353565a2402a3233c9d69,ADMIN,amandadavis@example.com,1,2025-11-09 19:43:51.000,2026-04-23 20:10:45.000,2025-06-16 02:47:08.000,0
1028,nunezolivia,6b9ddf96f1e1d62e4d6b018e63a408521696caf633dfb59ca0545be44a0abd25,MEMBER,ekaufman@example.net,1,2025-11-09 19:43:51.000,2026-04-05 19:38:42.000,2025-10-21 13:38:20.000,0
1029,debrarowe,f29907d7c0c558ed1cd15e916bfd24acab029bcd9277bcd88f7e935859ad6907,MEMBER,jhayes@example.net,1,2025-11-09 19:43:51.000,2026-04-17 18:23:36.000,2025-07-15 11:49:24.000,0
1030,gjohnson,c39509a535ed6a9c1d76e1040a0241315593652c23bd41dca8afc2bd965e586d,OWNER,ewingchristina@example.org,1,2025-11-09 19:43:51.000,2026-05-03 01:00:23.000,2025-06-28 19:33:27.000,1
1031,bsanchez,24414513b06bb79fdb18a0f536da1c7556ae5a67b6ccfb14ff90666b6c9eee5a,ADMIN,shelby76@example.com,1,2025-11-09 19:43:51.000,2026-04-06 19:16:24.000,2025-09-08 23:48:04.000,0
1032,webbnicole,72b02eb509c3f44a92e5b2ee83970a6408e6dc42e510c48ae205dcafde74fd0a,MEMBER,djensen@example.com,1,2025-11-09 19:43:51.000,2026-04-06 14:52:54.000,2025-08-23 04:39:32.000,0
1033,morrisrobert,965f2d52cbad7f5a65a54cdfba21176737fd6fdf0d85b2193c3e8d0753120598,MEMBER,kbender@example.net,1,2025-11-09 19:43:51.000,2026-03-24 13:03:28.000,2025-05-23 07:18:59.000,0
1034,victoriamurray,faa7192ebe61a35007d427e71926e299db57e54cc9afc536d75ad2b2970f471a,MEMBER,xwhite@example.org,1,2025-11-09 19:43:51.000,2026-03-27 13:07:58.000,2025-04-21 21:11:04.000,1
1035,sadams,ce32fcf15c685a5037432f51ad70cb4d5e688ac9dee34ef933a673aac6c65c17,MEMBER,dustinjones@example.net,1,2025-11-09 19:43:51.000,2026-05-03 09:15:19.000,2026-01-30 10:01:49.000,1
1036,parkerkristen,7cf6c044004485b5a101bc00606acdad53ec4e22e1f5871f91be2fb82f56f74d,MEMBER,alexandra94@example.com,1,2025-11-09 19:43:51.000,2026-03-14 12:13:43.000,2025-07-12 18:22:16.000,1
1037,andrewromero,9167257341dd73815cc27982dbbc02d815a167bd2bbf6bc7e16bcab2744b2c62,OWNER,qlynch@example.net,1,2025-11-09 19:43:51.000,2026-03-30 23:18:20.000,2025-06-08 14:31:19.000,0
1038,kathrynarias,44c61ca202a4c5c3df26f1a397b1c70ae10d2ec56b7a8348ddc1e55fa446cc4a,ADMIN,harristeresa@example.net,1,2025-11-09 19:43:51.000,2026-03-10 11:39:06.000,2025-05-08 06:21:40.000,1
1039,robertdean,35da7406427da9f26e08e9b7a9ad7b8c70ca1f3c25b3536c9c8dd88c44695100,MEMBER,smithnicholas@example.net,1,2025-11-09 19:43:51.000,2026-03-13 09:58:05.000,2025-09-24 01:18:20.000,1
1040,maureen64,e5ab5e4310273302950280133c3c2b8f5da59a9a40b70212f44360a2a8c694fd,MEMBER,katherinechavez@example.org,1,2025-11-09 19:43:51.000,2026-03-11 06:29:32.000,2025-08-18 23:34:23.000,1
1041,phendrix,effb46d8a6ccab8fd454408d5c3cf820f87fd00960157f1f5ed5bf95680e274f,MEMBER,maldonadomichael@example.com,1,2025-11-09 19:43:51.000,2026-03-30 15:18:14.000,2025-07-23 20:20:07.000,1
1042,rsanders,e44cb187a5e3d32a1c6c7859db6f0f84bef75a5b2a7f113392aa8e114aead615,MEMBER,paulswanson@example.net,1,2025-11-09 19:43:51.000,2026-03-12 21:03:01.000,2025-09-26 14:25:50.000,0
1043,teresarice,41bf65c38b1392e41235ceb95b2305d3eaa91b44e599329c5acd336906cb74c4,OWNER,vincentwilliamson@example.net,1,2025-11-09 19:43:51.000,2026-04-24 15:22:19.000,2025-04-16 02:45:47.000,0
1044,tcurry,4879aa3d7e5c545083f5295c7b6d0f688ec83e11376b34f62bebd2fefcce6ae2,ADMIN,paulroth@example.org,1,2025-11-09 19:43:51.000,2026-05-08 17:46:44.000,2025-05-25 22:54:13.000,1
1045,robertsoncharles,cf3926e7c9fc83e3a5aa637188ef73dbd98a768389ee7ac5af2262ed83a305e8,MEMBER,burtonjose@example.com,1,2025-11-09 19:43:51.000,2026-03-29 15:08:59.000,2025-12-02 16:11:01.000,1
1046,rose94,d3eb34b001ac253070db2bb606e4e41c6ade654bc22f276c6cd0d0a3b89b5233,MEMBER,lopezcory@example.com,1,2025-11-09 19:43:51.000,2026-03-18 11:01:15.000,2025-12-18 22:32:18.000,0
1047,stewartpatrick,49fdb9d0ce8efe3faa4d0e9e97a0b38312e90c429533f3f7c9e6f64878fab4fc,MEMBER,wrightangela@example.net,1,2025-11-09 19:43:51.000,2026-03-15 09:55:26.000,2025-08-12 08:16:10.000,1
1048,walkerjonathan,e2c7df36467e4a4e6f7376088222fe2de3cc84a6844ff1b082ddfcbdf574c7cc,MEMBER,ginagallagher@example.com,1,2025-11-09 19:43:51.000,2026-03-23 00:52:22.000,2025-04-18 18:52:49.000,0
1049,oaustin,f3bc4b3b8c3436b6959191ea8435b2891d310f312734cb3c0baa39c42fbacaf1,MEMBER,morristimothy@example.com,1,2025-11-09 19:43:51.000,2026-05-06 00:51:24.000,2025-06-08 22:47:50.000,0
1050,dominiquewatkins,627a2aaac40c434035e2519449185d4020464954f1053a7346da9f35fd9ef8e7,OWNER,ashleyhale@example.net,1,2025-11-09 19:43:51.000,2026-04-11 15:29:29.000,2025-06-29 13:44:15.000,0
1051,qramirez,2ad7d4e1d0c30ec1fa500c00fea154179e3c8e247eef7129b825d81a46260743,ADMIN,rogersjustin@example.com,1,2025-11-09 19:43:51.000,2026-03-09 20:32:50.000,2025-04-26 08:09:12.000,0
1052,cvelazquez,dac30b62e653b2929f18d18d284da7fa6a31bd3b083ee8d511e4dbc64f18903e,MEMBER,aaron40@example.org,1,2025-11-09 19:43:51.000,2026-03-25 18:03:43.000,2025-09-14 22:16:25.000,0
1053,leecarla,a932e615ca72f05f456339c1da976a2f1819a1b0f9624e9f7bc5add87f51d6e1,MEMBER,douglas09@example.org,1,2025-11-09 19:43:51.000,2026-03-22 23:13:36.000,2026-02-08 23:13:28.000,0
1054,tina15,bc8b818445b2dec5dc674167127d3cbe783e6b58531560a30b3e6740278df32e,OWNER,bbrown@example.com,1,2025-11-09 19:43:51.000,2026-03-14 14:53:13.000,2025-09-07 02:07:05.000,1
1055,tmendoza,da26cd608b45a87ff9b32050eb6645b53a58cc50590e2295c3400be648f1fa84,ADMIN,oolson@example.net,1,2025-11-09 19:43:51.000,2026-04-15 19:55:13.000,2026-03-02 20:06:33.000,1
1056,stevenwinters,8cf59b31b21078692e69acfd52f22b73942128dc1a42271812fc7cc64f951eb6,MEMBER,annbrown@example.net,1,2025-11-09 19:43:51.000,2026-05-06 03:53:36.000,2025-06-30 13:41:28.000,1
1057,hawkinseugene,8bb32d377217319eb36792e181db5714d43c82c020287176af3ae7bec44a2c4d,MEMBER,maryhudson@example.com,1,2025-11-09 19:43:51.000,2026-04-16 17:07:34.000,2025-07-23 20:14:26.000,0
1058,vdavis,89ba91076c8be3d651957185b1346e25921c0c2a665d58c4e478c59fab759ecc,MEMBER,moralesbarbara@example.com,1,2025-11-09 19:43:51.000,2026-04-18 21:17:36.000,2026-01-12 20:15:27.000,1
1059,hperez,fe69f354d910325d1ded9407892108e9f2c8df9ce556ee8725f79459f0252a9b,OWNER,jeanette36@example.org,1,2025-11-09 19:43:51.000,2026-04-27 17:13:57.000,2025-08-29 08:08:15.000,1
1060,ggarcia,f16596090fb214187c8c9525e5e0cb8195312f089fb73a75bc6463851347ce09,ADMIN,vgreen@example.com,1,2025-11-09 19:43:51.000,2026-03-29 12:16:19.000,2025-09-23 19:49:28.000,1
1061,gmckenzie,9a5c6777280085c6ea946aa0d89cd845c55a25b210a27e700f59afdd3b48320c,MEMBER,chavezmichael@example.org,1,2025-11-09 19:43:51.000,2026-05-07 04:30:24.000,2026-03-06 20:50:38.000,0
1062,unewman,a1c3eefe5b7dece2b67a67544349f06ea9f5541f8563f7531870d507be58f4cb,MEMBER,vcortez@example.net,1,2025-11-09 19:43:51.000,2026-05-05 22:45:19.000,2025-07-14 22:31:32.000,1
1063,nmoss,dad4b9650de191b1194aca9a5c43aa117e158d6e75364e2efa0c627f35f636d1,MEMBER,erivas@example.org,1,2025-11-09 19:43:51.000,2026-03-16 05:05:10.000,2025-05-24 03:10:55.000,0
1064,tjordan,ea727bad70935f0fa81ce3d06feb998b9921933030ddbd5a961a0700e819963a,MEMBER,mshea@example.org,1,2025-11-09 19:43:51.000,2026-04-29 11:47:37.000,2025-06-17 06:23:01.000,0
1065,wigginsbrenda,f8290733a692a6df5c75fd83bc55f1db3eaf2f46548334ac05de15429344d77e,MEMBER,alexischen@example.com,1,2025-11-09 19:43:51.000,2026-04-06 16:23:29.000,2025-05-25 22:19:05.000,0
1066,carmen13,8c309ce5883e77c22ab09332eac44c7d106dba876cf7df479097de946f067f45,OWNER,ilewis@example.com,1,2025-11-09 19:43:51.000,2026-04-23 08:57:53.000,2025-08-24 09:08:59.000,1
1067,bmullins,fb729146e73bad7f88edf75b62cf0cc3cb887c216373817a984784db0c78165a,ADMIN,sara06@example.net,1,2025-11-09 19:43:51.000,2026-03-27 18:24:45.000,2025-06-25 06:29:00.000,1
1068,wagnermatthew,18501a90d50c6ed3e301887596b0ad327c1552b1d2bbdabcb03b1e74b74a5d96,MEMBER,allisonbarron@example.org,1,2025-11-09 19:43:51.000,2026-05-05 17:33:31.000,2025-11-15 04:51:02.000,1
1069,yevans,22fb551d4bdf9eea24bc84b178b2530197c626566c0a92e0c6d2af8359a956b4,MEMBER,millerjesse@example.org,1,2025-11-09 19:43:51.000,2026-05-04 09:21:00.000,2025-04-23 04:03:34.000,1
1070,bryan77,e4f03cd8d126d348f0966c533c0f50bcbca46bc361471bd0881b81e10c3e7974,MEMBER,lauralarson@example.com,1,2025-11-09 19:43:51.000,2026-04-27 17:25:06.000,2025-05-26 04:44:44.000,1
1071,laurie09,736c33dde39709a4ec71a70fe07983a7710332eb87dad76a26c981d19bc13444,MEMBER,ywhite@example.net,1,2025-11-09 19:43:51.000,2026-05-07 12:34:02.000,2025-07-26 07:25:24.000,1
1072,sroberts,382fcbe83fc0ebdeb1e51d953cc8e768772926be96ac30cc95f8bda36e50995d,OWNER,gary61@example.org,1,2025-11-09 19:43:51.000,2026-04-08 00:19:10.000,2026-03-09 01:46:00.000,1
1073,jonathan24,59da7b90437b83c6aac34e8d99c5fa7e3e7382ea3c7a7fac828c01bc1126a927,ADMIN,kim86@example.net,1,2025-11-09 19:43:51.000,2026-04-14 03:03:37.000,2025-08-19 15:07:23.000,0
1074,howardroach,ec1748b88bc81a2ce3c09c4e44f58b5778d945ca5dc85f6fe0468184f4c05b33,MEMBER,johnsonjohn@example.com,1,2025-11-09 19:43:51.000,2026-03-27 00:14:39.000,2025-10-28 10:00:15.000,0
1075,groberts,dc19e6dbbdd167c98ce1e2192ec2d6210e970bcc245e2d57ee3af09ca432c03d,MEMBER,gabriella21@example.net,1,2025-11-09 19:43:51.000,2026-03-29 23:43:52.000,2025-10-24 03:15:55.000,1
1076,sullivandiana,2f0a7fa25162f94173dfad7cc5bbe379c40339b890a08873204d39a85f159751,MEMBER,igallagher@example.net,1,2025-11-09 19:43:51.000,2026-04-30 00:20:12.000,2025-05-08 01:06:54.000,0
1077,hoffmanmisty,ad99319245b0fa30b24af22fbae88010efd22b2ed24f297c2055b53e1e5b6303,MEMBER,lisa52@example.net,1,2025-11-09 19:43:51.000,2026-04-26 14:15:02.000,2025-04-06 17:00:29.000,1
1078,jenniferhill,e0e4db742810d2573d9c13171b37bc28475aebc07cf58dd23426ccaf007e8dba,OWNER,sanchezcolleen@example.net,1,2025-11-09 19:43:51.000,2026-04-27 07:23:33.000,2025-11-10 03:09:50.000,0
1079,martinezsusan,722de1f1bbcd05b439a81743f4efa4113e46acc39a4f84c1ec53ae926f441994,ADMIN,kathy64@example.net,1,2025-11-09 19:43:51.000,2026-03-09 22:44:11.000,2025-06-03 04:43:37.000,0
1080,jennifer56,9784334f2a37dfa2603a07a0778c778193e13633215729cd575514c496509f8e,MEMBER,emartinez@example.org,1,2025-11-09 19:43:51.000,2026-03-27 07:22:48.000,2026-01-15 15:20:30.000,1
1081,xwilson,981b090144e98d0030175583217e9142a9919dc32513ff9cedc6f47cdd8f9ba8,MEMBER,wattsmichael@example.org,1,2025-11-09 19:43:51.000,2026-04-18 18:51:17.000,2025-05-03 13:53:44.000,0
1082,kjackson,595703a05339578835f36d05fe8e0954ef8c2b6259dfab8973dfaa82387c905b,OWNER,wmoon@example.org,1,2025-11-09 19:43:51.000,2026-03-12 03:48:27.000,2025-10-18 23:53:49.000,0
1083,meyerchristina,2d1601d1c7393997b31f24421e044a797bdab269f3d29a84260b21a37241ff87,ADMIN,robert01@example.com,1,2025-11-09 19:43:51.000,2026-04-15 16:24:50.000,2026-01-08 02:35:52.000,0
1084,barry25,25f75626dff33dfb89672706b4b37a16a5a2902bba52960f35cf7cc8d52bb21e,MEMBER,xwilson@example.org,1,2025-11-09 19:43:51.000,2026-04-26 04:40:20.000,2026-02-02 19:42:32.000,1
1085,xdickson,f5769a67201ab4b04239a70e34f9e665d02fb06f5408315e6265bc8e7288cb59,MEMBER,dsmith@example.org,1,2025-11-09 19:43:51.000,2026-03-16 06:35:10.000,2025-10-22 13:37:52.000,0
1086,karen07,37de7ba290ebdce7a036abe5a424f0f2658c5b83a3a965edfa085679ae1418e2,OWNER,areed@example.net,1,2025-11-09 19:43:51.000,2026-03-13 17:14:53.000,2025-10-26 22:03:34.000,1
1087,ctrevino,125aedcde10ad653cc713b1e3a88e0327328447884eaf083f9036b9c2ad52f5c,ADMIN,ymelendez@example.net,1,2025-11-09 19:43:51.000,2026-03-19 06:22:41.000,2025-12-23 16:30:15.000,0
1088,chris32,7823b520a60c36ff6e5494afddccf7caa09424d36c481ac495b9cb16317d0c5d,MEMBER,darren95@example.com,1,2025-11-09 19:43:51.000,2026-04-08 14:34:09.000,2025-06-18 21:52:22.000,1
1089,omason,27c3bf0e1a2fd5258548bde6bba13245c914f0e55099da5c0734ec45c6ef1c9c,MEMBER,bfrank@example.com,1,2025-11-09 19:43:51.000,2026-03-11 17:51:34.000,2026-01-18 13:19:38.000,0
1090,tricia24,b8c02a91abf4c8b93d8722be6315bf7037662f9fa5e049d3624d83df7fa23100,MEMBER,rebecca99@example.com,1,2025-11-09 19:43:51.000,2026-04-20 12:23:58.000,2026-01-04 07:32:25.000,1
1091,hannahmora,37f48bd09440152b72c2a181e63482446375c36ad48ecfef46b6c6177f859d01,OWNER,timothyfox@example.org,1,2025-11-09 19:43:51.000,2026-04-18 00:45:20.000,2026-01-05 19:10:37.000,1
1092,gilbertphillip,e4bf107d64366dce84c156d6c5dfde57412355dfe675156d50a90cd628775386,ADMIN,molly89@example.net,1,2025-11-09 19:43:51.000,2026-04-27 05:45:42.000,2025-06-22 18:21:05.000,1
1093,jason59,7b553b3224bcfd2584021a90e889252e34fcdd7ab989e3ba92c30ac694b7aa2f,MEMBER,dawnreed@example.net,1,2025-11-09 19:43:51.000,2026-04-18 19:08:18.000,2025-06-14 09:47:48.000,1
1094,mcdonaldtiffany,a87cee67ce1eb07620ce3c0e9944975da1f9586751ce502b35ca2295073e7dfc,MEMBER,morriskathleen@example.org,1,2025-11-09 19:43:51.000,2026-03-18 17:53:20.000,2025-05-26 14:19:06.000,0
1095,cookestephanie,a1487f27b469d84f4e3f9c3bf2a541b004179d6a1675f6c47984e853b82c568d,MEMBER,longgregory@example.com,1,2025-11-09 19:43:51.000,2026-03-13 08:19:41.000,2026-01-26 08:53:11.000,0
1096,sandra02,7d42f7babf206a2f4aa45cb5f927d364f0a02731d2f12be821e483244029e740,OWNER,richardsonrussell@example.com,1,2025-11-09 19:43:51.000,2026-03-18 18:45:41.000,2025-04-28 19:01:07.000,1
1097,alexjohnson,684ccac32bb82c315d47cfdd8ab7829035603ff163caccf4098a5839a89f5238,ADMIN,browndavid@example.net,1,2025-11-09 19:43:51.000,2026-04-20 02:03:21.000,2025-10-17 18:34:35.000,1
1098,reginald80,998e9d3daf664d43c29166b2ea5a1103f5e2d88a875dbc22d3f82c686c1302dd,MEMBER,kcurry@example.com,1,2025-11-09 19:43:51.000,2026-04-04 22:36:46.000,2025-05-15 12:17:52.000,1
1099,collinsnicole,47852b9c24b725524bb86088b4edf5e92d6a4f143e7d6ac55344d16ff528ec75,MEMBER,matthew83@example.net,1,2025-11-09 19:43:51.000,2026-05-05 01:38:20.000,2025-06-14 03:28:09.000,1
1100,burnschristine,2731aa341725d548c0dd99765383341b3d179cb127c4c6e4ed3fa7f2c5efc6da,MEMBER,michael22@example.org,1,2025-11-09 19:43:51.000,2026-04-18 04:37:56.000,2025-08-05 15:40:44.000,1
1101,heather71,f566818be639bcd9ef6ea441e5a681c0d394b7f8f1385d85b314dacc0adfd279,MEMBER,bberg@example.org,1,2025-11-09 19:43:51.000,2026-03-21 07:28:28.000,2025-04-26 06:44:33.000,0
1102,hlee,d17cfe581ac8d969f4623e5757739348d7af96f287cab85b1fa0925050972108,MEMBER,martinspencer@example.net,1,2025-11-09 19:43:51.000,2026-04-29 06:56:44.000,2026-01-02 01:19:49.000,1
1103,rperez,044aba5ea107561837938fbbef23fdc8b3e2c138a81da4f0bc3780c485f905c1,OWNER,lewispatrick@example.com,1,2025-11-09 19:43:51.000,2026-04-18 07:43:31.000,2025-08-16 23:14:46.000,1
1104,ocruz,81ed9277cb117d6315067b49b182e0fb5db874006b0fbc1c2890983e4e0f3178,ADMIN,gloriapittman@example.org,1,2025-11-09 19:43:51.000,2026-04-05 19:10:21.000,2026-01-06 04:30:19.000,1
1105,jasmine79,9c275aa10710960b96c455be593cd903dae4dc12d559897ffb9c8976e23b2d2b,MEMBER,rodgerskrystal@example.org,1,2025-11-09 19:43:51.000,2026-04-18 07:50:01.000,2026-02-23 13:32:31.000,0
1106,yharrison,ccec0aa9d261ed8e5af0fbb55abe510bc331c1c9a4be31640536f77de0180e12,MEMBER,steven74@example.com,1,2025-11-09 19:43:51.000,2026-03-10 06:26:33.000,2025-12-26 02:41:50.000,1
1107,jennifer49,0783d40725b76118a085c2cc4f376ee39314acb82af1246928488acaa6b2a19b,MEMBER,amber83@example.net,1,2025-11-09 19:43:51.000,2026-04-03 18:29:03.000,2025-09-16 08:47:15.000,1
1108,jennifer48,fc5fb1d04c087e7ad4b3aec850c62779184d715b2ae80534e8f3be73c7f71f26,MEMBER,ktrujillo@example.net,1,2025-11-09 19:43:51.000,2026-03-18 17:05:32.000,2026-01-29 10:57:32.000,0
1109,tiffanyschroeder,39956379edecceda5a4e7333f6de2ee833c84fa21e3f49fb5ebebd0c9f1c30b3,MEMBER,chadking@example.com,1,2025-11-09 19:43:51.000,2026-04-09 14:08:25.000,2025-09-19 05:50:57.000,1
1110,lwilliams,802ada78a6997eb10f3be554518542be73ba0cce9c65421c14364fa370096145,OWNER,dkerr@example.net,1,2025-11-09 19:43:51.000,2026-03-12 03:05:51.000,2025-04-06 23:00:28.000,1
1111,jonesjohn,d36ec0beb59d191283377d4f400377651f23120dff53ddd38980593a1963726e,ADMIN,bradley08@example.net,1,2025-11-09 19:43:51.000,2026-04-21 12:05:48.000,2025-12-31 21:25:59.000,1
1112,kevinmiller,eebffbe1941258b5f20759788e85588026cf7dbb382f2275e2b4c06fe92e8d79,MEMBER,qduffy@example.org,1,2025-11-09 19:43:51.000,2026-03-30 01:16:11.000,2025-05-09 09:14:40.000,0
1113,terrance00,7e49281e3dae51b61e856640f8943abceb9757793b460ccbb1d638e6215889d4,MEMBER,geoffrey47@example.com,1,2025-11-09 19:43:51.000,2026-03-22 11:39:35.000,2025-07-25 21:04:37.000,1
1114,james92,baf48b5b5ac9a17fdc5814f8a6a53ec2a31db9456b8343c9b7a5332165107187,MEMBER,perezdarren@example.com,1,2025-11-09 19:43:51.000,2026-04-10 16:10:56.000,2026-01-31 06:45:20.000,0
1115,ronnie18,08564c3a9f6c4d539a996cdc3a07eddc795b5d4458846dba074fac95feaae32d,OWNER,daviskelly@example.org,1,2025-11-09 19:43:51.000,2026-05-06 16:05:46.000,2025-10-21 18:05:17.000,1
1116,sanchezbrian,c338d17e9ba5975cb5d85a05013e73a444d33614ffd0e8503862716e4895d64e,ADMIN,melissacardenas@example.com,1,2025-11-09 19:43:51.000,2026-04-11 03:35:30.000,2025-12-16 18:50:35.000,0
1117,mathewscindy,f075bf022bcaa595e0f9a68a184368f158beba357e46c04b493d638a702ce5f3,MEMBER,johnroberson@example.net,1,2025-11-09 19:43:51.000,2026-03-26 21:23:24.000,2025-04-09 21:54:59.000,0
1118,wwall,2163d831ff3ce0e55a30e40ee67c17e88609c62ed26ad2df8aff99be28d32a69,MEMBER,tammy04@example.com,1,2025-11-09 19:43:51.000,2026-04-07 07:02:10.000,2026-01-27 10:07:24.000,1
1119,davidfields,3ea2d45a859c0ed02bd7f139faf66b79328b75198f48b5824e6f26585498b2d3,OWNER,isutton@example.com,1,2025-11-09 19:43:51.000,2026-04-28 21:50:45.000,2025-06-18 14:35:28.000,1
1120,johntaylor,9aeaafa3b065959f2c1526ebea66d5129e61aaed859f0c6104d2b4367ab4260b,ADMIN,susanweaver@example.net,1,2025-11-09 19:43:51.000,2026-03-27 20:08:15.000,2025-11-11 12:29:49.000,0
1121,josephhorn,30bcb9066e43c27cd01f7e1b8a313d7b13fcf8eef0b4842406044550ea07810f,MEMBER,chelseawatson@example.com,1,2025-11-09 19:43:51.000,2026-04-27 19:49:51.000,2025-11-17 02:08:16.000,1
1122,christopher68,fe418e17e0f71757d4af3d4057b13a543938d76e330d28e7de2da07c9797d558,MEMBER,michael91@example.net,1,2025-11-09 19:43:51.000,2026-04-02 12:15:39.000,2025-04-05 06:41:47.000,0
1123,qbrown,fd78aec77a92480c510dc72dcbc5921c823259f8548ddf4972e103af7ef25f81,MEMBER,whammond@example.org,1,2025-11-09 19:43:51.000,2026-03-12 06:06:52.000,2026-02-21 12:07:15.000,1
1124,mhardy,3059fadf1b19282caaf8a88e77f45bd92564002dbdd0287d5c5123cae101a2d9,MEMBER,michaelcross@example.com,1,2025-11-09 19:43:51.000,2026-03-24 03:51:43.000,2025-04-04 14:05:39.000,0
1125,wshelton,649c25c3a4870399f2f2b05278a7eaddddb602ff1f695afc98eeb761650ebdb6,MEMBER,kevin80@example.com,1,2025-11-09 19:43:51.000,2026-05-06 08:10:07.000,2026-01-01 15:14:34.000,1
1126,jenniferwoodard,7e0d40d60e3fce48d4eb2ae76441b2b6f6dd945058a9a235d65728499427038d,MEMBER,anthonygarcia@example.com,1,2025-11-09 19:43:51.000,2026-04-10 22:30:06.000,2026-02-03 15:36:03.000,1
1127,tamaracarrillo,8bfe38c53ce469229e464fe0e208efadfefd75c523504da8f295de8b74e02d87,OWNER,kimberly48@example.net,1,2025-11-09 19:43:51.000,2026-04-14 20:05:01.000,2025-04-21 05:29:15.000,0
1128,janet54,73f62467fdb7fbdf7021ba9fa12254b208025b5b4e2a67fff4dd3ed66b2949e6,ADMIN,nwoods@example.net,1,2025-11-09 19:43:51.000,2026-04-10 20:49:13.000,2025-10-08 14:58:56.000,0
1129,michael84,d110991080e6e9789551bdeaa4ecdd3116ca87469b58fbbf4a7acadc5abc9822,MEMBER,benjamin47@example.com,1,2025-11-09 19:43:51.000,2026-04-30 03:16:03.000,2026-02-12 12:51:53.000,1
1130,kcarpenter,5678f2500cf1f26eb94787193c92baa6be81b086c6c30fc2700351b8b8aa9a07,OWNER,tnelson@example.org,1,2025-11-09 19:43:51.000,2026-04-11 12:37:19.000,2025-06-10 21:49:43.000,1
1131,taylorthomas,a3f087f0e1fcb65c6eb1b1ecd137b2e848f3dd1834a796235c7920ac1ff6b993,ADMIN,erikarodgers@example.net,1,2025-11-09 19:43:51.000,2026-03-14 14:27:56.000,2025-11-09 17:58:10.000,1
1132,flee,da3a0398831cf10139350f5bdd98f8c293c1003cf2bc33eaa4ecc0ce43bf4f87,MEMBER,gwendolynbrady@example.org,1,2025-11-09 19:43:51.000,2026-03-11 01:31:32.000,2025-05-17 23:31:51.000,1
1133,dwayne00,d293785e8416aaa9780753bfc836e4307c1a5a5b0ac6a7cbac28c5f90d883153,MEMBER,heatherfoster@example.org,1,2025-11-09 19:43:51.000,2026-03-19 23:07:24.000,2025-07-12 05:02:04.000,1
1134,lisa82,5a7770a5d2dd5bacef2dc32cdd0858b3c71b78ca631153aef332eb6a5d62efc5,MEMBER,shermanwilliam@example.com,1,2025-11-09 19:43:51.000,2026-04-03 18:09:35.000,2026-02-05 20:19:11.000,0
1135,shawn85,05cb563ddd0bfaec8ab6a9a109577a8aaf0e5695dc4d5ef467cb1425589281fb,MEMBER,xsullivan@example.org,1,2025-11-09 19:43:51.000,2026-04-22 13:43:25.000,2025-08-04 16:59:47.000,1
1136,jared09,979651212f2999d82fdc746b0b20c350f17b2c026e7198336b9f2cad5b46c552,OWNER,russellnguyen@example.org,1,2025-11-09 19:43:51.000,2026-05-07 18:58:56.000,2026-01-25 17:12:55.000,0
1137,tuckervincent,199c690ad5692398e3dfef20293d59becadb483f7d400c3e3113e78e2244931c,ADMIN,ryantate@example.org,1,2025-11-09 19:43:51.000,2026-05-06 00:53:38.000,2025-04-26 06:08:46.000,1
1138,delgadoamanda,0b5bad7388b3bbc3e293fd0b881ecc6793a20d5b7739e1eae5c9b44050d8ade3,MEMBER,robin45@example.org,1,2025-11-09 19:43:51.000,2026-05-06 17:32:15.000,2025-05-12 08:50:10.000,1
1139,stephenking,021d62f60d8393c5c7b97e82d54897e8d4139dd7a04e65f5257696c4cdc5a327,MEMBER,xstrickland@example.net,1,2025-11-09 19:43:51.000,2026-03-30 01:46:25.000,2025-09-20 23:30:34.000,1
1140,kathleenweaver,f0cad911c055d67a917e6ece49e3ee4c1d335a2daa69613aec57cf1afbe97262,OWNER,pacealejandro@example.org,1,2025-11-09 19:43:51.000,2026-04-18 21:38:54.000,2025-07-07 10:39:48.000,0
1141,carolyn26,210acb2a214c411d862965eb674936cb188b1132cdfe9d2128e228c5e3098ffb,ADMIN,christine30@example.com,1,2025-11-09 19:43:51.000,2026-03-31 04:44:38.000,2025-05-05 02:41:47.000,0
1142,vickiehinton,84bef7533fd29845853d5d2356bfdd775aab8724667b4a124cbb96c1fe01fa36,MEMBER,williamsalyssa@example.com,1,2025-11-09 19:43:51.000,2026-04-02 02:16:44.000,2025-06-07 04:25:12.000,1
1143,omartin,a02ee0d105f099f767418e817200442ec72da0f298125bf8bc3a75f7e7d79fb5,MEMBER,danielwallace@example.org,1,2025-11-09 19:43:51.000,2026-04-22 08:11:05.000,2026-02-07 12:50:15.000,0
1144,jamesbeck,bbd9061e00121a6a7176b84e8d176dd2eb738b8122926ab03dc8f1addc9fc08e,MEMBER,jenniferrocha@example.com,1,2025-11-09 19:43:51.000,2026-05-08 08:23:16.000,2025-05-29 00:02:04.000,1
1145,medinaamanda,7ff0de5395742af0746ad9a48a3dacf7a1e9d72d2c8ff99523f18290ea7590b1,OWNER,jacobgarcia@example.org,1,2025-11-09 19:43:51.000,2026-05-08 06:56:03.000,2025-12-17 07:24:57.000,1
1146,dcampbell,0098a89ed08f69d8a0a575bf8863a6f0f3fc5d1fecd8d51a845b81f45c78432c,ADMIN,rachael68@example.com,1,2025-11-09 19:43:51.000,2026-03-11 14:37:37.000,2026-01-19 00:20:30.000,1
1147,martinezmalik,c52945c29821dcd5c4861d7a9776ceac5cafd6a9ba532c130d75f8e5c251a4f2,MEMBER,tinacowan@example.org,1,2025-11-09 19:43:51.000,2026-03-16 00:52:14.000,2025-09-25 01:04:33.000,1
1148,gibsontaylor,80eda62d270ca3ebf85210bdb8e61570c1bc6615fb97fe2bbff4ecc60577788d,MEMBER,dennis56@example.com,1,2025-11-09 19:43:51.000,2026-03-22 13:31:45.000,2025-06-07 11:18:12.000,1
1149,tanyaperry,eb8f9dd23c34c67f9d0cba11acbe907a0fee71965e38c0bce7e650f9465096bd,MEMBER,rothsarah@example.net,1,2025-11-09 19:43:51.000,2026-04-25 05:31:05.000,2025-12-14 01:14:35.000,0
1150,dsawyer,38e4e59d7dbe96713ef52c9cea39d21c2b6d499adc34eea3610b23d9558d6fc0,OWNER,copelanddennis@example.net,1,2025-11-09 19:43:51.000,2026-04-18 05:50:52.000,2026-02-08 04:51:15.000,1
1151,timothy60,b80f4d93d1552d9614b56bee93604691e75d3d334ac0ad0827f1a71a29a79b16,ADMIN,nicholaskrueger@example.net,1,2025-11-09 19:43:51.000,2026-04-12 06:28:12.000,2025-09-06 11:48:46.000,1
1152,hknapp,3575f4612ab37b015cfaae5e0c460ec38980bb5caccc3cf93447803ee485e78b,MEMBER,lnelson@example.com,1,2025-11-09 19:43:51.000,2026-04-17 08:58:13.000,2025-06-10 12:29:36.000,0
1153,emilyhess,3736021db5062876d6a4dfe8b1854c96c30263612c344ef99715f8a941845654,MEMBER,stephenlee@example.org,1,2025-11-09 19:43:51.000,2026-03-12 00:07:02.000,2025-06-06 18:28:04.000,1
1154,barnettkimberly,f0452cf34f2a142597468527596c2eedd7410f7147e00d8f9bd0749317dfac86,MEMBER,adamroberts@example.org,1,2025-11-09 19:43:51.000,2026-03-10 20:23:08.000,2025-11-15 18:42:20.000,1
1155,williamrivera,954997b157d6c105736272c151bb33ed011ce7c18ee95cfdd11c4e53c84b8694,OWNER,jose40@example.net,1,2025-11-09 19:43:51.000,2026-04-23 19:20:45.000,2025-04-06 08:25:24.000,1
1156,mcfarlanddavid,44871c8a31302b3bb03e584250d935914ce53261fa31e62f63d1ff2a3b0bc2aa,ADMIN,dperez@example.com,1,2025-11-09 19:43:51.000,2026-04-30 13:01:14.000,2025-05-02 19:10:08.000,0
1157,nhunter,0a76e7d9211bfe80894a5d3508d78d7399b82a26218f6548229af7ca179f29f9,MEMBER,hkelly@example.com,1,2025-11-09 19:43:51.000,2026-04-14 12:01:28.000,2025-10-11 16:51:18.000,0
1158,cheryl17,dee26de60315ca090ff54a885b20f2e861ac9684356c4774cb074931c9502918,MEMBER,vickisimon@example.net,1,2025-11-09 19:43:51.000,2026-04-14 09:29:09.000,2025-09-11 18:55:05.000,1
1159,mejiatracey,a4c3b4da3a840caae625176c6a15b75af016f354d705a7c33badc6ef322d5999,MEMBER,heather74@example.net,1,2025-11-09 19:43:51.000,2026-03-17 00:10:30.000,2026-01-04 12:05:52.000,1
1160,george61,714e1ec27b90fa683cc5988b0ca8e795ccd8412fc9944940ec79eb2b3726a80b,MEMBER,colliervanessa@example.org,1,2025-11-09 19:43:51.000,2026-03-24 14:01:29.000,2025-10-03 10:18:58.000,1
1161,brianna22,a490b109faa5cc58d20ad5c1fab9aa286aacb9de0897de37ce6f59580a2b7242,MEMBER,amyboyd@example.org,1,2025-11-09 19:43:51.000,2026-03-27 10:18:02.000,2026-01-20 18:22:16.000,0
1162,williamhopkins,b107e93231b9dc6622655a0b26d88369eb38789b0430bcf18942633320eea0e2,MEMBER,johnstonlaura@example.com,1,2025-11-09 19:43:51.000,2026-05-05 03:57:39.000,2025-11-15 20:41:31.000,0
1163,vazquezwilliam,a400bb5270f1463e6ea19261ef3b2051b3e6d3482198f4e639e43864eebfacfb,MEMBER,meagan91@example.org,1,2025-11-09 19:43:51.000,2026-04-20 13:50:11.000,2026-01-06 03:47:19.000,0
1164,katie62,bc3735510734352a9ea1c6a3d9e911593d75d530efbc6539cde2003b1d6e4ccf,OWNER,erica34@example.net,1,2025-11-09 19:43:51.000,2026-04-03 13:03:13.000,2025-04-29 02:48:44.000,1
1165,robertrodriguez,dc188862f0935d2d627aa55420a8bb845b98d84cd625562f9ae4178e4af42ecb,ADMIN,hector97@example.com,1,2025-11-09 19:43:51.000,2026-03-14 07:53:30.000,2025-07-17 16:09:12.000,1
1166,jonathan77,eee9a82e52b692fc336660225851ac244321b0c2507d2c0b5d659d844bb92142,MEMBER,blara@example.org,1,2025-11-09 19:43:51.000,2026-04-03 05:37:29.000,2025-04-12 17:05:48.000,1
1167,brittany39,7f13392d10897afe0db1681ce125cd47371fbd30a78771d3de6bf5f302616359,MEMBER,phillipsmanuel@example.com,1,2025-11-09 19:43:51.000,2026-03-29 11:41:47.000,2025-12-01 20:01:17.000,0
1168,jlane,0ad842d66b5d134ad01b58e3e09c692aaecd4bb23eae3ebdefdd071937922c00,OWNER,robinsontammy@example.net,1,2025-11-09 19:43:51.000,2026-03-16 14:59:22.000,2026-03-01 04:47:09.000,1
1169,freemanrobert,6dbfa9c055d9c008a835344a0cda0caf577b6889f43d174672fc045e022dd354,ADMIN,anthony05@example.org,1,2025-11-09 19:43:51.000,2026-03-28 22:05:59.000,2025-05-15 21:20:34.000,0
1170,ashleybell,608a3bcacbbf37f50810fcf90f1cb9c4ed0cd54a88d04f0e1dce57c061b95d30,MEMBER,thomas60@example.net,1,2025-11-09 19:43:51.000,2026-04-13 18:08:22.000,2025-04-30 15:03:21.000,0
1171,andersonjennifer,e67853ab53c18aca684d040b492901899c9921aec384235a430d2afa8f76afc4,MEMBER,martinezmark@example.net,1,2025-11-09 19:43:51.000,2026-03-26 09:54:44.000,2026-01-14 22:06:11.000,0
1172,phelpsbarry,2baaa328f1014b6cacdd659f9247b4218bece6dcb886ae0f89c9adee846fca04,MEMBER,williamsjason@example.com,1,2025-11-09 19:43:51.000,2026-04-27 12:24:06.000,2025-10-07 11:03:09.000,1
1173,crawfordaustin,a9e36a8f4e5d82e41f65c127acd6f48c7762e54d3fc8e84d86e38fe94667a691,OWNER,gjames@example.net,1,2025-11-09 19:43:51.000,2026-05-02 13:00:00.000,2025-12-15 14:30:52.000,0
1174,bergerrobert,3cc24186ff27e159623bce840749855c8753d1338a5e98c3450085bde71cf5de,ADMIN,bmeyers@example.com,1,2025-11-09 19:43:51.000,2026-03-28 12:51:20.000,2026-01-27 07:55:09.000,0
1175,payneangela,9e67b6ea227844d864bce3be301e0b0898c3c47dcc30ee564ade2ca86ec09ace,MEMBER,qgrimes@example.net,1,2025-11-09 19:43:51.000,2026-04-18 07:06:11.000,2025-07-04 07:09:50.000,0
1176,michelle30,0d1e2eed8d22a716199473157c7f61b3f9164b2545a8e7f942ee57cfa0e50d2b,MEMBER,isaunders@example.com,1,2025-11-09 19:43:51.000,2026-03-18 00:51:17.000,2025-05-05 21:20:27.000,0
1177,kmiller,8e51e900df8273bd2c4a2a45854181f70a4279333a2345c25c0cd93dd0f5a5e9,MEMBER,emilyboyer@example.org,1,2025-11-09 19:43:51.000,2026-03-16 05:33:51.000,2025-09-12 23:51:50.000,1
1178,kscott,3227b8bf32ba4b5303d3636dcfb0bd65d9f55d95bbc57ae94755ab00ef6b9a3d,MEMBER,mccarthydonna@example.com,1,2025-11-09 19:43:51.000,2026-04-27 09:24:42.000,2025-08-19 20:35:54.000,0
1179,opena,247dc9bf64aaa6eea24ffce309e0dfbd3a2e971ad53d5531aa8c8df2be271ca7,OWNER,lisa72@example.net,1,2025-11-09 19:43:51.000,2026-05-05 04:50:13.000,2026-02-02 03:07:51.000,0
1180,kennethlandry,e01b2b6b8bccf0939cb8b2cd0aae7cdbdf14a2a25935466819c90cb9ee62803b,ADMIN,evansraymond@example.net,1,2025-11-09 19:43:51.000,2026-03-14 17:49:25.000,2025-05-31 01:42:36.000,0
1181,hlowe,33d0719127b33a1c890d362f2a6d75462e1bd2f1655dee45b20cdca5119c1270,MEMBER,lauracunningham@example.com,1,2025-11-09 19:43:51.000,2026-04-16 16:08:19.000,2025-04-09 13:11:24.000,0
1182,woodardzachary,f3af7250e4195b335f516763e739a39fb17fdff3822ec8a76c9f393fbf78e914,MEMBER,kelsey64@example.com,1,2025-11-09 19:43:51.000,2026-04-22 13:07:44.000,2025-05-16 21:17:17.000,0
1183,tferrell,30cff35e89fe4389a2735806f389d4327eb7ca725fd98d57802e1dd80d67e53e,MEMBER,rogersdavid@example.org,1,2025-11-09 19:43:51.000,2026-05-08 04:49:20.000,2025-04-05 14:52:07.000,1
1184,smithdanielle,f7dc084c8176cbf2b460f838e4d08366088b942181a8abb3ff100f15cca230b5,OWNER,angela02@example.com,1,2025-11-09 19:43:51.000,2026-04-11 16:13:21.000,2025-04-24 00:12:13.000,0
1185,isaacwebb,23846710b55d4f9c1cbbe32c0b0763d9e18dd84f030f03c62e87dc63601df9a8,ADMIN,jlester@example.org,1,2025-11-09 19:43:51.000,2026-04-15 14:49:20.000,2025-08-13 21:24:38.000,1
1186,johnsonlaura,366913f219b188194353a3dddca730cdeb860216d476c9215c416e8187ebcc54,MEMBER,jessica26@example.org,1,2025-11-09 19:43:51.000,2026-03-30 11:28:35.000,2025-08-19 08:37:08.000,1
1187,mccormickheather,479ca57028275ee844a19f7487feee2b474755088b74ac03b09a4ac838b9e774,MEMBER,claudia04@example.com,1,2025-11-09 19:43:51.000,2026-05-03 11:12:19.000,2025-07-10 15:03:32.000,0
1188,andrea54,3ad99490d68c329c559a8f813eab97d208cecf2d521d713e1a6013785eeeb1e4,MEMBER,bjones@example.net,1,2025-11-09 19:43:51.000,2026-04-15 19:19:30.000,2026-01-31 06:36:11.000,1
1189,xvasquez,ee1fff58ac8bda9863c0809dc0647ff95d2c1577a2271338431316b38797526b,MEMBER,amarquez@example.com,1,2025-11-09 19:43:51.000,2026-03-25 02:55:47.000,2025-10-26 14:37:09.000,0
1190,vbailey,eed579d1f1d2fb7ec4f903e35be6d2bc60a2878e13a3a3e30357b82f382b344d,MEMBER,susan23@example.net,1,2025-11-09 19:43:51.000,2026-05-07 11:47:08.000,2025-08-19 16:58:40.000,0
1191,blopez,29bd414865f9c57bb560d031dbfa512c51dc780c5416ecc6776e29d1708d58c5,MEMBER,lisa69@example.com,1,2025-11-09 19:43:51.000,2026-04-23 15:06:07.000,2025-11-24 20:44:18.000,0
1192,lawrence73,b226fc904128b67366649d9d821cf8670c536d03bd606d2ba5acd1e7922f178e,MEMBER,williamnelson@example.net,1,2025-11-09 19:43:51.000,2026-04-27 16:32:00.000,2025-10-18 02:11:47.000,0
1193,timothywilliams,d113c48811b42f8582af66d6fd5938df17a7e55daefd52cbbee1812d8ca79118,OWNER,griffinkevin@example.org,1,2025-11-09 19:43:51.000,2026-05-08 17:03:34.000,2025-12-13 01:57:10.000,0
1194,vincentmckee,f4f63114d2de02f413b8fca810f989830aa7583ec3226b57f87a07fa6a53f4cb,ADMIN,yolandachase@example.com,1,2025-11-09 19:43:51.000,2026-04-19 20:47:20.000,2025-05-19 00:42:04.000,0
1195,cassandragonzalez,c484f0fe7f8f3948e2cb40a2775820e026a529ebf8d8524f5f6ac3d31928d5ea,MEMBER,kimberly13@example.com,1,2025-11-09 19:43:51.000,2026-03-26 09:57:41.000,2025-05-12 02:39:26.000,0
1196,robert27,66b423dcde15e2538337f63b7e2c73d2ca9b4544e483450cad3815c14e683c3a,MEMBER,nicole86@example.org,1,2025-11-09 19:43:51.000,2026-04-17 22:23:57.000,2025-12-03 16:22:50.000,0
1197,kellerholly,0b20b884cd21991cce7088b7110bc8a26226130574e69054662aaa7d91f7fb0b,OWNER,lauren37@example.org,1,2025-11-09 19:43:51.000,2026-03-22 04:51:03.000,2025-05-22 21:54:06.000,0
1198,coxdawn,92ea793ef65cc38b819fb083d3083ae5a47ff98cf674fd90877647d98b8c5cdc,ADMIN,rosschristine@example.com,1,2025-11-09 19:43:51.000,2026-04-30 22:48:16.000,2025-07-23 08:38:29.000,1
1199,ssharp,c65e2c7b06164f5940fc512bbc71f2271b2c13103bf33d5bb19220941f396dfe,MEMBER,karen05@example.com,1,2025-11-09 19:43:51.000,2026-04-01 13:05:39.000,2025-09-27 05:40:36.000,1
1200,srangel,0221d5d10e98956f8e1ae0722cb6ead2c462b15584c47878226a1ee9b7a732ee,MEMBER,waustin@example.org,1,2025-11-09 19:43:51.000,2026-04-05 10:14:37.000,2025-06-11 08:22:12.000,0
1201,emorgan,bcc4fd501a567c4784349d34d8ae2e9efc19df2a4aa36413de088d690145b6fd,OWNER,glennroberts@example.net,1,2025-11-09 19:43:51.000,2026-03-21 02:27:06.000,2025-11-16 05:07:26.000,0
1202,snydersamuel,2fadb4b2450674ab59c39096ae2d985883a5776110a21fa1684edc638098de9b,ADMIN,fgray@example.org,1,2025-11-09 19:43:51.000,2026-04-08 05:12:21.000,2026-02-20 12:44:16.000,1
1203,ldelacruz,2cfc4f35bcb886d0b094b1b0667612ccf836a65441d2256aed4e877d9cd5fd0d,MEMBER,paulhernandez@example.com,1,2025-11-09 19:43:51.000,2026-03-12 18:11:42.000,2025-04-04 20:40:45.000,1
1204,erikabush,133fdfef3cb1820a9681fa5188dc9479bb8662165af32b6ddf5047e1bea01fa9,MEMBER,sharpjames@example.org,1,2025-11-09 19:43:51.000,2026-03-19 08:07:20.000,2025-12-25 11:53:54.000,0
1205,bridgetadams,790dd2651f786719a7b548ed4e68ffbc7907387c4b15021fe9b38c0fb23427fb,MEMBER,allenangela@example.net,1,2025-11-09 19:43:51.000,2026-04-23 17:19:04.000,2025-09-29 01:52:19.000,0
1206,mjohnson,0630903038f3e8dd8d08f36fa3a0d2458c2a16efe71a33fd653b7612b906fc12,MEMBER,usmith@example.net,1,2025-11-09 19:43:51.000,2026-04-03 15:01:59.000,2026-01-28 11:11:33.000,0
1207,george19,115027d5fc8eed8281e8b0f42d6883ba5047a6ed941766610a2d41f22db7a300,MEMBER,aprilwalker@example.org,1,2025-11-09 19:43:51.000,2026-03-26 19:53:36.000,2025-06-03 00:32:28.000,0
1208,hilljeffrey,1be3e4265fe25c9486b7d8b79e8d987561ddd84f90960ae11bb1744c6638b56a,MEMBER,derrick23@example.org,1,2025-11-09 19:43:51.000,2026-04-07 05:11:16.000,2025-12-19 02:49:08.000,0
1209,danny98,a890f4f5055fdebc6c09a05c661f5409cb027a1079023a5224cf69074a2fa735,OWNER,coreyeaton@example.com,1,2025-11-09 19:43:51.000,2026-03-28 00:19:57.000,2025-06-19 02:08:50.000,0
1210,barnesangela,2711659feafebb9a0add00f34f0ad7d66f128869b8c055c93d8f9e2767b1f16e,ADMIN,michaelstewart@example.net,1,2025-11-09 19:43:51.000,2026-04-20 03:04:16.000,2025-07-06 12:45:14.000,1
1211,harrisbrian,2559493cd0037a3b5a533dc95da1656fb75a9681f11631e808ee40c13a84351c,MEMBER,amandarangel@example.org,1,2025-11-09 19:43:51.000,2026-05-06 15:10:57.000,2025-07-04 11:59:20.000,1
1212,howardkenneth,cd193c8d0da8c542db155ac2c0afdeaeb977cf765f9ba5c0925728fa9e968282,MEMBER,alexis68@example.net,1,2025-11-09 19:43:51.000,2026-03-23 01:20:43.000,2026-02-05 10:57:08.000,0
1213,jameswelch,c90687d133308bb79bd5f6984a6a5547b51f1937a28e850c2581c78edc725634,MEMBER,williamskathryn@example.net,1,2025-11-09 19:43:51.000,2026-04-25 16:22:55.000,2025-11-09 04:43:44.000,1
1214,woodslisa,c7426bb94e0e75cf7bd7f437e39f29bb95c061438c41b60e8f078680a1882837,MEMBER,jamesmorgan@example.com,1,2025-11-09 19:43:51.000,2026-03-22 22:54:28.000,2026-02-20 07:36:57.000,0
1215,weisserik,bd3cb16bfdd02613f530d47775fdb40b0fcea91dcb4047eccf9eedf474c8ad07,MEMBER,michaelbaker@example.com,1,2025-11-09 19:43:51.000,2026-03-16 09:52:40.000,2025-12-05 01:04:15.000,1
1216,nortonamanda,f9c265c75ded68aa53167c07a42ad4277c6b67ba3078ab6a1143d8b38887836f,OWNER,brownamy@example.com,1,2025-11-09 19:43:51.000,2026-04-30 13:00:51.000,2025-09-26 10:12:43.000,1
1217,gbrooks,676ed4abce04f32f000503aa9699fa8d9b2e2f7287639b08bb6f628c3f839255,ADMIN,emiller@example.org,1,2025-11-09 19:43:51.000,2026-04-23 14:33:03.000,2025-04-10 17:22:31.000,0
1218,smithcheryl,53345c71d3c92dd63c5a39ecbaeb3a7d1e7f5728f55131efbea2a127b075567e,MEMBER,tamaralee@example.net,1,2025-11-09 19:43:51.000,2026-03-24 07:05:45.000,2025-07-08 23:29:15.000,0
1219,taylordeborah,caa48c71d687fb0df9756e19d8dc78e8ed20205f2f4b5455bcb0360a674d25b9,MEMBER,david73@example.net,1,2025-11-09 19:43:51.000,2026-04-24 06:52:19.000,2025-11-17 02:15:28.000,0
1220,margaret09,19fa3993a5052b42a8ae2578dcfe6623cf3a596413da469fd4c65c0e04ba3936,MEMBER,phillipmartin@example.org,1,2025-11-09 19:43:51.000,2026-04-16 11:21:31.000,2026-03-02 03:44:13.000,0
1221,dianecampos,7027936542ab14af0999ae85d474285acbd5c4fddf9e42c06d07adaf7b1ed5aa,MEMBER,briankirk@example.org,1,2025-11-09 19:43:51.000,2026-03-18 18:25:46.000,2025-04-10 11:25:20.000,1
1222,flewis,dce432744ec13a8c6973e94245271cf1f15244fa58c3a01be10608db19d59179,MEMBER,jstephens@example.com,1,2025-11-09 19:43:51.000,2026-04-12 21:34:49.000,2025-04-04 07:38:55.000,0
1223,david26,d7227b2c16f025734d76d76d84dac35a1a70b638237919daaf2bdff1008381e7,MEMBER,robin33@example.net,1,2025-11-09 19:43:51.000,2026-03-21 01:32:46.000,2025-12-08 21:54:05.000,1
1224,hgillespie,80d0f6d78c9eb1a1e5566775afd16cc9c5545529cc9e3bbc5641a534848a8b26,OWNER,crystal54@example.org,1,2025-11-09 19:43:51.000,2026-03-21 18:57:46.000,2025-08-18 11:40:22.000,1
1225,garciaray,10e0dbb413cac2659977bfd0a9c9bd5709e46c5eebc775cd2879124d6b897fdd,ADMIN,reginald92@example.org,1,2025-11-09 19:43:51.000,2026-03-15 14:06:01.000,2025-09-11 06:03:48.000,0
1226,downsbonnie,d45cc66bcbe4a669d1c52f387b12dfe896097ba68df838b8def5ec37d1939d92,MEMBER,xcontreras@example.net,1,2025-11-09 19:43:51.000,2026-05-02 05:42:03.000,2025-07-23 05:24:20.000,1
1227,johnsonmelanie,a57d2cc517fdfad27d077ee0b0a4f538ed0ab52f29586c017109dacc1dd7d9d3,MEMBER,samuel14@example.org,1,2025-11-09 19:43:51.000,2026-03-31 05:38:20.000,2025-12-17 20:34:16.000,1
1228,jonesscott,d5732964d906d9cf17657426112caf9733d6453367011cd4f71ad08bb6d5ceff,OWNER,john21@example.com,1,2025-11-09 19:43:51.000,2026-05-06 06:32:00.000,2025-04-09 09:48:39.000,0
1229,fhall,8db2ea3b681088239833c12be2dacac1bbdaedf1327452d043154ddd05adffd3,ADMIN,andrew81@example.org,1,2025-11-09 19:43:51.000,2026-03-16 00:19:40.000,2026-02-02 10:28:52.000,0
1230,donald67,d6544b15977ae0511f8d7b130640e99ec9e8e16a2c3455bc6d306ab395e5e5a4,MEMBER,brewerfernando@example.net,1,2025-11-09 19:43:51.000,2026-04-03 11:11:22.000,2025-04-18 17:45:54.000,1
1231,johnsonholly,587c111706cde39676d3404d446622edb8995fa7201f1511430267178a620528,MEMBER,thooper@example.com,1,2025-11-09 19:43:51.000,2026-04-03 13:31:44.000,2026-03-08 10:43:56.000,0
1232,murphyjeremy,d936fe984f9604b504db6e4dabdd64f91505b933f7dbdc8c74bbaa733f784aa5,OWNER,stephanie52@example.net,1,2025-11-09 19:43:51.000,2026-03-17 23:10:10.000,2025-12-10 18:00:38.000,0
1233,boydgregory,30b10693e7d5f3c971a5d867ea74d5ee89fac108689655104b3dab4a529f21f4,ADMIN,wardlawrence@example.net,1,2025-11-09 19:43:51.000,2026-04-01 01:47:37.000,2025-04-16 06:30:58.000,0
1234,angelawade,26eb878b3e03305b736a4b9fa836805e48dbd74978765bee4f67784bb4f32bde,MEMBER,davidsmith@example.org,1,2025-11-09 19:43:51.000,2026-05-03 21:56:37.000,2025-08-20 22:17:54.000,1
1235,jessethomas,b87dc226610837b92384fdbc7524b33854eefac3724c87f4c5fe9f0e414485e1,MEMBER,adamsashley@example.net,1,2025-11-09 19:43:51.000,2026-04-17 09:40:42.000,2026-01-31 08:30:41.000,0
1236,vrodgers,7fb976c1823a45373ea2e8940ea90e90b1a34fb513bd55388b76d86c012a51f1,MEMBER,rogersnicholas@example.net,1,2025-11-09 19:43:51.000,2026-03-15 10:20:46.000,2026-02-11 20:02:20.000,0
1237,smithjohn,d0718717d5a486cd56c6cc2145c52b36834ba862bf699fc83b866be21ea08d9b,MEMBER,kbrown@example.com,1,2025-11-09 19:43:51.000,2026-03-15 10:23:07.000,2025-06-27 22:18:53.000,0
1238,larry05,95ee798aa20c2202b053c7cea4d9e228e475a2ec21bffee0d112f95af806311c,MEMBER,rbrewer@example.net,1,2025-11-09 19:43:51.000,2026-03-12 11:20:11.000,2025-11-24 01:56:38.000,0
1239,waltersheather,43b9755376577f5acec3072fdf9261a64a700531b25f287c5e1c632e1f587a09,MEMBER,allison16@example.org,1,2025-11-09 19:43:51.000,2026-04-18 06:14:18.000,2025-11-26 10:01:14.000,0
1240,lambertbenjamin,97a82195759afef9c34ef900748be90b78656ee40a6478c5774f238d659349e4,MEMBER,kevin63@example.com,1,2025-11-09 19:43:51.000,2026-05-04 09:29:58.000,2025-09-17 06:27:15.000,0
1241,lisa98,f3384bd6669a66b9b46cd8eb7ae7a7f38fc8d853927467df8c4aef9644e48b37,MEMBER,josephpierce@example.com,1,2025-11-09 19:43:51.000,2026-04-26 13:34:15.000,2026-01-30 13:28:19.000,0
1242,kevin17,5e6e4a83b33a02ac8d2dad426355a18dba01e2cc018aac3fdfd4c91e707ff2b3,MEMBER,glenn47@example.org,1,2025-11-09 19:43:51.000,2026-03-15 03:28:24.000,2025-10-19 00:01:30.000,1
1243,ronald58,0d14f07c0290db6e71630835da5ec5d13a7812312e12382c9feedc9e84797d52,OWNER,crystal25@example.net,1,2025-11-09 19:43:51.000,2026-03-30 18:13:53.000,2025-08-03 04:01:56.000,1
1244,charlesvaughan,6e97a0861f4c4f64817ab3f5f952e47e8146820d99564e6ee85f91ac3e4ba26f,ADMIN,joelmiles@example.net,1,2025-11-09 19:43:51.000,2026-04-12 04:47:02.000,2025-05-29 16:22:22.000,0
1245,lauraprice,3640d59df0e0b0d5c741ed9ca250b5fce234479f52d3e79df86b38f7873d64e3,MEMBER,jacqueline75@example.org,1,2025-11-09 19:43:51.000,2026-05-07 15:56:45.000,2025-10-15 04:50:14.000,1
1246,zchung,a952d5e1bbd4f7253ee70211dbfe222bc518fde51683eea44172680bc28f31b3,MEMBER,gwhite@example.net,1,2025-11-09 19:43:51.000,2026-03-21 08:59:42.000,2026-01-08 09:48:47.000,0
1247,samuel93,aab41d7a34961d8e204029c679110122de324e6d25083a5336b8077e47f65ed4,MEMBER,awarren@example.org,1,2025-11-09 19:43:51.000,2026-04-23 01:41:41.000,2025-12-08 20:26:35.000,0
1248,ibailey,9924ff4eb16f4467ff55216f73c6db69d8035bb2784666a844ca029781397c11,MEMBER,whitneyjones@example.com,1,2025-11-09 19:43:51.000,2026-04-28 11:00:37.000,2025-06-10 00:30:40.000,1
1249,chaseandrew,fc37d0d5992f51544dc76a006ec6d59d2744eb27e46a9dcc6ae85dcc5f6991d0,MEMBER,davidhill@example.org,1,2025-11-09 19:43:51.000,2026-04-06 11:21:44.000,2025-11-14 18:53:12.000,0
1250,cristina12,1268be2970ae0b1d44ab550aa4bf249c81dfef26d6004eca4202e3848c9fae1d,OWNER,ldudley@example.net,1,2025-11-09 19:43:51.000,2026-03-16 21:28:21.000,2026-02-07 23:37:09.000,0
1251,colejohn,9d1ae8aabd61a43e6d107d3c9a06b796351e3467e2ccb3947c09c2ed74ff3e35,ADMIN,stephensonmike@example.net,1,2025-11-09 19:43:51.000,2026-03-31 19:41:45.000,2025-12-17 01:30:01.000,1
1252,deanallison,2ba9721d105e42633e7181e2ad2832c3e2dbe79258fd6acaf7d394ff6b52ffbc,MEMBER,matthew90@example.com,1,2025-11-09 19:43:51.000,2026-04-28 21:45:56.000,2025-08-28 15:24:09.000,0
1253,henrythomas,9b93b78daa0dbe52a8268b4fe0f3b3d777353189495f75014aef578049aa5f6e,MEMBER,oliviapham@example.com,1,2025-11-09 19:43:51.000,2026-04-28 20:08:35.000,2025-05-27 21:43:58.000,1
1254,hartheather,ddfe4762c35f899899ca294957475b24dae360386e407b7b9597b0f489df136a,MEMBER,andersenfrederick@example.org,1,2025-11-09 19:43:51.000,2026-03-10 06:42:27.000,2025-08-09 03:56:30.000,0
1255,lauren97,6795984a4be20e7781ca9697112f65971dc6f94b11d2f96d21e8f90aac69a778,OWNER,jefferyhouse@example.net,1,2025-11-09 19:43:51.000,2026-03-14 21:52:55.000,2025-05-27 09:12:39.000,0
1256,vhansen,b6132c7b28cc9a9d011f872e5c72a650b6a7b34ad82e4565031bc3da50201192,ADMIN,johnsonmelanie@example.org,1,2025-11-09 19:43:51.000,2026-03-19 01:06:57.000,2025-05-10 16:35:56.000,0
1257,timtyler,ddcea93b5bb301a277ea0130a661f3de4c4ac62709d93da5274c6c52b41f09f5,MEMBER,michael29@example.net,1,2025-11-09 19:43:51.000,2026-04-20 19:16:51.000,2025-05-30 07:50:04.000,1
1258,agreen,f8bbe498e754da5bbf121f72801ef656f113f1c1e6d38ff5f5c30212cfd2ee55,MEMBER,tracybrown@example.org,1,2025-11-09 19:43:51.000,2026-05-02 00:07:47.000,2025-05-27 08:05:30.000,0
1259,blaketiffany,7fd3994653d7d4e80c75bb467c952aca0c99b8ccb5887c29636e2af7c17f4277,MEMBER,chloe87@example.org,1,2025-11-09 19:43:51.000,2026-05-06 00:56:27.000,2025-08-26 06:48:11.000,1
1260,hwilson,d037115f128605d61d51d08c4a51ddf8fd205aea68ad16f41d59be048ffe077d,MEMBER,rowekaren@example.org,1,2025-11-09 19:43:51.000,2026-03-26 13:44:36.000,2025-07-01 07:11:48.000,0
1261,zferguson,b1dd4eaf01201b099cbb1f2d77349cb38ac579cba4c463d04be57ab4b43be434,MEMBER,bateseric@example.com,1,2025-11-09 19:43:51.000,2026-05-04 09:28:39.000,2025-12-31 05:52:34.000,0
1262,walkerkaren,c891fbcd693bd8144dc61c1a65ecdfcbea11244f9c31ff1a4c9fd48c955c0a30,OWNER,marshdenise@example.com,1,2025-11-09 19:43:51.000,2026-04-01 08:29:18.000,2025-10-02 20:59:03.000,0
1263,alvinhensley,8199d704114a0da3d6c88a1ac9b0a7a4baf85f46e40d39ddbfc278bfa23057e4,ADMIN,christopher71@example.com,1,2025-11-09 19:43:51.000,2026-05-01 07:20:04.000,2025-05-13 00:57:59.000,0
1264,mmiller,49587d317148a28cb8384a8fdbd1ad735278729a6200fa21d6e3a3e0ecbe3c71,MEMBER,pattonjay@example.net,1,2025-11-09 19:43:51.000,2026-05-02 20:55:38.000,2025-06-20 22:23:29.000,0
1265,daniel63,50330ac0947e9ca114ebb75b8a6e73ff4fb8ad9e8ffd4e80f48a0700d86b674a,MEMBER,glogan@example.net,1,2025-11-09 19:43:51.000,2026-04-12 10:13:27.000,2025-08-15 23:43:27.000,0
1266,ostevens,a1e0cda55433cab28ca983fc039aa78b3ddfbc17a2c6cc14118958fb7e1f10f2,MEMBER,toddandrew@example.net,1,2025-11-09 19:43:51.000,2026-03-12 23:48:30.000,2025-06-03 22:50:18.000,0
1267,qterry,3a50428395f6567ece7192078cee77e1db6c67130204cdbc65fd189a6d977b65,MEMBER,jacob99@example.org,1,2025-11-09 19:43:51.000,2026-04-26 18:12:31.000,2025-06-24 14:04:17.000,0
1268,jamie74,7ac8ea68b45ddc718f069d5a101289c7fbfc8711163793c58428a22bc6113db8,MEMBER,angelabowman@example.com,1,2025-11-09 19:43:51.000,2026-04-09 07:50:59.000,2025-10-27 04:02:46.000,0
1269,thomas66,1011849bbc37c4b17c1272cbe502304da782e5fbe531fb749ffd6547a5740ad9,OWNER,rosborne@example.com,1,2025-11-09 19:43:51.000,2026-04-10 07:50:24.000,2025-05-05 14:59:20.000,1
1270,kimberlyleach,374dc519af094168eae4223966180af4c2e0654d6d4a71d0d8980a94a4d503ae,ADMIN,andersonkimberly@example.net,1,2025-11-09 19:43:51.000,2026-03-29 17:55:12.000,2025-05-20 02:57:33.000,0
1271,qramirez,f29d84ca30060579ec3a1602723e3447836ac817d48b951c2ae640d4199129cf,MEMBER,sthompson@example.com,1,2025-11-09 19:43:51.000,2026-03-12 11:07:03.000,2025-09-17 14:16:44.000,0
1272,ysanchez,9d0bcfad62444b1093897a34155cfdf30745468a43e87b1d539c68a834301d41,MEMBER,lukepatterson@example.org,1,2025-11-09 19:43:51.000,2026-03-18 04:55:00.000,2025-12-28 10:21:37.000,0
1273,christopher07,6e928f626ef4e85c02c711455cc60a6c224b562651683bde067b7e99e5b86579,OWNER,thomasjensen@example.com,1,2025-11-09 19:43:51.000,2026-04-05 08:42:41.000,2025-08-25 08:14:59.000,0
1274,delgadopatrick,958bffafe8ec87ac78379da865539272108658ca4463e4b34d37643d0aaf9c68,ADMIN,christopher64@example.net,1,2025-11-09 19:43:51.000,2026-04-23 02:04:41.000,2025-07-22 05:57:53.000,0
1275,jack54,1f7346d2043506959f747700b4292a143449a7630ea9662fa0f246689daf798b,MEMBER,ggrimes@example.org,1,2025-11-09 19:43:51.000,2026-04-19 16:51:32.000,2026-03-07 08:35:10.000,1
1276,jessica58,1690c3683030842c4681f3907da116c1f5f55f0f2d4a33bba5e867d355af81ba,MEMBER,bryce54@example.org,1,2025-11-09 19:43:51.000,2026-03-11 14:52:24.000,2025-12-20 02:02:35.000,0
1277,nrosario,3821eb540c003d320381c8fda6e77c9bc411d400a84c01398ff7a84918f4fbf2,MEMBER,williamsjames@example.net,1,2025-11-09 19:43:51.000,2026-04-25 08:10:08.000,2025-11-24 17:20:26.000,0
1278,coreycox,e9909ad647884d3fe79464ae48dd897a9d9264f44b8bd63bfa8500a87956dcbb,MEMBER,mitchell07@example.org,1,2025-11-09 19:43:51.000,2026-03-14 20:09:48.000,2025-05-29 21:30:36.000,0
1279,harveyhelen,3e3f188b386a35e8c6d92ffe4a3a8919153c9c8a48df06370579a31d56ca0317,MEMBER,shelby80@example.net,1,2025-11-09 19:43:51.000,2026-03-14 18:43:18.000,2025-06-07 13:34:28.000,0
1280,gjarvis,981b1a9ee71e1b2252dd43e5e72e195d96dd6c66a49dd8c88205565809b22a52,MEMBER,taylorelizabeth@example.net,1,2025-11-09 19:43:51.000,2026-04-05 03:51:38.000,2026-02-01 21:10:20.000,1
1281,james21,1ab20213b565ec2a4980eee2c706d10f4a7803a79158c569526246dfc4d1e4fc,MEMBER,qvang@example.org,1,2025-11-09 19:43:51.000,2026-03-13 06:10:02.000,2025-11-04 07:26:04.000,0
1282,jennifermiller,52b938f6d56366172cdcf117605ff09ca05df8557fd76b7c70650f91292909e6,MEMBER,heidi91@example.org,1,2025-11-09 19:43:51.000,2026-04-21 23:24:55.000,2026-03-05 21:05:54.000,1
1283,shelby49,6d24ae0c08a8a4ceb813bb2e3403b13904384275c058688d7a95a25c58f3f33c,OWNER,perezsierra@example.com,1,2025-11-09 19:43:51.000,2026-05-03 16:15:49.000,2025-11-09 07:53:03.000,1
1284,robertoliver,c35b8dc84305ed6bb2953c4ea57b105b36b2168c5064ad8a01d7a3ac26786d61,ADMIN,rebecca88@example.org,1,2025-11-09 19:43:51.000,2026-03-25 11:17:19.000,2025-05-02 17:39:39.000,0
1285,gwoods,72b991b301aabc8af69fd1cc8dd99fdb4e0cfa6ba792d788ceef0754bda5e2af,MEMBER,fhubbard@example.com,1,2025-11-09 19:43:51.000,2026-04-14 20:13:56.000,2025-10-16 19:01:57.000,1
1286,sotolindsey,15d386fd47946e36a788c0e13a524a7a847b74d397ce188e8744bba4a7e97774,MEMBER,meghan74@example.com,1,2025-11-09 19:43:51.000,2026-03-27 01:16:32.000,2025-09-28 09:03:49.000,0
1287,jnelson,96b7291774a1e9d14959e8857b6cc7d5cf9c40d286b81c5992474bdc562cc58e,MEMBER,manndaniel@example.net,1,2025-11-09 19:43:51.000,2026-03-18 20:33:43.000,2026-01-09 02:29:03.000,1
1288,syoung,badb0002a79e1bf0380de655adcb1d8cc12f50e121a3e0a7adcd553c1c5b57d0,MEMBER,jacksonadam@example.org,1,2025-11-09 19:43:51.000,2026-04-08 21:46:08.000,2025-12-27 20:20:21.000,1
1289,ulara,334035919a268a2b27378e8b05842e275ec48ffa13e97eccbf1813e7bc63b13a,MEMBER,wangmatthew@example.com,1,2025-11-09 19:43:51.000,2026-04-01 14:07:55.000,2025-04-17 13:15:27.000,1
1290,angieanderson,b77703322652c3ab9ffa74b6b412b40c1ef016db9c5af7f2f08f4b324d47b1fc,MEMBER,jamiemcbride@example.com,1,2025-11-09 19:43:51.000,2026-04-06 20:39:40.000,2025-04-18 19:57:56.000,0
1291,jacksontammy,174998f74b657f4b246084b068258e493392d6b2582e0087597e6342bed47578,MEMBER,irusso@example.net,1,2025-11-09 19:43:51.000,2026-03-09 23:45:23.000,2025-07-01 15:49:08.000,0
1292,david61,af36d2b98b11bc7abffc9943b145870822c8f2a7cfd7591bd3d2a98a5c4b2c4e,MEMBER,courtney23@example.org,1,2025-11-09 19:43:51.000,2026-04-01 11:54:02.000,2025-11-06 06:56:27.000,0
1293,holmesrebecca,48759eedfebbee995104f4e80db66834cfa685d8a9230b7562a3a6573eca3ba8,MEMBER,destiny64@example.net,1,2025-11-09 19:43:51.000,2026-03-31 12:14:34.000,2025-09-26 05:23:56.000,0
1294,toddstephen,ebb5d26f2ecb0b200a6aa124ec4718bf6f54d64a44a939c40ad6bcd06d051aa1,MEMBER,carrolldonald@example.net,1,2025-11-09 19:43:51.000,2026-04-03 03:11:41.000,2025-10-12 05:49:23.000,0
1295,william70,aea3edcca39fd42e967bcd8d9c0825f1f682a2da76bcd702147a0cbb0cb3dce1,OWNER,joseph24@example.net,1,2025-11-09 19:43:51.000,2026-03-25 23:40:48.000,2025-06-20 06:56:38.000,1
1296,sharon19,35ece608f1e9badfa43f33e2f41779c56d2d9622a82b58c854fb7107d4b06b4e,ADMIN,meredith18@example.org,1,2025-11-09 19:43:51.000,2026-03-31 23:54:22.000,2025-04-20 11:33:13.000,1
1297,bradley27,4e22059346acc625eecce56dd1a22e0127b33a08c9740eb459a677ead17a1350,MEMBER,fwalker@example.com,1,2025-11-09 19:43:51.000,2026-04-28 02:48:12.000,2025-12-26 18:28:21.000,1
1298,samanthaglenn,e987ca2ad505e7dca63472e2c25d28a0c13be0e883deb859d6ee7199aaa367f5,MEMBER,qmorris@example.com,1,2025-11-09 19:43:51.000,2026-04-22 14:21:15.000,2025-10-08 16:29:03.000,0
1299,zalvarez,b04dde7f18abe83fd095dd5284dee5913369b3aa069fa932e3463a6bbfc3bc4d,MEMBER,moorejulie@example.org,1,2025-11-09 19:43:51.000,2026-04-16 07:45:18.000,2025-04-21 20:30:37.000,0
1300,dmorales,19604ac493bbea1b499b206ac323b56c8c223d4099da3f2ec0661feb1a348fab,OWNER,walterharper@example.com,1,2025-11-09 19:43:51.000,2026-04-30 04:24:27.000,2025-10-10 15:09:06.000,1
1301,angelalloyd,14b9c083840d8ca5d620eed5adb077396aef92093c67f7a0f9d3a5378a7f6536,ADMIN,jamesstokes@example.net,1,2025-11-09 19:43:51.000,2026-04-26 00:19:27.000,2025-04-09 14:24:17.000,0
1302,christybryant,56529f59004084c4ef03f24e08965ad9e83480ba23553eb8cc0429f85aeeda1b,MEMBER,jimjones@example.org,1,2025-11-09 19:43:51.000,2026-03-17 08:50:05.000,2025-04-24 11:08:20.000,0
1303,evanslawrence,38d408507cd0e374b77ac61bdcecd31a629a85b9d4979db21d011dc557deebff,MEMBER,belladam@example.com,1,2025-11-09 19:43:51.000,2026-05-04 12:15:01.000,2026-01-23 00:10:54.000,1
1304,rhodeslisa,abd70433687c8ceb3d244a5ae2889453624b27bb29c4173302db8ba5c3b0d2c9,MEMBER,debbienavarro@example.net,1,2025-11-09 19:43:51.000,2026-04-28 21:59:03.000,2025-05-16 01:43:43.000,0
1305,nancycooper,c5552813ec97971d9c17ac3ec09d9bf5ad5f1a00ae5389949d5bdd190d6b7509,MEMBER,danielbuck@example.net,1,2025-11-09 19:43:51.000,2026-03-25 12:26:46.000,2025-12-09 03:20:11.000,0
1306,kenneth70,1ed021d8ca20973219d6c8e201e364aaeabe25501975940b88b763b01337d481,MEMBER,wrightjacob@example.org,1,2025-11-09 19:43:51.000,2026-04-11 16:05:55.000,2025-09-11 20:38:51.000,0
1307,glennstewart,17af2e84e5077bc93807abd84e40f9c0b190873781e658b6d3cc726e87d1c541,OWNER,krystal48@example.com,1,2025-11-09 19:43:51.000,2026-04-21 21:54:43.000,2025-06-06 15:13:56.000,0
1308,hterry,0bd715bfdf6e877a91cf137a24d84f01e6430719489a4a9703bedfc841e8f0a1,ADMIN,frank25@example.org,1,2025-11-09 19:43:51.000,2026-04-02 19:18:41.000,2025-06-25 04:18:17.000,0
1309,lreyes,37b0a3899b94b4f7a8d7e39e38d84e93b4e02d0ac3d134d0317bf695284b18aa,MEMBER,gavinhill@example.net,1,2025-11-09 19:43:51.000,2026-03-18 07:29:32.000,2025-08-17 20:24:18.000,1
1310,sherrythomas,1a83986d6734a47cfa31a01afba0745c97de4b3bdcff8b7c5c01719d50165e5a,MEMBER,logan35@example.org,1,2025-11-09 19:43:51.000,2026-04-22 09:09:21.000,2025-09-28 04:59:40.000,1
1311,larry62,08284e63ae402445bc79dfea03f6f96b7030736575334a2af2b02d7e0cc54e1c,MEMBER,moorechristopher@example.org,1,2025-11-09 19:43:51.000,2026-04-03 06:44:03.000,2025-05-27 17:50:55.000,0
1312,smithlori,8eb86812ce4321e4f4f662c7086d8a3593bd6b59a678cb61c0d52c08743370f7,OWNER,megan44@example.com,1,2025-11-09 19:43:51.000,2026-04-22 03:46:12.000,2026-01-16 03:15:14.000,1
1313,meganowens,af7716424ab5cf140a7ee94f30d6b844ccd9ec89b56bab2991c53188123fc332,ADMIN,bjohnston@example.net,1,2025-11-09 19:43:51.000,2026-03-22 15:42:35.000,2025-07-18 01:56:41.000,1
1314,rjohnson,a1924d8b37146e4f52b2e58a336dc703c210b0f250248de5b2cb3559ef858895,MEMBER,philipwilson@example.net,1,2025-11-09 19:43:51.000,2026-03-14 18:03:11.000,2026-01-25 19:02:07.000,1
1315,christopher52,8be52403adcbc62bb9890f7be696bf9dc66cc9cb53af216c02ba647feb56eeaa,MEMBER,gloverbrian@example.org,1,2025-11-09 19:43:51.000,2026-03-27 07:40:16.000,2026-03-03 18:33:04.000,1
1316,jacqueline87,01aba93cf526f51ec2611d72d1258b805ffcb07b054745f7c2e1bb84c64f2519,MEMBER,riverashane@example.net,1,2025-11-09 19:43:51.000,2026-03-19 05:20:18.000,2026-02-19 12:14:50.000,1
1317,ggomez,c8f5caba83c62f11137ee8e706502aed362495ba4baf9dcbf6de9cdbeb8d0f22,OWNER,colechapman@example.org,1,2025-11-09 19:43:51.000,2026-04-03 00:27:10.000,2025-06-20 17:00:57.000,1
1318,leviparsons,d24bb5c81e85d1e29e8ae1e2d7047348956aab279d6003c519dccd1df6250e2d,ADMIN,sandranguyen@example.org,1,2025-11-09 19:43:51.000,2026-03-30 05:13:52.000,2025-11-22 02:30:26.000,1
1319,nwallace,2f7d68281134b0c672422e00757e5cc755dc679ce48803a91e6982ed8a9932e3,MEMBER,gregory49@example.org,1,2025-11-09 19:43:51.000,2026-03-21 07:44:19.000,2026-01-23 01:57:00.000,0
1320,elizabeth60,9994bf686e44a0409b82a5a8395eb6385e8a36f23a89d5ebe235f88b31178697,MEMBER,kathrynmoore@example.net,1,2025-11-09 19:43:51.000,2026-04-18 22:36:27.000,2025-09-10 13:33:37.000,1
1321,jamiegonzalez,5142b706a484ed8b0dfeb3dc5e8d00acea0ad99a5ac6146e74433655b07ab4a4,OWNER,pamela15@example.com,1,2025-11-09 19:43:51.000,2026-03-27 06:11:45.000,2025-10-16 13:31:10.000,0
1322,monica19,ed946490c2a87c82de31f5a5e16bfab5fee0f8f708f6dace0f87a2aff47f71ab,ADMIN,rwright@example.com,1,2025-11-09 19:43:51.000,2026-04-25 03:27:50.000,2025-12-08 06:53:46.000,1
1323,cadams,47f431a9baad33342b292ec6957f78282f6358412373af622d53de05a0c3b1c9,MEMBER,hnixon@example.org,1,2025-11-09 19:43:51.000,2026-03-24 07:24:33.000,2025-11-26 22:33:54.000,0
1324,bjohnson,bd23663679f5a08326f41999c9454c4b5a433dd206ff55a532cc3e0817a200c7,MEMBER,xbrooks@example.com,1,2025-11-09 19:43:51.000,2026-04-28 15:31:45.000,2025-07-06 11:15:56.000,0
1325,aandrews,ad84fd3a637b8f8b2a8e8947257271e3c2245d088e9af0268bf97be7c2edbb6a,MEMBER,coxchristina@example.net,1,2025-11-09 19:43:51.000,2026-04-06 18:18:50.000,2026-01-11 14:50:17.000,0
1326,samuel34,172b12a18f52e48a85c7da4619ddde4e1a3a6ef388b9f110f69af059e0662efe,MEMBER,james33@example.org,1,2025-11-09 19:43:51.000,2026-04-19 05:49:36.000,2025-07-28 09:33:05.000,1
1327,brittanystevens,887d362102cb5949d94071b32ac94e95a980390ed27a48846c37d37754688370,MEMBER,wortega@example.org,1,2025-11-09 19:43:51.000,2026-04-20 00:45:44.000,2025-04-23 09:07:19.000,1
1328,john17,03cb97425435450837d7b87540846dd5205622799fa3dc4267089093c00eb662,MEMBER,maria43@example.net,1,2025-11-09 19:43:51.000,2026-03-24 03:37:39.000,2026-02-09 10:15:21.000,0
1329,frank91,653d019bbf6e0b3a029103140c2c9ea772acb02767f2714a9ac46326d49e8f80,MEMBER,dli@example.com,1,2025-11-09 19:43:51.000,2026-05-07 00:08:41.000,2026-01-08 23:03:41.000,0
1330,fevans,58c10f1b4c2cb8748c690e346f1703f0208465b634d0df8aa943b74432dea601,MEMBER,derrick84@example.com,1,2025-11-09 19:43:51.000,2026-04-28 12:48:27.000,2025-06-30 10:42:08.000,1
1331,ericmorgan,b270d6aefccc48da4ec558c0959f64201a0d97fc761f3ee6432ae0476676a27b,MEMBER,srobbins@example.com,1,2025-11-09 19:43:51.000,2026-05-01 19:56:32.000,2025-05-15 08:43:23.000,0
1332,denise94,08ec54093bcd41c3d0cf4482ab59e22585d0df046712a4ce826f6b5e8584972a,MEMBER,lanemarissa@example.org,1,2025-11-09 19:43:51.000,2026-04-27 05:23:09.000,2026-01-02 20:15:59.000,0
1333,bondjessica,50d5184b32eaf353f85cea19b091bca472f138eda741e6170238276865becf4e,OWNER,brandy07@example.org,1,2025-11-09 19:43:51.000,2026-04-06 19:25:08.000,2026-01-27 13:04:42.000,0
1334,alexandercabrera,4b617939679c9c7e7dcbdcca501d61d845027e0b263f32532faa6ed8d7af7dda,ADMIN,broberts@example.net,1,2025-11-09 19:43:51.000,2026-04-11 11:38:06.000,2025-10-27 00:24:57.000,0
1335,sherrysanchez,f1609749c6538e1bc855c3edcd1f8674d9c26ea8b80f2e67cb04a8b80b145f94,MEMBER,benjaminevans@example.org,1,2025-11-09 19:43:51.000,2026-03-24 06:54:34.000,2025-05-04 21:42:26.000,0
1336,matthewmckinney,bfda6f2fe1dc613ce1e07e81c20f43dc233ae5db607b04d8765eeffe7ce12713,MEMBER,amanda46@example.org,1,2025-11-09 19:43:51.000,2026-04-08 09:02:51.000,2025-05-19 14:56:22.000,1
1337,tonya00,7f3c631c180ec11d11715330c324a30752a28628688637486aaaa2a682d69bc6,MEMBER,mariepowell@example.net,1,2025-11-09 19:43:51.000,2026-05-08 18:55:46.000,2025-04-17 03:41:37.000,1
1338,wgarcia,7a3e614f65b09f39e7f97e0684e22668490938f2ad9df4483443d9592b84e71b,MEMBER,william39@example.com,1,2025-11-09 19:43:51.000,2026-04-30 02:39:44.000,2025-12-05 18:21:18.000,0
1339,amyellison,c4f715efe2508558676781ec2418effc1d9967bb65cbb57c9df5d84a410b9098,MEMBER,jasonhaynes@example.org,1,2025-11-09 19:43:51.000,2026-05-03 21:50:19.000,2025-10-28 20:37:56.000,1
1340,briana73,ae47e6b2996a23cced3a14e36dec105fb814f8147ee797ac66957bbda0dc68e2,OWNER,lauralarsen@example.net,1,2025-11-09 19:43:51.000,2026-04-06 12:35:52.000,2025-09-21 01:18:29.000,1
1341,anthony86,582e1c19f648e8809e6a6c407ef02ee935e78ef52ab4ec479ab795f5fdcc06a8,ADMIN,stacyvazquez@example.org,1,2025-11-09 19:43:51.000,2026-04-25 13:21:57.000,2025-12-04 17:15:54.000,0
1342,michael14,217e6d4b1d3ad02cdc184795fb5c7a91947e1434d9ecc6d987a509a2bea1d4e4,MEMBER,sandra57@example.net,1,2025-11-09 19:43:51.000,2026-03-10 11:05:54.000,2025-06-05 15:56:02.000,0
1343,rpeters,75471f588c6b03865673bc5ff0e7de523ebdcf372b05183057d11696cf3c40aa,MEMBER,williamschristopher@example.net,1,2025-11-09 19:43:51.000,2026-05-08 15:47:23.000,2025-04-13 19:37:13.000,0
1344,crystal33,d6abb40ef755e0ea7c9fff3096080715a1e70b2cbcfd8d9c3c9f5f523a33c999,OWNER,parkerdanielle@example.net,1,2025-11-09 19:43:51.000,2026-04-11 19:21:25.000,2026-01-13 14:31:13.000,0
1345,stonejeanne,d5cac298a69841a22fc22b902ab93b867736a157d7acf439086ebe8239d384a5,ADMIN,moralesbarbara@example.org,1,2025-11-09 19:43:51.000,2026-03-24 11:38:47.000,2025-08-10 02:25:35.000,1
1346,probertson,47a4d234e8691efd1bd6e3f85efc18c107392645825e3ef8452000ef17414339,MEMBER,kayla36@example.com,1,2025-11-09 19:43:51.000,2026-04-17 00:46:15.000,2025-09-19 22:07:13.000,1
1347,melissapalmer,6fb981c551c4c0bc6c6fdef029e09a0c18e07e4b101902a95732fd3b3eca4732,MEMBER,patriciagarner@example.org,1,2025-11-09 19:43:51.000,2026-04-28 04:54:35.000,2025-10-23 11:40:45.000,1
1348,williamsbrian,30772d0e78c1971c61c2f61efae264579d3aff62bd9a806534d286d87e2811c6,OWNER,theresa81@example.com,1,2025-11-09 19:43:51.000,2026-03-31 21:30:49.000,2025-12-29 03:07:27.000,0
1349,doylejoshua,54f9ba8544b7d4662fef665ad9ca05946198f5483d40a70650c633d4fcf0e7ef,ADMIN,grahamamanda@example.org,1,2025-11-09 19:43:51.000,2026-05-01 23:24:13.000,2025-04-29 17:56:48.000,0
1350,williamsfelicia,0659d3deb0d57607eaf8faacebd1cd27d66f021fad4169c8ef8de10bbae37df8,MEMBER,kathleen86@example.net,1,2025-11-09 19:43:51.000,2026-04-27 07:59:25.000,2026-01-24 21:47:53.000,1
1351,laura77,875a584f12ddb9090981153b0cc5a74a1a8c8bc0890862056145d3d1ef8b563b,OWNER,elizabethmiller@example.net,1,2025-11-09 19:43:51.000,2026-03-23 16:52:27.000,2025-09-30 23:37:16.000,1
1352,williamsjoshua,c709e5364a9da6a21ec9649095e1900cc7b5ea9673bfb4fe140d039caa803570,ADMIN,sextonjonathan@example.org,1,2025-11-09 19:43:51.000,2026-04-29 02:32:41.000,2025-10-20 06:02:12.000,1
1353,hparker,ff69c90f3348838d7c4b7842e7ba63e3e55085996b8f40d94ba1da94a57eb7b1,MEMBER,chernandez@example.net,1,2025-11-09 19:43:51.000,2026-03-21 12:06:26.000,2026-01-05 21:41:37.000,0
1354,cindy36,178d74dde7eb0def9348ea07d9004515ca16f635b8b22ac3edf2cd5d71058533,OWNER,mary11@example.net,1,2025-11-09 19:43:51.000,2026-03-24 05:32:09.000,2025-07-06 07:53:28.000,1
1355,johnfrench,099da771dab1de93b63bc160fb34eba227449dff2a2a7dd5717ab24adcf72e03,ADMIN,deborah65@example.com,1,2025-11-09 19:43:51.000,2026-04-03 22:02:17.000,2025-05-05 04:17:05.000,0
1356,alexandra93,9c8f353a702d1f176ec7c5802d07e74595f51dedb369fabe18301cc846b32436,MEMBER,laura03@example.com,1,2025-11-09 19:43:51.000,2026-04-20 13:07:53.000,2026-01-20 07:06:48.000,1
1357,hmurray,76695df28e7110781ba83660424a6967d20ef9fe74ea9130e280bce751463de8,MEMBER,dana98@example.org,1,2025-11-09 19:43:51.000,2026-03-17 15:00:23.000,2025-10-03 02:20:52.000,0
1358,ccox,a6bb90c62271829afe1d7363df98905e2e39f8cd13c093c18a6b6f24d202b2ab,MEMBER,susan26@example.com,1,2025-11-09 19:43:51.000,2026-04-28 14:19:49.000,2025-11-04 04:25:51.000,1
1359,nguyenkevin,41c3643eee6f300c1e4a841adeabd44e44fd085cc47925fc14c797f333fc15da,OWNER,richardhenderson@example.com,1,2025-11-09 19:43:51.000,2026-04-04 13:00:53.000,2026-02-26 08:38:24.000,0
1360,charles00,2ff7a9cab30bbbe682362288eb6f404c0a9f1a60795c174f5a6ab8e081dd0dcb,ADMIN,moorekatherine@example.net,1,2025-11-09 19:43:51.000,2026-04-09 23:34:45.000,2025-05-06 10:58:16.000,0
1361,kimburke,2e353400f4a16eb18419d95ba9f5866f2b77588bc96d9164d100232e0af4570d,MEMBER,anita17@example.com,1,2025-11-09 19:43:51.000,2026-04-04 09:54:50.000,2026-01-16 15:28:21.000,0
1362,brandtkelly,69741ce9373ba8a7b017db28dd56e61293e284492d772979877cd22af895840f,MEMBER,etravis@example.com,1,2025-11-09 19:43:51.000,2026-05-05 10:52:18.000,2026-01-26 06:20:10.000,0
1363,raysmith,9e614f014c859b73dec00105fa697260bdd7ea9110225b558d11c6800e645c45,MEMBER,christopherbooth@example.net,1,2025-11-09 19:43:51.000,2026-04-10 00:54:01.000,2025-06-11 21:41:51.000,1
1364,matthew59,3e70cb04c561bf2dc1e9c756bbfd049f24556c9708e1d32f168e2d1c1c8a090b,MEMBER,hgarza@example.org,1,2025-11-09 19:43:51.000,2026-04-02 16:36:23.000,2025-10-27 08:20:18.000,0
1365,katrina80,5ebdd5404f67067d3cc3f5f6fab73b15bea33bbd24256e38413c3b99f6816178,MEMBER,hernandezkevin@example.org,1,2025-11-09 19:43:51.000,2026-04-01 23:58:48.000,2025-11-22 16:34:51.000,0
1366,hspears,5de135dd9e8ad0016ab86decfe7aaaca4e6be93669318cff56e59b8c876bfb8d,MEMBER,victoria89@example.com,1,2025-11-09 19:43:51.000,2026-03-29 01:04:31.000,2025-12-13 04:14:49.000,0
1367,michael66,15308ff166a71a1614b45bbb60c2b958bc2365e901cb7fff03234fc52dd8bd21,MEMBER,smithaaron@example.com,1,2025-11-09 19:43:51.000,2026-05-05 23:44:37.000,2025-12-20 19:18:11.000,1
1368,ujefferson,1ea63ae2a18c5604bc2ecd9d14bda0303f952a386012a472e691ef8e071172dc,OWNER,rodriguezgregory@example.org,1,2025-11-09 19:43:51.000,2026-04-27 20:47:00.000,2025-09-23 21:47:22.000,0
1369,jenniferespinoza,8315bc88c14137e68dd5c76a54577608ade6263678a147d9fb87dd1ee0eee525,ADMIN,wilsontimothy@example.org,1,2025-11-09 19:43:51.000,2026-04-04 23:55:01.000,2025-05-10 19:19:26.000,1
1370,adam40,790a9668d8ef5a0441cda0f6e8d5f30e24689256dbe3b4efaf207e551278e588,MEMBER,david67@example.org,1,2025-11-09 19:43:51.000,2026-04-04 06:58:22.000,2025-10-11 16:31:01.000,0
1371,christianchristensen,8535f73bc0ff8115deca4c380f4f8e5d5aca5d02c70b3a48304f7e6c2fa14ec4,MEMBER,jacksonchristopher@example.org,1,2025-11-09 19:43:51.000,2026-04-16 02:13:41.000,2026-03-04 08:31:01.000,1
1372,gonzaleslarry,d9404799b5c0c14c9538c9784ad584d36309d9dbdd4fdecfc97489eef71eb6ca,MEMBER,zachary01@example.net,1,2025-11-09 19:43:51.000,2026-03-27 05:54:29.000,2026-02-25 06:51:50.000,0
1373,katherinezhang,f90a93c8c8f62161b1e0fe4cd149c08745982c4de0e8713d72eb207e5b5983b2,MEMBER,anthony86@example.net,1,2025-11-09 19:43:51.000,2026-03-24 08:21:18.000,2026-02-02 14:01:57.000,0
1374,lamkiara,57c4b87f46cd1ec480d0d1ce836db8568cad0dc1314681e059b4ac8319913b0d,OWNER,omoore@example.com,1,2025-11-09 19:43:51.000,2026-03-21 11:11:25.000,2025-07-14 07:00:12.000,1
1375,shawpaula,eb22a6ddeac0646232de68053a8e121dff3762d631adf6a1dc910e25a94a3f45,ADMIN,josekelley@example.com,1,2025-11-09 19:43:51.000,2026-04-30 14:12:40.000,2026-02-08 03:33:39.000,0
1376,travis12,f036e93cffc746b2fcbb59423fc4b8d71a5f0a93e6c4a6b097df8f6933ff0493,MEMBER,michellerobinson@example.net,1,2025-11-09 19:43:51.000,2026-04-03 06:28:09.000,2025-06-14 21:19:50.000,1
1377,wrightashley,cf6c4b9f91f1d012f3762a0817730b29fd0c4d5261f63ad5cc50c8d5571a3c0a,MEMBER,amy70@example.com,1,2025-11-09 19:43:51.000,2026-04-15 16:37:23.000,2025-05-16 00:41:23.000,0
1378,armstrongmichael,280c06647ef505582f0e36ed465ee646c5ba450a8530e3bd4c6f202731db1841,MEMBER,glennjackson@example.com,1,2025-11-09 19:43:51.000,2026-04-18 20:14:52.000,2025-09-04 08:14:50.000,0
1379,kathytodd,357c4f9bfea53fa5725ac366573417813853d2c40c9ef4cb32bec2b9e9a5d241,MEMBER,robert40@example.net,1,2025-11-09 19:43:51.000,2026-04-15 03:54:46.000,2025-04-19 23:15:34.000,1
1380,charlesharrell,0b3748438f55bedb220ebe141b125bf843bbe05bbc7642502176508c59017a0a,MEMBER,cassandra10@example.org,1,2025-11-09 19:43:51.000,2026-05-08 09:55:30.000,2025-10-18 07:24:53.000,0
1381,miguel52,32efee3a274aaaca05dba567f69a584f065e411e2e9cf09e2be68ded0c7664da,OWNER,courtneywashington@example.net,1,2025-11-09 19:43:51.000,2026-03-20 17:29:28.000,2025-04-09 04:26:27.000,1
1382,lfrost,5b58d43aa5003797224860c9e526d87a39ad67af954a840f4fc27f0fd9b61393,ADMIN,philip10@example.org,1,2025-11-09 19:43:51.000,2026-05-08 08:03:30.000,2025-10-19 00:11:15.000,0
1383,kathrynbridges,077b8a7c6d9444998f30ad73f8013c4467d75969eee8a62fd4c007ec543c7f2d,MEMBER,lindsey23@example.net,1,2025-11-09 19:43:51.000,2026-04-02 23:50:31.000,2025-10-24 02:11:23.000,1
1384,garciasharon,70dff6a3f5abb3aa229a754a8d197cbb645c765c1d681273c8d889377b033160,MEMBER,daniel35@example.net,1,2025-11-09 19:43:51.000,2026-04-24 19:40:33.000,2025-10-15 13:05:14.000,1
1385,ricebrett,c48ed2f9bdc209d434472ba828fdfa96e971fefee91c5398ab40edbcb6314170,OWNER,robert45@example.net,1,2025-11-09 19:43:51.000,2026-04-11 23:37:00.000,2025-10-26 09:45:24.000,1
1386,xnelson,665f7ede68955bcc6619331e7eb1305cb3403cb47601fe4654d036c23c36e35f,ADMIN,kellylyons@example.org,1,2025-11-09 19:43:51.000,2026-03-15 04:50:01.000,2025-09-28 08:59:03.000,0
1387,jaimebrown,f96a4c7aafee019d27217b3be7bfb30ac3a0e51dac23e13d93af94c6531211b9,MEMBER,blackwellmichael@example.net,1,2025-11-09 19:43:51.000,2026-04-10 22:30:42.000,2025-08-06 07:45:49.000,1
1388,brianna05,da6fc584ebcf829284544ccd9f565506c72583aca2bdd1480cf2664671d8e607,MEMBER,adamglass@example.com,1,2025-11-09 19:43:51.000,2026-04-17 00:41:23.000,2025-10-14 04:49:20.000,0
1389,pgill,b2ef9866b1a72fc7316f7be7c82c57577dcd3c96875a4bb28e7a11cb01be0001,MEMBER,vsanders@example.com,1,2025-11-09 19:43:51.000,2026-03-29 15:26:25.000,2025-05-08 19:45:13.000,0
1390,randymills,1cb9e9ed5b18cb373b5ce510b9c2dd1ad50ad963b4362474a16a7e289e19c43c,MEMBER,wsilva@example.net,1,2025-11-09 19:43:51.000,2026-04-25 03:50:31.000,2026-01-30 12:24:44.000,0
1391,marcusburton,f4dcfb7cd3da486fa4b584eda663b0018eff9d3bd62f9af6aa67db7c61d146be,MEMBER,allenamanda@example.com,1,2025-11-09 19:43:51.000,2026-05-06 00:27:58.000,2026-01-31 14:32:04.000,0
1392,dustin14,e6a94d816f32a5cb94957206eb177d38322720afa690b34d17e312675f2b1a16,MEMBER,jenniferlewis@example.org,1,2025-11-09 19:43:51.000,2026-03-20 22:03:55.000,2025-12-25 03:15:51.000,0
1393,dgeorge,2a66453d79d889c8cfd49e64922eedc68911631e493d816c492ad83f4431d299,MEMBER,autumnalexander@example.org,1,2025-11-09 19:43:51.000,2026-03-27 11:42:44.000,2025-05-21 20:40:31.000,1
1394,melindasmith,848cbdf84edb7ae025379bb9bd23fc0b47a0b1c1bc05e72a535ca5d85859303f,MEMBER,cynthiabell@example.org,1,2025-11-09 19:43:51.000,2026-04-03 01:47:47.000,2025-10-11 04:05:48.000,0
1395,davidbates,6de221e791a9092a2ab65ca28d320d633ed3277d9f7de112c59d49b36bb4abff,MEMBER,youngamber@example.com,1,2025-11-09 19:43:51.000,2026-04-03 06:59:25.000,2025-11-27 17:05:59.000,1
1396,levinejillian,6bb93467e5ffef9cb278163c8f2e76420b0f159a8707ea0aa7dd193cd451dc1c,MEMBER,jenkinsmegan@example.org,1,2025-11-09 19:43:51.000,2026-03-19 02:55:55.000,2025-11-07 12:05:05.000,1
1397,ssmith,36a11cd78313574d805946b8430f20acbaa73d6ab024e65e8b7874012efcff78,OWNER,virginiabutler@example.com,1,2025-11-09 19:43:51.000,2026-04-05 08:11:43.000,2025-12-14 13:49:39.000,1
1398,dorseybrianna,269c1b62dfbe929923222e33af200ccbc813bdcbfe3241e46f3d043aeef110a0,ADMIN,xmckee@example.org,1,2025-11-09 19:43:51.000,2026-04-12 12:31:14.000,2026-03-08 00:24:59.000,0
1399,daryl28,0fbf7f9ee68b8b957f88aca0da5fce129b3fd1432d625c40b4319d1b05b90c1b,MEMBER,juareztroy@example.com,1,2025-11-09 19:43:51.000,2026-04-10 00:31:18.000,2025-06-17 18:10:23.000,1
1400,smcdonald,4d8586cc26ca43fb9ba6ef8286266e97d19da47d761bd48ed347efc0873d938e,MEMBER,heidimcdonald@example.com,1,2025-11-09 19:43:51.000,2026-04-17 20:00:14.000,2026-02-03 07:40:10.000,0
1401,mcontreras,b274cbecb82f329476521ac8014d765f5129c16aa667e841d020790ad26d4dd9,MEMBER,coffeybenjamin@example.com,1,2025-11-09 19:43:51.000,2026-04-18 06:11:02.000,2025-10-11 14:44:30.000,0
1402,jamessanders,8b5fe5aa265be7af9816cabeca26885d82aac55f821a7d17bee4f8990d77603a,MEMBER,floresrebecca@example.org,1,2025-11-09 19:43:51.000,2026-04-28 23:31:46.000,2026-03-03 08:10:26.000,0
1403,christensenleslie,d18ff70564379a7e2ecccccc3132565b14c6121a88dad0466034748678dc0eca,MEMBER,bakerbrittany@example.org,1,2025-11-09 19:43:51.000,2026-05-02 15:46:19.000,2026-02-24 05:29:54.000,0
1404,matthew67,27c5f8d3cb3712f71670e781ef7cfcbf7a3a1ec7f77b7168e16ea317eceb90f2,MEMBER,cassandra13@example.com,1,2025-11-09 19:43:51.000,2026-05-07 17:13:55.000,2026-02-04 14:04:43.000,1
1405,matthewowens,898483cc12df22245713d28e797b467c0e8d1e4d2813893f12c2be4652317d8d,MEMBER,hromero@example.com,1,2025-11-09 19:43:51.000,2026-03-30 07:15:36.000,2025-10-07 13:37:43.000,0
1406,destiny20,f51643d7f1b446a76dd351757dbfcf7b50957ec2935ef161ad28fd7de93d3393,MEMBER,stevenhernandez@example.org,1,2025-11-09 19:43:51.000,2026-04-03 04:42:12.000,2025-12-19 06:40:11.000,0
1407,megan31,1c8fa85fd3596099c05f8705d28fd92ca5a0e5ca3ab40c7f6009cbaf72030a80,MEMBER,andersonrobert@example.org,1,2025-11-09 19:43:51.000,2026-04-04 20:54:01.000,2025-07-03 06:36:19.000,1
1408,james80,c57c1f119c35068e8c30655dcbe673ccf50dee4da7b743cf5165e67be66924d4,OWNER,pooledeanna@example.net,1,2025-11-09 19:43:51.000,2026-04-03 05:42:10.000,2025-04-28 13:48:46.000,0
1409,angelafloyd,8af9382406dbc3c86377ebc914f4b29e815b614c9ef23dc8f6cbf22cd1f28a69,ADMIN,katherinegibson@example.com,1,2025-11-09 19:43:51.000,2026-03-10 17:14:04.000,2025-09-14 16:16:19.000,1
1410,tammy04,010cb94efdf66021349bfe2e4bc5ad20ffffac42b5f3e96f15fb8f36f9927bef,MEMBER,usmith@example.com,1,2025-11-09 19:43:51.000,2026-03-15 17:12:53.000,2026-01-11 05:32:33.000,0
1411,tbennett,dfcdc0a23d30a8bbc1308fc1576dc79f9625b8c2eb2ef4989dd25164f313058b,MEMBER,hunterstephanie@example.org,1,2025-11-09 19:43:51.000,2026-04-24 19:28:40.000,2026-01-03 06:44:52.000,1
1412,laurenwatson,24bbce5a639f5402ac786621733b767f51bfc4aa0dd456f701ba18415b797d4a,MEMBER,laneashley@example.net,1,2025-11-09 19:43:51.000,2026-04-13 02:42:03.000,2026-03-03 04:23:58.000,0
1413,joseph81,ef228342283650927616738ef00d76d20ae3ef42c51d7e7f96f96b33030a3266,OWNER,devincampbell@example.net,1,2025-11-09 19:43:51.000,2026-03-25 20:16:43.000,2025-10-04 22:06:37.000,0
1414,stephaniewells,57e72bbf33e0001eb969a1258fe6eaf007bdac649657e0507c1316dc7163608a,ADMIN,cynthia52@example.com,1,2025-11-09 19:43:51.000,2026-04-14 01:53:27.000,2025-12-22 16:35:34.000,1
1415,bryanblackwell,3be4cd7c2ec6c000fba191067a976ecaa99966100e4c6dad3d36e5ed3d5b15f7,MEMBER,jerry63@example.net,1,2025-11-09 19:43:51.000,2026-04-16 09:13:49.000,2025-04-17 14:43:02.000,0
1416,moniquejennings,a6c0e63eabc91f3a19da5a8396e2da75de2fabf1be93fe76f70cf694cad2d41d,MEMBER,scottchristopher@example.org,1,2025-11-09 19:43:51.000,2026-04-28 18:34:26.000,2025-05-29 15:58:25.000,0
1417,nelsondavid,57aed473ffa0ab6fd7c00ddb8d8f597d3172c8aa8017d028fa09319796a3de6d,OWNER,courtney89@example.org,1,2025-11-09 19:43:51.000,2026-04-29 22:54:36.000,2025-08-29 11:11:44.000,1
1418,hallbecky,ca5c54985a4276674d7effe1e96c3ae4d22b489f5cede70fda6b2e9ca51ad3e5,ADMIN,benjamindaniel@example.com,1,2025-11-09 19:43:51.000,2026-05-03 06:17:56.000,2025-08-14 04:18:25.000,0
1419,joseph51,6ac5b11fc6ff4b82f6c82f7964153a363e84caaffc6b18feae58b2dd8c63516e,MEMBER,bpatterson@example.net,1,2025-11-09 19:43:51.000,2026-03-16 19:53:59.000,2026-03-02 21:40:45.000,1
1420,brownjoseph,db2ee7c0b4e419d05f22f373f86a903ad1bfd5adc0a38919ab01ad1007253b5c,MEMBER,gtaylor@example.net,1,2025-11-09 19:43:51.000,2026-04-09 01:20:45.000,2025-04-29 08:11:37.000,0
1421,xanderson,5e422bdc57326fe3723ed7deff534e282d7839f68ca2e6913c139b4789933e9d,OWNER,johnruiz@example.net,1,2025-11-09 19:43:51.000,2026-05-06 23:48:00.000,2026-01-19 08:02:27.000,0
1422,jennifer31,1cd42d380248ffabb092b0558d91aea6e68c54482c1776b9fd87edf24bfe5324,ADMIN,erin47@example.org,1,2025-11-09 19:43:51.000,2026-05-05 13:01:31.000,2025-08-09 09:17:34.000,0
1423,barrybrooke,28232dcd2fbb4147ee6d17cb64b393624be43a8ec9f10e7a3f464b8353755bfc,MEMBER,samantha38@example.org,1,2025-11-09 19:43:51.000,2026-04-15 13:06:29.000,2025-07-07 18:23:13.000,1
1424,amy36,e952bf87c08af584f9331dad6fedb0f5f535dead5f2436793c1d0d5533f1bc53,MEMBER,steve11@example.net,1,2025-11-09 19:43:51.000,2026-04-16 14:43:55.000,2025-04-28 16:44:21.000,1
1425,holly43,d18c789fa2019938b43f06ada04ffc769a18419cb15632135f64b2823f48ae16,MEMBER,martinbilly@example.net,1,2025-11-09 19:43:51.000,2026-03-13 01:57:24.000,2025-08-20 11:18:20.000,0
1426,chungjonathan,758bc6e4a0eb76ba9f15fb29f68b3b399baab3f5524fe4d4ee48bd7f32f777f6,MEMBER,tinachang@example.com,1,2025-11-09 19:43:51.000,2026-04-30 14:18:16.000,2025-09-28 05:40:54.000,1
1427,stephanie10,5e47c68dd0962da02397f57f25c9996115ddebc0682423bd9a4d9b9227440207,MEMBER,jessicajackson@example.com,1,2025-11-09 19:43:51.000,2026-04-17 08:18:58.000,2025-11-02 23:52:07.000,0
1428,dgreene,08f958eae9fa955be3ecc47503e7c116a3fd964754bc578d4252616773c9720f,MEMBER,alexis51@example.net,1,2025-11-09 19:43:51.000,2026-04-22 14:53:48.000,2025-06-17 19:05:55.000,1
1429,dgardner,5f98f2091a353248ca1018396e1468ba9a012eddc7e6d8ab04748c5d73630545,MEMBER,reesebrian@example.org,1,2025-11-09 19:43:51.000,2026-03-26 00:42:21.000,2026-02-02 08:47:37.000,1
1430,kevingreene,17ef102968d1043ce61ede98ac0cc793d0715a77faebfe051f9bd533d1bac408,MEMBER,iwarren@example.org,1,2025-11-09 19:43:51.000,2026-04-05 09:12:41.000,2025-07-08 12:46:43.000,0
1431,joshuamoss,14355b7e0f231ef03e2bde13b3fc3cfc78bc2c5e8f52ea8f2d0fe1536ab9d4b4,MEMBER,zedwards@example.net,1,2025-11-09 19:43:51.000,2026-03-13 07:30:46.000,2026-02-18 10:02:50.000,0
1432,lanekathleen,970fb42e263f1b77a37246514c69c66e78752a74dc2ef881ba3157f449f98db0,MEMBER,gregorysimpson@example.net,1,2025-11-09 19:43:51.000,2026-04-22 09:12:05.000,2025-12-19 05:32:10.000,1
1433,alee,2b95ca88bb6c153fcc00fb442fb3db16b356227c9cdcd1f018c6e9e5bdcc3902,OWNER,john74@example.net,1,2025-11-09 19:43:51.000,2026-03-18 01:17:20.000,2025-04-10 10:32:41.000,0
1434,michaelarroyo,580361b599a5729beddd99cc70a35ba4af02d0f7539e4a65f1cc4c0e196b40b6,ADMIN,brownjordan@example.org,1,2025-11-09 19:43:51.000,2026-04-23 13:46:25.000,2025-09-18 03:13:07.000,1
1435,devinsims,b1055ccde822b35370e1b52b5c09edf5d2bcec3a3cbad79f8592df8b97c40cb9,MEMBER,jboyle@example.net,1,2025-11-09 19:43:51.000,2026-05-04 04:36:16.000,2026-02-11 16:08:44.000,0
1436,mario48,ca88ab15fe69ca9da438c5d1cf883949002d9b082716e5ed8164b11c76c02a60,MEMBER,stevennichols@example.com,1,2025-11-09 19:43:51.000,2026-04-12 17:56:15.000,2026-02-14 20:48:35.000,0
1437,carol98,ed11da3bdfd09d63e21c33852b59c178929761ae77b714e8865315dc877ceda8,MEMBER,molly70@example.net,1,2025-11-09 19:43:51.000,2026-04-24 23:15:13.000,2025-07-02 10:15:54.000,1
1438,elizabethparker,41ca0b8745dc5ea41555e561fb5e1305cef4ab0eae0d725650c950690ee9975f,OWNER,owensdavid@example.net,1,2025-11-09 19:43:51.000,2026-05-07 00:57:30.000,2025-06-10 06:59:42.000,1
1439,rodriguezdonna,6b213c3a70a207b4a6430ce807cf0ea761eb670edeb557dbc610a2e0ebcfea1f,ADMIN,collierjeff@example.org,1,2025-11-09 19:43:51.000,2026-03-23 17:58:25.000,2026-02-16 11:37:23.000,1
1440,cheryllogan,8883227fab9ab3904b3a2813a5860e8f26e6f238e58cfcd8dd21a8a7e9281cf1,MEMBER,amy68@example.org,1,2025-11-09 19:43:51.000,2026-03-31 07:04:35.000,2026-02-14 05:31:01.000,0
1441,jmendez,a30e5f8858d60512e7e193ee829a6fc6d82750ccb2a9e1b8e491e1e810da5198,MEMBER,mking@example.net,1,2025-11-09 19:43:51.000,2026-03-30 12:09:29.000,2026-02-24 13:36:24.000,0
1442,charles24,f040619475a118791624a39774dd71119f82a7c9b17cded160c13eadbbfedb1d,MEMBER,carolynporter@example.com,1,2025-11-09 19:43:51.000,2026-04-06 20:29:18.000,2026-02-13 01:24:43.000,1
1443,christinewilson,679f2971d577e755dba8a3164401350f350bdc59e4c65a5028dd67f98cc32c62,MEMBER,nathanbrown@example.org,1,2025-11-09 19:43:51.000,2026-03-10 11:03:16.000,2026-01-17 16:01:19.000,0
1444,davidrogers,b69aa3629e420fd4fba99182676b00415cee86255a5f960b6bc91f0cfb7dd2ae,OWNER,acevedojames@example.org,1,2025-11-09 19:43:51.000,2026-04-14 23:56:45.000,2025-04-03 23:31:14.000,0
1445,aaron08,ba2c64b6595e9cd350aafd22d05d8c55ef0b4c1cd949dfa543d64cd45c195ea5,ADMIN,gibbsmartin@example.org,1,2025-11-09 19:43:51.000,2026-03-22 22:54:18.000,2025-08-25 06:25:52.000,1
1446,carlosdillon,c4446f0ff703b39c748dde69f8878c3e819c558577b390a30d9a53d481d9f958,MEMBER,thomaslee@example.org,1,2025-11-09 19:43:51.000,2026-03-17 18:19:26.000,2025-09-19 09:02:06.000,1
1447,inewman,297932798c14ae611279691d554acb78e82ac59d8ed6ced53a0cd2f0acbf676c,MEMBER,stacy31@example.com,1,2025-11-09 19:43:51.000,2026-04-01 09:08:37.000,2025-06-07 13:17:25.000,1
1448,linda27,9626c672be9a053058d4918a6b6d4985e6765c345c141cc7e1421e186feb927b,OWNER,timothytodd@example.org,1,2025-11-09 19:43:51.000,2026-03-25 16:45:10.000,2025-04-20 13:04:26.000,0
1449,cooperamanda,5ea3a24ecef1977d3c7d7b36fa801595423c22239b6464efdc11a036b9e47805,ADMIN,elizabethlee@example.com,1,2025-11-09 19:43:51.000,2026-04-30 16:41:39.000,2025-07-22 15:35:44.000,0
1450,robertserik,bfc36bb4ab53f23281591e41ecc6aa11815abb4308104447fa1ba6c1cd07b909,MEMBER,hillamanda@example.org,1,2025-11-09 19:43:51.000,2026-04-30 16:04:03.000,2025-07-12 18:54:20.000,0
1451,christinegentry,97177f1985c524400b0c5d5459c94b19e416dc34cc2e21e1488c315e3890ede0,OWNER,byrdpatrick@example.net,1,2025-11-09 19:43:51.000,2026-03-26 21:47:10.000,2025-04-21 19:23:45.000,1
1452,anna85,387cf64c1a50b4331ea0257946de6f236e65cc8d3563c097920bfc591870b248,ADMIN,yjones@example.org,1,2025-11-09 19:43:51.000,2026-03-22 02:46:22.000,2025-06-27 20:45:30.000,0
1453,lynn32,73dac8a7efeb22c18bccab4cf03ed839f6d49f988007fc5b1492796aafcfb63d,MEMBER,psimpson@example.net,1,2025-11-09 19:43:51.000,2026-04-02 17:22:07.000,2025-10-02 10:39:16.000,0
1454,steven11,e01695cd54bb194833e2efe1dd0dde373bf0349efb3945110357de1bcc9eefce,MEMBER,amandachang@example.com,1,2025-11-09 19:43:51.000,2026-05-03 02:59:33.000,2025-12-11 17:36:33.000,1
1455,morozco,990d0cc31849308c033bb91477d32776f2bda5b836fa5ad95b7ee5f920c4059b,MEMBER,jennifer99@example.com,1,2025-11-09 19:43:51.000,2026-04-18 20:36:31.000,2025-05-31 17:31:38.000,0
1456,elizabethnelson,0de66a4fe05417287a59751dd8e0a3d9bf4b5dc428ef04cf04a615ed33d627ad,MEMBER,kennethferguson@example.org,1,2025-11-09 19:43:51.000,2026-03-14 07:59:16.000,2026-01-12 08:49:37.000,0
1457,johnsonchristopher,809d2a06907dded3b2e56d5ef11bbf0ae5b363ce0622a9a70880780920c7c0fc,MEMBER,longrichard@example.com,1,2025-11-09 19:43:51.000,2026-05-01 12:18:43.000,2026-02-01 20:56:35.000,0
1458,matthew82,91a29c302215d563770598d6e16dcc18b81d9a4b3b2f5c1e7154d97af593f0ec,MEMBER,bbruce@example.net,1,2025-11-09 19:43:51.000,2026-03-15 23:05:51.000,2025-06-08 13:45:20.000,1
1459,wardjohn,97588da4711ea0f6fa4556e5c35dcb6e89f734ec63a671199d545836799f78f2,OWNER,tylerrodriguez@example.com,1,2025-11-09 19:43:51.000,2026-04-28 14:34:01.000,2025-12-26 12:23:25.000,1
1460,davisdonald,a6c593837b9220bada59e99328870e3bc602acfd4b610f8f9df33eb18d010fe0,ADMIN,doughertyanna@example.com,1,2025-11-09 19:43:51.000,2026-03-23 20:29:44.000,2025-08-26 16:03:29.000,0
1461,oalvarez,370d610044d0fe9382beee6f1ec0e205f4513b5fbd4aacbaccf5c20b1aa5bf6d,MEMBER,amandajarvis@example.net,1,2025-11-09 19:43:51.000,2026-05-01 07:20:48.000,2025-10-04 04:54:27.000,0
1462,stokesmichele,9d017bfc0f86a44de04b9f0267fa1156cea890e6f93df4236990d73c1b1d8c07,OWNER,linda11@example.com,1,2025-11-09 19:43:51.000,2026-04-19 17:08:11.000,2025-07-21 02:12:52.000,0
1463,dianahall,76a7e29f617bf62352b2be46e6695428c67217ef7c4f708a9dcdeebed6862e7f,ADMIN,youngmark@example.org,1,2025-11-09 19:43:51.000,2026-03-30 03:07:46.000,2025-10-15 10:43:18.000,1
1464,bharris,609b6e7f3e5f7b71d24c8ec693c12130448b71f82856f0534959dae345904400,MEMBER,miguelross@example.com,1,2025-11-09 19:43:51.000,2026-05-06 09:47:45.000,2025-04-11 14:44:50.000,1
1465,smithjames,0a6b4f963f9070bfe7638dd22007a89afcfd8e07c7147571b397b30926bf92b0,MEMBER,garciataylor@example.com,1,2025-11-09 19:43:51.000,2026-04-02 23:44:09.000,2026-02-13 00:54:39.000,0
1466,xsimmons,7a8a6d16bd618b9fab8b79d21851cdf89f4c9af2324188442d827caf975bf031,MEMBER,richardstuart@example.net,1,2025-11-09 19:43:51.000,2026-04-06 00:52:37.000,2025-11-27 20:38:27.000,1
1467,andersonashley,523e0c13fc9857a62bd55a1dcaa454fb0bdabfa9769c7f93d2dd1ecd86bd1152,MEMBER,stevenhayes@example.com,1,2025-11-09 19:43:51.000,2026-04-30 11:25:57.000,2025-09-19 14:52:49.000,1
1468,utorres,700a082e9f3ff8f43b3df55536c099f3bc892e639f56be06ad21f982dd1c2d9a,MEMBER,eric39@example.org,1,2025-11-09 19:43:51.000,2026-04-09 22:03:01.000,2026-01-03 09:47:35.000,0
1469,wsmith,3afffb1eb05ce96bcf73f9091a8d1b1514aa2d6fd8581b601af579b9bc15b33f,MEMBER,anthonyperez@example.net,1,2025-11-09 19:43:51.000,2026-03-31 17:27:18.000,2025-04-04 14:06:10.000,0
1470,epierce,3638c40c8170c8ec989e6fe2252170bfc1b570f9fb7e540755dd6dbe86259cf4,MEMBER,nkhan@example.net,1,2025-11-09 19:43:51.000,2026-03-14 21:11:54.000,2026-01-14 15:41:06.000,0
1471,pamela00,4721fd4a7fcf89bd2a6e46338cc68e3c1e5cb373d2d79e1f8c600e2d0fdccbdd,MEMBER,bwilliamson@example.net,1,2025-11-09 19:43:51.000,2026-03-23 06:09:31.000,2025-07-31 14:03:00.000,0
1472,mking,991e2e619757d2cdb488afa1259f29fbda56cda61d5de8e67fae369f1e1364f1,OWNER,jeffreygarcia@example.net,1,2025-11-09 19:43:51.000,2026-05-01 05:29:59.000,2025-08-06 06:37:16.000,1
1473,kirkpaul,b93d036eb7a3ea1df49233fd837b5818f21420d1b78fad5037bbcf3748421e65,ADMIN,davidwilliams@example.net,1,2025-11-09 19:43:51.000,2026-04-11 03:59:53.000,2025-09-02 21:33:16.000,0
1474,joshuasmith,8dd59ca91e9895faae8159a1aa2e4ff76a1b1f26fec9d329e5ef122d9a43c66c,MEMBER,mbrown@example.net,1,2025-11-09 19:43:51.000,2026-04-20 00:38:50.000,2025-08-19 11:59:52.000,0
1475,bradcampbell,218a5a6551d89071594026dec487074aa0c5320492d22146963961d68c531677,MEMBER,uwright@example.com,1,2025-11-09 19:43:51.000,2026-04-22 18:30:57.000,2025-09-28 14:05:04.000,0
1476,laura11,acacc62a78288483fc41aca733e1696431a998d91778d149641bc162c8d52877,MEMBER,yatesjordan@example.com,1,2025-11-09 19:43:51.000,2026-03-14 04:29:44.000,2025-10-14 19:58:33.000,1
1477,svincent,3f5b4a73f57dc4080de1de8f62b6c7a09164430046a87e7f22d7e64c20f8b59d,MEMBER,rhenderson@example.org,1,2025-11-09 19:43:51.000,2026-04-12 21:27:33.000,2026-02-27 06:05:23.000,0
1478,bonniegarcia,be0a588ce2bc8f2c21b7372e3a735c880ced8ab8748d11ea4be4f47dfb4f236e,MEMBER,ypatton@example.com,1,2025-11-09 19:43:51.000,2026-04-12 06:34:08.000,2025-10-02 11:17:18.000,1
1479,dreynolds,b4c00d9951f7ab3872a651d039643e9de60de159366a0f285bac8a190b9cf5d4,MEMBER,nelsondavid@example.com,1,2025-11-09 19:43:51.000,2026-03-23 22:26:47.000,2025-11-01 18:58:36.000,1
1480,caseyfloyd,eb0795d8e69805e88f30c04e56aa62f34e7e3149ae7d6374a85adf00e77a2fba,MEMBER,parkerlarry@example.net,1,2025-11-09 19:43:51.000,2026-04-25 19:45:14.000,2026-01-23 23:14:40.000,0
1481,riverafelicia,a4996378a02bf0625d1e1c2c2f142439923e7dc1b118e3f0d8a89eb9175c25b9,MEMBER,pamela69@example.com,1,2025-11-09 19:43:51.000,2026-03-17 10:25:46.000,2026-02-10 03:23:33.000,1
1482,wmckinney,ff0b4a722e5b5060c6fd2d304f50618cd47c4ec1d341a8652f5a7fb59318fd0a,MEMBER,ricegina@example.org,1,2025-11-09 19:43:51.000,2026-04-26 17:24:19.000,2026-02-21 07:09:17.000,0
1483,andersonchristine,4859583bbe4e82c9b76f87ba68c4f8705abde70152a35e12b150a963eb73928e,OWNER,connorblack@example.net,1,2025-11-09 19:43:51.000,2026-04-14 17:10:18.000,2025-11-24 21:36:26.000,1
1484,morrispamela,dc9bede3d4c529d448174001324dc2ec8897db5f99954d42b555dfc2407b9075,ADMIN,znash@example.com,1,2025-11-09 19:43:51.000,2026-04-17 17:23:04.000,2025-07-14 04:31:51.000,1
1485,fowlerjennifer,c30f4a45664ac3fff057d9af7c59e42c95e1591ced8c30d368d769f3ef7726aa,MEMBER,susanwilliams@example.com,1,2025-11-09 19:43:51.000,2026-04-29 14:09:57.000,2025-10-28 03:07:38.000,0
1486,xclark,7d6cfe305cb36fae00a08fa4d257259b904fb5a5aed4a469293677cae3aa1e27,MEMBER,mortiz@example.org,1,2025-11-09 19:43:51.000,2026-04-17 15:48:02.000,2025-07-09 05:37:44.000,1
1487,cbarrett,5da30f68b5955fe22a73402e1da90ef7e748b2b117eaf8dbc5a60aa7b57925b9,MEMBER,tyler87@example.org,1,2025-11-09 19:43:51.000,2026-04-16 09:15:56.000,2025-09-23 09:12:56.000,0
1488,jeffreylopez,e856b0d260c602f62f92a81aef594448d3fbd18168decf6188a6c917515f286d,OWNER,qhouston@example.net,1,2025-11-09 19:43:51.000,2026-03-31 05:43:17.000,2025-06-03 16:42:57.000,1
1489,allisonjamie,fa528332a75da3e3d5ecb63458abd8b88a3a82ca3ff5f5dd44f98fe7e6c22d5e,ADMIN,hammondjonathan@example.net,1,2025-11-09 19:43:51.000,2026-04-05 16:14:41.000,2025-09-13 04:57:30.000,0
1490,brandonnicholson,44f9b6eada235b93401193a3dcca697da54b4b01bb1e0e0536f28ccee18a8d63,MEMBER,larryjacobs@example.com,1,2025-11-09 19:43:51.000,2026-03-11 09:29:04.000,2025-10-30 02:53:13.000,1
1491,mccoysusan,73b496aef75433c3f3fb42f7d60e5e6eb74a619ce676f0904a118c7e3987c533,MEMBER,barronjennifer@example.org,1,2025-11-09 19:43:51.000,2026-04-01 15:34:35.000,2025-04-30 08:08:39.000,0
1492,bmann,847e7d23411787da035e54e7cfc7545ceaf54a3a9cb4aa82eac9afd426327e4c,MEMBER,fthomas@example.com,1,2025-11-09 19:43:51.000,2026-04-21 23:40:46.000,2025-11-15 11:27:33.000,1
1493,uwolfe,63245903d314c5b9e0ac24d2fd7a9339a2a99bf04751944a5d8591fbc656b04f,MEMBER,zimmermanjames@example.com,1,2025-11-09 19:43:51.000,2026-04-08 12:23:03.000,2025-10-01 18:27:39.000,1
1494,lpoole,66092ebbc95a00a49cbdb49b204658bcefa488f5d1ddc7ae1c6ccbe54b4936a4,MEMBER,charleshall@example.net,1,2025-11-09 19:43:51.000,2026-04-11 08:10:38.000,2026-01-20 05:02:41.000,1
1495,emartinez,1e40d3685069ba5be22aac6bcb67c25e2008cec3728cb52698539c366680562f,OWNER,cassandra86@example.net,1,2025-11-09 19:43:51.000,2026-04-29 13:16:01.000,2026-01-13 10:01:05.000,0
1496,kwilliams,037d464897dfcdbed4366121c9c6947cca8ff86010f2fcd70ef020578f909fb9,ADMIN,collinmoore@example.com,1,2025-11-09 19:43:51.000,2026-03-29 00:41:53.000,2025-10-16 22:27:13.000,1
1497,dmaynard,596ffed1ce733e68fe56475e3e9edafc9e2d31e4a4d685e07a535f5b11a89ea6,MEMBER,qmurphy@example.org,1,2025-11-09 19:43:51.000,2026-05-08 11:22:02.000,2025-04-16 19:16:44.000,1
1498,simpsonstacey,695d9b0882225178b99f583512869f144a9ddb5dfd7b64b608c78ae524906de9,MEMBER,alyssa12@example.org,1,2025-11-09 19:43:51.000,2026-04-19 17:10:52.000,2025-04-04 01:04:21.000,0
1499,kaylee57,4e4dd086944f462cd80100ae1a6279d9f8360fb2dbd78423e8a5ae92f6c989ec,MEMBER,coneill@example.com,1,2025-11-09 19:43:51.000,2026-04-19 18:17:55.000,2025-12-29 05:45:27.000,1
1500,paul27,8e1d3acd0a560c54ed7da69023124090d8687a0a0c1b88c9b2fb149334f2c2e4,OWNER,nicolemorgan@example.org,1,2025-11-09 19:43:51.000,2026-04-18 15:16:18.000,2026-01-23 20:52:37.000,1
1501,xalvarado,41295f68473a92c51e1680f93db869f82591d2d7af35ccf51c474a9c6f8b75c3,ADMIN,bwalker@example.net,1,2025-11-09 19:43:51.000,2026-04-01 16:16:59.000,2025-10-31 11:10:13.000,1
1502,markkeller,10f009c7b70d4bfc286c65989b1cf1f22bad6bc34e0e06b6bfa2e249cad96d94,MEMBER,vstevens@example.org,1,2025-11-09 19:43:51.000,2026-04-12 23:22:10.000,2025-04-14 05:42:19.000,0
1503,amy78,7e95816fd19e9925d03ab4622cf87ccf5446d2039e3a617a8e1ec350e1d44494,MEMBER,josephbradley@example.net,1,2025-11-09 19:43:51.000,2026-03-19 21:32:06.000,2026-02-03 17:49:39.000,0
1504,amolina,78345547ed8f69f094a281832b3edddedf442cb3deb887c8ba1561e202828080,MEMBER,joneslauren@example.com,1,2025-11-09 19:43:51.000,2026-04-25 12:35:48.000,2025-07-29 07:36:13.000,1
1505,crose,1cb39cdd18249d5086627d5799ef4b2bbdcc8176cae500a60cdcff4630ed4195,MEMBER,fchavez@example.com,1,2025-11-09 19:43:51.000,2026-03-25 22:06:54.000,2025-06-04 21:23:17.000,1
1506,craigkatherine,78bcbd5d1d5df3360f6aca62dbef054f6ba4c5f3a2ba7f23be481e2bb739f52f,OWNER,porterkeith@example.net,1,2025-11-09 19:43:51.000,2026-03-18 05:50:27.000,2026-01-09 19:42:47.000,1
1507,ricardo78,5fc94faeace9fa178c526de271cd9d541d817b0bd238700d98c4e9a650eabe6a,ADMIN,ilindsey@example.net,1,2025-11-09 19:43:51.000,2026-03-20 23:07:22.000,2025-06-26 16:11:21.000,0
1508,joneswendy,ce8c595b7094b474556dfef282fe414a7f3194c6878975aed09ff80e8d5f75fc,MEMBER,molly39@example.net,1,2025-11-09 19:43:51.000,2026-04-19 20:00:27.000,2025-12-11 04:54:45.000,1
1509,millersteven,e09f5fc5e7a64fe49b731ac469c13c443e365a4534f2d4f0697d9dfd5ca53db4,MEMBER,michealcampbell@example.com,1,2025-11-09 19:43:51.000,2026-04-26 04:39:41.000,2026-01-11 03:02:49.000,0
1510,jerry45,9051f1fdc62d86042bcb33653c0b5e25395cd6f867513cd150028d7439860004,MEMBER,gparrish@example.org,1,2025-11-09 19:43:51.000,2026-04-30 19:11:29.000,2025-06-08 23:24:15.000,0
1511,nhaney,bf71bf9ad865a352742eac39d224c1c64b5405024ddd16cc6ef2bffc26b8bdf6,MEMBER,samuelbrowning@example.net,1,2025-11-09 19:43:51.000,2026-03-30 05:35:55.000,2025-05-29 17:24:38.000,0
1512,craig16,4a7326ede2fd7d8a271b262c6382061c0efb3eab05de5733d72fd6987529d29f,MEMBER,rodrigueztanya@example.org,1,2025-11-09 19:43:51.000,2026-04-19 21:21:59.000,2026-02-09 06:16:02.000,0
1513,anthonyrich,2f6c73f76c0dd3790e7549ba120ff5235b4f242c3e8b5ae810b8f2098c16a9da,OWNER,mercadomichael@example.org,1,2025-11-09 19:43:51.000,2026-05-08 04:26:23.000,2025-09-15 03:28:55.000,1
1514,patrick22,d975f843fb4366983bc69f9d102cf3ae5f7ce84d5db58d22f274a383390a7966,ADMIN,lmcgrath@example.com,1,2025-11-09 19:43:51.000,2026-04-02 04:00:03.000,2026-02-27 03:44:07.000,0
1515,tyoder,024d156b3f8e63066ee1b5f6f012892a4ca4f21024e2e5b8c66af0e83093eb55,MEMBER,krista92@example.org,1,2025-11-09 19:43:51.000,2026-04-03 00:59:20.000,2025-10-21 02:59:04.000,0
1516,robert46,de343cba431ceae1a68d3b42c5a98851a7cb83b458aaa56feabff61dea314bf6,MEMBER,nataliebray@example.org,1,2025-11-09 19:43:51.000,2026-03-30 10:07:08.000,2025-10-27 12:30:05.000,1
1517,masonchristina,5d4c23a1df663045eef44a559ba85f37393bd4f4fd0200b4f7c9fdbed398d347,MEMBER,longmatthew@example.com,1,2025-11-09 19:43:51.000,2026-03-15 22:55:43.000,2026-01-21 09:00:16.000,0
1518,ryanburton,c0ac964d4ceb91c3869f08398ed97447e94198749cb78ce4e5a44a9f7b60949f,OWNER,nicholaswyatt@example.net,1,2025-11-09 19:43:51.000,2026-03-31 18:29:20.000,2026-02-21 09:01:05.000,1
1519,williamslisa,34307134ac0df295ff2c3f824cf61a5c0e247d02d29face14caf11b06ec53935,ADMIN,matthew54@example.org,1,2025-11-09 19:43:51.000,2026-04-09 22:59:50.000,2026-02-22 22:48:14.000,1
1520,nboyer,c4b1b9abbb115ef973e12126fc03f9c9888cb4c0838c4008cbc2ea648b5f5a24,MEMBER,wigginsdouglas@example.net,1,2025-11-09 19:43:51.000,2026-03-10 18:14:29.000,2025-07-21 18:31:58.000,1
1521,christopher99,8110e95d1f365d47989a890973920ee95ad512bcb17870159acd2e12f62be76f,MEMBER,christopher28@example.net,1,2025-11-09 19:43:51.000,2026-04-25 04:51:19.000,2025-07-10 12:08:15.000,1
1522,carriewagner,6427b083258f38395652ed26c72f73085c4a07531389b6ec286c269d2c0e9c9d,MEMBER,jamesoneal@example.net,1,2025-11-09 19:43:51.000,2026-03-23 06:35:18.000,2025-06-08 20:04:21.000,0
1523,davisalex,17b166a7eeec8198abd0f1f1cde5e07f8e336520565670322676e5508ec447b9,OWNER,xvillanueva@example.com,1,2025-11-09 19:43:51.000,2026-03-16 14:44:03.000,2025-09-14 10:27:51.000,1
1524,hlane,44979ec45d159eb3bcab19508f3215dc2949475a8a75c437c8c0ab82b86af1e5,ADMIN,jacksontyler@example.net,1,2025-11-09 19:43:51.000,2026-03-19 17:03:51.000,2025-06-10 12:46:37.000,1
1525,payala,64afe207c40279bfda5236154fdd3b05d694ea8ed71cede34b757db667733586,MEMBER,zacharyparker@example.org,1,2025-11-09 19:43:51.000,2026-04-13 17:46:39.000,2025-07-04 07:51:45.000,0
1526,kimberlyadams,cfb4705a10a0fd11d12ae61e7f6f83187dc3c9ec5fbc9d367d85fdb008ddb279,MEMBER,gloverstephanie@example.net,1,2025-11-09 19:43:51.000,2026-03-14 23:35:07.000,2025-08-05 15:47:46.000,1
1527,hwalker,855d43842a996edd912ca9e6bf323b77f674bf84de28dcdf9f44eb3746df9bed,MEMBER,olsonderrick@example.org,1,2025-11-09 19:43:51.000,2026-03-28 06:38:48.000,2025-07-23 09:44:17.000,1
1528,cthompson,091c77d834a55bca52b2e7507528b1e45b775407892eaa936b2a697f636966ff,MEMBER,lmontgomery@example.org,1,2025-11-09 19:43:51.000,2026-03-16 06:33:48.000,2026-01-10 04:56:29.000,0
1529,gmoore,089eb7423ab007a49c1b7868e81eb2f6999a52b5f7dd7435e54a8bb8b51174ac,MEMBER,kristine03@example.com,1,2025-11-09 19:43:51.000,2026-03-16 06:07:51.000,2025-12-07 15:49:11.000,1
1530,wwilliams,dd94b7300c795f01aeab241d96310347dd289c2aea5c6d39719b316781f5b355,MEMBER,jason71@example.net,1,2025-11-09 19:43:51.000,2026-04-15 23:38:14.000,2025-06-15 17:47:11.000,1
1531,sweeneydavid,97cd78f868d064831f7c1f6d6c60b32f1a2a90a74ab444ede62d7d55039149bf,MEMBER,olsonbrittany@example.net,1,2025-11-09 19:43:51.000,2026-04-07 08:57:46.000,2026-01-16 10:04:27.000,0
1532,zthompson,d9d8fbf233cc2f81b6b5fb27c25fcfa146873f584e8ea35901550ba6b177176a,MEMBER,elizabeth75@example.net,1,2025-11-09 19:43:51.000,2026-03-24 02:39:54.000,2025-08-26 17:55:53.000,1
1533,qmills,3703d2430a7b5d631d8c54e03a981d6dbd24e0a72f6be706bf5b254940f47fd2,MEMBER,harmonroberto@example.com,1,2025-11-09 19:43:51.000,2026-03-12 13:40:17.000,2026-02-24 03:42:02.000,1
1534,fwilson,a564f44d6cdcac3d46d5946903cc53b73f5ba4bc5189f6a01716aeb58b86bdf0,MEMBER,robin90@example.com,1,2025-11-09 19:43:51.000,2026-05-05 23:39:46.000,2025-05-24 17:10:21.000,0
1535,brandycook,560f3e5e8dd093cff6eff248df812c9f561d10350d657e867bda2a578f5e7fdf,OWNER,mark39@example.com,1,2025-11-09 19:43:51.000,2026-04-25 09:39:05.000,2025-06-03 02:42:03.000,1
1536,josephfields,24dacad5591f9e5c5a4811e436bf769085463993ed071d7f6b98ee0befbcd3b7,ADMIN,cassidysmith@example.com,1,2025-11-09 19:43:51.000,2026-04-15 18:21:57.000,2026-02-20 03:12:29.000,0
1537,steven69,36bbcf163260763b8c0e726fe4c51fa1e5fd6cece61eb2fa386bd99cafd7a544,MEMBER,andrea68@example.org,1,2025-11-09 19:43:51.000,2026-04-20 14:05:04.000,2025-09-28 21:17:39.000,0
1538,kayla53,ed28532768ca6c3e9872fbaf9ef4bac6c10be46ab23a9861a1c8758df500bccc,MEMBER,aanthony@example.org,1,2025-11-09 19:43:51.000,2026-04-15 03:02:03.000,2026-01-12 16:36:50.000,1
1539,riverakatelyn,02e2e23aa3ad278e7d9c7dc01fc0db438cdd4ec8aa4a784e6d1a91cdcc8e7990,MEMBER,rconrad@example.org,1,2025-11-09 19:43:51.000,2026-03-10 05:25:01.000,2025-08-04 13:22:53.000,0
1540,terrybrandon,ddf827fa9bc76e4934f7951d4a0c5864cd16af8192b96c1f21b997c7f2aac2c8,MEMBER,vfuller@example.net,1,2025-11-09 19:43:51.000,2026-04-29 12:06:07.000,2025-09-29 22:16:51.000,1
1541,katherine81,5aa7f5f6bbad9106cc4e844ce9f60eb1606d015eaf598c3a4a6452a0e0f39964,OWNER,kowens@example.net,1,2025-11-09 19:43:51.000,2026-05-04 22:22:53.000,2025-10-10 08:10:07.000,1
1542,julie94,d0f9e481f7287340b9cb1b775107e703b6cb79329b2e459b76104aebd503a89b,ADMIN,scottdavis@example.com,1,2025-11-09 19:43:51.000,2026-04-03 18:53:25.000,2026-02-22 16:59:12.000,1
1543,ikeller,050f0adfe559f54feb6a20443a59d3937b0ad2c3a677a8807a88083e9f7daea5,MEMBER,olewis@example.org,1,2025-11-09 19:43:51.000,2026-04-26 08:38:11.000,2025-09-03 17:55:58.000,1
1544,thomasbrown,2b27c2833c02c4f3a83f0443a463e96eb27c9ce2434dadbaf4ffeecabadccd25,MEMBER,ericksonchristopher@example.com,1,2025-11-09 19:43:51.000,2026-03-26 14:15:56.000,2026-01-22 02:29:13.000,0
1545,colemanjeffrey,d9459ad406033c774217aaf2e01448322e502d9959876f3687d2804dd24a2908,MEMBER,michael02@example.com,1,2025-11-09 19:43:51.000,2026-04-08 09:14:09.000,2025-07-27 16:55:03.000,1
1546,rodriguezshannon,9767c01c1487653365fc2d24133eae976194df9a302859457c5a9772ef961ab7,MEMBER,moranjames@example.net,1,2025-11-09 19:43:51.000,2026-05-07 19:28:21.000,2026-02-01 12:00:21.000,1
1547,dawn04,6a92ea7f3590f329bb7735d2e027f8a1be640ad5a7e077c8fd87664e55f75142,MEMBER,scherry@example.com,1,2025-11-09 19:43:51.000,2026-04-11 07:16:26.000,2025-07-28 06:20:46.000,1
1548,gregory57,ac3d22f2f308c12163199bc1bfe1f7c787ec5d8a2d780c2ab43132f40a1a9173,OWNER,laura01@example.net,1,2025-11-09 19:43:51.000,2026-04-21 13:59:04.000,2025-10-29 11:05:49.000,0
1549,anitaperry,b8a95f898cfb80d487a6304b0c15ea74250dbe4c3793db9fe35ecf6b6c8e646e,ADMIN,callahansteven@example.org,1,2025-11-09 19:43:51.000,2026-04-08 22:39:20.000,2025-07-16 08:47:28.000,0
1550,antonio76,870540af242d5689a914efa465937a79ba83c7dd247793983225a59cb8a60ffc,MEMBER,georgelarry@example.org,1,2025-11-09 19:43:51.000,2026-05-06 21:07:27.000,2026-01-05 01:03:38.000,1
1551,rossphillip,145b6cf7fd9ba689eb1453c4e360ebe92796b8c085d348a0b2ea8d0c73ae1972,MEMBER,johnmartinez@example.net,1,2025-11-09 19:43:51.000,2026-05-07 22:41:12.000,2025-04-12 10:57:36.000,0
1552,blevinsbrian,9676ddda0752d5fbeec68b0bb2694ee7121e98b57e9d9171e5be6a74accfe082,OWNER,ygriffin@example.org,1,2025-11-09 19:43:51.000,2026-04-26 22:03:56.000,2025-08-08 11:21:36.000,0
1553,dianamiller,3e1ea8d4eb76e0cb4c968fcdf67754fa57da0b708e86b3712900b56e8af95331,ADMIN,davidchambers@example.org,1,2025-11-09 19:43:51.000,2026-04-14 00:02:52.000,2026-01-27 11:32:16.000,0
1554,richardsondanielle,3bcf2a6b1abec5e3b08ec10281176cc6e869321bbc27213d940ae8e7b4732e2c,MEMBER,jamesarcher@example.org,1,2025-11-09 19:43:51.000,2026-05-06 07:54:54.000,2025-05-18 09:44:04.000,0
1555,solomonsally,3466d878f4cc16e7cc71b615175eeee8d497ba571399054781784e3ceff827b6,MEMBER,brian28@example.org,1,2025-11-09 19:43:51.000,2026-04-26 18:44:25.000,2026-01-24 02:34:09.000,0
1556,collinsvernon,cccda7ecd2b344ed0fbb89625cd26d82dfc08d9e7ba31f6e3b9390f411fcaad6,OWNER,richardbell@example.com,1,2025-11-09 19:43:51.000,2026-03-30 05:13:47.000,2025-04-15 07:27:05.000,0
1557,scottdyer,26c9426791d9c579ca1f2dc8a3362a6731d5575d97b44bbe98945947f7eda25b,ADMIN,harry79@example.com,1,2025-11-09 19:43:51.000,2026-04-16 19:51:09.000,2025-08-26 13:18:10.000,0
1558,rogerjordan,a4dd7501479cd328026e5af187554deccf8b7ce77a6d94056c0025570a207009,MEMBER,bennettdaniel@example.com,1,2025-11-09 19:43:51.000,2026-04-19 17:48:12.000,2025-07-09 08:25:56.000,1
1559,zsparks,df4d3d19a56322d21968c4297c679f840188eb7d0021cf46d0d927b72406498d,MEMBER,rileytorres@example.com,1,2025-11-09 19:43:51.000,2026-04-29 21:20:48.000,2025-09-29 06:01:57.000,1
1560,moonmelissa,c0b4b5ad0a163b909af23a4e1ed9a5d766feb35791e5bc71de90bb11276891b2,OWNER,ambergamble@example.com,1,2025-11-09 19:43:51.000,2026-04-08 19:07:57.000,2026-01-17 22:31:18.000,0
1561,jenniferglass,13c172016adfffa3c666c2851a5de1425a1f1184b4d4080a55d059bf364ec148,ADMIN,seanbrooks@example.com,1,2025-11-09 19:43:51.000,2026-04-04 04:57:18.000,2026-02-03 10:30:00.000,1
1562,jeffreykelly,50567a7c604fe345595b03519158265974dd20fb2054930492f5ca9432519714,MEMBER,sosacrystal@example.org,1,2025-11-09 19:43:51.000,2026-04-21 23:36:37.000,2025-07-12 07:54:11.000,1
1563,ronaldbennett,8be6a5136469e7c132552ecb915929d62bac2171a4578a1917d8efc02fec851a,MEMBER,nathan30@example.net,1,2025-11-09 19:43:51.000,2026-03-18 19:18:20.000,2025-04-05 23:40:20.000,1
1564,michael53,031986e6898d48102dfed9fb57c1c8ec89b8d435d3b5488a6f78d682884184da,MEMBER,zrodriguez@example.com,1,2025-11-09 19:43:51.000,2026-04-29 13:55:04.000,2026-03-04 15:37:01.000,0
1565,lori49,f54a26e7b6635e3cbf42803dc7ea4aff94a37ade345e5e7965bbeb537a87dd03,MEMBER,cartersteve@example.net,1,2025-11-09 19:43:51.000,2026-05-03 23:26:17.000,2025-07-10 17:06:11.000,0
1566,heatherflores,a1a79347052bd7156da29eb3eb9b20f58cb86deafdacf41ddc389aac3690f9c2,MEMBER,snash@example.org,1,2025-11-09 19:43:51.000,2026-04-10 08:55:21.000,2026-01-02 15:40:13.000,0
1567,josephdavid,aadb8873110c63c2ac3672bf8cb60b8a005aff68816b64450dae3beb6ec6f08e,OWNER,bretthorton@example.org,1,2025-11-09 19:43:51.000,2026-03-17 20:17:45.000,2026-01-13 04:15:15.000,0
1568,howardnatasha,d8429ac142723c7e42310750daf6a3710a39a65ec3df145d0eceb695a2de9929,ADMIN,hhicks@example.com,1,2025-11-09 19:43:51.000,2026-03-21 19:59:29.000,2025-05-22 12:20:44.000,0
1569,solisbrandon,711a362f5f275fabf663848bb1e2cf557170f4fe4a688c2dba107456b6e8f01a,MEMBER,karina77@example.net,1,2025-11-09 19:43:51.000,2026-04-16 10:29:02.000,2025-11-02 00:07:28.000,0
1570,housewilliam,b8e6f2c0d2f83c217538f529872853fb6a84005f11ee8753be362ad7cc97384c,MEMBER,carolstephens@example.org,1,2025-11-09 19:43:51.000,2026-04-01 10:50:09.000,2025-04-06 13:56:53.000,0
1571,vazquezandrew,e44c80f2a4b54a389136c9ab1b9bc1796b8af42532dff5513d522ec484f46993,OWNER,donnaburke@example.org,1,2025-11-09 19:43:51.000,2026-03-25 13:34:22.000,2025-05-28 06:33:41.000,1
1572,kendra89,8563ccd2e60d576e00533dec63f4e9b3fed974c2cdf3539e6fcd1923cce9fd22,ADMIN,williamskimberly@example.net,1,2025-11-09 19:43:51.000,2026-03-30 12:32:27.000,2025-10-01 21:02:16.000,1
1573,morenokayla,b32eb94aa5b4efc71c69ca7d530a036a239c439c9c1490c6534fcf18686730e9,MEMBER,mitchellchristina@example.org,1,2025-11-09 19:43:51.000,2026-04-03 01:31:38.000,2025-11-29 22:03:03.000,1
1574,david03,1b1f22b2845f6a2a84be6e4129be740bbc7c3b50fc431fb7365f13d18663cd15,MEMBER,bruce97@example.org,1,2025-11-09 19:43:51.000,2026-03-20 10:31:34.000,2025-06-04 05:57:32.000,1
1575,steve05,0b3345b7dbe15c9898ab26f30e31e2496d39e0e6c408a19634a3b7c5c3b89d5f,MEMBER,robert52@example.com,1,2025-11-09 19:43:51.000,2026-04-07 15:02:43.000,2025-07-21 21:51:27.000,1
1576,xwashington,494005a0f541f14262b66f452bee431f357a76a3a9784eb7b64d9299b3e48130,OWNER,mccoyveronica@example.net,1,2025-11-09 19:43:51.000,2026-03-17 23:05:27.000,2025-05-26 10:31:52.000,0
1577,shellywolf,1e53bab4cbbf7ddc67d40c8853b55911adf1c38c245ae4d48e443ff2516ebd86,ADMIN,rsmith@example.org,1,2025-11-09 19:43:51.000,2026-03-29 08:21:22.000,2025-10-31 03:36:03.000,1
1578,lhernandez,832e81719f7de43dae6519d956545a7c447ad3cd7eef9aa577d6ef2252de9010,MEMBER,philliphernandez@example.net,1,2025-11-09 19:43:51.000,2026-04-01 18:24:19.000,2025-11-13 10:22:56.000,0
1579,sandra65,0b00e245890fc45c28396f5764fb7dfc564f9f4074221d05bbb3e866d4850925,MEMBER,kimberly35@example.net,1,2025-11-09 19:43:51.000,2026-04-22 14:17:30.000,2025-08-15 06:29:40.000,0
1580,aaronphillips,6acc63d70d5b1f1b46a4972ef4b1196e9abbfbf92598d9b41447afffad581340,MEMBER,dillon91@example.com,1,2025-11-09 19:43:51.000,2026-04-21 22:04:01.000,2026-02-24 08:11:29.000,1
1581,michaelnicole,9bbc08bba27e6b3296a0f151dd18d798071100dc89df021b63fbf1a0c4170a58,MEMBER,donaldsonbrandon@example.org,1,2025-11-09 19:43:51.000,2026-03-20 08:31:17.000,2025-09-06 06:12:41.000,0
1582,dwilliams,e6fd26a600a6ee7b26cf000cf0d7e4b05e141edbaf96d7a830a38ca5738e78b3,MEMBER,deanna69@example.org,1,2025-11-09 19:43:51.000,2026-03-21 17:18:48.000,2025-12-27 11:22:40.000,0
1583,robert40,2ff710a63b031fab8fa0b6f00426a816f1c849ff7b0226ea5345fe9043ba6772,MEMBER,lindahughes@example.net,1,2025-11-09 19:43:51.000,2026-05-04 08:52:32.000,2025-11-12 15:45:46.000,0
1584,matthewbutler,e2f39e8ff7f4659270a5358ba45293d5274db316185824cd35856d769f8309b6,MEMBER,ywu@example.com,1,2025-11-09 19:43:51.000,2026-05-06 05:21:57.000,2026-02-12 16:36:06.000,1
1585,cathyjames,cab73a119ec3604bceaddccbc454c11eaecd5a885f36f6e0845ceb65d311d58b,OWNER,faithwilliams@example.com,1,2025-11-09 19:43:51.000,2026-04-13 10:06:14.000,2025-10-13 13:25:39.000,0
1586,cbarker,5ad50c920104e5018e5b93e7d4b80ab95a7ed0e96cb17ca75e9c346fe0f098ef,ADMIN,james74@example.com,1,2025-11-09 19:43:51.000,2026-04-23 06:45:47.000,2026-01-28 13:14:59.000,0
1587,iwilson,3fb1751850a37b7c21c185726afa3e178f475ce77636df433b5a5ea2b71fedef,MEMBER,dmoody@example.org,1,2025-11-09 19:43:51.000,2026-04-22 18:58:12.000,2025-12-31 14:51:32.000,0
1588,hillkristen,8aab6a21d17c4824a344e37ef24238d28c80f99ae61e06fbfa68596475c5fe96,OWNER,marcuscameron@example.com,1,2025-11-09 19:43:51.000,2026-04-12 00:14:50.000,2025-05-22 17:44:03.000,0
1589,skramer,e30e7f0e1d5b78d4d91d2ddea26c09a8e852f90e400d3953eadb2c45055ca2f8,ADMIN,laura93@example.net,1,2025-11-09 19:43:51.000,2026-03-29 07:52:42.000,2025-08-05 11:27:36.000,0
1590,tkirby,bf2c11da3755b403b83babe23a6e2f830c1285ffb86b32a228b1ceb7a68d7264,MEMBER,jeremiah01@example.net,1,2025-11-09 19:43:51.000,2026-04-26 04:23:50.000,2026-01-19 18:14:04.000,0
1591,audreybrown,1b132274332635bac56bca81a61b73f1f90b4c9882275381e7cbd88e38c3155c,MEMBER,kimberly16@example.com,1,2025-11-09 19:43:51.000,2026-03-29 00:49:27.000,2026-02-17 07:39:04.000,1
1592,brownjacqueline,91bc2a073ca7beee4b6247bfbf01a452bd13e5e6971784f78d8163e9c94f13cb,MEMBER,kimberly61@example.org,1,2025-11-09 19:43:51.000,2026-04-03 21:28:17.000,2025-09-17 02:48:47.000,1
1593,tammy73,ba471ec83bab3bf66850fbd6fcee8947f1210cff07aefeb1806ccd742afa0515,MEMBER,jameswashington@example.net,1,2025-11-09 19:43:51.000,2026-04-23 01:10:34.000,2026-01-28 20:58:57.000,0
1594,rachel60,beff9bce311dc9fd058d47c92491f238b5a5a154e19cbc4f4b7123272007554e,MEMBER,ashley21@example.com,1,2025-11-09 19:43:51.000,2026-03-19 12:22:46.000,2025-08-15 11:16:42.000,0
1595,vmyers,42b8e413505e0df05538096b278e0301eb4c765c289206acf35fdc9e266b5ac7,OWNER,logan85@example.org,1,2025-11-09 19:43:51.000,2026-04-30 17:57:16.000,2025-10-17 05:01:11.000,1
1596,robertstokes,bde82bc3e49c8a3f23e9e61c0cc93f1846214c5b0ee443b6faa9b7cf9f410250,ADMIN,swest@example.net,1,2025-11-09 19:43:51.000,2026-04-15 11:52:38.000,2025-12-06 07:58:25.000,0
1597,eric07,71beb54bd965a092f9c7d1dbfbd37644e13edac25126ce99e473eb44b0055c69,MEMBER,wjones@example.net,1,2025-11-09 19:43:51.000,2026-05-02 10:02:32.000,2025-10-26 01:10:02.000,1
1598,yortega,c838741b787fb360db365150180b31813a966247e60bab72045d38e1b62f7cc9,OWNER,sdavis@example.org,1,2025-11-09 19:43:51.000,2026-03-20 06:46:00.000,2025-04-27 13:58:18.000,0
1599,claudia27,43a924d12c955acd1fca5eb49024754e8bd8ebaf60655c4ded438c97dd06727e,ADMIN,ywashington@example.com,1,2025-11-09 19:43:51.000,2026-03-29 16:31:44.000,2025-11-16 12:10:13.000,1
1600,ygarcia,6d9e315e38387a5095d2f497714595a1cb7debb089f1ff14fc1bde3e99c9bf80,MEMBER,leeerin@example.net,1,2025-11-09 19:43:51.000,2026-04-24 09:45:52.000,2026-02-07 10:44:41.000,0
1601,swansonjillian,afef0780eac22bf6329807bb4a722a6ac8bf8718fb3f2d98abf22de363562d2e,OWNER,wagnerjorge@example.com,1,2025-11-09 19:43:51.000,2026-05-02 13:04:55.000,2025-07-23 23:02:43.000,0
1602,jonesethan,fc59eb22f9e5f56882970c9be7849a9e1939c297dbd5c81fd5b8531895f6d7a3,ADMIN,nancy16@example.com,1,2025-11-09 19:43:51.000,2026-03-17 15:53:35.000,2025-04-13 08:51:01.000,0
1603,debraedwards,d5b132653f395609dc0c57d2ccb64c1618639273ddf44b192adb1652c352ecba,MEMBER,manueljones@example.com,1,2025-11-09 19:43:51.000,2026-03-17 21:43:20.000,2025-08-05 16:28:41.000,0
1604,cynthiawhite,4dc3c919a5b6dae6eec3349d806322820af03598806c3e1ff8fc0bba3413684e,OWNER,ericaellis@example.com,1,2025-11-09 19:43:51.000,2026-03-12 01:57:25.000,2025-04-18 22:34:12.000,1
1605,icohen,dd32c78dd99189cc3ecd2c72cf3c9ed5ebcdf998d644966bc1cd5e1289358a73,ADMIN,mayoanthony@example.org,1,2025-11-09 19:43:51.000,2026-04-15 05:12:21.000,2026-02-17 07:54:08.000,1
1606,keithtaylor,ff00cd58fefca490d370c839497f119a292fc0a4327f7ec4881bfd8fd02f0a6f,MEMBER,richardrodriguez@example.com,1,2025-11-09 19:43:51.000,2026-04-09 22:32:57.000,2025-09-22 20:00:01.000,1
1607,gomezmisty,937a756c04a2450f476c5474945282e8094bd10c46894931931c0deac67e042c,MEMBER,pmiller@example.com,1,2025-11-09 19:43:51.000,2026-03-30 18:44:29.000,2025-06-14 10:06:37.000,1
1608,stacey81,638bc3233fbb9e11be8885ae09ae25fb299ce9484cfc0f47ee35d3103cbc6ca1,MEMBER,angela48@example.net,1,2025-11-09 19:43:51.000,2026-04-18 20:42:42.000,2025-08-03 07:49:23.000,0
1609,kdoyle,c64df1e686caa6402e211724906ed953e5539cea88c3fbf6241001c85c2d3af6,MEMBER,angela62@example.org,1,2025-11-09 19:43:51.000,2026-04-17 01:37:33.000,2025-08-15 21:35:32.000,0
1610,dakotaedwards,cb3b8d72617e8bbab8bb08306265c4af398bf6f375c4e4d019e6fe25c42d3651,MEMBER,stephanie21@example.org,1,2025-11-09 19:43:51.000,2026-04-26 17:50:50.000,2026-02-11 11:43:04.000,0
1611,llopez,8c5c396235bc0d0b0eb8f1073927be45eaa49d76c4902e83eda16546f2d488bc,OWNER,sanchezcollin@example.com,1,2025-11-09 19:43:51.000,2026-05-07 12:02:10.000,2025-06-23 03:50:08.000,1
1612,ijackson,888acdb75d18281f7d1e8bf77f73bca0f5689d7077119f8ff425afefd6637b48,ADMIN,usmith@example.org,1,2025-11-09 19:43:51.000,2026-04-17 13:07:00.000,2026-01-05 19:27:37.000,1
1613,jamesbecker,c9686acbb71d640165589156a7028b2c4a143f3adbc2a442e8b61a235b674d0c,MEMBER,alexanderrachel@example.com,1,2025-11-09 19:43:51.000,2026-03-16 09:22:59.000,2025-04-26 09:37:25.000,0
1614,williamsmatthew,f6dde0b1dd735454caa11fbda2ef2d257bfd53c53beedf664ef12ec0d5e83158,MEMBER,malloryerickson@example.org,1,2025-11-09 19:43:51.000,2026-05-06 01:37:35.000,2026-01-25 07:18:17.000,0
1615,hicksann,d1d7218206b947b3b49bdfc8577157c6e9996970e697462dc48420e95ff161ac,OWNER,jennifergraham@example.net,1,2025-11-09 19:43:51.000,2026-04-13 10:52:56.000,2025-12-24 18:10:12.000,1
1616,caroline12,e9df23f84c7b55124bb89948da4a5a613781a16faa07afe50ce9e29f252f40a3,ADMIN,ewhitaker@example.com,1,2025-11-09 19:43:51.000,2026-04-18 15:54:10.000,2025-05-05 06:19:38.000,0
1617,erinmay,0539ba6f62f23b1f6d868b1eec2838d6efa6cdcd28edd194424ca93b73602e36,MEMBER,villajudy@example.net,1,2025-11-09 19:43:51.000,2026-04-07 12:00:21.000,2025-11-12 02:22:09.000,0
1618,barrlisa,f16f44a470c0051a46e4864759e229464737dca72579a27f634ca8fa91471878,OWNER,garrett83@example.org,1,2025-11-09 19:43:51.000,2026-04-13 09:57:42.000,2026-03-07 03:54:24.000,0
1619,amberpugh,d3d7a6e8ee3b92e9363469f99e18e134098056c7681768043bd3cf1021abac01,ADMIN,cartercandice@example.org,1,2025-11-09 19:43:51.000,2026-03-22 10:43:53.000,2025-10-22 14:34:05.000,0
1620,copelandmiguel,16889f24f6c3b9ab911fec3687167d4d6003977a18708fb44817ef824ecb17e4,MEMBER,burkejacob@example.com,1,2025-11-09 19:43:51.000,2026-04-15 08:15:17.000,2025-05-12 23:31:09.000,1
1621,morgancurtis,6695e5529cd13c87c3f0c29c7fc3aeab4401d2ea2db33479c43f2353a5a51d07,MEMBER,ooneill@example.net,1,2025-11-09 19:43:51.000,2026-03-12 17:27:02.000,2025-05-25 03:20:01.000,0
1622,sarah28,dc60c5127ab29b8551374932b3ae8eda895e849cab42516c44ebba387741274b,MEMBER,ernestsmith@example.org,1,2025-11-09 19:43:51.000,2026-03-16 18:08:12.000,2025-05-27 08:09:07.000,1
1623,joseph24,18ec223a8ae61e38f54ac4f09a4fb7605e29480cb8963794b51826050c0c779b,OWNER,lbyrd@example.com,1,2025-11-09 19:43:51.000,2026-04-18 10:23:38.000,2025-04-22 00:19:08.000,0
1624,hansenarthur,f1d0747226dd9ed0b73c5e9b819e547546027b9991c9bcc1bc9b3ce22882d3a1,ADMIN,johnsonjennifer@example.net,1,2025-11-09 19:43:51.000,2026-03-16 18:40:32.000,2025-08-11 21:36:01.000,0
1625,nstein,b7b96e0af5d45ced2c36a5fb7856a4603cd0ada8bbbdcbcb0a7a65493e2e0631,MEMBER,jessica35@example.net,1,2025-11-09 19:43:51.000,2026-03-17 14:12:52.000,2025-06-04 06:17:59.000,0
1626,christopher86,24ecb1f6e3a9ebc6b70aca53791edf87eddb3cd818dd2c7e8b9975c2a152d63e,MEMBER,brittany22@example.com,1,2025-11-09 19:43:51.000,2026-04-15 20:56:32.000,2025-04-14 16:10:35.000,0
1627,saunderscindy,9dd128db6e9b6dc6be411c77718974c732a656e4b4c67b8a8ae5a1b774846b83,MEMBER,estradatyler@example.net,1,2025-11-09 19:43:51.000,2026-04-22 04:50:59.000,2025-11-14 19:20:49.000,1
1628,josephjonathan,11716263f391b3c947f2e503f866435b2743eb5e573c5036edec386ba2b71e09,MEMBER,ssanchez@example.net,1,2025-11-09 19:43:51.000,2026-05-04 18:23:25.000,2025-06-10 03:00:49.000,0
1629,morganjohnathan,5f920b26ddfadb82293d66d0903ee5db5a186cd03b77edf0e6635d9c5b3d7a58,MEMBER,pvalencia@example.com,1,2025-11-09 19:43:51.000,2026-03-12 01:02:38.000,2025-10-15 06:18:10.000,1
1630,andersonpaul,4635d77f024b141e1f1f2e98ff2f69c6fedfea8ed2f673257490aa27d88e45b2,OWNER,petersonpatricia@example.net,1,2025-11-09 19:43:51.000,2026-04-10 23:47:04.000,2025-11-14 08:04:57.000,1
1631,robert29,61f7a96abf9e5a3094323fc255ee1c3c120ea5962988565bf983d0fc746fd072,ADMIN,alyssa76@example.com,1,2025-11-09 19:43:51.000,2026-04-17 20:37:59.000,2025-11-15 23:18:15.000,1
1632,brettjohnson,4cea8a95132a6346e92c969ba3e6b2f7f1fba8a2946de27f3f129bc08e04491a,MEMBER,andrewgonzalez@example.net,1,2025-11-09 19:43:51.000,2026-04-25 10:06:18.000,2025-05-09 01:20:53.000,1
1633,jim67,f818ca396b8b8cb129798737ca63b26b0086a99f84ab1c1baa8c43820d32626e,MEMBER,jenniferwhite@example.org,1,2025-11-09 19:43:51.000,2026-03-20 09:22:06.000,2025-05-04 10:57:02.000,0
1634,emily60,8d0501bc6b32c707b11892b4fae27d3059ec777a42d074f8e64154da997a889f,MEMBER,thomasgreene@example.com,1,2025-11-09 19:43:51.000,2026-04-26 05:05:46.000,2025-11-22 01:21:04.000,0
1635,edwardsheather,4a5082371331da5a81b90fc9850b4b417ffdd00af55b8807e928525d3f86bffe,MEMBER,rachaelrowe@example.com,1,2025-11-09 19:43:51.000,2026-05-04 03:18:31.000,2026-01-21 04:03:23.000,1
1636,williamsjohn,1f48a9901ab2cbab4b8c8539f3c4174c819116943ff20defc52a157b6298b7d3,OWNER,barrerajoseph@example.com,1,2025-11-09 19:43:51.000,2026-03-27 00:35:51.000,2025-05-17 14:47:57.000,0
1637,anthonybutler,0b5a6f9ea28ef6c7b903edf6920b8adf23e90245676b7eb3ee36cf497c93b8ff,ADMIN,bartonmegan@example.com,1,2025-11-09 19:43:51.000,2026-04-20 20:37:54.000,2025-08-06 12:13:29.000,1
1638,ulewis,1cd4080f5309d2975f75073280fe193c60bef4657b9631949329823ee2156933,MEMBER,ilewis@example.com,1,2025-11-09 19:43:51.000,2026-04-22 02:47:51.000,2026-01-14 07:14:33.000,0
1639,brownjon,ab10628e959535a573bb09d0bb7c739670a727031a0b4016fef397bc9aca9886,MEMBER,jeffrey37@example.com,1,2025-11-09 19:43:51.000,2026-04-27 10:47:59.000,2025-12-10 01:21:15.000,0
1640,guerrawilliam,9089c1f0aa58709f054e687dc6e0419e23918ebc01b67b54202ef6667368a4fd,MEMBER,matthew20@example.com,1,2025-11-09 19:43:51.000,2026-04-27 03:27:08.000,2025-06-15 19:00:54.000,1
1641,tcox,b50b8dcfac57791a991b038ce528f8241780713d77b67afa613abbeec17cfdc8,OWNER,gardnermatthew@example.com,1,2025-11-09 19:43:51.000,2026-03-10 20:20:18.000,2025-05-06 20:37:20.000,1
1642,gabrielburns,3637cff948642e0205822ccd8ffa98e11e7026e088cf89001d21fc07138ee83a,ADMIN,ubeltran@example.net,1,2025-11-09 19:43:51.000,2026-03-16 22:35:14.000,2025-07-06 11:30:01.000,1
1643,michellewillis,837814eb46409975f4189e85c258b5da4fcfdeafcfd1d9e173e90d07e4e9d812,MEMBER,michaelwood@example.org,1,2025-11-09 19:43:51.000,2026-05-04 22:22:26.000,2025-10-07 17:14:30.000,1
1644,cindy84,6a395c67ec0fd05d48d2d4e10f3e0b939e7b9aa7aee80fc8e96398d8eaa845d2,MEMBER,ochristian@example.net,1,2025-11-09 19:43:51.000,2026-04-02 01:32:30.000,2025-12-19 02:19:10.000,0
1645,vthomas,2d937dde47a404bf691dd226741382861dfc16dc289193c610a19d654466b344,MEMBER,robertsoto@example.com,1,2025-11-09 19:43:51.000,2026-03-22 13:01:44.000,2025-04-13 00:23:41.000,0
1646,lisajohnson,e51d1e123d285ac5525e761f480e7edc8b4c931b6b4f9ac7ec77c88550f6a4eb,MEMBER,patrick66@example.org,1,2025-11-09 19:43:51.000,2026-05-02 02:35:53.000,2025-12-24 12:27:45.000,0
1647,sarahlivingston,4c388790a7b3209c9745572894947b86567fc053b1d54b1d479da13ec944e694,MEMBER,joshuawallace@example.com,1,2025-11-09 19:43:51.000,2026-03-18 06:32:55.000,2025-09-14 15:38:48.000,0
1648,norma61,d61e3600ba49d09e633d483b9994c6a1ee8c1bf305fe5e23d22b44bd3c6aedc0,OWNER,susandavila@example.com,1,2025-11-09 19:43:51.000,2026-04-15 16:15:09.000,2025-09-13 18:54:16.000,1
1649,desireewillis,1a30457003a35efe12cde5b49dc053f4dc7cd13951c3e7f530e1ca758f2f08e8,ADMIN,rlewis@example.net,1,2025-11-09 19:43:51.000,2026-03-26 11:57:04.000,2025-05-30 09:09:42.000,0
1650,hardingsamuel,4e56e41c255927687a94271573608c1fe508f70cda78b9703336aa71271769b0,MEMBER,usanford@example.net,1,2025-11-09 19:43:51.000,2026-04-05 09:48:57.000,2025-12-05 03:33:30.000,0
1651,osanchez,664ddcfae7ac398af0254c0c029dde19670679f81c45abed068cd8b95ec30595,MEMBER,xgregory@example.com,1,2025-11-09 19:43:51.000,2026-04-04 16:41:25.000,2026-01-21 21:21:34.000,0
1652,frodriguez,94c354f95ac9ac8411f5463633a5b151d97cc75057576094324ea8ce0c552774,OWNER,williamlopez@example.org,1,2025-11-09 19:43:51.000,2026-03-17 09:51:57.000,2025-07-08 11:56:41.000,0
1653,gloveranthony,1c46f2720f71a5cba35c30fc68f63ef8648ab226eedf31beca1c1d1ebb25e426,ADMIN,davislisa@example.org,1,2025-11-09 19:43:51.000,2026-03-30 08:46:22.000,2025-07-01 13:59:44.000,0
1654,wilsonamanda,9459c683ba3c5fc4185eb7ddc4523a8dc9470c66f0da7c46b37c88cfe6e19453,MEMBER,hrichards@example.org,1,2025-11-09 19:43:51.000,2026-04-28 11:42:58.000,2025-11-22 12:49:56.000,0
1655,brian81,04767de473ecbfbc11896db1a11a425f291d6efcc00fdf6905990938d601b14a,MEMBER,tmoody@example.net,1,2025-11-09 19:43:51.000,2026-03-23 03:10:33.000,2025-12-01 08:02:15.000,1
1656,wwalker,9c942c21745860b1e26140dff64c0f2127d65086f6cfabc3869dc3738da2b9c9,OWNER,kathleenhuff@example.com,1,2025-11-09 19:43:51.000,2026-03-17 07:17:28.000,2025-10-30 07:24:37.000,1
1657,ozhang,1956412942ca41719821a16422cf8e98638ca0add7f4512527c9d5b034c0f6f0,ADMIN,john32@example.net,1,2025-11-09 19:43:51.000,2026-05-06 05:13:08.000,2025-10-12 17:27:56.000,1
1658,bautistaangelica,3e7eb39155422668033a9c2a40872af8cddfb49f10967efb0e0442cfe079434e,MEMBER,harrismary@example.com,1,2025-11-09 19:43:51.000,2026-03-31 22:27:57.000,2026-02-01 10:57:28.000,1
1659,mullinsbrian,e2febd68826c7f42923de49e575a98e849c4d8d57123c71099fa9422c8e8d91c,MEMBER,ijames@example.org,1,2025-11-09 19:43:51.000,2026-04-16 04:42:58.000,2025-08-07 22:10:37.000,1
1660,frazierkimberly,b4c1227ff982677235d70508ce3e0cf282b0fd3ea0f238b4864287d61a22bfcf,MEMBER,nathan22@example.org,1,2025-11-09 19:43:51.000,2026-04-01 03:22:02.000,2025-08-26 09:07:08.000,0
1661,margaretthomas,d2cbd0402999da226234579653f366d250a721c459f0efeb28163d4c7ee54880,OWNER,vaughanchris@example.org,1,2025-11-09 19:43:51.000,2026-04-29 07:36:15.000,2025-05-20 08:30:05.000,1
1662,alexanderhowell,73aa9a875e199813ec7d65a0f3816ccaabf0c8ce749afdc73479a0d152b8ab12,ADMIN,psmith@example.org,1,2025-11-09 19:43:51.000,2026-04-06 12:38:41.000,2025-04-04 18:01:27.000,0
1663,evanvance,1e7c5b3f646dff09bba4ffdd1ebfde57a23f72f8c10ac02c0008f8970895e000,MEMBER,derek85@example.org,1,2025-11-09 19:43:51.000,2026-04-12 02:50:47.000,2025-12-21 08:03:03.000,0
1664,rbender,8ec44fead730acbe8d824e1027a41835e99c33d67ab5ab01a390fd719f5f9edf,OWNER,robertacarlson@example.com,1,2025-11-09 19:43:51.000,2026-04-27 04:30:36.000,2025-12-10 07:03:52.000,1
1665,matthew31,11ac97602289326b1b97e791702d7a1109283e2d1b3427f6b6f626941d68414e,ADMIN,mark03@example.org,1,2025-11-09 19:43:51.000,2026-04-12 01:15:55.000,2025-05-07 22:48:31.000,1
1666,joseph18,2345ecd773758da1c493c3893c6f1cb5230473b4ba6dc25915cef93107db0cb8,MEMBER,peter93@example.org,1,2025-11-09 19:43:51.000,2026-03-26 09:24:56.000,2026-02-18 12:19:17.000,1
1667,cooperemily,4b677e4cb87d96dcdbbcaf0ad330f95ee14562e527906b5239a0b1ab733ead04,MEMBER,cmeyers@example.com,1,2025-11-09 19:43:51.000,2026-03-19 12:49:47.000,2025-09-26 08:34:29.000,0
1668,jennifer15,a151d1457fa2592a87e1eb54d3cd56002c85d71019f7dd59813ba22b0988e36f,MEMBER,cwright@example.com,1,2025-11-09 19:43:51.000,2026-04-09 19:59:51.000,2026-01-05 00:23:38.000,1
1669,ecarlson,a01605fadde8fe5205b76d19406cd76202366dd94177d408bdeed01350a5639a,OWNER,johnsonjustin@example.org,1,2025-11-09 19:43:51.000,2026-04-14 09:17:13.000,2026-01-24 02:08:27.000,0
1670,richardschelsea,c34427d78d6335aa82664cfe71b644883d98c86b112d834c90c3e0d42a583229,ADMIN,ianderson@example.com,1,2025-11-09 19:43:51.000,2026-05-07 06:34:50.000,2025-11-29 06:50:58.000,1
1671,helen64,279bb45508615fd53cb2bc738d9e3b3a4a714a75881a239928abc15eeb726931,MEMBER,estesmary@example.com,1,2025-11-09 19:43:51.000,2026-03-14 21:19:02.000,2025-09-23 15:58:24.000,1
1672,christianpatton,c3e37d4e868c2c33c0f8425e98364f536d451da7f25044b1e215e3252886f5e3,MEMBER,cpeterson@example.org,1,2025-11-09 19:43:51.000,2026-04-05 23:59:52.000,2025-06-26 15:11:43.000,1
1673,jaclyn39,4cc760b0ab96c8c7b99a52011754213e1758cc99afae56ec8d5a2f7b5b3ef082,OWNER,michelle11@example.com,1,2025-11-09 19:43:51.000,2026-03-14 14:30:35.000,2025-04-20 01:45:56.000,1
1674,rioswalter,9ffdf4bfa21298ca8369c52ebadd30c3bceeedc445f474c15720cad3cffdfb2e,ADMIN,gsmith@example.org,1,2025-11-09 19:43:51.000,2026-03-31 11:44:43.000,2025-10-01 06:11:42.000,1
1675,escott,722efca660c5a294daa55f2f320d0a598537dc868403d20e357224ec818f0a47,MEMBER,jennamelton@example.com,1,2025-11-09 19:43:51.000,2026-04-08 08:15:30.000,2025-06-10 15:36:22.000,1
1676,kristen12,de22b0524e67665873c58a0b7bc9172d1a2cd71bf589a4bfc50607612b64123b,MEMBER,xgonzalez@example.org,1,2025-11-09 19:43:51.000,2026-03-20 07:42:10.000,2025-11-29 04:53:57.000,0
1677,moodywalter,bb2fc06a87adb53bad8c062a0a3e4e3cb952b003b821ae4cd325febd705e9a34,MEMBER,andrewcaldwell@example.net,1,2025-11-09 19:43:51.000,2026-03-10 20:49:46.000,2025-08-29 18:06:54.000,1
1678,opaul,1ff53bd4695c0db83ce716ab23599dfa2300e4d1f532bd5f89daf595b5b3ef09,OWNER,mshields@example.com,1,2025-11-09 19:43:51.000,2026-04-04 09:02:20.000,2025-08-27 20:19:40.000,1
1679,hdaniels,ffb4b518ea992c369ce487448d72d96a9c045a724f3ca33479a023c7be20c801,ADMIN,alucas@example.org,1,2025-11-09 19:43:51.000,2026-04-08 14:13:17.000,2025-06-12 08:57:21.000,0
1680,christopherboyer,edfea00817f221b95cd94922cd5a0677ddf60aaf45dac7e2537d801a61c61210,MEMBER,smithcourtney@example.com,1,2025-11-09 19:43:51.000,2026-03-29 20:20:57.000,2026-03-09 17:45:43.000,0
1681,jonathan12,9ff771b0973c6f24464a258212e79f28e8d7696ac390e84a2d46d711a7ee00ef,MEMBER,alvarezheather@example.com,1,2025-11-09 19:43:51.000,2026-04-15 05:45:25.000,2025-05-27 01:27:36.000,1
1682,margaret35,acfb92292751d02a07f3b9c5b3c4f2bab14e5cb04f34068a19af45bb2470c537,MEMBER,wendymiller@example.org,1,2025-11-09 19:43:51.000,2026-05-04 03:21:59.000,2026-01-13 20:30:34.000,1
1683,gregoryray,bc34c8de626b224c76be4c38557637930856b00cb7a3686008c78a79d36bcf8e,MEMBER,ihawkins@example.net,1,2025-11-09 19:43:51.000,2026-04-05 00:44:08.000,2025-05-24 10:51:55.000,1
1684,barreramarc,a6bbd385a4bac88de2d4fa0efadfffdea0e2a6b809caac5dcec5d38e9be0ffef,MEMBER,margaretwilliams@example.net,1,2025-11-09 19:43:51.000,2026-04-13 22:20:34.000,2025-09-29 04:35:48.000,0
1685,wrice,bbedd62211ee9d3695ed3cab492049a90fc61d6365e16ef31b9703609d1d8cfa,MEMBER,tsalinas@example.net,1,2025-11-09 19:43:51.000,2026-04-20 18:58:41.000,2025-09-12 07:45:30.000,0
1686,heathmelissa,193b3949d48f18776db72686a34bfb3cb12fff8220986295250935305171bd6f,MEMBER,huynhamanda@example.com,1,2025-11-09 19:43:51.000,2026-03-13 06:38:50.000,2025-07-03 06:19:35.000,1
1687,amanda37,3644535c0d29b766fbbb088f2c81503d28bdd22fec1ab6cb081554b9ecc6a0f1,OWNER,joseph65@example.net,1,2025-11-09 19:43:51.000,2026-05-06 17:26:50.000,2025-11-02 22:43:33.000,0
1688,tiffanywarren,2f13bac03bbea72f071069f36f18aa9c8e1bd2c02c6f1cd4cef5552d2fbdfa96,ADMIN,fclements@example.net,1,2025-11-09 19:43:51.000,2026-04-24 03:04:09.000,2025-12-30 03:46:28.000,0
1689,erikapowers,896ba93237fd5c220c185c7b21d574f3a6680d00c3c373978630d255ff3f8e60,MEMBER,carolyn01@example.org,1,2025-11-09 19:43:51.000,2026-04-05 15:18:43.000,2025-09-15 22:39:53.000,1
1690,carlosmunoz,f8e370874a17eebaadfea07ba673df2778363b31a1f31679f804d982a0b117dd,MEMBER,xgonzalez@example.com,1,2025-11-09 19:43:51.000,2026-03-17 06:45:23.000,2025-06-28 14:38:04.000,0
1691,nicholas04,f6326b19bc441b32f7d659d5e98b4e9552dab11706639566753ae87b0ead42ac,MEMBER,michael79@example.org,1,2025-11-09 19:43:51.000,2026-04-23 18:19:24.000,2025-07-02 03:18:55.000,0
1692,jnelson,b5a025285df376d762a0a4fa1064c90d2b8cf23d546f58b1fd5e06af6d6ac10e,MEMBER,rosejoe@example.com,1,2025-11-09 19:43:51.000,2026-04-11 10:54:54.000,2026-02-17 22:10:47.000,0
1693,usmith,91439fe8cd6b5fae191f8802daad92478c7f713f05e5e1a702c08c2dbf40d62c,MEMBER,kathleen78@example.org,1,2025-11-09 19:43:51.000,2026-04-28 01:19:09.000,2025-10-12 05:09:52.000,1
1694,kimjoseph,ed30ec4b5bb5cc9e7d14483d33036711209777a6f6d04faca4b7fe39ed92bb85,MEMBER,jgonzalez@example.com,1,2025-11-09 19:43:51.000,2026-04-13 06:32:02.000,2025-07-19 22:30:51.000,0
1695,faithmiller,312aea54b012aff312e887091fa293243c323e6bbd4eb91ad597a9b4dfbc7997,OWNER,kanechristopher@example.org,1,2025-11-09 19:43:51.000,2026-03-25 03:40:55.000,2025-10-27 19:56:25.000,0
1696,anthony58,a033260b4af68fe93dd95735f24c9fadca7fab6d2dfc81f51af1092deb0e0a52,ADMIN,gregoryrobinson@example.net,1,2025-11-09 19:43:51.000,2026-04-27 07:00:31.000,2025-07-14 00:22:56.000,1
1697,freemanjennifer,6e5aa69086593f672db8c2e6c4e68a34a147763da8fb8865248c09c73b11a00a,MEMBER,cjones@example.org,1,2025-11-09 19:43:51.000,2026-05-04 13:52:00.000,2025-08-16 02:55:57.000,1
1698,martinezandrea,30d2de7502c530270780c2347249eae31a41fe6ac31202d4cf084d22e9e63978,MEMBER,mark81@example.com,1,2025-11-09 19:43:51.000,2026-04-17 03:43:13.000,2025-11-10 03:37:49.000,0
1699,hmartinez,e9c1cea47be1a7105a8a93f022b2a7200fe24c59c915b265250a2549e65d5596,MEMBER,rwilliams@example.com,1,2025-11-09 19:43:51.000,2026-04-06 14:48:27.000,2025-08-31 02:06:44.000,0
1700,karen19,3d3fcb652229fe3b8b282f418e3762c2686522550f6eb85e1f97f86cd05771ce,OWNER,ellen04@example.org,1,2025-11-09 19:43:51.000,2026-04-12 05:09:04.000,2025-07-12 07:28:39.000,1
1701,fbooker,1d429556ed7103178182da7cb8b185aac10f5a762459022c3c6d9e0a18a312b8,ADMIN,amandamartinez@example.com,1,2025-11-09 19:43:51.000,2026-05-03 07:21:35.000,2026-02-22 16:13:10.000,0
1702,martineztravis,cb3361912b1269406b56696cd4c3ee89be3fac3d9556ef51f8135abb1b2f138d,MEMBER,wblevins@example.com,1,2025-11-09 19:43:51.000,2026-03-22 19:10:45.000,2025-07-10 06:50:09.000,0
1703,lukebrooks,972cc8d168d4f5d27ab74708aedb5384ef35e280055d5ee49de86cfc2522f280,MEMBER,ushields@example.com,1,2025-11-09 19:43:51.000,2026-04-07 22:09:42.000,2025-10-14 23:14:13.000,0
1704,kristingregory,b99785f43ff8a37605347246e08c643143d8abe51f1d601e3ac0d31bf75abb66,OWNER,whitebenjamin@example.org,1,2025-11-09 19:43:51.000,2026-03-29 03:52:15.000,2025-06-05 01:08:09.000,1
1705,bradykatherine,03aa3d18f296ac3c2fa9398dacd55e3de0f7cea1239b3e54b4b4f24e4c014aab,ADMIN,hodgecraig@example.net,1,2025-11-09 19:43:51.000,2026-04-13 19:03:17.000,2026-02-07 21:24:11.000,1
1706,christianflowers,b46eac015a9a06f27cc2778315b6b00d44795c1be8bccde47c265b5622bc3979,MEMBER,adamwallace@example.net,1,2025-11-09 19:43:51.000,2026-04-27 05:49:48.000,2025-04-26 14:24:53.000,1
1707,thomas64,64f356805169e3ccdc10ee978db0e9fdcb5bc4bb037d65b4f2e6121641449b27,MEMBER,brendansmith@example.net,1,2025-11-09 19:43:51.000,2026-03-19 17:32:11.000,2025-08-28 06:57:10.000,0
1708,patrickharris,7245dd80abf1121a4af16bce7e7e83a59c5e550783bce488817d619388d05ee1,MEMBER,brendan11@example.org,1,2025-11-09 19:43:51.000,2026-03-11 09:36:46.000,2025-09-09 16:38:29.000,1
1709,freed,7ac8da423524e50fc4a4b56c10a4c0df1a2c2709d5f5ff6281cd3e35853fda40,MEMBER,lcraig@example.com,1,2025-11-09 19:43:51.000,2026-04-28 00:15:45.000,2025-10-04 14:37:17.000,0
1710,dixonsonia,3b4bc3ee03db2a67d136d70063fa6b6c6cbd271fe6a71c9d6a1effd07bc920e2,MEMBER,shepherdanna@example.net,1,2025-11-09 19:43:51.000,2026-03-16 03:55:34.000,2025-08-21 11:23:05.000,0
1711,wbowman,b0c9830d027f0d3d551379a1f081f129dcf483568d7f4704f762eedad7d0393a,MEMBER,ejohns@example.org,1,2025-11-09 19:43:51.000,2026-04-18 11:13:10.000,2025-11-13 23:19:26.000,1
1712,carpentercindy,2abfda858034b945eb54936fd37dc7ba8c488ec0b96775f5adccdac2fafd8ebb,MEMBER,shawn24@example.net,1,2025-11-09 19:43:51.000,2026-03-15 12:38:35.000,2026-02-14 07:47:01.000,0
1713,rosaleserin,51344d062f195592f3df1848106021fb51969f7ff47181218565eed0ca478f7c,MEMBER,melissa31@example.org,1,2025-11-09 19:43:51.000,2026-03-23 22:26:03.000,2025-11-22 11:59:43.000,1
1714,swright,34aa13dfcdd7a3e7f15ca1b45bde2db5f0076d5061ba2d08b454e98ec98c982a,MEMBER,jamesgonzales@example.org,1,2025-11-09 19:43:51.000,2026-05-02 20:55:46.000,2026-02-02 22:53:49.000,0
1715,valdezmichelle,ff9011d5aea793829bbcb805245164a487c3e787d9bcd3831f9e335a23ea3505,MEMBER,megansmith@example.org,1,2025-11-09 19:43:51.000,2026-05-07 09:11:13.000,2026-02-25 01:53:16.000,1
1716,stevenhernandez,85171c1d7d55116de4db409ff472225407f94502e4c0bad655b8eacc46f55d23,OWNER,rdavis@example.net,1,2025-11-09 19:43:51.000,2026-04-28 01:01:58.000,2025-04-27 19:54:12.000,1
1717,shannonmurphy,9fd1f5160ce18dc937d5d9a36d9889e6ef363c25a730b0adcefc7ba6d9b51816,ADMIN,spencemark@example.net,1,2025-11-09 19:43:51.000,2026-05-02 11:19:35.000,2025-07-16 05:18:06.000,0
1718,elizabeth05,406139211de3791d68959ed3b4ceccdbd7a6b3fd755c807d676e5740b477b657,MEMBER,aguirrekaren@example.org,1,2025-11-09 19:43:51.000,2026-03-19 11:09:44.000,2025-05-14 16:54:46.000,1
1719,heatherdonaldson,5ee620ee1e8cc18c834be32dcc1065e2bb0534adaed4b4e044f8e092ae4e7781,MEMBER,gilmorelevi@example.org,1,2025-11-09 19:43:51.000,2026-04-10 03:20:00.000,2025-12-10 13:17:12.000,0
1720,alvarezjennifer,e57b5067c2e915354e3e32964a1391529485e2eff2cef5fc9020792a3cd8dd4b,OWNER,gregoryburke@example.net,1,2025-11-09 19:43:51.000,2026-04-01 06:00:06.000,2026-02-14 20:59:15.000,0
1721,xmcdaniel,b4c80cc4507149f963d7d0eae3a288f62e5b535b861bdc95fc5e43338f15db88,ADMIN,victoriagarza@example.org,1,2025-11-09 19:43:51.000,2026-03-13 12:35:59.000,2025-04-12 13:23:07.000,0
1722,sydney99,41fedadee1ea453e26c5bbdbdc27085b329302eb05717e033589cef084974578,MEMBER,kellyhorn@example.com,1,2025-11-09 19:43:51.000,2026-04-03 22:47:05.000,2025-07-21 16:32:51.000,0
1723,robert23,3b725f7fd895f13ed97b88567210d276d7e0411d56ec15a720994c4bfe5301e6,MEMBER,rebecca23@example.com,1,2025-11-09 19:43:51.000,2026-04-28 13:13:05.000,2025-06-03 23:08:36.000,0
1724,bowenrobert,6a68cfb8c87585d8b3248fa7e1b7a54fc85d654d0acb40ce1881a1cd0152428e,MEMBER,moyergary@example.net,1,2025-11-09 19:43:51.000,2026-04-01 15:17:26.000,2025-05-02 18:22:32.000,1
1725,leesanchez,457f436092160a243ee829e0cffeeff244bb2691830326c686a8663c691f2ecd,OWNER,pricemichael@example.org,1,2025-11-09 19:43:51.000,2026-04-09 11:25:27.000,2025-09-20 17:09:18.000,1
1726,tiffany24,4d7499386f18be97d35275bc5e6fa9e04bee5fa8a71e019651cd783d019f378c,ADMIN,ireynolds@example.org,1,2025-11-09 19:43:51.000,2026-04-26 07:26:16.000,2025-10-24 18:55:43.000,1
1727,chloehendricks,d7e894b1500c8411389c01cb43f441c70795330752b041b7f6782d1e7b7528f2,MEMBER,amynguyen@example.org,1,2025-11-09 19:43:51.000,2026-04-12 09:40:58.000,2025-09-22 09:58:27.000,1
1728,christinajohnson,f865fa405443f42573eea02acccce536830ffd5d2cd16b09c8f98aba3324ceef,MEMBER,montgomerylindsey@example.net,1,2025-11-09 19:43:51.000,2026-04-22 09:28:00.000,2025-08-15 03:18:13.000,1
1729,yoderjason,fc87ced2334b4fc55725c13d3c891f95c23fb387229c2ed699258ca7606c2c16,OWNER,sarah06@example.org,1,2025-11-09 19:43:51.000,2026-03-12 09:50:41.000,2025-08-02 09:36:12.000,0
1730,ryan68,3bb9d7ca9f1c2fba0f5bc4ae97234d90f18004862c9f77ca27985031e7a28d00,ADMIN,paynebreanna@example.com,1,2025-11-09 19:43:51.000,2026-03-25 08:11:20.000,2025-12-28 13:58:22.000,1
1731,zavalaandrew,b41ff5229827dabb9a2ee58a159bac23b03b314db434861534fe6f51129a2f24,MEMBER,owiggins@example.com,1,2025-11-09 19:43:51.000,2026-03-16 13:43:14.000,2025-08-27 01:16:19.000,1
1732,charles88,2ba1f8b76a8bdb8dfed44f59652e249c58d2c14c26f2c33df68728d855886bd0,MEMBER,mooreedwin@example.com,1,2025-11-09 19:43:51.000,2026-05-02 19:08:10.000,2025-11-08 05:07:03.000,0
1733,kellyramsey,5d2b2e8493fccbd87bfe5440ba47f261d715f16a57f7d981b842995529f205b2,OWNER,matthewthompson@example.net,1,2025-11-09 19:43:51.000,2026-05-02 10:44:57.000,2025-11-24 17:43:23.000,0
1734,nicole82,6ea17b14778f3730d994a1dabc85ff5f09f93f2f03d4936b96fa99ad9dfac079,ADMIN,elizabeth69@example.org,1,2025-11-09 19:43:51.000,2026-03-29 19:41:34.000,2025-08-10 03:12:27.000,0
1735,annafrederick,80d4bf5681b2f47929dc4625b86869667108362dcf281aae078c4b29eaea306e,MEMBER,dmarshall@example.com,1,2025-11-09 19:43:51.000,2026-04-25 13:32:06.000,2025-09-07 07:17:06.000,1
1736,matthew85,9526161cd087ede7eeb45f727f47bbe311aa8faeb0089f7cc644f18a69518a64,MEMBER,castrodavid@example.org,1,2025-11-09 19:43:51.000,2026-03-20 17:24:54.000,2025-11-07 10:07:10.000,1
1737,hgutierrez,8037d3b445bb27844673c3771bab4f7d4df944a4a18ce50745c2daf6dc98bea0,MEMBER,brettjohnson@example.net,1,2025-11-09 19:43:51.000,2026-04-20 22:37:36.000,2025-07-09 01:20:13.000,1
1738,barbaraallen,897327158aeffc930d19e25a0e7b7580358904d9b26904f4138c2a7d3d91317a,MEMBER,craigjoshua@example.org,1,2025-11-09 19:43:51.000,2026-04-01 20:18:11.000,2025-06-27 08:45:18.000,1
1739,sonyawhite,5dbc4fbe6ac578bd606f223bcfffd18f641182184f4dde6f2820e39a8183e31c,MEMBER,richardnorton@example.com,1,2025-11-09 19:43:51.000,2026-05-04 22:55:56.000,2025-08-27 18:53:10.000,1
1740,olynch,8344aceebf66e53dd638eef42ef48a8e85fbc8dfbb3514453c0cd0118f5d1838,MEMBER,fclarke@example.org,1,2025-11-09 19:43:51.000,2026-04-06 00:08:13.000,2025-07-19 00:51:47.000,0
1741,qwright,c2720fdcb7d6d68349f74778083b3a43d556df00bce8b859e1ebf0f17cab8ac5,MEMBER,dboyle@example.net,1,2025-11-09 19:43:51.000,2026-04-05 11:00:49.000,2025-05-25 19:47:48.000,1
1742,harveyandrea,e2fbe14f1fa6ac1cdfa374bca6e72f6143aac16aee00d499e9ab779acd390d4c,MEMBER,jamesflynn@example.com,1,2025-11-09 19:43:51.000,2026-03-15 22:54:46.000,2025-05-22 05:13:21.000,1
1743,hawkinscarlos,f1e443efcac9ec442ee86d8e19fb56c18dc58e1d9f4ff5c71d49e99dc9fc232b,MEMBER,mmitchell@example.net,1,2025-11-09 19:43:51.000,2026-04-13 14:55:37.000,2025-06-25 11:54:02.000,1
1744,joeljohnson,4f0eaf130e96b094dfeaaf3c1da601aa7cca7b7396d871072f17ed2059ee2d06,OWNER,michaelsmith@example.com,1,2025-11-09 19:43:51.000,2026-04-08 23:22:41.000,2025-10-15 22:30:46.000,0
1745,davidgordon,34dc557cdc9cadf70efba904ad1d17ebc46213123241514705586bc5c8e4c468,ADMIN,hodgessusan@example.net,1,2025-11-09 19:43:51.000,2026-03-25 18:39:11.000,2025-08-17 20:47:46.000,0
1746,kristyrodriguez,7a0bb3b570c32c6fd233374e9b58c166b95486b07604ae86eeaec2703f6ac7a6,MEMBER,uspencer@example.com,1,2025-11-09 19:43:51.000,2026-04-15 16:00:23.000,2026-01-28 03:15:30.000,0
1747,ijohnson,d7612147451838d09790bc1a09fe3d0ec4b5fea0e9af33d9f4a6610f2b3555a4,MEMBER,jennifermeyers@example.net,1,2025-11-09 19:43:51.000,2026-05-07 22:08:55.000,2025-08-16 04:28:09.000,0
1748,george04,3140d324f2dde4292452128044987ab49356bd4f2f381ce8d412c637448c492f,OWNER,tuckersarah@example.org,1,2025-11-09 19:43:51.000,2026-04-13 08:48:40.000,2025-08-26 07:01:57.000,0
1749,daviesdavid,fc62f06f7d3013bedfc33142af1537dc4d125ef876972c2530f0c113861b4d9b,ADMIN,twells@example.net,1,2025-11-09 19:43:51.000,2026-03-15 04:09:09.000,2025-04-28 22:22:18.000,0
1750,thomas75,ed7e69c8a9d551814ef99b858ef7c71edd2bb72a1761481354178c515ba68e84,MEMBER,johnwalter@example.com,1,2025-11-09 19:43:51.000,2026-04-14 00:17:16.000,2025-12-17 02:18:35.000,0
1751,sarahbrown,d236d4d9c16a8c0b29939a2997b1bc92ccda88837d7ba51cde3303e7291c8913,MEMBER,tracygraham@example.org,1,2025-11-09 19:43:51.000,2026-03-31 06:53:12.000,2025-12-16 16:32:16.000,0
1752,ewilcox,2b96ee547104c05a64cd704cef7be82e5cc2d4ec37d561f98b00ab5f5303a44e,MEMBER,carla04@example.com,1,2025-11-09 19:43:51.000,2026-05-08 17:41:04.000,2026-01-25 16:29:40.000,1
1753,qnorman,27e3fa9fe5a66fbad40bc944cb45e51dde4d0c1837166a2ee9ccb481b7de1d7d,MEMBER,angelaellis@example.net,1,2025-11-09 19:43:51.000,2026-03-16 07:11:38.000,2025-06-15 08:36:58.000,1
1754,ralexander,1907975c6756e9caf2e0970b18c5f756d25a5efe303c72e4cd0bbd17408f0e9b,MEMBER,smithphillip@example.com,1,2025-11-09 19:43:51.000,2026-05-02 11:43:40.000,2025-07-29 00:14:22.000,0
1755,michelle63,eb679201bad16215795b0163f06dcb2aea5b7b2bf09d10631b80e68bfaf84028,OWNER,hgross@example.com,1,2025-11-09 19:43:51.000,2026-04-12 04:47:38.000,2025-05-05 21:59:55.000,1
1756,renee86,02d20b60da504fbfe3dd9af4a6c4e1a10db9cd1fdedc4681672a57cf9c9070ab,ADMIN,laurieedwards@example.net,1,2025-11-09 19:43:51.000,2026-04-25 14:35:01.000,2025-11-27 22:26:16.000,0
1757,calvin03,7e0107b511446aa219e602f8363e75cd378ff1c4fea006d2bac96a1e1ea3c48d,MEMBER,millersheila@example.net,1,2025-11-09 19:43:51.000,2026-03-31 10:35:10.000,2026-02-22 21:54:02.000,1
1758,ronald40,db553e397ba0e092678c642135054556c22549dee8a9e82ac14d33f51683bf31,MEMBER,tommymartinez@example.net,1,2025-11-09 19:43:51.000,2026-04-08 13:22:59.000,2025-07-01 23:08:31.000,0
1759,kimberly68,96d70c831a86a21fb648dfe321ab8b5ba8d38f1c1d702577174ba43f37523a40,MEMBER,stevenharris@example.net,1,2025-11-09 19:43:51.000,2026-04-04 13:22:20.000,2025-11-10 22:03:45.000,0
1760,michaelcooper,7afacbf8bfe08b0a6ebb26593856806feaa5ce264d2e66771929106b8e758832,MEMBER,victoria09@example.net,1,2025-11-09 19:43:51.000,2026-04-20 15:25:54.000,2025-07-05 20:18:27.000,1
1761,ljackson,32c1d7d0a21f289c8947656cbf6f3493c8302f01f48c8de9668ed4e4a7622196,MEMBER,morrisonmichelle@example.com,1,2025-11-09 19:43:51.000,2026-04-02 22:42:14.000,2025-04-25 07:16:34.000,1
1762,ndavis,c88cfb2943d09a57fdea94975360f14550ba0b7e0c7fe4955a8558213b523a70,MEMBER,greenrhonda@example.com,1,2025-11-09 19:43:51.000,2026-05-02 14:47:59.000,2026-02-14 11:36:43.000,0
1763,dgrant,780da9ad011d3d6621904162a843acd575bb37738622c12746072f8bc934d93d,OWNER,jennifersmith@example.net,1,2025-11-09 19:43:51.000,2026-03-25 08:14:49.000,2025-10-03 19:46:13.000,0
1764,jwood,53ae1f24a9cf313d5aae1aa3f22e37b87746ae1071ff038fdafd36f95721bb44,ADMIN,donnajones@example.com,1,2025-11-09 19:43:51.000,2026-04-11 14:59:06.000,2026-02-23 00:10:04.000,0
1765,marthabrown,4167d416cd9cd7e4446e3825b6c2cb90a0ec7fa4d9b774ea3d788d3dafcfa188,MEMBER,mlucas@example.net,1,2025-11-09 19:43:51.000,2026-04-30 19:12:03.000,2025-09-07 19:24:26.000,0
1766,charlesmelissa,0eaa4ad8e9f7c18ad6817edd9e5c590f710f310f740b8de3481abb00c46f14fd,MEMBER,jessicathompson@example.org,1,2025-11-09 19:43:51.000,2026-03-15 15:15:50.000,2025-04-30 21:25:32.000,1
1767,ztaylor,dfb2663e2527f1ec87318375ef1c0ebdf59b9c7bc31a4d2eb4833cb430d27bd1,MEMBER,april39@example.org,1,2025-11-09 19:43:51.000,2026-04-03 15:27:29.000,2026-01-17 01:42:16.000,0
1768,medinamelanie,379bc1c218e429472fdb0e854f39b2f03c261632e00ba88b10de46ee3d914a8d,OWNER,hcarrillo@example.org,1,2025-11-09 19:43:51.000,2026-03-20 21:42:37.000,2025-08-15 23:00:40.000,1
1769,nicole14,6c9605d911d0935bf61e4947073ffcab69a9a9863b5727b505192b03d4dd69d2,ADMIN,bowenmelissa@example.org,1,2025-11-09 19:43:51.000,2026-05-05 15:40:37.000,2025-10-06 10:23:50.000,0
1770,kennethwilliams,917af0eb32a9a92b4f0f5da46937ccf9b4cfe9869accbdcb094a3201dab55633,MEMBER,wendy86@example.com,1,2025-11-09 19:43:51.000,2026-04-20 18:07:08.000,2025-10-18 14:58:14.000,1
1771,waltonthomas,c8f6ccb862a7cc2344f0dd1ae9822a24ff3e7a1603f54acbc4d735e36a6e7d1e,MEMBER,lawsonlori@example.org,1,2025-11-09 19:43:51.000,2026-03-28 12:27:27.000,2025-09-23 02:35:31.000,1
1772,whitemichael,fc81b0124a253c81ac2e4b303b712fd47981c6af69e50467abd3e3aec840935a,MEMBER,shawronald@example.com,1,2025-11-09 19:43:51.000,2026-04-20 03:26:35.000,2026-01-23 12:15:57.000,1
1773,cluna,ba41f7e76190de1c77139a3a38988a7ab337cf73e6c02fada922570a867d0834,MEMBER,jensenjasmine@example.com,1,2025-11-09 19:43:51.000,2026-03-30 05:44:28.000,2025-07-01 15:16:36.000,1
1774,jack00,b166ce7e8f7bfa334cf86c980508c0a41d3f774b48fb37230f5f2ec88e61f792,OWNER,edward99@example.com,1,2025-11-09 19:43:51.000,2026-03-17 06:27:32.000,2025-05-19 15:26:06.000,0
1775,cooperwilliam,84e64a4a8cd75774f775ee68edb680f278239e063c00320829ee42ec3c3092a3,ADMIN,robertstyler@example.org,1,2025-11-09 19:43:51.000,2026-03-13 08:05:51.000,2025-11-23 13:20:39.000,1
1776,dylanpratt,ce0bf36dfa5d37df932676377f9fa615420e80791c163c5e2abfe893486f1b10,MEMBER,brian03@example.net,1,2025-11-09 19:43:51.000,2026-05-08 12:04:33.000,2025-06-26 14:19:34.000,1
1777,amyking,779147266d909f2ca19a98d87140534b9597f1d18bd837267ee5e34c31829027,MEMBER,qcarlson@example.com,1,2025-11-09 19:43:51.000,2026-05-02 04:06:44.000,2025-04-18 22:45:23.000,0
1778,trocha,2afc3256d5896a568733b1bbb4f7c607971d70b43961befe5f4ec515de69a66d,MEMBER,cwilkinson@example.net,1,2025-11-09 19:43:51.000,2026-03-14 01:05:00.000,2025-04-30 13:09:30.000,0
1779,prussell,279052a4fdcb0dc14b3fcef9a83bce06c1ac0cf23c3c1a93419d8be3fd76e122,OWNER,mcaldwell@example.com,1,2025-11-09 19:43:51.000,2026-04-04 02:19:45.000,2025-06-27 07:55:20.000,0
1780,samantha21,1ca7e2acd8ea494f0e1222dcc7a6dcbc521d344e57faf46b37e203e1354ce2e6,ADMIN,tonya39@example.net,1,2025-11-09 19:43:51.000,2026-03-15 19:44:34.000,2025-10-17 18:33:52.000,1
1781,christopherthomas,fe35c7d1a9fbd3bc9461a5bfa07b4cd30db2fa1d7b44c8f41ad7676455591faf,MEMBER,dalesmith@example.net,1,2025-11-09 19:43:51.000,2026-04-01 03:58:12.000,2025-04-22 19:09:05.000,1
1782,smartinez,4aed8832ff6df7e32a13c76f1852a015bcaf361dd363c2c3bc28b6b45fb70432,MEMBER,sabrinawilkerson@example.com,1,2025-11-09 19:43:51.000,2026-03-10 06:47:15.000,2025-04-12 05:52:48.000,1
1783,jameshammond,e4fce71302a0e4863c779bc1ddc29fd59c368b5bdecd6c398ebbef812a221557,MEMBER,fergusonnicole@example.com,1,2025-11-09 19:43:51.000,2026-04-27 05:48:05.000,2025-07-14 09:13:55.000,1
1784,cindyroberts,eeea2ade7fd28588955b23192b929e7eb0fbb17fe3e3eda323749c8da12b1ff8,MEMBER,kathryn47@example.org,1,2025-11-09 19:43:51.000,2026-03-20 13:23:11.000,2025-07-12 13:12:02.000,1
1785,zlam,da20f0212958cdaae330859c45ac9d68aa2b7d56717ecbcffed485732a479e5b,MEMBER,mmann@example.org,1,2025-11-09 19:43:51.000,2026-05-08 17:46:20.000,2025-11-21 20:11:00.000,1
1786,thomaswright,84c09032a9094b8c890068252f0161304eceb43594a70c1353b7809bce950d37,OWNER,sharonclarke@example.org,1,2025-11-09 19:43:51.000,2026-04-08 16:08:09.000,2025-04-20 19:45:00.000,1
1787,dawncollins,342cac4b69d930b1bd6849685a73acd7b29a26fe24c85d102ffee77dffba5d5f,ADMIN,oknight@example.net,1,2025-11-09 19:43:51.000,2026-03-25 13:11:57.000,2025-04-08 16:52:05.000,1
1788,pmiller,151bcd9e73be27adffc81b6f7f885758198b9695872fbc74fd6aba19923e4a9e,MEMBER,kristenschwartz@example.com,1,2025-11-09 19:43:51.000,2026-03-28 16:58:02.000,2026-01-22 23:35:11.000,1
1789,zwatkins,df49fe6cc04aba2d41ffd17bba84ace6616310c1585a68ff085443916910b562,MEMBER,samuel17@example.org,1,2025-11-09 19:43:51.000,2026-04-24 04:45:15.000,2025-07-28 09:27:05.000,0
1790,bellvalerie,fc5086a90affa8d340993910104207a32e7aeeff2c584563d620c4d40db17703,MEMBER,dpotts@example.org,1,2025-11-09 19:43:51.000,2026-04-13 02:16:24.000,2025-12-25 21:04:05.000,1
1791,jallison,b66ba877b4cb330bccd88e3a5fce1f8e2750c325dc580585987d6ee5af98d650,MEMBER,frank70@example.org,1,2025-11-09 19:43:51.000,2026-04-24 21:39:31.000,2026-02-25 20:09:17.000,0
1792,rebecca67,fe6467d6391f0d54b4afc1556f7a9bf678bc10358094a85214421c55ec9a68ce,MEMBER,madison63@example.com,1,2025-11-09 19:43:51.000,2026-04-25 16:44:40.000,2026-01-02 14:41:24.000,0
1793,monica23,788ef3bb8dc19282eebebcb218f9813272e7ecd69964068fb56629b5ca7a0f80,OWNER,jlewis@example.org,1,2025-11-09 19:43:51.000,2026-04-30 05:51:52.000,2025-08-07 11:05:34.000,1
1794,desiree89,729b1edad8fc5bf6e870b7523ee0c6529a92c5682d9d4cd4cf53b399a1542ec1,ADMIN,brookejimenez@example.org,1,2025-11-09 19:43:51.000,2026-05-01 09:00:22.000,2025-12-26 03:17:18.000,0
1795,daniel85,2b261f5710de2b7bfc43d3333d19bc84da18210bd4f4c0098311e15d529154f5,MEMBER,carterdalton@example.com,1,2025-11-09 19:43:51.000,2026-04-25 01:08:32.000,2025-07-27 05:37:50.000,1
1796,karen89,e187143776431071a8bb9b926ec36cdb50eb2f0cbb66543a4e94fb61060370dd,MEMBER,johnsonsarah@example.org,1,2025-11-09 19:43:51.000,2026-03-13 01:46:04.000,2025-08-16 15:05:32.000,1
1797,peter75,5c4605a9b783b784dfacc37c0da366c2a373460ecb96d3d8b16c5e12ead91beb,MEMBER,elizabethryan@example.org,1,2025-11-09 19:43:51.000,2026-04-15 00:59:15.000,2025-07-30 19:26:32.000,0
1798,uburgess,420400463afe4ec755b5478d20dbcfc8c2dc9f923483c6df50b3d40644f88cf9,MEMBER,april05@example.org,1,2025-11-09 19:43:51.000,2026-03-10 08:54:56.000,2026-02-14 16:09:38.000,1
1799,daniellespencer,4a0ad72859ede527693ed52c045962be7595520dcfb5dedbf09ad303869e8f31,MEMBER,whitney27@example.net,1,2025-11-09 19:43:51.000,2026-03-19 10:30:40.000,2025-06-06 07:30:48.000,0
1800,glopez,acc327bbd99e415f8981d225c6f916d82a013b4a095a4ec7329b35ff89fa1693,OWNER,bjohnson@example.org,1,2025-11-09 19:43:51.000,2026-05-06 14:51:09.000,2025-12-31 04:58:36.000,1
1801,smorgan,eee70e43da7407145f3812e1533613959a0bac10cf9e89bff763a54862e9bf29,ADMIN,cdavis@example.org,1,2025-11-09 19:43:51.000,2026-05-06 16:22:18.000,2025-09-13 11:11:18.000,1
1802,kingjessica,3649590958f99750ad3aa4fac89f8ffa826201900f63df9b43a1d0df11be6ae8,MEMBER,williamsonamber@example.com,1,2025-11-09 19:43:51.000,2026-03-28 11:01:05.000,2025-05-19 11:55:01.000,1
1803,raymondberg,f632a2ddd3ef4bc6f686f745445345656407e17cb1d5399b10259a17c27339c3,MEMBER,tina41@example.com,1,2025-11-09 19:43:51.000,2026-04-15 14:50:39.000,2025-08-14 11:18:07.000,0
1804,drew21,677eca66d6cb841fc95a76bc1f6d9f3c7da3a1ee34a7d8bf5e63d68294bde345,MEMBER,samuel79@example.com,1,2025-11-09 19:43:51.000,2026-03-14 13:35:04.000,2025-07-08 08:07:28.000,0
1805,maryprice,aed4ba3084c1ca265baed04e2f4b4d2d7bae31d2f518957e726c894d0ff1a5a2,MEMBER,davidphillips@example.com,1,2025-11-09 19:43:51.000,2026-03-15 08:38:35.000,2026-02-07 11:11:50.000,1
1806,forbesdustin,c1576d6240e79ba8bb3112a72f3b136bc3ef022b49f44ab39e3ffafd0386b345,OWNER,tomgomez@example.org,1,2025-11-09 19:43:51.000,2026-03-10 04:32:33.000,2026-02-05 07:56:19.000,0
1807,jermaine49,3db783c3bbdf882ab424f8a6a39d4e108736761298f26b55a4d8129c2b1e0b4e,ADMIN,zcross@example.com,1,2025-11-09 19:43:51.000,2026-03-16 07:45:06.000,2025-10-21 00:25:11.000,1
1808,steven95,7514d5ab7277fe758f058f2060f96676bd726d9f8a3994bd1879afe323ae3b14,MEMBER,stephanieblackburn@example.com,1,2025-11-09 19:43:51.000,2026-04-07 16:39:33.000,2025-09-18 23:07:48.000,0
1809,shawna54,18aea12b7237889bf958b343cbe97005ec8496e00a0194f02f1993e5cc2dcb56,MEMBER,glassrachel@example.net,1,2025-11-09 19:43:51.000,2026-03-21 13:48:12.000,2025-04-30 17:26:56.000,1
1810,xjones,0d0107c79e75943e52bf5844ea67c8152b5a65e76284f4eb8e5923225c66c8b4,MEMBER,andrew24@example.net,1,2025-11-09 19:43:51.000,2026-04-05 11:13:05.000,2025-12-26 22:10:25.000,0
1811,lynngarrison,f33eb689535b89b677d6cc878adc3ed092a65140427e0a336be1a5cdbf067da7,OWNER,benjaminjones@example.org,1,2025-11-09 19:43:51.000,2026-05-08 11:24:07.000,2025-08-20 17:29:17.000,1
1812,luisgomez,01f597074302ec09a615711a8e55bcc289f84c3ddb120d35743519ebe4d976ad,ADMIN,joannareyes@example.net,1,2025-11-09 19:43:51.000,2026-04-29 23:40:44.000,2025-11-06 22:39:30.000,1
1813,rossriley,1faa638ecb962f4f33064c587a45d9d769d82b8f6bddc7606c01aec442a2c9de,MEMBER,jasonhernandez@example.com,1,2025-11-09 19:43:51.000,2026-03-14 09:22:19.000,2025-12-08 04:10:38.000,0
1814,stephanie12,8fb53c719b53b157997a402a57769b455b74b5e6bcd4254f530c572704570d2e,MEMBER,ahernandez@example.net,1,2025-11-09 19:43:51.000,2026-03-13 00:43:45.000,2025-09-30 14:25:40.000,0
1815,travis10,a132cc01652cfc38df7779fcf9bc711543c6f47868d49bfbc87e3a2f2c6fa83f,OWNER,christopher44@example.org,1,2025-11-09 19:43:51.000,2026-03-23 12:00:58.000,2025-07-30 08:47:59.000,1
1816,berryisabella,36aa9fdb4eaf6c2b38c57326828c214be4927fd5bdbe02098456619e2b1aead8,ADMIN,ashleyjones@example.net,1,2025-11-09 19:43:51.000,2026-04-30 19:20:40.000,2025-10-01 19:13:00.000,1
1817,shawnschroeder,17ad97dca5ed63efa485caec40e0e99b0d2398bea54336e890c2fce053250f9e,MEMBER,danabradley@example.com,1,2025-11-09 19:43:51.000,2026-04-12 01:38:45.000,2026-02-28 21:08:47.000,0
1818,erin81,877292443215445491b16786a02e6e871b38f8e7bcf2db02eab4e15eaab48cd3,MEMBER,oconnorkimberly@example.org,1,2025-11-09 19:43:51.000,2026-03-31 22:21:53.000,2025-07-02 19:54:14.000,0
1819,marialopez,1a41cb975d998402d3ca153f99c8ce03756659f7a6a0c9d684b03df610b745ec,MEMBER,jeffrey33@example.com,1,2025-11-09 19:43:51.000,2026-03-28 09:47:22.000,2025-05-15 18:43:22.000,0
1820,thomas12,4dd50ffa7b88f7d1586b406dd964bb67c9084d56872252c5bebd6bb353c754d8,MEMBER,carlsonmarcia@example.net,1,2025-11-09 19:43:51.000,2026-04-09 00:43:01.000,2026-01-27 13:30:52.000,1
1821,ocole,8035f87ce7c24744cee4ae72029097dbf9e66652138cb39331bbb44c431321a3,MEMBER,davidstokes@example.net,1,2025-11-09 19:43:51.000,2026-04-26 15:17:23.000,2026-03-03 00:06:31.000,1
1822,eramos,0c3dcda2dd705d8d62c9e30211e00b0999c1fd74c0933580b4f7e1ec27ed1aed,OWNER,soneal@example.com,1,2025-11-09 19:43:51.000,2026-05-05 11:54:56.000,2025-06-29 08:09:45.000,1
1823,whitneydougherty,e6029e9c60aa2cab9ce384ef4c3f9436251cac370ecb65b5979cad12410fc8db,ADMIN,xvelez@example.org,1,2025-11-09 19:43:51.000,2026-03-26 22:25:44.000,2025-09-09 16:16:45.000,0
1824,cruzlinda,a04380e4ef119e2f89da3485b592c89a2870d748a7af61c86eb4ec80700b0d44,MEMBER,brian92@example.com,1,2025-11-09 19:43:51.000,2026-05-01 00:20:38.000,2026-01-16 07:05:31.000,0
1825,xbrown,cbcc090618946862f1b765e850674585e79248545dc8341def159bdf9e62e02b,MEMBER,catherinewilson@example.com,1,2025-11-09 19:43:51.000,2026-03-16 12:09:07.000,2026-02-18 22:33:35.000,0
1826,qdixon,e0543bac805bf6ca8ee4ccd88bb485d807ab493d22e6569f123e640a82ba5237,OWNER,xjohnson@example.com,1,2025-11-09 19:43:51.000,2026-04-25 00:10:19.000,2025-10-29 20:18:29.000,1
1827,bellleslie,4ff6c9a5629dd65fc544019d925e71d465ba6a5e2a0882bccfc7be1e071cd0c8,ADMIN,ngreen@example.com,1,2025-11-09 19:43:51.000,2026-04-19 18:03:31.000,2025-10-31 21:22:39.000,0
1828,xthompson,548224a3692e7719a253497944b0f985ced16b497270ddcddd46b4b57acd96e0,MEMBER,bryan95@example.net,1,2025-11-09 19:43:51.000,2026-04-05 20:48:39.000,2026-02-04 05:16:52.000,1
1829,wendyjoyce,baa4f58f293c00c4a2e01d7ce0a66bfa5cbd1010e8d8042e38ff46e88c0c6d44,MEMBER,garzarichard@example.net,1,2025-11-09 19:43:51.000,2026-04-24 16:07:02.000,2025-06-25 09:45:50.000,1
1830,thomas65,49e39a38928d75bc9e7db9fa53b8fdf5cfa2aaa0c3f3c7923c18c9360c4942fe,MEMBER,kevin56@example.org,1,2025-11-09 19:43:51.000,2026-04-17 12:37:27.000,2025-11-20 12:26:22.000,0
1831,pcunningham,a0a481964651e63f4185312e3bd19c9c43207e4e48159b1c878a94e9848f543b,MEMBER,cynthia50@example.net,1,2025-11-09 19:43:51.000,2026-04-08 04:18:05.000,2025-04-14 06:17:04.000,1
1832,sandra97,e8cd0903b61e18c4dcfa3739a50a519ff7c9ebec14613225e04e6b5b6868fea1,MEMBER,james16@example.net,1,2025-11-09 19:43:51.000,2026-04-19 22:15:01.000,2026-01-07 12:03:23.000,1
1833,sjones,07feeab12b9fc897187cc906ac763898cefce5bc0f8206c24449e13f26eb9b9b,OWNER,ashleedavis@example.com,1,2025-11-09 19:43:51.000,2026-04-11 09:30:35.000,2026-01-01 05:29:28.000,0
1834,kennethjohnson,e9f880a00a69386895b729a33e800f8ba3f8a0f21af0826a1f3d6f13c4aeb745,ADMIN,qhaynes@example.com,1,2025-11-09 19:43:51.000,2026-04-15 05:26:14.000,2025-08-13 09:51:13.000,0
1835,davidsongreg,39b79255a4ad6fdf0d4a47e2a2a14dd12211fd84d64e7aea5c31a9f73ff79580,MEMBER,margaret80@example.com,1,2025-11-09 19:43:51.000,2026-04-28 10:10:52.000,2025-06-29 11:57:32.000,0
1836,kevin71,74de9761fd6ffeb06077cf9b22cfe26f498f7b6b2a865b0ce5fa7a8310a8af53,MEMBER,jodi06@example.com,1,2025-11-09 19:43:51.000,2026-03-11 19:32:20.000,2025-10-27 20:11:53.000,0
1837,castrostephen,81df9fa5ddf0ac6ec0b4bdbf6ff1747a9f03ff32330f51ae09fdd402c3f1b0ab,OWNER,donna52@example.com,1,2025-11-09 19:43:51.000,2026-04-16 06:28:35.000,2025-06-20 19:56:20.000,0
1838,kentwilliams,d144f8340d431c94e496b64c2cf06a94750c9cbce87040dba81663237c18b322,ADMIN,marissa72@example.org,1,2025-11-09 19:43:51.000,2026-05-01 16:30:35.000,2025-04-07 20:08:37.000,0
1839,daniel40,d017ce49a51c8f03279b7decc5cff0dbe0a48c48fb5c6a186d4b0aff9a2a5b64,MEMBER,lindsey63@example.net,1,2025-11-09 19:43:51.000,2026-04-09 16:54:07.000,2025-12-02 23:23:55.000,1
1840,samantha50,2700ca4cf7f728b97fdc48bafbb50eceae8511c87429a9f0446eda6600a4c307,MEMBER,craig90@example.net,1,2025-11-09 19:43:51.000,2026-04-05 06:06:38.000,2025-09-22 13:48:27.000,0
1841,johngoodman,e52449bf31d606459dd18bb7d2b609c646a17bd0f2dff229e7249cf9961494e0,OWNER,archermichael@example.com,1,2025-11-09 19:43:51.000,2026-03-26 13:16:51.000,2025-06-29 07:34:48.000,1
1842,yyoung,f5d6de2a5aed439bbb65027f23fa586c545e7f543cc4117f0b5c91633fe4500b,ADMIN,pbrown@example.net,1,2025-11-09 19:43:51.000,2026-03-25 12:30:39.000,2025-08-27 04:06:37.000,0
1843,msoto,0afbc8c6213f95f1d6f493c5af4a889a32aac19a199ed9f5e21b26f515f9df84,MEMBER,kevinnguyen@example.com,1,2025-11-09 19:43:51.000,2026-04-27 23:44:16.000,2026-01-27 16:26:15.000,0
1844,morrisbenjamin,7ea516c2e039d82f0aa624af5e331ec80ee0a7e7b574aa6711b7088391097426,MEMBER,emilymason@example.org,1,2025-11-09 19:43:51.000,2026-04-07 07:53:28.000,2025-10-31 11:11:09.000,1
1845,mclaughlinsheryl,1324e454f3354941c5827745cf6404cd427a63756d37bf053b43983cbb683f16,MEMBER,barbaramartin@example.org,1,2025-11-09 19:43:51.000,2026-04-21 02:19:17.000,2025-10-08 15:53:41.000,0
1846,csanchez,e059e085111450e7c14fa9fb39c6ea2730d1ccd5bc0583ea6efd200f6eed60a3,MEMBER,rossashley@example.net,1,2025-11-09 19:43:51.000,2026-04-17 07:54:14.000,2025-11-11 03:09:51.000,1
1847,caguirre,fb728a34d66c7ae532c52059f6551b3109f83a0e1cf9b00296595c536781dd2b,MEMBER,hollowaybrandi@example.org,1,2025-11-09 19:43:51.000,2026-03-24 06:39:38.000,2025-10-23 09:06:11.000,0
1848,pachecomartha,c1a001f56ec2b43931a8a11d29333875d00bd1cf4c07e6af60a459f5f6107dcd,OWNER,vsmith@example.com,1,2025-11-09 19:43:51.000,2026-04-09 13:43:11.000,2025-06-29 16:15:29.000,1
1849,allisonbrian,963bc82cba48658fb310d8df18cfbfe9a5c2ca517ec75d8ac6f91d3f543d3e06,ADMIN,amber64@example.net,1,2025-11-09 19:43:51.000,2026-04-27 01:21:15.000,2025-10-13 21:46:58.000,1
1850,vmendoza,b8b71d0e0d75f804dbecad6e70c9bc652a314b5f09aa239c79447fb5a3be07f2,MEMBER,george58@example.net,1,2025-11-09 19:43:51.000,2026-05-08 02:41:54.000,2025-09-30 05:42:43.000,0
1851,amy51,28d68610283f28b897a59cb0377b30d8b61606a7905c9046300d4c95e1a45b47,MEMBER,catherineturner@example.com,1,2025-11-09 19:43:51.000,2026-05-01 21:50:30.000,2025-12-19 16:41:51.000,0
1852,uosborne,d27358a63cffe6cd98a46f18d2c341e5ddec9f028cc0a71188dbbb64185b5686,MEMBER,timothy34@example.com,1,2025-11-09 19:43:51.000,2026-03-28 04:28:44.000,2026-03-04 19:38:48.000,1
1853,schneiderronald,af9344dee15f6935a284e73dd8af29e54a23340c2bda2fe0caac79615473ec64,OWNER,rreed@example.com,1,2025-11-09 19:43:51.000,2026-04-07 13:58:56.000,2025-07-06 01:32:10.000,1
1854,howardperez,b15045bdb66bee1a295181175c70e8bb1b6e304b4c82bc8c4b78cf74ee806fff,ADMIN,kellypatterson@example.org,1,2025-11-09 19:43:51.000,2026-04-19 16:24:18.000,2025-06-29 02:40:57.000,0
1855,lwebster,4e41c509a04119d013d1071bdfd7ff08ed55d947886a5a59dd404dae87c79bd9,MEMBER,matthewthomas@example.net,1,2025-11-09 19:43:51.000,2026-03-12 00:11:20.000,2025-05-04 06:23:28.000,1
1856,michaelkramer,7679b2f93b570a9bd94e53bb7cfab99b1b191a264019aa7fa903a3ecaf0d31bc,MEMBER,flemingsharon@example.com,1,2025-11-09 19:43:51.000,2026-04-21 10:48:41.000,2025-06-02 07:58:19.000,0
1857,amyreed,db313bf1aa05c985579eefeec4f50c60a097b338b0b80e544ce8d13221de5461,MEMBER,asullivan@example.org,1,2025-11-09 19:43:51.000,2026-05-03 02:17:42.000,2026-01-11 13:55:33.000,0
1858,bradleyortega,bea53351d040cc6f7ec2c22dd94969a2f5a9d74668a920188e13c695594715aa,OWNER,lopezheather@example.net,1,2025-11-09 19:43:51.000,2026-04-10 02:38:17.000,2025-06-23 19:59:27.000,0
1859,newmanamy,c9673cd3dd87010eade71c615bbd3a0c9464327b67799aaa2821e3b701e12048,ADMIN,victormiller@example.com,1,2025-11-09 19:43:51.000,2026-03-18 21:05:44.000,2025-05-12 03:36:16.000,1
1860,vernonlewis,f632e6f4bbdc66c3d1c3345a0fb3f16cea48834038c069ae1346ab567f2e4956,MEMBER,potterbonnie@example.org,1,2025-11-09 19:43:51.000,2026-03-11 15:03:04.000,2026-02-10 14:31:40.000,0
1861,jasonlee,40837ac23ba8b11a71c46e1d3f56c4f435879d517d4a8d7924adaf809186673e,MEMBER,dmiller@example.com,1,2025-11-09 19:43:51.000,2026-05-05 10:39:39.000,2025-10-13 11:02:01.000,0
1862,nicholasstrong,465649b8a73ffbb8250b5cf4b1fce8b62a1038041f461d3535e766cf2a4682b8,MEMBER,jeffrey13@example.net,1,2025-11-09 19:43:51.000,2026-04-09 20:19:39.000,2025-09-25 19:33:06.000,0
1863,ortizcarla,de1bc64a3e6e30d74eb1f69d291a5a72d2c054fadd849c93d93a6269a50ea14c,OWNER,jesusthompson@example.net,1,2025-11-09 19:43:51.000,2026-03-18 13:32:49.000,2025-04-19 01:09:10.000,0
1864,brian59,e65f2fbebe01f7f8050f05a5320aab8bb5b60e15d60e905daa0adebb67213dbf,ADMIN,burnettcharlene@example.net,1,2025-11-09 19:43:51.000,2026-03-10 17:11:27.000,2025-06-21 00:41:22.000,0
1865,fosterjoseph,661ef7d481ad62faf8c9f229ebf324d85752cb9b4de56d4f129765d8d8974c4f,MEMBER,carrie88@example.net,1,2025-11-09 19:43:51.000,2026-03-10 19:10:13.000,2025-11-24 23:43:01.000,1
1866,therrera,07a41e7164b1455bbea6fe5915146238c2c62612e0fd4ff5e7aa818e6ea724e5,MEMBER,gfrancis@example.org,1,2025-11-09 19:43:51.000,2026-04-06 12:00:57.000,2025-08-10 19:39:16.000,0
1867,mstevenson,896d99232120ef6ae54493dbb222e354d96dc65adfe70dab1e3601342132d8fd,MEMBER,chill@example.com,1,2025-11-09 19:43:51.000,2026-05-03 10:11:22.000,2025-09-23 12:23:02.000,1
1868,richardchen,9ae688495daa9a64b22a951eb27d0053da2b60d2d6d6d1eedb97d74118fae7bd,MEMBER,rivasjulie@example.net,1,2025-11-09 19:43:51.000,2026-04-21 17:08:16.000,2025-05-15 04:49:29.000,0
1869,bushangel,cf4312c231725837a92f6e15ac556104aedd3069f1038d3d656843e56702f434,MEMBER,michael20@example.com,1,2025-11-09 19:43:51.000,2026-04-27 21:24:21.000,2025-06-07 04:50:01.000,1
1870,elee,e3c1787bdbe4d6620d681e688687a90f529624cfd3e95993046caf23abee7d17,OWNER,sean70@example.net,1,2025-11-09 19:43:51.000,2026-05-03 20:35:54.000,2025-06-22 19:13:20.000,1
1871,emilydickerson,5a402635244b84f94ec21346e7ce74d654cecda5321fa96966e9d12e74040eeb,ADMIN,kgriffin@example.com,1,2025-11-09 19:43:51.000,2026-05-04 12:51:06.000,2025-11-10 18:42:58.000,0
1872,amartin,8ffc23c95b7a6944bc2242bed73031a6bc997823a70110f6b14dd26b1e82dfc3,MEMBER,baileycharles@example.org,1,2025-11-09 19:43:51.000,2026-04-14 04:48:06.000,2025-12-16 13:29:12.000,1
1873,vbates,0de1e3ea5e4d4bdd0df852eb84a92a6ea6eb890e1f7392f862dd0bf8259109c5,MEMBER,brianlopez@example.net,1,2025-11-09 19:43:51.000,2026-03-26 09:41:40.000,2025-12-26 01:19:26.000,0
1874,jennifer23,910e65e7b07c8bbf03ee590451fc019e211f30b775507b0831d0a222c61d66f8,MEMBER,leonard74@example.net,1,2025-11-09 19:43:51.000,2026-03-21 12:30:45.000,2025-07-17 23:51:49.000,1
1875,ritatanner,a94b21f29ddb24c0994a776f8291660d75af6606623c1446f94398a415d949ea,MEMBER,jamesstevens@example.com,1,2025-11-09 19:43:51.000,2026-04-28 17:53:37.000,2025-12-28 10:59:29.000,0
1876,rnguyen,37e289c0ca5965deb2c20e49adc76c3cc8de50a213948b4ffb7a22ad9b036087,OWNER,lisaolson@example.org,1,2025-11-09 19:43:51.000,2026-04-25 04:59:14.000,2025-04-09 13:38:55.000,1
1877,ipeterson,7fc46a36b4099b77c8921cb6a7d7c87579db6fbacc2af80d8acf1b7a4c49145d,ADMIN,nashjavier@example.org,1,2025-11-09 19:43:51.000,2026-05-03 18:46:11.000,2025-04-05 00:21:31.000,1
1878,bakeramanda,00c9d18a0be507d4ddbd7b7ae6c0ad7e131c7a1a57a3a67e84a98a3e4d0fc736,MEMBER,rebeccahall@example.com,1,2025-11-09 19:43:51.000,2026-05-05 10:18:39.000,2026-02-21 16:06:19.000,1
1879,smithlisa,3a54c3d274eab35f61d0a18551918b2f5ded0c2a6edf498cc36749919abdfcd2,OWNER,maria09@example.org,1,2025-11-09 19:43:51.000,2026-03-10 23:52:33.000,2025-11-24 02:13:43.000,1
1880,kendra63,c313c03f1b79c6387a8e1dbefe1ead993d8c16ac503e20f4e9654b196c023da0,ADMIN,juliebautista@example.com,1,2025-11-09 19:43:51.000,2026-04-04 19:02:09.000,2026-02-02 18:19:37.000,1
1881,robert74,8723b66503f895da1de65880880858b33f0bb0e1f573139d8e8ba46d91abcb67,MEMBER,fkelly@example.com,1,2025-11-09 19:43:51.000,2026-04-04 03:31:43.000,2025-05-05 02:40:31.000,0
1882,mackenzie23,d6e437e8949456bec6b862fd33ca9e8519f86e4eaf93139d1605c6af14b7e94b,MEMBER,nunezmichael@example.org,1,2025-11-09 19:43:51.000,2026-05-03 02:54:44.000,2025-08-15 10:30:28.000,1
1883,tmartinez,b7601eed7ee062e6df55fb83fcf87c516f0db95872992118c82f52dec4ef7d60,OWNER,josephmonroe@example.com,1,2025-11-09 19:43:51.000,2026-03-15 05:45:27.000,2026-01-14 16:02:03.000,0
1884,martinezlauren,895676c7bd8ea85a69dc174f81288fcc850fbdb46fab57c39ad6e1fe294fdadd,ADMIN,morsekatie@example.com,1,2025-11-09 19:43:51.000,2026-05-08 00:41:46.000,2025-04-04 08:40:11.000,1
1885,rachelhawkins,d899e6d08f62089b34d6df0b3d9e56a320cd7393fe8ef10f29128c4be4906627,MEMBER,chanroberto@example.net,1,2025-11-09 19:43:51.000,2026-04-11 07:42:44.000,2025-05-08 00:23:42.000,1
1886,trevor93,8f1c9df6508bed87e85716678c88d37526ef9283f67539d94efbe26d5066e94c,MEMBER,morgan33@example.net,1,2025-11-09 19:43:51.000,2026-04-25 04:01:27.000,2025-09-10 10:18:37.000,0
1887,wferguson,4551539ce8803baae6f523e9727d2685afd22ef70a95f71facb13df62dd4ccfc,OWNER,elizabeth34@example.com,1,2025-11-09 19:43:51.000,2026-04-04 00:05:06.000,2025-06-11 14:30:57.000,0
1888,ytorres,0746c764488cac245a50c8bada7b2ebaf9525f584249183354303cef87dbc571,ADMIN,sandersvalerie@example.com,1,2025-11-09 19:43:51.000,2026-04-01 11:56:11.000,2025-12-06 12:45:15.000,1
1889,mcclaindaniel,baaa224a010b3873dfd34206d5d03f6f4c076cd4bf51c34b2bcf8e26ff9807ca,MEMBER,kyle73@example.org,1,2025-11-09 19:43:51.000,2026-03-19 09:07:51.000,2025-10-27 04:18:22.000,0
1890,danieldavidson,69555b997dd53418952641c143cca3d69debd1ed498d4ff99f86c541bb5e7ae1,MEMBER,morajames@example.net,1,2025-11-09 19:43:51.000,2026-04-10 11:59:07.000,2025-10-04 09:36:19.000,0
1891,scott89,d5369707410769f9508a6bd9c994d0446160f981bbbdc98cd99823999ed2a968,OWNER,susan01@example.com,1,2025-11-09 19:43:51.000,2026-04-15 16:25:00.000,2025-08-05 14:39:33.000,1
1892,michelle20,a8ec6bc51ca5bd31d5f57a3778565ce48685ae2cdc23307bbd4343a3b2b9439f,ADMIN,xrodriguez@example.com,1,2025-11-09 19:43:51.000,2026-04-26 23:50:09.000,2025-08-27 14:21:57.000,1
1893,chase40,7249fddfbd5e81840a98bf5f773569e75c1ca893bc435973403859754a47cb67,MEMBER,angela94@example.com,1,2025-11-09 19:43:51.000,2026-04-06 00:49:12.000,2025-04-30 04:24:40.000,1
1894,austin76,98d3d50af2c1e295d1f53b47f36e3000a2387f4c7f8beb0da8130f3ccc7fee8b,MEMBER,michelle66@example.org,1,2025-11-09 19:43:51.000,2026-05-02 15:06:41.000,2025-04-11 18:27:34.000,0
1895,andrewevans,abe83f77669295fc7ac329dc74b9261e1f74296648e5c32a2464f9dd7c3723bf,OWNER,martinezerin@example.net,1,2025-11-09 19:43:51.000,2026-03-17 18:49:13.000,2026-01-28 10:09:20.000,1
1896,timothyperry,2e198ce5eb1525e153c084d87d1b096e0375ac3c59ab6d5e5dfc911094b726f6,ADMIN,gjohnson@example.net,1,2025-11-09 19:43:51.000,2026-04-06 02:17:09.000,2026-02-25 09:00:42.000,0
1897,gonzalezkim,7ab67e374e28841987f1f03316ae17e21f565a5dc031dfe755a39207cd9488da,MEMBER,powelllaura@example.net,1,2025-11-09 19:43:51.000,2026-04-01 15:07:59.000,2025-07-15 17:58:20.000,0
1898,josethornton,5d425fd3fa966d7da737dc75db4ac2d06cc000e7ee0abe8e35514aab14c1ef24,MEMBER,pcastillo@example.net,1,2025-11-09 19:43:51.000,2026-04-12 00:28:37.000,2025-04-05 19:25:15.000,1
1899,dmueller,17480bca6e14c01242a675dad239e3d206729e34805f29d1e1b75a021d48901a,MEMBER,kristyacosta@example.org,1,2025-11-09 19:43:51.000,2026-05-04 21:26:45.000,2026-02-17 16:12:41.000,1
1900,robertjohnson,6d2c489debac9fa137050a6ea665fe4ddb7bd8d9664d0ba37a852500bda01a57,MEMBER,stephaniecraig@example.org,1,2025-11-09 19:43:51.000,2026-03-31 11:52:07.000,2025-09-24 09:23:04.000,0
1901,fritzlori,a6793a70c83403d85a877165faf8ad18aec6846795cd777e7a37f5c1e1b75cf9,OWNER,christina07@example.org,1,2025-11-09 19:43:51.000,2026-03-27 06:27:52.000,2025-05-04 11:51:48.000,0
1902,amanda55,e82340df51426484e26fd237ec024eeab0db3acdcc5a5cea52c6f2c1453cd9a3,ADMIN,lozanocarl@example.net,1,2025-11-09 19:43:51.000,2026-04-08 02:51:03.000,2025-08-12 18:07:08.000,0
1903,anne95,6678dd0087b6dfbb91b3942c06d2da6593c167a9e9e9c2ff4a82ab1b9259d135,MEMBER,melissapeters@example.com,1,2025-11-09 19:43:51.000,2026-04-25 20:46:29.000,2025-05-06 15:45:30.000,0
1904,heather98,7a753f35c27b782c114aea149556891924f230807b365621e5580457586044e4,MEMBER,jeanette15@example.org,1,2025-11-09 19:43:51.000,2026-03-26 15:24:26.000,2025-10-27 17:30:45.000,1
1905,jacquelineaguilar,e28b36c378aa1b6df562ab1deb8ab439462c7b5ec51e95df6dc509a55df5a850,OWNER,rebeccabarber@example.org,1,2025-11-09 19:43:51.000,2026-03-20 10:38:54.000,2025-05-21 17:34:59.000,1
1906,robert80,3e7fe5b40efe9cf959cf7a33e12915a0b90debff038b98660619042d9f10997b,ADMIN,hpennington@example.com,1,2025-11-09 19:43:51.000,2026-03-29 21:04:33.000,2025-10-20 14:49:53.000,1
1907,ijackson,e60ba98ddf266fe3fe05fcd9f58f33fa30326f4edb924eb18cd36dea6cb420d2,MEMBER,yhorton@example.org,1,2025-11-09 19:43:51.000,2026-03-13 00:37:08.000,2025-11-30 05:56:08.000,1
1908,tanya35,dfef8f7dcb4ecfaaf1e2165dc268926ee29efc85558f386e4e70a317236eb021,MEMBER,uhaynes@example.net,1,2025-11-09 19:43:51.000,2026-04-22 01:58:46.000,2025-08-06 09:53:32.000,0
1909,lhoffman,4db18b0b4450512361f1cbe5a3dac273b47aaf9d0c5a3e03bac87b28c1770db2,MEMBER,boothanne@example.org,1,2025-11-09 19:43:51.000,2026-03-16 03:16:13.000,2025-10-09 00:42:57.000,1
1910,watsonmichelle,1a1513f036c5186442fb31f0887c98b7e5e37beb1581178b73d2b84a94085878,MEMBER,ricekimberly@example.net,1,2025-11-09 19:43:51.000,2026-04-01 04:37:57.000,2026-01-12 04:35:34.000,0
1911,uhodge,a2c6973f17665d10487268321011943d0a4476c575d74c877a587d7e089942d3,MEMBER,rothandrew@example.com,1,2025-11-09 19:43:51.000,2026-03-28 23:02:02.000,2025-12-24 20:28:10.000,0
1912,dawsonchristopher,0213c077a93548d5fc84283312e1d810a3974d75e133710609d275af43a8b295,OWNER,danny16@example.net,1,2025-11-09 19:43:51.000,2026-04-29 11:54:11.000,2025-08-06 15:49:43.000,0
1913,smills,f0c526afe14d7f05d09b6d9157e570e44ac2503e1c945bef226d8feda9ef1a95,ADMIN,dylankim@example.com,1,2025-11-09 19:43:51.000,2026-04-21 10:34:20.000,2025-04-09 23:06:55.000,0
1914,thomas18,7a6daeefd35ea0c45b2dab060fabd1e6408cec97c8a565d84bc3117a8624a94a,MEMBER,johnhull@example.org,1,2025-11-09 19:43:51.000,2026-03-13 14:58:57.000,2025-08-17 14:00:22.000,1
1915,andrew20,822167d6030cd93fda49e446bcd381f1f157db02bd3be88fc2eaa3df64bb6e3b,MEMBER,hodebra@example.org,1,2025-11-09 19:43:51.000,2026-04-03 10:08:36.000,2026-02-21 00:56:46.000,1
1916,andersonvirginia,cd7d06cad7536e1ae66f5ce5afce7085a7e82ad1feae0e67299e44be89d9e91e,MEMBER,smithjacob@example.com,1,2025-11-09 19:43:51.000,2026-03-20 02:56:45.000,2026-01-10 02:20:32.000,1
1917,nicholsonjenna,34b9b2c9fa17adbe7b54142eb92820f305b50e58496e076fe9f2885e5e5c0639,OWNER,peter26@example.com,1,2025-11-09 19:43:51.000,2026-03-19 14:23:09.000,2025-10-11 05:14:57.000,1
1918,michele42,d4cd7033faa7a80eb8188d1644e9befff535bdc682e4e668b4ac944aec02d725,ADMIN,kimberlyrodriguez@example.net,1,2025-11-09 19:43:51.000,2026-05-02 01:37:18.000,2026-01-29 21:14:16.000,1
1919,austinle,17883843f61f36e70c306c87f3752615c0d0dc9a289a9bff31e3024f762330d2,MEMBER,yjackson@example.org,1,2025-11-09 19:43:51.000,2026-03-10 03:00:45.000,2025-05-04 01:38:22.000,0
1920,robert81,b92d3578b56accdd2e99dfc9717033c28084b659811487b5c3d61a218eab6384,MEMBER,clifford37@example.org,1,2025-11-09 19:43:51.000,2026-03-19 11:27:08.000,2025-07-01 20:09:43.000,1
1921,margaretwest,6a36615b6139e0613fcfc0c65c7606177ad6593f0d96b1a756d085e9e1be4026,MEMBER,christopherwilliams@example.net,1,2025-11-09 19:43:51.000,2026-03-24 05:51:51.000,2025-05-20 03:31:42.000,1
1922,erica92,aa743ee8ee62498f55608dc66e070868903f8c8e1983819060dfa3c956d64fd0,MEMBER,craig90@example.com,1,2025-11-09 19:43:51.000,2026-03-14 04:06:48.000,2026-02-17 23:09:59.000,1
1923,bryan16,d75091c5794ab66cca7c2f7d939dc185c50d8a99fe1b3cd70cf3bc3ed5c979cd,MEMBER,barbara30@example.net,1,2025-11-09 19:43:51.000,2026-03-10 04:43:35.000,2025-04-26 05:33:55.000,1
1924,jacob24,0d6ea4c035c384c1ab2160f61944dd432dac3be0e0ca41355c413c6d3758d98b,MEMBER,juan18@example.com,1,2025-11-09 19:43:51.000,2026-05-05 09:36:33.000,2025-11-07 22:12:40.000,0
1925,jenkinsjeffrey,79cb6c3d1917c3c4cad7e3024bc356c60b0951073a43f552ee01695a606c47eb,MEMBER,matthewcombs@example.org,1,2025-11-09 19:43:51.000,2026-03-15 07:26:35.000,2025-10-16 02:30:58.000,0
1926,lindsey81,7ec2d670938f9a21be93952a8bbc42c358efe50312e2e67d6aeeab80470f6f74,MEMBER,sanchezdeanna@example.com,1,2025-11-09 19:43:51.000,2026-04-15 10:44:00.000,2026-01-15 17:28:09.000,0
1927,cmitchell,78aff49f325fdd2792d8ebd3fd040b261e11be243c1ddd82c1bb5b9c4c4fee5c,OWNER,richardclark@example.org,1,2025-11-09 19:43:51.000,2026-03-20 23:28:11.000,2025-05-01 07:38:12.000,0
1928,aliciamanning,3d977f8fce59dfe134c63f5badd90e8ac9be0f716ac71d3239e74e2a3e9c0c07,ADMIN,mooremichael@example.com,1,2025-11-09 19:43:51.000,2026-04-23 10:54:03.000,2025-06-20 03:25:08.000,1
1929,amandahoover,0b288753f79cc4195a5da3d4bf6fd0cb3eda10467b38c56b492a35c2c6d69da7,MEMBER,sarah16@example.com,1,2025-11-09 19:43:51.000,2026-03-13 00:23:47.000,2025-10-14 10:56:52.000,0
1930,lvincent,e1d1c762fee4e41cbda756da77128f172d71d30ae3e4e10a97bd66c1a8412247,MEMBER,lauratucker@example.net,1,2025-11-09 19:43:51.000,2026-03-12 10:52:30.000,2025-09-08 00:42:52.000,1
1931,lopezamber,c30b41d0835a2871de2d957bca2f1c53207606e828c9bd2f1167b4bbaadd0f75,MEMBER,loveshawn@example.com,1,2025-11-09 19:43:51.000,2026-04-14 10:35:04.000,2025-11-21 04:29:31.000,0
1932,kathleen26,0da82672f530a2f5b351bd3349b9ae7cbc63d91fee9ac0ec4dbd4750628d9518,OWNER,webbchristine@example.com,1,2025-11-09 19:43:51.000,2026-04-28 14:53:52.000,2025-11-12 01:28:50.000,1
1933,pamela12,6f9e3dfcc5b3703cb56c82425bec8fdf7f381c31fe072444847aef29ad6429a7,ADMIN,richardtaylor@example.org,1,2025-11-09 19:43:51.000,2026-04-12 12:41:09.000,2025-07-24 01:55:04.000,1
1934,jessewashington,1f72ca1c1fbdd68f8076c300ff65f393471c6aa1eacdfc04fdc86194850386d1,MEMBER,richardslauren@example.com,1,2025-11-09 19:43:51.000,2026-03-23 10:36:56.000,2025-11-09 09:56:46.000,1
1935,vcole,f5df98255ee8dfac77ca436c2948f53fc6a2b689bef7f5f1f776b1b00df2ab10,MEMBER,murphyshelly@example.com,1,2025-11-09 19:43:51.000,2026-04-03 14:44:42.000,2025-10-09 15:14:50.000,0
1936,rhodesshane,3972903b8eecebe6806ffdf7446b10c8763cce85d5f9877a50f7f91d89d39e5d,OWNER,donna84@example.net,1,2025-11-09 19:43:51.000,2026-04-14 12:47:13.000,2025-07-07 16:36:13.000,1
1937,cordovatiffany,04d9ddc046683befeb9b2f4d04c96e802a575e2a95a3d231611f28c62265d0bc,ADMIN,evincent@example.org,1,2025-11-09 19:43:51.000,2026-04-24 18:45:29.000,2025-08-22 09:14:05.000,0
1938,jjones,c6409e3b74dbdf62e8233c52b5c967b3858355b686c5589beccdd73c55f048cb,MEMBER,rhogan@example.net,1,2025-11-09 19:43:51.000,2026-05-06 09:10:29.000,2025-12-29 10:52:05.000,0
1939,robert59,41cb1e4b9c39b715ef51c8fdcb47b3b2e52c3e0e4b742d0fdbded9ea0f6bc4d0,MEMBER,ebony86@example.org,1,2025-11-09 19:43:51.000,2026-05-07 11:11:34.000,2025-06-11 13:33:25.000,1
1940,jennifer69,f6f0b8211f00a1428806ef137105fae0a5be5e2b0185ab585544024cc9b0febb,OWNER,kmccarthy@example.net,1,2025-11-09 19:43:51.000,2026-05-02 22:10:25.000,2025-12-06 10:36:36.000,0
1941,guerrerojohn,1df98ccbd2e5ab623243d2c17d9b581ed2fce31690aad9c09b399539962de398,ADMIN,tramos@example.com,1,2025-11-09 19:43:51.000,2026-03-11 22:52:55.000,2025-07-25 19:13:06.000,0
1942,kristy50,2000dd2a75d6bc049b61db726e6857cc13008bb6942c68b1350075def3f46b9f,MEMBER,robertgonzalez@example.com,1,2025-11-09 19:43:51.000,2026-03-30 22:18:56.000,2025-10-11 17:24:37.000,1
1943,jeremiah88,96cf8741dc2dbb85807b4ca88f9d23dd87b039bb79b248572ee60a19c15d6591,MEMBER,wjones@example.org,1,2025-11-09 19:43:51.000,2026-03-23 03:05:33.000,2025-06-05 02:26:45.000,1
1944,leekatherine,d4e761f49a88afb880d6cfaf872623740d4375ae8a1e4f4380d37f1a6413092b,MEMBER,casey25@example.net,1,2025-11-09 19:43:51.000,2026-05-02 08:47:22.000,2025-06-15 08:33:02.000,1
1945,geraldfrazier,ca1d1b17c36e70018c7793f0678bdd5920b109719531f6667842d3b92d1f637a,OWNER,davissabrina@example.net,1,2025-11-09 19:43:51.000,2026-04-24 15:48:20.000,2026-01-08 22:23:56.000,1
1946,pallen,8855a1b4971370f24e13d2ab67601f52c52f35f94fd07ec39bd28e3966313d74,ADMIN,kaitlyn71@example.org,1,2025-11-09 19:43:51.000,2026-05-01 02:29:06.000,2025-05-25 07:01:25.000,0
1947,turnerluke,81a965b521d68e7810320f7c963406b93740abf05fef084bdde96a90d267d9d9,MEMBER,omar45@example.org,1,2025-11-09 19:43:51.000,2026-04-03 03:50:25.000,2025-07-05 15:28:48.000,1
1948,bjohnson,5708880f23e5849e9aa99ef7ebaba22e80b1df4e4859f8cbdc57805f7fa84849,MEMBER,sandraromero@example.com,1,2025-11-09 19:43:51.000,2026-03-12 03:46:21.000,2025-08-27 18:32:56.000,0
1949,russostacey,c356ebfb3238e189101d96b0b46e6a681c2b08247790cb6741934d381d43e5d3,MEMBER,rwilliams@example.org,1,2025-11-09 19:43:51.000,2026-04-14 02:51:45.000,2025-06-17 07:00:38.000,1
1950,jonesjanet,46372787ea2ef9bb1b70d4c6692d8c52e79ba37a6065919e78d6bc0b8107a73d,MEMBER,raymondwilson@example.org,1,2025-11-09 19:43:51.000,2026-05-02 06:45:53.000,2026-02-14 08:16:27.000,0
1951,johnwade,ba996cebbe32139f2b0ca7a20772b6fea7d3bb0b2765daa21999953a9cb9bad3,OWNER,calhounjustin@example.com,1,2025-11-09 19:43:51.000,2026-03-28 21:32:05.000,2025-06-20 06:59:57.000,1
1952,hernandezlauren,842b90df9dc26d4c6419848bd9b2e321cb421dfc6f8b653d4167ac2b585c61fb,ADMIN,connie20@example.com,1,2025-11-09 19:43:51.000,2026-04-03 04:12:56.000,2025-05-20 16:59:34.000,0
1953,suzannerodriguez,60fc3f175b64b04c7fa98bde9ffc1cf1b1705681295bec1fe4b18e1446f74047,MEMBER,smithpedro@example.net,1,2025-11-09 19:43:51.000,2026-03-29 16:09:08.000,2025-04-21 20:48:22.000,1
1954,rosecaleb,7b2e9013025ddb982b10cd0b90adf745f0e0999badf97d6b1091e6c4fabbc562,MEMBER,poolealicia@example.org,1,2025-11-09 19:43:51.000,2026-05-04 10:37:41.000,2025-11-29 09:59:03.000,1
1955,samanthablack,c192b19847ae60296ec8f05ad209da0f4ab02d2d445e9d026155a74227192445,MEMBER,bradjoseph@example.net,1,2025-11-09 19:43:51.000,2026-03-31 10:17:01.000,2025-10-31 13:54:28.000,1
1956,campbelleric,7ee6e3a644b0cf8bbd288543e5c20fc3a814579139833252997ca0d3c85386d0,MEMBER,christopher33@example.org,1,2025-11-09 19:43:51.000,2026-03-14 15:01:10.000,2026-02-24 12:50:44.000,0
1957,velazquezcatherine,d687a100a189151a5829bc9cf539eb69ee76f8ceb6b288319157e4b706f46c06,MEMBER,miranda83@example.com,1,2025-11-09 19:43:51.000,2026-03-22 04:21:23.000,2025-06-04 23:09:09.000,0
1958,simonkayla,d068e7077646e9df16e9df62816eb0cc8252d69dab5a29f683bd1b7dbc07fa32,OWNER,luis87@example.com,1,2025-11-09 19:43:51.000,2026-05-05 00:53:30.000,2026-02-04 14:36:27.000,1
1959,jmiles,e8f05c9610bb15cf181bafd723259a3fc0e425db21cd94d1dd4d4117bd3ed580,ADMIN,eric26@example.com,1,2025-11-09 19:43:51.000,2026-03-16 06:00:45.000,2025-09-18 13:44:54.000,1
1960,tracysmith,532d71e26ac1fcd96713793eb48a6d55626ae6d5351ceff78323479487c3ae7b,MEMBER,vazquezmelissa@example.net,1,2025-11-09 19:43:51.000,2026-04-22 15:49:24.000,2025-11-16 06:57:48.000,0
1961,ztaylor,82f03a08a9b3707669a5ffdb30dc65d3fb24fd8c9f0168dedd5d6e57fc266014,MEMBER,gary30@example.net,1,2025-11-09 19:43:51.000,2026-05-02 04:35:12.000,2025-05-07 17:31:35.000,0
1962,sara00,3a83e83bd96ca68b0784facdb913a2c07bb15935756ca71e770ad521d7290d1e,MEMBER,jenniferphillips@example.org,1,2025-11-09 19:43:51.000,2026-05-08 15:05:45.000,2025-09-08 03:21:38.000,1
1963,callahansarah,95d7068d77b48539a9f4588e070edff603a7b222c93aadcf0186271933156d88,OWNER,ashleyjensen@example.net,1,2025-11-09 19:43:51.000,2026-03-29 12:49:11.000,2025-07-13 02:22:31.000,1
1964,ohicks,0493771c4ae82d2a08f7968c4cf8ef8d6ca76870685bfe562aaff14e37b8607c,ADMIN,kimmary@example.com,1,2025-11-09 19:43:51.000,2026-04-19 17:46:40.000,2025-04-22 04:14:07.000,0
1965,ocampbell,73b12bd68920d27fe0cc77b8e440ea3b944921c6eff05cf83780a38303aef09a,MEMBER,teresamoore@example.com,1,2025-11-09 19:43:51.000,2026-03-19 21:55:28.000,2025-04-11 21:52:54.000,1
1966,jamesmiller,bd1819fb4a2a1d2c036d97a5309686f3c534de66743f3292f946ebad8c7b134d,OWNER,riosjames@example.net,1,2025-11-09 19:43:51.000,2026-05-04 00:24:41.000,2025-07-03 23:00:46.000,0
1967,nallen,7abbccb43f1bec88cbebf35a691bd04dfd446265c5e6dac009c8440c0f29ffd1,ADMIN,moralesanthony@example.com,1,2025-11-09 19:43:51.000,2026-04-19 18:39:27.000,2026-03-09 05:07:54.000,0
1968,sjohnson,bb61f2b0269584397befa927339961360610b7e841df5f8aed945705e0b921d3,MEMBER,danielleoconnell@example.org,1,2025-11-09 19:43:51.000,2026-04-18 20:00:40.000,2025-06-04 18:48:59.000,1
1969,ppatterson,62e1d965b52b31c2c41649c97da925a87f310593d04cc450ac79a2d5b1c6e2c1,OWNER,jwilliams@example.org,1,2025-11-09 19:43:51.000,2026-05-06 12:58:49.000,2025-04-07 10:01:42.000,1
1970,berrymichael,210e3311e3076140c7c0b20032839018ae64bfdd6c0fe5cd0bc8b89c1e9924a5,ADMIN,michaelphelps@example.com,1,2025-11-09 19:43:51.000,2026-04-24 09:28:40.000,2025-11-27 16:45:39.000,0
1971,ashley41,9283055acc7823c5ebbc788a385423afa03bcfe416a70563925d2dac38ef9e1f,MEMBER,hmeyer@example.org,1,2025-11-09 19:43:51.000,2026-03-14 13:24:15.000,2025-05-11 13:26:24.000,0
1972,rachelmorris,8411b6ac9126995144e5c60317383b423014592368bab7d3be03154b9d73f1ef,MEMBER,michelle43@example.com,1,2025-11-09 19:43:51.000,2026-04-30 14:11:49.000,2026-02-14 04:37:20.000,1
1973,nparker,4cbaadfb707b6bf20a1befb81ddf0ebd9e13b755d79b623be053cf58bf162eac,MEMBER,fryesharon@example.org,1,2025-11-09 19:43:51.000,2026-05-06 19:39:09.000,2025-11-12 09:53:23.000,1
1974,pbaldwin,b5791c1b78906f7c4625f3283c49247257aa3a9f901cee4f0650bcd8147a59b3,MEMBER,john21@example.com,1,2025-11-09 19:43:51.000,2026-04-05 05:33:12.000,2026-01-31 15:00:02.000,1
1975,christopher09,b8f82020f7338e94f512c990d81b6e0e1a29edf7551ef7cbf8210bea07d77f66,MEMBER,rachel52@example.com,1,2025-11-09 19:43:51.000,2026-03-11 17:47:50.000,2025-07-08 21:05:25.000,1
1976,deannacarter,c11b454da903438f00c2826f122f8c37737b895e8900cb28056294cc4c30542d,MEMBER,caseybrenda@example.net,1,2025-11-09 19:43:51.000,2026-03-15 19:34:36.000,2025-09-01 10:08:22.000,0
1977,tfreeman,7d688679dc72bbca7f3d1bfae13d5d3d4563fb808ded2b89ae8dc5bbba4803a7,MEMBER,kyliehill@example.net,1,2025-11-09 19:43:51.000,2026-04-29 11:50:47.000,2025-09-08 11:29:12.000,0
1978,robertssamantha,9a66c340749da23910fc70a85dc50e8d34800b2dd3d7fbc74a03f8c177060fe1,MEMBER,thomasgina@example.net,1,2025-11-09 19:43:51.000,2026-05-04 16:00:40.000,2025-11-30 15:26:03.000,1
1979,bridgeskiara,806190fd97c5c2e194152d1e99b9d2f2e21bd980cd6983c6aa91cd96a0bf659a,MEMBER,brittany72@example.org,1,2025-11-09 19:43:51.000,2026-04-17 10:57:57.000,2026-02-08 09:31:33.000,0
1980,nmcknight,94a3a0b8bb73161ed8d0c2d77cf05e209325d92f3f0367a5f519945987105f75,MEMBER,nmendez@example.com,1,2025-11-09 19:43:51.000,2026-03-12 17:03:32.000,2026-03-03 21:28:44.000,1
1981,jschneider,d513d7149b9b67f34fa1627f32ea515f1c91d3c40c4ebcfabd9d35526c6599e5,OWNER,james13@example.com,1,2025-11-09 19:43:51.000,2026-04-25 04:39:04.000,2025-04-07 23:19:19.000,0
1982,philipmoore,f67da1f01d2cb392c490a1b1efa1c356bf5762b36259b12d7651e21f1d2f7a1d,ADMIN,monicapearson@example.com,1,2025-11-09 19:43:51.000,2026-03-10 00:03:24.000,2025-07-31 05:07:22.000,0
1983,xhebert,b5d01fc8cd1291ca719063ccd3f2934936a82a93e2e5fa34b81473eb6cc71d00,MEMBER,richardtanner@example.org,1,2025-11-09 19:43:51.000,2026-05-01 12:27:50.000,2025-08-27 11:32:31.000,1
1984,johnsmall,6e79ed4dbc2e3399d756d6b0fcebf610d9d68a6b7a31f14db1979fb2384759e8,MEMBER,sanderson@example.com,1,2025-11-09 19:43:51.000,2026-03-13 16:28:49.000,2025-10-05 08:39:40.000,0
1985,harrisallison,cf521129936d6f91df0e315dd41376de6b8e1a027178de463465ec818bdbb08a,MEMBER,alexis64@example.org,1,2025-11-09 19:43:51.000,2026-05-06 03:31:25.000,2026-03-06 14:05:37.000,1
1986,franklozano,ee97cd4de35e07e4ac933a743e4ad7a1f4b5b23f0da6202a0d609e937bcff27c,OWNER,sarahalvarez@example.net,1,2025-11-09 19:43:51.000,2026-03-31 08:56:30.000,2025-12-18 05:02:48.000,0
1987,lance86,6cda0f0989177541b534c3434641c3e65a509d54dd4125ec2c99e8387babec44,ADMIN,hodgesshawn@example.net,1,2025-11-09 19:43:51.000,2026-05-03 09:07:35.000,2025-11-23 01:41:32.000,1
1988,fullerjeffrey,d1d5b02f103439a4fff666d1b158bfca50e8a6314a0f3ee5c4df75db81f4995b,MEMBER,josemorgan@example.net,1,2025-11-09 19:43:51.000,2026-03-18 14:42:08.000,2025-08-04 16:18:50.000,0
1989,kylegarza,450bb50f57b51ad2a1ec3a2424b583a4a5cdf4f93a6f38336e933f4f97ad6450,MEMBER,yweiss@example.org,1,2025-11-09 19:43:51.000,2026-03-11 19:37:18.000,2025-08-20 09:23:47.000,1
1990,kathyholloway,5e0e19d6e35ebd6cd5f84b663b3da9ec91a182ea6e8daef0d3791805de541040,MEMBER,lisacannon@example.net,1,2025-11-09 19:43:51.000,2026-04-12 23:39:32.000,2025-10-17 05:01:14.000,0
1991,ifox,33971e56ec817ae304636a3d3af42a53bbf73561535771a34ed00b67dc5a9e49,OWNER,yturner@example.org,1,2025-11-09 19:43:51.000,2026-04-11 16:07:40.000,2025-04-28 21:01:22.000,1
1992,krodriguez,7d112bcc54bc352fe610b6534c97cbcee5004e92bc26ff234fde1e67a7cd6942,ADMIN,frogers@example.net,1,2025-11-09 19:43:51.000,2026-04-21 20:23:47.000,2025-09-13 04:08:10.000,0
1993,ujoseph,15ca231063d4cfd34effdbd26136e59c41ccdc00357ecb4c96d10231d3455729,MEMBER,ufreeman@example.net,1,2025-11-09 19:43:51.000,2026-04-25 12:28:26.000,2026-02-02 06:30:36.000,1
1994,gmccarty,0c8ed6da7d9d29d43d56f8f3a428cd3e330e515a1179e6ea82023efb5de83bac,MEMBER,erinflores@example.org,1,2025-11-09 19:43:51.000,2026-04-08 21:06:15.000,2025-11-25 21:56:18.000,0
1995,omarcopeland,a8dfad937aa581dff381330605762c157c02bdb8ad08df4bc08685ed8ac760e6,OWNER,allen27@example.org,1,2025-11-09 19:43:51.000,2026-03-21 10:52:05.000,2026-01-17 05:40:47.000,1
1996,combsamy,cbd42cccc58259f3952a27dd2cb7dd103dff1cef83093f51440135fbaa6ec393,ADMIN,leekeith@example.net,1,2025-11-09 19:43:51.000,2026-04-13 16:26:50.000,2026-02-25 07:16:51.000,1
1997,cobbscott,a1533841c3da27f44121be2c7887561b77b6e5f3fd28ea2dcf75a303cab18300,MEMBER,xcollins@example.com,1,2025-11-09 19:43:51.000,2026-04-30 12:50:58.000,2025-04-10 19:06:08.000,1
1998,rwatkins,070defb8325761fd16021da7faca69831c967899846f664e880b5d334b5dfc3f,MEMBER,anthonysimpson@example.com,1,2025-11-09 19:43:51.000,2026-04-08 06:26:56.000,2025-08-09 23:51:46.000,0
1999,psanchez,411197a7beb9f37c3295de3ce84cfed2b3f9d0d981926e837c0955425ddd09e0,MEMBER,tracey68@example.org,1,2025-11-09 19:43:51.000,2026-03-29 20:56:30.000,2025-04-06 13:25:06.000,0
2000,fmoore,f898259c3862fd0e3102147c44aaf59718888297c8d455720fa7d480419fcf37,OWNER,racheldiaz@example.net,1,2025-11-09 19:43:51.000,2026-03-10 11:38:56.000,2025-09-18 12:29:23.000,1
2001,courtney58,7e766116a153b9db35794f60f881eaaab9f9ac47db420e8f2cbab7fbb939c6a8,ADMIN,kellydonna@example.org,1,2025-11-09 19:43:51.000,2026-03-28 14:36:00.000,2025-05-18 00:35:42.000,1
2002,rogersanthony,ebe64eb194bce465ce7592a8b54d5d3e42845fc132948df48298dcf9d1b1ec36,MEMBER,tuckertina@example.net,1,2025-11-09 19:43:51.000,2026-03-20 20:10:46.000,2025-05-09 18:47:47.000,1
2003,kylemclaughlin,1ee7065ad3dff15f55528c480f0fe90cb5574263dba397f2491c95e3ac82c144,MEMBER,isabellowe@example.com,1,2025-11-09 19:43:51.000,2026-03-20 20:21:36.000,2025-04-24 14:42:03.000,0
2004,btyler,8ce24f574e263232681955059a32192bbbd788435b5796c5f0ab7de8e7a418ce,MEMBER,bcline@example.org,1,2025-11-09 19:43:51.000,2026-04-18 12:16:42.000,2025-10-15 12:49:02.000,0
2005,dsmith,f62c8fdf7720881f0229d5e908b954e757b6d112cd49356c8bf4bde54f43322f,MEMBER,castrojohnny@example.org,1,2025-11-09 19:43:51.000,2026-03-22 22:51:12.000,2025-06-18 01:43:16.000,1
2006,sdiaz,98876f1e1ba31583fe6f1c7af1c60c2d1369612b7e3e9821449aa51425336514,OWNER,carlajennings@example.com,1,2025-11-09 19:43:51.000,2026-04-23 01:20:25.000,2025-04-14 16:25:44.000,0
2007,heidijones,20d44b7a3b9dfe945c760bb715f17f209c15917553e5609cee07281cf84cd6ca,ADMIN,fmedina@example.org,1,2025-11-09 19:43:51.000,2026-04-17 09:52:06.000,2026-02-01 05:16:57.000,0
2008,pacevalerie,2348d0fb417587152888d6e19e1c27d8836dc402a428d3fb80db6b24f68567f1,MEMBER,williamswilliam@example.com,1,2025-11-09 19:43:51.000,2026-03-31 04:36:53.000,2025-04-05 17:34:43.000,1
2009,kendra11,0a865a0a64d745e9ad13fc5c67c8b8a2ff36c15e8a532b9ead94eefd5324c075,MEMBER,halefranklin@example.org,1,2025-11-09 19:43:51.000,2026-04-09 10:45:35.000,2025-06-25 10:24:45.000,0
2010,ryanmoore,961357dc581a5af5b6ede6f5cb1c22b215a0f19f90f9aaf255b72c63136439a8,OWNER,millerdavid@example.net,1,2025-11-09 19:43:51.000,2026-04-02 09:02:56.000,2025-06-17 14:28:27.000,0
2011,browngary,b87322f80900869d149b84776b2fc6a31d19cc554449b34120f5b0daa82dba31,ADMIN,woodsalan@example.org,1,2025-11-09 19:43:51.000,2026-04-15 19:09:15.000,2025-04-06 00:43:54.000,1
2012,nharris,ee687ed73a3d63111da432fd36a2fa5444b6c52d3f61246198128b0d1fe20359,MEMBER,sethchandler@example.org,1,2025-11-09 19:43:51.000,2026-05-06 06:48:04.000,2026-02-11 19:43:57.000,1
2013,kanenathan,5f206b73ab7f7a33a067b0ada2a985e2370df1803b617385010121643da1f23e,MEMBER,kwilson@example.com,1,2025-11-09 19:43:51.000,2026-03-29 20:48:37.000,2026-01-26 19:37:21.000,1
2014,awright,dce6821794bd1bc77865e27fde985c71fcefecc66e0f1d349d1e2e41bac38579,OWNER,heidilane@example.org,1,2025-11-09 19:43:51.000,2026-03-20 01:57:33.000,2025-12-10 09:12:55.000,1
2015,ospence,5793606f67764389579288ccd10f75b5f89571d181abfb2227c30ab6386432b0,ADMIN,rhicks@example.net,1,2025-11-09 19:43:51.000,2026-03-28 12:33:25.000,2025-08-16 04:54:00.000,0
2016,nicholsaaron,33d523be001641e1578ddd44dad1a4b66fbc144dd6a13cf5865ffbac26313a24,MEMBER,jesussmith@example.org,1,2025-11-09 19:43:51.000,2026-05-06 00:24:45.000,2025-06-24 12:19:44.000,0
2017,jessicaramirez,7f9fe871434a173d5e8317078cd4ca14b1e9b96b39d5a15f0fae6844c1fdd7a6,MEMBER,josephgallegos@example.net,1,2025-11-09 19:43:51.000,2026-04-26 15:53:59.000,2026-01-29 15:14:39.000,0
2018,pamela36,3c9ca5b16f713a32e1336eb5740f2118819cd557fb166c42f601994579e9c00c,OWNER,lgregory@example.com,1,2025-11-09 19:43:51.000,2026-04-10 01:28:56.000,2025-04-30 06:04:13.000,1
2019,amandapowell,25d694fc7e43619b81fa6fc9923195837326720621a9632f40155015b0b83210,ADMIN,currysandra@example.com,1,2025-11-09 19:43:51.000,2026-05-07 19:41:15.000,2026-01-31 09:32:39.000,0
2020,qmccall,5b13d72c2038da604bed8037d3a39fc3dae9392f3074de96204bb889fba7c53c,MEMBER,jason08@example.org,1,2025-11-09 19:43:51.000,2026-03-09 21:18:39.000,2025-09-02 02:15:32.000,0
2021,angelicarubio,a7098151b3d4696854e18000a2c1a090258310d10172df4a7976188393159d0f,MEMBER,jli@example.org,1,2025-11-09 19:43:51.000,2026-04-26 21:23:28.000,2026-01-15 01:15:26.000,0
2022,alexrosario,e82297470e5f0d36db075599a794f8ac8ac669d6f785aa385185b8b2527e5519,MEMBER,hhardy@example.com,1,2025-11-09 19:43:51.000,2026-04-21 15:27:02.000,2025-10-08 01:41:38.000,0
2023,kwashington,466e6a3acc4d4c1ef0f1e0141805785c86f085f67fd30de9e41f5a84e48d2d1a,MEMBER,jeremyorr@example.net,1,2025-11-09 19:43:51.000,2026-03-21 03:57:21.000,2025-11-27 23:11:27.000,0
2024,cparrish,1b2f454d25fd26fc664650214dde577a66252e1d6beea2c0e0bac90342f1af18,MEMBER,turneralyssa@example.net,1,2025-11-09 19:43:51.000,2026-03-15 18:15:15.000,2025-12-30 05:03:58.000,0
2025,adamhodges,983da6a1556d04a9a9ee06600c51991f301408dc5964c9cdc633bfbddaccade5,MEMBER,amy18@example.org,1,2025-11-09 19:43:51.000,2026-03-13 20:58:01.000,2026-02-06 04:04:13.000,0
2026,jonathonjohnson,d850d6cabc1a8a1f8f6fa2e75548a5c442727f11cc93b7df3aac4950e2ec1e29,OWNER,wbooth@example.net,1,2025-11-09 19:43:51.000,2026-03-10 01:53:17.000,2025-08-06 06:38:03.000,0
2027,jacksonjasmine,74307f58e66d544cec2558318b9e4c21c9c0520b61a6cd9b01bd5fd6f6fe2520,ADMIN,westnicholas@example.org,1,2025-11-09 19:43:51.000,2026-04-04 20:18:32.000,2025-12-22 13:47:59.000,1
2028,robert31,3438198a5052f1a0ef3406d6d52f6987858f060a8267927eab3f3f9bc99ce194,MEMBER,mitchelljennifer@example.net,1,2025-11-09 19:43:51.000,2026-03-22 12:11:55.000,2025-08-08 02:35:11.000,0
2029,hwade,06d43fc4ac3640c208fd970c760df231a7adb7c2fc36ce05bc3cd7e3afa8b27f,MEMBER,clang@example.org,1,2025-11-09 19:43:51.000,2026-04-22 15:24:22.000,2026-01-28 06:26:35.000,1
2030,dawntapia,edfcbf4e17eb656f5bb0d55ecbc1b6e65d08457b0611b416f8cefc8a5012354e,MEMBER,john92@example.org,1,2025-11-09 19:43:51.000,2026-04-20 05:42:57.000,2025-09-10 18:33:48.000,0
2031,robertsonrichard,ab5feaec7ddb4288ba8e3c5d3242fdf007c38927e3db171314dd45487111ea8a,MEMBER,ilarson@example.org,1,2025-11-09 19:43:51.000,2026-04-01 17:24:26.000,2025-09-26 12:31:31.000,0
2032,ricekarina,f2927e6be1643febb69b7d6995fa9df9dc18eb8a598b0b05d921a31f93d94952,MEMBER,bryantjill@example.org,1,2025-11-09 19:43:51.000,2026-04-23 20:19:29.000,2025-12-22 16:26:38.000,0
2033,charlesfreeman,488baea43127ec1b96c3adc30327a09e2b23304e0493c0c68e0a5d74b415ec7a,OWNER,vanessaharris@example.net,1,2025-11-09 19:43:51.000,2026-04-11 16:06:53.000,2025-08-09 11:18:09.000,0
2034,smaldonado,614304b93e0ddd52cf07d753f376399439c52a1999375d7d4ad30ea71fae4f9c,ADMIN,jessicamiller@example.com,1,2025-11-09 19:43:51.000,2026-04-09 08:00:00.000,2025-10-18 15:54:29.000,0
2035,vcain,c215ff0191bf84a94b2a9f79f4813b1b6748007d63a7c9d7298f1ab4b5152e0d,MEMBER,tammywood@example.net,1,2025-11-09 19:43:51.000,2026-04-27 01:04:02.000,2025-07-06 16:47:47.000,1
2036,davidmiller,8137aa532a57b0848faee7ce0b2e54368313ad5e9b74eb6438ae40cdee6362f2,MEMBER,amandamccann@example.com,1,2025-11-09 19:43:51.000,2026-04-30 19:06:21.000,2025-11-13 07:45:36.000,0
2037,brendan49,599bcadf01b202e74005ca26edd1a1172c13ad4b3f4b3d62f801d826410b4958,OWNER,arnoldjoseph@example.com,1,2025-11-09 19:43:51.000,2026-03-09 21:29:11.000,2025-06-03 05:12:36.000,0
2038,sanderskerry,60c70d06bd4ef74c1f9cb20b12a9b565ee882cb4463c101d6ed868e9f6d1391d,ADMIN,fryerin@example.com,1,2025-11-09 19:43:51.000,2026-04-15 17:23:28.000,2025-10-03 06:49:56.000,0
2039,milesbrian,b90512aa80acbfad0c4402b80334588814f3f30ca006fc5e665582b892386d94,MEMBER,rreilly@example.net,1,2025-11-09 19:43:51.000,2026-03-17 22:31:12.000,2026-02-19 07:07:41.000,0
2040,barberian,ccae201c98ac2263463aca370ef4e24b0b16310e9f8d4e59606ea5ecb1c3e92e,MEMBER,sarahmorgan@example.org,1,2025-11-09 19:43:51.000,2026-03-24 22:33:22.000,2025-07-07 03:30:47.000,1
2041,smithjose,558cffa146f6cc67264c41b1cc023b6e27d8e61e00d2436c156cd1bef65af3bd,MEMBER,dean56@example.com,1,2025-11-09 19:43:51.000,2026-05-08 01:35:28.000,2025-11-12 11:10:25.000,0
2042,heather04,c55845ce66deb7663176243400c4518506323b95222b73f755122ef52673ea12,MEMBER,burnsrobert@example.net,1,2025-11-09 19:43:51.000,2026-05-04 07:05:23.000,2026-01-21 07:24:21.000,0
2043,bennettmichael,920f05f8a57c6c22998be7ab58205b4b6941c1bc21bd377b853706053e7e631d,MEMBER,antonio48@example.net,1,2025-11-09 19:43:51.000,2026-03-13 18:49:37.000,2026-02-28 23:03:56.000,1
2044,wlong,facf95d6e2ee7c6c98e0bb7f25b1da7eed9fba355c78889a2a4919cc1c8f82ef,OWNER,nmcguire@example.com,1,2025-11-09 19:43:51.000,2026-03-10 10:25:48.000,2025-05-16 20:14:24.000,0
2045,mgarcia,77d82e12a51cbf3d071b5bfbb947889072b58fdae32f9d0d9b3d7fd6df252855,ADMIN,hannahjimenez@example.org,1,2025-11-09 19:43:51.000,2026-03-17 11:26:49.000,2025-11-05 09:31:43.000,0
2046,wjensen,70dac4c8a8889dc8b93d6c4caaee1d8f56bbb04f64b9efbbc73739c680c0d6e3,MEMBER,susan16@example.net,1,2025-11-09 19:43:51.000,2026-03-26 10:36:29.000,2025-12-02 17:11:12.000,0
2047,thomashoward,1246c2c7128c7027106669c63ac16fd1d4f042f6f502be40b21daa6f1bb67838,MEMBER,zachary26@example.org,1,2025-11-09 19:43:51.000,2026-03-22 23:06:57.000,2025-05-18 10:19:38.000,1
2048,madelinewiley,8fdd861011de7393e3aa0c2cafd2dc27c8a2582deca4a90926590433236a54f0,MEMBER,william08@example.org,1,2025-11-09 19:43:51.000,2026-04-08 16:53:23.000,2026-01-17 23:42:02.000,0
2049,davidmcmillan,b776be6bac0b1021f1b4200489923a69df74577df0ed544e15d6fbff5cff35ab,OWNER,hortonrobert@example.org,1,2025-11-09 19:43:51.000,2026-04-01 04:45:03.000,2025-06-08 18:28:16.000,0
2050,bschmidt,348a6bfb8f0f93f7870f17ce74cad512999ee7c3fb5c41b48a6a1f76b709a5bf,ADMIN,lisajohnston@example.org,1,2025-11-09 19:43:51.000,2026-04-09 00:32:16.000,2025-08-23 22:01:44.000,0
2051,robertferguson,fbf8d3c8723751d3627dd85eddb3112500df7b50813a8db5247fa65cf060fa50,MEMBER,alanhaley@example.org,1,2025-11-09 19:43:51.000,2026-04-03 06:02:18.000,2025-08-16 10:03:13.000,0
2052,madelinekent,0df29278f7eff07b5b13391d1b5852105972b5783e61855e78e223b1c8ac543a,MEMBER,bradfordkristen@example.net,1,2025-11-09 19:43:51.000,2026-04-19 18:04:22.000,2026-01-09 06:44:20.000,1
2053,nrivera,c52dbfd0a92256968161ca885256158ab64f066001ccb9de13ba7674bc11e9e7,OWNER,vhines@example.com,1,2025-11-09 19:43:51.000,2026-04-05 05:17:17.000,2025-09-07 02:03:27.000,1
2054,garciabethany,6b456efaed3d05833bae06813798bf0e33140bb05fedddbc37b48ca197940a09,ADMIN,jeffrey27@example.net,1,2025-11-09 19:43:51.000,2026-05-03 00:11:07.000,2025-05-06 10:42:50.000,0
2055,sherry23,b582e80c8f8f60745818e9957e7f27772254a4d8350969af7863a8aa3c1a9e3b,MEMBER,stacey13@example.org,1,2025-11-09 19:43:51.000,2026-03-17 17:50:18.000,2025-04-27 23:23:53.000,0
2056,emily96,1e893ce1b1111eea8d02a7bbb8e43af947e7f094b6f45a7cbd231dfc19ee3e2d,MEMBER,shermanemily@example.net,1,2025-11-09 19:43:51.000,2026-04-17 22:16:01.000,2026-03-06 15:35:04.000,0
2057,lopezamanda,73b0ac5b1e5ed1f42d5394d653839f05ec473b36c6d1716cf2cffcafa723782f,MEMBER,tthomas@example.net,1,2025-11-09 19:43:51.000,2026-04-03 18:21:14.000,2026-01-29 04:46:03.000,0
2058,vargasjeffrey,2265ef88c165906da0fe9dfaac571b59f41e8d7170b4934a2a547ce87333b364,OWNER,novaknancy@example.com,1,2025-11-09 19:43:51.000,2026-04-30 17:36:11.000,2025-04-17 17:17:03.000,0
2059,barbara07,331e14b8ff8f823b7053080134150c48a85fb0a1f5ac2b29d504b763a805e91a,ADMIN,sdavis@example.net,1,2025-11-09 19:43:51.000,2026-04-13 17:52:08.000,2026-02-22 18:56:59.000,0
2060,joshuaking,6277b4b2ecc203f117bf400258ecacbf43c09a68f186017dae93923e0b8d838d,MEMBER,michael83@example.net,1,2025-11-09 19:43:51.000,2026-03-16 23:34:06.000,2025-12-26 18:37:18.000,1
2061,zanderson,3a2e76d9181e64bcf5963e93fd9b6546155640217359f44bea83ce5dc8b8b3f0,MEMBER,anthony73@example.net,1,2025-11-09 19:43:51.000,2026-03-24 16:45:59.000,2026-02-26 01:04:32.000,1
2062,blakesmith,cadfc3f1294148d1b9b4fba4bee41d10a1206b4354c4cbf3d6e275d8c348a93c,OWNER,bethwagner@example.net,1,2025-11-09 19:43:51.000,2026-03-19 13:18:08.000,2025-10-13 18:26:30.000,0
2063,rodneynguyen,44fceff50c26657b4c690614bb1e69a524071a027fc6772f531e017bdef10353,ADMIN,carlos75@example.com,1,2025-11-09 19:43:51.000,2026-05-05 03:43:36.000,2025-08-24 13:17:43.000,0
2064,mckenziejohn,4b5fe15fc53b52ac6daeb9a54fda98c57d0ec79a4fe0faffee8c4e767c6d27f8,MEMBER,tina50@example.org,1,2025-11-09 19:43:51.000,2026-04-08 21:17:47.000,2025-08-06 13:34:24.000,1
2065,obrientimothy,165d8c129f64ebaeb26d4758a93ecb73bbdd316b562c30ea3e58fc9283febe7c,OWNER,riley80@example.net,1,2025-11-09 19:43:51.000,2026-05-06 01:33:29.000,2026-01-27 00:09:23.000,0
2066,smithcarolyn,2751ef29ace87009da2db41228dfd1717a48f569f82e0ed164aa78b05ca82af0,ADMIN,rachel84@example.com,1,2025-11-09 19:43:51.000,2026-04-01 19:29:17.000,2025-11-27 23:12:31.000,0
2067,fowlerteresa,db2a22be31320ba9f48c338931424de77937bc5d22af33d038875331f07133d7,MEMBER,sara84@example.net,1,2025-11-09 19:43:51.000,2026-03-14 20:51:11.000,2025-09-24 22:50:02.000,1
2068,jessica42,dce2a1c33df0e521529594bfbc36a78a1fdac0cac919e9b597413331a0ac8f1a,MEMBER,james51@example.org,1,2025-11-09 19:43:51.000,2026-03-31 13:05:02.000,2025-04-24 08:57:30.000,1
2069,ejacobson,a4e08e5a1a155b9ac7f8d362356e028eb246ffc38c5190d426f5006e89eba151,OWNER,bonnie99@example.net,1,2025-11-09 19:43:51.000,2026-03-11 23:49:36.000,2026-02-26 00:40:45.000,1
2070,arnoldashley,83cfa2ba97e926e867b325e05e8819d62686575e55bb643d1bfd17f2ce91b87a,ADMIN,bpeters@example.com,1,2025-11-09 19:43:51.000,2026-05-07 14:29:38.000,2025-11-22 16:10:14.000,0
2071,osbornedavid,30ebf5d3e6f7bf660c8883fef3562840bb40727b786ca93d4e76c35028f4d4b8,MEMBER,hendersonkatie@example.com,1,2025-11-09 19:43:51.000,2026-04-21 20:36:49.000,2025-10-13 18:57:44.000,1
2072,johnsonmadison,6248517f7c30404e24ef45c39982403f8693059f5378d29c0d23a6e30ca4fa50,MEMBER,steve24@example.org,1,2025-11-09 19:43:51.000,2026-03-10 08:01:22.000,2025-11-09 21:04:20.000,1
2073,ejohnson,a1299ae3ba9e850e074c788d9de9b731c7380b43e22317d90636b72a53256e83,MEMBER,anthony71@example.com,1,2025-11-09 19:43:51.000,2026-03-19 20:36:23.000,2025-06-07 08:16:35.000,0
2074,marissa37,cbe12ed375ae3a9d579360c837a18b1ea6e3a50ab42ee17d763d1c55fca09215,MEMBER,angelamartinez@example.net,1,2025-11-09 19:43:51.000,2026-04-01 22:37:15.000,2025-08-29 07:51:51.000,0
2075,goodwinamber,a445b5cd932da4f05d2d5cee943c50cdcc47e405f8ad566c141c07602ffec20d,OWNER,antonio53@example.net,1,2025-11-09 19:43:51.000,2026-03-25 03:58:36.000,2025-12-27 00:06:26.000,0
2076,ryanaguilar,e6c7c3f9a09030617045d3fe1e07ca5e2a0c4a321c63a0efefede1ff1a93f6dd,ADMIN,daniel39@example.org,1,2025-11-09 19:43:51.000,2026-05-04 00:00:19.000,2025-12-11 00:41:51.000,1
2077,jguzman,af2f516453c227e8b648474f0d625f9b439d137ebb90ec6e19e93c12bf61549b,MEMBER,williamwolfe@example.com,1,2025-11-09 19:43:51.000,2026-03-25 19:34:12.000,2025-05-25 06:23:03.000,0
2078,bmay,5f8b24fd922922281c676fc566610dae58ef60f0eeb9b22170b15968846bd37c,MEMBER,gregoryjessica@example.com,1,2025-11-09 19:43:51.000,2026-04-10 20:24:15.000,2025-09-18 10:32:53.000,0
2079,rgardner,6adaf4dab0c91cc6af00731aa9d1cc391993eb2c14944514fff274909a5a4040,MEMBER,michelle82@example.net,1,2025-11-09 19:43:51.000,2026-04-23 05:11:40.000,2026-02-14 03:01:15.000,0
2080,peckhannah,991b2ed22b38701a082ae6ab431e389a788881f5a36bc17be8ca948cca8530a6,MEMBER,teresaallen@example.com,1,2025-11-09 19:43:51.000,2026-04-17 04:34:03.000,2025-12-06 02:28:00.000,0
2081,chrishudson,37614fea6ed7fa6835ecbb6f0ee5a3740a3214427d9d5f7b729d4fb9cf48c271,OWNER,dvega@example.net,1,2025-11-09 19:43:51.000,2026-03-23 01:23:57.000,2025-10-11 02:55:43.000,0
2082,cathy63,5918eacf5571c5fca33316c9e3c435559b13d4cfc26b34918c07e2e0d6f5a4c3,ADMIN,mperez@example.com,1,2025-11-09 19:43:51.000,2026-05-02 01:31:53.000,2025-12-04 16:16:50.000,1
2083,stephenwright,63aa87fd91c54882cfd2fed7e89e48ce5a53b6e5f2195e4eedc56c8aa2aa1ee2,MEMBER,pwade@example.com,1,2025-11-09 19:43:51.000,2026-05-05 15:44:55.000,2026-03-01 00:27:17.000,0
2084,april86,34f3835b9eaea3bfbf62ea4d7d7da9b3f42aeb51cbcaee2324a685cfeb87007d,MEMBER,rachelanderson@example.net,1,2025-11-09 19:43:51.000,2026-05-02 03:50:17.000,2025-11-16 12:05:17.000,1
2085,lnorman,1d7b3bfec8e5e832e99ad00acf2ccf5dbd9dbfa757d7744fd418d7efffe9a7ca,MEMBER,alopez@example.com,1,2025-11-09 19:43:51.000,2026-04-10 17:16:34.000,2025-06-19 07:01:10.000,1
2086,sandra19,c2973716f7fc35e3e7d3da347737b176e5cc8dd694b43f16ae7256ad6f5227fe,MEMBER,glendamiller@example.com,1,2025-11-09 19:43:51.000,2026-05-05 18:37:46.000,2026-02-20 14:32:23.000,0
2087,jaredyoung,f27f3feeefc222a61b2e2103c8f6ce79d8b10ce86025db7726321744ca012a6f,MEMBER,brittanyedwards@example.com,1,2025-11-09 19:43:51.000,2026-04-27 08:34:15.000,2025-06-24 17:21:27.000,0
2088,sdunn,4f58669e819ada6e09a61db6ef02fc336771b24d776aaf9fbf34a5ca1b70a1c8,MEMBER,nbrady@example.net,1,2025-11-09 19:43:51.000,2026-04-21 04:57:19.000,2025-08-06 05:01:14.000,1
2089,wmunoz,ced163f3a3bc24e003ddd6d68719569ba865b4ca81065d76b706cd46a76ee446,OWNER,thompsonnicholas@example.org,1,2025-11-09 19:43:51.000,2026-05-07 15:07:45.000,2025-07-03 15:04:21.000,1
2090,bacosta,d4d61467415bff6a28c0184b69b8150ef3b97dfd2471b4397d712a7c3d6d3255,ADMIN,andersonnicole@example.org,1,2025-11-09 19:43:51.000,2026-04-25 12:34:19.000,2025-08-14 13:25:48.000,1
2091,wilsonangela,5bc466ed3f10f54898b4021b9570125a28558ca84e8065c606da9376c18f3fda,MEMBER,diamond20@example.com,1,2025-11-09 19:43:51.000,2026-04-08 18:50:14.000,2025-12-30 11:37:47.000,1
2092,groberts,14feaf223ddf090c2e57cad252be359ac90b84b92cff6b9cf18921ff07bdf5ad,MEMBER,tiffany53@example.org,1,2025-11-09 19:43:51.000,2026-04-14 00:45:39.000,2026-02-02 02:13:59.000,1
2093,chad82,23262f073cde53e135e128f21bea07ce9897bfe677a023f4cf253aa46e45c618,MEMBER,amyzamora@example.org,1,2025-11-09 19:43:51.000,2026-04-22 03:02:40.000,2026-02-18 08:30:03.000,1
2094,ramirezmatthew,dd91e893bc113b59c358283043444af743cdd80951013a6314a6bb937b19cf96,MEMBER,xfisher@example.org,1,2025-11-09 19:43:51.000,2026-05-05 15:23:44.000,2025-08-04 09:21:02.000,0
2095,perezpenny,7dc429ea826ebbc1c9ff665262c3091ef83d2f336e3aeeff040531ccd3fafed8,MEMBER,eharrell@example.net,1,2025-11-09 19:43:51.000,2026-04-05 00:24:53.000,2025-10-12 16:33:47.000,1
2096,raymonddonaldson,462b37610bff914ec8fa4d7abe56664382a9f44b5a6d221e7dcc8c2ba2d35298,MEMBER,edwardmatthews@example.net,1,2025-11-09 19:43:51.000,2026-04-02 09:41:25.000,2026-02-14 10:16:05.000,1
2097,timothymitchell,750ae2057a9d93926efc0413c08923e8d81cfbd9327730b496093b38a11b0212,OWNER,jeffrey92@example.org,1,2025-11-09 19:43:51.000,2026-05-03 04:17:28.000,2025-05-16 19:45:06.000,0
2098,nicolewong,77f49586e081299402cf09b3bc997a1f3ae9cd54bd273ba66a689f956bde6fb2,ADMIN,jefferythornton@example.net,1,2025-11-09 19:43:51.000,2026-03-30 10:01:18.000,2025-08-07 14:26:01.000,0
2099,pachecochristopher,e43b93358000e3efac3a62c0e9cab7f3918f7d7ad8d03ab536eddcbe7f6045f7,MEMBER,courtney87@example.org,1,2025-11-09 19:43:51.000,2026-04-13 04:23:58.000,2026-02-12 10:07:19.000,1
2100,lewisjames,7e755fd464a1ce0ce6abec1a832339819866f6fa10e93bb7c7560715ea50bf69,OWNER,lisamathews@example.com,1,2025-11-09 19:43:51.000,2026-03-30 07:45:54.000,2025-12-18 08:44:25.000,0
2101,beth46,ab2fe29923f4079924967a6e41b9eb9cb4df17bc9784bb33b07870b88861b615,ADMIN,jamesflores@example.org,1,2025-11-09 19:43:51.000,2026-03-29 04:59:23.000,2026-02-17 09:44:03.000,1
2102,vnguyen,c64314a2f93b714a7fd98a31f7730d1084d2803fc36f28044bc25f5f13149d48,MEMBER,pmartinez@example.net,1,2025-11-09 19:43:51.000,2026-04-02 15:31:07.000,2026-01-15 20:43:30.000,0
2103,elizabethcastillo,7404e2cff6f8c2f03efbb8efa43e7a4af61bf961c870c2a38e675ade8891569d,MEMBER,jeremiah88@example.com,1,2025-11-09 19:43:51.000,2026-03-16 14:13:22.000,2026-02-11 12:27:23.000,0
2104,casey75,2ac4bd15378ae0ad563dfb7085cd0a79e06230c240b1a0b847c55d30ce78e475,MEMBER,johnbanks@example.net,1,2025-11-09 19:43:51.000,2026-04-06 00:20:21.000,2026-03-03 07:21:50.000,0
2105,teresakennedy,b92efd654ba15aa7bac41a49766ee0932cd5920f3c6eacc7f0329e0970e4c9de,MEMBER,ucastro@example.com,1,2025-11-09 19:43:51.000,2026-03-24 04:45:03.000,2025-12-23 23:23:42.000,0
2106,nicholas50,f6ab9dee5202e825549813f11bd18eacaed7f8ee7bc41c407f2489942b232ff6,MEMBER,annmedina@example.org,1,2025-11-09 19:43:51.000,2026-03-25 18:19:54.000,2025-08-12 15:44:51.000,1
2107,joshua83,0f9449c12d969b80553bb05c2d7853f3e46504e3dfc875d67de873e30d46a317,MEMBER,dyernicole@example.com,1,2025-11-09 19:43:51.000,2026-03-12 23:31:52.000,2025-11-16 20:08:43.000,1
2108,carmen11,b4a072efa99d7dfa5e65ff07a303785be84f10c5723733b4afce01d77cd4ffbf,MEMBER,barberjoanne@example.com,1,2025-11-09 19:43:51.000,2026-04-17 20:41:19.000,2025-10-19 05:15:50.000,0
2109,alicia31,a010d1d9c5b243c3044a9c5c76e98199c09349b6ce4abfdc993949d576004164,MEMBER,stephensrobert@example.net,1,2025-11-09 19:43:51.000,2026-04-26 09:07:49.000,2025-05-27 08:13:20.000,1
2110,luisduncan,a3adb6d3f915856ad06c3a4d34b8c0cc2b223c6275f8b299cbe47ca618ce2009,MEMBER,lsmith@example.net,1,2025-11-09 19:43:51.000,2026-04-27 19:36:11.000,2025-07-15 03:52:11.000,1
2111,ronniebarnes,2126ca47f157f2835bd4c4e329b673d2c5e2a06edffd2f01d53045335b5bd748,MEMBER,jwilliams@example.com,1,2025-11-09 19:43:51.000,2026-05-01 23:45:33.000,2025-06-15 09:49:01.000,0
2112,coreysmith,5251f0fa66a1e8e00cdef1f60bf1b33ce193091bb623ddb8c3107999c198c62f,OWNER,sarah87@example.com,1,2025-11-09 19:43:51.000,2026-04-18 06:56:31.000,2025-09-06 12:10:35.000,0
2113,haley91,5a10151fae48556372626b74e90ee04af4ccbe1364079e184ad6c072d31af83d,ADMIN,rwalker@example.com,1,2025-11-09 19:43:51.000,2026-05-06 11:38:37.000,2025-11-21 05:59:41.000,0
2114,kingerin,31e287be423a71a36c329c77a0411e35337e7e9ccb1d5aede95f65ad64dbd479,MEMBER,phillipsmichael@example.org,1,2025-11-09 19:43:51.000,2026-03-11 14:54:47.000,2025-11-09 07:57:44.000,0
2115,reeddon,3b9fdb6cdb327bfa8dbcad1c771aecdfdb797e279db3af858c3933299ba8f633,MEMBER,gmoreno@example.com,1,2025-11-09 19:43:51.000,2026-04-08 13:30:48.000,2025-10-01 07:18:20.000,1
2116,katie23,8ed441ee3cbf60321ddcdaf628ae57ce1fc7fbfbe85b066874063d8e7bd1020e,OWNER,fullerlinda@example.net,1,2025-11-09 19:43:51.000,2026-03-14 14:04:05.000,2025-12-07 23:37:44.000,1
2117,guerraann,e4636630344115973e17c7825cc1a1ff9ce16f8b87160c32e6faa46f63ffc165,ADMIN,hmiller@example.net,1,2025-11-09 19:43:51.000,2026-03-15 08:45:19.000,2026-02-14 21:11:31.000,1
2118,davidjackson,c1edb51716388dd645e682ab7b16b37439b3f08300e2dadf9324d81a554097e4,MEMBER,chelseygray@example.org,1,2025-11-09 19:43:51.000,2026-03-28 22:08:03.000,2025-06-13 22:06:41.000,1
2119,ebony26,624d461955deb0aa847fcc7e4279887fa29e05041600604cc4f210f57b254ffd,MEMBER,garciajohn@example.net,1,2025-11-09 19:43:51.000,2026-04-23 04:04:11.000,2025-06-02 17:40:16.000,1
2120,wrightjessica,14bd95fd93dd87cf3550542f23b1b40496db6b4cf096455483eda953e4dc7890,MEMBER,tgarcia@example.com,1,2025-11-09 19:43:51.000,2026-03-25 09:47:15.000,2026-01-15 19:55:32.000,1
2121,hdixon,a83a2c5f5f0fb90e50ea040b863dabb350b6a81272ba0b18328d5b0f5f83abd8,OWNER,khanson@example.com,1,2025-11-09 19:43:51.000,2026-03-21 11:05:04.000,2026-02-25 21:05:52.000,0
2122,brandy16,bf3f21478cde5bb8933eb35ac479b62045f1ff609bfeb84c6acb77a98c33bba2,ADMIN,nguyenarthur@example.net,1,2025-11-09 19:43:51.000,2026-04-20 07:29:32.000,2025-08-21 12:51:19.000,1
2123,htaylor,d4032286f5169c70544064b146e944897913ee0932d28c39a89987c5792e971d,MEMBER,emily42@example.com,1,2025-11-09 19:43:51.000,2026-05-01 08:10:49.000,2026-01-07 17:50:02.000,0
2124,henrymaria,ea81451b3fba058c21e00d43372a6be011df9bd5b25b5d985e8c22a0439307ec,OWNER,joesmith@example.net,1,2025-11-09 19:43:51.000,2026-03-17 17:53:34.000,2025-08-28 00:19:27.000,1
2125,michelle41,3aa273d47962365f3cf185c77480d0a587adb955e1adc43d873c05bfc4e36db1,ADMIN,jenkinschristopher@example.com,1,2025-11-09 19:43:51.000,2026-04-03 05:25:59.000,2025-06-09 02:45:40.000,0
2126,higginsjennifer,7535baa4844a877d90945d87fed3dcdbabaf6979d68997e372bca35055492d97,MEMBER,kbush@example.net,1,2025-11-09 19:43:51.000,2026-03-16 12:15:18.000,2026-02-07 13:42:32.000,0
2127,jhayes,bc4bf3b2285d4957da5ded085def715bd9e12e8e65f34901f1785a556fcf96ea,MEMBER,xjacobs@example.com,1,2025-11-09 19:43:51.000,2026-05-04 07:43:53.000,2025-11-03 18:49:01.000,1
2128,wrightlisa,132801eaa439db63a710ec94202bdc4b1ede6ad376de0f6d58caffc6de07cb47,MEMBER,davismark@example.com,1,2025-11-09 19:43:51.000,2026-04-27 17:45:00.000,2026-01-05 11:17:22.000,0
2129,harrisbenjamin,9799e3dc872f24a8439e7c32552bdfeaa7197560a10245824283d98f12e1b5b4,MEMBER,ddougherty@example.com,1,2025-11-09 19:43:51.000,2026-03-11 07:08:08.000,2026-02-16 01:54:22.000,1
2130,kgardner,62d7fceb59d1072b927cad8c55b330915fd136cd70b7304e671bf298bf706f37,MEMBER,richard33@example.net,1,2025-11-09 19:43:51.000,2026-04-17 18:24:07.000,2025-11-13 15:20:20.000,0
2131,kelseyhudson,638eafab5b2bb555fe07c25e527744e766426176e4e3087c85956dbd81f18fc6,OWNER,ysanders@example.net,1,2025-11-09 19:43:51.000,2026-04-07 20:28:03.000,2025-11-21 20:15:55.000,0
2132,petersonjennifer,d0f344f9d6ad875661f03add0468956fa3ca9722a4d25b96e43c1d9608d497e9,ADMIN,lisagreen@example.com,1,2025-11-09 19:43:51.000,2026-03-13 18:21:25.000,2025-06-06 04:00:32.000,1
2133,swest,4fb07c3470ec0a39ffea54575140b4ad941dea3a0e5b96323d3162aa523eeacf,MEMBER,utaylor@example.org,1,2025-11-09 19:43:51.000,2026-04-18 13:49:44.000,2026-02-19 05:53:35.000,0
2134,estesraymond,3e8fab734ada2001cbdd4aea84d06829d2467760b395dcc9118640b843911b51,MEMBER,wwilliams@example.net,1,2025-11-09 19:43:51.000,2026-04-04 08:20:22.000,2025-10-26 06:07:40.000,0
2135,garciaeugene,b9769502ad7d7d72e2129bbe2df052e5dfc4cde7d09b8a526a454b746ad57296,OWNER,james37@example.com,1,2025-11-09 19:43:51.000,2026-05-03 22:19:55.000,2025-12-19 06:19:54.000,0
2136,sandra45,0b61e6a514959deccd9ecb742a44bd584c0f324c64b77a4d426eae8d3f789125,ADMIN,hollyalexander@example.net,1,2025-11-09 19:43:51.000,2026-04-08 11:38:02.000,2025-05-29 17:52:29.000,0
2137,youngvictoria,9578b942602017bcc2edcef936279adaf9ecdc2b94a7ce09e765102f84927b2c,MEMBER,danielgates@example.com,1,2025-11-09 19:43:51.000,2026-03-21 17:30:45.000,2025-06-10 04:21:15.000,1
2138,qvance,322dd1a27b5774d16800ab50d7da82e6b2bc92cdd23340bcb62616e82ba5b9ac,MEMBER,coltonfrederick@example.net,1,2025-11-09 19:43:51.000,2026-03-30 21:15:49.000,2025-05-26 05:47:47.000,1
2139,jacqueline46,7ddc1c4e6aed9fbf91496eadbc2ec8e2ae6485969fbbd2b73efb464b637e35c6,MEMBER,ymiller@example.org,1,2025-11-09 19:43:51.000,2026-03-20 09:11:08.000,2025-12-04 21:49:58.000,0
2140,zruiz,60a9b667ae8abac8d104cc579d2462b157c2043118de70329f3f5bfbc8891aa1,OWNER,james56@example.com,1,2025-11-09 19:43:51.000,2026-03-24 14:09:35.000,2025-05-17 06:44:46.000,1
2141,warnerdale,30d7d11d46f9c797032147ef683c1e956afb1e75449a17051621d409d090e1f5,ADMIN,lisa46@example.net,1,2025-11-09 19:43:51.000,2026-05-06 19:17:22.000,2025-08-01 14:04:54.000,0
2142,marycooley,f77c25e33020a4cf056fc0495a123b30b40fb5b5c3a3629def688855c9966764,MEMBER,wrightjonathan@example.org,1,2025-11-09 19:43:51.000,2026-05-03 09:28:30.000,2025-05-24 06:20:13.000,0
2143,melissacarr,4949d4faa464556463263d8377ce36f1c3d25b6e858fa5a80ec2c0a87470e864,MEMBER,amy47@example.org,1,2025-11-09 19:43:51.000,2026-04-17 05:14:22.000,2025-12-21 21:55:50.000,1
2144,richardsonaustin,e237af6da32ffa365fe6096157f32530cc431258910fc3a3a8d00973989b4ccd,MEMBER,gonzalezjennifer@example.net,1,2025-11-09 19:43:51.000,2026-03-23 10:22:46.000,2025-10-30 05:52:17.000,0
2145,lambamy,e8eb473818b5dcd17f4db30083ee4bfa685632dc7e21b801745f1c41ee2e152c,MEMBER,ndeleon@example.net,1,2025-11-09 19:43:51.000,2026-03-09 21:46:54.000,2025-08-05 10:37:47.000,1
2146,amy28,1fdd1d882bd7300e17bba9f0cdf045fde58ba5fb3ceb99769474cfc1deeff31f,MEMBER,ktate@example.org,1,2025-11-09 19:43:51.000,2026-04-20 07:02:39.000,2026-01-10 10:42:14.000,0
2147,boonedana,a5afaeaa59480041d7cc3b78c31a603d4bd1d613003d60c6ea1a45a99a0823aa,OWNER,ortegakaren@example.org,1,2025-11-09 19:43:51.000,2026-03-23 10:05:18.000,2025-08-26 22:35:38.000,1
2148,cassidy34,87dfae878a54273be9c2b5cb1b1225d5d22becb9506f0c535437b9e610e1dd25,ADMIN,margaret95@example.net,1,2025-11-09 19:43:51.000,2026-05-07 03:24:02.000,2025-09-10 11:11:49.000,0
2149,smithaaron,ede1fb471105da9ae34e960fa000d2415b9d765cd65263c965f9b6a8d944849c,MEMBER,stewartbreanna@example.org,1,2025-11-09 19:43:51.000,2026-05-03 06:23:02.000,2025-10-08 05:44:37.000,1
2150,hernandezdevin,3fbfc2ac3acde61a71ebc48fe49b32ff86ada786cf0d6147e713077b84fe44a2,MEMBER,cheryl03@example.net,1,2025-11-09 19:43:51.000,2026-03-12 13:20:22.000,2025-06-06 13:13:16.000,1
2151,jennaparker,ba0fd8f64dea9d9becf6744b1e75777fef5103edaa027a30278f43dd3ab6a9ad,OWNER,harrellrobin@example.org,1,2025-11-09 19:43:51.000,2026-04-30 00:49:43.000,2025-08-11 09:46:33.000,0
2152,wintersandrew,536a32e02694239169cfa5d1db0d8688ee3005b15b60fdaa9eda49f26fab436a,ADMIN,buckdavid@example.net,1,2025-11-09 19:43:51.000,2026-03-10 16:07:13.000,2025-05-16 05:07:48.000,1
2153,mckenziegeorge,9731992bd04f41c29b8c513bc2d7fd02b01f89991f5663718cf1268d318f1f68,MEMBER,keithjustin@example.org,1,2025-11-09 19:43:51.000,2026-03-15 19:24:33.000,2025-11-09 01:20:56.000,0
2154,tarahughes,5784d4829145dbd23573283e003ac3b7fa857431a650e587df68cd7f3fd8448b,MEMBER,ogarcia@example.org,1,2025-11-09 19:43:51.000,2026-05-02 09:34:35.000,2025-10-10 15:15:41.000,0
2155,theresamann,5284294e19110372d6b2e54891cd714562898369ef13ba2ec2e423f554580abf,MEMBER,vblake@example.org,1,2025-11-09 19:43:51.000,2026-04-21 04:29:46.000,2026-02-25 11:10:33.000,1
2156,bryantjessica,a5cd8ce24a4a1664ea0aa146b2f7b89003b9090f574c8c13ad4a90790170a148,OWNER,gordonelizabeth@example.org,1,2025-11-09 19:43:51.000,2026-04-24 13:04:31.000,2025-10-02 10:15:03.000,1
2157,wweaver,1befae250c13d7ff0a40f7bd76cadfa350fdc0ef514f09751ce7df5a9782b2ab,ADMIN,laurie90@example.com,1,2025-11-09 19:43:51.000,2026-04-25 13:59:45.000,2025-09-13 12:05:53.000,1
2158,huffwilliam,10ddc93090559bf60445f490c0b4e61f0aaf8d7e40a2005543502d0806c0e6eb,MEMBER,twashington@example.net,1,2025-11-09 19:43:51.000,2026-04-05 09:05:53.000,2025-07-02 03:00:02.000,0
2159,stevenwilliams,0b379a02921e713d8ee545aa38248e00393790a2ac50f5ff85bbdab0c430aee8,MEMBER,thompsonkimberly@example.com,1,2025-11-09 19:43:51.000,2026-03-22 09:52:19.000,2026-02-27 13:49:32.000,0
2160,jessicamiller,8e96b65adccea218263d69c625c38454a775fc0a63cae43c1dadfaaff85653fe,MEMBER,michael41@example.com,1,2025-11-09 19:43:51.000,2026-05-07 18:01:48.000,2026-03-03 20:41:57.000,0
2161,carl92,0547085f0f6bbcb13a4b3b21ffbac49b81235f64ee9af2153e339af5437adfa9,OWNER,agreen@example.com,1,2025-11-09 19:43:51.000,2026-03-16 04:33:32.000,2025-10-27 08:20:41.000,1
2162,nicole91,c41121a113fe334802f16d328ff77e4b335cf6dc5ba696836e8530a836123373,ADMIN,danielle80@example.com,1,2025-11-09 19:43:51.000,2026-05-08 15:36:36.000,2025-07-30 11:57:24.000,0
2163,douglasbryan,0cf57938f5f3fed54d40edf11eb5722056afbc5504d3e2602bd41e86c40cff81,MEMBER,andrew21@example.net,1,2025-11-09 19:43:51.000,2026-04-21 20:43:19.000,2025-11-15 22:09:50.000,0
2164,smithmichele,1f87d4a752696a0dfb56271139bd5bf891565c19815170ae13b65b06e424e08b,OWNER,garciasamuel@example.org,1,2025-11-09 19:43:51.000,2026-03-13 06:02:28.000,2025-06-05 01:20:28.000,1
2165,emilyward,f3a1b519905be4d720cdce53fb5bc9f4a435a8866432b4c7f1e740485c93b4f7,ADMIN,cjohnson@example.net,1,2025-11-09 19:43:51.000,2026-03-22 11:39:44.000,2025-11-12 21:25:22.000,1
2166,millerdavid,4810bc9da9c22cfcb87c234724dbb592dd570939fa71df299d36e628d80a66c0,MEMBER,elandry@example.org,1,2025-11-09 19:43:51.000,2026-03-24 08:33:39.000,2026-02-02 19:58:32.000,1
2167,steven45,58db55bbfe51f073396bca78459d7e9fe8ab300d4d7e6300f830dc034249875b,OWNER,amanda12@example.net,1,2025-11-09 19:43:51.000,2026-04-17 16:29:49.000,2025-10-01 13:21:49.000,1
2168,howardadams,a7a2657cd488f53db3e93b7969bb63ef161ffa1228f6d86a9d05dc56e5b4ca1d,ADMIN,emiller@example.com,1,2025-11-09 19:43:51.000,2026-04-02 15:09:04.000,2025-12-29 10:28:13.000,1
2169,steventhomas,e0a1bc4c7ae6efbf9d3f240b5abd2caf448972124071017a338a140f30c82597,MEMBER,fbaker@example.com,1,2025-11-09 19:43:51.000,2026-03-16 02:16:13.000,2025-06-23 04:03:33.000,1
2170,andre68,18540e6849e8acef0d8b65b82959821d66b01d0eeddc97a96e4857bb588e70ab,MEMBER,browningpamela@example.org,1,2025-11-09 19:43:51.000,2026-04-18 23:05:39.000,2025-06-20 17:18:38.000,1
2171,ychavez,49ff1627ed5190ae74e1f34e12199eb378ca87401e7a806112b3c5f688237d43,OWNER,jonathan98@example.org,1,2025-11-09 19:43:51.000,2026-03-10 15:14:45.000,2025-11-14 05:15:36.000,0
2172,curtis76,1e219a144f5c80352a108d8b410263760c7eed0285900df410b014c3aeb69c8b,ADMIN,wrobinson@example.org,1,2025-11-09 19:43:51.000,2026-04-25 07:23:50.000,2025-06-02 03:46:17.000,0
2173,jessica86,2204e514ccc1609168ed7f8948092ddb59e0aeb8140ad8291243e85b29db1999,MEMBER,hintonmichele@example.net,1,2025-11-09 19:43:51.000,2026-04-09 08:17:05.000,2025-07-10 08:12:46.000,1
2174,frank08,9520257d3881df62b7e65144ae2ffb17f263246c3cf9a5e8e6cf9d02e6739e9a,OWNER,andrewsrachel@example.net,1,2025-11-09 19:43:51.000,2026-03-31 17:52:15.000,2025-04-25 07:54:44.000,1
2175,lori62,6dbce49d107eb39df021d8e43b4c2219c5fa45ee2bb9043a2839a3f9f550e021,ADMIN,bethany49@example.com,1,2025-11-09 19:43:51.000,2026-04-26 06:25:00.000,2025-04-19 03:11:58.000,1
2176,taylor29,eaebebbdd56344fd98e9e0a266b3bc481272fdb95e289d3769b69a7d99f3d2b6,MEMBER,davidthompson@example.com,1,2025-11-09 19:43:51.000,2026-03-24 21:47:09.000,2025-04-28 13:08:17.000,0
2177,robbinselizabeth,0c0d875bec9a6319c52670d6860b41d715a0a35a4fa3a0db790ab96a0d4936f5,MEMBER,theresa45@example.org,1,2025-11-09 19:43:51.000,2026-05-05 00:41:56.000,2025-11-14 02:47:12.000,1
2178,christianerica,fa2aae0d7395124c86438b213e15ca68d22fd498c932b60c1d7e19ceb30af93f,MEMBER,charleslopez@example.net,1,2025-11-09 19:43:51.000,2026-03-15 00:15:32.000,2026-03-02 02:56:21.000,1
2179,stephaniegill,d7933bc65b85530480353fd4ccdad8f922ef57a356be2bbadcd424b1f87749ac,MEMBER,anne05@example.com,1,2025-11-09 19:43:51.000,2026-03-14 03:26:27.000,2025-10-13 08:08:18.000,1
2180,panderson,8b2a7e5d14d125a3e3057d7f00c69c02faa962cc43654eb3da92dc3fc0127c5f,MEMBER,treid@example.net,1,2025-11-09 19:43:51.000,2026-03-29 14:51:23.000,2025-07-05 04:08:36.000,0
2181,john31,49e88e09fda1bfc3ba6fffe0ea2f2121aa4563c32713388f157127d849d6aa14,MEMBER,donna31@example.org,1,2025-11-09 19:43:51.000,2026-04-13 09:30:17.000,2025-08-09 15:41:20.000,0
2182,brian07,c7e08dd2f9bcb154358fcaa03502ebea3da5fbc5b100c971ec4843b6ef5d0fda,MEMBER,dlucas@example.com,1,2025-11-09 19:43:51.000,2026-04-14 06:40:36.000,2025-09-04 02:44:33.000,1
2183,jsmith,36051582a835112971cb444cfc7c772015ea0d98611408ba378487184e68f5e3,MEMBER,brittanyhanna@example.org,1,2025-11-09 19:43:51.000,2026-03-31 06:53:41.000,2025-06-05 16:12:39.000,1
2184,nchan,1f2e5090e79576604cfc98fd3a965383b25b9670e65e2c228263ac3bee2984bf,MEMBER,trevor42@example.net,1,2025-11-09 19:43:51.000,2026-04-27 00:40:02.000,2026-01-04 15:09:04.000,0
2185,deannahatfield,64a8f7b4efc573b872737c5cb0fb8a0e2c5f2bab59fe72456f0294b594052fcb,OWNER,christina60@example.com,1,2025-11-09 19:43:51.000,2026-05-07 09:44:19.000,2025-11-16 11:42:18.000,0
2186,zyu,84acac30e13652a6f2f72f95c3eb5b38321a830712e6ef2044e174d8efba7df8,ADMIN,kimberly28@example.com,1,2025-11-09 19:43:51.000,2026-04-16 04:29:23.000,2025-11-11 12:17:14.000,0
2187,mark15,68a8537805316bae4e93f214bdb8fa365f062b03b162cf8580ab8aed35ceaee2,MEMBER,mbenjamin@example.net,1,2025-11-09 19:43:51.000,2026-03-17 23:30:23.000,2025-11-14 18:39:04.000,0
2188,joshuafoster,4508eab25daca0a8f5678f0c640f11216f046ad0b0910a473ce85f7074e27040,MEMBER,melissacook@example.com,1,2025-11-09 19:43:51.000,2026-03-28 06:30:12.000,2026-02-17 16:39:54.000,0
2189,wilsonmiguel,f973ee2d95151b626f579913e8f800edb3108bda02b5e4f10401ebfa3ce2344b,OWNER,jeremyjohnson@example.com,1,2025-11-09 19:43:51.000,2026-04-03 00:49:09.000,2025-10-01 16:41:24.000,1
2190,josephgilbert,3a00d8b631baae6157b34a50987f943353bc8eaf91a097902256b8379f4eeec8,ADMIN,vcollins@example.net,1,2025-11-09 19:43:51.000,2026-04-03 04:20:49.000,2025-10-13 09:30:41.000,1
2191,haysfrank,5918d0b502f6500d4cbcbe848b2698e72dd76b31453731ac7fa3ecfb40bf2ad1,MEMBER,shawncook@example.com,1,2025-11-09 19:43:51.000,2026-03-22 18:13:22.000,2025-05-29 21:54:58.000,1
2192,melendezdiane,ea5882a3b04df641610312b3b13dc85d3a0d399dd6ea156e0682371b14e7f5e2,MEMBER,mark33@example.com,1,2025-11-09 19:43:51.000,2026-05-02 09:56:01.000,2025-06-21 11:20:10.000,0
2193,reneeweaver,c472cda10a9467edac9d7440c0eadfbe39b8158eff176c803cd892139753e061,MEMBER,derrickbaldwin@example.net,1,2025-11-09 19:43:51.000,2026-03-17 17:35:49.000,2025-11-11 12:19:51.000,0
2194,danielwalsh,29c99e1f277e6b1d3bea198dd49397c922ca26330af29637ce3d0fdf1f90f926,OWNER,christopher85@example.org,1,2025-11-09 19:43:51.000,2026-04-13 10:17:16.000,2025-10-01 03:56:26.000,1
2195,meganaguilar,fe719ceb8278c771ffee09a6fcbbd58efdec6fd5736f588b672df62685f89fc0,ADMIN,david82@example.com,1,2025-11-09 19:43:51.000,2026-04-17 17:55:42.000,2025-08-24 17:50:26.000,0
2196,ashley26,a5806463bf4194148317e6403b42a8a701d46e2d814b0460542f7fb48547fc45,MEMBER,hamiltoneric@example.net,1,2025-11-09 19:43:51.000,2026-04-29 06:16:52.000,2026-02-16 01:14:27.000,1
2197,haynesmonica,14308259c4c825b5cab7d00e4c414a419417a68e52cc62433eb05a222470f758,MEMBER,kavila@example.net,1,2025-11-09 19:43:51.000,2026-03-22 00:04:22.000,2025-10-25 17:05:34.000,1
2198,michael47,dbcfb1bcba2f65abc66b6e15eff530e49410ab6a8a9f92ae9028cdfe62ad6ac2,MEMBER,scottlewis@example.org,1,2025-11-09 19:43:51.000,2026-03-29 13:13:31.000,2025-06-06 20:52:47.000,1
2199,michaelburgess,c381aa641e6aa4c223ded5d57263931bcc697c52c62dee179dc34fe808592574,MEMBER,njennings@example.net,1,2025-11-09 19:43:51.000,2026-03-20 17:21:46.000,2025-05-16 05:11:41.000,0
2200,juliestephens,16743d720a8107c81e5f24500c2ada40bdb471fb221bd0050bc43a803e85a255,OWNER,kylie05@example.net,1,2025-11-09 19:43:51.000,2026-03-13 23:27:19.000,2026-01-15 03:47:47.000,1
2201,gregoryflynn,d87c3dcf101941e273229dd12813330321a7ad7b1dd66ffa2237718152c183fb,ADMIN,vbrooks@example.com,1,2025-11-09 19:43:51.000,2026-04-07 23:59:18.000,2025-08-10 09:19:12.000,1
2202,diazelizabeth,d8f3182024a015a9a42c5bbedd1e4b6f19e6704100d4ee3797bfe522b631efed,MEMBER,bsummers@example.net,1,2025-11-09 19:43:51.000,2026-04-12 14:30:32.000,2025-09-05 21:27:52.000,1
2203,jamesjones,11b86ec2ece8da4380ea21759a84be22b72e223bac5d3d560e98c6c6c98e01bb,OWNER,stuartvalerie@example.net,1,2025-11-09 19:43:51.000,2026-03-12 19:38:48.000,2025-05-21 12:25:09.000,1
2204,heathpatrick,70027808170d1d1f50c4fa78c065c1108cf151ebf9329e8d93011446b0abef3b,ADMIN,annaford@example.net,1,2025-11-09 19:43:51.000,2026-04-02 13:27:25.000,2025-07-17 22:41:43.000,1
2205,williamscurtis,3b8f2d304cebb1e19a169ceb4cddcb198417ce5ab7b668a4ecfaea71f7b5b8d2,MEMBER,vanceryan@example.com,1,2025-11-09 19:43:51.000,2026-04-08 14:33:49.000,2025-07-14 01:19:15.000,1
2206,adamparker,cc12fc8bc1eb9de18cb13323334083ce7915922446ade05fa44655d91e33d6fc,MEMBER,jasontaylor@example.net,1,2025-11-09 19:43:51.000,2026-04-14 09:46:28.000,2026-02-11 18:19:33.000,0
2207,cameron87,f94dbda1ed605b106e3623fc929c93e7820bd51834c915017b9e2258d525f3f9,OWNER,lewisjennifer@example.com,1,2025-11-09 19:43:51.000,2026-05-02 06:05:19.000,2025-08-26 21:02:06.000,0
2208,jessicaray,d2a05b5ebc2fecbebc6263b325b6d81ae843834e442312103084d89029dd8249,ADMIN,tasha62@example.com,1,2025-11-09 19:43:51.000,2026-03-25 05:42:44.000,2025-07-25 05:38:16.000,0
2209,scottfry,533f2c52869ad52ba654b16c2f20a31c770193c6ad0c593913578c290ef81099,MEMBER,lwyatt@example.org,1,2025-11-09 19:43:51.000,2026-04-03 05:23:15.000,2025-08-01 20:14:16.000,0
2210,trevorhoward,37e7b166f91a2b8537cb77dffc577cfa807f3c56b60f2847a6979708b3afaf91,MEMBER,clayjonathan@example.com,1,2025-11-09 19:43:51.000,2026-04-07 00:54:17.000,2025-04-16 14:49:58.000,1
2211,charles35,305495de8a4744fff22991fc02ae62a6e9f25ada309a11d854091691f5607b12,OWNER,teresafischer@example.net,1,2025-11-09 19:43:51.000,2026-03-21 00:14:59.000,2025-09-08 17:15:35.000,0
2212,harrisjoseph,e39ce9dd25649962c5dce49f151cf7e9fe3b9e44d7bcc8a40fbc3fe4941d3c4a,ADMIN,colleen97@example.org,1,2025-11-09 19:43:51.000,2026-03-16 10:00:04.000,2025-11-05 17:14:49.000,1
2213,davidharris,f9b6895f8a5eef3290baa979b0080b4a30ebf0191857aeb2522e7cd517da738c,MEMBER,veronica15@example.net,1,2025-11-09 19:43:51.000,2026-03-18 01:31:10.000,2025-11-26 10:38:44.000,0
2214,nboyle,416bfb761e1eb5066ee17d7b8f1041508eb8aab33b1ea1195acbdd56de891a23,MEMBER,obaxter@example.com,1,2025-11-09 19:43:51.000,2026-03-29 02:06:33.000,2025-04-20 16:01:15.000,1
2215,bowmanadam,0e11a93a4c3d699adfb2c4e6b4fe034840bfbe2ad775c5254d6f45c02678da6f,MEMBER,pamelaperez@example.com,1,2025-11-09 19:43:51.000,2026-04-14 10:27:49.000,2025-12-04 06:54:00.000,0
2216,rojascollin,bbce89d2deb269b752dfe00e95a1c2f7aba5028bdb66140b64202d9ec35790ec,MEMBER,rebeccarangel@example.com,1,2025-11-09 19:43:51.000,2026-03-31 21:39:38.000,2025-05-11 06:19:33.000,0
2217,eblackwell,fbde9fb1f69289e9a7cc3cd98904912e1260183ea482a6eb126417cb5c26df42,MEMBER,ywiley@example.net,1,2025-11-09 19:43:51.000,2026-04-06 13:58:45.000,2025-11-19 03:00:26.000,1
2218,crawfordtyler,659b6199358bee78491338550b5984d73a1138f067ef17a9b65f6d972d85ccb4,OWNER,ycobb@example.org,1,2025-11-09 19:43:51.000,2026-04-30 00:31:09.000,2025-10-29 14:38:09.000,1
2219,jameskim,5a0f16f13e49b17d9f502d1a667caa291dc20403c77377633e6629d4b1016314,ADMIN,uhughes@example.com,1,2025-11-09 19:43:51.000,2026-04-15 12:36:48.000,2025-07-31 08:58:02.000,1
2220,juanjackson,b06a7f17831aa64c50f696cc0088453bc61b50bd27f32e307d41b94c6030bc54,MEMBER,josephedwards@example.org,1,2025-11-09 19:43:51.000,2026-04-03 15:48:55.000,2025-08-29 14:16:01.000,1
2221,matthew20,ba3cbd26ff53a3e11f1510e02f81b10eae7879e39460039d3afc6ba2bd57c6af,MEMBER,debraglover@example.org,1,2025-11-09 19:43:51.000,2026-05-07 03:57:01.000,2025-12-16 02:04:47.000,1
2222,kray,5d17c45c3eb29103dda9d32217ee6b92c09df70f8139dae3a5a74b2b3f6f2453,OWNER,emily72@example.org,1,2025-11-09 19:43:51.000,2026-04-21 08:44:37.000,2025-12-26 21:56:16.000,1
2223,npennington,8335d5dd7fcfe180f31086603bcd1dcd2201c8072728b8ec7c055ef69e03551c,ADMIN,richardjohnson@example.org,1,2025-11-09 19:43:51.000,2026-04-15 12:59:30.000,2025-08-16 07:11:23.000,0
2224,david09,e49cbe3b1b2c5381219f41bee0b3b20cd7d1507fceb2930420867213887336e9,MEMBER,bradleycunningham@example.org,1,2025-11-09 19:43:51.000,2026-04-24 00:01:27.000,2025-06-25 06:11:19.000,1
2225,elizabethcross,a06652d2759eeffc95f94c75cfb99de36b325e7b5478c0812f8de4af2cbb9a57,MEMBER,grahambradley@example.net,1,2025-11-09 19:43:51.000,2026-03-26 08:51:55.000,2025-09-04 02:59:47.000,0
2226,jacob65,63b83d5d71358f51f78edc82d743b7ff67e48177184048235c437527a5882f44,MEMBER,christensenkarla@example.net,1,2025-11-09 19:43:51.000,2026-04-13 07:36:56.000,2025-07-04 11:59:12.000,1
2227,hgarcia,52872f9afb6450d94b91712afe61413b7a135f077dc861b45611a8e5324a841c,OWNER,amy76@example.net,1,2025-11-09 19:43:51.000,2026-04-24 08:47:32.000,2026-01-13 07:47:11.000,0
2228,adamwest,51c9f70ecc8349e419234a0b841866ba02558bf6e3f5b1f6c54df7491a2e67d2,ADMIN,jeffrey13@example.net,1,2025-11-09 19:43:51.000,2026-03-18 14:07:15.000,2025-04-20 01:19:25.000,1
2229,melissahudson,fb184cff9b05672489c7dec23231997a6c535e599a1259b71137fef1b3a92ec5,MEMBER,zmedina@example.org,1,2025-11-09 19:43:51.000,2026-04-08 20:27:25.000,2025-05-17 10:41:20.000,1
2230,vmitchell,99ffde340fc042d803387ef537e43580180f20eeb5ed69134c2fce21385d9ef1,MEMBER,evansrebecca@example.net,1,2025-11-09 19:43:51.000,2026-04-22 05:38:13.000,2025-06-17 02:54:19.000,1
2231,andrea54,5fccc80e1aad0c3516cb0c2da5e0f7b1d455097a77fe779dc2404e5472010f71,OWNER,jacob79@example.com,1,2025-11-09 19:43:51.000,2026-03-16 00:55:52.000,2025-04-06 12:48:57.000,1
2232,michelle54,fa088a03e3666dbd43a9aba3f29201a6b8ba94d33200491be75245abbeb42878,ADMIN,michael77@example.com,1,2025-11-09 19:43:51.000,2026-03-17 13:37:07.000,2025-11-24 20:30:35.000,0
2233,onash,80ecc2c5f3965cfe986de29cf0bea418e7fefea0ff97b50c4dc9c587784f546f,MEMBER,adamspatricia@example.org,1,2025-11-09 19:43:51.000,2026-04-30 10:44:15.000,2025-12-18 19:04:12.000,1
2234,valerie32,f72373970adce3bd238c2f4ee0db1123765068eeec6652e7ab01f48960febb5a,OWNER,alvaradobryan@example.com,1,2025-11-09 19:43:51.000,2026-04-09 22:28:29.000,2025-06-08 08:17:47.000,1
2235,ijohnson,2c94cdcefb1d684c0ca684eefd1b11712fea9a932139db66bbe0850febe064d6,ADMIN,john24@example.com,1,2025-11-09 19:43:51.000,2026-04-01 01:18:51.000,2025-09-11 12:17:26.000,0
2236,craigdavis,3a4d4ec4d8930d2893b2820ab63ed65a194eddde21ba50b89e6e95600d846294,MEMBER,shannon66@example.net,1,2025-11-09 19:43:51.000,2026-04-30 08:53:51.000,2025-05-16 13:07:26.000,0
2237,vhall,5f3cc775db878d2eb232f61d0536a657c4a23bacdbadea4facc3e68ace6477e1,MEMBER,rebeccaturner@example.net,1,2025-11-09 19:43:51.000,2026-03-10 10:21:43.000,2025-07-15 10:11:03.000,1
2238,gailmckee,07843cc311a6f45e7841e38b4cf8275856b8477c67de47fa77fb80af13ad2bb3,MEMBER,charles23@example.org,1,2025-11-09 19:43:51.000,2026-04-29 17:13:13.000,2025-08-11 12:46:57.000,0
2239,eric06,338d14c4fc87c5e740aac472ba907a7c6f2085ab8fa979363672df0ba6b047aa,MEMBER,shanepowell@example.net,1,2025-11-09 19:43:51.000,2026-03-18 17:24:01.000,2025-10-28 12:59:18.000,0
2240,ksmith,2324d1a1fc9ed0c5a1008543944b709041dcb47a8c680020f32ee9e31672c43e,OWNER,qparker@example.com,1,2025-11-09 19:43:51.000,2026-05-01 07:12:53.000,2025-05-10 01:52:52.000,0
2241,justin48,4801d346f3f133380e382a4653827bc211f8a2c7261ddaa1042f11539ad9b363,ADMIN,tamijones@example.org,1,2025-11-09 19:43:51.000,2026-03-22 01:32:55.000,2026-01-22 12:07:49.000,1
2242,annabennett,9a30beedb1db675474482905859b9c1142e7c1eebe85c339feec0f250018687e,MEMBER,stanleychristina@example.com,1,2025-11-09 19:43:51.000,2026-04-30 07:55:48.000,2026-01-22 16:34:30.000,1
2243,davidwilliams,2e7ebd1452de55259b79cbdbc9dad54149a9a72db6392c307069b5cd7aac382e,MEMBER,bauercraig@example.com,1,2025-11-09 19:43:51.000,2026-03-21 05:47:01.000,2025-10-18 19:42:32.000,1
2244,cjacobs,c0227f3fcc813e07c7a18d556ecb8fc9060dc3e56597b43c2ab43baa6d73c241,MEMBER,paula74@example.net,1,2025-11-09 19:43:51.000,2026-05-06 15:39:49.000,2025-10-09 15:36:32.000,1
2245,millervanessa,0f27f3dc86a2465c12a7c473ce1b277bb5fae40a19351edc93b1579d253f6ddc,OWNER,shenry@example.com,1,2025-11-09 19:43:51.000,2026-03-25 11:42:09.000,2025-08-04 09:22:47.000,1
2246,herreradavid,ee1fc7138ecef2b94cfa88ada8b4988447c81d77a8c2d75b539fa21f294de4ad,ADMIN,jrodriguez@example.net,1,2025-11-09 19:43:51.000,2026-03-21 04:06:38.000,2025-11-26 09:09:23.000,1
2247,tracy73,e56ecbebcb60ae4550d56db53791400053d56965bc81a58cded32c988517f1ff,MEMBER,louis44@example.com,1,2025-11-09 19:43:51.000,2026-04-02 02:17:13.000,2025-05-02 14:24:36.000,0
2248,cooperkimberly,0b5ab2252b657eb84d7c740e5bb8fbf437657380259288da0a4e72d15b072fd2,OWNER,lynnthomas@example.net,1,2025-11-09 19:43:51.000,2026-05-01 22:09:24.000,2025-07-13 16:10:40.000,0
2249,mallory33,18985137073cf6851315bd3da101714b1373f9a8a67fe90044c420f049e71c80,ADMIN,william82@example.org,1,2025-11-09 19:43:51.000,2026-03-21 06:02:30.000,2025-08-20 08:04:46.000,0
2250,beckmartin,c2a81f6c750ef4fe217083e976dedf0e241becd95adddc03eb134c2dd4a2a4ed,MEMBER,shawnrodriguez@example.com,1,2025-11-09 19:43:51.000,2026-03-11 19:56:59.000,2025-06-27 08:48:17.000,1
2251,christopher92,8ff762d6be769d8292d150f0a0739b7a897e887dd288ca2b296e7d94912e0fe9,MEMBER,gwalton@example.com,1,2025-11-09 19:43:51.000,2026-04-06 06:33:31.000,2025-06-05 01:55:17.000,1
2252,michaelhernandez,1697a5dcdc8f129585e89914f41c424e10f633795209996f771f83e2b4b6604e,MEMBER,aprice@example.com,1,2025-11-09 19:43:51.000,2026-03-22 07:07:28.000,2025-05-10 11:13:38.000,1
2253,jessicabailey,44b92ccea9f4509a7fd55e0a400bad590bd976aa817d96a74b1e18a1072abbb3,OWNER,zcuevas@example.com,1,2025-11-09 19:43:51.000,2026-04-13 14:07:56.000,2025-09-22 07:55:04.000,1
2254,daniel91,ec2072f7ce7b9d7e4285ff3ef25ed17c0aaff283ab926b832da6d47587d5fa54,ADMIN,dixonethan@example.com,1,2025-11-09 19:43:51.000,2026-04-25 16:59:29.000,2025-10-04 12:21:09.000,0
2255,thorntonlatoya,8f58366791e72fe2352fb696b74ccd750734ac4738f8d3735c7b3f6d445564e3,MEMBER,ryanlarsen@example.net,1,2025-11-09 19:43:51.000,2026-03-11 18:46:30.000,2025-12-28 22:07:25.000,1
2256,theodore24,d416854d2ba46ec5c64b4173374bc555fcb3074583cffc5410f511b4c025e547,OWNER,dustinspencer@example.com,1,2025-11-09 19:43:51.000,2026-04-30 10:38:33.000,2025-08-11 12:11:32.000,0
2257,rebecca89,ca59384f3fb6257694b4030f3c58e9a2cbb250f5901d651e9982c2b33ac70d11,ADMIN,jeffrey46@example.net,1,2025-11-09 19:43:51.000,2026-03-19 00:02:14.000,2026-01-02 10:13:37.000,0
2258,gutierrezzachary,108e0a424714e685eafc1c123b8b694f33df46ea15a4a0a3b2112657364b4cee,MEMBER,frankevans@example.org,1,2025-11-09 19:43:51.000,2026-04-17 14:52:57.000,2026-02-28 09:31:36.000,1
2259,robert60,dd357ab8aa06bdcba343bc01436be1e1ccac68c9a82c52a86828af326fe0417b,MEMBER,zgrimes@example.org,1,2025-11-09 19:43:51.000,2026-05-02 04:16:39.000,2025-04-25 17:19:37.000,1
2260,fthompson,ec332f79d272094e56d80fbd0cdb6929ea72e5290a8675d87db6ea4955c23804,MEMBER,odyer@example.org,1,2025-11-09 19:43:51.000,2026-03-21 02:55:00.000,2025-04-16 14:03:22.000,0
2261,preston70,a6e92914409213d3ceaa4434579a4389295e9847a32a3982e98e00e76bd7b6ff,OWNER,mschmidt@example.org,1,2025-11-09 19:43:51.000,2026-03-23 12:35:57.000,2025-12-29 18:16:29.000,1
2262,wardtimothy,853b849b7922e14b62baab125dfbee5920191c0a250b70419540095b86151bd8,ADMIN,boydkatherine@example.org,1,2025-11-09 19:43:51.000,2026-05-05 15:46:10.000,2025-05-29 08:49:34.000,1
2263,michaelschroeder,0e5020767e3c1847d648f3a70cbe729a6446b1363eaa9e0edf440d0228510dab,MEMBER,adam39@example.com,1,2025-11-09 19:43:51.000,2026-04-04 03:35:23.000,2025-07-27 20:35:20.000,1
2264,fergusonashley,52c48d08c26c3cdfb72cf6a097e6438e4ccb947803095af3deb14380db6c082b,MEMBER,jpayne@example.org,1,2025-11-09 19:43:51.000,2026-04-23 22:02:39.000,2025-12-07 23:09:57.000,0
2265,sparksandrew,f070af3b1ca3076f222d16548f79dae709f753c72d2de5234acfaf73b070efdd,OWNER,molinasean@example.com,1,2025-11-09 19:43:51.000,2026-04-10 00:58:58.000,2025-05-25 22:48:20.000,0
2266,ccummings,3a1162db23b8392ee8a622c7d109ed4e5d976711608f0ecd7f9e2da5420d87d1,ADMIN,brianwiley@example.net,1,2025-11-09 19:43:51.000,2026-03-10 09:09:02.000,2025-04-09 08:15:47.000,1
2267,jason63,e0d26eeee19b13e813410bae052fcdcfd1cda503914af543604a5d0cf0c1336c,MEMBER,longtiffany@example.org,1,2025-11-09 19:43:51.000,2026-04-02 21:33:48.000,2026-03-06 22:25:26.000,0
2268,andrew27,1e6303650c36c9443d77970cd0d68ee51bd7e9f71ea5823182c1cfd3075bfe09,MEMBER,michellecook@example.org,1,2025-11-09 19:43:51.000,2026-03-22 02:04:58.000,2025-04-07 05:00:40.000,0
2269,sarah96,75553f56102a7f0e4b91ac9338acdbf2a12b4fbd685919f51c3139aa9e16e140,MEMBER,hilljessica@example.org,1,2025-11-09 19:43:51.000,2026-03-22 23:45:09.000,2025-06-29 01:25:27.000,1
2270,pjackson,ab3fb13ef0d6f0b69c2ffcf94e85b713efa1ad892ff1764385134f5fc82a2696,OWNER,hancockjulie@example.com,1,2025-11-09 19:43:51.000,2026-04-20 08:34:56.000,2025-11-17 17:36:12.000,1
2271,melindaburnett,54c10a66edfc28a1e154cadc14f8eec88ea00dc12c7af00e6f250cb120519ee2,ADMIN,josephjessica@example.org,1,2025-11-09 19:43:51.000,2026-04-25 19:42:06.000,2025-08-05 23:45:49.000,0
2272,tanya95,c6246f3a01023e644b9b8a427592b599f389559403d84ecf49b5113ac9adbcf1,MEMBER,kimberly59@example.org,1,2025-11-09 19:43:51.000,2026-04-05 01:47:16.000,2025-08-26 22:58:30.000,1
2273,hbird,6908f56fd9e79ccee5ba91b7686f4bc6e2a0ea399e5afe25157e615310ca8f98,MEMBER,julie47@example.net,1,2025-11-09 19:43:51.000,2026-04-15 09:39:33.000,2025-07-30 22:17:53.000,1
2274,kaylacole,0c00f3c595f355896ffe1e1775f3bdb0dfa3fe3789ce19022f51d72e1d74f7c8,MEMBER,hfranklin@example.net,1,2025-11-09 19:43:51.000,2026-03-24 18:28:07.000,2025-12-14 06:36:58.000,0
2275,danielgarcia,5ad3d12fabe6e3935e80a45461548eb42ae85c91cfb8c5409c4da4968c0f37ef,MEMBER,dianeshepherd@example.com,1,2025-11-09 19:43:51.000,2026-03-26 12:02:32.000,2025-08-07 16:31:22.000,0
2276,marybrady,89e36dd996ccb9c628c016175a23673ce8beee0cfde87770e93fa9f9063cfda0,MEMBER,paula15@example.com,1,2025-11-09 19:43:51.000,2026-03-14 12:23:57.000,2026-02-05 00:23:05.000,0
2277,hernandezzachary,be51179af29c8f5e585cc768050f79e61e730bd483e2b5cd2b2414c954a889d5,MEMBER,deborahsmith@example.net,1,2025-11-09 19:43:51.000,2026-04-22 21:43:19.000,2025-10-09 21:44:25.000,1
2278,gwilkins,f5526c56a0999499eb47b66b4c1c7251d7da69ec0d205f8ee8cdf471a275e8c4,MEMBER,john00@example.net,1,2025-11-09 19:43:51.000,2026-04-27 18:51:50.000,2025-05-31 20:02:59.000,0
2279,steve49,592a309bab8dc7814d6d9a25f96cd4bacaac1efdc77b592e724263a0278c5c36,MEMBER,patriciapowell@example.org,1,2025-11-09 19:43:51.000,2026-03-22 19:54:03.000,2025-12-03 12:19:12.000,0
2280,mblankenship,ef0ec5d2d0079f129edb5710d01e710dfd5672136058dddc8fef16092d3d9ed2,MEMBER,betty27@example.org,1,2025-11-09 19:43:51.000,2026-03-12 14:55:51.000,2025-10-04 11:37:49.000,1
2281,heathersmith,5f909108be8c59e08bb32909f7c5f7092cc54f017baf89af79eac5f9efa62f16,OWNER,lnguyen@example.com,1,2025-11-09 19:43:51.000,2026-04-06 01:48:21.000,2025-05-29 06:10:19.000,0
2282,conniemorrison,640c5c08ab82565af3c89c16dc125780f6a7c091bf8936b8741c87b9d9d01223,ADMIN,christopher07@example.net,1,2025-11-09 19:43:51.000,2026-04-18 12:53:30.000,2025-05-18 20:08:14.000,0
2283,williamsashley,4a9b0cd5adf7d30297c4a98f480f2c10b5bc01927940627a39f0de6a7beb6a35,MEMBER,hallsusan@example.org,1,2025-11-09 19:43:51.000,2026-05-01 16:29:10.000,2025-04-23 17:00:24.000,1
2284,kyang,2ac251a294b86eb4d9ba57eb164b37e4d41e7c470c9cdfc0fd853152bcb8a496,MEMBER,paul23@example.com,1,2025-11-09 19:43:51.000,2026-05-03 19:11:27.000,2025-06-30 20:42:35.000,1
2285,rwalters,bfd4d42e5172e829f80ab24830191e3cd7fa2c631012b7c03eaa0e7bbc409a16,OWNER,boyerpatricia@example.com,1,2025-11-09 19:43:51.000,2026-05-03 20:42:23.000,2025-11-08 04:01:36.000,1
2286,vlynch,bdc18505493d71b99d8d3cdf65ef31d6c2b68bfbcc74b56a93c3c9654f9ffe0c,ADMIN,tammy39@example.org,1,2025-11-09 19:43:51.000,2026-03-29 02:08:10.000,2025-07-01 09:00:13.000,0
2287,jenniferoconnell,a7aa80ba19ca9b8ebd8ba7f782ffc0e79e2b864187b30710ff0dc6ec8566e986,MEMBER,camerongreene@example.org,1,2025-11-09 19:43:51.000,2026-04-16 03:50:27.000,2026-01-11 20:09:10.000,0
2288,james78,3b8861deaa6bebf63939e875bc8cabfb6214f83c2a72323a6b8303c00782f9fa,MEMBER,pduran@example.com,1,2025-11-09 19:43:51.000,2026-05-04 08:40:49.000,2025-04-20 20:06:35.000,1
2289,callahanjimmy,89413fa04664d4b87146a09bbc76a98c62fd19d95b11e8483c7cba4eaf669466,MEMBER,baueremily@example.net,1,2025-11-09 19:43:51.000,2026-04-17 05:04:11.000,2025-06-20 03:13:59.000,1
2290,elizabeth86,167a56173229c2884d5f3bf964dc30f89e6dfa5fd7d9a842e84b9efbdf24b406,OWNER,dgillespie@example.com,1,2025-11-09 19:43:51.000,2026-03-18 17:20:15.000,2025-09-22 18:58:16.000,0
2291,patrickmcmillan,c43abaa137ca50c912f63cce8c8ed223714ae89783e0705c64cba6117036c483,ADMIN,poncetara@example.com,1,2025-11-09 19:43:51.000,2026-03-20 14:45:22.000,2025-07-20 11:39:33.000,0
2292,jmclaughlin,4eea3cdcff242b123580e628051658499af979fbfb87397af53041a3d5fcb78f,MEMBER,donald57@example.net,1,2025-11-09 19:43:51.000,2026-04-26 23:34:03.000,2025-10-19 16:47:11.000,1
2293,huntadrian,9c4dc30792a474d92a0491128ace5d4065c37a103182ea5c9eeb56c6b88e07e4,MEMBER,hernandezmelissa@example.com,1,2025-11-09 19:43:51.000,2026-04-01 22:31:49.000,2025-12-17 15:02:47.000,1
2294,davidprice,7e077767476e279f84287ed75540fb07e389a6cc4fa021bc7e73d0c3a8fa20df,MEMBER,juan83@example.org,1,2025-11-09 19:43:51.000,2026-04-21 13:53:29.000,2026-02-08 20:58:22.000,0
2295,gregory91,20845ab52703b82c7a64add3b2ea0894654432c1c3e2e281eac2f3fbac500a72,MEMBER,leah26@example.net,1,2025-11-09 19:43:51.000,2026-05-05 15:37:59.000,2025-09-15 21:08:52.000,0
2296,ylee,b5d2d0c02c8197dc5834328a77aec7f34d4902b8a1343fb22b2bbeb36c128dff,MEMBER,cheryl89@example.com,1,2025-11-09 19:43:51.000,2026-04-05 21:42:10.000,2025-12-21 10:12:21.000,0
2297,ortizfelicia,03918aaa660af160b69bc06f91520cab444e4a4483408248bcb4b1fb41fbe224,OWNER,joseph47@example.com,1,2025-11-09 19:43:51.000,2026-03-14 21:27:47.000,2026-03-02 19:02:04.000,0
2298,david28,43a134e36f202b521334b350b4894a80fd4ca62212913a8fa7ed0429ca3996d5,ADMIN,kenneth53@example.net,1,2025-11-09 19:43:51.000,2026-04-10 16:14:58.000,2026-02-26 06:22:28.000,0
2299,xgarcia,355e0b383a1db9e8db47dc30939005155da8188a0be81f3699bdd044effa9583,MEMBER,hlawrence@example.com,1,2025-11-09 19:43:51.000,2026-03-23 23:08:52.000,2025-07-30 16:26:26.000,1
2300,awhitaker,b0e9d9f30ea9e1aa8f647d4edbb339348d7a3b36d2859500b11579cd8b623f66,MEMBER,fisherjuan@example.org,1,2025-11-09 19:43:51.000,2026-04-27 06:18:14.000,2025-12-12 08:32:55.000,0
2301,kingmichael,b84589f9f59e70fbe843761e5cea427132a3617224e0b1081b290331a9c7165d,MEMBER,darrell45@example.com,1,2025-11-09 19:43:51.000,2026-04-18 23:58:07.000,2026-01-31 17:06:39.000,0
2302,colemelissa,b2ef568908eb4ede3184c58bc7c06c0be9211559d2c09da347649f4ea072f940,MEMBER,yolandamoore@example.org,1,2025-11-09 19:43:51.000,2026-04-06 02:05:16.000,2025-04-20 15:31:05.000,1
2303,davisanthony,5a70a8706d56442c952c46c3693a64414543fa46e8587898835a3b4291f51b29,MEMBER,tjohnson@example.com,1,2025-11-09 19:43:51.000,2026-03-27 07:16:19.000,2025-04-16 01:55:43.000,0
2304,hector41,f4964279f488bda37b7bea53fcef31a5aa973c61384fe0627f212e7f1fd5f475,OWNER,ojones@example.com,1,2025-11-09 19:43:51.000,2026-03-16 00:52:12.000,2026-02-28 04:11:10.000,1
2305,qjones,80ef17f2717c890534d2b216455d14c07d20cd456cdde33580821eb8ac473a39,ADMIN,johnsonmarie@example.org,1,2025-11-09 19:43:51.000,2026-04-20 11:43:53.000,2025-06-03 09:51:56.000,1
2306,ftaylor,14fd38dd60e79b261483bb8f98455b180ae4cb8f8fa2e8e990e1773e56dd2e98,MEMBER,cnichols@example.com,1,2025-11-09 19:43:51.000,2026-04-22 22:26:44.000,2026-02-02 22:30:50.000,0
2307,richardsrobert,b495902f8e13c8da972ea0457425e689fdc81368aac758b3143d5dca7bb64456,MEMBER,nkirk@example.com,1,2025-11-09 19:43:51.000,2026-04-08 11:04:44.000,2025-06-01 12:39:53.000,0
2308,julie06,1eae1fb175988f33d8e3125279e42b1bbe11d1622d370204ea36c2230893049f,MEMBER,ojones@example.net,1,2025-11-09 19:43:51.000,2026-05-03 03:23:09.000,2026-02-19 05:45:28.000,1
2309,yjackson,ef785150ab13656025738e0cfcc49ecd2ea7b99902ce977f917a83098e8acb2d,OWNER,kim72@example.org,1,2025-11-09 19:43:51.000,2026-04-06 02:04:18.000,2025-05-29 10:17:49.000,1
2310,petersonamy,ba2dc968bbc71ced92b129371af67de008298372b76be0c0f8420efd6ec154fe,ADMIN,lisa72@example.org,1,2025-11-09 19:43:51.000,2026-04-30 06:02:02.000,2025-05-24 16:54:12.000,0
2311,blackburnlarry,5c8ef4a671e13ccd41ff582c59a4a9be737be31f8788afa23fb796cd1f7c7ae0,MEMBER,michaelwilliams@example.net,1,2025-11-09 19:43:51.000,2026-04-01 08:42:38.000,2025-08-09 23:06:20.000,1
2312,kramervictor,6f6b8d1569de4f9dc08eba2555df92edf89b4442075a49606f70fc83185fd4fb,OWNER,erincherry@example.org,1,2025-11-09 19:43:51.000,2026-05-01 13:35:30.000,2025-08-11 20:55:55.000,0
2313,johnsonchristina,6e6d7c04aeb1d059fba6d459bda410c1ae4cd039d4075424c56611f1da2c0b3c,ADMIN,jermainepayne@example.com,1,2025-11-09 19:43:51.000,2026-05-03 08:21:43.000,2025-12-11 10:26:24.000,0
2314,vgriffith,db4d4172c011acaa9fb8476035743993373602a469441745f99915dee7396c05,MEMBER,jack01@example.com,1,2025-11-09 19:43:51.000,2026-04-20 08:43:25.000,2026-01-06 09:59:43.000,0
2315,lawsonjulie,98177c22baca614b282f36bcfdb5325d8d9a5e10c8c10fa9946e354720c0670b,MEMBER,rachelskinner@example.org,1,2025-11-09 19:43:51.000,2026-05-07 09:24:14.000,2025-07-12 22:15:37.000,1
2316,oconnellkimberly,8702d234459805bb15058eef4d4adede2fe320877d0c629332d3058965b768aa,MEMBER,lkane@example.org,1,2025-11-09 19:43:51.000,2026-05-01 10:54:43.000,2026-01-12 05:12:14.000,1
2317,james59,59ac50f8403f0bf94b2f95906a909db0eae22dc6b4f4ee37fa7eac41e68becff,MEMBER,lisa23@example.net,1,2025-11-09 19:43:51.000,2026-04-08 22:54:13.000,2025-09-27 03:13:14.000,1
2318,kevinrichardson,4ad24bd9c2b438423f0b97a860c3bb57b9e56e70a58f21b33d05d9310402e038,OWNER,wallskathleen@example.net,1,2025-11-09 19:43:51.000,2026-03-11 01:41:47.000,2025-05-30 08:00:19.000,1
2319,millsjennifer,aaa241897a280b642d61034d5475fc94d21b3f1a2fd98fb82656a8a6fae6efc2,ADMIN,eramos@example.com,1,2025-11-09 19:43:51.000,2026-04-15 15:40:27.000,2025-08-10 04:19:11.000,1
2320,hendrixashley,6531531fa9237217ab9ea7c5a6d7fe256c83505da4188b43353a1fdeac4c09b2,MEMBER,kelly18@example.net,1,2025-11-09 19:43:51.000,2026-03-14 02:30:20.000,2025-12-20 07:00:53.000,1
2321,jenniferpierce,8beb3a8aea27d383f522a7656237a92ac35009697d54e8cf122049c93924edce,OWNER,saramcconnell@example.net,1,2025-11-09 19:43:51.000,2026-03-25 06:21:22.000,2025-11-28 11:58:33.000,0
2322,juan14,64b4f3065e7515e7b5fa4524a39f5447bc22801a8dc359b97b13e6d9bb29fa79,ADMIN,hayeskeith@example.com,1,2025-11-09 19:43:51.000,2026-04-02 15:47:11.000,2025-11-05 14:33:47.000,0
2323,valenciajennifer,500feb081cd611f46972fec75f4fe57975e221aa243471e186db9d7151d934f7,MEMBER,brandon14@example.org,1,2025-11-09 19:43:51.000,2026-03-19 10:04:15.000,2026-01-27 05:20:23.000,1
2324,maurice16,e5a644cccc4d11d4efe9247591ef2657cedc856b0b42c626374302c7dae7e896,MEMBER,patricia55@example.org,1,2025-11-09 19:43:51.000,2026-04-03 16:03:22.000,2025-07-03 22:40:18.000,1
2325,tgraves,bd3ff08c74223f1ca565ae80912f269341736b5bc942e291475db00f69f45ebf,MEMBER,hernandezkristina@example.org,1,2025-11-09 19:43:51.000,2026-05-04 02:22:36.000,2025-09-12 00:55:11.000,0
2326,joywilliams,5b9ede7df18f452ad7e0656f0be58fef3ba9f52b1cb8bb864ec0da2c0d19840e,MEMBER,pagedavid@example.net,1,2025-11-09 19:43:51.000,2026-03-19 10:09:24.000,2025-08-03 18:39:48.000,0
2327,katelyn81,7b1250d3e4453424f9e952944da2f5b7538bde103fd0fdc23169646eadb7cc58,MEMBER,jgibson@example.com,1,2025-11-09 19:43:51.000,2026-03-10 20:59:02.000,2025-05-01 05:02:48.000,1
2328,wpage,fc0a27bd0e37e897603c00455f107192742946e4f401b317b3f9a744d341a9c2,OWNER,ryan25@example.net,1,2025-11-09 19:43:51.000,2026-04-27 09:26:29.000,2025-05-19 07:42:43.000,1
2329,kennethvance,a1ec2e28e39facd8bde38c72606cfbc015fd488900319800f33a277071553967,ADMIN,ymcdaniel@example.com,1,2025-11-09 19:43:51.000,2026-04-13 04:25:31.000,2026-02-13 03:41:38.000,0
2330,john00,83ff35c053d46ba897691e7a4ee559d9cffd514d87edcb9dd13911188cbc88a2,MEMBER,gvalentine@example.net,1,2025-11-09 19:43:51.000,2026-04-14 08:58:22.000,2025-05-13 14:39:35.000,1
2331,chris12,d9adf3929c19c72c9aaa71a061bd6aa5d8c0554feb14f479fae442be627852f4,MEMBER,gina03@example.com,1,2025-11-09 19:43:51.000,2026-05-04 06:22:41.000,2026-02-22 12:56:27.000,1
2332,jshah,da78c3141c6de815cffedcba3eae4b2acd9b5c3ee0352cf728139002ce9a2bfd,OWNER,brownshelby@example.com,1,2025-11-09 19:43:51.000,2026-04-14 07:21:52.000,2025-07-20 04:41:48.000,1
2333,branchsarah,fa2d41f65fc45502f620bf81a9da5776b1b40ea5b2edad2ea9b90b916ce40ba4,ADMIN,sbarnes@example.com,1,2025-11-09 19:43:51.000,2026-03-23 18:39:44.000,2025-06-25 21:44:20.000,0
2334,nleonard,666da8f45c5cb161dd836af2ec3d864cc3e631cf63abb1c8694af7da3266910c,MEMBER,phillip50@example.net,1,2025-11-09 19:43:51.000,2026-04-17 13:36:52.000,2025-06-01 10:11:32.000,1
2335,bruce94,ba336bab9a6823e912503a3845958b9e8a28edb4fd1279a34612c26dcea41b2a,MEMBER,gene24@example.com,1,2025-11-09 19:43:51.000,2026-04-18 16:00:23.000,2026-02-22 04:00:23.000,0
2336,danielleherring,60337fe17a281469a2e6f6cc229b1dcd48ac576f396ef1a45288227f763500c5,MEMBER,srichard@example.com,1,2025-11-09 19:43:51.000,2026-04-04 17:02:22.000,2025-04-29 15:52:22.000,1
2337,wmartin,2fa195421088552d50c0d9a9b59a9ef779c4ff39a61da787c4395c35bd9a0d86,MEMBER,jgoodman@example.com,1,2025-11-09 19:43:51.000,2026-04-16 05:34:27.000,2025-04-13 00:36:16.000,1
2338,jamie48,cb768283f114f9ea06450e1efd10117d29e6784bf748d550c61d5ae880dc1918,MEMBER,carpenterscott@example.net,1,2025-11-09 19:43:51.000,2026-03-15 15:32:57.000,2025-06-12 10:35:40.000,0
2339,thampton,c9f6505a6420198ab1e9a3f549ced83e71d724e560548daa25530b8f511794ca,OWNER,zpope@example.com,1,2025-11-09 19:43:51.000,2026-03-26 04:17:28.000,2025-10-02 12:42:05.000,0
2340,tthomas,8ee3bf14b514afeaf72fcc5b4eb35eefa9282db7ce63819771e6c7635b3e208f,ADMIN,samantha90@example.net,1,2025-11-09 19:43:51.000,2026-04-21 02:01:38.000,2025-05-27 05:07:39.000,0
2341,tpatel,3ac3e3e2c7669655b708fa2990006b8207613f10a324c16d9fadf6a9b4d35d51,MEMBER,moniquemoran@example.org,1,2025-11-09 19:43:51.000,2026-03-20 10:17:39.000,2025-05-25 10:44:43.000,0
2342,stevesanders,4fc3455bd2978bbe47c0ffce483045876305e3ffc152d494f39817ecc623ce54,MEMBER,tyler12@example.com,1,2025-11-09 19:43:51.000,2026-04-25 17:58:14.000,2025-08-08 08:10:28.000,1
2343,mayermargaret,5b746f33eb000659cd91f21e8fa3718af63a77d07b3388077d0cb8f679c4dedc,OWNER,youngpatrick@example.net,1,2025-11-09 19:43:51.000,2026-04-01 04:06:56.000,2025-05-26 01:32:42.000,1
2344,sandramurphy,ea2a4413a97f6258e6ac96a5e409f229d2233eee6023a200060ef04e0eec2212,ADMIN,alison35@example.net,1,2025-11-09 19:43:51.000,2026-04-11 10:17:03.000,2025-10-02 23:44:24.000,1
2345,ijohnson,2849182c524939df0b4a4a15f7148a67906049ef349802765bfeff07f7ce2849,MEMBER,carolyork@example.com,1,2025-11-09 19:43:51.000,2026-03-27 16:47:06.000,2025-04-06 16:34:10.000,0
2346,xkim,89c42d4428e5a576b7611af6b597b6c1b923908fbc4f0d2f04354faf875077a7,MEMBER,crojas@example.com,1,2025-11-09 19:43:51.000,2026-04-10 16:08:16.000,2025-07-01 22:49:29.000,0
2347,robertsanford,26f97c363bb257cfef15f6784fd5802567f7d459d850109ceb73c8e66ecf9557,OWNER,lesterrobin@example.com,1,2025-11-09 19:43:51.000,2026-04-23 19:50:28.000,2026-01-13 11:03:06.000,0
2348,florestom,1f25565f307acc6acd965cd22de3b9bfc4b31bd3f02a90d55c68ea4b8eb7bf70,ADMIN,wburton@example.org,1,2025-11-09 19:43:51.000,2026-03-12 09:02:47.000,2025-08-13 19:59:26.000,1
2349,randylane,4ea8cfa3bb5e5e58308365694af637fe8f4a64fcf716f71e8f8ce4b473214cf6,MEMBER,jacquelinechandler@example.org,1,2025-11-09 19:43:51.000,2026-04-05 08:33:44.000,2025-09-29 02:58:36.000,0
2350,bensonolivia,301564b4e113d0fea97be58b66346c36b668ec4442588605389a07f0d674b533,MEMBER,susancooper@example.org,1,2025-11-09 19:43:51.000,2026-04-28 17:40:43.000,2025-09-27 21:18:13.000,1
2351,lewissharon,629adfffd080069a4a016ff2da137e98d7bfc136cb7818e5f61f8d2864a3c679,OWNER,marissafigueroa@example.net,1,2025-11-09 19:43:51.000,2026-05-05 13:35:03.000,2025-08-17 13:59:04.000,1
2352,leerose,659873d4d4f891413b266d032b95de9d5206014ab8515580296e07ae648aa7fb,ADMIN,parkerangelica@example.org,1,2025-11-09 19:43:51.000,2026-04-25 07:49:58.000,2025-05-14 04:44:48.000,1
2353,tyler50,8b960909d769ab4f678b343aced736bc061a74bf35dfb8ce344b51bb233b0433,MEMBER,elizabethowen@example.net,1,2025-11-09 19:43:51.000,2026-04-22 06:36:30.000,2025-06-16 20:15:24.000,0
2354,stacy17,46d82b78b6fdd13e12b1c07206317cded80eb270d114150ed8dec7cef71b56f6,MEMBER,scottmartinez@example.org,1,2025-11-09 19:43:51.000,2026-03-16 12:42:46.000,2025-05-21 17:33:04.000,1
2355,westrichard,e6099c068052df2c3b51fa99cdb9fb2b684be19309ba8777b2de0a96398f8397,MEMBER,ariel85@example.com,1,2025-11-09 19:43:51.000,2026-04-27 08:12:21.000,2025-06-03 16:44:37.000,0
2356,jasminepena,8315bceca6b66424453b0d32e0405aac374ff6638f9a9291b3cc1f57f5b373de,OWNER,baileyian@example.com,1,2025-11-09 19:43:51.000,2026-04-20 05:35:08.000,2025-04-19 06:47:00.000,0
2357,erin47,85dff8ece6424a29c1128190b1e32a7f4ff8c6f77988abd88a381a68dc1ba5a0,ADMIN,mendozalinda@example.com,1,2025-11-09 19:43:51.000,2026-04-15 12:37:41.000,2025-10-01 16:00:53.000,0
2358,gomeznorman,5c97c540343805ce73dba6cf96d546e75221253d5cb363a2c89984b00c91a4f8,MEMBER,martinmonica@example.com,1,2025-11-09 19:43:51.000,2026-03-26 16:57:12.000,2025-09-15 22:12:24.000,0
2359,batesdennis,502d0ac83fa59fbc2640c4313745750aa091aea67874de9ec4b9ce41601bf3a6,MEMBER,zpeck@example.org,1,2025-11-09 19:43:51.000,2026-03-15 05:23:57.000,2026-01-22 03:22:11.000,1
2360,kimberlylester,7e2a4ba8632908d1fc95076030d39f0ce2b6bf8805866ce8ffb149d4fe5a4de8,OWNER,floresanthony@example.net,1,2025-11-09 19:43:51.000,2026-04-15 09:16:54.000,2026-03-01 22:07:37.000,1
2361,jhill,435fbc56ad760fd60df375181e1f5138a8cf2ce89e70ee996c33e8e0215cee34,ADMIN,aprilfox@example.org,1,2025-11-09 19:43:51.000,2026-04-13 08:15:35.000,2025-09-29 22:47:37.000,0
2362,xnelson,18fa3fc8327066fead860baeff30c21823af247d2f94d96934ec3dc4e3fda49c,MEMBER,shawthomas@example.org,1,2025-11-09 19:43:51.000,2026-04-09 15:26:25.000,2025-06-10 12:53:48.000,0
2363,ashaffer,9ca55481803c66dad2ce0ebeb701b2f09cda3031ab36d31226aef2e8e18eba3b,MEMBER,vstewart@example.net,1,2025-11-09 19:43:51.000,2026-03-13 05:49:46.000,2026-01-26 09:13:38.000,1
2364,caseydavid,f6d1541f48c05f61c8a7925078c5b671790ec8d18ba4a2aff16e1674cf466f17,MEMBER,collinspatricia@example.org,1,2025-11-09 19:43:51.000,2026-04-03 09:52:25.000,2025-12-10 13:44:05.000,0
2365,jimenezlarry,69de94af5dc79f71cf9b1f3f314ca7c0fcf8e5df3b09265e5adaf17ef7cbbb17,MEMBER,tclark@example.org,1,2025-11-09 19:43:51.000,2026-04-21 04:42:09.000,2025-04-25 00:48:59.000,1
2366,tmorgan,6276521fe4dd98c5eb3f3ebecf45e04b23ae0c8326af451b1417cc37ca8edf42,MEMBER,angela73@example.org,1,2025-11-09 19:43:51.000,2026-05-04 23:55:31.000,2025-12-14 03:22:34.000,1
2367,prestondeborah,a215fdb48da73a072540c9903d964ce57aeb9e655472286008e9f31928178054,OWNER,hstewart@example.com,1,2025-11-09 19:43:51.000,2026-05-01 04:48:18.000,2025-04-05 03:08:14.000,0
2368,greencharles,d1f1503a55802a93b28d0e297544dca450ab5879cef489b13cf908edb1372cac,ADMIN,plopez@example.com,1,2025-11-09 19:43:51.000,2026-03-29 10:05:19.000,2025-06-03 20:07:40.000,0
2369,nstevenson,d3a310bbfb380bfd4e4c066bfdff4778cd8ac8d34976c22cc1235ab2541f4d1a,MEMBER,sullivanlucas@example.org,1,2025-11-09 19:43:51.000,2026-05-01 23:59:49.000,2026-02-03 12:44:58.000,0
2370,janetanderson,2babb7aadee99ae00d4922284d36ae2c07627bf62260e978bca965a92a727c4b,OWNER,shermanamy@example.com,1,2025-11-09 19:43:51.000,2026-04-29 08:51:38.000,2025-10-30 05:50:15.000,0
2371,joneseric,6f5449f12b401b5fc07d112748be115e62249d8f8caf49c6b86bce866ada605c,ADMIN,hmarquez@example.com,1,2025-11-09 19:43:51.000,2026-03-13 09:36:51.000,2025-08-17 04:17:19.000,1
2372,owalsh,4caf15f39adf4d4bc7c115dbb778465d8992b9474b62c5359374e356aee39a17,MEMBER,littlestephanie@example.org,1,2025-11-09 19:43:51.000,2026-03-19 15:54:40.000,2025-09-06 08:01:19.000,1
2373,eric45,bf3829880921f8faad7f538e36a8087bf1a21950bfc210bb74e2d35444ad3e8c,MEMBER,christinaandrade@example.org,1,2025-11-09 19:43:51.000,2026-05-04 20:03:38.000,2026-01-20 11:20:04.000,0
2374,sanderswesley,5198a3be4696197b5c80efa9761ed2290d1790380d9e7ec485adcf7b4d2cd065,MEMBER,rjohnson@example.org,1,2025-11-09 19:43:51.000,2026-04-29 10:51:19.000,2026-03-07 10:08:57.000,0
2375,npotter,d292b717cbafd45d78184fd9a9408dbf5d451286e6f8b3a05317e24558dd6a12,OWNER,deannadyer@example.net,1,2025-11-09 19:43:51.000,2026-04-26 04:45:37.000,2026-02-24 03:11:51.000,0
2376,sotochristopher,4269fff6e3d5fdd69fd42365e46e5ed58d4766dcf6eef3da24a2cddadd877037,ADMIN,gonzalezcarlos@example.com,1,2025-11-09 19:43:51.000,2026-04-27 16:41:36.000,2025-08-20 09:00:16.000,0
2377,jesse96,36f79ab91f87badf9aa11099540c6dc1e5e1c04a85ded0f30d6ca96622f75ef1,MEMBER,walkercarmen@example.com,1,2025-11-09 19:43:51.000,2026-04-09 03:52:43.000,2025-11-05 17:19:43.000,1
2378,igeorge,912a34315cda924a2eee7fb3d2a7ee4fc55b2eeb394f196d34659c3e0f8d35ee,MEMBER,mbarker@example.com,1,2025-11-09 19:43:51.000,2026-03-20 10:39:30.000,2025-09-05 11:31:02.000,0
2379,xgarrett,589ef9885399e85a65cb40834170daed5a760a208e796787c0eadd42a995048e,MEMBER,katherinewest@example.net,1,2025-11-09 19:43:51.000,2026-04-04 20:46:04.000,2025-07-16 10:06:20.000,0
2380,brandon09,1941c6ea07a4135d726a519339586132fb0a7d01fd524ffb130f8583e203cae8,OWNER,hendersonrhonda@example.com,1,2025-11-09 19:43:51.000,2026-03-19 03:00:23.000,2025-09-22 19:23:50.000,0
2381,nataliehoover,3e7f1aa93756b4847de09b2e5508473ffeed2818233641dd44088bab8c4df62c,ADMIN,jeffreyfischer@example.org,1,2025-11-09 19:43:51.000,2026-03-21 21:21:03.000,2025-06-19 12:41:56.000,0
2382,bethobrien,b714b9f705626f5a26710ea76e4717573e9d577554dfdbb19d35be2d25258a7f,MEMBER,qsmith@example.org,1,2025-11-09 19:43:51.000,2026-03-15 18:30:21.000,2025-10-04 14:44:06.000,0
2383,qedwards,b90ca526a6277af25a528df10fe223cbc5db68d94dbdd046b9d90b71c7576c46,OWNER,moorepatricia@example.com,1,2025-11-09 19:43:51.000,2026-04-23 01:15:36.000,2025-12-07 10:50:44.000,0
2384,valdezdaniel,4b79f830d36e7e931877b010314967c36c77b3940aee5c406959367e09f48381,ADMIN,taylormichelle@example.net,1,2025-11-09 19:43:51.000,2026-04-10 12:33:43.000,2025-07-23 10:43:27.000,0
2385,alyssarice,dc82b0791aeeedb8dbf38ec705cbb1d49ab5cfac5f660dbff8b7ceb6d91218f7,MEMBER,warnerashley@example.org,1,2025-11-09 19:43:51.000,2026-04-03 04:27:29.000,2026-02-02 08:15:35.000,1
2386,rayers,ec61b0720ebcf8ab0b15ea28efc89e735b469adc2548815581d97caeba0aa107,MEMBER,sara08@example.org,1,2025-11-09 19:43:51.000,2026-04-01 23:03:23.000,2025-11-11 00:58:28.000,1
2387,douglasjenkins,1d6239482c099754fcd2bd960d836947cd06e24e6caec96cca6932d1a1a033ed,MEMBER,rjohnson@example.com,1,2025-11-09 19:43:51.000,2026-04-24 03:40:34.000,2025-12-05 18:16:49.000,0
2388,scampbell,043128848650687d4e288a56a6e0fae897f0ee3f8aeb12e775d51438aca384f8,MEMBER,brandonchavez@example.org,1,2025-11-09 19:43:51.000,2026-03-10 04:45:55.000,2026-02-03 10:22:45.000,0
2389,joelrice,87e3a2446069d8408def9a67384f721781ff56b3c9bd6f2fc7eaa75a6219a714,MEMBER,frank44@example.org,1,2025-11-09 19:43:51.000,2026-04-30 04:48:13.000,2026-01-05 07:35:42.000,0
2390,barnesamanda,d05e5a5111437ca668ed57117afa57ee86260308c6f9e837b01fd1b09e1e4e3b,MEMBER,burnettkatie@example.com,1,2025-11-09 19:43:51.000,2026-04-25 00:59:53.000,2025-11-01 00:28:38.000,1
2391,barbara79,842b81f78e175e13acde97f0a4d3a29cffd50ef3528abc463d09555d145bd3aa,MEMBER,thomasbetty@example.com,1,2025-11-09 19:43:51.000,2026-04-15 05:22:37.000,2026-02-23 00:57:15.000,0
2392,stevenrobinson,8ae80c3f6780fe08cfe16d6626afc4121e326541ce83ccbb362dd74912edbfd2,OWNER,jasonmclaughlin@example.com,1,2025-11-09 19:43:51.000,2026-05-07 00:26:24.000,2025-08-24 06:45:53.000,0
2393,zwade,c77c9e22102724af5bd097af2fb85cbfe8762f73c090ff0823b27cb2dac171c6,ADMIN,skinnermichael@example.org,1,2025-11-09 19:43:51.000,2026-04-11 06:47:47.000,2025-07-14 10:49:29.000,1
2394,carlos48,b951ec8f3e3fdcf8a2f8e08a8b2588959ed07a97f01aef0683c6fbd5e25a1e76,MEMBER,fyoung@example.com,1,2025-11-09 19:43:51.000,2026-03-20 12:19:54.000,2025-11-19 12:16:31.000,0
2395,hannahmorgan,bd68ad04171a928845ba39502e9696ff7561e1a0fe1bc1df28b570cc8e0ef813,MEMBER,jamiewalker@example.net,1,2025-11-09 19:43:51.000,2026-04-20 21:53:02.000,2025-08-09 22:59:35.000,1
2396,ericksonjeremy,416ac567e57588c2b1f4e8ddd09ed613ee050d2d192a86529f44eb21633075d3,OWNER,jbeard@example.org,1,2025-11-09 19:43:51.000,2026-03-20 01:42:15.000,2026-01-24 13:55:55.000,0
2397,jessica29,9bed4af7ba2c88acdd9d31b37bdcbca48153faf46f1182195286430aa656181a,ADMIN,aramirez@example.org,1,2025-11-09 19:43:51.000,2026-03-18 02:58:39.000,2025-09-03 05:11:04.000,1
2398,edward37,f6537c897be6216e07d5cce4f9715abf390f856ee2740046a8b4253324994d6f,MEMBER,amynunez@example.net,1,2025-11-09 19:43:51.000,2026-04-15 19:50:25.000,2025-10-22 12:03:07.000,0
2399,loriford,86f133a86ff4d825e19da4a412fceff36ca2b79739b4024691f696f0170c9687,MEMBER,fmcgee@example.org,1,2025-11-09 19:43:51.000,2026-03-30 10:16:04.000,2025-06-18 19:37:08.000,1
2400,berryjessica,817b8808f4f61ff937b1bf30b03d93c9205296e9b6b38448bf772e7b8449ce99,MEMBER,sarahjohnson@example.org,1,2025-11-09 19:43:51.000,2026-04-19 02:12:17.000,2025-11-03 10:27:05.000,0
2401,ucruz,3c326d33d9bf8f7a63209393a2c6a32e352711354d348234dbc170060eb97c50,MEMBER,freed@example.net,1,2025-11-09 19:43:51.000,2026-04-24 15:53:07.000,2025-12-10 19:13:53.000,0
2402,sharonherring,7b2f90d89a1f18d30388a33660943f6b599b98144efc8e9909d8b14caf3ad32e,MEMBER,hamiltonjennifer@example.com,1,2025-11-09 19:43:51.000,2026-04-13 13:58:06.000,2025-10-27 11:37:18.000,1
2403,waterserin,ceb0269958aaa9ac68b67d24f93e4ad00b5ac50fda036fc217fa1f4dcbf83b54,OWNER,kevinwilliams@example.com,1,2025-11-09 19:43:51.000,2026-04-24 17:05:21.000,2025-08-21 21:41:51.000,1
2404,xkim,08209c1afefae1cb76b0da1acc99bcfb8671494b7a571ccf1ba72fb506b3af10,ADMIN,emma45@example.org,1,2025-11-09 19:43:51.000,2026-03-13 14:20:55.000,2025-08-30 16:46:21.000,1
2405,davidedwards,1368c78bf512acc3727a719bea059f12e1804d54646683776df456de43d8a0e6,MEMBER,yburke@example.net,1,2025-11-09 19:43:51.000,2026-04-07 21:18:42.000,2025-10-12 01:12:27.000,1
2406,mcguireadam,d5bf5c2e73b9bf5b27c0c88272fdd92af66e014210bee8138c7953775f20fc0a,MEMBER,kathleen41@example.com,1,2025-11-09 19:43:51.000,2026-03-28 05:48:05.000,2025-11-20 22:12:38.000,1
2407,kjones,cc302d366d53257efd5d1dc90db1feb11874835c2cc054f87db012c0d21ef634,MEMBER,uanderson@example.net,1,2025-11-09 19:43:51.000,2026-04-12 08:54:24.000,2025-11-22 22:05:44.000,1
2408,kellis,efbdb170ebf26499123b750ac40562850f979a38134d9b521f18b5f9ef2e4361,MEMBER,susandavidson@example.com,1,2025-11-09 19:43:51.000,2026-04-03 03:50:07.000,2025-04-29 09:55:03.000,0
2409,jeanne42,a489d802f65d9322a854ff6306cd3a3f17f3193af4e0e0a04dea29eab45e888c,MEMBER,jamesstanton@example.org,1,2025-11-09 19:43:51.000,2026-04-26 23:39:31.000,2026-01-01 11:54:33.000,1
2410,ashleyrodriguez,d93d26901e13c82e85cfdf45141d8432f5ec5dc394bf4b88b1d776cfdebd159b,OWNER,amccoy@example.net,1,2025-11-09 19:43:51.000,2026-03-24 08:58:36.000,2026-01-14 01:07:11.000,1
2411,jason36,7b1d5ba274ddde43678104caaaabdc19914e20131bcef9f496649f1247cc6acc,ADMIN,anitagarcia@example.org,1,2025-11-09 19:43:51.000,2026-03-22 04:44:32.000,2025-12-09 01:37:55.000,0
2412,jstanley,3ac1123580cb5497d70e32319b8309d0e954118d24a24279312793c77db9699c,MEMBER,raywilson@example.org,1,2025-11-09 19:43:51.000,2026-05-08 15:45:31.000,2025-07-12 10:20:38.000,0
2413,ugomez,aa7679b4730fceb537ddbb6aecf1a8b89d9490eb303f91922305aeb7f33cc22b,OWNER,hawkinshannah@example.net,1,2025-11-09 19:43:51.000,2026-03-10 09:57:10.000,2025-10-26 11:56:36.000,1
2414,david62,1ffea7e78a4af4cbed24b6fbc4251dda1c656698b0ee242d3c2901ca04ef46ea,ADMIN,emily13@example.org,1,2025-11-09 19:43:51.000,2026-05-01 08:56:16.000,2025-07-23 21:20:01.000,0
2415,theresa61,94622aef73549e018f602c5eb7a0615c73190ebceb57f9519f328c427f8f1df8,MEMBER,charlesrobinson@example.org,1,2025-11-09 19:43:51.000,2026-03-16 22:02:10.000,2026-01-30 14:47:22.000,0
2416,brandoncastillo,b0a47220aef45cba96b8e9d54591b6b88a7dd9bda6161b1b20de375731b1d014,MEMBER,sanchezandrew@example.net,1,2025-11-09 19:43:51.000,2026-03-19 15:55:44.000,2025-05-21 06:23:07.000,1
2417,ochung,0f3070a7a7aade29d6aa34a1d9c4f0a5ff5731742e954c63b168754b4b613b27,MEMBER,cruzmichael@example.org,1,2025-11-09 19:43:51.000,2026-03-12 04:00:45.000,2025-08-17 21:29:00.000,0
2418,lpeterson,99636f9d6a51fda54211c776788ec86391f11d6b5ea825b737c29f5c7591054b,MEMBER,webercaleb@example.org,1,2025-11-09 19:43:51.000,2026-03-10 21:45:48.000,2025-10-05 21:44:33.000,1
2419,jthomas,539254cc7f46bfb96c2b2f035d6e867fa4bfe48970d99e8ac610ef0b58eec9fd,OWNER,chadmerritt@example.org,1,2025-11-09 19:43:51.000,2026-04-10 00:39:03.000,2025-12-21 16:20:16.000,0
2420,otaylor,b1540d4467ffe92dcc51b304f1ae3a84d5af5e79cff71c2382bb7e5b193c5dbd,ADMIN,timothy22@example.org,1,2025-11-09 19:43:51.000,2026-04-12 04:46:36.000,2025-10-04 07:03:44.000,0
2421,anthonypena,986fedd9f90b3a42c8a11c44dc811f7dc05ce793e01ed58597f29af379299434,MEMBER,smithjennifer@example.net,1,2025-11-09 19:43:51.000,2026-05-01 07:38:09.000,2026-01-02 08:26:01.000,1
2422,grayvictoria,5e0580f648615208d0f401adc888c54b798eee9643ca2b8762e87ac80cf01e45,MEMBER,nfrazier@example.org,1,2025-11-09 19:43:51.000,2026-04-07 18:29:03.000,2025-11-16 12:28:13.000,0
2423,twilliams,de81949fe617792a7069b046e08a9a3f252d9c67ed98be1372a380d6e408560c,MEMBER,dalehopkins@example.net,1,2025-11-09 19:43:51.000,2026-04-15 22:52:52.000,2025-12-10 08:46:50.000,1
2424,taylormelvin,4e9d2ce4d4a45065496fc42cf033179fe101ae0d8ce203e6bdc1d688ae497b27,MEMBER,ianderson@example.com,1,2025-11-09 19:43:51.000,2026-04-28 19:50:15.000,2025-12-12 14:47:44.000,0
2425,ryanlynch,860d907ae56f059f3d12857ed038a6ea3b87cb5bb5642c4918e3207fb4289750,OWNER,kerrjason@example.org,1,2025-11-09 19:43:51.000,2026-05-07 21:02:52.000,2025-06-23 06:04:48.000,0
2426,mccoyjoshua,56379254d2a431046139b965fc0f149fd67ecf475ef07471ed6024a3fc95bd9e,ADMIN,brandynorton@example.com,1,2025-11-09 19:43:51.000,2026-05-04 08:23:06.000,2025-09-02 19:53:20.000,1
2427,fgibson,a986215a092ccc4d0aed1ae647348b7416c473cc29efe58541331b1cdd08737a,MEMBER,csanchez@example.org,1,2025-11-09 19:43:51.000,2026-05-03 17:37:00.000,2025-04-19 21:14:10.000,0
2428,mackdustin,7a4cff40f41f2b920f58c6a8697b16b6b86a01b7473cb84038f75811e4e60ada,MEMBER,janet46@example.com,1,2025-11-09 19:43:51.000,2026-03-12 13:51:42.000,2025-07-30 02:13:27.000,1
2429,rachelpearson,c7f2d479ee03b3188242679f36ab9b58c96c93a0d5d7d9bb0a30fcc6cabe84cc,MEMBER,santanalaura@example.com,1,2025-11-09 19:43:51.000,2026-04-24 09:48:10.000,2025-08-18 22:38:05.000,1
2430,ibennett,4c7daf4f60ad7ccea6b213e323f2f5fb45c673a1b784be36137d8a5950243c5c,MEMBER,nbowers@example.org,1,2025-11-09 19:43:51.000,2026-04-17 12:36:06.000,2025-04-09 16:47:45.000,1
2431,caleb70,5989313ec106f2d61f8a79badbb2203ef1a9a0d6ff408aa7f8670c90edc4f6df,OWNER,jessicathomas@example.org,1,2025-11-09 19:43:51.000,2026-04-12 07:11:26.000,2025-12-20 16:31:28.000,0
2432,timothyhancock,b12aa53124a8ac675f2d858ea627d9fdc410625ce1d0864d22d272eaf205c924,ADMIN,brandon23@example.org,1,2025-11-09 19:43:51.000,2026-04-28 08:24:17.000,2026-03-02 14:18:49.000,1
2433,david41,94b1c7a65faee0ac32fbb781bc62ce41661417d64ee9733ef5754517c06e4960,MEMBER,ymccoy@example.com,1,2025-11-09 19:43:51.000,2026-04-04 17:48:03.000,2025-10-14 10:42:20.000,1
2434,gaymark,3aeeadd704526b7bbac0f936b6528a9239ce4cef3c681629ee4c9bbb4463514a,MEMBER,banksdiana@example.org,1,2025-11-09 19:43:51.000,2026-05-03 15:51:46.000,2026-02-07 23:49:22.000,0
2435,samanthasmith,519b7ba2c94d952cccaf22c8b48e61d3fe1d59138a1b8097e3c6a7890ba9e055,MEMBER,joshuasnyder@example.org,1,2025-11-09 19:43:51.000,2026-04-10 16:06:39.000,2025-05-28 21:36:50.000,0
2436,kaylajenkins,17b366fb878c91f55266720d6fc989f5617cdc1d4fda2ddeeb9d35ce6eb05f74,MEMBER,rachel92@example.com,1,2025-11-09 19:43:51.000,2026-03-11 16:42:07.000,2025-11-04 08:52:54.000,0
2437,youngchristian,85ff633c5a2d1943c6c3d59d3fd816a34d0b4cfd64b44463648cfc7279c88cf5,OWNER,williamburke@example.com,1,2025-11-09 19:43:51.000,2026-03-17 04:40:16.000,2025-06-21 08:05:19.000,1
2438,shudson,c32c9d20569a6ef57180366a79076a9230dca8e0357723f752207d891be48989,ADMIN,ambermendez@example.org,1,2025-11-09 19:43:51.000,2026-03-28 00:04:26.000,2026-02-27 06:11:27.000,0
2439,sgarcia,ef980e46060bc822d28e90c619022b653c9850c75fcae82e9c9f20a5d3e1aaf8,MEMBER,daisy57@example.com,1,2025-11-09 19:43:51.000,2026-04-14 21:49:23.000,2026-02-16 18:58:24.000,1
2440,qdixon,7d8740d45030b9b6c5dec162315fb66ec75c19f03e4030c2e12e60ff5b63b932,MEMBER,gabriela24@example.org,1,2025-11-09 19:43:51.000,2026-04-07 20:36:57.000,2025-11-16 00:17:40.000,1
2441,bpowell,4b98173c1163ddba7ad4f25b1f3547da604789b9692d8a6c42c760398cd00e0c,OWNER,halldaniel@example.org,1,2025-11-09 19:43:51.000,2026-05-03 19:33:25.000,2025-05-29 20:46:54.000,0
2442,xparker,604fe2012a77218153b7abe5b5644a1095592c7a76c96aa9ab900899d6913322,ADMIN,crystalcopeland@example.org,1,2025-11-09 19:43:51.000,2026-04-01 11:48:20.000,2025-12-27 12:53:38.000,0
2443,bhardy,92e4bfb5ad6c722ed14dab8bc741b2ddd370ae0a684ddcb98ecb1a219a5847a8,MEMBER,tflores@example.org,1,2025-11-09 19:43:51.000,2026-03-16 19:57:53.000,2026-02-07 06:38:46.000,1
2444,njones,20b579533409dba7571cf91e4d7f18893d6c29664aae6fb00a0a156036e9a720,MEMBER,gcarroll@example.net,1,2025-11-09 19:43:51.000,2026-05-01 03:45:37.000,2025-05-20 09:03:19.000,1
2445,johnsonjustin,8b16e4cc270e0a13c29a59c44175316089350e5a3882fc6089b149e07a06a8a2,MEMBER,hardinkevin@example.org,1,2025-11-09 19:43:51.000,2026-04-24 21:49:16.000,2025-06-05 11:06:11.000,0
2446,brookebarber,6df027bcc7dec7a3570962383bdbb5e3a3a30b4b3c5bd6bdd2b0cdd6260b4c09,MEMBER,pamela38@example.net,1,2025-11-09 19:43:51.000,2026-03-17 07:33:50.000,2025-04-06 12:18:44.000,0
2447,kevin09,2f3dc8ce1381716f5e07051f930acaed8e179bd9d8cc481e330dd415c2cc8a71,MEMBER,kelly66@example.org,1,2025-11-09 19:43:51.000,2026-03-22 17:59:09.000,2025-11-05 18:58:53.000,1
2448,maryfox,d1b007e872ef5ac26d5472dfd7fc663c6c9470b83441eae23bb4e6c6fde83f90,OWNER,abuck@example.net,1,2025-11-09 19:43:51.000,2026-04-08 18:09:09.000,2025-09-14 03:47:50.000,1
2449,annenicholson,563cfd25f54624626c1014c01afc82f3a750927b5d2e7089d53f8bb17ad317d7,ADMIN,dowens@example.com,1,2025-11-09 19:43:51.000,2026-03-28 00:52:38.000,2025-07-10 22:29:32.000,1
2450,rodney26,938066ae98419e1540c836c23d1c33c611b6af670bf941fd6fc49571749dd401,MEMBER,randall21@example.org,1,2025-11-09 19:43:51.000,2026-04-01 03:56:13.000,2025-06-18 14:05:00.000,1
2451,jacobsjohnny,c237b92eff12a64a0277b56de84c83421ab28fcedc97e00ea9996a40dae7d729,MEMBER,denise01@example.com,1,2025-11-09 19:43:51.000,2026-03-29 09:32:30.000,2025-05-06 14:15:51.000,0
2452,whitejames,4cef9630e63591d927b7359e425019b346107d6be3726739c6cbee83d37aa5df,OWNER,garciawilliam@example.com,1,2025-11-09 19:43:51.000,2026-03-10 04:31:28.000,2026-01-11 04:05:39.000,0
2453,jeremyevans,976e398961c3176a0931822182124efe3c7170d4c7c094d347efa2f2e58761db,ADMIN,mathewsdavid@example.org,1,2025-11-09 19:43:51.000,2026-03-27 01:41:14.000,2025-12-07 13:32:55.000,0
2454,sedwards,755673b7e1fa85c6429037f079ed9defcc7619343a1d124bb5c130d71ab29bd4,MEMBER,taylor83@example.org,1,2025-11-09 19:43:51.000,2026-03-15 22:04:27.000,2025-11-28 08:06:28.000,0
2455,hortonjoseph,b6ce834afdd77c2a3b6bdb5fbb03de94e88c2f67c9add0bc86784620f82089fa,MEMBER,rwilkerson@example.net,1,2025-11-09 19:43:51.000,2026-03-10 00:31:04.000,2025-06-27 12:41:15.000,0
2456,jhenry,1dfba23e3f0d3a8c6086b816039a85cfa8f28be8f5970fb081329129133eecfb,MEMBER,samuelowen@example.org,1,2025-11-09 19:43:51.000,2026-04-18 07:50:39.000,2026-02-19 15:12:37.000,0
2457,wardlynn,40c6a6195ded5ff14a57153b598bd0558982364ac559391d32a7cdaad0c67264,OWNER,sarah17@example.com,1,2025-11-09 19:43:51.000,2026-05-04 05:02:46.000,2025-11-07 10:53:08.000,1
2458,tinawilliams,f7fa9036f9ff5bbe836f8c247355dd2f348457f7058e33d8f256bcb1799b7cad,ADMIN,rjohnson@example.net,1,2025-11-09 19:43:51.000,2026-04-08 12:01:54.000,2025-08-26 12:36:58.000,1
2459,rherrera,ece4776cf4670d34d332c05343b291b443d53fa114645b719b7c6df10be22027,MEMBER,jessicacampbell@example.com,1,2025-11-09 19:43:51.000,2026-04-10 23:40:26.000,2025-10-06 07:38:44.000,0
2460,laurie96,fea444b86270b10ead6e940cf50f0f72a28c55570e44204d1070568645d1aca3,MEMBER,jacob45@example.com,1,2025-11-09 19:43:51.000,2026-04-15 20:54:36.000,2025-10-09 18:07:15.000,1
2461,jeremy04,5539403b98fec6a01ed290bae4d78b24480e00d7d9d0ab7ede00ecfea73144ff,MEMBER,charleslee@example.net,1,2025-11-09 19:43:51.000,2026-04-12 01:41:52.000,2025-05-31 22:50:22.000,1
2462,michael56,6ce080e5e9c4cc8bef526411c32b31a706ad58581004657a956f40f291161de6,MEMBER,michaelrowe@example.net,1,2025-11-09 19:43:51.000,2026-03-20 00:58:44.000,2026-01-14 23:59:16.000,0
2463,jennifer39,1ea7b219810335c374391cd636a7491bd623937d047257ffb5b804028cc81936,MEMBER,toddbowen@example.net,1,2025-11-09 19:43:51.000,2026-04-21 14:10:00.000,2025-07-19 02:46:25.000,1
2464,scottsean,bbdef7386726bf576318c9af0c7d525b67e442ae09542640331670b57fe3d62c,OWNER,soliscarlos@example.com,1,2025-11-09 19:43:51.000,2026-03-31 22:00:04.000,2025-05-02 09:26:36.000,0
2465,sara36,6ff18874084316169862a0de6c34f6b84b190e56799e6ba507fdf37d20d5845f,ADMIN,justin38@example.org,1,2025-11-09 19:43:51.000,2026-03-13 02:33:18.000,2026-02-09 08:13:27.000,0
2466,staceyjones,97a85644c312b0ea833a8c690f71c4f280148f911d8f867d62d1367f46ea17aa,MEMBER,elizabethpearson@example.net,1,2025-11-09 19:43:51.000,2026-03-31 14:50:37.000,2025-10-24 13:54:26.000,1
2467,danahernandez,875b1fbdb2d23eb913c20b3d0a20f6e7a6e17b085cb255541e92ddb6f33768d6,MEMBER,debramccarthy@example.com,1,2025-11-09 19:43:51.000,2026-04-05 17:11:31.000,2025-07-17 06:56:32.000,1
2468,wrodriguez,c813f9ba2a82927ee9159feca41e39d86a744c1873440981e18764dbaa4fdc99,MEMBER,harveytimothy@example.org,1,2025-11-09 19:43:51.000,2026-03-23 15:23:35.000,2025-08-06 07:16:55.000,0
2469,brianjones,42ae0ed8d9588854508611067a8e8223705b259b78062f3c1c0488c27f24283a,MEMBER,ayalaangela@example.net,1,2025-11-09 19:43:51.000,2026-03-31 05:15:59.000,2025-05-21 19:28:58.000,1
2470,tsmith,de06df70b174f31fe50754d3b66821964a5a7d6c9386cffca9cc8430d44e5fdf,MEMBER,mullinserik@example.org,1,2025-11-09 19:43:51.000,2026-05-01 06:04:03.000,2025-12-08 15:13:12.000,1
2471,russell70,8a305501536e5818d1ae423228706a786c5e94b901a4c0723d5fbbbef4467e3c,MEMBER,marcus35@example.com,1,2025-11-09 19:43:51.000,2026-03-16 13:12:18.000,2025-12-28 05:48:42.000,1
2472,rsanchez,a548db941376473878ac37238d8a65f9bdeda07133cd27da68ec5a7124c1ccb1,MEMBER,brenda01@example.com,1,2025-11-09 19:43:51.000,2026-03-16 23:12:34.000,2025-10-18 05:16:17.000,1
2473,donaldthompson,0643e2985dd91df6c67219de93d1946cd21152969a0a7fbbf040a098d7d4aea9,OWNER,michael63@example.org,1,2025-11-09 19:43:51.000,2026-04-29 15:59:40.000,2025-10-25 20:29:34.000,0
2474,jessica42,4b119cc5e276797676a1be82186d69971f3d904adc6ed5b8e1b9a657d3245e06,ADMIN,murphymolly@example.net,1,2025-11-09 19:43:51.000,2026-03-29 19:47:01.000,2025-09-16 20:30:24.000,0
2475,bparker,67dbefd95122307e0a9fb3f9e97af61de47f688e89accfadc91d9ae5d74b7cd7,MEMBER,bmorris@example.com,1,2025-11-09 19:43:51.000,2026-03-23 03:45:52.000,2025-05-16 06:11:41.000,0
2476,tdelgado,bc46aa9b74be124650cde71d28009826495ea2925b3f9a9d5c5b7397eaef809c,MEMBER,simmonscynthia@example.com,1,2025-11-09 19:43:51.000,2026-04-04 02:22:54.000,2026-01-25 22:19:18.000,0
2477,stanley74,6bace0be858ee9461f98cf53a8257217d249a760c63ae28b0efe789189138466,MEMBER,zacharylewis@example.net,1,2025-11-09 19:43:51.000,2026-04-20 02:59:57.000,2025-06-24 07:14:29.000,0
2478,ericanguyen,3d12a3e76671035ebfb4d5c0cc5b2ddf1293cd3d4c3dfb43ee32c09483348578,MEMBER,clarkjason@example.net,1,2025-11-09 19:43:51.000,2026-04-04 10:47:22.000,2025-04-16 13:11:49.000,1
2479,alexander35,1a8cf1b66a1f3c0d2160fa29aa2f6891a4e536c5de10cf7e5994944f988c9288,OWNER,gdavis@example.org,1,2025-11-09 19:43:51.000,2026-05-03 15:19:38.000,2025-04-27 01:12:02.000,0
2480,jonesandrea,ae6d8768c846b158a13c1fd9977cfdd51588aaeab9c71123c7b1f308eab469fb,ADMIN,zreyes@example.com,1,2025-11-09 19:43:51.000,2026-04-07 14:48:51.000,2025-09-12 09:30:30.000,0
2481,xhenry,a9d14109b91337661e3fea28f1eb47640ef4c857d435d0265fe43d517cf91046,MEMBER,matthewcoleman@example.com,1,2025-11-09 19:43:51.000,2026-03-26 22:28:40.000,2025-10-09 11:19:21.000,0
2482,johnsontonya,38f556c995bb0546f1db46a846dbd7234d9550e1ccc425d37842c0727912d44e,MEMBER,franklin28@example.net,1,2025-11-09 19:43:51.000,2026-03-28 18:43:38.000,2025-04-25 02:30:18.000,0
2483,barbaraperkins,2a5c6a852491e36af2fb25674635bb3b2bb8579c674e396b1178cf174c819b7b,MEMBER,anna09@example.com,1,2025-11-09 19:43:51.000,2026-03-17 03:44:16.000,2025-11-24 22:26:54.000,1
2484,cynthiakeller,fd7b2ebd6600dfad7ec2fa1b5063cd21b4c594e3268ac0193a475da44c22b6b0,MEMBER,catherineschmitt@example.com,1,2025-11-09 19:43:51.000,2026-03-29 10:12:00.000,2025-11-14 12:37:28.000,1
2485,sarahewing,14b37cb994c22aea8dde69724cc5c6dc45a070aa08b407ba3f4ace714f806c3e,MEMBER,priscillamartinez@example.org,1,2025-11-09 19:43:51.000,2026-04-22 13:24:08.000,2025-09-14 21:59:57.000,0
2486,stephanie49,c1c5de82534db9337dda9961050c04853ecfe22eadd1deb914058fc16663bee3,MEMBER,danielhansen@example.net,1,2025-11-09 19:43:51.000,2026-03-15 21:55:48.000,2025-10-12 18:15:19.000,0
2487,hallchristopher,2cb6e098d2dde98b7b0287ed8f5883e3648fe6bae82d2d04ade9cb0404559f74,MEMBER,syu@example.org,1,2025-11-09 19:43:51.000,2026-03-31 04:43:01.000,2025-11-22 21:53:34.000,0
2488,danielhart,17de41b347b2d956fbbe8486a35121ad66450d8bd1d420ea0749e95f1103e118,MEMBER,brooksbrett@example.com,1,2025-11-09 19:43:51.000,2026-03-27 08:59:04.000,2026-01-24 09:40:48.000,1
2489,brownmichelle,392a29fd3373031c387c33a1ee5ff48f30f644b514d817be16415ca76a3d2196,MEMBER,portersherry@example.org,1,2025-11-09 19:43:51.000,2026-03-15 01:54:25.000,2025-09-13 17:55:40.000,1
2490,melissacolon,c5b0d3d632b74b2282af6d1d8cd51644c84c623632f308bad70b3fa81c6b3987,MEMBER,rachel16@example.org,1,2025-11-09 19:43:51.000,2026-05-04 19:59:34.000,2025-10-22 06:26:53.000,1
2491,hshaffer,b40b0e50bc77926bbbd1e731d1d9565e0d1c748f5cca0828011517dbda2fe6bc,OWNER,ksmith@example.com,1,2025-11-09 19:43:51.000,2026-03-23 06:59:15.000,2026-01-05 10:58:23.000,0
2492,crystaldillon,40bee7ad0c1300231e24ade60234682ffa3c70b364d0938af195df1ee2f4edef,ADMIN,cameronaustin@example.net,1,2025-11-09 19:43:51.000,2026-04-14 01:57:44.000,2025-10-16 12:33:34.000,1
2493,jcamacho,80359f7127842f2e97f65c7de2998c31a7842cce4d7a7cc757b91944b5295d2c,MEMBER,christine23@example.org,1,2025-11-09 19:43:51.000,2026-04-16 13:38:31.000,2025-08-28 00:37:32.000,1
2494,tpeterson,4d5d4fba76bfa254b695c9b0378abd27428422919319168558fa9c85ce027f93,MEMBER,chaselucero@example.com,1,2025-11-09 19:43:51.000,2026-03-12 23:33:31.000,2025-10-20 14:04:23.000,0
2495,bennetttracy,eb889499feff2b55e3fe0298b6edc99a6c1d61d9f224cba9836a99a3ac12278a,MEMBER,maddenkatelyn@example.com,1,2025-11-09 19:43:51.000,2026-04-20 04:36:06.000,2025-05-11 23:00:05.000,1
2496,gonzalezdavid,d5810ed202bfd13d891de8e29a559849b37f95427a07e6131d97a41c5236fd48,MEMBER,wayne52@example.com,1,2025-11-09 19:43:51.000,2026-04-07 14:29:07.000,2025-10-17 03:38:12.000,0
2497,christopherblair,f7e51a1efd5e0c3b3e4672422e45725563a36e1b977ea6a8d8badd430576ce11,MEMBER,swilcox@example.net,1,2025-11-09 19:43:51.000,2026-04-28 18:45:42.000,2025-11-22 07:11:50.000,1
2498,tinawaters,463b9429864426dbc824251bc8ced568f8a04cefd7e1b1beebd4cdd2395da727,MEMBER,daniel26@example.net,1,2025-11-09 19:43:51.000,2026-03-19 15:29:45.000,2025-11-29 06:35:17.000,1
2499,gcruz,42d67f5352639981ef078b8ee2b8256812eefc598b93199eb3c8df20c918d137,OWNER,wdillon@example.org,1,2025-11-09 19:43:51.000,2026-03-20 00:49:14.000,2025-07-13 01:22:21.000,1
2500,zfox,7ec1f0a3b244237aba0d7ceb599d1e4076b27a170937af7f92bc80fe429f59c8,ADMIN,chandlerralph@example.com,1,2025-11-09 19:43:51.000,2026-04-22 23:44:50.000,2025-09-25 18:51:54.000,1
2501,reynoldskevin,fd256821532b5ee8dbec120aabe895fa163d39854b1b090313c3ffb7c9cac0c6,MEMBER,youngmegan@example.org,1,2025-11-09 19:43:51.000,2026-04-15 23:27:19.000,2026-02-17 03:18:05.000,1
2502,reillychristian,8a5313ca6816fd85abbec1e3c4007fd50c0475079e5eaf99a59db21cd92d9c2c,MEMBER,jonathan27@example.com,1,2025-11-09 19:43:51.000,2026-04-13 19:01:08.000,2025-08-30 18:08:26.000,1
2503,glee,6d9c9005e0398bbca2b8273c1d99cf963740b98ab5c743eca02694681b465429,MEMBER,thorntonmatthew@example.net,1,2025-11-09 19:43:51.000,2026-04-28 06:07:32.000,2026-01-31 08:46:03.000,1
2504,ccruz,e18889da53d67d73eaedf896eb2ae60cf216c7ad18be94174bbb99aa41491618,OWNER,sheppardjose@example.com,1,2025-11-09 19:43:51.000,2026-04-10 00:23:09.000,2026-02-19 06:35:07.000,0
2505,brian23,aabc3a1f95cfbefa981e93013b9c378ad4c269d8369b7b0d0f8b3454014844c0,ADMIN,hornemily@example.com,1,2025-11-09 19:43:51.000,2026-04-29 09:03:22.000,2025-04-21 06:40:57.000,0
2506,cgarcia,1e7a9dfb085059b9995f22acae842b861a587ad51e0eb950a87e425d9c21a4f3,MEMBER,herreraanthony@example.com,1,2025-11-09 19:43:51.000,2026-03-14 02:37:44.000,2025-12-13 04:30:03.000,1
2507,malvarez,bc2a08675afdf6c8cca618197d993d4a8a0d228987cfc18ebbc4c0fa8e198716,MEMBER,ssmith@example.com,1,2025-11-09 19:43:51.000,2026-04-22 16:33:19.000,2025-10-27 22:49:29.000,0
2508,andrew33,d63eda393f92b4b9417a13dec6682bfbef72a0cedef6c7d80c309c9c0ccd9b2e,MEMBER,mendozarebecca@example.net,1,2025-11-09 19:43:51.000,2026-04-28 00:31:59.000,2025-07-14 13:31:37.000,0
2509,howardscott,5e6f2f86af9b8a21353b2fd3c65cd775161a0d8bceaf81703f9700aa94278a1d,MEMBER,cassidywilliams@example.org,1,2025-11-09 19:43:51.000,2026-04-17 04:19:10.000,2026-02-06 07:19:50.000,1
2510,colemankristen,8234403e6c9f6f87ab9600d0373e4de570b4a7917c6495421fe17cfbbc39d470,OWNER,veronica97@example.org,1,2025-11-09 19:43:51.000,2026-05-04 09:30:08.000,2025-12-15 00:43:51.000,1
2511,teresasmith,ff2c78f593916f85a747eb5d4f50c41c772045aa0c282e5c66e536c452945c8a,ADMIN,fordmichael@example.org,1,2025-11-09 19:43:51.000,2026-05-03 18:37:57.000,2025-07-02 03:17:55.000,1
2512,megan60,fb66dc65caa25fdd1124fc39c08fa691d6b452630f2ef9a5d64e910a6bcdbfa3,MEMBER,wendygordon@example.com,1,2025-11-09 19:43:51.000,2026-04-27 11:24:19.000,2025-12-28 09:22:35.000,0
2513,troythomas,eae961226ec0c42c9eb6fb12209b5183b4b9d7eb632a1f6be43bc1796a9d0a2b,OWNER,linda25@example.org,1,2025-11-09 19:43:51.000,2026-05-01 06:04:22.000,2025-09-28 16:00:02.000,1
2514,derrick15,6dca86b13aed2c834b790d4cbf0770e4fc5a31fc6284d34392db70c3d608ea64,ADMIN,juanvillegas@example.com,1,2025-11-09 19:43:51.000,2026-05-07 17:52:19.000,2025-05-09 10:59:23.000,0
2515,paulnewton,299262a8b15b22877050596f2ac393c076588c59f1379061c126ef0afa99a8cd,MEMBER,sfletcher@example.org,1,2025-11-09 19:43:51.000,2026-04-22 09:20:34.000,2025-11-06 19:24:16.000,0
2516,brittanytyler,afa4232350f36037968e02bbdfa08d83bbb1ab526c0b443edf9f97f5837a48c0,MEMBER,paulcastillo@example.org,1,2025-11-09 19:43:51.000,2026-04-10 12:17:08.000,2025-07-29 00:09:28.000,1
2517,gdalton,08ecacdfd1efe946b88059505f2bf933fff3a65ef6df27119ef7c131aa000877,OWNER,bishopbrianna@example.org,1,2025-11-09 19:43:51.000,2026-03-14 17:41:23.000,2025-06-26 09:08:46.000,1
2518,stacey43,10e830aff4b93ae97d75d05c8e9cc633e06d1aafad4d53cbd9da4f9d37109a65,ADMIN,fthomas@example.net,1,2025-11-09 19:43:51.000,2026-04-28 21:06:41.000,2025-04-30 22:47:15.000,1
2519,hillalbert,8ac38433545095fd5744cf204abf424aa6ba5f2c732cbb1e1ae2f2a2b7874038,MEMBER,kennedytricia@example.net,1,2025-11-09 19:43:51.000,2026-04-13 09:48:04.000,2026-01-30 13:47:45.000,0
2520,rosewanda,1fe91c82e302e219cf3b61c15f13696de3fca216491ebdc497c482755431751d,MEMBER,hgutierrez@example.com,1,2025-11-09 19:43:51.000,2026-04-23 02:17:25.000,2025-10-30 16:02:35.000,0
2521,emily85,5037147081415de817bfe0f58a52a9341f41108031499d45170eb7554fdeff69,MEMBER,henrysmith@example.com,1,2025-11-09 19:43:51.000,2026-04-28 19:49:08.000,2025-09-02 05:20:13.000,0
2522,robertneal,3b1566778d17dd1dcc8329b7a7459b3145d0949e2741a2a4de65348adb8c2f92,MEMBER,rogersedward@example.net,1,2025-11-09 19:43:51.000,2026-04-01 01:06:58.000,2025-05-24 01:50:08.000,1
2523,baileyrobertson,48c1bf069bd9c734fe36ae153cf84fbf1be5c3a7a7a6bcd36c7efdcf995e812e,MEMBER,antoniotaylor@example.org,1,2025-11-09 19:43:51.000,2026-05-04 07:10:18.000,2025-10-19 18:58:19.000,0
2524,vangmichael,8afdda21aed4c524eb9a368976ec52c7e4c1ae72c3b0b87ec6fb8538c55d719a,MEMBER,robertaustin@example.net,1,2025-11-09 19:43:51.000,2026-04-28 05:00:47.000,2025-08-08 20:52:06.000,1
2525,traci99,4235545b8a88ca182df71509683a94de8fb8ca9ecfa94bb54b7afa061af60a3e,MEMBER,omiddleton@example.org,1,2025-11-09 19:43:51.000,2026-04-23 11:49:49.000,2025-10-03 21:34:22.000,0
2526,mark35,2fb447b2381e7fedfafaa8d9d6de076c111afc009490e815adf472a19b12e2b1,MEMBER,michaelmyers@example.net,1,2025-11-09 19:43:51.000,2026-04-24 02:16:28.000,2025-09-08 19:30:54.000,0
2527,smithdouglas,1fe8ac05ce209bb876f3a692e5d3f21d27b5382317243e79a3e4192b91cc30b4,MEMBER,alanevans@example.org,1,2025-11-09 19:43:51.000,2026-04-24 22:48:21.000,2025-11-17 06:14:53.000,0
2528,owensrenee,8afdbf4472775e3fddbec6249cdd567893de2195d4291713fa233134ae692eef,MEMBER,porterdustin@example.com,1,2025-11-09 19:43:51.000,2026-03-17 09:56:36.000,2025-08-15 23:22:17.000,0
2529,brettfaulkner,7fd1d79a7dd05a8dcf8e65fc16dedff3e855384de1fa0947ebe545fc8149f5d3,OWNER,donaldbeltran@example.net,1,2025-11-09 19:43:51.000,2026-04-13 21:24:03.000,2025-04-07 08:52:56.000,0
2530,qbyrd,f9f177a8955192ce966c24c0615907f8e113247ccc778444b8d547411f521b41,ADMIN,rlee@example.com,1,2025-11-09 19:43:51.000,2026-04-29 23:48:28.000,2026-03-04 15:21:47.000,1
2531,morgandaniel,574686fd2044695bef60c614489e529fab5ad6de823c9bcc71081b8ebb981b52,MEMBER,melodyedwards@example.org,1,2025-11-09 19:43:51.000,2026-03-17 21:16:06.000,2026-01-23 07:25:46.000,1
2532,ileon,a0eec02b3e396d6a23ca7eb585b076716d760a87cfdaba216f002fb58b607ffa,MEMBER,williamsraymond@example.org,1,2025-11-09 19:43:51.000,2026-03-17 02:20:56.000,2025-12-05 19:32:51.000,0
2533,lknapp,4d5e2f36af880e4de143b9a960652eb65cd116f608aa2c24ff442280c641f72b,MEMBER,clarkjason@example.com,1,2025-11-09 19:43:51.000,2026-04-13 06:14:40.000,2025-11-24 10:49:11.000,1
2534,tcook,ef0b5488d318c9ca33f8bc40884840f6c39fdd469d8ee2c90c1915f403b0a410,OWNER,jared46@example.net,1,2025-11-09 19:43:51.000,2026-04-08 23:01:34.000,2025-05-15 15:32:56.000,1
2535,zcollins,22e3fb01290ed759c97a5eea90a10ab80575f98c236d0b505f26e640245ca149,ADMIN,jamesbrown@example.org,1,2025-11-09 19:43:51.000,2026-03-29 11:40:36.000,2026-01-27 18:58:44.000,1
2536,michael14,6343cea732cece6a2a35e24b634a5d3542fe729733c3d3fe247dd5ca716f3f31,MEMBER,larryhernandez@example.org,1,2025-11-09 19:43:51.000,2026-03-22 13:15:58.000,2025-09-07 13:48:19.000,1
2537,michaelsaunders,b98f0f9a6f237d71dbe764eec38c1fc92d0a5fccf73194979935ac42146e45e4,MEMBER,blackbrittney@example.org,1,2025-11-09 19:43:51.000,2026-03-14 00:04:06.000,2025-07-29 12:39:33.000,1
2538,michelle59,225221cad83a3637ec4eabfff55613ffcaa9e2eced43c1b737ba492588c89ae9,OWNER,bradshawmichael@example.org,1,2025-11-09 19:43:51.000,2026-04-02 22:41:34.000,2026-02-08 22:14:01.000,0
2539,sarah81,3c28c42209574c71a87fde5ba447b8b1d038148278376e5d9775bdc19495d218,ADMIN,smithrobert@example.net,1,2025-11-09 19:43:51.000,2026-03-22 20:15:30.000,2025-07-31 08:57:04.000,1
2540,harrisjaclyn,a5ece5f689377572061476fef0234c3fa11393702578bf4d6ef1636ef91fce85,MEMBER,rodriguezrhonda@example.net,1,2025-11-09 19:43:51.000,2026-04-12 22:09:17.000,2025-06-13 21:03:17.000,0
2541,hunterdavis,ffbee7807e4ec7dc6a605578c8f9b8eb0542a6c0237a126d2f9db2776b51bbe6,OWNER,evelynbell@example.com,1,2025-11-09 19:43:51.000,2026-03-10 05:58:32.000,2025-07-26 08:03:22.000,1
2542,zbutler,a0ea8581d1d271a6f412e606ffb461468ed7de4b53b14b2ed8c91937750ee0d6,ADMIN,shermanlouis@example.org,1,2025-11-09 19:43:51.000,2026-05-07 08:20:48.000,2026-03-01 20:33:35.000,1
2543,dfloyd,53e9055e5812b69903eced94e87517263cefbfe6c1222d8557b5f886a4c5c069,MEMBER,wellschristopher@example.net,1,2025-11-09 19:43:51.000,2026-03-15 05:49:53.000,2025-11-04 23:56:34.000,1
2544,johnathan76,88431305fd5b3260fe610ec3806db50e3f2761f89f3194fb36b8f177937ac299,MEMBER,ubradford@example.com,1,2025-11-09 19:43:51.000,2026-04-05 20:15:11.000,2025-06-26 13:37:21.000,1
2545,mcbridestephen,8ab55c3b9ad950855a304586de00620216e87d9e5d4528dc2317568b8c01036a,MEMBER,gonzalezeric@example.org,1,2025-11-09 19:43:51.000,2026-04-30 11:14:44.000,2026-01-07 18:17:15.000,0
2546,terridoyle,6de370b53eb7cc40400fe5188eaf29baca3b18ef723a286240b6ca657d6e2e74,OWNER,bruceangel@example.net,1,2025-11-09 19:43:51.000,2026-03-20 23:28:50.000,2025-07-30 16:56:40.000,0
2547,kmadden,a8546958849fa9ad9f084e8bbbbed499d075fc6e0eec869212cb0f4e11d3d394,ADMIN,greeranita@example.net,1,2025-11-09 19:43:51.000,2026-03-15 21:32:53.000,2025-07-11 11:34:40.000,1
2548,bianca01,e2144d34541d4b4d62c1138e084f761876f58464384681d4f236b254a20f8ea5,MEMBER,sandra70@example.org,1,2025-11-09 19:43:51.000,2026-05-06 05:07:04.000,2025-10-29 09:26:11.000,0
2549,cking,a88dc6933e6c4ff2af57dbbbb7b9c0383b3682c23a675b8c3ef3c6b93448d38e,MEMBER,ydouglas@example.org,1,2025-11-09 19:43:51.000,2026-04-29 02:54:37.000,2026-02-07 13:36:05.000,1
2550,sandraphillips,d52c30e90c93b2f213dcc81577500e3dfc88b5d46a35c246d51bb60e8f9b13db,MEMBER,amber37@example.org,1,2025-11-09 19:43:51.000,2026-04-07 23:47:59.000,2025-09-06 04:19:35.000,0
2551,james55,2512965d9c01868414a434814b55c08e8b8f47d78c87336e235083e33302c6cb,OWNER,elaine53@example.net,1,2025-11-09 19:43:51.000,2026-04-17 19:57:24.000,2025-08-21 04:10:55.000,1
2552,robert64,f0adc9b826e06aa19d969f643a3e99ecb21a633d85c33289286b5f36e8d10c39,ADMIN,rogersamanda@example.org,1,2025-11-09 19:43:51.000,2026-05-03 16:03:10.000,2025-07-13 02:48:38.000,0
2553,whorne,7c92010611f78ac571af3a772f837b2ef56060c55349cf1c1c91b9346efaf907,MEMBER,jean39@example.org,1,2025-11-09 19:43:51.000,2026-04-01 11:38:04.000,2025-06-29 11:36:43.000,0
2554,lisa29,8e92d953fa52f6014f9a4b8035acc7f5c741058e7cde6811f2477faf136a2370,MEMBER,john79@example.net,1,2025-11-09 19:43:51.000,2026-04-27 20:12:40.000,2025-11-22 00:39:55.000,0
2555,christine45,f7b227fc38ecd97a76e9c647f83fc913aa8cc503cfc790e8de775ba230f65b58,MEMBER,jaystewart@example.org,1,2025-11-09 19:43:51.000,2026-03-11 22:04:33.000,2025-05-09 11:15:02.000,1
2556,xgallagher,f882bf560b9d4ad291e2d5b9fd1fd096a85651212b1d78587d2a86dfa51c26d9,MEMBER,eortiz@example.org,1,2025-11-09 19:43:51.000,2026-05-06 08:32:46.000,2025-07-22 18:06:07.000,0
2557,thomascabrera,221492992354df088dbad737c32e626b8dacf25f88c409f4173f7529209d5a2c,MEMBER,hobbssusan@example.org,1,2025-11-09 19:43:51.000,2026-03-29 21:47:17.000,2026-01-25 08:49:14.000,1
2558,rtanner,3892508069633d6074a4b1abd1c1e32bce6a4a11531d0ed361260c14e369b859,OWNER,vlowe@example.com,1,2025-11-09 19:43:51.000,2026-05-07 08:10:53.000,2026-02-25 08:32:27.000,0
2559,david86,13d10b9fb4692bf138f019b0da7a9cca630771c08468d425079ec51a4afed39e,ADMIN,paul35@example.net,1,2025-11-09 19:43:51.000,2026-03-21 03:45:37.000,2025-10-11 07:05:51.000,0
2560,awilliams,73684d2c8e4f3e730ed538838799f2e34ff15b4624cb2c97668ec008e16504b6,MEMBER,alexis92@example.net,1,2025-11-09 19:43:51.000,2026-03-17 22:39:43.000,2026-03-03 01:35:06.000,0
2561,yolson,4ff9e9c4bc1fcc757ea65283828a195948d8a39742a1a240b7bfa51fbb98266e,MEMBER,pjohnson@example.org,1,2025-11-09 19:43:51.000,2026-03-25 15:58:31.000,2025-09-16 06:26:20.000,0
2562,pateleddie,f17eedbcd27f6f29ae93aee9282b10f440e734aec773315ec5d7ea7162c9a010,OWNER,moyeramber@example.com,1,2025-11-09 19:43:51.000,2026-04-09 08:50:58.000,2025-05-08 15:42:41.000,1
2563,linda19,82f1bd95bc364777e91e324505249e5084310346099500feebb73c4a04d40ea5,ADMIN,fullerrachel@example.org,1,2025-11-09 19:43:51.000,2026-04-19 09:47:35.000,2025-09-04 22:33:28.000,0
2564,kcruz,9436d46e6a99edf0703e9ee8810958c4dbd2339739df2ec959f17bb5a39976ac,MEMBER,rachel63@example.org,1,2025-11-09 19:43:51.000,2026-04-14 08:10:43.000,2025-12-29 20:47:08.000,0
2565,amy47,6ee89bd6a0166c4a4c846edb18a1c76bd89c6722617f4218a5fa48ecfd7a51b8,MEMBER,blackpeggy@example.org,1,2025-11-09 19:43:51.000,2026-04-13 08:13:36.000,2025-10-16 08:48:49.000,0
2566,scottcook,992fc77642057918200a2ce4446c0ea40de480cbd3e64aeb82570b8ed1d2333f,MEMBER,thompsonjohnny@example.org,1,2025-11-09 19:43:51.000,2026-04-03 22:12:40.000,2025-08-18 13:07:39.000,0
2567,greenecharles,6965d2380d73c2e1bf63ec89e7d25cb2b7d9bb8ee28cc76e50629d8709508228,MEMBER,turnerjose@example.org,1,2025-11-09 19:43:51.000,2026-04-13 00:03:09.000,2025-06-01 16:29:52.000,1
2568,johnsonjoshua,5cc8c68146c3e68f71913f406144fe3eefc979ab8532273bc384a0c5d2751817,MEMBER,tmoyer@example.net,1,2025-11-09 19:43:51.000,2026-05-05 03:08:54.000,2025-09-23 22:22:28.000,1
2569,laura66,d30da91f551cc2d24656f821b38b74fcb9dc5b013c4bf79ee739ad2ee391a820,MEMBER,smaldonado@example.net,1,2025-11-09 19:43:51.000,2026-05-01 02:12:50.000,2025-12-16 07:37:30.000,1
2570,michellemorris,71dedf44e55eb5eae71c08203ff6d3fb4d53c67c120f00fa3891ca0d6fad6fe1,MEMBER,thompsonlindsey@example.net,1,2025-11-09 19:43:51.000,2026-03-16 12:50:47.000,2025-11-30 04:07:54.000,1
2571,harrellderrick,6b1a53f0c83ddc1249c4ecd43f89f9f88b5dbcdb8322d2ecafe9b9866175e01d,MEMBER,hullgina@example.org,1,2025-11-09 19:43:51.000,2026-04-11 01:55:44.000,2026-02-01 08:37:30.000,0
2572,jboyd,2a5ae39cbadf6b67d88ac52b462d0fab0915cfee1178b13054983494cc2e1e87,MEMBER,elizabeth45@example.net,1,2025-11-09 19:43:51.000,2026-04-29 13:46:00.000,2025-05-15 17:44:37.000,1
2573,crios,14cbe66c442b83b2d88704f48f0097306b3c20eec6fb27bd711ffd91284429bf,MEMBER,michaelcraig@example.com,1,2025-11-09 19:43:51.000,2026-05-02 02:50:02.000,2025-04-11 01:19:06.000,1
2574,barry44,006a7363edb750ce951c69ca1f6bb22daf697ada990ff1739bad84469671aaca,OWNER,foxmatthew@example.com,1,2025-11-09 19:43:51.000,2026-03-16 03:52:43.000,2025-08-12 07:06:36.000,1
2575,reyesmichael,3d6a62fe45fefbcb5775054b3f8731d31b34fd3386a9581196a19b7c60541444,ADMIN,rachel62@example.com,1,2025-11-09 19:43:51.000,2026-04-25 08:40:50.000,2025-12-20 03:34:13.000,0
2576,mporter,e5732098375e36c1b650970a503ce9097ef6ffa183b2e5a78a1640bfb119a698,MEMBER,pollarddonald@example.net,1,2025-11-09 19:43:51.000,2026-03-22 00:11:16.000,2026-02-19 20:09:24.000,0
2577,kmorgan,a4388af877ab60009809175fb0e6a17ae125cbc13c06d54c9d6b718f977ff0b3,MEMBER,kirk47@example.com,1,2025-11-09 19:43:51.000,2026-04-09 06:10:52.000,2025-06-12 16:59:23.000,1
2578,diane88,4f1686f9d28a53c847bc3e9788b18ffacaa04011e80b086fd1880e8854b34ec7,OWNER,travis60@example.com,1,2025-11-09 19:43:51.000,2026-03-23 04:03:04.000,2025-06-22 09:28:05.000,1
2579,phamnatasha,036934cbd2493f879a7455d54cddec8fa0ee364defe8d93f9513ce9314a92e2e,ADMIN,ebeck@example.net,1,2025-11-09 19:43:51.000,2026-03-26 20:38:24.000,2025-09-12 06:53:05.000,0
2580,ifoster,6df9d8c71770701f0c96052f4fc40af0e12b75bc2dc8501fbe1a583e97bf8c84,MEMBER,bryan@example.org,1,2025-11-09 19:43:51.000,2026-04-28 14:04:01.000,2025-05-05 21:09:44.000,0
2581,colleen33,747ec5d48a6467e5f841214189d47763d205df0c0c6cd34044ce62a7f690e20f,MEMBER,theresa97@example.com,1,2025-11-09 19:43:51.000,2026-04-15 02:59:33.000,2025-11-01 12:52:13.000,0
2582,tnelson,4f041fa43efe9359c4aca4226198dce17b2be0e4340368c7cbd4efb7e387fe4b,MEMBER,klewis@example.org,1,2025-11-09 19:43:51.000,2026-05-05 08:19:31.000,2025-07-31 12:26:27.000,1
2583,theresabarnes,d911ce0f5144fd6e9a8f7d03a2d57877b07397812d6680c7c2f6d4e75fffa560,MEMBER,brendasalazar@example.org,1,2025-11-09 19:43:51.000,2026-05-06 23:33:30.000,2025-06-06 03:51:17.000,0
2584,deborahterry,2e309ed41456172cfeb68ddfe3e71b330991eaf352044ec58dbbc378c093de5f,MEMBER,paulvasquez@example.com,1,2025-11-09 19:43:51.000,2026-04-02 13:49:26.000,2025-07-31 08:57:58.000,0
2585,mendezpaul,056d43fd5e4e6438f681f220b71546a5474e6c4e02cdb5eae6aa249381791ca3,MEMBER,shirley65@example.net,1,2025-11-09 19:43:51.000,2026-05-07 00:22:12.000,2026-02-11 22:10:52.000,0
2586,donna49,c186e01fb93d133770f0b2ecbf3da8c4d675d85df70a7a477a05f8861b667a38,MEMBER,qmitchell@example.net,1,2025-11-09 19:43:51.000,2026-04-18 03:13:53.000,2025-05-31 18:04:41.000,0
2587,alexandercarrillo,62d9085b8002aa7ed9c308677a84d4e3794d7224bf206615dda509ed0d7c770d,MEMBER,moniqueramsey@example.com,1,2025-11-09 19:43:51.000,2026-05-02 11:43:21.000,2025-10-28 15:13:47.000,1
2588,erica63,8884c019401519d08e0b0a068803780078d3141decd88b11bb1b4b9d2e34f1d1,OWNER,simmonsdon@example.org,1,2025-11-09 19:43:51.000,2026-03-10 06:16:32.000,2025-12-17 12:42:00.000,0
2589,sophiagreene,b8f23cebe1b01f52256216296fe2435c74de708ad1b763c9c535e1474983eae9,ADMIN,fjohnson@example.com,1,2025-11-09 19:43:51.000,2026-03-11 00:04:13.000,2025-11-30 07:06:13.000,1
2590,george59,8c50e7e776ee25e0604449b764a507640a0ad6993518774a0d5455ee3e506671,MEMBER,kelly88@example.org,1,2025-11-09 19:43:51.000,2026-04-20 04:33:48.000,2026-01-14 00:52:28.000,1
2591,bryce31,b52988389d493726d0c0d3f9eda3c98f056876977a869d77dcecf9683a34a918,MEMBER,walkeranthony@example.org,1,2025-11-09 19:43:51.000,2026-03-15 19:18:20.000,2025-06-15 22:52:38.000,1
2592,fschaefer,cdf0a3de8e6182820f4d4860b236cfd5d629359a6c6295badc41166f24ff1023,MEMBER,hansenrobert@example.org,1,2025-11-09 19:43:51.000,2026-04-01 02:18:14.000,2025-12-25 06:55:15.000,0
2593,kenneth65,f84af0c81aaf9e0fc6343183920e4245cd4905987d7b933b89f4677ddfa54eb5,MEMBER,jessicagreen@example.org,1,2025-11-09 19:43:51.000,2026-03-13 09:24:24.000,2025-09-14 22:44:08.000,1
2594,mary15,b64ab46731339fc83846cf2111a91043dca53d175ba767164255609adbab702e,MEMBER,brent66@example.org,1,2025-11-09 19:43:51.000,2026-03-15 17:59:22.000,2025-11-05 11:33:06.000,0
2595,zwaters,72f036d46b78c23ea77b13cc9653dfab43f474ab4392228747d41091d5d4e929,OWNER,megan98@example.org,1,2025-11-09 19:43:51.000,2026-05-05 22:46:50.000,2025-04-13 09:31:36.000,1
2596,fcampos,9598602077a2be33c364d9f67dbbdf8ea23f7fb9f97b153fb6ca45089bb932da,ADMIN,steven82@example.net,1,2025-11-09 19:43:51.000,2026-03-18 21:12:16.000,2025-08-14 08:17:29.000,1
2597,reyesmatthew,8c68d0882b7ba7bc0f820004f87467a8e0537b728be34774804eded6edc835a1,MEMBER,donald04@example.com,1,2025-11-09 19:43:51.000,2026-04-30 18:07:23.000,2025-10-16 02:18:53.000,0
2598,agarcia,45e6c79b1115b92ed448baf9dbc7b6bbf5784d2a57270b0638cd2d0471b8ca0c,MEMBER,xjohnson@example.net,1,2025-11-09 19:43:51.000,2026-03-20 19:43:45.000,2025-08-08 16:59:47.000,1
2599,petermoreno,b0e94bdad423dfb374ed676732bdecb1f39ed297b0a68ff78494e2496e8d532c,MEMBER,valeriemorris@example.com,1,2025-11-09 19:43:51.000,2026-04-29 08:11:05.000,2025-12-29 14:17:25.000,0
2600,owilson,55b72ac729aa050f52e25b2639f4a79e3a657d5a81b3a844a290574f790bd04b,MEMBER,jasminetate@example.com,1,2025-11-09 19:43:51.000,2026-03-27 04:46:22.000,2025-07-02 22:15:03.000,0
2601,marywalker,398048650eebef5963ee900366b4a9aa2e97c080d23eb23b395e9793dcee6821,MEMBER,peterjones@example.org,1,2025-11-09 19:43:51.000,2026-03-20 03:58:27.000,2025-05-07 17:06:34.000,0
2602,danielrogers,4ba8134dbccc2e1aeb5a7de2dada68281c8b10917a1616983c8d23192da70415,MEMBER,melinda13@example.com,1,2025-11-09 19:43:51.000,2026-03-11 22:46:23.000,2025-07-16 16:26:15.000,1
2603,tuckergina,c42a99b0cba43ff5ab123631727dc285aeb68f468509283470ee67e4078ea46b,MEMBER,rrowland@example.net,1,2025-11-09 19:43:51.000,2026-03-15 18:36:10.000,2025-08-11 12:37:41.000,0
2604,kristylopez,e5332530b3b0b0af5d8159fe52108dc425d4be5677250d86d901d3d1b01d9816,MEMBER,robertcarter@example.org,1,2025-11-09 19:43:51.000,2026-04-07 07:34:26.000,2025-05-24 14:05:40.000,1
2605,samantha01,9a06ece2a82f07559211925c6ddb11e9d3dc99b793c29c348e0c25d38911ca6f,OWNER,steven18@example.com,1,2025-11-09 19:43:51.000,2026-05-04 21:03:03.000,2025-05-25 07:32:01.000,0
2606,martinezteresa,edcb04046b4298ca9b8254655bf5591c4ffae8460cdd8c8777cf5230abd5a981,ADMIN,tinadaugherty@example.org,1,2025-11-09 19:43:51.000,2026-03-11 17:31:09.000,2025-07-26 19:08:08.000,0
2607,markboyd,46504e28c790604467750677ae9f7fb9762aabd375fbf1905bfce59b26c8da4c,MEMBER,timothyharris@example.org,1,2025-11-09 19:43:51.000,2026-04-02 06:39:39.000,2026-01-01 16:50:45.000,0
2608,xtorres,eed36c95c53d22d28a9126266979cd63e0c3e64d8398225dd926f99795e3e8aa,MEMBER,heatherrobinson@example.net,1,2025-11-09 19:43:51.000,2026-03-14 00:38:37.000,2025-08-04 08:31:16.000,1
2609,tphillips,321ac1d2ff35fa27eb8f02071ab21742799519dca1dae6212bd89ae41ce394d0,OWNER,yvonne56@example.net,1,2025-11-09 19:43:51.000,2026-03-30 03:50:21.000,2025-09-12 14:13:36.000,1
2610,osmith,eb37f9f5fc4c89dad4524bdfc2912617ff8a383231f1ae732f51edb10471412a,ADMIN,caitlinbrooks@example.org,1,2025-11-09 19:43:51.000,2026-03-11 14:58:01.000,2025-05-06 09:17:35.000,0
2611,hollandchristopher,b9a41149b19b28bb8b9186d367f12577c020c906689b0ff2575999d13346c188,MEMBER,michael23@example.org,1,2025-11-09 19:43:51.000,2026-03-18 00:22:45.000,2026-02-22 15:06:03.000,0
2612,uparker,1ea2111fec1d56b17a3a85c2c3bdcd44231ec3c596b05a41152e65b627b3493e,MEMBER,tonyvaughan@example.com,1,2025-11-09 19:43:51.000,2026-03-11 09:09:58.000,2025-09-07 16:42:46.000,1
2613,donald47,f51f837b5807407ba21b9e13e9f4b961b8453ac6c95d8cd397aa599aee8ecff0,MEMBER,icruz@example.net,1,2025-11-09 19:43:51.000,2026-03-15 04:34:30.000,2025-12-15 17:14:03.000,0
2614,jenniferknight,0952abb6050c36de3b6b71ad7ba0c3875c86dce6dc6a42811a99c6066b313398,OWNER,isaac86@example.com,1,2025-11-09 19:43:51.000,2026-03-19 10:29:15.000,2025-05-10 22:27:09.000,1
2615,jeffreyperkins,08405bc1c86e6573a9ac961ddb3dcbe09f27331009d5510461a83d71a669b32a,ADMIN,hamptonjoshua@example.net,1,2025-11-09 19:43:51.000,2026-04-12 19:18:21.000,2025-12-12 12:36:18.000,1
2616,simpsonsarah,85d3d34e0c4529e9a000f1e994c5382254f4164bb23ea611430660d344a44d5e,MEMBER,johnnguyen@example.net,1,2025-11-09 19:43:51.000,2026-05-01 21:33:14.000,2025-11-12 13:13:56.000,1
2617,jeffery58,0f952fdc500ffcbce98936de0cde8217ceb694818993885bf60b75135f8e2ad4,MEMBER,garymorrow@example.com,1,2025-11-09 19:43:51.000,2026-03-18 08:58:52.000,2025-05-14 14:31:31.000,1
2618,fward,b9c080c5763f961ea5faa7c6166c6c865c5be8b6af9e699730fb9ba6eade99ff,MEMBER,daltonlogan@example.org,1,2025-11-09 19:43:51.000,2026-03-28 19:04:41.000,2026-02-11 07:39:12.000,1
2619,danielleheath,0762d1a3e469a7c3e399d0cc79ef70d0fe225e7cb2defcf2b78322e2b41994f3,OWNER,ashley46@example.net,1,2025-11-09 19:43:51.000,2026-03-16 12:49:49.000,2025-09-19 10:54:39.000,0
2620,wilsondavid,7517c03f064fe411e48224ca130057a5e17bb2edac3e93ab63f2005402e78553,ADMIN,qwilliams@example.com,1,2025-11-09 19:43:51.000,2026-04-11 15:38:16.000,2026-03-07 09:03:37.000,0
2621,guerreroerica,3df48def4825582c54bc01a2f9ce2d3e901d6eb8bad3db8ccc62fe9612d588c2,MEMBER,wolfkaren@example.org,1,2025-11-09 19:43:51.000,2026-04-07 06:14:04.000,2025-04-05 23:02:47.000,1
2622,elizabeth13,e90a93bb8aabedbe11f7d6bfef3622244c6baa08988ebaf42166511287713559,MEMBER,briannawarren@example.com,1,2025-11-09 19:43:51.000,2026-03-28 04:56:13.000,2025-08-20 05:21:33.000,0
2623,alan20,7dbc3fc4ffd3b7dc900fc0454d9986343a3478dd5174aefe068537b1823d8313,MEMBER,moorekyle@example.com,1,2025-11-09 19:43:51.000,2026-04-28 07:48:23.000,2025-12-18 01:52:23.000,1
2624,morrisonkelly,c522510d3aa3da85447a9d700712d3dec97d297fcc95ad44129a4d64176ec01f,MEMBER,acrawford@example.net,1,2025-11-09 19:43:51.000,2026-04-30 05:33:50.000,2026-02-14 06:01:37.000,0
2625,james23,0d0bbc60bbe3d3efc32ca6346201cccd15dd520709f6af3f334c95938983437d,MEMBER,jennifer46@example.org,1,2025-11-09 19:43:51.000,2026-03-20 20:12:41.000,2025-05-22 20:36:15.000,1
2626,daisy69,53dcf95b3714e4a0fddc98854388f38337fe1d269f71fde077f24d2f29de862b,OWNER,jamieescobar@example.net,1,2025-11-09 19:43:51.000,2026-03-20 16:29:29.000,2026-02-07 16:30:21.000,1
2627,micheal12,ceb80b9d3d0d17158aff64049122f2fc9e8453f33d12a3c5758bc8927cc8a499,ADMIN,troy@example.org,1,2025-11-09 19:43:51.000,2026-04-24 03:24:15.000,2025-05-22 01:45:57.000,0
2628,albert16,feadcfbc3e343035a23917ad00b5281dc6a92277447ec05f52cddfe8aa1f417a,MEMBER,batessamuel@example.com,1,2025-11-09 19:43:51.000,2026-04-13 19:44:31.000,2025-07-16 13:16:21.000,1
2629,aaron91,e7646196fdf7dfb5845baebdb0d8f18301cfd3f7b5c432c7a36c25be28e4339b,MEMBER,whitebrendan@example.org,1,2025-11-09 19:43:51.000,2026-04-26 16:36:54.000,2025-09-12 03:19:38.000,0
2630,casesara,f8f0c48979a8a4e051472299d3b18c195c813dfd64f3a5fac87227440654549b,MEMBER,jcarpenter@example.org,1,2025-11-09 19:43:51.000,2026-04-01 08:55:21.000,2025-04-11 12:10:44.000,0
2631,elizabeth89,a91689429d32c5e794135e01e92c70a6f81638848c4394ea01c7438f7c55f254,OWNER,michaelcarney@example.net,1,2025-11-09 19:43:51.000,2026-03-15 11:37:42.000,2026-02-11 14:59:48.000,1
2632,taylor97,395f664bfdadbb05a41cb85d008271f776685519f459328131bb6e5d25209b06,ADMIN,jeffrey79@example.com,1,2025-11-09 19:43:51.000,2026-04-03 08:39:19.000,2025-11-11 08:20:36.000,1
2633,rsimmons,c30f8b76db0812cb04ad0d5f872068a1f3b43ccba23660e87717f1f4a7c7c4ba,MEMBER,hoodcharles@example.com,1,2025-11-09 19:43:51.000,2026-04-22 00:49:08.000,2025-04-12 00:26:22.000,0
2634,fweaver,f5ec33b8ca64af246870d36961b8d8b861aa06f3ed27ed37de3ea9d893895732,MEMBER,theodoreaguilar@example.com,1,2025-11-09 19:43:51.000,2026-03-26 01:01:57.000,2025-07-30 02:29:36.000,1
2635,warrenwilliam,e6503d87059082a26bd8ea302f21e9edcae576f55d2246479a14739cbafc2443,MEMBER,ycastillo@example.com,1,2025-11-09 19:43:51.000,2026-04-13 21:11:21.000,2025-08-01 01:53:46.000,1
2636,vernon61,54344e924c9738c181650f4a41534ff2dacd6767a79dd36dfb9d2e42ca23fbcd,MEMBER,foxmichelle@example.com,1,2025-11-09 19:43:51.000,2026-03-12 01:05:26.000,2025-05-09 18:48:12.000,0
2637,nfranklin,7570a32c51a2ab435c4020d6e1700d31c7377541cfa0c02fd01bbe26c739b443,OWNER,irodriguez@example.org,1,2025-11-09 19:43:51.000,2026-04-27 03:32:25.000,2025-10-04 14:09:01.000,1
2638,angela89,d72d9bc48f0e1bdd8ac57fc9b84ea24d66db20b63c43f1054cf65b4ab8b10583,ADMIN,catherine59@example.net,1,2025-11-09 19:43:51.000,2026-05-08 10:10:49.000,2025-11-28 21:10:45.000,1
2639,jasoncrawford,7e59626cbab49f7851694d3979995081e175b120732eec0b00a3867ae635733c,MEMBER,katiephelps@example.com,1,2025-11-09 19:43:51.000,2026-03-25 03:21:42.000,2025-10-09 20:42:43.000,1
2640,thompsonmiranda,95c15b2edad3d1b3a8e66fbfdc27c912afe6c6bf1889c543e9e8cee1091e7fdc,MEMBER,willischarles@example.com,1,2025-11-09 19:43:51.000,2026-03-17 10:28:09.000,2025-09-08 10:46:48.000,0
2641,herreramary,8a62087b8e9cb4d7d3a755c2aca451db82d253676a9d7d1c9182bc89adc9094c,OWNER,patrick36@example.org,1,2025-11-09 19:43:51.000,2026-04-06 04:38:22.000,2025-04-11 20:35:50.000,0
2642,twyatt,558c4321854f4562940ff50979a99f680ba30d9bfa7ea675bd56459d95f6dabb,ADMIN,candicewood@example.org,1,2025-11-09 19:43:51.000,2026-04-05 02:54:52.000,2025-11-13 07:42:01.000,0
2643,veronicaperry,81b2ebc6aff6ac56aa42e5ab39556c8db5ba8fa0c2c03dd20e8f482f9f994f20,MEMBER,cthornton@example.net,1,2025-11-09 19:43:51.000,2026-05-07 10:12:31.000,2025-05-11 01:32:24.000,0
2644,nicholsjohn,cae63d1ac10f327a1c0285f9c6ac4e308cb4647979f510c8a98d1c0cace92a88,OWNER,vanessabenson@example.net,1,2025-11-09 19:43:51.000,2026-04-29 14:30:17.000,2025-05-18 05:40:03.000,1
2645,robertthomas,20dedae4c444d21274cc336060212d9b1f24a47b4dda059f65100207be3752aa,ADMIN,ashleybutler@example.org,1,2025-11-09 19:43:51.000,2026-03-27 20:50:51.000,2025-04-20 22:36:08.000,0
2646,daniel69,974af841ac8638720afe44b7d15986401f6e67733277d8e7f48996743700efec,MEMBER,awilliams@example.com,1,2025-11-09 19:43:51.000,2026-04-02 09:42:20.000,2026-02-24 21:13:28.000,0
2647,janderson,1ca8ed5d8482772b5c96ae786d685c55b86775bc2f32f15d26fa84ea358ea493,MEMBER,sabrina85@example.net,1,2025-11-09 19:43:51.000,2026-04-28 20:07:23.000,2025-12-26 20:46:58.000,0
2648,gwilliams,a70bb7c9482f5c93a6ddd65c71b84ab2057562eb58cbdca76c349574c330ca4e,OWNER,rosewesley@example.com,1,2025-11-09 19:43:51.000,2026-04-05 01:04:39.000,2025-09-03 11:57:26.000,0
2649,alejandrowood,329edb42843a4527d216f9b262116b4ae5e65c43a27fa4a763ad6c9cb9faa957,ADMIN,thomasrobin@example.org,1,2025-11-09 19:43:51.000,2026-04-09 01:44:06.000,2025-05-13 16:38:26.000,1
2650,kevinhill,e11a7453c68a5ef33674088438e49f28ce94e272ab1f9c74081c9b330c7f4ee4,MEMBER,rcastro@example.com,1,2025-11-09 19:43:51.000,2026-03-28 22:27:32.000,2025-08-28 14:20:58.000,0
2651,erica86,d4615127ffa187a2537a19aec0af1c73df5783325bbf6f9b39e1abd6109938f7,MEMBER,tellis@example.net,1,2025-11-09 19:43:51.000,2026-04-21 16:29:23.000,2025-04-07 03:06:50.000,0
2652,bridgetjennings,90b60e6de92c90326390dd5a6cdf924882a9ba1ef64733733120c42af5e98f17,MEMBER,amiller@example.org,1,2025-11-09 19:43:51.000,2026-05-08 16:39:54.000,2025-06-10 14:02:02.000,1
2653,antoniojacobs,d57a735990bdd3557f120bf67626a3f5d8dd980d45df283a3a37484c489cd38e,MEMBER,joshua18@example.com,1,2025-11-09 19:43:51.000,2026-04-20 00:01:50.000,2025-12-12 06:53:12.000,0
2654,cedwards,75a717df36908d50345a179b70947e020cf2daea765a2bede74c60b31e763826,OWNER,mary45@example.com,1,2025-11-09 19:43:51.000,2026-05-01 12:59:08.000,2025-12-18 16:26:55.000,0
2655,gregory55,48e4c8a67b3d9a82b361a4235d4b4f131f36c49f6e7d77a9c57797a289fe6ef3,ADMIN,rubenwright@example.org,1,2025-11-09 19:43:51.000,2026-03-13 11:30:45.000,2025-04-10 00:01:41.000,1
2656,melissagoodwin,def632923892fbddd190ddae1a176d7d7c405d92e0156c1f054040755b0c0458,MEMBER,joseph21@example.org,1,2025-11-09 19:43:51.000,2026-03-24 17:48:39.000,2025-07-11 23:55:40.000,1
2657,wendy77,7165611862bb840c861268cf8332a6b8501bef81222355dc9b0f038e25953780,MEMBER,jameschambers@example.org,1,2025-11-09 19:43:51.000,2026-04-06 00:40:48.000,2025-10-22 16:40:46.000,0
2658,sparksalexander,284b2f3b3fe29d0a810454f7bdc1f9e91291f2d21480134bfd3a7e2840287689,MEMBER,stephaniejohnson@example.org,1,2025-11-09 19:43:51.000,2026-03-10 00:34:02.000,2025-09-27 23:50:37.000,0
2659,ladams,43e59417434a09b80317a0f4a80d4a8d3c84381db79ca0f20e897bf738fc4e76,MEMBER,reedchristopher@example.net,1,2025-11-09 19:43:51.000,2026-03-17 02:25:44.000,2025-05-14 07:40:34.000,0
2660,patriciashort,f792bfaa630b71e9ac42bfef19ff1b667843ddd5fb611fbbdfef374e1fc936cd,OWNER,april58@example.com,1,2025-11-09 19:43:51.000,2026-04-12 21:14:38.000,2025-12-11 21:24:44.000,0
2661,pottsandrea,c58cdf3162c8c3fe402185ac2046dfe362d98df867fcd2fc4a69dd0e5553edb1,ADMIN,tgonzalez@example.net,1,2025-11-09 19:43:51.000,2026-04-28 01:06:24.000,2025-05-21 00:51:31.000,1
2662,rebecca33,6dfe5fad1adb3da229b001a2cf6622df51e2e0489987c6aedd64adc66b5f362a,MEMBER,jacksondavid@example.net,1,2025-11-09 19:43:51.000,2026-03-21 21:57:02.000,2025-09-06 02:46:51.000,1
2663,mooredenise,b6523f50fd61f74e15b25743f5ed393d0ec98d6b1f4ea5fa8024e117b3bb31ea,MEMBER,evancollins@example.org,1,2025-11-09 19:43:51.000,2026-04-23 05:20:56.000,2025-10-30 20:46:56.000,1
2664,joseph15,8d32c20c851faf772fdc3b3c1d15be27b8715c2d85572bc5fe4282f2910b1e4e,MEMBER,jefferywright@example.org,1,2025-11-09 19:43:51.000,2026-03-10 08:33:21.000,2025-12-30 04:12:34.000,1
2665,emcdonald,6353cdda27dcdcdc092f938c435471bf08b996d09ca2a10ab76384556ba51424,MEMBER,dmason@example.net,1,2025-11-09 19:43:51.000,2026-03-27 20:01:16.000,2026-03-06 01:54:19.000,0
2666,deborah16,6ab8f5eb12a21e75342db934a750bc345d8f5626a6dfeff19ec04c82b0c5e270,MEMBER,aliciahernandez@example.org,1,2025-11-09 19:43:51.000,2026-05-05 09:22:00.000,2026-01-23 11:11:35.000,1
2667,joseph09,a7e91d3c4a8efcef06cd66e12e945d2b1a9ce77d27251c8fb6c65ed9e7d41c9f,MEMBER,kellywhite@example.net,1,2025-11-09 19:43:51.000,2026-04-07 14:58:21.000,2025-06-30 13:07:07.000,0
2668,kristin75,f3fd729f7486bf4ac1f8f0c6431c8e8009b2ee0b910f98d149d10fc35d51e21c,MEMBER,idelacruz@example.com,1,2025-11-09 19:43:51.000,2026-03-12 06:14:19.000,2025-04-11 15:52:53.000,1
2669,bennettjeffrey,f2be2971f06221e6d727398b6633f3919f7a956d2a92f20a854c2e5906db7251,OWNER,glennhernandez@example.org,1,2025-11-09 19:43:51.000,2026-04-04 21:30:00.000,2026-01-31 12:43:50.000,0
2670,james15,46a146e0736748cf7166e9f873963b5bc2cba68648094a267e5e6f70dceb4e69,ADMIN,fbryant@example.org,1,2025-11-09 19:43:51.000,2026-05-06 00:11:01.000,2025-05-01 20:47:00.000,0
2671,peckdavid,f254dc469a8dd53e2449485bc5bbc309aaffcc678358820fabf76767b9d5411e,MEMBER,elizabethsutton@example.net,1,2025-11-09 19:43:51.000,2026-04-10 05:24:52.000,2025-05-02 18:39:38.000,0
2672,gregory36,b31ffb3100ff1862507fe5146254027b0e56c4f3ed8e70064f96642fddf09425,MEMBER,smithjillian@example.net,1,2025-11-09 19:43:51.000,2026-04-18 13:13:51.000,2025-10-09 14:56:45.000,1
2673,nhenderson,edd3f09c5246bd82b517b4d8c8c72655cfce1ecae18dbc5b2a10c36c157cca9e,MEMBER,kristen52@example.com,1,2025-11-09 19:43:51.000,2026-04-20 11:31:37.000,2025-07-24 22:17:44.000,0
2674,colelisa,515620cfa5a3cde217eef63a3b316e5ab44b1aadb5692416130a21b8063d22bb,OWNER,brownjessica@example.org,1,2025-11-09 19:43:51.000,2026-05-07 04:31:54.000,2025-06-07 02:53:22.000,1
2675,jamesgarcia,aa665258dbf233708d6391819aead47a7cbf64822505a2d7ab4f50a867b975ec,ADMIN,mullenjoseph@example.com,1,2025-11-09 19:43:51.000,2026-04-27 02:48:55.000,2025-11-15 19:56:00.000,0
2676,phelpswilliam,fdf0bb0f601fb0773ac79d16a602dc769115bfb9e1ea0275922d8dbe62ea20a7,MEMBER,rhawkins@example.org,1,2025-11-09 19:43:51.000,2026-03-31 14:28:40.000,2025-07-22 23:05:49.000,0
2677,albert38,b5c464e4b02ed690889a998a561a5bf31f1b5c8c46dc4fde56820f0268985661,MEMBER,smithveronica@example.org,1,2025-11-09 19:43:51.000,2026-03-26 11:40:04.000,2025-08-21 14:26:09.000,1
2678,katelynnash,228014e31743cd522bd201f2c1ef59235e4d8e150d5795325dcf6819da1ea9bf,MEMBER,hayley23@example.com,1,2025-11-09 19:43:51.000,2026-03-29 02:54:33.000,2026-02-18 14:16:47.000,1
2679,lharris,af3e087f3eb4cc2caf88381916c1d455bb6f49c7655ee8c86224fd7fe7c4cf87,OWNER,marquezdavid@example.net,1,2025-11-09 19:43:51.000,2026-04-03 02:05:54.000,2025-08-31 23:19:24.000,0
2680,dbecker,a2a0deca7c0df48e10dab1ef878508f90ffe9bf9d8623b98cd5afadd7b164aa6,ADMIN,todd78@example.com,1,2025-11-09 19:43:51.000,2026-03-15 13:14:14.000,2025-10-08 00:06:29.000,1
2681,wrightaaron,fec026ada30a5e0baa513b090ea06482309fdbc7090b69abebab04c9bff4bc3a,MEMBER,paul64@example.org,1,2025-11-09 19:43:51.000,2026-05-01 16:42:31.000,2025-12-04 23:14:08.000,0
2682,walexander,41fd70cd1e60035525c63f08dcf278a7f85cf6300a3e2714000046b2970de9ce,MEMBER,marksanchez@example.org,1,2025-11-09 19:43:51.000,2026-04-21 04:51:37.000,2025-10-04 02:34:54.000,0
2683,baileypatton,8d4c1151bc63a409ed042010eaf3d8e926c21fe1ef2dc4dbb2e65ebfa6620db5,OWNER,tiffanyshepherd@example.com,1,2025-11-09 19:43:51.000,2026-04-17 23:30:04.000,2025-09-25 08:34:35.000,1
2684,jessica12,8fd2da429dcdf2f39e9dd4b6fe2b232a374cc5c321ae3b2fa03c8382fa89a0c0,ADMIN,spencetheresa@example.org,1,2025-11-09 19:43:51.000,2026-05-06 21:51:39.000,2025-05-24 13:57:07.000,1
2685,christina90,4a100be9f4eb2231fa93950acca34f60d26537017d592f32bc9355a0361f3566,MEMBER,justinevans@example.com,1,2025-11-09 19:43:51.000,2026-03-18 06:23:39.000,2025-10-01 07:41:56.000,0
2686,halljames,326a4fd313eb6977d6d7fceba65dfb2c3d1c159e45af0db0abb878b52114209b,MEMBER,matthewsimon@example.net,1,2025-11-09 19:43:51.000,2026-04-08 15:14:20.000,2025-11-24 00:33:38.000,0
2687,foxbrian,509a1dd63e985d4782ded67063fe4845bbb22d8dcaf964aba96c437e67b2b911,MEMBER,salasdylan@example.net,1,2025-11-09 19:43:51.000,2026-04-06 21:01:48.000,2025-12-28 07:25:36.000,1
2688,jkennedy,472e3d5026a624fe5e435d05e5ee035d0799e3eaff9e1523024e2a45ebba5ddc,OWNER,amandalarson@example.org,1,2025-11-09 19:43:51.000,2026-03-28 12:23:45.000,2026-02-21 04:10:34.000,0
2689,brian35,6964e41dc70b9a0953790830f3402396a6b1d00254bd45e409d022693b78e11c,ADMIN,frank53@example.com,1,2025-11-09 19:43:51.000,2026-03-30 11:43:32.000,2025-09-05 07:54:38.000,0
2690,richarddaniels,e16e682983c424a34539d0ad5aa7a78e4b2d7783cda60c038adc1605ff3bfb98,MEMBER,brianwhite@example.com,1,2025-11-09 19:43:51.000,2026-03-27 12:02:24.000,2025-05-28 01:00:32.000,0
2691,jamesleonard,8ed79fe82d99a41476ebd24428370e01dd462a30145972b78356610988667a9a,MEMBER,feliciascott@example.net,1,2025-11-09 19:43:51.000,2026-05-08 08:55:01.000,2025-10-11 05:26:33.000,0
2692,chamilton,10acb203cd8ee09d28be4b115810134ba8e7fb9d0f346c7014887ff55614ba8e,MEMBER,kyle96@example.org,1,2025-11-09 19:43:51.000,2026-04-11 22:07:19.000,2025-07-25 16:58:40.000,0
2693,patriciarodriguez,5a42741f00d7b068eaa14374a19081f46a8efbb9efa1c2ce001c1151a0fa6b3e,OWNER,bnash@example.com,1,2025-11-09 19:43:51.000,2026-04-16 12:32:35.000,2025-12-27 03:57:12.000,1
2694,mrice,6632787d79d4019f70e0168317018916d0fb21fbb76643bf811b83bd0e748f21,ADMIN,shuff@example.net,1,2025-11-09 19:43:51.000,2026-03-30 13:54:04.000,2025-04-09 21:47:09.000,1
2695,davismichael,fe9dd2b02de4d913f23c5d8e18bd549828f57b11327ca37d55833f8c188bcdcd,MEMBER,susanrichards@example.com,1,2025-11-09 19:43:51.000,2026-03-16 16:29:56.000,2025-04-14 14:27:40.000,1
2696,uwarren,09cf949e70d01da4e14ee936b1b7b1a3e982a4036ff3a73abc9ee8bee8b5e705,MEMBER,seankelly@example.com,1,2025-11-09 19:43:51.000,2026-04-14 22:03:23.000,2025-06-17 07:17:13.000,1
2697,psilva,92b5c93fa7608b8ab951825b9a171c851a83e016b1e48b1a3a99c08fd3809565,MEMBER,sshields@example.org,1,2025-11-09 19:43:51.000,2026-04-04 09:50:54.000,2025-04-11 19:44:56.000,0
2698,kjennings,750780af0756ea756c8a5dd99f74ac42a77fb36e96bc0e62e7da1476df880d8f,MEMBER,danielbarton@example.com,1,2025-11-09 19:43:51.000,2026-03-17 11:44:38.000,2025-06-25 04:55:22.000,0
2699,maryrobinson,38b84c9eb89e94d21838ef3187ccc9aa82196fc2cea57a742354577ad3249f46,OWNER,johnsonchristopher@example.net,1,2025-11-09 19:43:51.000,2026-03-15 04:56:37.000,2026-01-27 16:11:49.000,0
2700,chavezjohnny,01961e375526653bcdec464241ddbe613f98e4a06dab5dd16ba02266874493d0,ADMIN,cassandrathornton@example.org,1,2025-11-09 19:43:51.000,2026-03-21 20:27:23.000,2026-02-05 05:01:11.000,1
2701,vicki57,ab9e7eec4d609681c959ca8ff2d59b1e87fb95b717771f4c4368ae83582eb610,MEMBER,hernandezamanda@example.net,1,2025-11-09 19:43:51.000,2026-03-13 22:34:40.000,2025-05-04 06:37:57.000,0
2702,gregorylozano,f7ee2062e397062ee5c9dab841df2045ae56de53c1e21c2e8389135810d18124,MEMBER,bradleyhunter@example.org,1,2025-11-09 19:43:51.000,2026-04-18 02:44:05.000,2025-07-02 17:59:06.000,1
2703,jonathanwilliams,d95dd1bdc7ffd51ced169e26a43f5b45e2e31baf17ca1a57488f055d468d8bf3,MEMBER,elizabethsimmons@example.net,1,2025-11-09 19:43:51.000,2026-03-10 12:19:54.000,2025-12-09 20:49:39.000,1
2704,wunathan,d4f4940e3236502beff263664226d201c9745210c222a562aadf3a4c845444f8,MEMBER,treynolds@example.net,1,2025-11-09 19:43:51.000,2026-04-23 21:47:24.000,2025-06-19 02:44:23.000,1
2705,amycarter,53772ad1d9ba68aba86b9d63f9bfd97a743c298ee40b30818648f61a01f483db,OWNER,hannah54@example.org,1,2025-11-09 19:43:51.000,2026-03-12 13:58:33.000,2026-01-26 10:20:09.000,0
2706,hmorgan,da95a447f5046146cf829cf0308ff1e3cd510ab32ead48bce227e582397fa280,ADMIN,huntertammy@example.net,1,2025-11-09 19:43:51.000,2026-05-02 10:51:04.000,2026-03-02 12:02:28.000,1
2707,melissanorman,e83df1a27150685f70fed5709633ffa7e71b5e2a532e018f01816bbf513bbab2,MEMBER,teresafuentes@example.org,1,2025-11-09 19:43:51.000,2026-05-08 01:50:23.000,2026-01-18 13:06:48.000,1
2708,montgomeryheidi,f09767d2f1b6437a78aca5e040789168370a37fca51bcfb8d95de4e91603afae,MEMBER,mark87@example.net,1,2025-11-09 19:43:51.000,2026-04-01 18:59:26.000,2026-02-26 09:29:48.000,0
2709,sonya08,50cf3eb20c19774807783e9d73396651382dda34f2240a85b6203754eef1e636,OWNER,joycemaddox@example.net,1,2025-11-09 19:43:51.000,2026-03-24 00:25:54.000,2025-08-06 05:53:26.000,0
2710,omccarthy,1c070d3893542d22f90bccf4556d4de6478546659b5a5b70dd1182b60311f5af,ADMIN,yellison@example.org,1,2025-11-09 19:43:51.000,2026-05-06 15:56:48.000,2025-07-17 22:12:44.000,0
2711,haydenmiranda,1d53f8ff7c049d775bd872cb7a9f854d48fb683c1e6a33648ed0d5433829dbf8,MEMBER,margaret03@example.com,1,2025-11-09 19:43:51.000,2026-03-25 09:22:19.000,2025-07-31 17:27:54.000,1
2712,diazcindy,6c6fa88968da7b995f9f400b991eef12e2d681756d7c3a89c353742dc88486d9,MEMBER,duranmegan@example.org,1,2025-11-09 19:43:51.000,2026-03-14 19:21:27.000,2026-03-09 12:59:00.000,0
2713,jvargas,202d8de218ec00b7f52efa753d74f3be2bb561e4e632b2750957657f9095baf6,MEMBER,cvelasquez@example.net,1,2025-11-09 19:43:51.000,2026-03-19 14:42:46.000,2025-07-20 21:23:22.000,0
2714,guerreroamanda,eca7a39703835cf3cd140e9a5f5f67fcf05352bdc3b639f67b133b2d6048cd3c,OWNER,joeljohnson@example.org,1,2025-11-09 19:43:51.000,2026-04-06 08:28:15.000,2026-02-21 17:52:39.000,1
2715,sarahcarroll,f93a2381413213c97f2c95bcf731c3a16c1b849ba0759d8a89a7c04c98d03e99,ADMIN,sarahhall@example.net,1,2025-11-09 19:43:51.000,2026-04-06 00:08:30.000,2025-04-05 02:41:04.000,1
2716,denisegrant,dd825c26bd53ac6d247d7899dc40714ba373b7de5b1adbd18bf8980dc663efbf,MEMBER,amandajones@example.org,1,2025-11-09 19:43:51.000,2026-04-29 15:50:55.000,2025-11-29 01:02:40.000,1
2717,sheltondorothy,e30b02f74b38067ad73206986f3875fbe1523e4f9af3025bed70d472641817be,MEMBER,hamiltonkevin@example.net,1,2025-11-09 19:43:51.000,2026-05-04 22:03:18.000,2026-02-14 15:53:25.000,1
2718,megan29,c545fb21961959cf0ddfd29e63ca9e0db3aadf9c3e77dd185d99254beaeb307a,MEMBER,yhernandez@example.net,1,2025-11-09 19:43:51.000,2026-05-05 23:37:26.000,2026-01-19 20:05:05.000,1
2719,nsmith,491a4e1a72be2d29f46b1d02804769907edede610c89402fc19bbc5822781ed3,OWNER,dustin62@example.net,1,2025-11-09 19:43:51.000,2026-04-29 23:02:40.000,2025-09-01 02:25:59.000,1
2720,vrandolph,aa04689e99d3fdf23154949d1c17d18f0fbb740d9c51abe10c44eff73e61284a,ADMIN,jamesheather@example.com,1,2025-11-09 19:43:51.000,2026-04-26 05:29:05.000,2025-07-12 14:17:51.000,1
2721,xkim,cf9e5502418442c3f4d2f9cd13864465378584a43ee630c90ac0e3568dccd047,MEMBER,steven77@example.org,1,2025-11-09 19:43:51.000,2026-04-28 14:44:33.000,2025-11-15 00:50:42.000,0
2722,xkey,290e5520e929262533462d3035757662a087dc23d4137496f6f7ac6694c078a9,MEMBER,william66@example.net,1,2025-11-09 19:43:51.000,2026-04-17 04:03:07.000,2025-08-04 18:25:57.000,0
2723,eflynn,fe8aee2123cd6506720af6b92390d219dc9c4e399f2ac527309ddcc1429fbc33,MEMBER,murphymatthew@example.net,1,2025-11-09 19:43:51.000,2026-04-03 14:08:07.000,2026-02-14 22:08:59.000,1
2724,joshua43,65b80340ff8d87f8b69afd88c9bfe8c0f4807bcece4c1602ac2a4ef84ff8c76d,MEMBER,zdickerson@example.net,1,2025-11-09 19:43:51.000,2026-04-08 20:35:34.000,2025-09-15 04:03:05.000,1
2725,xmitchell,d5ad983477a87e1a64801c5426ce1f0a7c6632912a4c567b7754b5f327baec2c,MEMBER,kellygates@example.net,1,2025-11-09 19:43:51.000,2026-05-07 05:38:56.000,2025-05-16 12:15:07.000,1
2726,aholmes,058ebe2cf1fde9bddf210bb06c47d9803c23b8f135b1695ef0132d2b3b4b99a7,OWNER,katherinemiller@example.net,1,2025-11-09 19:43:51.000,2026-03-13 00:59:00.000,2025-12-06 16:21:56.000,1
2727,qwilson,b012f9b7a829163a3d6e20ab4fc83e51b08d1d0cd2feacd5d57d040af379d1e0,ADMIN,grantdavid@example.org,1,2025-11-09 19:43:51.000,2026-04-11 16:23:43.000,2026-02-19 23:07:15.000,0
2728,denisefigueroa,8be6456529fe3dee5332e074042b37442988231ac2457cfdd33f06783d8ba01c,MEMBER,greerkaylee@example.net,1,2025-11-09 19:43:51.000,2026-03-15 00:50:20.000,2025-12-28 15:16:15.000,1
2729,quinnmelissa,e38c8d9da2facc30a48f110878860a59b08cf7686459c8356537b35a5d1f1e6d,MEMBER,vcarter@example.net,1,2025-11-09 19:43:51.000,2026-04-29 10:20:14.000,2025-10-26 09:16:37.000,1
2730,chavezkatherine,c0286a870c73df5a0247de8bbdd9f0b032ccd8be6899afbe3d54bf39e20c007a,MEMBER,kyle09@example.net,1,2025-11-09 19:43:51.000,2026-03-19 15:21:13.000,2025-06-30 03:02:19.000,0
2731,dtaylor,942cb0dc9afcc9669a2f40ce780722e839e4f3aa879d0ab7179cad3bd091de0e,OWNER,michael11@example.net,1,2025-11-09 19:43:51.000,2026-04-20 06:42:29.000,2026-01-01 04:08:03.000,0
2732,ebray,20956722f6d16106fee10ce53c44c06db47a144893fe9b794997a14cc343fc7a,ADMIN,wardalexander@example.org,1,2025-11-09 19:43:51.000,2026-04-24 19:22:06.000,2025-05-08 04:30:20.000,1
2733,jason05,80d2b5831ed4b05a0798fd7c152231e19491cc5ab55003ab8fe5abb885db312d,MEMBER,qrobinson@example.com,1,2025-11-09 19:43:51.000,2026-04-25 06:26:57.000,2025-10-06 16:49:08.000,0
2734,andrea13,2cff923e907d22971e59a36e053709aaaa26c479956de3e58555139286171947,OWNER,lcohen@example.net,1,2025-11-09 19:43:51.000,2026-03-24 18:24:09.000,2026-01-20 06:16:30.000,1
2735,jonesbarry,90f7b026596dcfc15f98ca9f3bf6e96b40b1adc481f89f828d14a7b5df8e8144,ADMIN,aprilvillarreal@example.org,1,2025-11-09 19:43:51.000,2026-03-23 19:58:24.000,2025-06-19 10:33:53.000,1
2736,smeza,38d5137690d0a982530ef28bfedcaf12afbaa7a615421550dbf63aba65c93d88,MEMBER,casey65@example.net,1,2025-11-09 19:43:51.000,2026-04-08 20:22:06.000,2026-01-22 13:58:17.000,0
2737,westjames,5f35d6878e6e30f5e9881c0bcc77b8a4887c3c0d242ba3e147dcf515bf4e5636,MEMBER,fscott@example.org,1,2025-11-09 19:43:51.000,2026-04-22 06:18:48.000,2025-09-30 10:07:45.000,1
2738,jonesedward,f56a1e9a3af03b1319aa7ff4fbd0e78b9b986d7d2a701ba819d76ba262f2e488,MEMBER,zfrederick@example.net,1,2025-11-09 19:43:51.000,2026-04-14 00:33:33.000,2025-08-24 13:05:54.000,0
2739,garnermichelle,5635e8f7610c12abe33436c879371da2d6d256b5e538fc7fe5d310845c15fb1c,OWNER,fcompton@example.net,1,2025-11-09 19:43:51.000,2026-04-30 19:01:03.000,2025-04-10 00:56:56.000,0
2740,virginia25,b745bfd86114785ba151ccaa9e72529efc228bae23e0b9a99b12c12178b0d8dc,ADMIN,susan77@example.net,1,2025-11-09 19:43:51.000,2026-04-27 19:34:31.000,2026-03-07 10:18:41.000,0
2741,wgrant,4ace70b44b65a8b93524c9b218ed970dbb8892870a157b3b825bf09be0058d05,MEMBER,christopher56@example.com,1,2025-11-09 19:43:51.000,2026-03-15 06:55:35.000,2026-01-05 23:34:46.000,1
2742,mistyjordan,cf7860098fcb75b4c0ed25d91c28eb9c4844e54f801918ffdda286e5422005fe,MEMBER,howardmichelle@example.org,1,2025-11-09 19:43:51.000,2026-03-28 11:34:25.000,2025-11-13 00:51:53.000,1
2743,isabellasanchez,a22a4eec7d8ca326f0a4b16880e406ae4a43f08ef43a80100a10325d40360f4e,OWNER,harrislawrence@example.com,1,2025-11-09 19:43:51.000,2026-04-30 14:43:27.000,2025-05-14 02:23:45.000,1
2744,andersonnathaniel,d9007e79e6b73a2fef41d27665634b393f9ac873642f177ff9f1ff221226737d,ADMIN,scott69@example.org,1,2025-11-09 19:43:51.000,2026-03-12 21:06:35.000,2025-10-28 15:56:42.000,1
2745,james81,06e81bbf9fe1c6f0965a52ff24971e18bc876776d9adf12adb545128b0e089a1,MEMBER,thorntonalicia@example.org,1,2025-11-09 19:43:51.000,2026-03-10 01:45:58.000,2026-02-19 10:49:49.000,1
2746,novaktracy,f16f7513580a6e74b20c853ea04dcff3ff48e1057602d4a461cb8312d7277000,MEMBER,nblanchard@example.com,1,2025-11-09 19:43:51.000,2026-03-18 08:36:38.000,2025-12-02 10:08:07.000,1
2747,thorn,9956a84770b0b6025b1c3cb0c61d0c63963a8247e58cca5743e0c5e79ef8aef4,MEMBER,christopherparks@example.org,1,2025-11-09 19:43:51.000,2026-03-12 23:51:56.000,2025-04-23 16:43:00.000,0
2748,ylawrence,a7eda163cf66a50f594cf22a5a167057fc343ecbbacd2fe7d750a5b72c32123c,OWNER,nathaniel75@example.org,1,2025-11-09 19:43:51.000,2026-04-14 12:03:43.000,2025-10-08 01:55:21.000,0
2749,carolwatson,c59a127e69346d5a135298bfec2f98fe58036f10f45852ab5a6407030885da47,ADMIN,joelbriggs@example.com,1,2025-11-09 19:43:51.000,2026-03-14 15:11:34.000,2026-01-03 09:38:48.000,0
2750,vargasjody,785677015b1d9e8e175698514ac8eaf2120ef6ec6a2d51732709566dedbc2e6c,MEMBER,toni52@example.com,1,2025-11-09 19:43:51.000,2026-05-05 02:58:01.000,2025-06-14 04:09:38.000,1
2751,rdouglas,71988024b56945024466bce83235e3d1c14905905aa69b6e28932ccf679a4b79,OWNER,ybass@example.net,1,2025-11-09 19:43:51.000,2026-04-23 20:02:12.000,2025-09-19 14:12:28.000,0
2752,hflynn,1ba9cd84761eb4eea1e94c6cfbb720973cba6dbd6bdaf29e1def1f9230edf1cf,ADMIN,gordonjoshua@example.org,1,2025-11-09 19:43:51.000,2026-04-14 04:53:24.000,2025-09-09 11:28:14.000,1
2753,barry53,983fa764b271c5c7b5926b197834f3f012c340964e6d4260b821d7a73c2f190c,MEMBER,michaelhayden@example.net,1,2025-11-09 19:43:51.000,2026-03-12 13:22:35.000,2025-12-14 13:19:31.000,1
2754,michelleroberts,40bada5d27650baa18234e81d4063bab78f9560be8d739258d5bb061b328af1e,MEMBER,cranedavid@example.net,1,2025-11-09 19:43:51.000,2026-05-01 20:50:37.000,2025-05-26 17:19:46.000,1
2755,moorerenee,d78e3e3d6f3562541ef398c24ad58eed7629e23a6d59ae6588016c0fc6f7fc92,MEMBER,sandrastevenson@example.com,1,2025-11-09 19:43:51.000,2026-04-19 20:19:14.000,2025-10-30 13:08:14.000,0
2756,branchalex,8315e7339fbb37f3dbc5e6533264348417dd0d418622b1e31bcc01bb1bc6e401,OWNER,christophermaxwell@example.org,1,2025-11-09 19:43:51.000,2026-04-13 17:34:20.000,2025-07-09 16:28:36.000,1
2757,sparsons,d45cabdc110bcc8da45f7c0949c3d65c90b2438e7e29a9fcd61e09fdb942af32,ADMIN,sherryyoung@example.com,1,2025-11-09 19:43:51.000,2026-04-28 02:39:20.000,2025-07-24 13:34:11.000,1
2758,nlopez,909b11309e48f3715de25e7ec2e6b003eeaff26bb00a0d29592ae4eafdc5888f,MEMBER,douglas47@example.org,1,2025-11-09 19:43:51.000,2026-05-04 02:21:06.000,2025-11-03 13:48:40.000,0
2759,vmiller,28b28e6358818883f7a82a7a17f599b5b4418f1a1ac945d2338e618bbb408c05,MEMBER,seanespinoza@example.com,1,2025-11-09 19:43:51.000,2026-03-22 04:25:06.000,2025-08-30 14:08:05.000,0
2760,alexis12,078634d182afb79d2bebda4ae303ceeeeac23be3662ca38dfe3a81bf17dda68e,MEMBER,pagesusan@example.org,1,2025-11-09 19:43:51.000,2026-03-30 02:00:53.000,2025-05-30 03:25:20.000,0
2761,felicia04,58c310afea66ff5d638f256e8f508b66ca8145bb885aa4b0e6bdf9db280a6ae9,MEMBER,eriley@example.net,1,2025-11-09 19:43:51.000,2026-03-11 04:19:24.000,2026-02-11 12:20:33.000,1
2762,susanhudson,170a65fd2585b3f7738b375b9770eb9d1c5b5cbacaf0ec7baab8c46c16319aea,OWNER,kempjohn@example.org,1,2025-11-09 19:43:51.000,2026-03-18 01:52:39.000,2025-09-09 22:27:50.000,0
2763,barbarasmith,48511e0a7340fce9931b9c69576d2b2c245f58a52b75c53bac795d1add9818a7,ADMIN,peter19@example.net,1,2025-11-09 19:43:51.000,2026-04-21 17:24:56.000,2025-09-09 22:11:19.000,1
2764,bparsons,bfb0b02dd8dd53ab2f78b0cb146859772ba462269aaca0ac03c67938a77f9eca,MEMBER,sherrybryan@example.net,1,2025-11-09 19:43:51.000,2026-03-16 04:03:33.000,2025-04-13 04:03:08.000,0
2765,zgarner,72d4be6c0c3b19eedb4f94ba98c32be8002a6b14e89e7bfd8755b1acb496ea10,MEMBER,schmidtryan@example.org,1,2025-11-09 19:43:51.000,2026-04-25 13:46:29.000,2025-09-10 14:46:52.000,0
2766,paulasloan,c5dd5007301484e4235c0515b6401cb468fc64674482e479ed82bd0c5602d587,OWNER,zacharyhill@example.com,1,2025-11-09 19:43:51.000,2026-04-14 13:34:13.000,2025-12-17 14:22:56.000,1
2767,joseph97,5dfb15c6154e70d9e286ea4c9805ce38659c79212d605275814ee45ea8e878b6,ADMIN,gsanchez@example.net,1,2025-11-09 19:43:51.000,2026-03-24 21:37:24.000,2025-09-17 13:28:35.000,0
2768,theresacook,c4172fcc19b094c9f215ed536c45e805dac877c3fab78536413c1db17e23d0f9,MEMBER,melissa44@example.com,1,2025-11-09 19:43:51.000,2026-04-10 22:48:47.000,2025-09-15 18:40:28.000,0
2769,ramossherry,003b36328a5228b41c2b4c04a0ac00ade75e89962ea2edde9ede497b54a8744a,MEMBER,jgonzalez@example.com,1,2025-11-09 19:43:51.000,2026-03-12 05:47:21.000,2026-01-27 10:42:47.000,0
2770,barroncourtney,b9e1ab511f45d96dbde669140add5d71e2cc94bd8764d2d4eb3b4c4259c2cecb,MEMBER,meganharrington@example.net,1,2025-11-09 19:43:51.000,2026-05-02 19:15:22.000,2025-04-06 04:38:22.000,1
2771,ericabaxter,d7ab50d198af31710d482e74a0246a4480740e6c228b35d02a11c3cf4db4cb9b,OWNER,jodidawson@example.com,1,2025-11-09 19:43:51.000,2026-04-22 04:33:19.000,2025-10-07 11:54:18.000,1
2772,jessicaclark,b22aae9038914a3768ad45a451ae30f4fb1b913b85019396ae78121f3fa834e0,ADMIN,brian33@example.com,1,2025-11-09 19:43:51.000,2026-04-06 18:04:57.000,2026-02-27 17:13:14.000,0
2773,michelle78,692f0bea5d122d6a96b3e78390b182f1fd718ca5501b2c65f65a99fa6631a08c,MEMBER,xjohnson@example.com,1,2025-11-09 19:43:51.000,2026-03-10 16:56:33.000,2025-11-11 06:35:55.000,1
2774,iadams,8f89b0440a30d02cedb810649270478282f53115746ffa951972df1944f0da71,MEMBER,hernandezalex@example.net,1,2025-11-09 19:43:51.000,2026-03-21 11:18:48.000,2025-12-20 22:52:29.000,0
2775,awalsh,38466dbabb872b966b78e96e54138b4edfc49581907106cf7c29f11877da2ebc,OWNER,stephanieguerrero@example.net,1,2025-11-09 19:43:51.000,2026-05-07 00:55:51.000,2025-05-15 03:30:39.000,0
2776,jbrown,7c7e678b080c6710350055269c6aa4757aac6ebda5f02bcf7a798b6b321f4a51,ADMIN,joshua58@example.org,1,2025-11-09 19:43:51.000,2026-04-26 04:23:00.000,2025-08-12 12:51:26.000,1
2777,larrycox,759773875c9cc8be6156c03e2b8590be18bf4dbc2eb556adaddb572791a0414f,MEMBER,martin51@example.com,1,2025-11-09 19:43:51.000,2026-04-11 21:52:14.000,2026-01-16 18:33:53.000,1
2778,robin52,5ef201486c6a2896577d44d8a13aa1e4cb09b02c72666a5a291ee878c495335f,MEMBER,kristi11@example.org,1,2025-11-09 19:43:51.000,2026-04-02 17:26:32.000,2025-09-11 08:33:17.000,1
2779,jordankevin,1aac5999bbbe6288c66147eed6f6a40f1e0481adc579520c78dccd9b38d78c8c,OWNER,smithmelissa@example.net,1,2025-11-09 19:43:51.000,2026-04-05 00:54:39.000,2025-11-24 10:53:39.000,0
2780,robertbaldwin,369d126e0090b99736309f42d14bae43ea7f89b992eab03fe919c2c2b1bcce89,ADMIN,hinesgeorge@example.com,1,2025-11-09 19:43:51.000,2026-04-13 12:08:35.000,2026-03-03 21:16:46.000,1
2781,elizabeth09,73036c3fbafe65bce7a8fe356fa1a7665e6738aacd428523e89ccd9329cfdaf8,MEMBER,joseph05@example.com,1,2025-11-09 19:43:51.000,2026-04-20 15:23:03.000,2026-02-17 06:53:30.000,0
2782,michael06,bb8583e89d8415796df6c8040ff2e63bb54058daf340cb09dbf1d331a1093fad,MEMBER,zgraham@example.org,1,2025-11-09 19:43:51.000,2026-03-15 04:31:42.000,2025-04-22 11:52:03.000,0
2783,fischertimothy,1bb57c2b3c84651d3602db3fd3abd117288bfe23f91496e0af5ece0b5d8db6e4,OWNER,vancemary@example.com,1,2025-11-09 19:43:51.000,2026-03-18 12:48:24.000,2025-04-28 12:57:35.000,1
2784,omartinez,fbf93d7990b8868964c487d07f519fa16db3c51413c9da80884e9aa34abde876,ADMIN,jonathonkemp@example.com,1,2025-11-09 19:43:51.000,2026-05-04 11:40:54.000,2025-06-16 19:13:46.000,1
2785,aanderson,43ff3e42b8ac1484da08bc7326cf27605a58515ed66d6472cc98e373afb659d3,MEMBER,michaelmartinez@example.net,1,2025-11-09 19:43:51.000,2026-03-12 14:34:35.000,2026-02-17 18:25:45.000,1
2786,kyle70,aa85ec773b0973142895984b3040043910947e7ec348220ea2f98e1f96aca9ab,MEMBER,lindseyshirley@example.com,1,2025-11-09 19:43:51.000,2026-05-02 09:20:44.000,2025-05-27 01:06:12.000,0
2787,pamela91,58565dcd7a9dfa355de480d0a0a1e8ebed4952c385c7182c4457c4aa6b728024,MEMBER,carmenfrederick@example.com,1,2025-11-09 19:43:51.000,2026-04-20 23:47:10.000,2025-11-26 01:36:36.000,0
2788,boltonjose,64494a41bb668bd8bdf6350b629e8303a86c73fe45c6caeb97a58b6173cd9022,MEMBER,garrettobrien@example.com,1,2025-11-09 19:43:51.000,2026-04-13 11:53:18.000,2025-07-10 22:22:02.000,1
